gameDate,gamePk,gameGuid,link,gameType,season,officialDate,description,dayNight,gamedayType,doubleHeader,tiebreaker,seriesDescription,seriesGameNumber,gamesInSeries,gameNumber,status_abstractGameState,status_detailedState,venue_id,venue_name,home_team_id,home_team_name,home_team_abbreviation,home_score,home_isWinner,away_team_id,away_team_name,away_team_abbreviation,away_score,away_isWinner,playerId,fullName,firstName,lastName,primaryNumber,birthDate,currentAge,height,weight,primaryPosition_code,primaryPosition_name,batSide_code,batSide_description,pitchHand_code,pitchHand_description,gameLogSummary,note,atBats,hits,doubles,triples,homeRuns,rbi,runs,strikeOuts,baseOnBalls,stolenBases,caughtStealing,groundIntoDoublePlay,plateAppearances,totalBases,inningsPitched,earnedRuns,hitsAllowed,homeRunsAllowed,strikeOutsPitching,baseOnBallsPitching,pitchesThrown,wins,losses,saves
2026-05-27,822809,,/api/v1.1/game/822809/feed/live,R,2026,2026-05-27,,day,P,N,N,Regular Season,3,3,1,Final,Final,14,Rogers Centre,141,Toronto Blue Jays,TOR,2,True,146,Miami Marlins,MIA,1,False,695445,Chase Lee,Chase,Lee,52,1998-08-13,27,"6' 0""",170,1,Pitcher,R,Right,R,Right,,,,,,,,,,,,,,,,,,,,,,,,,,
2026-05-27,822809,,/api/v1.1/game/822809/feed/live,R,2026,2026-05-27,,day,P,N,N,Regular Season,3,3,1,Final,Final,14,Rogers Centre,141,Toronto Blue Jays,TOR,2,True,146,Miami Marlins,MIA,1,False,693686,Spencer Miles,Spencer,Miles,62,2000-07-26,25,"6' 3""",180,1,Pitcher,L,Left,R,Right,,,,,,,,,,,,,,,,,,,,,,,,,,
2026-05-27,822809,,/api/v1.1/game/822809/feed/live,R,2026,2026-05-27,,day,P,N,N,Regular Season,3,3,1,Final,Final,14,Rogers Centre,141,Toronto Blue Jays,TOR,2,True,146,Miami Marlins,MIA,1,False,672820,Lenyn Sosa,Lenyn,Sosa,50,2000-01-25,26,"5' 11""",210,4,Second Base,R,Right,R,Right,,,,,,,,,,,,,,,,,,,,,,,,,,
2026-05-27,822809,,/api/v1.1/game/822809/feed/live,R,2026,2026-05-27,,day,P,N,N,Regular Season,3,3,1,Final,Final,14,Rogers Centre,141,Toronto Blue Jays,TOR,2,True,146,Miami Marlins,MIA,1,False,671936,Adam Macko,Adam,Macko,64,2000-12-30,25,"6' 0""",170,1,Pitcher,L,Left,L,Left,,,,,,,,,,,,,,,,,,,,,,,,,,
2026-05-27,822809,,/api/v1.1/game/822809/feed/live,R,2026,2026-05-27,,day,P,N,N,Regular Season,3,3,1,Final,Final,14,Rogers Centre,141,Toronto Blue Jays,TOR,2,True,146,Miami Marlins,MIA,1,False,686973,Louis Varland,Louis,Varland,77,1997-12-09,28,"6' 1""",205,1,Pitcher,L,Left,R,Right,"1.0 IP, 0 ER, K, 0 BB",,,,,,,,,,,,,,,,1.0,0,2,0,1,0,16,0,0,0
2026-05-27,822809,,/api/v1.1/game/822809/feed/live,R,2026,2026-05-27,,day,P,N,N,Regular Season,3,3,1,Final,Final,14,Rogers Centre,141,Toronto Blue Jays,TOR,2,True,146,Miami Marlins,MIA,1,False,676391,Ernie Clement,Ernie,Clement,22,1996-03-22,30,"6' 0""",170,4,Second Base,R,Right,R,Right,0-3,,3,0,0,0,0,0,0,0,0,0,0,0,3,0,,,,,,,,,,
2026-05-27,822809,,/api/v1.1/game/822809/feed/live,R,2026,2026-05-27,,day,P,N,N,Regular Season,3,3,1,Final,Final,14,Rogers Centre,141,Toronto Blue Jays,TOR,2,True,146,Miami Marlins,MIA,1,False,662139,Daulton Varsho,Daulton,Varsho,5,1996-07-02,29,"5' 8""",207,8,Outfielder,L,Left,R,Right,0-4 | 2 K,,4,0,0,0,0,0,0,2,0,0,0,0,4,0,,,,,,,,,,
2026-05-27,822809,,/api/v1.1/game/822809/feed/live,R,2026,2026-05-27,,day,P,N,N,Regular Season,3,3,1,Final,Final,14,Rogers Centre,141,Toronto Blue Jays,TOR,2,True,146,Miami Marlins,MIA,1,False,608723,Austin Voth,Austin,Voth,58,1992-06-26,33,"6' 2""",215,1,Pitcher,R,Right,R,Right,,,,,,,,,,,,,,,,,,,,,,,,,,
2026-05-27,822809,,/api/v1.1/game/822809/feed/live,R,2026,2026-05-27,,day,P,N,N,Regular Season,3,3,1,Final,Final,14,Rogers Centre,141,Toronto Blue Jays,TOR,2,True,146,Miami Marlins,MIA,1,False,665926,Andrés Giménez,Andrés,Giménez,0,1998-09-04,27,"5' 11""",161,6,Shortstop,L,Left,R,Right,1-3 | CS,,3,1,0,0,0,0,0,0,0,0,1,0,3,1,,,,,,,,,,
2026-05-27,822809,,/api/v1.1/game/822809/feed/live,R,2026,2026-05-27,,day,P,N,N,Regular Season,3,3,1,Final,Final,14,Rogers Centre,141,Toronto Blue Jays,TOR,2,True,146,Miami Marlins,MIA,1,False,592332,Kevin Gausman,Kevin,Gausman,34,1991-01-06,35,"6' 2""",205,1,Pitcher,L,Left,R,Right,"5.0 IP, ER, 5 K, 2 BB",,,,,,,,,,,,,,,,5.0,1,6,0,5,2,95,0,0,0
2026-05-27,822809,,/api/v1.1/game/822809/feed/live,R,2026,2026-05-27,,day,P,N,N,Regular Season,3,3,1,Final,Final,14,Rogers Centre,141,Toronto Blue Jays,TOR,2,True,146,Miami Marlins,MIA,1,False,678218,Brandon Valenzuela,Brandon,Valenzuela,59,2000-10-02,25,"6' 0""",225,2,Catcher,S,Switch,R,Right,,,,,,,,,,,,,,,,,,,,,,,,,,
2026-05-27,822809,,/api/v1.1/game/822809/feed/live,R,2026,2026-05-27,,day,P,N,N,Regular Season,3,3,1,Final,Final,14,Rogers Centre,141,Toronto Blue Jays,TOR,2,True,146,Miami Marlins,MIA,1,False,656546,Jeff Hoffman,Jeffrey,Hoffman,23,1993-01-08,33,"6' 5""",235,1,Pitcher,R,Right,R,Right,"1.1 IP, 0 ER, 2 K, 0 BB",,,,,,,,,,,,,,,,1.1,0,2,0,2,0,23,1,0,0
2026-05-27,822809,,/api/v1.1/game/822809/feed/live,R,2026,2026-05-27,,day,P,N,N,Regular Season,3,3,1,Final,Final,14,Rogers Centre,141,Toronto Blue Jays,TOR,2,True,146,Miami Marlins,MIA,1,False,702056,Trey Yesavage,Trey,Yesavage,39,2003-07-28,22,"6' 4""",225,1,Pitcher,R,Right,R,Right,,,,,,,,,,,,,,,,,,,,,,,,,,
2026-05-27,822809,,/api/v1.1/game/822809/feed/live,R,2026,2026-05-27,,day,P,N,N,Regular Season,3,3,1,Final,Final,14,Rogers Centre,141,Toronto Blue Jays,TOR,2,True,146,Miami Marlins,MIA,1,False,664770,Nathan Lukes,Nathan,Lukes,38,1994-07-12,31,"5' 11""",180,9,Outfielder,L,Left,R,Right,"1-4 | 2B, 2 K, RBI",,4,1,1,0,0,1,0,2,0,0,0,0,4,2,,,,,,,,,,
2026-05-27,822809,,/api/v1.1/game/822809/feed/live,R,2026,2026-05-27,,day,P,N,N,Regular Season,3,3,1,Final,Final,14,Rogers Centre,141,Toronto Blue Jays,TOR,2,True,146,Miami Marlins,MIA,1,False,543807,George Springer,George,Springer,4,1989-09-19,36,"6' 1""",220,10,Designated Hitter,R,Right,R,Right,0-2,,2,0,0,0,0,0,0,0,0,0,0,0,2,0,,,,,,,,,,
2026-05-27,822809,,/api/v1.1/game/822809/feed/live,R,2026,2026-05-27,,day,P,N,N,Regular Season,3,3,1,Final,Final,14,Rogers Centre,141,Toronto Blue Jays,TOR,2,True,146,Miami Marlins,MIA,1,False,682818,Yohendrick Piñango,Yohendrick,Pinango,24,2002-05-07,24,"5' 10""",170,7,Outfielder,L,Left,L,Left,0-3 | 3 K,,3,0,0,0,0,0,0,3,0,0,0,0,3,0,,,,,,,,,,
2026-05-27,822809,,/api/v1.1/game/822809/feed/live,R,2026,2026-05-27,,day,P,N,N,Regular Season,3,3,1,Final,Final,14,Rogers Centre,141,Toronto Blue Jays,TOR,2,True,146,Miami Marlins,MIA,1,False,689254,Mason Fluharty,Mason,Fluharty,68,2001-08-13,24,"6' 2""",215,1,Pitcher,R,Right,L,Left,"0.2 IP, 0 ER, 0 K, 0 BB",,,,,,,,,,,,,,,,0.2,0,1,0,0,0,13,0,0,0
2026-05-27,822809,,/api/v1.1/game/822809/feed/live,R,2026,2026-05-27,,day,P,N,N,Regular Season,3,3,1,Final,Final,14,Rogers Centre,141,Toronto Blue Jays,TOR,2,True,146,Miami Marlins,MIA,1,False,684320,Yariel Rodríguez,Yariel,Rodriguez,29,1997-03-10,29,"6' 0""",165,1,Pitcher,R,Right,R,Right,,,,,,,,,,,,,,,,,,,,,,,,,,
2026-05-27,822809,,/api/v1.1/game/822809/feed/live,R,2026,2026-05-27,,day,P,N,N,Regular Season,3,3,1,Final,Final,14,Rogers Centre,141,Toronto Blue Jays,TOR,2,True,146,Miami Marlins,MIA,1,False,680755,Braydon Fisher,Braydon,Fisher,63,2000-07-26,25,"6' 4""",180,1,Pitcher,R,Right,R,Right,,,,,,,,,,,,,,,,,,,,,,,,,,
2026-05-27,822809,,/api/v1.1/game/822809/feed/live,R,2026,2026-05-27,,day,P,N,N,Regular Season,3,3,1,Final,Final,14,Rogers Centre,141,Toronto Blue Jays,TOR,2,True,146,Miami Marlins,MIA,1,False,623168,Tyler Heineman,Tyler,Heineman,55,1991-06-19,34,"5' 10""",190,2,Catcher,S,Switch,R,Right,"0-2 | BB, 2 K, R",,2,0,0,0,0,0,1,2,1,0,0,0,3,0,,,,,,,,,,
2026-05-27,822809,,/api/v1.1/game/822809/feed/live,R,2026,2026-05-27,,day,P,N,N,Regular Season,3,3,1,Final,Final,14,Rogers Centre,141,Toronto Blue Jays,TOR,2,True,146,Miami Marlins,MIA,1,False,643511,Tyler Rogers,Tyler,Rogers,71,1990-12-17,35,"6' 3""",180,1,Pitcher,R,Right,R,Right,"1.0 IP, 0 ER, 0 K, 0 BB",,,,,,,,,,,,,,,,1.0,0,0,0,0,0,7,0,0,1
2026-05-27,822809,,/api/v1.1/game/822809/feed/live,R,2026,2026-05-27,,day,P,N,N,Regular Season,3,3,1,Final,Final,14,Rogers Centre,141,Toronto Blue Jays,TOR,2,True,146,Miami Marlins,MIA,1,False,665489,Vladimir Guerrero Jr.,Vladimir,Guerrero,27,1999-03-16,27,"6' 0""",245,3,First Base,R,Right,R,Right,"2-3 | BB, K, SB",,3,2,0,0,0,0,0,1,1,1,0,0,4,2,,,,,,,,,,
2026-05-27,822809,,/api/v1.1/game/822809/feed/live,R,2026,2026-05-27,,day,P,N,N,Regular Season,3,3,1,Final,Final,14,Rogers Centre,141,Toronto Blue Jays,TOR,2,True,146,Miami Marlins,MIA,1,False,571578,Patrick Corbin,Patrick,Corbin,46,1989-07-19,36,"6' 4""",225,1,Pitcher,L,Left,L,Left,,,,,,,,,,,,,,,,,,,,,,,,,,
2026-05-27,822809,,/api/v1.1/game/822809/feed/live,R,2026,2026-05-27,,day,P,N,N,Regular Season,3,3,1,Final,Final,14,Rogers Centre,141,Toronto Blue Jays,TOR,2,True,146,Miami Marlins,MIA,1,False,660821,Jesús Sánchez,Jesús,Sánchez,12,1997-10-07,28,"6' 3""",222,9,Outfielder,L,Left,R,Right,0-2 | 2 K,,2,0,0,0,0,0,0,2,0,0,0,0,2,0,,,,,,,,,,
2026-05-27,822809,,/api/v1.1/game/822809/feed/live,R,2026,2026-05-27,,day,P,N,N,Regular Season,3,3,1,Final,Final,14,Rogers Centre,141,Toronto Blue Jays,TOR,2,True,146,Miami Marlins,MIA,1,False,664702,Myles Straw,Myles,Straw,3,1994-10-17,31,"5' 9""",178,9,Outfielder,R,Right,R,Right,0-0,,0,0,0,0,0,0,0,0,0,0,0,0,0,0,,,,,,,,,,
2026-05-27,822809,,/api/v1.1/game/822809/feed/live,R,2026,2026-05-27,,day,P,N,N,Regular Season,3,3,1,Final,Final,14,Rogers Centre,141,Toronto Blue Jays,TOR,2,True,146,Miami Marlins,MIA,1,False,672960,Kazuma Okamoto,Kazuma,Okamoto,7,1996-06-30,29,"6' 1""",220,5,Third Base,R,Right,R,Right,"1-2 | HR, HBP, K",,2,1,0,0,1,1,1,1,0,0,0,0,3,4,,,,,,,,,,
2026-05-27,822809,,/api/v1.1/game/822809/feed/live,R,2026,2026-05-27,,day,P,N,N,Regular Season,3,3,1,Final,Final,14,Rogers Centre,141,Toronto Blue Jays,TOR,2,True,146,Miami Marlins,MIA,1,False,669199,Lake Bachar,Lake,Bachar,84,1995-06-03,30,"6' 2""",219,1,Pitcher,R,Right,R,Right,,,,,,,,,,,,,,,,,,,,,,,,,,
2026-05-27,822809,,/api/v1.1/game/822809/feed/live,R,2026,2026-05-27,,day,P,N,N,Regular Season,3,3,1,Final,Final,14,Rogers Centre,141,Toronto Blue Jays,TOR,2,True,146,Miami Marlins,MIA,1,False,681715,Heriberto Hernández,Heriberto,Hernandez,13,1999-12-16,26,"5' 11""",195,7,Outfielder,R,Right,R,Right,"1-1 | SB, CS",,1,1,0,0,0,0,0,0,0,1,1,0,1,1,,,,,,,,,,
2026-05-27,822809,,/api/v1.1/game/822809/feed/live,R,2026,2026-05-27,,day,P,N,N,Regular Season,3,3,1,Final,Final,14,Rogers Centre,141,Toronto Blue Jays,TOR,2,True,146,Miami Marlins,MIA,1,False,666624,Christopher Morel,Christopher,Morel,5,1999-06-24,26,"6' 0""",200,3,First Base,R,Right,R,Right,1-3 | 2 K,,3,1,0,0,0,0,0,2,0,0,0,0,3,1,,,,,,,,,,
2026-05-27,822809,,/api/v1.1/game/822809/feed/live,R,2026,2026-05-27,,day,P,N,N,Regular Season,3,3,1,Final,Final,14,Rogers Centre,141,Toronto Blue Jays,TOR,2,True,146,Miami Marlins,MIA,1,False,664126,Pete Fairbanks,Peter,Fairbanks,29,1993-12-16,32,"6' 6""",235,1,Pitcher,R,Right,R,Right,"1.0 IP, 0 ER, K, 0 BB",,,,,,,,,,,,,,,,1.0,0,0,0,1,0,10,0,0,0
2026-05-27,822809,,/api/v1.1/game/822809/feed/live,R,2026,2026-05-27,,day,P,N,N,Regular Season,3,3,1,Final,Final,14,Rogers Centre,141,Toronto Blue Jays,TOR,2,True,146,Miami Marlins,MIA,1,False,645261,Sandy Alcantara,Sandy,Alcantara,22,1995-09-07,30,"6' 5""",200,1,Pitcher,R,Right,R,Right,,,,,,,,,,,,,,,,,,,,,,,,,,
2026-05-27,822809,,/api/v1.1/game/822809/feed/live,R,2026,2026-05-27,,day,P,N,N,Regular Season,3,3,1,Final,Final,14,Rogers Centre,141,Toronto Blue Jays,TOR,2,True,146,Miami Marlins,MIA,1,False,663969,Tyler Phillips,Tyler,Phillips,30,1997-10-27,28,"6' 5""",225,1,Pitcher,R,Right,R,Right,,,,,,,,,,,,,,,,,,,,,,,,,,
2026-05-27,822809,,/api/v1.1/game/822809/feed/live,R,2026,2026-05-27,,day,P,N,N,Regular Season,3,3,1,Final,Final,14,Rogers Centre,141,Toronto Blue Jays,TOR,2,True,146,Miami Marlins,MIA,1,False,665923,Esteury Ruiz,Esteury,Ruiz,3,1999-02-15,27,"5' 11""",169,9,Outfielder,R,Right,R,Right,0-1 | CS,,1,0,0,0,0,0,0,0,0,0,1,0,1,0,,,,,,,,,,
2026-05-27,822809,,/api/v1.1/game/822809/feed/live,R,2026,2026-05-27,,day,P,N,N,Regular Season,3,3,1,Final,Final,14,Rogers Centre,141,Toronto Blue Jays,TOR,2,True,146,Miami Marlins,MIA,1,False,805300,Jakob Marsee,Jakob,Marsee,87,2001-06-28,24,"6' 0""",180,8,Outfielder,L,Left,L,Left,"0-3 | HBP, K, 2 CS",,3,0,0,0,0,0,0,1,0,0,2,0,4,0,,,,,,,,,,
2026-05-27,822809,,/api/v1.1/game/822809/feed/live,R,2026,2026-05-27,,day,P,N,N,Regular Season,3,3,1,Final,Final,14,Rogers Centre,141,Toronto Blue Jays,TOR,2,True,146,Miami Marlins,MIA,1,False,676534,Calvin Faucher,Calvin,Faucher,53,1995-09-22,30,"6' 1""",190,1,Pitcher,R,Right,R,Right,,,,,,,,,,,,,,,,,,,,,,,,,,
2026-05-27,822809,,/api/v1.1/game/822809/feed/live,R,2026,2026-05-27,,day,P,N,N,Regular Season,3,3,1,Final,Final,14,Rogers Centre,141,Toronto Blue Jays,TOR,2,True,146,Miami Marlins,MIA,1,False,676974,Max Meyer,Max,Meyer,23,1999-03-12,27,"6' 0""",196,1,Pitcher,L,Left,R,Right,,,,,,,,,,,,,,,,,,,,,,,,,,
2026-05-27,822809,,/api/v1.1/game/822809/feed/live,R,2026,2026-05-27,,day,P,N,N,Regular Season,3,3,1,Final,Final,14,Rogers Centre,141,Toronto Blue Jays,TOR,2,True,146,Miami Marlins,MIA,1,False,691594,Javier Sanoja,Javier,Sanoja,8,2002-09-03,23,"5' 7""",150,5,Third Base,R,Right,R,Right,0-1,,1,0,0,0,0,0,0,0,0,0,0,0,1,0,,,,,,,,,,
2026-05-27,822809,,/api/v1.1/game/822809/feed/live,R,2026,2026-05-27,,day,P,N,N,Regular Season,3,3,1,Final,Final,14,Rogers Centre,141,Toronto Blue Jays,TOR,2,True,146,Miami Marlins,MIA,1,False,667463,John King,John,King,47,1994-09-14,31,"6' 2""",215,1,Pitcher,L,Left,L,Left,"1.0 IP, 0 ER, K, 0 BB",,,,,,,,,,,,,,,,1.0,0,0,0,1,0,11,0,0,0
2026-05-27,822809,,/api/v1.1/game/822809/feed/live,R,2026,2026-05-27,,day,P,N,N,Regular Season,3,3,1,Final,Final,14,Rogers Centre,141,Toronto Blue Jays,TOR,2,True,146,Miami Marlins,MIA,1,False,806188,Cade Gibson,Cade,Gibson,58,1998-02-18,28,"6' 2""",195,1,Pitcher,L,Left,L,Left,,,,,,,,,,,,,,,,,,,,,,,,,,
2026-05-27,822809,,/api/v1.1/game/822809/feed/live,R,2026,2026-05-27,,day,P,N,N,Regular Season,3,3,1,Final,Final,14,Rogers Centre,141,Toronto Blue Jays,TOR,2,True,146,Miami Marlins,MIA,1,False,669364,Xavier Edwards,Xavier,Edwards,9,1999-08-09,26,"5' 9""",175,4,Second Base,S,Switch,R,Right,"3-3 | 2B, BB, R",,3,3,1,0,0,0,1,0,1,2,0,0,4,4,,,,,,,,,,
2026-05-27,822809,,/api/v1.1/game/822809/feed/live,R,2026,2026-05-27,,day,P,N,N,Regular Season,3,3,1,Final,Final,14,Rogers Centre,141,Toronto Blue Jays,TOR,2,True,146,Miami Marlins,MIA,1,False,669065,Kyle Stowers,Kyle,Stowers,28,1998-01-02,28,"6' 2""",215,7,Outfielder,L,Left,L,Left,1-4 | K,,4,1,0,0,0,0,0,1,0,0,0,1,4,1,,,,,,,,,,
2026-05-27,822809,,/api/v1.1/game/822809/feed/live,R,2026,2026-05-27,,day,P,N,N,Regular Season,3,3,1,Final,Final,14,Rogers Centre,141,Toronto Blue Jays,TOR,2,True,146,Miami Marlins,MIA,1,False,688363,Graham Pauley,Graham,Pauley,21,2000-09-24,25,"6' 1""",200,5,Third Base,L,Left,R,Right,0-4 | K,,4,0,0,0,0,0,0,1,0,0,0,0,4,0,,,,,,,,,,
2026-05-27,822809,,/api/v1.1/game/822809/feed/live,R,2026,2026-05-27,,day,P,N,N,Regular Season,3,3,1,Final,Final,14,Rogers Centre,141,Toronto Blue Jays,TOR,2,True,146,Miami Marlins,MIA,1,False,656848,Michael Petersen,Michael,Petersen,49,1994-05-16,32,"6' 7""",195,1,Pitcher,R,Right,R,Right,"0.2 IP, ER, 0 K, 2 BB",,,,,,,,,,,,,,,,0.2,1,1,0,0,2,23,0,0,0
2026-05-27,822809,,/api/v1.1/game/822809/feed/live,R,2026,2026-05-27,,day,P,N,N,Regular Season,3,3,1,Final,Final,14,Rogers Centre,141,Toronto Blue Jays,TOR,2,True,146,Miami Marlins,MIA,1,False,689414,Liam Hicks,Liam,Hicks,34,1999-06-02,26,"5' 9""",185,2,Catcher,L,Left,R,Right,"0-3 | BB, K",,3,0,0,0,0,0,0,1,1,0,0,1,4,0,,,,,,,,,,
2026-05-27,822809,,/api/v1.1/game/822809/feed/live,R,2026,2026-05-27,,day,P,N,N,Regular Season,3,3,1,Final,Final,14,Rogers Centre,141,Toronto Blue Jays,TOR,2,True,146,Miami Marlins,MIA,1,False,669622,Anthony Bender,Anthony,Bender,37,1995-02-03,31,"6' 4""",205,1,Pitcher,R,Right,R,Right,,,,,,,,,,,,,,,,,,,,,,,,,,
2026-05-27,822809,,/api/v1.1/game/822809/feed/live,R,2026,2026-05-27,,day,P,N,N,Regular Season,3,3,1,Final,Final,14,Rogers Centre,141,Toronto Blue Jays,TOR,2,True,146,Miami Marlins,MIA,1,False,683357,Owen Caissie,Owen,Caissie,17,2002-07-08,23,"6' 4""",190,9,Outfielder,L,Left,R,Right,1-2 | K,,2,1,0,0,0,0,0,1,0,0,0,0,2,1,,,,,,,,,,
2026-05-27,822809,,/api/v1.1/game/822809/feed/live,R,2026,2026-05-27,,day,P,N,N,Regular Season,3,3,1,Final,Final,14,Rogers Centre,141,Toronto Blue Jays,TOR,2,True,146,Miami Marlins,MIA,1,False,676083,Janson Junk,Janson,Junk,26,1996-01-15,30,"6' 2""",197,1,Pitcher,R,Right,R,Right,,,,,,,,,,,,,,,,,,,,,,,,,,
2026-05-27,822809,,/api/v1.1/game/822809/feed/live,R,2026,2026-05-27,,day,P,N,N,Regular Season,3,3,1,Final,Final,14,Rogers Centre,141,Toronto Blue Jays,TOR,2,True,146,Miami Marlins,MIA,1,False,681393,Connor Norby,Connor,Norby,1,2000-06-08,25,"5' 10""",180,3,First Base,R,Right,R,Right,"0-3 | HBP, K",,3,0,0,0,0,0,0,1,0,0,0,0,4,0,,,,,,,,,,
2026-05-27,822809,,/api/v1.1/game/822809/feed/live,R,2026,2026-05-27,,day,P,N,N,Regular Season,3,3,1,Final,Final,14,Rogers Centre,141,Toronto Blue Jays,TOR,2,True,146,Miami Marlins,MIA,1,False,677053,Andrew Nardi,Andrew,Nardi,43,1998-08-18,27,"6' 3""",215,1,Pitcher,L,Left,L,Left,"1.1 IP, ER, 2 K, 0 BB",,,,,,,,,,,,,,,,1.1,1,1,1,2,0,14,0,1,0
2026-05-27,822809,,/api/v1.1/game/822809/feed/live,R,2026,2026-05-27,,day,P,N,N,Regular Season,3,3,1,Final,Final,14,Rogers Centre,141,Toronto Blue Jays,TOR,2,True,146,Miami Marlins,MIA,1,False,691788,Joe Mack,Joseph,Mack,80,2002-12-27,23,"6' 0""",210,2,Catcher,L,Left,R,Right,,,,,,,,,,,,,,,,,,,,,,,,,,
2026-05-27,822809,,/api/v1.1/game/822809/feed/live,R,2026,2026-05-27,,day,P,N,N,Regular Season,3,3,1,Final,Final,14,Rogers Centre,141,Toronto Blue Jays,TOR,2,True,146,Miami Marlins,MIA,1,False,691587,Eury Pérez,Eury,Pérez,39,2003-04-15,23,"6' 8""",220,1,Pitcher,R,Right,R,Right,"4.0 IP, 0 ER, 9 K, 0 BB",,,,,,,,,,,,,,,,4.0,0,3,0,9,0,73,0,0,0
2026-05-27,822809,,/api/v1.1/game/822809/feed/live,R,2026,2026-05-27,,day,P,N,N,Regular Season,3,3,1,Final,Final,14,Rogers Centre,141,Toronto Blue Jays,TOR,2,True,146,Miami Marlins,MIA,1,False,672640,Otto Lopez,Otto,Lopez,6,1998-10-01,27,"5' 10""",185,6,Shortstop,R,Right,R,Right,"4-4 | RBI, 2 SB",,4,4,0,0,0,1,0,0,0,2,0,0,4,4,,,,,,,,,,
2026-05-27,824432,,/api/v1.1/game/824432/feed/live,R,2026,2026-05-27,,day,P,N,N,Regular Season,3,3,1,Final,Final,5,Progressive Field,114,Cleveland Guardians,CLE,3,True,120,Washington Nationals,WSH,2,False,542888,Shawn Armstrong,Shawn,Armstrong,43,1990-09-11,35,"6' 2""",225,1,Pitcher,R,Right,R,Right,,,,,,,,,,,,,,,,,,,,,,,,,,
2026-05-27,824432,,/api/v1.1/game/824432/feed/live,R,2026,2026-05-27,,day,P,N,N,Regular Season,3,3,1,Final,Final,5,Progressive Field,114,Cleveland Guardians,CLE,3,True,120,Washington Nationals,WSH,2,False,702021,Will Dion,William,Dion,98,2000-04-17,26,"5' 10""",180,1,Pitcher,L,Left,L,Left,,,,,,,,,,,,,,,,,,,,,,,,,,
2026-05-27,824432,,/api/v1.1/game/824432/feed/live,R,2026,2026-05-27,,day,P,N,N,Regular Season,3,3,1,Final,Final,5,Progressive Field,114,Cleveland Guardians,CLE,3,True,120,Washington Nationals,WSH,2,False,800050,Chase DeLauter,Chase,DeLauter,24,2001-10-08,24,"6' 3""",235,9,Outfielder,L,Left,L,Left,"2-4 | RBI, R, CS",,4,2,0,0,0,1,1,0,0,0,1,0,4,2,,,,,,,,,,
2026-05-27,824432,,/api/v1.1/game/824432/feed/live,R,2026,2026-05-27,,day,P,N,N,Regular Season,3,3,1,Final,Final,5,Progressive Field,114,Cleveland Guardians,CLE,3,True,120,Washington Nationals,WSH,2,False,595978,Austin Hedges,Austin,Hedges,27,1992-08-18,33,"6' 0""",220,2,Catcher,R,Right,R,Right,0-4 | R,,4,0,0,0,0,0,1,0,0,0,0,0,4,0,,,,,,,,,,
2026-05-27,824432,,/api/v1.1/game/824432/feed/live,R,2026,2026-05-27,,day,P,N,N,Regular Season,3,3,1,Final,Final,5,Progressive Field,114,Cleveland Guardians,CLE,3,True,120,Washington Nationals,WSH,2,False,683953,Travis Bazzana,Travis,Bazzana,37,2002-08-28,23,"5' 11""",199,4,Second Base,L,Left,R,Right,"2-4 | 2 2B, K, R",,4,2,2,0,0,0,1,1,0,0,0,0,4,4,,,,,,,,,,
2026-05-27,824432,,/api/v1.1/game/824432/feed/live,R,2026,2026-05-27,,day,P,N,N,Regular Season,3,3,1,Final,Final,5,Progressive Field,114,Cleveland Guardians,CLE,3,True,120,Washington Nationals,WSH,2,False,676051,Codi Heuer,Codi,Heuer,50,1996-07-03,29,"6' 5""",200,1,Pitcher,R,Right,R,Right,,,,,,,,,,,,,,,,,,,,,,,,,,
2026-05-27,824432,,/api/v1.1/game/824432/feed/live,R,2026,2026-05-27,,day,P,N,N,Regular Season,3,3,1,Final,Final,5,Progressive Field,114,Cleveland Guardians,CLE,3,True,120,Washington Nationals,WSH,2,False,682177,Daniel Schneemann,Daniel,Schneemann,10,1997-01-23,29,"6' 0""",185,8,Outfielder,L,Left,R,Right,1-3 | BB,,3,1,0,0,0,0,0,0,1,0,0,0,4,1,,,,,,,,,,
2026-05-27,824432,,/api/v1.1/game/824432/feed/live,R,2026,2026-05-27,,day,P,N,N,Regular Season,3,3,1,Final,Final,5,Progressive Field,114,Cleveland Guardians,CLE,3,True,120,Washington Nationals,WSH,2,False,677944,Slade Cecconi,Slade,Cecconi,44,1999-06-24,26,"6' 4""",219,1,Pitcher,R,Right,R,Right,,,,,,,,,,,,,,,,,,,,,,,,,,
2026-05-27,824432,,/api/v1.1/game/824432/feed/live,R,2026,2026-05-27,,day,P,N,N,Regular Season,3,3,1,Final,Final,5,Progressive Field,114,Cleveland Guardians,CLE,3,True,120,Washington Nationals,WSH,2,False,672275,Patrick Bailey,Patrick,Bailey,16,1999-05-29,26,"6' 0""",223,2,Catcher,S,Switch,R,Right,,,,,,,,,,,,,,,,,,,,,,,,,,
2026-05-27,824432,,/api/v1.1/game/824432/feed/live,R,2026,2026-05-27,,day,P,N,N,Regular Season,3,3,1,Final,Final,5,Progressive Field,114,Cleveland Guardians,CLE,3,True,120,Washington Nationals,WSH,2,False,677587,Brayan Rocchio,Brayan,Rocchio,4,2001-01-13,25,"5' 9""",170,6,Shortstop,S,Switch,R,Right,1-4 | 2B,,4,1,1,0,0,0,0,0,0,0,0,0,4,2,,,,,,,,,,
2026-05-27,824432,,/api/v1.1/game/824432/feed/live,R,2026,2026-05-27,,day,P,N,N,Regular Season,3,3,1,Final,Final,5,Progressive Field,114,Cleveland Guardians,CLE,3,True,120,Washington Nationals,WSH,2,False,690984,Petey Halpin,Peter,Halpin,0,2002-05-26,24,"5' 11""",200,8,Outfielder,L,Left,R,Right,,,,,,,,,,,,,,,,,,,,,,,,,,
2026-05-27,824432,,/api/v1.1/game/824432/feed/live,R,2026,2026-05-27,,day,P,N,N,Regular Season,3,3,1,Final,Final,5,Progressive Field,114,Cleveland Guardians,CLE,3,True,120,Washington Nationals,WSH,2,False,670036,Matt Festa,Matthew,Festa,52,1993-03-11,33,"6' 1""",195,1,Pitcher,R,Right,R,Right,,,,,,,,,,,,,,,,,,,,,,,,,,
2026-05-27,824432,,/api/v1.1/game/824432/feed/live,R,2026,2026-05-27,,day,P,N,N,Regular Season,3,3,1,Final,Final,5,Progressive Field,114,Cleveland Guardians,CLE,3,True,120,Washington Nationals,WSH,2,False,670059,Colin Holderman,Colin,Holderman,35,1995-10-08,30,"6' 6""",230,1,Pitcher,R,Right,R,Right,,,,,,,,,,,,,,,,,,,,,,,,,,
2026-05-27,824432,,/api/v1.1/game/824432/feed/live,R,2026,2026-05-27,,day,P,N,N,Regular Season,3,3,1,Final,Final,5,Progressive Field,114,Cleveland Guardians,CLE,3,True,120,Washington Nationals,WSH,2,False,681807,David Fry,David,Fry,6,1995-11-20,30,"6' 1""",215,9,Outfielder,R,Right,R,Right,,,,,,,,,,,,,,,,,,,,,,,,,,
2026-05-27,824432,,/api/v1.1/game/824432/feed/live,R,2026,2026-05-27,,day,P,N,N,Regular Season,3,3,1,Final,Final,5,Progressive Field,114,Cleveland Guardians,CLE,3,True,120,Washington Nationals,WSH,2,False,671922,Cade Smith,Cade,Smith,36,1999-05-09,27,"6' 5""",230,1,Pitcher,R,Right,R,Right,"1.0 IP, ER, 2 K, 0 BB",,,,,,,,,,,,,,,,1.0,1,2,0,2,0,23,0,0,1
2026-05-27,824432,,/api/v1.1/game/824432/feed/live,R,2026,2026-05-27,,day,P,N,N,Regular Season,3,3,1,Final,Final,5,Progressive Field,114,Cleveland Guardians,CLE,3,True,120,Washington Nationals,WSH,2,False,608070,José Ramírez,José,Ramírez,11,1992-09-17,33,"5' 8""",190,5,Third Base,S,Switch,R,Right,"0-2 | BB, RBI",,2,0,0,0,0,1,0,0,1,0,0,0,4,0,,,,,,,,,,
2026-05-27,824432,,/api/v1.1/game/824432/feed/live,R,2026,2026-05-27,,day,P,N,N,Regular Season,3,3,1,Final,Final,5,Progressive Field,114,Cleveland Guardians,CLE,3,True,120,Washington Nationals,WSH,2,False,680757,Steven Kwan,Steven,Kwan,38,1997-09-05,28,"5' 8""",170,8,Outfielder,L,Left,L,Left,1-4,,4,1,0,0,0,0,0,0,0,0,0,0,4,1,,,,,,,,,,
2026-05-27,824432,,/api/v1.1/game/824432/feed/live,R,2026,2026-05-27,,day,P,N,N,Regular Season,3,3,1,Final,Final,5,Progressive Field,114,Cleveland Guardians,CLE,3,True,120,Washington Nationals,WSH,2,False,682657,Angel Martínez,Angel,Martínez,1,2002-01-27,24,"5' 11""",200,7,Outfielder,S,Switch,R,Right,2-4 | RBI,,4,2,0,0,0,1,0,0,0,0,0,0,4,2,,,,,,,,,,
2026-05-27,824432,,/api/v1.1/game/824432/feed/live,R,2026,2026-05-27,,day,P,N,N,Regular Season,3,3,1,Final,Final,5,Progressive Field,114,Cleveland Guardians,CLE,3,True,120,Washington Nationals,WSH,2,False,700932,Kyle Manzardo,Kyle,Manzardo,9,2000-07-18,25,"5' 11""",205,3,First Base,L,Left,R,Right,"1-3 | BB, K",,3,1,0,0,0,0,0,1,1,0,0,0,4,1,,,,,,,,,,
2026-05-27,824432,,/api/v1.1/game/824432/feed/live,R,2026,2026-05-27,,day,P,N,N,Regular Season,3,3,1,Final,Final,5,Progressive Field,114,Cleveland Guardians,CLE,3,True,120,Washington Nationals,WSH,2,False,800048,Parker Messick,Parker,Messick,77,2000-10-26,25,"6' 0""",225,1,Pitcher,L,Left,L,Left,,,,,,,,,,,,,,,,,,,,,,,,,,
2026-05-27,824432,,/api/v1.1/game/824432/feed/live,R,2026,2026-05-27,,day,P,N,N,Regular Season,3,3,1,Final,Final,5,Progressive Field,114,Cleveland Guardians,CLE,3,True,120,Washington Nationals,WSH,2,False,676282,Joey Cantillo,Joseph,Cantillo,54,1999-12-18,26,"6' 4""",225,1,Pitcher,L,Left,L,Left,,,,,,,,,,,,,,,,,,,,,,,,,,
2026-05-27,824432,,/api/v1.1/game/824432/feed/live,R,2026,2026-05-27,,day,P,N,N,Regular Season,3,3,1,Final,Final,5,Progressive Field,114,Cleveland Guardians,CLE,3,True,120,Washington Nationals,WSH,2,False,668909,Gavin Williams,Gavin,Williams,32,1999-07-26,26,"6' 6""",250,1,Pitcher,L,Left,R,Right,"7.0 IP, ER, 4 K, 2 BB",,,,,,,,,,,,,,,,7.0,1,3,0,4,2,94,1,0,0
2026-05-27,824432,,/api/v1.1/game/824432/feed/live,R,2026,2026-05-27,,day,P,N,N,Regular Season,3,3,1,Final,Final,5,Progressive Field,114,Cleveland Guardians,CLE,3,True,120,Washington Nationals,WSH,2,False,683769,Hunter Gaddis,Hunter,Gaddis,33,1998-04-09,28,"6' 6""",260,1,Pitcher,R,Right,R,Right,,,,,,,,,,,,,,,,,,,,,,,,,,
2026-05-27,824432,,/api/v1.1/game/824432/feed/live,R,2026,2026-05-27,,day,P,N,N,Regular Season,3,3,1,Final,Final,5,Progressive Field,114,Cleveland Guardians,CLE,3,True,120,Washington Nationals,WSH,2,False,676440,Tanner Bibee,Tanner,Bibee,28,1999-03-05,27,"6' 2""",205,1,Pitcher,R,Right,R,Right,,,,,,,,,,,,,,,,,,,,,,,,,,
2026-05-27,824432,,/api/v1.1/game/824432/feed/live,R,2026,2026-05-27,,day,P,N,N,Regular Season,3,3,1,Final,Final,5,Progressive Field,114,Cleveland Guardians,CLE,3,True,120,Washington Nationals,WSH,2,False,682120,Tim Herrin,Tim,Herrin,29,1996-10-08,29,"6' 6""",230,1,Pitcher,L,Left,L,Left,"1.0 IP, 0 ER, 2 K, 0 BB",,,,,,,,,,,,,,,,1.0,0,0,0,2,0,14,0,0,0
2026-05-27,824432,,/api/v1.1/game/824432/feed/live,R,2026,2026-05-27,,day,P,N,N,Regular Season,3,3,1,Final,Final,5,Progressive Field,114,Cleveland Guardians,CLE,3,True,120,Washington Nationals,WSH,2,False,656555,Rhys Hoskins,Rhys,Hoskins,8,1993-03-17,33,"6' 3""",241,3,First Base,R,Right,R,Right,,,,,,,,,,,,,,,,,,,,,,,,,,
2026-05-27,824432,,/api/v1.1/game/824432/feed/live,R,2026,2026-05-27,,day,P,N,N,Regular Season,3,3,1,Final,Final,5,Progressive Field,114,Cleveland Guardians,CLE,3,True,120,Washington Nationals,WSH,2,False,682928,CJ Abrams,Paul,Abrams,5,2000-10-03,25,"6' 0""",191,6,Shortstop,L,Left,R,Right,"2-3 | 2B, HBP, RBI",,3,2,1,0,0,1,0,0,0,1,0,0,4,3,,,,,,,,,,
2026-05-27,824432,,/api/v1.1/game/824432/feed/live,R,2026,2026-05-27,,day,P,N,N,Regular Season,3,3,1,Final,Final,5,Progressive Field,114,Cleveland Guardians,CLE,3,True,120,Washington Nationals,WSH,2,False,683083,Nasim Nuñez,Nasim,Nuñez,26,2000-08-18,25,"5' 8""",165,4,Second Base,S,Switch,R,Right,,,,,,,,,,,,,,,,,,,,,,,,,,
2026-05-27,824432,,/api/v1.1/game/824432/feed/live,R,2026,2026-05-27,,day,P,N,N,Regular Season,3,3,1,Final,Final,5,Progressive Field,114,Cleveland Guardians,CLE,3,True,120,Washington Nationals,WSH,2,False,665953,Andrés Chaparro,Andrés,Chaparro,87,1999-05-04,27,"6' 0""",200,3,First Base,R,Right,R,Right,0-1 | K,,1,0,0,0,0,0,0,1,0,0,0,0,1,0,,,,,,,,,,
2026-05-27,824432,,/api/v1.1/game/824432/feed/live,R,2026,2026-05-27,,day,P,N,N,Regular Season,3,3,1,Final,Final,5,Progressive Field,114,Cleveland Guardians,CLE,3,True,120,Washington Nationals,WSH,2,False,686452,Drew Millas,Andrew,Millas,14,1998-01-15,28,"6' 0""",204,2,Catcher,S,Switch,R,Right,1-3,,3,1,0,0,0,0,0,0,0,0,0,0,3,1,,,,,,,,,,
2026-05-27,824432,,/api/v1.1/game/824432/feed/live,R,2026,2026-05-27,,day,P,N,N,Regular Season,3,3,1,Final,Final,5,Progressive Field,114,Cleveland Guardians,CLE,3,True,120,Washington Nationals,WSH,2,False,571945,Miles Mikolas,Miles,Mikolas,36,1988-08-23,37,"6' 4""",230,1,Pitcher,R,Right,R,Right,"3.2 IP, 0 ER, K, 0 BB",,,,,,,,,,,,,,,,3.2,0,5,0,1,0,60,0,1,0
2026-05-27,824432,,/api/v1.1/game/824432/feed/live,R,2026,2026-05-27,,day,P,N,N,Regular Season,3,3,1,Final,Final,5,Progressive Field,114,Cleveland Guardians,CLE,3,True,120,Washington Nationals,WSH,2,False,678391,Jorbit Vivas,Jorbit,Vivas,84,2001-03-09,25,"5' 9""",171,5,Third Base,L,Left,R,Right,"0-3 | BB, K",,3,0,0,0,0,0,0,1,1,0,0,0,4,0,,,,,,,,,,
2026-05-27,824432,,/api/v1.1/game/824432/feed/live,R,2026,2026-05-27,,day,P,N,N,Regular Season,3,3,1,Final,Final,5,Progressive Field,114,Cleveland Guardians,CLE,3,True,120,Washington Nationals,WSH,2,False,686611,Dylan Crews,Dylan,Crews,3,2002-02-26,24,"5' 11""",203,8,Outfielder,R,Right,R,Right,,,,,,,,,,,,,,,,,,,,,,,,,,
2026-05-27,824432,,/api/v1.1/game/824432/feed/live,R,2026,2026-05-27,,day,P,N,N,Regular Season,3,3,1,Final,Final,5,Progressive Field,114,Cleveland Guardians,CLE,3,True,120,Washington Nationals,WSH,2,False,663992,Richard Lovelady,Richard,Lovelady,55,1995-07-07,30,"6' 0""",185,1,Pitcher,L,Left,L,Left,"0.1 IP, ER, 0 K, BB",,,,,,,,,,,,,,,,0.1,1,3,0,0,1,12,0,0,0
2026-05-27,824432,,/api/v1.1/game/824432/feed/live,R,2026,2026-05-27,,day,P,N,N,Regular Season,3,3,1,Final,Final,5,Progressive Field,114,Cleveland Guardians,CLE,3,True,120,Washington Nationals,WSH,2,False,676571,PJ Poulin,Peter,Poulin,50,1996-07-25,29,"6' 1""",195,1,Pitcher,R,Right,L,Left,"1.0 IP, 0 ER, K, BB",,,,,,,,,,,,,,,,1.0,0,0,0,1,1,13,0,0,0
2026-05-27,824432,,/api/v1.1/game/824432/feed/live,R,2026,2026-05-27,,day,P,N,N,Regular Season,3,3,1,Final,Final,5,Progressive Field,114,Cleveland Guardians,CLE,3,True,120,Washington Nationals,WSH,2,False,690925,Clayton Beeter,Clayton,Beeter,39,1998-10-09,27,"6' 2""",220,1,Pitcher,R,Right,R,Right,"1.0 IP, 0 ER, 0 K, BB",,,,,,,,,,,,,,,,1.0,0,1,0,0,1,11,0,0,0
2026-05-27,824432,,/api/v1.1/game/824432/feed/live,R,2026,2026-05-27,,day,P,N,N,Regular Season,3,3,1,Final,Final,5,Progressive Field,114,Cleveland Guardians,CLE,3,True,120,Washington Nationals,WSH,2,False,695418,Brad Lord,Bradley,Lord,41,2000-02-14,26,"6' 3""",210,1,Pitcher,R,Right,R,Right,,,,,,,,,,,,,,,,,,,,,,,,,,
2026-05-27,824432,,/api/v1.1/game/824432/feed/live,R,2026,2026-05-27,,day,P,N,N,Regular Season,3,3,1,Final,Final,5,Progressive Field,114,Cleveland Guardians,CLE,3,True,120,Washington Nationals,WSH,2,False,678554,Curtis Mead,Curtis,Mead,45,2000-10-26,25,"6' 1""",225,3,First Base,R,Right,R,Right,"1-4 | 2 K, R",,4,1,0,0,0,0,1,2,0,0,0,0,4,1,,,,,,,,,,
2026-05-27,824432,,/api/v1.1/game/824432/feed/live,R,2026,2026-05-27,,day,P,N,N,Regular Season,3,3,1,Final,Final,5,Progressive Field,114,Cleveland Guardians,CLE,3,True,120,Washington Nationals,WSH,2,False,695734,Daylen Lile,Daylen,Lile,4,2002-11-30,23,"5' 11""",195,7,Outfielder,L,Left,R,Right,"0-3 | K, RBI",,3,0,0,0,0,1,0,1,0,0,0,0,4,0,,,,,,,,,,
2026-05-27,824432,,/api/v1.1/game/824432/feed/live,R,2026,2026-05-27,,day,P,N,N,Regular Season,3,3,1,Final,Final,5,Progressive Field,114,Cleveland Guardians,CLE,3,True,120,Washington Nationals,WSH,2,False,677588,José Tena,José,Tena,8,2001-03-20,25,"5' 10""",195,10,Designated Hitter,L,Left,R,Right,0-4 | K,,4,0,0,0,0,0,0,1,0,0,0,0,4,0,,,,,,,,,,
2026-05-27,824432,,/api/v1.1/game/824432/feed/live,R,2026,2026-05-27,,day,P,N,N,Regular Season,3,3,1,Final,Final,5,Progressive Field,114,Cleveland Guardians,CLE,3,True,120,Washington Nationals,WSH,2,False,695578,James Wood,James,Wood,29,2002-09-17,23,"6' 6""",234,9,Outfielder,L,Left,R,Right,"1-3 | 2B, BB, K",,3,1,1,0,0,0,1,1,1,1,0,0,4,2,,,,,,,,,,
2026-05-27,824432,,/api/v1.1/game/824432/feed/live,R,2026,2026-05-27,,day,P,N,N,Regular Season,3,3,1,Final,Final,5,Progressive Field,114,Cleveland Guardians,CLE,3,True,120,Washington Nationals,WSH,2,False,676917,Cade Cavalli,Steven,Cavalli,24,1998-08-14,27,"6' 4""",223,1,Pitcher,R,Right,R,Right,,,,,,,,,,,,,,,,,,,,,,,,,,
2026-05-27,824432,,/api/v1.1/game/824432/feed/live,R,2026,2026-05-27,,day,P,N,N,Regular Season,3,3,1,Final,Final,5,Progressive Field,114,Cleveland Guardians,CLE,3,True,120,Washington Nationals,WSH,2,False,696285,Jacob Young,Jacob,Young,30,1999-07-27,26,"5' 11""",192,8,Outfielder,R,Right,R,Right,0-3,,3,0,0,0,0,0,0,0,0,0,0,1,3,0,,,,,,,,,,
2026-05-27,824432,,/api/v1.1/game/824432/feed/live,R,2026,2026-05-27,,day,P,N,N,Regular Season,3,3,1,Final,Final,5,Progressive Field,114,Cleveland Guardians,CLE,3,True,120,Washington Nationals,WSH,2,False,687377,Orlando Ribalta,Orlando,Ribalta,64,1998-03-05,28,"6' 7""",245,1,Pitcher,R,Right,R,Right,"1.0 IP, 0 ER, 0 K, 0 BB",,,,,,,,,,,,,,,,1.0,0,1,0,0,0,19,0,0,0
2026-05-27,824432,,/api/v1.1/game/824432/feed/live,R,2026,2026-05-27,,day,P,N,N,Regular Season,3,3,1,Final,Final,5,Progressive Field,114,Cleveland Guardians,CLE,3,True,120,Washington Nationals,WSH,2,False,681402,Gus Varland,Augustus,Varland,47,1996-11-06,29,"6' 1""",225,1,Pitcher,L,Left,R,Right,"1.0 IP, 0 ER, 0 K, 0 BB",,,,,,,,,,,,,,,,1.0,0,0,0,0,0,10,0,0,0
2026-05-27,824432,,/api/v1.1/game/824432/feed/live,R,2026,2026-05-27,,day,P,N,N,Regular Season,3,3,1,Final,Final,5,Progressive Field,114,Cleveland Guardians,CLE,3,True,120,Washington Nationals,WSH,2,False,641793,Zack Littell,Zack,Littell,18,1995-10-05,30,"6' 4""",250,1,Pitcher,R,Right,R,Right,,,,,,,,,,,,,,,,,,,,,,,,,,
2026-05-27,824432,,/api/v1.1/game/824432/feed/live,R,2026,2026-05-27,,day,P,N,N,Regular Season,3,3,1,Final,Final,5,Progressive Field,114,Cleveland Guardians,CLE,3,True,120,Washington Nationals,WSH,2,False,680730,Mitchell Parker,Mitchell,Parker,70,1999-09-27,26,"6' 4""",239,1,Pitcher,L,Left,L,Left,,,,,,,,,,,,,,,,,,,,,,,,,,
2026-05-27,824432,,/api/v1.1/game/824432/feed/live,R,2026,2026-05-27,,day,P,N,N,Regular Season,3,3,1,Final,Final,5,Progressive Field,114,Cleveland Guardians,CLE,3,True,120,Washington Nationals,WSH,2,False,687606,Paxton Schultz,Paxton,Schultz,75,1998-01-05,28,"6' 3""",205,1,Pitcher,L,Left,R,Right,,,,,,,,,,,,,,,,,,,,,,,,,,
2026-05-27,824432,,/api/v1.1/game/824432/feed/live,R,2026,2026-05-27,,day,P,N,N,Regular Season,3,3,1,Final,Final,5,Progressive Field,114,Cleveland Guardians,CLE,3,True,120,Washington Nationals,WSH,2,False,660688,Keibert Ruiz,Keibert,Ruiz,20,1998-07-20,27,"5' 11""",238,2,Catcher,S,Switch,R,Right,,,,,,,,,,,,,,,,,,,,,,,,,,
2026-05-27,824432,,/api/v1.1/game/824432/feed/live,R,2026,2026-05-27,,day,P,N,N,Regular Season,3,3,1,Final,Final,5,Progressive Field,114,Cleveland Guardians,CLE,3,True,120,Washington Nationals,WSH,2,False,656492,Foster Griffin,Fred,Griffin,22,1995-07-27,30,"6' 3""",225,1,Pitcher,R,Right,L,Left,,,,,,,,,,,,,,,,,,,,,,,,,,
2026-05-27,824432,,/api/v1.1/game/824432/feed/live,R,2026,2026-05-27,,day,P,N,N,Regular Season,3,3,1,Final,Final,5,Progressive Field,114,Cleveland Guardians,CLE,3,True,120,Washington Nationals,WSH,2,False,671277,Luis García Jr.,Luis,García,2,2000-05-16,26,"6' 1""",216,3,First Base,L,Left,R,Right,0-3 | K,,3,0,0,0,0,0,0,1,0,0,0,0,3,0,,,,,,,,,,
2026-05-27,824432,,/api/v1.1/game/824432/feed/live,R,2026,2026-05-27,,day,P,N,N,Regular Season,3,3,1,Final,Final,5,Progressive Field,114,Cleveland Guardians,CLE,3,True,120,Washington Nationals,WSH,2,False,674841,Andrew Alvarez,Michael,Alvarez,54,1999-06-13,26,"6' 3""",215,1,Pitcher,L,Left,L,Left,,,,,,,,,,,,,,,,,,,,,,,,,,
2026-05-27,823783,,/api/v1.1/game/823783/feed/live,R,2026,2026-05-27,,day,P,N,N,Regular Season,3,3,1,Final,Final,32,American Family Field,158,Milwaukee Brewers,MIL,2,True,138,St. Louis Cardinals,STL,1,False,694477,Chad Patrick,Chandler,Patrick,39,1998-08-14,27,"6' 1""",217,1,Pitcher,R,Right,R,Right,"4.0 IP, ER, 4 K, BB",,,,,,,,,,,,,,,,4.0,1,5,0,4,1,61,0,0,0
2026-05-27,823783,,/api/v1.1/game/823783/feed/live,R,2026,2026-05-27,,day,P,N,N,Regular Season,3,3,1,Final,Final,32,American Family Field,158,Milwaukee Brewers,MIL,2,True,138,St. Louis Cardinals,STL,1,False,650859,Luis Rengifo,Luis,Rengifo,13,1997-02-26,29,"5' 9""",204,5,Third Base,S,Switch,R,Right,1-3,,3,1,0,0,0,0,0,0,0,0,0,0,3,1,,,,,,,,,,
2026-05-27,823783,,/api/v1.1/game/823783/feed/live,R,2026,2026-05-27,,day,P,N,N,Regular Season,3,3,1,Final,Final,32,American Family Field,158,Milwaukee Brewers,MIL,2,True,138,St. Louis Cardinals,STL,1,False,689441,Coleman Crow,Coleman,Crow,57,2000-12-30,25,"5' 10""",175,1,Pitcher,R,Right,R,Right,,,,,,,,,,,,,,,,,,,,,,,,,,
2026-05-27,823783,,/api/v1.1/game/823783/feed/live,R,2026,2026-05-27,,day,P,N,N,Regular Season,3,3,1,Final,Final,32,American Family Field,158,Milwaukee Brewers,MIL,2,True,138,St. Louis Cardinals,STL,1,False,692230,Carlos Rodriguez,Carlos,Rodriguez,27,2001-11-27,24,"5' 11""",203,1,Pitcher,R,Right,R,Right,,,,,,,,,,,,,,,,,,,,,,,,,,
2026-05-27,823783,,/api/v1.1/game/823783/feed/live,R,2026,2026-05-27,,day,P,N,N,Regular Season,3,3,1,Final,Final,32,American Family Field,158,Milwaukee Brewers,MIL,2,True,138,St. Louis Cardinals,STL,1,False,687401,Joey Ortiz,Joseph,Ortiz,3,1998-07-14,27,"5' 10""",192,6,Shortstop,R,Right,R,Right,0-0,,0,0,0,0,0,0,0,0,0,0,0,0,0,0,,,,,,,,,,
2026-05-27,823783,,/api/v1.1/game/823783/feed/live,R,2026,2026-05-27,,day,P,N,N,Regular Season,3,3,1,Final,Final,32,American Family Field,158,Milwaukee Brewers,MIL,2,True,138,St. Louis Cardinals,STL,1,False,694192,Jackson Chourio,Jackson,Chourio,11,2004-03-11,22,"6' 1""",199,7,Outfielder,R,Right,R,Right,0-4 | 2 K,,4,0,0,0,0,0,0,2,0,0,0,0,4,0,,,,,,,,,,
2026-05-27,823783,,/api/v1.1/game/823783/feed/live,R,2026,2026-05-27,,day,P,N,N,Regular Season,3,3,1,Final,Final,32,American Family Field,158,Milwaukee Brewers,MIL,2,True,138,St. Louis Cardinals,STL,1,False,592885,Christian Yelich,Christian,Yelich,22,1991-12-05,34,"6' 4""",220,10,Designated Hitter,L,Left,R,Right,"1-4 | K, RBI",,4,1,0,0,0,1,0,1,0,0,0,0,4,1,,,,,,,,,,
2026-05-27,823783,,/api/v1.1/game/823783/feed/live,R,2026,2026-05-27,,day,P,N,N,Regular Season,3,3,1,Final,Final,32,American Family Field,158,Milwaukee Brewers,MIL,2,True,138,St. Louis Cardinals,STL,1,False,641343,Jake Bauers,Jakob,Bauers,9,1995-10-06,30,"6' 0""",216,3,First Base,L,Left,L,Left,"0-2 | HBP, 2 K",,2,0,0,0,0,0,0,2,0,0,0,0,3,0,,,,,,,,,,
2026-05-27,823783,,/api/v1.1/game/823783/feed/live,R,2026,2026-05-27,,day,P,N,N,Regular Season,3,3,1,Final,Final,32,American Family Field,158,Milwaukee Brewers,MIL,2,True,138,St. Louis Cardinals,STL,1,False,686217,Sal Frelick,Salvatore,Frelick,10,2000-04-19,26,"5' 9""",191,9,Outfielder,L,Left,R,Right,0-2 | R,,2,0,0,0,0,0,1,0,0,0,0,0,3,0,,,,,,,,,,
2026-05-27,823783,,/api/v1.1/game/823783/feed/live,R,2026,2026-05-27,,day,P,N,N,Regular Season,3,3,1,Final,Final,32,American Family Field,158,Milwaukee Brewers,MIL,2,True,138,St. Louis Cardinals,STL,1,False,682842,Abner Uribe,Abner,Uribe,45,2000-06-20,25,"6' 3""",205,1,Pitcher,R,Right,R,Right,,,,,,,,,,,,,,,,,,,,,,,,,,
2026-05-27,823783,,/api/v1.1/game/823783/feed/live,R,2026,2026-05-27,,day,P,N,N,Regular Season,3,3,1,Final,Final,32,American Family Field,158,Milwaukee Brewers,MIL,2,True,138,St. Louis Cardinals,STL,1,False,681982,Grant Anderson,Grant,Anderson,56,1997-06-21,28,"6' 0""",213,1,Pitcher,R,Right,R,Right,,,,,,,,,,,,,,,,,,,,,,,,,,
2026-05-27,823783,,/api/v1.1/game/823783/feed/live,R,2026,2026-05-27,,day,P,N,N,Regular Season,3,3,1,Final,Final,32,American Family Field,158,Milwaukee Brewers,MIL,2,True,138,St. Louis Cardinals,STL,1,False,683734,Andrew Vaughn,Andrew,Vaughn,28,1998-04-03,28,"5' 10""",215,3,First Base,R,Right,R,Right,0-1 | K,,1,0,0,0,0,0,0,1,0,0,0,0,1,0,,,,,,,,,,
2026-05-27,823783,,/api/v1.1/game/823783/feed/live,R,2026,2026-05-27,,day,P,N,N,Regular Season,3,3,1,Final,Final,32,American Family Field,158,Milwaukee Brewers,MIL,2,True,138,St. Louis Cardinals,STL,1,False,675660,Shane Drohan,Shane,Drohan,55,1999-01-07,27,"6' 2""",202,1,Pitcher,L,Left,L,Left,"2.0 IP, 0 ER, K, 0 BB",,,,,,,,,,,,,,,,2.0,0,1,0,1,0,27,0,0,0
2026-05-27,823783,,/api/v1.1/game/823783/feed/live,R,2026,2026-05-27,,day,P,N,N,Regular Season,3,3,1,Final,Final,32,American Family Field,158,Milwaukee Brewers,MIL,2,True,138,St. Louis Cardinals,STL,1,False,690986,Kyle Harrison,Kyle,Harrison,52,2001-08-12,24,"6' 2""",216,1,Pitcher,R,Right,L,Left,,,,,,,,,,,,,,,,,,,,,,,,,,
2026-05-27,823783,,/api/v1.1/game/823783/feed/live,R,2026,2026-05-27,,day,P,N,N,Regular Season,3,3,1,Final,Final,32,American Family Field,158,Milwaukee Brewers,MIL,2,True,138,St. Louis Cardinals,STL,1,False,669003,Garrett Mitchell,Garrett,Mitchell,5,1998-09-04,27,"6' 2""",229,8,Outfielder,L,Left,R,Right,"1-3 | 2B, 2 K, R",,3,1,1,0,0,0,1,2,0,0,0,0,3,2,,,,,,,,,,
2026-05-27,823783,,/api/v1.1/game/823783/feed/live,R,2026,2026-05-27,,day,P,N,N,Regular Season,3,3,1,Final,Final,32,American Family Field,158,Milwaukee Brewers,MIL,2,True,138,St. Louis Cardinals,STL,1,False,676879,Aaron Ashby,Aaron,Ashby,26,1998-05-24,28,"6' 0""",194,1,Pitcher,R,Right,L,Left,"2.0 IP, 0 ER, 2 K, BB",,,,,,,,,,,,,,,,2.0,0,1,0,2,1,30,1,0,0
2026-05-27,823783,,/api/v1.1/game/823783/feed/live,R,2026,2026-05-27,,day,P,N,N,Regular Season,3,3,1,Final,Final,32,American Family Field,158,Milwaukee Brewers,MIL,2,True,138,St. Louis Cardinals,STL,1,False,666152,David Hamilton,David,Hamilton,6,1997-09-29,28,"5' 10""",192,6,Shortstop,L,Left,R,Right,0-2,,2,0,0,0,0,0,0,0,0,0,0,0,2,0,,,,,,,,,,
2026-05-27,823783,,/api/v1.1/game/823783/feed/live,R,2026,2026-05-27,,day,P,N,N,Regular Season,3,3,1,Final,Final,32,American Family Field,158,Milwaukee Brewers,MIL,2,True,138,St. Louis Cardinals,STL,1,False,687075,Brandon Sproat,Brandon,Sproat,23,2000-09-17,25,"6' 3""",205,1,Pitcher,R,Right,R,Right,,,,,,,,,,,,,,,,,,,,,,,,,,
2026-05-27,823783,,/api/v1.1/game/823783/feed/live,R,2026,2026-05-27,,day,P,N,N,Regular Season,3,3,1,Final,Final,32,American Family Field,158,Milwaukee Brewers,MIL,2,True,138,St. Louis Cardinals,STL,1,False,663368,Blake Perkins,Blake,Perkins,16,1996-09-10,29,"6' 0""",185,8,Outfielder,S,Switch,R,Right,,,,,,,,,,,,,,,,,,,,,,,,,,
2026-05-27,823783,,/api/v1.1/game/823783/feed/live,R,2026,2026-05-27,,day,P,N,N,Regular Season,3,3,1,Final,Final,32,American Family Field,158,Milwaukee Brewers,MIL,2,True,138,St. Louis Cardinals,STL,1,False,663765,Jake Woodford,Jacob,Woodford,41,1996-10-28,29,"6' 4""",215,1,Pitcher,R,Right,R,Right,,,,,,,,,,,,,,,,,,,,,,,,,,
2026-05-27,823783,,/api/v1.1/game/823783/feed/live,R,2026,2026-05-27,,day,P,N,N,Regular Season,3,3,1,Final,Final,32,American Family Field,158,Milwaukee Brewers,MIL,2,True,138,St. Louis Cardinals,STL,1,False,661388,William Contreras,William,Contreras,24,1997-12-24,28,"5' 10""",217,2,Catcher,R,Right,R,Right,0-3,,3,0,0,0,0,0,0,0,0,0,0,0,3,0,,,,,,,,,,
2026-05-27,823783,,/api/v1.1/game/823783/feed/live,R,2026,2026-05-27,,day,P,N,N,Regular Season,3,3,1,Final,Final,32,American Family Field,158,Milwaukee Brewers,MIL,2,True,138,St. Louis Cardinals,STL,1,False,668930,Brice Turang,Brice,Turang,2,1999-11-21,26,"6' 0""",190,4,Second Base,L,Left,R,Right,0-4 | 2 K,,4,0,0,0,0,0,0,2,0,0,0,0,4,0,,,,,,,,,,
2026-05-27,823783,,/api/v1.1/game/823783/feed/live,R,2026,2026-05-27,,day,P,N,N,Regular Season,3,3,1,Final,Final,32,American Family Field,158,Milwaukee Brewers,MIL,2,True,138,St. Louis Cardinals,STL,1,False,596142,Gary Sánchez,Gary,Sánchez,99,1992-12-02,33,"6' 2""",251,10,Designated Hitter,R,Right,R,Right,,,,,,,,,,,,,,,,,,,,,,,,,,
2026-05-27,823783,,/api/v1.1/game/823783/feed/live,R,2026,2026-05-27,,day,P,N,N,Regular Season,3,3,1,Final,Final,32,American Family Field,158,Milwaukee Brewers,MIL,2,True,138,St. Louis Cardinals,STL,1,False,694819,Jacob Misiorowski,Jacob,Misiorowski,32,2002-04-03,24,"6' 7""",201,1,Pitcher,R,Right,R,Right,,,,,,,,,,,,,,,,,,,,,,,,,,
2026-05-27,823783,,/api/v1.1/game/823783/feed/live,R,2026,2026-05-27,,day,P,N,N,Regular Season,3,3,1,Final,Final,32,American Family Field,158,Milwaukee Brewers,MIL,2,True,138,St. Louis Cardinals,STL,1,False,669084,DL Hall,Dayton,Hall,37,1998-09-19,27,"6' 1""",209,1,Pitcher,L,Left,L,Left,,,,,,,,,,,,,,,,,,,,,,,,,,
2026-05-27,823783,,/api/v1.1/game/823783/feed/live,R,2026,2026-05-27,,day,P,N,N,Regular Season,3,3,1,Final,Final,32,American Family Field,158,Milwaukee Brewers,MIL,2,True,138,St. Louis Cardinals,STL,1,False,656730,Trevor Megill,Trevor,Megill,29,1993-12-05,32,"6' 8""",253,1,Pitcher,L,Left,R,Right,"1.0 IP, 0 ER, K, 0 BB",,,,,,,,,,,,,,,,1.0,0,1,0,1,0,13,0,0,1
2026-05-27,823783,,/api/v1.1/game/823783/feed/live,R,2026,2026-05-27,,day,P,N,N,Regular Season,3,3,1,Final,Final,32,American Family Field,158,Milwaukee Brewers,MIL,2,True,138,St. Louis Cardinals,STL,1,False,700241,Michael McGreevy,Michael,McGreevy,36,2000-07-08,25,"6' 4""",220,1,Pitcher,L,Left,R,Right,,,,,,,,,,,,,,,,,,,,,,,,,,
2026-05-27,823783,,/api/v1.1/game/823783/feed/live,R,2026,2026-05-27,,day,P,N,N,Regular Season,3,3,1,Final,Final,32,American Family Field,158,Milwaukee Brewers,MIL,2,True,138,St. Louis Cardinals,STL,1,False,669357,Nolan Gorman,Nolan,Gorman,16,2000-05-10,26,"6' 0""",225,5,Third Base,L,Left,R,Right,1-4 | 2 K,,4,1,0,0,0,0,0,2,0,0,0,0,4,1,,,,,,,,,,
2026-05-27,823783,,/api/v1.1/game/823783/feed/live,R,2026,2026-05-27,,day,P,N,N,Regular Season,3,3,1,Final,Final,32,American Family Field,158,Milwaukee Brewers,MIL,2,True,138,St. Louis Cardinals,STL,1,False,690155,Matt Pushard,Matthew,Pushard,67,1997-10-27,28,"6' 4""",250,1,Pitcher,R,Right,R,Right,,,,,,,,,,,,,,,,,,,,,,,,,,
2026-05-27,823783,,/api/v1.1/game/823783/feed/live,R,2026,2026-05-27,,day,P,N,N,Regular Season,3,3,1,Final,Final,32,American Family Field,158,Milwaukee Brewers,MIL,2,True,138,St. Louis Cardinals,STL,1,False,691023,Jordan Walker,Jordan,Walker,18,2002-05-22,24,"6' 6""",250,9,Outfielder,R,Right,R,Right,2-4 | R,,4,2,0,0,0,0,1,0,0,0,0,1,4,2,,,,,,,,,,
2026-05-27,823783,,/api/v1.1/game/823783/feed/live,R,2026,2026-05-27,,day,P,N,N,Regular Season,3,3,1,Final,Final,32,American Family Field,158,Milwaukee Brewers,MIL,2,True,138,St. Louis Cardinals,STL,1,False,663494,Bryan Torres,Bryan,Torres,39,1997-07-02,28,"5' 7""",165,O,Outfield,L,Left,R,Right,"1-4 | 3B, K, RBI",,4,1,0,1,0,1,0,1,0,0,0,0,4,3,,,,,,,,,,
2026-05-27,823783,,/api/v1.1/game/823783/feed/live,R,2026,2026-05-27,,day,P,N,N,Regular Season,3,3,1,Final,Final,32,American Family Field,158,Milwaukee Brewers,MIL,2,True,138,St. Louis Cardinals,STL,1,False,687363,Victor Scott II,Victor,Scott,11,2001-02-12,25,"5' 10""",190,8,Outfielder,L,Left,L,Left,"0-2 | BB, K",,2,0,0,0,0,0,0,1,1,0,0,0,3,0,,,,,,,,,,
2026-05-27,823783,,/api/v1.1/game/823783/feed/live,R,2026,2026-05-27,,day,P,N,N,Regular Season,3,3,1,Final,Final,32,American Family Field,158,Milwaukee Brewers,MIL,2,True,138,St. Louis Cardinals,STL,1,False,681517,Kyle Leahy,Kyle,Leahy,62,1997-06-04,28,"6' 5""",225,1,Pitcher,S,Switch,R,Right,,,,,,,,,,,,,,,,,,,,,,,,,,
2026-05-27,823783,,/api/v1.1/game/823783/feed/live,R,2026,2026-05-27,,day,P,N,N,Regular Season,3,3,1,Final,Final,32,American Family Field,158,Milwaukee Brewers,MIL,2,True,138,St. Louis Cardinals,STL,1,False,665877,José Fermín,José,Fermín,15,1999-03-29,27,"5' 10""",198,7,Outfielder,R,Right,R,Right,,,,,,,,,,,,,,,,,,,,,,,,,,
2026-05-27,823783,,/api/v1.1/game/823783/feed/live,R,2026,2026-05-27,,day,P,N,N,Regular Season,3,3,1,Final,Final,32,American Family Field,158,Milwaukee Brewers,MIL,2,True,138,St. Louis Cardinals,STL,1,False,681676,Ryan Fernandez,Ryan,Fernandez,64,1998-06-11,27,"6' 0""",200,1,Pitcher,R,Right,R,Right,,,,,,,,,,,,,,,,,,,,,,,,,,
2026-05-27,823783,,/api/v1.1/game/823783/feed/live,R,2026,2026-05-27,,day,P,N,N,Regular Season,3,3,1,Final,Final,32,American Family Field,158,Milwaukee Brewers,MIL,2,True,138,St. Louis Cardinals,STL,1,False,700669,Gordon Graceffo,Gordon,Graceffo,44,2000-03-17,26,"6' 4""",220,1,Pitcher,R,Right,R,Right,,,,,,,,,,,,,,,,,,,,,,,,,,
2026-05-27,823783,,/api/v1.1/game/823783/feed/live,R,2026,2026-05-27,,day,P,N,N,Regular Season,3,3,1,Final,Final,32,American Family Field,158,Milwaukee Brewers,MIL,2,True,138,St. Louis Cardinals,STL,1,False,668941,JoJo Romero,Joseph,Romero,59,1996-09-09,29,"5' 11""",215,1,Pitcher,L,Left,L,Left,"1.0 IP, 0 ER, K, 0 BB",,,,,,,,,,,,,,,,1.0,0,1,0,1,0,15,0,0,0
2026-05-27,823783,,/api/v1.1/game/823783/feed/live,R,2026,2026-05-27,,day,P,N,N,Regular Season,3,3,1,Final,Final,32,American Family Field,158,Milwaukee Brewers,MIL,2,True,138,St. Louis Cardinals,STL,1,False,802139,JJ Wetherholt,Jonathan,Wetherholt,26,2002-09-10,23,"5' 9""",190,4,Second Base,L,Left,R,Right,1-4 | 2B,,4,1,1,0,0,0,0,0,0,0,0,0,4,2,,,,,,,,,,
2026-05-27,823783,,/api/v1.1/game/823783/feed/live,R,2026,2026-05-27,,day,P,N,N,Regular Season,3,3,1,Final,Final,32,American Family Field,158,Milwaukee Brewers,MIL,2,True,138,St. Louis Cardinals,STL,1,False,677865,Justin Bruihl,Justin,Bruihl,47,1997-06-26,28,"6' 2""",215,1,Pitcher,L,Left,L,Left,,,,,,,,,,,,,,,,,,,,,,,,,,
2026-05-27,823783,,/api/v1.1/game/823783/feed/live,R,2026,2026-05-27,,day,P,N,N,Regular Season,3,3,1,Final,Final,32,American Family Field,158,Milwaukee Brewers,MIL,2,True,138,St. Louis Cardinals,STL,1,False,676475,Alec Burleson,Alec,Burleson,41,1998-11-25,27,"6' 0""",225,3,First Base,L,Left,L,Left,0-4 | K,,4,0,0,0,0,0,0,1,0,0,0,0,4,0,,,,,,,,,,
2026-05-27,823783,,/api/v1.1/game/823783/feed/live,R,2026,2026-05-27,,day,P,N,N,Regular Season,3,3,1,Final,Final,32,American Family Field,158,Milwaukee Brewers,MIL,2,True,138,St. Louis Cardinals,STL,1,False,695336,Thomas Saggese,Thomas,Saggese,25,2002-04-10,24,"5' 10""",185,7,Outfielder,R,Right,R,Right,,,,,,,,,,,,,,,,,,,,,,,,,,
2026-05-27,823783,,/api/v1.1/game/823783/feed/live,R,2026,2026-05-27,,day,P,N,N,Regular Season,3,3,1,Final,Final,32,American Family Field,158,Milwaukee Brewers,MIL,2,True,138,St. Louis Cardinals,STL,1,False,650968,Yohel Pozo,Yohel,Pozo,63,1997-06-14,28,"5' 11""",201,2,Catcher,R,Right,R,Right,0-1 | K,,1,0,0,0,0,0,0,1,0,0,0,0,1,0,,,,,,,,,,
2026-05-27,823783,,/api/v1.1/game/823783/feed/live,R,2026,2026-05-27,,day,P,N,N,Regular Season,3,3,1,Final,Final,32,American Family Field,158,Milwaukee Brewers,MIL,2,True,138,St. Louis Cardinals,STL,1,False,676617,Riley O'Brien,Riley,O'Brien,61,1995-02-06,31,"6' 4""",180,1,Pitcher,R,Right,R,Right,,,,,,,,,,,,,,,,,,,,,,,,,,
2026-05-27,823783,,/api/v1.1/game/823783/feed/live,R,2026,2026-05-27,,day,P,N,N,Regular Season,3,3,1,Final,Final,32,American Family Field,158,Milwaukee Brewers,MIL,2,True,138,St. Louis Cardinals,STL,1,False,669467,Andre Pallante,Neil,Pallante,53,1998-09-18,27,"6' 0""",215,1,Pitcher,R,Right,R,Right,,,,,,,,,,,,,,,,,,,,,,,,,,
2026-05-27,823783,,/api/v1.1/game/823783/feed/live,R,2026,2026-05-27,,day,P,N,N,Regular Season,3,3,1,Final,Final,32,American Family Field,158,Milwaukee Brewers,MIL,2,True,138,St. Louis Cardinals,STL,1,False,666277,George Soriano,George,Soriano,65,1999-03-24,27,"6' 2""",210,1,Pitcher,R,Right,R,Right,,,,,,,,,,,,,,,,,,,,,,,,,,
2026-05-27,823783,,/api/v1.1/game/823783/feed/live,R,2026,2026-05-27,,day,P,N,N,Regular Season,3,3,1,Final,Final,32,American Family Field,158,Milwaukee Brewers,MIL,2,True,138,St. Louis Cardinals,STL,1,False,686780,Pedro Pagés,Pedro,Pagés,43,1998-09-17,27,"5' 11""",245,2,Catcher,R,Right,R,Right,"1-3 | 2B, K",,3,1,1,0,0,0,0,1,0,0,0,0,3,2,,,,,,,,,,
2026-05-27,823783,,/api/v1.1/game/823783/feed/live,R,2026,2026-05-27,,day,P,N,N,Regular Season,3,3,1,Final,Final,32,American Family Field,158,Milwaukee Brewers,MIL,2,True,138,St. Louis Cardinals,STL,1,False,669461,Matthew Liberatore,Matthew,Liberatore,32,1999-11-06,26,"6' 4""",215,1,Pitcher,L,Left,L,Left,,,,,,,,,,,,,,,,,,,,,,,,,,
2026-05-27,823783,,/api/v1.1/game/823783/feed/live,R,2026,2026-05-27,,day,P,N,N,Regular Season,3,3,1,Final,Final,32,American Family Field,158,Milwaukee Brewers,MIL,2,True,138,St. Louis Cardinals,STL,1,False,592773,Ryne Stanek,Ryne,Stanek,55,1991-07-26,34,"6' 4""",226,1,Pitcher,R,Right,R,Right,,,,,,,,,,,,,,,,,,,,,,,,,,
2026-05-27,823783,,/api/v1.1/game/823783/feed/live,R,2026,2026-05-27,,day,P,N,N,Regular Season,3,3,1,Final,Final,32,American Family Field,158,Milwaukee Brewers,MIL,2,True,138,St. Louis Cardinals,STL,1,False,693409,César Prieto,Cesar,Prieto,31,1999-05-10,27,"5' 9""",195,5,Third Base,L,Left,R,Right,,,,,,,,,,,,,,,,,,,,,,,,,,
2026-05-27,823783,,/api/v1.1/game/823783/feed/live,R,2026,2026-05-27,,day,P,N,N,Regular Season,3,3,1,Final,Final,32,American Family Field,158,Milwaukee Brewers,MIL,2,True,138,St. Louis Cardinals,STL,1,False,669160,Dustin May,Dustin,May,3,1997-09-06,28,"6' 6""",180,1,Pitcher,R,Right,R,Right,"7.0 IP, ER, 9 K, 0 BB",,,,,,,,,,,,,,,,7.0,1,2,0,9,0,87,0,1,0
2026-05-27,823783,,/api/v1.1/game/823783/feed/live,R,2026,2026-05-27,,day,P,N,N,Regular Season,3,3,1,Final,Final,32,American Family Field,158,Milwaukee Brewers,MIL,2,True,138,St. Louis Cardinals,STL,1,False,691026,Masyn Winn,Masyn,Winn,0,2002-03-21,24,"5' 9""",185,6,Shortstop,R,Right,R,Right,"1-4 | K, SB",,4,1,0,0,0,0,0,1,0,1,0,1,4,1,,,,,,,,,,
2026-05-27,823783,,/api/v1.1/game/823783/feed/live,R,2026,2026-05-27,,day,P,N,N,Regular Season,3,3,1,Final,Final,32,American Family Field,158,Milwaukee Brewers,MIL,2,True,138,St. Louis Cardinals,STL,1,False,671056,Iván Herrera,Ivan,Herrera,48,2000-06-01,25,"5' 11""",220,10,Designated Hitter,R,Right,R,Right,1-3 | BB,,3,1,0,0,0,0,0,0,1,0,0,0,4,1,,,,,,,,,,
2026-05-27,825003,,/api/v1.1/game/825003/feed/live,R,2026,2026-05-27,,day,P,N,N,Regular Season,3,3,1,Final,Final,2529,Sutter Health Park,133,Athletics,ATH,1,False,136,Seattle Mariners,SEA,9,True,671732,Lawrence Butler,Lawrence,Butler,4,2000-07-10,25,"6' 3""",210,9,Outfielder,L,Left,R,Right,,,,,,,,,,,,,,,,,,,,,,,,,,
2026-05-27,825003,,/api/v1.1/game/825003/feed/live,R,2026,2026-05-27,,day,P,N,N,Regular Season,3,3,1,Final,Final,2529,Sutter Health Park,133,Athletics,ATH,1,False,136,Seattle Mariners,SEA,9,True,641680,Jonah Heim,Jonah,Heim,15,1995-06-27,30,"6' 4""",220,2,Catcher,S,Switch,R,Right,"0-3 | BB, K, R",,3,0,0,0,0,0,1,1,1,0,0,0,4,0,,,,,,,,,,
2026-05-27,825003,,/api/v1.1/game/825003/feed/live,R,2026,2026-05-27,,day,P,N,N,Regular Season,3,3,1,Final,Final,2529,Sutter Health Park,133,Athletics,ATH,1,False,136,Seattle Mariners,SEA,9,True,622663,Luis Severino,Luis,Severino,40,1994-02-20,32,"6' 2""",218,1,Pitcher,R,Right,R,Right,,,,,,,,,,,,,,,,,,,,,,,,,,
2026-05-27,825003,,/api/v1.1/game/825003/feed/live,R,2026,2026-05-27,,day,P,N,N,Regular Season,3,3,1,Final,Final,2529,Sutter Health Park,133,Athletics,ATH,1,False,136,Seattle Mariners,SEA,9,True,667670,Brent Rooker,Terry,Rooker,25,1994-11-01,31,"6' 3""",225,10,Designated Hitter,R,Right,R,Right,,,,,,,,,,,,,,,,,,,,,,,,,,
2026-05-27,825003,,/api/v1.1/game/825003/feed/live,R,2026,2026-05-27,,day,P,N,N,Regular Season,3,3,1,Final,Final,2529,Sutter Health Park,133,Athletics,ATH,1,False,136,Seattle Mariners,SEA,9,True,669372,J.T. Ginn,John,Ginn,35,1999-05-20,27,"6' 2""",200,1,Pitcher,R,Right,R,Right,,,,,,,,,,,,,,,,,,,,,,,,,,
2026-05-27,825003,,/api/v1.1/game/825003/feed/live,R,2026,2026-05-27,,day,P,N,N,Regular Season,3,3,1,Final,Final,2529,Sutter Health Park,133,Athletics,ATH,1,False,136,Seattle Mariners,SEA,9,True,680869,Zack Gelof,Zachary,Gelof,20,1999-10-19,26,"6' 2""",205,5,Third Base,R,Right,R,Right,"2-4 | 2B, K",,4,2,1,0,0,0,0,1,0,0,0,0,4,3,,,,,,,,,,
2026-05-27,825003,,/api/v1.1/game/825003/feed/live,R,2026,2026-05-27,,day,P,N,N,Regular Season,3,3,1,Final,Final,2529,Sutter Health Park,133,Athletics,ATH,1,False,136,Seattle Mariners,SEA,9,True,643446,Jeff McNeil,Jeffrey,McNeil,22,1992-04-08,34,"6' 0""",195,4,Second Base,L,Left,R,Right,0-4 | K,,4,0,0,0,0,0,0,1,0,0,0,1,4,0,,,,,,,,,,
2026-05-27,825003,,/api/v1.1/game/825003/feed/live,R,2026,2026-05-27,,day,P,N,N,Regular Season,3,3,1,Final,Final,2529,Sutter Health Park,133,Athletics,ATH,1,False,136,Seattle Mariners,SEA,9,True,686993,Justin Sterner,Justin,Sterner,60,1996-08-29,29,"6' 1""",215,1,Pitcher,R,Right,R,Right,,,,,,,,,,,,,,,,,,,,,,,,,,
2026-05-27,825003,,/api/v1.1/game/825003/feed/live,R,2026,2026-05-27,,day,P,N,N,Regular Season,3,3,1,Final,Final,2529,Sutter Health Park,133,Athletics,ATH,1,False,136,Seattle Mariners,SEA,9,True,605130,Scott Barlow,Scott,Barlow,58,1992-12-18,33,"6' 3""",210,1,Pitcher,R,Right,R,Right,,,,,,,,,,,,,,,,,,,,,,,,,,
2026-05-27,825003,,/api/v1.1/game/825003/feed/live,R,2026,2026-05-27,,day,P,N,N,Regular Season,3,3,1,Final,Final,2529,Sutter Health Park,133,Athletics,ATH,1,False,136,Seattle Mariners,SEA,9,True,666126,Carlos Cortes,Carlos,Cortes,26,1997-06-30,28,"5' 7""",197,9,Outfielder,L,Left,S,Switch,1-3 | BB,,3,1,0,0,0,0,0,0,1,0,0,0,4,1,,,,,,,,,,
2026-05-27,825003,,/api/v1.1/game/825003/feed/live,R,2026,2026-05-27,,day,P,N,N,Regular Season,3,3,1,Final,Final,2529,Sutter Health Park,133,Athletics,ATH,1,False,136,Seattle Mariners,SEA,9,True,660761,José Suarez,José,Suarez,54,1998-01-03,28,"5' 10""",225,1,Pitcher,L,Left,L,Left,"1.0 IP, 0 ER, 0 K, 0 BB",,,,,,,,,,,,,,,,1.0,0,2,0,0,0,18,0,0,0
2026-05-27,825003,,/api/v1.1/game/825003/feed/live,R,2026,2026-05-27,,day,P,N,N,Regular Season,3,3,1,Final,Final,2529,Sutter Health Park,133,Athletics,ATH,1,False,136,Seattle Mariners,SEA,9,True,682052,Jacob Lopez,Jacob,Lopez,57,1998-03-11,28,"6' 4""",220,1,Pitcher,L,Left,L,Left,,,,,,,,,,,,,,,,,,,,,,,,,,
2026-05-27,825003,,/api/v1.1/game/825003/feed/live,R,2026,2026-05-27,,day,P,N,N,Regular Season,3,3,1,Final,Final,2529,Sutter Health Park,133,Athletics,ATH,1,False,136,Seattle Mariners,SEA,9,True,675961,Alika Williams,Alexander,Williams,12,1999-03-12,27,"6' 1""",183,4,Second Base,R,Right,R,Right,,,,,,,,,,,,,,,,,,,,,,,,,,
2026-05-27,825003,,/api/v1.1/game/825003/feed/live,R,2026,2026-05-27,,day,P,N,N,Regular Season,3,3,1,Final,Final,2529,Sutter Health Park,133,Athletics,ATH,1,False,136,Seattle Mariners,SEA,9,True,669270,Joel Kuhnel,Joel,Kuhnel,47,1995-02-19,31,"6' 5""",290,1,Pitcher,R,Right,R,Right,"1.0 IP, ER, 0 K, BB",,,,,,,,,,,,,,,,1.0,1,2,0,0,1,22,0,0,0
2026-05-27,825003,,/api/v1.1/game/825003/feed/live,R,2026,2026-05-27,,day,P,N,N,Regular Season,3,3,1,Final,Final,2529,Sutter Health Park,133,Athletics,ATH,1,False,136,Seattle Mariners,SEA,9,True,691016,Tyler Soderstrom,Tyler,Soderstrom,21,2001-11-24,24,"6' 2""",200,7,Outfielder,L,Left,R,Right,"1-3 | 2B, BB, K",,3,1,1,0,0,0,0,1,1,0,0,0,4,2,,,,,,,,,,
2026-05-27,825003,,/api/v1.1/game/825003/feed/live,R,2026,2026-05-27,,day,P,N,N,Regular Season,3,3,1,Final,Final,2529,Sutter Health Park,133,Athletics,ATH,1,False,136,Seattle Mariners,SEA,9,True,695611,Gage Jump,Gage,Jump,61,2003-04-12,23,"6' 0""",200,1,Pitcher,L,Left,L,Left,,,,,,,,,,,,,,,,,,,,,,,,,,
2026-05-27,825003,,/api/v1.1/game/825003/feed/live,R,2026,2026-05-27,,day,P,N,N,Regular Season,3,3,1,Final,Final,2529,Sutter Health Park,133,Athletics,ATH,1,False,136,Seattle Mariners,SEA,9,True,687231,Darell Hernaiz,Darell,Hernaiz,2,2001-08-03,24,"5' 11""",190,5,Third Base,R,Right,R,Right,2-4,,4,2,0,0,0,0,0,0,0,0,0,0,4,2,,,,,,,,,,
2026-05-27,825003,,/api/v1.1/game/825003/feed/live,R,2026,2026-05-27,,day,P,N,N,Regular Season,3,3,1,Final,Final,2529,Sutter Health Park,133,Athletics,ATH,1,False,136,Seattle Mariners,SEA,9,True,701762,Nick Kurtz,Nicholas,Kurtz,16,2003-03-12,23,"6' 5""",240,3,First Base,L,Left,L,Left,0-4 | 2 K,,4,0,0,0,0,0,0,2,0,0,0,0,4,0,,,,,,,,,,
2026-05-27,825003,,/api/v1.1/game/825003/feed/live,R,2026,2026-05-27,,day,P,N,N,Regular Season,3,3,1,Final,Final,2529,Sutter Health Park,133,Athletics,ATH,1,False,136,Seattle Mariners,SEA,9,True,663687,Hogan Harris,Hogan,Harris,36,1996-12-26,29,"6' 3""",230,1,Pitcher,R,Right,L,Left,,,,,,,,,,,,,,,,,,,,,,,,,,
2026-05-27,825003,,/api/v1.1/game/825003/feed/live,R,2026,2026-05-27,,day,P,N,N,Regular Season,3,3,1,Final,Final,2529,Sutter Health Park,133,Athletics,ATH,1,False,136,Seattle Mariners,SEA,9,True,665622,Luis Medina,Luis,Medina,46,1999-05-03,27,"6' 1""",175,1,Pitcher,R,Right,R,Right,"2.0 IP, 3 ER, 2 K, BB",,,,,,,,,,,,,,,,2.0,3,3,1,2,1,36,0,0,0
2026-05-27,825003,,/api/v1.1/game/825003/feed/live,R,2026,2026-05-27,,day,P,N,N,Regular Season,3,3,1,Final,Final,2529,Sutter Health Park,133,Athletics,ATH,1,False,136,Seattle Mariners,SEA,9,True,703607,Henry Bolte,Henry,Bolte,33,2003-08-04,22,"6' 3""",195,8,Outfielder,R,Right,R,Right,1-4 | K,,4,1,0,0,0,0,0,1,0,0,0,1,4,1,,,,,,,,,,
2026-05-27,825003,,/api/v1.1/game/825003/feed/live,R,2026,2026-05-27,,day,P,N,N,Regular Season,3,3,1,Final,Final,2529,Sutter Health Park,133,Athletics,ATH,1,False,136,Seattle Mariners,SEA,9,True,687515,Colby Thomas,Colby,Thomas,32,2001-01-26,25,"5' 10""",190,9,Outfielder,R,Right,R,Right,,,,,,,,,,,,,,,,,,,,,,,,,,
2026-05-27,825003,,/api/v1.1/game/825003/feed/live,R,2026,2026-05-27,,day,P,N,N,Regular Season,3,3,1,Final,Final,2529,Sutter Health Park,133,Athletics,ATH,1,False,136,Seattle Mariners,SEA,9,True,669127,Shea Langeliers,Shea,Langeliers,23,1997-11-18,28,"5' 11""",205,2,Catcher,R,Right,R,Right,1-4 | K,,4,1,0,0,0,0,0,1,0,0,0,0,4,1,,,,,,,,,,
2026-05-27,825003,,/api/v1.1/game/825003/feed/live,R,2026,2026-05-27,,day,P,N,N,Regular Season,3,3,1,Final,Final,2529,Sutter Health Park,133,Athletics,ATH,1,False,136,Seattle Mariners,SEA,9,True,643410,Mark Leiter Jr.,Mark,Leiter,38,1991-03-13,35,"6' 0""",210,1,Pitcher,R,Right,R,Right,,,,,,,,,,,,,,,,,,,,,,,,,,
2026-05-27,825003,,/api/v1.1/game/825003/feed/live,R,2026,2026-05-27,,day,P,N,N,Regular Season,3,3,1,Final,Final,2529,Sutter Health Park,133,Athletics,ATH,1,False,136,Seattle Mariners,SEA,9,True,678022,Jack Perkins,Jackson,Perkins,50,1999-12-26,26,"6' 1""",220,1,Pitcher,R,Right,R,Right,,,,,,,,,,,,,,,,,,,,,,,,,,
2026-05-27,825003,,/api/v1.1/game/825003/feed/live,R,2026,2026-05-27,,day,P,N,N,Regular Season,3,3,1,Final,Final,2529,Sutter Health Park,133,Athletics,ATH,1,False,136,Seattle Mariners,SEA,9,True,605488,Jeffrey Springs,Jeffrey,Springs,59,1992-09-20,33,"6' 3""",218,1,Pitcher,L,Left,L,Left,"5.0 IP, 2 ER, 7 K, BB",,,,,,,,,,,,,,,,5.0,2,6,1,7,1,84,0,1,0
2026-05-27,825003,,/api/v1.1/game/825003/feed/live,R,2026,2026-05-27,,day,P,N,N,Regular Season,3,3,1,Final,Final,2529,Sutter Health Park,133,Athletics,ATH,1,False,136,Seattle Mariners,SEA,9,True,647304,Josh Naylor,Joshua-Douglas,Naylor,12,1997-06-22,28,"5' 10""",235,3,First Base,L,Left,L,Left,2-5 | R,,5,2,0,0,0,0,1,0,0,0,0,0,5,2,,,,,,,,,,
2026-05-27,825003,,/api/v1.1/game/825003/feed/live,R,2026,2026-05-27,,day,P,N,N,Regular Season,3,3,1,Final,Final,2529,Sutter Health Park,133,Athletics,ATH,1,False,136,Seattle Mariners,SEA,9,True,645302,Victor Robles,Victor,Robles,10,1997-05-19,29,"6' 0""",193,9,Outfielder,R,Right,R,Right,1-5 | 2 K,,5,1,0,0,0,0,0,2,0,0,0,0,5,1,,,,,,,,,,
2026-05-27,825003,,/api/v1.1/game/825003/feed/live,R,2026,2026-05-27,,day,P,N,N,Regular Season,3,3,1,Final,Final,2529,Sutter Health Park,133,Athletics,ATH,1,False,136,Seattle Mariners,SEA,9,True,702284,Cole Young,Cole,Young,2,2003-07-29,22,"5' 10""",180,4,Second Base,L,Left,R,Right,"2-4 | BB, K, 3 R",,4,2,0,0,0,0,3,1,1,0,0,0,5,2,,,,,,,,,,
2026-05-27,825003,,/api/v1.1/game/825003/feed/live,R,2026,2026-05-27,,day,P,N,N,Regular Season,3,3,1,Final,Final,2529,Sutter Health Park,133,Athletics,ATH,1,False,136,Seattle Mariners,SEA,9,True,678606,José A. Ferrer,José,Ferrer,45,2000-03-03,26,"6' 1""",233,1,Pitcher,L,Left,L,Left,,,,,,,,,,,,,,,,,,,,,,,,,,
2026-05-27,825003,,/api/v1.1/game/825003/feed/live,R,2026,2026-05-27,,day,P,N,N,Regular Season,3,3,1,Final,Final,2529,Sutter Health Park,133,Athletics,ATH,1,False,136,Seattle Mariners,SEA,9,True,695380,Alex Hoppe,Alex,Hoppe,48,1998-12-17,27,"6' 1""",200,1,Pitcher,R,Right,R,Right,,,,,,,,,,,,,,,,,,,,,,,,,,
2026-05-27,825003,,/api/v1.1/game/825003/feed/live,R,2026,2026-05-27,,day,P,N,N,Regular Season,3,3,1,Final,Final,2529,Sutter Health Park,133,Athletics,ATH,1,False,136,Seattle Mariners,SEA,9,True,641487,J.P. Crawford,John,Crawford,3,1995-01-11,31,"6' 0""",202,6,Shortstop,L,Left,R,Right,"3-5 | 2 K, R",,5,3,0,0,0,0,1,2,0,0,0,0,5,3,,,,,,,,,,
2026-05-27,825003,,/api/v1.1/game/825003/feed/live,R,2026,2026-05-27,,day,P,N,N,Regular Season,3,3,1,Final,Final,2529,Sutter Health Park,133,Athletics,ATH,1,False,136,Seattle Mariners,SEA,9,True,668227,Randy Arozarena,Randy,Arozarena,56,1995-02-28,31,"5' 10""",185,7,Outfielder,R,Right,R,Right,1-5 | K,,5,1,0,0,0,0,0,1,0,0,0,0,5,1,,,,,,,,,,
2026-05-27,825003,,/api/v1.1/game/825003/feed/live,R,2026,2026-05-27,,day,P,N,N,Regular Season,3,3,1,Final,Final,2529,Sutter Health Park,133,Athletics,ATH,1,False,136,Seattle Mariners,SEA,9,True,621550,Patrick Wisdom,Patrick,Wisdom,35,1991-08-27,34,"6' 2""",220,5,Third Base,R,Right,R,Right,,,,,,,,,,,,,,,,,,,,,,,,,,
2026-05-27,825003,,/api/v1.1/game/825003/feed/live,R,2026,2026-05-27,,day,P,N,N,Regular Season,3,3,1,Final,Final,2529,Sutter Health Park,133,Athletics,ATH,1,False,136,Seattle Mariners,SEA,9,True,686527,Dominic Canzone,Dominic,Canzone,8,1997-08-16,28,"6' 0""",190,10,Designated Hitter,L,Left,R,Right,,,,,,,,,,,,,,,,,,,,,,,,,,
2026-05-27,825003,,/api/v1.1/game/825003/feed/live,R,2026,2026-05-27,,day,P,N,N,Regular Season,3,3,1,Final,Final,2529,Sutter Health Park,133,Athletics,ATH,1,False,136,Seattle Mariners,SEA,9,True,640902,Jhonny Pereda,Jhonny,Pereda,5,1996-04-18,30,"6' 1""",202,2,Catcher,R,Right,R,Right,"0-3 | 2 BB, R",,3,0,0,0,0,0,1,0,2,0,0,0,5,0,,,,,,,,,,
2026-05-27,825003,,/api/v1.1/game/825003/feed/live,R,2026,2026-05-27,,day,P,N,N,Regular Season,3,3,1,Final,Final,2529,Sutter Health Park,133,Athletics,ATH,1,False,136,Seattle Mariners,SEA,9,True,608701,Rob Refsnyder,Robert,Refsnyder,30,1991-03-26,35,"5' 11""",215,10,Designated Hitter,R,Right,R,Right,"1-3 | HR, 3 RBI, R",,3,1,0,0,1,3,1,0,0,0,0,0,3,4,,,,,,,,,,
2026-05-27,825003,,/api/v1.1/game/825003/feed/live,R,2026,2026-05-27,,day,P,N,N,Regular Season,3,3,1,Final,Final,2529,Sutter Health Park,133,Athletics,ATH,1,False,136,Seattle Mariners,SEA,9,True,666374,Matt Brash,Matthew,Brash,47,1998-05-12,28,"6' 1""",173,1,Pitcher,R,Right,R,Right,,,,,,,,,,,,,,,,,,,,,,,,,,
2026-05-27,825003,,/api/v1.1/game/825003/feed/live,R,2026,2026-05-27,,day,P,N,N,Regular Season,3,3,1,Final,Final,2529,Sutter Health Park,133,Athletics,ATH,1,False,136,Seattle Mariners,SEA,9,True,669302,Logan Gilbert,Logan,Gilbert,36,1997-05-05,29,"6' 6""",215,1,Pitcher,R,Right,R,Right,"6.0 IP, 0 ER, 6 K, 2 BB",,,,,,,,,,,,,,,,6.0,0,5,0,6,2,91,1,0,0
2026-05-27,825003,,/api/v1.1/game/825003/feed/live,R,2026,2026-05-27,,day,P,N,N,Regular Season,3,3,1,Final,Final,2529,Sutter Health Park,133,Athletics,ATH,1,False,136,Seattle Mariners,SEA,9,True,693433,Bryan Woo,Bryan,Woo,22,2000-01-30,26,"6' 2""",205,1,Pitcher,R,Right,R,Right,,,,,,,,,,,,,,,,,,,,,,,,,,
2026-05-27,825003,,/api/v1.1/game/825003/feed/live,R,2026,2026-05-27,,day,P,N,N,Regular Season,3,3,1,Final,Final,2529,Sutter Health Park,133,Athletics,ATH,1,False,136,Seattle Mariners,SEA,9,True,806068,Colt Emerson,Colt,Emerson,4,2005-07-20,20,"6' 0""",195,5,Third Base,L,Left,R,Right,"2-4 | 3B, K, 2 RBI",,4,2,0,1,0,2,1,1,0,0,0,0,4,4,,,,,,,,,,
2026-05-27,825003,,/api/v1.1/game/825003/feed/live,R,2026,2026-05-27,,day,P,N,N,Regular Season,3,3,1,Final,Final,2529,Sutter Health Park,133,Athletics,ATH,1,False,136,Seattle Mariners,SEA,9,True,622491,Luis Castillo,Luis,Castillo,58,1992-12-12,33,"6' 2""",200,1,Pitcher,R,Right,R,Right,,,,,,,,,,,,,,,,,,,,,,,,,,
2026-05-27,825003,,/api/v1.1/game/825003/feed/live,R,2026,2026-05-27,,day,P,N,N,Regular Season,3,3,1,Final,Final,2529,Sutter Health Park,133,Athletics,ATH,1,False,136,Seattle Mariners,SEA,9,True,681867,Cooper Criswell,Cooper,Criswell,88,1996-07-24,29,"6' 6""",200,1,Pitcher,R,Right,R,Right,"2.0 IP, ER, K, BB",,,,,,,,,,,,,,,,2.0,1,2,0,1,1,26,0,0,0
2026-05-27,825003,,/api/v1.1/game/825003/feed/live,R,2026,2026-05-27,,day,P,N,N,Regular Season,3,3,1,Final,Final,2529,Sutter Health Park,133,Athletics,ATH,1,False,136,Seattle Mariners,SEA,9,True,669923,George Kirby,George,Kirby,68,1998-02-04,28,"6' 4""",215,1,Pitcher,R,Right,R,Right,,,,,,,,,,,,,,,,,,,,,,,,,,
2026-05-27,825003,,/api/v1.1/game/825003/feed/live,R,2026,2026-05-27,,day,P,N,N,Regular Season,3,3,1,Final,Final,2529,Sutter Health Park,133,Athletics,ATH,1,False,136,Seattle Mariners,SEA,9,True,662253,Andrés Muñoz,Andrés,Muñoz,75,1999-01-16,27,"6' 2""",222,1,Pitcher,R,Right,R,Right,,,,,,,,,,,,,,,,,,,,,,,,,,
2026-05-27,825003,,/api/v1.1/game/825003/feed/live,R,2026,2026-05-27,,day,P,N,N,Regular Season,3,3,1,Final,Final,2529,Sutter Health Park,133,Athletics,ATH,1,False,136,Seattle Mariners,SEA,9,True,641598,Mitch Garver,Mitchell,Garver,18,1991-01-15,35,"6' 1""",220,2,Catcher,R,Right,R,Right,,,,,,,,,,,,,,,,,,,,,,,,,,
2026-05-27,825003,,/api/v1.1/game/825003/feed/live,R,2026,2026-05-27,,day,P,N,N,Regular Season,3,3,1,Final,Final,2529,Sutter Health Park,133,Athletics,ATH,1,False,136,Seattle Mariners,SEA,9,True,642100,Gabe Speier,Gabriel,Speier,55,1995-04-12,31,"5' 11""",200,1,Pitcher,L,Left,L,Left,,,,,,,,,,,,,,,,,,,,,,,,,,
2026-05-27,825003,,/api/v1.1/game/825003/feed/live,R,2026,2026-05-27,,day,P,N,N,Regular Season,3,3,1,Final,Final,2529,Sutter Health Park,133,Athletics,ATH,1,False,136,Seattle Mariners,SEA,9,True,677594,Julio Rodríguez,Julio,Rodríguez,44,2000-12-29,25,"6' 4""",228,8,Outfielder,R,Right,R,Right,"1-5 | HR, K, 3 RBI",,5,1,0,0,1,3,1,1,0,0,0,0,5,4,,,,,,,,,,
2026-05-27,825003,,/api/v1.1/game/825003/feed/live,R,2026,2026-05-27,,day,P,N,N,Regular Season,3,3,1,Final,Final,2529,Sutter Health Park,133,Athletics,ATH,1,False,136,Seattle Mariners,SEA,9,True,682243,Bryce Miller,Bryce,Miller,50,1998-08-23,27,"6' 2""",200,1,Pitcher,R,Right,R,Right,,,,,,,,,,,,,,,,,,,,,,,,,,
2026-05-27,825003,,/api/v1.1/game/825003/feed/live,R,2026,2026-05-27,,day,P,N,N,Regular Season,3,3,1,Final,Final,2529,Sutter Health Park,133,Athletics,ATH,1,False,136,Seattle Mariners,SEA,9,True,660825,Eduard Bazardo,Eduard,Bazardo,83,1995-09-01,30,"6' 0""",190,1,Pitcher,R,Right,R,Right,"1.0 IP, 0 ER, K, 0 BB",,,,,,,,,,,,,,,,1.0,0,1,0,1,0,17,0,0,0
2026-05-27,825003,,/api/v1.1/game/825003/feed/live,R,2026,2026-05-27,,day,P,N,N,Regular Season,3,3,1,Final,Final,2529,Sutter Health Park,133,Athletics,ATH,1,False,136,Seattle Mariners,SEA,9,True,670042,Luke Raley,Lucas,Raley,20,1994-09-19,31,"6' 3""",235,9,Outfielder,L,Left,R,Right,0-2 | K,,2,0,0,0,0,0,0,1,0,0,0,0,2,0,,,,,,,,,,
2026-05-27,825003,,/api/v1.1/game/825003/feed/live,R,2026,2026-05-27,,day,P,N,N,Regular Season,3,3,1,Final,Final,2529,Sutter Health Park,133,Athletics,ATH,1,False,136,Seattle Mariners,SEA,9,True,676106,Emerson Hancock,Emerson,Hancock,26,1999-05-31,26,"6' 4""",213,1,Pitcher,R,Right,R,Right,,,,,,,,,,,,,,,,,,,,,,,,,,
2026-05-27,823217,,/api/v1.1/game/823217/feed/live,R,2026,2026-05-27,,day,P,N,N,Regular Season,3,3,1,Final,Final,2395,Oracle Park,137,San Francisco Giants,SF,2,False,109,Arizona Diamondbacks,AZ,3,True,669477,Casey Schmitt,Casey,Schmitt,10,1999-03-01,27,"6' 0""",215,10,Designated Hitter,R,Right,R,Right,0-4 | SB,,4,0,0,0,0,0,0,0,0,1,0,0,4,0,,,,,,,,,,
2026-05-27,823217,,/api/v1.1/game/823217/feed/live,R,2026,2026-05-27,,day,P,N,N,Regular Season,3,3,1,Final,Final,2395,Oracle Park,137,San Francisco Giants,SF,2,False,109,Arizona Diamondbacks,AZ,3,True,664141,JT Brubaker,Jonathan,Brubaker,34,1993-11-17,32,"6' 4""",197,1,Pitcher,R,Right,R,Right,,,,,,,,,,,,,,,,,,,,,,,,,,
2026-05-27,823217,,/api/v1.1/game/823217/feed/live,R,2026,2026-05-27,,day,P,N,N,Regular Season,3,3,1,Final,Final,2395,Oracle Park,137,San Francisco Giants,SF,2,False,109,Arizona Diamondbacks,AZ,3,True,686790,Trevor McDonald,Trevor,McDonald,72,2001-02-26,25,"6' 0""",205,1,Pitcher,R,Right,R,Right,"6.1 IP, 2 ER, 6 K, 2 BB",,,,,,,,,,,,,,,,6.1,2,6,0,6,2,86,0,1,0
2026-05-27,823217,,/api/v1.1/game/823217/feed/live,R,2026,2026-05-27,,day,P,N,N,Regular Season,3,3,1,Final,Final,2395,Oracle Park,137,San Francisco Giants,SF,2,False,109,Arizona Diamondbacks,AZ,3,True,686823,Will Brennan,William,Brennan,7,1998-02-02,28,"5' 11""",205,7,Outfielder,L,Left,L,Left,0-2 | K,,2,0,0,0,0,0,0,1,0,0,0,0,2,0,,,,,,,,,,
2026-05-27,823217,,/api/v1.1/game/823217/feed/live,R,2026,2026-05-27,,day,P,N,N,Regular Season,3,3,1,Final,Final,2395,Oracle Park,137,San Francisco Giants,SF,2,False,109,Arizona Diamondbacks,AZ,3,True,682674,Victor Bericoto,Victor,Bericoto,78,2001-12-03,24,"6' 1""",210,9,Outfielder,R,Right,R,Right,0-0,,0,0,0,0,0,0,0,0,0,0,0,0,0,0,,,,,,,,,,
2026-05-27,823217,,/api/v1.1/game/823217/feed/live,R,2026,2026-05-27,,day,P,N,N,Regular Season,3,3,1,Final,Final,2395,Oracle Park,137,San Francisco Giants,SF,2,False,109,Arizona Diamondbacks,AZ,3,True,641816,Tyler Mahle,Tyler,Mahle,54,1994-09-29,31,"6' 3""",212,1,Pitcher,R,Right,R,Right,,,,,,,,,,,,,,,,,,,,,,,,,,
2026-05-27,823217,,/api/v1.1/game/823217/feed/live,R,2026,2026-05-27,,day,P,N,N,Regular Season,3,3,1,Final,Final,2395,Oracle Park,137,San Francisco Giants,SF,2,False,109,Arizona Diamondbacks,AZ,3,True,683679,Jesus Rodriguez,Jesus,Rodriguez,79,2002-04-23,24,"5' 10""",201,2,Catcher,R,Right,R,Right,,,,,,,,,,,,,,,,,,,,,,,,,,
2026-05-27,823217,,/api/v1.1/game/823217/feed/live,R,2026,2026-05-27,,day,P,N,N,Regular Season,3,3,1,Final,Final,2395,Oracle Park,137,San Francisco Giants,SF,2,False,109,Arizona Diamondbacks,AZ,3,True,676775,Keaton Winn,Keaton,Winn,67,1998-02-20,28,"6' 4""",230,1,Pitcher,R,Right,R,Right,,,,,,,,,,,,,,,,,,,,,,,,,,
2026-05-27,823217,,/api/v1.1/game/823217/feed/live,R,2026,2026-05-27,,day,P,N,N,Regular Season,3,3,1,Final,Final,2395,Oracle Park,137,San Francisco Giants,SF,2,False,109,Arizona Diamondbacks,AZ,3,True,656305,Matt Chapman,Matt,Chapman,26,1993-04-28,33,"6' 1""",220,5,Third Base,R,Right,R,Right,0-4,,4,0,0,0,0,0,0,0,0,0,0,0,4,0,,,,,,,,,,
2026-05-27,823217,,/api/v1.1/game/823217/feed/live,R,2026,2026-05-27,,day,P,N,N,Regular Season,3,3,1,Final,Final,2395,Oracle Park,137,San Francisco Giants,SF,2,False,109,Arizona Diamondbacks,AZ,3,True,668873,Caleb Kilian,Caleb,Kilian,45,1997-06-02,28,"6' 4""",206,1,Pitcher,R,Right,R,Right,"2.0 IP, 0 ER, K, 0 BB",,,,,,,,,,,,,,,,2.0,0,0,0,1,0,19,0,0,0
2026-05-27,823217,,/api/v1.1/game/823217/feed/live,R,2026,2026-05-27,,day,P,N,N,Regular Season,3,3,1,Final,Final,2395,Oracle Park,137,San Francisco Giants,SF,2,False,109,Arizona Diamondbacks,AZ,3,True,621366,Ryan Borucki,Ryan,Borucki,47,1994-03-31,32,"6' 4""",210,1,Pitcher,L,Left,L,Left,,,,,,,,,,,,,,,,,,,,,,,,,,
2026-05-27,823217,,/api/v1.1/game/823217/feed/live,R,2026,2026-05-27,,day,P,N,N,Regular Season,3,3,1,Final,Final,2395,Oracle Park,137,San Francisco Giants,SF,2,False,109,Arizona Diamondbacks,AZ,3,True,687551,Drew Gilbert,Andrew,Gilbert,0,2000-09-27,25,"5' 9""",195,8,Outfielder,L,Left,L,Left,1-2 | R,,2,1,0,0,0,0,1,0,0,0,0,0,2,1,,,,,,,,,,
2026-05-27,823217,,/api/v1.1/game/823217/feed/live,R,2026,2026-05-27,,day,P,N,N,Regular Season,3,3,1,Final,Final,2395,Oracle Park,137,San Francisco Giants,SF,2,False,109,Arizona Diamondbacks,AZ,3,True,656529,Sam Hentges,Sam,Hentges,31,1996-07-18,29,"6' 8""",255,1,Pitcher,L,Left,L,Left,,,,,,,,,,,,,,,,,,,,,,,,,,
2026-05-27,823217,,/api/v1.1/game/823217/feed/live,R,2026,2026-05-27,,day,P,N,N,Regular Season,3,3,1,Final,Final,2395,Oracle Park,137,San Francisco Giants,SF,2,False,109,Arizona Diamondbacks,AZ,3,True,646240,Rafael Devers,Rafael,Devers,16,1996-10-24,29,"6' 0""",235,3,First Base,L,Left,R,Right,0-4 | 2 K,,4,0,0,0,0,0,0,2,0,0,0,0,4,0,,,,,,,,,,
2026-05-27,823217,,/api/v1.1/game/823217/feed/live,R,2026,2026-05-27,,day,P,N,N,Regular Season,3,3,1,Final,Final,2395,Oracle Park,137,San Francisco Giants,SF,2,False,109,Arizona Diamondbacks,AZ,3,True,666711,Joel Peguero,Joel,Peguero,63,1997-05-05,29,"5' 10""",195,1,Pitcher,R,Right,R,Right,,,,,,,,,,,,,,,,,,,,,,,,,,
2026-05-27,823217,,/api/v1.1/game/823217/feed/live,R,2026,2026-05-27,,day,P,N,N,Regular Season,3,3,1,Final,Final,2395,Oracle Park,137,San Francisco Giants,SF,2,False,109,Arizona Diamondbacks,AZ,3,True,664056,Harrison Bader,Harrison,Bader,9,1994-06-03,31,"5' 11""",219,8,Outfielder,R,Right,R,Right,0-1 | K,,1,0,0,0,0,0,0,1,0,0,0,0,1,0,,,,,,,,,,
2026-05-27,823217,,/api/v1.1/game/823217/feed/live,R,2026,2026-05-27,,day,P,N,N,Regular Season,3,3,1,Final,Final,2395,Oracle Park,137,San Francisco Giants,SF,2,False,109,Arizona Diamondbacks,AZ,3,True,606992,Eric Haase,Eric,Haase,18,1992-12-18,33,"5' 10""",201,2,Catcher,R,Right,R,Right,0-1,,1,0,0,0,0,0,0,0,0,0,0,0,1,0,,,,,,,,,,
2026-05-27,823217,,/api/v1.1/game/823217/feed/live,R,2026,2026-05-27,,day,P,N,N,Regular Season,3,3,1,Final,Final,2395,Oracle Park,137,San Francisco Giants,SF,2,False,109,Arizona Diamondbacks,AZ,3,True,605288,Adrian Houser,Adrian,Houser,12,1993-02-02,33,"6' 4""",227,1,Pitcher,R,Right,R,Right,,,,,,,,,,,,,,,,,,,,,,,,,,
2026-05-27,823217,,/api/v1.1/game/823217/feed/live,R,2026,2026-05-27,,day,P,N,N,Regular Season,3,3,1,Final,Final,2395,Oracle Park,137,San Francisco Giants,SF,2,False,109,Arizona Diamondbacks,AZ,3,True,642715,Willy Adames,Willy,Adames,2,1995-09-02,30,"6' 0""",216,6,Shortstop,R,Right,R,Right,"2-4 | 2 2B, K, R",,4,2,2,0,0,0,1,1,0,0,0,0,4,4,,,,,,,,,,
2026-05-27,823217,,/api/v1.1/game/823217/feed/live,R,2026,2026-05-27,,day,P,N,N,Regular Season,3,3,1,Final,Final,2395,Oracle Park,137,San Francisco Giants,SF,2,False,109,Arizona Diamondbacks,AZ,3,True,592662,Robbie Ray,Robert,Ray,38,1991-10-01,34,"6' 2""",220,1,Pitcher,L,Left,L,Left,,,,,,,,,,,,,,,,,,,,,,,,,,
2026-05-27,823217,,/api/v1.1/game/823217/feed/live,R,2026,2026-05-27,,day,P,N,N,Regular Season,3,3,1,Final,Final,2395,Oracle Park,137,San Francisco Giants,SF,2,False,109,Arizona Diamondbacks,AZ,3,True,669062,Erik Miller,Erik,Miller,68,1998-02-13,28,"6' 5""",269,1,Pitcher,L,Left,L,Left,,,,,,,,,,,,,,,,,,,,,,,,,,
2026-05-27,823217,,/api/v1.1/game/823217/feed/live,R,2026,2026-05-27,,day,P,N,N,Regular Season,3,3,1,Final,Final,2395,Oracle Park,137,San Francisco Giants,SF,2,False,109,Arizona Diamondbacks,AZ,3,True,694738,Landen Roupp,Landen,Roupp,65,1998-09-10,27,"6' 2""",220,1,Pitcher,R,Right,R,Right,,,,,,,,,,,,,,,,,,,,,,,,,,
2026-05-27,823217,,/api/v1.1/game/823217/feed/live,R,2026,2026-05-27,,day,P,N,N,Regular Season,3,3,1,Final,Final,2395,Oracle Park,137,San Francisco Giants,SF,2,False,109,Arizona Diamondbacks,AZ,3,True,650333,Luis Arraez,Luis,Arraez,1,1997-04-09,29,"5' 10""",186,4,Second Base,L,Left,R,Right,"3-4 | 2 RBI, SB",,4,3,0,0,0,2,0,0,0,1,0,0,4,3,,,,,,,,,,
2026-05-27,823217,,/api/v1.1/game/823217/feed/live,R,2026,2026-05-27,,day,P,N,N,Regular Season,3,3,1,Final,Final,2395,Oracle Park,137,San Francisco Giants,SF,2,False,109,Arizona Diamondbacks,AZ,3,True,805811,Bryce Eldridge,Bryson,Eldridge,8,2004-10-20,21,"6' 7""",251,10,Designated Hitter,L,Left,R,Right,0-2 | BB,,2,0,0,0,0,0,0,0,1,0,0,0,3,0,,,,,,,,,,
2026-05-27,823217,,/api/v1.1/game/823217/feed/live,R,2026,2026-05-27,,day,P,N,N,Regular Season,3,3,1,Final,Final,2395,Oracle Park,137,San Francisco Giants,SF,2,False,109,Arizona Diamondbacks,AZ,3,True,691740,Daniel Susac,Daniel,Susac,6,2001-05-14,25,"6' 5""",210,2,Catcher,R,Right,R,Right,0-3,,3,0,0,0,0,0,0,0,0,0,0,0,3,0,,,,,,,,,,
2026-05-27,823217,,/api/v1.1/game/823217/feed/live,R,2026,2026-05-27,,day,P,N,N,Regular Season,3,3,1,Final,Final,2395,Oracle Park,137,San Francisco Giants,SF,2,False,109,Arizona Diamondbacks,AZ,3,True,657424,Matt Gage,Matthew,Gage,93,1993-02-11,33,"6' 4""",261,1,Pitcher,L,Left,L,Left,"0.2 IP, 0 ER, K, 0 BB",,,,,,,,,,,,,,,,0.2,0,0,0,1,0,7,0,0,0
2026-05-27,823217,,/api/v1.1/game/823217/feed/live,R,2026,2026-05-27,,day,P,N,N,Regular Season,3,3,1,Final,Final,2395,Oracle Park,137,San Francisco Giants,SF,2,False,109,Arizona Diamondbacks,AZ,3,True,593958,Eduardo Rodriguez,Eduardo,Rodriguez,57,1993-04-07,33,"6' 2""",231,1,Pitcher,L,Left,L,Left,,,,,,,,,,,,,,,,,,,,,,,,,,
2026-05-27,823217,,/api/v1.1/game/823217/feed/live,R,2026,2026-05-27,,day,P,N,N,Regular Season,3,3,1,Final,Final,2395,Oracle Park,137,San Francisco Giants,SF,2,False,109,Arizona Diamondbacks,AZ,3,True,666661,Juan Morillo,Juan,Morillo,62,1999-03-19,27,"6' 1""",150,1,Pitcher,R,Right,R,Right,,,,,,,,,,,,,,,,,,,,,,,,,,
2026-05-27,823217,,/api/v1.1/game/823217/feed/live,R,2026,2026-05-27,,day,P,N,N,Regular Season,3,3,1,Final,Final,2395,Oracle Park,137,San Francisco Giants,SF,2,False,109,Arizona Diamondbacks,AZ,3,True,694297,Brandon Pfaadt,Brandon,Pfaadt,32,1998-10-15,27,"6' 4""",220,1,Pitcher,R,Right,R,Right,,,,,,,,,,,,,,,,,,,,,,,,,,
2026-05-27,823217,,/api/v1.1/game/823217/feed/live,R,2026,2026-05-27,,day,P,N,N,Regular Season,3,3,1,Final,Final,2395,Oracle Park,137,San Francisco Giants,SF,2,False,109,Arizona Diamondbacks,AZ,3,True,694374,Tim Tawa,Timothy,Tawa,13,1999-04-07,27,"5' 11""",196,7,Outfielder,R,Right,R,Right,,,,,,,,,,,,,,,,,,,,,,,,,,
2026-05-27,823217,,/api/v1.1/game/823217/feed/live,R,2026,2026-05-27,,day,P,N,N,Regular Season,3,3,1,Final,Final,2395,Oracle Park,137,San Francisco Giants,SF,2,False,109,Arizona Diamondbacks,AZ,3,True,680728,Adrian Del Castillo,Adrian,Del Castillo,25,1999-09-27,26,"5' 9""",208,10,Designated Hitter,L,Left,R,Right,"1-4 | K, RBI",,4,1,0,0,0,1,0,1,0,0,0,0,4,1,,,,,,,,,,
2026-05-27,823217,,/api/v1.1/game/823217/feed/live,R,2026,2026-05-27,,day,P,N,N,Regular Season,3,3,1,Final,Final,2395,Oracle Park,137,San Francisco Giants,SF,2,False,109,Arizona Diamondbacks,AZ,3,True,571448,Nolan Arenado,Nolan,Arenado,28,1991-04-16,35,"6' 2""",215,5,Third Base,R,Right,R,Right,,,,,,,,,,,,,,,,,,,,,,,,,,
2026-05-27,823217,,/api/v1.1/game/823217/feed/live,R,2026,2026-05-27,,day,P,N,N,Regular Season,3,3,1,Final,Final,2395,Oracle Park,137,San Francisco Giants,SF,2,False,109,Arizona Diamondbacks,AZ,3,True,694371,Tommy Troy,Thomas,Troy,9,2002-01-17,24,"5' 9""",197,O,Outfield,R,Right,R,Right,"1-3 | K, R",,3,1,0,0,0,0,1,1,0,0,0,0,3,1,,,,,,,,,,
2026-05-27,823217,,/api/v1.1/game/823217/feed/live,R,2026,2026-05-27,,day,P,N,N,Regular Season,3,3,1,Final,Final,2395,Oracle Park,137,San Francisco Giants,SF,2,False,109,Arizona Diamondbacks,AZ,3,True,814439,Ryan Waldschmidt,Ryan,Waldschmidt,15,2002-10-07,23,"6' 0""",205,8,Outfielder,R,Right,R,Right,"0-3 | BB, 2 K",,3,0,0,0,0,0,0,2,1,0,0,0,4,0,,,,,,,,,,
2026-05-27,823217,,/api/v1.1/game/823217/feed/live,R,2026,2026-05-27,,day,P,N,N,Regular Season,3,3,1,Final,Final,2395,Oracle Park,137,San Francisco Giants,SF,2,False,109,Arizona Diamondbacks,AZ,3,True,518876,Merrill Kelly,Kenneth,Kelly,29,1988-10-14,37,"6' 2""",202,1,Pitcher,R,Right,R,Right,,,,,,,,,,,,,,,,,,,,,,,,,,
2026-05-27,823217,,/api/v1.1/game/823217/feed/live,R,2026,2026-05-27,,day,P,N,N,Regular Season,3,3,1,Final,Final,2395,Oracle Park,137,San Francisco Giants,SF,2,False,109,Arizona Diamondbacks,AZ,3,True,656464,Kevin Ginkel,Kevin,Ginkel,37,1994-03-24,32,"6' 4""",235,1,Pitcher,L,Left,R,Right,"1.0 IP, 0 ER, 0 K, 0 BB",,,,,,,,,,,,,,,,1.0,0,2,0,0,0,9,0,0,0
2026-05-27,823217,,/api/v1.1/game/823217/feed/live,R,2026,2026-05-27,,day,P,N,N,Regular Season,3,3,1,Final,Final,2395,Oracle Park,137,San Francisco Giants,SF,2,False,109,Arizona Diamondbacks,AZ,3,True,606466,Ketel Marte,Ketel,Marte,4,1993-10-12,32,"6' 0""",210,4,Second Base,S,Switch,R,Right,2-5,,5,2,0,0,0,0,0,0,0,0,0,0,5,2,,,,,,,,,,
2026-05-27,823217,,/api/v1.1/game/823217/feed/live,R,2026,2026-05-27,,day,P,N,N,Regular Season,3,3,1,Final,Final,2395,Oracle Park,137,San Francisco Giants,SF,2,False,109,Arizona Diamondbacks,AZ,3,True,642528,Jonathan Loáisiga,Jonathan,Loáisiga,43,1994-11-02,31,"5' 11""",195,1,Pitcher,R,Right,R,Right,,,,,,,,,,,,,,,,,,,,,,,,,,
2026-05-27,823217,,/api/v1.1/game/823217/feed/live,R,2026,2026-05-27,,day,P,N,N,Regular Season,3,3,1,Final,Final,2395,Oracle Park,137,San Francisco Giants,SF,2,False,109,Arizona Diamondbacks,AZ,3,True,545121,Ildemaro Vargas,Ildemaro,Vargas,6,1991-07-16,34,"5' 11""",202,3,First Base,S,Switch,R,Right,"1-3 | K, RBI",,3,1,0,0,0,1,0,1,0,0,0,0,4,1,,,,,,,,,,
2026-05-27,823217,,/api/v1.1/game/823217/feed/live,R,2026,2026-05-27,,day,P,N,N,Regular Season,3,3,1,Final,Final,2395,Oracle Park,137,San Francisco Giants,SF,2,False,109,Arizona Diamondbacks,AZ,3,True,669194,Ryne Nelson,Ryne,Nelson,19,1998-02-01,28,"6' 3""",184,1,Pitcher,R,Right,R,Right,,,,,,,,,,,,,,,,,,,,,,,,,,
2026-05-27,823217,,/api/v1.1/game/823217/feed/live,R,2026,2026-05-27,,day,P,N,N,Regular Season,3,3,1,Final,Final,2395,Oracle Park,137,San Francisco Giants,SF,2,False,109,Arizona Diamondbacks,AZ,3,True,672695,Geraldo Perdomo,Geraldo,Perdomo,2,1999-10-22,26,"6' 2""",203,6,Shortstop,S,Switch,R,Right,"1-2 | HBP, K, RBI",,2,1,0,0,0,1,1,1,0,0,0,0,4,1,,,,,,,,,,
2026-05-27,823217,,/api/v1.1/game/823217/feed/live,R,2026,2026-05-27,,day,P,N,N,Regular Season,3,3,1,Final,Final,2395,Oracle Park,137,San Francisco Giants,SF,2,False,109,Arizona Diamondbacks,AZ,3,True,699912,Jose Fernandez,Jose,Fernandez,11,2003-09-22,22,"6' 3""",165,10,Designated Hitter,R,Right,R,Right,"0-3 | BB, K",,3,0,0,0,0,0,0,1,1,0,0,0,4,0,,,,,,,,,,
2026-05-27,823217,,/api/v1.1/game/823217/feed/live,R,2026,2026-05-27,,day,P,N,N,Regular Season,3,3,1,Final,Final,2395,Oracle Park,137,San Francisco Giants,SF,2,False,109,Arizona Diamondbacks,AZ,3,True,623149,Paul Sewald,Paul,Sewald,38,1990-05-26,36,"6' 3""",219,1,Pitcher,R,Right,R,Right,"1.0 IP, 0 ER, K, 0 BB",,,,,,,,,,,,,,,,1.0,0,0,0,1,0,12,0,0,1
2026-05-27,823217,,/api/v1.1/game/823217/feed/live,R,2026,2026-05-27,,day,P,N,N,Regular Season,3,3,1,Final,Final,2395,Oracle Park,137,San Francisco Giants,SF,2,False,109,Arizona Diamondbacks,AZ,3,True,647336,Michael Soroka,Michael,Soroka,34,1997-08-04,28,"6' 5""",250,1,Pitcher,R,Right,R,Right,"6.0 IP, 2 ER, 3 K, 0 BB",,,,,,,,,,,,,,,,6.0,2,4,0,3,0,83,1,0,0
2026-05-27,823217,,/api/v1.1/game/823217/feed/live,R,2026,2026-05-27,,day,P,N,N,Regular Season,3,3,1,Final,Final,2395,Oracle Park,137,San Francisco Giants,SF,2,False,109,Arizona Diamondbacks,AZ,3,True,672515,Gabriel Moreno,Gabriel,Moreno,14,2000-02-14,26,"5' 9""",195,2,Catcher,R,Right,R,Right,,,,,,,,,,,,,,,,,,,,,,,,,,
2026-05-27,823217,,/api/v1.1/game/823217/feed/live,R,2026,2026-05-27,,day,P,N,N,Regular Season,3,3,1,Final,Final,2395,Oracle Park,137,San Francisco Giants,SF,2,False,109,Arizona Diamondbacks,AZ,3,True,682998,Corbin Carroll,Corbin,Carroll,7,2000-08-21,25,"5' 10""",165,9,Outfielder,L,Left,L,Left,"0-4 | K, R",,4,0,0,0,0,0,1,1,0,0,0,0,4,0,,,,,,,,,,
2026-05-27,823217,,/api/v1.1/game/823217/feed/live,R,2026,2026-05-27,,day,P,N,N,Regular Season,3,3,1,Final,Final,2395,Oracle Park,137,San Francisco Giants,SF,2,False,109,Arizona Diamondbacks,AZ,3,True,664199,Taylor Clarke,Taylor,Clarke,45,1993-05-13,33,"6' 3""",210,1,Pitcher,R,Right,R,Right,,,,,,,,,,,,,,,,,,,,,,,,,,
2026-05-27,823217,,/api/v1.1/game/823217/feed/live,R,2026,2026-05-27,,day,P,N,N,Regular Season,3,3,1,Final,Final,2395,Oracle Park,137,San Francisco Giants,SF,2,False,109,Arizona Diamondbacks,AZ,3,True,668678,Zac Gallen,Zachary,Gallen,23,1995-08-03,30,"6' 2""",189,1,Pitcher,R,Right,R,Right,,,,,,,,,,,,,,,,,,,,,,,,,,
2026-05-27,823217,,/api/v1.1/game/823217/feed/live,R,2026,2026-05-27,,day,P,N,N,Regular Season,3,3,1,Final,Final,2395,Oracle Park,137,San Francisco Giants,SF,2,False,109,Arizona Diamondbacks,AZ,3,True,605244,Aramis Garcia,Aramis,Garcia,35,1993-01-12,33,"6' 1""",228,2,Catcher,R,Right,R,Right,0-4,,4,0,0,0,0,0,0,0,0,0,0,0,4,0,,,,,,,,,,
2026-05-27,823217,,/api/v1.1/game/823217/feed/live,R,2026,2026-05-27,,day,P,N,N,Regular Season,3,3,1,Final,Final,2395,Oracle Park,137,San Francisco Giants,SF,2,False,109,Arizona Diamondbacks,AZ,3,True,657044,Ryan Thompson,Ryan,Thompson,81,1992-06-26,33,"6' 5""",210,1,Pitcher,R,Right,R,Right,"0.2 IP, 0 ER, 0 K, BB",,,,,,,,,,,,,,,,0.2,0,0,0,0,1,11,0,0,0
2026-05-27,823217,,/api/v1.1/game/823217/feed/live,R,2026,2026-05-27,,day,P,N,N,Regular Season,3,3,1,Final,Final,2395,Oracle Park,137,San Francisco Giants,SF,2,False,109,Arizona Diamondbacks,AZ,3,True,805299,Brandyn Garcia,Brandyn,Garcia,55,2000-05-27,26,"6' 4""",235,1,Pitcher,L,Left,L,Left,"0.1 IP, 0 ER, K, 0 BB",,,,,,,,,,,,,,,,0.1,0,0,0,1,0,7,0,0,0
2026-05-27,823217,,/api/v1.1/game/823217/feed/live,R,2026,2026-05-27,,day,P,N,N,Regular Season,3,3,1,Final,Final,2395,Oracle Park,137,San Francisco Giants,SF,2,False,109,Arizona Diamondbacks,AZ,3,True,678489,Jorge Barrosa,Jorge,Barrosa,1,2001-02-17,25,"5' 6""",165,8,Outfielder,S,Switch,L,Left,0-1,,1,0,0,0,0,0,0,0,0,0,0,0,1,0,,,,,,,,,,
2026-05-27,823295,,/api/v1.1/game/823295/feed/live,R,2026,2026-05-27,,day,P,N,N,Regular Season,3,3,1,Final,Final,2680,Petco Park,135,San Diego Padres,SD,0,False,143,Philadelphia Phillies,PHI,3,True,673513,Yuki Matsui,Yuki,Matsui,1,1995-10-30,30,"5' 8""",165,1,Pitcher,L,Left,L,Left,,,,,,,,,,,,,,,,,,,,,,,,,,
2026-05-27,823295,,/api/v1.1/game/823295/feed/live,R,2026,2026-05-27,,day,P,N,N,Regular Season,3,3,1,Final,Final,2680,Petco Park,135,San Diego Padres,SD,0,False,143,Philadelphia Phillies,PHI,3,True,666023,Freddy Fermin,Freddy,Fermin,54,1995-05-16,31,"5' 10""",200,2,Catcher,R,Right,R,Right,0-2,,2,0,0,0,0,0,0,0,0,0,0,0,2,0,,,,,,,,,,
2026-05-27,823295,,/api/v1.1/game/823295/feed/live,R,2026,2026-05-27,,day,P,N,N,Regular Season,3,3,1,Final,Final,2680,Petco Park,135,San Diego Padres,SD,0,False,143,Philadelphia Phillies,PHI,3,True,650633,Michael King,Michael,King,34,1995-05-25,31,"6' 3""",210,1,Pitcher,R,Right,R,Right,,,,,,,,,,,,,,,,,,,,,,,,,,
2026-05-27,823295,,/api/v1.1/game/823295/feed/live,R,2026,2026-05-27,,day,P,N,N,Regular Season,3,3,1,Final,Final,2680,Petco Park,135,San Diego Padres,SD,0,False,143,Philadelphia Phillies,PHI,3,True,695243,Mason Miller,Mason,Miller,22,1998-08-24,27,"6' 5""",200,1,Pitcher,R,Right,R,Right,,,,,,,,,,,,,,,,,,,,,,,,,,
2026-05-27,823295,,/api/v1.1/game/823295/feed/live,R,2026,2026-05-27,,day,P,N,N,Regular Season,3,3,1,Final,Final,2680,Petco Park,135,San Diego Padres,SD,0,False,143,Philadelphia Phillies,PHI,3,True,593974,Wandy Peralta,Wandy,Peralta,58,1991-07-27,34,"6' 0""",227,1,Pitcher,L,Left,L,Left,,,,,,,,,,,,,,,,,,,,,,,,,,
2026-05-27,823295,,/api/v1.1/game/823295/feed/live,R,2026,2026-05-27,,day,P,N,N,Regular Season,3,3,1,Final,Final,2680,Petco Park,135,San Diego Padres,SD,0,False,143,Philadelphia Phillies,PHI,3,True,592206,Nick Castellanos,Nicholas,Castellanos,21,1992-03-04,34,"6' 3""",203,9,Outfielder,R,Right,R,Right,1-3,,3,1,0,0,0,0,0,0,0,0,0,0,3,1,,,,,,,,,,
2026-05-27,823295,,/api/v1.1/game/823295/feed/live,R,2026,2026-05-27,,day,P,N,N,Regular Season,3,3,1,Final,Final,2680,Petco Park,135,San Diego Padres,SD,0,False,143,Philadelphia Phillies,PHI,3,True,621111,Walker Buehler,Walker,Buehler,10,1994-07-28,31,"6' 2""",185,1,Pitcher,R,Right,R,Right,"5.1 IP, 2 ER, 2 K, 0 BB",,,,,,,,,,,,,,,,5.1,2,3,0,2,0,58,0,1,0
2026-05-27,823295,,/api/v1.1/game/823295/feed/live,R,2026,2026-05-27,,day,P,N,N,Regular Season,3,3,1,Final,Final,2680,Petco Park,135,San Diego Padres,SD,0,False,143,Philadelphia Phillies,PHI,3,True,701538,Jackson Merrill,Jackson,Merrill,3,2003-04-19,23,"6' 2""",195,8,Outfielder,L,Left,R,Right,2-4 | 2B,,4,2,1,0,0,0,0,0,0,0,0,0,4,3,,,,,,,,,,
2026-05-27,823295,,/api/v1.1/game/823295/feed/live,R,2026,2026-05-27,,day,P,N,N,Regular Season,3,3,1,Final,Final,2680,Petco Park,135,San Diego Padres,SD,0,False,143,Philadelphia Phillies,PHI,3,True,592094,Jason Adam,Jason,Adam,40,1991-08-04,34,"6' 3""",229,1,Pitcher,R,Right,R,Right,"1.0 IP, 0 ER, 0 K, 0 BB",,,,,,,,,,,,,,,,1.0,0,0,0,0,0,12,0,0,0
2026-05-27,823295,,/api/v1.1/game/823295/feed/live,R,2026,2026-05-27,,day,P,N,N,Regular Season,3,3,1,Final,Final,2680,Petco Park,135,San Diego Padres,SD,0,False,143,Philadelphia Phillies,PHI,3,True,656288,Griffin Canning,Griffin,Canning,17,1996-05-11,30,"6' 2""",180,1,Pitcher,R,Right,R,Right,,,,,,,,,,,,,,,,,,,,,,,,,,
2026-05-27,823295,,/api/v1.1/game/823295/feed/live,R,2026,2026-05-27,,day,P,N,N,Regular Season,3,3,1,Final,Final,2680,Petco Park,135,San Diego Padres,SD,0,False,143,Philadelphia Phillies,PHI,3,True,660710,Rodolfo Durán,Rodolfo,Durán,48,1998-02-19,28,"5' 8""",181,2,Catcher,R,Right,R,Right,0-0,,0,0,0,0,0,0,0,0,0,0,0,0,0,0,,,,,,,,,,
2026-05-27,823295,,/api/v1.1/game/823295/feed/live,R,2026,2026-05-27,,day,P,N,N,Regular Season,3,3,1,Final,Final,2680,Petco Park,135,San Diego Padres,SD,0,False,143,Philadelphia Phillies,PHI,3,True,699134,Bradgley Rodriguez,Bradgley,Rodriguez,72,2003-11-16,22,"6' 1""",160,1,Pitcher,R,Right,R,Right,,,,,,,,,,,,,,,,,,,,,,,,,,
2026-05-27,823295,,/api/v1.1/game/823295/feed/live,R,2026,2026-05-27,,day,P,N,N,Regular Season,3,3,1,Final,Final,2680,Petco Park,135,San Diego Padres,SD,0,False,143,Philadelphia Phillies,PHI,3,True,823550,Sung-Mun Song,Sung-Mun,Song,24,1996-08-29,29,"6' 0""",194,4,Second Base,L,Left,R,Right,,,,,,,,,,,,,,,,,,,,,,,,,,
2026-05-27,823295,,/api/v1.1/game/823295/feed/live,R,2026,2026-05-27,,day,P,N,N,Regular Season,3,3,1,Final,Final,2680,Petco Park,135,San Diego Padres,SD,0,False,143,Philadelphia Phillies,PHI,3,True,669093,Jeremiah Estrada,Jeremiah,Estrada,56,1998-11-01,27,"6' 1""",185,1,Pitcher,S,Switch,R,Right,"1.0 IP, 0 ER, K, 0 BB",,,,,,,,,,,,,,,,1.0,0,1,0,1,0,11,0,0,0
2026-05-27,823295,,/api/v1.1/game/823295/feed/live,R,2026,2026-05-27,,day,P,N,N,Regular Season,3,3,1,Final,Final,2680,Petco Park,135,San Diego Padres,SD,0,False,143,Philadelphia Phillies,PHI,3,True,657757,Gavin Sheets,Gavin,Sheets,30,1996-04-23,30,"6' 3""",235,3,First Base,L,Left,L,Left,0-4 | 2 K,,4,0,0,0,0,0,0,2,0,0,0,0,4,0,,,,,,,,,,
2026-05-27,823295,,/api/v1.1/game/823295/feed/live,R,2026,2026-05-27,,day,P,N,N,Regular Season,3,3,1,Final,Final,2680,Petco Park,135,San Diego Padres,SD,0,False,143,Philadelphia Phillies,PHI,3,True,657656,Ramón Laureano,Ramón,Laureano,5,1994-07-15,31,"5' 9""",203,7,Outfielder,R,Right,R,Right,"1-4 | 2B, 2 K",,4,1,1,0,0,0,0,2,0,0,0,0,4,2,,,,,,,,,,
2026-05-27,823295,,/api/v1.1/game/823295/feed/live,R,2026,2026-05-27,,day,P,N,N,Regular Season,3,3,1,Final,Final,2680,Petco Park,135,San Diego Padres,SD,0,False,143,Philadelphia Phillies,PHI,3,True,670970,Adrian Morejon,Adrian,Morejon,50,1999-02-27,27,"5' 11""",224,1,Pitcher,L,Left,L,Left,"0.2 IP, 0 ER, 0 K, 0 BB",,,,,,,,,,,,,,,,0.2,0,1,0,0,0,13,0,0,0
2026-05-27,823295,,/api/v1.1/game/823295/feed/live,R,2026,2026-05-27,,day,P,N,N,Regular Season,3,3,1,Final,Final,2680,Petco Park,135,San Diego Padres,SD,0,False,143,Philadelphia Phillies,PHI,3,True,592518,Manny Machado,Manuel,Machado,13,1992-07-06,33,"6' 2""",218,5,Third Base,R,Right,R,Right,0-4 | K,,4,0,0,0,0,0,0,1,0,0,0,0,4,0,,,,,,,,,,
2026-05-27,823295,,/api/v1.1/game/823295/feed/live,R,2026,2026-05-27,,day,P,N,N,Regular Season,3,3,1,Final,Final,2680,Petco Park,135,San Diego Padres,SD,0,False,143,Philadelphia Phillies,PHI,3,True,609280,Miguel Andujar,Miguel,Andujar,41,1995-03-02,31,"6' 0""",211,10,Designated Hitter,R,Right,R,Right,0-4 | 2 K,,4,0,0,0,0,0,0,2,0,0,0,0,4,0,,,,,,,,,,
2026-05-27,823295,,/api/v1.1/game/823295/feed/live,R,2026,2026-05-27,,day,P,N,N,Regular Season,3,3,1,Final,Final,2680,Petco Park,135,San Diego Padres,SD,0,False,143,Philadelphia Phillies,PHI,3,True,665487,Fernando Tatis Jr.,Fernando,Tatis,23,1999-01-02,27,"6' 3""",217,9,Outfielder,R,Right,R,Right,"2-4 | K, SB",,4,2,0,0,0,0,0,1,0,1,0,0,4,2,,,,,,,,,,
2026-05-27,823295,,/api/v1.1/game/823295/feed/live,R,2026,2026-05-27,,day,P,N,N,Regular Season,3,3,1,Final,Final,2680,Petco Park,135,San Diego Padres,SD,0,False,143,Philadelphia Phillies,PHI,3,True,664034,Ty France,Tyler,France,25,1994-07-13,31,"5' 10""",215,3,First Base,R,Right,R,Right,0-1 | K,,1,0,0,0,0,0,0,1,0,0,0,0,1,0,,,,,,,,,,
2026-05-27,823295,,/api/v1.1/game/823295/feed/live,R,2026,2026-05-27,,day,P,N,N,Regular Season,3,3,1,Final,Final,2680,Petco Park,135,San Diego Padres,SD,0,False,143,Philadelphia Phillies,PHI,3,True,669369,Bryce Johnson,Bryce,Johnson,29,1995-10-27,30,"5' 11""",190,9,Outfielder,S,Switch,R,Right,,,,,,,,,,,,,,,,,,,,,,,,,,
2026-05-27,823295,,/api/v1.1/game/823295/feed/live,R,2026,2026-05-27,,day,P,N,N,Regular Season,3,3,1,Final,Final,2680,Petco Park,135,San Diego Padres,SD,0,False,143,Philadelphia Phillies,PHI,3,True,593428,Xander Bogaerts,Xander,Bogaerts,2,1992-10-01,33,"6' 2""",218,6,Shortstop,R,Right,R,Right,1-4 | 2 K,,4,1,0,0,0,0,0,2,0,0,0,0,4,1,,,,,,,,,,
2026-05-27,823295,,/api/v1.1/game/823295/feed/live,R,2026,2026-05-27,,day,P,N,N,Regular Season,3,3,1,Final,Final,2680,Petco Park,135,San Diego Padres,SD,0,False,143,Philadelphia Phillies,PHI,3,True,676760,Ron Marinaccio,Ronald,Marinaccio,97,1995-07-01,30,"6' 2""",205,1,Pitcher,R,Right,R,Right,"1.0 IP, ER, 0 K, 0 BB",,,,,,,,,,,,,,,,1.0,1,1,1,0,0,14,0,0,0
2026-05-27,823295,,/api/v1.1/game/823295/feed/live,R,2026,2026-05-27,,day,P,N,N,Regular Season,3,3,1,Final,Final,2680,Petco Park,135,San Diego Padres,SD,0,False,143,Philadelphia Phillies,PHI,3,True,608337,Lucas Giolito,Lucas,Giolito,55,1994-07-14,31,"6' 6""",245,1,Pitcher,R,Right,R,Right,,,,,,,,,,,,,,,,,,,,,,,,,,
2026-05-27,823295,,/api/v1.1/game/823295/feed/live,R,2026,2026-05-27,,day,P,N,N,Regular Season,3,3,1,Final,Final,2680,Petco Park,135,San Diego Padres,SD,0,False,143,Philadelphia Phillies,PHI,3,True,681190,Randy Vásquez,Randy,Vásquez,98,1998-11-03,27,"6' 0""",165,1,Pitcher,R,Right,R,Right,,,,,,,,,,,,,,,,,,,,,,,,,,
2026-05-27,823295,,/api/v1.1/game/823295/feed/live,R,2026,2026-05-27,,day,P,N,N,Regular Season,3,3,1,Final,Final,2680,Petco Park,135,San Diego Padres,SD,0,False,143,Philadelphia Phillies,PHI,3,True,669016,Brandon Marsh,Brandon,Marsh,16,1997-12-18,28,"6' 2""",215,7,Outfielder,L,Left,R,Right,,,,,,,,,,,,,,,,,,,,,,,,,,
2026-05-27,823295,,/api/v1.1/game/823295/feed/live,R,2026,2026-05-27,,day,P,N,N,Regular Season,3,3,1,Final,Final,2680,Petco Park,135,San Diego Padres,SD,0,False,143,Philadelphia Phillies,PHI,3,True,666200,Jesús Luzardo,Jesús,Luzardo,44,1997-09-30,28,"6' 0""",218,1,Pitcher,L,Left,L,Left,,,,,,,,,,,,,,,,,,,,,,,,,,
2026-05-27,823295,,/api/v1.1/game/823295/feed/live,R,2026,2026-05-27,,day,P,N,N,Regular Season,3,3,1,Final,Final,2680,Petco Park,135,San Diego Padres,SD,0,False,143,Philadelphia Phillies,PHI,3,True,621237,José Alvarado,José,Alvarado,46,1995-05-21,31,"6' 2""",245,1,Pitcher,L,Left,L,Left,"1.0 IP, 0 ER, 2 K, 0 BB",,,,,,,,,,,,,,,,1.0,0,1,0,2,0,20,0,0,1
2026-05-27,823295,,/api/v1.1/game/823295/feed/live,R,2026,2026-05-27,,day,P,N,N,Regular Season,3,3,1,Final,Final,2680,Petco Park,135,San Diego Padres,SD,0,False,143,Philadelphia Phillies,PHI,3,True,702222,Justin Crawford,Justin,Crawford,2,2004-01-13,22,"6' 2""",188,8,Outfielder,L,Left,R,Right,1-3 | R,,3,1,0,0,0,0,1,0,0,0,0,0,3,1,,,,,,,,,,
2026-05-27,823295,,/api/v1.1/game/823295/feed/live,R,2026,2026-05-27,,day,P,N,N,Regular Season,3,3,1,Final,Final,2680,Petco Park,135,San Diego Padres,SD,0,False,143,Philadelphia Phillies,PHI,3,True,650911,Cristopher Sánchez,Cristopher,Sánchez,61,1996-12-12,29,"6' 6""",200,1,Pitcher,L,Left,L,Left,"7.0 IP, 0 ER, 9 K, 0 BB",,,,,,,,,,,,,,,,7.0,0,6,0,9,0,100,1,0,0
2026-05-27,823295,,/api/v1.1/game/823295/feed/live,R,2026,2026-05-27,,day,P,N,N,Regular Season,3,3,1,Final,Final,2680,Petco Park,135,San Diego Padres,SD,0,False,143,Philadelphia Phillies,PHI,3,True,547180,Bryce Harper,Bryce,Harper,3,1992-10-16,33,"6' 1""",210,3,First Base,L,Left,R,Right,0-4 | K,,4,0,0,0,0,0,0,1,0,0,0,1,4,0,,,,,,,,,,
2026-05-27,823295,,/api/v1.1/game/823295/feed/live,R,2026,2026-05-27,,day,P,N,N,Regular Season,3,3,1,Final,Final,2680,Petco Park,135,San Diego Padres,SD,0,False,143,Philadelphia Phillies,PHI,3,True,592663,J.T. Realmuto,Jacob,Realmuto,10,1991-03-18,35,"6' 0""",212,2,Catcher,R,Right,R,Right,1-3,,3,1,0,0,0,0,0,0,0,0,0,0,3,1,,,,,,,,,,
2026-05-27,823295,,/api/v1.1/game/823295/feed/live,R,2026,2026-05-27,,day,P,N,N,Regular Season,3,3,1,Final,Final,2680,Petco Park,135,San Diego Padres,SD,0,False,143,Philadelphia Phillies,PHI,3,True,554430,Zack Wheeler,Zachary,Wheeler,45,1990-05-30,35,"6' 4""",195,1,Pitcher,L,Left,R,Right,,,,,,,,,,,,,,,,,,,,,,,,,,
2026-05-27,823295,,/api/v1.1/game/823295/feed/live,R,2026,2026-05-27,,day,P,N,N,Regular Season,3,3,1,Final,Final,2680,Petco Park,135,San Diego Padres,SD,0,False,143,Philadelphia Phillies,PHI,3,True,624641,Edmundo Sosa,Edmundo,Sosa,33,1996-03-06,30,"5' 11""",210,4,Second Base,R,Right,R,Right,"0-2 | HBP, R",,2,0,0,0,0,0,1,0,0,0,0,0,3,0,,,,,,,,,,
2026-05-27,823295,,/api/v1.1/game/823295/feed/live,R,2026,2026-05-27,,day,P,N,N,Regular Season,3,3,1,Final,Final,2680,Petco Park,135,San Diego Padres,SD,0,False,143,Philadelphia Phillies,PHI,3,True,661395,Jhoan Duran,Jhoan,Duran,59,1998-01-08,28,"6' 5""",230,1,Pitcher,R,Right,R,Right,,,,,,,,,,,,,,,,,,,,,,,,,,
2026-05-27,823295,,/api/v1.1/game/823295/feed/live,R,2026,2026-05-27,,day,P,N,N,Regular Season,3,3,1,Final,Final,2680,Petco Park,135,San Diego Padres,SD,0,False,143,Philadelphia Phillies,PHI,3,True,689147,Orion Kerkering,Richard,Kerkering,50,2001-04-04,25,"6' 2""",204,1,Pitcher,R,Right,R,Right,,,,,,,,,,,,,,,,,,,,,,,,,,
2026-05-27,823295,,/api/v1.1/game/823295/feed/live,R,2026,2026-05-27,,day,P,N,N,Regular Season,3,3,1,Final,Final,2680,Petco Park,135,San Diego Padres,SD,0,False,143,Philadelphia Phillies,PHI,3,True,664761,Alec Bohm,Alec,Bohm,28,1996-08-03,29,"6' 4""",218,5,Third Base,R,Right,R,Right,1-4,,4,1,0,0,0,0,0,0,0,0,0,0,4,1,,,,,,,,,,
2026-05-27,823295,,/api/v1.1/game/823295/feed/live,R,2026,2026-05-27,,day,P,N,N,Regular Season,3,3,1,Final,Final,2680,Petco Park,135,San Diego Padres,SD,0,False,143,Philadelphia Phillies,PHI,3,True,680742,Jonathan Bowlan,Jonathan,Bowlan,52,1996-12-01,29,"6' 6""",240,1,Pitcher,R,Right,R,Right,"1.0 IP, 0 ER, 0 K, 0 BB",,,,,,,,,,,,,,,,1.0,0,0,0,0,0,18,0,0,0
2026-05-27,823295,,/api/v1.1/game/823295/feed/live,R,2026,2026-05-27,,day,P,N,N,Regular Season,3,3,1,Final,Final,2680,Petco Park,135,San Diego Padres,SD,0,False,143,Philadelphia Phillies,PHI,3,True,663767,Chase Shugart,Chase,Shugart,55,1996-10-24,29,"5' 11""",200,1,Pitcher,L,Left,R,Right,,,,,,,,,,,,,,,,,,,,,,,,,,
2026-05-27,823295,,/api/v1.1/game/823295/feed/live,R,2026,2026-05-27,,day,P,N,N,Regular Season,3,3,1,Final,Final,2680,Petco Park,135,San Diego Padres,SD,0,False,143,Philadelphia Phillies,PHI,3,True,641835,Tim Mayza,Timothy,Mayza,37,1992-01-15,34,"6' 3""",215,1,Pitcher,L,Left,L,Left,,,,,,,,,,,,,,,,,,,,,,,,,,
2026-05-27,823295,,/api/v1.1/game/823295/feed/live,R,2026,2026-05-27,,day,P,N,N,Regular Season,3,3,1,Final,Final,2680,Petco Park,135,San Diego Padres,SD,0,False,143,Philadelphia Phillies,PHI,3,True,681082,Bryson Stott,Bryson,Stott,5,1997-10-06,28,"6' 0""",200,4,Second Base,L,Left,R,Right,0-4,,4,0,0,0,0,0,0,0,0,0,0,1,4,0,,,,,,,,,,
2026-05-27,823295,,/api/v1.1/game/823295/feed/live,R,2026,2026-05-27,,day,P,N,N,Regular Season,3,3,1,Final,Final,2680,Petco Park,135,San Diego Padres,SD,0,False,143,Philadelphia Phillies,PHI,3,True,656941,Kyle Schwarber,Kyle,Schwarber,12,1993-03-05,33,"5' 11""",229,10,Designated Hitter,L,Left,R,Right,"2-4 | K, RBI",,4,2,0,0,0,1,0,1,0,0,0,0,4,2,,,,,,,,,,
2026-05-27,823295,,/api/v1.1/game/823295/feed/live,R,2026,2026-05-27,,day,P,N,N,Regular Season,3,3,1,Final,Final,2680,Petco Park,135,San Diego Padres,SD,0,False,143,Philadelphia Phillies,PHI,3,True,805249,Otto Kemp,Otto,Kemp,4,1999-09-09,26,"5' 11""",185,7,Outfielder,R,Right,R,Right,,,,,,,,,,,,,,,,,,,,,,,,,,
2026-05-27,823295,,/api/v1.1/game/823295/feed/live,R,2026,2026-05-27,,day,P,N,N,Regular Season,3,3,1,Final,Final,2680,Petco Park,135,San Diego Padres,SD,0,False,143,Philadelphia Phillies,PHI,3,True,665561,Rafael Marchán,Rafael,Marchán,13,1999-02-25,27,"5' 9""",170,2,Catcher,S,Switch,R,Right,,,,,,,,,,,,,,,,,,,,,,,,,,
2026-05-27,823295,,/api/v1.1/game/823295/feed/live,R,2026,2026-05-27,,day,P,N,N,Regular Season,3,3,1,Final,Final,2680,Petco Park,135,San Diego Padres,SD,0,False,143,Philadelphia Phillies,PHI,3,True,596117,Garrett Stubbs,Garrett,Stubbs,21,1993-05-26,33,"5' 9""",170,2,Catcher,L,Left,R,Right,,,,,,,,,,,,,,,,,,,,,,,,,,
2026-05-27,823295,,/api/v1.1/game/823295/feed/live,R,2026,2026-05-27,,day,P,N,N,Regular Season,3,3,1,Final,Final,2680,Petco Park,135,San Diego Padres,SD,0,False,143,Philadelphia Phillies,PHI,3,True,621383,Tanner Banks,Tanner,Banks,58,1991-10-24,34,"6' 1""",205,1,Pitcher,R,Right,L,Left,,,,,,,,,,,,,,,,,,,,,,,,,,
2026-05-27,823295,,/api/v1.1/game/823295/feed/live,R,2026,2026-05-27,,day,P,N,N,Regular Season,3,3,1,Final,Final,2680,Petco Park,135,San Diego Padres,SD,0,False,143,Philadelphia Phillies,PHI,3,True,666969,Adolis García,Jose,García,53,1993-03-02,33,"6' 0""",205,9,Outfielder,R,Right,R,Right,0-3 | K,,3,0,0,0,0,0,0,1,0,0,0,0,3,0,,,,,,,,,,
2026-05-27,823295,,/api/v1.1/game/823295/feed/live,R,2026,2026-05-27,,day,P,N,N,Regular Season,3,3,1,Final,Final,2680,Petco Park,135,San Diego Padres,SD,0,False,143,Philadelphia Phillies,PHI,3,True,605400,Aaron Nola,Aaron,Nola,27,1993-06-04,32,"6' 2""",200,1,Pitcher,R,Right,R,Right,,,,,,,,,,,,,,,,,,,,,,,,,,
2026-05-27,823295,,/api/v1.1/game/823295/feed/live,R,2026,2026-05-27,,day,P,N,N,Regular Season,3,3,1,Final,Final,2680,Petco Park,135,San Diego Padres,SD,0,False,143,Philadelphia Phillies,PHI,3,True,641745,Brad Keller,Brad,Keller,40,1995-07-27,30,"6' 5""",255,1,Pitcher,R,Right,R,Right,,,,,,,,,,,,,,,,,,,,,,,,,,
2026-05-27,823295,,/api/v1.1/game/823295/feed/live,R,2026,2026-05-27,,day,P,N,N,Regular Season,3,3,1,Final,Final,2680,Petco Park,135,San Diego Padres,SD,0,False,143,Philadelphia Phillies,PHI,3,True,607208,Trea Turner,Trea,Turner,7,1993-06-30,32,"6' 1""",185,6,Shortstop,R,Right,R,Right,"1-4 | HR, 2 RBI, R",,4,1,0,0,1,2,1,0,0,1,0,0,4,4,,,,,,,,,,
2026-05-27,823295,,/api/v1.1/game/823295/feed/live,R,2026,2026-05-27,,day,P,N,N,Regular Season,3,3,1,Final,Final,2680,Petco Park,135,San Diego Padres,SD,0,False,143,Philadelphia Phillies,PHI,3,True,691725,Andrew Painter,Andrew,Painter,24,2003-04-10,23,"6' 7""",215,1,Pitcher,R,Right,R,Right,,,,,,,,,,,,,,,,,,,,,,,,,,
2026-05-27,824836,,/api/v1.1/game/824836/feed/live,R,2026,2026-05-27,,night,P,N,N,Regular Season,3,3,1,Final,Final,2,Oriole Park at Camden Yards,110,Baltimore Orioles,BAL,11,True,139,Tampa Bay Rays,TB,2,False,669236,Jeremiah Jackson,Jeremiah,Jackson,82,2000-03-26,26,"5' 11""",200,4,Second Base,R,Right,R,Right,0-4,,4,0,0,0,0,0,0,0,0,0,0,0,4,0,,,,,,,,,,
2026-05-27,824836,,/api/v1.1/game/824836/feed/live,R,2026,2026-05-27,,night,P,N,N,Regular Season,3,3,1,Final,Final,2,Oriole Park at Camden Yards,110,Baltimore Orioles,BAL,11,True,139,Tampa Bay Rays,TB,2,False,669211,Keegan Akin,Keegan,Akin,45,1995-04-01,31,"6' 0""",235,1,Pitcher,L,Left,L,Left,"1.1 IP, 0 ER, 0 K, 0 BB",,,,,,,,,,,,,,,,1.1,0,1,0,0,0,11,0,0,0
2026-05-27,824836,,/api/v1.1/game/824836/feed/live,R,2026,2026-05-27,,night,P,N,N,Regular Season,3,3,1,Final,Final,2,Oriole Park at Camden Yards,110,Baltimore Orioles,BAL,11,True,139,Tampa Bay Rays,TB,2,False,694212,Samuel Basallo,Samuel,Basallo,29,2004-08-13,21,"6' 4""",250,2,Catcher,L,Left,R,Right,,,,,,,,,,,,,,,,,,,,,,,,,,
2026-05-27,824836,,/api/v1.1/game/824836/feed/live,R,2026,2026-05-27,,night,P,N,N,Regular Season,3,3,1,Final,Final,2,Oriole Park at Camden Yards,110,Baltimore Orioles,BAL,11,True,139,Tampa Bay Rays,TB,2,False,669432,Trevor Rogers,Trevor,Rogers,28,1997-11-13,28,"6' 5""",230,1,Pitcher,L,Left,L,Left,,,,,,,,,,,,,,,,,,,,,,,,,,
2026-05-27,824836,,/api/v1.1/game/824836/feed/live,R,2026,2026-05-27,,night,P,N,N,Regular Season,3,3,1,Final,Final,2,Oriole Park at Camden Yards,110,Baltimore Orioles,BAL,11,True,139,Tampa Bay Rays,TB,2,False,669330,Tyler Wells,Tyler,Wells,68,1994-08-26,31,"6' 8""",270,1,Pitcher,R,Right,R,Right,,,,,,,,,,,,,,,,,,,,,,,,,,
2026-05-27,824836,,/api/v1.1/game/824836/feed/live,R,2026,2026-05-27,,night,P,N,N,Regular Season,3,3,1,Final,Final,2,Oriole Park at Camden Yards,110,Baltimore Orioles,BAL,11,True,139,Tampa Bay Rays,TB,2,False,670329,Rico Garcia,Joshua,Garcia,50,1994-01-10,32,"5' 9""",215,1,Pitcher,R,Right,R,Right,,,,,,,,,,,,,,,,,,,,,,,,,,
2026-05-27,824836,,/api/v1.1/game/824836/feed/live,R,2026,2026-05-27,,night,P,N,N,Regular Season,3,3,1,Final,Final,2,Oriole Park at Camden Yards,110,Baltimore Orioles,BAL,11,True,139,Tampa Bay Rays,TB,2,False,687064,Brandon Young,Brandon,Young,63,1998-08-19,27,"6' 6""",230,1,Pitcher,R,Right,R,Right,,,,,,,,,,,,,,,,,,,,,,,,,,
2026-05-27,824836,,/api/v1.1/game/824836/feed/live,R,2026,2026-05-27,,night,P,N,N,Regular Season,3,3,1,Final,Final,2,Oriole Park at Camden Yards,110,Baltimore Orioles,BAL,11,True,139,Tampa Bay Rays,TB,2,False,642215,Weston Wilson,Weston,Wilson,32,1994-09-11,31,"6' 3""",215,5,Third Base,R,Right,R,Right,0-1,,1,0,0,0,0,0,0,0,0,0,0,0,1,0,,,,,,,,,,
2026-05-27,824836,,/api/v1.1/game/824836/feed/live,R,2026,2026-05-27,,night,P,N,N,Regular Season,3,3,1,Final,Final,2,Oriole Park at Camden Yards,110,Baltimore Orioles,BAL,11,True,139,Tampa Bay Rays,TB,2,False,683002,Gunnar Henderson,Gunnar,Henderson,2,2001-06-29,24,"6' 3""",230,6,Shortstop,L,Left,R,Right,"2-4 | 2 HR, K, 3 RBI",,4,2,0,0,2,3,2,1,0,0,0,0,4,8,,,,,,,,,,
2026-05-27,824836,,/api/v1.1/game/824836/feed/live,R,2026,2026-05-27,,night,P,N,N,Regular Season,3,3,1,Final,Final,2,Oriole Park at Camden Yards,110,Baltimore Orioles,BAL,11,True,139,Tampa Bay Rays,TB,2,False,665750,Leody Taveras,Leody,Taveras,30,1998-09-08,27,"6' 2""",210,8,Outfielder,S,Switch,R,Right,"2-4 | RBI, R, SB",,4,2,0,0,0,1,1,0,0,1,0,0,4,2,,,,,,,,,,
2026-05-27,824836,,/api/v1.1/game/824836/feed/live,R,2026,2026-05-27,,night,P,N,N,Regular Season,3,3,1,Final,Final,2,Oriole Park at Camden Yards,110,Baltimore Orioles,BAL,11,True,139,Tampa Bay Rays,TB,2,False,621493,Taylor Ward,Joseph,Ward,3,1993-12-14,32,"6' 0""",205,7,Outfielder,R,Right,R,Right,"1-4 | 2 K, R",,4,1,0,0,0,0,1,2,0,0,0,0,4,1,,,,,,,,,,
2026-05-27,824836,,/api/v1.1/game/824836/feed/live,R,2026,2026-05-27,,night,P,N,N,Regular Season,3,3,1,Final,Final,2,Oriole Park at Camden Yards,110,Baltimore Orioles,BAL,11,True,139,Tampa Bay Rays,TB,2,False,669358,Shane Baz,Shane,Baz,34,1999-06-17,26,"6' 3""",200,1,Pitcher,R,Right,R,Right,,,,,,,,,,,,,,,,,,,,,,,,,,
2026-05-27,824836,,/api/v1.1/game/824836/feed/live,R,2026,2026-05-27,,night,P,N,N,Regular Season,3,3,1,Final,Final,2,Oriole Park at Camden Yards,110,Baltimore Orioles,BAL,11,True,139,Tampa Bay Rays,TB,2,False,680694,Kyle Bradish,Kyle,Bradish,38,1996-09-12,29,"6' 3""",215,1,Pitcher,R,Right,R,Right,,,,,,,,,,,,,,,,,,,,,,,,,,
2026-05-27,824836,,/api/v1.1/game/824836/feed/live,R,2026,2026-05-27,,night,P,N,N,Regular Season,3,3,1,Final,Final,2,Oriole Park at Camden Yards,110,Baltimore Orioles,BAL,11,True,139,Tampa Bay Rays,TB,2,False,605135,Chris Bassitt,Christopher,Bassitt,40,1989-02-22,37,"6' 5""",220,1,Pitcher,R,Right,R,Right,,,,,,,,,,,,,,,,,,,,,,,,,,
2026-05-27,824836,,/api/v1.1/game/824836/feed/live,R,2026,2026-05-27,,night,P,N,N,Regular Season,3,3,1,Final,Final,2,Oriole Park at Camden Yards,110,Baltimore Orioles,BAL,11,True,139,Tampa Bay Rays,TB,2,False,668939,Adley Rutschman,Adley,Rutschman,35,1998-02-06,28,"6' 1""",230,2,Catcher,S,Switch,R,Right,"3-4 | 2 2B, BB, R",,4,3,2,0,0,0,1,0,1,0,0,0,5,5,,,,,,,,,,
2026-05-27,824836,,/api/v1.1/game/824836/feed/live,R,2026,2026-05-27,,night,P,N,N,Regular Season,3,3,1,Final,Final,2,Oriole Park at Camden Yards,110,Baltimore Orioles,BAL,11,True,139,Tampa Bay Rays,TB,2,False,641933,Tyler O'Neill,Tyler,O'Neill,9,1995-06-22,30,"5' 9""",200,9,Outfielder,R,Right,R,Right,"1-2 | K, RBI",,2,1,0,0,0,1,0,1,0,0,0,0,2,1,,,,,,,,,,
2026-05-27,824836,,/api/v1.1/game/824836/feed/live,R,2026,2026-05-27,,night,P,N,N,Regular Season,3,3,1,Final,Final,2,Oriole Park at Camden Yards,110,Baltimore Orioles,BAL,11,True,139,Tampa Bay Rays,TB,2,False,677942,Blaze Alexander,Blaze,Alexander,23,1999-06-11,26,"5' 11""",200,5,Third Base,R,Right,R,Right,"3-4 | HR, 2B, 6 RBI",,4,3,1,0,1,6,1,0,0,0,0,0,4,7,,,,,,,,,,
2026-05-27,824836,,/api/v1.1/game/824836/feed/live,R,2026,2026-05-27,,night,P,N,N,Regular Season,3,3,1,Final,Final,2,Oriole Park at Camden Yards,110,Baltimore Orioles,BAL,11,True,139,Tampa Bay Rays,TB,2,False,689296,Anthony Nunez,Anthony,Nunez,66,2001-07-10,24,"6' 2""",220,1,Pitcher,S,Switch,R,Right,"1.0 IP, 0 ER, 0 K, 0 BB",,,,,,,,,,,,,,,,1.0,0,0,0,0,0,10,0,0,0
2026-05-27,824836,,/api/v1.1/game/824836/feed/live,R,2026,2026-05-27,,night,P,N,N,Regular Season,3,3,1,Final,Final,2,Oriole Park at Camden Yards,110,Baltimore Orioles,BAL,11,True,139,Tampa Bay Rays,TB,2,False,694346,Trey Gibson,Richard,Gibson,43,2002-05-18,24,"6' 5""",240,1,Pitcher,R,Right,R,Right,"5.2 IP, ER, K, 4 BB",,,,,,,,,,,,,,,,5.2,1,6,0,1,4,100,1,0,0
2026-05-27,824836,,/api/v1.1/game/824836/feed/live,R,2026,2026-05-27,,night,P,N,N,Regular Season,3,3,1,Final,Final,2,Oriole Park at Camden Yards,110,Baltimore Orioles,BAL,11,True,139,Tampa Bay Rays,TB,2,False,624413,Pete Alonso,Peter,Alonso,25,1994-12-07,31,"6' 3""",245,3,First Base,R,Right,R,Right,1-5 | R,,5,1,0,0,0,0,1,0,0,0,0,1,5,1,,,,,,,,,,
2026-05-27,824836,,/api/v1.1/game/824836/feed/live,R,2026,2026-05-27,,night,P,N,N,Regular Season,3,3,1,Final,Final,2,Oriole Park at Camden Yards,110,Baltimore Orioles,BAL,11,True,139,Tampa Bay Rays,TB,2,False,702616,Jackson Holliday,Jackson,Holliday,7,2003-12-04,22,"5' 11""",200,4,Second Base,L,Left,R,Right,0-1,,1,0,0,0,0,0,0,0,0,0,0,0,1,0,,,,,,,,,,
2026-05-27,824836,,/api/v1.1/game/824836/feed/live,R,2026,2026-05-27,,night,P,N,N,Regular Season,3,3,1,Final,Final,2,Oriole Park at Camden Yards,110,Baltimore Orioles,BAL,11,True,139,Tampa Bay Rays,TB,2,False,552640,Andrew Kittredge,Andrew,Kittredge,39,1990-03-17,36,"6' 1""",235,1,Pitcher,R,Right,R,Right,"1.0 IP, 0 ER, 3 K, 0 BB",,,,,,,,,,,,,,,,1.0,0,0,0,3,0,17,0,0,0
2026-05-27,824836,,/api/v1.1/game/824836/feed/live,R,2026,2026-05-27,,night,P,N,N,Regular Season,3,3,1,Final,Final,2,Oriole Park at Camden Yards,110,Baltimore Orioles,BAL,11,True,139,Tampa Bay Rays,TB,2,False,664991,Grant Wolfram,Grant,Wolfram,48,1996-12-12,29,"6' 7""",250,1,Pitcher,L,Left,L,Left,,,,,,,,,,,,,,,,,,,,,,,,,,
2026-05-27,824836,,/api/v1.1/game/824836/feed/live,R,2026,2026-05-27,,night,P,N,N,Regular Season,3,3,1,Final,Final,2,Oriole Park at Camden Yards,110,Baltimore Orioles,BAL,11,True,139,Tampa Bay Rays,TB,2,False,666974,Yennier Cano,Yennier,Cano,78,1994-03-09,32,"6' 4""",245,1,Pitcher,R,Right,R,Right,"0.0 IP, ER, 0 K, BB",,,,,,,,,,,,,,,,0.0,1,3,0,0,1,15,0,0,0
2026-05-27,824836,,/api/v1.1/game/824836/feed/live,R,2026,2026-05-27,,night,P,N,N,Regular Season,3,3,1,Final,Final,2,Oriole Park at Camden Yards,110,Baltimore Orioles,BAL,11,True,139,Tampa Bay Rays,TB,2,False,681297,Colton Cowser,Colton,Cowser,17,2000-03-20,26,"6' 3""",220,8,Outfielder,L,Left,R,Right,"1-2 | K, R",,2,1,0,0,0,0,1,1,0,0,0,0,2,1,,,,,,,,,,
2026-05-27,824836,,/api/v1.1/game/824836/feed/live,R,2026,2026-05-27,,night,P,N,N,Regular Season,3,3,1,Final,Final,2,Oriole Park at Camden Yards,110,Baltimore Orioles,BAL,11,True,139,Tampa Bay Rays,TB,2,False,691723,Coby Mayo,Coby,Mayo,16,2001-12-10,24,"6' 5""",225,5,Third Base,R,Right,R,Right,"2-4 | 2B, BB, 3 R",,4,2,1,0,0,0,3,0,1,0,0,0,5,3,,,,,,,,,,
2026-05-27,824836,,/api/v1.1/game/824836/feed/live,R,2026,2026-05-27,,night,P,N,N,Regular Season,3,3,1,Final,Final,2,Oriole Park at Camden Yards,110,Baltimore Orioles,BAL,11,True,139,Tampa Bay Rays,TB,2,False,670764,Taylor Walls,Taylor,Walls,6,1996-07-10,29,"5' 9""",185,6,Shortstop,S,Switch,R,Right,,,,,,,,,,,,,,,,,,,,,,,,,,
2026-05-27,824836,,/api/v1.1/game/824836/feed/live,R,2026,2026-05-27,,night,P,N,N,Regular Season,3,3,1,Final,Final,2,Oriole Park at Camden Yards,110,Baltimore Orioles,BAL,11,True,139,Tampa Bay Rays,TB,2,False,571927,Steven Matz,Steven,Matz,32,1991-05-29,34,"6' 2""",205,1,Pitcher,R,Right,L,Left,"3.0 IP, 6 ER, 2 K, 2 BB",,,,,,,,,,,,,,,,3.0,6,7,1,2,2,62,0,1,0
2026-05-27,824836,,/api/v1.1/game/824836/feed/live,R,2026,2026-05-27,,night,P,N,N,Regular Season,3,3,1,Final,Final,2,Oriole Park at Camden Yards,110,Baltimore Orioles,BAL,11,True,139,Tampa Bay Rays,TB,2,False,686554,Oliver Dunn,Oliver,Dunn,35,1997-09-02,28,"5' 10""",207,5,Third Base,L,Left,R,Right,0-2,,2,0,0,0,0,0,0,0,0,0,0,0,2,0,,,,,,,,,,
2026-05-27,824836,,/api/v1.1/game/824836/feed/live,R,2026,2026-05-27,,night,P,N,N,Regular Season,3,3,1,Final,Final,2,Oriole Park at Camden Yards,110,Baltimore Orioles,BAL,11,True,139,Tampa Bay Rays,TB,2,False,663556,Shane McClanahan,Shane,McClanahan,18,1997-04-28,29,"6' 3""",210,1,Pitcher,L,Left,L,Left,,,,,,,,,,,,,,,,,,,,,,,,,,
2026-05-27,824836,,/api/v1.1/game/824836/feed/live,R,2026,2026-05-27,,night,P,N,N,Regular Season,3,3,1,Final,Final,2,Oriole Park at Camden Yards,110,Baltimore Orioles,BAL,11,True,139,Tampa Bay Rays,TB,2,False,680700,Richie Palacios,Richard,Palacios,1,1997-05-16,29,"5' 8""",185,4,Second Base,L,Left,R,Right,1-4,,4,1,0,0,0,0,0,0,0,0,0,0,4,1,,,,,,,,,,
2026-05-27,824836,,/api/v1.1/game/824836/feed/live,R,2026,2026-05-27,,night,P,N,N,Regular Season,3,3,1,Final,Final,2,Oriole Park at Camden Yards,110,Baltimore Orioles,BAL,11,True,139,Tampa Bay Rays,TB,2,False,700246,Carson Williams,Carson,Williams,7,2003-06-25,22,"6' 1""",180,6,Shortstop,R,Right,R,Right,0-4 | K,,4,0,0,0,0,0,0,1,0,0,0,1,4,0,,,,,,,,,,
2026-05-27,824836,,/api/v1.1/game/824836/feed/live,R,2026,2026-05-27,,night,P,N,N,Regular Season,3,3,1,Final,Final,2,Oriole Park at Camden Yards,110,Baltimore Orioles,BAL,11,True,139,Tampa Bay Rays,TB,2,False,668723,Ryan Vilade,Ryan,Vilade,26,1999-02-18,27,"6' 1""",226,9,Outfielder,R,Right,R,Right,"0-3 | BB, 2 RBI",,3,0,0,0,0,2,0,0,1,0,0,0,4,0,,,,,,,,,,
2026-05-27,824836,,/api/v1.1/game/824836/feed/live,R,2026,2026-05-27,,night,P,N,N,Regular Season,3,3,1,Final,Final,2,Oriole Park at Camden Yards,110,Baltimore Orioles,BAL,11,True,139,Tampa Bay Rays,TB,2,False,668984,Casey Legumina,Casey,Legumina,67,1997-06-19,28,"6' 2""",195,1,Pitcher,R,Right,R,Right,,,,,,,,,,,,,,,,,,,,,,,,,,
2026-05-27,824836,,/api/v1.1/game/824836/feed/live,R,2026,2026-05-27,,night,P,N,N,Regular Season,3,3,1,Final,Final,2,Oriole Park at Camden Yards,110,Baltimore Orioles,BAL,11,True,139,Tampa Bay Rays,TB,2,False,802415,Chandler Simpson,Chandler,Simpson,14,2000-11-18,25,"5' 11""",170,7,Outfielder,L,Left,R,Right,1-4 | BB,,4,1,0,0,0,0,0,0,1,0,0,1,5,1,,,,,,,,,,
2026-05-27,824836,,/api/v1.1/game/824836/feed/live,R,2026,2026-05-27,,night,P,N,N,Regular Season,3,3,1,Final,Final,2,Oriole Park at Camden Yards,110,Baltimore Orioles,BAL,11,True,139,Tampa Bay Rays,TB,2,False,607259,Nick Martinez,Nicholas,Martinez,28,1990-08-05,35,"6' 1""",200,1,Pitcher,L,Left,R,Right,,,,,,,,,,,,,,,,,,,,,,,,,,
2026-05-27,824836,,/api/v1.1/game/824836/feed/live,R,2026,2026-05-27,,night,P,N,N,Regular Season,3,3,1,Final,Final,2,Oriole Park at Camden Yards,110,Baltimore Orioles,BAL,11,True,139,Tampa Bay Rays,TB,2,False,693855,Ian Seymour,Ian,Seymour,61,1998-12-13,27,"6' 0""",215,1,Pitcher,L,Left,L,Left,,,,,,,,,,,,,,,,,,,,,,,,,,
2026-05-27,824836,,/api/v1.1/game/824836/feed/live,R,2026,2026-05-27,,night,P,N,N,Regular Season,3,3,1,Final,Final,2,Oriole Park at Camden Yards,110,Baltimore Orioles,BAL,11,True,139,Tampa Bay Rays,TB,2,False,669169,Jonathan Heasley,Jonathan,Heasley,68,1997-01-27,29,"6' 3""",225,1,Pitcher,R,Right,R,Right,"4.0 IP, 5 ER, 2 K, 0 BB",,,,,,,,,,,,,,,,4.0,5,8,2,2,0,64,0,0,0
2026-05-27,824836,,/api/v1.1/game/824836/feed/live,R,2026,2026-05-27,,night,P,N,N,Regular Season,3,3,1,Final,Final,2,Oriole Park at Camden Yards,110,Baltimore Orioles,BAL,11,True,139,Tampa Bay Rays,TB,2,False,664076,Garrett Cleavinger,Garrett,Cleavinger,60,1994-04-23,32,"6' 1""",225,1,Pitcher,R,Right,L,Left,,,,,,,,,,,,,,,,,,,,,,,,,,
2026-05-27,824836,,/api/v1.1/game/824836/feed/live,R,2026,2026-05-27,,night,P,N,N,Regular Season,3,3,1,Final,Final,2,Oriole Park at Camden Yards,110,Baltimore Orioles,BAL,11,True,139,Tampa Bay Rays,TB,2,False,676439,Hunter Feduccia,Hunter,Feduccia,9,1997-06-05,28,"6' 1""",215,2,Catcher,L,Left,R,Right,3-4 | K,,4,3,0,0,0,0,0,1,0,0,0,0,4,3,,,,,,,,,,
2026-05-27,824836,,/api/v1.1/game/824836/feed/live,R,2026,2026-05-27,,night,P,N,N,Regular Season,3,3,1,Final,Final,2,Oriole Park at Camden Yards,110,Baltimore Orioles,BAL,11,True,139,Tampa Bay Rays,TB,2,False,687330,Kevin Kelly,Kevin,Kelly,49,1997-11-28,28,"6' 2""",195,1,Pitcher,R,Right,R,Right,,,,,,,,,,,,,,,,,,,,,,,,,,
2026-05-27,824836,,/api/v1.1/game/824836/feed/live,R,2026,2026-05-27,,night,P,N,N,Regular Season,3,3,1,Final,Final,2,Oriole Park at Camden Yards,110,Baltimore Orioles,BAL,11,True,139,Tampa Bay Rays,TB,2,False,666018,Jonathan Aranda,Jonathan,Aranda,8,1998-05-23,28,"6' 0""",215,3,First Base,L,Left,R,Right,"2-2 | BB, R",,2,2,0,0,0,0,1,0,1,0,0,0,3,2,,,,,,,,,,
2026-05-27,824836,,/api/v1.1/game/824836/feed/live,R,2026,2026-05-27,,night,P,N,N,Regular Season,3,3,1,Final,Final,2,Oriole Park at Camden Yards,110,Baltimore Orioles,BAL,11,True,139,Tampa Bay Rays,TB,2,False,663743,Nick Fortes,Nicholas,Fortes,40,1996-11-11,29,"5' 11""",198,2,Catcher,R,Right,R,Right,1-1,,1,1,0,0,0,0,0,0,0,0,0,0,1,1,,,,,,,,,,
2026-05-27,824836,,/api/v1.1/game/824836/feed/live,R,2026,2026-05-27,,night,P,N,N,Regular Season,3,3,1,Final,Final,2,Oriole Park at Camden Yards,110,Baltimore Orioles,BAL,11,True,139,Tampa Bay Rays,TB,2,False,643377,Griffin Jax,James,Jax,22,1994-11-22,31,"6' 2""",195,1,Pitcher,R,Right,R,Right,,,,,,,,,,,,,,,,,,,,,,,,,,
2026-05-27,824836,,/api/v1.1/game/824836/feed/live,R,2026,2026-05-27,,night,P,N,N,Regular Season,3,3,1,Final,Final,2,Oriole Park at Camden Yards,110,Baltimore Orioles,BAL,11,True,139,Tampa Bay Rays,TB,2,False,518886,Craig Kimbrel,Craig,Kimbrel,46,1988-05-28,38,"6' 0""",215,1,Pitcher,R,Right,R,Right,,,,,,,,,,,,,,,,,,,,,,,,,,
2026-05-27,824836,,/api/v1.1/game/824836/feed/live,R,2026,2026-05-27,,night,P,N,N,Regular Season,3,3,1,Final,Final,2,Oriole Park at Camden Yards,110,Baltimore Orioles,BAL,11,True,139,Tampa Bay Rays,TB,2,False,685801,Hunter Bigge,Hunter,Bigge,43,1998-06-12,27,"6' 0""",215,1,Pitcher,R,Right,R,Right,"1.0 IP, 0 ER, K, 0 BB",,,,,,,,,,,,,,,,1.0,0,1,0,1,0,10,0,0,0
2026-05-27,824836,,/api/v1.1/game/824836/feed/live,R,2026,2026-05-27,,night,P,N,N,Regular Season,3,3,1,Final,Final,2,Oriole Park at Camden Yards,110,Baltimore Orioles,BAL,11,True,139,Tampa Bay Rays,TB,2,False,650490,Yandy Díaz,Yandy,Díaz,2,1991-08-08,34,"6' 0""",235,10,Designated Hitter,R,Right,R,Right,"0-1 | 2 BB, K",,1,0,0,0,0,0,0,1,2,0,0,0,3,0,,,,,,,,,,
2026-05-27,824836,,/api/v1.1/game/824836/feed/live,R,2026,2026-05-27,,night,P,N,N,Regular Season,3,3,1,Final,Final,2,Oriole Park at Camden Yards,110,Baltimore Orioles,BAL,11,True,139,Tampa Bay Rays,TB,2,False,683748,Victor Mesa Jr.,Victor,Mesa,25,2001-09-08,24,"5' 11""",195,8,Outfielder,L,Left,L,Left,1-2 | R,,2,1,0,0,0,0,1,0,0,0,0,0,2,1,,,,,,,,,,
2026-05-27,824836,,/api/v1.1/game/824836/feed/live,R,2026,2026-05-27,,night,P,N,N,Regular Season,3,3,1,Final,Final,2,Oriole Park at Camden Yards,110,Baltimore Orioles,BAL,11,True,139,Tampa Bay Rays,TB,2,False,641329,Bryan Baker,Bryan,Baker,47,1994-12-02,31,"6' 6""",235,1,Pitcher,R,Right,R,Right,,,,,,,,,,,,,,,,,,,,,,,,,,
2026-05-27,824836,,/api/v1.1/game/824836/feed/live,R,2026,2026-05-27,,night,P,N,N,Regular Season,3,3,1,Final,Final,2,Oriole Park at Camden Yards,110,Baltimore Orioles,BAL,11,True,139,Tampa Bay Rays,TB,2,False,691406,Junior Caminero,Junior,Caminero,13,2003-07-05,22,"6' 1""",220,5,Third Base,R,Right,R,Right,0-3,,3,0,0,0,0,0,0,0,0,0,0,1,3,0,,,,,,,,,,
2026-05-27,824836,,/api/v1.1/game/824836/feed/live,R,2026,2026-05-27,,night,P,N,N,Regular Season,3,3,1,Final,Final,2,Oriole Park at Camden Yards,110,Baltimore Orioles,BAL,11,True,139,Tampa Bay Rays,TB,2,False,656876,Drew Rasmussen,Drew,Rasmussen,57,1995-07-27,30,"6' 1""",240,1,Pitcher,R,Right,R,Right,,,,,,,,,,,,,,,,,,,,,,,,,,
2026-05-27,824836,,/api/v1.1/game/824836/feed/live,R,2026,2026-05-27,,night,P,N,N,Regular Season,3,3,1,Final,Final,2,Oriole Park at Camden Yards,110,Baltimore Orioles,BAL,11,True,139,Tampa Bay Rays,TB,2,False,656775,Cedric Mullins,Boyce,Mullins,31,1994-10-01,31,"5' 7""",175,8,Outfielder,L,Left,L,Left,1-4 | K,,4,1,0,0,0,0,0,1,0,0,0,0,4,1,,,,,,,,,,
2026-05-27,824270,,/api/v1.1/game/824270/feed/live,R,2026,2026-05-27,,night,P,N,N,Regular Season,2,3,1,Final,Final,2394,Comerica Park,116,Detroit Tigers,DET,4,True,108,Los Angeles Angels,LAA,0,False,669398,Gage Workman,Gage,Workman,99,1999-10-24,26,"6' 4""",202,5,Third Base,L,Left,R,Right,0-2,,2,0,0,0,0,0,0,0,0,0,0,0,2,0,,,,,,,,,,
2026-05-27,824270,,/api/v1.1/game/824270/feed/live,R,2026,2026-05-27,,night,P,N,N,Regular Season,2,3,1,Final,Final,2394,Comerica Park,116,Detroit Tigers,DET,4,True,108,Los Angeles Angels,LAA,0,False,664285,Framber Valdez,Framber,Valdez,59,1993-11-19,32,"5' 11""",230,1,Pitcher,R,Right,L,Left,,,,,,,,,,,,,,,,,,,,,,,,,,
2026-05-27,824270,,/api/v1.1/game/824270/feed/live,R,2026,2026-05-27,,night,P,N,N,Regular Season,2,3,1,Final,Final,2394,Comerica Park,116,Detroit Tigers,DET,4,True,108,Los Angeles Angels,LAA,0,False,656716,Zach McKinstry,Zachary,McKinstry,39,1995-04-29,31,"5' 11""",180,4,Second Base,L,Left,R,Right,"0-3 | BB, K",,3,0,0,0,0,0,0,1,1,0,0,0,4,0,,,,,,,,,,
2026-05-27,824270,,/api/v1.1/game/824270/feed/live,R,2026,2026-05-27,,night,P,N,N,Regular Season,2,3,1,Final,Final,2394,Comerica Park,116,Detroit Tigers,DET,4,True,108,Los Angeles Angels,LAA,0,False,663554,Casey Mize,Casey,Mize,12,1997-05-01,29,"6' 3""",212,1,Pitcher,R,Right,R,Right,"4.0 IP, 0 ER, 6 K, BB",,,,,,,,,,,,,,,,4.0,0,2,0,6,1,58,0,0,0
2026-05-27,824270,,/api/v1.1/game/824270/feed/live,R,2026,2026-05-27,,night,P,N,N,Regular Season,2,3,1,Final,Final,2394,Comerica Park,116,Detroit Tigers,DET,4,True,108,Los Angeles Angels,LAA,0,False,701678,Hao-Yu  Lee,Hao-Yu ,Lee,50,2003-02-03,23,"5' 9""",190,5,Third Base,R,Right,R,Right,0-4,,4,0,0,0,0,0,0,0,0,0,0,0,4,0,,,,,,,,,,
2026-05-27,824270,,/api/v1.1/game/824270/feed/live,R,2026,2026-05-27,,night,P,N,N,Regular Season,2,3,1,Final,Final,2394,Comerica Park,116,Detroit Tigers,DET,4,True,108,Los Angeles Angels,LAA,0,False,663330,Jahmai Jones,Jahmai,Jones,18,1997-08-04,28,"5' 10""",210,10,Designated Hitter,R,Right,R,Right,0-2 | K,,2,0,0,0,0,0,0,1,0,0,0,0,2,0,,,,,,,,,,
2026-05-27,824270,,/api/v1.1/game/824270/feed/live,R,2026,2026-05-27,,night,P,N,N,Regular Season,2,3,1,Final,Final,2394,Comerica Park,116,Detroit Tigers,DET,4,True,108,Los Angeles Angels,LAA,0,False,623454,Drew Anderson,Andrew,Anderson,38,1994-03-22,32,"6' 3""",205,1,Pitcher,R,Right,R,Right,"3.0 IP, 0 ER, 3 K, 0 BB",,,,,,,,,,,,,,,,3.0,0,0,0,3,0,35,1,0,0
2026-05-27,824270,,/api/v1.1/game/824270/feed/live,R,2026,2026-05-27,,night,P,N,N,Regular Season,2,3,1,Final,Final,2394,Comerica Park,116,Detroit Tigers,DET,4,True,108,Los Angeles Angels,LAA,0,False,682985,Riley Greene,Riley,Greene,31,2000-09-28,25,"6' 2""",200,7,Outfielder,L,Left,L,Left,"1-4 | 2 K, RBI",,4,1,0,0,0,1,0,2,0,0,0,0,4,1,,,,,,,,,,
2026-05-27,824270,,/api/v1.1/game/824270/feed/live,R,2026,2026-05-27,,night,P,N,N,Regular Season,2,3,1,Final,Final,2394,Comerica Park,116,Detroit Tigers,DET,4,True,108,Los Angeles Angels,LAA,0,False,663947,Tyler Holton,Weston,Holton,87,1996-06-13,29,"6' 2""",200,1,Pitcher,L,Left,L,Left,,,,,,,,,,,,,,,,,,,,,,,,,,
2026-05-27,824270,,/api/v1.1/game/824270/feed/live,R,2026,2026-05-27,,night,P,N,N,Regular Season,2,3,1,Final,Final,2394,Comerica Park,116,Detroit Tigers,DET,4,True,108,Los Angeles Angels,LAA,0,False,805808,Kevin McGonigle,Kevin,McGonigle,7,2004-08-18,21,"5' 9""",187,6,Shortstop,L,Left,R,Right,"2-3 | BB, 2 R",,3,2,0,0,0,0,2,0,1,0,0,1,4,2,,,,,,,,,,
2026-05-27,824270,,/api/v1.1/game/824270/feed/live,R,2026,2026-05-27,,night,P,N,N,Regular Season,2,3,1,Final,Final,2394,Comerica Park,116,Detroit Tigers,DET,4,True,108,Los Angeles Angels,LAA,0,False,640448,Kyle Finnegan,Kyle,Finnegan,67,1991-09-04,34,"6' 2""",198,1,Pitcher,R,Right,R,Right,"1.0 IP, 0 ER, 0 K, 0 BB",,,,,,,,,,,,,,,,1.0,0,0,0,0,0,16,0,0,0
2026-05-27,824270,,/api/v1.1/game/824270/feed/live,R,2026,2026-05-27,,night,P,N,N,Regular Season,2,3,1,Final,Final,2394,Comerica Park,116,Detroit Tigers,DET,4,True,108,Los Angeles Angels,LAA,0,False,445276,Kenley Jansen,Kenley,Jansen,74,1987-09-30,38,"6' 5""",265,1,Pitcher,S,Switch,R,Right,"0.2 IP, 0 ER, 0 K, BB",,,,,,,,,,,,,,,,0.2,0,0,0,0,1,9,0,0,0
2026-05-27,824270,,/api/v1.1/game/824270/feed/live,R,2026,2026-05-27,,night,P,N,N,Regular Season,2,3,1,Final,Final,2394,Comerica Park,116,Detroit Tigers,DET,4,True,108,Los Angeles Angels,LAA,0,False,656427,Jack Flaherty,Jack,Flaherty,9,1995-10-15,30,"6' 4""",225,1,Pitcher,R,Right,R,Right,,,,,,,,,,,,,,,,,,,,,,,,,,
2026-05-27,824270,,/api/v1.1/game/824270/feed/live,R,2026,2026-05-27,,night,P,N,N,Regular Season,2,3,1,Final,Final,2394,Comerica Park,116,Detroit Tigers,DET,4,True,108,Los Angeles Angels,LAA,0,False,670097,Zack Short,Zachary,Short,15,1995-05-29,30,"5' 10""",180,6,Shortstop,R,Right,R,Right,,,,,,,,,,,,,,,,,,,,,,,,,,
2026-05-27,824270,,/api/v1.1/game/824270/feed/live,R,2026,2026-05-27,,night,P,N,N,Regular Season,2,3,1,Final,Final,2394,Comerica Park,116,Detroit Tigers,DET,4,True,108,Los Angeles Angels,LAA,0,False,679529,Spencer Torkelson,Spencer,Torkelson,20,1999-08-26,26,"6' 1""",220,3,First Base,R,Right,R,Right,"3-4 | HR, 2 2B, K",,4,3,2,0,1,1,1,1,0,0,0,0,4,8,,,,,,,,,,
2026-05-27,824270,,/api/v1.1/game/824270/feed/live,R,2026,2026-05-27,,night,P,N,N,Regular Season,2,3,1,Final,Final,2394,Comerica Park,116,Detroit Tigers,DET,4,True,108,Los Angeles Angels,LAA,0,False,672456,Keider Montero,Keider,Montero,54,2000-07-06,25,"6' 1""",145,1,Pitcher,R,Right,R,Right,,,,,,,,,,,,,,,,,,,,,,,,,,
2026-05-27,824270,,/api/v1.1/game/824270/feed/live,R,2026,2026-05-27,,night,P,N,N,Regular Season,2,3,1,Final,Final,2394,Comerica Park,116,Detroit Tigers,DET,4,True,108,Los Angeles Angels,LAA,0,False,668670,Jake Rogers,Jacob,Rogers,34,1995-04-18,31,"5' 11""",201,2,Catcher,R,Right,R,Right,,,,,,,,,,,,,,,,,,,,,,,,,,
2026-05-27,824270,,/api/v1.1/game/824270/feed/live,R,2026,2026-05-27,,night,P,N,N,Regular Season,2,3,1,Final,Final,2394,Comerica Park,116,Detroit Tigers,DET,4,True,108,Los Angeles Angels,LAA,0,False,646241,Enmanuel De Jesus,Enmanuel,De Jesus,37,1996-12-10,29,"6' 3""",190,1,Pitcher,L,Left,L,Left,,,,,,,,,,,,,,,,,,,,,,,,,,
2026-05-27,824270,,/api/v1.1/game/824270/feed/live,R,2026,2026-05-27,,night,P,N,N,Regular Season,2,3,1,Final,Final,2394,Comerica Park,116,Detroit Tigers,DET,4,True,108,Los Angeles Angels,LAA,0,False,669724,Brenan Hanifee,Brenan,Hanifee,75,1998-05-29,27,"6' 5""",215,1,Pitcher,R,Right,R,Right,"0.1 IP, 0 ER, 0 K, BB",,,,,,,,,,,,,,,,0.1,0,0,0,0,1,6,0,0,0
2026-05-27,824270,,/api/v1.1/game/824270/feed/live,R,2026,2026-05-27,,night,P,N,N,Regular Season,2,3,1,Final,Final,2394,Comerica Park,116,Detroit Tigers,DET,4,True,108,Los Angeles Angels,LAA,0,False,663837,Matt Vierling,Matthew,Vierling,8,1996-09-16,29,"6' 1""",205,8,Outfielder,R,Right,R,Right,0-1,,1,0,0,0,0,0,0,0,0,0,0,0,1,0,,,,,,,,,,
2026-05-27,824270,,/api/v1.1/game/824270/feed/live,R,2026,2026-05-27,,night,P,N,N,Regular Season,2,3,1,Final,Final,2394,Comerica Park,116,Detroit Tigers,DET,4,True,108,Los Angeles Angels,LAA,0,False,693307,Dillon Dingler,Francis,Dingler,13,1998-09-17,27,"6' 1""",210,2,Catcher,R,Right,R,Right,"2-3 | 2B, BB, RBI",,3,2,1,0,0,1,0,0,1,0,0,0,4,3,,,,,,,,,,
2026-05-27,824270,,/api/v1.1/game/824270/feed/live,R,2026,2026-05-27,,night,P,N,N,Regular Season,2,3,1,Final,Final,2394,Comerica Park,116,Detroit Tigers,DET,4,True,108,Los Angeles Angels,LAA,0,False,676684,Will Vest,William,Vest,19,1995-06-06,30,"6' 0""",180,1,Pitcher,R,Right,R,Right,,,,,,,,,,,,,,,,,,,,,,,,,,
2026-05-27,824270,,/api/v1.1/game/824270/feed/live,R,2026,2026-05-27,,night,P,N,N,Regular Season,2,3,1,Final,Final,2394,Comerica Park,116,Detroit Tigers,DET,4,True,108,Los Angeles Angels,LAA,0,False,690993,Colt Keith,Colten,Keith,33,2001-08-14,24,"6' 2""",211,5,Third Base,L,Left,R,Right,"2-3 | K, R",,3,2,0,0,0,0,1,1,0,0,0,0,3,2,,,,,,,,,,
2026-05-27,824270,,/api/v1.1/game/824270/feed/live,R,2026,2026-05-27,,night,P,N,N,Regular Season,2,3,1,Final,Final,2394,Comerica Park,116,Detroit Tigers,DET,4,True,108,Los Angeles Angels,LAA,0,False,672761,Wenceel Pérez,Wenceel,Pérez,46,1999-10-30,26,"5' 11""",203,9,Outfielder,S,Switch,R,Right,0-3 | BB,,3,0,0,0,0,0,0,0,1,0,0,0,4,0,,,,,,,,,,
2026-05-27,824270,,/api/v1.1/game/824270/feed/live,R,2026,2026-05-27,,night,P,N,N,Regular Season,2,3,1,Final,Final,2394,Comerica Park,116,Detroit Tigers,DET,4,True,108,Los Angeles Angels,LAA,0,False,675512,Troy Melton,Troy,Melton,52,2000-12-03,25,"6' 4""",210,1,Pitcher,R,Right,R,Right,,,,,,,,,,,,,,,,,,,,,,,,,,
2026-05-27,824270,,/api/v1.1/game/824270/feed/live,R,2026,2026-05-27,,night,P,N,N,Regular Season,2,3,1,Final,Final,2394,Comerica Park,116,Detroit Tigers,DET,4,True,108,Los Angeles Angels,LAA,0,False,676568,Ricky Vanasco,Ricky,Vanasco,70,1998-10-13,27,"6' 3""",180,1,Pitcher,R,Right,R,Right,,,,,,,,,,,,,,,,,,,,,,,,,,
2026-05-27,824270,,/api/v1.1/game/824270/feed/live,R,2026,2026-05-27,,night,P,N,N,Regular Season,2,3,1,Final,Final,2394,Comerica Park,116,Detroit Tigers,DET,4,True,108,Los Angeles Angels,LAA,0,False,624428,Adam Frazier,Adam,Frazier,20,1991-12-14,34,"5' 10""",190,4,Second Base,L,Left,R,Right,,,,,,,,,,,,,,,,,,,,,,,,,,
2026-05-27,824270,,/api/v1.1/game/824270/feed/live,R,2026,2026-05-27,,night,P,N,N,Regular Season,2,3,1,Final,Final,2394,Comerica Park,116,Detroit Tigers,DET,4,True,108,Los Angeles Angels,LAA,0,False,672724,Oswald Peraza,Oswald,Peraza,2,2000-06-15,25,"5' 11""",200,4,Second Base,R,Right,R,Right,0-3 | K,,3,0,0,0,0,0,0,1,0,0,0,0,3,0,,,,,,,,,,
2026-05-27,824270,,/api/v1.1/game/824270/feed/live,R,2026,2026-05-27,,night,P,N,N,Regular Season,2,3,1,Final,Final,2394,Comerica Park,116,Detroit Tigers,DET,4,True,108,Los Angeles Angels,LAA,0,False,622268,Donovan Walton,Donovan,Walton,35,1994-05-25,32,"5' 9""",190,4,Second Base,L,Left,R,Right,1-3 | K,,3,1,0,0,0,0,0,1,0,0,0,0,3,1,,,,,,,,,,
2026-05-27,824270,,/api/v1.1/game/824270/feed/live,R,2026,2026-05-27,,night,P,N,N,Regular Season,2,3,1,Final,Final,2394,Comerica Park,116,Detroit Tigers,DET,4,True,108,Los Angeles Angels,LAA,0,False,642350,Jose Siri,Jose,Siri,28,1995-07-22,30,"6' 2""",210,7,Outfielder,R,Right,R,Right,,,,,,,,,,,,,,,,,,,,,,,,,,
2026-05-27,824270,,/api/v1.1/game/824270/feed/live,R,2026,2026-05-27,,night,P,N,N,Regular Season,2,3,1,Final,Final,2394,Comerica Park,116,Detroit Tigers,DET,4,True,108,Los Angeles Angels,LAA,0,False,687263,Zach Neto,Zachary,Neto,9,2001-01-31,25,"5' 11""",185,6,Shortstop,R,Right,R,Right,0-4 | 2 K,,4,0,0,0,0,0,0,2,0,0,0,0,4,0,,,,,,,,,,
2026-05-27,824270,,/api/v1.1/game/824270/feed/live,R,2026,2026-05-27,,night,P,N,N,Regular Season,2,3,1,Final,Final,2394,Comerica Park,116,Detroit Tigers,DET,4,True,108,Los Angeles Angels,LAA,0,False,624585,Jorge Soler,Jorge,Soler,12,1992-02-25,34,"6' 3""",235,10,Designated Hitter,R,Right,R,Right,1-4 | 2 K,,4,1,0,0,0,0,0,2,0,0,0,0,4,1,,,,,,,,,,
2026-05-27,824270,,/api/v1.1/game/824270/feed/live,R,2026,2026-05-27,,night,P,N,N,Regular Season,2,3,1,Final,Final,2394,Comerica Park,116,Detroit Tigers,DET,4,True,108,Los Angeles Angels,LAA,0,False,663611,Nick Madrigal,Nicklaus,Madrigal,17,1997-03-05,29,"5' 7""",175,5,Third Base,R,Right,R,Right,,,,,,,,,,,,,,,,,,,,,,,,,,
2026-05-27,824270,,/api/v1.1/game/824270/feed/live,R,2026,2026-05-27,,night,P,N,N,Regular Season,2,3,1,Final,Final,2394,Comerica Park,116,Detroit Tigers,DET,4,True,108,Los Angeles Angels,LAA,0,False,681217,Chase Silseth,Chase,Silseth,63,2000-05-18,26,"6' 0""",217,1,Pitcher,R,Right,R,Right,,,,,,,,,,,,,,,,,,,,,,,,,,
2026-05-27,824270,,/api/v1.1/game/824270/feed/live,R,2026,2026-05-27,,night,P,N,N,Regular Season,2,3,1,Final,Final,2394,Comerica Park,116,Detroit Tigers,DET,4,True,108,Los Angeles Angels,LAA,0,False,667755,José Soriano,José,Soriano,59,1998-10-20,27,"6' 3""",220,1,Pitcher,R,Right,R,Right,"5.0 IP, 3 ER, 4 K, 4 BB",,,,,,,,,,,,,,,,5.0,3,7,1,4,4,105,0,1,0
2026-05-27,824270,,/api/v1.1/game/824270/feed/live,R,2026,2026-05-27,,night,P,N,N,Regular Season,2,3,1,Final,Final,2394,Comerica Park,116,Detroit Tigers,DET,4,True,108,Los Angeles Angels,LAA,0,False,686799,Jack Kochanowicz,Jack,Kochanowicz,41,2000-12-22,25,"6' 7""",228,1,Pitcher,L,Left,R,Right,,,,,,,,,,,,,,,,,,,,,,,,,,
2026-05-27,824270,,/api/v1.1/game/824270/feed/live,R,2026,2026-05-27,,night,P,N,N,Regular Season,2,3,1,Final,Final,2394,Comerica Park,116,Detroit Tigers,DET,4,True,108,Los Angeles Angels,LAA,0,False,815083,Mitch Farris,Mitchell,Farris,70,2001-02-14,25,"6' 2""",195,1,Pitcher,L,Left,L,Left,,,,,,,,,,,,,,,,,,,,,,,,,,
2026-05-27,824270,,/api/v1.1/game/824270/feed/live,R,2026,2026-05-27,,night,P,N,N,Regular Season,2,3,1,Final,Final,2394,Comerica Park,116,Detroit Tigers,DET,4,True,108,Los Angeles Angels,LAA,0,False,680570,Grayson Rodriguez,Grayson,Rodriguez,21,1999-11-16,26,"6' 5""",230,1,Pitcher,L,Left,R,Right,,,,,,,,,,,,,,,,,,,,,,,,,,
2026-05-27,824270,,/api/v1.1/game/824270/feed/live,R,2026,2026-05-27,,night,P,N,N,Regular Season,2,3,1,Final,Final,2394,Comerica Park,116,Detroit Tigers,DET,4,True,108,Los Angeles Angels,LAA,0,False,545361,Mike Trout,Michael,Trout,27,1991-08-07,34,"6' 1""",235,8,Outfielder,R,Right,R,Right,"0-2 | 2 BB, K",,2,0,0,0,0,0,0,1,2,0,0,0,4,0,,,,,,,,,,
2026-05-27,824270,,/api/v1.1/game/824270/feed/live,R,2026,2026-05-27,,night,P,N,N,Regular Season,2,3,1,Final,Final,2394,Comerica Park,116,Detroit Tigers,DET,4,True,108,Los Angeles Angels,LAA,0,False,820862,José Fermin,Jose,Fermin,65,2001-11-28,24,"6' 3""",242,1,Pitcher,R,Right,R,Right,,,,,,,,,,,,,,,,,,,,,,,,,,
2026-05-27,824270,,/api/v1.1/game/824270/feed/live,R,2026,2026-05-27,,night,P,N,N,Regular Season,2,3,1,Final,Final,2394,Comerica Park,116,Detroit Tigers,DET,4,True,108,Los Angeles Angels,LAA,0,False,666176,Jo Adell,Jordon,Adell,7,1999-04-08,27,"6' 2""",215,9,Outfielder,R,Right,R,Right,0-3 | K,,3,0,0,0,0,0,0,1,0,0,0,0,3,0,,,,,,,,,,
2026-05-27,824270,,/api/v1.1/game/824270/feed/live,R,2026,2026-05-27,,night,P,N,N,Regular Season,2,3,1,Final,Final,2394,Comerica Park,116,Detroit Tigers,DET,4,True,108,Los Angeles Angels,LAA,0,False,687093,Vaughn Grissom,Vaughn,Grissom,5,2001-01-05,25,"6' 2""",210,4,Second Base,R,Right,R,Right,"0-3 | BB, K",,3,0,0,0,0,0,0,1,1,0,0,1,4,0,,,,,,,,,,
2026-05-27,824270,,/api/v1.1/game/824270/feed/live,R,2026,2026-05-27,,night,P,N,N,Regular Season,2,3,1,Final,Final,2394,Comerica Park,116,Detroit Tigers,DET,4,True,108,Los Angeles Angels,LAA,0,False,696147,Sam Bachman,Samuel,Bachman,40,1999-09-30,26,"6' 1""",235,1,Pitcher,R,Right,R,Right,,,,,,,,,,,,,,,,,,,,,,,,,,
2026-05-27,824270,,/api/v1.1/game/824270/feed/live,R,2026,2026-05-27,,night,P,N,N,Regular Season,2,3,1,Final,Final,2394,Comerica Park,116,Detroit Tigers,DET,4,True,108,Los Angeles Angels,LAA,0,False,666171,Ryan Zeferjahn,Ryan,Zeferjahn,56,1998-02-28,28,"6' 5""",209,1,Pitcher,R,Right,R,Right,,,,,,,,,,,,,,,,,,,,,,,,,,
2026-05-27,824270,,/api/v1.1/game/824270/feed/live,R,2026,2026-05-27,,night,P,N,N,Regular Season,2,3,1,Final,Final,2394,Comerica Park,116,Detroit Tigers,DET,4,True,108,Los Angeles Angels,LAA,0,False,685133,Wade Meckler,Wade,Meckler,53,2000-04-21,26,"5' 9""",190,O,Outfield,L,Left,R,Right,0-3 | SB,,3,0,0,0,0,0,0,0,0,1,0,0,3,0,,,,,,,,,,
2026-05-27,824270,,/api/v1.1/game/824270/feed/live,R,2026,2026-05-27,,night,P,N,N,Regular Season,2,3,1,Final,Final,2394,Comerica Park,116,Detroit Tigers,DET,4,True,108,Los Angeles Angels,LAA,0,False,665861,Sebastián Rivero,Sebastián,Rivero,38,1998-11-16,27,"6' 1""",210,2,Catcher,R,Right,R,Right,,,,,,,,,,,,,,,,,,,,,,,,,,
2026-05-27,824270,,/api/v1.1/game/824270/feed/live,R,2026,2026-05-27,,night,P,N,N,Regular Season,2,3,1,Final,Final,2394,Comerica Park,116,Detroit Tigers,DET,4,True,108,Los Angeles Angels,LAA,0,False,642048,Tayler Saucedo,Tayler,Saucedo,55,1993-06-18,32,"6' 4""",205,1,Pitcher,L,Left,L,Left,,,,,,,,,,,,,,,,,,,,,,,,,,
2026-05-27,824270,,/api/v1.1/game/824270/feed/live,R,2026,2026-05-27,,night,P,N,N,Regular Season,2,3,1,Final,Final,2394,Comerica Park,116,Detroit Tigers,DET,4,True,108,Los Angeles Angels,LAA,0,False,700712,Walbert Ureña,Walbert,Ureña,57,2004-01-25,22,"6' 0""",210,1,Pitcher,R,Right,R,Right,,,,,,,,,,,,,,,,,,,,,,,,,,
2026-05-27,824270,,/api/v1.1/game/824270/feed/live,R,2026,2026-05-27,,night,P,N,N,Regular Season,2,3,1,Final,Final,2394,Comerica Park,116,Detroit Tigers,DET,4,True,108,Los Angeles Angels,LAA,0,False,681351,Logan O'Hoppe,Logan,O'Hoppe,14,2000-02-09,26,"6' 2""",225,2,Catcher,R,Right,R,Right,0-3,,3,0,0,0,0,0,0,0,0,0,0,0,3,0,,,,,,,,,,
2026-05-27,824270,,/api/v1.1/game/824270/feed/live,R,2026,2026-05-27,,night,P,N,N,Regular Season,2,3,1,Final,Final,2394,Comerica Park,116,Detroit Tigers,DET,4,True,108,Los Angeles Angels,LAA,0,False,489446,Kirby Yates,Kirby,Yates,39,1987-03-25,39,"5' 10""",205,1,Pitcher,L,Left,R,Right,,,,,,,,,,,,,,,,,,,,,,,,,,
2026-05-27,824270,,/api/v1.1/game/824270/feed/live,R,2026,2026-05-27,,night,P,N,N,Regular Season,2,3,1,Final,Final,2394,Comerica Park,116,Detroit Tigers,DET,4,True,108,Los Angeles Angels,LAA,0,False,672282,Reid Detmers,Reid,Detmers,48,1999-07-08,26,"6' 2""",210,1,Pitcher,L,Left,L,Left,,,,,,,,,,,,,,,,,,,,,,,,,,
2026-05-27,824270,,/api/v1.1/game/824270/feed/live,R,2026,2026-05-27,,night,P,N,N,Regular Season,2,3,1,Final,Final,2394,Comerica Park,116,Detroit Tigers,DET,4,True,108,Los Angeles Angels,LAA,0,False,608718,Brent Suter,Brent,Suter,37,1989-08-29,36,"6' 4""",213,1,Pitcher,L,Left,L,Left,"3.0 IP, 0 ER, 2 K, 0 BB",,,,,,,,,,,,,,,,3.0,0,3,0,2,0,40,0,0,0
2026-05-27,823376,,/api/v1.1/game/823376/feed/live,R,2026,2026-05-27,,night,P,N,N,Regular Season,3,4,1,Final,Final,31,PNC Park,134,Pittsburgh Pirates,PIT,4,False,112,Chicago Cubs,CHC,10,True,694973,Paul Skenes,Paul,Skenes,30,2002-05-29,23,"6' 6""",260,1,Pitcher,R,Right,R,Right,,,,,,,,,,,,,,,,,,,,,,,,,,
2026-05-27,823376,,/api/v1.1/game/823376/feed/live,R,2026,2026-05-27,,night,P,N,N,Regular Season,3,4,1,Final,Final,31,PNC Park,134,Pittsburgh Pirates,PIT,4,False,112,Chicago Cubs,CHC,10,True,687462,Spencer Horwitz,Spencer,Horwitz,2,1997-11-14,28,"5' 10""",204,3,First Base,L,Left,R,Right,1-4 | R,,4,1,0,0,0,0,1,0,0,0,0,1,4,1,,,,,,,,,,
2026-05-27,823376,,/api/v1.1/game/823376/feed/live,R,2026,2026-05-27,,night,P,N,N,Regular Season,3,4,1,Final,Final,31,PNC Park,134,Pittsburgh Pirates,PIT,4,False,112,Chicago Cubs,CHC,10,True,664040,Brandon Lowe,Brandon,Lowe,5,1994-07-06,31,"5' 9""",181,4,Second Base,L,Left,R,Right,"1-4 | HR, K, 3 RBI",,4,1,0,0,1,3,1,1,0,0,0,0,4,4,,,,,,,,,,
2026-05-27,823376,,/api/v1.1/game/823376/feed/live,R,2026,2026-05-27,,night,P,N,N,Regular Season,3,4,1,Final,Final,31,PNC Park,134,Pittsburgh Pirates,PIT,4,False,112,Chicago Cubs,CHC,10,True,682848,Endy Rodríguez,Endy,Rodríguez,13,2000-05-26,26,"6' 0""",207,2,Catcher,S,Switch,R,Right,"0-0 | 4 BB, R",,0,0,0,0,0,0,1,0,4,0,0,0,4,0,,,,,,,,,,
2026-05-27,823376,,/api/v1.1/game/823376/feed/live,R,2026,2026-05-27,,night,P,N,N,Regular Season,3,4,1,Final,Final,31,PNC Park,134,Pittsburgh Pirates,PIT,4,False,112,Chicago Cubs,CHC,10,True,668804,Bryan Reynolds,Bryan,Reynolds,10,1995-01-27,31,"6' 2""",210,7,Outfielder,S,Switch,R,Right,3-4 | 2B,,4,3,1,0,0,0,0,0,0,0,0,0,4,4,,,,,,,,,,
2026-05-27,823376,,/api/v1.1/game/823376/feed/live,R,2026,2026-05-27,,night,P,N,N,Regular Season,3,4,1,Final,Final,31,PNC Park,134,Pittsburgh Pirates,PIT,4,False,112,Chicago Cubs,CHC,10,True,665833,Oneil Cruz,Oneil,Cruz,15,1998-10-04,27,"6' 7""",248,8,Outfielder,L,Left,R,Right,0-4 | 3 K,,4,0,0,0,0,0,0,3,0,0,0,0,4,0,,,,,,,,,,
2026-05-27,823376,,/api/v1.1/game/823376/feed/live,R,2026,2026-05-27,,night,P,N,N,Regular Season,3,4,1,Final,Final,31,PNC Park,134,Pittsburgh Pirates,PIT,4,False,112,Chicago Cubs,CHC,10,True,681895,Evan Sisk,Samuel,Sisk,48,1997-04-23,29,"6' 2""",214,1,Pitcher,L,Left,L,Left,"0.2 IP, 0 ER, K, BB",,,,,,,,,,,,,,,,0.2,0,1,0,1,1,17,0,0,0
2026-05-27,823376,,/api/v1.1/game/823376/feed/live,R,2026,2026-05-27,,night,P,N,N,Regular Season,3,4,1,Final,Final,31,PNC Park,134,Pittsburgh Pirates,PIT,4,False,112,Chicago Cubs,CHC,10,True,642397,Gregory Soto,Gregory,Soto,31,1995-02-11,31,"6' 1""",247,1,Pitcher,L,Left,L,Left,,,,,,,,,,,,,,,,,,,,,,,,,,
2026-05-27,823376,,/api/v1.1/game/823376/feed/live,R,2026,2026-05-27,,night,P,N,N,Regular Season,3,4,1,Final,Final,31,PNC Park,134,Pittsburgh Pirates,PIT,4,False,112,Chicago Cubs,CHC,10,True,682254,Mason Montgomery,Mason,Montgomery,46,2000-06-17,25,"6' 2""",205,1,Pitcher,L,Left,L,Left,,,,,,,,,,,,,,,,,,,,,,,,,,
2026-05-27,823376,,/api/v1.1/game/823376/feed/live,R,2026,2026-05-27,,night,P,N,N,Regular Season,3,4,1,Final,Final,31,PNC Park,134,Pittsburgh Pirates,PIT,4,False,112,Chicago Cubs,CHC,10,True,699013,Esmerlyn Valdez,Esmerlyn,Valdez,55,2004-01-27,22,"6' 2""",234,O,Outfield,R,Right,R,Right,0-4 | 2 K,,4,0,0,0,0,0,0,2,0,0,0,0,4,0,,,,,,,,,,
2026-05-27,823376,,/api/v1.1/game/823376/feed/live,R,2026,2026-05-27,,night,P,N,N,Regular Season,3,4,1,Final,Final,31,PNC Park,134,Pittsburgh Pirates,PIT,4,False,112,Chicago Cubs,CHC,10,True,669707,Jared Triolo,Jared,Triolo,19,1998-02-08,28,"6' 3""",212,5,Third Base,R,Right,R,Right,,,,,,,,,,,,,,,,,,,,,,,,,,
2026-05-27,823376,,/api/v1.1/game/823376/feed/live,R,2026,2026-05-27,,night,P,N,N,Regular Season,3,4,1,Final,Final,31,PNC Park,134,Pittsburgh Pirates,PIT,4,False,112,Chicago Cubs,CHC,10,True,663968,Jake Mangum,Jake,Mangum,28,1996-03-08,30,"5' 11""",191,7,Outfielder,S,Switch,L,Left,,,,,,,,,,,,,,,,,,,,,,,,,,
2026-05-27,823376,,/api/v1.1/game/823376/feed/live,R,2026,2026-05-27,,night,P,N,N,Regular Season,3,4,1,Final,Final,31,PNC Park,134,Pittsburgh Pirates,PIT,4,False,112,Chicago Cubs,CHC,10,True,656605,Mitch Keller,Mitch,Keller,23,1996-04-04,30,"6' 3""",213,1,Pitcher,R,Right,R,Right,,,,,,,,,,,,,,,,,,,,,,,,,,
2026-05-27,823376,,/api/v1.1/game/823376/feed/live,R,2026,2026-05-27,,night,P,N,N,Regular Season,3,4,1,Final,Final,31,PNC Park,134,Pittsburgh Pirates,PIT,4,False,112,Chicago Cubs,CHC,10,True,670990,Yohan Ramírez,Yohan,Ramírez,49,1995-05-06,31,"6' 3""",205,1,Pitcher,R,Right,R,Right,"0.1 IP, 4 ER, 0 K, 0 BB",,,,,,,,,,,,,,,,0.1,4,3,1,0,0,15,0,1,0
2026-05-27,823376,,/api/v1.1/game/823376/feed/live,R,2026,2026-05-27,,night,P,N,N,Regular Season,3,4,1,Final,Final,31,PNC Park,134,Pittsburgh Pirates,PIT,4,False,112,Chicago Cubs,CHC,10,True,696149,Bubba Chandler,Roy,Chandler,36,2002-09-14,23,"6' 3""",206,1,Pitcher,S,Switch,R,Right,"5.0 IP, 4 ER, 5 K, 2 BB",,,,,,,,,,,,,,,,5.0,4,8,0,5,2,91,0,0,0
2026-05-27,823376,,/api/v1.1/game/823376/feed/live,R,2026,2026-05-27,,night,P,N,N,Regular Season,3,4,1,Final,Final,31,PNC Park,134,Pittsburgh Pirates,PIT,4,False,112,Chicago Cubs,CHC,10,True,691373,Jhostynxon Garcia,Jhostynxon,Garcia,34,2002-12-11,23,"6' 0""",224,9,Outfielder,R,Right,R,Right,,,,,,,,,,,,,,,,,,,,,,,,,,
2026-05-27,823376,,/api/v1.1/game/823376/feed/live,R,2026,2026-05-27,,night,P,N,N,Regular Season,3,4,1,Final,Final,31,PNC Park,134,Pittsburgh Pirates,PIT,4,False,112,Chicago Cubs,CHC,10,True,669387,Carmen Mlodzinski,Carmen,Mlodzinski,50,1999-02-19,27,"6' 2""",210,1,Pitcher,R,Right,R,Right,,,,,,,,,,,,,,,,,,,,,,,,,,
2026-05-27,823376,,/api/v1.1/game/823376/feed/live,R,2026,2026-05-27,,night,P,N,N,Regular Season,3,4,1,Final,Final,31,PNC Park,134,Pittsburgh Pirates,PIT,4,False,112,Chicago Cubs,CHC,10,True,642701,Dennis Santana,Dennis,Santana,60,1996-04-12,30,"6' 2""",202,1,Pitcher,R,Right,R,Right,"1.1 IP, 0 ER, K, 2 BB",,,,,,,,,,,,,,,,1.1,0,0,0,1,2,22,0,0,0
2026-05-27,823376,,/api/v1.1/game/823376/feed/live,R,2026,2026-05-27,,night,P,N,N,Regular Season,3,4,1,Final,Final,31,PNC Park,134,Pittsburgh Pirates,PIT,4,False,112,Chicago Cubs,CHC,10,True,680779,Henry Davis,Henry,Davis,32,1999-09-21,26,"5' 11""",225,2,Catcher,R,Right,R,Right,,,,,,,,,,,,,,,,,,,,,,,,,,
2026-05-27,823376,,/api/v1.1/game/823376/feed/live,R,2026,2026-05-27,,night,P,N,N,Regular Season,3,4,1,Final,Final,31,PNC Park,134,Pittsburgh Pirates,PIT,4,False,112,Chicago Cubs,CHC,10,True,664875,Justin Lawrence,Justin,Lawrence,61,1994-11-25,31,"6' 3""",211,1,Pitcher,R,Right,R,Right,"1.2 IP, ER, 3 K, 2 BB",,,,,,,,,,,,,,,,1.2,1,2,1,3,2,34,0,0,0
2026-05-27,823376,,/api/v1.1/game/823376/feed/live,R,2026,2026-05-27,,night,P,N,N,Regular Season,3,4,1,Final,Final,31,PNC Park,134,Pittsburgh Pirates,PIT,4,False,112,Chicago Cubs,CHC,10,True,696062,Wilber Dotel,Wilber,Dotel,66,2002-09-25,23,"6' 3""",238,1,Pitcher,R,Right,R,Right,,,,,,,,,,,,,,,,,,,,,,,,,,
2026-05-27,823376,,/api/v1.1/game/823376/feed/live,R,2026,2026-05-27,,night,P,N,N,Regular Season,3,4,1,Final,Final,31,PNC Park,134,Pittsburgh Pirates,PIT,4,False,112,Chicago Cubs,CHC,10,True,684049,Brandan Bidois,Brandan,Bidois,77,2001-06-21,24,"6' 2""",174,1,Pitcher,R,Right,R,Right,,,,,,,,,,,,,,,,,,,,,,,,,,
2026-05-27,823376,,/api/v1.1/game/823376/feed/live,R,2026,2026-05-27,,night,P,N,N,Regular Season,3,4,1,Final,Final,31,PNC Park,134,Pittsburgh Pirates,PIT,4,False,112,Chicago Cubs,CHC,10,True,804606,Konnor Griffin,Konnor,Griffin,6,2006-04-24,20,"6' 3""",222,6,Shortstop,R,Right,R,Right,"1-4 | HR, K, RBI",,4,1,0,0,1,1,1,1,0,0,0,0,4,4,,,,,,,,,,
2026-05-27,823376,,/api/v1.1/game/823376/feed/live,R,2026,2026-05-27,,night,P,N,N,Regular Season,3,4,1,Final,Final,31,PNC Park,134,Pittsburgh Pirates,PIT,4,False,112,Chicago Cubs,CHC,10,True,693304,Nick Gonzales,Nicholas,Gonzales,3,1999-05-27,27,"5' 8""",193,5,Third Base,R,Right,R,Right,0-4 | K,,4,0,0,0,0,0,0,1,0,0,0,0,4,0,,,,,,,,,,
2026-05-27,823376,,/api/v1.1/game/823376/feed/live,R,2026,2026-05-27,,night,P,N,N,Regular Season,3,4,1,Final,Final,31,PNC Park,134,Pittsburgh Pirates,PIT,4,False,112,Chicago Cubs,CHC,10,True,542303,Marcell Ozuna,Marcell,Ozuna,24,1990-11-12,35,"6' 1""",251,10,Designated Hitter,R,Right,R,Right,1-4 | K,,4,1,0,0,0,0,0,1,0,0,0,0,4,1,,,,,,,,,,
2026-05-27,823376,,/api/v1.1/game/823376/feed/live,R,2026,2026-05-27,,night,P,N,N,Regular Season,3,4,1,Final,Final,31,PNC Park,134,Pittsburgh Pirates,PIT,4,False,112,Chicago Cubs,CHC,10,True,677952,Braxton Ashcraft,Braxton,Ashcraft,35,1999-10-05,26,"6' 5""",218,1,Pitcher,L,Left,R,Right,,,,,,,,,,,,,,,,,,,,,,,,,,
2026-05-27,823376,,/api/v1.1/game/823376/feed/live,R,2026,2026-05-27,,night,P,N,N,Regular Season,3,4,1,Final,Final,31,PNC Park,134,Pittsburgh Pirates,PIT,4,False,112,Chicago Cubs,CHC,10,True,694037,Daniel Palencia,Daniel,Palencia,48,2000-02-05,26,"5' 11""",160,1,Pitcher,R,Right,R,Right,,,,,,,,,,,,,,,,,,,,,,,,,,
2026-05-27,823376,,/api/v1.1/game/823376/feed/live,R,2026,2026-05-27,,night,P,N,N,Regular Season,3,4,1,Final,Final,31,PNC Park,134,Pittsburgh Pirates,PIT,4,False,112,Chicago Cubs,CHC,10,True,696136,Jordan Wicks,Jordan,Wicks,36,1999-09-01,26,"6' 3""",220,1,Pitcher,L,Left,L,Left,,,,,,,,,,,,,,,,,,,,,,,,,,
2026-05-27,823376,,/api/v1.1/game/823376/feed/live,R,2026,2026-05-27,,night,P,N,N,Regular Season,3,4,1,Final,Final,31,PNC Park,134,Pittsburgh Pirates,PIT,4,False,112,Chicago Cubs,CHC,10,True,624424,Michael Conforto,Michael,Conforto,20,1993-03-01,33,"5' 11""",215,9,Outfielder,L,Left,R,Right,"1-1 | HR, BB, 2 RBI",,1,1,0,0,1,2,1,0,1,0,0,0,2,4,,,,,,,,,,
2026-05-27,823376,,/api/v1.1/game/823376/feed/live,R,2026,2026-05-27,,night,P,N,N,Regular Season,3,4,1,Final,Final,31,PNC Park,134,Pittsburgh Pirates,PIT,4,False,112,Chicago Cubs,CHC,10,True,571948,Hoby Milner,Hoby,Milner,41,1991-01-13,35,"6' 3""",187,1,Pitcher,L,Left,L,Left,,,,,,,,,,,,,,,,,,,,,,,,,,
2026-05-27,823376,,/api/v1.1/game/823376/feed/live,R,2026,2026-05-27,,night,P,N,N,Regular Season,3,4,1,Final,Final,31,PNC Park,134,Pittsburgh Pirates,PIT,4,False,112,Chicago Cubs,CHC,10,True,664023,Ian Happ,Ian,Happ,8,1994-08-12,31,"5' 10""",205,7,Outfielder,S,Switch,R,Right,"2-6 | HR, 5 RBI, R",,6,2,0,0,1,5,1,0,0,0,0,0,6,5,,,,,,,,,,
2026-05-27,823376,,/api/v1.1/game/823376/feed/live,R,2026,2026-05-27,,night,P,N,N,Regular Season,3,4,1,Final,Final,31,PNC Park,134,Pittsburgh Pirates,PIT,4,False,112,Chicago Cubs,CHC,10,True,681799,Ethan Roberts,Ethan,Roberts,39,1997-07-04,28,"5' 10""",180,1,Pitcher,R,Right,R,Right,"1.0 IP, 0 ER, 0 K, BB",,,,,,,,,,,,,,,,1.0,0,0,0,0,1,15,0,0,0
2026-05-27,823376,,/api/v1.1/game/823376/feed/live,R,2026,2026-05-27,,night,P,N,N,Regular Season,3,4,1,Final,Final,31,PNC Park,134,Pittsburgh Pirates,PIT,4,False,112,Chicago Cubs,CHC,10,True,573204,Caleb Thielbar,Caleb,Thielbar,24,1987-01-31,39,"6' 0""",205,1,Pitcher,R,Right,L,Left,"1.0 IP, 0 ER, K, 0 BB",,,,,,,,,,,,,,,,1.0,0,1,0,1,0,17,0,0,0
2026-05-27,823376,,/api/v1.1/game/823376/feed/live,R,2026,2026-05-27,,night,P,N,N,Regular Season,3,4,1,Final,Final,31,PNC Park,134,Pittsburgh Pirates,PIT,4,False,112,Chicago Cubs,CHC,10,True,684007,Shota Imanaga,Shota,Imanaga,18,1993-09-01,32,"5' 10""",175,1,Pitcher,L,Left,L,Left,,,,,,,,,,,,,,,,,,,,,,,,,,
2026-05-27,823376,,/api/v1.1/game/823376/feed/live,R,2026,2026-05-27,,night,P,N,N,Regular Season,3,4,1,Final,Final,31,PNC Park,134,Pittsburgh Pirates,PIT,4,False,112,Chicago Cubs,CHC,10,True,608324,Alex Bregman,Alexander,Bregman,3,1994-03-30,32,"5' 10""",190,5,Third Base,R,Right,R,Right,"2-6 | 2B, K, R",,6,2,1,0,0,0,1,1,0,0,0,0,6,3,,,,,,,,,,
2026-05-27,823376,,/api/v1.1/game/823376/feed/live,R,2026,2026-05-27,,night,P,N,N,Regular Season,3,4,1,Final,Final,31,PNC Park,134,Pittsburgh Pirates,PIT,4,False,112,Chicago Cubs,CHC,10,True,699393,Pedro Ramírez,Pedro,Ramírez,75,2004-04-01,22,"5' 9""",165,4,Second Base,S,Switch,R,Right,,,,,,,,,,,,,,,,,,,,,,,,,,
2026-05-27,823376,,/api/v1.1/game/823376/feed/live,R,2026,2026-05-27,,night,P,N,N,Regular Season,3,4,1,Final,Final,31,PNC Park,134,Pittsburgh Pirates,PIT,4,False,112,Chicago Cubs,CHC,10,True,683737,Michael Busch,Michael,Busch,29,1997-11-09,28,"5' 11""",210,3,First Base,L,Left,R,Right,"1-3 | 2 BB, HBP, K",,3,1,0,0,0,1,1,1,2,0,0,0,6,1,,,,,,,,,,
2026-05-27,823376,,/api/v1.1/game/823376/feed/live,R,2026,2026-05-27,,night,P,N,N,Regular Season,3,4,1,Final,Final,31,PNC Park,134,Pittsburgh Pirates,PIT,4,False,112,Chicago Cubs,CHC,10,True,608348,Carson Kelly,Carson,Kelly,15,1994-07-14,31,"6' 1""",212,2,Catcher,R,Right,R,Right,"2-4 | HBP, K, R",,4,2,0,0,0,0,1,1,0,0,0,0,5,2,,,,,,,,,,
2026-05-27,823376,,/api/v1.1/game/823376/feed/live,R,2026,2026-05-27,,night,P,N,N,Regular Season,3,4,1,Final,Final,31,PNC Park,134,Pittsburgh Pirates,PIT,4,False,112,Chicago Cubs,CHC,10,True,592791,Jameson Taillon,Jameson,Taillon,50,1991-11-18,34,"6' 5""",230,1,Pitcher,R,Right,R,Right,"5.0 IP, 4 ER, 4 K, 2 BB",,,,,,,,,,,,,,,,5.0,4,5,2,4,2,75,0,0,0
2026-05-27,823376,,/api/v1.1/game/823376/feed/live,R,2026,2026-05-27,,night,P,N,N,Regular Season,3,4,1,Final,Final,31,PNC Park,134,Pittsburgh Pirates,PIT,4,False,112,Chicago Cubs,CHC,10,True,691718,Pete Crow-Armstrong,Pete,Crow-Armstrong,4,2002-03-25,24,"6' 0""",184,8,Outfielder,L,Left,L,Left,"1-5 | 2B, BB, 3 K",,5,1,1,0,0,1,1,3,1,0,0,0,6,2,,,,,,,,,,
2026-05-27,823376,,/api/v1.1/game/823376/feed/live,R,2026,2026-05-27,,night,P,N,N,Regular Season,3,4,1,Final,Final,31,PNC Park,134,Pittsburgh Pirates,PIT,4,False,112,Chicago Cubs,CHC,10,True,657097,Jacob Webb,Jacob,Webb,71,1993-08-15,32,"6' 2""",210,1,Pitcher,R,Right,R,Right,"1.0 IP, 0 ER, 3 K, 0 BB",,,,,,,,,,,,,,,,1.0,0,0,0,3,0,17,1,0,0
2026-05-27,823376,,/api/v1.1/game/823376/feed/live,R,2026,2026-05-27,,night,P,N,N,Regular Season,3,4,1,Final,Final,31,PNC Park,134,Pittsburgh Pirates,PIT,4,False,112,Chicago Cubs,CHC,10,True,665804,Miguel Amaya,Miguel,Amaya,9,1999-03-09,27,"6' 1""",230,2,Catcher,R,Right,R,Right,,,,,,,,,,,,,,,,,,,,,,,,,,
2026-05-27,823376,,/api/v1.1/game/823376/feed/live,R,2026,2026-05-27,,night,P,N,N,Regular Season,3,4,1,Final,Final,31,PNC Park,134,Pittsburgh Pirates,PIT,4,False,112,Chicago Cubs,CHC,10,True,694208,Moisés Ballesteros,Moisés,Ballesteros,25,2003-11-08,22,"5' 8""",195,10,Designated Hitter,L,Left,R,Right,0-2 | K,,2,0,0,0,0,0,0,1,0,0,0,0,2,0,,,,,,,,,,
2026-05-27,823376,,/api/v1.1/game/823376/feed/live,R,2026,2026-05-27,,night,P,N,N,Regular Season,3,4,1,Final,Final,31,PNC Park,134,Pittsburgh Pirates,PIT,4,False,112,Chicago Cubs,CHC,10,True,673548,Seiya Suzuki,Seiya,Suzuki,27,1994-08-18,31,"5' 11""",182,9,Outfielder,R,Right,R,Right,"1-5 | 2 K, R",,5,1,0,0,0,0,1,2,0,0,0,1,5,1,,,,,,,,,,
2026-05-27,823376,,/api/v1.1/game/823376/feed/live,R,2026,2026-05-27,,night,P,N,N,Regular Season,3,4,1,Final,Final,31,PNC Park,134,Pittsburgh Pirates,PIT,4,False,112,Chicago Cubs,CHC,10,True,669020,Ryan Rolison,Ryan,Rolison,33,1997-07-11,28,"6' 2""",213,1,Pitcher,R,Right,L,Left,,,,,,,,,,,,,,,,,,,,,,,,,,
2026-05-27,823376,,/api/v1.1/game/823376/feed/live,R,2026,2026-05-27,,night,P,N,N,Regular Season,3,4,1,Final,Final,31,PNC Park,134,Pittsburgh Pirates,PIT,4,False,112,Chicago Cubs,CHC,10,True,663423,Trent Thornton,Trent,Thornton,49,1993-09-30,32,"6' 0""",190,1,Pitcher,R,Right,R,Right,,,,,,,,,,,,,,,,,,,,,,,,,,
2026-05-27,823376,,/api/v1.1/game/823376/feed/live,R,2026,2026-05-27,,night,P,N,N,Regular Season,3,4,1,Final,Final,31,PNC Park,134,Pittsburgh Pirates,PIT,4,False,112,Chicago Cubs,CHC,10,True,682634,Kevin Alcántara,Kevin,Alcantara,13,2002-07-12,23,"6' 6""",188,9,Outfielder,R,Right,R,Right,0-0 | BB,,0,0,0,0,0,0,0,0,1,0,0,0,1,0,,,,,,,,,,
2026-05-27,823376,,/api/v1.1/game/823376/feed/live,R,2026,2026-05-27,,night,P,N,N,Regular Season,3,4,1,Final,Final,31,PNC Park,134,Pittsburgh Pirates,PIT,4,False,112,Chicago Cubs,CHC,10,True,621020,Dansby Swanson,James,Swanson,7,1994-02-11,32,"6' 0""",190,6,Shortstop,R,Right,R,Right,"2-4 | 2B, BB, 2 R",,4,2,1,0,0,0,2,0,1,1,0,0,5,3,,,,,,,,,,
2026-05-27,823376,,/api/v1.1/game/823376/feed/live,R,2026,2026-05-27,,night,P,N,N,Regular Season,3,4,1,Final,Final,31,PNC Park,134,Pittsburgh Pirates,PIT,4,False,112,Chicago Cubs,CHC,10,True,607067,Colin Rea,Colin,Rea,53,1990-07-01,35,"6' 5""",220,1,Pitcher,R,Right,R,Right,,,,,,,,,,,,,,,,,,,,,,,,,,
2026-05-27,823376,,/api/v1.1/game/823376/feed/live,R,2026,2026-05-27,,night,P,N,N,Regular Season,3,4,1,Final,Final,31,PNC Park,134,Pittsburgh Pirates,PIT,4,False,112,Chicago Cubs,CHC,10,True,664208,Phil Maton,Phillip,Maton,88,1993-03-25,33,"6' 2""",206,1,Pitcher,R,Right,R,Right,"1.0 IP, 0 ER, K, BB",,,,,,,,,,,,,,,,1.0,0,1,0,1,1,22,0,0,0
2026-05-27,823376,,/api/v1.1/game/823376/feed/live,R,2026,2026-05-27,,night,P,N,N,Regular Season,3,4,1,Final,Final,31,PNC Park,134,Pittsburgh Pirates,PIT,4,False,112,Chicago Cubs,CHC,10,True,663538,Nico Hoerner,Nicholas,Hoerner,2,1997-05-13,29,"5' 11""",200,4,Second Base,R,Right,R,Right,"2-5 | BB, K, RBI",,5,2,0,0,0,1,1,1,1,0,0,0,6,2,,,,,,,,,,
2026-05-27,823376,,/api/v1.1/game/823376/feed/live,R,2026,2026-05-27,,night,P,N,N,Regular Season,3,4,1,Final,Final,31,PNC Park,134,Pittsburgh Pirates,PIT,4,False,112,Chicago Cubs,CHC,10,True,676962,Ben Brown,Benjamin,Brown,32,1999-09-09,26,"6' 6""",210,1,Pitcher,R,Right,R,Right,,,,,,,,,,,,,,,,,,,,,,,,,,
2026-05-27,824756,,/api/v1.1/game/824756/feed/live,R,2026,2026-05-27,,night,P,N,N,Regular Season,2,3,1,Final,Final,3,Fenway Park,111,Boston Red Sox,BOS,8,True,144,Atlanta Braves,ATL,0,False,575929,Willson Contreras,Willson,Contreras,40,1992-05-13,34,"6' 0""",240,3,First Base,R,Right,R,Right,1-5 | 2 K,,5,1,0,0,0,0,0,2,0,0,0,0,5,1,,,,,,,,,,
2026-05-27,824756,,/api/v1.1/game/824756/feed/live,R,2026,2026-05-27,,night,P,N,N,Regular Season,2,3,1,Final,Final,3,Fenway Park,111,Boston Red Sox,BOS,8,True,144,Atlanta Braves,ATL,0,False,594027,Tyron Guerrero,Tayron,Guerrero,41,1991-01-09,35,"6' 8""",225,1,Pitcher,R,Right,R,Right,,,,,,,,,,,,,,,,,,,,,,,,,,
2026-05-27,824756,,/api/v1.1/game/824756/feed/live,R,2026,2026-05-27,,night,P,N,N,Regular Season,2,3,1,Final,Final,3,Fenway Park,111,Boston Red Sox,BOS,8,True,144,Atlanta Braves,ATL,0,False,813349,Connelly Early,Todd,Early,71,2002-04-03,24,"6' 3""",195,1,Pitcher,L,Left,L,Left,"7.0 IP, 0 ER, 7 K, 3 BB",,,,,,,,,,,,,,,,7.0,0,4,0,7,3,97,1,0,0
2026-05-27,824756,,/api/v1.1/game/824756/feed/live,R,2026,2026-05-27,,night,P,N,N,Regular Season,2,3,1,Final,Final,3,Fenway Park,111,Boston Red Sox,BOS,8,True,144,Atlanta Braves,ATL,0,False,669711,Greg Weissert,Gregory,Weissert,57,1995-02-04,31,"6' 2""",235,1,Pitcher,R,Right,R,Right,,,,,,,,,,,,,,,,,,,,,,,,,,
2026-05-27,824756,,/api/v1.1/game/824756/feed/live,R,2026,2026-05-27,,night,P,N,N,Regular Season,2,3,1,Final,Final,3,Fenway Park,111,Boston Red Sox,BOS,8,True,144,Atlanta Braves,ATL,0,False,657136,Connor Wong,Connor,Wong,12,1996-05-19,30,"5' 10""",190,2,Catcher,R,Right,R,Right,,,,,,,,,,,,,,,,,,,,,,,,,,
2026-05-27,824756,,/api/v1.1/game/824756/feed/live,R,2026,2026-05-27,,night,P,N,N,Regular Season,2,3,1,Final,Final,3,Fenway Park,111,Boston Red Sox,BOS,8,True,144,Atlanta Braves,ATL,0,False,678394,Brayan Bello,Brayan,Bello,66,1999-05-17,27,"6' 1""",195,1,Pitcher,R,Right,R,Right,,,,,,,,,,,,,,,,,,,,,,,,,,
2026-05-27,824756,,/api/v1.1/game/824756/feed/live,R,2026,2026-05-27,,night,P,N,N,Regular Season,2,3,1,Final,Final,3,Fenway Park,111,Boston Red Sox,BOS,8,True,144,Atlanta Braves,ATL,0,False,677800,Wilyer Abreu,Wilyer,Abreu,52,1999-06-24,26,"5' 10""",215,9,Outfielder,L,Left,L,Left,"1-5 | 2 RBI, SB",,5,1,0,0,0,2,0,0,0,1,0,0,5,1,,,,,,,,,,
2026-05-27,824756,,/api/v1.1/game/824756/feed/live,R,2026,2026-05-27,,night,P,N,N,Regular Season,2,3,1,Final,Final,3,Fenway Park,111,Boston Red Sox,BOS,8,True,144,Atlanta Braves,ATL,0,False,676477,Garrett Whitlock,Garrett,Whitlock,22,1996-06-11,29,"6' 5""",222,1,Pitcher,R,Right,R,Right,,,,,,,,,,,,,,,,,,,,,,,,,,
2026-05-27,824756,,/api/v1.1/game/824756/feed/live,R,2026,2026-05-27,,night,P,N,N,Regular Season,2,3,1,Final,Final,3,Fenway Park,111,Boston Red Sox,BOS,8,True,144,Atlanta Braves,ATL,0,False,543243,Sonny Gray,Sonny,Gray,54,1989-11-07,36,"5' 10""",190,1,Pitcher,R,Right,R,Right,,,,,,,,,,,,,,,,,,,,,,,,,,
2026-05-27,824756,,/api/v1.1/game/824756/feed/live,R,2026,2026-05-27,,night,P,N,N,Regular Season,2,3,1,Final,Final,3,Fenway Park,111,Boston Red Sox,BOS,8,True,144,Atlanta Braves,ATL,0,False,655316,Andruw Monasterio,Andruw,Monasterio,32,1997-05-30,28,"5' 11""",195,6,Shortstop,R,Right,R,Right,,,,,,,,,,,,,,,,,,,,,,,,,,
2026-05-27,824756,,/api/v1.1/game/824756/feed/live,R,2026,2026-05-27,,night,P,N,N,Regular Season,2,3,1,Final,Final,3,Fenway Park,111,Boston Red Sox,BOS,8,True,144,Atlanta Braves,ATL,0,False,643396,Isiah Kiner-Falefa,Isiah,Kiner-Falefa,2,1995-03-23,31,"5' 10""",195,4,Second Base,R,Right,R,Right,"1-4 | K, RBI, R",,4,1,0,0,0,1,1,1,0,0,0,0,4,1,,,,,,,,,,
2026-05-27,824756,,/api/v1.1/game/824756/feed/live,R,2026,2026-05-27,,night,P,N,N,Regular Season,2,3,1,Final,Final,3,Fenway Park,111,Boston Red Sox,BOS,8,True,144,Atlanta Braves,ATL,0,False,686580,Justin Slaten,Justin,Slaten,63,1997-09-15,28,"6' 4""",222,1,Pitcher,R,Right,R,Right,,,,,,,,,,,,,,,,,,,,,,,,,,
2026-05-27,824756,,/api/v1.1/game/824756/feed/live,R,2026,2026-05-27,,night,P,N,N,Regular Season,2,3,1,Final,Final,3,Fenway Park,111,Boston Red Sox,BOS,8,True,144,Atlanta Braves,ATL,0,False,681508,Mickey Gasper,Michael,Gasper,30,1995-10-11,30,"5' 9""",205,2,Catcher,S,Switch,R,Right,"1-3 | BB, 2 R",,3,1,0,0,0,0,2,0,1,0,0,0,4,1,,,,,,,,,,
2026-05-27,824756,,/api/v1.1/game/824756/feed/live,R,2026,2026-05-27,,night,P,N,N,Regular Season,2,3,1,Final,Final,3,Fenway Park,111,Boston Red Sox,BOS,8,True,144,Atlanta Braves,ATL,0,False,702332,Caleb Durbin,Caleb,Durbin,5,2000-02-22,26,"5' 6""",183,5,Third Base,R,Right,R,Right,,,,,,,,,,,,,,,,,,,,,,,,,,
2026-05-27,824756,,/api/v1.1/game/824756/feed/live,R,2026,2026-05-27,,night,P,N,N,Regular Season,2,3,1,Final,Final,3,Fenway Park,111,Boston Red Sox,BOS,8,True,144,Atlanta Braves,ATL,0,False,624133,Ranger Suarez,Ranger,Suarez,55,1995-08-26,30,"6' 1""",217,1,Pitcher,L,Left,L,Left,,,,,,,,,,,,,,,,,,,,,,,,,,
2026-05-27,824756,,/api/v1.1/game/824756/feed/live,R,2026,2026-05-27,,night,P,N,N,Regular Season,2,3,1,Final,Final,3,Fenway Park,111,Boston Red Sox,BOS,8,True,144,Atlanta Braves,ATL,0,False,665966,Carlos Narváez,Carlos,Narváez,75,1998-11-26,27,"5' 11""",190,2,Catcher,R,Right,R,Right,,,,,,,,,,,,,,,,,,,,,,,,,,
2026-05-27,824756,,/api/v1.1/game/824756/feed/live,R,2026,2026-05-27,,night,P,N,N,Regular Season,2,3,1,Final,Final,3,Fenway Park,111,Boston Red Sox,BOS,8,True,144,Atlanta Braves,ATL,0,False,680776,Jarren Duran,Jarren,Duran,16,1996-09-05,29,"6' 0""",205,7,Outfielder,L,Left,R,Right,"4-5 | HR, RBI, 2 R",,5,4,0,0,1,1,2,0,0,0,0,0,5,7,,,,,,,,,,
2026-05-27,824756,,/api/v1.1/game/824756/feed/live,R,2026,2026-05-27,,night,P,N,N,Regular Season,2,3,1,Final,Final,3,Fenway Park,111,Boston Red Sox,BOS,8,True,144,Atlanta Braves,ATL,0,False,686765,Nick Sogard,Nicholas,Sogard,20,1997-09-09,28,"6' 1""",189,5,Third Base,S,Switch,R,Right,1-3,,3,1,0,0,0,0,0,0,0,0,0,0,4,1,,,,,,,,,,
2026-05-27,824756,,/api/v1.1/game/824756/feed/live,R,2026,2026-05-27,,night,P,N,N,Regular Season,2,3,1,Final,Final,3,Fenway Park,111,Boston Red Sox,BOS,8,True,144,Atlanta Braves,ATL,0,False,801139,Payton Tolle,Payton,Tolle,70,2002-11-01,23,"6' 6""",250,1,Pitcher,L,Left,L,Left,,,,,,,,,,,,,,,,,,,,,,,,,,
2026-05-27,824756,,/api/v1.1/game/824756/feed/live,R,2026,2026-05-27,,night,P,N,N,Regular Season,2,3,1,Final,Final,3,Fenway Park,111,Boston Red Sox,BOS,8,True,144,Atlanta Braves,ATL,0,False,678882,Ceddanne Rafaela,Ceddanne,Rafaela,3,2000-09-18,25,"5' 10""",165,8,Outfielder,R,Right,R,Right,"3-5 | 2 RBI, R, SB",,5,3,0,0,0,2,1,0,0,1,0,0,5,3,,,,,,,,,,
2026-05-27,824756,,/api/v1.1/game/824756/feed/live,R,2026,2026-05-27,,night,P,N,N,Regular Season,2,3,1,Final,Final,3,Fenway Park,111,Boston Red Sox,BOS,8,True,144,Atlanta Braves,ATL,0,False,663558,Jovani Morán,Jovani,Moran,47,1997-04-24,29,"6' 1""",167,1,Pitcher,L,Left,L,Left,,,,,,,,,,,,,,,,,,,,,,,,,,
2026-05-27,824756,,/api/v1.1/game/824756/feed/live,R,2026,2026-05-27,,night,P,N,N,Regular Season,2,3,1,Final,Final,3,Fenway Park,111,Boston Red Sox,BOS,8,True,144,Atlanta Braves,ATL,0,False,807799,Masataka Yoshida,Masataka,Yoshida,7,1993-07-15,32,"5' 8""",192,10,Designated Hitter,L,Left,R,Right,1-4 | R,,4,1,0,0,0,0,1,0,0,0,0,0,4,1,,,,,,,,,,
2026-05-27,824756,,/api/v1.1/game/824756/feed/live,R,2026,2026-05-27,,night,P,N,N,Regular Season,2,3,1,Final,Final,3,Fenway Park,111,Boston Red Sox,BOS,8,True,144,Atlanta Braves,ATL,0,False,543056,Danny Coulombe,Daniel,Coulombe,67,1989-10-26,36,"5' 10""",190,1,Pitcher,L,Left,L,Left,,,,,,,,,,,,,,,,,,,,,,,,,,
2026-05-27,824756,,/api/v1.1/game/824756/feed/live,R,2026,2026-05-27,,night,P,N,N,Regular Season,2,3,1,Final,Final,3,Fenway Park,111,Boston Red Sox,BOS,8,True,144,Atlanta Braves,ATL,0,False,691785,Marcelo Mayer,Marcelo,Mayer,11,2002-12-12,23,"6' 3""",188,4,Second Base,L,Left,R,Right,"2-4 | RBI, R",,4,2,0,0,0,1,1,0,0,0,0,0,4,2,,,,,,,,,,
2026-05-27,824756,,/api/v1.1/game/824756/feed/live,R,2026,2026-05-27,,night,P,N,N,Regular Season,2,3,1,Final,Final,3,Fenway Park,111,Boston Red Sox,BOS,8,True,144,Atlanta Braves,ATL,0,False,547973,Aroldis Chapman,Albertin,Chapman,44,1988-02-28,38,"6' 4""",235,1,Pitcher,L,Left,L,Left,,,,,,,,,,,,,,,,,,,,,,,,,,
2026-05-27,824756,,/api/v1.1/game/824756/feed/live,R,2026,2026-05-27,,night,P,N,N,Regular Season,2,3,1,Final,Final,3,Fenway Park,111,Boston Red Sox,BOS,8,True,144,Atlanta Braves,ATL,0,False,670245,Ryan Watson,Ryan,Watson,56,1997-11-15,28,"6' 5""",225,1,Pitcher,R,Right,R,Right,"2.0 IP, 0 ER, K, BB",,,,,,,,,,,,,,,,2.0,0,1,0,1,1,34,0,0,0
2026-05-27,824756,,/api/v1.1/game/824756/feed/live,R,2026,2026-05-27,,night,P,N,N,Regular Season,2,3,1,Final,Final,3,Fenway Park,111,Boston Red Sox,BOS,8,True,144,Atlanta Braves,ATL,0,False,644433,Chadwick Tromp,Chadwick,Tromp,39,1995-03-21,31,"5' 8""",221,2,Catcher,R,Right,R,Right,"1-4 | 2B, K",,4,1,1,0,0,0,0,1,0,0,0,0,4,2,,,,,,,,,,
2026-05-27,824756,,/api/v1.1/game/824756/feed/live,R,2026,2026-05-27,,night,P,N,N,Regular Season,2,3,1,Final,Final,3,Fenway Park,111,Boston Red Sox,BOS,8,True,144,Atlanta Braves,ATL,0,False,675911,Spencer Strider,Spencer,Strider,99,1998-10-28,27,"6' 0""",195,1,Pitcher,R,Right,R,Right,,,,,,,,,,,,,,,,,,,,,,,,,,
2026-05-27,824756,,/api/v1.1/game/824756/feed/live,R,2026,2026-05-27,,night,P,N,N,Regular Season,2,3,1,Final,Final,3,Fenway Park,111,Boston Red Sox,BOS,8,True,144,Atlanta Braves,ATL,0,False,689266,Dylan Dodd,Dylan,Dodd,46,1998-06-06,27,"6' 2""",210,1,Pitcher,L,Left,L,Left,"0.2 IP, 0 ER, 0 K, 0 BB",,,,,,,,,,,,,,,,0.2,0,1,0,0,0,21,0,0,0
2026-05-27,824756,,/api/v1.1/game/824756/feed/live,R,2026,2026-05-27,,night,P,N,N,Regular Season,2,3,1,Final,Final,3,Fenway Park,111,Boston Red Sox,BOS,8,True,144,Atlanta Braves,ATL,0,False,669276,Dylan Lee,Dylan,Lee,52,1994-08-01,31,"6' 3""",214,1,Pitcher,L,Left,L,Left,,,,,,,,,,,,,,,,,,,,,,,,,,
2026-05-27,824756,,/api/v1.1/game/824756/feed/live,R,2026,2026-05-27,,night,P,N,N,Regular Season,2,3,1,Final,Final,3,Fenway Park,111,Boston Red Sox,BOS,8,True,144,Atlanta Braves,ATL,0,False,663158,Robert Suarez,Robert,Suarez,75,1991-03-01,35,"6' 2""",210,1,Pitcher,R,Right,R,Right,,,,,,,,,,,,,,,,,,,,,,,,,,
2026-05-27,824756,,/api/v1.1/game/824756/feed/live,R,2026,2026-05-27,,night,P,N,N,Regular Season,2,3,1,Final,Final,3,Fenway Park,111,Boston Red Sox,BOS,8,True,144,Atlanta Braves,ATL,0,False,671739,Michael Harris II,Michael,Harris,23,2001-03-07,25,"5' 11""",195,8,Outfielder,L,Left,L,Left,0-4 | 2 K,,4,0,0,0,0,0,0,2,0,0,0,0,4,0,,,,,,,,,,
2026-05-27,824756,,/api/v1.1/game/824756/feed/live,R,2026,2026-05-27,,night,P,N,N,Regular Season,2,3,1,Final,Final,3,Fenway Park,111,Boston Red Sox,BOS,8,True,144,Atlanta Braves,ATL,0,False,622761,Jorge Mateo,Jorge,Mateo,2,1995-06-23,30,"6' 0""",200,6,Shortstop,R,Right,R,Right,2-4,,4,2,0,0,0,0,0,0,0,0,0,0,4,2,,,,,,,,,,
2026-05-27,824756,,/api/v1.1/game/824756/feed/live,R,2026,2026-05-27,,night,P,N,N,Regular Season,2,3,1,Final,Final,3,Fenway Park,111,Boston Red Sox,BOS,8,True,144,Atlanta Braves,ATL,0,False,643289,Mauricio Dubón,Mauricio,Dubón,14,1994-07-19,31,"5' 11""",173,6,Shortstop,R,Right,R,Right,1-4,,4,1,0,0,0,0,0,0,0,0,0,0,4,1,,,,,,,,,,
2026-05-27,824756,,/api/v1.1/game/824756/feed/live,R,2026,2026-05-27,,night,P,N,N,Regular Season,2,3,1,Final,Final,3,Fenway Park,111,Boston Red Sox,BOS,8,True,144,Atlanta Braves,ATL,0,False,471911,Carlos Carrasco,Carlos,Carrasco,59,1987-03-21,39,"6' 4""",224,1,Pitcher,R,Right,R,Right,"4.0 IP, 2 ER, 2 K, 0 BB",,,,,,,,,,,,,,,,4.0,2,5,1,2,0,46,0,0,0
2026-05-27,824756,,/api/v1.1/game/824756/feed/live,R,2026,2026-05-27,,night,P,N,N,Regular Season,2,3,1,Final,Final,3,Fenway Park,111,Boston Red Sox,BOS,8,True,144,Atlanta Braves,ATL,0,False,800311,Didier Fuentes,Didier,Fuentes,72,2005-06-17,20,"6' 0""",170,1,Pitcher,R,Right,R,Right,,,,,,,,,,,,,,,,,,,,,,,,,,
2026-05-27,824756,,/api/v1.1/game/824756/feed/live,R,2026,2026-05-27,,night,P,N,N,Regular Season,2,3,1,Final,Final,3,Fenway Park,111,Boston Red Sox,BOS,8,True,144,Atlanta Braves,ATL,0,False,519242,Chris Sale,Christopher,Sale,51,1989-03-30,37,"6' 6""",180,1,Pitcher,L,Left,L,Left,,,,,,,,,,,,,,,,,,,,,,,,,,
2026-05-27,824756,,/api/v1.1/game/824756/feed/live,R,2026,2026-05-27,,night,P,N,N,Regular Season,2,3,1,Final,Final,3,Fenway Park,111,Boston Red Sox,BOS,8,True,144,Atlanta Braves,ATL,0,False,621566,Matt Olson,Matthew,Olson,28,1994-03-29,32,"6' 4""",225,3,First Base,L,Left,R,Right,0-3 | BB,,3,0,0,0,0,0,0,0,1,0,0,0,4,0,,,,,,,,,,
2026-05-27,824756,,/api/v1.1/game/824756/feed/live,R,2026,2026-05-27,,night,P,N,N,Regular Season,2,3,1,Final,Final,3,Fenway Park,111,Boston Red Sox,BOS,8,True,144,Atlanta Braves,ATL,0,False,642086,Dominic Smith,Dominic,Smith,8,1995-06-15,30,"5' 11""",224,10,Designated Hitter,L,Left,L,Left,,,,,,,,,,,,,,,,,,,,,,,,,,
2026-05-27,824756,,/api/v1.1/game/824756/feed/live,R,2026,2026-05-27,,night,P,N,N,Regular Season,2,3,1,Final,Final,3,Fenway Park,111,Boston Red Sox,BOS,8,True,144,Atlanta Braves,ATL,0,False,660670,Ronald Acuña Jr.,Ronald,Acuña,13,1997-12-18,28,"6' 0""",205,9,Outfielder,R,Right,R,Right,"0-3 | BB, K, SB",,3,0,0,0,0,0,0,1,1,1,0,0,4,0,,,,,,,,,,
2026-05-27,824756,,/api/v1.1/game/824756/feed/live,R,2026,2026-05-27,,night,P,N,N,Regular Season,2,3,1,Final,Final,3,Fenway Park,111,Boston Red Sox,BOS,8,True,144,Atlanta Braves,ATL,0,False,641755,Tyler Kinley,Tyler,Kinley,45,1991-01-31,35,"6' 4""",220,1,Pitcher,R,Right,R,Right,,,,,,,,,,,,,,,,,,,,,,,,,,
2026-05-27,824756,,/api/v1.1/game/824756/feed/live,R,2026,2026-05-27,,night,P,N,N,Regular Season,2,3,1,Final,Final,3,Fenway Park,111,Boston Red Sox,BOS,8,True,144,Atlanta Braves,ATL,0,False,625643,Reynaldo López,Reynaldo,López,40,1994-01-04,32,"6' 1""",225,1,Pitcher,R,Right,R,Right,,,,,,,,,,,,,,,,,,,,,,,,,,
2026-05-27,824756,,/api/v1.1/game/824756/feed/live,R,2026,2026-05-27,,night,P,N,N,Regular Season,2,3,1,Final,Final,3,Fenway Park,111,Boston Red Sox,BOS,8,True,144,Atlanta Braves,ATL,0,False,642201,Eli White,Elijah,White,36,1994-06-26,31,"6' 2""",195,8,Outfielder,R,Right,R,Right,,,,,,,,,,,,,,,,,,,,,,,,,,
2026-05-27,824756,,/api/v1.1/game/824756/feed/live,R,2026,2026-05-27,,night,P,N,N,Regular Season,2,3,1,Final,Final,3,Fenway Park,111,Boston Red Sox,BOS,8,True,144,Atlanta Braves,ATL,0,False,645277,Ozzie Albies,Ozhaino,Albies,1,1997-01-07,29,"5' 7""",165,4,Second Base,S,Switch,R,Right,1-3 | BB,,3,1,0,0,0,0,0,0,1,0,0,1,4,1,,,,,,,,,,
2026-05-27,824756,,/api/v1.1/game/824756/feed/live,R,2026,2026-05-27,,night,P,N,N,Regular Season,2,3,1,Final,Final,3,Fenway Park,111,Boston Red Sox,BOS,8,True,144,Atlanta Braves,ATL,0,False,628452,Raisel Iglesias,Raisel,Iglesias,26,1990-01-04,36,"6' 2""",190,1,Pitcher,R,Right,R,Right,,,,,,,,,,,,,,,,,,,,,,,,,,
2026-05-27,824756,,/api/v1.1/game/824756/feed/live,R,2026,2026-05-27,,night,P,N,N,Regular Season,2,3,1,Final,Final,3,Fenway Park,111,Boston Red Sox,BOS,8,True,144,Atlanta Braves,ATL,0,False,663586,Austin Riley,Michael,Riley,27,1997-04-02,29,"6' 1""",225,5,Third Base,R,Right,R,Right,"0-3 | BB, 2 K",,3,0,0,0,0,0,0,2,1,0,0,0,4,0,,,,,,,,,,
2026-05-27,824756,,/api/v1.1/game/824756/feed/live,R,2026,2026-05-27,,night,P,N,N,Regular Season,2,3,1,Final,Final,3,Fenway Park,111,Boston Red Sox,BOS,8,True,144,Atlanta Braves,ATL,0,False,656550,Grant Holmes,Harrison,Holmes,66,1996-03-22,30,"6' 0""",226,1,Pitcher,L,Left,R,Right,,,,,,,,,,,,,,,,,,,,,,,,,,
2026-05-27,824756,,/api/v1.1/game/824756/feed/live,R,2026,2026-05-27,,night,P,N,N,Regular Season,2,3,1,Final,Final,3,Fenway Park,111,Boston Red Sox,BOS,8,True,144,Atlanta Braves,ATL,0,False,506702,Sandy León,Sandy,León,9,1989-03-13,37,"5' 9""",235,2,Catcher,S,Switch,R,Right,,,,,,,,,,,,,,,,,,,,,,,,,,
2026-05-27,824756,,/api/v1.1/game/824756/feed/live,R,2026,2026-05-27,,night,P,N,N,Regular Season,2,3,1,Final,Final,3,Fenway Park,111,Boston Red Sox,BOS,8,True,144,Atlanta Braves,ATL,0,False,573262,Mike Yastrzemski,Michael,Yastrzemski,18,1990-08-23,35,"5' 10""",180,7,Outfielder,L,Left,L,Left,,,,,,,,,,,,,,,,,,,,,,,,,,
2026-05-27,824756,,/api/v1.1/game/824756/feed/live,R,2026,2026-05-27,,night,P,N,N,Regular Season,2,3,1,Final,Final,3,Fenway Park,111,Boston Red Sox,BOS,8,True,144,Atlanta Braves,ATL,0,False,673490,Ha-Seong Kim,Ha-Seong,Kim,7,1995-10-17,30,"5' 10""",200,6,Shortstop,R,Right,R,Right,0-4 | 2 K,,4,0,0,0,0,0,0,2,0,0,0,0,4,0,,,,,,,,,,
2026-05-27,824756,,/api/v1.1/game/824756/feed/live,R,2026,2026-05-27,,night,P,N,N,Regular Season,2,3,1,Final,Final,3,Fenway Park,111,Boston Red Sox,BOS,8,True,144,Atlanta Braves,ATL,0,False,693821,Bryce Elder,Bryce,Elder,55,1999-05-19,27,"6' 2""",220,1,Pitcher,R,Right,R,Right,"3.1 IP, 5 ER, K, BB",,,,,,,,,,,,,,,,3.1,5,9,0,1,1,59,0,1,0
2026-05-27,824756,,/api/v1.1/game/824756/feed/live,R,2026,2026-05-27,,night,P,N,N,Regular Season,2,3,1,Final,Final,3,Fenway Park,111,Boston Red Sox,BOS,8,True,144,Atlanta Braves,ATL,0,False,527048,Martín Pérez,Martín,Pérez,33,1991-04-04,35,"6' 0""",210,1,Pitcher,L,Left,L,Left,,,,,,,,,,,,,,,,,,,,,,,,,,
2026-05-27,823626,,/api/v1.1/game/823626/feed/live,R,2026,2026-05-27,,night,P,N,N,Regular Season,3,3,1,Final,Final,3289,Citi Field,121,New York Mets,NYM,4,True,113,Cincinnati Reds,CIN,2,False,620443,Luis Torrens,Luis,Torrens,13,1996-05-02,30,"5' 11""",217,2,Catcher,R,Right,R,Right,1-3,,3,1,0,0,0,0,0,0,0,0,0,0,3,1,,,,,,,,,,
2026-05-27,823626,,/api/v1.1/game/823626/feed/live,R,2026,2026-05-27,,night,P,N,N,Regular Season,3,3,1,Final,Final,3289,Citi Field,121,New York Mets,NYM,4,True,113,Cincinnati Reds,CIN,2,False,666182,Bo Bichette,Bo,Bichette,19,1998-03-05,28,"5' 11""",190,5,Third Base,R,Right,R,Right,0-3 | BB,,3,0,0,0,0,0,0,0,1,0,0,0,4,0,,,,,,,,,,
2026-05-27,823626,,/api/v1.1/game/823626/feed/live,R,2026,2026-05-27,,night,P,N,N,Regular Season,3,3,1,Final,Final,3289,Citi Field,121,New York Mets,NYM,4,True,113,Cincinnati Reds,CIN,2,False,668901,Mark Vientos,Mark,Vientos,27,1999-12-11,26,"6' 3""",185,3,First Base,R,Right,R,Right,0-4 | 2 K,,4,0,0,0,0,0,0,2,0,0,0,0,4,0,,,,,,,,,,
2026-05-27,823626,,/api/v1.1/game/823626/feed/live,R,2026,2026-05-27,,night,P,N,N,Regular Season,3,3,1,Final,Final,3289,Citi Field,121,New York Mets,NYM,4,True,113,Cincinnati Reds,CIN,2,False,640455,Sean Manaea,Sean,Manaea,59,1992-02-01,34,"6' 5""",245,1,Pitcher,R,Right,L,Left,,,,,,,,,,,,,,,,,,,,,,,,,,
2026-05-27,823626,,/api/v1.1/game/823626/feed/live,R,2026,2026-05-27,,night,P,N,N,Regular Season,3,3,1,Final,Final,3289,Citi Field,121,New York Mets,NYM,4,True,113,Cincinnati Reds,CIN,2,False,668964,Tobias Myers,Tobias,Myers,32,1998-08-05,27,"6' 1""",223,1,Pitcher,R,Right,R,Right,"0.2 IP, ER, 0 K, 0 BB",,,,,,,,,,,,,,,,0.2,1,2,0,0,0,9,0,0,0
2026-05-27,823626,,/api/v1.1/game/823626/feed/live,R,2026,2026-05-27,,night,P,N,N,Regular Season,3,3,1,Final,Final,3289,Citi Field,121,New York Mets,NYM,4,True,113,Cincinnati Reds,CIN,2,False,681810,Austin Warren,Austin,Warren,44,1996-02-05,30,"6' 0""",170,1,Pitcher,R,Right,R,Right,,,,,,,,,,,,,,,,,,,,,,,,,,
2026-05-27,823626,,/api/v1.1/game/823626/feed/live,R,2026,2026-05-27,,night,P,N,N,Regular Season,3,3,1,Final,Final,3289,Citi Field,121,New York Mets,NYM,4,True,113,Cincinnati Reds,CIN,2,False,683146,Brett Baty,Brett,Baty,7,1999-11-13,26,"6' 3""",210,5,Third Base,L,Left,R,Right,0-3 | R,,3,0,0,0,0,0,1,0,0,0,0,0,3,0,,,,,,,,,,
2026-05-27,823626,,/api/v1.1/game/823626/feed/live,R,2026,2026-05-27,,night,P,N,N,Regular Season,3,3,1,Final,Final,3289,Citi Field,121,New York Mets,NYM,4,True,113,Cincinnati Reds,CIN,2,False,623211,Huascar Brazobán,Huascar,Brazobán,43,1989-10-15,36,"6' 3""",155,1,Pitcher,R,Right,R,Right,"1.0 IP, 0 ER, 2 K, BB",,,,,,,,,,,,,,,,1.0,0,1,0,2,1,19,0,0,0
2026-05-27,823626,,/api/v1.1/game/823626/feed/live,R,2026,2026-05-27,,night,P,N,N,Regular Season,3,3,1,Final,Final,3289,Citi Field,121,New York Mets,NYM,4,True,113,Cincinnati Reds,CIN,2,False,596133,Luke Weaver,Luke,Weaver,30,1993-08-21,32,"6' 2""",180,1,Pitcher,R,Right,R,Right,"1.1 IP, 0 ER, K, 0 BB",,,,,,,,,,,,,,,,1.1,0,1,0,1,0,15,0,0,0
2026-05-27,823626,,/api/v1.1/game/823626/feed/live,R,2026,2026-05-27,,night,P,N,N,Regular Season,3,3,1,Final,Final,3289,Citi Field,121,New York Mets,NYM,4,True,113,Cincinnati Reds,CIN,2,False,701807,Carson Benge,Carson,Benge,3,2003-01-20,23,"6' 1""",184,9,Outfielder,L,Left,R,Right,2-4 | 2 RBI,,4,2,0,0,0,2,0,0,0,0,0,0,4,2,,,,,,,,,,
2026-05-27,823626,,/api/v1.1/game/823626/feed/live,R,2026,2026-05-27,,night,P,N,N,Regular Season,3,3,1,Final,Final,3289,Citi Field,121,New York Mets,NYM,4,True,113,Cincinnati Reds,CIN,2,False,804636,Jonah Tong,Jonah,Tong,21,2003-06-19,22,"6' 1""",180,1,Pitcher,R,Right,R,Right,"3.2 IP, 0 ER, K, 4 BB",,,,,,,,,,,,,,,,3.2,0,3,0,1,4,76,1,0,0
2026-05-27,823626,,/api/v1.1/game/823626/feed/live,R,2026,2026-05-27,,night,P,N,N,Regular Season,3,3,1,Final,Final,3289,Citi Field,121,New York Mets,NYM,4,True,113,Cincinnati Reds,CIN,2,False,676572,Eric Wagaman,Eric,Wagaman,39,1997-08-14,28,"6' 4""",210,3,First Base,R,Right,R,Right,"1-2 | HR, RBI, R",,2,1,0,0,1,1,1,0,0,0,0,0,2,4,,,,,,,,,,
2026-05-27,823626,,/api/v1.1/game/823626/feed/live,R,2026,2026-05-27,,night,P,N,N,Regular Season,3,3,1,Final,Final,3289,Citi Field,121,New York Mets,NYM,4,True,113,Cincinnati Reds,CIN,2,False,642207,Devin Williams,Devin,Williams,38,1994-09-21,31,"6' 2""",193,1,Pitcher,R,Right,R,Right,"1.0 IP, 0 ER, 3 K, 3 BB",,,,,,,,,,,,,,,,1.0,0,0,0,3,3,34,0,0,1
2026-05-27,823626,,/api/v1.1/game/823626/feed/live,R,2026,2026-05-27,,night,P,N,N,Regular Season,3,3,1,Final,Final,3289,Citi Field,121,New York Mets,NYM,4,True,113,Cincinnati Reds,CIN,2,False,543760,Marcus Semien,Marcus,Semien,10,1990-09-17,35,"6' 0""",195,4,Second Base,R,Right,R,Right,"0-3 | BB, K",,3,0,0,0,0,0,0,1,1,0,0,0,4,0,,,,,,,,,,
2026-05-27,823626,,/api/v1.1/game/823626/feed/live,R,2026,2026-05-27,,night,P,N,N,Regular Season,3,3,1,Final,Final,3289,Citi Field,121,New York Mets,NYM,4,True,113,Cincinnati Reds,CIN,2,False,669004,MJ Melendez,Mervyl,Melendez,1,1998-11-29,27,"6' 0""",190,10,Designated Hitter,L,Left,R,Right,,,,,,,,,,,,,,,,,,,,,,,,,,
2026-05-27,823626,,/api/v1.1/game/823626/feed/live,R,2026,2026-05-27,,night,P,N,N,Regular Season,3,3,1,Final,Final,3289,Citi Field,121,New York Mets,NYM,4,True,113,Cincinnati Reds,CIN,2,False,621345,A.J. Minter,Alex,Minter,33,1993-09-02,32,"6' 0""",215,1,Pitcher,L,Left,L,Left,,,,,,,,,,,,,,,,,,,,,,,,,,
2026-05-27,823626,,/api/v1.1/game/823626/feed/live,R,2026,2026-05-27,,night,P,N,N,Regular Season,3,3,1,Final,Final,3289,Citi Field,121,New York Mets,NYM,4,True,113,Cincinnati Reds,CIN,2,False,656849,David Peterson,David,Peterson,23,1995-09-03,30,"6' 6""",240,1,Pitcher,L,Left,L,Left,,,,,,,,,,,,,,,,,,,,,,,,,,
2026-05-27,823626,,/api/v1.1/game/823626/feed/live,R,2026,2026-05-27,,night,P,N,N,Regular Season,3,3,1,Final,Final,3289,Citi Field,121,New York Mets,NYM,4,True,113,Cincinnati Reds,CIN,2,False,642547,Freddy Peralta,Freddy,Peralta,51,1996-06-04,29,"6' 0""",198,1,Pitcher,R,Right,R,Right,,,,,,,,,,,,,,,,,,,,,,,,,,
2026-05-27,823626,,/api/v1.1/game/823626/feed/live,R,2026,2026-05-27,,night,P,N,N,Regular Season,3,3,1,Final,Final,3289,Citi Field,121,New York Mets,NYM,4,True,113,Cincinnati Reds,CIN,2,False,663584,Hayden Senger,Hayden,Senger,6,1997-04-03,29,"6' 1""",210,2,Catcher,R,Right,R,Right,,,,,,,,,,,,,,,,,,,,,,,,,,
2026-05-27,823626,,/api/v1.1/game/823626/feed/live,R,2026,2026-05-27,,night,P,N,N,Regular Season,3,3,1,Final,Final,3289,Citi Field,121,New York Mets,NYM,4,True,113,Cincinnati Reds,CIN,2,False,665742,Juan Soto,Juan,Soto,22,1998-10-25,27,"6' 1""",224,7,Outfielder,L,Left,L,Left,"2-3 | HR, RBI, R",,3,2,0,0,1,1,1,0,0,0,1,0,4,5,,,,,,,,,,
2026-05-27,823626,,/api/v1.1/game/823626/feed/live,R,2026,2026-05-27,,night,P,N,N,Regular Season,3,3,1,Final,Final,3289,Citi Field,121,New York Mets,NYM,4,True,113,Cincinnati Reds,CIN,2,False,681035,Christian Scott,Christian,Scott,45,1999-06-15,26,"6' 4""",215,1,Pitcher,R,Right,R,Right,,,,,,,,,,,,,,,,,,,,,,,,,,
2026-05-27,823626,,/api/v1.1/game/823626/feed/live,R,2026,2026-05-27,,night,P,N,N,Regular Season,3,3,1,Final,Final,3289,Citi Field,121,New York Mets,NYM,4,True,113,Cincinnati Reds,CIN,2,False,660644,Vidal Bruján,Vidal,Bruján,2,1998-02-09,28,"5' 9""",180,6,Shortstop,S,Switch,R,Right,,,,,,,,,,,,,,,,,,,,,,,,,,
2026-05-27,823626,,/api/v1.1/game/823626/feed/live,R,2026,2026-05-27,,night,P,N,N,Regular Season,3,3,1,Final,Final,3289,Citi Field,121,New York Mets,NYM,4,True,113,Cincinnati Reds,CIN,2,False,548384,Brooks Raley,Brooks,Raley,25,1988-06-29,37,"6' 3""",200,1,Pitcher,L,Left,L,Left,"1.1 IP, 0 ER, K, BB",,,,,,,,,,,,,,,,1.1,0,1,0,1,1,24,0,0,0
2026-05-27,823626,,/api/v1.1/game/823626/feed/live,R,2026,2026-05-27,,night,P,N,N,Regular Season,3,3,1,Final,Final,3289,Citi Field,121,New York Mets,NYM,4,True,113,Cincinnati Reds,CIN,2,False,690997,Nolan McLean,Nolan,McLean,26,2001-07-24,24,"6' 2""",214,1,Pitcher,R,Right,R,Right,,,,,,,,,,,,,,,,,,,,,,,,,,
2026-05-27,823626,,/api/v1.1/game/823626/feed/live,R,2026,2026-05-27,,night,P,N,N,Regular Season,3,3,1,Final,Final,3289,Citi Field,121,New York Mets,NYM,4,True,113,Cincinnati Reds,CIN,2,False,676724,Jared Young,Jared,Young,29,1995-07-09,30,"6' 2""",200,3,First Base,L,Left,R,Right,1-2 | R,,2,1,0,0,0,0,1,0,0,0,0,0,2,1,,,,,,,,,,
2026-05-27,823626,,/api/v1.1/game/823626/feed/live,R,2026,2026-05-27,,night,P,N,N,Regular Season,3,3,1,Final,Final,3289,Citi Field,121,New York Mets,NYM,4,True,113,Cincinnati Reds,CIN,2,False,805999,A.J. Ewing,Andrew,Ewing,9,2004-08-10,21,"5' 10""",160,8,Outfielder,L,Left,R,Right,0-4 | 2 K,,4,0,0,0,0,0,0,2,0,0,0,0,4,0,,,,,,,,,,
2026-05-27,823626,,/api/v1.1/game/823626/feed/live,R,2026,2026-05-27,,night,P,N,N,Regular Season,3,3,1,Final,Final,3289,Citi Field,121,New York Mets,NYM,4,True,113,Cincinnati Reds,CIN,2,False,682829,Elly De La Cruz,Elly,De La Cruz,44,2002-01-11,24,"6' 6""",200,6,Shortstop,S,Switch,R,Right,"0-4 | HBP, K, R",,4,0,0,0,0,0,1,1,0,0,0,0,5,0,,,,,,,,,,
2026-05-27,823626,,/api/v1.1/game/823626/feed/live,R,2026,2026-05-27,,night,P,N,N,Regular Season,3,3,1,Final,Final,3289,Citi Field,121,New York Mets,NYM,4,True,113,Cincinnati Reds,CIN,2,False,701398,Sal Stewart,Sal,Stewart,27,2003-12-07,22,"6' 1""",224,3,First Base,R,Right,R,Right,"1-4 | BB, K, RBI",,4,1,0,0,0,1,0,1,1,0,0,0,5,1,,,,,,,,,,
2026-05-27,823626,,/api/v1.1/game/823626/feed/live,R,2026,2026-05-27,,night,P,N,N,Regular Season,3,3,1,Final,Final,3289,Citi Field,121,New York Mets,NYM,4,True,113,Cincinnati Reds,CIN,2,False,667472,Dane Myers,Dane,Myers,17,1996-03-08,30,"6' 0""",205,8,Outfielder,R,Right,R,Right,0-2 | K,,2,0,0,0,0,0,0,1,0,0,0,0,2,0,,,,,,,,,,
2026-05-27,823626,,/api/v1.1/game/823626/feed/live,R,2026,2026-05-27,,night,P,N,N,Regular Season,3,3,1,Final,Final,3289,Citi Field,121,New York Mets,NYM,4,True,113,Cincinnati Reds,CIN,2,False,572955,Pierce Johnson,Pierce,Johnson,52,1991-05-10,35,"6' 2""",202,1,Pitcher,R,Right,R,Right,,,,,,,,,,,,,,,,,,,,,,,,,,
2026-05-27,823626,,/api/v1.1/game/823626/feed/live,R,2026,2026-05-27,,night,P,N,N,Regular Season,3,3,1,Final,Final,3289,Citi Field,121,New York Mets,NYM,4,True,113,Cincinnati Reds,CIN,2,False,622088,Tejay Antone,Tejay,Antone,70,1993-12-05,32,"6' 4""",230,1,Pitcher,R,Right,R,Right,,,,,,,,,,,,,,,,,,,,,,,,,,
2026-05-27,823626,,/api/v1.1/game/823626/feed/live,R,2026,2026-05-27,,night,P,N,N,Regular Season,3,3,1,Final,Final,3289,Citi Field,121,New York Mets,NYM,4,True,113,Cincinnati Reds,CIN,2,False,663574,Tony Santillan,Antonio,Santillan,64,1997-04-15,29,"6' 3""",285,1,Pitcher,R,Right,R,Right,,,,,,,,,,,,,,,,,,,,,,,,,,
2026-05-27,823626,,/api/v1.1/game/823626/feed/live,R,2026,2026-05-27,,night,P,N,N,Regular Season,3,3,1,Final,Final,3289,Citi Field,121,New York Mets,NYM,4,True,113,Cincinnati Reds,CIN,2,False,663993,Nathaniel Lowe,David,Lowe,31,1995-07-07,30,"6' 4""",220,10,Designated Hitter,L,Left,R,Right,"1-3 | 2 BB, K, RBI",,3,1,0,0,0,1,0,1,2,0,0,0,5,1,,,,,,,,,,
2026-05-27,823626,,/api/v1.1/game/823626/feed/live,R,2026,2026-05-27,,night,P,N,N,Regular Season,3,3,1,Final,Final,3289,Citi Field,121,New York Mets,NYM,4,True,113,Cincinnati Reds,CIN,2,False,663903,Brady Singer,Brady,Singer,51,1996-08-04,29,"6' 5""",215,1,Pitcher,R,Right,R,Right,,,,,,,,,,,,,,,,,,,,,,,,,,
2026-05-27,823626,,/api/v1.1/game/823626/feed/live,R,2026,2026-05-27,,night,P,N,N,Regular Season,3,3,1,Final,Final,3289,Citi Field,121,New York Mets,NYM,4,True,113,Cincinnati Reds,CIN,2,False,680574,Matt McLain,Matthew,McLain,9,1999-08-06,26,"5' 8""",180,4,Second Base,R,Right,R,Right,0-0,,0,0,0,0,0,0,0,0,0,0,0,0,0,0,,,,,,,,,,
2026-05-27,823626,,/api/v1.1/game/823626/feed/live,R,2026,2026-05-27,,night,P,N,N,Regular Season,3,3,1,Final,Final,3289,Citi Field,121,New York Mets,NYM,4,True,113,Cincinnati Reds,CIN,2,False,657571,Caleb Ferguson,Caleb,Ferguson,46,1996-07-02,29,"6' 3""",225,1,Pitcher,R,Right,L,Left,"1.1 IP, 0 ER, K, 0 BB",,,,,,,,,,,,,,,,1.1,0,0,0,1,0,16,0,0,0
2026-05-27,823626,,/api/v1.1/game/823626/feed/live,R,2026,2026-05-27,,night,P,N,N,Regular Season,3,3,1,Final,Final,3289,Citi Field,121,New York Mets,NYM,4,True,113,Cincinnati Reds,CIN,2,False,666181,Will Benson,William,Benson,30,1998-06-16,27,"6' 4""",230,9,Outfielder,L,Left,L,Left,0-0,,0,0,0,0,0,0,0,0,0,0,0,0,0,0,,,,,,,,,,
2026-05-27,823626,,/api/v1.1/game/823626/feed/live,R,2026,2026-05-27,,night,P,N,N,Regular Season,3,3,1,Final,Final,3289,Citi Field,121,New York Mets,NYM,4,True,113,Cincinnati Reds,CIN,2,False,670770,TJ Friedl,Terry,Friedl,29,1995-08-14,30,"5' 8""",180,8,Outfielder,L,Left,L,Left,1-2 | BB,,2,1,0,0,0,0,0,0,1,0,0,0,3,1,,,,,,,,,,
2026-05-27,823626,,/api/v1.1/game/823626/feed/live,R,2026,2026-05-27,,night,P,N,N,Regular Season,3,3,1,Final,Final,3289,Citi Field,121,New York Mets,NYM,4,True,113,Cincinnati Reds,CIN,2,False,694362,Blake Dunn,Blake,Dunn,59,1998-09-05,27,"5' 9""",210,9,Outfielder,R,Right,R,Right,3-6 | K,,6,3,0,0,0,0,0,1,0,0,0,0,6,3,,,,,,,,,,
2026-05-27,823626,,/api/v1.1/game/823626/feed/live,R,2026,2026-05-27,,night,P,N,N,Regular Season,3,3,1,Final,Final,3289,Citi Field,121,New York Mets,NYM,4,True,113,Cincinnati Reds,CIN,2,False,668715,Spencer Steer,Spencer,Steer,7,1997-12-07,28,"5' 9""",185,7,Outfielder,R,Right,R,Right,1-5 | 2 K,,5,1,0,0,0,0,0,2,0,0,0,0,5,1,,,,,,,,,,
2026-05-27,823626,,/api/v1.1/game/823626/feed/live,R,2026,2026-05-27,,night,P,N,N,Regular Season,3,3,1,Final,Final,3289,Citi Field,121,New York Mets,NYM,4,True,113,Cincinnati Reds,CIN,2,False,664731,P.J. Higgins,Patrick,Higgins,65,1993-05-10,33,"5' 10""",195,2,Catcher,R,Right,R,Right,0-0 | BB,,0,0,0,0,0,0,0,0,1,0,0,0,1,0,,,,,,,,,,
2026-05-27,823626,,/api/v1.1/game/823626/feed/live,R,2026,2026-05-27,,night,P,N,N,Regular Season,3,3,1,Final,Final,3289,Citi Field,121,New York Mets,NYM,4,True,113,Cincinnati Reds,CIN,2,False,553993,Eugenio Suárez,Eugenio,Suárez,28,1991-07-18,34,"5' 11""",213,10,Designated Hitter,R,Right,R,Right,"0-3 | 2 BB, K",,3,0,0,0,0,0,0,1,2,0,0,0,5,0,,,,,,,,,,
2026-05-27,823626,,/api/v1.1/game/823626/feed/live,R,2026,2026-05-27,,night,P,N,N,Regular Season,3,3,1,Final,Final,3289,Citi Field,121,New York Mets,NYM,4,True,113,Cincinnati Reds,CIN,2,False,663886,Tyler Stephenson,Tyler,Stephenson,37,1996-08-16,29,"6' 3""",225,2,Catcher,R,Right,R,Right,"1-3 | 2B, BB, R",,3,1,1,0,0,0,1,0,1,0,0,0,4,2,,,,,,,,,,
2026-05-27,823626,,/api/v1.1/game/823626/feed/live,R,2026,2026-05-27,,night,P,N,N,Regular Season,3,3,1,Final,Final,3289,Citi Field,121,New York Mets,NYM,4,True,113,Cincinnati Reds,CIN,2,False,668933,Graham Ashcraft,Douglas,Ashcraft,23,1998-02-11,28,"6' 2""",248,1,Pitcher,L,Left,R,Right,,,,,,,,,,,,,,,,,,,,,,,,,,
2026-05-27,823626,,/api/v1.1/game/823626/feed/live,R,2026,2026-05-27,,night,P,N,N,Regular Season,3,3,1,Final,Final,3289,Citi Field,121,New York Mets,NYM,4,True,113,Cincinnati Reds,CIN,2,False,666157,Nick Lodolo,Nicholas,Lodolo,40,1998-02-05,28,"6' 6""",216,1,Pitcher,L,Left,L,Left,,,,,,,,,,,,,,,,,,,,,,,,,,
2026-05-27,823626,,/api/v1.1/game/823626/feed/live,R,2026,2026-05-27,,night,P,N,N,Regular Season,3,3,1,Final,Final,3289,Citi Field,121,New York Mets,NYM,4,True,113,Cincinnati Reds,CIN,2,False,594580,Sam Moll,Samuel,Moll,50,1992-01-03,34,"5' 9""",190,1,Pitcher,L,Left,L,Left,,,,,,,,,,,,,,,,,,,,,,,,,,
2026-05-27,823626,,/api/v1.1/game/823626/feed/live,R,2026,2026-05-27,,night,P,N,N,Regular Season,3,3,1,Final,Final,3289,Citi Field,121,New York Mets,NYM,4,True,113,Cincinnati Reds,CIN,2,False,687209,Zach Maxwell,Zachary,Maxwell,78,2001-01-26,25,"6' 6""",275,1,Pitcher,R,Right,R,Right,"0.2 IP, ER, 0 K, BB",,,,,,,,,,,,,,,,0.2,1,2,0,0,1,29,0,0,0
2026-05-27,823626,,/api/v1.1/game/823626/feed/live,R,2026,2026-05-27,,night,P,N,N,Regular Season,3,3,1,Final,Final,3289,Citi Field,121,New York Mets,NYM,4,True,113,Cincinnati Reds,CIN,2,False,668709,JJ Bleday,Jeffrey,Bleday,22,1997-11-10,28,"6' 2""",205,7,Outfielder,L,Left,L,Left,0-4 | BB,,4,0,0,0,0,0,0,0,1,0,0,0,5,0,,,,,,,,,,
2026-05-27,823626,,/api/v1.1/game/823626/feed/live,R,2026,2026-05-27,,night,P,N,N,Regular Season,3,3,1,Final,Final,3289,Citi Field,121,New York Mets,NYM,4,True,113,Cincinnati Reds,CIN,2,False,663978,Chris Paddack,Christopher,Paddack,56,1996-01-08,30,"6' 5""",217,1,Pitcher,R,Right,R,Right,,,,,,,,,,,,,,,,,,,,,,,,,,
2026-05-27,823626,,/api/v1.1/game/823626/feed/live,R,2026,2026-05-27,,night,P,N,N,Regular Season,3,3,1,Final,Final,3289,Citi Field,121,New York Mets,NYM,4,True,113,Cincinnati Reds,CIN,2,False,656271,Brock Burke,Brock,Burke,49,1996-08-04,29,"6' 4""",210,1,Pitcher,L,Left,L,Left,,,,,,,,,,,,,,,,,,,,,,,,,,
2026-05-27,823626,,/api/v1.1/game/823626/feed/live,R,2026,2026-05-27,,night,P,N,N,Regular Season,3,3,1,Final,Final,3289,Citi Field,121,New York Mets,NYM,4,True,113,Cincinnati Reds,CIN,2,False,671096,Andrew Abbott,Andrew,Abbott,41,1999-06-01,26,"6' 0""",192,1,Pitcher,L,Left,L,Left,"6.0 IP, 2 ER, 4 K, BB",,,,,,,,,,,,,,,,6.0,2,5,2,4,1,101,0,1,0
2026-05-27,823626,,/api/v1.1/game/823626/feed/live,R,2026,2026-05-27,,night,P,N,N,Regular Season,3,3,1,Final,Final,3289,Citi Field,121,New York Mets,NYM,4,True,113,Cincinnati Reds,CIN,2,False,695505,Chase Burns,Chase,Burns,26,2003-01-16,23,"6' 3""",210,1,Pitcher,R,Right,R,Right,,,,,,,,,,,,,,,,,,,,,,,,,,
2026-05-27,824596,,/api/v1.1/game/824596/feed/live,R,2026,2026-05-27,,night,P,N,N,Regular Season,3,4,1,Final,Final,4,Rate Field,145,Chicago White Sox,CWS,15,True,142,Minnesota Twins,MIN,2,False,671976,Tristan Peters,Tristan,Peters,29,2000-02-29,26,"6' 0""",180,8,Outfielder,L,Left,R,Right,"2-2 | BB, 2 R",,2,2,0,0,0,0,2,0,1,0,0,0,3,2,,,,,,,,,,
2026-05-27,824596,,/api/v1.1/game/824596/feed/live,R,2026,2026-05-27,,night,P,N,N,Regular Season,3,4,1,Final,Final,4,Rate Field,145,Chicago White Sox,CWS,15,True,142,Minnesota Twins,MIN,2,False,641743,Anthony Kay,Anthony,Kay,18,1995-03-21,31,"6' 0""",225,1,Pitcher,L,Left,L,Left,,,,,,,,,,,,,,,,,,,,,,,,,,
2026-05-27,824596,,/api/v1.1/game/824596/feed/live,R,2026,2026-05-27,,night,P,N,N,Regular Season,3,4,1,Final,Final,4,Rate Field,145,Chicago White Sox,CWS,15,True,142,Minnesota Twins,MIN,2,False,663436,Davis Martin,Davis,Martin,65,1997-01-04,29,"6' 2""",215,1,Pitcher,L,Left,R,Right,,,,,,,,,,,,,,,,,,,,,,,,,,
2026-05-27,824596,,/api/v1.1/game/824596/feed/live,R,2026,2026-05-27,,night,P,N,N,Regular Season,3,4,1,Final,Final,4,Rate Field,145,Chicago White Sox,CWS,15,True,142,Minnesota Twins,MIN,2,False,682668,Luisangel Acuña,Luisangel,Acuña,0,2002-03-12,24,"5' 7""",181,8,Outfielder,R,Right,R,Right,"1-5 | K, RBI",,5,1,0,0,0,1,0,1,0,0,0,1,5,1,,,,,,,,,,
2026-05-27,824596,,/api/v1.1/game/824596/feed/live,R,2026,2026-05-27,,night,P,N,N,Regular Season,3,4,1,Final,Final,4,Rate Field,145,Chicago White Sox,CWS,15,True,142,Minnesota Twins,MIN,2,False,685126,Brandon Eisert,Brandon,Eisert,53,1998-01-19,28,"6' 2""",210,1,Pitcher,L,Left,L,Left,"2.0 IP, ER, K, 0 BB",,,,,,,,,,,,,,,,2.0,1,2,1,1,0,29,0,0,0
2026-05-27,824596,,/api/v1.1/game/824596/feed/live,R,2026,2026-05-27,,night,P,N,N,Regular Season,3,4,1,Final,Final,4,Rate Field,145,Chicago White Sox,CWS,15,True,142,Minnesota Twins,MIN,2,False,689818,David Sandlin,David,Sandlin,54,2001-02-21,25,"6' 4""",215,1,Pitcher,R,Right,R,Right,"6.0 IP, ER, 4 K, 0 BB",,,,,,,,,,,,,,,,6.0,1,1,1,4,0,61,1,0,0
2026-05-27,824596,,/api/v1.1/game/824596/feed/live,R,2026,2026-05-27,,night,P,N,N,Regular Season,3,4,1,Final,Final,4,Rate Field,145,Chicago White Sox,CWS,15,True,142,Minnesota Twins,MIN,2,False,545341,Randal Grichuk,Randal,Grichuk,34,1991-08-13,34,"6' 0""",210,9,Outfielder,R,Right,R,Right,"3-5 | K, 2 RBI, R",,5,3,0,0,0,2,1,1,0,0,0,0,5,3,,,,,,,,,,
2026-05-27,824596,,/api/v1.1/game/824596/feed/live,R,2026,2026-05-27,,night,P,N,N,Regular Season,3,4,1,Final,Final,4,Rate Field,145,Chicago White Sox,CWS,15,True,142,Minnesota Twins,MIN,2,False,808959,Munetaka Murakami,Munetaka,Murakami,5,2000-02-02,26,"6' 2""",213,3,First Base,L,Left,R,Right,"2-4 | HR, BB, K",,4,2,0,0,1,1,3,1,1,1,0,0,5,5,,,,,,,,,,
2026-05-27,824596,,/api/v1.1/game/824596/feed/live,R,2026,2026-05-27,,night,P,N,N,Regular Season,3,4,1,Final,Final,4,Rate Field,145,Chicago White Sox,CWS,15,True,142,Minnesota Twins,MIN,2,False,805367,Chase Meidroth,Chase,Meidroth,10,2001-07-23,24,"5' 9""",190,4,Second Base,R,Right,R,Right,"2-5 | HR, BB, 4 RBI",,5,2,0,0,1,4,1,0,1,0,0,0,6,5,,,,,,,,,,
2026-05-27,824596,,/api/v1.1/game/824596/feed/live,R,2026,2026-05-27,,night,P,N,N,Regular Season,3,4,1,Final,Final,4,Rate Field,145,Chicago White Sox,CWS,15,True,142,Minnesota Twins,MIN,2,False,691799,Grant Taylor,Grant,Taylor,31,2002-05-20,24,"6' 3""",230,1,Pitcher,R,Right,R,Right,,,,,,,,,,,,,,,,,,,,,,,,,,
2026-05-27,824596,,/api/v1.1/game/824596/feed/live,R,2026,2026-05-27,,night,P,N,N,Regular Season,3,4,1,Final,Final,4,Rate Field,145,Chicago White Sox,CWS,15,True,142,Minnesota Twins,MIN,2,False,807747,Rikuu Nishida,Rikuu,Nishida,51,2001-05-06,25,"5' 6""",150,O,Outfield,L,Left,R,Right,0-0,,0,0,0,0,0,0,0,0,0,0,0,0,0,0,,,,,,,,,,
2026-05-27,824596,,/api/v1.1/game/824596/feed/live,R,2026,2026-05-27,,night,P,N,N,Regular Season,3,4,1,Final,Final,4,Rate Field,145,Chicago White Sox,CWS,15,True,142,Minnesota Twins,MIN,2,False,695657,Colson Montgomery,Colson,Montgomery,12,2002-02-27,24,"6' 3""",230,6,Shortstop,L,Left,R,Right,"2-5 | 2B, K, RBI",,5,2,1,0,0,1,1,1,0,0,0,1,5,3,,,,,,,,,,
2026-05-27,824596,,/api/v1.1/game/824596/feed/live,R,2026,2026-05-27,,night,P,N,N,Regular Season,3,4,1,Final,Final,4,Rate Field,145,Chicago White Sox,CWS,15,True,142,Minnesota Twins,MIN,2,False,670950,Trevor Richards,Trevor,Richards,43,1993-05-15,33,"6' 2""",205,1,Pitcher,R,Right,R,Right,"1.0 IP, 0 ER, 0 K, 0 BB",,,,,,,,,,,,,,,,1.0,0,0,0,0,0,4,0,0,0
2026-05-27,824596,,/api/v1.1/game/824596/feed/live,R,2026,2026-05-27,,night,P,N,N,Regular Season,3,4,1,Final,Final,4,Rate Field,145,Chicago White Sox,CWS,15,True,142,Minnesota Twins,MIN,2,False,691011,Drew Romo,Drew,Romo,36,2001-08-29,24,"6' 0""",205,2,Catcher,S,Switch,R,Right,,,,,,,,,,,,,,,,,,,,,,,,,,
2026-05-27,824596,,/api/v1.1/game/824596/feed/live,R,2026,2026-05-27,,night,P,N,N,Regular Season,3,4,1,Final,Final,4,Rate Field,145,Chicago White Sox,CWS,15,True,142,Minnesota Twins,MIN,2,False,622554,Seranthony Domínguez,Seranthony,Domínguez,58,1994-11-25,31,"6' 1""",225,1,Pitcher,R,Right,R,Right,,,,,,,,,,,,,,,,,,,,,,,,,,
2026-05-27,824596,,/api/v1.1/game/824596/feed/live,R,2026,2026-05-27,,night,P,N,N,Regular Season,3,4,1,Final,Final,4,Rate Field,145,Chicago White Sox,CWS,15,True,142,Minnesota Twins,MIN,2,False,700337,Edgar Quero,Edgar,Quero,26,2003-04-06,23,"5' 10""",205,2,Catcher,S,Switch,R,Right,"2-3 | BB, RBI, 3 R",,3,2,0,0,0,1,3,0,1,0,0,0,5,2,,,,,,,,,,
2026-05-27,824596,,/api/v1.1/game/824596/feed/live,R,2026,2026-05-27,,night,P,N,N,Regular Season,3,4,1,Final,Final,4,Rate Field,145,Chicago White Sox,CWS,15,True,142,Minnesota Twins,MIN,2,False,643217,Andrew Benintendi,Andrew,Benintendi,23,1994-07-06,31,"5' 9""",185,10,Designated Hitter,L,Left,L,Left,,,,,,,,,,,,,,,,,,,,,,,,,,
2026-05-27,824596,,/api/v1.1/game/824596/feed/live,R,2026,2026-05-27,,night,P,N,N,Regular Season,3,4,1,Final,Final,4,Rate Field,145,Chicago White Sox,CWS,15,True,142,Minnesota Twins,MIN,2,False,673929,Jordan Leasure,Jordan,Leasure,49,1998-08-15,27,"6' 3""",220,1,Pitcher,R,Right,R,Right,,,,,,,,,,,,,,,,,,,,,,,,,,
2026-05-27,824596,,/api/v1.1/game/824596/feed/live,R,2026,2026-05-27,,night,P,N,N,Regular Season,3,4,1,Final,Final,4,Rate Field,145,Chicago White Sox,CWS,15,True,142,Minnesota Twins,MIN,2,False,680732,Sean Burke,Sean,Burke,59,1999-12-18,26,"6' 6""",240,1,Pitcher,R,Right,R,Right,,,,,,,,,,,,,,,,,,,,,,,,,,
2026-05-27,824596,,/api/v1.1/game/824596/feed/live,R,2026,2026-05-27,,night,P,N,N,Regular Season,3,4,1,Final,Final,4,Rate Field,145,Chicago White Sox,CWS,15,True,142,Minnesota Twins,MIN,2,False,663542,Bryan Hudson,Bryan,Hudson,60,1997-05-08,29,"6' 8""",248,1,Pitcher,L,Left,L,Left,,,,,,,,,,,,,,,,,,,,,,,,,,
2026-05-27,824596,,/api/v1.1/game/824596/feed/live,R,2026,2026-05-27,,night,P,N,N,Regular Season,3,4,1,Final,Final,4,Rate Field,145,Chicago White Sox,CWS,15,True,142,Minnesota Twins,MIN,2,False,607200,Erick Fedde,Erick,Fedde,47,1993-02-25,33,"6' 4""",205,1,Pitcher,R,Right,R,Right,,,,,,,,,,,,,,,,,,,,,,,,,,
2026-05-27,824596,,/api/v1.1/game/824596/feed/live,R,2026,2026-05-27,,night,P,N,N,Regular Season,3,4,1,Final,Final,4,Rate Field,145,Chicago White Sox,CWS,15,True,142,Minnesota Twins,MIN,2,False,656794,Sean Newcomb,Sean,Newcomb,15,1993-06-12,32,"6' 5""",255,1,Pitcher,L,Left,L,Left,,,,,,,,,,,,,,,,,,,,,,,,,,
2026-05-27,824596,,/api/v1.1/game/824596/feed/live,R,2026,2026-05-27,,night,P,N,N,Regular Season,3,4,1,Final,Final,4,Rate Field,145,Chicago White Sox,CWS,15,True,142,Minnesota Twins,MIN,2,False,803011,Sam Antonacci,Samuel,Antonacci,17,2003-02-06,23,"5' 11""",193,7,Outfielder,L,Left,R,Right,"3-4 | BB, K, 3 RBI",,4,3,0,0,0,3,2,1,1,0,0,0,5,3,,,,,,,,,,
2026-05-27,824596,,/api/v1.1/game/824596/feed/live,R,2026,2026-05-27,,night,P,N,N,Regular Season,3,4,1,Final,Final,4,Rate Field,145,Chicago White Sox,CWS,15,True,142,Minnesota Twins,MIN,2,False,656537,Derek Hill,Derek,Hill,25,1995-12-30,30,"6' 0""",206,9,Outfielder,R,Right,R,Right,0-1 | K,,1,0,0,0,0,0,0,1,0,0,0,0,2,0,,,,,,,,,,
2026-05-27,824596,,/api/v1.1/game/824596/feed/live,R,2026,2026-05-27,,night,P,N,N,Regular Season,3,4,1,Final,Final,4,Rate Field,145,Chicago White Sox,CWS,15,True,142,Minnesota Twins,MIN,2,False,678246,Miguel Vargas,Miguel,Vargas,20,1999-11-17,26,"6' 2""",225,5,Third Base,R,Right,R,Right,"1-3 | 2 BB, 2 K, 2 R",,3,1,0,0,0,0,2,2,2,0,0,0,5,1,,,,,,,,,,
2026-05-27,824596,,/api/v1.1/game/824596/feed/live,R,2026,2026-05-27,,night,P,N,N,Regular Season,3,4,1,Final,Final,4,Rate Field,145,Chicago White Sox,CWS,15,True,142,Minnesota Twins,MIN,2,False,699823,Tyler Davis,Tyler,Davis,63,1998-10-03,27,"6' 2""",210,1,Pitcher,R,Right,R,Right,,,,,,,,,,,,,,,,,,,,,,,,,,
2026-05-27,824596,,/api/v1.1/game/824596/feed/live,R,2026,2026-05-27,,night,P,N,N,Regular Season,3,4,1,Final,Final,4,Rate Field,145,Chicago White Sox,CWS,15,True,142,Minnesota Twins,MIN,2,False,671737,Taj Bradley,Taj,Bradley,26,2001-03-20,25,"6' 2""",220,1,Pitcher,R,Right,R,Right,,,,,,,,,,,,,,,,,,,,,,,,,,
2026-05-27,824596,,/api/v1.1/game/824596/feed/live,R,2026,2026-05-27,,night,P,N,N,Regular Season,3,4,1,Final,Final,4,Rate Field,145,Chicago White Sox,CWS,15,True,142,Minnesota Twins,MIN,2,False,605170,Victor Caratini,Victor,Caratini,37,1993-08-17,32,"6' 0""",225,2,Catcher,S,Switch,R,Right,,,,,,,,,,,,,,,,,,,,,,,,,,
2026-05-27,824596,,/api/v1.1/game/824596/feed/live,R,2026,2026-05-27,,night,P,N,N,Regular Season,3,4,1,Final,Final,4,Rate Field,145,Chicago White Sox,CWS,15,True,142,Minnesota Twins,MIN,2,False,665019,Kody Clemens,Kody,Clemens,2,1996-05-15,30,"6' 0""",200,3,First Base,L,Left,R,Right,"1-3 | HR, RBI, R",,3,1,0,0,1,1,1,0,0,0,0,0,3,4,,,,,,,,,,
2026-05-27,824596,,/api/v1.1/game/824596/feed/live,R,2026,2026-05-27,,night,P,N,N,Regular Season,3,4,1,Final,Final,4,Rate Field,145,Chicago White Sox,CWS,15,True,142,Minnesota Twins,MIN,2,False,686797,Brooks Lee,Brooks,Lee,22,2001-02-14,25,"6' 0""",205,6,Shortstop,S,Switch,R,Right,0-3 | K,,3,0,0,0,0,0,0,1,0,0,0,0,3,0,,,,,,,,,,
2026-05-27,824596,,/api/v1.1/game/824596/feed/live,R,2026,2026-05-27,,night,P,N,N,Regular Season,3,4,1,Final,Final,4,Rate Field,145,Chicago White Sox,CWS,15,True,142,Minnesota Twins,MIN,2,False,668885,Austin Martin,Christopher,Martin,16,1999-03-23,27,"5' 10""",185,7,Outfielder,R,Right,R,Right,0-2,,2,0,0,0,0,0,0,0,0,0,0,0,2,0,,,,,,,,,,
2026-05-27,824596,,/api/v1.1/game/824596/feed/live,R,2026,2026-05-27,,night,P,N,N,Regular Season,3,4,1,Final,Final,4,Rate Field,145,Chicago White Sox,CWS,15,True,142,Minnesota Twins,MIN,2,False,696070,Kendry Rojas,Kendry,Rojas,60,2002-11-26,23,"6' 2""",190,1,Pitcher,L,Left,L,Left,,,,,,,,,,,,,,,,,,,,,,,,,,
2026-05-27,824596,,/api/v1.1/game/824596/feed/live,R,2026,2026-05-27,,night,P,N,N,Regular Season,3,4,1,Final,Final,4,Rate Field,145,Chicago White Sox,CWS,15,True,142,Minnesota Twins,MIN,2,False,680573,Simeon Woods Richardson,Simeon,Woods Richardson,24,2000-09-27,25,"6' 3""",210,1,Pitcher,R,Right,R,Right,,,,,,,,,,,,,,,,,,,,,,,,,,
2026-05-27,824596,,/api/v1.1/game/824596/feed/live,R,2026,2026-05-27,,night,P,N,N,Regular Season,3,4,1,Final,Final,4,Rate Field,145,Chicago White Sox,CWS,15,True,142,Minnesota Twins,MIN,2,False,656484,Tristan Gray,Tristan,Gray,4,1996-03-22,30,"6' 1""",215,5,Third Base,L,Left,R,Right,0-3,,3,0,0,0,0,0,0,0,0,0,0,0,3,0,,,,,,,,,,
2026-05-27,824596,,/api/v1.1/game/824596/feed/live,R,2026,2026-05-27,,night,P,N,N,Regular Season,3,4,1,Final,Final,4,Rate Field,145,Chicago White Sox,CWS,15,True,142,Minnesota Twins,MIN,2,False,607455,Anthony Banda,Frank,Banda,43,1993-08-10,32,"6' 2""",221,1,Pitcher,L,Left,L,Left,,,,,,,,,,,,,,,,,,,,,,,,,,
2026-05-27,824596,,/api/v1.1/game/824596/feed/live,R,2026,2026-05-27,,night,P,N,N,Regular Season,3,4,1,Final,Final,4,Rate Field,145,Chicago White Sox,CWS,15,True,142,Minnesota Twins,MIN,2,False,605137,Josh Bell,Joshua,Bell,56,1992-08-14,33,"6' 3""",261,10,Designated Hitter,S,Switch,R,Right,0-3 | K,,3,0,0,0,0,0,0,1,0,0,0,0,3,0,,,,,,,,,,
2026-05-27,824596,,/api/v1.1/game/824596/feed/live,R,2026,2026-05-27,,night,P,N,N,Regular Season,3,4,1,Final,Final,4,Rate Field,145,Chicago White Sox,CWS,15,True,142,Minnesota Twins,MIN,2,False,687570,Connor Prielipp,Connor,Prielipp,61,2001-01-10,25,"6' 2""",210,1,Pitcher,L,Left,L,Left,"4.1 IP, 6 ER, 5 K, 3 BB",,,,,,,,,,,,,,,,4.1,6,8,0,5,3,93,0,1,0
2026-05-27,824596,,/api/v1.1/game/824596/feed/live,R,2026,2026-05-27,,night,P,N,N,Regular Season,3,4,1,Final,Final,4,Rate Field,145,Chicago White Sox,CWS,15,True,142,Minnesota Twins,MIN,2,False,681546,James Outman,James,Outman,30,1997-05-14,29,"6' 2""",215,8,Outfielder,L,Left,R,Right,0-1,,1,0,0,0,0,0,0,0,0,0,0,0,1,0,,,,,,,,,,
2026-05-27,824596,,/api/v1.1/game/824596/feed/live,R,2026,2026-05-27,,night,P,N,N,Regular Season,3,4,1,Final,Final,4,Rate Field,145,Chicago White Sox,CWS,15,True,142,Minnesota Twins,MIN,2,False,668952,Ryan Kreidler,Ryan,Kreidler,5,1997-11-12,28,"6' 3""",208,8,Outfielder,R,Right,R,Right,0-1,,1,0,0,0,0,0,0,0,0,0,0,0,1,0,,,,,,,,,,
2026-05-27,824596,,/api/v1.1/game/824596/feed/live,R,2026,2026-05-27,,night,P,N,N,Regular Season,3,4,1,Final,Final,4,Rate Field,145,Chicago White Sox,CWS,15,True,142,Minnesota Twins,MIN,2,False,573124,Taylor Rogers,Taylor,Rogers,55,1990-12-17,35,"6' 3""",190,1,Pitcher,L,Left,L,Left,,,,,,,,,,,,,,,,,,,,,,,,,,
2026-05-27,824596,,/api/v1.1/game/824596/feed/live,R,2026,2026-05-27,,night,P,N,N,Regular Season,3,4,1,Final,Final,4,Rate Field,145,Chicago White Sox,CWS,15,True,142,Minnesota Twins,MIN,2,False,641927,Bailey Ober,John,Ober,17,1995-07-12,30,"6' 9""",260,1,Pitcher,R,Right,R,Right,,,,,,,,,,,,,,,,,,,,,,,,,,
2026-05-27,824596,,/api/v1.1/game/824596/feed/live,R,2026,2026-05-27,,night,P,N,N,Regular Season,3,4,1,Final,Final,4,Rate Field,145,Chicago White Sox,CWS,15,True,142,Minnesota Twins,MIN,2,False,701519,Travis Adams,Travis,Adams,45,2000-01-19,26,"6' 1""",197,1,Pitcher,R,Right,R,Right,"1.0 IP, 5 ER, 2 K, 2 BB",,,,,,,,,,,,,,,,1.0,5,4,2,2,2,33,0,0,0
2026-05-27,824596,,/api/v1.1/game/824596/feed/live,R,2026,2026-05-27,,night,P,N,N,Regular Season,3,4,1,Final,Final,4,Rate Field,145,Chicago White Sox,CWS,15,True,142,Minnesota Twins,MIN,2,False,606115,Orlando Arcia,Orlando,Arcia,11,1994-08-04,31,"5' 11""",187,6,Shortstop,R,Right,R,Right,0-1,,1,0,0,0,0,0,0,0,0,0,0,0,1,0,1.0,1,1,0,0,2,14,0,0,0
2026-05-27,824596,,/api/v1.1/game/824596/feed/live,R,2026,2026-05-27,,night,P,N,N,Regular Season,3,4,1,Final,Final,4,Rate Field,145,Chicago White Sox,CWS,15,True,142,Minnesota Twins,MIN,2,False,663616,Trevor Larnach,Trevor,Larnach,9,1997-02-26,29,"6' 3""",223,7,Outfielder,L,Left,R,Right,0-4 | K,,4,0,0,0,0,0,0,1,0,0,0,0,4,0,,,,,,,,,,
2026-05-27,824596,,/api/v1.1/game/824596/feed/live,R,2026,2026-05-27,,night,P,N,N,Regular Season,3,4,1,Final,Final,4,Rate Field,145,Chicago White Sox,CWS,15,True,142,Minnesota Twins,MIN,2,False,621439,Byron Buxton,Byron,Buxton,25,1993-12-18,32,"6' 1""",190,8,Outfielder,R,Right,R,Right,"1-3 | HR, RBI, R",,3,1,0,0,1,1,1,0,0,0,0,0,3,4,,,,,,,,,,
2026-05-27,824596,,/api/v1.1/game/824596/feed/live,R,2026,2026-05-27,,night,P,N,N,Regular Season,3,4,1,Final,Final,4,Rate Field,145,Chicago White Sox,CWS,15,True,142,Minnesota Twins,MIN,2,False,672782,Yoendrys Gómez,Yoendrys,Gómez,94,1999-10-15,26,"6' 3""",212,1,Pitcher,R,Right,R,Right,,,,,,,,,,,,,,,,,,,,,,,,,,
2026-05-27,824596,,/api/v1.1/game/824596/feed/live,R,2026,2026-05-27,,night,P,N,N,Regular Season,3,4,1,Final,Final,4,Rate Field,145,Chicago White Sox,CWS,15,True,142,Minnesota Twins,MIN,2,False,805673,Zebby Matthews,Daniel,Matthews,52,2000-05-22,26,"6' 5""",225,1,Pitcher,R,Right,R,Right,,,,,,,,,,,,,,,,,,,,,,,,,,
2026-05-27,824596,,/api/v1.1/game/824596/feed/live,R,2026,2026-05-27,,night,P,N,N,Regular Season,3,4,1,Final,Final,4,Rate Field,145,Chicago White Sox,CWS,15,True,142,Minnesota Twins,MIN,2,False,657746,Joe Ryan,Joseph,Ryan,41,1996-06-05,29,"6' 2""",205,1,Pitcher,R,Right,R,Right,,,,,,,,,,,,,,,,,,,,,,,,,,
2026-05-27,824596,,/api/v1.1/game/824596/feed/live,R,2026,2026-05-27,,night,P,N,N,Regular Season,3,4,1,Final,Final,4,Rate Field,145,Chicago White Sox,CWS,15,True,142,Minnesota Twins,MIN,2,False,679358,Eric Orze,Eric,Orze,19,1997-08-21,28,"6' 4""",205,1,Pitcher,R,Right,R,Right,"1.2 IP, 3 ER, K, 0 BB",,,,,,,,,,,,,,,,1.2,3,5,0,1,0,29,0,0,0
2026-05-27,824596,,/api/v1.1/game/824596/feed/live,R,2026,2026-05-27,,night,P,N,N,Regular Season,3,4,1,Final,Final,4,Rate Field,145,Chicago White Sox,CWS,15,True,142,Minnesota Twins,MIN,2,False,656577,Alex Jackson,Alexander,Jackson,70,1995-12-25,30,"6' 1""",238,2,Catcher,R,Right,R,Right,0-3 | 2 K,,3,0,0,0,0,0,0,2,0,0,0,0,3,0,,,,,,,,,,
2026-05-27,824596,,/api/v1.1/game/824596/feed/live,R,2026,2026-05-27,,night,P,N,N,Regular Season,3,4,1,Final,Final,4,Rate Field,145,Chicago White Sox,CWS,15,True,142,Minnesota Twins,MIN,2,False,702193,Andrew Morris,Andrew,Morris,78,2001-09-01,24,"6' 0""",195,1,Pitcher,R,Right,R,Right,,,,,,,,,,,,,,,,,,,,,,,,,,
2026-05-27,824596,,/api/v1.1/game/824596/feed/live,R,2026,2026-05-27,,night,P,N,N,Regular Season,3,4,1,Final,Final,4,Rate Field,145,Chicago White Sox,CWS,15,True,142,Minnesota Twins,MIN,2,False,807712,Luke Keaschall,Luke,Keaschall,15,2002-08-15,23,"6' 0""",190,4,Second Base,R,Right,R,Right,1-3 | 2B,,3,1,1,0,0,0,0,0,0,0,0,0,3,2,,,,,,,,,,
2026-05-27,824104,,/api/v1.1/game/824104/feed/live,R,2026,2026-05-27,,night,P,N,N,Regular Season,3,3,1,Final,Final,7,Kauffman Stadium,118,Kansas City Royals,KC,0,False,147,New York Yankees,NYY,7,True,695600,Carter Jensen,Carter,Jensen,22,2003-07-03,22,"6' 0""",210,2,Catcher,L,Left,R,Right,0-3 | K,,3,0,0,0,0,0,0,1,0,0,0,0,3,0,,,,,,,,,,
2026-05-27,824104,,/api/v1.1/game/824104/feed/live,R,2026,2026-05-27,,night,P,N,N,Regular Season,3,3,1,Final,Final,7,Kauffman Stadium,118,Kansas City Royals,KC,0,False,147,New York Yankees,NYY,7,True,669212,Eli Morgan,Elijah,Morgan,34,1996-05-13,30,"5' 10""",190,1,Pitcher,R,Right,R,Right,,,,,,,,,,,,,,,,,,,,,,,,,,
2026-05-27,824104,,/api/v1.1/game/824104/feed/live,R,2026,2026-05-27,,night,P,N,N,Regular Season,3,3,1,Final,Final,7,Kauffman Stadium,118,Kansas City Royals,KC,0,False,147,New York Yankees,NYY,7,True,696131,Mason Black,Mason,Black,47,1999-12-10,26,"6' 3""",228,1,Pitcher,R,Right,R,Right,"2.0 IP, 2 ER, 2 K, BB",,,,,,,,,,,,,,,,2.0,2,1,1,2,1,34,0,0,0
2026-05-27,824104,,/api/v1.1/game/824104/feed/live,R,2026,2026-05-27,,night,P,N,N,Regular Season,3,3,1,Final,Final,7,Kauffman Stadium,118,Kansas City Royals,KC,0,False,147,New York Yankees,NYY,7,True,686475,Tyler Tolbert,Tyler,Tolbert,2,1998-01-27,28,"5' 10""",185,4,Second Base,R,Right,R,Right,,,,,,,,,,,,,,,,,,,,,,,,,,
2026-05-27,824104,,/api/v1.1/game/824104/feed/live,R,2026,2026-05-27,,night,P,N,N,Regular Season,3,3,1,Final,Final,7,Kauffman Stadium,118,Kansas City Royals,KC,0,False,147,New York Yankees,NYY,7,True,686555,Isaac Collins,Isaac,Collins,1,1997-07-22,28,"5' 8""",188,7,Outfielder,S,Switch,R,Right,0-3 | K,,3,0,0,0,0,0,0,1,0,0,0,0,3,0,,,,,,,,,,
2026-05-27,824104,,/api/v1.1/game/824104/feed/live,R,2026,2026-05-27,,night,P,N,N,Regular Season,3,3,1,Final,Final,7,Kauffman Stadium,118,Kansas City Royals,KC,0,False,147,New York Yankees,NYY,7,True,521692,Salvador Perez,Salvador,Perez,13,1990-05-10,36,"6' 2""",255,2,Catcher,R,Right,R,Right,1-3 | K,,3,1,0,0,0,0,0,1,0,0,0,0,3,1,,,,,,,,,,
2026-05-27,824104,,/api/v1.1/game/824104/feed/live,R,2026,2026-05-27,,night,P,N,N,Regular Season,3,3,1,Final,Final,7,Kauffman Stadium,118,Kansas City Royals,KC,0,False,147,New York Yankees,NYY,7,True,679883,Luinder Avila,Luinder,Avila,58,2001-08-21,24,"6' 3""",195,1,Pitcher,R,Right,R,Right,,,,,,,,,,,,,,,,,,,,,,,,,,
2026-05-27,824104,,/api/v1.1/game/824104/feed/live,R,2026,2026-05-27,,night,P,N,N,Regular Season,3,3,1,Final,Final,7,Kauffman Stadium,118,Kansas City Royals,KC,0,False,147,New York Yankees,NYY,7,True,679845,Nick Loftin,Nicholas,Loftin,12,1998-09-25,27,"5' 11""",180,4,Second Base,R,Right,R,Right,,,,,,,,,,,,,,,,,,,,,,,,,,
2026-05-27,824104,,/api/v1.1/game/824104/feed/live,R,2026,2026-05-27,,night,P,N,N,Regular Season,3,3,1,Final,Final,7,Kauffman Stadium,118,Kansas City Royals,KC,0,False,147,New York Yankees,NYY,7,True,668674,Lucas Erceg,Lucas,Erceg,60,1995-05-01,31,"6' 2""",214,1,Pitcher,L,Left,R,Right,,,,,,,,,,,,,,,,,,,,,,,,,,
2026-05-27,824104,,/api/v1.1/game/824104/feed/live,R,2026,2026-05-27,,night,P,N,N,Regular Season,3,3,1,Final,Final,7,Kauffman Stadium,118,Kansas City Royals,KC,0,False,147,New York Yankees,NYY,7,True,686681,Michael Massey,Michael,Massey,19,1998-03-22,28,"6' 0""",195,4,Second Base,L,Left,R,Right,"1-3 | 2B, K",,3,1,1,0,0,0,0,1,0,0,0,0,3,2,,,,,,,,,,
2026-05-27,824104,,/api/v1.1/game/824104/feed/live,R,2026,2026-05-27,,night,P,N,N,Regular Season,3,3,1,Final,Final,7,Kauffman Stadium,118,Kansas City Royals,KC,0,False,147,New York Yankees,NYY,7,True,516782,Starling Marte,Starling,Marte,0,1988-10-09,37,"6' 0""",195,9,Outfielder,R,Right,R,Right,,,,,,,,,,,,,,,,,,,,,,,,,,
2026-05-27,824104,,/api/v1.1/game/824104/feed/live,R,2026,2026-05-27,,night,P,N,N,Regular Season,3,3,1,Final,Final,7,Kauffman Stadium,118,Kansas City Royals,KC,0,False,147,New York Yankees,NYY,7,True,663568,Stephen Kolek,Stephen,Kolek,32,1997-04-18,29,"6' 3""",210,1,Pitcher,R,Right,R,Right,,,,,,,,,,,,,,,,,,,,,,,,,,
2026-05-27,824104,,/api/v1.1/game/824104/feed/live,R,2026,2026-05-27,,night,P,N,N,Regular Season,3,3,1,Final,Final,7,Kauffman Stadium,118,Kansas City Royals,KC,0,False,147,New York Yankees,NYY,7,True,683232,Nick Mears,Nicolaus,Mears,31,1996-10-07,29,"6' 3""",217,1,Pitcher,R,Right,R,Right,"0.2 IP, 3 ER, K, 2 BB",,,,,,,,,,,,,,,,0.2,3,2,0,1,2,29,0,0,0
2026-05-27,824104,,/api/v1.1/game/824104/feed/live,R,2026,2026-05-27,,night,P,N,N,Regular Season,3,3,1,Final,Final,7,Kauffman Stadium,118,Kansas City Royals,KC,0,False,147,New York Yankees,NYY,7,True,686469,Vinnie Pasquantino,Vincent,Pasquantino,9,1997-10-10,28,"6' 3""",245,3,First Base,L,Left,L,Left,0-4 | K,,4,0,0,0,0,0,0,1,0,0,0,0,4,0,,,,,,,,,,
2026-05-27,824104,,/api/v1.1/game/824104/feed/live,R,2026,2026-05-27,,night,P,N,N,Regular Season,3,3,1,Final,Final,7,Kauffman Stadium,118,Kansas City Royals,KC,0,False,147,New York Yankees,NYY,7,True,664728,Kyle Isbel,Kyle,Isbel,28,1997-03-03,29,"5' 10""",190,8,Outfielder,L,Left,R,Right,,,,,,,,,,,,,,,,,,,,,,,,,,
2026-05-27,824104,,/api/v1.1/game/824104/feed/live,R,2026,2026-05-27,,night,P,N,N,Regular Season,3,3,1,Final,Final,7,Kauffman Stadium,118,Kansas City Royals,KC,0,False,147,New York Yankees,NYY,7,True,663738,Daniel Lynch IV,Daniel,Lynch,41,1996-11-17,29,"6' 6""",200,1,Pitcher,L,Left,L,Left,,,,,,,,,,,,,,,,,,,,,,,,,,
2026-05-27,824104,,/api/v1.1/game/824104/feed/live,R,2026,2026-05-27,,night,P,N,N,Regular Season,3,3,1,Final,Final,7,Kauffman Stadium,118,Kansas City Royals,KC,0,False,147,New York Yankees,NYY,7,True,608379,Michael Wacha,Michael,Wacha,52,1991-07-01,34,"6' 6""",215,1,Pitcher,R,Right,R,Right,,,,,,,,,,,,,,,,,,,,,,,,,,
2026-05-27,824104,,/api/v1.1/game/824104/feed/live,R,2026,2026-05-27,,night,P,N,N,Regular Season,3,3,1,Final,Final,7,Kauffman Stadium,118,Kansas City Royals,KC,0,False,147,New York Yankees,NYY,7,True,672580,Maikel Garcia,Maikel,Garcia,11,2000-03-03,26,"6' 1""",180,5,Third Base,R,Right,R,Right,2-4 | 2B,,4,2,1,0,0,0,0,0,0,0,0,0,4,3,,,,,,,,,,
2026-05-27,824104,,/api/v1.1/game/824104/feed/live,R,2026,2026-05-27,,night,P,N,N,Regular Season,3,3,1,Final,Final,7,Kauffman Stadium,118,Kansas City Royals,KC,0,False,147,New York Yankees,NYY,7,True,607625,Seth Lugo,Jacob,Lugo,67,1989-11-17,36,"6' 4""",225,1,Pitcher,R,Right,R,Right,,,,,,,,,,,,,,,,,,,,,,,,,,
2026-05-27,824104,,/api/v1.1/game/824104/feed/live,R,2026,2026-05-27,,night,P,N,N,Regular Season,3,3,1,Final,Final,7,Kauffman Stadium,118,Kansas City Royals,KC,0,False,147,New York Yankees,NYY,7,True,657041,Lane Thomas,Lane,Thomas,15,1995-08-23,30,"5' 11""",195,8,Outfielder,R,Right,R,Right,0-3 | 2 K,,3,0,0,0,0,0,0,2,0,0,0,0,3,0,,,,,,,,,,
2026-05-27,824104,,/api/v1.1/game/824104/feed/live,R,2026,2026-05-27,,night,P,N,N,Regular Season,3,3,1,Final,Final,7,Kauffman Stadium,118,Kansas City Royals,KC,0,False,147,New York Yankees,NYY,7,True,702070,Noah Cameron,Noah,Cameron,65,1999-07-17,26,"6' 3""",220,1,Pitcher,L,Left,L,Left,"5.0 IP, 2 ER, 4 K, BB",,,,,,,,,,,,,,,,5.0,2,4,0,4,1,94,0,1,0
2026-05-27,824104,,/api/v1.1/game/824104/feed/live,R,2026,2026-05-27,,night,P,N,N,Regular Season,3,3,1,Final,Final,7,Kauffman Stadium,118,Kansas City Royals,KC,0,False,147,New York Yankees,NYY,7,True,656638,Alex Lange,Alexander,Lange,56,1995-10-02,30,"6' 3""",202,1,Pitcher,R,Right,R,Right,"0.1 IP, 0 ER, 0 K, 0 BB",,,,,,,,,,,,,,,,0.1,0,1,0,0,0,9,0,0,0
2026-05-27,824104,,/api/v1.1/game/824104/feed/live,R,2026,2026-05-27,,night,P,N,N,Regular Season,3,3,1,Final,Final,7,Kauffman Stadium,118,Kansas City Royals,KC,0,False,147,New York Yankees,NYY,7,True,695506,Jac Caglianone,Jeffrey,Caglianone,14,2003-02-09,23,"6' 4""",250,9,Outfielder,L,Left,L,Left,0-3 | 2 K,,3,0,0,0,0,0,0,2,0,0,0,0,3,0,,,,,,,,,,
2026-05-27,824104,,/api/v1.1/game/824104/feed/live,R,2026,2026-05-27,,night,P,N,N,Regular Season,3,3,1,Final,Final,7,Kauffman Stadium,118,Kansas City Royals,KC,0,False,147,New York Yankees,NYY,7,True,677951,Bobby Witt Jr.,Robert,Witt,7,2000-06-14,25,"6' 1""",200,6,Shortstop,R,Right,R,Right,0-4 | K,,4,0,0,0,0,0,0,1,0,0,0,0,4,0,,,,,,,,,,
2026-05-27,824104,,/api/v1.1/game/824104/feed/live,R,2026,2026-05-27,,night,P,N,N,Regular Season,3,3,1,Final,Final,7,Kauffman Stadium,118,Kansas City Royals,KC,0,False,147,New York Yankees,NYY,7,True,674444,Steven Cruz,Steven,Cruz,64,1999-06-15,26,"6' 7""",225,1,Pitcher,R,Right,R,Right,,,,,,,,,,,,,,,,,,,,,,,,,,
2026-05-27,824104,,/api/v1.1/game/824104/feed/live,R,2026,2026-05-27,,night,P,N,N,Regular Season,3,3,1,Final,Final,7,Kauffman Stadium,118,Kansas City Royals,KC,0,False,147,New York Yankees,NYY,7,True,670167,John Schreiber,John,Schreiber,46,1994-03-05,32,"6' 2""",224,1,Pitcher,R,Right,R,Right,"1.0 IP, 0 ER, 0 K, 0 BB",,,,,,,,,,,,,,,,1.0,0,0,0,0,0,7,0,0,0
2026-05-27,824104,,/api/v1.1/game/824104/feed/live,R,2026,2026-05-27,,night,P,N,N,Regular Season,3,3,1,Final,Final,7,Kauffman Stadium,118,Kansas City Royals,KC,0,False,147,New York Yankees,NYY,7,True,621112,Paul Blackburn,Paul,Blackburn,58,1993-12-04,32,"6' 1""",196,1,Pitcher,R,Right,R,Right,,,,,,,,,,,,,,,,,,,,,,,,,,
2026-05-27,824104,,/api/v1.1/game/824104/feed/live,R,2026,2026-05-27,,night,P,N,N,Regular Season,3,3,1,Final,Final,7,Kauffman Stadium,118,Kansas City Royals,KC,0,False,147,New York Yankees,NYY,7,True,676609,José Caballero,José,Caballero,72,1996-08-30,29,"5' 9""",190,6,Shortstop,R,Right,R,Right,1-4,,4,1,0,0,0,0,0,0,0,0,0,0,4,1,,,,,,,,,,
2026-05-27,824104,,/api/v1.1/game/824104/feed/live,R,2026,2026-05-27,,night,P,N,N,Regular Season,3,3,1,Final,Final,7,Kauffman Stadium,118,Kansas City Royals,KC,0,False,147,New York Yankees,NYY,7,True,607074,Carlos Rodón,Carlos,Rodón,55,1992-12-10,33,"6' 2""",255,1,Pitcher,L,Left,L,Left,,,,,,,,,,,,,,,,,,,,,,,,,,
2026-05-27,824104,,/api/v1.1/game/824104/feed/live,R,2026,2026-05-27,,night,P,N,N,Regular Season,3,3,1,Final,Final,7,Kauffman Stadium,118,Kansas City Royals,KC,0,False,147,New York Yankees,NYY,7,True,642232,Ryan Yarbrough,Ryan,Yarbrough,33,1991-12-31,34,"6' 5""",205,1,Pitcher,R,Right,L,Left,,,,,,,,,,,,,,,,,,,,,,,,,,
2026-05-27,824104,,/api/v1.1/game/824104/feed/live,R,2026,2026-05-27,,night,P,N,N,Regular Season,3,3,1,Final,Final,7,Kauffman Stadium,118,Kansas City Royals,KC,0,False,147,New York Yankees,NYY,7,True,680474,Max Schuemann,Maxwell,Schuemann,30,1997-06-11,28,"6' 0""",198,6,Shortstop,R,Right,R,Right,,,,,,,,,,,,,,,,,,,,,,,,,,
2026-05-27,824104,,/api/v1.1/game/824104/feed/live,R,2026,2026-05-27,,night,P,N,N,Regular Season,3,3,1,Final,Final,7,Kauffman Stadium,118,Kansas City Royals,KC,0,False,147,New York Yankees,NYY,7,True,642708,Amed Rosario,German,Rosario,14,1995-11-20,30,"6' 1""",227,5,Third Base,R,Right,R,Right,0-2,,2,0,0,0,0,0,0,0,0,0,0,0,2,0,,,,,,,,,,
2026-05-27,824104,,/api/v1.1/game/824104/feed/live,R,2026,2026-05-27,,night,P,N,N,Regular Season,3,3,1,Final,Final,7,Kauffman Stadium,118,Kansas City Royals,KC,0,False,147,New York Yankees,NYY,7,True,592450,Aaron Judge,Aaron,Judge,99,1992-04-26,34,"6' 7""",282,9,Outfielder,R,Right,R,Right,"0-3 | K, RBI",,3,0,0,0,0,1,0,1,0,0,0,1,4,0,,,,,,,,,,
2026-05-27,824104,,/api/v1.1/game/824104/feed/live,R,2026,2026-05-27,,night,P,N,N,Regular Season,3,3,1,Final,Final,7,Kauffman Stadium,118,Kansas City Royals,KC,0,False,147,New York Yankees,NYY,7,True,641857,Ryan McMahon,Ryan,McMahon,19,1994-12-14,31,"6' 2""",211,5,Third Base,L,Left,R,Right,"2-4 | HR, K, 2 RBI",,4,2,0,0,1,2,2,1,0,0,0,0,4,5,,,,,,,,,,
2026-05-27,824104,,/api/v1.1/game/824104/feed/live,R,2026,2026-05-27,,night,P,N,N,Regular Season,3,3,1,Final,Final,7,Kauffman Stadium,118,Kansas City Royals,KC,0,False,147,New York Yankees,NYY,7,True,677960,Ryan Weathers,Ryan,Weathers,40,1999-12-17,26,"6' 1""",230,1,Pitcher,R,Right,L,Left,,,,,,,,,,,,,,,,,,,,,,,,,,
2026-05-27,824104,,/api/v1.1/game/824104/feed/live,R,2026,2026-05-27,,night,P,N,N,Regular Season,3,3,1,Final,Final,7,Kauffman Stadium,118,Kansas City Royals,KC,0,False,147,New York Yankees,NYY,7,True,657612,Tim Hill,Timothy,Hill,41,1990-02-10,36,"6' 4""",210,1,Pitcher,R,Right,L,Left,,,,,,,,,,,,,,,,,,,,,,,,,,
2026-05-27,824104,,/api/v1.1/game/824104/feed/live,R,2026,2026-05-27,,night,P,N,N,Regular Season,3,3,1,Final,Final,7,Kauffman Stadium,118,Kansas City Royals,KC,0,False,147,New York Yankees,NYY,7,True,502671,Paul Goldschmidt,Paul,Goldschmidt,48,1987-09-10,38,"6' 2""",225,3,First Base,R,Right,R,Right,"2-4 | BB, K, RBI",,4,2,0,0,0,1,1,1,1,0,0,0,5,2,,,,,,,,,,
2026-05-27,824104,,/api/v1.1/game/824104/feed/live,R,2026,2026-05-27,,night,P,N,N,Regular Season,3,3,1,Final,Final,7,Kauffman Stadium,118,Kansas City Royals,KC,0,False,147,New York Yankees,NYY,7,True,669224,Austin Wells,Austin,Wells,28,1999-07-12,26,"6' 1""",220,2,Catcher,L,Left,R,Right,0-4 | 2 K,,4,0,0,0,0,0,0,2,0,0,0,0,4,0,,,,,,,,,,
2026-05-27,824104,,/api/v1.1/game/824104/feed/live,R,2026,2026-05-27,,night,P,N,N,Regular Season,3,3,1,Final,Final,7,Kauffman Stadium,118,Kansas City Royals,KC,0,False,147,New York Yankees,NYY,7,True,700250,Ben Rice,Benjamin,Rice,22,1999-02-22,27,"6' 2""",228,3,First Base,L,Left,R,Right,"2-4 | 3B, BB, 3 RBI",,4,2,0,1,0,3,1,0,1,0,0,0,5,4,,,,,,,,,,
2026-05-27,824104,,/api/v1.1/game/824104/feed/live,R,2026,2026-05-27,,night,P,N,N,Regular Season,3,3,1,Final,Final,7,Kauffman Stadium,118,Kansas City Royals,KC,0,False,147,New York Yankees,NYY,7,True,687396,Brent Headrick,Brent,Headrick,47,1997-12-17,28,"6' 6""",235,1,Pitcher,L,Left,L,Left,,,,,,,,,,,,,,,,,,,,,,,,,,
2026-05-27,824104,,/api/v1.1/game/824104/feed/live,R,2026,2026-05-27,,night,P,N,N,Regular Season,3,3,1,Final,Final,7,Kauffman Stadium,118,Kansas City Royals,KC,0,False,147,New York Yankees,NYY,7,True,701542,Will Warren,William,Warren,29,1999-06-16,26,"6' 2""",200,1,Pitcher,R,Right,R,Right,,,,,,,,,,,,,,,,,,,,,,,,,,
2026-05-27,824104,,/api/v1.1/game/824104/feed/live,R,2026,2026-05-27,,night,P,N,N,Regular Season,3,3,1,Final,Final,7,Kauffman Stadium,118,Kansas City Royals,KC,0,False,147,New York Yankees,NYY,7,True,683011,Anthony Volpe,Anthony,Volpe,11,2001-04-28,25,"5' 10""",197,6,Shortstop,R,Right,R,Right,"0-3 | BB, R",,3,0,0,0,0,0,1,0,1,0,0,0,4,0,,,,,,,,,,
2026-05-27,824104,,/api/v1.1/game/824104/feed/live,R,2026,2026-05-27,,night,P,N,N,Regular Season,3,3,1,Final,Final,7,Kauffman Stadium,118,Kansas City Royals,KC,0,False,147,New York Yankees,NYY,7,True,518585,Fernando Cruz,Fernando,Cruz,63,1990-03-28,36,"6' 2""",237,1,Pitcher,R,Right,R,Right,"1.1 IP, 0 ER, 0 K, 0 BB",,,,,,,,,,,,,,,,1.1,0,0,0,0,0,17,0,0,0
2026-05-27,824104,,/api/v1.1/game/824104/feed/live,R,2026,2026-05-27,,night,P,N,N,Regular Season,3,3,1,Final,Final,7,Kauffman Stadium,118,Kansas City Royals,KC,0,False,147,New York Yankees,NYY,7,True,641555,J.C. Escarra,Juan,Escarra,25,1995-04-24,31,"6' 2""",220,2,Catcher,L,Left,R,Right,,,,,,,,,,,,,,,,,,,,,,,,,,
2026-05-27,824104,,/api/v1.1/game/824104/feed/live,R,2026,2026-05-27,,night,P,N,N,Regular Season,3,3,1,Final,Final,7,Kauffman Stadium,118,Kansas City Royals,KC,0,False,147,New York Yankees,NYY,7,True,641355,Cody Bellinger,Cody,Bellinger,35,1995-07-13,30,"6' 3""",204,7,Outfielder,L,Left,L,Left,0-4 | 2 K,,4,0,0,0,0,0,0,2,0,0,0,0,4,0,,,,,,,,,,
2026-05-27,824104,,/api/v1.1/game/824104/feed/live,R,2026,2026-05-27,,night,P,N,N,Regular Season,3,3,1,Final,Final,7,Kauffman Stadium,118,Kansas City Royals,KC,0,False,147,New York Yankees,NYY,7,True,665862,Jazz Chisholm Jr.,Jasrado,Chisholm,13,1998-02-01,28,"5' 11""",184,4,Second Base,L,Left,R,Right,,,,,,,,,,,,,,,,,,,,,,,,,,
2026-05-27,824104,,/api/v1.1/game/824104/feed/live,R,2026,2026-05-27,,night,P,N,N,Regular Season,3,3,1,Final,Final,7,Kauffman Stadium,118,Kansas City Royals,KC,0,False,147,New York Yankees,NYY,7,True,656234,Jake Bird,Jacob,Bird,59,1995-12-04,30,"6' 3""",215,1,Pitcher,R,Right,R,Right,,,,,,,,,,,,,,,,,,,,,,,,,,
2026-05-27,824104,,/api/v1.1/game/824104/feed/live,R,2026,2026-05-27,,night,P,N,N,Regular Season,3,3,1,Final,Final,7,Kauffman Stadium,118,Kansas City Royals,KC,0,False,147,New York Yankees,NYY,7,True,666808,Camilo Doval,Camilo,Doval,75,1997-07-04,28,"6' 2""",205,1,Pitcher,R,Right,R,Right,"1.0 IP, 0 ER, 0 K, 0 BB",,,,,,,,,,,,,,,,1.0,0,0,0,0,0,11,0,0,0
2026-05-27,824104,,/api/v1.1/game/824104/feed/live,R,2026,2026-05-27,,night,P,N,N,Regular Season,3,3,1,Final,Final,7,Kauffman Stadium,118,Kansas City Royals,KC,0,False,147,New York Yankees,NYY,7,True,663757,Trent Grisham,Trenton,Grisham,12,1996-11-01,29,"5' 10""",221,8,Outfielder,L,Left,L,Left,"1-1 | BB, 2 R",,1,1,0,0,0,0,2,0,1,0,0,0,2,1,,,,,,,,,,
2026-05-27,824104,,/api/v1.1/game/824104/feed/live,R,2026,2026-05-27,,night,P,N,N,Regular Season,3,3,1,Final,Final,7,Kauffman Stadium,118,Kansas City Royals,KC,0,False,147,New York Yankees,NYY,7,True,670280,David Bednar,David,Bednar,53,1994-10-10,31,"6' 1""",250,1,Pitcher,L,Left,R,Right,,,,,,,,,,,,,,,,,,,,,,,,,,
2026-05-27,824104,,/api/v1.1/game/824104/feed/live,R,2026,2026-05-27,,night,P,N,N,Regular Season,3,3,1,Final,Final,7,Kauffman Stadium,118,Kansas City Royals,KC,0,False,147,New York Yankees,NYY,7,True,543037,Gerrit Cole,Gerrit,Cole,45,1990-09-08,35,"6' 4""",220,1,Pitcher,R,Right,R,Right,"6.2 IP, 0 ER, 10 K, 0 BB",,,,,,,,,,,,,,,,6.2,0,4,0,10,0,79,1,0,0
2026-05-27,824104,,/api/v1.1/game/824104/feed/live,R,2026,2026-05-27,,night,P,N,N,Regular Season,3,3,1,Final,Final,7,Kauffman Stadium,118,Kansas City Royals,KC,0,False,147,New York Yankees,NYY,7,True,693645,Cam Schlittler,Cameron,Schlittler,31,2001-02-05,25,"6' 6""",215,1,Pitcher,R,Right,R,Right,,,,,,,,,,,,,,,,,,,,,,,,,,
2026-05-27,822897,,/api/v1.1/game/822897/feed/live,R,2026,2026-05-27,,night,P,N,N,Regular Season,3,4,1,Final,Final,5325,Globe Life Field,140,Texas Rangers,TEX,3,False,117,Houston Astros,HOU,4,True,694497,Evan Carter,Evan,Carter,32,2002-08-29,23,"6' 2""",190,8,Outfielder,L,Left,R,Right,"0-3 | BB, 3 K, SB",,3,0,0,0,0,0,0,3,1,1,0,0,4,0,,,,,,,,,,
2026-05-27,822897,,/api/v1.1/game/822897/feed/live,R,2026,2026-05-27,,night,P,N,N,Regular Season,3,4,1,Final,Final,5325,Globe Life Field,140,Texas Rangers,TEX,3,False,117,Houston Astros,HOU,4,True,677958,Kumar Rocker,Kumar,Rocker,80,1999-11-22,26,"6' 5""",245,1,Pitcher,R,Right,R,Right,,,,,,,,,,,,,,,,,,,,,,,,,,
2026-05-27,822897,,/api/v1.1/game/822897/feed/live,R,2026,2026-05-27,,night,P,N,N,Regular Season,3,4,1,Final,Final,5325,Globe Life Field,140,Texas Rangers,TEX,3,False,117,Houston Astros,HOU,4,True,669394,Jake Burger,Jacob,Burger,21,1996-04-10,30,"6' 0""",230,3,First Base,R,Right,R,Right,0-4 | 2 K,,4,0,0,0,0,0,0,2,0,0,0,0,4,0,,,,,,,,,,
2026-05-27,822897,,/api/v1.1/game/822897/feed/live,R,2026,2026-05-27,,night,P,N,N,Regular Season,3,4,1,Final,Final,5325,Globe Life Field,140,Texas Rangers,TEX,3,False,117,Houston Astros,HOU,4,True,682608,Peyton Gray,Peyton,Gray,75,1995-06-02,30,"6' 4""",235,1,Pitcher,R,Right,R,Right,,,,,,,,,,,,,,,,,,,,,,,,,,
2026-05-27,822897,,/api/v1.1/game/822897/feed/live,R,2026,2026-05-27,,night,P,N,N,Regular Season,3,4,1,Final,Final,5325,Globe Life Field,140,Texas Rangers,TEX,3,False,117,Houston Astros,HOU,4,True,696030,Alejandro Osuna,Tadeo,Osuna,19,2002-10-10,23,"5' 9""",185,7,Outfielder,L,Left,L,Left,0-3,,3,0,0,0,0,0,0,0,0,0,0,0,3,0,,,,,,,,,,
2026-05-27,822897,,/api/v1.1/game/822897/feed/live,R,2026,2026-05-27,,night,P,N,N,Regular Season,3,4,1,Final,Final,5325,Globe Life Field,140,Texas Rangers,TEX,3,False,117,Houston Astros,HOU,4,True,641302,Tyler Alexander,Tyler,Alexander,13,1994-07-14,31,"6' 1""",214,1,Pitcher,R,Right,L,Left,"0.1 IP, ER, 0 K, BB",,,,,,,,,,,,,,,,0.1,1,1,1,0,1,18,0,1,0
2026-05-27,822897,,/api/v1.1/game/822897/feed/live,R,2026,2026-05-27,,night,P,N,N,Regular Season,3,4,1,Final,Final,5325,Globe Life Field,140,Texas Rangers,TEX,3,False,117,Houston Astros,HOU,4,True,592626,Joc Pederson,Joc,Pederson,3,1992-04-21,34,"6' 1""",220,10,Designated Hitter,L,Left,L,Left,"3-4 | 2 HR, 2 RBI, 3 R",,4,3,0,0,2,2,3,0,0,0,0,0,4,9,,,,,,,,,,
2026-05-27,822897,,/api/v1.1/game/822897/feed/live,R,2026,2026-05-27,,night,P,N,N,Regular Season,3,4,1,Final,Final,5325,Globe Life Field,140,Texas Rangers,TEX,3,False,117,Houston Astros,HOU,4,True,683004,Jack Leiter,Jack,Leiter,22,2000-04-21,26,"6' 1""",205,1,Pitcher,R,Right,R,Right,,,,,,,,,,,,,,,,,,,,,,,,,,
2026-05-27,822897,,/api/v1.1/game/822897/feed/live,R,2026,2026-05-27,,night,P,N,N,Regular Season,3,4,1,Final,Final,5325,Globe Life Field,140,Texas Rangers,TEX,3,False,117,Houston Astros,HOU,4,True,656641,Jacob Latz,Jacob,Latz,67,1996-04-08,30,"6' 2""",185,1,Pitcher,R,Right,L,Left,,,,,,,,,,,,,,,,,,,,,,,,,,
2026-05-27,822897,,/api/v1.1/game/822897/feed/live,R,2026,2026-05-27,,night,P,N,N,Regular Season,3,4,1,Final,Final,5325,Globe Life Field,140,Texas Rangers,TEX,3,False,117,Houston Astros,HOU,4,True,656222,Jalen Beeks,Jalen,Beeks,68,1993-07-10,32,"5' 11""",215,1,Pitcher,L,Left,L,Left,,,,,,,,,,,,,,,,,,,,,,,,,,
2026-05-27,822897,,/api/v1.1/game/822897/feed/live,R,2026,2026-05-27,,night,P,N,N,Regular Season,3,4,1,Final,Final,5325,Globe Life Field,140,Texas Rangers,TEX,3,False,117,Houston Astros,HOU,4,True,615698,Cal Quantrill,Cal,Quantrill,44,1995-02-10,31,"6' 3""",195,1,Pitcher,L,Left,R,Right,,,,,,,,,,,,,,,,,,,,,,,,,,
2026-05-27,822897,,/api/v1.1/game/822897/feed/live,R,2026,2026-05-27,,night,P,N,N,Regular Season,3,4,1,Final,Final,5325,Globe Life Field,140,Texas Rangers,TEX,3,False,117,Houston Astros,HOU,4,True,670032,Nicky Lopez,Nicholas,Lopez,33,1995-03-13,31,"5' 10""",186,4,Second Base,L,Left,R,Right,0-3,,3,0,0,0,0,0,0,0,0,0,0,0,3,0,,,,,,,,,,
2026-05-27,822897,,/api/v1.1/game/822897/feed/live,R,2026,2026-05-27,,night,P,N,N,Regular Season,3,4,1,Final,Final,5325,Globe Life Field,140,Texas Rangers,TEX,3,False,117,Houston Astros,HOU,4,True,673962,Josh Jung,Joshua,Jung,6,1998-02-12,28,"6' 1""",214,5,Third Base,R,Right,R,Right,1-4 | K,,4,1,0,0,0,0,0,1,0,0,0,0,4,1,,,,,,,,,,
2026-05-27,822897,,/api/v1.1/game/822897/feed/live,R,2026,2026-05-27,,night,P,N,N,Regular Season,3,4,1,Final,Final,5325,Globe Life Field,140,Texas Rangers,TEX,3,False,117,Houston Astros,HOU,4,True,679822,Justin Foscue,Justin,Foscue,14,1999-03-02,27,"5' 11""",205,4,Second Base,R,Right,R,Right,0-2,,2,0,0,0,0,0,0,0,0,0,0,0,2,0,,,,,,,,,,
2026-05-27,822897,,/api/v1.1/game/822897/feed/live,R,2026,2026-05-27,,night,P,N,N,Regular Season,3,4,1,Final,Final,5325,Globe Life Field,140,Texas Rangers,TEX,3,False,117,Houston Astros,HOU,4,True,543309,Kyle Higashioka,Kyle,Higashioka,11,1990-04-20,36,"6' 1""",202,2,Catcher,R,Right,R,Right,,,,,,,,,,,,,,,,,,,,,,,,,,
2026-05-27,822897,,/api/v1.1/game/822897/feed/live,R,2026,2026-05-27,,night,P,N,N,Regular Season,3,4,1,Final,Final,5325,Globe Life Field,140,Texas Rangers,TEX,3,False,117,Houston Astros,HOU,4,True,677649,Ezequiel Duran,Ezequiel,Duran,20,1999-05-22,27,"5' 10""",185,4,Second Base,R,Right,R,Right,0-2 | K,,2,0,0,0,0,0,0,1,0,0,0,0,2,0,,,,,,,,,,
2026-05-27,822897,,/api/v1.1/game/822897/feed/live,R,2026,2026-05-27,,night,P,N,N,Regular Season,3,4,1,Final,Final,5325,Globe Life Field,140,Texas Rangers,TEX,3,False,117,Houston Astros,HOU,4,True,669022,MacKenzie Gore,MacKenzie,Gore,1,1999-02-24,27,"6' 2""",193,1,Pitcher,L,Left,L,Left,,,,,,,,,,,,,,,,,,,,,,,,,,
2026-05-27,822897,,/api/v1.1/game/822897/feed/live,R,2026,2026-05-27,,night,P,N,N,Regular Season,3,4,1,Final,Final,5325,Globe Life Field,140,Texas Rangers,TEX,3,False,117,Houston Astros,HOU,4,True,686560,Gavin Collyer,Gavin,Collyer,65,2001-05-12,25,"6' 1""",165,1,Pitcher,R,Right,R,Right,"1.2 IP, 0 ER, 2 K, 2 BB",,,,,,,,,,,,,,,,1.2,0,1,0,2,2,24,0,0,0
2026-05-27,822897,,/api/v1.1/game/822897/feed/live,R,2026,2026-05-27,,night,P,N,N,Regular Season,3,4,1,Final,Final,5325,Globe Life Field,140,Texas Rangers,TEX,3,False,117,Houston Astros,HOU,4,True,680737,Michael Helman,Michael,Helman,23,1996-05-23,30,"6' 0""",195,8,Outfielder,R,Right,R,Right,,,,,,,,,,,,,,,,,,,,,,,,,,
2026-05-27,822897,,/api/v1.1/game/822897/feed/live,R,2026,2026-05-27,,night,P,N,N,Regular Season,3,4,1,Final,Final,5325,Globe Life Field,140,Texas Rangers,TEX,3,False,117,Houston Astros,HOU,4,True,594798,Jacob deGrom,Jacob,deGrom,48,1988-06-19,37,"6' 4""",180,1,Pitcher,L,Left,R,Right,"6.0 IP, 2 ER, 6 K, BB",,,,,,,,,,,,,,,,6.0,2,4,1,6,1,97,0,0,0
2026-05-27,822897,,/api/v1.1/game/822897/feed/live,R,2026,2026-05-27,,night,P,N,N,Regular Season,3,4,1,Final,Final,5325,Globe Life Field,140,Texas Rangers,TEX,3,False,117,Houston Astros,HOU,4,True,607043,Brandon Nimmo,Brandon,Nimmo,24,1993-03-27,33,"6' 1""",206,9,Outfielder,L,Left,R,Right,"1-4 | K, RBI",,4,1,0,0,0,1,0,1,0,0,0,0,4,1,,,,,,,,,,
2026-05-27,822897,,/api/v1.1/game/822897/feed/live,R,2026,2026-05-27,,night,P,N,N,Regular Season,3,4,1,Final,Final,5325,Globe Life Field,140,Texas Rangers,TEX,3,False,117,Houston Astros,HOU,4,True,664059,Sam Haggerty,Samuel,Haggerty,0,1994-05-26,32,"5' 11""",175,7,Outfielder,S,Switch,R,Right,0-0 | BB,,0,0,0,0,0,0,0,0,1,0,0,0,1,0,,,,,,,,,,
2026-05-27,822897,,/api/v1.1/game/822897/feed/live,R,2026,2026-05-27,,night,P,N,N,Regular Season,3,4,1,Final,Final,5325,Globe Life Field,140,Texas Rangers,TEX,3,False,117,Houston Astros,HOU,4,True,643376,Danny Jansen,Daniel,Jansen,9,1995-04-15,31,"6' 2""",240,2,Catcher,R,Right,R,Right,1-4 | 2 K,,4,1,0,0,0,0,0,2,0,0,0,0,4,1,,,,,,,,,,
2026-05-27,822897,,/api/v1.1/game/822897/feed/live,R,2026,2026-05-27,,night,P,N,N,Regular Season,3,4,1,Final,Final,5325,Globe Life Field,140,Texas Rangers,TEX,3,False,117,Houston Astros,HOU,4,True,596001,Jakob Junis,Jakob,Junis,16,1992-09-16,33,"6' 3""",238,1,Pitcher,R,Right,R,Right,,,,,,,,,,,,,,,,,,,,,,,,,,
2026-05-27,822897,,/api/v1.1/game/822897/feed/live,R,2026,2026-05-27,,night,P,N,N,Regular Season,3,4,1,Final,Final,5325,Globe Life Field,140,Texas Rangers,TEX,3,False,117,Houston Astros,HOU,4,True,543135,Nathan Eovaldi,Nathan,Eovaldi,17,1990-02-13,36,"6' 2""",217,1,Pitcher,R,Right,R,Right,,,,,,,,,,,,,,,,,,,,,,,,,,
2026-05-27,822897,,/api/v1.1/game/822897/feed/live,R,2026,2026-05-27,,night,P,N,N,Regular Season,3,4,1,Final,Final,5325,Globe Life Field,140,Texas Rangers,TEX,3,False,117,Houston Astros,HOU,4,True,455119,Chris Martin,Christopher,Martin,31,1986-06-02,39,"6' 8""",224,1,Pitcher,R,Right,R,Right,"1.0 IP, 0 ER, 0 K, 0 BB",,,,,,,,,,,,,,,,1.0,0,2,0,0,0,17,0,0,0
2026-05-27,822897,,/api/v1.1/game/822897/feed/live,R,2026,2026-05-27,,night,P,N,N,Regular Season,3,4,1,Final,Final,5325,Globe Life Field,140,Texas Rangers,TEX,3,False,117,Houston Astros,HOU,4,True,670623,Isaac Paredes,Isaac,Paredes,15,1999-02-18,27,"5' 11""",213,5,Third Base,R,Right,R,Right,0-1,,1,0,0,0,0,0,0,0,0,0,0,0,1,0,,,,,,,,,,
2026-05-27,822897,,/api/v1.1/game/822897/feed/live,R,2026,2026-05-27,,night,P,N,N,Regular Season,3,4,1,Final,Final,5325,Globe Life Field,140,Texas Rangers,TEX,3,False,117,Houston Astros,HOU,4,True,650556,Bryan Abreu,Bryan,Abreu,52,1997-04-22,29,"6' 1""",230,1,Pitcher,R,Right,R,Right,,,,,,,,,,,,,,,,,,,,,,,,,,
2026-05-27,822897,,/api/v1.1/game/822897/feed/live,R,2026,2026-05-27,,night,P,N,N,Regular Season,3,4,1,Final,Final,5325,Globe Life Field,140,Texas Rangers,TEX,3,False,117,Houston Astros,HOU,4,True,669397,Nick Allen,Nicholas,Allen,20,1998-10-08,27,"5' 7""",166,6,Shortstop,R,Right,R,Right,0-0,,0,0,0,0,0,0,0,0,0,0,0,0,0,0,,,,,,,,,,
2026-05-27,822897,,/api/v1.1/game/822897/feed/live,R,2026,2026-05-27,,night,P,N,N,Regular Season,3,4,1,Final,Final,5325,Globe Life Field,140,Texas Rangers,TEX,3,False,117,Houston Astros,HOU,4,True,695001,Alimber Santa,Alimber,Santa,72,2003-05-03,23,"5' 10""",228,1,Pitcher,R,Right,R,Right,,,,,,,,,,,,,,,,,,,,,,,,,,
2026-05-27,822897,,/api/v1.1/game/822897/feed/live,R,2026,2026-05-27,,night,P,N,N,Regular Season,3,4,1,Final,Final,5325,Globe Life Field,140,Texas Rangers,TEX,3,False,117,Houston Astros,HOU,4,True,678906,Kai-Wei Teng,Kai-Wei,Teng,17,1998-12-01,27,"6' 4""",241,1,Pitcher,R,Right,R,Right,,,,,,,,,,,,,,,,,,,,,,,,,,
2026-05-27,822897,,/api/v1.1/game/822897/feed/live,R,2026,2026-05-27,,night,P,N,N,Regular Season,3,4,1,Final,Final,5325,Globe Life Field,140,Texas Rangers,TEX,3,False,117,Houston Astros,HOU,4,True,701358,Cam Smith,Cameron,Smith,11,2003-02-22,23,"6' 3""",224,9,Outfielder,R,Right,R,Right,0-4 | 2 K,,4,0,0,0,0,0,0,2,0,0,0,0,4,0,,,,,,,,,,
2026-05-27,822897,,/api/v1.1/game/822897/feed/live,R,2026,2026-05-27,,night,P,N,N,Regular Season,3,4,1,Final,Final,5325,Globe Life Field,140,Texas Rangers,TEX,3,False,117,Houston Astros,HOU,4,True,669699,Braden Shewmake,Braden,Shewmake,28,1997-11-19,28,"6' 3""",200,6,Shortstop,L,Left,R,Right,0-2 | RBI,,2,0,0,0,0,1,0,0,0,0,0,0,3,0,,,,,,,,,,
2026-05-27,822897,,/api/v1.1/game/822897/feed/live,R,2026,2026-05-27,,night,P,N,N,Regular Season,3,4,1,Final,Final,5325,Globe Life Field,140,Texas Rangers,TEX,3,False,117,Houston Astros,HOU,4,True,660853,Enyel De Los Santos,Enyel,De Los Santos,65,1995-12-25,30,"6' 3""",235,1,Pitcher,R,Right,R,Right,"1.2 IP, 0 ER, 3 K, 0 BB",,,,,,,,,,,,,,,,1.2,0,0,0,3,0,23,0,0,1
2026-05-27,822897,,/api/v1.1/game/822897/feed/live,R,2026,2026-05-27,,night,P,N,N,Regular Season,3,4,1,Final,Final,5325,Globe Life Field,140,Texas Rangers,TEX,3,False,117,Houston Astros,HOU,4,True,676694,Jake Meyers,Jacob,Meyers,6,1996-06-18,29,"6' 0""",200,8,Outfielder,R,Right,L,Left,"0-3 | BB, K",,3,0,0,0,0,0,0,1,1,0,0,0,4,0,,,,,,,,,,
2026-05-27,822897,,/api/v1.1/game/822897/feed/live,R,2026,2026-05-27,,night,P,N,N,Regular Season,3,4,1,Final,Final,5325,Globe Life Field,140,Texas Rangers,TEX,3,False,117,Houston Astros,HOU,4,True,595345,Steven Okert,Steven,Okert,48,1991-07-09,34,"6' 2""",202,1,Pitcher,L,Left,L,Left,,,,,,,,,,,,,,,,,,,,,,,,,,
2026-05-27,822897,,/api/v1.1/game/822897/feed/live,R,2026,2026-05-27,,night,P,N,N,Regular Season,3,4,1,Final,Final,5325,Globe Life Field,140,Texas Rangers,TEX,3,False,117,Houston Astros,HOU,4,True,663967,César Salazar,César,Salazar,18,1996-03-15,30,"5' 8""",198,2,Catcher,L,Left,R,Right,,,,,,,,,,,,,,,,,,,,,,,,,,
2026-05-27,822897,,/api/v1.1/game/822897/feed/live,R,2026,2026-05-27,,night,P,N,N,Regular Season,3,4,1,Final,Final,5325,Globe Life Field,140,Texas Rangers,TEX,3,False,117,Houston Astros,HOU,4,True,694728,Brice Matthews,Brice,Matthews,0,2002-03-16,24,"5' 10""",190,8,Outfielder,R,Right,R,Right,"1-3 | BB, CS",,3,1,0,0,0,0,0,0,1,0,1,0,4,1,,,,,,,,,,
2026-05-27,822897,,/api/v1.1/game/822897/feed/live,R,2026,2026-05-27,,night,P,N,N,Regular Season,3,4,1,Final,Final,5325,Globe Life Field,140,Texas Rangers,TEX,3,False,117,Houston Astros,HOU,4,True,805123,AJ Blubaugh,Alan,Blubaugh,69,2000-07-04,25,"6' 2""",190,1,Pitcher,R,Right,R,Right,,,,,,,,,,,,,,,,,,,,,,,,,,
2026-05-27,822897,,/api/v1.1/game/822897/feed/live,R,2026,2026-05-27,,night,P,N,N,Regular Season,3,4,1,Final,Final,5325,Globe Life Field,140,Texas Rangers,TEX,3,False,117,Houston Astros,HOU,4,True,701121,Logan VanWey,Logan,VanWey,64,1999-02-14,27,"6' 2""",205,1,Pitcher,R,Right,R,Right,,,,,,,,,,,,,,,,,,,,,,,,,,
2026-05-27,822897,,/api/v1.1/game/822897/feed/live,R,2026,2026-05-27,,night,P,N,N,Regular Season,3,4,1,Final,Final,5325,Globe Life Field,140,Texas Rangers,TEX,3,False,117,Houston Astros,HOU,4,True,666211,Taylor Trammell,Taylor,Trammell,26,1997-09-13,28,"6' 1""",220,8,Outfielder,L,Left,L,Left,"2-3 | 2B, K, R",,3,2,1,0,0,0,1,1,0,0,0,0,4,3,,,,,,,,,,
2026-05-27,822897,,/api/v1.1/game/822897/feed/live,R,2026,2026-05-27,,night,P,N,N,Regular Season,3,4,1,Final,Final,5325,Globe Life Field,140,Texas Rangers,TEX,3,False,117,Houston Astros,HOU,4,True,837227,Tatsuya Imai,Tatsuya,Imai,45,1998-05-09,28,"5' 11""",176,1,Pitcher,R,Right,R,Right,,,,,,,,,,,,,,,,,,,,,,,,,,
2026-05-27,822897,,/api/v1.1/game/822897/feed/live,R,2026,2026-05-27,,night,P,N,N,Regular Season,3,4,1,Final,Final,5325,Globe Life Field,140,Texas Rangers,TEX,3,False,117,Houston Astros,HOU,4,True,665161,Jeremy Peña,Jeremy,Peña,3,1997-09-22,28,"6' 0""",202,6,Shortstop,R,Right,R,Right,1-5,,5,1,0,0,0,0,0,0,0,0,0,0,5,1,,,,,,,,,,
2026-05-27,822897,,/api/v1.1/game/822897/feed/live,R,2026,2026-05-27,,night,P,N,N,Regular Season,3,4,1,Final,Final,5325,Globe Life Field,140,Texas Rangers,TEX,3,False,117,Houston Astros,HOU,4,True,701305,Zach Dezenzo,Zachary,Dezenzo,9,2000-05-11,26,"6' 5""",220,7,Outfielder,R,Right,R,Right,,,,,,,,,,,,,,,,,,,,,,,,,,
2026-05-27,822897,,/api/v1.1/game/822897/feed/live,R,2026,2026-05-27,,night,P,N,N,Regular Season,3,4,1,Final,Final,5325,Globe Life Field,140,Texas Rangers,TEX,3,False,117,Houston Astros,HOU,4,True,663567,Peter Lambert,Peter,Lambert,38,1997-04-18,29,"6' 2""",208,1,Pitcher,R,Right,R,Right,,,,,,,,,,,,,,,,,,,,,,,,,,
2026-05-27,822897,,/api/v1.1/game/822897/feed/live,R,2026,2026-05-27,,night,P,N,N,Regular Season,3,4,1,Final,Final,5325,Globe Life Field,140,Texas Rangers,TEX,3,False,117,Houston Astros,HOU,4,True,681347,Mike Burrows,Michael,Burrows,50,1999-11-08,26,"6' 1""",200,1,Pitcher,R,Right,R,Right,"7.0 IP, 2 ER, 6 K, BB",,,,,,,,,,,,,,,,7.0,2,5,1,6,1,91,1,0,0
2026-05-27,822897,,/api/v1.1/game/822897/feed/live,R,2026,2026-05-27,,night,P,N,N,Regular Season,3,4,1,Final,Final,5325,Globe Life Field,140,Texas Rangers,TEX,3,False,117,Houston Astros,HOU,4,True,687911,Bryan King,Bryan,King,74,1996-11-05,29,"6' 1""",205,1,Pitcher,R,Right,L,Left,"0.1 IP, ER, K, BB",,,,,,,,,,,,,,,,0.1,1,1,1,1,1,12,0,0,0
2026-05-27,822897,,/api/v1.1/game/822897/feed/live,R,2026,2026-05-27,,night,P,N,N,Regular Season,3,4,1,Final,Final,5325,Globe Life Field,140,Texas Rangers,TEX,3,False,117,Houston Astros,HOU,4,True,572233,Christian Walker,Christian,Walker,8,1991-03-28,35,"5' 11""",208,3,First Base,R,Right,R,Right,"0-4 | BB, K, R",,4,0,0,0,0,0,1,1,1,0,0,0,5,0,,,,,,,,,,
2026-05-27,822897,,/api/v1.1/game/822897/feed/live,R,2026,2026-05-27,,night,P,N,N,Regular Season,3,4,1,Final,Final,5325,Globe Life Field,140,Texas Rangers,TEX,3,False,117,Houston Astros,HOU,4,True,663878,Nate Pearson,Nathan,Pearson,55,1996-08-20,29,"6' 6""",255,1,Pitcher,R,Right,R,Right,,,,,,,,,,,,,,,,,,,,,,,,,,
2026-05-27,822897,,/api/v1.1/game/822897/feed/live,R,2026,2026-05-27,,night,P,N,N,Regular Season,3,4,1,Final,Final,5325,Globe Life Field,140,Texas Rangers,TEX,3,False,117,Houston Astros,HOU,4,True,681293,Spencer Arrighetti,Spencer,Arrighetti,41,2000-01-02,26,"6' 2""",186,1,Pitcher,R,Right,R,Right,,,,,,,,,,,,,,,,,,,,,,,,,,
2026-05-27,822897,,/api/v1.1/game/822897/feed/live,R,2026,2026-05-27,,night,P,N,N,Regular Season,3,4,1,Final,Final,5325,Globe Life Field,140,Texas Rangers,TEX,3,False,117,Houston Astros,HOU,4,True,543877,Christian Vázquez,Christian,Vázquez,2,1990-08-21,35,"5' 8""",205,2,Catcher,R,Right,R,Right,1-4 | 2 K,,4,1,0,0,0,0,0,2,0,0,0,0,4,1,,,,,,,,,,
2026-05-27,822897,,/api/v1.1/game/822897/feed/live,R,2026,2026-05-27,,night,P,N,N,Regular Season,3,4,1,Final,Final,5325,Globe Life Field,140,Texas Rangers,TEX,3,False,117,Houston Astros,HOU,4,True,670541,Yordan Alvarez,Yordan,Alvarez,44,1997-06-27,28,"6' 4""",237,10,Designated Hitter,L,Left,R,Right,"3-4 | 2 HR, BB, K",,4,3,0,0,2,2,2,1,1,0,0,0,5,9,,,,,,,,,,
2026-05-27,823947,,/api/v1.1/game/823947/feed/live,R,2026,2026-05-27,,night,P,N,N,Regular Season,3,3,1,Final,Final,22,UNIQLO Field at Dodger Stadium,119,Los Angeles Dodgers,LAD,4,True,115,Colorado Rockies,COL,1,False,669257,Will Smith,William,Smith,16,1995-03-28,31,"5' 10""",195,2,Catcher,R,Right,R,Right,"1-1 | 2B, 2 BB",,1,1,1,0,0,0,0,0,2,0,0,0,3,2,,,,,,,,,,
2026-05-27,823947,,/api/v1.1/game/823947/feed/live,R,2026,2026-05-27,,night,P,N,N,Regular Season,3,3,1,Final,Final,22,UNIQLO Field at Dodger Stadium,119,Los Angeles Dodgers,LAD,4,True,115,Colorado Rockies,COL,1,False,687221,Dalton Rushing,Dalton,Rushing,68,2001-02-21,25,"6' 0""",220,2,Catcher,L,Left,R,Right,,,,,,,,,,,,,,,,,,,,,,,,,,
2026-05-27,823947,,/api/v1.1/game/823947/feed/live,R,2026,2026-05-27,,night,P,N,N,Regular Season,3,3,1,Final,Final,22,UNIQLO Field at Dodger Stadium,119,Los Angeles Dodgers,LAD,4,True,115,Colorado Rockies,COL,1,False,681911,Alex Vesia,Alexander,Vesia,51,1996-04-11,30,"6' 1""",209,1,Pitcher,L,Left,L,Left,,,,,,,,,,,,,,,,,,,,,,,,,,
2026-05-27,823947,,/api/v1.1/game/823947/feed/live,R,2026,2026-05-27,,night,P,N,N,Regular Season,3,3,1,Final,Final,22,UNIQLO Field at Dodger Stadium,119,Los Angeles Dodgers,LAD,4,True,115,Colorado Rockies,COL,1,False,663656,Kyle Tucker,Kyle,Tucker,23,1997-01-17,29,"6' 3""",212,9,Outfielder,L,Left,R,Right,,,,,,,,,,,,,,,,,,,,,,,,,,
2026-05-27,823947,,/api/v1.1/game/823947/feed/live,R,2026,2026-05-27,,night,P,N,N,Regular Season,3,3,1,Final,Final,22,UNIQLO Field at Dodger Stadium,119,Los Angeles Dodgers,LAD,4,True,115,Colorado Rockies,COL,1,False,571970,Max Muncy,Maxwell,Muncy,13,1990-08-25,35,"5' 10""",215,5,Third Base,L,Left,R,Right,0-4 | K,,4,0,0,0,0,0,0,1,0,0,0,1,4,0,,,,,,,,,,
2026-05-27,823947,,/api/v1.1/game/823947/feed/live,R,2026,2026-05-27,,night,P,N,N,Regular Season,3,3,1,Final,Final,22,UNIQLO Field at Dodger Stadium,119,Los Angeles Dodgers,LAD,4,True,115,Colorado Rockies,COL,1,False,518692,Freddie Freeman,Frederick,Freeman,5,1989-09-12,36,"6' 4""",220,3,First Base,L,Left,R,Right,"2-4 | HR, RBI, R",,4,2,0,0,1,1,1,0,0,0,0,0,4,5,,,,,,,,,,
2026-05-27,823947,,/api/v1.1/game/823947/feed/live,R,2026,2026-05-27,,night,P,N,N,Regular Season,3,3,1,Final,Final,22,UNIQLO Field at Dodger Stadium,119,Los Angeles Dodgers,LAD,4,True,115,Colorado Rockies,COL,1,False,683618,Edgardo Henriquez,Edgardo,Henriquez,60,2002-06-24,23,"6' 4""",200,1,Pitcher,R,Right,R,Right,,,,,,,,,,,,,,,,,,,,,,,,,,
2026-05-27,823947,,/api/v1.1/game/823947/feed/live,R,2026,2026-05-27,,night,P,N,N,Regular Season,3,3,1,Final,Final,22,UNIQLO Field at Dodger Stadium,119,Los Angeles Dodgers,LAD,4,True,115,Colorado Rockies,COL,1,False,641778,Eric Lauer,Eric,Lauer,33,1995-06-03,30,"6' 3""",209,1,Pitcher,R,Right,L,Left,,,,,,,,,,,,,,,,,,,,,,,,,,
2026-05-27,823947,,/api/v1.1/game/823947/feed/live,R,2026,2026-05-27,,night,P,N,N,Regular Season,3,3,1,Final,Final,22,UNIQLO Field at Dodger Stadium,119,Los Angeles Dodgers,LAD,4,True,115,Colorado Rockies,COL,1,False,808975,Hyeseong Kim,Hyeseong,Kim,6,1999-01-27,27,"5' 10""",175,6,Shortstop,L,Left,R,Right,1-2 | R,,2,1,0,0,0,0,1,0,0,0,0,0,2,1,,,,,,,,,,
2026-05-27,823947,,/api/v1.1/game/823947/feed/live,R,2026,2026-05-27,,night,P,N,N,Regular Season,3,3,1,Final,Final,22,UNIQLO Field at Dodger Stadium,119,Los Angeles Dodgers,LAD,4,True,115,Colorado Rockies,COL,1,False,656945,Tanner Scott,Tanner,Scott,66,1994-07-22,31,"6' 0""",235,1,Pitcher,R,Right,L,Left,"1.0 IP, 0 ER, 2 K, 0 BB",,,,,,,,,,,,,,,,1.0,0,1,0,2,0,17,0,0,0
2026-05-27,823947,,/api/v1.1/game/823947/feed/live,R,2026,2026-05-27,,night,P,N,N,Regular Season,3,3,1,Final,Final,22,UNIQLO Field at Dodger Stadium,119,Los Angeles Dodgers,LAD,4,True,115,Colorado Rockies,COL,1,False,669165,Kyle Hurt,Kyle,Hurt,63,1998-05-30,27,"6' 3""",240,1,Pitcher,R,Right,R,Right,"1.0 IP, 0 ER, K, 0 BB",,,,,,,,,,,,,,,,1.0,0,0,0,1,0,15,0,0,1
2026-05-27,823947,,/api/v1.1/game/823947/feed/live,R,2026,2026-05-27,,night,P,N,N,Regular Season,3,3,1,Final,Final,22,UNIQLO Field at Dodger Stadium,119,Los Angeles Dodgers,LAD,4,True,115,Colorado Rockies,COL,1,False,660271,Shohei Ohtani,Shohei,Ohtani,17,1994-07-05,31,"6' 4""",210,Y,Two-Way Player,L,Left,R,Right,"1-4 | HR, K, RBI",,4,1,0,0,1,1,1,1,0,0,0,0,4,4,6.0,1,0,0,7,4,99,1,0,0
2026-05-27,823947,,/api/v1.1/game/823947/feed/live,R,2026,2026-05-27,,night,P,N,N,Regular Season,3,3,1,Final,Final,22,UNIQLO Field at Dodger Stadium,119,Los Angeles Dodgers,LAD,4,True,115,Colorado Rockies,COL,1,False,694361,Will Klein,William,Klein,61,1999-11-28,26,"6' 5""",230,1,Pitcher,R,Right,R,Right,"1.0 IP, 0 ER, 0 K, 0 BB",,,,,,,,,,,,,,,,1.0,0,0,0,0,0,8,0,0,0
2026-05-27,823947,,/api/v1.1/game/823947/feed/live,R,2026,2026-05-27,,night,P,N,N,Regular Season,3,3,1,Final,Final,22,UNIQLO Field at Dodger Stadium,119,Los Angeles Dodgers,LAD,4,True,115,Colorado Rockies,COL,1,False,680736,Justin Wrobleski,Justin,Wrobleski,70,2000-07-14,25,"6' 1""",194,1,Pitcher,L,Left,L,Left,,,,,,,,,,,,,,,,,,,,,,,,,,
2026-05-27,823947,,/api/v1.1/game/823947/feed/live,R,2026,2026-05-27,,night,P,N,N,Regular Season,3,3,1,Final,Final,22,UNIQLO Field at Dodger Stadium,119,Los Angeles Dodgers,LAD,4,True,115,Colorado Rockies,COL,1,False,606192,Teoscar Hernández,Teoscar,Hernández,37,1992-10-15,33,"6' 0""",215,7,Outfielder,R,Right,R,Right,0-1,,1,0,0,0,0,0,0,0,0,0,0,0,1,0,,,,,,,,,,
2026-05-27,823947,,/api/v1.1/game/823947/feed/live,R,2026,2026-05-27,,night,P,N,N,Regular Season,3,3,1,Final,Final,22,UNIQLO Field at Dodger Stadium,119,Los Angeles Dodgers,LAD,4,True,115,Colorado Rockies,COL,1,False,642546,Jonathan Hernández,Jonathan,Hernández,29,1996-07-06,29,"6' 3""",190,1,Pitcher,R,Right,R,Right,,,,,,,,,,,,,,,,,,,,,,,,,,
2026-05-27,823947,,/api/v1.1/game/823947/feed/live,R,2026,2026-05-27,,night,P,N,N,Regular Season,3,3,1,Final,Final,22,UNIQLO Field at Dodger Stadium,119,Los Angeles Dodgers,LAD,4,True,115,Colorado Rockies,COL,1,False,681624,Andy Pages,Andy,Pages,44,2000-12-08,25,"6' 1""",212,8,Outfielder,R,Right,R,Right,"2-4 | HR, RBI, R",,4,2,0,0,1,1,1,0,0,0,1,0,4,5,,,,,,,,,,
2026-05-27,823947,,/api/v1.1/game/823947/feed/live,R,2026,2026-05-27,,night,P,N,N,Regular Season,3,3,1,Final,Final,22,UNIQLO Field at Dodger Stadium,119,Los Angeles Dodgers,LAD,4,True,115,Colorado Rockies,COL,1,False,605141,Mookie Betts,Markus,Betts,50,1992-10-07,33,"5' 9""",180,6,Shortstop,R,Right,R,Right,0-4 | K,,4,0,0,0,0,0,0,1,0,0,0,0,4,0,,,,,,,,,,
2026-05-27,823947,,/api/v1.1/game/823947/feed/live,R,2026,2026-05-27,,night,P,N,N,Regular Season,3,3,1,Final,Final,22,UNIQLO Field at Dodger Stadium,119,Los Angeles Dodgers,LAD,4,True,115,Colorado Rockies,COL,1,False,669743,Alex Call,Alex,Call,12,1994-09-27,31,"5' 11""",189,7,Outfielder,R,Right,R,Right,"1-3 | K, RBI",,3,1,0,0,0,1,0,1,0,0,0,0,3,1,,,,,,,,,,
2026-05-27,823947,,/api/v1.1/game/823947/feed/live,R,2026,2026-05-27,,night,P,N,N,Regular Season,3,3,1,Final,Final,22,UNIQLO Field at Dodger Stadium,119,Los Angeles Dodgers,LAD,4,True,115,Colorado Rockies,COL,1,False,686218,Emmet Sheehan,George,Sheehan,80,1999-11-15,26,"6' 5""",220,1,Pitcher,R,Right,R,Right,,,,,,,,,,,,,,,,,,,,,,,,,,
2026-05-27,823947,,/api/v1.1/game/823947/feed/live,R,2026,2026-05-27,,night,P,N,N,Regular Season,3,3,1,Final,Final,22,UNIQLO Field at Dodger Stadium,119,Los Angeles Dodgers,LAD,4,True,115,Colorado Rockies,COL,1,False,500743,Miguel Rojas,Miguel,Rojas,72,1989-02-24,37,"5' 10""",188,6,Shortstop,R,Right,R,Right,,,,,,,,,,,,,,,,,,,,,,,,,,
2026-05-27,823947,,/api/v1.1/game/823947/feed/live,R,2026,2026-05-27,,night,P,N,N,Regular Season,3,3,1,Final,Final,22,UNIQLO Field at Dodger Stadium,119,Los Angeles Dodgers,LAD,4,True,115,Colorado Rockies,COL,1,False,595014,Blake Treinen,Blake,Treinen,49,1988-06-30,37,"6' 5""",225,1,Pitcher,R,Right,R,Right,,,,,,,,,,,,,,,,,,,,,,,,,,
2026-05-27,823947,,/api/v1.1/game/823947/feed/live,R,2026,2026-05-27,,night,P,N,N,Regular Season,3,3,1,Final,Final,22,UNIQLO Field at Dodger Stadium,119,Los Angeles Dodgers,LAD,4,True,115,Colorado Rockies,COL,1,False,808963,Roki Sasaki,Roki,Sasaki,11,2001-11-03,24,"6' 2""",187,1,Pitcher,R,Right,R,Right,,,,,,,,,,,,,,,,,,,,,,,,,,
2026-05-27,823947,,/api/v1.1/game/823947/feed/live,R,2026,2026-05-27,,night,P,N,N,Regular Season,3,3,1,Final,Final,22,UNIQLO Field at Dodger Stadium,119,Los Angeles Dodgers,LAD,4,True,115,Colorado Rockies,COL,1,False,690976,Alex Freeland,Alexander,Freeland,76,2001-08-24,24,"5' 11""",200,4,Second Base,S,Switch,R,Right,0-3,,3,0,0,0,0,0,0,0,0,0,0,0,3,0,,,,,,,,,,
2026-05-27,823947,,/api/v1.1/game/823947/feed/live,R,2026,2026-05-27,,night,P,N,N,Regular Season,3,3,1,Final,Final,22,UNIQLO Field at Dodger Stadium,119,Los Angeles Dodgers,LAD,4,True,115,Colorado Rockies,COL,1,False,808967,Yoshinobu Yamamoto,Yoshinobu,Yamamoto,18,1998-08-17,27,"5' 10""",176,1,Pitcher,R,Right,R,Right,,,,,,,,,,,,,,,,,,,,,,,,,,
2026-05-27,823947,,/api/v1.1/game/823947/feed/live,R,2026,2026-05-27,,night,P,N,N,Regular Season,3,3,1,Final,Final,22,UNIQLO Field at Dodger Stadium,119,Los Angeles Dodgers,LAD,4,True,115,Colorado Rockies,COL,1,False,801434,Paul Gervase,Paul,Gervase,65,2000-05-23,26,"6' 10""",230,1,Pitcher,R,Right,R,Right,,,,,,,,,,,,,,,,,,,,,,,,,,
2026-05-27,823947,,/api/v1.1/game/823947/feed/live,R,2026,2026-05-27,,night,P,N,N,Regular Season,3,3,1,Final,Final,22,UNIQLO Field at Dodger Stadium,119,Los Angeles Dodgers,LAD,4,True,115,Colorado Rockies,COL,1,False,624522,Keegan Thompson,Keegan,Thompson,34,1995-03-13,31,"6' 1""",197,1,Pitcher,R,Right,R,Right,,,,,,,,,,,,,,,,,,,,,,,,,,
2026-05-27,823947,,/api/v1.1/game/823947/feed/live,R,2026,2026-05-27,,night,P,N,N,Regular Season,3,3,1,Final,Final,22,UNIQLO Field at Dodger Stadium,119,Los Angeles Dodgers,LAD,4,True,115,Colorado Rockies,COL,1,False,680604,Blas Castaño,Blas,Castano,63,1998-09-08,27,"5' 10""",162,1,Pitcher,R,Right,R,Right,"1.0 IP, 0 ER, K, 0 BB",,,,,,,,,,,,,,,,1.0,0,0,0,1,0,10,0,0,0
2026-05-27,823947,,/api/v1.1/game/823947/feed/live,R,2026,2026-05-27,,night,P,N,N,Regular Season,3,3,1,Final,Final,22,UNIQLO Field at Dodger Stadium,119,Los Angeles Dodgers,LAD,4,True,115,Colorado Rockies,COL,1,False,677060,Chad Stevens,Chad,Stevens,39,1999-02-03,27,"6' 3""",218,4,Second Base,R,Right,R,Right,0-0,,0,0,0,0,0,0,0,0,0,0,0,0,0,0,,,,,,,,,,
2026-05-27,823947,,/api/v1.1/game/823947/feed/live,R,2026,2026-05-27,,night,P,N,N,Regular Season,3,3,1,Final,Final,22,UNIQLO Field at Dodger Stadium,119,Los Angeles Dodgers,LAD,4,True,115,Colorado Rockies,COL,1,False,664983,Jake McCarthy,Jacob,McCarthy,31,1997-07-30,28,"6' 0""",213,7,Outfielder,L,Left,L,Left,0-3 | 3 K,,3,0,0,0,0,0,0,3,0,0,0,0,3,0,,,,,,,,,,
2026-05-27,823947,,/api/v1.1/game/823947/feed/live,R,2026,2026-05-27,,night,P,N,N,Regular Season,3,3,1,Final,Final,22,UNIQLO Field at Dodger Stadium,119,Los Angeles Dodgers,LAD,4,True,115,Colorado Rockies,COL,1,False,700327,Welinton Herrera,Welinton,Herrera,59,2004-04-03,22,"6' 0""",198,1,Pitcher,L,Left,L,Left,,,,,,,,,,,,,,,,,,,,,,,,,,
2026-05-27,823947,,/api/v1.1/game/823947/feed/live,R,2026,2026-05-27,,night,P,N,N,Regular Season,3,3,1,Final,Final,22,UNIQLO Field at Dodger Stadium,119,Los Angeles Dodgers,LAD,4,True,115,Colorado Rockies,COL,1,False,687859,Troy Johnston,Troy,Johnston,20,1997-06-22,28,"5' 11""",206,9,Outfielder,L,Left,L,Left,0-4,,4,0,0,0,0,0,0,0,0,0,0,0,4,0,,,,,,,,,,
2026-05-27,823947,,/api/v1.1/game/823947/feed/live,R,2026,2026-05-27,,night,P,N,N,Regular Season,3,3,1,Final,Final,22,UNIQLO Field at Dodger Stadium,119,Los Angeles Dodgers,LAD,4,True,115,Colorado Rockies,COL,1,False,690924,Braxton Fulford,Braxton,Fulford,37,1998-12-09,27,"5' 10""",205,2,Catcher,R,Right,R,Right,0-1 | K,,1,0,0,0,0,0,0,1,0,0,0,0,1,0,,,,,,,,,,
2026-05-27,823947,,/api/v1.1/game/823947/feed/live,R,2026,2026-05-27,,night,P,N,N,Regular Season,3,3,1,Final,Final,22,UNIQLO Field at Dodger Stadium,119,Los Angeles Dodgers,LAD,4,True,115,Colorado Rockies,COL,1,False,607536,Kyle Freeland,Kyle,Freeland,21,1993-05-14,33,"6' 4""",202,1,Pitcher,L,Left,L,Left,,,,,,,,,,,,,,,,,,,,,,,,,,
2026-05-27,823947,,/api/v1.1/game/823947/feed/live,R,2026,2026-05-27,,night,P,N,N,Regular Season,3,3,1,Final,Final,22,UNIQLO Field at Dodger Stadium,119,Los Angeles Dodgers,LAD,4,True,115,Colorado Rockies,COL,1,False,650489,Willi Castro,Willi,Castro,3,1997-04-24,29,"6' 0""",209,4,Second Base,S,Switch,R,Right,"0-4 | 2 K, RBI",,4,0,0,0,0,1,0,2,0,0,0,0,4,0,,,,,,,,,,
2026-05-27,823947,,/api/v1.1/game/823947/feed/live,R,2026,2026-05-27,,night,P,N,N,Regular Season,3,3,1,Final,Final,22,UNIQLO Field at Dodger Stadium,119,Los Angeles Dodgers,LAD,4,True,115,Colorado Rockies,COL,1,False,657514,Brennan Bernardino,Brennan,Bernardino,83,1992-01-15,34,"6' 4""",216,1,Pitcher,L,Left,L,Left,"1.1 IP, 0 ER, 0 K, 0 BB",,,,,,,,,,,,,,,,1.1,0,0,0,0,0,16,0,0,0
2026-05-27,823947,,/api/v1.1/game/823947/feed/live,R,2026,2026-05-27,,night,P,N,N,Regular Season,3,3,1,Final,Final,22,UNIQLO Field at Dodger Stadium,119,Los Angeles Dodgers,LAD,4,True,115,Colorado Rockies,COL,1,False,671289,Tyler Freeman,Tyler,Freeman,2,1999-05-21,27,"5' 11""",200,9,Outfielder,R,Right,R,Right,1-4,,4,1,0,0,0,0,0,0,0,0,0,0,4,1,,,,,,,,,,
2026-05-27,823947,,/api/v1.1/game/823947/feed/live,R,2026,2026-05-27,,night,P,N,N,Regular Season,3,3,1,Final,Final,22,UNIQLO Field at Dodger Stadium,119,Los Angeles Dodgers,LAD,4,True,115,Colorado Rockies,COL,1,False,675848,Juan Mejia,Juan,Mejia,47,2000-07-04,25,"6' 3""",210,1,Pitcher,R,Right,R,Right,,,,,,,,,,,,,,,,,,,,,,,,,,
2026-05-27,823947,,/api/v1.1/game/823947/feed/live,R,2026,2026-05-27,,night,P,N,N,Regular Season,3,3,1,Final,Final,22,UNIQLO Field at Dodger Stadium,119,Los Angeles Dodgers,LAD,4,True,115,Colorado Rockies,COL,1,False,666397,Edouard Julien,Edouard,Julien,6,1999-04-30,27,"6' 1""",195,4,Second Base,L,Left,R,Right,0-2 | K,,2,0,0,0,0,0,0,1,0,0,0,0,2,0,,,,,,,,,,
2026-05-27,823947,,/api/v1.1/game/823947/feed/live,R,2026,2026-05-27,,night,P,N,N,Regular Season,3,3,1,Final,Final,22,UNIQLO Field at Dodger Stadium,119,Los Angeles Dodgers,LAD,4,True,115,Colorado Rockies,COL,1,False,696100,Hunter Goodman,Hunter,Goodman,15,1999-10-08,26,"5' 11""",220,2,Catcher,R,Right,R,Right,0-3 | HBP,,3,0,0,0,0,0,0,0,0,0,0,0,4,0,,,,,,,,,,
2026-05-27,823947,,/api/v1.1/game/823947/feed/live,R,2026,2026-05-27,,night,P,N,N,Regular Season,3,3,1,Final,Final,22,UNIQLO Field at Dodger Stadium,119,Los Angeles Dodgers,LAD,4,True,115,Colorado Rockies,COL,1,False,608372,Tomoyuki Sugano,Tomoyuki,Sugano,11,1989-10-11,36,"6' 1""",227,1,Pitcher,R,Right,R,Right,"4.2 IP, 3 ER, 3 K, BB",,,,,,,,,,,,,,,,4.2,3,6,2,3,1,83,0,1,0
2026-05-27,823947,,/api/v1.1/game/823947/feed/live,R,2026,2026-05-27,,night,P,N,N,Regular Season,3,3,1,Final,Final,22,UNIQLO Field at Dodger Stadium,119,Los Angeles Dodgers,LAD,4,True,115,Colorado Rockies,COL,1,False,688642,Zach Agnos,Zachary,Agnos,36,2000-08-15,25,"6' 0""",225,1,Pitcher,R,Right,R,Right,,,,,,,,,,,,,,,,,,,,,,,,,,
2026-05-27,823947,,/api/v1.1/game/823947/feed/live,R,2026,2026-05-27,,night,P,N,N,Regular Season,3,3,1,Final,Final,22,UNIQLO Field at Dodger Stadium,119,Los Angeles Dodgers,LAD,4,True,115,Colorado Rockies,COL,1,False,685299,Tanner Gordon,Tanner,Gordon,29,1997-10-26,28,"6' 5""",220,1,Pitcher,L,Left,R,Right,,,,,,,,,,,,,,,,,,,,,,,,,,
2026-05-27,823947,,/api/v1.1/game/823947/feed/live,R,2026,2026-05-27,,night,P,N,N,Regular Season,3,3,1,Final,Final,22,UNIQLO Field at Dodger Stadium,119,Los Angeles Dodgers,LAD,4,True,115,Colorado Rockies,COL,1,False,664954,Brett Sullivan,Brett,Sullivan,26,1994-02-22,32,"5' 11""",190,2,Catcher,L,Left,R,Right,,,,,,,,,,,,,,,,,,,,,,,,,,
2026-05-27,823947,,/api/v1.1/game/823947/feed/live,R,2026,2026-05-27,,night,P,N,N,Regular Season,3,3,1,Final,Final,22,UNIQLO Field at Dodger Stadium,119,Los Angeles Dodgers,LAD,4,True,115,Colorado Rockies,COL,1,False,678662,Ezequiel Tovar,Ezequiel,Tovar,14,2001-08-01,24,"6' 0""",192,6,Shortstop,R,Right,R,Right,"0-2 | BB, K",,2,0,0,0,0,0,0,1,1,0,0,0,3,0,,,,,,,,,,
2026-05-27,823947,,/api/v1.1/game/823947/feed/live,R,2026,2026-05-27,,night,P,N,N,Regular Season,3,3,1,Final,Final,22,UNIQLO Field at Dodger Stadium,119,Los Angeles Dodgers,LAD,4,True,115,Colorado Rockies,COL,1,False,547179,Michael Lorenzen,Michael,Lorenzen,24,1992-01-04,34,"6' 1""",210,1,Pitcher,R,Right,R,Right,,,,,,,,,,,,,,,,,,,,,,,,,,
2026-05-27,823947,,/api/v1.1/game/823947/feed/live,R,2026,2026-05-27,,night,P,N,N,Regular Season,3,3,1,Final,Final,22,UNIQLO Field at Dodger Stadium,119,Los Angeles Dodgers,LAD,4,True,115,Colorado Rockies,COL,1,False,681198,TJ Rumfield,Toby,Rumfield,7,2000-05-17,26,"6' 5""",238,3,First Base,L,Left,R,Right,"0-2 | 2 BB, K, R",,2,0,0,0,0,0,1,1,2,0,0,0,4,0,,,,,,,,,,
2026-05-27,823947,,/api/v1.1/game/823947/feed/live,R,2026,2026-05-27,,night,P,N,N,Regular Season,3,3,1,Final,Final,22,UNIQLO Field at Dodger Stadium,119,Los Angeles Dodgers,LAD,4,True,115,Colorado Rockies,COL,1,False,678020,Seth Halvorsen,Seth,Halvorsen,54,2000-02-18,26,"6' 2""",243,1,Pitcher,R,Right,R,Right,,,,,,,,,,,,,,,,,,,,,,,,,,
2026-05-27,823947,,/api/v1.1/game/823947/feed/live,R,2026,2026-05-27,,night,P,N,N,Regular Season,3,3,1,Final,Final,22,UNIQLO Field at Dodger Stadium,119,Los Angeles Dodgers,LAD,4,True,115,Colorado Rockies,COL,1,False,622608,Antonio Senzatela,Antonio,Senzatela,49,1995-01-21,31,"6' 1""",235,1,Pitcher,R,Right,R,Right,"1.0 IP, ER, 0 K, BB",,,,,,,,,,,,,,,,1.0,1,2,1,0,1,26,0,0,0
2026-05-27,823947,,/api/v1.1/game/823947/feed/live,R,2026,2026-05-27,,night,P,N,N,Regular Season,3,3,1,Final,Final,22,UNIQLO Field at Dodger Stadium,119,Los Angeles Dodgers,LAD,4,True,115,Colorado Rockies,COL,1,False,677955,Jaden Hill,Kenneth,Hill,0,1999-12-22,26,"6' 4""",260,1,Pitcher,R,Right,R,Right,,,,,,,,,,,,,,,,,,,,,,,,,,
2026-05-27,823947,,/api/v1.1/game/823947/feed/live,R,2026,2026-05-27,,night,P,N,N,Regular Season,3,3,1,Final,Final,22,UNIQLO Field at Dodger Stadium,119,Los Angeles Dodgers,LAD,4,True,115,Colorado Rockies,COL,1,False,694514,Sterlin Thompson,Sterlin,Thompson,30,2001-06-26,24,"6' 3""",209,9,Outfielder,L,Left,R,Right,0-2 | BB,,2,0,0,0,0,0,0,0,1,0,0,1,3,0,,,,,,,,,,
2026-05-27,823947,,/api/v1.1/game/823947/feed/live,R,2026,2026-05-27,,night,P,N,N,Regular Season,3,3,1,Final,Final,22,UNIQLO Field at Dodger Stadium,119,Los Angeles Dodgers,LAD,4,True,115,Colorado Rockies,COL,1,False,691720,Kyle Karros,Kyle,Karros,12,2002-07-26,23,"6' 5""",225,5,Third Base,R,Right,R,Right,0-1 | K,,1,0,0,0,0,0,0,1,0,0,0,0,1,0,,,,,,,,,,
