gameDate,gamePk,gameGuid,link,gameType,season,officialDate,description,dayNight,gamedayType,doubleHeader,tiebreaker,seriesDescription,seriesGameNumber,gamesInSeries,gameNumber,status_abstractGameState,status_detailedState,venue_id,venue_name,home_team_id,home_team_name,home_team_abbreviation,home_score,home_isWinner,away_team_id,away_team_name,away_team_abbreviation,away_score,away_isWinner,playerId,fullName,firstName,lastName,primaryNumber,birthDate,currentAge,height,weight,primaryPosition_code,primaryPosition_name,batSide_code,batSide_description,pitchHand_code,pitchHand_description,gameLogSummary,note,atBats,hits,doubles,triples,homeRuns,rbi,runs,strikeOuts,baseOnBalls,stolenBases,caughtStealing,groundIntoDoublePlay,plateAppearances,totalBases,inningsPitched,earnedRuns,hitsAllowed,homeRunsAllowed,strikeOutsPitching,baseOnBallsPitching,pitchesThrown,wins,losses,saves
2026-06-04,823457,,/api/v1.1/game/823457/feed/live,R,2026,2026-06-04,,day,P,N,N,Regular Season,3,3,1,Final,Final,2681,Citizens Bank Park,143,Philadelphia Phillies,PHI,6,True,135,San Diego Padres,SD,4,False,669016,Brandon Marsh,Brandon,Marsh,16,1997-12-18,28,"6' 2""",215,7,Outfielder,L,Left,R,Right,"1-4 | 2 K, RBI",,4,1,0,0,0,1,0,2,0,0,0,0,4,1,,,,,,,,,,
2026-06-04,823457,,/api/v1.1/game/823457/feed/live,R,2026,2026-06-04,,day,P,N,N,Regular Season,3,3,1,Final,Final,2681,Citizens Bank Park,143,Philadelphia Phillies,PHI,6,True,135,San Diego Padres,SD,4,False,666200,Jesús Luzardo,Jesús,Luzardo,44,1997-09-30,28,"6' 0""",218,1,Pitcher,L,Left,L,Left,,,,,,,,,,,,,,,,,,,,,,,,,,
2026-06-04,823457,,/api/v1.1/game/823457/feed/live,R,2026,2026-06-04,,day,P,N,N,Regular Season,3,3,1,Final,Final,2681,Citizens Bank Park,143,Philadelphia Phillies,PHI,6,True,135,San Diego Padres,SD,4,False,621237,José Alvarado,José,Alvarado,46,1995-05-21,31,"6' 2""",245,1,Pitcher,L,Left,L,Left,"1.0 IP, 2 ER, K, BB",,,,,,,,,,,,,,,,1.0,2,1,1,1,1,25,0,0,0
2026-06-04,823457,,/api/v1.1/game/823457/feed/live,R,2026,2026-06-04,,day,P,N,N,Regular Season,3,3,1,Final,Final,2681,Citizens Bank Park,143,Philadelphia Phillies,PHI,6,True,135,San Diego Padres,SD,4,False,702222,Justin Crawford,Justin,Crawford,2,2004-01-13,22,"6' 2""",188,8,Outfielder,L,Left,R,Right,"1-3 | 2B, BB, 2 R",,3,1,1,0,0,0,2,0,1,1,0,0,4,2,,,,,,,,,,
2026-06-04,823457,,/api/v1.1/game/823457/feed/live,R,2026,2026-06-04,,day,P,N,N,Regular Season,3,3,1,Final,Final,2681,Citizens Bank Park,143,Philadelphia Phillies,PHI,6,True,135,San Diego Padres,SD,4,False,650911,Cristopher Sánchez,Cristopher,Sánchez,61,1996-12-12,29,"6' 6""",200,1,Pitcher,L,Left,L,Left,,,,,,,,,,,,,,,,,,,,,,,,,,
2026-06-04,823457,,/api/v1.1/game/823457/feed/live,R,2026,2026-06-04,,day,P,N,N,Regular Season,3,3,1,Final,Final,2681,Citizens Bank Park,143,Philadelphia Phillies,PHI,6,True,135,San Diego Padres,SD,4,False,547180,Bryce Harper,Bryce,Harper,3,1992-10-16,33,"6' 1""",210,3,First Base,L,Left,R,Right,"1-3 | BB, K, 2 R",,3,1,0,0,0,0,2,1,1,0,0,0,4,1,,,,,,,,,,
2026-06-04,823457,,/api/v1.1/game/823457/feed/live,R,2026,2026-06-04,,day,P,N,N,Regular Season,3,3,1,Final,Final,2681,Citizens Bank Park,143,Philadelphia Phillies,PHI,6,True,135,San Diego Padres,SD,4,False,592663,J.T. Realmuto,Jacob,Realmuto,10,1991-03-18,35,"6' 0""",212,2,Catcher,R,Right,R,Right,0-4 | 2 K,,4,0,0,0,0,0,0,2,0,0,0,0,4,0,,,,,,,,,,
2026-06-04,823457,,/api/v1.1/game/823457/feed/live,R,2026,2026-06-04,,day,P,N,N,Regular Season,3,3,1,Final,Final,2681,Citizens Bank Park,143,Philadelphia Phillies,PHI,6,True,135,San Diego Padres,SD,4,False,554430,Zack Wheeler,Zachary,Wheeler,45,1990-05-30,36,"6' 4""",195,1,Pitcher,L,Left,R,Right,"7.0 IP, 2 ER, 8 K, 3 BB",,,,,,,,,,,,,,,,7.0,2,2,1,8,3,104,1,0,0
2026-06-04,823457,,/api/v1.1/game/823457/feed/live,R,2026,2026-06-04,,day,P,N,N,Regular Season,3,3,1,Final,Final,2681,Citizens Bank Park,143,Philadelphia Phillies,PHI,6,True,135,San Diego Padres,SD,4,False,661395,Jhoan Duran,Jhoan,Duran,59,1998-01-08,28,"6' 5""",230,1,Pitcher,R,Right,R,Right,,,,,,,,,,,,,,,,,,,,,,,,,,
2026-06-04,823457,,/api/v1.1/game/823457/feed/live,R,2026,2026-06-04,,day,P,N,N,Regular Season,3,3,1,Final,Final,2681,Citizens Bank Park,143,Philadelphia Phillies,PHI,6,True,135,San Diego Padres,SD,4,False,624641,Edmundo Sosa,Edmundo,Sosa,33,1996-03-06,30,"5' 11""",210,4,Second Base,R,Right,R,Right,,,,,,,,,,,,,,,,,,,,,,,,,,
2026-06-04,823457,,/api/v1.1/game/823457/feed/live,R,2026,2026-06-04,,day,P,N,N,Regular Season,3,3,1,Final,Final,2681,Citizens Bank Park,143,Philadelphia Phillies,PHI,6,True,135,San Diego Padres,SD,4,False,689147,Orion Kerkering,Richard,Kerkering,50,2001-04-04,25,"6' 2""",204,1,Pitcher,R,Right,R,Right,"1.0 IP, 0 ER, K, BB",,,,,,,,,,,,,,,,1.0,0,1,0,1,1,18,0,0,0
2026-06-04,823457,,/api/v1.1/game/823457/feed/live,R,2026,2026-06-04,,day,P,N,N,Regular Season,3,3,1,Final,Final,2681,Citizens Bank Park,143,Philadelphia Phillies,PHI,6,True,135,San Diego Padres,SD,4,False,664761,Alec Bohm,Alec,Bohm,28,1996-08-03,29,"6' 4""",218,5,Third Base,R,Right,R,Right,"2-4 | 2 K, RBI",,4,2,0,0,0,1,0,2,0,0,0,0,4,2,,,,,,,,,,
2026-06-04,823457,,/api/v1.1/game/823457/feed/live,R,2026,2026-06-04,,day,P,N,N,Regular Season,3,3,1,Final,Final,2681,Citizens Bank Park,143,Philadelphia Phillies,PHI,6,True,135,San Diego Padres,SD,4,False,680742,Jonathan Bowlan,Jonathan,Bowlan,52,1996-12-01,29,"6' 6""",240,1,Pitcher,R,Right,R,Right,,,,,,,,,,,,,,,,,,,,,,,,,,
2026-06-04,823457,,/api/v1.1/game/823457/feed/live,R,2026,2026-06-04,,day,P,N,N,Regular Season,3,3,1,Final,Final,2681,Citizens Bank Park,143,Philadelphia Phillies,PHI,6,True,135,San Diego Padres,SD,4,False,663767,Chase Shugart,Chase,Shugart,55,1996-10-24,29,"5' 11""",200,1,Pitcher,L,Left,R,Right,,,,,,,,,,,,,,,,,,,,,,,,,,
2026-06-04,823457,,/api/v1.1/game/823457/feed/live,R,2026,2026-06-04,,day,P,N,N,Regular Season,3,3,1,Final,Final,2681,Citizens Bank Park,143,Philadelphia Phillies,PHI,6,True,135,San Diego Padres,SD,4,False,641835,Tim Mayza,Timothy,Mayza,37,1992-01-15,34,"6' 3""",215,1,Pitcher,L,Left,L,Left,,,,,,,,,,,,,,,,,,,,,,,,,,
2026-06-04,823457,,/api/v1.1/game/823457/feed/live,R,2026,2026-06-04,,day,P,N,N,Regular Season,3,3,1,Final,Final,2681,Citizens Bank Park,143,Philadelphia Phillies,PHI,6,True,135,San Diego Padres,SD,4,False,681082,Bryson Stott,Bryson,Stott,5,1997-10-06,28,"6' 0""",200,4,Second Base,L,Left,R,Right,2-4 | RBI,,4,2,0,0,0,1,0,0,0,0,0,0,4,2,,,,,,,,,,
2026-06-04,823457,,/api/v1.1/game/823457/feed/live,R,2026,2026-06-04,,day,P,N,N,Regular Season,3,3,1,Final,Final,2681,Citizens Bank Park,143,Philadelphia Phillies,PHI,6,True,135,San Diego Padres,SD,4,False,656941,Kyle Schwarber,Kyle,Schwarber,12,1993-03-05,33,"5' 11""",229,10,Designated Hitter,L,Left,R,Right,"1-4 | BB, K",,4,1,0,0,0,0,0,1,1,0,0,0,5,1,,,,,,,,,,
2026-06-04,823457,,/api/v1.1/game/823457/feed/live,R,2026,2026-06-04,,day,P,N,N,Regular Season,3,3,1,Final,Final,2681,Citizens Bank Park,143,Philadelphia Phillies,PHI,6,True,135,San Diego Padres,SD,4,False,665561,Rafael Marchán,Rafael,Marchán,13,1999-02-25,27,"5' 9""",170,2,Catcher,S,Switch,R,Right,,,,,,,,,,,,,,,,,,,,,,,,,,
2026-06-04,823457,,/api/v1.1/game/823457/feed/live,R,2026,2026-06-04,,day,P,N,N,Regular Season,3,3,1,Final,Final,2681,Citizens Bank Park,143,Philadelphia Phillies,PHI,6,True,135,San Diego Padres,SD,4,False,596117,Garrett Stubbs,Garrett,Stubbs,21,1993-05-26,33,"5' 9""",170,2,Catcher,L,Left,R,Right,,,,,,,,,,,,,,,,,,,,,,,,,,
2026-06-04,823457,,/api/v1.1/game/823457/feed/live,R,2026,2026-06-04,,day,P,N,N,Regular Season,3,3,1,Final,Final,2681,Citizens Bank Park,143,Philadelphia Phillies,PHI,6,True,135,San Diego Padres,SD,4,False,621383,Tanner Banks,Tanner,Banks,58,1991-10-24,34,"6' 1""",205,1,Pitcher,R,Right,L,Left,,,,,,,,,,,,,,,,,,,,,,,,,,
2026-06-04,823457,,/api/v1.1/game/823457/feed/live,R,2026,2026-06-04,,day,P,N,N,Regular Season,3,3,1,Final,Final,2681,Citizens Bank Park,143,Philadelphia Phillies,PHI,6,True,135,San Diego Padres,SD,4,False,666969,Adolis García,Jose,García,53,1993-03-02,33,"6' 0""",205,9,Outfielder,R,Right,R,Right,"1-4 | HR, K, RBI",,4,1,0,0,1,1,1,1,0,0,0,0,4,4,,,,,,,,,,
2026-06-04,823457,,/api/v1.1/game/823457/feed/live,R,2026,2026-06-04,,day,P,N,N,Regular Season,3,3,1,Final,Final,2681,Citizens Bank Park,143,Philadelphia Phillies,PHI,6,True,135,San Diego Padres,SD,4,False,605400,Aaron Nola,Aaron,Nola,27,1993-06-04,33,"6' 2""",200,1,Pitcher,R,Right,R,Right,,,,,,,,,,,,,,,,,,,,,,,,,,
2026-06-04,823457,,/api/v1.1/game/823457/feed/live,R,2026,2026-06-04,,day,P,N,N,Regular Season,3,3,1,Final,Final,2681,Citizens Bank Park,143,Philadelphia Phillies,PHI,6,True,135,San Diego Padres,SD,4,False,641745,Brad Keller,Brad,Keller,40,1995-07-27,30,"6' 5""",255,1,Pitcher,R,Right,R,Right,,,,,,,,,,,,,,,,,,,,,,,,,,
2026-06-04,823457,,/api/v1.1/game/823457/feed/live,R,2026,2026-06-04,,day,P,N,N,Regular Season,3,3,1,Final,Final,2681,Citizens Bank Park,143,Philadelphia Phillies,PHI,6,True,135,San Diego Padres,SD,4,False,607208,Trea Turner,Trea,Turner,7,1993-06-30,32,"6' 1""",185,6,Shortstop,R,Right,R,Right,"1-4 | K, RBI, R",,4,1,0,0,0,1,1,1,0,1,0,0,4,1,,,,,,,,,,
2026-06-04,823457,,/api/v1.1/game/823457/feed/live,R,2026,2026-06-04,,day,P,N,N,Regular Season,3,3,1,Final,Final,2681,Citizens Bank Park,143,Philadelphia Phillies,PHI,6,True,135,San Diego Padres,SD,4,False,691725,Andrew Painter,Andrew,Painter,24,2003-04-10,23,"6' 7""",215,1,Pitcher,R,Right,R,Right,,,,,,,,,,,,,,,,,,,,,,,,,,
2026-06-04,823457,,/api/v1.1/game/823457/feed/live,R,2026,2026-06-04,,day,P,N,N,Regular Season,3,3,1,Final,Final,2681,Citizens Bank Park,143,Philadelphia Phillies,PHI,6,True,135,San Diego Padres,SD,4,False,672642,Steward Berroa,Steward,Berroa,39,1999-06-05,27,"5' 9""",193,9,Outfielder,S,Switch,R,Right,,,,,,,,,,,,,,,,,,,,,,,,,,
2026-06-04,823457,,/api/v1.1/game/823457/feed/live,R,2026,2026-06-04,,day,P,N,N,Regular Season,3,3,1,Final,Final,2681,Citizens Bank Park,143,Philadelphia Phillies,PHI,6,True,135,San Diego Padres,SD,4,False,673513,Yuki Matsui,Yuki,Matsui,1,1995-10-30,30,"5' 8""",165,1,Pitcher,L,Left,L,Left,"1.0 IP, 0 ER, 2 K, BB",,,,,,,,,,,,,,,,1.0,0,0,0,2,1,19,0,0,0
2026-06-04,823457,,/api/v1.1/game/823457/feed/live,R,2026,2026-06-04,,day,P,N,N,Regular Season,3,3,1,Final,Final,2681,Citizens Bank Park,143,Philadelphia Phillies,PHI,6,True,135,San Diego Padres,SD,4,False,666023,Freddy Fermin,Freddy,Fermin,54,1995-05-16,31,"5' 10""",200,2,Catcher,R,Right,R,Right,0-3 | K,,3,0,0,0,0,0,0,1,0,0,0,0,3,0,,,,,,,,,,
2026-06-04,823457,,/api/v1.1/game/823457/feed/live,R,2026,2026-06-04,,day,P,N,N,Regular Season,3,3,1,Final,Final,2681,Citizens Bank Park,143,Philadelphia Phillies,PHI,6,True,135,San Diego Padres,SD,4,False,650633,Michael King,Michael,King,34,1995-05-25,31,"6' 3""",210,1,Pitcher,R,Right,R,Right,,,,,,,,,,,,,,,,,,,,,,,,,,
2026-06-04,823457,,/api/v1.1/game/823457/feed/live,R,2026,2026-06-04,,day,P,N,N,Regular Season,3,3,1,Final,Final,2681,Citizens Bank Park,143,Philadelphia Phillies,PHI,6,True,135,San Diego Padres,SD,4,False,695243,Mason Miller,Mason,Miller,22,1998-08-24,27,"6' 5""",200,1,Pitcher,R,Right,R,Right,,,,,,,,,,,,,,,,,,,,,,,,,,
2026-06-04,823457,,/api/v1.1/game/823457/feed/live,R,2026,2026-06-04,,day,P,N,N,Regular Season,3,3,1,Final,Final,2681,Citizens Bank Park,143,Philadelphia Phillies,PHI,6,True,135,San Diego Padres,SD,4,False,593974,Wandy Peralta,Wandy,Peralta,58,1991-07-27,34,"6' 0""",227,1,Pitcher,L,Left,L,Left,"1.2 IP, 0 ER, K, 0 BB",,,,,,,,,,,,,,,,1.2,0,0,0,1,0,16,0,0,0
2026-06-04,823457,,/api/v1.1/game/823457/feed/live,R,2026,2026-06-04,,day,P,N,N,Regular Season,3,3,1,Final,Final,2681,Citizens Bank Park,143,Philadelphia Phillies,PHI,6,True,135,San Diego Padres,SD,4,False,621111,Walker Buehler,Walker,Buehler,10,1994-07-28,31,"6' 2""",185,1,Pitcher,R,Right,R,Right,,,,,,,,,,,,,,,,,,,,,,,,,,
2026-06-04,823457,,/api/v1.1/game/823457/feed/live,R,2026,2026-06-04,,day,P,N,N,Regular Season,3,3,1,Final,Final,2681,Citizens Bank Park,143,Philadelphia Phillies,PHI,6,True,135,San Diego Padres,SD,4,False,701538,Jackson Merrill,Jackson,Merrill,3,2003-04-19,23,"6' 2""",195,8,Outfielder,L,Left,R,Right,"1-3 | HR, BB, K",,3,1,0,0,1,2,1,1,1,0,0,0,4,4,,,,,,,,,,
2026-06-04,823457,,/api/v1.1/game/823457/feed/live,R,2026,2026-06-04,,day,P,N,N,Regular Season,3,3,1,Final,Final,2681,Citizens Bank Park,143,Philadelphia Phillies,PHI,6,True,135,San Diego Padres,SD,4,False,592094,Jason Adam,Jason,Adam,40,1991-08-04,34,"6' 3""",229,1,Pitcher,R,Right,R,Right,,,,,,,,,,,,,,,,,,,,,,,,,,
2026-06-04,823457,,/api/v1.1/game/823457/feed/live,R,2026,2026-06-04,,day,P,N,N,Regular Season,3,3,1,Final,Final,2681,Citizens Bank Park,143,Philadelphia Phillies,PHI,6,True,135,San Diego Padres,SD,4,False,656288,Griffin Canning,Griffin,Canning,17,1996-05-11,30,"6' 2""",180,1,Pitcher,R,Right,R,Right,,,,,,,,,,,,,,,,,,,,,,,,,,
2026-06-04,823457,,/api/v1.1/game/823457/feed/live,R,2026,2026-06-04,,day,P,N,N,Regular Season,3,3,1,Final,Final,2681,Citizens Bank Park,143,Philadelphia Phillies,PHI,6,True,135,San Diego Padres,SD,4,False,660710,Rodolfo Durán,Rodolfo,Durán,48,1998-02-19,28,"5' 8""",181,2,Catcher,R,Right,R,Right,,,,,,,,,,,,,,,,,,,,,,,,,,
2026-06-04,823457,,/api/v1.1/game/823457/feed/live,R,2026,2026-06-04,,day,P,N,N,Regular Season,3,3,1,Final,Final,2681,Citizens Bank Park,143,Philadelphia Phillies,PHI,6,True,135,San Diego Padres,SD,4,False,699134,Bradgley Rodriguez,Bradgley,Rodriguez,72,2003-11-16,22,"6' 1""",160,1,Pitcher,R,Right,R,Right,,,,,,,,,,,,,,,,,,,,,,,,,,
2026-06-04,823457,,/api/v1.1/game/823457/feed/live,R,2026,2026-06-04,,day,P,N,N,Regular Season,3,3,1,Final,Final,2681,Citizens Bank Park,143,Philadelphia Phillies,PHI,6,True,135,San Diego Padres,SD,4,False,823550,Sung-Mun Song,Sung-Mun,Song,24,1996-08-29,29,"6' 0""",194,4,Second Base,L,Left,R,Right,,,,,,,,,,,,,,,,,,,,,,,,,,
2026-06-04,823457,,/api/v1.1/game/823457/feed/live,R,2026,2026-06-04,,day,P,N,N,Regular Season,3,3,1,Final,Final,2681,Citizens Bank Park,143,Philadelphia Phillies,PHI,6,True,135,San Diego Padres,SD,4,False,669392,Samad Taylor,Samad,Taylor,0,1998-07-11,27,"5' 8""",160,4,Second Base,R,Right,R,Right,,,,,,,,,,,,,,,,,,,,,,,,,,
2026-06-04,823457,,/api/v1.1/game/823457/feed/live,R,2026,2026-06-04,,day,P,N,N,Regular Season,3,3,1,Final,Final,2681,Citizens Bank Park,143,Philadelphia Phillies,PHI,6,True,135,San Diego Padres,SD,4,False,669093,Jeremiah Estrada,Jeremiah,Estrada,56,1998-11-01,27,"6' 1""",185,1,Pitcher,S,Switch,R,Right,,,,,,,,,,,,,,,,,,,,,,,,,,
2026-06-04,823457,,/api/v1.1/game/823457/feed/live,R,2026,2026-06-04,,day,P,N,N,Regular Season,3,3,1,Final,Final,2681,Citizens Bank Park,143,Philadelphia Phillies,PHI,6,True,135,San Diego Padres,SD,4,False,657757,Gavin Sheets,Gavin,Sheets,30,1996-04-23,30,"6' 3""",235,3,First Base,L,Left,L,Left,"0-2 | 2 BB, K, R",,2,0,0,0,0,0,1,1,2,0,0,0,4,0,,,,,,,,,,
2026-06-04,823457,,/api/v1.1/game/823457/feed/live,R,2026,2026-06-04,,day,P,N,N,Regular Season,3,3,1,Final,Final,2681,Citizens Bank Park,143,Philadelphia Phillies,PHI,6,True,135,San Diego Padres,SD,4,False,670970,Adrian Morejon,Adrian,Morejon,50,1999-02-27,27,"5' 11""",224,1,Pitcher,L,Left,L,Left,"0.1 IP, 3 ER, 0 K, BB",,,,,,,,,,,,,,,,0.1,3,3,0,0,1,28,0,0,0
2026-06-04,823457,,/api/v1.1/game/823457/feed/live,R,2026,2026-06-04,,day,P,N,N,Regular Season,3,3,1,Final,Final,2681,Citizens Bank Park,143,Philadelphia Phillies,PHI,6,True,135,San Diego Padres,SD,4,False,592518,Manny Machado,Manuel,Machado,13,1992-07-06,33,"6' 2""",218,5,Third Base,R,Right,R,Right,"1-4 | HR, 2 K, 2 RBI",,4,1,0,0,1,2,1,2,0,0,0,0,4,4,,,,,,,,,,
2026-06-04,823457,,/api/v1.1/game/823457/feed/live,R,2026,2026-06-04,,day,P,N,N,Regular Season,3,3,1,Final,Final,2681,Citizens Bank Park,143,Philadelphia Phillies,PHI,6,True,135,San Diego Padres,SD,4,False,609280,Miguel Andujar,Miguel,Andujar,41,1995-03-02,31,"6' 0""",211,10,Designated Hitter,R,Right,R,Right,0-4 | K,,4,0,0,0,0,0,0,1,0,0,0,0,4,0,,,,,,,,,,
2026-06-04,823457,,/api/v1.1/game/823457/feed/live,R,2026,2026-06-04,,day,P,N,N,Regular Season,3,3,1,Final,Final,2681,Citizens Bank Park,143,Philadelphia Phillies,PHI,6,True,135,San Diego Padres,SD,4,False,665487,Fernando Tatis Jr.,Fernando,Tatis,23,1999-01-02,27,"6' 3""",217,9,Outfielder,R,Right,R,Right,0-4,,4,0,0,0,0,0,0,0,0,0,0,1,4,0,,,,,,,,,,
2026-06-04,823457,,/api/v1.1/game/823457/feed/live,R,2026,2026-06-04,,day,P,N,N,Regular Season,3,3,1,Final,Final,2681,Citizens Bank Park,143,Philadelphia Phillies,PHI,6,True,135,San Diego Padres,SD,4,False,664034,Ty France,Tyler,France,25,1994-07-13,31,"5' 10""",215,3,First Base,R,Right,R,Right,"0-2 | 2 BB, K, R",,2,0,0,0,0,0,1,1,2,0,0,0,4,0,,,,,,,,,,
2026-06-04,823457,,/api/v1.1/game/823457/feed/live,R,2026,2026-06-04,,day,P,N,N,Regular Season,3,3,1,Final,Final,2681,Citizens Bank Park,143,Philadelphia Phillies,PHI,6,True,135,San Diego Padres,SD,4,False,669369,Bryce Johnson,Bryce,Johnson,29,1995-10-27,30,"5' 11""",190,9,Outfielder,S,Switch,R,Right,2-3 | K,,3,2,0,0,0,0,0,1,0,0,0,0,3,2,,,,,,,,,,
2026-06-04,823457,,/api/v1.1/game/823457/feed/live,R,2026,2026-06-04,,day,P,N,N,Regular Season,3,3,1,Final,Final,2681,Citizens Bank Park,143,Philadelphia Phillies,PHI,6,True,135,San Diego Padres,SD,4,False,593428,Xander Bogaerts,Xander,Bogaerts,2,1992-10-01,33,"6' 2""",218,6,Shortstop,R,Right,R,Right,0-4 | K,,4,0,0,0,0,0,0,1,0,0,0,0,4,0,,,,,,,,,,
2026-06-04,823457,,/api/v1.1/game/823457/feed/live,R,2026,2026-06-04,,day,P,N,N,Regular Season,3,3,1,Final,Final,2681,Citizens Bank Park,143,Philadelphia Phillies,PHI,6,True,135,San Diego Padres,SD,4,False,687749,Jase Bowen,Jase,Bowen,4,2000-09-02,25,"6' 0""",215,8,Outfielder,R,Right,R,Right,0-1 | K,,1,0,0,0,0,0,0,1,0,0,0,0,1,0,,,,,,,,,,
2026-06-04,823457,,/api/v1.1/game/823457/feed/live,R,2026,2026-06-04,,day,P,N,N,Regular Season,3,3,1,Final,Final,2681,Citizens Bank Park,143,Philadelphia Phillies,PHI,6,True,135,San Diego Padres,SD,4,False,676760,Ron Marinaccio,Ronald,Marinaccio,97,1995-07-01,30,"6' 2""",205,1,Pitcher,R,Right,R,Right,"1.0 IP, 0 ER, 2 K, 0 BB",,,,,,,,,,,,,,,,1.0,0,1,0,2,0,15,0,0,0
2026-06-04,823457,,/api/v1.1/game/823457/feed/live,R,2026,2026-06-04,,day,P,N,N,Regular Season,3,3,1,Final,Final,2681,Citizens Bank Park,143,Philadelphia Phillies,PHI,6,True,135,San Diego Padres,SD,4,False,608337,Lucas Giolito,Lucas,Giolito,55,1994-07-14,31,"6' 6""",245,1,Pitcher,R,Right,R,Right,"4.0 IP, 2 ER, 5 K, BB",,,,,,,,,,,,,,,,4.0,2,6,1,5,1,74,0,1,0
2026-06-04,823457,,/api/v1.1/game/823457/feed/live,R,2026,2026-06-04,,day,P,N,N,Regular Season,3,3,1,Final,Final,2681,Citizens Bank Park,143,Philadelphia Phillies,PHI,6,True,135,San Diego Padres,SD,4,False,681190,Randy Vásquez,Randy,Vásquez,98,1998-11-03,27,"6' 0""",165,1,Pitcher,R,Right,R,Right,,,,,,,,,,,,,,,,,,,,,,,,,,
2026-06-04,824753,,/api/v1.1/game/824753/feed/live,R,2026,2026-06-04,,day,P,N,N,Regular Season,3,3,1,Final,Final,3,Fenway Park,111,Boston Red Sox,BOS,2,False,110,Baltimore Orioles,BAL,8,True,575929,Willson Contreras,Willson,Contreras,40,1992-05-13,34,"6' 0""",240,3,First Base,R,Right,R,Right,"2-4 | HR, K, 2 RBI",,4,2,0,0,1,2,1,1,0,0,0,0,4,5,,,,,,,,,,
2026-06-04,824753,,/api/v1.1/game/824753/feed/live,R,2026,2026-06-04,,day,P,N,N,Regular Season,3,3,1,Final,Final,3,Fenway Park,111,Boston Red Sox,BOS,2,False,110,Baltimore Orioles,BAL,8,True,594027,Tyron Guerrero,Tayron,Guerrero,41,1991-01-09,35,"6' 8""",225,1,Pitcher,R,Right,R,Right,,,,,,,,,,,,,,,,,,,,,,,,,,
2026-06-04,824753,,/api/v1.1/game/824753/feed/live,R,2026,2026-06-04,,day,P,N,N,Regular Season,3,3,1,Final,Final,3,Fenway Park,111,Boston Red Sox,BOS,2,False,110,Baltimore Orioles,BAL,8,True,813349,Connelly Early,Todd,Early,71,2002-04-03,24,"6' 3""",195,1,Pitcher,L,Left,L,Left,,,,,,,,,,,,,,,,,,,,,,,,,,
2026-06-04,824753,,/api/v1.1/game/824753/feed/live,R,2026,2026-06-04,,day,P,N,N,Regular Season,3,3,1,Final,Final,3,Fenway Park,111,Boston Red Sox,BOS,2,False,110,Baltimore Orioles,BAL,8,True,669711,Greg Weissert,Gregory,Weissert,57,1995-02-04,31,"6' 2""",235,1,Pitcher,R,Right,R,Right,,,,,,,,,,,,,,,,,,,,,,,,,,
2026-06-04,824753,,/api/v1.1/game/824753/feed/live,R,2026,2026-06-04,,day,P,N,N,Regular Season,3,3,1,Final,Final,3,Fenway Park,111,Boston Red Sox,BOS,2,False,110,Baltimore Orioles,BAL,8,True,678011,Anthony Seigler,Anthony,Seigler,48,1999-06-20,26,"5' 9""",192,4,Second Base,L,Left,S,Switch,0-2 | K,,2,0,0,0,0,0,0,1,0,0,0,0,2,0,,,,,,,,,,
2026-06-04,824753,,/api/v1.1/game/824753/feed/live,R,2026,2026-06-04,,day,P,N,N,Regular Season,3,3,1,Final,Final,3,Fenway Park,111,Boston Red Sox,BOS,2,False,110,Baltimore Orioles,BAL,8,True,657136,Connor Wong,Connor,Wong,12,1996-05-19,30,"5' 10""",190,2,Catcher,R,Right,R,Right,1-3,,3,1,0,0,0,0,0,0,0,0,0,0,3,1,,,,,,,,,,
2026-06-04,824753,,/api/v1.1/game/824753/feed/live,R,2026,2026-06-04,,day,P,N,N,Regular Season,3,3,1,Final,Final,3,Fenway Park,111,Boston Red Sox,BOS,2,False,110,Baltimore Orioles,BAL,8,True,678394,Brayan Bello,Brayan,Bello,66,1999-05-17,27,"6' 1""",195,1,Pitcher,R,Right,R,Right,"5.0 IP, 8 ER, 4 K, 3 BB",,,,,,,,,,,,,,,,5.0,8,7,0,4,3,108,0,1,0
2026-06-04,824753,,/api/v1.1/game/824753/feed/live,R,2026,2026-06-04,,day,P,N,N,Regular Season,3,3,1,Final,Final,3,Fenway Park,111,Boston Red Sox,BOS,2,False,110,Baltimore Orioles,BAL,8,True,677800,Wilyer Abreu,Wilyer,Abreu,52,1999-06-24,26,"5' 10""",215,9,Outfielder,L,Left,L,Left,1-3 | BB,,3,1,0,0,0,0,0,0,1,0,0,0,4,1,,,,,,,,,,
2026-06-04,824753,,/api/v1.1/game/824753/feed/live,R,2026,2026-06-04,,day,P,N,N,Regular Season,3,3,1,Final,Final,3,Fenway Park,111,Boston Red Sox,BOS,2,False,110,Baltimore Orioles,BAL,8,True,655316,Andruw Monasterio,Andruw,Monasterio,32,1997-05-30,29,"5' 11""",195,6,Shortstop,R,Right,R,Right,1-2 | 2B,,2,1,1,0,0,0,0,0,0,0,0,0,2,2,,,,,,,,,,
2026-06-04,824753,,/api/v1.1/game/824753/feed/live,R,2026,2026-06-04,,day,P,N,N,Regular Season,3,3,1,Final,Final,3,Fenway Park,111,Boston Red Sox,BOS,2,False,110,Baltimore Orioles,BAL,8,True,543243,Sonny Gray,Sonny,Gray,54,1989-11-07,36,"5' 10""",190,1,Pitcher,R,Right,R,Right,,,,,,,,,,,,,,,,,,,,,,,,,,
2026-06-04,824753,,/api/v1.1/game/824753/feed/live,R,2026,2026-06-04,,day,P,N,N,Regular Season,3,3,1,Final,Final,3,Fenway Park,111,Boston Red Sox,BOS,2,False,110,Baltimore Orioles,BAL,8,True,643396,Isiah Kiner-Falefa,Isiah,Kiner-Falefa,2,1995-03-23,31,"5' 10""",195,4,Second Base,R,Right,R,Right,0-4,,4,0,0,0,0,0,0,0,0,0,0,0,4,0,,,,,,,,,,
2026-06-04,824753,,/api/v1.1/game/824753/feed/live,R,2026,2026-06-04,,day,P,N,N,Regular Season,3,3,1,Final,Final,3,Fenway Park,111,Boston Red Sox,BOS,2,False,110,Baltimore Orioles,BAL,8,True,686580,Justin Slaten,Justin,Slaten,63,1997-09-15,28,"6' 4""",222,1,Pitcher,R,Right,R,Right,,,,,,,,,,,,,,,,,,,,,,,,,,
2026-06-04,824753,,/api/v1.1/game/824753/feed/live,R,2026,2026-06-04,,day,P,N,N,Regular Season,3,3,1,Final,Final,3,Fenway Park,111,Boston Red Sox,BOS,2,False,110,Baltimore Orioles,BAL,8,True,681508,Mickey Gasper,Michael,Gasper,30,1995-10-11,30,"5' 9""",205,2,Catcher,S,Switch,R,Right,,,,,,,,,,,,,,,,,,,,,,,,,,
2026-06-04,824753,,/api/v1.1/game/824753/feed/live,R,2026,2026-06-04,,day,P,N,N,Regular Season,3,3,1,Final,Final,3,Fenway Park,111,Boston Red Sox,BOS,2,False,110,Baltimore Orioles,BAL,8,True,702332,Caleb Durbin,Caleb,Durbin,5,2000-02-22,26,"5' 6""",183,5,Third Base,R,Right,R,Right,1-4,,4,1,0,0,0,0,0,0,0,0,0,0,4,1,,,,,,,,,,
2026-06-04,824753,,/api/v1.1/game/824753/feed/live,R,2026,2026-06-04,,day,P,N,N,Regular Season,3,3,1,Final,Final,3,Fenway Park,111,Boston Red Sox,BOS,2,False,110,Baltimore Orioles,BAL,8,True,624133,Ranger Suarez,Ranger,Suarez,55,1995-08-26,30,"6' 1""",217,1,Pitcher,L,Left,L,Left,,,,,,,,,,,,,,,,,,,,,,,,,,
2026-06-04,824753,,/api/v1.1/game/824753/feed/live,R,2026,2026-06-04,,day,P,N,N,Regular Season,3,3,1,Final,Final,3,Fenway Park,111,Boston Red Sox,BOS,2,False,110,Baltimore Orioles,BAL,8,True,592454,Tommy Kahnle,Thomas,Kahnle,46,1989-08-07,36,"6' 1""",230,1,Pitcher,R,Right,R,Right,"2.0 IP, 0 ER, K, 2 BB",,,,,,,,,,,,,,,,2.0,0,2,0,1,2,34,0,0,0
2026-06-04,824753,,/api/v1.1/game/824753/feed/live,R,2026,2026-06-04,,day,P,N,N,Regular Season,3,3,1,Final,Final,3,Fenway Park,111,Boston Red Sox,BOS,2,False,110,Baltimore Orioles,BAL,8,True,665966,Carlos Narváez,Carlos,Narváez,75,1998-11-26,27,"5' 11""",190,2,Catcher,R,Right,R,Right,0-3 | K,,3,0,0,0,0,0,0,1,0,0,0,1,3,0,,,,,,,,,,
2026-06-04,824753,,/api/v1.1/game/824753/feed/live,R,2026,2026-06-04,,day,P,N,N,Regular Season,3,3,1,Final,Final,3,Fenway Park,111,Boston Red Sox,BOS,2,False,110,Baltimore Orioles,BAL,8,True,680776,Jarren Duran,Jarren,Duran,16,1996-09-05,29,"6' 0""",205,7,Outfielder,L,Left,R,Right,0-4 | K,,4,0,0,0,0,0,0,1,0,0,0,0,4,0,,,,,,,,,,
2026-06-04,824753,,/api/v1.1/game/824753/feed/live,R,2026,2026-06-04,,day,P,N,N,Regular Season,3,3,1,Final,Final,3,Fenway Park,111,Boston Red Sox,BOS,2,False,110,Baltimore Orioles,BAL,8,True,801139,Payton Tolle,Payton,Tolle,70,2002-11-01,23,"6' 6""",250,1,Pitcher,L,Left,L,Left,,,,,,,,,,,,,,,,,,,,,,,,,,
2026-06-04,824753,,/api/v1.1/game/824753/feed/live,R,2026,2026-06-04,,day,P,N,N,Regular Season,3,3,1,Final,Final,3,Fenway Park,111,Boston Red Sox,BOS,2,False,110,Baltimore Orioles,BAL,8,True,678882,Ceddanne Rafaela,Ceddanne,Rafaela,3,2000-09-18,25,"5' 10""",165,8,Outfielder,R,Right,R,Right,"1-4 | 2 K, R",,4,1,0,0,0,0,1,2,0,0,0,0,4,1,,,,,,,,,,
2026-06-04,824753,,/api/v1.1/game/824753/feed/live,R,2026,2026-06-04,,day,P,N,N,Regular Season,3,3,1,Final,Final,3,Fenway Park,111,Boston Red Sox,BOS,2,False,110,Baltimore Orioles,BAL,8,True,663558,Jovani Morán,Jovani,Moran,47,1997-04-24,29,"6' 1""",167,1,Pitcher,L,Left,L,Left,"2.0 IP, 0 ER, 3 K, BB",,,,,,,,,,,,,,,,2.0,0,1,0,3,1,31,0,0,0
2026-06-04,824753,,/api/v1.1/game/824753/feed/live,R,2026,2026-06-04,,day,P,N,N,Regular Season,3,3,1,Final,Final,3,Fenway Park,111,Boston Red Sox,BOS,2,False,110,Baltimore Orioles,BAL,8,True,807799,Masataka Yoshida,Masataka,Yoshida,7,1993-07-15,32,"5' 8""",192,10,Designated Hitter,L,Left,R,Right,,,,,,,,,,,,,,,,,,,,,,,,,,
2026-06-04,824753,,/api/v1.1/game/824753/feed/live,R,2026,2026-06-04,,day,P,N,N,Regular Season,3,3,1,Final,Final,3,Fenway Park,111,Boston Red Sox,BOS,2,False,110,Baltimore Orioles,BAL,8,True,543056,Danny Coulombe,Daniel,Coulombe,67,1989-10-26,36,"5' 10""",190,1,Pitcher,L,Left,L,Left,,,,,,,,,,,,,,,,,,,,,,,,,,
2026-06-04,824753,,/api/v1.1/game/824753/feed/live,R,2026,2026-06-04,,day,P,N,N,Regular Season,3,3,1,Final,Final,3,Fenway Park,111,Boston Red Sox,BOS,2,False,110,Baltimore Orioles,BAL,8,True,691785,Marcelo Mayer,Marcelo,Mayer,11,2002-12-12,23,"6' 3""",188,4,Second Base,L,Left,R,Right,,,,,,,,,,,,,,,,,,,,,,,,,,
2026-06-04,824753,,/api/v1.1/game/824753/feed/live,R,2026,2026-06-04,,day,P,N,N,Regular Season,3,3,1,Final,Final,3,Fenway Park,111,Boston Red Sox,BOS,2,False,110,Baltimore Orioles,BAL,8,True,547973,Aroldis Chapman,Albertin,Chapman,44,1988-02-28,38,"6' 4""",235,1,Pitcher,L,Left,L,Left,,,,,,,,,,,,,,,,,,,,,,,,,,
2026-06-04,824753,,/api/v1.1/game/824753/feed/live,R,2026,2026-06-04,,day,P,N,N,Regular Season,3,3,1,Final,Final,3,Fenway Park,111,Boston Red Sox,BOS,2,False,110,Baltimore Orioles,BAL,8,True,670245,Ryan Watson,Ryan,Watson,56,1997-11-15,28,"6' 5""",225,1,Pitcher,R,Right,R,Right,,,,,,,,,,,,,,,,,,,,,,,,,,
2026-06-04,824753,,/api/v1.1/game/824753/feed/live,R,2026,2026-06-04,,day,P,N,N,Regular Season,3,3,1,Final,Final,3,Fenway Park,111,Boston Red Sox,BOS,2,False,110,Baltimore Orioles,BAL,8,True,669236,Jeremiah Jackson,Jeremiah,Jackson,82,2000-03-26,26,"5' 11""",200,4,Second Base,R,Right,R,Right,,,,,,,,,,,,,,,,,,,,,,,,,,
2026-06-04,824753,,/api/v1.1/game/824753/feed/live,R,2026,2026-06-04,,day,P,N,N,Regular Season,3,3,1,Final,Final,3,Fenway Park,111,Boston Red Sox,BOS,2,False,110,Baltimore Orioles,BAL,8,True,669211,Keegan Akin,Keegan,Akin,45,1995-04-01,31,"6' 0""",235,1,Pitcher,L,Left,L,Left,"1.0 IP, 0 ER, K, 0 BB",,,,,,,,,,,,,,,,1.0,0,1,0,1,0,18,0,0,0
2026-06-04,824753,,/api/v1.1/game/824753/feed/live,R,2026,2026-06-04,,day,P,N,N,Regular Season,3,3,1,Final,Final,3,Fenway Park,111,Boston Red Sox,BOS,2,False,110,Baltimore Orioles,BAL,8,True,694212,Samuel Basallo,Samuel,Basallo,29,2004-08-13,21,"6' 4""",250,2,Catcher,L,Left,R,Right,"1-4 | 2B, BB, K",,4,1,1,0,0,1,2,1,1,0,0,0,5,2,,,,,,,,,,
2026-06-04,824753,,/api/v1.1/game/824753/feed/live,R,2026,2026-06-04,,day,P,N,N,Regular Season,3,3,1,Final,Final,3,Fenway Park,111,Boston Red Sox,BOS,2,False,110,Baltimore Orioles,BAL,8,True,669432,Trevor Rogers,Trevor,Rogers,28,1997-11-13,28,"6' 5""",230,1,Pitcher,L,Left,L,Left,"5.2 IP, ER, 3 K, BB",,,,,,,,,,,,,,,,5.2,1,5,0,3,1,87,1,0,0
2026-06-04,824753,,/api/v1.1/game/824753/feed/live,R,2026,2026-06-04,,day,P,N,N,Regular Season,3,3,1,Final,Final,3,Fenway Park,111,Boston Red Sox,BOS,2,False,110,Baltimore Orioles,BAL,8,True,669330,Tyler Wells,Tyler,Wells,68,1994-08-26,31,"6' 8""",270,1,Pitcher,R,Right,R,Right,"1.0 IP, 0 ER, K, 0 BB",,,,,,,,,,,,,,,,1.0,0,0,0,1,0,12,0,0,0
2026-06-04,824753,,/api/v1.1/game/824753/feed/live,R,2026,2026-06-04,,day,P,N,N,Regular Season,3,3,1,Final,Final,3,Fenway Park,111,Boston Red Sox,BOS,2,False,110,Baltimore Orioles,BAL,8,True,670329,Rico Garcia,Joshua,Garcia,50,1994-01-10,32,"5' 9""",215,1,Pitcher,R,Right,R,Right,,,,,,,,,,,,,,,,,,,,,,,,,,
2026-06-04,824753,,/api/v1.1/game/824753/feed/live,R,2026,2026-06-04,,day,P,N,N,Regular Season,3,3,1,Final,Final,3,Fenway Park,111,Boston Red Sox,BOS,2,False,110,Baltimore Orioles,BAL,8,True,687064,Brandon Young,Brandon,Young,63,1998-08-19,27,"6' 6""",230,1,Pitcher,R,Right,R,Right,,,,,,,,,,,,,,,,,,,,,,,,,,
2026-06-04,824753,,/api/v1.1/game/824753/feed/live,R,2026,2026-06-04,,day,P,N,N,Regular Season,3,3,1,Final,Final,3,Fenway Park,111,Boston Red Sox,BOS,2,False,110,Baltimore Orioles,BAL,8,True,642215,Weston Wilson,Weston,Wilson,32,1994-09-11,31,"6' 3""",215,5,Third Base,R,Right,R,Right,,,,,,,,,,,,,,,,,,,,,,,,,,
2026-06-04,824753,,/api/v1.1/game/824753/feed/live,R,2026,2026-06-04,,day,P,N,N,Regular Season,3,3,1,Final,Final,3,Fenway Park,111,Boston Red Sox,BOS,2,False,110,Baltimore Orioles,BAL,8,True,683002,Gunnar Henderson,Gunnar,Henderson,2,2001-06-29,24,"6' 3""",230,6,Shortstop,L,Left,R,Right,"0-3 | BB, HBP, R",,3,0,0,0,0,0,1,0,1,0,0,0,5,0,,,,,,,,,,
2026-06-04,824753,,/api/v1.1/game/824753/feed/live,R,2026,2026-06-04,,day,P,N,N,Regular Season,3,3,1,Final,Final,3,Fenway Park,111,Boston Red Sox,BOS,2,False,110,Baltimore Orioles,BAL,8,True,665750,Leody Taveras,Leody,Taveras,30,1998-09-08,27,"6' 2""",210,8,Outfielder,S,Switch,R,Right,"1-5 | K, RBI, R",,5,1,0,0,0,1,1,1,0,1,0,0,5,1,,,,,,,,,,
2026-06-04,824753,,/api/v1.1/game/824753/feed/live,R,2026,2026-06-04,,day,P,N,N,Regular Season,3,3,1,Final,Final,3,Fenway Park,111,Boston Red Sox,BOS,2,False,110,Baltimore Orioles,BAL,8,True,621493,Taylor Ward,Joseph,Ward,3,1993-12-14,32,"6' 0""",205,7,Outfielder,R,Right,R,Right,"3-5 | 2B, RBI, R",,5,3,1,0,0,1,1,0,0,0,0,0,5,4,,,,,,,,,,
2026-06-04,824753,,/api/v1.1/game/824753/feed/live,R,2026,2026-06-04,,day,P,N,N,Regular Season,3,3,1,Final,Final,3,Fenway Park,111,Boston Red Sox,BOS,2,False,110,Baltimore Orioles,BAL,8,True,669358,Shane Baz,Shane,Baz,34,1999-06-17,26,"6' 3""",200,1,Pitcher,R,Right,R,Right,,,,,,,,,,,,,,,,,,,,,,,,,,
2026-06-04,824753,,/api/v1.1/game/824753/feed/live,R,2026,2026-06-04,,day,P,N,N,Regular Season,3,3,1,Final,Final,3,Fenway Park,111,Boston Red Sox,BOS,2,False,110,Baltimore Orioles,BAL,8,True,680694,Kyle Bradish,Kyle,Bradish,38,1996-09-12,29,"6' 3""",215,1,Pitcher,R,Right,R,Right,,,,,,,,,,,,,,,,,,,,,,,,,,
2026-06-04,824753,,/api/v1.1/game/824753/feed/live,R,2026,2026-06-04,,day,P,N,N,Regular Season,3,3,1,Final,Final,3,Fenway Park,111,Boston Red Sox,BOS,2,False,110,Baltimore Orioles,BAL,8,True,544150,Albert Suárez,Albert,Suárez,49,1989-10-08,36,"6' 3""",235,1,Pitcher,R,Right,R,Right,,,,,,,,,,,,,,,,,,,,,,,,,,
2026-06-04,824753,,/api/v1.1/game/824753/feed/live,R,2026,2026-06-04,,day,P,N,N,Regular Season,3,3,1,Final,Final,3,Fenway Park,111,Boston Red Sox,BOS,2,False,110,Baltimore Orioles,BAL,8,True,605135,Chris Bassitt,Christopher,Bassitt,40,1989-02-22,37,"6' 5""",220,1,Pitcher,R,Right,R,Right,,,,,,,,,,,,,,,,,,,,,,,,,,
2026-06-04,824753,,/api/v1.1/game/824753/feed/live,R,2026,2026-06-04,,day,P,N,N,Regular Season,3,3,1,Final,Final,3,Fenway Park,111,Boston Red Sox,BOS,2,False,110,Baltimore Orioles,BAL,8,True,668939,Adley Rutschman,Adley,Rutschman,35,1998-02-06,28,"6' 1""",230,2,Catcher,S,Switch,R,Right,"1-5 | K, RBI",,5,1,0,0,0,1,0,1,0,0,0,0,5,1,,,,,,,,,,
2026-06-04,824753,,/api/v1.1/game/824753/feed/live,R,2026,2026-06-04,,day,P,N,N,Regular Season,3,3,1,Final,Final,3,Fenway Park,111,Boston Red Sox,BOS,2,False,110,Baltimore Orioles,BAL,8,True,641933,Tyler O'Neill,Tyler,O'Neill,9,1995-06-22,30,"5' 9""",200,9,Outfielder,R,Right,R,Right,,,,,,,,,,,,,,,,,,,,,,,,,,
2026-06-04,824753,,/api/v1.1/game/824753/feed/live,R,2026,2026-06-04,,day,P,N,N,Regular Season,3,3,1,Final,Final,3,Fenway Park,111,Boston Red Sox,BOS,2,False,110,Baltimore Orioles,BAL,8,True,677942,Blaze Alexander,Blaze,Alexander,23,1999-06-11,26,"5' 11""",200,5,Third Base,R,Right,R,Right,,,,,,,,,,,,,,,,,,,,,,,,,,
2026-06-04,824753,,/api/v1.1/game/824753/feed/live,R,2026,2026-06-04,,day,P,N,N,Regular Season,3,3,1,Final,Final,3,Fenway Park,111,Boston Red Sox,BOS,2,False,110,Baltimore Orioles,BAL,8,True,689296,Anthony Nunez,Anthony,Nunez,66,2001-07-10,24,"6' 2""",220,1,Pitcher,S,Switch,R,Right,,,,,,,,,,,,,,,,,,,,,,,,,,
2026-06-04,824753,,/api/v1.1/game/824753/feed/live,R,2026,2026-06-04,,day,P,N,N,Regular Season,3,3,1,Final,Final,3,Fenway Park,111,Boston Red Sox,BOS,2,False,110,Baltimore Orioles,BAL,8,True,624413,Pete Alonso,Peter,Alonso,25,1994-12-07,31,"6' 3""",245,3,First Base,R,Right,R,Right,"2-4 | BB, K, R",,4,2,0,0,0,0,1,1,1,0,0,1,5,2,,,,,,,,,,
2026-06-04,824753,,/api/v1.1/game/824753/feed/live,R,2026,2026-06-04,,day,P,N,N,Regular Season,3,3,1,Final,Final,3,Fenway Park,111,Boston Red Sox,BOS,2,False,110,Baltimore Orioles,BAL,8,True,702616,Jackson Holliday,Jackson,Holliday,7,2003-12-04,22,"5' 11""",200,4,Second Base,L,Left,R,Right,0-2 | 2 BB,,2,0,0,0,0,0,0,0,2,0,0,0,4,0,,,,,,,,,,
2026-06-04,824753,,/api/v1.1/game/824753/feed/live,R,2026,2026-06-04,,day,P,N,N,Regular Season,3,3,1,Final,Final,3,Fenway Park,111,Boston Red Sox,BOS,2,False,110,Baltimore Orioles,BAL,8,True,552640,Andrew Kittredge,Andrew,Kittredge,39,1990-03-17,36,"6' 1""",235,1,Pitcher,R,Right,R,Right,"1.0 IP, ER, K, 0 BB",,,,,,,,,,,,,,,,1.0,1,1,1,1,0,9,0,0,0
2026-06-04,824753,,/api/v1.1/game/824753/feed/live,R,2026,2026-06-04,,day,P,N,N,Regular Season,3,3,1,Final,Final,3,Fenway Park,111,Boston Red Sox,BOS,2,False,110,Baltimore Orioles,BAL,8,True,664991,Grant Wolfram,Grant,Wolfram,48,1996-12-12,29,"6' 7""",250,1,Pitcher,L,Left,L,Left,,,,,,,,,,,,,,,,,,,,,,,,,,
2026-06-04,824753,,/api/v1.1/game/824753/feed/live,R,2026,2026-06-04,,day,P,N,N,Regular Season,3,3,1,Final,Final,3,Fenway Park,111,Boston Red Sox,BOS,2,False,110,Baltimore Orioles,BAL,8,True,666974,Yennier Cano,Yennier,Cano,78,1994-03-09,32,"6' 4""",245,1,Pitcher,R,Right,R,Right,"0.1 IP, 0 ER, 0 K, 0 BB",,,,,,,,,,,,,,,,0.1,0,0,0,0,0,1,0,0,0
2026-06-04,824753,,/api/v1.1/game/824753/feed/live,R,2026,2026-06-04,,day,P,N,N,Regular Season,3,3,1,Final,Final,3,Fenway Park,111,Boston Red Sox,BOS,2,False,110,Baltimore Orioles,BAL,8,True,681297,Colton Cowser,Colton,Cowser,17,2000-03-20,26,"6' 3""",220,9,Outfielder,L,Left,R,Right,"1-3 | BB, 2 K, RBI",,3,1,0,0,0,1,1,2,1,0,0,0,5,1,,,,,,,,,,
2026-06-04,824753,,/api/v1.1/game/824753/feed/live,R,2026,2026-06-04,,day,P,N,N,Regular Season,3,3,1,Final,Final,3,Fenway Park,111,Boston Red Sox,BOS,2,False,110,Baltimore Orioles,BAL,8,True,691723,Coby Mayo,Coby,Mayo,16,2001-12-10,24,"6' 5""",225,5,Third Base,R,Right,R,Right,"1-4 | 2B, 2 K, 3 RBI",,4,1,1,0,0,3,1,2,0,0,0,0,4,2,,,,,,,,,,
2026-06-04,823542,,/api/v1.1/game/823542/feed/live,R,2026,2026-06-04,,day,P,N,N,Regular Season,3,3,1,Final,Final,3313,Yankee Stadium,147,New York Yankees,NYY,2,True,114,Cleveland Guardians,CLE,1,False,621112,Paul Blackburn,Paul,Blackburn,58,1993-12-04,32,"6' 1""",196,1,Pitcher,R,Right,R,Right,,,,,,,,,,,,,,,,,,,,,,,,,,
2026-06-04,823542,,/api/v1.1/game/823542/feed/live,R,2026,2026-06-04,,day,P,N,N,Regular Season,3,3,1,Final,Final,3313,Yankee Stadium,147,New York Yankees,NYY,2,True,114,Cleveland Guardians,CLE,1,False,676609,José Caballero,José,Caballero,72,1996-08-30,29,"5' 9""",190,6,Shortstop,R,Right,R,Right,0-3,,3,0,0,0,0,0,0,0,0,0,0,0,3,0,,,,,,,,,,
2026-06-04,823542,,/api/v1.1/game/823542/feed/live,R,2026,2026-06-04,,day,P,N,N,Regular Season,3,3,1,Final,Final,3313,Yankee Stadium,147,New York Yankees,NYY,2,True,114,Cleveland Guardians,CLE,1,False,607074,Carlos Rodón,Carlos,Rodón,55,1992-12-10,33,"6' 2""",255,1,Pitcher,L,Left,L,Left,"6.0 IP, ER, 7 K, 3 BB",,,,,,,,,,,,,,,,6.0,1,2,0,7,3,96,0,0,0
2026-06-04,823542,,/api/v1.1/game/823542/feed/live,R,2026,2026-06-04,,day,P,N,N,Regular Season,3,3,1,Final,Final,3313,Yankee Stadium,147,New York Yankees,NYY,2,True,114,Cleveland Guardians,CLE,1,False,642232,Ryan Yarbrough,Ryan,Yarbrough,33,1991-12-31,34,"6' 5""",205,1,Pitcher,R,Right,L,Left,,,,,,,,,,,,,,,,,,,,,,,,,,
2026-06-04,823542,,/api/v1.1/game/823542/feed/live,R,2026,2026-06-04,,day,P,N,N,Regular Season,3,3,1,Final,Final,3313,Yankee Stadium,147,New York Yankees,NYY,2,True,114,Cleveland Guardians,CLE,1,False,680474,Max Schuemann,Maxwell,Schuemann,30,1997-06-11,28,"6' 0""",198,6,Shortstop,R,Right,R,Right,0-3 | K,,3,0,0,0,0,0,0,1,0,0,0,0,3,0,,,,,,,,,,
2026-06-04,823542,,/api/v1.1/game/823542/feed/live,R,2026,2026-06-04,,day,P,N,N,Regular Season,3,3,1,Final,Final,3313,Yankee Stadium,147,New York Yankees,NYY,2,True,114,Cleveland Guardians,CLE,1,False,642708,Amed Rosario,German,Rosario,14,1995-11-20,30,"6' 1""",227,5,Third Base,R,Right,R,Right,,,,,,,,,,,,,,,,,,,,,,,,,,
2026-06-04,823542,,/api/v1.1/game/823542/feed/live,R,2026,2026-06-04,,day,P,N,N,Regular Season,3,3,1,Final,Final,3313,Yankee Stadium,147,New York Yankees,NYY,2,True,114,Cleveland Guardians,CLE,1,False,641857,Ryan McMahon,Ryan,McMahon,19,1994-12-14,31,"6' 2""",211,5,Third Base,L,Left,R,Right,"1-3 | K, RBI",,3,1,0,0,0,1,0,1,0,0,0,0,3,1,,,,,,,,,,
2026-06-04,823542,,/api/v1.1/game/823542/feed/live,R,2026,2026-06-04,,day,P,N,N,Regular Season,3,3,1,Final,Final,3313,Yankee Stadium,147,New York Yankees,NYY,2,True,114,Cleveland Guardians,CLE,1,False,592450,Aaron Judge,Aaron,Judge,99,1992-04-26,34,"6' 7""",282,9,Outfielder,R,Right,R,Right,,,,,,,,,,,,,,,,,,,,,,,,,,
2026-06-04,823542,,/api/v1.1/game/823542/feed/live,R,2026,2026-06-04,,day,P,N,N,Regular Season,3,3,1,Final,Final,3313,Yankee Stadium,147,New York Yankees,NYY,2,True,114,Cleveland Guardians,CLE,1,False,677960,Ryan Weathers,Ryan,Weathers,40,1999-12-17,26,"6' 1""",230,1,Pitcher,R,Right,L,Left,,,,,,,,,,,,,,,,,,,,,,,,,,
2026-06-04,823542,,/api/v1.1/game/823542/feed/live,R,2026,2026-06-04,,day,P,N,N,Regular Season,3,3,1,Final,Final,3313,Yankee Stadium,147,New York Yankees,NYY,2,True,114,Cleveland Guardians,CLE,1,False,657612,Tim Hill,Timothy,Hill,41,1990-02-10,36,"6' 4""",210,1,Pitcher,R,Right,L,Left,,,,,,,,,,,,,,,,,,,,,,,,,,
2026-06-04,823542,,/api/v1.1/game/823542/feed/live,R,2026,2026-06-04,,day,P,N,N,Regular Season,3,3,1,Final,Final,3313,Yankee Stadium,147,New York Yankees,NYY,2,True,114,Cleveland Guardians,CLE,1,False,502671,Paul Goldschmidt,Paul,Goldschmidt,48,1987-09-10,38,"6' 2""",225,3,First Base,R,Right,R,Right,"1-3 | R, SB",,3,1,0,0,0,0,1,0,0,1,0,1,3,1,,,,,,,,,,
2026-06-04,823542,,/api/v1.1/game/823542/feed/live,R,2026,2026-06-04,,day,P,N,N,Regular Season,3,3,1,Final,Final,3313,Yankee Stadium,147,New York Yankees,NYY,2,True,114,Cleveland Guardians,CLE,1,False,669224,Austin Wells,Austin,Wells,28,1999-07-12,26,"6' 1""",220,2,Catcher,L,Left,R,Right,,,,,,,,,,,,,,,,,,,,,,,,,,
2026-06-04,823542,,/api/v1.1/game/823542/feed/live,R,2026,2026-06-04,,day,P,N,N,Regular Season,3,3,1,Final,Final,3313,Yankee Stadium,147,New York Yankees,NYY,2,True,114,Cleveland Guardians,CLE,1,False,700250,Ben Rice,Benjamin,Rice,22,1999-02-22,27,"6' 2""",228,3,First Base,L,Left,R,Right,"0-3 | BB, 2 K",,3,0,0,0,0,0,0,2,1,0,0,0,4,0,,,,,,,,,,
2026-06-04,823542,,/api/v1.1/game/823542/feed/live,R,2026,2026-06-04,,day,P,N,N,Regular Season,3,3,1,Final,Final,3313,Yankee Stadium,147,New York Yankees,NYY,2,True,114,Cleveland Guardians,CLE,1,False,687396,Brent Headrick,Brent,Headrick,47,1997-12-17,28,"6' 6""",235,1,Pitcher,L,Left,L,Left,"1.0 IP, 0 ER, K, BB",,,,,,,,,,,,,,,,1.0,0,0,0,1,1,19,1,0,0
2026-06-04,823542,,/api/v1.1/game/823542/feed/live,R,2026,2026-06-04,,day,P,N,N,Regular Season,3,3,1,Final,Final,3313,Yankee Stadium,147,New York Yankees,NYY,2,True,114,Cleveland Guardians,CLE,1,False,701542,Will Warren,William,Warren,29,1999-06-16,26,"6' 2""",200,1,Pitcher,R,Right,R,Right,,,,,,,,,,,,,,,,,,,,,,,,,,
2026-06-04,823542,,/api/v1.1/game/823542/feed/live,R,2026,2026-06-04,,day,P,N,N,Regular Season,3,3,1,Final,Final,3313,Yankee Stadium,147,New York Yankees,NYY,2,True,114,Cleveland Guardians,CLE,1,False,641555,J.C. Escarra,Juan,Escarra,25,1995-04-24,31,"6' 2""",220,2,Catcher,L,Left,R,Right,0-3 | 2 K,,3,0,0,0,0,0,0,2,0,0,0,0,3,0,,,,,,,,,,
2026-06-04,823542,,/api/v1.1/game/823542/feed/live,R,2026,2026-06-04,,day,P,N,N,Regular Season,3,3,1,Final,Final,3313,Yankee Stadium,147,New York Yankees,NYY,2,True,114,Cleveland Guardians,CLE,1,False,518585,Fernando Cruz,Fernando,Cruz,63,1990-03-28,36,"6' 2""",237,1,Pitcher,R,Right,R,Right,"1.0 IP, 0 ER, 0 K, 0 BB",,,,,,,,,,,,,,,,1.0,0,0,0,0,0,10,0,0,0
2026-06-04,823542,,/api/v1.1/game/823542/feed/live,R,2026,2026-06-04,,day,P,N,N,Regular Season,3,3,1,Final,Final,3313,Yankee Stadium,147,New York Yankees,NYY,2,True,114,Cleveland Guardians,CLE,1,False,683011,Anthony Volpe,Anthony,Volpe,11,2001-04-28,25,"5' 10""",197,6,Shortstop,R,Right,R,Right,,,,,,,,,,,,,,,,,,,,,,,,,,
2026-06-04,823542,,/api/v1.1/game/823542/feed/live,R,2026,2026-06-04,,day,P,N,N,Regular Season,3,3,1,Final,Final,3313,Yankee Stadium,147,New York Yankees,NYY,2,True,114,Cleveland Guardians,CLE,1,False,641355,Cody Bellinger,Cody,Bellinger,35,1995-07-13,30,"6' 3""",204,7,Outfielder,L,Left,L,Left,1-3 | SB,,3,1,0,0,0,0,0,0,0,1,0,0,3,1,,,,,,,,,,
2026-06-04,823542,,/api/v1.1/game/823542/feed/live,R,2026,2026-06-04,,day,P,N,N,Regular Season,3,3,1,Final,Final,3313,Yankee Stadium,147,New York Yankees,NYY,2,True,114,Cleveland Guardians,CLE,1,False,665862,Jazz Chisholm Jr.,Jasrado,Chisholm,13,1998-02-01,28,"5' 11""",184,4,Second Base,L,Left,R,Right,"0-1 | BB, K, RBI",,1,0,0,0,0,1,1,1,1,1,0,0,3,0,,,,,,,,,,
2026-06-04,823542,,/api/v1.1/game/823542/feed/live,R,2026,2026-06-04,,day,P,N,N,Regular Season,3,3,1,Final,Final,3313,Yankee Stadium,147,New York Yankees,NYY,2,True,114,Cleveland Guardians,CLE,1,False,656234,Jake Bird,Jacob,Bird,59,1995-12-04,30,"6' 3""",215,1,Pitcher,R,Right,R,Right,,,,,,,,,,,,,,,,,,,,,,,,,,
2026-06-04,823542,,/api/v1.1/game/823542/feed/live,R,2026,2026-06-04,,day,P,N,N,Regular Season,3,3,1,Final,Final,3313,Yankee Stadium,147,New York Yankees,NYY,2,True,114,Cleveland Guardians,CLE,1,False,666808,Camilo Doval,Camilo,Doval,75,1997-07-04,28,"6' 2""",205,1,Pitcher,R,Right,R,Right,,,,,,,,,,,,,,,,,,,,,,,,,,
2026-06-04,823542,,/api/v1.1/game/823542/feed/live,R,2026,2026-06-04,,day,P,N,N,Regular Season,3,3,1,Final,Final,3313,Yankee Stadium,147,New York Yankees,NYY,2,True,114,Cleveland Guardians,CLE,1,False,663757,Trent Grisham,Trenton,Grisham,12,1996-11-01,29,"5' 10""",221,8,Outfielder,L,Left,L,Left,2-4 | 2B,,4,2,1,0,0,0,0,0,0,0,0,0,4,3,,,,,,,,,,
2026-06-04,823542,,/api/v1.1/game/823542/feed/live,R,2026,2026-06-04,,day,P,N,N,Regular Season,3,3,1,Final,Final,3313,Yankee Stadium,147,New York Yankees,NYY,2,True,114,Cleveland Guardians,CLE,1,False,670280,David Bednar,David,Bednar,53,1994-10-10,31,"6' 1""",250,1,Pitcher,L,Left,R,Right,"1.0 IP, 0 ER, 0 K, 0 BB",,,,,,,,,,,,,,,,1.0,0,0,0,0,0,12,0,0,1
2026-06-04,823542,,/api/v1.1/game/823542/feed/live,R,2026,2026-06-04,,day,P,N,N,Regular Season,3,3,1,Final,Final,3313,Yankee Stadium,147,New York Yankees,NYY,2,True,114,Cleveland Guardians,CLE,1,False,543037,Gerrit Cole,Gerrit,Cole,45,1990-09-08,35,"6' 4""",220,1,Pitcher,R,Right,R,Right,,,,,,,,,,,,,,,,,,,,,,,,,,
2026-06-04,823542,,/api/v1.1/game/823542/feed/live,R,2026,2026-06-04,,day,P,N,N,Regular Season,3,3,1,Final,Final,3313,Yankee Stadium,147,New York Yankees,NYY,2,True,114,Cleveland Guardians,CLE,1,False,693645,Cam Schlittler,Cameron,Schlittler,31,2001-02-05,25,"6' 6""",215,1,Pitcher,R,Right,R,Right,,,,,,,,,,,,,,,,,,,,,,,,,,
2026-06-04,823542,,/api/v1.1/game/823542/feed/live,R,2026,2026-06-04,,day,P,N,N,Regular Season,3,3,1,Final,Final,3313,Yankee Stadium,147,New York Yankees,NYY,2,True,114,Cleveland Guardians,CLE,1,False,542888,Shawn Armstrong,Shawn,Armstrong,43,1990-09-11,35,"6' 2""",225,1,Pitcher,R,Right,R,Right,,,,,,,,,,,,,,,,,,,,,,,,,,
2026-06-04,823542,,/api/v1.1/game/823542/feed/live,R,2026,2026-06-04,,day,P,N,N,Regular Season,3,3,1,Final,Final,3313,Yankee Stadium,147,New York Yankees,NYY,2,True,114,Cleveland Guardians,CLE,1,False,702021,Will Dion,William,Dion,98,2000-04-17,26,"5' 10""",180,1,Pitcher,L,Left,L,Left,,,,,,,,,,,,,,,,,,,,,,,,,,
2026-06-04,823542,,/api/v1.1/game/823542/feed/live,R,2026,2026-06-04,,day,P,N,N,Regular Season,3,3,1,Final,Final,3313,Yankee Stadium,147,New York Yankees,NYY,2,True,114,Cleveland Guardians,CLE,1,False,800050,Chase DeLauter,Chase,DeLauter,24,2001-10-08,24,"6' 3""",235,9,Outfielder,L,Left,L,Left,0-1,,1,0,0,0,0,0,0,0,0,0,0,0,1,0,,,,,,,,,,
2026-06-04,823542,,/api/v1.1/game/823542/feed/live,R,2026,2026-06-04,,day,P,N,N,Regular Season,3,3,1,Final,Final,3313,Yankee Stadium,147,New York Yankees,NYY,2,True,114,Cleveland Guardians,CLE,1,False,595978,Austin Hedges,Austin,Hedges,27,1992-08-18,33,"6' 0""",220,2,Catcher,R,Right,R,Right,0-2 | BB,,2,0,0,0,0,0,0,0,1,0,0,0,3,0,,,,,,,,,,
2026-06-04,823542,,/api/v1.1/game/823542/feed/live,R,2026,2026-06-04,,day,P,N,N,Regular Season,3,3,1,Final,Final,3313,Yankee Stadium,147,New York Yankees,NYY,2,True,114,Cleveland Guardians,CLE,1,False,683953,Travis Bazzana,Travis,Bazzana,37,2002-08-28,23,"5' 11""",199,4,Second Base,L,Left,R,Right,0-4 | K,,4,0,0,0,0,0,0,1,0,0,0,0,4,0,,,,,,,,,,
2026-06-04,823542,,/api/v1.1/game/823542/feed/live,R,2026,2026-06-04,,day,P,N,N,Regular Season,3,3,1,Final,Final,3313,Yankee Stadium,147,New York Yankees,NYY,2,True,114,Cleveland Guardians,CLE,1,False,676051,Codi Heuer,Codi,Heuer,50,1996-07-03,29,"6' 5""",200,1,Pitcher,R,Right,R,Right,"1.0 IP, ER, K, BB",,,,,,,,,,,,,,,,1.0,1,1,0,1,1,27,0,1,0
2026-06-04,823542,,/api/v1.1/game/823542/feed/live,R,2026,2026-06-04,,day,P,N,N,Regular Season,3,3,1,Final,Final,3313,Yankee Stadium,147,New York Yankees,NYY,2,True,114,Cleveland Guardians,CLE,1,False,682177,Daniel Schneemann,Daniel,Schneemann,10,1997-01-23,29,"6' 0""",185,8,Outfielder,L,Left,R,Right,,,,,,,,,,,,,,,,,,,,,,,,,,
2026-06-04,823542,,/api/v1.1/game/823542/feed/live,R,2026,2026-06-04,,day,P,N,N,Regular Season,3,3,1,Final,Final,3313,Yankee Stadium,147,New York Yankees,NYY,2,True,114,Cleveland Guardians,CLE,1,False,677944,Slade Cecconi,Slade,Cecconi,44,1999-06-24,26,"6' 4""",219,1,Pitcher,R,Right,R,Right,"6.0 IP, ER, 4 K, BB",,,,,,,,,,,,,,,,6.0,1,4,0,4,1,82,0,0,0
2026-06-04,823542,,/api/v1.1/game/823542/feed/live,R,2026,2026-06-04,,day,P,N,N,Regular Season,3,3,1,Final,Final,3313,Yankee Stadium,147,New York Yankees,NYY,2,True,114,Cleveland Guardians,CLE,1,False,672275,Patrick Bailey,Patrick,Bailey,16,1999-05-29,27,"6' 0""",223,2,Catcher,S,Switch,R,Right,,,,,,,,,,,,,,,,,,,,,,,,,,
2026-06-04,823542,,/api/v1.1/game/823542/feed/live,R,2026,2026-06-04,,day,P,N,N,Regular Season,3,3,1,Final,Final,3313,Yankee Stadium,147,New York Yankees,NYY,2,True,114,Cleveland Guardians,CLE,1,False,677587,Brayan Rocchio,Brayan,Rocchio,4,2001-01-13,25,"5' 9""",170,6,Shortstop,S,Switch,R,Right,0-3,,3,0,0,0,0,0,0,0,0,0,0,0,3,0,,,,,,,,,,
2026-06-04,823542,,/api/v1.1/game/823542/feed/live,R,2026,2026-06-04,,day,P,N,N,Regular Season,3,3,1,Final,Final,3313,Yankee Stadium,147,New York Yankees,NYY,2,True,114,Cleveland Guardians,CLE,1,False,670036,Matt Festa,Matthew,Festa,52,1993-03-11,33,"6' 1""",195,1,Pitcher,R,Right,R,Right,"1.0 IP, 0 ER, 2 K, 0 BB",,,,,,,,,,,,,,,,1.0,0,0,0,2,0,15,0,0,0
2026-06-04,823542,,/api/v1.1/game/823542/feed/live,R,2026,2026-06-04,,day,P,N,N,Regular Season,3,3,1,Final,Final,3313,Yankee Stadium,147,New York Yankees,NYY,2,True,114,Cleveland Guardians,CLE,1,False,670059,Colin Holderman,Colin,Holderman,35,1995-10-08,30,"6' 6""",230,1,Pitcher,R,Right,R,Right,,,,,,,,,,,,,,,,,,,,,,,,,,
2026-06-04,823542,,/api/v1.1/game/823542/feed/live,R,2026,2026-06-04,,day,P,N,N,Regular Season,3,3,1,Final,Final,3313,Yankee Stadium,147,New York Yankees,NYY,2,True,114,Cleveland Guardians,CLE,1,False,681807,David Fry,David,Fry,6,1995-11-20,30,"6' 1""",215,9,Outfielder,R,Right,R,Right,0-3 | 3 K,,3,0,0,0,0,0,0,3,0,0,0,0,3,0,,,,,,,,,,
2026-06-04,823542,,/api/v1.1/game/823542/feed/live,R,2026,2026-06-04,,day,P,N,N,Regular Season,3,3,1,Final,Final,3313,Yankee Stadium,147,New York Yankees,NYY,2,True,114,Cleveland Guardians,CLE,1,False,671922,Cade Smith,Cade,Smith,36,1999-05-09,27,"6' 5""",230,1,Pitcher,R,Right,R,Right,,,,,,,,,,,,,,,,,,,,,,,,,,
2026-06-04,823542,,/api/v1.1/game/823542/feed/live,R,2026,2026-06-04,,day,P,N,N,Regular Season,3,3,1,Final,Final,3313,Yankee Stadium,147,New York Yankees,NYY,2,True,114,Cleveland Guardians,CLE,1,False,608070,José Ramírez,José,Ramírez,11,1992-09-17,33,"5' 8""",190,5,Third Base,S,Switch,R,Right,"1-4 | K, R, SB",,4,1,0,0,0,0,1,1,0,1,0,0,4,1,,,,,,,,,,
2026-06-04,823542,,/api/v1.1/game/823542/feed/live,R,2026,2026-06-04,,day,P,N,N,Regular Season,3,3,1,Final,Final,3313,Yankee Stadium,147,New York Yankees,NYY,2,True,114,Cleveland Guardians,CLE,1,False,680757,Steven Kwan,Steven,Kwan,38,1997-09-05,28,"5' 8""",170,8,Outfielder,L,Left,L,Left,0-3 | K,,3,0,0,0,0,0,0,1,0,0,0,0,3,0,,,,,,,,,,
2026-06-04,823542,,/api/v1.1/game/823542/feed/live,R,2026,2026-06-04,,day,P,N,N,Regular Season,3,3,1,Final,Final,3313,Yankee Stadium,147,New York Yankees,NYY,2,True,114,Cleveland Guardians,CLE,1,False,682657,Angel Martínez,Angel,Martínez,1,2002-01-27,24,"5' 11""",200,7,Outfielder,S,Switch,R,Right,0-4 | K,,4,0,0,0,0,0,0,1,0,0,0,0,4,0,,,,,,,,,,
2026-06-04,823542,,/api/v1.1/game/823542/feed/live,R,2026,2026-06-04,,day,P,N,N,Regular Season,3,3,1,Final,Final,3313,Yankee Stadium,147,New York Yankees,NYY,2,True,114,Cleveland Guardians,CLE,1,False,700932,Kyle Manzardo,Kyle,Manzardo,9,2000-07-18,25,"5' 11""",205,3,First Base,L,Left,R,Right,0-1,,1,0,0,0,0,0,0,0,0,0,0,0,1,0,,,,,,,,,,
2026-06-04,823542,,/api/v1.1/game/823542/feed/live,R,2026,2026-06-04,,day,P,N,N,Regular Season,3,3,1,Final,Final,3313,Yankee Stadium,147,New York Yankees,NYY,2,True,114,Cleveland Guardians,CLE,1,False,800048,Parker Messick,Parker,Messick,77,2000-10-26,25,"6' 0""",225,1,Pitcher,L,Left,L,Left,,,,,,,,,,,,,,,,,,,,,,,,,,
2026-06-04,823542,,/api/v1.1/game/823542/feed/live,R,2026,2026-06-04,,day,P,N,N,Regular Season,3,3,1,Final,Final,3313,Yankee Stadium,147,New York Yankees,NYY,2,True,114,Cleveland Guardians,CLE,1,False,676282,Joey Cantillo,Joseph,Cantillo,54,1999-12-18,26,"6' 4""",225,1,Pitcher,L,Left,L,Left,,,,,,,,,,,,,,,,,,,,,,,,,,
2026-06-04,823542,,/api/v1.1/game/823542/feed/live,R,2026,2026-06-04,,day,P,N,N,Regular Season,3,3,1,Final,Final,3313,Yankee Stadium,147,New York Yankees,NYY,2,True,114,Cleveland Guardians,CLE,1,False,668909,Gavin Williams,Gavin,Williams,32,1999-07-26,26,"6' 6""",250,1,Pitcher,L,Left,R,Right,,,,,,,,,,,,,,,,,,,,,,,,,,
2026-06-04,823542,,/api/v1.1/game/823542/feed/live,R,2026,2026-06-04,,day,P,N,N,Regular Season,3,3,1,Final,Final,3313,Yankee Stadium,147,New York Yankees,NYY,2,True,114,Cleveland Guardians,CLE,1,False,683769,Hunter Gaddis,Hunter,Gaddis,33,1998-04-09,28,"6' 6""",260,1,Pitcher,R,Right,R,Right,,,,,,,,,,,,,,,,,,,,,,,,,,
2026-06-04,823542,,/api/v1.1/game/823542/feed/live,R,2026,2026-06-04,,day,P,N,N,Regular Season,3,3,1,Final,Final,3313,Yankee Stadium,147,New York Yankees,NYY,2,True,114,Cleveland Guardians,CLE,1,False,676440,Tanner Bibee,Tanner,Bibee,28,1999-03-05,27,"6' 2""",205,1,Pitcher,R,Right,R,Right,,,,,,,,,,,,,,,,,,,,,,,,,,
2026-06-04,823542,,/api/v1.1/game/823542/feed/live,R,2026,2026-06-04,,day,P,N,N,Regular Season,3,3,1,Final,Final,3313,Yankee Stadium,147,New York Yankees,NYY,2,True,114,Cleveland Guardians,CLE,1,False,682120,Tim Herrin,Tim,Herrin,29,1996-10-08,29,"6' 6""",230,1,Pitcher,L,Left,L,Left,,,,,,,,,,,,,,,,,,,,,,,,,,
2026-06-04,823542,,/api/v1.1/game/823542/feed/live,R,2026,2026-06-04,,day,P,N,N,Regular Season,3,3,1,Final,Final,3313,Yankee Stadium,147,New York Yankees,NYY,2,True,114,Cleveland Guardians,CLE,1,False,656413,Stuart Fairchild,Stuart,Fairchild,17,1996-03-17,30,"5' 11""",205,9,Outfielder,R,Right,R,Right,"1-2 | BB, K, RBI",,2,1,0,0,0,1,0,1,1,0,0,0,3,1,,,,,,,,,,
2026-06-04,823542,,/api/v1.1/game/823542/feed/live,R,2026,2026-06-04,,day,P,N,N,Regular Season,3,3,1,Final,Final,3313,Yankee Stadium,147,New York Yankees,NYY,2,True,114,Cleveland Guardians,CLE,1,False,656555,Rhys Hoskins,Rhys,Hoskins,8,1993-03-17,33,"6' 3""",241,3,First Base,R,Right,R,Right,0-2 | 2 BB,,2,0,0,0,0,0,0,0,2,0,0,0,4,0,,,,,,,,,,
2026-06-04,823779,,/api/v1.1/game/823779/feed/live,R,2026,2026-06-04,,day,P,N,N,Regular Season,4,4,1,Final,Final,32,American Family Field,158,Milwaukee Brewers,MIL,9,False,137,San Francisco Giants,SF,12,True,694477,Chad Patrick,Chandler,Patrick,39,1998-08-14,27,"6' 1""",217,1,Pitcher,R,Right,R,Right,,,,,,,,,,,,,,,,,,,,,,,,,,
2026-06-04,823779,,/api/v1.1/game/823779/feed/live,R,2026,2026-06-04,,day,P,N,N,Regular Season,4,4,1,Final,Final,32,American Family Field,158,Milwaukee Brewers,MIL,9,False,137,San Francisco Giants,SF,12,True,650859,Luis Rengifo,Luis,Rengifo,13,1997-02-26,29,"5' 9""",204,5,Third Base,S,Switch,R,Right,1-5 | RBI,,5,1,0,0,0,1,0,0,0,0,0,0,5,1,,,,,,,,,,
2026-06-04,823779,,/api/v1.1/game/823779/feed/live,R,2026,2026-06-04,,day,P,N,N,Regular Season,4,4,1,Final,Final,32,American Family Field,158,Milwaukee Brewers,MIL,9,False,137,San Francisco Giants,SF,12,True,689441,Coleman Crow,Coleman,Crow,57,2000-12-30,25,"5' 10""",175,1,Pitcher,R,Right,R,Right,"2.1 IP, 6 ER, 2 K, 2 BB",,,,,,,,,,,,,,,,2.1,6,9,1,2,2,70,0,1,0
2026-06-04,823779,,/api/v1.1/game/823779/feed/live,R,2026,2026-06-04,,day,P,N,N,Regular Season,4,4,1,Final,Final,32,American Family Field,158,Milwaukee Brewers,MIL,9,False,137,San Francisco Giants,SF,12,True,687401,Joey Ortiz,Joseph,Ortiz,3,1998-07-14,27,"5' 10""",192,6,Shortstop,R,Right,R,Right,"0-1 | BB, R",,1,0,0,0,0,0,1,0,1,0,0,0,2,0,,,,,,,,,,
2026-06-04,823779,,/api/v1.1/game/823779/feed/live,R,2026,2026-06-04,,day,P,N,N,Regular Season,4,4,1,Final,Final,32,American Family Field,158,Milwaukee Brewers,MIL,9,False,137,San Francisco Giants,SF,12,True,694192,Jackson Chourio,Jackson,Chourio,11,2004-03-11,22,"6' 1""",199,7,Outfielder,R,Right,R,Right,"3-4 | 2 HR, BB, K",,4,3,0,0,2,4,4,1,1,0,0,0,5,9,,,,,,,,,,
2026-06-04,823779,,/api/v1.1/game/823779/feed/live,R,2026,2026-06-04,,day,P,N,N,Regular Season,4,4,1,Final,Final,32,American Family Field,158,Milwaukee Brewers,MIL,9,False,137,San Francisco Giants,SF,12,True,592885,Christian Yelich,Christian,Yelich,22,1991-12-05,34,"6' 4""",220,10,Designated Hitter,L,Left,R,Right,"2-5 | 2B, 2 R",,5,2,1,0,0,0,2,0,0,0,0,0,5,3,,,,,,,,,,
2026-06-04,823779,,/api/v1.1/game/823779/feed/live,R,2026,2026-06-04,,day,P,N,N,Regular Season,4,4,1,Final,Final,32,American Family Field,158,Milwaukee Brewers,MIL,9,False,137,San Francisco Giants,SF,12,True,641343,Jake Bauers,Jakob,Bauers,9,1995-10-06,30,"6' 0""",216,3,First Base,L,Left,L,Left,"0-1 | 2 BB, K",,1,0,0,0,0,0,0,1,2,0,0,0,3,0,,,,,,,,,,
2026-06-04,823779,,/api/v1.1/game/823779/feed/live,R,2026,2026-06-04,,day,P,N,N,Regular Season,4,4,1,Final,Final,32,American Family Field,158,Milwaukee Brewers,MIL,9,False,137,San Francisco Giants,SF,12,True,686217,Sal Frelick,Salvatore,Frelick,10,2000-04-19,26,"5' 9""",191,9,Outfielder,L,Left,R,Right,"1-5 | K, RBI",,5,1,0,0,0,1,0,1,0,0,0,0,5,1,,,,,,,,,,
2026-06-04,823779,,/api/v1.1/game/823779/feed/live,R,2026,2026-06-04,,day,P,N,N,Regular Season,4,4,1,Final,Final,32,American Family Field,158,Milwaukee Brewers,MIL,9,False,137,San Francisco Giants,SF,12,True,682842,Abner Uribe,Abner,Uribe,45,2000-06-20,25,"6' 3""",205,1,Pitcher,R,Right,R,Right,,,,,,,,,,,,,,,,,,,,,,,,,,
2026-06-04,823779,,/api/v1.1/game/823779/feed/live,R,2026,2026-06-04,,day,P,N,N,Regular Season,4,4,1,Final,Final,32,American Family Field,158,Milwaukee Brewers,MIL,9,False,137,San Francisco Giants,SF,12,True,681982,Grant Anderson,Grant,Anderson,56,1997-06-21,28,"6' 0""",213,1,Pitcher,R,Right,R,Right,"1.1 IP, 2 ER, K, 0 BB",,,,,,,,,,,,,,,,1.1,2,3,0,1,0,30,0,0,0
2026-06-04,823779,,/api/v1.1/game/823779/feed/live,R,2026,2026-06-04,,day,P,N,N,Regular Season,4,4,1,Final,Final,32,American Family Field,158,Milwaukee Brewers,MIL,9,False,137,San Francisco Giants,SF,12,True,683734,Andrew Vaughn,Andrew,Vaughn,28,1998-04-03,28,"5' 10""",215,3,First Base,R,Right,R,Right,0-3 | K,,3,0,0,0,0,0,0,1,0,0,0,0,3,0,,,,,,,,,,
2026-06-04,823779,,/api/v1.1/game/823779/feed/live,R,2026,2026-06-04,,day,P,N,N,Regular Season,4,4,1,Final,Final,32,American Family Field,158,Milwaukee Brewers,MIL,9,False,137,San Francisco Giants,SF,12,True,675660,Shane Drohan,Shane,Drohan,55,1999-01-07,27,"6' 2""",202,1,Pitcher,L,Left,L,Left,,,,,,,,,,,,,,,,,,,,,,,,,,
2026-06-04,823779,,/api/v1.1/game/823779/feed/live,R,2026,2026-06-04,,day,P,N,N,Regular Season,4,4,1,Final,Final,32,American Family Field,158,Milwaukee Brewers,MIL,9,False,137,San Francisco Giants,SF,12,True,690986,Kyle Harrison,Kyle,Harrison,52,2001-08-12,24,"6' 2""",216,1,Pitcher,R,Right,L,Left,,,,,,,,,,,,,,,,,,,,,,,,,,
2026-06-04,823779,,/api/v1.1/game/823779/feed/live,R,2026,2026-06-04,,day,P,N,N,Regular Season,4,4,1,Final,Final,32,American Family Field,158,Milwaukee Brewers,MIL,9,False,137,San Francisco Giants,SF,12,True,669003,Garrett Mitchell,Garrett,Mitchell,5,1998-09-04,27,"6' 2""",229,8,Outfielder,L,Left,R,Right,"0-1 | BB, K",,1,0,0,0,0,0,0,1,1,0,0,0,2,0,,,,,,,,,,
2026-06-04,823779,,/api/v1.1/game/823779/feed/live,R,2026,2026-06-04,,day,P,N,N,Regular Season,4,4,1,Final,Final,32,American Family Field,158,Milwaukee Brewers,MIL,9,False,137,San Francisco Giants,SF,12,True,676879,Aaron Ashby,Aaron,Ashby,26,1998-05-24,28,"6' 0""",194,1,Pitcher,R,Right,L,Left,,,,,,,,,,,,,,,,,,,,,,,,,,
2026-06-04,823779,,/api/v1.1/game/823779/feed/live,R,2026,2026-06-04,,day,P,N,N,Regular Season,4,4,1,Final,Final,32,American Family Field,158,Milwaukee Brewers,MIL,9,False,137,San Francisco Giants,SF,12,True,666152,David Hamilton,David,Hamilton,6,1997-09-29,28,"5' 10""",192,6,Shortstop,L,Left,R,Right,"1-4 | HR, BB, RBI",,4,1,0,0,1,1,1,0,1,0,1,0,5,4,,,,,,,,,,
2026-06-04,823779,,/api/v1.1/game/823779/feed/live,R,2026,2026-06-04,,day,P,N,N,Regular Season,4,4,1,Final,Final,32,American Family Field,158,Milwaukee Brewers,MIL,9,False,137,San Francisco Giants,SF,12,True,687075,Brandon Sproat,Brandon,Sproat,23,2000-09-17,25,"6' 3""",205,1,Pitcher,R,Right,R,Right,,,,,,,,,,,,,,,,,,,,,,,,,,
2026-06-04,823779,,/api/v1.1/game/823779/feed/live,R,2026,2026-06-04,,day,P,N,N,Regular Season,4,4,1,Final,Final,32,American Family Field,158,Milwaukee Brewers,MIL,9,False,137,San Francisco Giants,SF,12,True,663368,Blake Perkins,Blake,Perkins,16,1996-09-10,29,"6' 0""",185,8,Outfielder,S,Switch,R,Right,"0-0 | 2 BB, RBI",,0,0,0,0,0,1,0,0,2,0,0,0,2,0,,,,,,,,,,
2026-06-04,823779,,/api/v1.1/game/823779/feed/live,R,2026,2026-06-04,,day,P,N,N,Regular Season,4,4,1,Final,Final,32,American Family Field,158,Milwaukee Brewers,MIL,9,False,137,San Francisco Giants,SF,12,True,663765,Jake Woodford,Jacob,Woodford,41,1996-10-28,29,"6' 4""",215,1,Pitcher,R,Right,R,Right,"3.0 IP, 4 ER, K, 0 BB",,,,,,,,,,,,,,,,3.0,4,7,1,1,0,56,0,0,0
2026-06-04,823779,,/api/v1.1/game/823779/feed/live,R,2026,2026-06-04,,day,P,N,N,Regular Season,4,4,1,Final,Final,32,American Family Field,158,Milwaukee Brewers,MIL,9,False,137,San Francisco Giants,SF,12,True,661388,William Contreras,William,Contreras,24,1997-12-24,28,"5' 10""",217,2,Catcher,R,Right,R,Right,"0-2 | K, RBI",,2,0,0,0,0,1,0,1,0,0,0,0,3,0,,,,,,,,,,
2026-06-04,823779,,/api/v1.1/game/823779/feed/live,R,2026,2026-06-04,,day,P,N,N,Regular Season,4,4,1,Final,Final,32,American Family Field,158,Milwaukee Brewers,MIL,9,False,137,San Francisco Giants,SF,12,True,668930,Brice Turang,Brice,Turang,2,1999-11-21,26,"6' 0""",190,4,Second Base,L,Left,R,Right,"2-3 | 2B, K, SB",,3,2,1,0,0,0,0,1,0,1,0,0,3,3,,,,,,,,,,
2026-06-04,823779,,/api/v1.1/game/823779/feed/live,R,2026,2026-06-04,,day,P,N,N,Regular Season,4,4,1,Final,Final,32,American Family Field,158,Milwaukee Brewers,MIL,9,False,137,San Francisco Giants,SF,12,True,688107,Robert Gasser,Robert,Gasser,54,1999-05-31,27,"6' 0""",197,1,Pitcher,L,Left,L,Left,,,,,,,,,,,,,,,,,,,,,,,,,,
2026-06-04,823779,,/api/v1.1/game/823779/feed/live,R,2026,2026-06-04,,day,P,N,N,Regular Season,4,4,1,Final,Final,32,American Family Field,158,Milwaukee Brewers,MIL,9,False,137,San Francisco Giants,SF,12,True,596142,Gary Sánchez,Gary,Sánchez,99,1992-12-02,33,"6' 2""",251,10,Designated Hitter,R,Right,R,Right,"1-2 | K, R",,2,1,0,0,0,0,1,1,0,0,0,0,2,1,,,,,,,,,,
2026-06-04,823779,,/api/v1.1/game/823779/feed/live,R,2026,2026-06-04,,day,P,N,N,Regular Season,4,4,1,Final,Final,32,American Family Field,158,Milwaukee Brewers,MIL,9,False,137,San Francisco Giants,SF,12,True,694819,Jacob Misiorowski,Jacob,Misiorowski,32,2002-04-03,24,"6' 7""",201,1,Pitcher,R,Right,R,Right,,,,,,,,,,,,,,,,,,,,,,,,,,
2026-06-04,823779,,/api/v1.1/game/823779/feed/live,R,2026,2026-06-04,,day,P,N,N,Regular Season,4,4,1,Final,Final,32,American Family Field,158,Milwaukee Brewers,MIL,9,False,137,San Francisco Giants,SF,12,True,669084,DL Hall,Dayton,Hall,37,1998-09-19,27,"6' 1""",209,1,Pitcher,L,Left,L,Left,"2.1 IP, 0 ER, K, 0 BB",,,,,,,,,,,,,,,,2.1,0,1,0,1,0,27,0,0,0
2026-06-04,823779,,/api/v1.1/game/823779/feed/live,R,2026,2026-06-04,,day,P,N,N,Regular Season,4,4,1,Final,Final,32,American Family Field,158,Milwaukee Brewers,MIL,9,False,137,San Francisco Giants,SF,12,True,656730,Trevor Megill,Trevor,Megill,29,1993-12-05,32,"6' 8""",253,1,Pitcher,L,Left,R,Right,,,,,,,,,,,,,,,,,,,,,,,,,,
2026-06-04,823779,,/api/v1.1/game/823779/feed/live,R,2026,2026-06-04,,day,P,N,N,Regular Season,4,4,1,Final,Final,32,American Family Field,158,Milwaukee Brewers,MIL,9,False,137,San Francisco Giants,SF,12,True,669477,Casey Schmitt,Casey,Schmitt,10,1999-03-01,27,"6' 0""",215,10,Designated Hitter,R,Right,R,Right,"2-5 | HR, 2 RBI, R",,5,2,0,0,1,2,1,0,0,0,0,0,6,5,,,,,,,,,,
2026-06-04,823779,,/api/v1.1/game/823779/feed/live,R,2026,2026-06-04,,day,P,N,N,Regular Season,4,4,1,Final,Final,32,American Family Field,158,Milwaukee Brewers,MIL,9,False,137,San Francisco Giants,SF,12,True,813841,Jonah Cox,Jonah,Cox,53,2001-08-04,24,"6' 2""",204,8,Outfielder,R,Right,R,Right,0-1,,1,0,0,0,0,0,0,0,0,0,0,0,1,0,,,,,,,,,,
2026-06-04,823779,,/api/v1.1/game/823779/feed/live,R,2026,2026-06-04,,day,P,N,N,Regular Season,4,4,1,Final,Final,32,American Family Field,158,Milwaukee Brewers,MIL,9,False,137,San Francisco Giants,SF,12,True,664141,JT Brubaker,Jonathan,Brubaker,34,1993-11-17,32,"6' 4""",197,1,Pitcher,R,Right,R,Right,"2.0 IP, 2 ER, K, 2 BB",,,,,,,,,,,,,,,,2.0,2,2,1,1,2,46,0,0,0
2026-06-04,823779,,/api/v1.1/game/823779/feed/live,R,2026,2026-06-04,,day,P,N,N,Regular Season,4,4,1,Final,Final,32,American Family Field,158,Milwaukee Brewers,MIL,9,False,137,San Francisco Giants,SF,12,True,686790,Trevor McDonald,Trevor,McDonald,72,2001-02-26,25,"6' 0""",205,1,Pitcher,R,Right,R,Right,,,,,,,,,,,,,,,,,,,,,,,,,,
2026-06-04,823779,,/api/v1.1/game/823779/feed/live,R,2026,2026-06-04,,day,P,N,N,Regular Season,4,4,1,Final,Final,32,American Family Field,158,Milwaukee Brewers,MIL,9,False,137,San Francisco Giants,SF,12,True,681916,Dylan Smith,Dylan,Smith,66,2000-05-28,26,"6' 2""",180,1,Pitcher,R,Right,R,Right,,,,,,,,,,,,,,,,,,,,,,,,,,
2026-06-04,823779,,/api/v1.1/game/823779/feed/live,R,2026,2026-06-04,,day,P,N,N,Regular Season,4,4,1,Final,Final,32,American Family Field,158,Milwaukee Brewers,MIL,9,False,137,San Francisco Giants,SF,12,True,682674,Victor Bericoto,Victor,Bericoto,78,2001-12-03,24,"6' 1""",210,9,Outfielder,R,Right,R,Right,,,,,,,,,,,,,,,,,,,,,,,,,,
2026-06-04,823779,,/api/v1.1/game/823779/feed/live,R,2026,2026-06-04,,day,P,N,N,Regular Season,4,4,1,Final,Final,32,American Family Field,158,Milwaukee Brewers,MIL,9,False,137,San Francisco Giants,SF,12,True,657277,Logan Webb,Logan,Webb,62,1996-11-18,29,"6' 2""",221,1,Pitcher,R,Right,R,Right,,,,,,,,,,,,,,,,,,,,,,,,,,
2026-06-04,823779,,/api/v1.1/game/823779/feed/live,R,2026,2026-06-04,,day,P,N,N,Regular Season,4,4,1,Final,Final,32,American Family Field,158,Milwaukee Brewers,MIL,9,False,137,San Francisco Giants,SF,12,True,671083,Buddy Kennedy,Clifton,Kennedy,41,1998-10-05,27,"5' 10""",213,3,First Base,R,Right,R,Right,0-0,,0,0,0,0,0,0,0,0,0,0,0,0,0,0,,,,,,,,,,
2026-06-04,823779,,/api/v1.1/game/823779/feed/live,R,2026,2026-06-04,,day,P,N,N,Regular Season,4,4,1,Final,Final,32,American Family Field,158,Milwaukee Brewers,MIL,9,False,137,San Francisco Giants,SF,12,True,676775,Keaton Winn,Keaton,Winn,67,1998-02-20,28,"6' 4""",230,1,Pitcher,R,Right,R,Right,,,,,,,,,,,,,,,,,,,,,,,,,,
2026-06-04,823779,,/api/v1.1/game/823779/feed/live,R,2026,2026-06-04,,day,P,N,N,Regular Season,4,4,1,Final,Final,32,American Family Field,158,Milwaukee Brewers,MIL,9,False,137,San Francisco Giants,SF,12,True,656305,Matt Chapman,Matt,Chapman,26,1993-04-28,33,"6' 1""",220,5,Third Base,R,Right,R,Right,"3-5 | 2B, 2 RBI, R",,5,3,1,0,0,2,1,0,0,0,0,0,5,4,,,,,,,,,,
2026-06-04,823779,,/api/v1.1/game/823779/feed/live,R,2026,2026-06-04,,day,P,N,N,Regular Season,4,4,1,Final,Final,32,American Family Field,158,Milwaukee Brewers,MIL,9,False,137,San Francisco Giants,SF,12,True,678576,Wilkin Ramos,Wilkin,Ramos,71,2000-10-31,25,"6' 6""",192,1,Pitcher,R,Right,R,Right,"0.0 IP, 3 ER, 0 K, 2 BB",,,,,,,,,,,,,,,,0.0,3,2,0,0,2,21,0,0,0
2026-06-04,823779,,/api/v1.1/game/823779/feed/live,R,2026,2026-06-04,,day,P,N,N,Regular Season,4,4,1,Final,Final,32,American Family Field,158,Milwaukee Brewers,MIL,9,False,137,San Francisco Giants,SF,12,True,668873,Caleb Kilian,Caleb,Kilian,45,1997-06-02,29,"6' 4""",206,1,Pitcher,R,Right,R,Right,"1.0 IP, 0 ER, K, 0 BB",,,,,,,,,,,,,,,,1.0,0,1,0,1,0,13,0,0,1
2026-06-04,823779,,/api/v1.1/game/823779/feed/live,R,2026,2026-06-04,,day,P,N,N,Regular Season,4,4,1,Final,Final,32,American Family Field,158,Milwaukee Brewers,MIL,9,False,137,San Francisco Giants,SF,12,True,808982,Jung Hoo Lee,Jung Hoo,Lee,51,1998-08-20,27,"6' 0""",196,9,Outfielder,L,Left,R,Right,"4-5 | 2B, RBI, 3 R",,5,4,1,0,0,1,3,0,0,0,0,0,5,5,,,,,,,,,,
2026-06-04,823779,,/api/v1.1/game/823779/feed/live,R,2026,2026-06-04,,day,P,N,N,Regular Season,4,4,1,Final,Final,32,American Family Field,158,Milwaukee Brewers,MIL,9,False,137,San Francisco Giants,SF,12,True,687551,Drew Gilbert,Andrew,Gilbert,0,2000-09-27,25,"5' 9""",195,8,Outfielder,L,Left,L,Left,"2-5 | K, R",,5,2,0,0,0,0,1,1,0,0,0,0,5,2,,,,,,,,,,
2026-06-04,823779,,/api/v1.1/game/823779/feed/live,R,2026,2026-06-04,,day,P,N,N,Regular Season,4,4,1,Final,Final,32,American Family Field,158,Milwaukee Brewers,MIL,9,False,137,San Francisco Giants,SF,12,True,656529,Sam Hentges,Sam,Hentges,31,1996-07-18,29,"6' 8""",255,1,Pitcher,L,Left,L,Left,"0.2 IP, 0 ER, K, BB",,,,,,,,,,,,,,,,0.2,0,0,0,1,1,15,1,0,0
2026-06-04,823779,,/api/v1.1/game/823779/feed/live,R,2026,2026-06-04,,day,P,N,N,Regular Season,4,4,1,Final,Final,32,American Family Field,158,Milwaukee Brewers,MIL,9,False,137,San Francisco Giants,SF,12,True,646240,Rafael Devers,Rafael,Devers,16,1996-10-24,29,"6' 0""",235,3,First Base,L,Left,R,Right,"1-6 | 2B, K, R",,6,1,1,0,0,0,1,1,0,0,0,0,6,2,,,,,,,,,,
2026-06-04,823779,,/api/v1.1/game/823779/feed/live,R,2026,2026-06-04,,day,P,N,N,Regular Season,4,4,1,Final,Final,32,American Family Field,158,Milwaukee Brewers,MIL,9,False,137,San Francisco Giants,SF,12,True,663941,Tristan Beck,Tristan,Beck,43,1996-06-24,29,"6' 4""",200,1,Pitcher,R,Right,R,Right,"1.0 IP, ER, 0 K, 0 BB",,,,,,,,,,,,,,,,1.0,1,1,1,0,0,12,0,0,0
2026-06-04,823779,,/api/v1.1/game/823779/feed/live,R,2026,2026-06-04,,day,P,N,N,Regular Season,4,4,1,Final,Final,32,American Family Field,158,Milwaukee Brewers,MIL,9,False,137,San Francisco Giants,SF,12,True,606992,Eric Haase,Eric,Haase,18,1992-12-18,33,"5' 10""",201,2,Catcher,R,Right,R,Right,"1-4 | HR, BB, 2 K",,4,1,0,0,1,4,1,2,1,0,0,0,5,4,,,,,,,,,,
2026-06-04,823779,,/api/v1.1/game/823779/feed/live,R,2026,2026-06-04,,day,P,N,N,Regular Season,4,4,1,Final,Final,32,American Family Field,158,Milwaukee Brewers,MIL,9,False,137,San Francisco Giants,SF,12,True,605288,Adrian Houser,Adrian,Houser,12,1993-02-02,33,"6' 4""",227,1,Pitcher,R,Right,R,Right,"4.1 IP, 2 ER, 5 K, 3 BB",,,,,,,,,,,,,,,,4.1,2,5,1,5,3,82,0,0,0
2026-06-04,823779,,/api/v1.1/game/823779/feed/live,R,2026,2026-06-04,,day,P,N,N,Regular Season,4,4,1,Final,Final,32,American Family Field,158,Milwaukee Brewers,MIL,9,False,137,San Francisco Giants,SF,12,True,642715,Willy Adames,Willy,Adames,2,1995-09-02,30,"6' 0""",216,6,Shortstop,R,Right,R,Right,"2-6 | 2B, K, RBI",,6,2,1,0,0,1,1,1,0,0,0,0,6,3,,,,,,,,,,
2026-06-04,823779,,/api/v1.1/game/823779/feed/live,R,2026,2026-06-04,,day,P,N,N,Regular Season,4,4,1,Final,Final,32,American Family Field,158,Milwaukee Brewers,MIL,9,False,137,San Francisco Giants,SF,12,True,592662,Robbie Ray,Robert,Ray,38,1991-10-01,34,"6' 2""",220,1,Pitcher,L,Left,L,Left,,,,,,,,,,,,,,,,,,,,,,,,,,
2026-06-04,823779,,/api/v1.1/game/823779/feed/live,R,2026,2026-06-04,,day,P,N,N,Regular Season,4,4,1,Final,Final,32,American Family Field,158,Milwaukee Brewers,MIL,9,False,137,San Francisco Giants,SF,12,True,669062,Erik Miller,Erik,Miller,68,1998-02-13,28,"6' 5""",269,1,Pitcher,L,Left,L,Left,,,,,,,,,,,,,,,,,,,,,,,,,,
2026-06-04,823779,,/api/v1.1/game/823779/feed/live,R,2026,2026-06-04,,day,P,N,N,Regular Season,4,4,1,Final,Final,32,American Family Field,158,Milwaukee Brewers,MIL,9,False,137,San Francisco Giants,SF,12,True,694738,Landen Roupp,Landen,Roupp,65,1998-09-10,27,"6' 2""",220,1,Pitcher,R,Right,R,Right,,,,,,,,,,,,,,,,,,,,,,,,,,
2026-06-04,823779,,/api/v1.1/game/823779/feed/live,R,2026,2026-06-04,,day,P,N,N,Regular Season,4,4,1,Final,Final,32,American Family Field,158,Milwaukee Brewers,MIL,9,False,137,San Francisco Giants,SF,12,True,650333,Luis Arraez,Luis,Arraez,1,1997-04-09,29,"5' 10""",186,4,Second Base,L,Left,R,Right,"2-4 | 2B, RBI, R",,4,2,1,0,0,1,1,0,0,0,0,0,5,3,,,,,,,,,,
2026-06-04,823779,,/api/v1.1/game/823779/feed/live,R,2026,2026-06-04,,day,P,N,N,Regular Season,4,4,1,Final,Final,32,American Family Field,158,Milwaukee Brewers,MIL,9,False,137,San Francisco Giants,SF,12,True,805811,Bryce Eldridge,Bryson,Eldridge,8,2004-10-20,21,"6' 7""",251,10,Designated Hitter,L,Left,R,Right,"3-4 | BB, RBI, 2 R",,4,3,0,0,0,1,2,0,1,0,0,0,5,3,,,,,,,,,,
2026-06-04,823779,,/api/v1.1/game/823779/feed/live,R,2026,2026-06-04,,day,P,N,N,Regular Season,4,4,1,Final,Final,32,American Family Field,158,Milwaukee Brewers,MIL,9,False,137,San Francisco Giants,SF,12,True,691740,Daniel Susac,Daniel,Susac,6,2001-05-14,25,"6' 5""",210,2,Catcher,R,Right,R,Right,,,,,,,,,,,,,,,,,,,,,,,,,,
2026-06-04,824919,,/api/v1.1/game/824919/feed/live,R,2026,2026-06-04,,night,P,N,N,Regular Season,3,3,1,Final,Final,4705,Truist Park,144,Atlanta Braves,ATL,2,False,141,Toronto Blue Jays,TOR,7,True,675911,Spencer Strider,Spencer,Strider,99,1998-10-28,27,"6' 0""",195,1,Pitcher,R,Right,R,Right,,,,,,,,,,,,,,,,,,,,,,,,,,
2026-06-04,824919,,/api/v1.1/game/824919/feed/live,R,2026,2026-06-04,,night,P,N,N,Regular Season,3,3,1,Final,Final,4705,Truist Park,144,Atlanta Braves,ATL,2,False,141,Toronto Blue Jays,TOR,7,True,689266,Dylan Dodd,Dylan,Dodd,46,1998-06-06,27,"6' 2""",210,1,Pitcher,L,Left,L,Left,"1.0 IP, 0 ER, K, 0 BB",,,,,,,,,,,,,,,,1.0,0,0,0,1,0,15,0,0,0
2026-06-04,824919,,/api/v1.1/game/824919/feed/live,R,2026,2026-06-04,,night,P,N,N,Regular Season,3,3,1,Final,Final,4705,Truist Park,144,Atlanta Braves,ATL,2,False,141,Toronto Blue Jays,TOR,7,True,669276,Dylan Lee,Dylan,Lee,52,1994-08-01,31,"6' 3""",214,1,Pitcher,L,Left,L,Left,,,,,,,,,,,,,,,,,,,,,,,,,,
2026-06-04,824919,,/api/v1.1/game/824919/feed/live,R,2026,2026-06-04,,night,P,N,N,Regular Season,3,3,1,Final,Final,4705,Truist Park,144,Atlanta Braves,ATL,2,False,141,Toronto Blue Jays,TOR,7,True,663158,Robert Suarez,Robert,Suarez,75,1991-03-01,35,"6' 2""",210,1,Pitcher,R,Right,R,Right,,,,,,,,,,,,,,,,,,,,,,,,,,
2026-06-04,824919,,/api/v1.1/game/824919/feed/live,R,2026,2026-06-04,,night,P,N,N,Regular Season,3,3,1,Final,Final,4705,Truist Park,144,Atlanta Braves,ATL,2,False,141,Toronto Blue Jays,TOR,7,True,671739,Michael Harris II,Michael,Harris,23,2001-03-07,25,"5' 11""",195,8,Outfielder,L,Left,L,Left,"1-3 | 2B, BB, K",,3,1,1,0,0,0,0,1,1,0,0,0,4,2,,,,,,,,,,
2026-06-04,824919,,/api/v1.1/game/824919/feed/live,R,2026,2026-06-04,,night,P,N,N,Regular Season,3,3,1,Final,Final,4705,Truist Park,144,Atlanta Braves,ATL,2,False,141,Toronto Blue Jays,TOR,7,True,622761,Jorge Mateo,Jorge,Mateo,2,1995-06-23,30,"6' 0""",200,6,Shortstop,R,Right,R,Right,0-1 | K,,1,0,0,0,0,0,0,1,0,0,0,0,1,0,,,,,,,,,,
2026-06-04,824919,,/api/v1.1/game/824919/feed/live,R,2026,2026-06-04,,night,P,N,N,Regular Season,3,3,1,Final,Final,4705,Truist Park,144,Atlanta Braves,ATL,2,False,141,Toronto Blue Jays,TOR,7,True,642851,Austin Wynns,Robert,Wynns,16,1990-12-10,35,"6' 1""",190,2,Catcher,R,Right,R,Right,0-0,,0,0,0,0,0,0,0,0,0,0,0,0,0,0,,,,,,,,,,
2026-06-04,824919,,/api/v1.1/game/824919/feed/live,R,2026,2026-06-04,,night,P,N,N,Regular Season,3,3,1,Final,Final,4705,Truist Park,144,Atlanta Braves,ATL,2,False,141,Toronto Blue Jays,TOR,7,True,643289,Mauricio Dubón,Mauricio,Dubón,14,1994-07-19,31,"5' 11""",173,6,Shortstop,R,Right,R,Right,"2-3 | HR, BB, RBI",,3,2,0,0,1,1,1,0,1,0,0,0,4,5,,,,,,,,,,
2026-06-04,824919,,/api/v1.1/game/824919/feed/live,R,2026,2026-06-04,,night,P,N,N,Regular Season,3,3,1,Final,Final,4705,Truist Park,144,Atlanta Braves,ATL,2,False,141,Toronto Blue Jays,TOR,7,True,471911,Carlos Carrasco,Carlos,Carrasco,59,1987-03-21,39,"6' 4""",224,1,Pitcher,R,Right,R,Right,,,,,,,,,,,,,,,,,,,,,,,,,,
2026-06-04,824919,,/api/v1.1/game/824919/feed/live,R,2026,2026-06-04,,night,P,N,N,Regular Season,3,3,1,Final,Final,4705,Truist Park,144,Atlanta Braves,ATL,2,False,141,Toronto Blue Jays,TOR,7,True,800311,Didier Fuentes,Didier,Fuentes,72,2005-06-17,20,"6' 0""",170,1,Pitcher,R,Right,R,Right,"1.1 IP, 0 ER, K, 0 BB",,,,,,,,,,,,,,,,1.1,0,1,0,1,0,18,0,0,0
2026-06-04,824919,,/api/v1.1/game/824919/feed/live,R,2026,2026-06-04,,night,P,N,N,Regular Season,3,3,1,Final,Final,4705,Truist Park,144,Atlanta Braves,ATL,2,False,141,Toronto Blue Jays,TOR,7,True,519242,Chris Sale,Christopher,Sale,51,1989-03-30,37,"6' 6""",180,1,Pitcher,L,Left,L,Left,"5.2 IP, 3 ER, 6 K, 2 BB",,,,,,,,,,,,,,,,5.2,3,10,0,6,2,108,0,1,0
2026-06-04,824919,,/api/v1.1/game/824919/feed/live,R,2026,2026-06-04,,night,P,N,N,Regular Season,3,3,1,Final,Final,4705,Truist Park,144,Atlanta Braves,ATL,2,False,141,Toronto Blue Jays,TOR,7,True,621566,Matt Olson,Matthew,Olson,28,1994-03-29,32,"6' 4""",225,3,First Base,L,Left,R,Right,"0-3 | K, RBI",,3,0,0,0,0,1,0,1,0,0,0,0,4,0,,,,,,,,,,
2026-06-04,824919,,/api/v1.1/game/824919/feed/live,R,2026,2026-06-04,,night,P,N,N,Regular Season,3,3,1,Final,Final,4705,Truist Park,144,Atlanta Braves,ATL,2,False,141,Toronto Blue Jays,TOR,7,True,642086,Dominic Smith,Dominic,Smith,8,1995-06-15,30,"5' 11""",224,10,Designated Hitter,L,Left,L,Left,0-4,,4,0,0,0,0,0,0,0,0,0,0,0,4,0,,,,,,,,,,
2026-06-04,824919,,/api/v1.1/game/824919/feed/live,R,2026,2026-06-04,,night,P,N,N,Regular Season,3,3,1,Final,Final,4705,Truist Park,144,Atlanta Braves,ATL,2,False,141,Toronto Blue Jays,TOR,7,True,660670,Ronald Acuña Jr.,Ronald,Acuña,13,1997-12-18,28,"6' 0""",205,9,Outfielder,R,Right,R,Right,"1-4 | K, R, SB",,4,1,0,0,0,0,1,1,0,1,0,0,4,1,,,,,,,,,,
2026-06-04,824919,,/api/v1.1/game/824919/feed/live,R,2026,2026-06-04,,night,P,N,N,Regular Season,3,3,1,Final,Final,4705,Truist Park,144,Atlanta Braves,ATL,2,False,141,Toronto Blue Jays,TOR,7,True,641755,Tyler Kinley,Tyler,Kinley,45,1991-01-31,35,"6' 4""",220,1,Pitcher,R,Right,R,Right,,,,,,,,,,,,,,,,,,,,,,,,,,
2026-06-04,824919,,/api/v1.1/game/824919/feed/live,R,2026,2026-06-04,,night,P,N,N,Regular Season,3,3,1,Final,Final,4705,Truist Park,144,Atlanta Braves,ATL,2,False,141,Toronto Blue Jays,TOR,7,True,625643,Reynaldo López,Reynaldo,López,40,1994-01-04,32,"6' 1""",225,1,Pitcher,R,Right,R,Right,"1.0 IP, 4 ER, K, BB",,,,,,,,,,,,,,,,1.0,4,5,0,1,1,36,0,0,0
2026-06-04,824919,,/api/v1.1/game/824919/feed/live,R,2026,2026-06-04,,night,P,N,N,Regular Season,3,3,1,Final,Final,4705,Truist Park,144,Atlanta Braves,ATL,2,False,141,Toronto Blue Jays,TOR,7,True,642201,Eli White,Elijah,White,36,1994-06-26,31,"6' 2""",195,8,Outfielder,R,Right,R,Right,,,,,,,,,,,,,,,,,,,,,,,,,,
2026-06-04,824919,,/api/v1.1/game/824919/feed/live,R,2026,2026-06-04,,night,P,N,N,Regular Season,3,3,1,Final,Final,4705,Truist Park,144,Atlanta Braves,ATL,2,False,141,Toronto Blue Jays,TOR,7,True,645277,Ozzie Albies,Ozhaino,Albies,1,1997-01-07,29,"5' 7""",165,4,Second Base,S,Switch,R,Right,0-4,,4,0,0,0,0,0,0,0,0,0,0,0,4,0,,,,,,,,,,
2026-06-04,824919,,/api/v1.1/game/824919/feed/live,R,2026,2026-06-04,,night,P,N,N,Regular Season,3,3,1,Final,Final,4705,Truist Park,144,Atlanta Braves,ATL,2,False,141,Toronto Blue Jays,TOR,7,True,628452,Raisel Iglesias,Raisel,Iglesias,26,1990-01-04,36,"6' 2""",190,1,Pitcher,R,Right,R,Right,,,,,,,,,,,,,,,,,,,,,,,,,,
2026-06-04,824919,,/api/v1.1/game/824919/feed/live,R,2026,2026-06-04,,night,P,N,N,Regular Season,3,3,1,Final,Final,4705,Truist Park,144,Atlanta Braves,ATL,2,False,141,Toronto Blue Jays,TOR,7,True,663586,Austin Riley,Michael,Riley,27,1997-04-02,29,"6' 1""",225,5,Third Base,R,Right,R,Right,0-4 | K,,4,0,0,0,0,0,0,1,0,0,0,0,4,0,,,,,,,,,,
2026-06-04,824919,,/api/v1.1/game/824919/feed/live,R,2026,2026-06-04,,night,P,N,N,Regular Season,3,3,1,Final,Final,4705,Truist Park,144,Atlanta Braves,ATL,2,False,141,Toronto Blue Jays,TOR,7,True,656550,Grant Holmes,Harrison,Holmes,66,1996-03-22,30,"6' 0""",226,1,Pitcher,L,Left,R,Right,,,,,,,,,,,,,,,,,,,,,,,,,,
2026-06-04,824919,,/api/v1.1/game/824919/feed/live,R,2026,2026-06-04,,night,P,N,N,Regular Season,3,3,1,Final,Final,4705,Truist Park,144,Atlanta Braves,ATL,2,False,141,Toronto Blue Jays,TOR,7,True,573262,Mike Yastrzemski,Michael,Yastrzemski,18,1990-08-23,35,"5' 10""",180,7,Outfielder,L,Left,L,Left,0-2 | BB,,2,0,0,0,0,0,0,0,1,0,0,0,3,0,,,,,,,,,,
2026-06-04,824919,,/api/v1.1/game/824919/feed/live,R,2026,2026-06-04,,night,P,N,N,Regular Season,3,3,1,Final,Final,4705,Truist Park,144,Atlanta Braves,ATL,2,False,141,Toronto Blue Jays,TOR,7,True,506702,Sandy León,Sandy,León,9,1989-03-13,37,"5' 9""",235,2,Catcher,S,Switch,R,Right,0-2 | K,,2,0,0,0,0,0,0,1,0,0,0,0,2,0,,,,,,,,,,
2026-06-04,824919,,/api/v1.1/game/824919/feed/live,R,2026,2026-06-04,,night,P,N,N,Regular Season,3,3,1,Final,Final,4705,Truist Park,144,Atlanta Braves,ATL,2,False,141,Toronto Blue Jays,TOR,7,True,673490,Ha-Seong Kim,Ha-Seong,Kim,7,1995-10-17,30,"5' 10""",200,6,Shortstop,R,Right,R,Right,,,,,,,,,,,,,,,,,,,,,,,,,,
2026-06-04,824919,,/api/v1.1/game/824919/feed/live,R,2026,2026-06-04,,night,P,N,N,Regular Season,3,3,1,Final,Final,4705,Truist Park,144,Atlanta Braves,ATL,2,False,141,Toronto Blue Jays,TOR,7,True,693821,Bryce Elder,Bryce,Elder,55,1999-05-19,27,"6' 2""",220,1,Pitcher,R,Right,R,Right,,,,,,,,,,,,,,,,,,,,,,,,,,
2026-06-04,824919,,/api/v1.1/game/824919/feed/live,R,2026,2026-06-04,,night,P,N,N,Regular Season,3,3,1,Final,Final,4705,Truist Park,144,Atlanta Braves,ATL,2,False,141,Toronto Blue Jays,TOR,7,True,527048,Martín Pérez,Martín,Pérez,33,1991-04-04,35,"6' 0""",210,1,Pitcher,L,Left,L,Left,,,,,,,,,,,,,,,,,,,,,,,,,,
2026-06-04,824919,,/api/v1.1/game/824919/feed/live,R,2026,2026-06-04,,night,P,N,N,Regular Season,3,3,1,Final,Final,4705,Truist Park,144,Atlanta Braves,ATL,2,False,141,Toronto Blue Jays,TOR,7,True,693686,Spencer Miles,Spencer,Miles,62,2000-07-26,25,"6' 3""",180,1,Pitcher,L,Left,R,Right,,,,,,,,,,,,,,,,,,,,,,,,,,
2026-06-04,824919,,/api/v1.1/game/824919/feed/live,R,2026,2026-06-04,,night,P,N,N,Regular Season,3,3,1,Final,Final,4705,Truist Park,144,Atlanta Braves,ATL,2,False,141,Toronto Blue Jays,TOR,7,True,671936,Adam Macko,Adam,Macko,64,2000-12-30,25,"6' 0""",170,1,Pitcher,L,Left,L,Left,,,,,,,,,,,,,,,,,,,,,,,,,,
2026-06-04,824919,,/api/v1.1/game/824919/feed/live,R,2026,2026-06-04,,night,P,N,N,Regular Season,3,3,1,Final,Final,4705,Truist Park,144,Atlanta Braves,ATL,2,False,141,Toronto Blue Jays,TOR,7,True,689149,Chad Dallas,John,Dallas,37,2000-06-26,25,"5' 11""",206,1,Pitcher,R,Right,R,Right,"3.2 IP, ER, 2 K, 2 BB",,,,,,,,,,,,,,,,3.2,1,2,0,2,2,68,1,0,0
2026-06-04,824919,,/api/v1.1/game/824919/feed/live,R,2026,2026-06-04,,night,P,N,N,Regular Season,3,3,1,Final,Final,4705,Truist Park,144,Atlanta Braves,ATL,2,False,141,Toronto Blue Jays,TOR,7,True,686973,Louis Varland,Louis,Varland,77,1997-12-09,28,"6' 1""",205,1,Pitcher,L,Left,R,Right,"1.1 IP, 0 ER, K, 0 BB",,,,,,,,,,,,,,,,1.1,0,0,0,1,0,17,0,0,1
2026-06-04,824919,,/api/v1.1/game/824919/feed/live,R,2026,2026-06-04,,night,P,N,N,Regular Season,3,3,1,Final,Final,4705,Truist Park,144,Atlanta Braves,ATL,2,False,141,Toronto Blue Jays,TOR,7,True,676391,Ernie Clement,Ernie,Clement,22,1996-03-22,30,"6' 0""",170,4,Second Base,R,Right,R,Right,3-5 | R,,5,3,0,0,0,0,1,0,0,0,0,0,5,3,,,,,,,,,,
2026-06-04,824919,,/api/v1.1/game/824919/feed/live,R,2026,2026-06-04,,night,P,N,N,Regular Season,3,3,1,Final,Final,4705,Truist Park,144,Atlanta Braves,ATL,2,False,141,Toronto Blue Jays,TOR,7,True,807727,Charles McAdoo,Charles,McAdoo,26,2002-03-06,24,"6' 0""",210,4,Second Base,R,Right,R,Right,"1-3 | K, RBI, R",,3,1,0,0,0,1,1,1,0,0,0,0,3,1,,,,,,,,,,
2026-06-04,824919,,/api/v1.1/game/824919/feed/live,R,2026,2026-06-04,,night,P,N,N,Regular Season,3,3,1,Final,Final,4705,Truist Park,144,Atlanta Braves,ATL,2,False,141,Toronto Blue Jays,TOR,7,True,662139,Daulton Varsho,Daulton,Varsho,5,1996-07-02,29,"5' 8""",207,8,Outfielder,L,Left,R,Right,0-0 | BB,,0,0,0,0,0,0,0,0,1,0,0,0,1,0,,,,,,,,,,
2026-06-04,824919,,/api/v1.1/game/824919/feed/live,R,2026,2026-06-04,,night,P,N,N,Regular Season,3,3,1,Final,Final,4705,Truist Park,144,Atlanta Braves,ATL,2,False,141,Toronto Blue Jays,TOR,7,True,665926,Andrés Giménez,Andrés,Giménez,0,1998-09-04,27,"5' 11""",161,6,Shortstop,L,Left,R,Right,0-2 | K,,2,0,0,0,0,0,0,1,0,0,0,0,2,0,,,,,,,,,,
2026-06-04,824919,,/api/v1.1/game/824919/feed/live,R,2026,2026-06-04,,night,P,N,N,Regular Season,3,3,1,Final,Final,4705,Truist Park,144,Atlanta Braves,ATL,2,False,141,Toronto Blue Jays,TOR,7,True,592332,Kevin Gausman,Kevin,Gausman,34,1991-01-06,35,"6' 2""",205,1,Pitcher,L,Left,R,Right,,,,,,,,,,,,,,,,,,,,,,,,,,
2026-06-04,824919,,/api/v1.1/game/824919/feed/live,R,2026,2026-06-04,,night,P,N,N,Regular Season,3,3,1,Final,Final,4705,Truist Park,144,Atlanta Braves,ATL,2,False,141,Toronto Blue Jays,TOR,7,True,678218,Brandon Valenzuela,Brandon,Valenzuela,59,2000-10-02,25,"6' 0""",225,2,Catcher,S,Switch,R,Right,,,,,,,,,,,,,,,,,,,,,,,,,,
2026-06-04,824919,,/api/v1.1/game/824919/feed/live,R,2026,2026-06-04,,night,P,N,N,Regular Season,3,3,1,Final,Final,4705,Truist Park,144,Atlanta Braves,ATL,2,False,141,Toronto Blue Jays,TOR,7,True,656546,Jeff Hoffman,Jeffrey,Hoffman,23,1993-01-08,33,"6' 5""",235,1,Pitcher,R,Right,R,Right,"1.0 IP, 0 ER, K, 0 BB",,,,,,,,,,,,,,,,1.0,0,0,0,1,0,9,0,0,0
2026-06-04,824919,,/api/v1.1/game/824919/feed/live,R,2026,2026-06-04,,night,P,N,N,Regular Season,3,3,1,Final,Final,4705,Truist Park,144,Atlanta Braves,ATL,2,False,141,Toronto Blue Jays,TOR,7,True,657756,Connor Seabold,Connor,Seabold,40,1996-01-24,30,"6' 2""",190,1,Pitcher,R,Right,R,Right,,,,,,,,,,,,,,,,,,,,,,,,,,
2026-06-04,824919,,/api/v1.1/game/824919/feed/live,R,2026,2026-06-04,,night,P,N,N,Regular Season,3,3,1,Final,Final,4705,Truist Park,144,Atlanta Braves,ATL,2,False,141,Toronto Blue Jays,TOR,7,True,702056,Trey Yesavage,Trey,Yesavage,39,2003-07-28,22,"6' 4""",225,1,Pitcher,R,Right,R,Right,,,,,,,,,,,,,,,,,,,,,,,,,,
2026-06-04,824919,,/api/v1.1/game/824919/feed/live,R,2026,2026-06-04,,night,P,N,N,Regular Season,3,3,1,Final,Final,4705,Truist Park,144,Atlanta Braves,ATL,2,False,141,Toronto Blue Jays,TOR,7,True,664770,Nathan Lukes,Nathan,Lukes,38,1994-07-12,31,"5' 11""",180,9,Outfielder,L,Left,R,Right,"2-3 | BB, HBP, RBI",,3,2,0,0,0,1,1,0,1,0,0,0,5,2,,,,,,,,,,
2026-06-04,824919,,/api/v1.1/game/824919/feed/live,R,2026,2026-06-04,,night,P,N,N,Regular Season,3,3,1,Final,Final,4705,Truist Park,144,Atlanta Braves,ATL,2,False,141,Toronto Blue Jays,TOR,7,True,543807,George Springer,George,Springer,4,1989-09-19,36,"6' 1""",220,10,Designated Hitter,R,Right,R,Right,"1-5 | 2B, BB",,5,1,1,0,0,0,0,0,1,0,0,0,6,2,,,,,,,,,,
2026-06-04,824919,,/api/v1.1/game/824919/feed/live,R,2026,2026-06-04,,night,P,N,N,Regular Season,3,3,1,Final,Final,4705,Truist Park,144,Atlanta Braves,ATL,2,False,141,Toronto Blue Jays,TOR,7,True,682818,Yohendrick Piñango,Yohendrick,Pinango,24,2002-05-07,24,"5' 10""",170,7,Outfielder,L,Left,L,Left,0-4 | 3 K,,4,0,0,0,0,0,0,3,0,0,0,0,4,0,,,,,,,,,,
2026-06-04,824919,,/api/v1.1/game/824919/feed/live,R,2026,2026-06-04,,night,P,N,N,Regular Season,3,3,1,Final,Final,4705,Truist Park,144,Atlanta Braves,ATL,2,False,141,Toronto Blue Jays,TOR,7,True,689254,Mason Fluharty,Mason,Fluharty,68,2001-08-13,24,"6' 2""",215,1,Pitcher,R,Right,L,Left,"1.1 IP, 0 ER, K, BB",,,,,,,,,,,,,,,,1.1,0,1,0,1,1,25,0,0,0
2026-06-04,824919,,/api/v1.1/game/824919/feed/live,R,2026,2026-06-04,,night,P,N,N,Regular Season,3,3,1,Final,Final,4705,Truist Park,144,Atlanta Braves,ATL,2,False,141,Toronto Blue Jays,TOR,7,True,684320,Yariel Rodríguez,Yariel,Rodriguez,29,1997-03-10,29,"6' 0""",165,1,Pitcher,R,Right,R,Right,,,,,,,,,,,,,,,,,,,,,,,,,,
2026-06-04,824919,,/api/v1.1/game/824919/feed/live,R,2026,2026-06-04,,night,P,N,N,Regular Season,3,3,1,Final,Final,4705,Truist Park,144,Atlanta Braves,ATL,2,False,141,Toronto Blue Jays,TOR,7,True,680755,Braydon Fisher,Braydon,Fisher,63,2000-07-26,25,"6' 4""",180,1,Pitcher,R,Right,R,Right,"0.2 IP, ER, K, 0 BB",,,,,,,,,,,,,,,,0.2,1,1,1,1,0,9,0,0,0
2026-06-04,824919,,/api/v1.1/game/824919/feed/live,R,2026,2026-06-04,,night,P,N,N,Regular Season,3,3,1,Final,Final,4705,Truist Park,144,Atlanta Braves,ATL,2,False,141,Toronto Blue Jays,TOR,7,True,623168,Tyler Heineman,Tyler,Heineman,55,1991-06-19,34,"5' 10""",190,2,Catcher,S,Switch,R,Right,"2-5 | 2B, K, 2 RBI",,5,2,1,0,0,2,0,1,0,0,0,0,5,3,,,,,,,,,,
2026-06-04,824919,,/api/v1.1/game/824919/feed/live,R,2026,2026-06-04,,night,P,N,N,Regular Season,3,3,1,Final,Final,4705,Truist Park,144,Atlanta Braves,ATL,2,False,141,Toronto Blue Jays,TOR,7,True,643511,Tyler Rogers,Tyler,Rogers,71,1990-12-17,35,"6' 3""",180,1,Pitcher,R,Right,R,Right,"1.0 IP, 0 ER, 0 K, 0 BB",,,,,,,,,,,,,,,,1.0,0,0,0,0,0,12,0,0,0
2026-06-04,824919,,/api/v1.1/game/824919/feed/live,R,2026,2026-06-04,,night,P,N,N,Regular Season,3,3,1,Final,Final,4705,Truist Park,144,Atlanta Braves,ATL,2,False,141,Toronto Blue Jays,TOR,7,True,665489,Vladimir Guerrero Jr.,Vladimir,Guerrero,27,1999-03-16,27,"6' 0""",245,3,First Base,R,Right,R,Right,"3-5 | 2B, 2 R",,5,3,1,0,0,0,2,0,0,0,0,0,5,4,,,,,,,,,,
2026-06-04,824919,,/api/v1.1/game/824919/feed/live,R,2026,2026-06-04,,night,P,N,N,Regular Season,3,3,1,Final,Final,4705,Truist Park,144,Atlanta Braves,ATL,2,False,141,Toronto Blue Jays,TOR,7,True,571578,Patrick Corbin,Patrick,Corbin,46,1989-07-19,36,"6' 4""",225,1,Pitcher,L,Left,L,Left,,,,,,,,,,,,,,,,,,,,,,,,,,
2026-06-04,824919,,/api/v1.1/game/824919/feed/live,R,2026,2026-06-04,,night,P,N,N,Regular Season,3,3,1,Final,Final,4705,Truist Park,144,Atlanta Braves,ATL,2,False,141,Toronto Blue Jays,TOR,7,True,660821,Jesús Sánchez,Jesús,Sánchez,12,1997-10-07,28,"6' 3""",222,9,Outfielder,L,Left,R,Right,,,,,,,,,,,,,,,,,,,,,,,,,,
2026-06-04,824919,,/api/v1.1/game/824919/feed/live,R,2026,2026-06-04,,night,P,N,N,Regular Season,3,3,1,Final,Final,4705,Truist Park,144,Atlanta Braves,ATL,2,False,141,Toronto Blue Jays,TOR,7,True,664702,Myles Straw,Myles,Straw,3,1994-10-17,31,"5' 9""",178,9,Outfielder,R,Right,R,Right,"2-5 | K, 3 RBI, R",,5,2,0,0,0,3,1,1,0,0,0,0,5,2,,,,,,,,,,
2026-06-04,824919,,/api/v1.1/game/824919/feed/live,R,2026,2026-06-04,,night,P,N,N,Regular Season,3,3,1,Final,Final,4705,Truist Park,144,Atlanta Braves,ATL,2,False,141,Toronto Blue Jays,TOR,7,True,672960,Kazuma Okamoto,Kazuma,Okamoto,7,1996-06-30,29,"6' 1""",220,5,Third Base,R,Right,R,Right,"2-5 | 2 K, R",,5,2,0,0,0,0,1,2,0,0,0,0,5,2,,,,,,,,,,
2026-06-04,823698,,/api/v1.1/game/823698/feed/live,R,2026,2026-06-04,,night,P,N,N,Regular Season,1,4,1,Final,Final,3312,Target Field,142,Minnesota Twins,MIN,6,False,118,Kansas City Royals,KC,8,True,689520,Cody Laweryson,Cody,Laweryson,65,1998-05-10,28,"6' 4""",205,1,Pitcher,L,Left,R,Right,,,,,,,,,,,,,,,,,,,,,,,,,,
2026-06-04,823698,,/api/v1.1/game/823698/feed/live,R,2026,2026-06-04,,night,P,N,N,Regular Season,1,4,1,Final,Final,3312,Target Field,142,Minnesota Twins,MIN,6,False,118,Kansas City Royals,KC,8,True,671737,Taj Bradley,Taj,Bradley,26,2001-03-20,25,"6' 2""",220,1,Pitcher,R,Right,R,Right,,,,,,,,,,,,,,,,,,,,,,,,,,
2026-06-04,823698,,/api/v1.1/game/823698/feed/live,R,2026,2026-06-04,,night,P,N,N,Regular Season,1,4,1,Final,Final,3312,Target Field,142,Minnesota Twins,MIN,6,False,118,Kansas City Royals,KC,8,True,605170,Victor Caratini,Victor,Caratini,37,1993-08-17,32,"6' 0""",225,2,Catcher,S,Switch,R,Right,"3-4 | HR, 2B, 2 RBI",,4,3,1,0,1,2,1,0,0,0,0,0,4,7,,,,,,,,,,
2026-06-04,823698,,/api/v1.1/game/823698/feed/live,R,2026,2026-06-04,,night,P,N,N,Regular Season,1,4,1,Final,Final,3312,Target Field,142,Minnesota Twins,MIN,6,False,118,Kansas City Royals,KC,8,True,665019,Kody Clemens,Kody,Clemens,2,1996-05-15,30,"6' 0""",200,3,First Base,L,Left,R,Right,"2-4 | 2 HR, 2 RBI, 2 R",,4,2,0,0,2,2,2,0,0,0,0,0,4,8,,,,,,,,,,
2026-06-04,823698,,/api/v1.1/game/823698/feed/live,R,2026,2026-06-04,,night,P,N,N,Regular Season,1,4,1,Final,Final,3312,Target Field,142,Minnesota Twins,MIN,6,False,118,Kansas City Royals,KC,8,True,686797,Brooks Lee,Brooks,Lee,22,2001-02-14,25,"6' 0""",205,6,Shortstop,S,Switch,R,Right,0-5 | K,,5,0,0,0,0,0,0,1,0,0,0,0,5,0,,,,,,,,,,
2026-06-04,823698,,/api/v1.1/game/823698/feed/live,R,2026,2026-06-04,,night,P,N,N,Regular Season,1,4,1,Final,Final,3312,Target Field,142,Minnesota Twins,MIN,6,False,118,Kansas City Royals,KC,8,True,668885,Austin Martin,Christopher,Martin,16,1999-03-23,27,"5' 10""",185,9,Outfielder,R,Right,R,Right,0-4 | 2 K,,4,0,0,0,0,0,0,2,0,0,0,0,4,0,,,,,,,,,,
2026-06-04,823698,,/api/v1.1/game/823698/feed/live,R,2026,2026-06-04,,night,P,N,N,Regular Season,1,4,1,Final,Final,3312,Target Field,142,Minnesota Twins,MIN,6,False,118,Kansas City Royals,KC,8,True,656484,Tristan Gray,Tristan,Gray,4,1996-03-22,30,"6' 1""",215,5,Third Base,L,Left,R,Right,0-1,,1,0,0,0,0,0,0,0,0,0,0,0,1,0,,,,,,,,,,
2026-06-04,823698,,/api/v1.1/game/823698/feed/live,R,2026,2026-06-04,,night,P,N,N,Regular Season,1,4,1,Final,Final,3312,Target Field,142,Minnesota Twins,MIN,6,False,118,Kansas City Royals,KC,8,True,607455,Anthony Banda,Frank,Banda,43,1993-08-10,32,"6' 2""",221,1,Pitcher,L,Left,L,Left,"0.1 IP, 0 ER, 0 K, 0 BB",,,,,,,,,,,,,,,,0.1,0,1,0,0,0,8,0,0,0
2026-06-04,823698,,/api/v1.1/game/823698/feed/live,R,2026,2026-06-04,,night,P,N,N,Regular Season,1,4,1,Final,Final,3312,Target Field,142,Minnesota Twins,MIN,6,False,118,Kansas City Royals,KC,8,True,605137,Josh Bell,Joshua,Bell,56,1992-08-14,33,"6' 3""",261,10,Designated Hitter,S,Switch,R,Right,0-1,,1,0,0,0,0,0,0,0,0,0,0,0,1,0,,,,,,,,,,
2026-06-04,823698,,/api/v1.1/game/823698/feed/live,R,2026,2026-06-04,,night,P,N,N,Regular Season,1,4,1,Final,Final,3312,Target Field,142,Minnesota Twins,MIN,6,False,118,Kansas City Royals,KC,8,True,702474,Mike Paredes,Michael,Paredes,53,2000-07-27,25,"5' 11""",185,1,Pitcher,R,Right,R,Right,"3.2 IP, 3 ER, K, BB",,,,,,,,,,,,,,,,3.2,3,2,1,1,1,50,0,0,0
2026-06-04,823698,,/api/v1.1/game/823698/feed/live,R,2026,2026-06-04,,night,P,N,N,Regular Season,1,4,1,Final,Final,3312,Target Field,142,Minnesota Twins,MIN,6,False,118,Kansas City Royals,KC,8,True,687570,Connor Prielipp,Connor,Prielipp,61,2001-01-10,25,"6' 2""",210,1,Pitcher,L,Left,L,Left,,,,,,,,,,,,,,,,,,,,,,,,,,
2026-06-04,823698,,/api/v1.1/game/823698/feed/live,R,2026,2026-06-04,,night,P,N,N,Regular Season,1,4,1,Final,Final,3312,Target Field,142,Minnesota Twins,MIN,6,False,118,Kansas City Royals,KC,8,True,664875,Justin Lawrence,Justin,Lawrence,31,1994-11-25,31,"6' 3""",211,1,Pitcher,R,Right,R,Right,"0.2 IP, 0 ER, 2 K, 2 BB",,,,,,,,,,,,,,,,0.2,0,1,0,2,2,24,0,0,0
2026-06-04,823698,,/api/v1.1/game/823698/feed/live,R,2026,2026-06-04,,night,P,N,N,Regular Season,1,4,1,Final,Final,3312,Target Field,142,Minnesota Twins,MIN,6,False,118,Kansas City Royals,KC,8,True,681546,James Outman,James,Outman,30,1997-05-14,29,"6' 2""",215,8,Outfielder,L,Left,R,Right,0-2 | 2 K,,2,0,0,0,0,0,0,2,0,0,0,0,2,0,,,,,,,,,,
2026-06-04,823698,,/api/v1.1/game/823698/feed/live,R,2026,2026-06-04,,night,P,N,N,Regular Season,1,4,1,Final,Final,3312,Target Field,142,Minnesota Twins,MIN,6,False,118,Kansas City Royals,KC,8,True,668952,Ryan Kreidler,Ryan,Kreidler,5,1997-11-12,28,"6' 3""",208,8,Outfielder,R,Right,R,Right,"1-3 | 3B, RBI",,3,1,0,1,0,1,0,0,0,0,0,0,3,3,,,,,,,,,,
2026-06-04,823698,,/api/v1.1/game/823698/feed/live,R,2026,2026-06-04,,night,P,N,N,Regular Season,1,4,1,Final,Final,3312,Target Field,142,Minnesota Twins,MIN,6,False,118,Kansas City Royals,KC,8,True,573124,Taylor Rogers,Taylor,Rogers,55,1990-12-17,35,"6' 3""",190,1,Pitcher,L,Left,L,Left,"0.2 IP, 2 ER, 0 K, 0 BB",,,,,,,,,,,,,,,,0.2,2,2,0,0,0,11,0,1,0
2026-06-04,823698,,/api/v1.1/game/823698/feed/live,R,2026,2026-06-04,,night,P,N,N,Regular Season,1,4,1,Final,Final,3312,Target Field,142,Minnesota Twins,MIN,6,False,118,Kansas City Royals,KC,8,True,701519,Travis Adams,Travis,Adams,45,2000-01-19,26,"6' 1""",197,1,Pitcher,R,Right,R,Right,,,,,,,,,,,,,,,,,,,,,,,,,,
2026-06-04,823698,,/api/v1.1/game/823698/feed/live,R,2026,2026-06-04,,night,P,N,N,Regular Season,1,4,1,Final,Final,3312,Target Field,142,Minnesota Twins,MIN,6,False,118,Kansas City Royals,KC,8,True,606115,Orlando Arcia,Orlando,Arcia,11,1994-08-04,31,"5' 11""",187,6,Shortstop,R,Right,R,Right,0-2,,2,0,0,0,0,0,0,0,0,0,0,0,2,0,,,,,,,,,,
2026-06-04,823698,,/api/v1.1/game/823698/feed/live,R,2026,2026-06-04,,night,P,N,N,Regular Season,1,4,1,Final,Final,3312,Target Field,142,Minnesota Twins,MIN,6,False,118,Kansas City Royals,KC,8,True,663616,Trevor Larnach,Trevor,Larnach,9,1997-02-26,29,"6' 3""",223,7,Outfielder,L,Left,R,Right,"1-3 | K, R",,3,1,0,0,0,0,1,1,0,0,0,0,3,1,,,,,,,,,,
2026-06-04,823698,,/api/v1.1/game/823698/feed/live,R,2026,2026-06-04,,night,P,N,N,Regular Season,1,4,1,Final,Final,3312,Target Field,142,Minnesota Twins,MIN,6,False,118,Kansas City Royals,KC,8,True,621439,Byron Buxton,Byron,Buxton,25,1993-12-18,32,"6' 1""",190,8,Outfielder,R,Right,R,Right,"2-4 | HR, BB, RBI",,4,2,0,0,1,1,1,0,1,0,0,0,5,5,,,,,,,,,,
2026-06-04,823698,,/api/v1.1/game/823698/feed/live,R,2026,2026-06-04,,night,P,N,N,Regular Season,1,4,1,Final,Final,3312,Target Field,142,Minnesota Twins,MIN,6,False,118,Kansas City Royals,KC,8,True,672782,Yoendrys Gómez,Yoendrys,Gómez,94,1999-10-15,26,"6' 3""",212,1,Pitcher,R,Right,R,Right,"0.2 IP, 0 ER, 2 K, BB",,,,,,,,,,,,,,,,0.2,0,0,0,2,1,18,0,0,0
2026-06-04,823698,,/api/v1.1/game/823698/feed/live,R,2026,2026-06-04,,night,P,N,N,Regular Season,1,4,1,Final,Final,3312,Target Field,142,Minnesota Twins,MIN,6,False,118,Kansas City Royals,KC,8,True,805673,Zebby Matthews,Daniel,Matthews,52,2000-05-22,26,"6' 5""",225,1,Pitcher,R,Right,R,Right,,,,,,,,,,,,,,,,,,,,,,,,,,
2026-06-04,823698,,/api/v1.1/game/823698/feed/live,R,2026,2026-06-04,,night,P,N,N,Regular Season,1,4,1,Final,Final,3312,Target Field,142,Minnesota Twins,MIN,6,False,118,Kansas City Royals,KC,8,True,657746,Joe Ryan,Joseph,Ryan,41,1996-06-05,30,"6' 2""",205,1,Pitcher,R,Right,R,Right,,,,,,,,,,,,,,,,,,,,,,,,,,
2026-06-04,823698,,/api/v1.1/game/823698/feed/live,R,2026,2026-06-04,,night,P,N,N,Regular Season,1,4,1,Final,Final,3312,Target Field,142,Minnesota Twins,MIN,6,False,118,Kansas City Royals,KC,8,True,679358,Eric Orze,Eric,Orze,19,1997-08-21,28,"6' 4""",205,1,Pitcher,R,Right,R,Right,"1.0 IP, 0 ER, 0 K, BB",,,,,,,,,,,,,,,,1.0,0,1,0,0,1,16,0,0,0
2026-06-04,823698,,/api/v1.1/game/823698/feed/live,R,2026,2026-06-04,,night,P,N,N,Regular Season,1,4,1,Final,Final,3312,Target Field,142,Minnesota Twins,MIN,6,False,118,Kansas City Royals,KC,8,True,656577,Alex Jackson,Alexander,Jackson,70,1995-12-25,30,"6' 1""",238,2,Catcher,R,Right,R,Right,,,,,,,,,,,,,,,,,,,,,,,,,,
2026-06-04,823698,,/api/v1.1/game/823698/feed/live,R,2026,2026-06-04,,night,P,N,N,Regular Season,1,4,1,Final,Final,3312,Target Field,142,Minnesota Twins,MIN,6,False,118,Kansas City Royals,KC,8,True,702193,Andrew Morris,Andrew,Morris,78,2001-09-01,24,"6' 0""",195,1,Pitcher,R,Right,R,Right,"2.0 IP, 2 ER, 2 K, BB",,,,,,,,,,,,,,,,2.0,2,5,0,2,1,48,0,0,0
2026-06-04,823698,,/api/v1.1/game/823698/feed/live,R,2026,2026-06-04,,night,P,N,N,Regular Season,1,4,1,Final,Final,3312,Target Field,142,Minnesota Twins,MIN,6,False,118,Kansas City Royals,KC,8,True,807712,Luke Keaschall,Luke,Keaschall,15,2002-08-15,23,"6' 0""",190,4,Second Base,R,Right,R,Right,"0-3 | BB, K, R",,3,0,0,0,0,0,1,1,1,0,0,0,4,0,,,,,,,,,,
2026-06-04,823698,,/api/v1.1/game/823698/feed/live,R,2026,2026-06-04,,night,P,N,N,Regular Season,1,4,1,Final,Final,3312,Target Field,142,Minnesota Twins,MIN,6,False,118,Kansas City Royals,KC,8,True,695600,Carter Jensen,Carter,Jensen,22,2003-07-03,22,"6' 0""",210,2,Catcher,L,Left,R,Right,"1-6 | 2B, 3 K, 2 RBI",,6,1,1,0,0,2,1,3,0,0,0,0,6,2,,,,,,,,,,
2026-06-04,823698,,/api/v1.1/game/823698/feed/live,R,2026,2026-06-04,,night,P,N,N,Regular Season,1,4,1,Final,Final,3312,Target Field,142,Minnesota Twins,MIN,6,False,118,Kansas City Royals,KC,8,True,686475,Tyler Tolbert,Tyler,Tolbert,2,1998-01-27,28,"5' 10""",185,4,Second Base,R,Right,R,Right,0-0 | R,,0,0,0,0,0,0,1,0,0,0,0,0,0,0,,,,,,,,,,
2026-06-04,823698,,/api/v1.1/game/823698/feed/live,R,2026,2026-06-04,,night,P,N,N,Regular Season,1,4,1,Final,Final,3312,Target Field,142,Minnesota Twins,MIN,6,False,118,Kansas City Royals,KC,8,True,696131,Mason Black,Mason,Black,47,1999-12-10,26,"6' 3""",228,1,Pitcher,R,Right,R,Right,,,,,,,,,,,,,,,,,,,,,,,,,,
2026-06-04,823698,,/api/v1.1/game/823698/feed/live,R,2026,2026-06-04,,night,P,N,N,Regular Season,1,4,1,Final,Final,3312,Target Field,142,Minnesota Twins,MIN,6,False,118,Kansas City Royals,KC,8,True,668942,Josh Rojas,Joshua,Rojas,40,1994-06-30,31,"6' 1""",200,5,Third Base,L,Left,R,Right,1-1 | 2 RBI,,1,1,0,0,0,2,0,0,0,0,0,0,1,1,,,,,,,,,,
2026-06-04,823698,,/api/v1.1/game/823698/feed/live,R,2026,2026-06-04,,night,P,N,N,Regular Season,1,4,1,Final,Final,3312,Target Field,142,Minnesota Twins,MIN,6,False,118,Kansas City Royals,KC,8,True,686555,Isaac Collins,Isaac,Collins,1,1997-07-22,28,"5' 8""",188,7,Outfielder,S,Switch,R,Right,"1-3 | BB, R",,3,1,0,0,0,0,1,0,1,0,0,0,5,1,,,,,,,,,,
2026-06-04,823698,,/api/v1.1/game/823698/feed/live,R,2026,2026-06-04,,night,P,N,N,Regular Season,1,4,1,Final,Final,3312,Target Field,142,Minnesota Twins,MIN,6,False,118,Kansas City Royals,KC,8,True,521692,Salvador Perez,Salvador,Perez,13,1990-05-10,36,"6' 2""",255,2,Catcher,R,Right,R,Right,1-4 | RBI,,4,1,0,0,0,1,0,0,0,0,0,0,5,1,,,,,,,,,,
2026-06-04,823698,,/api/v1.1/game/823698/feed/live,R,2026,2026-06-04,,night,P,N,N,Regular Season,1,4,1,Final,Final,3312,Target Field,142,Minnesota Twins,MIN,6,False,118,Kansas City Royals,KC,8,True,679883,Luinder Avila,Luinder,Avila,58,2001-08-21,24,"6' 3""",195,1,Pitcher,R,Right,R,Right,,,,,,,,,,,,,,,,,,,,,,,,,,
2026-06-04,823698,,/api/v1.1/game/823698/feed/live,R,2026,2026-06-04,,night,P,N,N,Regular Season,1,4,1,Final,Final,3312,Target Field,142,Minnesota Twins,MIN,6,False,118,Kansas City Royals,KC,8,True,679845,Nick Loftin,Nicholas,Loftin,12,1998-09-25,27,"5' 11""",180,4,Second Base,R,Right,R,Right,1-4 | R,,4,1,0,0,0,0,1,0,0,0,0,0,4,1,,,,,,,,,,
2026-06-04,823698,,/api/v1.1/game/823698/feed/live,R,2026,2026-06-04,,night,P,N,N,Regular Season,1,4,1,Final,Final,3312,Target Field,142,Minnesota Twins,MIN,6,False,118,Kansas City Royals,KC,8,True,668674,Lucas Erceg,Lucas,Erceg,60,1995-05-01,31,"6' 2""",214,1,Pitcher,L,Left,R,Right,,,,,,,,,,,,,,,,,,,,,,,,,,
2026-06-04,823698,,/api/v1.1/game/823698/feed/live,R,2026,2026-06-04,,night,P,N,N,Regular Season,1,4,1,Final,Final,3312,Target Field,142,Minnesota Twins,MIN,6,False,118,Kansas City Royals,KC,8,True,686681,Michael Massey,Michael,Massey,19,1998-03-22,28,"6' 0""",195,4,Second Base,L,Left,R,Right,"2-4 | HR, RBI, R",,4,2,0,0,1,1,1,0,0,0,0,0,4,5,,,,,,,,,,
2026-06-04,823698,,/api/v1.1/game/823698/feed/live,R,2026,2026-06-04,,night,P,N,N,Regular Season,1,4,1,Final,Final,3312,Target Field,142,Minnesota Twins,MIN,6,False,118,Kansas City Royals,KC,8,True,516782,Starling Marte,Starling,Marte,0,1988-10-09,37,"6' 0""",195,9,Outfielder,R,Right,R,Right,0-0,,0,0,0,0,0,0,0,0,0,0,0,0,0,0,,,,,,,,,,
2026-06-04,823698,,/api/v1.1/game/823698/feed/live,R,2026,2026-06-04,,night,P,N,N,Regular Season,1,4,1,Final,Final,3312,Target Field,142,Minnesota Twins,MIN,6,False,118,Kansas City Royals,KC,8,True,621381,Matt Strahm,Matthew,Strahm,25,1991-11-12,34,"6' 2""",190,1,Pitcher,R,Right,L,Left,"1.0 IP, 0 ER, 0 K, 0 BB",,,,,,,,,,,,,,,,1.0,0,0,0,0,0,10,1,0,0
2026-06-04,823698,,/api/v1.1/game/823698/feed/live,R,2026,2026-06-04,,night,P,N,N,Regular Season,1,4,1,Final,Final,3312,Target Field,142,Minnesota Twins,MIN,6,False,118,Kansas City Royals,KC,8,True,694360,Beck Way,Beck,Way,44,1999-08-06,26,"6' 4""",200,1,Pitcher,R,Right,R,Right,,,,,,,,,,,,,,,,,,,,,,,,,,
2026-06-04,823698,,/api/v1.1/game/823698/feed/live,R,2026,2026-06-04,,night,P,N,N,Regular Season,1,4,1,Final,Final,3312,Target Field,142,Minnesota Twins,MIN,6,False,118,Kansas City Royals,KC,8,True,686469,Vinnie Pasquantino,Vincent,Pasquantino,9,1997-10-10,28,"6' 3""",245,3,First Base,L,Left,L,Left,"0-4 | BB, K",,4,0,0,0,0,0,0,1,1,0,0,0,5,0,,,,,,,,,,
2026-06-04,823698,,/api/v1.1/game/823698/feed/live,R,2026,2026-06-04,,night,P,N,N,Regular Season,1,4,1,Final,Final,3312,Target Field,142,Minnesota Twins,MIN,6,False,118,Kansas City Royals,KC,8,True,664728,Kyle Isbel,Kyle,Isbel,28,1997-03-03,29,"5' 10""",190,8,Outfielder,L,Left,R,Right,"2-4 | BB, K, R",,4,2,0,0,0,0,1,1,1,0,0,0,5,2,,,,,,,,,,
2026-06-04,823698,,/api/v1.1/game/823698/feed/live,R,2026,2026-06-04,,night,P,N,N,Regular Season,1,4,1,Final,Final,3312,Target Field,142,Minnesota Twins,MIN,6,False,118,Kansas City Royals,KC,8,True,663738,Daniel Lynch IV,Daniel,Lynch,41,1996-11-17,29,"6' 6""",200,1,Pitcher,L,Left,L,Left,"1.0 IP, 0 ER, K, 0 BB",,,,,,,,,,,,,,,,1.0,0,1,0,1,0,12,0,0,0
2026-06-04,823698,,/api/v1.1/game/823698/feed/live,R,2026,2026-06-04,,night,P,N,N,Regular Season,1,4,1,Final,Final,3312,Target Field,142,Minnesota Twins,MIN,6,False,118,Kansas City Royals,KC,8,True,608379,Michael Wacha,Michael,Wacha,52,1991-07-01,34,"6' 6""",215,1,Pitcher,R,Right,R,Right,,,,,,,,,,,,,,,,,,,,,,,,,,
2026-06-04,823698,,/api/v1.1/game/823698/feed/live,R,2026,2026-06-04,,night,P,N,N,Regular Season,1,4,1,Final,Final,3312,Target Field,142,Minnesota Twins,MIN,6,False,118,Kansas City Royals,KC,8,True,672580,Maikel Garcia,Maikel,Garcia,11,2000-03-03,26,"6' 1""",180,5,Third Base,R,Right,R,Right,0-0 | BB,,0,0,0,0,0,0,0,0,1,0,0,0,1,0,,,,,,,,,,
2026-06-04,823698,,/api/v1.1/game/823698/feed/live,R,2026,2026-06-04,,night,P,N,N,Regular Season,1,4,1,Final,Final,3312,Target Field,142,Minnesota Twins,MIN,6,False,118,Kansas City Royals,KC,8,True,607625,Seth Lugo,Jacob,Lugo,67,1989-11-17,36,"6' 4""",225,1,Pitcher,R,Right,R,Right,"5.0 IP, 5 ER, 4 K, BB",,,,,,,,,,,,,,,,5.0,5,6,3,4,1,92,0,0,0
2026-06-04,823698,,/api/v1.1/game/823698/feed/live,R,2026,2026-06-04,,night,P,N,N,Regular Season,1,4,1,Final,Final,3312,Target Field,142,Minnesota Twins,MIN,6,False,118,Kansas City Royals,KC,8,True,657041,Lane Thomas,Lane,Thomas,15,1995-08-23,30,"5' 11""",195,8,Outfielder,R,Right,R,Right,1-1 | R,,1,1,0,0,0,0,1,0,0,0,0,0,1,1,,,,,,,,,,
2026-06-04,823698,,/api/v1.1/game/823698/feed/live,R,2026,2026-06-04,,night,P,N,N,Regular Season,1,4,1,Final,Final,3312,Target Field,142,Minnesota Twins,MIN,6,False,118,Kansas City Royals,KC,8,True,656638,Alex Lange,Alexander,Lange,56,1995-10-02,30,"6' 3""",202,1,Pitcher,R,Right,R,Right,0-0,,0,0,0,0,0,0,0,0,0,0,0,0,0,0,1.0,0,1,0,0,1,20,0,0,1
2026-06-04,823698,,/api/v1.1/game/823698/feed/live,R,2026,2026-06-04,,night,P,N,N,Regular Season,1,4,1,Final,Final,3312,Target Field,142,Minnesota Twins,MIN,6,False,118,Kansas City Royals,KC,8,True,702070,Noah Cameron,Noah,Cameron,65,1999-07-17,26,"6' 3""",220,1,Pitcher,L,Left,L,Left,,,,,,,,,,,,,,,,,,,,,,,,,,
2026-06-04,823698,,/api/v1.1/game/823698/feed/live,R,2026,2026-06-04,,night,P,N,N,Regular Season,1,4,1,Final,Final,3312,Target Field,142,Minnesota Twins,MIN,6,False,118,Kansas City Royals,KC,8,True,695506,Jac Caglianone,Jeffrey,Caglianone,14,2003-02-09,23,"6' 4""",250,9,Outfielder,L,Left,L,Left,1-3 | BB,,3,1,0,0,0,0,0,0,1,0,0,0,4,1,,,,,,,,,,
2026-06-04,823698,,/api/v1.1/game/823698/feed/live,R,2026,2026-06-04,,night,P,N,N,Regular Season,1,4,1,Final,Final,3312,Target Field,142,Minnesota Twins,MIN,6,False,118,Kansas City Royals,KC,8,True,677951,Bobby Witt Jr.,Robert,Witt,7,2000-06-14,25,"6' 1""",200,6,Shortstop,R,Right,R,Right,"1-5 | BB, 2 K, R",,5,1,0,0,0,0,1,2,1,1,0,0,6,1,,,,,,,,,,
2026-06-04,823698,,/api/v1.1/game/823698/feed/live,R,2026,2026-06-04,,night,P,N,N,Regular Season,1,4,1,Final,Final,3312,Target Field,142,Minnesota Twins,MIN,6,False,118,Kansas City Royals,KC,8,True,674444,Steven Cruz,Steven,Cruz,64,1999-06-15,26,"6' 7""",225,1,Pitcher,R,Right,R,Right,,,,,,,,,,,,,,,,,,,,,,,,,,
2026-06-04,823698,,/api/v1.1/game/823698/feed/live,R,2026,2026-06-04,,night,P,N,N,Regular Season,1,4,1,Final,Final,3312,Target Field,142,Minnesota Twins,MIN,6,False,118,Kansas City Royals,KC,8,True,670167,John Schreiber,John,Schreiber,46,1994-03-05,32,"6' 2""",224,1,Pitcher,R,Right,R,Right,"1.0 IP, ER, 2 K, 0 BB",,,,,,,,,,,,,,,,1.0,1,1,1,2,0,15,0,0,0
2026-06-04,824672,,/api/v1.1/game/824672/feed/live,R,2026,2026-06-04,,night,P,N,N,Regular Season,3,3,1,Final,Final,17,Wrigley Field,112,Chicago Cubs,CHC,7,True,133,Athletics,ATH,6,False,694037,Daniel Palencia,Daniel,Palencia,48,2000-02-05,26,"5' 11""",160,1,Pitcher,R,Right,R,Right,,,,,,,,,,,,,,,,,,,,,,,,,,
2026-06-04,824672,,/api/v1.1/game/824672/feed/live,R,2026,2026-06-04,,night,P,N,N,Regular Season,3,3,1,Final,Final,17,Wrigley Field,112,Chicago Cubs,CHC,7,True,133,Athletics,ATH,6,False,624424,Michael Conforto,Michael,Conforto,20,1993-03-01,33,"5' 11""",215,10,Designated Hitter,L,Left,R,Right,0-4 | 2 K,,4,0,0,0,0,0,0,2,0,0,0,0,4,0,,,,,,,,,,
2026-06-04,824672,,/api/v1.1/game/824672/feed/live,R,2026,2026-06-04,,night,P,N,N,Regular Season,3,3,1,Final,Final,17,Wrigley Field,112,Chicago Cubs,CHC,7,True,133,Athletics,ATH,6,False,571948,Hoby Milner,Hoby,Milner,41,1991-01-13,35,"6' 3""",187,1,Pitcher,L,Left,L,Left,,,,,,,,,,,,,,,,,,,,,,,,,,
2026-06-04,824672,,/api/v1.1/game/824672/feed/live,R,2026,2026-06-04,,night,P,N,N,Regular Season,3,3,1,Final,Final,17,Wrigley Field,112,Chicago Cubs,CHC,7,True,133,Athletics,ATH,6,False,664023,Ian Happ,Ian,Happ,8,1994-08-12,31,"5' 10""",205,7,Outfielder,S,Switch,R,Right,"2-4 | HR, 2B, 2 K",,4,2,1,0,1,3,2,2,0,0,0,0,4,6,,,,,,,,,,
2026-06-04,824672,,/api/v1.1/game/824672/feed/live,R,2026,2026-06-04,,night,P,N,N,Regular Season,3,3,1,Final,Final,17,Wrigley Field,112,Chicago Cubs,CHC,7,True,133,Athletics,ATH,6,False,681799,Ethan Roberts,Ethan,Roberts,39,1997-07-04,28,"5' 10""",180,1,Pitcher,R,Right,R,Right,,,,,,,,,,,,,,,,,,,,,,,,,,
2026-06-04,824672,,/api/v1.1/game/824672/feed/live,R,2026,2026-06-04,,night,P,N,N,Regular Season,3,3,1,Final,Final,17,Wrigley Field,112,Chicago Cubs,CHC,7,True,133,Athletics,ATH,6,False,573204,Caleb Thielbar,Caleb,Thielbar,24,1987-01-31,39,"6' 0""",205,1,Pitcher,R,Right,L,Left,,,,,,,,,,,,,,,,,,,,,,,,,,
2026-06-04,824672,,/api/v1.1/game/824672/feed/live,R,2026,2026-06-04,,night,P,N,N,Regular Season,3,3,1,Final,Final,17,Wrigley Field,112,Chicago Cubs,CHC,7,True,133,Athletics,ATH,6,False,621053,Tyler Ferguson,Tyler,Ferguson,64,1993-10-05,32,"6' 4""",225,1,Pitcher,R,Right,R,Right,,,,,,,,,,,,,,,,,,,,,,,,,,
2026-06-04,824672,,/api/v1.1/game/824672/feed/live,R,2026,2026-06-04,,night,P,N,N,Regular Season,3,3,1,Final,Final,17,Wrigley Field,112,Chicago Cubs,CHC,7,True,133,Athletics,ATH,6,False,684007,Shota Imanaga,Shota,Imanaga,18,1993-09-01,32,"5' 10""",175,1,Pitcher,L,Left,L,Left,"6.0 IP, 6 ER, 5 K, BB",,,,,,,,,,,,,,,,6.0,6,6,4,5,1,84,0,0,0
2026-06-04,824672,,/api/v1.1/game/824672/feed/live,R,2026,2026-06-04,,night,P,N,N,Regular Season,3,3,1,Final,Final,17,Wrigley Field,112,Chicago Cubs,CHC,7,True,133,Athletics,ATH,6,False,608324,Alex Bregman,Alexander,Bregman,3,1994-03-30,32,"5' 10""",190,5,Third Base,R,Right,R,Right,"1-4 | 2B, K, R",,4,1,1,0,0,0,1,1,0,0,0,0,4,2,,,,,,,,,,
2026-06-04,824672,,/api/v1.1/game/824672/feed/live,R,2026,2026-06-04,,night,P,N,N,Regular Season,3,3,1,Final,Final,17,Wrigley Field,112,Chicago Cubs,CHC,7,True,133,Athletics,ATH,6,False,699393,Pedro Ramírez,Pedro,Ramírez,75,2004-04-01,22,"5' 9""",165,4,Second Base,S,Switch,R,Right,0-3,,3,0,0,0,0,0,0,0,0,0,0,1,3,0,,,,,,,,,,
2026-06-04,824672,,/api/v1.1/game/824672/feed/live,R,2026,2026-06-04,,night,P,N,N,Regular Season,3,3,1,Final,Final,17,Wrigley Field,112,Chicago Cubs,CHC,7,True,133,Athletics,ATH,6,False,683737,Michael Busch,Michael,Busch,29,1997-11-09,28,"5' 11""",210,3,First Base,L,Left,R,Right,"1-3 | 2B, BB, K",,3,1,1,0,0,0,1,1,1,0,0,0,4,2,,,,,,,,,,
2026-06-04,824672,,/api/v1.1/game/824672/feed/live,R,2026,2026-06-04,,night,P,N,N,Regular Season,3,3,1,Final,Final,17,Wrigley Field,112,Chicago Cubs,CHC,7,True,133,Athletics,ATH,6,False,608348,Carson Kelly,Carson,Kelly,15,1994-07-14,31,"6' 1""",212,2,Catcher,R,Right,R,Right,,,,,,,,,,,,,,,,,,,,,,,,,,
2026-06-04,824672,,/api/v1.1/game/824672/feed/live,R,2026,2026-06-04,,night,P,N,N,Regular Season,3,3,1,Final,Final,17,Wrigley Field,112,Chicago Cubs,CHC,7,True,133,Athletics,ATH,6,False,592791,Jameson Taillon,Jameson,Taillon,50,1991-11-18,34,"6' 5""",230,1,Pitcher,R,Right,R,Right,,,,,,,,,,,,,,,,,,,,,,,,,,
2026-06-04,824672,,/api/v1.1/game/824672/feed/live,R,2026,2026-06-04,,night,P,N,N,Regular Season,3,3,1,Final,Final,17,Wrigley Field,112,Chicago Cubs,CHC,7,True,133,Athletics,ATH,6,False,691718,Pete Crow-Armstrong,Pete,Crow-Armstrong,4,2002-03-25,24,"6' 0""",184,8,Outfielder,L,Left,L,Left,"2-4 | HR, HBP, 2 K",,4,2,0,0,1,2,1,2,0,1,0,0,5,5,,,,,,,,,,
2026-06-04,824672,,/api/v1.1/game/824672/feed/live,R,2026,2026-06-04,,night,P,N,N,Regular Season,3,3,1,Final,Final,17,Wrigley Field,112,Chicago Cubs,CHC,7,True,133,Athletics,ATH,6,False,657097,Jacob Webb,Jacob,Webb,71,1993-08-15,32,"6' 2""",210,1,Pitcher,R,Right,R,Right,,,,,,,,,,,,,,,,,,,,,,,,,,
2026-06-04,824672,,/api/v1.1/game/824672/feed/live,R,2026,2026-06-04,,night,P,N,N,Regular Season,3,3,1,Final,Final,17,Wrigley Field,112,Chicago Cubs,CHC,7,True,133,Athletics,ATH,6,False,665804,Miguel Amaya,Miguel,Amaya,9,1999-03-09,27,"6' 1""",230,2,Catcher,R,Right,R,Right,,,,,,,,,,,,,,,,,,,,,,,,,,
2026-06-04,824672,,/api/v1.1/game/824672/feed/live,R,2026,2026-06-04,,night,P,N,N,Regular Season,3,3,1,Final,Final,17,Wrigley Field,112,Chicago Cubs,CHC,7,True,133,Athletics,ATH,6,False,694208,Moisés Ballesteros,Moisés,Ballesteros,25,2003-11-08,22,"5' 8""",195,10,Designated Hitter,L,Left,R,Right,"2-4 | K, RBI",,4,2,0,0,0,1,0,1,0,0,0,0,4,2,,,,,,,,,,
2026-06-04,824672,,/api/v1.1/game/824672/feed/live,R,2026,2026-06-04,,night,P,N,N,Regular Season,3,3,1,Final,Final,17,Wrigley Field,112,Chicago Cubs,CHC,7,True,133,Athletics,ATH,6,False,673548,Seiya Suzuki,Seiya,Suzuki,27,1994-08-18,31,"5' 11""",182,9,Outfielder,R,Right,R,Right,1-1 | R,,1,1,0,0,0,0,1,0,0,0,0,0,1,1,,,,,,,,,,
2026-06-04,824672,,/api/v1.1/game/824672/feed/live,R,2026,2026-06-04,,night,P,N,N,Regular Season,3,3,1,Final,Final,17,Wrigley Field,112,Chicago Cubs,CHC,7,True,133,Athletics,ATH,6,False,669020,Ryan Rolison,Ryan,Rolison,33,1997-07-11,28,"6' 2""",213,1,Pitcher,R,Right,L,Left,"1.2 IP, 0 ER, 3 K, 0 BB",,,,,,,,,,,,,,,,1.2,0,0,0,3,0,22,1,0,0
2026-06-04,824672,,/api/v1.1/game/824672/feed/live,R,2026,2026-06-04,,night,P,N,N,Regular Season,3,3,1,Final,Final,17,Wrigley Field,112,Chicago Cubs,CHC,7,True,133,Athletics,ATH,6,False,663423,Trent Thornton,Trent,Thornton,49,1993-09-30,32,"6' 0""",190,1,Pitcher,R,Right,R,Right,"1.1 IP, 0 ER, 0 K, 2 BB",,,,,,,,,,,,,,,,1.1,0,1,0,0,2,22,0,0,0
2026-06-04,824672,,/api/v1.1/game/824672/feed/live,R,2026,2026-06-04,,night,P,N,N,Regular Season,3,3,1,Final,Final,17,Wrigley Field,112,Chicago Cubs,CHC,7,True,133,Athletics,ATH,6,False,682634,Kevin Alcántara,Kevin,Alcantara,13,2002-07-12,23,"6' 6""",188,9,Outfielder,R,Right,R,Right,0-0 | R,,0,0,0,0,0,0,1,0,0,0,0,0,0,0,,,,,,,,,,
2026-06-04,824672,,/api/v1.1/game/824672/feed/live,R,2026,2026-06-04,,night,P,N,N,Regular Season,3,3,1,Final,Final,17,Wrigley Field,112,Chicago Cubs,CHC,7,True,133,Athletics,ATH,6,False,621020,Dansby Swanson,James,Swanson,7,1994-02-11,32,"6' 0""",190,6,Shortstop,R,Right,R,Right,"1-4 | K, RBI",,4,1,0,0,0,1,0,1,0,0,0,0,4,1,,,,,,,,,,
2026-06-04,824672,,/api/v1.1/game/824672/feed/live,R,2026,2026-06-04,,night,P,N,N,Regular Season,3,3,1,Final,Final,17,Wrigley Field,112,Chicago Cubs,CHC,7,True,133,Athletics,ATH,6,False,607067,Colin Rea,Colin,Rea,53,1990-07-01,35,"6' 5""",220,1,Pitcher,R,Right,R,Right,,,,,,,,,,,,,,,,,,,,,,,,,,
2026-06-04,824672,,/api/v1.1/game/824672/feed/live,R,2026,2026-06-04,,night,P,N,N,Regular Season,3,3,1,Final,Final,17,Wrigley Field,112,Chicago Cubs,CHC,7,True,133,Athletics,ATH,6,False,664208,Phil Maton,Phillip,Maton,88,1993-03-25,33,"6' 2""",206,1,Pitcher,R,Right,R,Right,,,,,,,,,,,,,,,,,,,,,,,,,,
2026-06-04,824672,,/api/v1.1/game/824672/feed/live,R,2026,2026-06-04,,night,P,N,N,Regular Season,3,3,1,Final,Final,17,Wrigley Field,112,Chicago Cubs,CHC,7,True,133,Athletics,ATH,6,False,663538,Nico Hoerner,Nicholas,Hoerner,2,1997-05-13,29,"5' 11""",200,4,Second Base,R,Right,R,Right,1-4 | CS,,4,1,0,0,0,0,0,0,0,0,1,0,4,1,,,,,,,,,,
2026-06-04,824672,,/api/v1.1/game/824672/feed/live,R,2026,2026-06-04,,night,P,N,N,Regular Season,3,3,1,Final,Final,17,Wrigley Field,112,Chicago Cubs,CHC,7,True,133,Athletics,ATH,6,False,676962,Ben Brown,Benjamin,Brown,32,1999-09-09,26,"6' 6""",210,1,Pitcher,R,Right,R,Right,,,,,,,,,,,,,,,,,,,,,,,,,,
2026-06-04,824672,,/api/v1.1/game/824672/feed/live,R,2026,2026-06-04,,night,P,N,N,Regular Season,3,3,1,Final,Final,17,Wrigley Field,112,Chicago Cubs,CHC,7,True,133,Athletics,ATH,6,False,671732,Lawrence Butler,Lawrence,Butler,4,2000-07-10,25,"6' 3""",210,9,Outfielder,L,Left,R,Right,0-1,,1,0,0,0,0,0,0,0,0,0,0,0,1,0,,,,,,,,,,
2026-06-04,824672,,/api/v1.1/game/824672/feed/live,R,2026,2026-06-04,,night,P,N,N,Regular Season,3,3,1,Final,Final,17,Wrigley Field,112,Chicago Cubs,CHC,7,True,133,Athletics,ATH,6,False,641680,Jonah Heim,Jonah,Heim,15,1995-06-27,30,"6' 4""",220,2,Catcher,S,Switch,R,Right,"1-4 | HR, K, RBI",,4,1,0,0,1,1,1,1,0,0,0,0,4,4,,,,,,,,,,
2026-06-04,824672,,/api/v1.1/game/824672/feed/live,R,2026,2026-06-04,,night,P,N,N,Regular Season,3,3,1,Final,Final,17,Wrigley Field,112,Chicago Cubs,CHC,7,True,133,Athletics,ATH,6,False,667670,Brent Rooker,Terry,Rooker,25,1994-11-01,31,"6' 3""",225,10,Designated Hitter,R,Right,R,Right,0-1,,1,0,0,0,0,0,0,0,0,0,0,0,1,0,,,,,,,,,,
2026-06-04,824672,,/api/v1.1/game/824672/feed/live,R,2026,2026-06-04,,night,P,N,N,Regular Season,3,3,1,Final,Final,17,Wrigley Field,112,Chicago Cubs,CHC,7,True,133,Athletics,ATH,6,False,669372,J.T. Ginn,John,Ginn,35,1999-05-20,27,"6' 2""",200,1,Pitcher,R,Right,R,Right,"6.0 IP, ER, 8 K, BB",,,,,,,,,,,,,,,,6.0,1,2,1,8,1,88,0,0,0
2026-06-04,824672,,/api/v1.1/game/824672/feed/live,R,2026,2026-06-04,,night,P,N,N,Regular Season,3,3,1,Final,Final,17,Wrigley Field,112,Chicago Cubs,CHC,7,True,133,Athletics,ATH,6,False,680869,Zack Gelof,Zachary,Gelof,20,1999-10-19,26,"6' 2""",205,5,Third Base,R,Right,R,Right,1-3 | BB,,3,1,0,0,0,0,0,0,1,0,0,0,4,1,,,,,,,,,,
2026-06-04,824672,,/api/v1.1/game/824672/feed/live,R,2026,2026-06-04,,night,P,N,N,Regular Season,3,3,1,Final,Final,17,Wrigley Field,112,Chicago Cubs,CHC,7,True,133,Athletics,ATH,6,False,643446,Jeff McNeil,Jeffrey,McNeil,22,1992-04-08,34,"6' 0""",195,4,Second Base,L,Left,R,Right,0-3,,3,0,0,0,0,0,0,0,0,0,0,1,3,0,,,,,,,,,,
2026-06-04,824672,,/api/v1.1/game/824672/feed/live,R,2026,2026-06-04,,night,P,N,N,Regular Season,3,3,1,Final,Final,17,Wrigley Field,112,Chicago Cubs,CHC,7,True,133,Athletics,ATH,6,False,686993,Justin Sterner,Justin,Sterner,60,1996-08-29,29,"6' 1""",215,1,Pitcher,R,Right,R,Right,,,,,,,,,,,,,,,,,,,,,,,,,,
2026-06-04,824672,,/api/v1.1/game/824672/feed/live,R,2026,2026-06-04,,night,P,N,N,Regular Season,3,3,1,Final,Final,17,Wrigley Field,112,Chicago Cubs,CHC,7,True,133,Athletics,ATH,6,False,686930,Mason Barnett,Mason,Barnett,63,2000-11-07,25,"6' 0""",218,1,Pitcher,R,Right,R,Right,,,,,,,,,,,,,,,,,,,,,,,,,,
2026-06-04,824672,,/api/v1.1/game/824672/feed/live,R,2026,2026-06-04,,night,P,N,N,Regular Season,3,3,1,Final,Final,17,Wrigley Field,112,Chicago Cubs,CHC,7,True,133,Athletics,ATH,6,False,605130,Scott Barlow,Scott,Barlow,58,1992-12-18,33,"6' 3""",210,1,Pitcher,R,Right,R,Right,"1.0 IP, 2 ER, 0 K, 0 BB",,,,,,,,,,,,,,,,1.0,2,2,1,0,0,19,0,0,0
2026-06-04,824672,,/api/v1.1/game/824672/feed/live,R,2026,2026-06-04,,night,P,N,N,Regular Season,3,3,1,Final,Final,17,Wrigley Field,112,Chicago Cubs,CHC,7,True,133,Athletics,ATH,6,False,666126,Carlos Cortes,Carlos,Cortes,26,1997-06-30,28,"5' 7""",197,9,Outfielder,L,Left,S,Switch,,,,,,,,,,,,,,,,,,,,,,,,,,
2026-06-04,824672,,/api/v1.1/game/824672/feed/live,R,2026,2026-06-04,,night,P,N,N,Regular Season,3,3,1,Final,Final,17,Wrigley Field,112,Chicago Cubs,CHC,7,True,133,Athletics,ATH,6,False,660761,José Suarez,José,Suarez,54,1998-01-03,28,"5' 10""",225,1,Pitcher,L,Left,L,Left,,,,,,,,,,,,,,,,,,,,,,,,,,
2026-06-04,824672,,/api/v1.1/game/824672/feed/live,R,2026,2026-06-04,,night,P,N,N,Regular Season,3,3,1,Final,Final,17,Wrigley Field,112,Chicago Cubs,CHC,7,True,133,Athletics,ATH,6,False,675961,Alika Williams,Alexander,Williams,12,1999-03-12,27,"6' 1""",183,4,Second Base,R,Right,R,Right,"0-3 | BB, K, R",,3,0,0,0,0,0,1,1,1,0,0,0,4,0,,,,,,,,,,
2026-06-04,824672,,/api/v1.1/game/824672/feed/live,R,2026,2026-06-04,,night,P,N,N,Regular Season,3,3,1,Final,Final,17,Wrigley Field,112,Chicago Cubs,CHC,7,True,133,Athletics,ATH,6,False,669270,Joel Kuhnel,Joel,Kuhnel,47,1995-02-19,31,"6' 5""",290,1,Pitcher,R,Right,R,Right,"0.2 IP, 4 ER, 0 K, 0 BB",,,,,,,,,,,,,,,,0.2,4,5,0,0,0,16,0,1,0
2026-06-04,824672,,/api/v1.1/game/824672/feed/live,R,2026,2026-06-04,,night,P,N,N,Regular Season,3,3,1,Final,Final,17,Wrigley Field,112,Chicago Cubs,CHC,7,True,133,Athletics,ATH,6,False,691016,Tyler Soderstrom,Tyler,Soderstrom,21,2001-11-24,24,"6' 2""",200,7,Outfielder,L,Left,R,Right,"1-4 | HR, 2 K, RBI",,4,1,0,0,1,1,1,2,0,0,0,0,4,4,,,,,,,,,,
2026-06-04,824672,,/api/v1.1/game/824672/feed/live,R,2026,2026-06-04,,night,P,N,N,Regular Season,3,3,1,Final,Final,17,Wrigley Field,112,Chicago Cubs,CHC,7,True,133,Athletics,ATH,6,False,695611,Gage Jump,Gage,Jump,61,2003-04-12,23,"6' 0""",200,1,Pitcher,L,Left,L,Left,,,,,,,,,,,,,,,,,,,,,,,,,,
2026-06-04,824672,,/api/v1.1/game/824672/feed/live,R,2026,2026-06-04,,night,P,N,N,Regular Season,3,3,1,Final,Final,17,Wrigley Field,112,Chicago Cubs,CHC,7,True,133,Athletics,ATH,6,False,687231,Darell Hernaiz,Darell,Hernaiz,2,2001-08-03,24,"5' 11""",190,6,Shortstop,R,Right,R,Right,0-0,,0,0,0,0,0,0,0,0,0,0,0,0,0,0,,,,,,,,,,
2026-06-04,824672,,/api/v1.1/game/824672/feed/live,R,2026,2026-06-04,,night,P,N,N,Regular Season,3,3,1,Final,Final,17,Wrigley Field,112,Chicago Cubs,CHC,7,True,133,Athletics,ATH,6,False,701762,Nick Kurtz,Nicholas,Kurtz,16,2003-03-12,23,"6' 5""",240,3,First Base,L,Left,L,Left,"0-3 | BB, 2 K",,3,0,0,0,0,0,0,2,1,0,0,0,4,0,,,,,,,,,,
2026-06-04,824672,,/api/v1.1/game/824672/feed/live,R,2026,2026-06-04,,night,P,N,N,Regular Season,3,3,1,Final,Final,17,Wrigley Field,112,Chicago Cubs,CHC,7,True,133,Athletics,ATH,6,False,695034,Kade Morris,Kade,Morris,67,2002-06-21,23,"6' 3""",190,1,Pitcher,R,Right,R,Right,,,,,,,,,,,,,,,,,,,,,,,,,,
2026-06-04,824672,,/api/v1.1/game/824672/feed/live,R,2026,2026-06-04,,night,P,N,N,Regular Season,3,3,1,Final,Final,17,Wrigley Field,112,Chicago Cubs,CHC,7,True,133,Athletics,ATH,6,False,663687,Hogan Harris,Hogan,Harris,36,1996-12-26,29,"6' 3""",230,1,Pitcher,R,Right,L,Left,,,,,,,,,,,,,,,,,,,,,,,,,,
2026-06-04,824672,,/api/v1.1/game/824672/feed/live,R,2026,2026-06-04,,night,P,N,N,Regular Season,3,3,1,Final,Final,17,Wrigley Field,112,Chicago Cubs,CHC,7,True,133,Athletics,ATH,6,False,665622,Luis Medina,Luis,Medina,46,1999-05-03,27,"6' 1""",175,1,Pitcher,R,Right,R,Right,"0.0 IP, 0 ER, 0 K, 0 BB",,,,,,,,,,,,,,,,0.0,0,2,0,0,0,8,0,0,0
2026-06-04,824672,,/api/v1.1/game/824672/feed/live,R,2026,2026-06-04,,night,P,N,N,Regular Season,3,3,1,Final,Final,17,Wrigley Field,112,Chicago Cubs,CHC,7,True,133,Athletics,ATH,6,False,703607,Henry Bolte,Henry,Bolte,33,2003-08-04,22,"6' 3""",195,8,Outfielder,R,Right,R,Right,"2-4 | 2B, 2 K, RBI",,4,2,1,0,0,1,1,2,0,0,0,0,4,3,,,,,,,,,,
2026-06-04,824672,,/api/v1.1/game/824672/feed/live,R,2026,2026-06-04,,night,P,N,N,Regular Season,3,3,1,Final,Final,17,Wrigley Field,112,Chicago Cubs,CHC,7,True,133,Athletics,ATH,6,False,687515,Colby Thomas,Colby,Thomas,32,2001-01-26,25,"5' 10""",190,9,Outfielder,R,Right,R,Right,0-3,,3,0,0,0,0,0,0,0,0,0,0,0,3,0,,,,,,,,,,
2026-06-04,824672,,/api/v1.1/game/824672/feed/live,R,2026,2026-06-04,,night,P,N,N,Regular Season,3,3,1,Final,Final,17,Wrigley Field,112,Chicago Cubs,CHC,7,True,133,Athletics,ATH,6,False,669127,Shea Langeliers,Shea,Langeliers,23,1997-11-18,28,"5' 11""",205,2,Catcher,R,Right,R,Right,"2-4 | 2 HR, 3 RBI, 2 R",,4,2,0,0,2,3,2,0,0,0,0,0,4,8,,,,,,,,,,
2026-06-04,824672,,/api/v1.1/game/824672/feed/live,R,2026,2026-06-04,,night,P,N,N,Regular Season,3,3,1,Final,Final,17,Wrigley Field,112,Chicago Cubs,CHC,7,True,133,Athletics,ATH,6,False,643410,Mark Leiter Jr.,Mark,Leiter,38,1991-03-13,35,"6' 0""",210,1,Pitcher,R,Right,R,Right,"1.0 IP, 0 ER, 2 K, 0 BB",,,,,,,,,,,,,,,,1.0,0,0,0,2,0,16,0,0,0
2026-06-04,824672,,/api/v1.1/game/824672/feed/live,R,2026,2026-06-04,,night,P,N,N,Regular Season,3,3,1,Final,Final,17,Wrigley Field,112,Chicago Cubs,CHC,7,True,133,Athletics,ATH,6,False,678022,Jack Perkins,Jackson,Perkins,50,1999-12-26,26,"6' 1""",220,1,Pitcher,R,Right,R,Right,,,,,,,,,,,,,,,,,,,,,,,,,,
2026-06-04,824672,,/api/v1.1/game/824672/feed/live,R,2026,2026-06-04,,night,P,N,N,Regular Season,3,3,1,Final,Final,17,Wrigley Field,112,Chicago Cubs,CHC,7,True,133,Athletics,ATH,6,False,605488,Jeffrey Springs,Jeffrey,Springs,59,1992-09-20,33,"6' 3""",218,1,Pitcher,L,Left,L,Left,,,,,,,,,,,,,,,,,,,,,,,,,,
2026-06-04,824185,,/api/v1.1/game/824185/feed/live,R,2026,2026-06-04,,night,P,N,N,Regular Season,3,3,1,Final,Final,2392,Daikin Park,117,Houston Astros,HOU,1,False,134,Pittsburgh Pirates,PIT,5,True,670623,Isaac Paredes,Isaac,Paredes,15,1999-02-18,27,"5' 11""",213,5,Third Base,R,Right,R,Right,"1-4 | HR, K, RBI",,4,1,0,0,1,1,1,1,0,0,0,0,4,4,,,,,,,,,,
2026-06-04,824185,,/api/v1.1/game/824185/feed/live,R,2026,2026-06-04,,night,P,N,N,Regular Season,3,3,1,Final,Final,2392,Daikin Park,117,Houston Astros,HOU,1,False,134,Pittsburgh Pirates,PIT,5,True,650556,Bryan Abreu,Bryan,Abreu,52,1997-04-22,29,"6' 1""",230,1,Pitcher,R,Right,R,Right,"1.0 IP, 0 ER, 3 K, BB",,,,,,,,,,,,,,,,1.0,0,0,0,3,1,18,0,0,0
2026-06-04,824185,,/api/v1.1/game/824185/feed/live,R,2026,2026-06-04,,night,P,N,N,Regular Season,3,3,1,Final,Final,2392,Daikin Park,117,Houston Astros,HOU,1,False,134,Pittsburgh Pirates,PIT,5,True,669397,Nick Allen,Nicholas,Allen,20,1998-10-08,27,"5' 7""",166,6,Shortstop,R,Right,R,Right,1-3,,3,1,0,0,0,0,0,0,0,0,0,0,3,1,,,,,,,,,,
2026-06-04,824185,,/api/v1.1/game/824185/feed/live,R,2026,2026-06-04,,night,P,N,N,Regular Season,3,3,1,Final,Final,2392,Daikin Park,117,Houston Astros,HOU,1,False,134,Pittsburgh Pirates,PIT,5,True,695001,Alimber Santa,Alimber,Santa,72,2003-05-03,23,"5' 10""",228,1,Pitcher,R,Right,R,Right,,,,,,,,,,,,,,,,,,,,,,,,,,
2026-06-04,824185,,/api/v1.1/game/824185/feed/live,R,2026,2026-06-04,,night,P,N,N,Regular Season,3,3,1,Final,Final,2392,Daikin Park,117,Houston Astros,HOU,1,False,134,Pittsburgh Pirates,PIT,5,True,678906,Kai-Wei Teng,Kai-Wei,Teng,17,1998-12-01,27,"6' 4""",241,1,Pitcher,R,Right,R,Right,"5.0 IP, 4 ER, K, 2 BB",,,,,,,,,,,,,,,,5.0,4,7,1,1,2,87,0,1,0
2026-06-04,824185,,/api/v1.1/game/824185/feed/live,R,2026,2026-06-04,,night,P,N,N,Regular Season,3,3,1,Final,Final,2392,Daikin Park,117,Houston Astros,HOU,1,False,134,Pittsburgh Pirates,PIT,5,True,701358,Cam Smith,Cameron,Smith,11,2003-02-22,23,"6' 3""",224,9,Outfielder,R,Right,R,Right,0-4,,4,0,0,0,0,0,0,0,0,0,0,0,4,0,,,,,,,,,,
2026-06-04,824185,,/api/v1.1/game/824185/feed/live,R,2026,2026-06-04,,night,P,N,N,Regular Season,3,3,1,Final,Final,2392,Daikin Park,117,Houston Astros,HOU,1,False,134,Pittsburgh Pirates,PIT,5,True,623352,Josh Hader,Josh,Hader,71,1994-04-07,32,"6' 3""",188,1,Pitcher,L,Left,L,Left,,,,,,,,,,,,,,,,,,,,,,,,,,
2026-06-04,824185,,/api/v1.1/game/824185/feed/live,R,2026,2026-06-04,,night,P,N,N,Regular Season,3,3,1,Final,Final,2392,Daikin Park,117,Houston Astros,HOU,1,False,134,Pittsburgh Pirates,PIT,5,True,660853,Enyel De Los Santos,Enyel,De Los Santos,65,1995-12-25,30,"6' 3""",235,1,Pitcher,R,Right,R,Right,"1.0 IP, 0 ER, K, 0 BB",,,,,,,,,,,,,,,,1.0,0,1,0,1,0,12,0,0,0
2026-06-04,824185,,/api/v1.1/game/824185/feed/live,R,2026,2026-06-04,,night,P,N,N,Regular Season,3,3,1,Final,Final,2392,Daikin Park,117,Houston Astros,HOU,1,False,134,Pittsburgh Pirates,PIT,5,True,676694,Jake Meyers,Jacob,Meyers,6,1996-06-18,29,"6' 0""",200,8,Outfielder,R,Right,L,Left,0-1,,1,0,0,0,0,0,0,0,0,0,0,1,1,0,,,,,,,,,,
2026-06-04,824185,,/api/v1.1/game/824185/feed/live,R,2026,2026-06-04,,night,P,N,N,Regular Season,3,3,1,Final,Final,2392,Daikin Park,117,Houston Astros,HOU,1,False,134,Pittsburgh Pirates,PIT,5,True,595345,Steven Okert,Steven,Okert,48,1991-07-09,34,"6' 2""",202,1,Pitcher,L,Left,L,Left,"2.0 IP, 0 ER, 2 K, 0 BB",,,,,,,,,,,,,,,,2.0,0,1,0,2,0,41,0,0,0
2026-06-04,824185,,/api/v1.1/game/824185/feed/live,R,2026,2026-06-04,,night,P,N,N,Regular Season,3,3,1,Final,Final,2392,Daikin Park,117,Houston Astros,HOU,1,False,134,Pittsburgh Pirates,PIT,5,True,694728,Brice Matthews,Brice,Matthews,0,2002-03-16,24,"5' 10""",190,8,Outfielder,R,Right,R,Right,,,,,,,,,,,,,,,,,,,,,,,,,,
2026-06-04,824185,,/api/v1.1/game/824185/feed/live,R,2026,2026-06-04,,night,P,N,N,Regular Season,3,3,1,Final,Final,2392,Daikin Park,117,Houston Astros,HOU,1,False,134,Pittsburgh Pirates,PIT,5,True,805123,AJ Blubaugh,Alan,Blubaugh,69,2000-07-04,25,"6' 2""",190,1,Pitcher,R,Right,R,Right,,,,,,,,,,,,,,,,,,,,,,,,,,
2026-06-04,824185,,/api/v1.1/game/824185/feed/live,R,2026,2026-06-04,,night,P,N,N,Regular Season,3,3,1,Final,Final,2392,Daikin Park,117,Houston Astros,HOU,1,False,134,Pittsburgh Pirates,PIT,5,True,666211,Taylor Trammell,Taylor,Trammell,26,1997-09-13,28,"6' 1""",220,8,Outfielder,L,Left,L,Left,"2-4 | 2B, K",,4,2,1,0,0,0,0,1,0,0,0,0,4,3,,,,,,,,,,
2026-06-04,824185,,/api/v1.1/game/824185/feed/live,R,2026,2026-06-04,,night,P,N,N,Regular Season,3,3,1,Final,Final,2392,Daikin Park,117,Houston Astros,HOU,1,False,134,Pittsburgh Pirates,PIT,5,True,837227,Tatsuya Imai,Tatsuya,Imai,45,1998-05-09,28,"5' 11""",176,1,Pitcher,R,Right,R,Right,,,,,,,,,,,,,,,,,,,,,,,,,,
2026-06-04,824185,,/api/v1.1/game/824185/feed/live,R,2026,2026-06-04,,night,P,N,N,Regular Season,3,3,1,Final,Final,2392,Daikin Park,117,Houston Astros,HOU,1,False,134,Pittsburgh Pirates,PIT,5,True,805672,Collin Price,Collin,Price,37,1999-11-15,26,"6' 4""",225,2,Catcher,R,Right,R,Right,"0-3 | BB, 2 K",,3,0,0,0,0,0,0,2,1,0,0,0,4,0,,,,,,,,,,
2026-06-04,824185,,/api/v1.1/game/824185/feed/live,R,2026,2026-06-04,,night,P,N,N,Regular Season,3,3,1,Final,Final,2392,Daikin Park,117,Houston Astros,HOU,1,False,134,Pittsburgh Pirates,PIT,5,True,665161,Jeremy Peña,Jeremy,Peña,3,1997-09-22,28,"6' 0""",202,6,Shortstop,R,Right,R,Right,2-4,,4,2,0,0,0,0,0,0,0,0,0,0,4,2,,,,,,,,,,
2026-06-04,824185,,/api/v1.1/game/824185/feed/live,R,2026,2026-06-04,,night,P,N,N,Regular Season,3,3,1,Final,Final,2392,Daikin Park,117,Houston Astros,HOU,1,False,134,Pittsburgh Pirates,PIT,5,True,701305,Zach Dezenzo,Zachary,Dezenzo,9,2000-05-11,26,"6' 5""",220,7,Outfielder,R,Right,R,Right,,,,,,,,,,,,,,,,,,,,,,,,,,
2026-06-04,824185,,/api/v1.1/game/824185/feed/live,R,2026,2026-06-04,,night,P,N,N,Regular Season,3,3,1,Final,Final,2392,Daikin Park,117,Houston Astros,HOU,1,False,134,Pittsburgh Pirates,PIT,5,True,663567,Peter Lambert,Peter,Lambert,38,1997-04-18,29,"6' 2""",208,1,Pitcher,R,Right,R,Right,,,,,,,,,,,,,,,,,,,,,,,,,,
2026-06-04,824185,,/api/v1.1/game/824185/feed/live,R,2026,2026-06-04,,night,P,N,N,Regular Season,3,3,1,Final,Final,2392,Daikin Park,117,Houston Astros,HOU,1,False,134,Pittsburgh Pirates,PIT,5,True,681347,Mike Burrows,Michael,Burrows,50,1999-11-08,26,"6' 1""",200,1,Pitcher,R,Right,R,Right,,,,,,,,,,,,,,,,,,,,,,,,,,
2026-06-04,824185,,/api/v1.1/game/824185/feed/live,R,2026,2026-06-04,,night,P,N,N,Regular Season,3,3,1,Final,Final,2392,Daikin Park,117,Houston Astros,HOU,1,False,134,Pittsburgh Pirates,PIT,5,True,687911,Bryan King,Bryan,King,74,1996-11-05,29,"6' 1""",205,1,Pitcher,R,Right,L,Left,,,,,,,,,,,,,,,,,,,,,,,,,,
2026-06-04,824185,,/api/v1.1/game/824185/feed/live,R,2026,2026-06-04,,night,P,N,N,Regular Season,3,3,1,Final,Final,2392,Daikin Park,117,Houston Astros,HOU,1,False,134,Pittsburgh Pirates,PIT,5,True,664774,LaMonte Wade Jr.,LaMonte,Wade,31,1994-01-01,32,"5' 11""",215,3,First Base,L,Left,L,Left,0-4 | 2 K,,4,0,0,0,0,0,0,2,0,0,0,0,4,0,,,,,,,,,,
2026-06-04,824185,,/api/v1.1/game/824185/feed/live,R,2026,2026-06-04,,night,P,N,N,Regular Season,3,3,1,Final,Final,2392,Daikin Park,117,Houston Astros,HOU,1,False,134,Pittsburgh Pirates,PIT,5,True,572233,Christian Walker,Christian,Walker,8,1991-03-28,35,"5' 11""",208,3,First Base,R,Right,R,Right,1-4 | K,,4,1,0,0,0,0,0,1,0,0,0,0,4,1,,,,,,,,,,
2026-06-04,824185,,/api/v1.1/game/824185/feed/live,R,2026,2026-06-04,,night,P,N,N,Regular Season,3,3,1,Final,Final,2392,Daikin Park,117,Houston Astros,HOU,1,False,134,Pittsburgh Pirates,PIT,5,True,663878,Nate Pearson,Nathan,Pearson,55,1996-08-20,29,"6' 6""",255,1,Pitcher,R,Right,R,Right,,,,,,,,,,,,,,,,,,,,,,,,,,
2026-06-04,824185,,/api/v1.1/game/824185/feed/live,R,2026,2026-06-04,,night,P,N,N,Regular Season,3,3,1,Final,Final,2392,Daikin Park,117,Houston Astros,HOU,1,False,134,Pittsburgh Pirates,PIT,5,True,681293,Spencer Arrighetti,Spencer,Arrighetti,41,2000-01-02,26,"6' 2""",186,1,Pitcher,R,Right,R,Right,,,,,,,,,,,,,,,,,,,,,,,,,,
2026-06-04,824185,,/api/v1.1/game/824185/feed/live,R,2026,2026-06-04,,night,P,N,N,Regular Season,3,3,1,Final,Final,2392,Daikin Park,117,Houston Astros,HOU,1,False,134,Pittsburgh Pirates,PIT,5,True,543877,Christian Vázquez,Christian,Vázquez,2,1990-08-21,35,"5' 8""",205,2,Catcher,R,Right,R,Right,,,,,,,,,,,,,,,,,,,,,,,,,,
2026-06-04,824185,,/api/v1.1/game/824185/feed/live,R,2026,2026-06-04,,night,P,N,N,Regular Season,3,3,1,Final,Final,2392,Daikin Park,117,Houston Astros,HOU,1,False,134,Pittsburgh Pirates,PIT,5,True,670541,Yordan Alvarez,Yordan,Alvarez,44,1997-06-27,28,"6' 4""",237,10,Designated Hitter,L,Left,R,Right,"1-3 | 2B, BB",,3,1,1,0,0,0,0,0,1,0,0,0,4,2,,,,,,,,,,
2026-06-04,824185,,/api/v1.1/game/824185/feed/live,R,2026,2026-06-04,,night,P,N,N,Regular Season,3,3,1,Final,Final,2392,Daikin Park,117,Houston Astros,HOU,1,False,134,Pittsburgh Pirates,PIT,5,True,694973,Paul Skenes,Paul,Skenes,30,2002-05-29,24,"6' 6""",260,1,Pitcher,R,Right,R,Right,,,,,,,,,,,,,,,,,,,,,,,,,,
2026-06-04,824185,,/api/v1.1/game/824185/feed/live,R,2026,2026-06-04,,night,P,N,N,Regular Season,3,3,1,Final,Final,2392,Daikin Park,117,Houston Astros,HOU,1,False,134,Pittsburgh Pirates,PIT,5,True,687462,Spencer Horwitz,Spencer,Horwitz,2,1997-11-14,28,"5' 10""",204,3,First Base,L,Left,R,Right,"0-4 | BB, K",,4,0,0,0,0,0,0,1,1,0,0,0,5,0,,,,,,,,,,
2026-06-04,824185,,/api/v1.1/game/824185/feed/live,R,2026,2026-06-04,,night,P,N,N,Regular Season,3,3,1,Final,Final,2392,Daikin Park,117,Houston Astros,HOU,1,False,134,Pittsburgh Pirates,PIT,5,True,664040,Brandon Lowe,Brandon,Lowe,5,1994-07-06,31,"5' 9""",181,4,Second Base,L,Left,R,Right,"2-5 | 2 2B, K, 2 R",,5,2,2,0,0,0,2,1,0,0,0,0,5,4,,,,,,,,,,
2026-06-04,824185,,/api/v1.1/game/824185/feed/live,R,2026,2026-06-04,,night,P,N,N,Regular Season,3,3,1,Final,Final,2392,Daikin Park,117,Houston Astros,HOU,1,False,134,Pittsburgh Pirates,PIT,5,True,682848,Endy Rodríguez,Endy,Rodríguez,13,2000-05-26,26,"6' 0""",207,2,Catcher,S,Switch,R,Right,0-4,,4,0,0,0,0,0,0,0,0,0,0,0,4,0,,,,,,,,,,
2026-06-04,824185,,/api/v1.1/game/824185/feed/live,R,2026,2026-06-04,,night,P,N,N,Regular Season,3,3,1,Final,Final,2392,Daikin Park,117,Houston Astros,HOU,1,False,134,Pittsburgh Pirates,PIT,5,True,668804,Bryan Reynolds,Bryan,Reynolds,10,1995-01-27,31,"6' 2""",210,7,Outfielder,S,Switch,R,Right,"1-4 | K, RBI, R",,4,1,0,0,0,1,1,1,0,0,0,0,4,1,,,,,,,,,,
2026-06-04,824185,,/api/v1.1/game/824185/feed/live,R,2026,2026-06-04,,night,P,N,N,Regular Season,3,3,1,Final,Final,2392,Daikin Park,117,Houston Astros,HOU,1,False,134,Pittsburgh Pirates,PIT,5,True,665833,Oneil Cruz,Oneil,Cruz,15,1998-10-04,27,"6' 7""",248,8,Outfielder,L,Left,R,Right,2-2 | 2 BB,,2,2,0,0,0,0,0,0,2,0,0,0,4,2,,,,,,,,,,
2026-06-04,824185,,/api/v1.1/game/824185/feed/live,R,2026,2026-06-04,,night,P,N,N,Regular Season,3,3,1,Final,Final,2392,Daikin Park,117,Houston Astros,HOU,1,False,134,Pittsburgh Pirates,PIT,5,True,683003,Jared Jones,Jared,Jones,17,2001-08-06,24,"6' 0""",211,1,Pitcher,L,Left,R,Right,"5.0 IP, 0 ER, 4 K, 2 BB",,,,,,,,,,,,,,,,5.0,0,4,0,4,2,74,1,0,0
2026-06-04,824185,,/api/v1.1/game/824185/feed/live,R,2026,2026-06-04,,night,P,N,N,Regular Season,3,3,1,Final,Final,2392,Daikin Park,117,Houston Astros,HOU,1,False,134,Pittsburgh Pirates,PIT,5,True,681895,Evan Sisk,Samuel,Sisk,48,1997-04-23,29,"6' 2""",214,1,Pitcher,L,Left,L,Left,,,,,,,,,,,,,,,,,,,,,,,,,,
2026-06-04,824185,,/api/v1.1/game/824185/feed/live,R,2026,2026-06-04,,night,P,N,N,Regular Season,3,3,1,Final,Final,2392,Daikin Park,117,Houston Astros,HOU,1,False,134,Pittsburgh Pirates,PIT,5,True,642397,Gregory Soto,Gregory,Soto,31,1995-02-11,31,"6' 1""",247,1,Pitcher,L,Left,L,Left,,,,,,,,,,,,,,,,,,,,,,,,,,
2026-06-04,824185,,/api/v1.1/game/824185/feed/live,R,2026,2026-06-04,,night,P,N,N,Regular Season,3,3,1,Final,Final,2392,Daikin Park,117,Houston Astros,HOU,1,False,134,Pittsburgh Pirates,PIT,5,True,682254,Mason Montgomery,Mason,Montgomery,46,2000-06-17,25,"6' 2""",205,1,Pitcher,L,Left,L,Left,,,,,,,,,,,,,,,,,,,,,,,,,,
2026-06-04,824185,,/api/v1.1/game/824185/feed/live,R,2026,2026-06-04,,night,P,N,N,Regular Season,3,3,1,Final,Final,2392,Daikin Park,117,Houston Astros,HOU,1,False,134,Pittsburgh Pirates,PIT,5,True,669707,Jared Triolo,Jared,Triolo,19,1998-02-08,28,"6' 3""",212,5,Third Base,R,Right,R,Right,"0-4 | K, CS",,4,0,0,0,0,0,0,1,0,0,1,0,4,0,,,,,,,,,,
2026-06-04,824185,,/api/v1.1/game/824185/feed/live,R,2026,2026-06-04,,night,P,N,N,Regular Season,3,3,1,Final,Final,2392,Daikin Park,117,Houston Astros,HOU,1,False,134,Pittsburgh Pirates,PIT,5,True,663968,Jake Mangum,Jake,Mangum,28,1996-03-08,30,"5' 11""",191,7,Outfielder,S,Switch,L,Left,"1-4 | 2B, K",,4,1,1,0,0,0,0,1,0,0,0,0,4,2,,,,,,,,,,
2026-06-04,824185,,/api/v1.1/game/824185/feed/live,R,2026,2026-06-04,,night,P,N,N,Regular Season,3,3,1,Final,Final,2392,Daikin Park,117,Houston Astros,HOU,1,False,134,Pittsburgh Pirates,PIT,5,True,656605,Mitch Keller,Mitch,Keller,23,1996-04-04,30,"6' 3""",213,1,Pitcher,R,Right,R,Right,,,,,,,,,,,,,,,,,,,,,,,,,,
2026-06-04,824185,,/api/v1.1/game/824185/feed/live,R,2026,2026-06-04,,night,P,N,N,Regular Season,3,3,1,Final,Final,2392,Daikin Park,117,Houston Astros,HOU,1,False,134,Pittsburgh Pirates,PIT,5,True,670990,Yohan Ramírez,Yohan,Ramírez,49,1995-05-06,31,"6' 3""",205,1,Pitcher,R,Right,R,Right,,,,,,,,,,,,,,,,,,,,,,,,,,
2026-06-04,824185,,/api/v1.1/game/824185/feed/live,R,2026,2026-06-04,,night,P,N,N,Regular Season,3,3,1,Final,Final,2392,Daikin Park,117,Houston Astros,HOU,1,False,134,Pittsburgh Pirates,PIT,5,True,696149,Bubba Chandler,Roy,Chandler,36,2002-09-14,23,"6' 3""",206,1,Pitcher,S,Switch,R,Right,,,,,,,,,,,,,,,,,,,,,,,,,,
2026-06-04,824185,,/api/v1.1/game/824185/feed/live,R,2026,2026-06-04,,night,P,N,N,Regular Season,3,3,1,Final,Final,2392,Daikin Park,117,Houston Astros,HOU,1,False,134,Pittsburgh Pirates,PIT,5,True,691373,Jhostynxon Garcia,Jhostynxon,Garcia,34,2002-12-11,23,"6' 0""",224,9,Outfielder,R,Right,R,Right,,,,,,,,,,,,,,,,,,,,,,,,,,
2026-06-04,824185,,/api/v1.1/game/824185/feed/live,R,2026,2026-06-04,,night,P,N,N,Regular Season,3,3,1,Final,Final,2392,Daikin Park,117,Houston Astros,HOU,1,False,134,Pittsburgh Pirates,PIT,5,True,669387,Carmen Mlodzinski,Carmen,Mlodzinski,50,1999-02-19,27,"6' 2""",210,1,Pitcher,R,Right,R,Right,"4.0 IP, ER, 3 K, 0 BB",,,,,,,,,,,,,,,,4.0,1,4,1,3,0,55,0,0,1
2026-06-04,824185,,/api/v1.1/game/824185/feed/live,R,2026,2026-06-04,,night,P,N,N,Regular Season,3,3,1,Final,Final,2392,Daikin Park,117,Houston Astros,HOU,1,False,134,Pittsburgh Pirates,PIT,5,True,642701,Dennis Santana,Dennis,Santana,60,1996-04-12,30,"6' 2""",202,1,Pitcher,R,Right,R,Right,,,,,,,,,,,,,,,,,,,,,,,,,,
2026-06-04,824185,,/api/v1.1/game/824185/feed/live,R,2026,2026-06-04,,night,P,N,N,Regular Season,3,3,1,Final,Final,2392,Daikin Park,117,Houston Astros,HOU,1,False,134,Pittsburgh Pirates,PIT,5,True,680779,Henry Davis,Henry,Davis,32,1999-09-21,26,"5' 11""",225,2,Catcher,R,Right,R,Right,,,,,,,,,,,,,,,,,,,,,,,,,,
2026-06-04,824185,,/api/v1.1/game/824185/feed/live,R,2026,2026-06-04,,night,P,N,N,Regular Season,3,3,1,Final,Final,2392,Daikin Park,117,Houston Astros,HOU,1,False,134,Pittsburgh Pirates,PIT,5,True,696062,Wilber Dotel,Wilber,Dotel,66,2002-09-25,23,"6' 3""",238,1,Pitcher,R,Right,R,Right,,,,,,,,,,,,,,,,,,,,,,,,,,
2026-06-04,824185,,/api/v1.1/game/824185/feed/live,R,2026,2026-06-04,,night,P,N,N,Regular Season,3,3,1,Final,Final,2392,Daikin Park,117,Houston Astros,HOU,1,False,134,Pittsburgh Pirates,PIT,5,True,682997,Tyler Callihan,Tyler,Callihan,37,2000-06-22,25,"5' 11""",205,7,Outfielder,L,Left,R,Right,,,,,,,,,,,,,,,,,,,,,,,,,,
2026-06-04,824185,,/api/v1.1/game/824185/feed/live,R,2026,2026-06-04,,night,P,N,N,Regular Season,3,3,1,Final,Final,2392,Daikin Park,117,Houston Astros,HOU,1,False,134,Pittsburgh Pirates,PIT,5,True,684049,Brandan Bidois,Brandan,Bidois,77,2001-06-21,24,"6' 2""",174,1,Pitcher,R,Right,R,Right,,,,,,,,,,,,,,,,,,,,,,,,,,
2026-06-04,824185,,/api/v1.1/game/824185/feed/live,R,2026,2026-06-04,,night,P,N,N,Regular Season,3,3,1,Final,Final,2392,Daikin Park,117,Houston Astros,HOU,1,False,134,Pittsburgh Pirates,PIT,5,True,656811,Ryan O'Hearn,Ryan,O'Hearn,29,1993-07-26,32,"6' 2""",220,9,Outfielder,L,Left,L,Left,"2-4 | HR, K, 3 RBI",,4,2,0,0,1,3,1,1,0,0,0,0,4,5,,,,,,,,,,
2026-06-04,824185,,/api/v1.1/game/824185/feed/live,R,2026,2026-06-04,,night,P,N,N,Regular Season,3,3,1,Final,Final,2392,Daikin Park,117,Houston Astros,HOU,1,False,134,Pittsburgh Pirates,PIT,5,True,693304,Nick Gonzales,Nicholas,Gonzales,3,1999-05-27,27,"5' 8""",193,5,Third Base,R,Right,R,Right,"1-4 | K, R",,4,1,0,0,0,0,1,1,0,0,0,0,4,1,,,,,,,,,,
2026-06-04,824185,,/api/v1.1/game/824185/feed/live,R,2026,2026-06-04,,night,P,N,N,Regular Season,3,3,1,Final,Final,2392,Daikin Park,117,Houston Astros,HOU,1,False,134,Pittsburgh Pirates,PIT,5,True,542303,Marcell Ozuna,Marcell,Ozuna,24,1990-11-12,35,"6' 1""",251,10,Designated Hitter,R,Right,R,Right,,,,,,,,,,,,,,,,,,,,,,,,,,
2026-06-04,824185,,/api/v1.1/game/824185/feed/live,R,2026,2026-06-04,,night,P,N,N,Regular Season,3,3,1,Final,Final,2392,Daikin Park,117,Houston Astros,HOU,1,False,134,Pittsburgh Pirates,PIT,5,True,677952,Braxton Ashcraft,Braxton,Ashcraft,35,1999-10-05,26,"6' 5""",218,1,Pitcher,L,Left,R,Right,,,,,,,,,,,,,,,,,,,,,,,,,,
2026-06-04,825076,,/api/v1.1/game/825076/feed/live,R,2026,2026-06-04,,night,P,N,N,Regular Season,4,4,1,Final,Final,15,Chase Field,109,Arizona Diamondbacks,AZ,3,True,119,Los Angeles Dodgers,LAD,2,False,593958,Eduardo Rodriguez,Eduardo,Rodriguez,57,1993-04-07,33,"6' 2""",231,1,Pitcher,L,Left,L,Left,,,,,,,,,,,,,,,,,,,,,,,,,,
2026-06-04,825076,,/api/v1.1/game/825076/feed/live,R,2026,2026-06-04,,night,P,N,N,Regular Season,4,4,1,Final,Final,15,Chase Field,109,Arizona Diamondbacks,AZ,3,True,119,Los Angeles Dodgers,LAD,2,False,666661,Juan Morillo,Juan,Morillo,62,1999-03-19,27,"6' 1""",150,1,Pitcher,R,Right,R,Right,,,,,,,,,,,,,,,,,,,,,,,,,,
2026-06-04,825076,,/api/v1.1/game/825076/feed/live,R,2026,2026-06-04,,night,P,N,N,Regular Season,4,4,1,Final,Final,15,Chase Field,109,Arizona Diamondbacks,AZ,3,True,119,Los Angeles Dodgers,LAD,2,False,680728,Adrian Del Castillo,Adrian,Del Castillo,25,1999-09-27,26,"5' 9""",208,10,Designated Hitter,L,Left,R,Right,0-0,,0,0,0,0,0,0,0,0,0,0,0,0,0,0,,,,,,,,,,
2026-06-04,825076,,/api/v1.1/game/825076/feed/live,R,2026,2026-06-04,,night,P,N,N,Regular Season,4,4,1,Final,Final,15,Chase Field,109,Arizona Diamondbacks,AZ,3,True,119,Los Angeles Dodgers,LAD,2,False,571448,Nolan Arenado,Nolan,Arenado,28,1991-04-16,35,"6' 2""",215,5,Third Base,R,Right,R,Right,1-4 | K,,4,1,0,0,0,0,0,1,0,0,0,0,4,1,,,,,,,,,,
2026-06-04,825076,,/api/v1.1/game/825076/feed/live,R,2026,2026-06-04,,night,P,N,N,Regular Season,4,4,1,Final,Final,15,Chase Field,109,Arizona Diamondbacks,AZ,3,True,119,Los Angeles Dodgers,LAD,2,False,694371,Tommy Troy,Thomas,Troy,9,2002-01-17,24,"5' 9""",197,7,Outfielder,R,Right,R,Right,1-4 | 2 K,,4,1,0,0,0,0,0,2,0,0,0,0,4,1,,,,,,,,,,
2026-06-04,825076,,/api/v1.1/game/825076/feed/live,R,2026,2026-06-04,,night,P,N,N,Regular Season,4,4,1,Final,Final,15,Chase Field,109,Arizona Diamondbacks,AZ,3,True,119,Los Angeles Dodgers,LAD,2,False,814439,Ryan Waldschmidt,Ryan,Waldschmidt,15,2002-10-07,23,"6' 0""",205,8,Outfielder,R,Right,R,Right,"2-4 | 2B, 2 K",,4,2,1,0,0,0,0,2,0,0,0,0,4,3,,,,,,,,,,
2026-06-04,825076,,/api/v1.1/game/825076/feed/live,R,2026,2026-06-04,,night,P,N,N,Regular Season,4,4,1,Final,Final,15,Chase Field,109,Arizona Diamondbacks,AZ,3,True,119,Los Angeles Dodgers,LAD,2,False,518876,Merrill Kelly,Kenneth,Kelly,29,1988-10-14,37,"6' 2""",202,1,Pitcher,R,Right,R,Right,,,,,,,,,,,,,,,,,,,,,,,,,,
2026-06-04,825076,,/api/v1.1/game/825076/feed/live,R,2026,2026-06-04,,night,P,N,N,Regular Season,4,4,1,Final,Final,15,Chase Field,109,Arizona Diamondbacks,AZ,3,True,119,Los Angeles Dodgers,LAD,2,False,656464,Kevin Ginkel,Kevin,Ginkel,37,1994-03-24,32,"6' 4""",235,1,Pitcher,L,Left,R,Right,,,,,,,,,,,,,,,,,,,,,,,,,,
2026-06-04,825076,,/api/v1.1/game/825076/feed/live,R,2026,2026-06-04,,night,P,N,N,Regular Season,4,4,1,Final,Final,15,Chase Field,109,Arizona Diamondbacks,AZ,3,True,119,Los Angeles Dodgers,LAD,2,False,606466,Ketel Marte,Ketel,Marte,4,1993-10-12,32,"6' 0""",210,4,Second Base,S,Switch,R,Right,"1-5 | HR, 2 K, RBI",,5,1,0,0,1,1,1,2,0,0,0,0,5,4,,,,,,,,,,
2026-06-04,825076,,/api/v1.1/game/825076/feed/live,R,2026,2026-06-04,,night,P,N,N,Regular Season,4,4,1,Final,Final,15,Chase Field,109,Arizona Diamondbacks,AZ,3,True,119,Los Angeles Dodgers,LAD,2,False,642528,Jonathan Loáisiga,Jonathan,Loáisiga,43,1994-11-02,31,"5' 11""",195,1,Pitcher,R,Right,R,Right,,,,,,,,,,,,,,,,,,,,,,,,,,
2026-06-04,825076,,/api/v1.1/game/825076/feed/live,R,2026,2026-06-04,,night,P,N,N,Regular Season,4,4,1,Final,Final,15,Chase Field,109,Arizona Diamondbacks,AZ,3,True,119,Los Angeles Dodgers,LAD,2,False,545121,Ildemaro Vargas,Ildemaro,Vargas,6,1991-07-16,34,"5' 11""",202,3,First Base,S,Switch,R,Right,0-2,,2,0,0,0,0,0,0,0,0,0,0,0,2,0,,,,,,,,,,
2026-06-04,825076,,/api/v1.1/game/825076/feed/live,R,2026,2026-06-04,,night,P,N,N,Regular Season,4,4,1,Final,Final,15,Chase Field,109,Arizona Diamondbacks,AZ,3,True,119,Los Angeles Dodgers,LAD,2,False,669194,Ryne Nelson,Ryne,Nelson,19,1998-02-01,28,"6' 3""",184,1,Pitcher,R,Right,R,Right,"7.0 IP, 2 ER, 3 K, 2 BB",,,,,,,,,,,,,,,,7.0,2,5,0,3,2,94,0,0,0
2026-06-04,825076,,/api/v1.1/game/825076/feed/live,R,2026,2026-06-04,,night,P,N,N,Regular Season,4,4,1,Final,Final,15,Chase Field,109,Arizona Diamondbacks,AZ,3,True,119,Los Angeles Dodgers,LAD,2,False,672695,Geraldo Perdomo,Geraldo,Perdomo,2,1999-10-22,26,"6' 2""",203,6,Shortstop,S,Switch,R,Right,2-4 | RBI,,4,2,0,0,0,1,0,0,0,0,0,0,4,2,,,,,,,,,,
2026-06-04,825076,,/api/v1.1/game/825076/feed/live,R,2026,2026-06-04,,night,P,N,N,Regular Season,4,4,1,Final,Final,15,Chase Field,109,Arizona Diamondbacks,AZ,3,True,119,Los Angeles Dodgers,LAD,2,False,699912,Jose Fernandez,Jose,Fernandez,11,2003-09-22,22,"6' 3""",165,10,Designated Hitter,R,Right,R,Right,"1-4 | K, SB",,4,1,0,0,0,0,0,1,0,1,0,0,4,1,,,,,,,,,,
2026-06-04,825076,,/api/v1.1/game/825076/feed/live,R,2026,2026-06-04,,night,P,N,N,Regular Season,4,4,1,Final,Final,15,Chase Field,109,Arizona Diamondbacks,AZ,3,True,119,Los Angeles Dodgers,LAD,2,False,623149,Paul Sewald,Paul,Sewald,38,1990-05-26,36,"6' 3""",219,1,Pitcher,R,Right,R,Right,"1.0 IP, 0 ER, 2 K, 0 BB",,,,,,,,,,,,,,,,1.0,0,1,0,2,0,14,1,0,0
2026-06-04,825076,,/api/v1.1/game/825076/feed/live,R,2026,2026-06-04,,night,P,N,N,Regular Season,4,4,1,Final,Final,15,Chase Field,109,Arizona Diamondbacks,AZ,3,True,119,Los Angeles Dodgers,LAD,2,False,647336,Michael Soroka,Michael,Soroka,34,1997-08-04,28,"6' 5""",250,1,Pitcher,R,Right,R,Right,,,,,,,,,,,,,,,,,,,,,,,,,,
2026-06-04,825076,,/api/v1.1/game/825076/feed/live,R,2026,2026-06-04,,night,P,N,N,Regular Season,4,4,1,Final,Final,15,Chase Field,109,Arizona Diamondbacks,AZ,3,True,119,Los Angeles Dodgers,LAD,2,False,672515,Gabriel Moreno,Gabriel,Moreno,14,2000-02-14,26,"5' 9""",195,2,Catcher,R,Right,R,Right,"0-3 | BB, R",,3,0,0,0,0,0,1,0,1,0,0,0,4,0,,,,,,,,,,
2026-06-04,825076,,/api/v1.1/game/825076/feed/live,R,2026,2026-06-04,,night,P,N,N,Regular Season,4,4,1,Final,Final,15,Chase Field,109,Arizona Diamondbacks,AZ,3,True,119,Los Angeles Dodgers,LAD,2,False,669704,Kade Strowd,Randall,Strowd,24,1997-09-17,28,"6' 2""",200,1,Pitcher,R,Right,R,Right,,,,,,,,,,,,,,,,,,,,,,,,,,
2026-06-04,825076,,/api/v1.1/game/825076/feed/live,R,2026,2026-06-04,,night,P,N,N,Regular Season,4,4,1,Final,Final,15,Chase Field,109,Arizona Diamondbacks,AZ,3,True,119,Los Angeles Dodgers,LAD,2,False,682998,Corbin Carroll,Corbin,Carroll,7,2000-08-21,25,"5' 10""",165,9,Outfielder,L,Left,L,Left,"3-4 | HR, 2B, RBI",,4,3,1,0,1,1,1,0,0,0,0,0,4,7,,,,,,,,,,
2026-06-04,825076,,/api/v1.1/game/825076/feed/live,R,2026,2026-06-04,,night,P,N,N,Regular Season,4,4,1,Final,Final,15,Chase Field,109,Arizona Diamondbacks,AZ,3,True,119,Los Angeles Dodgers,LAD,2,False,668678,Zac Gallen,Zachary,Gallen,23,1995-08-03,30,"6' 2""",189,1,Pitcher,R,Right,R,Right,,,,,,,,,,,,,,,,,,,,,,,,,,
2026-06-04,825076,,/api/v1.1/game/825076/feed/live,R,2026,2026-06-04,,night,P,N,N,Regular Season,4,4,1,Final,Final,15,Chase Field,109,Arizona Diamondbacks,AZ,3,True,119,Los Angeles Dodgers,LAD,2,False,605244,Aramis Garcia,Aramis,Garcia,35,1993-01-12,33,"6' 1""",228,2,Catcher,R,Right,R,Right,,,,,,,,,,,,,,,,,,,,,,,,,,
2026-06-04,825076,,/api/v1.1/game/825076/feed/live,R,2026,2026-06-04,,night,P,N,N,Regular Season,4,4,1,Final,Final,15,Chase Field,109,Arizona Diamondbacks,AZ,3,True,119,Los Angeles Dodgers,LAD,2,False,657044,Ryan Thompson,Ryan,Thompson,81,1992-06-26,33,"6' 5""",210,1,Pitcher,R,Right,R,Right,,,,,,,,,,,,,,,,,,,,,,,,,,
2026-06-04,825076,,/api/v1.1/game/825076/feed/live,R,2026,2026-06-04,,night,P,N,N,Regular Season,4,4,1,Final,Final,15,Chase Field,109,Arizona Diamondbacks,AZ,3,True,119,Los Angeles Dodgers,LAD,2,False,691769,Philip Abner,Philip,Abner,50,2002-05-05,24,"6' 1""",230,1,Pitcher,L,Left,L,Left,,,,,,,,,,,,,,,,,,,,,,,,,,
2026-06-04,825076,,/api/v1.1/game/825076/feed/live,R,2026,2026-06-04,,night,P,N,N,Regular Season,4,4,1,Final,Final,15,Chase Field,109,Arizona Diamondbacks,AZ,3,True,119,Los Angeles Dodgers,LAD,2,False,805299,Brandyn Garcia,Brandyn,Garcia,55,2000-05-27,26,"6' 4""",235,1,Pitcher,L,Left,L,Left,"1.0 IP, 0 ER, 0 K, 0 BB",,,,,,,,,,,,,,,,1.0,0,0,0,0,0,7,0,0,0
2026-06-04,825076,,/api/v1.1/game/825076/feed/live,R,2026,2026-06-04,,night,P,N,N,Regular Season,4,4,1,Final,Final,15,Chase Field,109,Arizona Diamondbacks,AZ,3,True,119,Los Angeles Dodgers,LAD,2,False,656976,Pavin Smith,Pavin,Smith,26,1996-02-06,30,"6' 2""",208,3,First Base,L,Left,L,Left,0-1,,1,0,0,0,0,0,0,0,0,0,0,0,1,0,,,,,,,,,,
2026-06-04,825076,,/api/v1.1/game/825076/feed/live,R,2026,2026-06-04,,night,P,N,N,Regular Season,4,4,1,Final,Final,15,Chase Field,109,Arizona Diamondbacks,AZ,3,True,119,Los Angeles Dodgers,LAD,2,False,678489,Jorge Barrosa,Jorge,Barrosa,1,2001-02-17,25,"5' 6""",165,8,Outfielder,S,Switch,L,Left,0-1,,1,0,0,0,0,0,0,0,0,0,0,0,1,0,,,,,,,,,,
2026-06-04,825076,,/api/v1.1/game/825076/feed/live,R,2026,2026-06-04,,night,P,N,N,Regular Season,4,4,1,Final,Final,15,Chase Field,109,Arizona Diamondbacks,AZ,3,True,119,Los Angeles Dodgers,LAD,2,False,669257,Will Smith,William,Smith,16,1995-03-28,31,"5' 10""",195,2,Catcher,R,Right,R,Right,"1-3 | 2B, BB",,3,1,1,0,0,0,0,0,1,0,0,1,4,2,,,,,,,,,,
2026-06-04,825076,,/api/v1.1/game/825076/feed/live,R,2026,2026-06-04,,night,P,N,N,Regular Season,4,4,1,Final,Final,15,Chase Field,109,Arizona Diamondbacks,AZ,3,True,119,Los Angeles Dodgers,LAD,2,False,687221,Dalton Rushing,Dalton,Rushing,68,2001-02-21,25,"6' 0""",220,2,Catcher,L,Left,R,Right,"1-3 | 2 K, RBI",,3,1,0,0,0,1,0,2,0,0,0,0,3,1,,,,,,,,,,
2026-06-04,825076,,/api/v1.1/game/825076/feed/live,R,2026,2026-06-04,,night,P,N,N,Regular Season,4,4,1,Final,Final,15,Chase Field,109,Arizona Diamondbacks,AZ,3,True,119,Los Angeles Dodgers,LAD,2,False,681911,Alex Vesia,Alexander,Vesia,51,1996-04-11,30,"6' 1""",209,1,Pitcher,L,Left,L,Left,"0.2 IP, 0 ER, 0 K, 0 BB",,,,,,,,,,,,,,,,0.2,0,1,0,0,0,12,0,0,0
2026-06-04,825076,,/api/v1.1/game/825076/feed/live,R,2026,2026-06-04,,night,P,N,N,Regular Season,4,4,1,Final,Final,15,Chase Field,109,Arizona Diamondbacks,AZ,3,True,119,Los Angeles Dodgers,LAD,2,False,663656,Kyle Tucker,Kyle,Tucker,23,1997-01-17,29,"6' 3""",212,9,Outfielder,L,Left,R,Right,1-4 | K,,4,1,0,0,0,0,0,1,0,0,0,0,4,1,,,,,,,,,,
2026-06-04,825076,,/api/v1.1/game/825076/feed/live,R,2026,2026-06-04,,night,P,N,N,Regular Season,4,4,1,Final,Final,15,Chase Field,109,Arizona Diamondbacks,AZ,3,True,119,Los Angeles Dodgers,LAD,2,False,669899,Ryan Ward,Ryan,Ward,67,1998-02-23,28,"5' 10""",200,7,Outfielder,L,Left,R,Right,"1-2 | 2B, BB, RBI",,2,1,1,0,0,1,1,0,1,0,0,0,3,2,,,,,,,,,,
2026-06-04,825076,,/api/v1.1/game/825076/feed/live,R,2026,2026-06-04,,night,P,N,N,Regular Season,4,4,1,Final,Final,15,Chase Field,109,Arizona Diamondbacks,AZ,3,True,119,Los Angeles Dodgers,LAD,2,False,571970,Max Muncy,Maxwell,Muncy,13,1990-08-25,35,"5' 10""",215,5,Third Base,L,Left,R,Right,1-2,,2,1,0,0,0,0,0,0,0,0,0,1,2,1,,,,,,,,,,
2026-06-04,825076,,/api/v1.1/game/825076/feed/live,R,2026,2026-06-04,,night,P,N,N,Regular Season,4,4,1,Final,Final,15,Chase Field,109,Arizona Diamondbacks,AZ,3,True,119,Los Angeles Dodgers,LAD,2,False,518692,Freddie Freeman,Frederick,Freeman,5,1989-09-12,36,"6' 4""",220,3,First Base,L,Left,R,Right,0-4,,4,0,0,0,0,0,0,0,0,0,0,0,4,0,,,,,,,,,,
2026-06-04,825076,,/api/v1.1/game/825076/feed/live,R,2026,2026-06-04,,night,P,N,N,Regular Season,4,4,1,Final,Final,15,Chase Field,109,Arizona Diamondbacks,AZ,3,True,119,Los Angeles Dodgers,LAD,2,False,683618,Edgardo Henriquez,Edgardo,Henriquez,60,2002-06-24,23,"6' 4""",200,1,Pitcher,R,Right,R,Right,,,,,,,,,,,,,,,,,,,,,,,,,,
2026-06-04,825076,,/api/v1.1/game/825076/feed/live,R,2026,2026-06-04,,night,P,N,N,Regular Season,4,4,1,Final,Final,15,Chase Field,109,Arizona Diamondbacks,AZ,3,True,119,Los Angeles Dodgers,LAD,2,False,641778,Eric Lauer,Eric,Lauer,33,1995-06-03,31,"6' 3""",209,1,Pitcher,R,Right,L,Left,,,,,,,,,,,,,,,,,,,,,,,,,,
2026-06-04,825076,,/api/v1.1/game/825076/feed/live,R,2026,2026-06-04,,night,P,N,N,Regular Season,4,4,1,Final,Final,15,Chase Field,109,Arizona Diamondbacks,AZ,3,True,119,Los Angeles Dodgers,LAD,2,False,656945,Tanner Scott,Tanner,Scott,66,1994-07-22,31,"6' 0""",235,1,Pitcher,R,Right,L,Left,"0.1 IP, ER, K, 0 BB",,,,,,,,,,,,,,,,0.1,1,1,1,1,0,8,0,1,0
2026-06-04,825076,,/api/v1.1/game/825076/feed/live,R,2026,2026-06-04,,night,P,N,N,Regular Season,4,4,1,Final,Final,15,Chase Field,109,Arizona Diamondbacks,AZ,3,True,119,Los Angeles Dodgers,LAD,2,False,669289,Santiago Espinal,Santiago,Espinal,21,1994-11-13,31,"5' 9""",185,5,Third Base,R,Right,R,Right,"1-2 | K, R",,2,1,0,0,0,0,1,1,0,0,0,0,2,1,,,,,,,,,,
2026-06-04,825076,,/api/v1.1/game/825076/feed/live,R,2026,2026-06-04,,night,P,N,N,Regular Season,4,4,1,Final,Final,15,Chase Field,109,Arizona Diamondbacks,AZ,3,True,119,Los Angeles Dodgers,LAD,2,False,669165,Kyle Hurt,Kyle,Hurt,63,1998-05-30,28,"6' 3""",240,1,Pitcher,R,Right,R,Right,"1.0 IP, 0 ER, 2 K, 0 BB",,,,,,,,,,,,,,,,1.0,0,1,0,2,0,15,0,0,0
2026-06-04,825076,,/api/v1.1/game/825076/feed/live,R,2026,2026-06-04,,night,P,N,N,Regular Season,4,4,1,Final,Final,15,Chase Field,109,Arizona Diamondbacks,AZ,3,True,119,Los Angeles Dodgers,LAD,2,False,660271,Shohei Ohtani,Shohei,Ohtani,17,1994-07-05,31,"6' 4""",210,Y,Two-Way Player,L,Left,R,Right,,,,,,,,,,,,,,,,,,,,,,,,,,
2026-06-04,825076,,/api/v1.1/game/825076/feed/live,R,2026,2026-06-04,,night,P,N,N,Regular Season,4,4,1,Final,Final,15,Chase Field,109,Arizona Diamondbacks,AZ,3,True,119,Los Angeles Dodgers,LAD,2,False,694361,Will Klein,William,Klein,61,1999-11-28,26,"6' 5""",230,1,Pitcher,R,Right,R,Right,"0.1 IP, 2 ER, K, BB",,,,,,,,,,,,,,,,0.1,2,2,1,1,1,16,0,0,0
2026-06-04,825076,,/api/v1.1/game/825076/feed/live,R,2026,2026-06-04,,night,P,N,N,Regular Season,4,4,1,Final,Final,15,Chase Field,109,Arizona Diamondbacks,AZ,3,True,119,Los Angeles Dodgers,LAD,2,False,680736,Justin Wrobleski,Justin,Wrobleski,70,2000-07-14,25,"6' 1""",194,1,Pitcher,L,Left,L,Left,"6.0 IP, 0 ER, 4 K, 0 BB",,,,,,,,,,,,,,,,6.0,0,6,0,4,0,84,0,0,0
2026-06-04,825076,,/api/v1.1/game/825076/feed/live,R,2026,2026-06-04,,night,P,N,N,Regular Season,4,4,1,Final,Final,15,Chase Field,109,Arizona Diamondbacks,AZ,3,True,119,Los Angeles Dodgers,LAD,2,False,642546,Jonathan Hernández,Jonathan,Hernández,29,1996-07-06,29,"6' 3""",190,1,Pitcher,R,Right,R,Right,,,,,,,,,,,,,,,,,,,,,,,,,,
2026-06-04,825076,,/api/v1.1/game/825076/feed/live,R,2026,2026-06-04,,night,P,N,N,Regular Season,4,4,1,Final,Final,15,Chase Field,109,Arizona Diamondbacks,AZ,3,True,119,Los Angeles Dodgers,LAD,2,False,681624,Andy Pages,Andy,Pages,44,2000-12-08,25,"6' 1""",212,8,Outfielder,R,Right,R,Right,0-4 | K,,4,0,0,0,0,0,0,1,0,0,0,0,4,0,,,,,,,,,,
2026-06-04,825076,,/api/v1.1/game/825076/feed/live,R,2026,2026-06-04,,night,P,N,N,Regular Season,4,4,1,Final,Final,15,Chase Field,109,Arizona Diamondbacks,AZ,3,True,119,Los Angeles Dodgers,LAD,2,False,605141,Mookie Betts,Markus,Betts,50,1992-10-07,33,"5' 9""",180,6,Shortstop,R,Right,R,Right,0-4,,4,0,0,0,0,0,0,0,0,0,0,0,4,0,,,,,,,,,,
2026-06-04,825076,,/api/v1.1/game/825076/feed/live,R,2026,2026-06-04,,night,P,N,N,Regular Season,4,4,1,Final,Final,15,Chase Field,109,Arizona Diamondbacks,AZ,3,True,119,Los Angeles Dodgers,LAD,2,False,669743,Alex Call,Alex,Call,12,1994-09-27,31,"5' 11""",189,7,Outfielder,R,Right,R,Right,0-0,,0,0,0,0,0,0,0,0,0,0,0,0,0,0,,,,,,,,,,
2026-06-04,825076,,/api/v1.1/game/825076/feed/live,R,2026,2026-06-04,,night,P,N,N,Regular Season,4,4,1,Final,Final,15,Chase Field,109,Arizona Diamondbacks,AZ,3,True,119,Los Angeles Dodgers,LAD,2,False,686218,Emmet Sheehan,George,Sheehan,80,1999-11-15,26,"6' 5""",220,1,Pitcher,R,Right,R,Right,,,,,,,,,,,,,,,,,,,,,,,,,,
2026-06-04,825076,,/api/v1.1/game/825076/feed/live,R,2026,2026-06-04,,night,P,N,N,Regular Season,4,4,1,Final,Final,15,Chase Field,109,Arizona Diamondbacks,AZ,3,True,119,Los Angeles Dodgers,LAD,2,False,500743,Miguel Rojas,Miguel,Rojas,72,1989-02-24,37,"5' 10""",188,6,Shortstop,R,Right,R,Right,0-1,,1,0,0,0,0,0,0,0,0,0,0,0,1,0,,,,,,,,,,
2026-06-04,825076,,/api/v1.1/game/825076/feed/live,R,2026,2026-06-04,,night,P,N,N,Regular Season,4,4,1,Final,Final,15,Chase Field,109,Arizona Diamondbacks,AZ,3,True,119,Los Angeles Dodgers,LAD,2,False,676263,Jack Dreyer,Jacob,Dreyer,86,1999-02-27,27,"6' 2""",205,1,Pitcher,R,Right,L,Left,,,,,,,,,,,,,,,,,,,,,,,,,,
2026-06-04,825076,,/api/v1.1/game/825076/feed/live,R,2026,2026-06-04,,night,P,N,N,Regular Season,4,4,1,Final,Final,15,Chase Field,109,Arizona Diamondbacks,AZ,3,True,119,Los Angeles Dodgers,LAD,2,False,595014,Blake Treinen,Blake,Treinen,49,1988-06-30,37,"6' 5""",225,1,Pitcher,R,Right,R,Right,,,,,,,,,,,,,,,,,,,,,,,,,,
2026-06-04,825076,,/api/v1.1/game/825076/feed/live,R,2026,2026-06-04,,night,P,N,N,Regular Season,4,4,1,Final,Final,15,Chase Field,109,Arizona Diamondbacks,AZ,3,True,119,Los Angeles Dodgers,LAD,2,False,808963,Roki Sasaki,Roki,Sasaki,11,2001-11-03,24,"6' 2""",187,1,Pitcher,R,Right,R,Right,,,,,,,,,,,,,,,,,,,,,,,,,,
2026-06-04,825076,,/api/v1.1/game/825076/feed/live,R,2026,2026-06-04,,night,P,N,N,Regular Season,4,4,1,Final,Final,15,Chase Field,109,Arizona Diamondbacks,AZ,3,True,119,Los Angeles Dodgers,LAD,2,False,690976,Alex Freeland,Alexander,Freeland,76,2001-08-24,24,"5' 11""",200,4,Second Base,S,Switch,R,Right,0-2,,2,0,0,0,0,0,0,0,0,0,0,0,2,0,,,,,,,,,,
2026-06-04,825076,,/api/v1.1/game/825076/feed/live,R,2026,2026-06-04,,night,P,N,N,Regular Season,4,4,1,Final,Final,15,Chase Field,109,Arizona Diamondbacks,AZ,3,True,119,Los Angeles Dodgers,LAD,2,False,808967,Yoshinobu Yamamoto,Yoshinobu,Yamamoto,18,1998-08-17,27,"5' 10""",176,1,Pitcher,R,Right,R,Right,,,,,,,,,,,,,,,,,,,,,,,,,,
