gameDate,gamePk,gameGuid,link,gameType,season,officialDate,description,dayNight,gamedayType,doubleHeader,tiebreaker,seriesDescription,seriesGameNumber,gamesInSeries,gameNumber,status_abstractGameState,status_detailedState,venue_id,venue_name,home_team_id,home_team_name,home_team_abbreviation,home_score,home_isWinner,away_team_id,away_team_name,away_team_abbreviation,away_score,away_isWinner,playerId,fullName,firstName,lastName,primaryNumber,birthDate,currentAge,height,weight,primaryPosition_code,primaryPosition_name,batSide_code,batSide_description,pitchHand_code,pitchHand_description,gameLogSummary,note,atBats,hits,doubles,triples,homeRuns,rbi,runs,strikeOuts,baseOnBalls,stolenBases,caughtStealing,groundIntoDoublePlay,plateAppearances,totalBases,inningsPitched,earnedRuns,hitsAllowed,homeRunsAllowed,strikeOutsPitching,baseOnBallsPitching,pitchesThrown,wins,losses,saves
2026-08-06,824804,,/api/v1.1/game/824804/feed/live,R,2026,2026-08-06,,day,P,N,N,Regular Season,3,3,1,Final,Final,2,Oriole Park at Camden Yards,110,Baltimore Orioles,BAL,1,False,108,Los Angeles Angels,LAA,4,True,669236,Jeremiah Jackson,Jeremiah,Jackson,82,2000-03-26,26,"5' 11""",200,4,Second Base,R,Right,R,Right,0-3 | BB,,3,0,0,0,0,0,0,0,1,0,0,1,4,0,,,,,,,,,,
2026-08-06,824804,,/api/v1.1/game/824804/feed/live,R,2026,2026-08-06,,day,P,N,N,Regular Season,3,3,1,Final,Final,2,Oriole Park at Camden Yards,110,Baltimore Orioles,BAL,1,False,108,Los Angeles Angels,LAA,4,True,669432,Trevor Rogers,Trevor,Rogers,28,1997-11-13,28,"6' 5""",230,1,Pitcher,L,Left,L,Left,,,,,,,,,,,,,,,,,,,,,,,,,,
2026-08-06,824804,,/api/v1.1/game/824804/feed/live,R,2026,2026-08-06,,day,P,N,N,Regular Season,3,3,1,Final,Final,2,Oriole Park at Camden Yards,110,Baltimore Orioles,BAL,1,False,108,Los Angeles Angels,LAA,4,True,670329,Rico Garcia,Joshua,Garcia,50,1994-01-10,32,"5' 9""",215,1,Pitcher,R,Right,R,Right,,,,,,,,,,,,,,,,,,,,,,,,,,
2026-08-06,824804,,/api/v1.1/game/824804/feed/live,R,2026,2026-08-06,,day,P,N,N,Regular Season,3,3,1,Final,Final,2,Oriole Park at Camden Yards,110,Baltimore Orioles,BAL,1,False,108,Los Angeles Angels,LAA,4,True,687064,Brandon Young,Brandon,Young,63,1998-08-19,27,"6' 6""",230,1,Pitcher,R,Right,R,Right,"4.1 IP, 3 ER, 4 K, 2 BB",,,,,,,,,,,,,,,,4.1,3,6,1,4,2,98,0,1,0
2026-08-06,824804,,/api/v1.1/game/824804/feed/live,R,2026,2026-08-06,,day,P,N,N,Regular Season,3,3,1,Final,Final,2,Oriole Park at Camden Yards,110,Baltimore Orioles,BAL,1,False,108,Los Angeles Angels,LAA,4,True,700249,Cade Povich,Cade,Povich,37,2000-04-12,26,"6' 3""",200,1,Pitcher,L,Left,L,Left,,,,,,,,,,,,,,,,,,,,,,,,,,
2026-08-06,824804,,/api/v1.1/game/824804/feed/live,R,2026,2026-08-06,,day,P,N,N,Regular Season,3,3,1,Final,Final,2,Oriole Park at Camden Yards,110,Baltimore Orioles,BAL,1,False,108,Los Angeles Angels,LAA,4,True,695380,Alex Hoppe,Alex,Hoppe,26,1998-12-17,27,"6' 1""",200,1,Pitcher,R,Right,R,Right,,,,,,,,,,,,,,,,,,,,,,,,,,
2026-08-06,824804,,/api/v1.1/game/824804/feed/live,R,2026,2026-08-06,,day,P,N,N,Regular Season,3,3,1,Final,Final,2,Oriole Park at Camden Yards,110,Baltimore Orioles,BAL,1,False,108,Los Angeles Angels,LAA,4,True,683002,Gunnar Henderson,Gunnar,Henderson,2,2001-06-29,25,"6' 3""",230,6,Shortstop,L,Left,R,Right,0-1 | 3 BB,,1,0,0,0,0,0,0,0,3,0,0,0,4,0,,,,,,,,,,
2026-08-06,824804,,/api/v1.1/game/824804/feed/live,R,2026,2026-08-06,,day,P,N,N,Regular Season,3,3,1,Final,Final,2,Oriole Park at Camden Yards,110,Baltimore Orioles,BAL,1,False,108,Los Angeles Angels,LAA,4,True,665750,Leody Taveras,Leody,Taveras,30,1998-09-08,27,"6' 2""",210,8,Outfielder,S,Switch,R,Right,"0-2 | BB, K",,2,0,0,0,0,0,0,1,1,0,0,0,3,0,,,,,,,,,,
2026-08-06,824804,,/api/v1.1/game/824804/feed/live,R,2026,2026-08-06,,day,P,N,N,Regular Season,3,3,1,Final,Final,2,Oriole Park at Camden Yards,110,Baltimore Orioles,BAL,1,False,108,Los Angeles Angels,LAA,4,True,669358,Shane Baz,Shane,Baz,34,1999-06-17,27,"6' 3""",200,1,Pitcher,R,Right,R,Right,,,,,,,,,,,,,,,,,,,,,,,,,,
2026-08-06,824804,,/api/v1.1/game/824804/feed/live,R,2026,2026-08-06,,day,P,N,N,Regular Season,3,3,1,Final,Final,2,Oriole Park at Camden Yards,110,Baltimore Orioles,BAL,1,False,108,Los Angeles Angels,LAA,4,True,681047,Christian Franklin,Christian,Franklin,27,1999-11-30,26,"5' 9""",195,7,Outfielder,R,Right,R,Right,0-1 | K,,1,0,0,0,0,0,0,1,0,0,0,0,1,0,,,,,,,,,,
2026-08-06,824804,,/api/v1.1/game/824804/feed/live,R,2026,2026-08-06,,day,P,N,N,Regular Season,3,3,1,Final,Final,2,Oriole Park at Camden Yards,110,Baltimore Orioles,BAL,1,False,108,Los Angeles Angels,LAA,4,True,680694,Kyle Bradish,Kyle,Bradish,38,1996-09-12,29,"6' 3""",215,1,Pitcher,R,Right,R,Right,,,,,,,,,,,,,,,,,,,,,,,,,,
2026-08-06,824804,,/api/v1.1/game/824804/feed/live,R,2026,2026-08-06,,day,P,N,N,Regular Season,3,3,1,Final,Final,2,Oriole Park at Camden Yards,110,Baltimore Orioles,BAL,1,False,108,Los Angeles Angels,LAA,4,True,544150,Albert Suárez,Albert,Suárez,49,1989-10-08,36,"6' 3""",235,1,Pitcher,R,Right,R,Right,"2.0 IP, 0 ER, 0 K, BB",,,,,,,,,,,,,,,,2.0,0,1,0,0,1,24,0,0,0
2026-08-06,824804,,/api/v1.1/game/824804/feed/live,R,2026,2026-08-06,,day,P,N,N,Regular Season,3,3,1,Final,Final,2,Oriole Park at Camden Yards,110,Baltimore Orioles,BAL,1,False,108,Los Angeles Angels,LAA,4,True,687637,Dylan Beavers,Dylan,Beavers,12,2001-08-11,24,"6' 5""",220,9,Outfielder,L,Left,R,Right,"1-3 | BB, 2 K, CS",,3,1,0,0,0,0,0,2,1,0,1,0,4,1,,,,,,,,,,
2026-08-06,824804,,/api/v1.1/game/824804/feed/live,R,2026,2026-08-06,,day,P,N,N,Regular Season,3,3,1,Final,Final,2,Oriole Park at Camden Yards,110,Baltimore Orioles,BAL,1,False,108,Los Angeles Angels,LAA,4,True,682274,Yaramil Hiraldo,Yaramil,Hiraldo,76,1995-12-31,30,"6' 1""",220,1,Pitcher,R,Right,R,Right,"1.0 IP, ER, 2 K, BB",,,,,,,,,,,,,,,,1.0,1,1,0,2,1,21,0,0,0
2026-08-06,824804,,/api/v1.1/game/824804/feed/live,R,2026,2026-08-06,,day,P,N,N,Regular Season,3,3,1,Final,Final,2,Oriole Park at Camden Yards,110,Baltimore Orioles,BAL,1,False,108,Los Angeles Angels,LAA,4,True,641933,Tyler O'Neill,Tyler,O'Neill,9,1995-06-22,31,"5' 9""",200,9,Outfielder,R,Right,R,Right,1-1,,1,1,0,0,0,0,0,0,0,0,0,0,1,1,,,,,,,,,,
2026-08-06,824804,,/api/v1.1/game/824804/feed/live,R,2026,2026-08-06,,day,P,N,N,Regular Season,3,3,1,Final,Final,2,Oriole Park at Camden Yards,110,Baltimore Orioles,BAL,1,False,108,Los Angeles Angels,LAA,4,True,677020,Josh Walker,Joshua,Walker,61,1994-12-01,31,"6' 6""",225,1,Pitcher,L,Left,L,Left,"1.2 IP, 0 ER, K, BB",,,,,,,,,,,,,,,,1.2,0,1,0,1,1,19,0,0,0
2026-08-06,824804,,/api/v1.1/game/824804/feed/live,R,2026,2026-08-06,,day,P,N,N,Regular Season,3,3,1,Final,Final,2,Oriole Park at Camden Yards,110,Baltimore Orioles,BAL,1,False,108,Los Angeles Angels,LAA,4,True,650968,Yohel Pozo,Yohel,Pozo,79,1997-06-14,29,"5' 11""",201,2,Catcher,R,Right,R,Right,"1-3 | HR, RBI, R",,3,1,0,0,1,1,1,0,0,0,0,0,3,4,,,,,,,,,,
2026-08-06,824804,,/api/v1.1/game/824804/feed/live,R,2026,2026-08-06,,day,P,N,N,Regular Season,3,3,1,Final,Final,2,Oriole Park at Camden Yards,110,Baltimore Orioles,BAL,1,False,108,Los Angeles Angels,LAA,4,True,624413,Pete Alonso,Peter,Alonso,25,1994-12-07,31,"6' 3""",245,3,First Base,R,Right,R,Right,"1-3 | BB, K",,3,1,0,0,0,0,0,1,1,0,0,0,4,1,,,,,,,,,,
2026-08-06,824804,,/api/v1.1/game/824804/feed/live,R,2026,2026-08-06,,day,P,N,N,Regular Season,3,3,1,Final,Final,2,Oriole Park at Camden Yards,110,Baltimore Orioles,BAL,1,False,108,Los Angeles Angels,LAA,4,True,702616,Jackson Holliday,Jackson,Holliday,7,2003-12-04,22,"5' 11""",200,4,Second Base,L,Left,R,Right,"0-3 | BB, K",,3,0,0,0,0,0,0,1,1,0,0,0,4,0,,,,,,,,,,
2026-08-06,824804,,/api/v1.1/game/824804/feed/live,R,2026,2026-08-06,,day,P,N,N,Regular Season,3,3,1,Final,Final,2,Oriole Park at Camden Yards,110,Baltimore Orioles,BAL,1,False,108,Los Angeles Angels,LAA,4,True,665966,Carlos Narváez,Carlos,Narváez,75,1998-11-26,27,"5' 11""",190,2,Catcher,R,Right,R,Right,,,,,,,,,,,,,,,,,,,,,,,,,,
2026-08-06,824804,,/api/v1.1/game/824804/feed/live,R,2026,2026-08-06,,day,P,N,N,Regular Season,3,3,1,Final,Final,2,Oriole Park at Camden Yards,110,Baltimore Orioles,BAL,1,False,108,Los Angeles Angels,LAA,4,True,552640,Andrew Kittredge,Andrew,Kittredge,39,1990-03-17,36,"6' 1""",235,1,Pitcher,R,Right,R,Right,,,,,,,,,,,,,,,,,,,,,,,,,,
2026-08-06,824804,,/api/v1.1/game/824804/feed/live,R,2026,2026-08-06,,day,P,N,N,Regular Season,3,3,1,Final,Final,2,Oriole Park at Camden Yards,110,Baltimore Orioles,BAL,1,False,108,Los Angeles Angels,LAA,4,True,664991,Grant Wolfram,Grant,Wolfram,48,1996-12-12,29,"6' 7""",250,1,Pitcher,L,Left,L,Left,,,,,,,,,,,,,,,,,,,,,,,,,,
2026-08-06,824804,,/api/v1.1/game/824804/feed/live,R,2026,2026-08-06,,day,P,N,N,Regular Season,3,3,1,Final,Final,2,Oriole Park at Camden Yards,110,Baltimore Orioles,BAL,1,False,108,Los Angeles Angels,LAA,4,True,687952,Christian Encarnacion-Strand,Christian,Encarnacion-Strand,32,1999-12-01,26,"6' 1""",224,5,Third Base,R,Right,R,Right,"0-3 | HBP, K",,3,0,0,0,0,0,0,1,0,0,0,1,4,0,,,,,,,,,,
2026-08-06,824804,,/api/v1.1/game/824804/feed/live,R,2026,2026-08-06,,day,P,N,N,Regular Season,3,3,1,Final,Final,2,Oriole Park at Camden Yards,110,Baltimore Orioles,BAL,1,False,108,Los Angeles Angels,LAA,4,True,666974,Yennier Cano,Yennier,Cano,78,1994-03-09,32,"6' 4""",245,1,Pitcher,R,Right,R,Right,,,,,,,,,,,,,,,,,,,,,,,,,,
2026-08-06,824804,,/api/v1.1/game/824804/feed/live,R,2026,2026-08-06,,day,P,N,N,Regular Season,3,3,1,Final,Final,2,Oriole Park at Camden Yards,110,Baltimore Orioles,BAL,1,False,108,Los Angeles Angels,LAA,4,True,681297,Colton Cowser,Colton,Cowser,17,2000-03-20,26,"6' 3""",220,8,Outfielder,L,Left,R,Right,0-3 | K,,3,0,0,0,0,0,0,1,0,0,0,0,3,0,,,,,,,,,,
2026-08-06,824804,,/api/v1.1/game/824804/feed/live,R,2026,2026-08-06,,day,P,N,N,Regular Season,3,3,1,Final,Final,2,Oriole Park at Camden Yards,110,Baltimore Orioles,BAL,1,False,108,Los Angeles Angels,LAA,4,True,691723,Coby Mayo,Coby,Mayo,16,2001-12-10,24,"6' 5""",225,5,Third Base,R,Right,R,Right,0-1 | K,,1,0,0,0,0,0,0,1,0,0,0,0,1,0,,,,,,,,,,
2026-08-06,824804,,/api/v1.1/game/824804/feed/live,R,2026,2026-08-06,,day,P,N,N,Regular Season,3,3,1,Final,Final,2,Oriole Park at Camden Yards,110,Baltimore Orioles,BAL,1,False,108,Los Angeles Angels,LAA,4,True,624428,Adam Frazier,Adam,Frazier,20,1991-12-14,34,"5' 10""",190,4,Second Base,L,Left,R,Right,,,,,,,,,,,,,,,,,,,,,,,,,,
2026-08-06,824804,,/api/v1.1/game/824804/feed/live,R,2026,2026-08-06,,day,P,N,N,Regular Season,3,3,1,Final,Final,2,Oriole Park at Camden Yards,110,Baltimore Orioles,BAL,1,False,108,Los Angeles Angels,LAA,4,True,695049,Brett Kerry,Brett,Kerry,71,1999-04-12,27,"6' 0""",213,1,Pitcher,R,Right,R,Right,,,,,,,,,,,,,,,,,,,,,,,,,,
2026-08-06,824804,,/api/v1.1/game/824804/feed/live,R,2026,2026-08-06,,day,P,N,N,Regular Season,3,3,1,Final,Final,2,Oriole Park at Camden Yards,110,Baltimore Orioles,BAL,1,False,108,Los Angeles Angels,LAA,4,True,642350,Jose Siri,Jose,Siri,28,1995-07-22,31,"6' 2""",210,8,Outfielder,R,Right,R,Right,"2-3 | 2B, BB, K",,3,2,1,0,0,0,0,1,1,0,0,0,4,3,,,,,,,,,,
2026-08-06,824804,,/api/v1.1/game/824804/feed/live,R,2026,2026-08-06,,day,P,N,N,Regular Season,3,3,1,Final,Final,2,Oriole Park at Camden Yards,110,Baltimore Orioles,BAL,1,False,108,Los Angeles Angels,LAA,4,True,672724,Oswald Peraza,Oswald,Peraza,2,2000-06-15,26,"5' 11""",200,4,Second Base,R,Right,R,Right,0-4,,4,0,0,0,0,0,0,0,0,0,0,1,4,0,,,,,,,,,,
2026-08-06,824804,,/api/v1.1/game/824804/feed/live,R,2026,2026-08-06,,day,P,N,N,Regular Season,3,3,1,Final,Final,2,Oriole Park at Camden Yards,110,Baltimore Orioles,BAL,1,False,108,Los Angeles Angels,LAA,4,True,687263,Zach Neto,Zachary,Neto,9,2001-01-31,25,"5' 11""",185,6,Shortstop,R,Right,R,Right,"2-5 | HR, K, 3 RBI",,5,2,0,0,1,3,1,1,0,0,0,0,5,5,,,,,,,,,,
2026-08-06,824804,,/api/v1.1/game/824804/feed/live,R,2026,2026-08-06,,day,P,N,N,Regular Season,3,3,1,Final,Final,2,Oriole Park at Camden Yards,110,Baltimore Orioles,BAL,1,False,108,Los Angeles Angels,LAA,4,True,518595,Travis d'Arnaud,Travis,d'Arnaud,25,1989-02-10,37,"6' 0""",210,2,Catcher,R,Right,R,Right,,,,,,,,,,,,,,,,,,,,,,,,,,
2026-08-06,824804,,/api/v1.1/game/824804/feed/live,R,2026,2026-08-06,,day,P,N,N,Regular Season,3,3,1,Final,Final,2,Oriole Park at Camden Yards,110,Baltimore Orioles,BAL,1,False,108,Los Angeles Angels,LAA,4,True,696270,Ryan Johnson,Ryan,Johnson,32,2002-08-05,24,"6' 6""",215,1,Pitcher,S,Switch,R,Right,"4.2 IP, ER, K, 5 BB",,,,,,,,,,,,,,,,4.2,1,3,1,1,5,78,0,0,0
2026-08-06,824804,,/api/v1.1/game/824804/feed/live,R,2026,2026-08-06,,day,P,N,N,Regular Season,3,3,1,Final,Final,2,Oriole Park at Camden Yards,110,Baltimore Orioles,BAL,1,False,108,Los Angeles Angels,LAA,4,True,690829,Ben Joyce,Benjamin,Joyce,44,2000-09-17,25,"6' 5""",225,1,Pitcher,R,Right,R,Right,,,,,,,,,,,,,,,,,,,,,,,,,,
2026-08-06,824804,,/api/v1.1/game/824804/feed/live,R,2026,2026-08-06,,day,P,N,N,Regular Season,3,3,1,Final,Final,2,Oriole Park at Camden Yards,110,Baltimore Orioles,BAL,1,False,108,Los Angeles Angels,LAA,4,True,815083,Mitch Farris,Mitchell,Farris,70,2001-02-14,25,"6' 2""",195,1,Pitcher,L,Left,L,Left,"1.0 IP, 0 ER, 2 K, BB",,,,,,,,,,,,,,,,1.0,0,0,0,2,1,20,1,0,0
2026-08-06,824804,,/api/v1.1/game/824804/feed/live,R,2026,2026-08-06,,day,P,N,N,Regular Season,3,3,1,Final,Final,2,Oriole Park at Camden Yards,110,Baltimore Orioles,BAL,1,False,108,Los Angeles Angels,LAA,4,True,680570,Grayson Rodriguez,Grayson,Rodriguez,21,1999-11-16,26,"6' 5""",230,1,Pitcher,L,Left,R,Right,,,,,,,,,,,,,,,,,,,,,,,,,,
2026-08-06,824804,,/api/v1.1/game/824804/feed/live,R,2026,2026-08-06,,day,P,N,N,Regular Season,3,3,1,Final,Final,2,Oriole Park at Camden Yards,110,Baltimore Orioles,BAL,1,False,108,Los Angeles Angels,LAA,4,True,545361,Mike Trout,Michael,Trout,27,1991-08-07,35,"6' 1""",235,8,Outfielder,R,Right,R,Right,"0-4 | BB, 2 K",,4,0,0,0,0,0,0,2,1,0,0,0,5,0,,,,,,,,,,
2026-08-06,824804,,/api/v1.1/game/824804/feed/live,R,2026,2026-08-06,,day,P,N,N,Regular Season,3,3,1,Final,Final,2,Oriole Park at Camden Yards,110,Baltimore Orioles,BAL,1,False,108,Los Angeles Angels,LAA,4,True,694208,Moisés Ballesteros,Moisés,Ballesteros,13,2003-11-08,22,"5' 8""",195,2,Catcher,L,Left,R,Right,1-4,,4,1,0,0,0,0,0,0,0,0,0,0,4,1,,,,,,,,,,
2026-08-06,824804,,/api/v1.1/game/824804/feed/live,R,2026,2026-08-06,,day,P,N,N,Regular Season,3,3,1,Final,Final,2,Oriole Park at Camden Yards,110,Baltimore Orioles,BAL,1,False,108,Los Angeles Angels,LAA,4,True,820862,José Fermin,Jose,Fermin,65,2001-11-28,24,"6' 3""",242,1,Pitcher,R,Right,R,Right,,,,,,,,,,,,,,,,,,,,,,,,,,
2026-08-06,824804,,/api/v1.1/game/824804/feed/live,R,2026,2026-08-06,,day,P,N,N,Regular Season,3,3,1,Final,Final,2,Oriole Park at Camden Yards,110,Baltimore Orioles,BAL,1,False,108,Los Angeles Angels,LAA,4,True,694203,Denzer Guzman,Denzer,Guzman,23,2004-02-08,22,"6' 1""",190,5,Third Base,R,Right,R,Right,0-0,,0,0,0,0,0,0,0,0,0,0,0,0,0,0,,,,,,,,,,
2026-08-06,824804,,/api/v1.1/game/824804/feed/live,R,2026,2026-08-06,,day,P,N,N,Regular Season,3,3,1,Final,Final,2,Oriole Park at Camden Yards,110,Baltimore Orioles,BAL,1,False,108,Los Angeles Angels,LAA,4,True,687093,Vaughn Grissom,Vaughn,Grissom,5,2001-01-05,25,"6' 2""",210,4,Second Base,R,Right,R,Right,"2-4 | 2B, K",,4,2,1,0,0,0,0,1,0,0,0,0,4,3,,,,,,,,,,
2026-08-06,824804,,/api/v1.1/game/824804/feed/live,R,2026,2026-08-06,,day,P,N,N,Regular Season,3,3,1,Final,Final,2,Oriole Park at Camden Yards,110,Baltimore Orioles,BAL,1,False,108,Los Angeles Angels,LAA,4,True,694384,Nolan Schanuel,Nolan,Schanuel,18,2002-02-14,24,"6' 2""",220,3,First Base,L,Left,R,Right,"0-3 | BB, RBI, R",,3,0,0,0,0,1,1,0,1,0,0,0,5,0,,,,,,,,,,
2026-08-06,824804,,/api/v1.1/game/824804/feed/live,R,2026,2026-08-06,,day,P,N,N,Regular Season,3,3,1,Final,Final,2,Oriole Park at Camden Yards,110,Baltimore Orioles,BAL,1,False,108,Los Angeles Angels,LAA,4,True,685133,Wade Meckler,Wade,Meckler,53,2000-04-21,26,"5' 9""",190,7,Outfielder,L,Left,R,Right,2-5 | 2 R,,5,2,0,0,0,0,2,0,0,0,0,0,5,2,,,,,,,,,,
2026-08-06,824804,,/api/v1.1/game/824804/feed/live,R,2026,2026-08-06,,day,P,N,N,Regular Season,3,3,1,Final,Final,2,Oriole Park at Camden Yards,110,Baltimore Orioles,BAL,1,False,108,Los Angeles Angels,LAA,4,True,666139,Josh Lowe,Joshua,Lowe,3,1998-02-02,28,"6' 3""",220,7,Outfielder,L,Left,R,Right,"0-2 | 2 BB, 2 K",,2,0,0,0,0,0,0,2,2,0,0,0,4,0,,,,,,,,,,
2026-08-06,824804,,/api/v1.1/game/824804/feed/live,R,2026,2026-08-06,,day,P,N,N,Regular Season,3,3,1,Final,Final,2,Oriole Park at Camden Yards,110,Baltimore Orioles,BAL,1,False,108,Los Angeles Angels,LAA,4,True,641312,Shaun Anderson,Shaun,Anderson,64,1994-10-29,31,"6' 6""",228,1,Pitcher,R,Right,R,Right,,,,,,,,,,,,,,,,,,,,,,,,,,
2026-08-06,824804,,/api/v1.1/game/824804/feed/live,R,2026,2026-08-06,,day,P,N,N,Regular Season,3,3,1,Final,Final,2,Oriole Park at Camden Yards,110,Baltimore Orioles,BAL,1,False,108,Los Angeles Angels,LAA,4,True,623168,Tyler Heineman,Tyler,Heineman,31,1991-06-19,35,"5' 10""",190,2,Catcher,S,Switch,R,Right,,,,,,,,,,,,,,,,,,,,,,,,,,
2026-08-06,824804,,/api/v1.1/game/824804/feed/live,R,2026,2026-08-06,,day,P,N,N,Regular Season,3,3,1,Final,Final,2,Oriole Park at Camden Yards,110,Baltimore Orioles,BAL,1,False,108,Los Angeles Angels,LAA,4,True,642048,Tayler Saucedo,Tayler,Saucedo,55,1993-06-18,33,"6' 4""",205,1,Pitcher,L,Left,L,Left,"0.2 IP, 0 ER, K, BB",,,,,,,,,,,,,,,,0.2,0,0,0,1,1,11,0,0,0
2026-08-06,824804,,/api/v1.1/game/824804/feed/live,R,2026,2026-08-06,,day,P,N,N,Regular Season,3,3,1,Final,Final,2,Oriole Park at Camden Yards,110,Baltimore Orioles,BAL,1,False,108,Los Angeles Angels,LAA,4,True,684665,Luke Murphy,Luke,Murphy,72,1999-11-05,26,"6' 5""",190,1,Pitcher,R,Right,R,Right,"1.1 IP, 0 ER, 3 K, BB",,,,,,,,,,,,,,,,1.1,0,0,0,3,1,21,0,0,0
2026-08-06,824804,,/api/v1.1/game/824804/feed/live,R,2026,2026-08-06,,day,P,N,N,Regular Season,3,3,1,Final,Final,2,Oriole Park at Camden Yards,110,Baltimore Orioles,BAL,1,False,108,Los Angeles Angels,LAA,4,True,700712,Walbert Ureña,Walbert,Ureña,57,2004-01-25,22,"6' 0""",210,1,Pitcher,R,Right,R,Right,,,,,,,,,,,,,,,,,,,,,,,,,,
2026-08-06,824804,,/api/v1.1/game/824804/feed/live,R,2026,2026-08-06,,day,P,N,N,Regular Season,3,3,1,Final,Final,2,Oriole Park at Camden Yards,110,Baltimore Orioles,BAL,1,False,108,Los Angeles Angels,LAA,4,True,672282,Reid Detmers,Reid,Detmers,48,1999-07-08,27,"6' 2""",210,1,Pitcher,L,Left,L,Left,,,,,,,,,,,,,,,,,,,,,,,,,,
2026-08-06,824804,,/api/v1.1/game/824804/feed/live,R,2026,2026-08-06,,day,P,N,N,Regular Season,3,3,1,Final,Final,2,Oriole Park at Camden Yards,110,Baltimore Orioles,BAL,1,False,108,Los Angeles Angels,LAA,4,True,676620,Blake Weiman,Blake,Weiman,68,1995-11-05,30,"6' 3""",225,1,Pitcher,R,Right,L,Left,,,,,,,,,,,,,,,,,,,,,,,,,,
2026-08-06,824804,,/api/v1.1/game/824804/feed/live,R,2026,2026-08-06,,day,P,N,N,Regular Season,3,3,1,Final,Final,2,Oriole Park at Camden Yards,110,Baltimore Orioles,BAL,1,False,108,Los Angeles Angels,LAA,4,True,696519,Samy Natera Jr.,Samuel,Natera,52,1999-11-05,26,"6' 4""",230,1,Pitcher,L,Left,L,Left,"1.1 IP, 0 ER, 2 K, 0 BB",,,,,,,,,,,,,,,,1.1,0,1,0,2,0,23,0,0,1
2026-08-06,824481,,/api/v1.1/game/824481/feed/live,R,2026,2026-08-06,,day,P,N,N,Regular Season,3,3,1,Final,Final,2602,Great American Ball Park,113,Cincinnati Reds,CIN,6,True,133,Athletics,ATH,5,False,682829,Elly De La Cruz,Elly,De La Cruz,44,2002-01-11,24,"6' 6""",200,6,Shortstop,S,Switch,R,Right,"1-5 | HR, K, RBI",,5,1,0,0,1,1,1,1,0,0,0,0,5,4,,,,,,,,,,
2026-08-06,824481,,/api/v1.1/game/824481/feed/live,R,2026,2026-08-06,,day,P,N,N,Regular Season,3,3,1,Final,Final,2602,Great American Ball Park,113,Cincinnati Reds,CIN,6,True,133,Athletics,ATH,5,False,701398,Sal Stewart,Sal,Stewart,27,2003-12-07,22,"6' 1""",224,3,First Base,R,Right,R,Right,"2-4 | HR, K, RBI",,4,2,0,0,1,1,2,1,0,0,0,0,4,5,,,,,,,,,,
2026-08-06,824481,,/api/v1.1/game/824481/feed/live,R,2026,2026-08-06,,day,P,N,N,Regular Season,3,3,1,Final,Final,2602,Great American Ball Park,113,Cincinnati Reds,CIN,6,True,133,Athletics,ATH,5,False,667472,Dane Myers,Dane,Myers,17,1996-03-08,30,"6' 0""",205,8,Outfielder,R,Right,R,Right,"0-3 | BB, 3 K, RBI",,3,0,0,0,0,1,0,3,1,0,0,0,4,0,,,,,,,,,,
2026-08-06,824481,,/api/v1.1/game/824481/feed/live,R,2026,2026-08-06,,day,P,N,N,Regular Season,3,3,1,Final,Final,2602,Great American Ball Park,113,Cincinnati Reds,CIN,6,True,133,Athletics,ATH,5,False,572955,Pierce Johnson,Pierce,Johnson,52,1991-05-10,35,"6' 2""",202,1,Pitcher,R,Right,R,Right,"1.0 IP, 0 ER, K, 0 BB",,,,,,,,,,,,,,,,1.0,0,0,0,1,0,18,0,0,0
2026-08-06,824481,,/api/v1.1/game/824481/feed/live,R,2026,2026-08-06,,day,P,N,N,Regular Season,3,3,1,Final,Final,2602,Great American Ball Park,113,Cincinnati Reds,CIN,6,True,133,Athletics,ATH,5,False,682825,Luis Mey,Luis,Mey,47,2001-06-24,25,"6' 5""",235,1,Pitcher,R,Right,R,Right,,,,,,,,,,,,,,,,,,,,,,,,,,
2026-08-06,824481,,/api/v1.1/game/824481/feed/live,R,2026,2026-08-06,,day,P,N,N,Regular Season,3,3,1,Final,Final,2602,Great American Ball Park,113,Cincinnati Reds,CIN,6,True,133,Athletics,ATH,5,False,641941,Emilio Pagán,Emilio,Pagán,15,1991-05-07,35,"6' 2""",208,1,Pitcher,L,Left,R,Right,,,,,,,,,,,,,,,,,,,,,,,,,,
2026-08-06,824481,,/api/v1.1/game/824481/feed/live,R,2026,2026-08-06,,day,P,N,N,Regular Season,3,3,1,Final,Final,2602,Great American Ball Park,113,Cincinnati Reds,CIN,6,True,133,Athletics,ATH,5,False,682622,Noelvi Marte,Noelvi,Marte,4,2001-10-16,24,"6' 2""",216,9,Outfielder,R,Right,R,Right,1-4,,4,1,0,0,0,0,0,0,0,0,0,0,4,1,,,,,,,,,,
2026-08-06,824481,,/api/v1.1/game/824481/feed/live,R,2026,2026-08-06,,day,P,N,N,Regular Season,3,3,1,Final,Final,2602,Great American Ball Park,113,Cincinnati Reds,CIN,6,True,133,Athletics,ATH,5,False,622088,Tejay Antone,Tejay,Antone,70,1993-12-05,32,"6' 4""",230,1,Pitcher,R,Right,R,Right,,,,,,,,,,,,,,,,,,,,,,,,,,
2026-08-06,824481,,/api/v1.1/game/824481/feed/live,R,2026,2026-08-06,,day,P,N,N,Regular Season,3,3,1,Final,Final,2602,Great American Ball Park,113,Cincinnati Reds,CIN,6,True,133,Athletics,ATH,5,False,663903,Brady Singer,Brady,Singer,51,1996-08-04,30,"6' 5""",215,1,Pitcher,R,Right,R,Right,,,,,,,,,,,,,,,,,,,,,,,,,,
2026-08-06,824481,,/api/v1.1/game/824481/feed/live,R,2026,2026-08-06,,day,P,N,N,Regular Season,3,3,1,Final,Final,2602,Great American Ball Park,113,Cincinnati Reds,CIN,6,True,133,Athletics,ATH,5,False,680574,Matt McLain,Matthew,McLain,9,1999-08-06,27,"5' 8""",180,4,Second Base,R,Right,R,Right,"0-3 | HBP, 2 K, R",,3,0,0,0,0,0,1,2,0,1,0,0,4,0,,,,,,,,,,
2026-08-06,824481,,/api/v1.1/game/824481/feed/live,R,2026,2026-08-06,,day,P,N,N,Regular Season,3,3,1,Final,Final,2602,Great American Ball Park,113,Cincinnati Reds,CIN,6,True,133,Athletics,ATH,5,False,663647,Ke'Bryan Hayes,Ke'Bryan,Hayes,3,1997-01-28,29,"5' 11""",215,5,Third Base,R,Right,R,Right,0-0,,0,0,0,0,0,0,0,0,0,0,0,0,0,0,,,,,,,,,,
2026-08-06,824481,,/api/v1.1/game/824481/feed/live,R,2026,2026-08-06,,day,P,N,N,Regular Season,3,3,1,Final,Final,2602,Great American Ball Park,113,Cincinnati Reds,CIN,6,True,133,Athletics,ATH,5,False,670770,TJ Friedl,Terry,Friedl,29,1995-08-14,30,"5' 8""",180,8,Outfielder,L,Left,L,Left,,,,,,,,,,,,,,,,,,,,,,,,,,
2026-08-06,824481,,/api/v1.1/game/824481/feed/live,R,2026,2026-08-06,,day,P,N,N,Regular Season,3,3,1,Final,Final,2602,Great American Ball Park,113,Cincinnati Reds,CIN,6,True,133,Athletics,ATH,5,False,695534,Chase Petty,Chase,Petty,61,2003-04-04,23,"6' 1""",190,1,Pitcher,R,Right,R,Right,,,,,,,,,,,,,,,,,,,,,,,,,,
2026-08-06,824481,,/api/v1.1/game/824481/feed/live,R,2026,2026-08-06,,day,P,N,N,Regular Season,3,3,1,Final,Final,2602,Great American Ball Park,113,Cincinnati Reds,CIN,6,True,133,Athletics,ATH,5,False,695076,Rhett Lowder,Rhett,Lowder,25,2002-03-08,24,"6' 1""",200,1,Pitcher,R,Right,R,Right,,,,,,,,,,,,,,,,,,,,,,,,,,
2026-08-06,824481,,/api/v1.1/game/824481/feed/live,R,2026,2026-08-06,,day,P,N,N,Regular Season,3,3,1,Final,Final,2602,Great American Ball Park,113,Cincinnati Reds,CIN,6,True,133,Athletics,ATH,5,False,624431,Jose Trevino,Jose,Trevino,35,1992-11-28,33,"5' 9""",215,2,Catcher,R,Right,R,Right,,,,,,,,,,,,,,,,,,,,,,,,,,
2026-08-06,824481,,/api/v1.1/game/824481/feed/live,R,2026,2026-08-06,,day,P,N,N,Regular Season,3,3,1,Final,Final,2602,Great American Ball Park,113,Cincinnati Reds,CIN,6,True,133,Athletics,ATH,5,False,663886,Tyler Stephenson,Tyler,Stephenson,37,1996-08-16,29,"6' 3""",225,2,Catcher,R,Right,R,Right,"1-4 | HR, 2 K, RBI",,4,1,0,0,1,1,1,2,0,0,0,0,4,4,,,,,,,,,,
2026-08-06,824481,,/api/v1.1/game/824481/feed/live,R,2026,2026-08-06,,day,P,N,N,Regular Season,3,3,1,Final,Final,2602,Great American Ball Park,113,Cincinnati Reds,CIN,6,True,133,Athletics,ATH,5,False,553993,Eugenio Suárez,Eugenio,Suárez,28,1991-07-18,35,"5' 11""",213,10,Designated Hitter,R,Right,R,Right,"1-2 | 2B, 2 BB, K",,2,1,1,0,0,1,0,1,2,0,0,0,4,2,,,,,,,,,,
2026-08-06,824481,,/api/v1.1/game/824481/feed/live,R,2026,2026-08-06,,day,P,N,N,Regular Season,3,3,1,Final,Final,2602,Great American Ball Park,113,Cincinnati Reds,CIN,6,True,133,Athletics,ATH,5,False,685112,Zach McCambley,Zachary,McCambley,62,1999-05-04,27,"6' 2""",225,1,Pitcher,L,Left,R,Right,,,,,,,,,,,,,,,,,,,,,,,,,,
2026-08-06,824481,,/api/v1.1/game/824481/feed/live,R,2026,2026-08-06,,day,P,N,N,Regular Season,3,3,1,Final,Final,2602,Great American Ball Park,113,Cincinnati Reds,CIN,6,True,133,Athletics,ATH,5,False,594580,Sam Moll,Samuel,Moll,50,1992-01-03,34,"5' 9""",190,1,Pitcher,L,Left,L,Left,"0.1 IP, 0 ER, 0 K, 0 BB",,,,,,,,,,,,,,,,0.1,0,0,0,0,0,6,0,0,0
2026-08-06,824481,,/api/v1.1/game/824481/feed/live,R,2026,2026-08-06,,day,P,N,N,Regular Season,3,3,1,Final,Final,2602,Great American Ball Park,113,Cincinnati Reds,CIN,6,True,133,Athletics,ATH,5,False,668709,JJ Bleday,Jeffrey,Bleday,22,1997-11-10,28,"6' 2""",205,7,Outfielder,L,Left,L,Left,"2-3 | HR, BB, K",,3,2,0,0,1,1,1,1,1,0,1,0,4,5,,,,,,,,,,
2026-08-06,824481,,/api/v1.1/game/824481/feed/live,R,2026,2026-08-06,,day,P,N,N,Regular Season,3,3,1,Final,Final,2602,Great American Ball Park,113,Cincinnati Reds,CIN,6,True,133,Athletics,ATH,5,False,656271,Brock Burke,Brock,Burke,49,1996-08-04,30,"6' 4""",210,1,Pitcher,L,Left,L,Left,"1.0 IP, 2 ER, K, 0 BB",,,,,,,,,,,,,,,,1.0,2,2,1,1,0,22,0,0,1
2026-08-06,824481,,/api/v1.1/game/824481/feed/live,R,2026,2026-08-06,,day,P,N,N,Regular Season,3,3,1,Final,Final,2602,Great American Ball Park,113,Cincinnati Reds,CIN,6,True,133,Athletics,ATH,5,False,670062,Julian Garcia,Julian,Garcia,57,1995-05-13,31,"6' 3""",206,1,Pitcher,L,Left,R,Right,,,,,,,,,,,,,,,,,,,,,,,,,,
2026-08-06,824481,,/api/v1.1/game/824481/feed/live,R,2026,2026-08-06,,day,P,N,N,Regular Season,3,3,1,Final,Final,2602,Great American Ball Park,113,Cincinnati Reds,CIN,6,True,133,Athletics,ATH,5,False,671096,Andrew Abbott,Andrew,Abbott,41,1999-06-01,27,"6' 0""",192,1,Pitcher,L,Left,L,Left,"6.2 IP, 3 ER, 4 K, 2 BB",,,,,,,,,,,,,,,,6.2,3,7,0,4,2,88,1,0,0
2026-08-06,824481,,/api/v1.1/game/824481/feed/live,R,2026,2026-08-06,,day,P,N,N,Regular Season,3,3,1,Final,Final,2602,Great American Ball Park,113,Cincinnati Reds,CIN,6,True,133,Athletics,ATH,5,False,699302,Héctor Rodríguez,Héctor,Rodríguez,43,2004-03-11,22,"5' 10""",200,7,Outfielder,L,Left,R,Right,"0-3 | BB, 2 K",,3,0,0,0,0,0,0,2,1,0,0,0,4,0,,,,,,,,,,
2026-08-06,824481,,/api/v1.1/game/824481/feed/live,R,2026,2026-08-06,,day,P,N,N,Regular Season,3,3,1,Final,Final,2602,Great American Ball Park,113,Cincinnati Reds,CIN,6,True,133,Athletics,ATH,5,False,695505,Chase Burns,Chase,Burns,26,2003-01-16,23,"6' 3""",210,1,Pitcher,R,Right,R,Right,,,,,,,,,,,,,,,,,,,,,,,,,,
2026-08-06,824481,,/api/v1.1/game/824481/feed/live,R,2026,2026-08-06,,day,P,N,N,Regular Season,3,3,1,Final,Final,2602,Great American Ball Park,113,Cincinnati Reds,CIN,6,True,133,Athletics,ATH,5,False,671155,Ivan Johnson,Vincent,Johnson,63,1998-10-11,27,"6' 0""",190,4,Second Base,S,Switch,R,Right,,,,,,,,,,,,,,,,,,,,,,,,,,
2026-08-06,824481,,/api/v1.1/game/824481/feed/live,R,2026,2026-08-06,,day,P,N,N,Regular Season,3,3,1,Final,Final,2602,Great American Ball Park,113,Cincinnati Reds,CIN,6,True,133,Athletics,ATH,5,False,671732,Lawrence Butler,Lawrence,Butler,4,2000-07-10,26,"6' 3""",210,9,Outfielder,L,Left,R,Right,1-4 | R,,4,1,0,0,0,0,1,0,0,0,0,1,4,1,,,,,,,,,,
2026-08-06,824481,,/api/v1.1/game/824481/feed/live,R,2026,2026-08-06,,day,P,N,N,Regular Season,3,3,1,Final,Final,2602,Great American Ball Park,113,Cincinnati Reds,CIN,6,True,133,Athletics,ATH,5,False,695720,Tommy White,Thomas,White,47,2003-03-02,23,"6' 0""",220,5,Third Base,R,Right,R,Right,2-4 | R,,4,2,0,0,0,0,1,0,0,0,0,0,4,2,,,,,,,,,,
2026-08-06,824481,,/api/v1.1/game/824481/feed/live,R,2026,2026-08-06,,day,P,N,N,Regular Season,3,3,1,Final,Final,2602,Great American Ball Park,113,Cincinnati Reds,CIN,6,True,133,Athletics,ATH,5,False,641680,Jonah Heim,Jonah,Heim,15,1995-06-27,31,"6' 4""",220,2,Catcher,S,Switch,R,Right,"1-3 | BB, K, R",,3,1,0,0,0,0,1,1,1,0,0,1,4,1,,,,,,,,,,
2026-08-06,824481,,/api/v1.1/game/824481/feed/live,R,2026,2026-08-06,,day,P,N,N,Regular Season,3,3,1,Final,Final,2602,Great American Ball Park,113,Cincinnati Reds,CIN,6,True,133,Athletics,ATH,5,False,622268,Donovan Walton,Donovan,Walton,29,1994-05-25,32,"5' 9""",190,4,Second Base,L,Left,R,Right,,,,,,,,,,,,,,,,,,,,,,,,,,
2026-08-06,824481,,/api/v1.1/game/824481/feed/live,R,2026,2026-08-06,,day,P,N,N,Regular Season,3,3,1,Final,Final,2602,Great American Ball Park,113,Cincinnati Reds,CIN,6,True,133,Athletics,ATH,5,False,669372,J.T. Ginn,John,Ginn,35,1999-05-20,27,"6' 2""",200,1,Pitcher,R,Right,R,Right,,,,,,,,,,,,,,,,,,,,,,,,,,
2026-08-06,824481,,/api/v1.1/game/824481/feed/live,R,2026,2026-08-06,,day,P,N,N,Regular Season,3,3,1,Final,Final,2602,Great American Ball Park,113,Cincinnati Reds,CIN,6,True,133,Athletics,ATH,5,False,686751,Seth Johnson,Seth,Johnson,52,1998-09-19,27,"6' 1""",205,1,Pitcher,R,Right,R,Right,"2.0 IP, ER, 4 K, 0 BB",,,,,,,,,,,,,,,,2.0,1,3,1,4,0,42,0,0,0
2026-08-06,824481,,/api/v1.1/game/824481/feed/live,R,2026,2026-08-06,,day,P,N,N,Regular Season,3,3,1,Final,Final,2602,Great American Ball Park,113,Cincinnati Reds,CIN,6,True,133,Athletics,ATH,5,False,643446,Jeff McNeil,Jeffrey,McNeil,22,1992-04-08,34,"6' 0""",195,4,Second Base,L,Left,R,Right,,,,,,,,,,,,,,,,,,,,,,,,,,
2026-08-06,824481,,/api/v1.1/game/824481/feed/live,R,2026,2026-08-06,,day,P,N,N,Regular Season,3,3,1,Final,Final,2602,Great American Ball Park,113,Cincinnati Reds,CIN,6,True,133,Athletics,ATH,5,False,686930,Mason Barnett,Mason,Barnett,63,2000-11-07,25,"6' 0""",218,1,Pitcher,R,Right,R,Right,"4.1 IP, 5 ER, 7 K, 3 BB",,,,,,,,,,,,,,,,4.1,5,5,3,7,3,82,0,1,0
2026-08-06,824481,,/api/v1.1/game/824481/feed/live,R,2026,2026-08-06,,day,P,N,N,Regular Season,3,3,1,Final,Final,2602,Great American Ball Park,113,Cincinnati Reds,CIN,6,True,133,Athletics,ATH,5,False,661531,Brian Serven,Brian,Serven,10,1995-05-05,31,"6' 0""",207,2,Catcher,R,Right,R,Right,"1-4 | HR, 2 RBI, R",,4,1,0,0,1,2,1,0,0,0,0,0,4,4,,,,,,,,,,
2026-08-06,824481,,/api/v1.1/game/824481/feed/live,R,2026,2026-08-06,,day,P,N,N,Regular Season,3,3,1,Final,Final,2602,Great American Ball Park,113,Cincinnati Reds,CIN,6,True,133,Athletics,ATH,5,False,666126,Carlos Cortes,Carlos,Cortes,26,1997-06-30,29,"5' 7""",197,9,Outfielder,L,Left,S,Switch,,,,,,,,,,,,,,,,,,,,,,,,,,
2026-08-06,824481,,/api/v1.1/game/824481/feed/live,R,2026,2026-08-06,,day,P,N,N,Regular Season,3,3,1,Final,Final,2602,Great American Ball Park,113,Cincinnati Reds,CIN,6,True,133,Athletics,ATH,5,False,660761,José Suarez,José,Suarez,54,1998-01-03,28,"5' 10""",225,1,Pitcher,L,Left,L,Left,,,,,,,,,,,,,,,,,,,,,,,,,,
2026-08-06,824481,,/api/v1.1/game/824481/feed/live,R,2026,2026-08-06,,day,P,N,N,Regular Season,3,3,1,Final,Final,2602,Great American Ball Park,113,Cincinnati Reds,CIN,6,True,133,Athletics,ATH,5,False,656240,Scott Blewett,Scott,Blewett,49,1996-04-10,30,"6' 6""",245,1,Pitcher,R,Right,R,Right,,,,,,,,,,,,,,,,,,,,,,,,,,
2026-08-06,824481,,/api/v1.1/game/824481/feed/live,R,2026,2026-08-06,,day,P,N,N,Regular Season,3,3,1,Final,Final,2602,Great American Ball Park,113,Cincinnati Reds,CIN,6,True,133,Athletics,ATH,5,False,682052,Jacob Lopez,Jacob,Lopez,57,1998-03-11,28,"6' 4""",220,1,Pitcher,L,Left,L,Left,,,,,,,,,,,,,,,,,,,,,,,,,,
2026-08-06,824481,,/api/v1.1/game/824481/feed/live,R,2026,2026-08-06,,day,P,N,N,Regular Season,3,3,1,Final,Final,2602,Great American Ball Park,113,Cincinnati Reds,CIN,6,True,133,Athletics,ATH,5,False,675961,Alika Williams,Alexander,Williams,12,1999-03-12,27,"6' 1""",183,6,Shortstop,R,Right,R,Right,0-4,,4,0,0,0,0,0,0,0,0,0,0,0,4,0,,,,,,,,,,
2026-08-06,824481,,/api/v1.1/game/824481/feed/live,R,2026,2026-08-06,,day,P,N,N,Regular Season,3,3,1,Final,Final,2602,Great American Ball Park,113,Cincinnati Reds,CIN,6,True,133,Athletics,ATH,5,False,691777,Max Muncy,Maxwell,Muncy,3,2002-08-25,23,"6' 0""",180,5,Third Base,R,Right,R,Right,1-4 | K,,4,1,0,0,0,0,0,1,0,0,0,0,4,1,,,,,,,,,,
2026-08-06,824481,,/api/v1.1/game/824481/feed/live,R,2026,2026-08-06,,day,P,N,N,Regular Season,3,3,1,Final,Final,2602,Great American Ball Park,113,Cincinnati Reds,CIN,6,True,133,Athletics,ATH,5,False,691016,Tyler Soderstrom,Tyler,Soderstrom,21,2001-11-24,24,"6' 2""",200,7,Outfielder,L,Left,R,Right,"1-4 | K, 2 RBI",,4,1,0,0,0,2,0,1,0,0,0,0,4,1,,,,,,,,,,
2026-08-06,824481,,/api/v1.1/game/824481/feed/live,R,2026,2026-08-06,,day,P,N,N,Regular Season,3,3,1,Final,Final,2602,Great American Ball Park,113,Cincinnati Reds,CIN,6,True,133,Athletics,ATH,5,False,669620,Brady Basso,Brady,Basso,66,1997-10-08,28,"6' 2""",213,1,Pitcher,R,Right,L,Left,"1.0 IP, 0 ER, 0 K, 0 BB",,,,,,,,,,,,,,,,1.0,0,0,0,0,0,9,0,0,0
2026-08-06,824481,,/api/v1.1/game/824481/feed/live,R,2026,2026-08-06,,day,P,N,N,Regular Season,3,3,1,Final,Final,2602,Great American Ball Park,113,Cincinnati Reds,CIN,6,True,133,Athletics,ATH,5,False,695611,Gage Jump,Gage,Jump,61,2003-04-12,23,"6' 0""",200,1,Pitcher,L,Left,L,Left,,,,,,,,,,,,,,,,,,,,,,,,,,
2026-08-06,824481,,/api/v1.1/game/824481/feed/live,R,2026,2026-08-06,,day,P,N,N,Regular Season,3,3,1,Final,Final,2602,Great American Ball Park,113,Cincinnati Reds,CIN,6,True,133,Athletics,ATH,5,False,696522,Hayden Juenger,Hayden,Juenger,58,2000-08-09,25,"6' 0""",180,1,Pitcher,R,Right,R,Right,,,,,,,,,,,,,,,,,,,,,,,,,,
2026-08-06,824481,,/api/v1.1/game/824481/feed/live,R,2026,2026-08-06,,day,P,N,N,Regular Season,3,3,1,Final,Final,2602,Great American Ball Park,113,Cincinnati Reds,CIN,6,True,133,Athletics,ATH,5,False,665660,Elvis Alvarado,Elvis,Alvarado,37,1999-02-23,27,"6' 6""",253,1,Pitcher,R,Right,R,Right,"0.2 IP, 0 ER, 2 K, 2 BB",,,,,,,,,,,,,,,,0.2,0,0,0,2,2,19,0,0,0
2026-08-06,824481,,/api/v1.1/game/824481/feed/live,R,2026,2026-08-06,,day,P,N,N,Regular Season,3,3,1,Final,Final,2602,Great American Ball Park,113,Cincinnati Reds,CIN,6,True,133,Athletics,ATH,5,False,680716,Jonathan Ornelas,Jonathan,Ornelas,11,2000-05-26,26,"6' 1""",196,6,Shortstop,R,Right,R,Right,"1-3 | BB, 2 K",,3,1,0,0,0,0,0,2,1,0,0,0,4,1,,,,,,,,,,
2026-08-06,824481,,/api/v1.1/game/824481/feed/live,R,2026,2026-08-06,,day,P,N,N,Regular Season,3,3,1,Final,Final,2602,Great American Ball Park,113,Cincinnati Reds,CIN,6,True,133,Athletics,ATH,5,False,663687,Hogan Harris,Hogan,Harris,36,1996-12-26,29,"6' 3""",230,1,Pitcher,R,Right,L,Left,,,,,,,,,,,,,,,,,,,,,,,,,,
2026-08-06,824481,,/api/v1.1/game/824481/feed/live,R,2026,2026-08-06,,day,P,N,N,Regular Season,3,3,1,Final,Final,2602,Great American Ball Park,113,Cincinnati Reds,CIN,6,True,133,Athletics,ATH,5,False,665622,Luis Medina,Luis,Medina,46,1999-05-03,27,"6' 1""",175,1,Pitcher,R,Right,R,Right,,,,,,,,,,,,,,,,,,,,,,,,,,
2026-08-06,824481,,/api/v1.1/game/824481/feed/live,R,2026,2026-08-06,,day,P,N,N,Regular Season,3,3,1,Final,Final,2602,Great American Ball Park,113,Cincinnati Reds,CIN,6,True,133,Athletics,ATH,5,False,703607,Henry Bolte,Henry,Bolte,33,2003-08-04,23,"6' 3""",195,8,Outfielder,R,Right,R,Right,"1-4 | K, R",,4,1,0,0,0,0,1,1,0,0,0,0,4,1,,,,,,,,,,
2026-08-06,824481,,/api/v1.1/game/824481/feed/live,R,2026,2026-08-06,,day,P,N,N,Regular Season,3,3,1,Final,Final,2602,Great American Ball Park,113,Cincinnati Reds,CIN,6,True,133,Athletics,ATH,5,False,678022,Jack Perkins,Jackson,Perkins,50,1999-12-26,26,"6' 1""",220,1,Pitcher,R,Right,R,Right,,,,,,,,,,,,,,,,,,,,,,,,,,
2026-08-06,824481,,/api/v1.1/game/824481/feed/live,R,2026,2026-08-06,,day,P,N,N,Regular Season,3,3,1,Final,Final,2602,Great American Ball Park,113,Cincinnati Reds,CIN,6,True,133,Athletics,ATH,5,False,805779,Jacob Wilson,Jacob,Wilson,5,2002-03-30,24,"6' 2""",190,6,Shortstop,R,Right,R,Right,,,,,,,,,,,,,,,,,,,,,,,,,,
2026-08-06,824401,,/api/v1.1/game/824401/feed/live,R,2026,2026-08-06,,day,P,N,N,Regular Season,3,3,1,Final,Final,5,Progressive Field,114,Cleveland Guardians,CLE,6,False,121,New York Mets,NYM,13,True,694197,Angel Genao,Angel,Genao,17,2004-05-19,22,"5' 11""",150,5,Third Base,S,Switch,R,Right,"1-4 | K, R",,4,1,0,0,0,0,1,1,0,0,0,0,4,1,,,,,,,,,,
2026-08-06,824401,,/api/v1.1/game/824401/feed/live,R,2026,2026-08-06,,day,P,N,N,Regular Season,3,3,1,Final,Final,5,Progressive Field,114,Cleveland Guardians,CLE,6,False,121,New York Mets,NYM,13,True,800050,Chase DeLauter,Chase,DeLauter,24,2001-10-08,24,"6' 3""",235,9,Outfielder,L,Left,L,Left,"2-4 | BB, 2 K, RBI",,4,2,0,0,0,1,2,2,1,0,0,0,5,2,,,,,,,,,,
2026-08-06,824401,,/api/v1.1/game/824401/feed/live,R,2026,2026-08-06,,day,P,N,N,Regular Season,3,3,1,Final,Final,5,Progressive Field,114,Cleveland Guardians,CLE,6,False,121,New York Mets,NYM,13,True,595978,Austin Hedges,Austin,Hedges,27,1992-08-18,33,"6' 0""",220,2,Catcher,R,Right,R,Right,"1.1 IP, 0 ER, K, 0 BB",,,,,,,,,,,,,,,,1.1,0,0,0,1,0,7,0,0,0
2026-08-06,824401,,/api/v1.1/game/824401/feed/live,R,2026,2026-08-06,,day,P,N,N,Regular Season,3,3,1,Final,Final,5,Progressive Field,114,Cleveland Guardians,CLE,6,False,121,New York Mets,NYM,13,True,663993,Nathaniel Lowe,David,Lowe,46,1995-07-07,31,"6' 4""",220,10,Designated Hitter,L,Left,R,Right,"2-4 | HR, BB, 2 K",,4,2,0,0,1,3,1,2,1,0,0,0,5,5,,,,,,,,,,
2026-08-06,824401,,/api/v1.1/game/824401/feed/live,R,2026,2026-08-06,,day,P,N,N,Regular Season,3,3,1,Final,Final,5,Progressive Field,114,Cleveland Guardians,CLE,6,False,121,New York Mets,NYM,13,True,684974,Craig Yoho,Craig,Yoho,23,1999-10-23,26,"6' 2""",237,1,Pitcher,R,Right,R,Right,"1.0 IP, 3 ER, K, 0 BB",,,,,,,,,,,,,,,,1.0,3,3,1,1,0,21,0,0,0
2026-08-06,824401,,/api/v1.1/game/824401/feed/live,R,2026,2026-08-06,,day,P,N,N,Regular Season,3,3,1,Final,Final,5,Progressive Field,114,Cleveland Guardians,CLE,6,False,121,New York Mets,NYM,13,True,683953,Travis Bazzana,Travis,Bazzana,37,2002-08-28,23,"5' 11""",199,4,Second Base,L,Left,R,Right,"0-2 | BB, K, SB",,2,0,0,0,0,0,0,1,1,1,0,0,3,0,,,,,,,,,,
2026-08-06,824401,,/api/v1.1/game/824401/feed/live,R,2026,2026-08-06,,day,P,N,N,Regular Season,3,3,1,Final,Final,5,Progressive Field,114,Cleveland Guardians,CLE,6,False,121,New York Mets,NYM,13,True,677944,Slade Cecconi,Slade,Cecconi,44,1999-06-24,27,"6' 4""",219,1,Pitcher,R,Right,R,Right,"0.0 IP, 4 ER, 0 K, 2 BB",,,,,,,,,,,,,,,,0.0,4,3,0,0,2,30,0,0,0
2026-08-06,824401,,/api/v1.1/game/824401/feed/live,R,2026,2026-08-06,,day,P,N,N,Regular Season,3,3,1,Final,Final,5,Progressive Field,114,Cleveland Guardians,CLE,6,False,121,New York Mets,NYM,13,True,672275,Patrick Bailey,Patrick,Bailey,16,1999-05-29,27,"6' 0""",223,2,Catcher,S,Switch,R,Right,0-4 | K,,4,0,0,0,0,0,0,1,0,0,0,0,4,0,,,,,,,,,,
2026-08-06,824401,,/api/v1.1/game/824401/feed/live,R,2026,2026-08-06,,day,P,N,N,Regular Season,3,3,1,Final,Final,5,Progressive Field,114,Cleveland Guardians,CLE,6,False,121,New York Mets,NYM,13,True,677587,Brayan Rocchio,Brayan,Rocchio,4,2001-01-13,25,"5' 9""",170,6,Shortstop,S,Switch,R,Right,1-4 | K,,4,1,0,0,0,0,0,1,0,0,0,0,4,1,,,,,,,,,,
2026-08-06,824401,,/api/v1.1/game/824401/feed/live,R,2026,2026-08-06,,day,P,N,N,Regular Season,3,3,1,Final,Final,5,Progressive Field,114,Cleveland Guardians,CLE,6,False,121,New York Mets,NYM,13,True,690984,Petey Halpin,Peter,Halpin,0,2002-05-26,24,"5' 11""",200,8,Outfielder,L,Left,R,Right,2-4 | K,,4,2,0,0,0,0,0,1,0,0,0,0,4,2,,,,,,,,,,
2026-08-06,824401,,/api/v1.1/game/824401/feed/live,R,2026,2026-08-06,,day,P,N,N,Regular Season,3,3,1,Final,Final,5,Progressive Field,114,Cleveland Guardians,CLE,6,False,121,New York Mets,NYM,13,True,670036,Matt Festa,Matthew,Festa,52,1993-03-11,33,"6' 1""",195,1,Pitcher,R,Right,R,Right,"1.0 IP, ER, 0 K, BB",,,,,,,,,,,,,,,,1.0,1,2,0,0,1,22,0,0,0
2026-08-06,824401,,/api/v1.1/game/824401/feed/live,R,2026,2026-08-06,,day,P,N,N,Regular Season,3,3,1,Final,Final,5,Progressive Field,114,Cleveland Guardians,CLE,6,False,121,New York Mets,NYM,13,True,666176,Jo Adell,Jordon,Adell,7,1999-04-08,27,"6' 2""",215,9,Outfielder,R,Right,R,Right,0-2 | K,,2,0,0,0,0,0,0,1,0,0,0,0,2,0,,,,,,,,,,
2026-08-06,824401,,/api/v1.1/game/824401/feed/live,R,2026,2026-08-06,,day,P,N,N,Regular Season,3,3,1,Final,Final,5,Progressive Field,114,Cleveland Guardians,CLE,6,False,121,New York Mets,NYM,13,True,670059,Colin Holderman,Colin,Holderman,35,1995-10-08,30,"6' 6""",230,1,Pitcher,R,Right,R,Right,"1.0 IP, 0 ER, K, 0 BB",,,,,,,,,,,,,,,,1.0,0,2,0,1,0,24,0,0,0
2026-08-06,824401,,/api/v1.1/game/824401/feed/live,R,2026,2026-08-06,,day,P,N,N,Regular Season,3,3,1,Final,Final,5,Progressive Field,114,Cleveland Guardians,CLE,6,False,121,New York Mets,NYM,13,True,671922,Cade Smith,Cade,Smith,36,1999-05-09,27,"6' 5""",230,1,Pitcher,R,Right,R,Right,,,,,,,,,,,,,,,,,,,,,,,,,,
2026-08-06,824401,,/api/v1.1/game/824401/feed/live,R,2026,2026-08-06,,day,P,N,N,Regular Season,3,3,1,Final,Final,5,Progressive Field,114,Cleveland Guardians,CLE,6,False,121,New York Mets,NYM,13,True,608070,José Ramírez,José,Ramírez,11,1992-09-17,33,"5' 8""",190,5,Third Base,S,Switch,R,Right,"1-3 | BB, 2 R",,3,1,0,0,0,0,2,0,1,0,0,0,4,1,,,,,,,,,,
2026-08-06,824401,,/api/v1.1/game/824401/feed/live,R,2026,2026-08-06,,day,P,N,N,Regular Season,3,3,1,Final,Final,5,Progressive Field,114,Cleveland Guardians,CLE,6,False,121,New York Mets,NYM,13,True,680757,Steven Kwan,Steven,Kwan,38,1997-09-05,28,"5' 8""",170,7,Outfielder,L,Left,L,Left,,,,,,,,,,,,,,,,,,,,,,,,,,
2026-08-06,824401,,/api/v1.1/game/824401/feed/live,R,2026,2026-08-06,,day,P,N,N,Regular Season,3,3,1,Final,Final,5,Progressive Field,114,Cleveland Guardians,CLE,6,False,121,New York Mets,NYM,13,True,682657,Angel Martínez,Angel,Martínez,1,2002-01-27,24,"5' 11""",200,7,Outfielder,S,Switch,R,Right,"1-5 | 2 K, 2 RBI",,5,1,0,0,0,2,0,2,0,0,0,0,5,1,,,,,,,,,,
2026-08-06,824401,,/api/v1.1/game/824401/feed/live,R,2026,2026-08-06,,day,P,N,N,Regular Season,3,3,1,Final,Final,5,Progressive Field,114,Cleveland Guardians,CLE,6,False,121,New York Mets,NYM,13,True,800048,Parker Messick,Parker,Messick,77,2000-10-26,25,"6' 0""",225,1,Pitcher,L,Left,L,Left,,,,,,,,,,,,,,,,,,,,,,,,,,
2026-08-06,824401,,/api/v1.1/game/824401/feed/live,R,2026,2026-08-06,,day,P,N,N,Regular Season,3,3,1,Final,Final,5,Progressive Field,114,Cleveland Guardians,CLE,6,False,121,New York Mets,NYM,13,True,676282,Joey Cantillo,Joseph,Cantillo,54,1999-12-18,26,"6' 4""",225,1,Pitcher,L,Left,L,Left,,,,,,,,,,,,,,,,,,,,,,,,,,
2026-08-06,824401,,/api/v1.1/game/824401/feed/live,R,2026,2026-08-06,,day,P,N,N,Regular Season,3,3,1,Final,Final,5,Progressive Field,114,Cleveland Guardians,CLE,6,False,121,New York Mets,NYM,13,True,681870,Erik Sabrowski,Erik,Sabrowski,62,1997-10-31,28,"6' 4""",230,1,Pitcher,R,Right,L,Left,,,,,,,,,,,,,,,,,,,,,,,,,,
2026-08-06,824401,,/api/v1.1/game/824401/feed/live,R,2026,2026-08-06,,day,P,N,N,Regular Season,3,3,1,Final,Final,5,Progressive Field,114,Cleveland Guardians,CLE,6,False,121,New York Mets,NYM,13,True,668909,Gavin Williams,Gavin,Williams,32,1999-07-26,27,"6' 6""",250,1,Pitcher,L,Left,R,Right,,,,,,,,,,,,,,,,,,,,,,,,,,
2026-08-06,824401,,/api/v1.1/game/824401/feed/live,R,2026,2026-08-06,,day,P,N,N,Regular Season,3,3,1,Final,Final,5,Progressive Field,114,Cleveland Guardians,CLE,6,False,121,New York Mets,NYM,13,True,683769,Hunter Gaddis,Hunter,Gaddis,33,1998-04-09,28,"6' 6""",260,1,Pitcher,R,Right,R,Right,,,,,,,,,,,,,,,,,,,,,,,,,,
2026-08-06,824401,,/api/v1.1/game/824401/feed/live,R,2026,2026-08-06,,day,P,N,N,Regular Season,3,3,1,Final,Final,5,Progressive Field,114,Cleveland Guardians,CLE,6,False,121,New York Mets,NYM,13,True,676440,Tanner Bibee,Tanner,Bibee,28,1999-03-05,27,"6' 2""",205,1,Pitcher,R,Right,R,Right,,,,,,,,,,,,,,,,,,,,,,,,,,
2026-08-06,824401,,/api/v1.1/game/824401/feed/live,R,2026,2026-08-06,,day,P,N,N,Regular Season,3,3,1,Final,Final,5,Progressive Field,114,Cleveland Guardians,CLE,6,False,121,New York Mets,NYM,13,True,682120,Tim Herrin,Tim,Herrin,29,1996-10-08,29,"6' 6""",230,1,Pitcher,L,Left,L,Left,"0.2 IP, 0 ER, 2 K, BB",,,,,,,,,,,,,,,,0.2,0,1,0,2,1,23,0,0,0
2026-08-06,824401,,/api/v1.1/game/824401/feed/live,R,2026,2026-08-06,,day,P,N,N,Regular Season,3,3,1,Final,Final,5,Progressive Field,114,Cleveland Guardians,CLE,6,False,121,New York Mets,NYM,13,True,656492,Foster Griffin,Fred,Griffin,22,1995-07-27,31,"6' 3""",225,1,Pitcher,R,Right,L,Left,"4.0 IP, 5 ER, 6 K, 2 BB",,,,,,,,,,,,,,,,4.0,5,7,2,6,2,88,0,1,0
2026-08-06,824401,,/api/v1.1/game/824401/feed/live,R,2026,2026-08-06,,day,P,N,N,Regular Season,3,3,1,Final,Final,5,Progressive Field,114,Cleveland Guardians,CLE,6,False,121,New York Mets,NYM,13,True,656555,Rhys Hoskins,Rhys,Hoskins,8,1993-03-17,33,"6' 3""",241,3,First Base,R,Right,R,Right,0-1,,1,0,0,0,0,0,0,0,0,0,0,0,1,0,,,,,,,,,,
2026-08-06,824401,,/api/v1.1/game/824401/feed/live,R,2026,2026-08-06,,day,P,N,N,Regular Season,3,3,1,Final,Final,5,Progressive Field,114,Cleveland Guardians,CLE,6,False,121,New York Mets,NYM,13,True,620443,Luis Torrens,Luis,Torrens,13,1996-05-02,30,"5' 11""",217,2,Catcher,R,Right,R,Right,"2-4 | HR, BB, K",,4,2,0,0,1,3,2,1,1,0,0,0,5,5,,,,,,,,,,
2026-08-06,824401,,/api/v1.1/game/824401/feed/live,R,2026,2026-08-06,,day,P,N,N,Regular Season,3,3,1,Final,Final,5,Progressive Field,114,Cleveland Guardians,CLE,6,False,121,New York Mets,NYM,13,True,476594,Robert Stock,Robert,Stock,89,1989-11-21,36,"6' 1""",260,1,Pitcher,L,Left,R,Right,,,,,,,,,,,,,,,,,,,,,,,,,,
2026-08-06,824401,,/api/v1.1/game/824401/feed/live,R,2026,2026-08-06,,day,P,N,N,Regular Season,3,3,1,Final,Final,5,Progressive Field,114,Cleveland Guardians,CLE,6,False,121,New York Mets,NYM,13,True,666182,Bo Bichette,Bo,Bichette,19,1998-03-05,28,"5' 11""",190,5,Third Base,R,Right,R,Right,"2-5 | 2B, BB, 2 K",,5,2,1,0,0,1,0,2,1,0,0,0,6,3,,,,,,,,,,
2026-08-06,824401,,/api/v1.1/game/824401/feed/live,R,2026,2026-08-06,,day,P,N,N,Regular Season,3,3,1,Final,Final,5,Progressive Field,114,Cleveland Guardians,CLE,6,False,121,New York Mets,NYM,13,True,682626,Francisco Alvarez,Francisco,Alvarez,4,2001-11-19,24,"5' 10""",233,2,Catcher,R,Right,R,Right,"1-4 | 2B, 2 BB, RBI",,4,1,1,0,0,1,2,0,2,0,0,0,6,2,,,,,,,,,,
2026-08-06,824401,,/api/v1.1/game/824401/feed/live,R,2026,2026-08-06,,day,P,N,N,Regular Season,3,3,1,Final,Final,5,Progressive Field,114,Cleveland Guardians,CLE,6,False,121,New York Mets,NYM,13,True,640455,Sean Manaea,Sean,Manaea,59,1992-02-01,34,"6' 5""",245,1,Pitcher,R,Right,L,Left,,,,,,,,,,,,,,,,,,,,,,,,,,
2026-08-06,824401,,/api/v1.1/game/824401/feed/live,R,2026,2026-08-06,,day,P,N,N,Regular Season,3,3,1,Final,Final,5,Progressive Field,114,Cleveland Guardians,CLE,6,False,121,New York Mets,NYM,13,True,683146,Brett Baty,Brett,Baty,7,1999-11-13,26,"6' 3""",210,5,Third Base,L,Left,R,Right,0-0,,0,0,0,0,0,0,0,0,0,0,0,0,0,0,,,,,,,,,,
2026-08-06,824401,,/api/v1.1/game/824401/feed/live,R,2026,2026-08-06,,day,P,N,N,Regular Season,3,3,1,Final,Final,5,Progressive Field,114,Cleveland Guardians,CLE,6,False,121,New York Mets,NYM,13,True,642376,Jefry Yan,Jefry,Yan,84,1996-08-17,29,"6' 3""",185,1,Pitcher,L,Left,L,Left,,,,,,,,,,,,,,,,,,,,,,,,,,
2026-08-06,824401,,/api/v1.1/game/824401/feed/live,R,2026,2026-08-06,,day,P,N,N,Regular Season,3,3,1,Final,Final,5,Progressive Field,114,Cleveland Guardians,CLE,6,False,121,New York Mets,NYM,13,True,701807,Carson Benge,Carson,Benge,3,2003-01-20,23,"6' 1""",184,9,Outfielder,L,Left,R,Right,"3-6 | 3B, K, RBI",,6,3,0,1,0,1,2,1,0,0,0,0,6,5,,,,,,,,,,
2026-08-06,824401,,/api/v1.1/game/824401/feed/live,R,2026,2026-08-06,,day,P,N,N,Regular Season,3,3,1,Final,Final,5,Progressive Field,114,Cleveland Guardians,CLE,6,False,121,New York Mets,NYM,13,True,681320,Nate Lavender,Nathan,Lavender,94,2000-01-20,26,"6' 2""",215,1,Pitcher,L,Left,L,Left,"1.0 IP, 0 ER, 2 K, 0 BB",,,,,,,,,,,,,,,,1.0,0,0,0,2,0,15,0,0,0
2026-08-06,824401,,/api/v1.1/game/824401/feed/live,R,2026,2026-08-06,,day,P,N,N,Regular Season,3,3,1,Final,Final,5,Progressive Field,114,Cleveland Guardians,CLE,6,False,121,New York Mets,NYM,13,True,665506,Cristian Pache,Cristian,Pache,71,1998-11-19,27,"6' 2""",215,O,Outfield,R,Right,R,Right,0-2 | K,,2,0,0,0,0,0,0,1,0,0,0,0,2,0,,,,,,,,,,
2026-08-06,824401,,/api/v1.1/game/824401/feed/live,R,2026,2026-08-06,,day,P,N,N,Regular Season,3,3,1,Final,Final,5,Progressive Field,114,Cleveland Guardians,CLE,6,False,121,New York Mets,NYM,13,True,676572,Eric Wagaman,Eric,Wagaman,39,1997-08-14,28,"6' 4""",210,3,First Base,R,Right,R,Right,"1-2 | K, R",,2,1,0,0,0,0,1,1,0,0,0,0,2,1,,,,,,,,,,
2026-08-06,824401,,/api/v1.1/game/824401/feed/live,R,2026,2026-08-06,,day,P,N,N,Regular Season,3,3,1,Final,Final,5,Progressive Field,114,Cleveland Guardians,CLE,6,False,121,New York Mets,NYM,13,True,673380,Dedniel Núñez,Dedniel,Núñez,72,1996-06-05,30,"6' 2""",180,1,Pitcher,R,Right,R,Right,,,,,,,,,,,,,,,,,,,,,,,,,,
2026-08-06,824401,,/api/v1.1/game/824401/feed/live,R,2026,2026-08-06,,day,P,N,N,Regular Season,3,3,1,Final,Final,5,Progressive Field,114,Cleveland Guardians,CLE,6,False,121,New York Mets,NYM,13,True,642207,Devin Williams,Devin,Williams,38,1994-09-21,31,"6' 2""",193,1,Pitcher,R,Right,R,Right,,,,,,,,,,,,,,,,,,,,,,,,,,
2026-08-06,824401,,/api/v1.1/game/824401/feed/live,R,2026,2026-08-06,,day,P,N,N,Regular Season,3,3,1,Final,Final,5,Progressive Field,114,Cleveland Guardians,CLE,6,False,121,New York Mets,NYM,13,True,673540,Kodai Senga,Kodai,Senga,34,1993-01-30,33,"6' 1""",202,1,Pitcher,L,Left,R,Right,"1.0 IP, 0 ER, 2 K, 0 BB",,,,,,,,,,,,,,,,1.0,0,0,0,2,0,14,0,0,0
2026-08-06,824401,,/api/v1.1/game/824401/feed/live,R,2026,2026-08-06,,day,P,N,N,Regular Season,3,3,1,Final,Final,5,Progressive Field,114,Cleveland Guardians,CLE,6,False,121,New York Mets,NYM,13,True,650960,Daniel Duarte,Daniel,Duarte,54,1996-12-04,29,"6' 0""",235,1,Pitcher,R,Right,R,Right,,,,,,,,,,,,,,,,,,,,,,,,,,
2026-08-06,824401,,/api/v1.1/game/824401/feed/live,R,2026,2026-08-06,,day,P,N,N,Regular Season,3,3,1,Final,Final,5,Progressive Field,114,Cleveland Guardians,CLE,6,False,121,New York Mets,NYM,13,True,543760,Marcus Semien,Marcus,Semien,10,1990-09-17,35,"6' 0""",195,4,Second Base,R,Right,R,Right,"3-4 | HR, 2B, BB",,4,3,1,0,1,2,2,0,1,0,0,0,6,7,,,,,,,,,,
2026-08-06,824401,,/api/v1.1/game/824401/feed/live,R,2026,2026-08-06,,day,P,N,N,Regular Season,3,3,1,Final,Final,5,Progressive Field,114,Cleveland Guardians,CLE,6,False,121,New York Mets,NYM,13,True,675540,Xzavion Curry,Xzavion,Curry,53,1998-07-27,28,"6' 0""",195,1,Pitcher,R,Right,R,Right,"2.0 IP, ER, 0 K, BB",,,,,,,,,,,,,,,,2.0,1,2,0,0,1,28,0,0,0
2026-08-06,824401,,/api/v1.1/game/824401/feed/live,R,2026,2026-08-06,,day,P,N,N,Regular Season,3,3,1,Final,Final,5,Progressive Field,114,Cleveland Guardians,CLE,6,False,121,New York Mets,NYM,13,True,694646,Chayce McDermott,Chayce,McDermott,43,1998-08-22,27,"6' 3""",190,1,Pitcher,L,Left,R,Right,,,,,,,,,,,,,,,,,,,,,,,,,,
2026-08-06,824401,,/api/v1.1/game/824401/feed/live,R,2026,2026-08-06,,day,P,N,N,Regular Season,3,3,1,Final,Final,5,Progressive Field,114,Cleveland Guardians,CLE,6,False,121,New York Mets,NYM,13,True,596019,Francisco Lindor,Francisco,Lindor,12,1993-11-14,32,"5' 10""",190,6,Shortstop,S,Switch,R,Right,"2-6 | HR, 3 K, 3 RBI",,6,2,0,0,1,3,1,3,0,0,0,0,6,5,,,,,,,,,,
2026-08-06,824401,,/api/v1.1/game/824401/feed/live,R,2026,2026-08-06,,day,P,N,N,Regular Season,3,3,1,Final,Final,5,Progressive Field,114,Cleveland Guardians,CLE,6,False,121,New York Mets,NYM,13,True,681035,Christian Scott,Christian,Scott,45,1999-06-15,27,"6' 4""",215,1,Pitcher,R,Right,R,Right,,,,,,,,,,,,,,,,,,,,,,,,,,
2026-08-06,824401,,/api/v1.1/game/824401/feed/live,R,2026,2026-08-06,,day,P,N,N,Regular Season,3,3,1,Final,Final,5,Progressive Field,114,Cleveland Guardians,CLE,6,False,121,New York Mets,NYM,13,True,593871,Jorge Polanco,Jorge,Polanco,11,1993-07-05,33,"6' 0""",208,10,Designated Hitter,S,Switch,R,Right,,,,,,,,,,,,,,,,,,,,,,,,,,
2026-08-06,824401,,/api/v1.1/game/824401/feed/live,R,2026,2026-08-06,,day,P,N,N,Regular Season,3,3,1,Final,Final,5,Progressive Field,114,Cleveland Guardians,CLE,6,False,121,New York Mets,NYM,13,True,690997,Nolan McLean,Nolan,McLean,26,2001-07-24,25,"6' 2""",214,1,Pitcher,R,Right,R,Right,"5.0 IP, 5 ER, 8 K, 3 BB",,,,,,,,,,,,,,,,5.0,5,8,1,8,3,94,1,0,0
2026-08-06,824401,,/api/v1.1/game/824401/feed/live,R,2026,2026-08-06,,day,P,N,N,Regular Season,3,3,1,Final,Final,5,Progressive Field,114,Cleveland Guardians,CLE,6,False,121,New York Mets,NYM,13,True,804267,Zac Thornton,Zachary,Thornton,49,2002-01-17,24,"6' 3""",170,1,Pitcher,L,Left,L,Left,,,,,,,,,,,,,,,,,,,,,,,,,,
2026-08-06,824401,,/api/v1.1/game/824401/feed/live,R,2026,2026-08-06,,day,P,N,N,Regular Season,3,3,1,Final,Final,5,Progressive Field,114,Cleveland Guardians,CLE,6,False,121,New York Mets,NYM,13,True,673357,Luis Robert Jr.,Luis,Robert,88,1997-08-03,29,"6' 2""",225,8,Outfielder,R,Right,R,Right,"3-6 | K, 2 R",,6,3,0,0,0,0,2,1,0,0,0,0,6,3,,,,,,,,,,
2026-08-06,824401,,/api/v1.1/game/824401/feed/live,R,2026,2026-08-06,,day,P,N,N,Regular Season,3,3,1,Final,Final,5,Progressive Field,114,Cleveland Guardians,CLE,6,False,121,New York Mets,NYM,13,True,676724,Jared Young,Jared,Young,29,1995-07-09,31,"6' 2""",200,3,First Base,L,Left,R,Right,"1-2 | BB, 2 RBI, R",,2,1,0,0,0,2,1,0,1,2,0,0,3,1,,,,,,,,,,
2026-08-06,824401,,/api/v1.1/game/824401/feed/live,R,2026,2026-08-06,,day,P,N,N,Regular Season,3,3,1,Final,Final,5,Progressive Field,114,Cleveland Guardians,CLE,6,False,121,New York Mets,NYM,13,True,805999,A.J. Ewing,Andrew,Ewing,9,2004-08-10,21,"5' 10""",160,8,Outfielder,L,Left,R,Right,0-2 | K,,2,0,0,0,0,0,0,1,0,0,0,0,3,0,,,,,,,,,,
2026-08-06,823754,,/api/v1.1/game/823754/feed/live,R,2026,2026-08-06,,day,P,N,N,Regular Season,4,4,1,Final,Final,32,American Family Field,158,Milwaukee Brewers,MIL,5,True,134,Pittsburgh Pirates,PIT,2,False,694477,Chad Patrick,Chandler,Patrick,39,1998-08-14,27,"6' 1""",217,1,Pitcher,R,Right,R,Right,"1.0 IP, 0 ER, K, BB",,,,,,,,,,,,,,,,1.0,0,1,0,1,1,16,0,0,1
2026-08-06,823754,,/api/v1.1/game/823754/feed/live,R,2026,2026-08-06,,day,P,N,N,Regular Season,4,4,1,Final,Final,32,American Family Field,158,Milwaukee Brewers,MIL,5,True,134,Pittsburgh Pirates,PIT,2,False,806198,Cooper Pratt,Cooper,Pratt,12,2004-08-18,21,"6' 4""",210,6,Shortstop,R,Right,R,Right,"1-2 | 2B, RBI, R",,2,1,1,0,0,1,1,0,0,0,0,0,3,2,,,,,,,,,,
2026-08-06,823754,,/api/v1.1/game/823754/feed/live,R,2026,2026-08-06,,day,P,N,N,Regular Season,4,4,1,Final,Final,32,American Family Field,158,Milwaukee Brewers,MIL,5,True,134,Pittsburgh Pirates,PIT,2,False,701656,Logan Henderson,Logan,Henderson,43,2002-03-02,24,"6' 0""",209,1,Pitcher,R,Right,R,Right,,,,,,,,,,,,,,,,,,,,,,,,,,
2026-08-06,823754,,/api/v1.1/game/823754/feed/live,R,2026,2026-08-06,,day,P,N,N,Regular Season,4,4,1,Final,Final,32,American Family Field,158,Milwaukee Brewers,MIL,5,True,134,Pittsburgh Pirates,PIT,2,False,687401,Joey Ortiz,Joseph,Ortiz,3,1998-07-14,28,"5' 10""",192,6,Shortstop,R,Right,R,Right,,,,,,,,,,,,,,,,,,,,,,,,,,
2026-08-06,823754,,/api/v1.1/game/823754/feed/live,R,2026,2026-08-06,,day,P,N,N,Regular Season,4,4,1,Final,Final,32,American Family Field,158,Milwaukee Brewers,MIL,5,True,134,Pittsburgh Pirates,PIT,2,False,694192,Jackson Chourio,Jackson,Chourio,11,2004-03-11,22,"6' 1""",199,7,Outfielder,R,Right,R,Right,"1-3 | HR, BB, RBI",,3,1,0,0,1,1,1,0,1,0,1,0,4,4,,,,,,,,,,
2026-08-06,823754,,/api/v1.1/game/823754/feed/live,R,2026,2026-08-06,,day,P,N,N,Regular Season,4,4,1,Final,Final,32,American Family Field,158,Milwaukee Brewers,MIL,5,True,134,Pittsburgh Pirates,PIT,2,False,592885,Christian Yelich,Christian,Yelich,22,1991-12-05,34,"6' 4""",220,10,Designated Hitter,L,Left,R,Right,0-4 | 2 K,,4,0,0,0,0,0,0,2,0,0,0,0,4,0,,,,,,,,,,
2026-08-06,823754,,/api/v1.1/game/823754/feed/live,R,2026,2026-08-06,,day,P,N,N,Regular Season,4,4,1,Final,Final,32,American Family Field,158,Milwaukee Brewers,MIL,5,True,134,Pittsburgh Pirates,PIT,2,False,641343,Jake Bauers,Jakob,Bauers,9,1995-10-06,30,"6' 0""",216,3,First Base,L,Left,L,Left,,,,,,,,,,,,,,,,,,,,,,,,,,
2026-08-06,823754,,/api/v1.1/game/823754/feed/live,R,2026,2026-08-06,,day,P,N,N,Regular Season,4,4,1,Final,Final,32,American Family Field,158,Milwaukee Brewers,MIL,5,True,134,Pittsburgh Pirates,PIT,2,False,682842,Abner Uribe,Abner,Uribe,45,2000-06-20,26,"6' 3""",205,1,Pitcher,R,Right,R,Right,,,,,,,,,,,,,,,,,,,,,,,,,,
2026-08-06,823754,,/api/v1.1/game/823754/feed/live,R,2026,2026-08-06,,day,P,N,N,Regular Season,4,4,1,Final,Final,32,American Family Field,158,Milwaukee Brewers,MIL,5,True,134,Pittsburgh Pirates,PIT,2,False,683734,Andrew Vaughn,Andrew,Vaughn,28,1998-04-03,28,"5' 10""",215,3,First Base,R,Right,R,Right,"1-4 | 2 K, RBI",,4,1,0,0,0,1,0,2,0,0,0,0,4,1,,,,,,,,,,
2026-08-06,823754,,/api/v1.1/game/823754/feed/live,R,2026,2026-08-06,,day,P,N,N,Regular Season,4,4,1,Final,Final,32,American Family Field,158,Milwaukee Brewers,MIL,5,True,134,Pittsburgh Pirates,PIT,2,False,675660,Shane Drohan,Shane,Drohan,55,1999-01-07,27,"6' 2""",202,1,Pitcher,L,Left,L,Left,,,,,,,,,,,,,,,,,,,,,,,,,,
2026-08-06,823754,,/api/v1.1/game/823754/feed/live,R,2026,2026-08-06,,day,P,N,N,Regular Season,4,4,1,Final,Final,32,American Family Field,158,Milwaukee Brewers,MIL,5,True,134,Pittsburgh Pirates,PIT,2,False,663604,Brandon Lockridge,Brandon,Lockridge,20,1997-03-14,29,"6' 0""",197,7,Outfielder,R,Right,R,Right,,,,,,,,,,,,,,,,,,,,,,,,,,
2026-08-06,823754,,/api/v1.1/game/823754/feed/live,R,2026,2026-08-06,,day,P,N,N,Regular Season,4,4,1,Final,Final,32,American Family Field,158,Milwaukee Brewers,MIL,5,True,134,Pittsburgh Pirates,PIT,2,False,690986,Kyle Harrison,Kyle,Harrison,52,2001-08-12,24,"6' 2""",216,1,Pitcher,R,Right,L,Left,,,,,,,,,,,,,,,,,,,,,,,,,,
2026-08-06,823754,,/api/v1.1/game/823754/feed/live,R,2026,2026-08-06,,day,P,N,N,Regular Season,4,4,1,Final,Final,32,American Family Field,158,Milwaukee Brewers,MIL,5,True,134,Pittsburgh Pirates,PIT,2,False,669003,Garrett Mitchell,Garrett,Mitchell,5,1998-09-04,27,"6' 2""",229,8,Outfielder,L,Left,R,Right,"1-4 | 2B, K, R",,4,1,1,0,0,0,1,1,0,0,0,0,4,2,,,,,,,,,,
2026-08-06,823754,,/api/v1.1/game/823754/feed/live,R,2026,2026-08-06,,day,P,N,N,Regular Season,4,4,1,Final,Final,32,American Family Field,158,Milwaukee Brewers,MIL,5,True,134,Pittsburgh Pirates,PIT,2,False,676879,Aaron Ashby,Aaron,Ashby,26,1998-05-24,28,"6' 0""",194,1,Pitcher,R,Right,L,Left,"1.0 IP, 0 ER, 3 K, 0 BB",,,,,,,,,,,,,,,,1.0,0,1,0,3,0,19,0,0,0
2026-08-06,823754,,/api/v1.1/game/823754/feed/live,R,2026,2026-08-06,,day,P,N,N,Regular Season,4,4,1,Final,Final,32,American Family Field,158,Milwaukee Brewers,MIL,5,True,134,Pittsburgh Pirates,PIT,2,False,666152,David Hamilton,David,Hamilton,6,1997-09-29,28,"5' 10""",192,5,Third Base,L,Left,R,Right,"0-2 | BB, 2 K, R",,2,0,0,0,0,0,1,2,1,1,0,0,3,0,,,,,,,,,,
2026-08-06,823754,,/api/v1.1/game/823754/feed/live,R,2026,2026-08-06,,day,P,N,N,Regular Season,4,4,1,Final,Final,32,American Family Field,158,Milwaukee Brewers,MIL,5,True,134,Pittsburgh Pirates,PIT,2,False,661388,William Contreras,William,Contreras,24,1997-12-24,28,"5' 10""",217,2,Catcher,R,Right,R,Right,,,,,,,,,,,,,,,,,,,,,,,,,,
2026-08-06,823754,,/api/v1.1/game/823754/feed/live,R,2026,2026-08-06,,day,P,N,N,Regular Season,4,4,1,Final,Final,32,American Family Field,158,Milwaukee Brewers,MIL,5,True,134,Pittsburgh Pirates,PIT,2,False,668930,Brice Turang,Brice,Turang,2,1999-11-21,26,"6' 0""",190,4,Second Base,L,Left,R,Right,1-4 | RBI,,4,1,0,0,0,1,0,0,0,0,0,0,4,1,,,,,,,,,,
2026-08-06,823754,,/api/v1.1/game/823754/feed/live,R,2026,2026-08-06,,day,P,N,N,Regular Season,4,4,1,Final,Final,32,American Family Field,158,Milwaukee Brewers,MIL,5,True,134,Pittsburgh Pirates,PIT,2,False,688107,Robert Gasser,Robert,Gasser,54,1999-05-31,27,"6' 0""",197,1,Pitcher,L,Left,L,Left,,,,,,,,,,,,,,,,,,,,,,,,,,
2026-08-06,823754,,/api/v1.1/game/823754/feed/live,R,2026,2026-08-06,,day,P,N,N,Regular Season,4,4,1,Final,Final,32,American Family Field,158,Milwaukee Brewers,MIL,5,True,134,Pittsburgh Pirates,PIT,2,False,596142,Gary Sánchez,Gary,Sánchez,99,1992-12-02,33,"6' 2""",251,2,Catcher,R,Right,R,Right,"2-3 | HR, RBI, R",,3,2,0,0,1,1,1,0,0,0,0,0,3,5,,,,,,,,,,
2026-08-06,823754,,/api/v1.1/game/823754/feed/live,R,2026,2026-08-06,,day,P,N,N,Regular Season,4,4,1,Final,Final,32,American Family Field,158,Milwaukee Brewers,MIL,5,True,134,Pittsburgh Pirates,PIT,2,False,694819,Jacob Misiorowski,Jacob,Misiorowski,32,2002-04-03,24,"6' 7""",201,1,Pitcher,R,Right,R,Right,,,,,,,,,,,,,,,,,,,,,,,,,,
2026-08-06,823754,,/api/v1.1/game/823754/feed/live,R,2026,2026-08-06,,day,P,N,N,Regular Season,4,4,1,Final,Final,32,American Family Field,158,Milwaukee Brewers,MIL,5,True,134,Pittsburgh Pirates,PIT,2,False,669084,DL Hall,Dayton,Hall,37,1998-09-19,27,"6' 1""",209,1,Pitcher,L,Left,L,Left,"1.0 IP, 0 ER, 0 K, 0 BB",,,,,,,,,,,,,,,,1.0,0,1,0,0,0,6,0,0,0
2026-08-06,823754,,/api/v1.1/game/823754/feed/live,R,2026,2026-08-06,,day,P,N,N,Regular Season,4,4,1,Final,Final,32,American Family Field,158,Milwaukee Brewers,MIL,5,True,134,Pittsburgh Pirates,PIT,2,False,622608,Antonio Senzatela,Antonio,Senzatela,49,1995-01-21,31,"6' 1""",235,1,Pitcher,R,Right,R,Right,,,,,,,,,,,,,,,,,,,,,,,,,,
2026-08-06,823754,,/api/v1.1/game/823754/feed/live,R,2026,2026-08-06,,day,P,N,N,Regular Season,4,4,1,Final,Final,32,American Family Field,158,Milwaukee Brewers,MIL,5,True,134,Pittsburgh Pirates,PIT,2,False,669060,Bryse Wilson,Bryse,Wilson,41,1997-12-20,28,"6' 2""",255,1,Pitcher,R,Right,R,Right,,,,,,,,,,,,,,,,,,,,,,,,,,
2026-08-06,823754,,/api/v1.1/game/823754/feed/live,R,2026,2026-08-06,,day,P,N,N,Regular Season,4,4,1,Final,Final,32,American Family Field,158,Milwaukee Brewers,MIL,5,True,134,Pittsburgh Pirates,PIT,2,False,669160,Dustin May,Dustin,May,21,1997-09-06,28,"6' 6""",180,1,Pitcher,R,Right,R,Right,"6.0 IP, 2 ER, 5 K, 3 BB",,,,,,,,,,,,,,,,6.0,2,3,1,5,3,97,1,0,0
2026-08-06,823754,,/api/v1.1/game/823754/feed/live,R,2026,2026-08-06,,day,P,N,N,Regular Season,4,4,1,Final,Final,32,American Family Field,158,Milwaukee Brewers,MIL,5,True,134,Pittsburgh Pirates,PIT,2,False,800325,Luis Lara,Luis,Lara,18,2004-11-17,21,"5' 7""",169,9,Outfielder,S,Switch,R,Right,0-3 | 3 K,,3,0,0,0,0,0,0,3,0,0,0,0,3,0,,,,,,,,,,
2026-08-06,823754,,/api/v1.1/game/823754/feed/live,R,2026,2026-08-06,,day,P,N,N,Regular Season,4,4,1,Final,Final,32,American Family Field,158,Milwaukee Brewers,MIL,5,True,134,Pittsburgh Pirates,PIT,2,False,656730,Trevor Megill,Trevor,Megill,29,1993-12-05,32,"6' 8""",253,1,Pitcher,L,Left,R,Right,,,,,,,,,,,,,,,,,,,,,,,,,,
2026-08-06,823754,,/api/v1.1/game/823754/feed/live,R,2026,2026-08-06,,day,P,N,N,Regular Season,4,4,1,Final,Final,32,American Family Field,158,Milwaukee Brewers,MIL,5,True,134,Pittsburgh Pirates,PIT,2,False,694378,Jacob Gonzalez,Jacob,Gonzalez,26,2002-05-30,24,"6' 2""",205,6,Shortstop,L,Left,R,Right,0-2 | K,,2,0,0,0,0,0,0,1,0,0,0,0,2,0,,,,,,,,,,
2026-08-06,823754,,/api/v1.1/game/823754/feed/live,R,2026,2026-08-06,,day,P,N,N,Regular Season,4,4,1,Final,Final,32,American Family Field,158,Milwaukee Brewers,MIL,5,True,134,Pittsburgh Pirates,PIT,2,False,694973,Paul Skenes,Paul,Skenes,30,2002-05-29,24,"6' 6""",260,1,Pitcher,R,Right,R,Right,,,,,,,,,,,,,,,,,,,,,,,,,,
2026-08-06,823754,,/api/v1.1/game/823754/feed/live,R,2026,2026-08-06,,day,P,N,N,Regular Season,4,4,1,Final,Final,32,American Family Field,158,Milwaukee Brewers,MIL,5,True,134,Pittsburgh Pirates,PIT,2,False,687462,Spencer Horwitz,Spencer,Horwitz,2,1997-11-14,28,"5' 10""",204,3,First Base,L,Left,R,Right,"1-3 | BB, RBI",,3,1,0,0,0,1,0,0,1,0,0,0,4,1,,,,,,,,,,
2026-08-06,823754,,/api/v1.1/game/823754/feed/live,R,2026,2026-08-06,,day,P,N,N,Regular Season,4,4,1,Final,Final,32,American Family Field,158,Milwaukee Brewers,MIL,5,True,134,Pittsburgh Pirates,PIT,2,False,669199,Lake Bachar,Lake,Bachar,71,1995-06-03,31,"6' 2""",219,1,Pitcher,R,Right,R,Right,,,,,,,,,,,,,,,,,,,,,,,,,,
2026-08-06,823754,,/api/v1.1/game/823754/feed/live,R,2026,2026-08-06,,day,P,N,N,Regular Season,4,4,1,Final,Final,32,American Family Field,158,Milwaukee Brewers,MIL,5,True,134,Pittsburgh Pirates,PIT,2,False,682927,Ronny Simon,Ronny,Simon,63,2000-04-17,26,"5' 8""",196,4,Second Base,S,Switch,R,Right,0-4,,4,0,0,0,0,0,0,0,0,0,0,1,4,0,,,,,,,,,,
2026-08-06,823754,,/api/v1.1/game/823754/feed/live,R,2026,2026-08-06,,day,P,N,N,Regular Season,4,4,1,Final,Final,32,American Family Field,158,Milwaukee Brewers,MIL,5,True,134,Pittsburgh Pirates,PIT,2,False,664040,Brandon Lowe,Brandon,Lowe,5,1994-07-06,32,"5' 9""",181,4,Second Base,L,Left,R,Right,"1-3 | HR, BB, 2 K",,3,1,0,0,1,1,1,2,1,0,0,0,4,4,,,,,,,,,,
2026-08-06,823754,,/api/v1.1/game/823754/feed/live,R,2026,2026-08-06,,day,P,N,N,Regular Season,4,4,1,Final,Final,32,American Family Field,158,Milwaukee Brewers,MIL,5,True,134,Pittsburgh Pirates,PIT,2,False,682848,Endy Rodríguez,Endy,Rodríguez,13,2000-05-26,26,"6' 0""",207,2,Catcher,S,Switch,R,Right,1-4 | 2 K,,4,1,0,0,0,0,0,2,0,0,0,0,4,1,,,,,,,,,,
2026-08-06,823754,,/api/v1.1/game/823754/feed/live,R,2026,2026-08-06,,day,P,N,N,Regular Season,4,4,1,Final,Final,32,American Family Field,158,Milwaukee Brewers,MIL,5,True,134,Pittsburgh Pirates,PIT,2,False,668804,Bryan Reynolds,Bryan,Reynolds,10,1995-01-27,31,"6' 2""",210,7,Outfielder,S,Switch,R,Right,"0-3 | BB, 3 K, R",,3,0,0,0,0,0,1,3,1,0,0,0,4,0,,,,,,,,,,
2026-08-06,823754,,/api/v1.1/game/823754/feed/live,R,2026,2026-08-06,,day,P,N,N,Regular Season,4,4,1,Final,Final,32,American Family Field,158,Milwaukee Brewers,MIL,5,True,134,Pittsburgh Pirates,PIT,2,False,683003,Jared Jones,Jared,Jones,17,2001-08-06,25,"6' 0""",211,1,Pitcher,L,Left,R,Right,,,,,,,,,,,,,,,,,,,,,,,,,,
2026-08-06,823754,,/api/v1.1/game/823754/feed/live,R,2026,2026-08-06,,day,P,N,N,Regular Season,4,4,1,Final,Final,32,American Family Field,158,Milwaukee Brewers,MIL,5,True,134,Pittsburgh Pirates,PIT,2,False,681895,Evan Sisk,Samuel,Sisk,48,1997-04-23,29,"6' 2""",214,1,Pitcher,L,Left,L,Left,,,,,,,,,,,,,,,,,,,,,,,,,,
2026-08-06,823754,,/api/v1.1/game/823754/feed/live,R,2026,2026-08-06,,day,P,N,N,Regular Season,4,4,1,Final,Final,32,American Family Field,158,Milwaukee Brewers,MIL,5,True,134,Pittsburgh Pirates,PIT,2,False,642397,Gregory Soto,Gregory,Soto,31,1995-02-11,31,"6' 1""",247,1,Pitcher,L,Left,L,Left,"1.0 IP, ER, 3 K, 0 BB",,,,,,,,,,,,,,,,1.0,1,3,0,3,0,23,0,0,0
2026-08-06,823754,,/api/v1.1/game/823754/feed/live,R,2026,2026-08-06,,day,P,N,N,Regular Season,4,4,1,Final,Final,32,American Family Field,158,Milwaukee Brewers,MIL,5,True,134,Pittsburgh Pirates,PIT,2,False,596133,Luke Weaver,Luke,Weaver,18,1993-08-21,32,"6' 2""",180,1,Pitcher,R,Right,R,Right,,,,,,,,,,,,,,,,,,,,,,,,,,
2026-08-06,823754,,/api/v1.1/game/823754/feed/live,R,2026,2026-08-06,,day,P,N,N,Regular Season,4,4,1,Final,Final,32,American Family Field,158,Milwaukee Brewers,MIL,5,True,134,Pittsburgh Pirates,PIT,2,False,682254,Mason Montgomery,Mason,Montgomery,46,2000-06-17,26,"6' 2""",205,1,Pitcher,L,Left,L,Left,,,,,,,,,,,,,,,,,,,,,,,,,,
2026-08-06,823754,,/api/v1.1/game/823754/feed/live,R,2026,2026-08-06,,day,P,N,N,Regular Season,4,4,1,Final,Final,32,American Family Field,158,Milwaukee Brewers,MIL,5,True,134,Pittsburgh Pirates,PIT,2,False,669707,Jared Triolo,Jared,Triolo,19,1998-02-08,28,"6' 3""",212,6,Shortstop,R,Right,R,Right,0-1,,1,0,0,0,0,0,0,0,0,0,0,0,1,0,,,,,,,,,,
2026-08-06,823754,,/api/v1.1/game/823754/feed/live,R,2026,2026-08-06,,day,P,N,N,Regular Season,4,4,1,Final,Final,32,American Family Field,158,Milwaukee Brewers,MIL,5,True,134,Pittsburgh Pirates,PIT,2,False,699013,Esmerlyn Valdez,Esmerlyn,Valdez,55,2004-01-27,22,"6' 2""",234,9,Outfielder,R,Right,R,Right,,,,,,,,,,,,,,,,,,,,,,,,,,
2026-08-06,823754,,/api/v1.1/game/823754/feed/live,R,2026,2026-08-06,,day,P,N,N,Regular Season,4,4,1,Final,Final,32,American Family Field,158,Milwaukee Brewers,MIL,5,True,134,Pittsburgh Pirates,PIT,2,False,663968,Jake Mangum,Jake,Mangum,28,1996-03-08,30,"5' 11""",191,8,Outfielder,S,Switch,L,Left,"1-3 | 2B, BB",,3,1,1,0,0,0,0,0,1,0,0,0,4,2,,,,,,,,,,
2026-08-06,823754,,/api/v1.1/game/823754/feed/live,R,2026,2026-08-06,,day,P,N,N,Regular Season,4,4,1,Final,Final,32,American Family Field,158,Milwaukee Brewers,MIL,5,True,134,Pittsburgh Pirates,PIT,2,False,670990,Yohan Ramírez,Yohan,Ramírez,49,1995-05-06,31,"6' 3""",205,1,Pitcher,R,Right,R,Right,,,,,,,,,,,,,,,,,,,,,,,,,,
2026-08-06,823754,,/api/v1.1/game/823754/feed/live,R,2026,2026-08-06,,day,P,N,N,Regular Season,4,4,1,Final,Final,32,American Family Field,158,Milwaukee Brewers,MIL,5,True,134,Pittsburgh Pirates,PIT,2,False,696149,Bubba Chandler,Roy,Chandler,36,2002-09-14,23,"6' 3""",206,1,Pitcher,S,Switch,R,Right,,,,,,,,,,,,,,,,,,,,,,,,,,
2026-08-06,823754,,/api/v1.1/game/823754/feed/live,R,2026,2026-08-06,,day,P,N,N,Regular Season,4,4,1,Final,Final,32,American Family Field,158,Milwaukee Brewers,MIL,5,True,134,Pittsburgh Pirates,PIT,2,False,691373,Jhostynxon Garcia,Jhostynxon,Garcia,34,2002-12-11,23,"6' 0""",224,9,Outfielder,R,Right,R,Right,,,,,,,,,,,,,,,,,,,,,,,,,,
2026-08-06,823754,,/api/v1.1/game/823754/feed/live,R,2026,2026-08-06,,day,P,N,N,Regular Season,4,4,1,Final,Final,32,American Family Field,158,Milwaukee Brewers,MIL,5,True,134,Pittsburgh Pirates,PIT,2,False,669387,Carmen Mlodzinski,Carmen,Mlodzinski,50,1999-02-19,27,"6' 2""",210,1,Pitcher,R,Right,R,Right,,,,,,,,,,,,,,,,,,,,,,,,,,
2026-08-06,823754,,/api/v1.1/game/823754/feed/live,R,2026,2026-08-06,,day,P,N,N,Regular Season,4,4,1,Final,Final,32,American Family Field,158,Milwaukee Brewers,MIL,5,True,134,Pittsburgh Pirates,PIT,2,False,680779,Henry Davis,Henry,Davis,32,1999-09-21,26,"5' 11""",225,2,Catcher,R,Right,R,Right,0-3 | K,,3,0,0,0,0,0,0,1,0,0,0,0,3,0,,,,,,,,,,
2026-08-06,823754,,/api/v1.1/game/823754/feed/live,R,2026,2026-08-06,,day,P,N,N,Regular Season,4,4,1,Final,Final,32,American Family Field,158,Milwaukee Brewers,MIL,5,True,134,Pittsburgh Pirates,PIT,2,False,666808,Camilo Doval,Camilo,Doval,75,1997-07-04,29,"6' 2""",205,1,Pitcher,R,Right,R,Right,"1.0 IP, 0 ER, 0 K, BB",,,,,,,,,,,,,,,,1.0,0,0,0,0,1,14,0,0,0
2026-08-06,823754,,/api/v1.1/game/823754/feed/live,R,2026,2026-08-06,,day,P,N,N,Regular Season,4,4,1,Final,Final,32,American Family Field,158,Milwaukee Brewers,MIL,5,True,134,Pittsburgh Pirates,PIT,2,False,489446,Kirby Yates,Kirby,Yates,54,1987-03-25,39,"5' 10""",205,1,Pitcher,L,Left,R,Right,"1.0 IP, 0 ER, 2 K, 0 BB",,,,,,,,,,,,,,,,1.0,0,0,0,2,0,10,0,0,0
2026-08-06,823754,,/api/v1.1/game/823754/feed/live,R,2026,2026-08-06,,day,P,N,N,Regular Season,4,4,1,Final,Final,32,American Family Field,158,Milwaukee Brewers,MIL,5,True,134,Pittsburgh Pirates,PIT,2,False,693304,Nick Gonzales,Nicholas,Gonzales,3,1999-05-27,27,"5' 8""",193,5,Third Base,R,Right,R,Right,2-3 | HBP,,3,2,0,0,0,0,0,0,0,0,0,0,4,2,,,,,,,,,,
2026-08-06,823754,,/api/v1.1/game/823754/feed/live,R,2026,2026-08-06,,day,P,N,N,Regular Season,4,4,1,Final,Final,32,American Family Field,158,Milwaukee Brewers,MIL,5,True,134,Pittsburgh Pirates,PIT,2,False,804668,Rafael Flores Jr.,Rafael,Flores,43,2000-11-07,25,"6' 3""",232,2,Catcher,R,Right,R,Right,,,,,,,,,,,,,,,,,,,,,,,,,,
2026-08-06,823754,,/api/v1.1/game/823754/feed/live,R,2026,2026-08-06,,day,P,N,N,Regular Season,4,4,1,Final,Final,32,American Family Field,158,Milwaukee Brewers,MIL,5,True,134,Pittsburgh Pirates,PIT,2,False,677952,Braxton Ashcraft,Braxton,Ashcraft,35,1999-10-05,26,"6' 5""",218,1,Pitcher,L,Left,R,Right,"5.0 IP, 4 ER, 5 K, BB",,,,,,,,,,,,,,,,5.0,4,4,2,5,1,82,0,1,0
2026-08-06,824664,,/api/v1.1/game/824664/feed/live,R,2026,2026-08-06,Makeup of 6/21 PPD,day,P,N,N,Regular Season,1,1,1,Final,Final,17,Wrigley Field,112,Chicago Cubs,CHC,3,True,141,Toronto Blue Jays,TOR,2,False,621438,Tyrone Taylor,Tyrone,Taylor,55,1994-01-22,32,"6' 0""",218,7,Outfielder,R,Right,R,Right,0-0,,0,0,0,0,0,0,0,0,0,0,0,0,0,0,,,,,,,,,,
2026-08-06,824664,,/api/v1.1/game/824664/feed/live,R,2026,2026-08-06,Makeup of 6/21 PPD,day,P,N,N,Regular Season,1,1,1,Final,Final,17,Wrigley Field,112,Chicago Cubs,CHC,3,True,141,Toronto Blue Jays,TOR,2,False,624424,Michael Conforto,Michael,Conforto,20,1993-03-01,33,"5' 11""",215,10,Designated Hitter,L,Left,R,Right,"0-3 | BB, K",,3,0,0,0,0,0,0,1,1,0,0,0,4,0,,,,,,,,,,
2026-08-06,824664,,/api/v1.1/game/824664/feed/live,R,2026,2026-08-06,Makeup of 6/21 PPD,day,P,N,N,Regular Season,1,1,1,Final,Final,17,Wrigley Field,112,Chicago Cubs,CHC,3,True,141,Toronto Blue Jays,TOR,2,False,666129,Braxton Garrett,Braxton,Garrett,60,1997-08-05,29,"6' 2""",202,1,Pitcher,R,Right,L,Left,,,,,,,,,,,,,,,,,,,,,,,,,,
2026-08-06,824664,,/api/v1.1/game/824664/feed/live,R,2026,2026-08-06,Makeup of 6/21 PPD,day,P,N,N,Regular Season,1,1,1,Final,Final,17,Wrigley Field,112,Chicago Cubs,CHC,3,True,141,Toronto Blue Jays,TOR,2,False,664023,Ian Happ,Ian,Happ,8,1994-08-12,31,"5' 10""",205,7,Outfielder,S,Switch,R,Right,0-4 | K,,4,0,0,0,0,0,0,1,0,0,0,0,4,0,,,,,,,,,,
2026-08-06,824664,,/api/v1.1/game/824664/feed/live,R,2026,2026-08-06,Makeup of 6/21 PPD,day,P,N,N,Regular Season,1,1,1,Final,Final,17,Wrigley Field,112,Chicago Cubs,CHC,3,True,141,Toronto Blue Jays,TOR,2,False,665871,Javier Assad,Javier,Assad,72,1997-07-30,29,"6' 1""",200,1,Pitcher,R,Right,R,Right,,,,,,,,,,,,,,,,,,,,,,,,,,
2026-08-06,824664,,/api/v1.1/game/824664/feed/live,R,2026,2026-08-06,Makeup of 6/21 PPD,day,P,N,N,Regular Season,1,1,1,Final,Final,17,Wrigley Field,112,Chicago Cubs,CHC,3,True,141,Toronto Blue Jays,TOR,2,False,573204,Caleb Thielbar,Caleb,Thielbar,24,1987-01-31,39,"6' 0""",205,1,Pitcher,R,Right,L,Left,"1.0 IP, 0 ER, 0 K, 0 BB",,,,,,,,,,,,,,,,1.0,0,0,0,0,0,12,0,0,0
2026-08-06,824664,,/api/v1.1/game/824664/feed/live,R,2026,2026-08-06,Makeup of 6/21 PPD,day,P,N,N,Regular Season,1,1,1,Final,Final,17,Wrigley Field,112,Chicago Cubs,CHC,3,True,141,Toronto Blue Jays,TOR,2,False,684007,Shota Imanaga,Shota,Imanaga,18,1993-09-01,32,"5' 10""",175,1,Pitcher,L,Left,L,Left,,,,,,,,,,,,,,,,,,,,,,,,,,
2026-08-06,824664,,/api/v1.1/game/824664/feed/live,R,2026,2026-08-06,Makeup of 6/21 PPD,day,P,N,N,Regular Season,1,1,1,Final,Final,17,Wrigley Field,112,Chicago Cubs,CHC,3,True,141,Toronto Blue Jays,TOR,2,False,608324,Alex Bregman,Alexander,Bregman,3,1994-03-30,32,"5' 10""",190,5,Third Base,R,Right,R,Right,"2-4 | HR, K, 2 RBI",,4,2,0,0,1,2,1,1,0,1,0,0,4,5,,,,,,,,,,
2026-08-06,824664,,/api/v1.1/game/824664/feed/live,R,2026,2026-08-06,Makeup of 6/21 PPD,day,P,N,N,Regular Season,1,1,1,Final,Final,17,Wrigley Field,112,Chicago Cubs,CHC,3,True,141,Toronto Blue Jays,TOR,2,False,699393,Pedro Ramírez,Pedro,Ramírez,75,2004-04-01,22,"5' 9""",165,4,Second Base,S,Switch,R,Right,0-1 | K,,1,0,0,0,0,0,0,1,0,0,0,0,1,0,,,,,,,,,,
2026-08-06,824664,,/api/v1.1/game/824664/feed/live,R,2026,2026-08-06,Makeup of 6/21 PPD,day,P,N,N,Regular Season,1,1,1,Final,Final,17,Wrigley Field,112,Chicago Cubs,CHC,3,True,141,Toronto Blue Jays,TOR,2,False,683737,Michael Busch,Michael,Busch,29,1997-11-09,28,"5' 11""",210,3,First Base,L,Left,R,Right,0-4 | 2 K,,4,0,0,0,0,0,0,2,0,0,0,0,4,0,,,,,,,,,,
2026-08-06,824664,,/api/v1.1/game/824664/feed/live,R,2026,2026-08-06,Makeup of 6/21 PPD,day,P,N,N,Regular Season,1,1,1,Final,Final,17,Wrigley Field,112,Chicago Cubs,CHC,3,True,141,Toronto Blue Jays,TOR,2,False,608348,Carson Kelly,Carson,Kelly,15,1994-07-14,32,"6' 1""",212,2,Catcher,R,Right,R,Right,0-1,,1,0,0,0,0,0,0,0,0,0,0,0,1,0,,,,,,,,,,
2026-08-06,824664,,/api/v1.1/game/824664/feed/live,R,2026,2026-08-06,Makeup of 6/21 PPD,day,P,N,N,Regular Season,1,1,1,Final,Final,17,Wrigley Field,112,Chicago Cubs,CHC,3,True,141,Toronto Blue Jays,TOR,2,False,691718,Pete Crow-Armstrong,Pete,Crow-Armstrong,4,2002-03-25,24,"6' 0""",184,8,Outfielder,L,Left,L,Left,"2-5 | 2 K, 2 R, SB",,5,2,0,0,0,0,2,2,0,1,0,0,5,2,,,,,,,,,,
2026-08-06,824664,,/api/v1.1/game/824664/feed/live,R,2026,2026-08-06,Makeup of 6/21 PPD,day,P,N,N,Regular Season,1,1,1,Final,Final,17,Wrigley Field,112,Chicago Cubs,CHC,3,True,141,Toronto Blue Jays,TOR,2,False,592332,Kevin Gausman,Kevin,Gausman,12,1991-01-06,35,"6' 2""",205,1,Pitcher,L,Left,R,Right,,,,,,,,,,,,,,,,,,,,,,,,,,
2026-08-06,824664,,/api/v1.1/game/824664/feed/live,R,2026,2026-08-06,Makeup of 6/21 PPD,day,P,N,N,Regular Season,1,1,1,Final,Final,17,Wrigley Field,112,Chicago Cubs,CHC,3,True,141,Toronto Blue Jays,TOR,2,False,657097,Jacob Webb,Jacob,Webb,71,1993-08-15,32,"6' 2""",210,1,Pitcher,R,Right,R,Right,,,,,,,,,,,,,,,,,,,,,,,,,,
2026-08-06,824664,,/api/v1.1/game/824664/feed/live,R,2026,2026-08-06,Makeup of 6/21 PPD,day,P,N,N,Regular Season,1,1,1,Final,Final,17,Wrigley Field,112,Chicago Cubs,CHC,3,True,141,Toronto Blue Jays,TOR,2,False,665804,Miguel Amaya,Miguel,Amaya,9,1999-03-09,27,"6' 1""",230,2,Catcher,R,Right,R,Right,1-1 | BB,,1,1,0,0,0,0,0,0,1,0,0,0,2,1,,,,,,,,,,
2026-08-06,824664,,/api/v1.1/game/824664/feed/live,R,2026,2026-08-06,Makeup of 6/21 PPD,day,P,N,N,Regular Season,1,1,1,Final,Final,17,Wrigley Field,112,Chicago Cubs,CHC,3,True,141,Toronto Blue Jays,TOR,2,False,673548,Seiya Suzuki,Seiya,Suzuki,27,1994-08-18,31,"5' 11""",182,9,Outfielder,R,Right,R,Right,"0-4 | BB, K, SB",,4,0,0,0,0,0,0,1,1,1,0,0,5,0,,,,,,,,,,
2026-08-06,824664,,/api/v1.1/game/824664/feed/live,R,2026,2026-08-06,Makeup of 6/21 PPD,day,P,N,N,Regular Season,1,1,1,Final,Final,17,Wrigley Field,112,Chicago Cubs,CHC,3,True,141,Toronto Blue Jays,TOR,2,False,650644,Aaron Civale,Aaron,Civale,38,1995-06-12,31,"6' 1""",245,1,Pitcher,R,Right,R,Right,"3.0 IP, ER, 3 K, 0 BB",,,,,,,,,,,,,,,,3.0,1,4,0,3,0,45,0,0,0
2026-08-06,824664,,/api/v1.1/game/824664/feed/live,R,2026,2026-08-06,Makeup of 6/21 PPD,day,P,N,N,Regular Season,1,1,1,Final,Final,17,Wrigley Field,112,Chicago Cubs,CHC,3,True,141,Toronto Blue Jays,TOR,2,False,666171,Ryan Zeferjahn,Ryan,Zeferjahn,56,1998-02-28,28,"6' 5""",209,1,Pitcher,R,Right,R,Right,,,,,,,,,,,,,,,,,,,,,,,,,,
2026-08-06,824664,,/api/v1.1/game/824664/feed/live,R,2026,2026-08-06,Makeup of 6/21 PPD,day,P,N,N,Regular Season,1,1,1,Final,Final,17,Wrigley Field,112,Chicago Cubs,CHC,3,True,141,Toronto Blue Jays,TOR,2,False,656849,David Peterson,David,Peterson,19,1995-09-03,30,"6' 6""",240,1,Pitcher,L,Left,L,Left,"5.0 IP, ER, 3 K, 3 BB",,,,,,,,,,,,,,,,5.0,1,7,0,3,3,89,0,0,0
2026-08-06,824664,,/api/v1.1/game/824664/feed/live,R,2026,2026-08-06,Makeup of 6/21 PPD,day,P,N,N,Regular Season,1,1,1,Final,Final,17,Wrigley Field,112,Chicago Cubs,CHC,3,True,141,Toronto Blue Jays,TOR,2,False,669020,Ryan Rolison,Ryan,Rolison,33,1997-07-11,29,"6' 2""",213,1,Pitcher,R,Right,L,Left,"1.0 IP, 0 ER, 0 K, 0 BB",,,,,,,,,,,,,,,,1.0,0,0,0,0,0,14,0,0,0
2026-08-06,824664,,/api/v1.1/game/824664/feed/live,R,2026,2026-08-06,Makeup of 6/21 PPD,day,P,N,N,Regular Season,1,1,1,Final,Final,17,Wrigley Field,112,Chicago Cubs,CHC,3,True,141,Toronto Blue Jays,TOR,2,False,663423,Trent Thornton,Trent,Thornton,49,1993-09-30,32,"6' 0""",190,1,Pitcher,R,Right,R,Right,"1.0 IP, 0 ER, K, BB",,,,,,,,,,,,,,,,1.0,0,0,0,1,1,12,1,0,0
2026-08-06,824664,,/api/v1.1/game/824664/feed/live,R,2026,2026-08-06,Makeup of 6/21 PPD,day,P,N,N,Regular Season,1,1,1,Final,Final,17,Wrigley Field,112,Chicago Cubs,CHC,3,True,141,Toronto Blue Jays,TOR,2,False,571510,Matthew Boyd,Matthew,Boyd,16,1991-02-02,35,"6' 3""",223,1,Pitcher,L,Left,L,Left,,,,,,,,,,,,,,,,,,,,,,,,,,
2026-08-06,824664,,/api/v1.1/game/824664/feed/live,R,2026,2026-08-06,Makeup of 6/21 PPD,day,P,N,N,Regular Season,1,1,1,Final,Final,17,Wrigley Field,112,Chicago Cubs,CHC,3,True,141,Toronto Blue Jays,TOR,2,False,701649,James Triantos,James,Triantos,5,2003-01-29,23,"5' 11""",195,4,Second Base,R,Right,R,Right,,,,,,,,,,,,,,,,,,,,,,,,,,
2026-08-06,824664,,/api/v1.1/game/824664/feed/live,R,2026,2026-08-06,Makeup of 6/21 PPD,day,P,N,N,Regular Season,1,1,1,Final,Final,17,Wrigley Field,112,Chicago Cubs,CHC,3,True,141,Toronto Blue Jays,TOR,2,False,621020,Dansby Swanson,James,Swanson,7,1994-02-11,32,"6' 0""",190,6,Shortstop,R,Right,R,Right,0-4 | 2 K,,4,0,0,0,0,0,0,2,0,0,0,0,4,0,,,,,,,,,,
2026-08-06,824664,,/api/v1.1/game/824664/feed/live,R,2026,2026-08-06,Makeup of 6/21 PPD,day,P,N,N,Regular Season,1,1,1,Final,Final,17,Wrigley Field,112,Chicago Cubs,CHC,3,True,141,Toronto Blue Jays,TOR,2,False,607067,Colin Rea,Colin,Rea,53,1990-07-01,36,"6' 5""",220,1,Pitcher,R,Right,R,Right,,,,,,,,,,,,,,,,,,,,,,,,,,
2026-08-06,824664,,/api/v1.1/game/824664/feed/live,R,2026,2026-08-06,Makeup of 6/21 PPD,day,P,N,N,Regular Season,1,1,1,Final,Final,17,Wrigley Field,112,Chicago Cubs,CHC,3,True,141,Toronto Blue Jays,TOR,2,False,663538,Nico Hoerner,Nicholas,Hoerner,2,1997-05-13,29,"5' 11""",200,4,Second Base,R,Right,R,Right,0-4 | K,,4,0,0,0,0,0,0,1,0,0,0,0,4,0,,,,,,,,,,
2026-08-06,824664,,/api/v1.1/game/824664/feed/live,R,2026,2026-08-06,Makeup of 6/21 PPD,day,P,N,N,Regular Season,1,1,1,Final,Final,17,Wrigley Field,112,Chicago Cubs,CHC,3,True,141,Toronto Blue Jays,TOR,2,False,669456,Shane Bieber,Shane,Bieber,57,1995-05-31,31,"6' 3""",200,1,Pitcher,R,Right,R,Right,,,,,,,,,,,,,,,,,,,,,,,,,,
2026-08-06,824664,,/api/v1.1/game/824664/feed/live,R,2026,2026-08-06,Makeup of 6/21 PPD,day,P,N,N,Regular Season,1,1,1,Final,Final,17,Wrigley Field,112,Chicago Cubs,CHC,3,True,141,Toronto Blue Jays,TOR,2,False,695445,Chase Lee,Chase,Lee,52,1998-08-13,27,"6' 0""",170,1,Pitcher,R,Right,R,Right,"1.0 IP, 0 ER, K, BB",,,,,,,,,,,,,,,,1.0,0,0,0,1,1,10,0,0,0
2026-08-06,824664,,/api/v1.1/game/824664/feed/live,R,2026,2026-08-06,Makeup of 6/21 PPD,day,P,N,N,Regular Season,1,1,1,Final,Final,17,Wrigley Field,112,Chicago Cubs,CHC,3,True,141,Toronto Blue Jays,TOR,2,False,693686,Spencer Miles,Spencer,Miles,62,2000-07-26,26,"6' 3""",180,1,Pitcher,L,Left,R,Right,,,,,,,,,,,,,,,,,,,,,,,,,,
2026-08-06,824664,,/api/v1.1/game/824664/feed/live,R,2026,2026-08-06,Makeup of 6/21 PPD,day,P,N,N,Regular Season,1,1,1,Final,Final,17,Wrigley Field,112,Chicago Cubs,CHC,3,True,141,Toronto Blue Jays,TOR,2,False,649966,Luis Urías,Luis,Urías,48,1997-06-03,29,"5' 9""",202,4,Second Base,R,Right,R,Right,1-2 | 2B,,2,1,1,0,0,0,0,0,0,0,0,1,2,2,,,,,,,,,,
2026-08-06,824664,,/api/v1.1/game/824664/feed/live,R,2026,2026-08-06,Makeup of 6/21 PPD,day,P,N,N,Regular Season,1,1,1,Final,Final,17,Wrigley Field,112,Chicago Cubs,CHC,3,True,141,Toronto Blue Jays,TOR,2,False,667755,José Soriano,José,Soriano,40,1998-10-20,27,"6' 3""",220,1,Pitcher,R,Right,R,Right,,,,,,,,,,,,,,,,,,,,,,,,,,
2026-08-06,824664,,/api/v1.1/game/824664/feed/live,R,2026,2026-08-06,Makeup of 6/21 PPD,day,P,N,N,Regular Season,1,1,1,Final,Final,17,Wrigley Field,112,Chicago Cubs,CHC,3,True,141,Toronto Blue Jays,TOR,2,False,686973,Louis Varland,Louis,Varland,77,1997-12-09,28,"6' 1""",205,1,Pitcher,L,Left,R,Right,"1.0 IP, 2 ER, 0 K, 0 BB",,,,,,,,,,,,,,,,1.0,2,2,1,0,0,21,0,0,0
2026-08-06,824664,,/api/v1.1/game/824664/feed/live,R,2026,2026-08-06,Makeup of 6/21 PPD,day,P,N,N,Regular Season,1,1,1,Final,Final,17,Wrigley Field,112,Chicago Cubs,CHC,3,True,141,Toronto Blue Jays,TOR,2,False,663893,Brendon Little,Brendon,Little,54,1996-08-11,29,"6' 2""",195,1,Pitcher,L,Left,L,Left,"0.1 IP, 0 ER, 0 K, BB",,,,,,,,,,,,,,,,0.1,0,1,0,0,1,8,0,1,0
2026-08-06,824664,,/api/v1.1/game/824664/feed/live,R,2026,2026-08-06,Makeup of 6/21 PPD,day,P,N,N,Regular Season,1,1,1,Final,Final,17,Wrigley Field,112,Chicago Cubs,CHC,3,True,141,Toronto Blue Jays,TOR,2,False,676391,Ernie Clement,Ernie,Clement,22,1996-03-22,30,"6' 0""",170,4,Second Base,R,Right,R,Right,2-5,,5,2,0,0,0,0,0,0,0,0,0,0,5,2,,,,,,,,,,
2026-08-06,824664,,/api/v1.1/game/824664/feed/live,R,2026,2026-08-06,Makeup of 6/21 PPD,day,P,N,N,Regular Season,1,1,1,Final,Final,17,Wrigley Field,112,Chicago Cubs,CHC,3,True,141,Toronto Blue Jays,TOR,2,False,592791,Jameson Taillon,Jameson,Taillon,56,1991-11-18,34,"6' 5""",230,1,Pitcher,R,Right,R,Right,,,,,,,,,,,,,,,,,,,,,,,,,,
2026-08-06,824664,,/api/v1.1/game/824664/feed/live,R,2026,2026-08-06,Makeup of 6/21 PPD,day,P,N,N,Regular Season,1,1,1,Final,Final,17,Wrigley Field,112,Chicago Cubs,CHC,3,True,141,Toronto Blue Jays,TOR,2,False,665926,Andrés Giménez,Andrés,Giménez,0,1998-09-04,27,"5' 11""",161,6,Shortstop,L,Left,R,Right,"3-4 | 2B, BB, R",,4,3,1,0,0,0,1,0,1,2,0,0,5,4,,,,,,,,,,
2026-08-06,824664,,/api/v1.1/game/824664/feed/live,R,2026,2026-08-06,Makeup of 6/21 PPD,day,P,N,N,Regular Season,1,1,1,Final,Final,17,Wrigley Field,112,Chicago Cubs,CHC,3,True,141,Toronto Blue Jays,TOR,2,False,678218,Brandon Valenzuela,Brandon,Valenzuela,59,2000-10-02,25,"6' 0""",225,2,Catcher,S,Switch,R,Right,0-0,,0,0,0,0,0,0,0,0,0,0,0,0,0,0,,,,,,,,,,
2026-08-06,824664,,/api/v1.1/game/824664/feed/live,R,2026,2026-08-06,Makeup of 6/21 PPD,day,P,N,N,Regular Season,1,1,1,Final,Final,17,Wrigley Field,112,Chicago Cubs,CHC,3,True,141,Toronto Blue Jays,TOR,2,False,656302,Dylan Cease,Dylan,Cease,84,1995-12-28,30,"6' 2""",200,1,Pitcher,R,Right,R,Right,"7.0 IP, 0 ER, 10 K, BB",,,,,,,,,,,,,,,,7.0,0,2,0,10,1,104,0,0,0
2026-08-06,824664,,/api/v1.1/game/824664/feed/live,R,2026,2026-08-06,Makeup of 6/21 PPD,day,P,N,N,Regular Season,1,1,1,Final,Final,17,Wrigley Field,112,Chicago Cubs,CHC,3,True,141,Toronto Blue Jays,TOR,2,False,676914,Davis Schneider,Davis,Schneider,36,1999-01-26,27,"5' 8""",190,7,Outfielder,R,Right,R,Right,0-1 | 2 BB,,1,0,0,0,0,0,0,0,2,0,0,0,3,0,,,,,,,,,,
2026-08-06,824664,,/api/v1.1/game/824664/feed/live,R,2026,2026-08-06,Makeup of 6/21 PPD,day,P,N,N,Regular Season,1,1,1,Final,Final,17,Wrigley Field,112,Chicago Cubs,CHC,3,True,141,Toronto Blue Jays,TOR,2,False,664770,Nathan Lukes,Nathan,Lukes,38,1994-07-12,32,"5' 11""",180,9,Outfielder,L,Left,R,Right,0-5 | K,,5,0,0,0,0,0,0,1,0,0,0,0,5,0,,,,,,,,,,
2026-08-06,824664,,/api/v1.1/game/824664/feed/live,R,2026,2026-08-06,Makeup of 6/21 PPD,day,P,N,N,Regular Season,1,1,1,Final,Final,17,Wrigley Field,112,Chicago Cubs,CHC,3,True,141,Toronto Blue Jays,TOR,2,False,543807,George Springer,George,Springer,4,1989-09-19,36,"6' 1""",220,10,Designated Hitter,R,Right,R,Right,0-5,,5,0,0,0,0,0,0,0,0,0,0,1,5,0,,,,,,,,,,
2026-08-06,824664,,/api/v1.1/game/824664/feed/live,R,2026,2026-08-06,Makeup of 6/21 PPD,day,P,N,N,Regular Season,1,1,1,Final,Final,17,Wrigley Field,112,Chicago Cubs,CHC,3,True,141,Toronto Blue Jays,TOR,2,False,453286,Max Scherzer,Maxwell,Scherzer,31,1984-07-27,42,"6' 3""",208,1,Pitcher,R,Right,R,Right,,,,,,,,,,,,,,,,,,,,,,,,,,
2026-08-06,824664,,/api/v1.1/game/824664/feed/live,R,2026,2026-08-06,Makeup of 6/21 PPD,day,P,N,N,Regular Season,1,1,1,Final,Final,17,Wrigley Field,112,Chicago Cubs,CHC,3,True,141,Toronto Blue Jays,TOR,2,False,689254,Mason Fluharty,Mason,Fluharty,68,2001-08-13,24,"6' 2""",215,1,Pitcher,R,Right,L,Left,,,,,,,,,,,,,,,,,,,,,,,,,,
2026-08-06,824664,,/api/v1.1/game/824664/feed/live,R,2026,2026-08-06,Makeup of 6/21 PPD,day,P,N,N,Regular Season,1,1,1,Final,Final,17,Wrigley Field,112,Chicago Cubs,CHC,3,True,141,Toronto Blue Jays,TOR,2,False,680755,Braydon Fisher,Braydon,Fisher,63,2000-07-26,26,"6' 4""",180,1,Pitcher,R,Right,R,Right,"1.0 IP, 0 ER, K, 0 BB",,,,,,,,,,,,,,,,1.0,0,0,0,1,0,15,0,0,0
2026-08-06,824664,,/api/v1.1/game/824664/feed/live,R,2026,2026-08-06,Makeup of 6/21 PPD,day,P,N,N,Regular Season,1,1,1,Final,Final,17,Wrigley Field,112,Chicago Cubs,CHC,3,True,141,Toronto Blue Jays,TOR,2,False,669701,Josh Smith,Josh,Smith,9,1997-08-07,29,"5' 9""",172,4,Second Base,L,Left,R,Right,0-3 | 2 K,,3,0,0,0,0,0,0,2,0,0,0,0,3,0,,,,,,,,,,
2026-08-06,824664,,/api/v1.1/game/824664/feed/live,R,2026,2026-08-06,Makeup of 6/21 PPD,day,P,N,N,Regular Season,1,1,1,Final,Final,17,Wrigley Field,112,Chicago Cubs,CHC,3,True,141,Toronto Blue Jays,TOR,2,False,643511,Tyler Rogers,Tyler,Rogers,71,1990-12-17,35,"6' 3""",180,1,Pitcher,R,Right,R,Right,,,,,,,,,,,,,,,,,,,,,,,,,,
2026-08-06,824664,,/api/v1.1/game/824664/feed/live,R,2026,2026-08-06,Makeup of 6/21 PPD,day,P,N,N,Regular Season,1,1,1,Final,Final,17,Wrigley Field,112,Chicago Cubs,CHC,3,True,141,Toronto Blue Jays,TOR,2,False,665489,Vladimir Guerrero Jr.,Vladimir,Guerrero,27,1999-03-16,27,"6' 0""",245,3,First Base,R,Right,R,Right,,,,,,,,,,,,,,,,,,,,,,,,,,
2026-08-06,824664,,/api/v1.1/game/824664/feed/live,R,2026,2026-08-06,Makeup of 6/21 PPD,day,P,N,N,Regular Season,1,1,1,Final,Final,17,Wrigley Field,112,Chicago Cubs,CHC,3,True,141,Toronto Blue Jays,TOR,2,False,660821,Jesús Sánchez,Jesús,Sánchez,12,1997-10-07,28,"6' 3""",222,9,Outfielder,L,Left,R,Right,0-2,,2,0,0,0,0,0,0,0,0,0,0,0,2,0,,,,,,,,,,
2026-08-06,824664,,/api/v1.1/game/824664/feed/live,R,2026,2026-08-06,Makeup of 6/21 PPD,day,P,N,N,Regular Season,1,1,1,Final,Final,17,Wrigley Field,112,Chicago Cubs,CHC,3,True,141,Toronto Blue Jays,TOR,2,False,681751,Lazaro Estrada,Lazaro,Estrada,60,1999-04-24,27,"5' 10""",180,1,Pitcher,R,Right,R,Right,,,,,,,,,,,,,,,,,,,,,,,,,,
2026-08-06,824664,,/api/v1.1/game/824664/feed/live,R,2026,2026-08-06,Makeup of 6/21 PPD,day,P,N,N,Regular Season,1,1,1,Final,Final,17,Wrigley Field,112,Chicago Cubs,CHC,3,True,141,Toronto Blue Jays,TOR,2,False,664702,Myles Straw,Myles,Straw,3,1994-10-17,31,"5' 9""",178,9,Outfielder,R,Right,R,Right,0-5 | 2 K,,5,0,0,0,0,0,0,2,0,0,0,0,6,0,,,,,,,,,,
2026-08-06,824664,,/api/v1.1/game/824664/feed/live,R,2026,2026-08-06,Makeup of 6/21 PPD,day,P,N,N,Regular Season,1,1,1,Final,Final,17,Wrigley Field,112,Chicago Cubs,CHC,3,True,141,Toronto Blue Jays,TOR,2,False,672386,Alejandro Kirk,Alejandro,Kirk,30,1998-11-06,27,"5' 8""",245,2,Catcher,R,Right,R,Right,4-5 | RBI,,5,4,0,0,0,1,0,0,0,0,0,0,5,4,,,,,,,,,,
2026-08-06,824664,,/api/v1.1/game/824664/feed/live,R,2026,2026-08-06,Makeup of 6/21 PPD,day,P,N,N,Regular Season,1,1,1,Final,Final,17,Wrigley Field,112,Chicago Cubs,CHC,3,True,141,Toronto Blue Jays,TOR,2,False,672960,Kazuma Okamoto,Kazuma,Okamoto,7,1996-06-30,30,"6' 1""",220,5,Third Base,R,Right,R,Right,"1-4 | BB, 2 K, R",,4,1,0,0,0,0,1,2,1,0,0,0,5,1,,,,,,,,,,
2026-08-06,823105,,/api/v1.1/game/823105/feed/live,R,2026,2026-08-06,,day,P,N,N,Regular Season,3,3,1,Final,Final,680,T-Mobile Park,136,Seattle Mariners,SEA,0,False,116,Detroit Tigers,DET,11,True,647304,Josh Naylor,Joshua-Douglas,Naylor,12,1997-06-22,29,"5' 10""",235,3,First Base,L,Left,L,Left,,,,,,,,,,,,,,,,,,,,,,,,,,
2026-08-06,823105,,/api/v1.1/game/823105/feed/live,R,2026,2026-08-06,,day,P,N,N,Regular Season,3,3,1,Final,Final,680,T-Mobile Park,136,Seattle Mariners,SEA,0,False,116,Detroit Tigers,DET,11,True,645302,Victor Robles,Victor,Robles,10,1997-05-19,29,"6' 0""",193,9,Outfielder,R,Right,R,Right,"1.0 IP, 3 ER, 0 K, BB",,,,,,,,,,,,,,,,1.0,3,5,0,0,1,26,0,0,0
2026-08-06,823105,,/api/v1.1/game/823105/feed/live,R,2026,2026-08-06,,day,P,N,N,Regular Season,3,3,1,Final,Final,680,T-Mobile Park,136,Seattle Mariners,SEA,0,False,116,Detroit Tigers,DET,11,True,702284,Cole Young,Cole,Young,2,2003-07-29,23,"5' 10""",180,4,Second Base,L,Left,R,Right,0-3 | BB,,3,0,0,0,0,0,0,0,1,0,0,1,4,0,,,,,,,,,,
2026-08-06,823105,,/api/v1.1/game/823105/feed/live,R,2026,2026-08-06,,day,P,N,N,Regular Season,3,3,1,Final,Final,680,T-Mobile Park,136,Seattle Mariners,SEA,0,False,116,Detroit Tigers,DET,11,True,678606,José A. Ferrer,José,Ferrer,45,2000-03-03,26,"6' 1""",233,1,Pitcher,L,Left,L,Left,,,,,,,,,,,,,,,,,,,,,,,,,,
2026-08-06,823105,,/api/v1.1/game/823105/feed/live,R,2026,2026-08-06,,day,P,N,N,Regular Season,3,3,1,Final,Final,680,T-Mobile Park,136,Seattle Mariners,SEA,0,False,116,Detroit Tigers,DET,11,True,621074,Michael Rucker,Michael,Rucker,38,1994-04-27,32,"6' 1""",195,1,Pitcher,R,Right,R,Right,"1.0 IP, 0 ER, 2 K, 0 BB",,,,,,,,,,,,,,,,1.0,0,0,0,2,0,14,0,0,0
2026-08-06,823105,,/api/v1.1/game/823105/feed/live,R,2026,2026-08-06,,day,P,N,N,Regular Season,3,3,1,Final,Final,680,T-Mobile Park,136,Seattle Mariners,SEA,0,False,116,Detroit Tigers,DET,11,True,642215,Weston Wilson,Weston,Wilson,31,1994-09-11,31,"6' 3""",215,5,Third Base,R,Right,R,Right,1-3,,3,1,0,0,0,0,0,0,0,0,0,1,3,1,,,,,,,,,,
2026-08-06,823105,,/api/v1.1/game/823105/feed/live,R,2026,2026-08-06,,day,P,N,N,Regular Season,3,3,1,Final,Final,680,T-Mobile Park,136,Seattle Mariners,SEA,0,False,116,Detroit Tigers,DET,11,True,668227,Randy Arozarena,Randy,Arozarena,56,1995-02-28,31,"5' 10""",185,7,Outfielder,R,Right,R,Right,"1-3 | BB, K",,3,1,0,0,0,0,0,1,1,0,0,0,4,1,,,,,,,,,,
2026-08-06,823105,,/api/v1.1/game/823105/feed/live,R,2026,2026-08-06,,day,P,N,N,Regular Season,3,3,1,Final,Final,680,T-Mobile Park,136,Seattle Mariners,SEA,0,False,116,Detroit Tigers,DET,11,True,621493,Taylor Ward,Joseph,Ward,27,1993-12-14,32,"6' 0""",205,7,Outfielder,R,Right,R,Right,1-4 | K,,4,1,0,0,0,0,0,1,0,0,0,0,4,1,,,,,,,,,,
2026-08-06,823105,,/api/v1.1/game/823105/feed/live,R,2026,2026-08-06,,day,P,N,N,Regular Season,3,3,1,Final,Final,680,T-Mobile Park,136,Seattle Mariners,SEA,0,False,116,Detroit Tigers,DET,11,True,686527,Dominic Canzone,Dominic,Canzone,8,1997-08-16,28,"6' 0""",190,10,Designated Hitter,L,Left,R,Right,1-4 | 2 K,,4,1,0,0,0,0,0,2,0,0,0,0,4,1,,,,,,,,,,
2026-08-06,823105,,/api/v1.1/game/823105/feed/live,R,2026,2026-08-06,,day,P,N,N,Regular Season,3,3,1,Final,Final,680,T-Mobile Park,136,Seattle Mariners,SEA,0,False,116,Detroit Tigers,DET,11,True,663728,Cal Raleigh,Caleb,Raleigh,29,1996-11-26,29,"6' 2""",235,2,Catcher,S,Switch,R,Right,,,,,,,,,,,,,,,,,,,,,,,,,,
2026-08-06,823105,,/api/v1.1/game/823105/feed/live,R,2026,2026-08-06,,day,P,N,N,Regular Season,3,3,1,Final,Final,680,T-Mobile Park,136,Seattle Mariners,SEA,0,False,116,Detroit Tigers,DET,11,True,640902,Jhonny Pereda,Jhonny,Pereda,5,1996-04-18,30,"6' 1""",202,2,Catcher,R,Right,R,Right,0-3 | K,,3,0,0,0,0,0,0,1,0,0,0,1,3,0,,,,,,,,,,
2026-08-06,823105,,/api/v1.1/game/823105/feed/live,R,2026,2026-08-06,,day,P,N,N,Regular Season,3,3,1,Final,Final,680,T-Mobile Park,136,Seattle Mariners,SEA,0,False,116,Detroit Tigers,DET,11,True,677961,Cole Wilcox,Mitchell,Wilcox,43,1999-07-14,27,"6' 5""",232,1,Pitcher,R,Right,R,Right,"0.2 IP, 3 ER, K, BB",,,,,,,,,,,,,,,,0.2,3,3,1,1,1,29,0,0,0
2026-08-06,823105,,/api/v1.1/game/823105/feed/live,R,2026,2026-08-06,,day,P,N,N,Regular Season,3,3,1,Final,Final,680,T-Mobile Park,136,Seattle Mariners,SEA,0,False,116,Detroit Tigers,DET,11,True,669302,Logan Gilbert,Logan,Gilbert,36,1997-05-05,29,"6' 6""",215,1,Pitcher,R,Right,R,Right,,,,,,,,,,,,,,,,,,,,,,,,,,
2026-08-06,823105,,/api/v1.1/game/823105/feed/live,R,2026,2026-08-06,,day,P,N,N,Regular Season,3,3,1,Final,Final,680,T-Mobile Park,136,Seattle Mariners,SEA,0,False,116,Detroit Tigers,DET,11,True,693433,Bryan Woo,Bryan,Woo,22,2000-01-30,26,"6' 2""",205,1,Pitcher,R,Right,R,Right,,,,,,,,,,,,,,,,,,,,,,,,,,
2026-08-06,823105,,/api/v1.1/game/823105/feed/live,R,2026,2026-08-06,,day,P,N,N,Regular Season,3,3,1,Final,Final,680,T-Mobile Park,136,Seattle Mariners,SEA,0,False,116,Detroit Tigers,DET,11,True,622554,Seranthony Domínguez,Seranthony,Domínguez,58,1994-11-25,31,"6' 1""",225,1,Pitcher,R,Right,R,Right,,,,,,,,,,,,,,,,,,,,,,,,,,
2026-08-06,823105,,/api/v1.1/game/823105/feed/live,R,2026,2026-08-06,,day,P,N,N,Regular Season,3,3,1,Final,Final,680,T-Mobile Park,136,Seattle Mariners,SEA,0,False,116,Detroit Tigers,DET,11,True,806068,Colt Emerson,Colt,Emerson,4,2005-07-20,21,"6' 0""",195,6,Shortstop,L,Left,R,Right,1-3,,3,1,0,0,0,0,0,0,0,0,0,1,3,1,,,,,,,,,,
2026-08-06,823105,,/api/v1.1/game/823105/feed/live,R,2026,2026-08-06,,day,P,N,N,Regular Season,3,3,1,Final,Final,680,T-Mobile Park,136,Seattle Mariners,SEA,0,False,116,Detroit Tigers,DET,11,True,680977,Brendan Donovan,Brendan,Donovan,33,1997-01-16,29,"5' 11""",210,5,Third Base,L,Left,R,Right,,,,,,,,,,,,,,,,,,,,,,,,,,
2026-08-06,823105,,/api/v1.1/game/823105/feed/live,R,2026,2026-08-06,,day,P,N,N,Regular Season,3,3,1,Final,Final,680,T-Mobile Park,136,Seattle Mariners,SEA,0,False,116,Detroit Tigers,DET,11,True,669923,George Kirby,George,Kirby,68,1998-02-04,28,"6' 4""",215,1,Pitcher,R,Right,R,Right,,,,,,,,,,,,,,,,,,,,,,,,,,
2026-08-06,823105,,/api/v1.1/game/823105/feed/live,R,2026,2026-08-06,,day,P,N,N,Regular Season,3,3,1,Final,Final,680,T-Mobile Park,136,Seattle Mariners,SEA,0,False,116,Detroit Tigers,DET,11,True,662253,Andrés Muñoz,Andrés,Muñoz,75,1999-01-16,27,"6' 2""",222,1,Pitcher,R,Right,R,Right,,,,,,,,,,,,,,,,,,,,,,,,,,
2026-08-06,823105,,/api/v1.1/game/823105/feed/live,R,2026,2026-08-06,,day,P,N,N,Regular Season,3,3,1,Final,Final,680,T-Mobile Park,136,Seattle Mariners,SEA,0,False,116,Detroit Tigers,DET,11,True,681006,Josh Simpson,Joshua,Simpson,37,1997-08-19,28,"6' 2""",190,1,Pitcher,L,Left,L,Left,"1.1 IP, 0 ER, 3 K, 0 BB",,,,,,,,,,,,,,,,1.1,0,3,0,3,0,33,0,0,0
2026-08-06,823105,,/api/v1.1/game/823105/feed/live,R,2026,2026-08-06,,day,P,N,N,Regular Season,3,3,1,Final,Final,680,T-Mobile Park,136,Seattle Mariners,SEA,0,False,116,Detroit Tigers,DET,11,True,642100,Gabe Speier,Gabriel,Speier,55,1995-04-12,31,"5' 11""",200,1,Pitcher,L,Left,L,Left,,,,,,,,,,,,,,,,,,,,,,,,,,
2026-08-06,823105,,/api/v1.1/game/823105/feed/live,R,2026,2026-08-06,,day,P,N,N,Regular Season,3,3,1,Final,Final,680,T-Mobile Park,136,Seattle Mariners,SEA,0,False,116,Detroit Tigers,DET,11,True,677594,Julio Rodríguez,Julio,Rodríguez,44,2000-12-29,25,"6' 4""",228,8,Outfielder,R,Right,R,Right,1-4 | K,,4,1,0,0,0,0,0,1,0,0,0,0,4,1,,,,,,,,,,
2026-08-06,823105,,/api/v1.1/game/823105/feed/live,R,2026,2026-08-06,,day,P,N,N,Regular Season,3,3,1,Final,Final,680,T-Mobile Park,136,Seattle Mariners,SEA,0,False,116,Detroit Tigers,DET,11,True,660844,Leo Rivas,Leonardo,Rivas,76,1997-10-10,28,"5' 7""",150,5,Third Base,S,Switch,R,Right,1-3 | K,,3,1,0,0,0,0,0,1,0,0,0,0,3,1,,,,,,,,,,
2026-08-06,823105,,/api/v1.1/game/823105/feed/live,R,2026,2026-08-06,,day,P,N,N,Regular Season,3,3,1,Final,Final,680,T-Mobile Park,136,Seattle Mariners,SEA,0,False,116,Detroit Tigers,DET,11,True,682243,Bryce Miller,Bryce,Miller,50,1998-08-23,27,"6' 2""",200,1,Pitcher,R,Right,R,Right,"5.0 IP, 4 ER, 5 K, 2 BB",,,,,,,,,,,,,,,,5.0,4,5,1,5,2,93,0,1,0
2026-08-06,823105,,/api/v1.1/game/823105/feed/live,R,2026,2026-08-06,,day,P,N,N,Regular Season,3,3,1,Final,Final,680,T-Mobile Park,136,Seattle Mariners,SEA,0,False,116,Detroit Tigers,DET,11,True,660825,Eduard Bazardo,Eduard,Bazardo,83,1995-09-01,30,"6' 0""",190,1,Pitcher,R,Right,R,Right,,,,,,,,,,,,,,,,,,,,,,,,,,
2026-08-06,823105,,/api/v1.1/game/823105/feed/live,R,2026,2026-08-06,,day,P,N,N,Regular Season,3,3,1,Final,Final,680,T-Mobile Park,136,Seattle Mariners,SEA,0,False,116,Detroit Tigers,DET,11,True,676106,Emerson Hancock,Emerson,Hancock,26,1999-05-31,27,"6' 4""",213,1,Pitcher,R,Right,R,Right,,,,,,,,,,,,,,,,,,,,,,,,,,
2026-08-06,823105,,/api/v1.1/game/823105/feed/live,R,2026,2026-08-06,,day,P,N,N,Regular Season,3,3,1,Final,Final,680,T-Mobile Park,136,Seattle Mariners,SEA,0,False,116,Detroit Tigers,DET,11,True,664285,Framber Valdez,Framber,Valdez,59,1993-11-19,32,"5' 11""",230,1,Pitcher,R,Right,L,Left,"7.0 IP, 0 ER, 5 K, 2 BB",,,,,,,,,,,,,,,,7.0,0,5,0,5,2,95,1,0,0
2026-08-06,823105,,/api/v1.1/game/823105/feed/live,R,2026,2026-08-06,,day,P,N,N,Regular Season,3,3,1,Final,Final,680,T-Mobile Park,136,Seattle Mariners,SEA,0,False,116,Detroit Tigers,DET,11,True,656716,Zach McKinstry,Zachary,McKinstry,39,1995-04-29,31,"5' 11""",180,4,Second Base,L,Left,R,Right,"0-3 | BB, HBP, R",,3,0,0,0,0,0,1,0,1,0,0,0,5,0,,,,,,,,,,
2026-08-06,823105,,/api/v1.1/game/823105/feed/live,R,2026,2026-08-06,,day,P,N,N,Regular Season,3,3,1,Final,Final,680,T-Mobile Park,136,Seattle Mariners,SEA,0,False,116,Detroit Tigers,DET,11,True,701678,Hao-Yu Lee,Hao-Yu,Lee,50,2003-02-03,23,"5' 9""",190,4,Second Base,R,Right,R,Right,0-2,,2,0,0,0,0,0,0,0,0,0,0,0,2,0,,,,,,,,,,
2026-08-06,823105,,/api/v1.1/game/823105/feed/live,R,2026,2026-08-06,,day,P,N,N,Regular Season,3,3,1,Final,Final,680,T-Mobile Park,136,Seattle Mariners,SEA,0,False,116,Detroit Tigers,DET,11,True,680744,Ty Madden,Tyler,Madden,36,2000-02-21,26,"6' 3""",215,1,Pitcher,R,Right,R,Right,,,,,,,,,,,,,,,,,,,,,,,,,,
2026-08-06,823105,,/api/v1.1/game/823105/feed/live,R,2026,2026-08-06,,day,P,N,N,Regular Season,3,3,1,Final,Final,680,T-Mobile Park,136,Seattle Mariners,SEA,0,False,116,Detroit Tigers,DET,11,True,623454,Drew Anderson,Andrew,Anderson,38,1994-03-22,32,"6' 3""",205,1,Pitcher,R,Right,R,Right,,,,,,,,,,,,,,,,,,,,,,,,,,
2026-08-06,823105,,/api/v1.1/game/823105/feed/live,R,2026,2026-08-06,,day,P,N,N,Regular Season,3,3,1,Final,Final,680,T-Mobile Park,136,Seattle Mariners,SEA,0,False,116,Detroit Tigers,DET,11,True,682985,Riley Greene,Riley,Greene,31,2000-09-28,25,"6' 2""",200,7,Outfielder,L,Left,L,Left,"1-4 | 2B, 2 K, R",,4,1,1,0,0,0,1,2,0,0,0,0,4,2,,,,,,,,,,
2026-08-06,823105,,/api/v1.1/game/823105/feed/live,R,2026,2026-08-06,,day,P,N,N,Regular Season,3,3,1,Final,Final,680,T-Mobile Park,136,Seattle Mariners,SEA,0,False,116,Detroit Tigers,DET,11,True,595879,Javier Báez,Ednel,Báez,28,1992-12-01,33,"5' 11""",190,6,Shortstop,R,Right,R,Right,2-5 | 2 RBI,,5,2,0,0,0,2,0,0,0,0,0,0,5,2,,,,,,,,,,
2026-08-06,823105,,/api/v1.1/game/823105/feed/live,R,2026,2026-08-06,,day,P,N,N,Regular Season,3,3,1,Final,Final,680,T-Mobile Park,136,Seattle Mariners,SEA,0,False,116,Detroit Tigers,DET,11,True,680664,Eduardo Valencia,Eduardo,Valencia,32,2000-01-25,26,"6' 1""",180,2,Catcher,R,Right,R,Right,,,,,,,,,,,,,,,,,,,,,,,,,,
2026-08-06,823105,,/api/v1.1/game/823105/feed/live,R,2026,2026-08-06,,day,P,N,N,Regular Season,3,3,1,Final,Final,680,T-Mobile Park,136,Seattle Mariners,SEA,0,False,116,Detroit Tigers,DET,11,True,621097,Jacob Waguespack,Jacob,Waguespack,58,1993-11-05,32,"6' 6""",228,1,Pitcher,R,Right,R,Right,,,,,,,,,,,,,,,,,,,,,,,,,,
2026-08-06,823105,,/api/v1.1/game/823105/feed/live,R,2026,2026-08-06,,day,P,N,N,Regular Season,3,3,1,Final,Final,680,T-Mobile Park,136,Seattle Mariners,SEA,0,False,116,Detroit Tigers,DET,11,True,663947,Tyler Holton,Weston,Holton,87,1996-06-13,30,"6' 2""",200,1,Pitcher,L,Left,L,Left,,,,,,,,,,,,,,,,,,,,,,,,,,
2026-08-06,823105,,/api/v1.1/game/823105/feed/live,R,2026,2026-08-06,,day,P,N,N,Regular Season,3,3,1,Final,Final,680,T-Mobile Park,136,Seattle Mariners,SEA,0,False,116,Detroit Tigers,DET,11,True,805808,Kevin McGonigle,Kevin,McGonigle,7,2004-08-18,21,"5' 9""",187,6,Shortstop,L,Left,R,Right,"2-3 | HR, BB, K",,3,2,0,0,1,2,3,1,1,0,0,0,4,5,,,,,,,,,,
2026-08-06,823105,,/api/v1.1/game/823105/feed/live,R,2026,2026-08-06,,day,P,N,N,Regular Season,3,3,1,Final,Final,680,T-Mobile Park,136,Seattle Mariners,SEA,0,False,116,Detroit Tigers,DET,11,True,640448,Kyle Finnegan,Kyle,Finnegan,67,1991-09-04,34,"6' 2""",198,1,Pitcher,R,Right,R,Right,"1.0 IP, 0 ER, 0 K, 0 BB",,,,,,,,,,,,,,,,1.0,0,1,0,0,0,5,0,0,0
2026-08-06,823105,,/api/v1.1/game/823105/feed/live,R,2026,2026-08-06,,day,P,N,N,Regular Season,3,3,1,Final,Final,680,T-Mobile Park,136,Seattle Mariners,SEA,0,False,116,Detroit Tigers,DET,11,True,445276,Kenley Jansen,Kenley,Jansen,74,1987-09-30,38,"6' 5""",265,1,Pitcher,S,Switch,R,Right,,,,,,,,,,,,,,,,,,,,,,,,,,
2026-08-06,823105,,/api/v1.1/game/823105/feed/live,R,2026,2026-08-06,,day,P,N,N,Regular Season,3,3,1,Final,Final,680,T-Mobile Park,136,Seattle Mariners,SEA,0,False,116,Detroit Tigers,DET,11,True,679529,Spencer Torkelson,Spencer,Torkelson,20,1999-08-26,26,"6' 1""",220,3,First Base,R,Right,R,Right,"1-4 | BB, 2 K, R",,4,1,0,0,0,0,1,2,1,0,0,0,5,1,,,,,,,,,,
2026-08-06,823105,,/api/v1.1/game/823105/feed/live,R,2026,2026-08-06,,day,P,N,N,Regular Season,3,3,1,Final,Final,680,T-Mobile Park,136,Seattle Mariners,SEA,0,False,116,Detroit Tigers,DET,11,True,805427,Drew Sommers,Drew,Sommers,51,2000-08-14,25,"6' 3""",250,1,Pitcher,L,Left,L,Left,,,,,,,,,,,,,,,,,,,,,,,,,,
2026-08-06,823105,,/api/v1.1/game/823105/feed/live,R,2026,2026-08-06,,day,P,N,N,Regular Season,3,3,1,Final,Final,680,T-Mobile Park,136,Seattle Mariners,SEA,0,False,116,Detroit Tigers,DET,11,True,672456,Keider Montero,Keider,Montero,54,2000-07-06,26,"6' 1""",145,1,Pitcher,R,Right,R,Right,,,,,,,,,,,,,,,,,,,,,,,,,,
2026-08-06,823105,,/api/v1.1/game/823105/feed/live,R,2026,2026-08-06,,day,P,N,N,Regular Season,3,3,1,Final,Final,680,T-Mobile Park,136,Seattle Mariners,SEA,0,False,116,Detroit Tigers,DET,11,True,701162,Ben Malgeri,Benjamin,Malgeri,53,2000-01-12,26,"6' 1""",215,9,Outfielder,R,Right,R,Right,1-1 | BB,,1,1,0,0,0,0,0,0,1,0,0,0,2,1,,,,,,,,,,
2026-08-06,823105,,/api/v1.1/game/823105/feed/live,R,2026,2026-08-06,,day,P,N,N,Regular Season,3,3,1,Final,Final,680,T-Mobile Park,136,Seattle Mariners,SEA,0,False,116,Detroit Tigers,DET,11,True,650402,Gleyber Torres,Gleyber,Torres,25,1996-12-13,29,"5' 10""",205,4,Second Base,R,Right,R,Right,"1-4 | K, R",,4,1,0,0,0,0,1,1,0,0,0,0,4,1,,,,,,,,,,
2026-08-06,823105,,/api/v1.1/game/823105/feed/live,R,2026,2026-08-06,,day,P,N,N,Regular Season,3,3,1,Final,Final,680,T-Mobile Park,136,Seattle Mariners,SEA,0,False,116,Detroit Tigers,DET,11,True,646241,Enmanuel De Jesus,Enmanuel,De Jesus,37,1996-12-10,29,"6' 3""",190,1,Pitcher,L,Left,L,Left,,,,,,,,,,,,,,,,,,,,,,,,,,
2026-08-06,823105,,/api/v1.1/game/823105/feed/live,R,2026,2026-08-06,,day,P,N,N,Regular Season,3,3,1,Final,Final,680,T-Mobile Park,136,Seattle Mariners,SEA,0,False,116,Detroit Tigers,DET,11,True,681546,James Outman,James,Outman,43,1997-05-14,29,"6' 2""",215,8,Outfielder,L,Left,R,Right,1-1 | R,,1,1,0,0,0,0,1,0,0,0,0,0,1,1,,,,,,,,,,
2026-08-06,823105,,/api/v1.1/game/823105/feed/live,R,2026,2026-08-06,,day,P,N,N,Regular Season,3,3,1,Final,Final,680,T-Mobile Park,136,Seattle Mariners,SEA,0,False,116,Detroit Tigers,DET,11,True,703601,Max Clark,Maxwell,Clark,15,2004-12-21,21,"5' 11""",205,8,Outfielder,L,Left,L,Left,"1-5 | 2 K, RBI",,5,1,0,0,0,1,0,2,0,0,0,0,5,1,,,,,,,,,,
2026-08-06,823105,,/api/v1.1/game/823105/feed/live,R,2026,2026-08-06,,day,P,N,N,Regular Season,3,3,1,Final,Final,680,T-Mobile Park,136,Seattle Mariners,SEA,0,False,116,Detroit Tigers,DET,11,True,669724,Brenan Hanifee,Brenan,Hanifee,75,1998-05-29,28,"6' 5""",215,1,Pitcher,R,Right,R,Right,"1.0 IP, 0 ER, 2 K, 0 BB",,,,,,,,,,,,,,,,1.0,0,1,0,2,0,11,0,0,0
2026-08-06,823105,,/api/v1.1/game/823105/feed/live,R,2026,2026-08-06,,day,P,N,N,Regular Season,3,3,1,Final,Final,680,T-Mobile Park,136,Seattle Mariners,SEA,0,False,116,Detroit Tigers,DET,11,True,693307,Dillon Dingler,Francis,Dingler,13,1998-09-17,27,"6' 1""",210,2,Catcher,R,Right,R,Right,"3-6 | HR, 2 K, 3 RBI",,6,3,0,0,1,3,2,2,0,0,0,0,6,6,,,,,,,,,,
2026-08-06,823105,,/api/v1.1/game/823105/feed/live,R,2026,2026-08-06,,day,P,N,N,Regular Season,3,3,1,Final,Final,680,T-Mobile Park,136,Seattle Mariners,SEA,0,False,116,Detroit Tigers,DET,11,True,690993,Colt Keith,Colten,Keith,33,2001-08-14,24,"6' 2""",211,5,Third Base,L,Left,R,Right,"3-5 | 2B, K, 2 RBI",,5,3,1,0,0,2,1,1,0,0,0,0,5,4,,,,,,,,,,
2026-08-06,823105,,/api/v1.1/game/823105/feed/live,R,2026,2026-08-06,,day,P,N,N,Regular Season,3,3,1,Final,Final,680,T-Mobile Park,136,Seattle Mariners,SEA,0,False,116,Detroit Tigers,DET,11,True,700270,Yilber Díaz,Yilber,Díaz,62,2000-08-19,25,"6' 0""",190,1,Pitcher,R,Right,R,Right,,,,,,,,,,,,,,,,,,,,,,,,,,
2026-08-06,823105,,/api/v1.1/game/823105/feed/live,R,2026,2026-08-06,,day,P,N,N,Regular Season,3,3,1,Final,Final,680,T-Mobile Park,136,Seattle Mariners,SEA,0,False,116,Detroit Tigers,DET,11,True,675512,Troy Melton,Troy,Melton,52,2000-12-03,25,"6' 4""",210,1,Pitcher,R,Right,R,Right,,,,,,,,,,,,,,,,,,,,,,,,,,
2026-08-06,823430,,/api/v1.1/game/823430/feed/live,R,2026,2026-08-06,,night,P,N,N,Regular Season,4,4,1,Final,Final,2681,Citizens Bank Park,143,Philadelphia Phillies,PHI,7,True,120,Washington Nationals,WSH,3,False,669016,Brandon Marsh,Brandon,Marsh,16,1997-12-18,28,"6' 2""",215,7,Outfielder,L,Left,R,Right,"2-4 | 2B, RBI, R",,4,2,1,0,0,1,1,0,0,0,0,0,4,3,,,,,,,,,,
2026-08-06,823430,,/api/v1.1/game/823430/feed/live,R,2026,2026-08-06,,night,P,N,N,Regular Season,4,4,1,Final,Final,2681,Citizens Bank Park,143,Philadelphia Phillies,PHI,7,True,120,Washington Nationals,WSH,3,False,666200,Jesús Luzardo,Jesús,Luzardo,44,1997-09-30,28,"6' 0""",218,1,Pitcher,L,Left,L,Left,,,,,,,,,,,,,,,,,,,,,,,,,,
2026-08-06,823430,,/api/v1.1/game/823430/feed/live,R,2026,2026-08-06,,night,P,N,N,Regular Season,4,4,1,Final,Final,2681,Citizens Bank Park,143,Philadelphia Phillies,PHI,7,True,120,Washington Nationals,WSH,3,False,621237,José Alvarado,José,Alvarado,46,1995-05-21,31,"6' 2""",245,1,Pitcher,L,Left,L,Left,"1.0 IP, 0 ER, K, 0 BB",,,,,,,,,,,,,,,,1.0,0,0,0,1,0,11,0,0,0
2026-08-06,823430,,/api/v1.1/game/823430/feed/live,R,2026,2026-08-06,,night,P,N,N,Regular Season,4,4,1,Final,Final,2681,Citizens Bank Park,143,Philadelphia Phillies,PHI,7,True,120,Washington Nationals,WSH,3,False,650559,Bryan De La Cruz,Bryan,De La Cruz,41,1996-12-16,29,"6' 0""",175,9,Outfielder,R,Right,R,Right,0-0,,0,0,0,0,0,0,0,0,0,0,0,0,0,0,,,,,,,,,,
2026-08-06,823430,,/api/v1.1/game/823430/feed/live,R,2026,2026-08-06,,night,P,N,N,Regular Season,4,4,1,Final,Final,2681,Citizens Bank Park,143,Philadelphia Phillies,PHI,7,True,120,Washington Nationals,WSH,3,False,702222,Justin Crawford,Justin,Crawford,2,2004-01-13,22,"6' 2""",188,8,Outfielder,L,Left,R,Right,"1-3 | K, RBI",,3,1,0,0,0,1,0,1,0,0,0,0,4,1,,,,,,,,,,
2026-08-06,823430,,/api/v1.1/game/823430/feed/live,R,2026,2026-08-06,,night,P,N,N,Regular Season,4,4,1,Final,Final,2681,Citizens Bank Park,143,Philadelphia Phillies,PHI,7,True,120,Washington Nationals,WSH,3,False,650911,Cristopher Sánchez,Cristopher,Sánchez,61,1996-12-12,29,"6' 6""",200,1,Pitcher,L,Left,L,Left,"5.0 IP, 2 ER, 6 K, 2 BB",,,,,,,,,,,,,,,,5.0,2,6,1,6,2,98,1,0,0
2026-08-06,823430,,/api/v1.1/game/823430/feed/live,R,2026,2026-08-06,,night,P,N,N,Regular Season,4,4,1,Final,Final,2681,Citizens Bank Park,143,Philadelphia Phillies,PHI,7,True,120,Washington Nationals,WSH,3,False,547180,Bryce Harper,Bryce,Harper,3,1992-10-16,33,"6' 1""",210,3,First Base,L,Left,R,Right,"2-3 | 2B, BB, 2 R",,3,2,1,0,0,0,2,0,1,0,0,0,4,3,,,,,,,,,,
2026-08-06,823430,,/api/v1.1/game/823430/feed/live,R,2026,2026-08-06,,night,P,N,N,Regular Season,4,4,1,Final,Final,2681,Citizens Bank Park,143,Philadelphia Phillies,PHI,7,True,120,Washington Nationals,WSH,3,False,592663,J.T. Realmuto,Jacob,Realmuto,10,1991-03-18,35,"6' 0""",212,2,Catcher,R,Right,R,Right,"2-4 | 2B, RBI, 2 R",,4,2,1,0,0,1,2,0,0,0,0,0,4,3,,,,,,,,,,
2026-08-06,823430,,/api/v1.1/game/823430/feed/live,R,2026,2026-08-06,,night,P,N,N,Regular Season,4,4,1,Final,Final,2681,Citizens Bank Park,143,Philadelphia Phillies,PHI,7,True,120,Washington Nationals,WSH,3,False,554430,Zack Wheeler,Zachary,Wheeler,45,1990-05-30,36,"6' 4""",195,1,Pitcher,L,Left,R,Right,,,,,,,,,,,,,,,,,,,,,,,,,,
2026-08-06,823430,,/api/v1.1/game/823430/feed/live,R,2026,2026-08-06,,night,P,N,N,Regular Season,4,4,1,Final,Final,2681,Citizens Bank Park,143,Philadelphia Phillies,PHI,7,True,120,Washington Nationals,WSH,3,False,661395,Jhoan Duran,Jhoan,Duran,59,1998-01-08,28,"6' 5""",230,1,Pitcher,R,Right,R,Right,"1.0 IP, 0 ER, K, 0 BB",,,,,,,,,,,,,,,,1.0,0,0,0,1,0,13,0,0,0
2026-08-06,823430,,/api/v1.1/game/823430/feed/live,R,2026,2026-08-06,,night,P,N,N,Regular Season,4,4,1,Final,Final,2681,Citizens Bank Park,143,Philadelphia Phillies,PHI,7,True,120,Washington Nationals,WSH,3,False,624641,Edmundo Sosa,Edmundo,Sosa,33,1996-03-06,30,"5' 11""",210,7,Outfielder,R,Right,R,Right,,,,,,,,,,,,,,,,,,,,,,,,,,
2026-08-06,823430,,/api/v1.1/game/823430/feed/live,R,2026,2026-08-06,,night,P,N,N,Regular Season,4,4,1,Final,Final,2681,Citizens Bank Park,143,Philadelphia Phillies,PHI,7,True,120,Washington Nationals,WSH,3,False,689147,Orion Kerkering,Richard,Kerkering,50,2001-04-04,25,"6' 2""",204,1,Pitcher,R,Right,R,Right,"1.0 IP, ER, 3 K, BB",,,,,,,,,,,,,,,,1.0,1,2,0,3,1,29,0,0,0
2026-08-06,823430,,/api/v1.1/game/823430/feed/live,R,2026,2026-08-06,,night,P,N,N,Regular Season,4,4,1,Final,Final,2681,Citizens Bank Park,143,Philadelphia Phillies,PHI,7,True,120,Washington Nationals,WSH,3,False,664761,Alec Bohm,Alec,Bohm,28,1996-08-03,30,"6' 4""",218,5,Third Base,R,Right,R,Right,"1-4 | 2B, RBI",,4,1,1,0,0,1,0,0,0,0,0,1,4,2,,,,,,,,,,
2026-08-06,823430,,/api/v1.1/game/823430/feed/live,R,2026,2026-08-06,,night,P,N,N,Regular Season,4,4,1,Final,Final,2681,Citizens Bank Park,143,Philadelphia Phillies,PHI,7,True,120,Washington Nationals,WSH,3,False,680742,Jonathan Bowlan,Jonathan,Bowlan,52,1996-12-01,29,"6' 6""",240,1,Pitcher,R,Right,R,Right,"1.0 IP, 0 ER, K, 0 BB",,,,,,,,,,,,,,,,1.0,0,0,0,1,0,10,0,0,0
2026-08-06,823430,,/api/v1.1/game/823430/feed/live,R,2026,2026-08-06,,night,P,N,N,Regular Season,4,4,1,Final,Final,2681,Citizens Bank Park,143,Philadelphia Phillies,PHI,7,True,120,Washington Nationals,WSH,3,False,663767,Chase Shugart,Chase,Shugart,55,1996-10-24,29,"5' 11""",200,1,Pitcher,L,Left,R,Right,,,,,,,,,,,,,,,,,,,,,,,,,,
2026-08-06,823430,,/api/v1.1/game/823430/feed/live,R,2026,2026-08-06,,night,P,N,N,Regular Season,4,4,1,Final,Final,2681,Citizens Bank Park,143,Philadelphia Phillies,PHI,7,True,120,Washington Nationals,WSH,3,False,641835,Tim Mayza,Timothy,Mayza,37,1992-01-15,34,"6' 3""",215,1,Pitcher,L,Left,L,Left,,,,,,,,,,,,,,,,,,,,,,,,,,
2026-08-06,823430,,/api/v1.1/game/823430/feed/live,R,2026,2026-08-06,,night,P,N,N,Regular Season,4,4,1,Final,Final,2681,Citizens Bank Park,143,Philadelphia Phillies,PHI,7,True,120,Washington Nationals,WSH,3,False,681082,Bryson Stott,Bryson,Stott,5,1997-10-06,28,"6' 0""",200,4,Second Base,L,Left,R,Right,"2-3 | 2 2B, BB, RBI",,3,2,2,0,0,1,1,0,1,0,0,0,4,4,,,,,,,,,,
2026-08-06,823430,,/api/v1.1/game/823430/feed/live,R,2026,2026-08-06,,night,P,N,N,Regular Season,4,4,1,Final,Final,2681,Citizens Bank Park,143,Philadelphia Phillies,PHI,7,True,120,Washington Nationals,WSH,3,False,656941,Kyle Schwarber,Kyle,Schwarber,12,1993-03-05,33,"5' 11""",229,10,Designated Hitter,L,Left,R,Right,"2-5 | 2 K, RBI",,5,2,0,0,0,1,0,2,0,0,0,0,5,2,,,,,,,,,,
2026-08-06,823430,,/api/v1.1/game/823430/feed/live,R,2026,2026-08-06,,night,P,N,N,Regular Season,4,4,1,Final,Final,2681,Citizens Bank Park,143,Philadelphia Phillies,PHI,7,True,120,Washington Nationals,WSH,3,False,668873,Caleb Kilian,Caleb,Kilian,56,1997-06-02,29,"6' 4""",206,1,Pitcher,R,Right,R,Right,,,,,,,,,,,,,,,,,,,,,,,,,,
2026-08-06,823430,,/api/v1.1/game/823430/feed/live,R,2026,2026-08-06,,night,P,N,N,Regular Season,4,4,1,Final,Final,2681,Citizens Bank Park,143,Philadelphia Phillies,PHI,7,True,120,Washington Nationals,WSH,3,False,596117,Garrett Stubbs,Garrett,Stubbs,21,1993-05-26,33,"5' 9""",170,2,Catcher,L,Left,R,Right,,,,,,,,,,,,,,,,,,,,,,,,,,
2026-08-06,823430,,/api/v1.1/game/823430/feed/live,R,2026,2026-08-06,,night,P,N,N,Regular Season,4,4,1,Final,Final,2681,Citizens Bank Park,143,Philadelphia Phillies,PHI,7,True,120,Washington Nationals,WSH,3,False,605400,Aaron Nola,Aaron,Nola,27,1993-06-04,33,"6' 2""",200,1,Pitcher,R,Right,R,Right,,,,,,,,,,,,,,,,,,,,,,,,,,
2026-08-06,823430,,/api/v1.1/game/823430/feed/live,R,2026,2026-08-06,,night,P,N,N,Regular Season,4,4,1,Final,Final,2681,Citizens Bank Park,143,Philadelphia Phillies,PHI,7,True,120,Washington Nationals,WSH,3,False,548384,Brooks Raley,Brooks,Raley,30,1988-06-29,38,"6' 3""",200,1,Pitcher,L,Left,L,Left,,,,,,,,,,,,,,,,,,,,,,,,,,
2026-08-06,823430,,/api/v1.1/game/823430/feed/live,R,2026,2026-08-06,,night,P,N,N,Regular Season,4,4,1,Final,Final,2681,Citizens Bank Park,143,Philadelphia Phillies,PHI,7,True,120,Washington Nationals,WSH,3,False,607208,Trea Turner,Trea,Turner,7,1993-06-30,33,"6' 1""",185,6,Shortstop,R,Right,R,Right,"2-5 | 2B, R",,5,2,1,0,0,0,1,0,0,0,0,1,5,3,,,,,,,,,,
2026-08-06,823430,,/api/v1.1/game/823430/feed/live,R,2026,2026-08-06,,night,P,N,N,Regular Season,4,4,1,Final,Final,2681,Citizens Bank Park,143,Philadelphia Phillies,PHI,7,True,120,Washington Nationals,WSH,3,False,650333,Luis Arraez,Luis,Arraez,4,1997-04-09,29,"5' 10""",186,4,Second Base,L,Left,R,Right,"2-4 | 2B, RBI",,4,2,1,0,0,1,0,0,0,0,0,0,4,3,,,,,,,,,,
2026-08-06,823430,,/api/v1.1/game/823430/feed/live,R,2026,2026-08-06,,night,P,N,N,Regular Season,4,4,1,Final,Final,2681,Citizens Bank Park,143,Philadelphia Phillies,PHI,7,True,120,Washington Nationals,WSH,3,False,656537,Derek Hill,Derek,Hill,49,1995-12-30,30,"6' 0""",206,8,Outfielder,R,Right,R,Right,,,,,,,,,,,,,,,,,,,,,,,,,,
2026-08-06,823430,,/api/v1.1/game/823430/feed/live,R,2026,2026-08-06,,night,P,N,N,Regular Season,4,4,1,Final,Final,2681,Citizens Bank Park,143,Philadelphia Phillies,PHI,7,True,120,Washington Nationals,WSH,3,False,691725,Andrew Painter,Andrew,Painter,24,2003-04-10,23,"6' 7""",215,1,Pitcher,R,Right,R,Right,,,,,,,,,,,,,,,,,,,,,,,,,,
2026-08-06,823430,,/api/v1.1/game/823430/feed/live,R,2026,2026-08-06,,night,P,N,N,Regular Season,4,4,1,Final,Final,2681,Citizens Bank Park,143,Philadelphia Phillies,PHI,7,True,120,Washington Nationals,WSH,3,False,691781,Brady House,Brady,House,12,2003-06-04,23,"6' 4""",208,5,Third Base,R,Right,R,Right,"0-3 | BB, 2 K",,3,0,0,0,0,0,0,2,1,0,0,0,4,0,,,,,,,,,,
2026-08-06,823430,,/api/v1.1/game/823430/feed/live,R,2026,2026-08-06,,night,P,N,N,Regular Season,4,4,1,Final,Final,2681,Citizens Bank Park,143,Philadelphia Phillies,PHI,7,True,120,Washington Nationals,WSH,3,False,694673,Abimelec Ortiz,Abimelec,Ortiz,81,2002-02-22,24,"5' 10""",230,3,First Base,L,Left,L,Left,0-1,,1,0,0,0,0,0,0,0,0,0,0,0,1,0,,,,,,,,,,
2026-08-06,823430,,/api/v1.1/game/823430/feed/live,R,2026,2026-08-06,,night,P,N,N,Regular Season,4,4,1,Final,Final,2681,Citizens Bank Park,143,Philadelphia Phillies,PHI,7,True,120,Washington Nationals,WSH,3,False,702021,Will Dion,William,Dion,76,2000-04-17,26,"5' 10""",180,1,Pitcher,L,Left,L,Left,,,,,,,,,,,,,,,,,,,,,,,,,,
2026-08-06,823430,,/api/v1.1/game/823430/feed/live,R,2026,2026-08-06,,night,P,N,N,Regular Season,4,4,1,Final,Final,2681,Citizens Bank Park,143,Philadelphia Phillies,PHI,7,True,120,Washington Nationals,WSH,3,False,682928,CJ Abrams,Paul,Abrams,5,2000-10-03,25,"6' 0""",191,6,Shortstop,L,Left,R,Right,0-4 | 2 K,,4,0,0,0,0,0,0,2,0,0,0,0,4,0,,,,,,,,,,
2026-08-06,823430,,/api/v1.1/game/823430/feed/live,R,2026,2026-08-06,,night,P,N,N,Regular Season,4,4,1,Final,Final,2681,Citizens Bank Park,143,Philadelphia Phillies,PHI,7,True,120,Washington Nationals,WSH,3,False,683083,Nasim Nuñez,Nasim,Nuñez,26,2000-08-18,25,"5' 8""",165,4,Second Base,S,Switch,R,Right,0-3 | BB,,3,0,0,0,0,0,0,0,1,0,0,0,4,0,,,,,,,,,,
2026-08-06,823430,,/api/v1.1/game/823430/feed/live,R,2026,2026-08-06,,night,P,N,N,Regular Season,4,4,1,Final,Final,2681,Citizens Bank Park,143,Philadelphia Phillies,PHI,7,True,120,Washington Nationals,WSH,3,False,665953,Andrés Chaparro,Andrés,Chaparro,87,1999-05-04,27,"6' 0""",200,3,First Base,R,Right,R,Right,1-4 | K,,4,1,0,0,0,0,0,1,0,0,0,1,4,1,,,,,,,,,,
2026-08-06,823430,,/api/v1.1/game/823430/feed/live,R,2026,2026-08-06,,night,P,N,N,Regular Season,4,4,1,Final,Final,2681,Citizens Bank Park,143,Philadelphia Phillies,PHI,7,True,120,Washington Nationals,WSH,3,False,571945,Miles Mikolas,Miles,Mikolas,36,1988-08-23,37,"6' 4""",230,1,Pitcher,R,Right,R,Right,"5.0 IP, 6 ER, K, BB",,,,,,,,,,,,,,,,5.0,6,12,0,1,1,93,0,1,0
2026-08-06,823430,,/api/v1.1/game/823430/feed/live,R,2026,2026-08-06,,night,P,N,N,Regular Season,4,4,1,Final,Final,2681,Citizens Bank Park,143,Philadelphia Phillies,PHI,7,True,120,Washington Nationals,WSH,3,False,687223,Carson Palmquist,Carson,Palmquist,51,2000-10-17,25,"6' 3""",206,1,Pitcher,L,Left,L,Left,,,,,,,,,,,,,,,,,,,,,,,,,,
2026-08-06,823430,,/api/v1.1/game/823430/feed/live,R,2026,2026-08-06,,night,P,N,N,Regular Season,4,4,1,Final,Final,2681,Citizens Bank Park,143,Philadelphia Phillies,PHI,7,True,120,Washington Nationals,WSH,3,False,678391,Jorbit Vivas,Jorbit,Vivas,84,2001-03-09,25,"5' 9""",171,5,Third Base,L,Left,R,Right,,,,,,,,,,,,,,,,,,,,,,,,,,
2026-08-06,823430,,/api/v1.1/game/823430/feed/live,R,2026,2026-08-06,,night,P,N,N,Regular Season,4,4,1,Final,Final,2681,Citizens Bank Park,143,Philadelphia Phillies,PHI,7,True,120,Washington Nationals,WSH,3,False,686611,Dylan Crews,Dylan,Crews,3,2002-02-26,24,"5' 11""",203,9,Outfielder,R,Right,R,Right,1-5 | 4 K,,5,1,0,0,0,0,0,4,0,0,0,0,5,1,,,,,,,,,,
2026-08-06,823430,,/api/v1.1/game/823430/feed/live,R,2026,2026-08-06,,night,P,N,N,Regular Season,4,4,1,Final,Final,2681,Citizens Bank Park,143,Philadelphia Phillies,PHI,7,True,120,Washington Nationals,WSH,3,False,592866,Trevor Williams,Trevor,Williams,32,1992-04-25,34,"6' 3""",231,1,Pitcher,R,Right,R,Right,"1.0 IP, 0 ER, 2 K, BB",,,,,,,,,,,,,,,,1.0,0,0,0,2,1,15,0,0,0
2026-08-06,823430,,/api/v1.1/game/823430/feed/live,R,2026,2026-08-06,,night,P,N,N,Regular Season,4,4,1,Final,Final,2681,Citizens Bank Park,143,Philadelphia Phillies,PHI,7,True,120,Washington Nationals,WSH,3,False,668820,Max Kranick,Max,Kranick,35,1997-07-21,29,"6' 3""",220,1,Pitcher,R,Right,R,Right,"2.0 IP, ER, 0 K, 0 BB",,,,,,,,,,,,,,,,2.0,1,4,0,0,0,31,0,0,0
2026-08-06,823430,,/api/v1.1/game/823430/feed/live,R,2026,2026-08-06,,night,P,N,N,Regular Season,4,4,1,Final,Final,2681,Citizens Bank Park,143,Philadelphia Phillies,PHI,7,True,120,Washington Nationals,WSH,3,False,690925,Clayton Beeter,Clayton,Beeter,39,1998-10-09,27,"6' 2""",220,1,Pitcher,R,Right,R,Right,,,,,,,,,,,,,,,,,,,,,,,,,,
2026-08-06,823430,,/api/v1.1/game/823430/feed/live,R,2026,2026-08-06,,night,P,N,N,Regular Season,4,4,1,Final,Final,2681,Citizens Bank Park,143,Philadelphia Phillies,PHI,7,True,120,Washington Nationals,WSH,3,False,695418,Brad Lord,Bradley,Lord,41,2000-02-14,26,"6' 3""",210,1,Pitcher,R,Right,R,Right,,,,,,,,,,,,,,,,,,,,,,,,,,
2026-08-06,823430,,/api/v1.1/game/823430/feed/live,R,2026,2026-08-06,,night,P,N,N,Regular Season,4,4,1,Final,Final,2681,Citizens Bank Park,143,Philadelphia Phillies,PHI,7,True,120,Washington Nationals,WSH,3,False,695734,Daylen Lile,Daylen,Lile,4,2002-11-30,23,"5' 11""",195,7,Outfielder,L,Left,R,Right,0-2 | K,,2,0,0,0,0,0,0,1,0,0,0,0,2,0,,,,,,,,,,
2026-08-06,823430,,/api/v1.1/game/823430/feed/live,R,2026,2026-08-06,,night,P,N,N,Regular Season,4,4,1,Final,Final,2681,Citizens Bank Park,143,Philadelphia Phillies,PHI,7,True,120,Washington Nationals,WSH,3,False,677588,José Tena,José,Tena,8,2001-03-20,25,"5' 10""",195,10,Designated Hitter,L,Left,R,Right,0-1 | K,,1,0,0,0,0,0,0,1,0,0,0,0,1,0,,,,,,,,,,
2026-08-06,823430,,/api/v1.1/game/823430/feed/live,R,2026,2026-08-06,,night,P,N,N,Regular Season,4,4,1,Final,Final,2681,Citizens Bank Park,143,Philadelphia Phillies,PHI,7,True,120,Washington Nationals,WSH,3,False,676917,Cade Cavalli,Steven,Cavalli,24,1998-08-14,27,"6' 4""",223,1,Pitcher,R,Right,R,Right,,,,,,,,,,,,,,,,,,,,,,,,,,
2026-08-06,823430,,/api/v1.1/game/823430/feed/live,R,2026,2026-08-06,,night,P,N,N,Regular Season,4,4,1,Final,Final,2681,Citizens Bank Park,143,Philadelphia Phillies,PHI,7,True,120,Washington Nationals,WSH,3,False,695670,Harry Ford,Harrison,Ford,17,2003-02-21,23,"5' 10""",200,2,Catcher,R,Right,R,Right,"1-4 | 2B, K, R",,4,1,1,0,0,0,1,1,0,0,0,0,4,2,,,,,,,,,,
2026-08-06,823430,,/api/v1.1/game/823430/feed/live,R,2026,2026-08-06,,night,P,N,N,Regular Season,4,4,1,Final,Final,2681,Citizens Bank Park,143,Philadelphia Phillies,PHI,7,True,120,Washington Nationals,WSH,3,False,696285,Jacob Young,Jacob,Young,30,1999-07-27,27,"5' 11""",192,8,Outfielder,R,Right,R,Right,"2-2 | 3B, HBP, RBI",,2,2,0,1,0,1,1,0,0,0,0,0,3,4,,,,,,,,,,
2026-08-06,823430,,/api/v1.1/game/823430/feed/live,R,2026,2026-08-06,,night,P,N,N,Regular Season,4,4,1,Final,Final,2681,Citizens Bank Park,143,Philadelphia Phillies,PHI,7,True,120,Washington Nationals,WSH,3,False,663623,Jake Irvin,Jacob,Irvin,27,1997-02-18,29,"6' 6""",234,1,Pitcher,R,Right,R,Right,,,,,,,,,,,,,,,,,,,,,,,,,,
2026-08-06,823430,,/api/v1.1/game/823430/feed/live,R,2026,2026-08-06,,night,P,N,N,Regular Season,4,4,1,Final,Final,2681,Citizens Bank Park,143,Philadelphia Phillies,PHI,7,True,120,Washington Nationals,WSH,3,False,687377,Orlando Ribalta,Orlando,Ribalta,64,1998-03-05,28,"6' 7""",245,1,Pitcher,R,Right,R,Right,,,,,,,,,,,,,,,,,,,,,,,,,,
2026-08-06,823430,,/api/v1.1/game/823430/feed/live,R,2026,2026-08-06,,night,P,N,N,Regular Season,4,4,1,Final,Final,2681,Citizens Bank Park,143,Philadelphia Phillies,PHI,7,True,120,Washington Nationals,WSH,3,False,687605,Andrew Pinckney,Andrew,Pinckney,45,2000-12-07,25,"6' 4""",215,7,Outfielder,R,Right,R,Right,"1-2 | HR, RBI, R",,2,1,0,0,1,1,1,0,0,0,0,0,2,4,,,,,,,,,,
2026-08-06,823430,,/api/v1.1/game/823430/feed/live,R,2026,2026-08-06,,night,P,N,N,Regular Season,4,4,1,Final,Final,2681,Citizens Bank Park,143,Philadelphia Phillies,PHI,7,True,120,Washington Nationals,WSH,3,False,660688,Keibert Ruiz,Keibert,Ruiz,20,1998-07-20,28,"5' 11""",238,2,Catcher,S,Switch,R,Right,"2-3 | BB, RBI",,3,2,0,0,0,1,0,0,1,0,0,0,4,2,,,,,,,,,,
2026-08-06,823430,,/api/v1.1/game/823430/feed/live,R,2026,2026-08-06,,night,P,N,N,Regular Season,4,4,1,Final,Final,2681,Citizens Bank Park,143,Philadelphia Phillies,PHI,7,True,120,Washington Nationals,WSH,3,False,676680,Tom Cosgrove,Thomas,Cosgrove,34,1996-06-14,30,"6' 2""",190,1,Pitcher,L,Left,L,Left,,,,,,,,,,,,,,,,,,,,,,,,,,
2026-08-06,823430,,/api/v1.1/game/823430/feed/live,R,2026,2026-08-06,,night,P,N,N,Regular Season,4,4,1,Final,Final,2681,Citizens Bank Park,143,Philadelphia Phillies,PHI,7,True,120,Washington Nationals,WSH,3,False,672442,Yovanny Cruz,Yovanny,Cruz,48,1999-08-23,26,"6' 0""",180,1,Pitcher,R,Right,R,Right,,,,,,,,,,,,,,,,,,,,,,,,,,
2026-08-06,823430,,/api/v1.1/game/823430/feed/live,R,2026,2026-08-06,,night,P,N,N,Regular Season,4,4,1,Final,Final,2681,Citizens Bank Park,143,Philadelphia Phillies,PHI,7,True,120,Washington Nationals,WSH,3,False,674841,Andrew Alvarez,Michael,Alvarez,54,1999-06-13,27,"6' 3""",215,1,Pitcher,L,Left,L,Left,,,,,,,,,,,,,,,,,,,,,,,,,,
2026-08-06,824729,,/api/v1.1/game/824729/feed/live,R,2026,2026-08-06,,night,P,N,N,Regular Season,3,3,1,Final,Final,3,Fenway Park,111,Boston Red Sox,BOS,12,True,145,Chicago White Sox,CWS,11,False,687562,Jake Bennett,William,Bennett,64,2000-12-02,25,"6' 6""",234,1,Pitcher,L,Left,L,Left,,,,,,,,,,,,,,,,,,,,,,,,,,
2026-08-06,824729,,/api/v1.1/game/824729/feed/live,R,2026,2026-08-06,,night,P,N,N,Regular Season,3,3,1,Final,Final,3,Fenway Park,111,Boston Red Sox,BOS,12,True,145,Chicago White Sox,CWS,11,False,575929,Willson Contreras,Willson,Contreras,40,1992-05-13,34,"6' 0""",240,3,First Base,R,Right,R,Right,,,,,,,,,,,,,,,,,,,,,,,,,,
2026-08-06,824729,,/api/v1.1/game/824729/feed/live,R,2026,2026-08-06,,night,P,N,N,Regular Season,3,3,1,Final,Final,3,Fenway Park,111,Boston Red Sox,BOS,12,True,145,Chicago White Sox,CWS,11,False,594027,Tyron Guerrero,Tayron,Guerrero,41,1991-01-09,35,"6' 8""",225,1,Pitcher,R,Right,R,Right,"1.0 IP, 0 ER, K, 0 BB",,,,,,,,,,,,,,,,1.0,0,0,0,1,0,9,0,0,0
2026-08-06,824729,,/api/v1.1/game/824729/feed/live,R,2026,2026-08-06,,night,P,N,N,Regular Season,3,3,1,Final,Final,3,Fenway Park,111,Boston Red Sox,BOS,12,True,145,Chicago White Sox,CWS,11,False,663776,Patrick Sandoval,Patrick,Sandoval,43,1996-10-18,29,"6' 3""",190,1,Pitcher,L,Left,L,Left,,,,,,,,,,,,,,,,,,,,,,,,,,
2026-08-06,824729,,/api/v1.1/game/824729/feed/live,R,2026,2026-08-06,,night,P,N,N,Regular Season,3,3,1,Final,Final,3,Fenway Park,111,Boston Red Sox,BOS,12,True,145,Chicago White Sox,CWS,11,False,663330,Jahmai Jones,Jahmai,Jones,37,1997-08-04,29,"5' 10""",210,10,Designated Hitter,R,Right,R,Right,1-1 | R,,1,1,0,0,0,0,1,0,0,0,0,0,1,1,,,,,,,,,,
2026-08-06,824729,,/api/v1.1/game/824729/feed/live,R,2026,2026-08-06,,night,P,N,N,Regular Season,3,3,1,Final,Final,3,Fenway Park,111,Boston Red Sox,BOS,12,True,145,Chicago White Sox,CWS,11,False,669711,Greg Weissert,Gregory,Weissert,57,1995-02-04,31,"6' 2""",235,1,Pitcher,R,Right,R,Right,"1.0 IP, ER, 3 K, BB",,,,,,,,,,,,,,,,1.0,1,2,0,3,1,34,0,0,0
2026-08-06,824729,,/api/v1.1/game/824729/feed/live,R,2026,2026-08-06,,night,P,N,N,Regular Season,3,3,1,Final,Final,3,Fenway Park,111,Boston Red Sox,BOS,12,True,145,Chicago White Sox,CWS,11,False,678011,Anthony Seigler,Anthony,Seigler,48,1999-06-20,27,"5' 9""",192,4,Second Base,S,Switch,S,Switch,"2-4 | 2B, BB, 3 RBI",,4,2,1,0,0,3,1,0,1,0,0,0,6,3,,,,,,,,,,
2026-08-06,824729,,/api/v1.1/game/824729/feed/live,R,2026,2026-08-06,,night,P,N,N,Regular Season,3,3,1,Final,Final,3,Fenway Park,111,Boston Red Sox,BOS,12,True,145,Chicago White Sox,CWS,11,False,657136,Connor Wong,Connor,Wong,12,1996-05-19,30,"5' 10""",190,2,Catcher,R,Right,R,Right,"2-3 | HR, 2B, HBP",,3,2,1,0,1,2,1,0,0,0,0,0,4,6,,,,,,,,,,
2026-08-06,824729,,/api/v1.1/game/824729/feed/live,R,2026,2026-08-06,,night,P,N,N,Regular Season,3,3,1,Final,Final,3,Fenway Park,111,Boston Red Sox,BOS,12,True,145,Chicago White Sox,CWS,11,False,678394,Brayan Bello,Brayan,Bello,66,1999-05-17,27,"6' 1""",195,1,Pitcher,R,Right,R,Right,"2.0 IP, 0 ER, K, BB",,,,,,,,,,,,,,,,2.0,0,3,0,1,1,28,1,0,0
2026-08-06,824729,,/api/v1.1/game/824729/feed/live,R,2026,2026-08-06,,night,P,N,N,Regular Season,3,3,1,Final,Final,3,Fenway Park,111,Boston Red Sox,BOS,12,True,145,Chicago White Sox,CWS,11,False,677800,Wilyer Abreu,Wilyer,Abreu,52,1999-06-24,27,"5' 10""",215,9,Outfielder,L,Left,L,Left,"1-5 | BB, 2 K, 2 RBI",,5,1,0,0,0,2,1,2,1,0,1,0,7,1,,,,,,,,,,
2026-08-06,824729,,/api/v1.1/game/824729/feed/live,R,2026,2026-08-06,,night,P,N,N,Regular Season,3,3,1,Final,Final,3,Fenway Park,111,Boston Red Sox,BOS,12,True,145,Chicago White Sox,CWS,11,False,676477,Garrett Whitlock,Garrett,Whitlock,22,1996-06-11,30,"6' 5""",222,1,Pitcher,R,Right,R,Right,"1.0 IP, 0 ER, K, 0 BB",,,,,,,,,,,,,,,,1.0,0,0,0,1,0,13,0,0,0
2026-08-06,824729,,/api/v1.1/game/824729/feed/live,R,2026,2026-08-06,,night,P,N,N,Regular Season,3,3,1,Final,Final,3,Fenway Park,111,Boston Red Sox,BOS,12,True,145,Chicago White Sox,CWS,11,False,655316,Andruw Monasterio,Andruw,Monasterio,32,1997-05-30,29,"5' 11""",195,6,Shortstop,R,Right,R,Right,"2-6 | 2 2B, K, 2 RBI",,6,2,2,0,0,2,1,1,0,0,0,0,6,4,,,,,,,,,,
2026-08-06,824729,,/api/v1.1/game/824729/feed/live,R,2026,2026-08-06,,night,P,N,N,Regular Season,3,3,1,Final,Final,3,Fenway Park,111,Boston Red Sox,BOS,12,True,145,Chicago White Sox,CWS,11,False,543243,Sonny Gray,Sonny,Gray,54,1989-11-07,36,"5' 10""",190,1,Pitcher,R,Right,R,Right,,,,,,,,,,,,,,,,,,,,,,,,,,
2026-08-06,824729,,/api/v1.1/game/824729/feed/live,R,2026,2026-08-06,,night,P,N,N,Regular Season,3,3,1,Final,Final,3,Fenway Park,111,Boston Red Sox,BOS,12,True,145,Chicago White Sox,CWS,11,False,668670,Jake Rogers,Jacob,Rogers,46,1995-04-18,31,"5' 11""",201,2,Catcher,R,Right,R,Right,"0-0 | BB, RBI",,0,0,0,0,0,1,0,0,1,0,0,0,2,0,,,,,,,,,,
2026-08-06,824729,,/api/v1.1/game/824729/feed/live,R,2026,2026-08-06,,night,P,N,N,Regular Season,3,3,1,Final,Final,3,Fenway Park,111,Boston Red Sox,BOS,12,True,145,Chicago White Sox,CWS,11,False,686580,Justin Slaten,Justin,Slaten,63,1997-09-15,28,"6' 4""",222,1,Pitcher,R,Right,R,Right,"1.0 IP, ER, 2 K, 0 BB",,,,,,,,,,,,,,,,1.0,1,3,0,2,0,17,0,0,0
2026-08-06,824729,,/api/v1.1/game/824729/feed/live,R,2026,2026-08-06,,night,P,N,N,Regular Season,3,3,1,Final,Final,3,Fenway Park,111,Boston Red Sox,BOS,12,True,145,Chicago White Sox,CWS,11,False,702332,Caleb Durbin,Caleb,Durbin,5,2000-02-22,26,"5' 6""",183,5,Third Base,R,Right,R,Right,"3-6 | 2B, BB, 2 K",,6,3,1,0,0,1,2,2,1,0,0,0,7,4,,,,,,,,,,
2026-08-06,824729,,/api/v1.1/game/824729/feed/live,R,2026,2026-08-06,,night,P,N,N,Regular Season,3,3,1,Final,Final,3,Fenway Park,111,Boston Red Sox,BOS,12,True,145,Chicago White Sox,CWS,11,False,624133,Ranger Suarez,Ranger,Suarez,55,1995-08-26,30,"6' 1""",217,1,Pitcher,L,Left,L,Left,"3.0 IP, 3 ER, 3 K, 2 BB",,,,,,,,,,,,,,,,3.0,3,3,1,3,2,70,0,0,0
2026-08-06,824729,,/api/v1.1/game/824729/feed/live,R,2026,2026-08-06,,night,P,N,N,Regular Season,3,3,1,Final,Final,3,Fenway Park,111,Boston Red Sox,BOS,12,True,145,Chicago White Sox,CWS,11,False,686765,Nick Sogard,Nicholas,Sogard,20,1997-09-09,28,"6' 1""",189,4,Second Base,S,Switch,R,Right,"1-5 | BB, K, 2 R",,5,1,0,0,0,0,2,1,1,0,0,0,7,1,,,,,,,,,,
2026-08-06,824729,,/api/v1.1/game/824729/feed/live,R,2026,2026-08-06,,night,P,N,N,Regular Season,3,3,1,Final,Final,3,Fenway Park,111,Boston Red Sox,BOS,12,True,145,Chicago White Sox,CWS,11,False,680776,Jarren Duran,Jarren,Duran,16,1996-09-05,29,"6' 0""",205,7,Outfielder,L,Left,R,Right,"0-5 | BB, 2 K, R",,5,0,0,0,0,0,1,2,1,0,0,0,6,0,,,,,,,,,,
2026-08-06,824729,,/api/v1.1/game/824729/feed/live,R,2026,2026-08-06,,night,P,N,N,Regular Season,3,3,1,Final,Final,3,Fenway Park,111,Boston Red Sox,BOS,12,True,145,Chicago White Sox,CWS,11,False,642201,Eli White,Elijah,White,38,1994-06-26,32,"6' 2""",195,9,Outfielder,R,Right,R,Right,0-0 | R,,0,0,0,0,0,0,1,0,0,0,0,0,0,0,,,,,,,,,,
2026-08-06,824729,,/api/v1.1/game/824729/feed/live,R,2026,2026-08-06,,night,P,N,N,Regular Season,3,3,1,Final,Final,3,Fenway Park,111,Boston Red Sox,BOS,12,True,145,Chicago White Sox,CWS,11,False,801139,Payton Tolle,Payton,Tolle,70,2002-11-01,23,"6' 6""",250,1,Pitcher,L,Left,L,Left,,,,,,,,,,,,,,,,,,,,,,,,,,
2026-08-06,824729,,/api/v1.1/game/824729/feed/live,R,2026,2026-08-06,,night,P,N,N,Regular Season,3,3,1,Final,Final,3,Fenway Park,111,Boston Red Sox,BOS,12,True,145,Chicago White Sox,CWS,11,False,678882,Ceddanne Rafaela,Ceddanne,Rafaela,3,2000-09-18,25,"5' 10""",165,8,Outfielder,R,Right,R,Right,"2-7 | 2 K, SB, CS",,7,2,0,0,0,0,0,2,0,1,1,1,7,2,,,,,,,,,,
2026-08-06,824729,,/api/v1.1/game/824729/feed/live,R,2026,2026-08-06,,night,P,N,N,Regular Season,3,3,1,Final,Final,3,Fenway Park,111,Boston Red Sox,BOS,12,True,145,Chicago White Sox,CWS,11,False,663558,Jovani Morán,Jovani,Moran,47,1997-04-24,29,"6' 1""",167,1,Pitcher,L,Left,L,Left,"1.0 IP, 0 ER, 0 K, 2 BB",,,,,,,,,,,,,,,,1.0,0,0,0,0,2,14,0,0,0
2026-08-06,824729,,/api/v1.1/game/824729/feed/live,R,2026,2026-08-06,,night,P,N,N,Regular Season,3,3,1,Final,Final,3,Fenway Park,111,Boston Red Sox,BOS,12,True,145,Chicago White Sox,CWS,11,False,807799,Masataka Yoshida,Masataka,Yoshida,7,1993-07-15,33,"5' 8""",192,10,Designated Hitter,L,Left,R,Right,"2-4 | 2B, BB, K",,4,2,1,0,0,1,1,1,1,0,0,0,5,3,,,,,,,,,,
2026-08-06,824729,,/api/v1.1/game/824729/feed/live,R,2026,2026-08-06,,night,P,N,N,Regular Season,3,3,1,Final,Final,3,Fenway Park,111,Boston Red Sox,BOS,12,True,145,Chicago White Sox,CWS,11,False,669062,Erik Miller,Erik,Miller,67,1998-02-13,28,"6' 5""",269,1,Pitcher,L,Left,L,Left,"2.0 IP, 0 ER, 3 K, BB",,,,,,,,,,,,,,,,2.0,0,1,0,3,1,33,0,0,0
2026-08-06,824729,,/api/v1.1/game/824729/feed/live,R,2026,2026-08-06,,night,P,N,N,Regular Season,3,3,1,Final,Final,3,Fenway Park,111,Boston Red Sox,BOS,12,True,145,Chicago White Sox,CWS,11,False,547973,Aroldis Chapman,Albertin,Chapman,44,1988-02-28,38,"6' 4""",235,1,Pitcher,L,Left,L,Left,"1.0 IP, ER, 0 K, 0 BB",,,,,,,,,,,,,,,,1.0,1,1,1,0,0,18,0,0,0
2026-08-06,824729,,/api/v1.1/game/824729/feed/live,R,2026,2026-08-06,,night,P,N,N,Regular Season,3,3,1,Final,Final,3,Fenway Park,111,Boston Red Sox,BOS,12,True,145,Chicago White Sox,CWS,11,False,671976,Tristan Peters,Tristan,Peters,29,2000-02-29,26,"6' 0""",180,8,Outfielder,L,Left,R,Right,1-3 | BB,,3,1,0,0,0,0,0,0,1,0,0,0,4,1,,,,,,,,,,
2026-08-06,824729,,/api/v1.1/game/824729/feed/live,R,2026,2026-08-06,,night,P,N,N,Regular Season,3,3,1,Final,Final,3,Fenway Park,111,Boston Red Sox,BOS,12,True,145,Chicago White Sox,CWS,11,False,663698,Joey Bart,Joseph,Bart,25,1996-12-15,29,"6' 2""",242,2,Catcher,R,Right,R,Right,"0-2 | 2 HBP, 2 K",,2,0,0,0,0,0,0,2,0,0,0,0,4,0,,,,,,,,,,
2026-08-06,824729,,/api/v1.1/game/824729/feed/live,R,2026,2026-08-06,,night,P,N,N,Regular Season,3,3,1,Final,Final,3,Fenway Park,111,Boston Red Sox,BOS,12,True,145,Chicago White Sox,CWS,11,False,641743,Anthony Kay,Anthony,Kay,18,1995-03-21,31,"6' 0""",225,1,Pitcher,L,Left,L,Left,,,,,,,,,,,,,,,,,,,,,,,,,,
2026-08-06,824729,,/api/v1.1/game/824729/feed/live,R,2026,2026-08-06,,night,P,N,N,Regular Season,3,3,1,Final,Final,3,Fenway Park,111,Boston Red Sox,BOS,12,True,145,Chicago White Sox,CWS,11,False,663436,Davis Martin,Davis,Martin,65,1997-01-04,29,"6' 2""",215,1,Pitcher,L,Left,R,Right,,,,,,,,,,,,,,,,,,,,,,,,,,
2026-08-06,824729,,/api/v1.1/game/824729/feed/live,R,2026,2026-08-06,,night,P,N,N,Regular Season,3,3,1,Final,Final,3,Fenway Park,111,Boston Red Sox,BOS,12,True,145,Chicago White Sox,CWS,11,False,682668,Luisangel Acuña,Luisangel,Acuña,0,2002-03-12,24,"5' 7""",181,6,Shortstop,R,Right,R,Right,0-1,,1,0,0,0,0,0,0,0,0,0,0,0,1,0,,,,,,,,,,
2026-08-06,824729,,/api/v1.1/game/824729/feed/live,R,2026,2026-08-06,,night,P,N,N,Regular Season,3,3,1,Final,Final,3,Fenway Park,111,Boston Red Sox,BOS,12,True,145,Chicago White Sox,CWS,11,False,623211,Huascar Brazobán,Huascar,Brazobán,50,1989-10-15,36,"6' 3""",155,1,Pitcher,R,Right,R,Right,"1.1 IP, ER, K, 0 BB",,,,,,,,,,,,,,,,1.1,1,2,0,1,0,20,0,0,0
2026-08-06,824729,,/api/v1.1/game/824729/feed/live,R,2026,2026-08-06,,night,P,N,N,Regular Season,3,3,1,Final,Final,3,Fenway Park,111,Boston Red Sox,BOS,12,True,145,Chicago White Sox,CWS,11,False,545341,Randal Grichuk,Randal,Grichuk,34,1991-08-13,34,"6' 0""",210,10,Designated Hitter,R,Right,R,Right,1-2 | R,,2,1,0,0,0,0,1,0,0,0,0,0,2,1,,,,,,,,,,
2026-08-06,824729,,/api/v1.1/game/824729/feed/live,R,2026,2026-08-06,,night,P,N,N,Regular Season,3,3,1,Final,Final,3,Fenway Park,111,Boston Red Sox,BOS,12,True,145,Chicago White Sox,CWS,11,False,808959,Munetaka Murakami,Munetaka,Murakami,5,2000-02-02,26,"6' 2""",213,3,First Base,L,Left,R,Right,"0-6 | BB, 3 K",,6,0,0,0,0,0,0,3,1,0,0,0,7,0,,,,,,,,,,
2026-08-06,824729,,/api/v1.1/game/824729/feed/live,R,2026,2026-08-06,,night,P,N,N,Regular Season,3,3,1,Final,Final,3,Fenway Park,111,Boston Red Sox,BOS,12,True,145,Chicago White Sox,CWS,11,False,805367,Chase Meidroth,Chase,Meidroth,10,2001-07-23,25,"5' 9""",190,4,Second Base,R,Right,R,Right,"3-5 | 2 HR, 2 BB, K",,5,3,0,0,2,4,2,1,2,0,0,0,7,9,,,,,,,,,,
2026-08-06,824729,,/api/v1.1/game/824729/feed/live,R,2026,2026-08-06,,night,P,N,N,Regular Season,3,3,1,Final,Final,3,Fenway Park,111,Boston Red Sox,BOS,12,True,145,Chicago White Sox,CWS,11,False,691799,Grant Taylor,Grant,Taylor,31,2002-05-20,24,"6' 3""",230,1,Pitcher,R,Right,R,Right,"2.0 IP, 0 ER, 2 K, BB",,,,,,,,,,,,,,,,2.0,0,1,0,2,1,40,0,0,0
2026-08-06,824729,,/api/v1.1/game/824729/feed/live,R,2026,2026-08-06,,night,P,N,N,Regular Season,3,3,1,Final,Final,3,Fenway Park,111,Boston Red Sox,BOS,12,True,145,Chicago White Sox,CWS,11,False,695657,Colson Montgomery,Colson,Montgomery,12,2002-02-27,24,"6' 3""",230,6,Shortstop,L,Left,R,Right,"2-5 | BB, K, 2 RBI",,5,2,0,0,0,2,1,1,1,0,0,0,7,2,,,,,,,,,,
2026-08-06,824729,,/api/v1.1/game/824729/feed/live,R,2026,2026-08-06,,night,P,N,N,Regular Season,3,3,1,Final,Final,3,Fenway Park,111,Boston Red Sox,BOS,12,True,145,Chicago White Sox,CWS,11,False,691011,Drew Romo,Drew,Romo,36,2001-08-29,24,"6' 0""",205,2,Catcher,S,Switch,R,Right,"0-3 | K, R",,3,0,0,0,0,0,1,1,0,0,0,0,3,0,,,,,,,,,,
2026-08-06,824729,,/api/v1.1/game/824729/feed/live,R,2026,2026-08-06,,night,P,N,N,Regular Season,3,3,1,Final,Final,3,Fenway Park,111,Boston Red Sox,BOS,12,True,145,Chicago White Sox,CWS,11,False,670950,Trevor Richards,Trevor,Richards,43,1993-05-15,33,"6' 2""",205,1,Pitcher,R,Right,R,Right,"1.2 IP, ER, 0 K, 4 BB",,,,,,,,,,,,,,,,1.2,1,3,0,0,4,28,0,0,0
2026-08-06,824729,,/api/v1.1/game/824729/feed/live,R,2026,2026-08-06,,night,P,N,N,Regular Season,3,3,1,Final,Final,3,Fenway Park,111,Boston Red Sox,BOS,12,True,145,Chicago White Sox,CWS,11,False,695731,Braden Montgomery,Braden,Montgomery,24,2003-04-16,23,"6' 2""",220,9,Outfielder,S,Switch,R,Right,"1-5 | BB, K, RBI",,5,1,0,0,0,1,2,1,1,0,0,0,6,1,,,,,,,,,,
2026-08-06,824729,,/api/v1.1/game/824729/feed/live,R,2026,2026-08-06,,night,P,N,N,Regular Season,3,3,1,Final,Final,3,Fenway Park,111,Boston Red Sox,BOS,12,True,145,Chicago White Sox,CWS,11,False,669684,Chris Murphy,Christopher,Murphy,38,1998-06-05,28,"6' 1""",186,1,Pitcher,L,Left,L,Left,"1.1 IP, 0 ER, 0 K, 0 BB",,,,,,,,,,,,,,,,1.1,0,0,0,0,0,14,0,0,0
2026-08-06,824729,,/api/v1.1/game/824729/feed/live,R,2026,2026-08-06,,night,P,N,N,Regular Season,3,3,1,Final,Final,3,Fenway Park,111,Boston Red Sox,BOS,12,True,145,Chicago White Sox,CWS,11,False,702273,Noah Schultz,Noah,Schultz,22,2003-08-05,23,"6' 10""",240,1,Pitcher,L,Left,L,Left,,,,,,,,,,,,,,,,,,,,,,,,,,
2026-08-06,824729,,/api/v1.1/game/824729/feed/live,R,2026,2026-08-06,,night,P,N,N,Regular Season,3,3,1,Final,Final,3,Fenway Park,111,Boston Red Sox,BOS,12,True,145,Chicago White Sox,CWS,11,False,643217,Andrew Benintendi,Andrew,Benintendi,23,1994-07-06,32,"5' 9""",185,10,Designated Hitter,L,Left,L,Left,"1-5 | K, R",,5,1,0,0,0,0,1,1,0,0,0,0,5,1,,,,,,,,,,
2026-08-06,824729,,/api/v1.1/game/824729/feed/live,R,2026,2026-08-06,,night,P,N,N,Regular Season,3,3,1,Final,Final,3,Fenway Park,111,Boston Red Sox,BOS,12,True,145,Chicago White Sox,CWS,11,False,622491,Luis Castillo,Luis,Castillo,58,1992-12-12,33,"6' 2""",200,1,Pitcher,R,Right,R,Right,"4.0 IP, 5 ER, 5 K, BB",,,,,,,,,,,,,,,,4.0,5,6,1,5,1,71,0,0,0
2026-08-06,824729,,/api/v1.1/game/824729/feed/live,R,2026,2026-08-06,,night,P,N,N,Regular Season,3,3,1,Final,Final,3,Fenway Park,111,Boston Red Sox,BOS,12,True,145,Chicago White Sox,CWS,11,False,680732,Sean Burke,Sean,Burke,59,1999-12-18,26,"6' 6""",240,1,Pitcher,R,Right,R,Right,,,,,,,,,,,,,,,,,,,,,,,,,,
2026-08-06,824729,,/api/v1.1/game/824729/feed/live,R,2026,2026-08-06,,night,P,N,N,Regular Season,3,3,1,Final,Final,3,Fenway Park,111,Boston Red Sox,BOS,12,True,145,Chicago White Sox,CWS,11,False,686668,Brenton Doyle,Brenton,Doyle,7,1998-05-14,28,"6' 3""",223,8,Outfielder,R,Right,R,Right,"1-2 | R, SB",,2,1,0,0,0,0,1,0,0,1,0,0,2,1,,,,,,,,,,
2026-08-06,824729,,/api/v1.1/game/824729/feed/live,R,2026,2026-08-06,,night,P,N,N,Regular Season,3,3,1,Final,Final,3,Fenway Park,111,Boston Red Sox,BOS,12,True,145,Chicago White Sox,CWS,11,False,663542,Bryan Hudson,Bryan,Hudson,60,1997-05-08,29,"6' 8""",248,1,Pitcher,L,Left,L,Left,"1.0 IP, 0 ER, 2 K, 0 BB",,,,,,,,,,,,,,,,1.0,0,1,0,2,0,13,0,0,0
2026-08-06,824729,,/api/v1.1/game/824729/feed/live,R,2026,2026-08-06,,night,P,N,N,Regular Season,3,3,1,Final,Final,3,Fenway Park,111,Boston Red Sox,BOS,12,True,145,Chicago White Sox,CWS,11,False,607200,Erick Fedde,Erick,Fedde,47,1993-02-25,33,"6' 4""",205,1,Pitcher,R,Right,R,Right,"0.1 IP, 0 ER, 0 K, BB",,,,,,,,,,,,,,,,0.1,0,1,0,0,1,5,0,1,0
2026-08-06,824729,,/api/v1.1/game/824729/feed/live,R,2026,2026-08-06,,night,P,N,N,Regular Season,3,3,1,Final,Final,3,Fenway Park,111,Boston Red Sox,BOS,12,True,145,Chicago White Sox,CWS,11,False,656794,Sean Newcomb,Sean,Newcomb,15,1993-06-12,33,"6' 5""",255,1,Pitcher,L,Left,L,Left,,,,,,,,,,,,,,,,,,,,,,,,,,
2026-08-06,824729,,/api/v1.1/game/824729/feed/live,R,2026,2026-08-06,,night,P,N,N,Regular Season,3,3,1,Final,Final,3,Fenway Park,111,Boston Red Sox,BOS,12,True,145,Chicago White Sox,CWS,11,False,663855,Jordan Hicks,Jordan,Hicks,44,1996-09-06,29,"6' 2""",217,1,Pitcher,R,Right,R,Right,"0.2 IP, ER, K, 0 BB",,,,,,,,,,,,,,,,0.2,1,2,0,1,0,16,0,0,0
2026-08-06,824729,,/api/v1.1/game/824729/feed/live,R,2026,2026-08-06,,night,P,N,N,Regular Season,3,3,1,Final,Final,3,Fenway Park,111,Boston Red Sox,BOS,12,True,145,Chicago White Sox,CWS,11,False,803011,Sam Antonacci,Samuel,Antonacci,17,2003-02-06,23,"5' 11""",193,7,Outfielder,L,Left,R,Right,"3-5 | 2B, K, 2 RBI",,5,3,1,0,0,2,0,1,0,0,0,0,5,4,,,,,,,,,,
2026-08-06,824729,,/api/v1.1/game/824729/feed/live,R,2026,2026-08-06,,night,P,N,N,Regular Season,3,3,1,Final,Final,3,Fenway Park,111,Boston Red Sox,BOS,12,True,145,Chicago White Sox,CWS,11,False,678246,Miguel Vargas,Miguel,Vargas,20,1999-11-17,26,"6' 2""",225,5,Third Base,R,Right,R,Right,"0-6 | BB, 3 K, 2 R",,6,0,0,0,0,0,2,3,1,1,0,0,7,0,,,,,,,,,,
2026-08-06,824885,,/api/v1.1/game/824885/feed/live,R,2026,2026-08-06,,night,P,N,N,Regular Season,3,3,1,Final,Final,4705,Truist Park,144,Atlanta Braves,ATL,11,True,146,Miami Marlins,MIA,3,False,689266,Dylan Dodd,Dylan,Dodd,46,1998-06-06,28,"6' 2""",210,1,Pitcher,L,Left,L,Left,,,,,,,,,,,,,,,,,,,,,,,,,,
2026-08-06,824885,,/api/v1.1/game/824885/feed/live,R,2026,2026-08-06,,night,P,N,N,Regular Season,3,3,1,Final,Final,4705,Truist Park,144,Atlanta Braves,ATL,11,True,146,Miami Marlins,MIA,3,False,669276,Dylan Lee,Dylan,Lee,52,1994-08-01,32,"6' 3""",214,1,Pitcher,L,Left,L,Left,"0.1 IP, 0 ER, 0 K, 0 BB",,,,,,,,,,,,,,,,0.1,0,0,0,0,0,2,0,0,0
2026-08-06,824885,,/api/v1.1/game/824885/feed/live,R,2026,2026-08-06,,night,P,N,N,Regular Season,3,3,1,Final,Final,4705,Truist Park,144,Atlanta Braves,ATL,11,True,146,Miami Marlins,MIA,3,False,671739,Michael Harris II,Michael,Harris,23,2001-03-07,25,"5' 11""",195,8,Outfielder,L,Left,L,Left,"3-5 | 3B, 2B, 2 RBI",,5,3,1,1,0,2,3,0,0,0,0,0,5,6,,,,,,,,,,
2026-08-06,824885,,/api/v1.1/game/824885/feed/live,R,2026,2026-08-06,,night,P,N,N,Regular Season,3,3,1,Final,Final,4705,Truist Park,144,Atlanta Braves,ATL,11,True,146,Miami Marlins,MIA,3,False,682989,Victor Mederos,Victor,Mederos,58,2001-06-08,25,"6' 2""",222,1,Pitcher,R,Right,R,Right,"2.0 IP, 0 ER, 3 K, BB",,,,,,,,,,,,,,,,2.0,0,0,0,3,1,32,1,0,0
2026-08-06,824885,,/api/v1.1/game/824885/feed/live,R,2026,2026-08-06,,night,P,N,N,Regular Season,3,3,1,Final,Final,4705,Truist Park,144,Atlanta Braves,ATL,11,True,146,Miami Marlins,MIA,3,False,643289,Mauricio Dubón,Mauricio,Dubón,14,1994-07-19,32,"5' 11""",173,7,Outfielder,R,Right,R,Right,"4-4 | 2B, BB, 2 RBI",,4,4,1,0,0,2,1,0,1,1,0,0,5,5,,,,,,,,,,
2026-08-06,824885,,/api/v1.1/game/824885/feed/live,R,2026,2026-08-06,,night,P,N,N,Regular Season,3,3,1,Final,Final,4705,Truist Park,144,Atlanta Braves,ATL,11,True,146,Miami Marlins,MIA,3,False,800311,Didier Fuentes,Didier,Fuentes,72,2005-06-17,21,"6' 0""",170,1,Pitcher,R,Right,R,Right,,,,,,,,,,,,,,,,,,,,,,,,,,
2026-08-06,824885,,/api/v1.1/game/824885/feed/live,R,2026,2026-08-06,,night,P,N,N,Regular Season,3,3,1,Final,Final,4705,Truist Park,144,Atlanta Braves,ATL,11,True,146,Miami Marlins,MIA,3,False,641816,Tyler Mahle,Tyler,Mahle,54,1994-09-29,31,"6' 3""",212,1,Pitcher,R,Right,R,Right,,,,,,,,,,,,,,,,,,,,,,,,,,
2026-08-06,824885,,/api/v1.1/game/824885/feed/live,R,2026,2026-08-06,,night,P,N,N,Regular Season,3,3,1,Final,Final,4705,Truist Park,144,Atlanta Braves,ATL,11,True,146,Miami Marlins,MIA,3,False,686948,Drake Baldwin,Drake,Baldwin,30,2001-03-28,25,"6' 0""",225,2,Catcher,L,Left,R,Right,1-5 | R,,5,1,0,0,0,0,1,0,0,0,0,0,5,1,,,,,,,,,,
2026-08-06,824885,,/api/v1.1/game/824885/feed/live,R,2026,2026-08-06,,night,P,N,N,Regular Season,3,3,1,Final,Final,4705,Truist Park,144,Atlanta Braves,ATL,11,True,146,Miami Marlins,MIA,3,False,519242,Chris Sale,Christopher,Sale,51,1989-03-30,37,"6' 6""",180,1,Pitcher,L,Left,L,Left,,,,,,,,,,,,,,,,,,,,,,,,,,
2026-08-06,824885,,/api/v1.1/game/824885/feed/live,R,2026,2026-08-06,,night,P,N,N,Regular Season,3,3,1,Final,Final,4705,Truist Park,144,Atlanta Braves,ATL,11,True,146,Miami Marlins,MIA,3,False,805347,Jim Jarvis,James,Jarvis,74,2000-11-06,25,"5' 9""",190,6,Shortstop,L,Left,R,Right,0-4 | K,,4,0,0,0,0,0,0,1,0,0,0,0,4,0,,,,,,,,,,
2026-08-06,824885,,/api/v1.1/game/824885/feed/live,R,2026,2026-08-06,,night,P,N,N,Regular Season,3,3,1,Final,Final,4705,Truist Park,144,Atlanta Braves,ATL,11,True,146,Miami Marlins,MIA,3,False,621566,Matt Olson,Matthew,Olson,28,1994-03-29,32,"6' 4""",225,3,First Base,L,Left,R,Right,"2-3 | HR, 2B, 2 BB",,3,2,1,0,1,1,3,0,2,0,0,0,5,6,,,,,,,,,,
2026-08-06,824885,,/api/v1.1/game/824885/feed/live,R,2026,2026-08-06,,night,P,N,N,Regular Season,3,3,1,Final,Final,4705,Truist Park,144,Atlanta Braves,ATL,11,True,146,Miami Marlins,MIA,3,False,642086,Dominic Smith,Dominic,Smith,8,1995-06-15,31,"5' 11""",224,10,Designated Hitter,L,Left,L,Left,1-2,,2,1,0,0,0,0,0,0,0,0,0,0,2,1,,,,,,,,,,
2026-08-06,824885,,/api/v1.1/game/824885/feed/live,R,2026,2026-08-06,,night,P,N,N,Regular Season,3,3,1,Final,Final,4705,Truist Park,144,Atlanta Braves,ATL,11,True,146,Miami Marlins,MIA,3,False,669221,Sean Murphy,Sean,Murphy,12,1994-10-04,31,"6' 3""",228,2,Catcher,R,Right,R,Right,,,,,,,,,,,,,,,,,,,,,,,,,,
2026-08-06,824885,,/api/v1.1/game/824885/feed/live,R,2026,2026-08-06,,night,P,N,N,Regular Season,3,3,1,Final,Final,4705,Truist Park,144,Atlanta Braves,ATL,11,True,146,Miami Marlins,MIA,3,False,660670,Ronald Acuña Jr.,Ronald,Acuña,13,1997-12-18,28,"6' 0""",205,9,Outfielder,R,Right,R,Right,"2-5 | 2 HR, 3 RBI, 2 R",,5,2,0,0,2,3,2,0,0,0,0,0,5,8,,,,,,,,,,
2026-08-06,824885,,/api/v1.1/game/824885/feed/live,R,2026,2026-08-06,,night,P,N,N,Regular Season,3,3,1,Final,Final,4705,Truist Park,144,Atlanta Braves,ATL,11,True,146,Miami Marlins,MIA,3,False,641755,Tyler Kinley,Tyler,Kinley,45,1991-01-31,35,"6' 4""",220,1,Pitcher,R,Right,R,Right,"1.0 IP, 0 ER, 0 K, 0 BB",,,,,,,,,,,,,,,,1.0,0,1,0,0,0,14,0,0,0
2026-08-06,824885,,/api/v1.1/game/824885/feed/live,R,2026,2026-08-06,,night,P,N,N,Regular Season,3,3,1,Final,Final,4705,Truist Park,144,Atlanta Braves,ATL,11,True,146,Miami Marlins,MIA,3,False,645277,Ozzie Albies,Ozhaino,Albies,1,1997-01-07,29,"5' 7""",165,4,Second Base,S,Switch,R,Right,0-1 | BB,,1,0,0,0,0,0,0,0,1,0,0,0,2,0,,,,,,,,,,
2026-08-06,824885,,/api/v1.1/game/824885/feed/live,R,2026,2026-08-06,,night,P,N,N,Regular Season,3,3,1,Final,Final,4705,Truist Park,144,Atlanta Braves,ATL,11,True,146,Miami Marlins,MIA,3,False,628452,Raisel Iglesias,Raisel,Iglesias,26,1990-01-04,36,"6' 2""",190,1,Pitcher,R,Right,R,Right,,,,,,,,,,,,,,,,,,,,,,,,,,
2026-08-06,824885,,/api/v1.1/game/824885/feed/live,R,2026,2026-08-06,,night,P,N,N,Regular Season,3,3,1,Final,Final,4705,Truist Park,144,Atlanta Braves,ATL,11,True,146,Miami Marlins,MIA,3,False,663586,Austin Riley,Michael,Riley,27,1997-04-02,29,"6' 1""",225,5,Third Base,R,Right,R,Right,"0-3 | K, RBI",,3,0,0,0,0,1,0,1,0,0,0,0,4,0,,,,,,,,,,
2026-08-06,824885,,/api/v1.1/game/824885/feed/live,R,2026,2026-08-06,,night,P,N,N,Regular Season,3,3,1,Final,Final,4705,Truist Park,144,Atlanta Braves,ATL,11,True,146,Miami Marlins,MIA,3,False,664849,Danny Young,Daniel,Young,63,1994-05-27,32,"6' 3""",200,1,Pitcher,L,Left,L,Left,"0.2 IP, 2 ER, K, BB",,,,,,,,,,,,,,,,0.2,2,3,0,1,1,26,0,0,0
2026-08-06,824885,,/api/v1.1/game/824885/feed/live,R,2026,2026-08-06,,night,P,N,N,Regular Season,3,3,1,Final,Final,4705,Truist Park,144,Atlanta Braves,ATL,11,True,146,Miami Marlins,MIA,3,False,656550,Grant Holmes,Harrison,Holmes,66,1996-03-22,30,"6' 0""",226,1,Pitcher,L,Left,R,Right,,,,,,,,,,,,,,,,,,,,,,,,,,
2026-08-06,824885,,/api/v1.1/game/824885/feed/live,R,2026,2026-08-06,,night,P,N,N,Regular Season,3,3,1,Final,Final,4705,Truist Park,144,Atlanta Braves,ATL,11,True,146,Miami Marlins,MIA,3,False,573262,Mike Yastrzemski,Michael,Yastrzemski,18,1990-08-23,35,"5' 10""",180,7,Outfielder,L,Left,L,Left,0-2 | K,,2,0,0,0,0,0,0,1,0,0,0,0,2,0,,,,,,,,,,
2026-08-06,824885,,/api/v1.1/game/824885/feed/live,R,2026,2026-08-06,,night,P,N,N,Regular Season,3,3,1,Final,Final,4705,Truist Park,144,Atlanta Braves,ATL,11,True,146,Miami Marlins,MIA,3,False,673490,Ha-Seong Kim,Ha-Seong,Kim,7,1995-10-17,30,"5' 10""",200,6,Shortstop,R,Right,R,Right,,,,,,,,,,,,,,,,,,,,,,,,,,
2026-08-06,824885,,/api/v1.1/game/824885/feed/live,R,2026,2026-08-06,,night,P,N,N,Regular Season,3,3,1,Final,Final,4705,Truist Park,144,Atlanta Braves,ATL,11,True,146,Miami Marlins,MIA,3,False,657041,Lane Thomas,Lane,Thomas,20,1995-08-23,30,"5' 11""",195,8,Outfielder,R,Right,R,Right,"1-3 | 2B, K, RBI",,3,1,1,0,0,1,1,1,0,0,0,0,3,2,,,,,,,,,,
2026-08-06,824885,,/api/v1.1/game/824885/feed/live,R,2026,2026-08-06,,night,P,N,N,Regular Season,3,3,1,Final,Final,4705,Truist Park,144,Atlanta Braves,ATL,11,True,146,Miami Marlins,MIA,3,False,608718,Brent Suter,Brent,Suter,39,1989-08-29,36,"6' 4""",213,1,Pitcher,L,Left,L,Left,"2.0 IP, ER, K, BB",,,,,,,,,,,,,,,,2.0,1,4,0,1,1,36,0,0,0
2026-08-06,824885,,/api/v1.1/game/824885/feed/live,R,2026,2026-08-06,,night,P,N,N,Regular Season,3,3,1,Final,Final,4705,Truist Park,144,Atlanta Braves,ATL,11,True,146,Miami Marlins,MIA,3,False,693821,Bryce Elder,Bryce,Elder,55,1999-05-19,27,"6' 2""",220,1,Pitcher,R,Right,R,Right,,,,,,,,,,,,,,,,,,,,,,,,,,
2026-08-06,824885,,/api/v1.1/game/824885/feed/live,R,2026,2026-08-06,,night,P,N,N,Regular Season,3,3,1,Final,Final,4705,Truist Park,144,Atlanta Braves,ATL,11,True,146,Miami Marlins,MIA,3,False,527048,Martín Pérez,Martín,Pérez,33,1991-04-04,35,"6' 0""",210,1,Pitcher,L,Left,L,Left,"3.0 IP, 0 ER, 3 K, BB",,,,,,,,,,,,,,,,3.0,0,0,0,3,1,35,0,0,0
2026-08-06,824885,,/api/v1.1/game/824885/feed/live,R,2026,2026-08-06,,night,P,N,N,Regular Season,3,3,1,Final,Final,4705,Truist Park,144,Atlanta Braves,ATL,11,True,146,Miami Marlins,MIA,3,False,694795,Josh Ekness,Joshua,Ekness,95,2002-02-07,24,"6' 4""",225,1,Pitcher,R,Right,R,Right,,,,,,,,,,,,,,,,,,,,,,,,,,
2026-08-06,824885,,/api/v1.1/game/824885/feed/live,R,2026,2026-08-06,,night,P,N,N,Regular Season,3,3,1,Final,Final,4705,Truist Park,144,Atlanta Braves,ATL,11,True,146,Miami Marlins,MIA,3,False,676604,Tyler Zuber,Tyler,Zuber,55,1995-06-16,31,"5' 11""",195,1,Pitcher,R,Right,R,Right,"1.0 IP, 0 ER, 2 K, BB",,,,,,,,,,,,,,,,1.0,0,0,0,2,1,17,0,0,0
2026-08-06,824885,,/api/v1.1/game/824885/feed/live,R,2026,2026-08-06,,night,P,N,N,Regular Season,3,3,1,Final,Final,4705,Truist Park,144,Atlanta Braves,ATL,11,True,146,Miami Marlins,MIA,3,False,665052,Griffin Conine,Griffin,Conine,18,1997-07-11,29,"6' 1""",210,9,Outfielder,L,Left,R,Right,"1-3 | K, RBI",,3,1,0,0,0,1,0,1,0,0,0,0,3,1,,,,,,,,,,
2026-08-06,824885,,/api/v1.1/game/824885/feed/live,R,2026,2026-08-06,,night,P,N,N,Regular Season,3,3,1,Final,Final,4705,Truist Park,144,Atlanta Braves,ATL,11,True,146,Miami Marlins,MIA,3,False,681715,Heriberto Hernández,Heriberto,Hernandez,13,1999-12-16,26,"5' 11""",195,7,Outfielder,R,Right,R,Right,0-5 | 3 K,,5,0,0,0,0,0,0,3,0,0,0,0,5,0,,,,,,,,,,
2026-08-06,824885,,/api/v1.1/game/824885/feed/live,R,2026,2026-08-06,,night,P,N,N,Regular Season,3,3,1,Final,Final,4705,Truist Park,144,Atlanta Braves,ATL,11,True,146,Miami Marlins,MIA,3,False,664126,Pete Fairbanks,Peter,Fairbanks,29,1993-12-16,32,"6' 6""",235,1,Pitcher,R,Right,R,Right,,,,,,,,,,,,,,,,,,,,,,,,,,
2026-08-06,824885,,/api/v1.1/game/824885/feed/live,R,2026,2026-08-06,,night,P,N,N,Regular Season,3,3,1,Final,Final,4705,Truist Park,144,Atlanta Braves,ATL,11,True,146,Miami Marlins,MIA,3,False,645261,Sandy Alcantara,Sandy,Alcantara,22,1995-09-07,30,"6' 5""",200,1,Pitcher,R,Right,R,Right,,,,,,,,,,,,,,,,,,,,,,,,,,
2026-08-06,824885,,/api/v1.1/game/824885/feed/live,R,2026,2026-08-06,,night,P,N,N,Regular Season,3,3,1,Final,Final,4705,Truist Park,144,Atlanta Braves,ATL,11,True,146,Miami Marlins,MIA,3,False,680767,Victor Vodnik,Victor,Vodnik,38,1999-10-09,26,"6' 0""",216,1,Pitcher,R,Right,R,Right,"2.0 IP, 2 ER, K, BB",,,,,,,,,,,,,,,,2.0,2,2,0,1,1,32,0,0,0
2026-08-06,824885,,/api/v1.1/game/824885/feed/live,R,2026,2026-08-06,,night,P,N,N,Regular Season,3,3,1,Final,Final,4705,Truist Park,144,Atlanta Braves,ATL,11,True,146,Miami Marlins,MIA,3,False,663969,Tyler Phillips,Tyler,Phillips,30,1997-10-27,28,"6' 5""",225,1,Pitcher,R,Right,R,Right,,,,,,,,,,,,,,,,,,,,,,,,,,
2026-08-06,824885,,/api/v1.1/game/824885/feed/live,R,2026,2026-08-06,,night,P,N,N,Regular Season,3,3,1,Final,Final,4705,Truist Park,144,Atlanta Braves,ATL,11,True,146,Miami Marlins,MIA,3,False,665923,Esteury Ruiz,Esteury,Ruiz,3,1999-02-15,27,"5' 11""",169,9,Outfielder,R,Right,R,Right,0-1 | K,,1,0,0,0,0,0,0,1,0,0,0,0,1,0,,,,,,,,,,
2026-08-06,824885,,/api/v1.1/game/824885/feed/live,R,2026,2026-08-06,,night,P,N,N,Regular Season,3,3,1,Final,Final,4705,Truist Park,144,Atlanta Braves,ATL,11,True,146,Miami Marlins,MIA,3,False,805300,Jakob Marsee,Jakob,Marsee,87,2001-06-28,25,"6' 0""",180,8,Outfielder,L,Left,L,Left,0-0,,0,0,0,0,0,0,0,0,0,0,0,0,0,0,,,,,,,,,,
2026-08-06,824885,,/api/v1.1/game/824885/feed/live,R,2026,2026-08-06,,night,P,N,N,Regular Season,3,3,1,Final,Final,4705,Truist Park,144,Atlanta Braves,ATL,11,True,146,Miami Marlins,MIA,3,False,676534,Calvin Faucher,Calvin,Faucher,53,1995-09-22,30,"6' 1""",190,1,Pitcher,R,Right,R,Right,,,,,,,,,,,,,,,,,,,,,,,,,,
2026-08-06,824885,,/api/v1.1/game/824885/feed/live,R,2026,2026-08-06,,night,P,N,N,Regular Season,3,3,1,Final,Final,4705,Truist Park,144,Atlanta Braves,ATL,11,True,146,Miami Marlins,MIA,3,False,691594,Javier Sanoja,Javier,Sanoja,8,2002-09-03,23,"5' 7""",150,5,Third Base,R,Right,R,Right,"2-4 | 2B, 2 RBI",,4,2,1,0,0,2,0,0,0,0,0,0,4,3,0.1,0,1,0,0,0,4,0,0,0
2026-08-06,824885,,/api/v1.1/game/824885/feed/live,R,2026,2026-08-06,,night,P,N,N,Regular Season,3,3,1,Final,Final,4705,Truist Park,144,Atlanta Braves,ATL,11,True,146,Miami Marlins,MIA,3,False,667463,John King,John,King,47,1994-09-14,31,"6' 2""",215,1,Pitcher,L,Left,L,Left,"1.0 IP, 3 ER, 0 K, BB",,,,,,,,,,,,,,,,1.0,3,4,1,0,1,25,0,0,0
2026-08-06,824885,,/api/v1.1/game/824885/feed/live,R,2026,2026-08-06,,night,P,N,N,Regular Season,3,3,1,Final,Final,4705,Truist Park,144,Atlanta Braves,ATL,11,True,146,Miami Marlins,MIA,3,False,806188,Cade Gibson,Cade,Gibson,58,1998-02-18,28,"6' 2""",195,1,Pitcher,L,Left,L,Left,"0.2 IP, ER, 0 K, 0 BB",,,,,,,,,,,,,,,,0.2,1,2,1,0,0,19,0,0,0
2026-08-06,824885,,/api/v1.1/game/824885/feed/live,R,2026,2026-08-06,,night,P,N,N,Regular Season,3,3,1,Final,Final,4705,Truist Park,144,Atlanta Braves,ATL,11,True,146,Miami Marlins,MIA,3,False,687473,Ryan Gusto,Ryan,Gusto,65,1999-03-11,27,"6' 4""",232,1,Pitcher,R,Right,R,Right,,,,,,,,,,,,,,,,,,,,,,,,,,
2026-08-06,824885,,/api/v1.1/game/824885/feed/live,R,2026,2026-08-06,,night,P,N,N,Regular Season,3,3,1,Final,Final,4705,Truist Park,144,Atlanta Braves,ATL,11,True,146,Miami Marlins,MIA,3,False,669364,Xavier Edwards,Xavier,Edwards,9,1999-08-09,26,"5' 9""",175,4,Second Base,S,Switch,R,Right,"1-2 | 2B, 2 BB, R",,2,1,1,0,0,0,1,0,2,0,0,0,4,2,,,,,,,,,,
2026-08-06,824885,,/api/v1.1/game/824885/feed/live,R,2026,2026-08-06,,night,P,N,N,Regular Season,3,3,1,Final,Final,4705,Truist Park,144,Atlanta Braves,ATL,11,True,146,Miami Marlins,MIA,3,False,669065,Kyle Stowers,Kyle,Stowers,28,1998-01-02,28,"6' 2""",215,3,First Base,L,Left,L,Left,"1-4 | 2B, K, R",,4,1,1,0,0,0,1,1,0,0,0,0,4,2,,,,,,,,,,
2026-08-06,824885,,/api/v1.1/game/824885/feed/live,R,2026,2026-08-06,,night,P,N,N,Regular Season,3,3,1,Final,Final,4705,Truist Park,144,Atlanta Braves,ATL,11,True,146,Miami Marlins,MIA,3,False,656848,Michael Petersen,Michael,Petersen,49,1994-05-16,32,"6' 7""",195,1,Pitcher,R,Right,R,Right,,,,,,,,,,,,,,,,,,,,,,,,,,
2026-08-06,824885,,/api/v1.1/game/824885/feed/live,R,2026,2026-08-06,,night,P,N,N,Regular Season,3,3,1,Final,Final,4705,Truist Park,144,Atlanta Braves,ATL,11,True,146,Miami Marlins,MIA,3,False,683357,Owen Caissie,Owen,Caissie,17,2002-07-08,24,"6' 4""",190,9,Outfielder,L,Left,R,Right,,,,,,,,,,,,,,,,,,,,,,,,,,
2026-08-06,824885,,/api/v1.1/game/824885/feed/live,R,2026,2026-08-06,,night,P,N,N,Regular Season,3,3,1,Final,Final,4705,Truist Park,144,Atlanta Braves,ATL,11,True,146,Miami Marlins,MIA,3,False,682663,Agustín Ramírez,Agustín,Ramírez,50,2001-09-10,24,"6' 1""",210,2,Catcher,R,Right,R,Right,"1-3 | BB, K",,3,1,0,0,0,0,0,1,1,0,0,0,4,1,,,,,,,,,,
2026-08-06,824885,,/api/v1.1/game/824885/feed/live,R,2026,2026-08-06,,night,P,N,N,Regular Season,3,3,1,Final,Final,4705,Truist Park,144,Atlanta Braves,ATL,11,True,146,Miami Marlins,MIA,3,False,677870,Leo Jiménez,Leonardo,Jimenez,19,2001-05-17,25,"5' 10""",215,5,Third Base,R,Right,R,Right,"1-3 | BB, R",,3,1,0,0,0,0,1,0,1,0,0,1,4,1,,,,,,,,,,
2026-08-06,824885,,/api/v1.1/game/824885/feed/live,R,2026,2026-08-06,,night,P,N,N,Regular Season,3,3,1,Final,Final,4705,Truist Park,144,Atlanta Braves,ATL,11,True,146,Miami Marlins,MIA,3,False,676083,Janson Junk,Janson,Junk,26,1996-01-15,30,"6' 2""",197,1,Pitcher,R,Right,R,Right,"3.0 IP, 2 ER, K, BB",,,,,,,,,,,,,,,,3.0,2,5,1,1,1,47,0,1,0
2026-08-06,824885,,/api/v1.1/game/824885/feed/live,R,2026,2026-08-06,,night,P,N,N,Regular Season,3,3,1,Final,Final,4705,Truist Park,144,Atlanta Braves,ATL,11,True,146,Miami Marlins,MIA,3,False,640459,Brian Navarreto,Brian,Navarreto,64,1994-12-29,31,"6' 1""",233,2,Catcher,R,Right,R,Right,"0-3 | HBP, K",,3,0,0,0,0,0,0,1,0,0,0,0,4,0,,,,,,,,,,
2026-08-06,824885,,/api/v1.1/game/824885/feed/live,R,2026,2026-08-06,,night,P,N,N,Regular Season,3,3,1,Final,Final,4705,Truist Park,144,Atlanta Braves,ATL,11,True,146,Miami Marlins,MIA,3,False,691788,Joe Mack,Joseph,Mack,80,2002-12-27,23,"6' 0""",210,2,Catcher,L,Left,R,Right,,,,,,,,,,,,,,,,,,,,,,,,,,
2026-08-06,824885,,/api/v1.1/game/824885/feed/live,R,2026,2026-08-06,,night,P,N,N,Regular Season,3,3,1,Final,Final,4705,Truist Park,144,Atlanta Braves,ATL,11,True,146,Miami Marlins,MIA,3,False,691587,Eury Pérez,Eury,Pérez,39,2003-04-15,23,"6' 8""",220,1,Pitcher,R,Right,R,Right,,,,,,,,,,,,,,,,,,,,,,,,,,
2026-08-06,824885,,/api/v1.1/game/824885/feed/live,R,2026,2026-08-06,,night,P,N,N,Regular Season,3,3,1,Final,Final,4705,Truist Park,144,Atlanta Braves,ATL,11,True,146,Miami Marlins,MIA,3,False,672640,Otto Lopez,Otto,Lopez,6,1998-10-01,27,"5' 10""",185,6,Shortstop,R,Right,R,Right,1-5,,5,1,0,0,0,0,0,0,0,0,0,0,5,1,,,,,,,,,,
2026-08-06,824080,,/api/v1.1/game/824080/feed/live,R,2026,2026-08-06,,night,P,N,N,Regular Season,3,3,1,Final,Final,7,Kauffman Stadium,118,Kansas City Royals,KC,3,False,142,Minnesota Twins,MIN,4,True,695600,Carter Jensen,Carter,Jensen,22,2003-07-03,23,"6' 0""",210,2,Catcher,L,Left,R,Right,"1-4 | K, R",,4,1,0,0,0,0,1,1,0,0,0,0,4,1,,,,,,,,,,
2026-08-06,824080,,/api/v1.1/game/824080/feed/live,R,2026,2026-08-06,,night,P,N,N,Regular Season,3,3,1,Final,Final,7,Kauffman Stadium,118,Kansas City Royals,KC,3,False,142,Minnesota Twins,MIN,4,True,621016,Jose Cuas,Jose,Cuas,74,1994-06-28,32,"6' 3""",195,1,Pitcher,R,Right,R,Right,"0.1 IP, 0 ER, 0 K, 0 BB",,,,,,,,,,,,,,,,0.1,0,0,0,0,0,12,0,0,0
2026-08-06,824080,,/api/v1.1/game/824080/feed/live,R,2026,2026-08-06,,night,P,N,N,Regular Season,3,3,1,Final,Final,7,Kauffman Stadium,118,Kansas City Royals,KC,3,False,142,Minnesota Twins,MIN,4,True,686475,Tyler Tolbert,Tyler,Tolbert,2,1998-01-27,28,"5' 10""",185,6,Shortstop,R,Right,R,Right,0-0,,0,0,0,0,0,0,0,0,0,0,0,0,0,0,,,,,,,,,,
2026-08-06,824080,,/api/v1.1/game/824080/feed/live,R,2026,2026-08-06,,night,P,N,N,Regular Season,3,3,1,Final,Final,7,Kauffman Stadium,118,Kansas City Royals,KC,3,False,142,Minnesota Twins,MIN,4,True,668942,Josh Rojas,Joshua,Rojas,40,1994-06-30,32,"6' 1""",200,5,Third Base,L,Left,R,Right,1-3,,3,1,0,0,0,0,0,0,0,0,0,0,3,1,,,,,,,,,,
2026-08-06,824080,,/api/v1.1/game/824080/feed/live,R,2026,2026-08-06,,night,P,N,N,Regular Season,3,3,1,Final,Final,7,Kauffman Stadium,118,Kansas City Royals,KC,3,False,142,Minnesota Twins,MIN,4,True,686555,Isaac Collins,Isaac,Collins,1,1997-07-22,29,"5' 8""",188,7,Outfielder,S,Switch,R,Right,0-4 | K,,4,0,0,0,0,0,0,1,0,0,0,0,4,0,,,,,,,,,,
2026-08-06,824080,,/api/v1.1/game/824080/feed/live,R,2026,2026-08-06,,night,P,N,N,Regular Season,3,3,1,Final,Final,7,Kauffman Stadium,118,Kansas City Royals,KC,3,False,142,Minnesota Twins,MIN,4,True,521692,Salvador Perez,Salvador,Perez,13,1990-05-10,36,"6' 2""",255,10,Designated Hitter,R,Right,R,Right,"1-3 | BB, RBI",,3,1,0,0,0,1,0,0,1,0,0,0,4,1,,,,,,,,,,
2026-08-06,824080,,/api/v1.1/game/824080/feed/live,R,2026,2026-08-06,,night,P,N,N,Regular Season,3,3,1,Final,Final,7,Kauffman Stadium,118,Kansas City Royals,KC,3,False,142,Minnesota Twins,MIN,4,True,679845,Nick Loftin,Nicholas,Loftin,12,1998-09-25,27,"5' 11""",180,5,Third Base,R,Right,R,Right,0-1 | K,,1,0,0,0,0,0,0,1,0,0,0,0,1,0,,,,,,,,,,
2026-08-06,824080,,/api/v1.1/game/824080/feed/live,R,2026,2026-08-06,,night,P,N,N,Regular Season,3,3,1,Final,Final,7,Kauffman Stadium,118,Kansas City Royals,KC,3,False,142,Minnesota Twins,MIN,4,True,670231,John Rave,John,Rave,16,1997-12-30,28,"5' 10""",194,9,Outfielder,L,Left,L,Left,0-2,,2,0,0,0,0,0,0,0,0,0,0,0,2,0,,,,,,,,,,
2026-08-06,824080,,/api/v1.1/game/824080/feed/live,R,2026,2026-08-06,,night,P,N,N,Regular Season,3,3,1,Final,Final,7,Kauffman Stadium,118,Kansas City Royals,KC,3,False,142,Minnesota Twins,MIN,4,True,668674,Lucas Erceg,Lucas,Erceg,60,1995-05-01,31,"6' 2""",214,1,Pitcher,L,Left,R,Right,,,,,,,,,,,,,,,,,,,,,,,,,,
2026-08-06,824080,,/api/v1.1/game/824080/feed/live,R,2026,2026-08-06,,night,P,N,N,Regular Season,3,3,1,Final,Final,7,Kauffman Stadium,118,Kansas City Royals,KC,3,False,142,Minnesota Twins,MIN,4,True,686681,Michael Massey,Michael,Massey,19,1998-03-22,28,"6' 0""",195,4,Second Base,L,Left,R,Right,0-4 | K,,4,0,0,0,0,0,0,1,0,0,0,1,4,0,,,,,,,,,,
2026-08-06,824080,,/api/v1.1/game/824080/feed/live,R,2026,2026-08-06,,night,P,N,N,Regular Season,3,3,1,Final,Final,7,Kauffman Stadium,118,Kansas City Royals,KC,3,False,142,Minnesota Twins,MIN,4,True,516782,Starling Marte,Starling,Marte,0,1988-10-09,37,"6' 0""",195,9,Outfielder,R,Right,R,Right,,,,,,,,,,,,,,,,,,,,,,,,,,
2026-08-06,824080,,/api/v1.1/game/824080/feed/live,R,2026,2026-08-06,,night,P,N,N,Regular Season,3,3,1,Final,Final,7,Kauffman Stadium,118,Kansas City Royals,KC,3,False,142,Minnesota Twins,MIN,4,True,607481,Aaron Bummer,Aaron,Bummer,36,1993-09-21,32,"6' 3""",215,1,Pitcher,L,Left,L,Left,"0.1 IP, 3 ER, 0 K, BB",,,,,,,,,,,,,,,,0.1,3,2,0,0,1,20,0,1,0
2026-08-06,824080,,/api/v1.1/game/824080/feed/live,R,2026,2026-08-06,,night,P,N,N,Regular Season,3,3,1,Final,Final,7,Kauffman Stadium,118,Kansas City Royals,KC,3,False,142,Minnesota Twins,MIN,4,True,571912,Luke Maile,Luke,Maile,18,1991-02-06,35,"6' 3""",225,2,Catcher,R,Right,R,Right,,,,,,,,,,,,,,,,,,,,,,,,,,
2026-08-06,824080,,/api/v1.1/game/824080/feed/live,R,2026,2026-08-06,,night,P,N,N,Regular Season,3,3,1,Final,Final,7,Kauffman Stadium,118,Kansas City Royals,KC,3,False,142,Minnesota Twins,MIN,4,True,668834,Easton McGee,Easton,McGee,51,1997-12-26,28,"6' 7""",222,1,Pitcher,R,Right,R,Right,"1.0 IP, 0 ER, K, BB",,,,,,,,,,,,,,,,1.0,0,1,0,1,1,15,0,0,0
2026-08-06,824080,,/api/v1.1/game/824080/feed/live,R,2026,2026-08-06,,night,P,N,N,Regular Season,3,3,1,Final,Final,7,Kauffman Stadium,118,Kansas City Royals,KC,3,False,142,Minnesota Twins,MIN,4,True,664728,Kyle Isbel,Kyle,Isbel,28,1997-03-03,29,"5' 10""",190,8,Outfielder,L,Left,R,Right,0-3,,3,0,0,0,0,0,0,0,0,0,0,0,3,0,,,,,,,,,,
2026-08-06,824080,,/api/v1.1/game/824080/feed/live,R,2026,2026-08-06,,night,P,N,N,Regular Season,3,3,1,Final,Final,7,Kauffman Stadium,118,Kansas City Royals,KC,3,False,142,Minnesota Twins,MIN,4,True,663738,Daniel Lynch IV,Daniel,Lynch,41,1996-11-17,29,"6' 6""",200,1,Pitcher,L,Left,L,Left,,,,,,,,,,,,,,,,,,,,,,,,,,
2026-08-06,824080,,/api/v1.1/game/824080/feed/live,R,2026,2026-08-06,,night,P,N,N,Regular Season,3,3,1,Final,Final,7,Kauffman Stadium,118,Kansas City Royals,KC,3,False,142,Minnesota Twins,MIN,4,True,608379,Michael Wacha,Michael,Wacha,52,1991-07-01,35,"6' 6""",215,1,Pitcher,R,Right,R,Right,"5.2 IP, ER, K, 3 BB",,,,,,,,,,,,,,,,5.2,1,3,1,1,3,94,0,0,0
2026-08-06,824080,,/api/v1.1/game/824080/feed/live,R,2026,2026-08-06,,night,P,N,N,Regular Season,3,3,1,Final,Final,7,Kauffman Stadium,118,Kansas City Royals,KC,3,False,142,Minnesota Twins,MIN,4,True,663878,Nate Pearson,Nathan,Pearson,61,1996-08-20,29,"6' 6""",255,1,Pitcher,R,Right,R,Right,"0.2 IP, 0 ER, K, BB",,,,,,,,,,,,,,,,0.2,0,1,0,1,1,18,0,0,0
2026-08-06,824080,,/api/v1.1/game/824080/feed/live,R,2026,2026-08-06,,night,P,N,N,Regular Season,3,3,1,Final,Final,7,Kauffman Stadium,118,Kansas City Royals,KC,3,False,142,Minnesota Twins,MIN,4,True,607625,Seth Lugo,Jacob,Lugo,67,1989-11-17,36,"6' 4""",225,1,Pitcher,R,Right,R,Right,,,,,,,,,,,,,,,,,,,,,,,,,,
2026-08-06,824080,,/api/v1.1/game/824080/feed/live,R,2026,2026-08-06,,night,P,N,N,Regular Season,3,3,1,Final,Final,7,Kauffman Stadium,118,Kansas City Royals,KC,3,False,142,Minnesota Twins,MIN,4,True,702070,Noah Cameron,Noah,Cameron,65,1999-07-17,27,"6' 3""",220,1,Pitcher,L,Left,L,Left,,,,,,,,,,,,,,,,,,,,,,,,,,
2026-08-06,824080,,/api/v1.1/game/824080/feed/live,R,2026,2026-08-06,,night,P,N,N,Regular Season,3,3,1,Final,Final,7,Kauffman Stadium,118,Kansas City Royals,KC,3,False,142,Minnesota Twins,MIN,4,True,656638,Alex Lange,Alexander,Lange,56,1995-10-02,30,"6' 3""",202,1,Pitcher,R,Right,R,Right,"1.0 IP, 0 ER, K, BB",,,,,,,,,,,,,,,,1.0,0,0,0,1,1,12,0,0,0
2026-08-06,824080,,/api/v1.1/game/824080/feed/live,R,2026,2026-08-06,,night,P,N,N,Regular Season,3,3,1,Final,Final,7,Kauffman Stadium,118,Kansas City Royals,KC,3,False,142,Minnesota Twins,MIN,4,True,677976,Randy Dobnak,Randy,Dobnak,62,1995-01-17,31,"6' 1""",230,1,Pitcher,R,Right,R,Right,,,,,,,,,,,,,,,,,,,,,,,,,,
2026-08-06,824080,,/api/v1.1/game/824080/feed/live,R,2026,2026-08-06,,night,P,N,N,Regular Season,3,3,1,Final,Final,7,Kauffman Stadium,118,Kansas City Royals,KC,3,False,142,Minnesota Twins,MIN,4,True,695506,Jac Caglianone,Jeffrey,Caglianone,14,2003-02-09,23,"6' 4""",250,9,Outfielder,L,Left,L,Left,1-4 | 2 RBI,,4,1,0,0,0,2,0,0,0,0,0,0,4,1,,,,,,,,,,
2026-08-06,824080,,/api/v1.1/game/824080/feed/live,R,2026,2026-08-06,,night,P,N,N,Regular Season,3,3,1,Final,Final,7,Kauffman Stadium,118,Kansas City Royals,KC,3,False,142,Minnesota Twins,MIN,4,True,677951,Bobby Witt Jr.,Robert,Witt,7,2000-06-14,26,"6' 1""",200,6,Shortstop,R,Right,R,Right,"3-4 | 2B, 2 R, SB",,4,3,1,0,0,0,2,0,0,1,0,0,4,4,,,,,,,,,,
2026-08-06,824080,,/api/v1.1/game/824080/feed/live,R,2026,2026-08-06,,night,P,N,N,Regular Season,3,3,1,Final,Final,7,Kauffman Stadium,118,Kansas City Royals,KC,3,False,142,Minnesota Twins,MIN,4,True,674444,Steven Cruz,Steven,Cruz,64,1999-06-15,27,"6' 7""",225,1,Pitcher,R,Right,R,Right,,,,,,,,,,,,,,,,,,,,,,,,,,
2026-08-06,824080,,/api/v1.1/game/824080/feed/live,R,2026,2026-08-06,,night,P,N,N,Regular Season,3,3,1,Final,Final,7,Kauffman Stadium,118,Kansas City Royals,KC,3,False,142,Minnesota Twins,MIN,4,True,670167,John Schreiber,John,Schreiber,46,1994-03-05,32,"6' 2""",224,1,Pitcher,R,Right,R,Right,,,,,,,,,,,,,,,,,,,,,,,,,,
2026-08-06,824080,,/api/v1.1/game/824080/feed/live,R,2026,2026-08-06,,night,P,N,N,Regular Season,3,3,1,Final,Final,7,Kauffman Stadium,118,Kansas City Royals,KC,3,False,142,Minnesota Twins,MIN,4,True,665152,Dean Kremer,Dean,Kremer,13,1996-01-07,30,"6' 2""",210,1,Pitcher,R,Right,R,Right,,,,,,,,,,,,,,,,,,,,,,,,,,
2026-08-06,824080,,/api/v1.1/game/824080/feed/live,R,2026,2026-08-06,,night,P,N,N,Regular Season,3,3,1,Final,Final,7,Kauffman Stadium,118,Kansas City Royals,KC,3,False,142,Minnesota Twins,MIN,4,True,667297,Tommy Nance,Thomas,Nance,35,1991-03-19,35,"6' 6""",235,1,Pitcher,R,Right,R,Right,,,,,,,,,,,,,,,,,,,,,,,,,,
2026-08-06,824080,,/api/v1.1/game/824080/feed/live,R,2026,2026-08-06,,night,P,N,N,Regular Season,3,3,1,Final,Final,7,Kauffman Stadium,118,Kansas City Royals,KC,3,False,142,Minnesota Twins,MIN,4,True,671737,Taj Bradley,Taj,Bradley,26,2001-03-20,25,"6' 2""",220,1,Pitcher,R,Right,R,Right,,,,,,,,,,,,,,,,,,,,,,,,,,
2026-08-06,824080,,/api/v1.1/game/824080/feed/live,R,2026,2026-08-06,,night,P,N,N,Regular Season,3,3,1,Final,Final,7,Kauffman Stadium,118,Kansas City Royals,KC,3,False,142,Minnesota Twins,MIN,4,True,605170,Victor Caratini,Victor,Caratini,37,1993-08-17,32,"6' 0""",225,2,Catcher,S,Switch,R,Right,"0-2 | 2 BB, K",,2,0,0,0,0,0,0,1,2,0,0,0,4,0,,,,,,,,,,
2026-08-06,824080,,/api/v1.1/game/824080/feed/live,R,2026,2026-08-06,,night,P,N,N,Regular Season,3,3,1,Final,Final,7,Kauffman Stadium,118,Kansas City Royals,KC,3,False,142,Minnesota Twins,MIN,4,True,665019,Kody Clemens,Kody,Clemens,2,1996-05-15,30,"6' 0""",200,3,First Base,L,Left,R,Right,0-3,,3,0,0,0,0,0,0,0,0,0,0,0,3,0,,,,,,,,,,
2026-08-06,824080,,/api/v1.1/game/824080/feed/live,R,2026,2026-08-06,,night,P,N,N,Regular Season,3,3,1,Final,Final,7,Kauffman Stadium,118,Kansas City Royals,KC,3,False,142,Minnesota Twins,MIN,4,True,686797,Brooks Lee,Brooks,Lee,22,2001-02-14,25,"6' 0""",205,5,Third Base,S,Switch,R,Right,1-4 | 2 RBI,,4,1,0,0,0,2,0,0,0,0,0,0,4,1,,,,,,,,,,
2026-08-06,824080,,/api/v1.1/game/824080/feed/live,R,2026,2026-08-06,,night,P,N,N,Regular Season,3,3,1,Final,Final,7,Kauffman Stadium,118,Kansas City Royals,KC,3,False,142,Minnesota Twins,MIN,4,True,668885,Austin Martin,Christopher,Martin,16,1999-03-23,27,"5' 10""",185,9,Outfielder,R,Right,R,Right,1-2,,2,1,0,0,0,0,0,0,0,0,0,0,2,1,,,,,,,,,,
2026-08-06,824080,,/api/v1.1/game/824080/feed/live,R,2026,2026-08-06,,night,P,N,N,Regular Season,3,3,1,Final,Final,7,Kauffman Stadium,118,Kansas City Royals,KC,3,False,142,Minnesota Twins,MIN,4,True,656484,Tristan Gray,Tristan,Gray,4,1996-03-22,30,"6' 1""",215,6,Shortstop,L,Left,R,Right,"0-3 | BB, K",,3,0,0,0,0,0,0,1,1,0,0,0,4,0,,,,,,,,,,
2026-08-06,824080,,/api/v1.1/game/824080/feed/live,R,2026,2026-08-06,,night,P,N,N,Regular Season,3,3,1,Final,Final,7,Kauffman Stadium,118,Kansas City Royals,KC,3,False,142,Minnesota Twins,MIN,4,True,605137,Josh Bell,Joshua,Bell,56,1992-08-14,33,"6' 3""",261,10,Designated Hitter,S,Switch,R,Right,"1-3 | BB, RBI",,3,1,0,0,0,1,0,0,1,0,0,0,4,1,,,,,,,,,,
2026-08-06,824080,,/api/v1.1/game/824080/feed/live,R,2026,2026-08-06,,night,P,N,N,Regular Season,3,3,1,Final,Final,7,Kauffman Stadium,118,Kansas City Royals,KC,3,False,142,Minnesota Twins,MIN,4,True,656546,Jeff Hoffman,Jeffrey,Hoffman,24,1993-01-08,33,"6' 5""",235,1,Pitcher,R,Right,R,Right,,,,,,,,,,,,,,,,,,,,,,,,,,
2026-08-06,824080,,/api/v1.1/game/824080/feed/live,R,2026,2026-08-06,,night,P,N,N,Regular Season,3,3,1,Final,Final,7,Kauffman Stadium,118,Kansas City Royals,KC,3,False,142,Minnesota Twins,MIN,4,True,621345,A.J. Minter,Alex,Minter,33,1993-09-02,32,"6' 0""",215,1,Pitcher,L,Left,L,Left,,,,,,,,,,,,,,,,,,,,,,,,,,
2026-08-06,824080,,/api/v1.1/game/824080/feed/live,R,2026,2026-08-06,,night,P,N,N,Regular Season,3,3,1,Final,Final,7,Kauffman Stadium,118,Kansas City Royals,KC,3,False,142,Minnesota Twins,MIN,4,True,702176,Alan Roden,Alan,Roden,18,1999-12-22,26,"5' 11""",215,9,Outfielder,L,Left,R,Right,"1-3 | 2B, BB",,3,1,1,0,0,0,0,0,1,0,0,0,4,2,,,,,,,,,,
2026-08-06,824080,,/api/v1.1/game/824080/feed/live,R,2026,2026-08-06,,night,P,N,N,Regular Season,3,3,1,Final,Final,7,Kauffman Stadium,118,Kansas City Royals,KC,3,False,142,Minnesota Twins,MIN,4,True,687570,Connor Prielipp,Connor,Prielipp,61,2001-01-10,25,"6' 2""",210,1,Pitcher,L,Left,L,Left,,,,,,,,,,,,,,,,,,,,,,,,,,
2026-08-06,824080,,/api/v1.1/game/824080/feed/live,R,2026,2026-08-06,,night,P,N,N,Regular Season,3,3,1,Final,Final,7,Kauffman Stadium,118,Kansas City Royals,KC,3,False,142,Minnesota Twins,MIN,4,True,680777,Ryan Jeffers,Ryan,Jeffers,27,1997-06-03,29,"6' 2""",235,2,Catcher,R,Right,R,Right,"0-1 | BB, R",,1,0,0,0,0,0,1,0,1,0,0,0,2,0,,,,,,,,,,
2026-08-06,824080,,/api/v1.1/game/824080/feed/live,R,2026,2026-08-06,,night,P,N,N,Regular Season,3,3,1,Final,Final,7,Kauffman Stadium,118,Kansas City Royals,KC,3,False,142,Minnesota Twins,MIN,4,True,668952,Ryan Kreidler,Ryan,Kreidler,5,1997-11-12,28,"6' 3""",208,6,Shortstop,R,Right,R,Right,0-0,,0,0,0,0,0,0,0,0,0,0,0,0,0,0,,,,,,,,,,
2026-08-06,824080,,/api/v1.1/game/824080/feed/live,R,2026,2026-08-06,,night,P,N,N,Regular Season,3,3,1,Final,Final,7,Kauffman Stadium,118,Kansas City Royals,KC,3,False,142,Minnesota Twins,MIN,4,True,573124,Taylor Rogers,Taylor,Rogers,55,1990-12-17,35,"6' 3""",190,1,Pitcher,L,Left,L,Left,,,,,,,,,,,,,,,,,,,,,,,,,,
2026-08-06,824080,,/api/v1.1/game/824080/feed/live,R,2026,2026-08-06,,night,P,N,N,Regular Season,3,3,1,Final,Final,7,Kauffman Stadium,118,Kansas City Royals,KC,3,False,142,Minnesota Twins,MIN,4,True,641927,Bailey Ober,John,Ober,17,1995-07-12,31,"6' 9""",260,1,Pitcher,R,Right,R,Right,"6.0 IP, 3 ER, 0 K, 0 BB",,,,,,,,,,,,,,,,6.0,3,6,0,0,0,74,0,0,0
2026-08-06,824080,,/api/v1.1/game/824080/feed/live,R,2026,2026-08-06,,night,P,N,N,Regular Season,3,3,1,Final,Final,7,Kauffman Stadium,118,Kansas City Royals,KC,3,False,142,Minnesota Twins,MIN,4,True,681892,Kody Funderburk,Kody,Funderburk,57,1996-11-27,29,"6' 4""",230,1,Pitcher,L,Left,L,Left,"1.0 IP, 0 ER, K, 0 BB",,,,,,,,,,,,,,,,1.0,0,1,0,1,0,20,1,0,0
2026-08-06,824080,,/api/v1.1/game/824080/feed/live,R,2026,2026-08-06,,night,P,N,N,Regular Season,3,3,1,Final,Final,7,Kauffman Stadium,118,Kansas City Royals,KC,3,False,142,Minnesota Twins,MIN,4,True,701519,Travis Adams,Travis,Adams,45,2000-01-19,26,"6' 1""",197,1,Pitcher,R,Right,R,Right,,,,,,,,,,,,,,,,,,,,,,,,,,
2026-08-06,824080,,/api/v1.1/game/824080/feed/live,R,2026,2026-08-06,,night,P,N,N,Regular Season,3,3,1,Final,Final,7,Kauffman Stadium,118,Kansas City Royals,KC,3,False,142,Minnesota Twins,MIN,4,True,668904,Royce Lewis,Royce,Lewis,23,1999-06-05,27,"6' 0""",200,5,Third Base,R,Right,R,Right,"1-4 | HR, HBP, RBI",,4,1,0,0,1,1,1,0,0,0,0,0,5,4,,,,,,,,,,
2026-08-06,824080,,/api/v1.1/game/824080/feed/live,R,2026,2026-08-06,,night,P,N,N,Regular Season,3,3,1,Final,Final,7,Kauffman Stadium,118,Kansas City Royals,KC,3,False,142,Minnesota Twins,MIN,4,True,663616,Trevor Larnach,Trevor,Larnach,9,1997-02-26,29,"6' 3""",223,7,Outfielder,L,Left,R,Right,1-3 | K,,3,1,0,0,0,0,0,1,0,0,0,0,3,1,,,,,,,,,,
2026-08-06,824080,,/api/v1.1/game/824080/feed/live,R,2026,2026-08-06,,night,P,N,N,Regular Season,3,3,1,Final,Final,7,Kauffman Stadium,118,Kansas City Royals,KC,3,False,142,Minnesota Twins,MIN,4,True,672782,Yoendrys Gómez,Yoendrys,Gómez,94,1999-10-15,26,"6' 3""",212,1,Pitcher,R,Right,R,Right,"1.0 IP, 0 ER, 2 K, BB",,,,,,,,,,,,,,,,1.0,0,0,0,2,1,18,0,0,1
2026-08-06,824080,,/api/v1.1/game/824080/feed/live,R,2026,2026-08-06,,night,P,N,N,Regular Season,3,3,1,Final,Final,7,Kauffman Stadium,118,Kansas City Royals,KC,3,False,142,Minnesota Twins,MIN,4,True,657746,Joe Ryan,Joseph,Ryan,41,1996-06-05,30,"6' 2""",205,1,Pitcher,R,Right,R,Right,,,,,,,,,,,,,,,,,,,,,,,,,,
2026-08-06,824080,,/api/v1.1/game/824080/feed/live,R,2026,2026-08-06,,night,P,N,N,Regular Season,3,3,1,Final,Final,7,Kauffman Stadium,118,Kansas City Royals,KC,3,False,142,Minnesota Twins,MIN,4,True,656577,Alex Jackson,Alexander,Jackson,70,1995-12-25,30,"6' 1""",238,2,Catcher,R,Right,R,Right,"0-1 | K, R",,1,0,0,0,0,0,1,1,0,0,0,0,1,0,,,,,,,,,,
2026-08-06,824080,,/api/v1.1/game/824080/feed/live,R,2026,2026-08-06,,night,P,N,N,Regular Season,3,3,1,Final,Final,7,Kauffman Stadium,118,Kansas City Royals,KC,3,False,142,Minnesota Twins,MIN,4,True,702193,Andrew Morris,Andrew,Morris,78,2001-09-01,24,"6' 0""",195,1,Pitcher,R,Right,R,Right,"1.0 IP, 0 ER, K, 0 BB",,,,,,,,,,,,,,,,1.0,0,0,0,1,0,13,0,0,0
2026-08-06,824080,,/api/v1.1/game/824080/feed/live,R,2026,2026-08-06,,night,P,N,N,Regular Season,3,3,1,Final,Final,7,Kauffman Stadium,118,Kansas City Royals,KC,3,False,142,Minnesota Twins,MIN,4,True,807712,Luke Keaschall,Luke,Keaschall,15,2002-08-15,23,"6' 0""",190,4,Second Base,R,Right,R,Right,"1-4 | BB, R",,4,1,0,0,0,0,1,0,1,0,0,0,5,1,,,,,,,,,,
2026-08-06,825053,,/api/v1.1/game/825053/feed/live,R,2026,2026-08-06,,night,P,N,N,Regular Season,4,4,1,Final,Final,15,Chase Field,109,Arizona Diamondbacks,AZ,1,False,135,San Diego Padres,SD,5,True,593958,Eduardo Rodriguez,Eduardo,Rodriguez,57,1993-04-07,33,"6' 2""",231,1,Pitcher,L,Left,L,Left,,,,,,,,,,,,,,,,,,,,,,,,,,
2026-08-06,825053,,/api/v1.1/game/825053/feed/live,R,2026,2026-08-06,,night,P,N,N,Regular Season,4,4,1,Final,Final,15,Chase Field,109,Arizona Diamondbacks,AZ,1,False,135,San Diego Padres,SD,5,True,666661,Juan Morillo,Juan,Morillo,62,1999-03-19,27,"6' 1""",215,1,Pitcher,R,Right,R,Right,"1.0 IP, 0 ER, 0 K, 0 BB",,,,,,,,,,,,,,,,1.0,0,2,0,0,0,7,0,0,0
2026-08-06,825053,,/api/v1.1/game/825053/feed/live,R,2026,2026-08-06,,night,P,N,N,Regular Season,4,4,1,Final,Final,15,Chase Field,109,Arizona Diamondbacks,AZ,1,False,135,San Diego Padres,SD,5,True,694374,Tim Tawa,Timothy,Tawa,13,1999-04-07,27,"5' 11""",205,7,Outfielder,R,Right,R,Right,1-4 | 3 K,,4,1,0,0,0,0,0,3,0,0,0,0,4,1,,,,,,,,,,
2026-08-06,825053,,/api/v1.1/game/825053/feed/live,R,2026,2026-08-06,,night,P,N,N,Regular Season,4,4,1,Final,Final,15,Chase Field,109,Arizona Diamondbacks,AZ,1,False,135,San Diego Padres,SD,5,True,694297,Brandon Pfaadt,Brandon,Pfaadt,32,1998-10-15,27,"6' 4""",220,1,Pitcher,R,Right,R,Right,,,,,,,,,,,,,,,,,,,,,,,,,,
2026-08-06,825053,,/api/v1.1/game/825053/feed/live,R,2026,2026-08-06,,night,P,N,N,Regular Season,4,4,1,Final,Final,15,Chase Field,109,Arizona Diamondbacks,AZ,1,False,135,San Diego Padres,SD,5,True,672629,Gerardo Carrillo,Gerardo,Carrillo,68,1998-09-13,27,"6' 1""",185,1,Pitcher,R,Right,R,Right,,,,,,,,,,,,,,,,,,,,,,,,,,
2026-08-06,825053,,/api/v1.1/game/825053/feed/live,R,2026,2026-08-06,,night,P,N,N,Regular Season,4,4,1,Final,Final,15,Chase Field,109,Arizona Diamondbacks,AZ,1,False,135,San Diego Padres,SD,5,True,571448,Nolan Arenado,Nolan,Arenado,28,1991-04-16,35,"6' 2""",215,5,Third Base,R,Right,R,Right,0-4 | K,,4,0,0,0,0,0,0,1,0,0,0,0,4,0,,,,,,,,,,
2026-08-06,825053,,/api/v1.1/game/825053/feed/live,R,2026,2026-08-06,,night,P,N,N,Regular Season,4,4,1,Final,Final,15,Chase Field,109,Arizona Diamondbacks,AZ,1,False,135,San Diego Padres,SD,5,True,663457,Lars Nootbaar,Lars,Nootbaar,21,1997-09-08,28,"6' 1""",205,7,Outfielder,L,Left,R,Right,1-4 | K,,4,1,0,0,0,0,0,1,0,0,0,0,4,1,,,,,,,,,,
2026-08-06,825053,,/api/v1.1/game/825053/feed/live,R,2026,2026-08-06,,night,P,N,N,Regular Season,4,4,1,Final,Final,15,Chase Field,109,Arizona Diamondbacks,AZ,1,False,135,San Diego Padres,SD,5,True,682988,Tyler Locklear,Tyler,Locklear,31,2000-11-24,25,"6' 2""",235,3,First Base,R,Right,R,Right,,,,,,,,,,,,,,,,,,,,,,,,,,
2026-08-06,825053,,/api/v1.1/game/825053/feed/live,R,2026,2026-08-06,,night,P,N,N,Regular Season,4,4,1,Final,Final,15,Chase Field,109,Arizona Diamondbacks,AZ,1,False,135,San Diego Padres,SD,5,True,814439,Ryan Waldschmidt,Ryan,Waldschmidt,15,2002-10-07,23,"6' 0""",205,8,Outfielder,R,Right,R,Right,0-3,,3,0,0,0,0,0,0,0,0,0,0,1,3,0,,,,,,,,,,
2026-08-06,825053,,/api/v1.1/game/825053/feed/live,R,2026,2026-08-06,,night,P,N,N,Regular Season,4,4,1,Final,Final,15,Chase Field,109,Arizona Diamondbacks,AZ,1,False,135,San Diego Padres,SD,5,True,518876,Merrill Kelly,Kenneth,Kelly,29,1988-10-14,37,"6' 2""",210,1,Pitcher,R,Right,R,Right,,,,,,,,,,,,,,,,,,,,,,,,,,
2026-08-06,825053,,/api/v1.1/game/825053/feed/live,R,2026,2026-08-06,,night,P,N,N,Regular Season,4,4,1,Final,Final,15,Chase Field,109,Arizona Diamondbacks,AZ,1,False,135,San Diego Padres,SD,5,True,656464,Kevin Ginkel,Kevin,Ginkel,37,1994-03-24,32,"6' 4""",235,1,Pitcher,L,Left,R,Right,,,,,,,,,,,,,,,,,,,,,,,,,,
2026-08-06,825053,,/api/v1.1/game/825053/feed/live,R,2026,2026-08-06,,night,P,N,N,Regular Season,4,4,1,Final,Final,15,Chase Field,109,Arizona Diamondbacks,AZ,1,False,135,San Diego Padres,SD,5,True,606466,Ketel Marte,Ketel,Marte,4,1993-10-12,32,"6' 0""",210,4,Second Base,S,Switch,R,Right,"1-3 | BB, K",,3,1,0,0,0,0,0,1,1,0,0,0,4,1,,,,,,,,,,
2026-08-06,825053,,/api/v1.1/game/825053/feed/live,R,2026,2026-08-06,,night,P,N,N,Regular Season,4,4,1,Final,Final,15,Chase Field,109,Arizona Diamondbacks,AZ,1,False,135,San Diego Padres,SD,5,True,642528,Jonathan Loáisiga,Jonathan,Loáisiga,43,1994-11-02,31,"5' 11""",195,1,Pitcher,R,Right,R,Right,"1.1 IP, 0 ER, 2 K, 0 BB",,,,,,,,,,,,,,,,1.1,0,0,0,2,0,18,0,0,0
2026-08-06,825053,,/api/v1.1/game/825053/feed/live,R,2026,2026-08-06,,night,P,N,N,Regular Season,4,4,1,Final,Final,15,Chase Field,109,Arizona Diamondbacks,AZ,1,False,135,San Diego Padres,SD,5,True,545121,Ildemaro Vargas,Ildemaro,Vargas,6,1991-07-16,35,"5' 11""",202,3,First Base,S,Switch,R,Right,,,,,,,,,,,,,,,,,,,,,,,,,,
2026-08-06,825053,,/api/v1.1/game/825053/feed/live,R,2026,2026-08-06,,night,P,N,N,Regular Season,4,4,1,Final,Final,15,Chase Field,109,Arizona Diamondbacks,AZ,1,False,135,San Diego Padres,SD,5,True,672695,Geraldo Perdomo,Geraldo,Perdomo,2,1999-10-22,26,"6' 2""",210,6,Shortstop,S,Switch,R,Right,0-4 | 3 K,,4,0,0,0,0,0,0,3,0,0,0,0,4,0,,,,,,,,,,
2026-08-06,825053,,/api/v1.1/game/825053/feed/live,R,2026,2026-08-06,,night,P,N,N,Regular Season,4,4,1,Final,Final,15,Chase Field,109,Arizona Diamondbacks,AZ,1,False,135,San Diego Padres,SD,5,True,623149,Paul Sewald,Paul,Sewald,38,1990-05-26,36,"6' 3""",219,1,Pitcher,R,Right,R,Right,,,,,,,,,,,,,,,,,,,,,,,,,,
2026-08-06,825053,,/api/v1.1/game/825053/feed/live,R,2026,2026-08-06,,night,P,N,N,Regular Season,4,4,1,Final,Final,15,Chase Field,109,Arizona Diamondbacks,AZ,1,False,135,San Diego Padres,SD,5,True,672515,Gabriel Moreno,Gabriel,Moreno,14,2000-02-14,26,"5' 9""",200,2,Catcher,R,Right,R,Right,"3-4 | 2B, RBI",,4,3,1,0,0,1,0,0,0,0,0,0,4,4,,,,,,,,,,
2026-08-06,825053,,/api/v1.1/game/825053/feed/live,R,2026,2026-08-06,,night,P,N,N,Regular Season,4,4,1,Final,Final,15,Chase Field,109,Arizona Diamondbacks,AZ,1,False,135,San Diego Padres,SD,5,True,683352,Mitch Bratt,Mitchell,Bratt,60,2003-07-03,23,"6' 1""",215,1,Pitcher,L,Left,L,Left,,,,,,,,,,,,,,,,,,,,,,,,,,
2026-08-06,825053,,/api/v1.1/game/825053/feed/live,R,2026,2026-08-06,,night,P,N,N,Regular Season,4,4,1,Final,Final,15,Chase Field,109,Arizona Diamondbacks,AZ,1,False,135,San Diego Padres,SD,5,True,684442,Kohl Drake,Kohl,Drake,58,2000-07-17,26,"6' 5""",220,1,Pitcher,L,Left,L,Left,"3.2 IP, 3 ER, K, BB",,,,,,,,,,,,,,,,3.2,3,6,0,1,1,82,0,1,0
2026-08-06,825053,,/api/v1.1/game/825053/feed/live,R,2026,2026-08-06,,night,P,N,N,Regular Season,4,4,1,Final,Final,15,Chase Field,109,Arizona Diamondbacks,AZ,1,False,135,San Diego Padres,SD,5,True,682998,Corbin Carroll,Corbin,Carroll,7,2000-08-21,25,"5' 10""",180,9,Outfielder,L,Left,L,Left,"1-4 | 2B, K, R",,4,1,1,0,0,0,1,1,0,0,0,0,4,2,,,,,,,,,,
2026-08-06,825053,,/api/v1.1/game/825053/feed/live,R,2026,2026-08-06,,night,P,N,N,Regular Season,4,4,1,Final,Final,15,Chase Field,109,Arizona Diamondbacks,AZ,1,False,135,San Diego Padres,SD,5,True,664199,Taylor Clarke,Taylor,Clarke,45,1993-05-13,33,"6' 3""",210,1,Pitcher,R,Right,R,Right,,,,,,,,,,,,,,,,,,,,,,,,,,
2026-08-06,825053,,/api/v1.1/game/825053/feed/live,R,2026,2026-08-06,,night,P,N,N,Regular Season,4,4,1,Final,Final,15,Chase Field,109,Arizona Diamondbacks,AZ,1,False,135,San Diego Padres,SD,5,True,596146,Max Kepler,Maximilian,Kepler,22,1993-02-10,33,"6' 4""",225,7,Outfielder,L,Left,L,Left,1-4,,4,1,0,0,0,0,0,0,0,0,0,0,4,1,,,,,,,,,,
2026-08-06,825053,,/api/v1.1/game/825053/feed/live,R,2026,2026-08-06,,night,P,N,N,Regular Season,4,4,1,Final,Final,15,Chase Field,109,Arizona Diamondbacks,AZ,1,False,135,San Diego Padres,SD,5,True,543510,James McCann,James,McCann,8,1990-06-13,36,"6' 2""",235,2,Catcher,R,Right,R,Right,,,,,,,,,,,,,,,,,,,,,,,,,,
2026-08-06,825053,,/api/v1.1/game/825053/feed/live,R,2026,2026-08-06,,night,P,N,N,Regular Season,4,4,1,Final,Final,15,Chase Field,109,Arizona Diamondbacks,AZ,1,False,135,San Diego Padres,SD,5,True,691769,Philip Abner,Philip,Abner,50,2002-05-05,24,"6' 1""",230,1,Pitcher,L,Left,L,Left,"3.0 IP, 2 ER, K, 2 BB",,,,,,,,,,,,,,,,3.0,2,4,0,1,2,52,0,0,0
2026-08-06,825053,,/api/v1.1/game/825053/feed/live,R,2026,2026-08-06,,night,P,N,N,Regular Season,4,4,1,Final,Final,15,Chase Field,109,Arizona Diamondbacks,AZ,1,False,135,San Diego Padres,SD,5,True,805299,Brandyn Garcia,Brandyn,Garcia,55,2000-05-27,26,"6' 4""",235,1,Pitcher,L,Left,L,Left,,,,,,,,,,,,,,,,,,,,,,,,,,
2026-08-06,825053,,/api/v1.1/game/825053/feed/live,R,2026,2026-08-06,,night,P,N,N,Regular Season,4,4,1,Final,Final,15,Chase Field,109,Arizona Diamondbacks,AZ,1,False,135,San Diego Padres,SD,5,True,678489,Jorge Barrosa,Jorge,Barrosa,1,2001-02-17,25,"5' 6""",175,8,Outfielder,S,Switch,L,Left,,,,,,,,,,,,,,,,,,,,,,,,,,
2026-08-06,825053,,/api/v1.1/game/825053/feed/live,R,2026,2026-08-06,,night,P,N,N,Regular Season,4,4,1,Final,Final,15,Chase Field,109,Arizona Diamondbacks,AZ,1,False,135,San Diego Padres,SD,5,True,650859,Luis Rengifo,Luis,Rengifo,21,1997-02-26,29,"5' 9""",204,7,Outfielder,S,Switch,R,Right,3-5,,5,3,0,0,0,0,0,0,0,0,0,0,5,3,,,,,,,,,,
2026-08-06,825053,,/api/v1.1/game/825053/feed/live,R,2026,2026-08-06,,night,P,N,N,Regular Season,4,4,1,Final,Final,15,Chase Field,109,Arizona Diamondbacks,AZ,1,False,135,San Diego Padres,SD,5,True,669134,Luis Campusano,Luis,Campusano,12,1998-09-29,27,"5' 10""",232,2,Catcher,R,Right,R,Right,,,,,,,,,,,,,,,,,,,,,,,,,,
2026-08-06,825053,,/api/v1.1/game/825053/feed/live,R,2026,2026-08-06,,night,P,N,N,Regular Season,4,4,1,Final,Final,15,Chase Field,109,Arizona Diamondbacks,AZ,1,False,135,San Diego Padres,SD,5,True,673513,Yuki Matsui,Yuki,Matsui,1,1995-10-30,30,"5' 8""",165,1,Pitcher,L,Left,L,Left,,,,,,,,,,,,,,,,,,,,,,,,,,
2026-08-06,825053,,/api/v1.1/game/825053/feed/live,R,2026,2026-08-06,,night,P,N,N,Regular Season,4,4,1,Final,Final,15,Chase Field,109,Arizona Diamondbacks,AZ,1,False,135,San Diego Padres,SD,5,True,669398,Gage Workman,Gage,Workman,99,1999-10-24,26,"6' 4""",202,5,Third Base,L,Left,R,Right,,,,,,,,,,,,,,,,,,,,,,,,,,
2026-08-06,825053,,/api/v1.1/game/825053/feed/live,R,2026,2026-08-06,,night,P,N,N,Regular Season,4,4,1,Final,Final,15,Chase Field,109,Arizona Diamondbacks,AZ,1,False,135,San Diego Padres,SD,5,True,666023,Freddy Fermin,Freddy,Fermin,54,1995-05-16,31,"5' 10""",200,2,Catcher,R,Right,R,Right,1-4 | RBI,,4,1,0,0,0,1,0,0,0,0,0,0,4,1,,,,,,,,,,
2026-08-06,825053,,/api/v1.1/game/825053/feed/live,R,2026,2026-08-06,,night,P,N,N,Regular Season,4,4,1,Final,Final,15,Chase Field,109,Arizona Diamondbacks,AZ,1,False,135,San Diego Padres,SD,5,True,650633,Michael King,Michael,King,34,1995-05-25,31,"6' 3""",210,1,Pitcher,R,Right,R,Right,,,,,,,,,,,,,,,,,,,,,,,,,,
2026-08-06,825053,,/api/v1.1/game/825053/feed/live,R,2026,2026-08-06,,night,P,N,N,Regular Season,4,4,1,Final,Final,15,Chase Field,109,Arizona Diamondbacks,AZ,1,False,135,San Diego Padres,SD,5,True,695243,Mason Miller,Mason,Miller,22,1998-08-24,27,"6' 5""",200,1,Pitcher,R,Right,R,Right,"1.0 IP, 0 ER, 2 K, 0 BB",,,,,,,,,,,,,,,,1.0,0,1,0,2,0,17,0,0,0
2026-08-06,825053,,/api/v1.1/game/825053/feed/live,R,2026,2026-08-06,,night,P,N,N,Regular Season,4,4,1,Final,Final,15,Chase Field,109,Arizona Diamondbacks,AZ,1,False,135,San Diego Padres,SD,5,True,663554,Casey Mize,Casey,Mize,32,1997-05-01,29,"6' 3""",212,1,Pitcher,R,Right,R,Right,,,,,,,,,,,,,,,,,,,,,,,,,,
2026-08-06,825053,,/api/v1.1/game/825053/feed/live,R,2026,2026-08-06,,night,P,N,N,Regular Season,4,4,1,Final,Final,15,Chase Field,109,Arizona Diamondbacks,AZ,1,False,135,San Diego Padres,SD,5,True,593974,Wandy Peralta,Wandy,Peralta,58,1991-07-27,35,"6' 0""",227,1,Pitcher,L,Left,L,Left,,,,,,,,,,,,,,,,,,,,,,,,,,
2026-08-06,825053,,/api/v1.1/game/825053/feed/live,R,2026,2026-08-06,,night,P,N,N,Regular Season,4,4,1,Final,Final,15,Chase Field,109,Arizona Diamondbacks,AZ,1,False,135,San Diego Padres,SD,5,True,621111,Walker Buehler,Walker,Buehler,10,1994-07-28,32,"6' 2""",185,1,Pitcher,R,Right,R,Right,"4.0 IP, ER, 3 K, BB",,,,,,,,,,,,,,,,4.0,1,6,0,3,1,76,0,0,0
2026-08-06,825053,,/api/v1.1/game/825053/feed/live,R,2026,2026-08-06,,night,P,N,N,Regular Season,4,4,1,Final,Final,15,Chase Field,109,Arizona Diamondbacks,AZ,1,False,135,San Diego Padres,SD,5,True,701538,Jackson Merrill,Jackson,Merrill,3,2003-04-19,23,"6' 2""",195,8,Outfielder,L,Left,R,Right,"2-5 | K, RBI, R",,5,2,0,0,0,1,1,1,0,0,0,0,5,2,,,,,,,,,,
2026-08-06,825053,,/api/v1.1/game/825053/feed/live,R,2026,2026-08-06,,night,P,N,N,Regular Season,4,4,1,Final,Final,15,Chase Field,109,Arizona Diamondbacks,AZ,1,False,135,San Diego Padres,SD,5,True,656288,Griffin Canning,Griffin,Canning,17,1996-05-11,30,"6' 2""",180,1,Pitcher,R,Right,R,Right,,,,,,,,,,,,,,,,,,,,,,,,,,
2026-08-06,825053,,/api/v1.1/game/825053/feed/live,R,2026,2026-08-06,,night,P,N,N,Regular Season,4,4,1,Final,Final,15,Chase Field,109,Arizona Diamondbacks,AZ,1,False,135,San Diego Padres,SD,5,True,699134,Bradgley Rodriguez,Bradgley,Rodriguez,72,2003-11-16,22,"6' 1""",160,1,Pitcher,R,Right,R,Right,"2.0 IP, 0 ER, K, 0 BB",,,,,,,,,,,,,,,,2.0,0,0,0,1,0,25,1,0,0
2026-08-06,825053,,/api/v1.1/game/825053/feed/live,R,2026,2026-08-06,,night,P,N,N,Regular Season,4,4,1,Final,Final,15,Chase Field,109,Arizona Diamondbacks,AZ,1,False,135,San Diego Padres,SD,5,True,823550,Sung-Mun Song,Sung-Mun,Song,24,1996-08-29,29,"6' 0""",194,4,Second Base,L,Left,R,Right,,,,,,,,,,,,,,,,,,,,,,,,,,
2026-08-06,825053,,/api/v1.1/game/825053/feed/live,R,2026,2026-08-06,,night,P,N,N,Regular Season,4,4,1,Final,Final,15,Chase Field,109,Arizona Diamondbacks,AZ,1,False,135,San Diego Padres,SD,5,True,669093,Jeremiah Estrada,Jeremiah,Estrada,56,1998-11-01,27,"6' 1""",185,1,Pitcher,S,Switch,R,Right,"1.0 IP, 0 ER, K, 0 BB",,,,,,,,,,,,,,,,1.0,0,0,0,1,0,12,0,0,0
2026-08-06,825053,,/api/v1.1/game/825053/feed/live,R,2026,2026-08-06,,night,P,N,N,Regular Season,4,4,1,Final,Final,15,Chase Field,109,Arizona Diamondbacks,AZ,1,False,135,San Diego Padres,SD,5,True,657757,Gavin Sheets,Gavin,Sheets,30,1996-04-23,30,"6' 3""",235,3,First Base,L,Left,L,Left,0-4 | K,,4,0,0,0,0,0,0,1,0,0,0,0,4,0,,,,,,,,,,
2026-08-06,825053,,/api/v1.1/game/825053/feed/live,R,2026,2026-08-06,,night,P,N,N,Regular Season,4,4,1,Final,Final,15,Chase Field,109,Arizona Diamondbacks,AZ,1,False,135,San Diego Padres,SD,5,True,670970,Adrian Morejon,Adrian,Morejon,50,1999-02-27,27,"5' 11""",224,1,Pitcher,L,Left,L,Left,"1.0 IP, 0 ER, 3 K, 0 BB",,,,,,,,,,,,,,,,1.0,0,1,0,3,0,16,0,0,0
2026-08-06,825053,,/api/v1.1/game/825053/feed/live,R,2026,2026-08-06,,night,P,N,N,Regular Season,4,4,1,Final,Final,15,Chase Field,109,Arizona Diamondbacks,AZ,1,False,135,San Diego Padres,SD,5,True,592518,Manny Machado,Manuel,Machado,13,1992-07-06,34,"6' 2""",218,5,Third Base,R,Right,R,Right,"0-4 | BB, K, RBI",,4,0,0,0,0,1,1,1,1,0,0,1,5,0,,,,,,,,,,
2026-08-06,825053,,/api/v1.1/game/825053/feed/live,R,2026,2026-08-06,,night,P,N,N,Regular Season,4,4,1,Final,Final,15,Chase Field,109,Arizona Diamondbacks,AZ,1,False,135,San Diego Padres,SD,5,True,665487,Fernando Tatis Jr.,Fernando,Tatis,23,1999-01-02,27,"6' 3""",217,9,Outfielder,R,Right,R,Right,"1-4 | 2B, BB, 2 R",,4,1,1,0,0,0,2,0,1,0,0,0,5,2,,,,,,,,,,
2026-08-06,825053,,/api/v1.1/game/825053/feed/live,R,2026,2026-08-06,,night,P,N,N,Regular Season,4,4,1,Final,Final,15,Chase Field,109,Arizona Diamondbacks,AZ,1,False,135,San Diego Padres,SD,5,True,664034,Ty France,Tyler,France,25,1994-07-13,32,"5' 10""",215,3,First Base,R,Right,R,Right,"2-4 | 2 2B, K, RBI",,4,2,2,0,0,1,0,1,0,0,0,0,5,4,,,,,,,,,,
2026-08-06,825053,,/api/v1.1/game/825053/feed/live,R,2026,2026-08-06,,night,P,N,N,Regular Season,4,4,1,Final,Final,15,Chase Field,109,Arizona Diamondbacks,AZ,1,False,135,San Diego Padres,SD,5,True,593428,Xander Bogaerts,Xander,Bogaerts,2,1992-10-01,33,"6' 2""",218,6,Shortstop,R,Right,R,Right,2-3 | BB,,3,2,0,0,0,0,0,0,1,0,0,0,4,2,,,,,,,,,,
2026-08-06,825053,,/api/v1.1/game/825053/feed/live,R,2026,2026-08-06,,night,P,N,N,Regular Season,4,4,1,Final,Final,15,Chase Field,109,Arizona Diamondbacks,AZ,1,False,135,San Diego Padres,SD,5,True,687749,Jase Bowen,Jase,Bowen,4,2000-09-02,25,"6' 0""",215,9,Outfielder,R,Right,R,Right,0-0,,0,0,0,0,0,0,0,0,0,0,0,0,0,0,,,,,,,,,,
2026-08-06,825053,,/api/v1.1/game/825053/feed/live,R,2026,2026-08-06,,night,P,N,N,Regular Season,4,4,1,Final,Final,15,Chase Field,109,Arizona Diamondbacks,AZ,1,False,135,San Diego Padres,SD,5,True,606996,Kyle Hart,Kyle,Hart,68,1992-11-23,33,"6' 5""",200,1,Pitcher,L,Left,L,Left,,,,,,,,,,,,,,,,,,,,,,,,,,
2026-08-06,825053,,/api/v1.1/game/825053/feed/live,R,2026,2026-08-06,,night,P,N,N,Regular Season,4,4,1,Final,Final,15,Chase Field,109,Arizona Diamondbacks,AZ,1,False,135,San Diego Padres,SD,5,True,630105,Jake Cronenworth,Jacob,Cronenworth,9,1994-01-21,32,"5' 11""",187,4,Second Base,L,Left,R,Right,"1-3 | 2B, HBP, R",,3,1,1,0,0,0,1,0,0,0,0,0,4,2,,,,,,,,,,
2026-08-06,825053,,/api/v1.1/game/825053/feed/live,R,2026,2026-08-06,,night,P,N,N,Regular Season,4,4,1,Final,Final,15,Chase Field,109,Arizona Diamondbacks,AZ,1,False,135,San Diego Padres,SD,5,True,592662,Robbie Ray,Robert,Ray,38,1991-10-01,34,"6' 2""",220,1,Pitcher,L,Left,L,Left,,,,,,,,,,,,,,,,,,,,,,,,,,
2026-08-06,825053,,/api/v1.1/game/825053/feed/live,R,2026,2026-08-06,,night,P,N,N,Regular Season,4,4,1,Final,Final,15,Chase Field,109,Arizona Diamondbacks,AZ,1,False,135,San Diego Padres,SD,5,True,681190,Randy Vásquez,Randy,Vásquez,98,1998-11-03,27,"6' 0""",165,1,Pitcher,R,Right,R,Right,,,,,,,,,,,,,,,,,,,,,,,,,,
