gameDate,gamePk,gameGuid,link,gameType,season,officialDate,description,dayNight,gamedayType,doubleHeader,tiebreaker,seriesDescription,seriesGameNumber,gamesInSeries,gameNumber,status_abstractGameState,status_detailedState,venue_id,venue_name,home_team_id,home_team_name,home_team_abbreviation,home_score,home_isWinner,away_team_id,away_team_name,away_team_abbreviation,away_score,away_isWinner,playerId,fullName,firstName,lastName,primaryNumber,birthDate,currentAge,height,weight,primaryPosition_code,primaryPosition_name,batSide_code,batSide_description,pitchHand_code,pitchHand_description,gameLogSummary,note,atBats,hits,doubles,triples,homeRuns,rbi,runs,strikeOuts,baseOnBalls,stolenBases,caughtStealing,groundIntoDoublePlay,plateAppearances,totalBases,inningsPitched,earnedRuns,hitsAllowed,homeRunsAllowed,strikeOutsPitching,baseOnBallsPitching,pitchesThrown,wins,losses,saves
2026-08-03,823431,,/api/v1.1/game/823431/feed/live,R,2026,2026-08-03,,night,P,N,N,Regular Season,1,4,1,Final,Final,2681,Citizens Bank Park,143,Philadelphia Phillies,PHI,6,True,120,Washington Nationals,WSH,3,False,687282,Gabriel Rincones Jr.,Gabriel,Rincones,17,2001-03-03,25,"6' 3""",225,9,Outfielder,L,Left,R,Right,,,,,,,,,,,,,,,,,,,,,,,,,,
2026-08-03,823431,,/api/v1.1/game/823431/feed/live,R,2026,2026-08-03,,night,P,N,N,Regular Season,1,4,1,Final,Final,2681,Citizens Bank Park,143,Philadelphia Phillies,PHI,6,True,120,Washington Nationals,WSH,3,False,669016,Brandon Marsh,Brandon,Marsh,16,1997-12-18,28,"6' 2""",215,7,Outfielder,L,Left,R,Right,0-1,,1,0,0,0,0,0,0,0,0,0,0,0,1,0,,,,,,,,,,
2026-08-03,823431,,/api/v1.1/game/823431/feed/live,R,2026,2026-08-03,,night,P,N,N,Regular Season,1,4,1,Final,Final,2681,Citizens Bank Park,143,Philadelphia Phillies,PHI,6,True,120,Washington Nationals,WSH,3,False,666200,Jesús Luzardo,Jesús,Luzardo,44,1997-09-30,28,"6' 0""",218,1,Pitcher,L,Left,L,Left,,,,,,,,,,,,,,,,,,,,,,,,,,
2026-08-03,823431,,/api/v1.1/game/823431/feed/live,R,2026,2026-08-03,,night,P,N,N,Regular Season,1,4,1,Final,Final,2681,Citizens Bank Park,143,Philadelphia Phillies,PHI,6,True,120,Washington Nationals,WSH,3,False,621237,José Alvarado,José,Alvarado,46,1995-05-21,31,"6' 2""",245,1,Pitcher,L,Left,L,Left,,,,,,,,,,,,,,,,,,,,,,,,,,
2026-08-03,823431,,/api/v1.1/game/823431/feed/live,R,2026,2026-08-03,,night,P,N,N,Regular Season,1,4,1,Final,Final,2681,Citizens Bank Park,143,Philadelphia Phillies,PHI,6,True,120,Washington Nationals,WSH,3,False,702222,Justin Crawford,Justin,Crawford,2,2004-01-13,22,"6' 2""",188,8,Outfielder,L,Left,R,Right,0-0 | R,,0,0,0,0,0,0,1,0,0,0,0,0,0,0,,,,,,,,,,
2026-08-03,823431,,/api/v1.1/game/823431/feed/live,R,2026,2026-08-03,,night,P,N,N,Regular Season,1,4,1,Final,Final,2681,Citizens Bank Park,143,Philadelphia Phillies,PHI,6,True,120,Washington Nationals,WSH,3,False,650559,Bryan De La Cruz,Bryan,De La Cruz,41,1996-12-16,29,"6' 0""",175,9,Outfielder,R,Right,R,Right,"0-1 | BB, 2 HBP, R",,1,0,0,0,0,0,1,0,1,0,0,1,4,0,,,,,,,,,,
2026-08-03,823431,,/api/v1.1/game/823431/feed/live,R,2026,2026-08-03,,night,P,N,N,Regular Season,1,4,1,Final,Final,2681,Citizens Bank Park,143,Philadelphia Phillies,PHI,6,True,120,Washington Nationals,WSH,3,False,650911,Cristopher Sánchez,Cristopher,Sánchez,61,1996-12-12,29,"6' 6""",200,1,Pitcher,L,Left,L,Left,,,,,,,,,,,,,,,,,,,,,,,,,,
2026-08-03,823431,,/api/v1.1/game/823431/feed/live,R,2026,2026-08-03,,night,P,N,N,Regular Season,1,4,1,Final,Final,2681,Citizens Bank Park,143,Philadelphia Phillies,PHI,6,True,120,Washington Nationals,WSH,3,False,547180,Bryce Harper,Bryce,Harper,3,1992-10-16,33,"6' 1""",210,3,First Base,L,Left,R,Right,"1-4 | HR, K, 2 RBI",,4,1,0,0,1,2,1,1,0,0,0,0,4,4,,,,,,,,,,
2026-08-03,823431,,/api/v1.1/game/823431/feed/live,R,2026,2026-08-03,,night,P,N,N,Regular Season,1,4,1,Final,Final,2681,Citizens Bank Park,143,Philadelphia Phillies,PHI,6,True,120,Washington Nationals,WSH,3,False,592663,J.T. Realmuto,Jacob,Realmuto,10,1991-03-18,35,"6' 0""",212,2,Catcher,R,Right,R,Right,,,,,,,,,,,,,,,,,,,,,,,,,,
2026-08-03,823431,,/api/v1.1/game/823431/feed/live,R,2026,2026-08-03,,night,P,N,N,Regular Season,1,4,1,Final,Final,2681,Citizens Bank Park,143,Philadelphia Phillies,PHI,6,True,120,Washington Nationals,WSH,3,False,554430,Zack Wheeler,Zachary,Wheeler,45,1990-05-30,36,"6' 4""",195,1,Pitcher,L,Left,R,Right,,,,,,,,,,,,,,,,,,,,,,,,,,
2026-08-03,823431,,/api/v1.1/game/823431/feed/live,R,2026,2026-08-03,,night,P,N,N,Regular Season,1,4,1,Final,Final,2681,Citizens Bank Park,143,Philadelphia Phillies,PHI,6,True,120,Washington Nationals,WSH,3,False,624641,Edmundo Sosa,Edmundo,Sosa,33,1996-03-06,30,"5' 11""",210,7,Outfielder,R,Right,R,Right,"1-2 | BB, K, R",,2,1,0,0,0,0,1,1,1,0,0,0,3,1,,,,,,,,,,
2026-08-03,823431,,/api/v1.1/game/823431/feed/live,R,2026,2026-08-03,,night,P,N,N,Regular Season,1,4,1,Final,Final,2681,Citizens Bank Park,143,Philadelphia Phillies,PHI,6,True,120,Washington Nationals,WSH,3,False,661395,Jhoan Duran,Jhoan,Duran,59,1998-01-08,28,"6' 5""",230,1,Pitcher,R,Right,R,Right,"1.0 IP, 0 ER, 2 K, 0 BB",,,,,,,,,,,,,,,,1.0,0,0,0,2,0,15,0,0,1
2026-08-03,823431,,/api/v1.1/game/823431/feed/live,R,2026,2026-08-03,,night,P,N,N,Regular Season,1,4,1,Final,Final,2681,Citizens Bank Park,143,Philadelphia Phillies,PHI,6,True,120,Washington Nationals,WSH,3,False,689147,Orion Kerkering,Richard,Kerkering,50,2001-04-04,25,"6' 2""",204,1,Pitcher,R,Right,R,Right,"1.0 IP, 0 ER, 2 K, 0 BB",,,,,,,,,,,,,,,,1.0,0,0,0,2,0,21,0,0,0
2026-08-03,823431,,/api/v1.1/game/823431/feed/live,R,2026,2026-08-03,,night,P,N,N,Regular Season,1,4,1,Final,Final,2681,Citizens Bank Park,143,Philadelphia Phillies,PHI,6,True,120,Washington Nationals,WSH,3,False,664761,Alec Bohm,Alec,Bohm,28,1996-08-03,30,"6' 4""",218,5,Third Base,R,Right,R,Right,1-4,,4,1,0,0,0,0,0,0,0,0,0,0,4,1,,,,,,,,,,
2026-08-03,823431,,/api/v1.1/game/823431/feed/live,R,2026,2026-08-03,,night,P,N,N,Regular Season,1,4,1,Final,Final,2681,Citizens Bank Park,143,Philadelphia Phillies,PHI,6,True,120,Washington Nationals,WSH,3,False,680742,Jonathan Bowlan,Jonathan,Bowlan,52,1996-12-01,29,"6' 6""",240,1,Pitcher,R,Right,R,Right,,,,,,,,,,,,,,,,,,,,,,,,,,
2026-08-03,823431,,/api/v1.1/game/823431/feed/live,R,2026,2026-08-03,,night,P,N,N,Regular Season,1,4,1,Final,Final,2681,Citizens Bank Park,143,Philadelphia Phillies,PHI,6,True,120,Washington Nationals,WSH,3,False,663767,Chase Shugart,Chase,Shugart,55,1996-10-24,29,"5' 11""",200,1,Pitcher,L,Left,R,Right,,,,,,,,,,,,,,,,,,,,,,,,,,
2026-08-03,823431,,/api/v1.1/game/823431/feed/live,R,2026,2026-08-03,,night,P,N,N,Regular Season,1,4,1,Final,Final,2681,Citizens Bank Park,143,Philadelphia Phillies,PHI,6,True,120,Washington Nationals,WSH,3,False,641835,Tim Mayza,Timothy,Mayza,37,1992-01-15,34,"6' 3""",215,1,Pitcher,L,Left,L,Left,,,,,,,,,,,,,,,,,,,,,,,,,,
2026-08-03,823431,,/api/v1.1/game/823431/feed/live,R,2026,2026-08-03,,night,P,N,N,Regular Season,1,4,1,Final,Final,2681,Citizens Bank Park,143,Philadelphia Phillies,PHI,6,True,120,Washington Nationals,WSH,3,False,681082,Bryson Stott,Bryson,Stott,5,1997-10-06,28,"6' 0""",200,4,Second Base,L,Left,R,Right,"1-3 | BB, R",,3,1,0,0,0,0,1,0,1,0,0,0,4,1,,,,,,,,,,
2026-08-03,823431,,/api/v1.1/game/823431/feed/live,R,2026,2026-08-03,,night,P,N,N,Regular Season,1,4,1,Final,Final,2681,Citizens Bank Park,143,Philadelphia Phillies,PHI,6,True,120,Washington Nationals,WSH,3,False,656941,Kyle Schwarber,Kyle,Schwarber,12,1993-03-05,33,"5' 11""",229,10,Designated Hitter,L,Left,R,Right,"0-2 | 2 BB, 2 K",,2,0,0,0,0,0,0,2,2,0,0,0,4,0,,,,,,,,,,
2026-08-03,823431,,/api/v1.1/game/823431/feed/live,R,2026,2026-08-03,,night,P,N,N,Regular Season,1,4,1,Final,Final,2681,Citizens Bank Park,143,Philadelphia Phillies,PHI,6,True,120,Washington Nationals,WSH,3,False,596117,Garrett Stubbs,Garrett,Stubbs,21,1993-05-26,33,"5' 9""",170,2,Catcher,L,Left,R,Right,0-3 | K,,3,0,0,0,0,0,0,1,0,0,0,0,3,0,,,,,,,,,,
2026-08-03,823431,,/api/v1.1/game/823431/feed/live,R,2026,2026-08-03,,night,P,N,N,Regular Season,1,4,1,Final,Final,2681,Citizens Bank Park,143,Philadelphia Phillies,PHI,6,True,120,Washington Nationals,WSH,3,False,605400,Aaron Nola,Aaron,Nola,27,1993-06-04,33,"6' 2""",200,1,Pitcher,R,Right,R,Right,"6.0 IP, 3 ER, 5 K, 2 BB",,,,,,,,,,,,,,,,6.0,3,6,2,5,2,97,0,0,0
2026-08-03,823431,,/api/v1.1/game/823431/feed/live,R,2026,2026-08-03,,night,P,N,N,Regular Season,1,4,1,Final,Final,2681,Citizens Bank Park,143,Philadelphia Phillies,PHI,6,True,120,Washington Nationals,WSH,3,False,607208,Trea Turner,Trea,Turner,7,1993-06-30,33,"6' 1""",185,6,Shortstop,R,Right,R,Right,0-4 | K,,4,0,0,0,0,0,0,1,0,0,0,0,4,0,,,,,,,,,,
2026-08-03,823431,,/api/v1.1/game/823431/feed/live,R,2026,2026-08-03,,night,P,N,N,Regular Season,1,4,1,Final,Final,2681,Citizens Bank Park,143,Philadelphia Phillies,PHI,6,True,120,Washington Nationals,WSH,3,False,656537,Derek Hill,Derek,Hill,49,1995-12-30,30,"6' 0""",206,9,Outfielder,R,Right,R,Right,"1-3 | HR, 4 RBI, R",,3,1,0,0,1,4,1,0,0,0,0,1,3,4,,,,,,,,,,
2026-08-03,823431,,/api/v1.1/game/823431/feed/live,R,2026,2026-08-03,,night,P,N,N,Regular Season,1,4,1,Final,Final,2681,Citizens Bank Park,143,Philadelphia Phillies,PHI,6,True,120,Washington Nationals,WSH,3,False,691725,Andrew Painter,Andrew,Painter,24,2003-04-10,23,"6' 7""",215,1,Pitcher,R,Right,R,Right,,,,,,,,,,,,,,,,,,,,,,,,,,
2026-08-03,823431,,/api/v1.1/game/823431/feed/live,R,2026,2026-08-03,,night,P,N,N,Regular Season,1,4,1,Final,Final,2681,Citizens Bank Park,143,Philadelphia Phillies,PHI,6,True,120,Washington Nationals,WSH,3,False,679775,Kyle Backhus,Kyle,Backhus,19,1998-01-31,28,"6' 4""",185,1,Pitcher,L,Left,L,Left,"1.0 IP, 0 ER, K, BB",,,,,,,,,,,,,,,,1.0,0,0,0,1,1,20,1,0,0
2026-08-03,823431,,/api/v1.1/game/823431/feed/live,R,2026,2026-08-03,,night,P,N,N,Regular Season,1,4,1,Final,Final,2681,Citizens Bank Park,143,Philadelphia Phillies,PHI,6,True,120,Washington Nationals,WSH,3,False,691781,Brady House,Brady,House,12,2003-06-04,23,"6' 4""",208,5,Third Base,R,Right,R,Right,0-1 | HBP,,1,0,0,0,0,0,0,0,0,0,0,0,2,0,,,,,,,,,,
2026-08-03,823431,,/api/v1.1/game/823431/feed/live,R,2026,2026-08-03,,night,P,N,N,Regular Season,1,4,1,Final,Final,2681,Citizens Bank Park,143,Philadelphia Phillies,PHI,6,True,120,Washington Nationals,WSH,3,False,694673,Abimelec Ortiz,Abimelec,Ortiz,81,2002-02-22,24,"5' 10""",230,3,First Base,L,Left,L,Left,"1-3 | HR, RBI, R",,3,1,0,0,1,1,1,0,0,0,0,0,3,4,,,,,,,,,,
2026-08-03,823431,,/api/v1.1/game/823431/feed/live,R,2026,2026-08-03,,night,P,N,N,Regular Season,1,4,1,Final,Final,2681,Citizens Bank Park,143,Philadelphia Phillies,PHI,6,True,120,Washington Nationals,WSH,3,False,682928,CJ Abrams,Paul,Abrams,5,2000-10-03,25,"6' 0""",191,6,Shortstop,L,Left,R,Right,"0-4 | 3 K, SB",,4,0,0,0,0,0,0,3,0,1,0,0,4,0,,,,,,,,,,
2026-08-03,823431,,/api/v1.1/game/823431/feed/live,R,2026,2026-08-03,,night,P,N,N,Regular Season,1,4,1,Final,Final,2681,Citizens Bank Park,143,Philadelphia Phillies,PHI,6,True,120,Washington Nationals,WSH,3,False,683083,Nasim Nuñez,Nasim,Nuñez,26,2000-08-18,25,"5' 8""",165,4,Second Base,S,Switch,R,Right,0-4 | 2 K,,4,0,0,0,0,0,0,2,0,0,0,0,4,0,,,,,,,,,,
2026-08-03,823431,,/api/v1.1/game/823431/feed/live,R,2026,2026-08-03,,night,P,N,N,Regular Season,1,4,1,Final,Final,2681,Citizens Bank Park,143,Philadelphia Phillies,PHI,6,True,120,Washington Nationals,WSH,3,False,665953,Andrés Chaparro,Andrés,Chaparro,87,1999-05-04,27,"6' 0""",200,3,First Base,R,Right,R,Right,0-1 | K,,1,0,0,0,0,0,0,1,0,0,0,0,1,0,,,,,,,,,,
2026-08-03,823431,,/api/v1.1/game/823431/feed/live,R,2026,2026-08-03,,night,P,N,N,Regular Season,1,4,1,Final,Final,2681,Citizens Bank Park,143,Philadelphia Phillies,PHI,6,True,120,Washington Nationals,WSH,3,False,571945,Miles Mikolas,Miles,Mikolas,36,1988-08-23,37,"6' 4""",230,1,Pitcher,R,Right,R,Right,,,,,,,,,,,,,,,,,,,,,,,,,,
2026-08-03,823431,,/api/v1.1/game/823431/feed/live,R,2026,2026-08-03,,night,P,N,N,Regular Season,1,4,1,Final,Final,2681,Citizens Bank Park,143,Philadelphia Phillies,PHI,6,True,120,Washington Nationals,WSH,3,False,678391,Jorbit Vivas,Jorbit,Vivas,84,2001-03-09,25,"5' 9""",171,5,Third Base,L,Left,R,Right,0-1 | BB,,1,0,0,0,0,0,0,0,1,0,0,0,2,0,,,,,,,,,,
2026-08-03,823431,,/api/v1.1/game/823431/feed/live,R,2026,2026-08-03,,night,P,N,N,Regular Season,1,4,1,Final,Final,2681,Citizens Bank Park,143,Philadelphia Phillies,PHI,6,True,120,Washington Nationals,WSH,3,False,687223,Carson Palmquist,Carson,Palmquist,51,2000-10-17,25,"6' 3""",206,1,Pitcher,L,Left,L,Left,,,,,,,,,,,,,,,,,,,,,,,,,,
2026-08-03,823431,,/api/v1.1/game/823431/feed/live,R,2026,2026-08-03,,night,P,N,N,Regular Season,1,4,1,Final,Final,2681,Citizens Bank Park,143,Philadelphia Phillies,PHI,6,True,120,Washington Nationals,WSH,3,False,686611,Dylan Crews,Dylan,Crews,3,2002-02-26,24,"5' 11""",203,9,Outfielder,R,Right,R,Right,0-0,,0,0,0,0,0,0,0,0,0,0,0,0,0,0,,,,,,,,,,
2026-08-03,823431,,/api/v1.1/game/823431/feed/live,R,2026,2026-08-03,,night,P,N,N,Regular Season,1,4,1,Final,Final,2681,Citizens Bank Park,143,Philadelphia Phillies,PHI,6,True,120,Washington Nationals,WSH,3,False,592866,Trevor Williams,Trevor,Williams,32,1992-04-25,34,"6' 3""",231,1,Pitcher,R,Right,R,Right,,,,,,,,,,,,,,,,,,,,,,,,,,
2026-08-03,823431,,/api/v1.1/game/823431/feed/live,R,2026,2026-08-03,,night,P,N,N,Regular Season,1,4,1,Final,Final,2681,Citizens Bank Park,143,Philadelphia Phillies,PHI,6,True,120,Washington Nationals,WSH,3,False,668820,Max Kranick,Max,Kranick,35,1997-07-21,29,"6' 3""",220,1,Pitcher,R,Right,R,Right,,,,,,,,,,,,,,,,,,,,,,,,,,
2026-08-03,823431,,/api/v1.1/game/823431/feed/live,R,2026,2026-08-03,,night,P,N,N,Regular Season,1,4,1,Final,Final,2681,Citizens Bank Park,143,Philadelphia Phillies,PHI,6,True,120,Washington Nationals,WSH,3,False,690925,Clayton Beeter,Clayton,Beeter,39,1998-10-09,27,"6' 2""",220,1,Pitcher,R,Right,R,Right,"0.1 IP, 2 ER, 0 K, BB",,,,,,,,,,,,,,,,0.1,2,1,1,0,1,8,0,0,0
2026-08-03,823431,,/api/v1.1/game/823431/feed/live,R,2026,2026-08-03,,night,P,N,N,Regular Season,1,4,1,Final,Final,2681,Citizens Bank Park,143,Philadelphia Phillies,PHI,6,True,120,Washington Nationals,WSH,3,False,677588,José Tena,José,Tena,8,2001-03-20,25,"5' 10""",195,10,Designated Hitter,L,Left,R,Right,0-3 | BB,,3,0,0,0,0,0,0,0,1,0,0,0,4,0,,,,,,,,,,
2026-08-03,823431,,/api/v1.1/game/823431/feed/live,R,2026,2026-08-03,,night,P,N,N,Regular Season,1,4,1,Final,Final,2681,Citizens Bank Park,143,Philadelphia Phillies,PHI,6,True,120,Washington Nationals,WSH,3,False,695734,Daylen Lile,Daylen,Lile,4,2002-11-30,23,"5' 11""",195,7,Outfielder,L,Left,R,Right,"1-4 | HR, 2 RBI, R",,4,1,0,0,1,2,1,0,0,0,0,0,4,4,,,,,,,,,,
2026-08-03,823431,,/api/v1.1/game/823431/feed/live,R,2026,2026-08-03,,night,P,N,N,Regular Season,1,4,1,Final,Final,2681,Citizens Bank Park,143,Philadelphia Phillies,PHI,6,True,120,Washington Nationals,WSH,3,False,695578,James Wood,James,Wood,29,2002-09-17,23,"6' 6""",234,9,Outfielder,L,Left,R,Right,1-4 | K,,4,1,0,0,0,0,0,1,0,0,0,1,4,1,,,,,,,,,,
2026-08-03,823431,,/api/v1.1/game/823431/feed/live,R,2026,2026-08-03,,night,P,N,N,Regular Season,1,4,1,Final,Final,2681,Citizens Bank Park,143,Philadelphia Phillies,PHI,6,True,120,Washington Nationals,WSH,3,False,676917,Cade Cavalli,Steven,Cavalli,24,1998-08-14,27,"6' 4""",223,1,Pitcher,R,Right,R,Right,,,,,,,,,,,,,,,,,,,,,,,,,,
2026-08-03,823431,,/api/v1.1/game/823431/feed/live,R,2026,2026-08-03,,night,P,N,N,Regular Season,1,4,1,Final,Final,2681,Citizens Bank Park,143,Philadelphia Phillies,PHI,6,True,120,Washington Nationals,WSH,3,False,695670,Harry Ford,Harrison,Ford,17,2003-02-21,23,"5' 10""",200,2,Catcher,R,Right,R,Right,,,,,,,,,,,,,,,,,,,,,,,,,,
2026-08-03,823431,,/api/v1.1/game/823431/feed/live,R,2026,2026-08-03,,night,P,N,N,Regular Season,1,4,1,Final,Final,2681,Citizens Bank Park,143,Philadelphia Phillies,PHI,6,True,120,Washington Nationals,WSH,3,False,696285,Jacob Young,Jacob,Young,30,1999-07-27,27,"5' 11""",192,8,Outfielder,R,Right,R,Right,"1-3 | BB, 2 K",,3,1,0,0,0,0,0,2,1,0,0,0,4,1,,,,,,,,,,
2026-08-03,823431,,/api/v1.1/game/823431/feed/live,R,2026,2026-08-03,,night,P,N,N,Regular Season,1,4,1,Final,Final,2681,Citizens Bank Park,143,Philadelphia Phillies,PHI,6,True,120,Washington Nationals,WSH,3,False,663623,Jake Irvin,Jacob,Irvin,27,1997-02-18,29,"6' 6""",234,1,Pitcher,R,Right,R,Right,,,,,,,,,,,,,,,,,,,,,,,,,,
2026-08-03,823431,,/api/v1.1/game/823431/feed/live,R,2026,2026-08-03,,night,P,N,N,Regular Season,1,4,1,Final,Final,2681,Citizens Bank Park,143,Philadelphia Phillies,PHI,6,True,120,Washington Nationals,WSH,3,False,687377,Orlando Ribalta,Orlando,Ribalta,64,1998-03-05,28,"6' 7""",245,1,Pitcher,R,Right,R,Right,,,,,,,,,,,,,,,,,,,,,,,,,,
2026-08-03,823431,,/api/v1.1/game/823431/feed/live,R,2026,2026-08-03,,night,P,N,N,Regular Season,1,4,1,Final,Final,2681,Citizens Bank Park,143,Philadelphia Phillies,PHI,6,True,120,Washington Nationals,WSH,3,False,641793,Zack Littell,Zack,Littell,18,1995-10-05,30,"6' 4""",250,1,Pitcher,R,Right,R,Right,,,,,,,,,,,,,,,,,,,,,,,,,,
2026-08-03,823431,,/api/v1.1/game/823431/feed/live,R,2026,2026-08-03,,night,P,N,N,Regular Season,1,4,1,Final,Final,2681,Citizens Bank Park,143,Philadelphia Phillies,PHI,6,True,120,Washington Nationals,WSH,3,False,660688,Keibert Ruiz,Keibert,Ruiz,20,1998-07-20,28,"5' 11""",238,2,Catcher,S,Switch,R,Right,"2-4 | K, R",,4,2,0,0,0,0,1,1,0,0,0,0,4,2,,,,,,,,,,
2026-08-03,823431,,/api/v1.1/game/823431/feed/live,R,2026,2026-08-03,,night,P,N,N,Regular Season,1,4,1,Final,Final,2681,Citizens Bank Park,143,Philadelphia Phillies,PHI,6,True,120,Washington Nationals,WSH,3,False,676680,Tom Cosgrove,Thomas,Cosgrove,34,1996-06-14,30,"6' 2""",190,1,Pitcher,L,Left,L,Left,"0.2 IP, 2 ER, K, BB",,,,,,,,,,,,,,,,0.2,2,1,1,1,1,14,0,1,0
2026-08-03,823431,,/api/v1.1/game/823431/feed/live,R,2026,2026-08-03,,night,P,N,N,Regular Season,1,4,1,Final,Final,2681,Citizens Bank Park,143,Philadelphia Phillies,PHI,6,True,120,Washington Nationals,WSH,3,False,678868,Eddy Yean,Eddy,Yean,46,2001-06-25,25,"6' 3""",265,1,Pitcher,R,Right,R,Right,"0.2 IP, 0 ER, 0 K, 0 BB",,,,,,,,,,,,,,,,0.2,0,0,0,0,0,13,0,0,0
2026-08-03,823431,,/api/v1.1/game/823431/feed/live,R,2026,2026-08-03,,night,P,N,N,Regular Season,1,4,1,Final,Final,2681,Citizens Bank Park,143,Philadelphia Phillies,PHI,6,True,120,Washington Nationals,WSH,3,False,672442,Yovanny Cruz,Yovanny,Cruz,48,1999-08-23,26,"6' 0""",180,1,Pitcher,R,Right,R,Right,,,,,,,,,,,,,,,,,,,,,,,,,,
2026-08-03,823431,,/api/v1.1/game/823431/feed/live,R,2026,2026-08-03,,night,P,N,N,Regular Season,1,4,1,Final,Final,2681,Citizens Bank Park,143,Philadelphia Phillies,PHI,6,True,120,Washington Nationals,WSH,3,False,674841,Andrew Alvarez,Michael,Alvarez,54,1999-06-13,27,"6' 3""",215,1,Pitcher,L,Left,L,Left,"6.1 IP, 2 ER, 5 K, 3 BB",,,,,,,,,,,,,,,,6.1,2,3,0,5,3,81,0,0,0
2026-08-03,823520,,/api/v1.1/game/823520/feed/live,R,2026,2026-08-03,,night,P,N,N,Regular Season,1,3,1,Final,Final,3313,Yankee Stadium,147,New York Yankees,NYY,7,False,138,St. Louis Cardinals,STL,13,True,621112,Paul Blackburn,Paul,Blackburn,58,1993-12-04,32,"6' 1""",196,1,Pitcher,R,Right,R,Right,,,,,,,,,,,,,,,,,,,,,,,,,,
2026-08-03,823520,,/api/v1.1/game/823520/feed/live,R,2026,2026-08-03,,night,P,N,N,Regular Season,1,3,1,Final,Final,3313,Yankee Stadium,147,New York Yankees,NYY,7,False,138,St. Louis Cardinals,STL,13,True,645305,Ali Sánchez,Ali,Sánchez,39,1997-01-20,29,"6' 0""",200,2,Catcher,R,Right,R,Right,,,,,,,,,,,,,,,,,,,,,,,,,,
2026-08-03,823520,,/api/v1.1/game/823520/feed/live,R,2026,2026-08-03,,night,P,N,N,Regular Season,1,3,1,Final,Final,3313,Yankee Stadium,147,New York Yankees,NYY,7,False,138,St. Louis Cardinals,STL,13,True,676609,José Caballero,José,Caballero,72,1996-08-30,29,"5' 9""",190,6,Shortstop,R,Right,R,Right,"1-3 | HR, BB, 2 K",,3,1,0,0,1,1,1,2,1,0,0,0,4,4,,,,,,,,,,
2026-08-03,823520,,/api/v1.1/game/823520/feed/live,R,2026,2026-08-03,,night,P,N,N,Regular Season,1,3,1,Final,Final,3313,Yankee Stadium,147,New York Yankees,NYY,7,False,138,St. Louis Cardinals,STL,13,True,682987,Spencer Jones,Spencer,Jones,78,2001-05-14,25,"6' 7""",240,8,Outfielder,L,Left,L,Left,0-4 | 2 K,,4,0,0,0,0,0,0,2,0,0,0,0,4,0,,,,,,,,,,
2026-08-03,823520,,/api/v1.1/game/823520/feed/live,R,2026,2026-08-03,,night,P,N,N,Regular Season,1,3,1,Final,Final,3313,Yankee Stadium,147,New York Yankees,NYY,7,False,138,St. Louis Cardinals,STL,13,True,642232,Ryan Yarbrough,Ryan,Yarbrough,33,1991-12-31,34,"6' 5""",205,1,Pitcher,R,Right,L,Left,"1.0 IP, ER, 0 K, 0 BB",,,,,,,,,,,,,,,,1.0,1,1,0,0,0,16,0,0,0
2026-08-03,823520,,/api/v1.1/game/823520/feed/live,R,2026,2026-08-03,,night,P,N,N,Regular Season,1,3,1,Final,Final,3313,Yankee Stadium,147,New York Yankees,NYY,7,False,138,St. Louis Cardinals,STL,13,True,642708,Amed Rosario,German,Rosario,14,1995-11-20,30,"6' 1""",227,5,Third Base,R,Right,R,Right,,,,,,,,,,,,,,,,,,,,,,,,,,
2026-08-03,823520,,/api/v1.1/game/823520/feed/live,R,2026,2026-08-03,,night,P,N,N,Regular Season,1,3,1,Final,Final,3313,Yankee Stadium,147,New York Yankees,NYY,7,False,138,St. Louis Cardinals,STL,13,True,641857,Ryan McMahon,Ryan,McMahon,19,1994-12-14,31,"6' 2""",211,5,Third Base,L,Left,R,Right,"2-4 | HR, K, RBI",,4,2,0,0,1,1,2,1,0,0,0,0,4,5,,,,,,,,,,
2026-08-03,823520,,/api/v1.1/game/823520/feed/live,R,2026,2026-08-03,,night,P,N,N,Regular Season,1,3,1,Final,Final,3313,Yankee Stadium,147,New York Yankees,NYY,7,False,138,St. Louis Cardinals,STL,13,True,677960,Ryan Weathers,Ryan,Weathers,40,1999-12-17,26,"6' 1""",230,1,Pitcher,R,Right,L,Left,,,,,,,,,,,,,,,,,,,,,,,,,,
2026-08-03,823520,,/api/v1.1/game/823520/feed/live,R,2026,2026-08-03,,night,P,N,N,Regular Season,1,3,1,Final,Final,3313,Yankee Stadium,147,New York Yankees,NYY,7,False,138,St. Louis Cardinals,STL,13,True,657612,Tim Hill,Timothy,Hill,41,1990-02-10,36,"6' 4""",210,1,Pitcher,R,Right,L,Left,"1.1 IP, 2 ER, K, 0 BB",,,,,,,,,,,,,,,,1.1,2,2,1,1,0,27,0,0,0
2026-08-03,823520,,/api/v1.1/game/823520/feed/live,R,2026,2026-08-03,,night,P,N,N,Regular Season,1,3,1,Final,Final,3313,Yankee Stadium,147,New York Yankees,NYY,7,False,138,St. Louis Cardinals,STL,13,True,502671,Paul Goldschmidt,Paul,Goldschmidt,48,1987-09-10,38,"6' 2""",225,3,First Base,R,Right,R,Right,,,,,,,,,,,,,,,,,,,,,,,,,,
2026-08-03,823520,,/api/v1.1/game/823520/feed/live,R,2026,2026-08-03,,night,P,N,N,Regular Season,1,3,1,Final,Final,3313,Yankee Stadium,147,New York Yankees,NYY,7,False,138,St. Louis Cardinals,STL,13,True,691176,Jasson Domínguez,Jasson,Domínguez,24,2003-02-07,23,"5' 9""",218,9,Outfielder,S,Switch,R,Right,"1-4 | 2 K, CS",,4,1,0,0,0,0,0,2,0,0,1,0,4,1,,,,,,,,,,
2026-08-03,823520,,/api/v1.1/game/823520/feed/live,R,2026,2026-08-03,,night,P,N,N,Regular Season,1,3,1,Final,Final,3313,Yankee Stadium,147,New York Yankees,NYY,7,False,138,St. Louis Cardinals,STL,13,True,669224,Austin Wells,Austin,Wells,28,1999-07-12,27,"6' 1""",220,2,Catcher,L,Left,R,Right,"2-4 | HR, K, 2 RBI",,4,2,0,0,1,2,1,1,0,0,0,0,4,5,,,,,,,,,,
2026-08-03,823520,,/api/v1.1/game/823520/feed/live,R,2026,2026-08-03,,night,P,N,N,Regular Season,1,3,1,Final,Final,3313,Yankee Stadium,147,New York Yankees,NYY,7,False,138,St. Louis Cardinals,STL,13,True,700250,Ben Rice,Benjamin,Rice,22,1999-02-22,27,"6' 2""",228,3,First Base,L,Left,R,Right,0-4,,4,0,0,0,0,0,0,0,0,0,0,0,4,0,,,,,,,,,,
2026-08-03,823520,,/api/v1.1/game/823520/feed/live,R,2026,2026-08-03,,night,P,N,N,Regular Season,1,3,1,Final,Final,3313,Yankee Stadium,147,New York Yankees,NYY,7,False,138,St. Louis Cardinals,STL,13,True,687396,Brent Headrick,Brent,Headrick,47,1997-12-17,28,"6' 6""",235,1,Pitcher,L,Left,L,Left,,,,,,,,,,,,,,,,,,,,,,,,,,
2026-08-03,823520,,/api/v1.1/game/823520/feed/live,R,2026,2026-08-03,,night,P,N,N,Regular Season,1,3,1,Final,Final,3313,Yankee Stadium,147,New York Yankees,NYY,7,False,138,St. Louis Cardinals,STL,13,True,701542,Will Warren,William,Warren,29,1999-06-16,27,"6' 2""",200,1,Pitcher,R,Right,R,Right,,,,,,,,,,,,,,,,,,,,,,,,,,
2026-08-03,823520,,/api/v1.1/game/823520/feed/live,R,2026,2026-08-03,,night,P,N,N,Regular Season,1,3,1,Final,Final,3313,Yankee Stadium,147,New York Yankees,NYY,7,False,138,St. Louis Cardinals,STL,13,True,665645,Kervin Castro,Kervin,Castro,74,1999-02-07,27,"5' 10""",234,1,Pitcher,R,Right,R,Right,"1.2 IP, 0 ER, 2 K, BB",,,,,,,,,,,,,,,,1.2,0,1,0,2,1,28,0,0,0
2026-08-03,823520,,/api/v1.1/game/823520/feed/live,R,2026,2026-08-03,,night,P,N,N,Regular Season,1,3,1,Final,Final,3313,Yankee Stadium,147,New York Yankees,NYY,7,False,138,St. Louis Cardinals,STL,13,True,518585,Fernando Cruz,Fernando,Cruz,63,1990-03-28,36,"6' 2""",237,1,Pitcher,R,Right,R,Right,"1.0 IP, 0 ER, 2 K, 0 BB",,,,,,,,,,,,,,,,1.0,0,0,0,2,0,10,0,0,0
2026-08-03,823520,,/api/v1.1/game/823520/feed/live,R,2026,2026-08-03,,night,P,N,N,Regular Season,1,3,1,Final,Final,3313,Yankee Stadium,147,New York Yankees,NYY,7,False,138,St. Louis Cardinals,STL,13,True,683011,Anthony Volpe,Anthony,Volpe,11,2001-04-28,25,"5' 10""",197,6,Shortstop,R,Right,R,Right,,,,,,,,,,,,,,,,,,,,,,,,,,
2026-08-03,823520,,/api/v1.1/game/823520/feed/live,R,2026,2026-08-03,,night,P,N,N,Regular Season,1,3,1,Final,Final,3313,Yankee Stadium,147,New York Yankees,NYY,7,False,138,St. Louis Cardinals,STL,13,True,665862,Jazz Chisholm Jr.,Jasrado,Chisholm,13,1998-02-01,28,"5' 11""",184,4,Second Base,L,Left,R,Right,0-4,,4,0,0,0,0,0,0,0,0,0,0,0,4,0,,,,,,,,,,
2026-08-03,823520,,/api/v1.1/game/823520/feed/live,R,2026,2026-08-03,,night,P,N,N,Regular Season,1,3,1,Final,Final,3313,Yankee Stadium,147,New York Yankees,NYY,7,False,138,St. Louis Cardinals,STL,13,True,608331,Max Fried,Max,Fried,54,1994-01-18,32,"6' 4""",190,1,Pitcher,L,Left,L,Left,,,,,,,,,,,,,,,,,,,,,,,,,,
2026-08-03,823520,,/api/v1.1/game/823520/feed/live,R,2026,2026-08-03,,night,P,N,N,Regular Season,1,3,1,Final,Final,3313,Yankee Stadium,147,New York Yankees,NYY,7,False,138,St. Louis Cardinals,STL,13,True,663757,Trent Grisham,Trenton,Grisham,12,1996-11-01,29,"5' 10""",221,8,Outfielder,L,Left,L,Left,"2-5 | HR, 2B, K",,5,2,1,0,1,1,2,1,0,0,0,0,5,6,,,,,,,,,,
2026-08-03,823520,,/api/v1.1/game/823520/feed/live,R,2026,2026-08-03,,night,P,N,N,Regular Season,1,3,1,Final,Final,3313,Yankee Stadium,147,New York Yankees,NYY,7,False,138,St. Louis Cardinals,STL,13,True,670280,David Bednar,David,Bednar,53,1994-10-10,31,"6' 1""",250,1,Pitcher,L,Left,R,Right,,,,,,,,,,,,,,,,,,,,,,,,,,
2026-08-03,823520,,/api/v1.1/game/823520/feed/live,R,2026,2026-08-03,,night,P,N,N,Regular Season,1,3,1,Final,Final,3313,Yankee Stadium,147,New York Yankees,NYY,7,False,138,St. Louis Cardinals,STL,13,True,683409,Angel Chivilli,Angel,Chivilli,57,2002-07-28,24,"6' 2""",185,1,Pitcher,R,Right,R,Right,"1.0 IP, 6 ER, 0 K, BB",,,,,,,,,,,,,,,,1.0,6,5,3,0,1,37,0,1,0
2026-08-03,823520,,/api/v1.1/game/823520/feed/live,R,2026,2026-08-03,,night,P,N,N,Regular Season,1,3,1,Final,Final,3313,Yankee Stadium,147,New York Yankees,NYY,7,False,138,St. Louis Cardinals,STL,13,True,543037,Gerrit Cole,Gerrit,Cole,45,1990-09-08,35,"6' 4""",220,1,Pitcher,R,Right,R,Right,,,,,,,,,,,,,,,,,,,,,,,,,,
2026-08-03,823520,,/api/v1.1/game/823520/feed/live,R,2026,2026-08-03,,night,P,N,N,Regular Season,1,3,1,Final,Final,3313,Yankee Stadium,147,New York Yankees,NYY,7,False,138,St. Louis Cardinals,STL,13,True,671277,Luis García Jr.,Luis,García,26,2000-05-16,26,"6' 1""",216,3,First Base,L,Left,R,Right,"2-4 | HR, 2 RBI, R",,4,2,0,0,1,2,1,0,0,0,0,0,4,5,,,,,,,,,,
2026-08-03,823520,,/api/v1.1/game/823520/feed/live,R,2026,2026-08-03,,night,P,N,N,Regular Season,1,3,1,Final,Final,3313,Yankee Stadium,147,New York Yankees,NYY,7,False,138,St. Louis Cardinals,STL,13,True,693645,Cam Schlittler,Cameron,Schlittler,31,2001-02-05,25,"6' 6""",215,1,Pitcher,R,Right,R,Right,"3.0 IP, 4 ER, 6 K, 5 BB",,,,,,,,,,,,,,,,3.0,4,4,1,6,5,83,0,0,0
2026-08-03,823520,,/api/v1.1/game/823520/feed/live,R,2026,2026-08-03,,night,P,N,N,Regular Season,1,3,1,Final,Final,3313,Yankee Stadium,147,New York Yankees,NYY,7,False,138,St. Louis Cardinals,STL,13,True,700241,Michael McGreevy,Michael,McGreevy,36,2000-07-08,26,"6' 4""",220,1,Pitcher,L,Left,R,Right,"4.1 IP, 2 ER, 5 K, BB",,,,,,,,,,,,,,,,4.1,2,4,1,5,1,91,0,0,0
2026-08-03,823520,,/api/v1.1/game/823520/feed/live,R,2026,2026-08-03,,night,P,N,N,Regular Season,1,3,1,Final,Final,3313,Yankee Stadium,147,New York Yankees,NYY,7,False,138,St. Louis Cardinals,STL,13,True,691023,Jordan Walker,Jordan,Walker,18,2002-05-22,24,"6' 6""",250,9,Outfielder,R,Right,R,Right,"2-5 | 2 K, R",,5,2,0,0,0,0,1,2,0,0,0,0,5,2,,,,,,,,,,
2026-08-03,823520,,/api/v1.1/game/823520/feed/live,R,2026,2026-08-03,,night,P,N,N,Regular Season,1,3,1,Final,Final,3313,Yankee Stadium,147,New York Yankees,NYY,7,False,138,St. Louis Cardinals,STL,13,True,663494,Bryan Torres,Bryan,Torres,39,1997-07-02,29,"5' 7""",165,7,Outfielder,L,Left,R,Right,1-3 | K,,3,1,0,0,0,0,0,1,0,0,0,0,3,1,,,,,,,,,,
2026-08-03,823520,,/api/v1.1/game/823520/feed/live,R,2026,2026-08-03,,night,P,N,N,Regular Season,1,3,1,Final,Final,3313,Yankee Stadium,147,New York Yankees,NYY,7,False,138,St. Louis Cardinals,STL,13,True,701675,Nathan Church,Nathan,Church,27,2000-07-12,26,"5' 10""",180,8,Outfielder,L,Left,L,Left,"2-3 | HR, 2 BB, 4 RBI",,3,2,0,0,1,4,2,0,2,0,1,0,5,5,,,,,,,,,,
2026-08-03,823520,,/api/v1.1/game/823520/feed/live,R,2026,2026-08-03,,night,P,N,N,Regular Season,1,3,1,Final,Final,3313,Yankee Stadium,147,New York Yankees,NYY,7,False,138,St. Louis Cardinals,STL,13,True,681517,Kyle Leahy,Kyle,Leahy,62,1997-06-04,29,"6' 5""",225,1,Pitcher,S,Switch,R,Right,,,,,,,,,,,,,,,,,,,,,,,,,,
2026-08-03,823520,,/api/v1.1/game/823520/feed/live,R,2026,2026-08-03,,night,P,N,N,Regular Season,1,3,1,Final,Final,3313,Yankee Stadium,147,New York Yankees,NYY,7,False,138,St. Louis Cardinals,STL,13,True,665877,José Fermín,José,Fermín,15,1999-03-29,27,"5' 10""",198,7,Outfielder,R,Right,R,Right,"2-5 | 2B, 2 K, RBI",,5,2,1,0,0,1,1,2,0,0,0,0,5,3,,,,,,,,,,
2026-08-03,823520,,/api/v1.1/game/823520/feed/live,R,2026,2026-08-03,,night,P,N,N,Regular Season,1,3,1,Final,Final,3313,Yankee Stadium,147,New York Yankees,NYY,7,False,138,St. Louis Cardinals,STL,13,True,700669,Gordon Graceffo,Gordon,Graceffo,44,2000-03-17,26,"6' 4""",220,1,Pitcher,R,Right,R,Right,"2.0 IP, 0 ER, 2 K, 0 BB",,,,,,,,,,,,,,,,2.0,0,0,0,2,0,24,1,0,0
2026-08-03,823520,,/api/v1.1/game/823520/feed/live,R,2026,2026-08-03,,night,P,N,N,Regular Season,1,3,1,Final,Final,3313,Yankee Stadium,147,New York Yankees,NYY,7,False,138,St. Louis Cardinals,STL,13,True,802139,JJ Wetherholt,Jonathan,Wetherholt,26,2002-09-10,23,"5' 9""",190,4,Second Base,L,Left,R,Right,"1-3 | 2 BB, 2 R",,3,1,0,0,0,0,2,0,2,0,0,0,5,1,,,,,,,,,,
2026-08-03,823520,,/api/v1.1/game/823520/feed/live,R,2026,2026-08-03,,night,P,N,N,Regular Season,1,3,1,Final,Final,3313,Yankee Stadium,147,New York Yankees,NYY,7,False,138,St. Louis Cardinals,STL,13,True,690928,Hunter Dobbins,Hunter,Dobbins,40,1999-08-30,26,"6' 2""",185,1,Pitcher,R,Right,R,Right,,,,,,,,,,,,,,,,,,,,,,,,,,
2026-08-03,823520,,/api/v1.1/game/823520/feed/live,R,2026,2026-08-03,,night,P,N,N,Regular Season,1,3,1,Final,Final,3313,Yankee Stadium,147,New York Yankees,NYY,7,False,138,St. Louis Cardinals,STL,13,True,677865,Justin Bruihl,Justin,Bruihl,47,1997-06-26,29,"6' 2""",215,1,Pitcher,L,Left,L,Left,"1.2 IP, ER, 0 K, 0 BB",,,,,,,,,,,,,,,,1.2,1,2,1,0,0,24,0,0,0
2026-08-03,823520,,/api/v1.1/game/823520/feed/live,R,2026,2026-08-03,,night,P,N,N,Regular Season,1,3,1,Final,Final,3313,Yankee Stadium,147,New York Yankees,NYY,7,False,138,St. Louis Cardinals,STL,13,True,691458,Blaze Jordan,Blaze,Jordan,33,2002-12-19,23,"6' 1""",220,5,Third Base,R,Right,R,Right,"1-2 | 3B, R",,2,1,0,1,0,0,1,0,0,0,0,0,2,3,,,,,,,,,,
2026-08-03,823520,,/api/v1.1/game/823520/feed/live,R,2026,2026-08-03,,night,P,N,N,Regular Season,1,3,1,Final,Final,3313,Yankee Stadium,147,New York Yankees,NYY,7,False,138,St. Louis Cardinals,STL,13,True,676475,Alec Burleson,Alec,Burleson,41,1998-11-25,27,"6' 0""",225,3,First Base,L,Left,L,Left,"3-5 | 3 HR, K, 6 RBI",,5,3,0,0,3,6,3,1,0,0,0,1,5,12,,,,,,,,,,
2026-08-03,823520,,/api/v1.1/game/823520/feed/live,R,2026,2026-08-03,,night,P,N,N,Regular Season,1,3,1,Final,Final,3313,Yankee Stadium,147,New York Yankees,NYY,7,False,138,St. Louis Cardinals,STL,13,True,676617,Riley O'Brien,Riley,O'Brien,61,1995-02-06,31,"6' 4""",180,1,Pitcher,R,Right,R,Right,,,,,,,,,,,,,,,,,,,,,,,,,,
2026-08-03,823520,,/api/v1.1/game/823520/feed/live,R,2026,2026-08-03,,night,P,N,N,Regular Season,1,3,1,Final,Final,3313,Yankee Stadium,147,New York Yankees,NYY,7,False,138,St. Louis Cardinals,STL,13,True,669467,Andre Pallante,Neil,Pallante,53,1998-09-18,27,"6' 0""",215,1,Pitcher,R,Right,R,Right,,,,,,,,,,,,,,,,,,,,,,,,,,
2026-08-03,823520,,/api/v1.1/game/823520/feed/live,R,2026,2026-08-03,,night,P,N,N,Regular Season,1,3,1,Final,Final,3313,Yankee Stadium,147,New York Yankees,NYY,7,False,138,St. Louis Cardinals,STL,13,True,666277,George Soriano,George,Soriano,65,1999-03-24,27,"6' 2""",210,1,Pitcher,R,Right,R,Right,"0.2 IP, ER, K, 0 BB",,,,,,,,,,,,,,,,0.2,1,1,1,1,0,18,0,0,0
2026-08-03,823520,,/api/v1.1/game/823520/feed/live,R,2026,2026-08-03,,night,P,N,N,Regular Season,1,3,1,Final,Final,3313,Yankee Stadium,147,New York Yankees,NYY,7,False,138,St. Louis Cardinals,STL,13,True,687273,Quinn Mathews,Quinn,Mathews,60,2000-10-04,25,"6' 5""",188,1,Pitcher,L,Left,L,Left,,,,,,,,,,,,,,,,,,,,,,,,,,
2026-08-03,823520,,/api/v1.1/game/823520/feed/live,R,2026,2026-08-03,,night,P,N,N,Regular Season,1,3,1,Final,Final,3313,Yankee Stadium,147,New York Yankees,NYY,7,False,138,St. Louis Cardinals,STL,13,True,669461,Matthew Liberatore,Matthew,Liberatore,32,1999-11-06,26,"6' 4""",215,1,Pitcher,L,Left,L,Left,,,,,,,,,,,,,,,,,,,,,,,,,,
2026-08-03,823520,,/api/v1.1/game/823520/feed/live,R,2026,2026-08-03,,night,P,N,N,Regular Season,1,3,1,Final,Final,3313,Yankee Stadium,147,New York Yankees,NYY,7,False,138,St. Louis Cardinals,STL,13,True,686780,Pedro Pagés,Pedro,Pagés,43,1998-09-17,27,"5' 11""",245,2,Catcher,R,Right,R,Right,,,,,,,,,,,,,,,,,,,,,,,,,,
2026-08-03,823520,,/api/v1.1/game/823520/feed/live,R,2026,2026-08-03,,night,P,N,N,Regular Season,1,3,1,Final,Final,3313,Yankee Stadium,147,New York Yankees,NYY,7,False,138,St. Louis Cardinals,STL,13,True,592773,Ryne Stanek,Ryne,Stanek,55,1991-07-26,35,"6' 4""",226,1,Pitcher,R,Right,R,Right,"0.1 IP, 3 ER, K, 0 BB",,,,,,,,,,,,,,,,0.1,3,3,2,1,0,11,0,0,0
2026-08-03,823520,,/api/v1.1/game/823520/feed/live,R,2026,2026-08-03,,night,P,N,N,Regular Season,1,3,1,Final,Final,3313,Yankee Stadium,147,New York Yankees,NYY,7,False,138,St. Louis Cardinals,STL,13,True,703725,Luis Gastelum,Luis,Gastelum,72,2001-09-27,24,"6' 2""",175,1,Pitcher,R,Right,R,Right,,,,,,,,,,,,,,,,,,,,,,,,,,
2026-08-03,823520,,/api/v1.1/game/823520/feed/live,R,2026,2026-08-03,,night,P,N,N,Regular Season,1,3,1,Final,Final,3313,Yankee Stadium,147,New York Yankees,NYY,7,False,138,St. Louis Cardinals,STL,13,True,657265,Peter Strzelecki,Peter,Strzelecki,58,1994-10-24,31,"6' 2""",210,1,Pitcher,R,Right,R,Right,,,,,,,,,,,,,,,,,,,,,,,,,,
2026-08-03,823520,,/api/v1.1/game/823520/feed/live,R,2026,2026-08-03,,night,P,N,N,Regular Season,1,3,1,Final,Final,3313,Yankee Stadium,147,New York Yankees,NYY,7,False,138,St. Louis Cardinals,STL,13,True,691026,Masyn Winn,Masyn,Winn,0,2002-03-21,24,"5' 9""",185,6,Shortstop,R,Right,R,Right,"0-4 | BB, 3 K, R",,4,0,0,0,0,0,1,3,1,0,0,1,5,0,,,,,,,,,,
2026-08-03,823520,,/api/v1.1/game/823520/feed/live,R,2026,2026-08-03,,night,P,N,N,Regular Season,1,3,1,Final,Final,3313,Yankee Stadium,147,New York Yankees,NYY,7,False,138,St. Louis Cardinals,STL,13,True,671056,Iván Herrera,Ivan,Herrera,48,2000-06-01,26,"5' 11""",220,10,Designated Hitter,R,Right,R,Right,"0-3 | 2 BB, R, SB",,3,0,0,0,0,0,1,0,2,1,0,0,5,0,,,,,,,,,,
2026-08-03,823520,,/api/v1.1/game/823520/feed/live,R,2026,2026-08-03,,night,P,N,N,Regular Season,1,3,1,Final,Final,3313,Yankee Stadium,147,New York Yankees,NYY,7,False,138,St. Louis Cardinals,STL,13,True,699625,Jimmy Crooks,James,Crooks,8,2001-07-19,25,"6' 0""",230,2,Catcher,L,Left,R,Right,"1-4 | HR, 2 K, 2 RBI",,4,1,0,0,1,2,1,2,0,0,0,0,4,4,,,,,,,,,,
2026-08-03,823520,,/api/v1.1/game/823520/feed/live,R,2026,2026-08-03,,night,P,N,N,Regular Season,1,3,1,Final,Final,3313,Yankee Stadium,147,New York Yankees,NYY,7,False,138,St. Louis Cardinals,STL,13,True,676369,Nelson Velázquez,Nelson,Velázquez,38,1998-12-26,27,"5' 11""",190,7,Outfielder,R,Right,R,Right,,,,,,,,,,,,,,,,,,,,,,,,,,
2026-08-03,823757,,/api/v1.1/game/823757/feed/live,R,2026,2026-08-03,,night,P,N,N,Regular Season,1,4,1,Final,Final,32,American Family Field,158,Milwaukee Brewers,MIL,3,False,134,Pittsburgh Pirates,PIT,4,True,694477,Chad Patrick,Chandler,Patrick,39,1998-08-14,27,"6' 1""",217,1,Pitcher,R,Right,R,Right,"1.0 IP, 0 ER, 2 K, 0 BB",,,,,,,,,,,,,,,,1.0,0,0,0,2,0,13,0,0,0
2026-08-03,823757,,/api/v1.1/game/823757/feed/live,R,2026,2026-08-03,,night,P,N,N,Regular Season,1,4,1,Final,Final,32,American Family Field,158,Milwaukee Brewers,MIL,3,False,134,Pittsburgh Pirates,PIT,4,True,806198,Cooper Pratt,Cooper,Pratt,12,2004-08-18,21,"6' 4""",210,6,Shortstop,R,Right,R,Right,0-2 | 2 K,,2,0,0,0,0,0,0,2,0,0,0,0,2,0,,,,,,,,,,
2026-08-03,823757,,/api/v1.1/game/823757/feed/live,R,2026,2026-08-03,,night,P,N,N,Regular Season,1,4,1,Final,Final,32,American Family Field,158,Milwaukee Brewers,MIL,3,False,134,Pittsburgh Pirates,PIT,4,True,687401,Joey Ortiz,Joseph,Ortiz,3,1998-07-14,28,"5' 10""",192,6,Shortstop,R,Right,R,Right,3-4 | RBI,,4,3,0,0,0,1,0,0,0,0,0,0,4,3,,,,,,,,,,
2026-08-03,823757,,/api/v1.1/game/823757/feed/live,R,2026,2026-08-03,,night,P,N,N,Regular Season,1,4,1,Final,Final,32,American Family Field,158,Milwaukee Brewers,MIL,3,False,134,Pittsburgh Pirates,PIT,4,True,701656,Logan Henderson,Logan,Henderson,43,2002-03-02,24,"6' 0""",209,1,Pitcher,R,Right,R,Right,,,,,,,,,,,,,,,,,,,,,,,,,,
2026-08-03,823757,,/api/v1.1/game/823757/feed/live,R,2026,2026-08-03,,night,P,N,N,Regular Season,1,4,1,Final,Final,32,American Family Field,158,Milwaukee Brewers,MIL,3,False,134,Pittsburgh Pirates,PIT,4,True,694192,Jackson Chourio,Jackson,Chourio,11,2004-03-11,22,"6' 1""",199,7,Outfielder,R,Right,R,Right,"0-3 | 2 BB, 2 K, R",,3,0,0,0,0,0,1,2,2,0,0,0,5,0,,,,,,,,,,
2026-08-03,823757,,/api/v1.1/game/823757/feed/live,R,2026,2026-08-03,,night,P,N,N,Regular Season,1,4,1,Final,Final,32,American Family Field,158,Milwaukee Brewers,MIL,3,False,134,Pittsburgh Pirates,PIT,4,True,592885,Christian Yelich,Christian,Yelich,22,1991-12-05,34,"6' 4""",220,10,Designated Hitter,L,Left,R,Right,0-4 | K,,4,0,0,0,0,0,0,1,0,0,0,1,4,0,,,,,,,,,,
2026-08-03,823757,,/api/v1.1/game/823757/feed/live,R,2026,2026-08-03,,night,P,N,N,Regular Season,1,4,1,Final,Final,32,American Family Field,158,Milwaukee Brewers,MIL,3,False,134,Pittsburgh Pirates,PIT,4,True,641343,Jake Bauers,Jakob,Bauers,9,1995-10-06,30,"6' 0""",216,3,First Base,L,Left,L,Left,"1-3 | BB, K, 2 R",,3,1,0,0,0,0,2,1,1,0,0,0,4,1,,,,,,,,,,
2026-08-03,823757,,/api/v1.1/game/823757/feed/live,R,2026,2026-08-03,,night,P,N,N,Regular Season,1,4,1,Final,Final,32,American Family Field,158,Milwaukee Brewers,MIL,3,False,134,Pittsburgh Pirates,PIT,4,True,682842,Abner Uribe,Abner,Uribe,45,2000-06-20,26,"6' 3""",205,1,Pitcher,R,Right,R,Right,,,,,,,,,,,,,,,,,,,,,,,,,,
2026-08-03,823757,,/api/v1.1/game/823757/feed/live,R,2026,2026-08-03,,night,P,N,N,Regular Season,1,4,1,Final,Final,32,American Family Field,158,Milwaukee Brewers,MIL,3,False,134,Pittsburgh Pirates,PIT,4,True,681982,Grant Anderson,Grant,Anderson,56,1997-06-21,29,"6' 0""",213,1,Pitcher,R,Right,R,Right,,,,,,,,,,,,,,,,,,,,,,,,,,
2026-08-03,823757,,/api/v1.1/game/823757/feed/live,R,2026,2026-08-03,,night,P,N,N,Regular Season,1,4,1,Final,Final,32,American Family Field,158,Milwaukee Brewers,MIL,3,False,134,Pittsburgh Pirates,PIT,4,True,683734,Andrew Vaughn,Andrew,Vaughn,28,1998-04-03,28,"5' 10""",215,3,First Base,R,Right,R,Right,"1-3 | BB, 2 K, RBI",,3,1,0,0,0,1,0,2,1,0,0,0,4,1,,,,,,,,,,
2026-08-03,823757,,/api/v1.1/game/823757/feed/live,R,2026,2026-08-03,,night,P,N,N,Regular Season,1,4,1,Final,Final,32,American Family Field,158,Milwaukee Brewers,MIL,3,False,134,Pittsburgh Pirates,PIT,4,True,675660,Shane Drohan,Shane,Drohan,55,1999-01-07,27,"6' 2""",202,1,Pitcher,L,Left,L,Left,,,,,,,,,,,,,,,,,,,,,,,,,,
2026-08-03,823757,,/api/v1.1/game/823757/feed/live,R,2026,2026-08-03,,night,P,N,N,Regular Season,1,4,1,Final,Final,32,American Family Field,158,Milwaukee Brewers,MIL,3,False,134,Pittsburgh Pirates,PIT,4,True,663604,Brandon Lockridge,Brandon,Lockridge,20,1997-03-14,29,"6' 0""",197,7,Outfielder,R,Right,R,Right,,,,,,,,,,,,,,,,,,,,,,,,,,
2026-08-03,823757,,/api/v1.1/game/823757/feed/live,R,2026,2026-08-03,,night,P,N,N,Regular Season,1,4,1,Final,Final,32,American Family Field,158,Milwaukee Brewers,MIL,3,False,134,Pittsburgh Pirates,PIT,4,True,669003,Garrett Mitchell,Garrett,Mitchell,5,1998-09-04,27,"6' 2""",229,8,Outfielder,L,Left,R,Right,0-3 | HBP,,3,0,0,0,0,0,0,0,0,0,0,0,4,0,,,,,,,,,,
2026-08-03,823757,,/api/v1.1/game/823757/feed/live,R,2026,2026-08-03,,night,P,N,N,Regular Season,1,4,1,Final,Final,32,American Family Field,158,Milwaukee Brewers,MIL,3,False,134,Pittsburgh Pirates,PIT,4,True,676879,Aaron Ashby,Aaron,Ashby,26,1998-05-24,28,"6' 0""",194,1,Pitcher,R,Right,L,Left,"2.0 IP, 0 ER, 3 K, BB",,,,,,,,,,,,,,,,2.0,0,1,0,3,1,38,0,0,0
2026-08-03,823757,,/api/v1.1/game/823757/feed/live,R,2026,2026-08-03,,night,P,N,N,Regular Season,1,4,1,Final,Final,32,American Family Field,158,Milwaukee Brewers,MIL,3,False,134,Pittsburgh Pirates,PIT,4,True,666152,David Hamilton,David,Hamilton,6,1997-09-29,28,"5' 10""",192,5,Third Base,L,Left,R,Right,1-2,,2,1,0,0,0,0,0,0,0,0,0,0,2,1,,,,,,,,,,
2026-08-03,823757,,/api/v1.1/game/823757/feed/live,R,2026,2026-08-03,,night,P,N,N,Regular Season,1,4,1,Final,Final,32,American Family Field,158,Milwaukee Brewers,MIL,3,False,134,Pittsburgh Pirates,PIT,4,True,687075,Brandon Sproat,Brandon,Sproat,23,2000-09-17,25,"6' 3""",205,1,Pitcher,R,Right,R,Right,"3.0 IP, 4 ER, 4 K, 2 BB",,,,,,,,,,,,,,,,3.0,4,5,0,4,2,64,0,1,0
2026-08-03,823757,,/api/v1.1/game/823757/feed/live,R,2026,2026-08-03,,night,P,N,N,Regular Season,1,4,1,Final,Final,32,American Family Field,158,Milwaukee Brewers,MIL,3,False,134,Pittsburgh Pirates,PIT,4,True,661388,William Contreras,William,Contreras,24,1997-12-24,28,"5' 10""",217,2,Catcher,R,Right,R,Right,0-4 | 2 K,,4,0,0,0,0,0,0,2,0,0,0,0,4,0,,,,,,,,,,
2026-08-03,823757,,/api/v1.1/game/823757/feed/live,R,2026,2026-08-03,,night,P,N,N,Regular Season,1,4,1,Final,Final,32,American Family Field,158,Milwaukee Brewers,MIL,3,False,134,Pittsburgh Pirates,PIT,4,True,668930,Brice Turang,Brice,Turang,2,1999-11-21,26,"6' 0""",190,4,Second Base,L,Left,R,Right,"0-3 | BB, 2 K",,3,0,0,0,0,0,0,2,1,0,0,0,5,0,,,,,,,,,,
2026-08-03,823757,,/api/v1.1/game/823757/feed/live,R,2026,2026-08-03,,night,P,N,N,Regular Season,1,4,1,Final,Final,32,American Family Field,158,Milwaukee Brewers,MIL,3,False,134,Pittsburgh Pirates,PIT,4,True,688107,Robert Gasser,Robert,Gasser,54,1999-05-31,27,"6' 0""",197,1,Pitcher,L,Left,L,Left,,,,,,,,,,,,,,,,,,,,,,,,,,
2026-08-03,823757,,/api/v1.1/game/823757/feed/live,R,2026,2026-08-03,,night,P,N,N,Regular Season,1,4,1,Final,Final,32,American Family Field,158,Milwaukee Brewers,MIL,3,False,134,Pittsburgh Pirates,PIT,4,True,668831,Garrett Stallings,Garrett,Stallings,31,1997-08-08,28,"6' 1""",218,1,Pitcher,R,Right,R,Right,"3.0 IP, 0 ER, 4 K, BB",,,,,,,,,,,,,,,,3.0,0,2,0,4,1,43,0,0,0
2026-08-03,823757,,/api/v1.1/game/823757/feed/live,R,2026,2026-08-03,,night,P,N,N,Regular Season,1,4,1,Final,Final,32,American Family Field,158,Milwaukee Brewers,MIL,3,False,134,Pittsburgh Pirates,PIT,4,True,596142,Gary Sánchez,Gary,Sánchez,99,1992-12-02,33,"6' 2""",251,2,Catcher,R,Right,R,Right,,,,,,,,,,,,,,,,,,,,,,,,,,
2026-08-03,823757,,/api/v1.1/game/823757/feed/live,R,2026,2026-08-03,,night,P,N,N,Regular Season,1,4,1,Final,Final,32,American Family Field,158,Milwaukee Brewers,MIL,3,False,134,Pittsburgh Pirates,PIT,4,True,694819,Jacob Misiorowski,Jacob,Misiorowski,32,2002-04-03,24,"6' 7""",201,1,Pitcher,R,Right,R,Right,,,,,,,,,,,,,,,,,,,,,,,,,,
2026-08-03,823757,,/api/v1.1/game/823757/feed/live,R,2026,2026-08-03,,night,P,N,N,Regular Season,1,4,1,Final,Final,32,American Family Field,158,Milwaukee Brewers,MIL,3,False,134,Pittsburgh Pirates,PIT,4,True,669084,DL Hall,Dayton,Hall,37,1998-09-19,27,"6' 1""",209,1,Pitcher,L,Left,L,Left,,,,,,,,,,,,,,,,,,,,,,,,,,
2026-08-03,823757,,/api/v1.1/game/823757/feed/live,R,2026,2026-08-03,,night,P,N,N,Regular Season,1,4,1,Final,Final,32,American Family Field,158,Milwaukee Brewers,MIL,3,False,134,Pittsburgh Pirates,PIT,4,True,669060,Bryse Wilson,Bryse,Wilson,41,1997-12-20,28,"6' 2""",255,1,Pitcher,R,Right,R,Right,,,,,,,,,,,,,,,,,,,,,,,,,,
2026-08-03,823757,,/api/v1.1/game/823757/feed/live,R,2026,2026-08-03,,night,P,N,N,Regular Season,1,4,1,Final,Final,32,American Family Field,158,Milwaukee Brewers,MIL,3,False,134,Pittsburgh Pirates,PIT,4,True,800325,Luis Lara,Luis,Lara,18,2004-11-17,21,"5' 7""",169,9,Outfielder,S,Switch,R,Right,,,,,,,,,,,,,,,,,,,,,,,,,,
2026-08-03,823757,,/api/v1.1/game/823757/feed/live,R,2026,2026-08-03,,night,P,N,N,Regular Season,1,4,1,Final,Final,32,American Family Field,158,Milwaukee Brewers,MIL,3,False,134,Pittsburgh Pirates,PIT,4,True,656730,Trevor Megill,Trevor,Megill,29,1993-12-05,32,"6' 8""",253,1,Pitcher,L,Left,R,Right,,,,,,,,,,,,,,,,,,,,,,,,,,
2026-08-03,823757,,/api/v1.1/game/823757/feed/live,R,2026,2026-08-03,,night,P,N,N,Regular Season,1,4,1,Final,Final,32,American Family Field,158,Milwaukee Brewers,MIL,3,False,134,Pittsburgh Pirates,PIT,4,True,694378,Jacob Gonzalez,Jacob,Gonzalez,26,2002-05-30,24,"6' 2""",205,6,Shortstop,L,Left,R,Right,0-4 | K,,4,0,0,0,0,0,0,1,0,0,0,0,4,0,,,,,,,,,,
2026-08-03,823757,,/api/v1.1/game/823757/feed/live,R,2026,2026-08-03,,night,P,N,N,Regular Season,1,4,1,Final,Final,32,American Family Field,158,Milwaukee Brewers,MIL,3,False,134,Pittsburgh Pirates,PIT,4,True,694973,Paul Skenes,Paul,Skenes,30,2002-05-29,24,"6' 6""",260,1,Pitcher,R,Right,R,Right,,,,,,,,,,,,,,,,,,,,,,,,,,
2026-08-03,823757,,/api/v1.1/game/823757/feed/live,R,2026,2026-08-03,,night,P,N,N,Regular Season,1,4,1,Final,Final,32,American Family Field,158,Milwaukee Brewers,MIL,3,False,134,Pittsburgh Pirates,PIT,4,True,687462,Spencer Horwitz,Spencer,Horwitz,2,1997-11-14,28,"5' 10""",204,3,First Base,L,Left,R,Right,"1-4 | 2B, 2 K, 3 RBI",,4,1,1,0,0,3,0,2,0,0,0,0,4,2,,,,,,,,,,
2026-08-03,823757,,/api/v1.1/game/823757/feed/live,R,2026,2026-08-03,,night,P,N,N,Regular Season,1,4,1,Final,Final,32,American Family Field,158,Milwaukee Brewers,MIL,3,False,134,Pittsburgh Pirates,PIT,4,True,664040,Brandon Lowe,Brandon,Lowe,5,1994-07-06,32,"5' 9""",181,4,Second Base,L,Left,R,Right,"1-5 | 2 K, R",,5,1,0,0,0,0,1,2,0,0,0,0,5,1,,,,,,,,,,
2026-08-03,823757,,/api/v1.1/game/823757/feed/live,R,2026,2026-08-03,,night,P,N,N,Regular Season,1,4,1,Final,Final,32,American Family Field,158,Milwaukee Brewers,MIL,3,False,134,Pittsburgh Pirates,PIT,4,True,682848,Endy Rodríguez,Endy,Rodríguez,13,2000-05-26,26,"6' 0""",207,2,Catcher,S,Switch,R,Right,"3-4 | K, R, SB",,4,3,0,0,0,0,1,1,0,1,1,0,4,3,,,,,,,,,,
2026-08-03,823757,,/api/v1.1/game/823757/feed/live,R,2026,2026-08-03,,night,P,N,N,Regular Season,1,4,1,Final,Final,32,American Family Field,158,Milwaukee Brewers,MIL,3,False,134,Pittsburgh Pirates,PIT,4,True,668804,Bryan Reynolds,Bryan,Reynolds,10,1995-01-27,31,"6' 2""",210,7,Outfielder,S,Switch,R,Right,"2-5 | K, R",,5,2,0,0,0,0,1,1,0,0,0,0,5,2,,,,,,,,,,
2026-08-03,823757,,/api/v1.1/game/823757/feed/live,R,2026,2026-08-03,,night,P,N,N,Regular Season,1,4,1,Final,Final,32,American Family Field,158,Milwaukee Brewers,MIL,3,False,134,Pittsburgh Pirates,PIT,4,True,685126,Brandon Eisert,Brandon,Eisert,14,1998-01-19,28,"6' 2""",210,1,Pitcher,L,Left,L,Left,,,,,,,,,,,,,,,,,,,,,,,,,,
2026-08-03,823757,,/api/v1.1/game/823757/feed/live,R,2026,2026-08-03,,night,P,N,N,Regular Season,1,4,1,Final,Final,32,American Family Field,158,Milwaukee Brewers,MIL,3,False,134,Pittsburgh Pirates,PIT,4,True,683003,Jared Jones,Jared,Jones,17,2001-08-06,24,"6' 0""",211,1,Pitcher,L,Left,R,Right,,,,,,,,,,,,,,,,,,,,,,,,,,
2026-08-03,823757,,/api/v1.1/game/823757/feed/live,R,2026,2026-08-03,,night,P,N,N,Regular Season,1,4,1,Final,Final,32,American Family Field,158,Milwaukee Brewers,MIL,3,False,134,Pittsburgh Pirates,PIT,4,True,642397,Gregory Soto,Gregory,Soto,31,1995-02-11,31,"6' 1""",247,1,Pitcher,L,Left,L,Left,"1.1 IP, 0 ER, 3 K, BB",,,,,,,,,,,,,,,,1.1,0,1,0,3,1,35,0,0,0
2026-08-03,823757,,/api/v1.1/game/823757/feed/live,R,2026,2026-08-03,,night,P,N,N,Regular Season,1,4,1,Final,Final,32,American Family Field,158,Milwaukee Brewers,MIL,3,False,134,Pittsburgh Pirates,PIT,4,True,682254,Mason Montgomery,Mason,Montgomery,46,2000-06-17,26,"6' 2""",205,1,Pitcher,L,Left,L,Left,"1.0 IP, 0 ER, 3 K, 0 BB",,,,,,,,,,,,,,,,1.0,0,1,0,3,0,18,0,0,1
2026-08-03,823757,,/api/v1.1/game/823757/feed/live,R,2026,2026-08-03,,night,P,N,N,Regular Season,1,4,1,Final,Final,32,American Family Field,158,Milwaukee Brewers,MIL,3,False,134,Pittsburgh Pirates,PIT,4,True,699013,Esmerlyn Valdez,Esmerlyn,Valdez,55,2004-01-27,22,"6' 2""",234,9,Outfielder,R,Right,R,Right,"0-1 | 3 BB, K, R",,1,0,0,0,0,0,1,1,3,0,0,0,4,0,,,,,,,,,,
2026-08-03,823757,,/api/v1.1/game/823757/feed/live,R,2026,2026-08-03,,night,P,N,N,Regular Season,1,4,1,Final,Final,32,American Family Field,158,Milwaukee Brewers,MIL,3,False,134,Pittsburgh Pirates,PIT,4,True,669707,Jared Triolo,Jared,Triolo,19,1998-02-08,28,"6' 3""",212,6,Shortstop,R,Right,R,Right,0-0,,0,0,0,0,0,0,0,0,0,0,0,0,0,0,,,,,,,,,,
2026-08-03,823757,,/api/v1.1/game/823757/feed/live,R,2026,2026-08-03,,night,P,N,N,Regular Season,1,4,1,Final,Final,32,American Family Field,158,Milwaukee Brewers,MIL,3,False,134,Pittsburgh Pirates,PIT,4,True,663968,Jake Mangum,Jake,Mangum,28,1996-03-08,30,"5' 11""",191,8,Outfielder,S,Switch,L,Left,"1-5 | 2 K, RBI",,5,1,0,0,0,1,0,2,0,0,0,0,5,1,,,,,,,,,,
2026-08-03,823757,,/api/v1.1/game/823757/feed/live,R,2026,2026-08-03,,night,P,N,N,Regular Season,1,4,1,Final,Final,32,American Family Field,158,Milwaukee Brewers,MIL,3,False,134,Pittsburgh Pirates,PIT,4,True,670990,Yohan Ramírez,Yohan,Ramírez,49,1995-05-06,31,"6' 3""",205,1,Pitcher,R,Right,R,Right,,,,,,,,,,,,,,,,,,,,,,,,,,
2026-08-03,823757,,/api/v1.1/game/823757/feed/live,R,2026,2026-08-03,,night,P,N,N,Regular Season,1,4,1,Final,Final,32,American Family Field,158,Milwaukee Brewers,MIL,3,False,134,Pittsburgh Pirates,PIT,4,True,696149,Bubba Chandler,Roy,Chandler,36,2002-09-14,23,"6' 3""",206,1,Pitcher,S,Switch,R,Right,"5.2 IP, 2 ER, 5 K, 4 BB",,,,,,,,,,,,,,,,5.2,2,4,0,5,4,96,1,0,0
2026-08-03,823757,,/api/v1.1/game/823757/feed/live,R,2026,2026-08-03,,night,P,N,N,Regular Season,1,4,1,Final,Final,32,American Family Field,158,Milwaukee Brewers,MIL,3,False,134,Pittsburgh Pirates,PIT,4,True,691373,Jhostynxon Garcia,Jhostynxon,Garcia,34,2002-12-11,23,"6' 0""",224,9,Outfielder,R,Right,R,Right,,,,,,,,,,,,,,,,,,,,,,,,,,
2026-08-03,823757,,/api/v1.1/game/823757/feed/live,R,2026,2026-08-03,,night,P,N,N,Regular Season,1,4,1,Final,Final,32,American Family Field,158,Milwaukee Brewers,MIL,3,False,134,Pittsburgh Pirates,PIT,4,True,669387,Carmen Mlodzinski,Carmen,Mlodzinski,50,1999-02-19,27,"6' 2""",210,1,Pitcher,R,Right,R,Right,,,,,,,,,,,,,,,,,,,,,,,,,,
2026-08-03,823757,,/api/v1.1/game/823757/feed/live,R,2026,2026-08-03,,night,P,N,N,Regular Season,1,4,1,Final,Final,32,American Family Field,158,Milwaukee Brewers,MIL,3,False,134,Pittsburgh Pirates,PIT,4,True,680779,Henry Davis,Henry,Davis,32,1999-09-21,26,"5' 11""",225,2,Catcher,R,Right,R,Right,"0-3 | BB, K",,3,0,0,0,0,0,0,1,1,0,0,0,4,0,,,,,,,,,,
2026-08-03,823757,,/api/v1.1/game/823757/feed/live,R,2026,2026-08-03,,night,P,N,N,Regular Season,1,4,1,Final,Final,32,American Family Field,158,Milwaukee Brewers,MIL,3,False,134,Pittsburgh Pirates,PIT,4,True,668716,Noah Murdock,Noah,Murdock,58,1998-08-20,27,"6' 8""",234,1,Pitcher,R,Right,R,Right,,,,,,,,,,,,,,,,,,,,,,,,,,
2026-08-03,823757,,/api/v1.1/game/823757/feed/live,R,2026,2026-08-03,,night,P,N,N,Regular Season,1,4,1,Final,Final,32,American Family Field,158,Milwaukee Brewers,MIL,3,False,134,Pittsburgh Pirates,PIT,4,True,696062,Wilber Dotel,Wilber,Dotel,66,2002-09-25,23,"6' 3""",238,1,Pitcher,R,Right,R,Right,,,,,,,,,,,,,,,,,,,,,,,,,,
2026-08-03,823757,,/api/v1.1/game/823757/feed/live,R,2026,2026-08-03,,night,P,N,N,Regular Season,1,4,1,Final,Final,32,American Family Field,158,Milwaukee Brewers,MIL,3,False,134,Pittsburgh Pirates,PIT,4,True,666808,Camilo Doval,Camilo,Doval,75,1997-07-04,29,"6' 2""",205,1,Pitcher,R,Right,R,Right,"1.0 IP, 0 ER, K, 0 BB",,,,,,,,,,,,,,,,1.0,0,0,0,1,0,9,0,0,0
2026-08-03,823757,,/api/v1.1/game/823757/feed/live,R,2026,2026-08-03,,night,P,N,N,Regular Season,1,4,1,Final,Final,32,American Family Field,158,Milwaukee Brewers,MIL,3,False,134,Pittsburgh Pirates,PIT,4,True,676760,Ron Marinaccio,Ronald,Marinaccio,97,1995-07-01,31,"6' 2""",205,1,Pitcher,R,Right,R,Right,,,,,,,,,,,,,,,,,,,,,,,,,,
2026-08-03,823757,,/api/v1.1/game/823757/feed/live,R,2026,2026-08-03,,night,P,N,N,Regular Season,1,4,1,Final,Final,32,American Family Field,158,Milwaukee Brewers,MIL,3,False,134,Pittsburgh Pirates,PIT,4,True,693304,Nick Gonzales,Nicholas,Gonzales,3,1999-05-27,27,"5' 8""",193,5,Third Base,R,Right,R,Right,0-4 | 2 K,,4,0,0,0,0,0,0,2,0,0,0,0,4,0,,,,,,,,,,
2026-08-03,823757,,/api/v1.1/game/823757/feed/live,R,2026,2026-08-03,,night,P,N,N,Regular Season,1,4,1,Final,Final,32,American Family Field,158,Milwaukee Brewers,MIL,3,False,134,Pittsburgh Pirates,PIT,4,True,542303,Marcell Ozuna,Marcell,Ozuna,24,1990-11-12,35,"6' 1""",251,10,Designated Hitter,R,Right,R,Right,,,,,,,,,,,,,,,,,,,,,,,,,,
2026-08-03,823757,,/api/v1.1/game/823757/feed/live,R,2026,2026-08-03,,night,P,N,N,Regular Season,1,4,1,Final,Final,32,American Family Field,158,Milwaukee Brewers,MIL,3,False,134,Pittsburgh Pirates,PIT,4,True,804668,Rafael Flores Jr.,Rafael,Flores,43,2000-11-07,25,"6' 3""",232,2,Catcher,R,Right,R,Right,,,,,,,,,,,,,,,,,,,,,,,,,,
2026-08-03,823757,,/api/v1.1/game/823757/feed/live,R,2026,2026-08-03,,night,P,N,N,Regular Season,1,4,1,Final,Final,32,American Family Field,158,Milwaukee Brewers,MIL,3,False,134,Pittsburgh Pirates,PIT,4,True,677952,Braxton Ashcraft,Braxton,Ashcraft,35,1999-10-05,26,"6' 5""",218,1,Pitcher,L,Left,R,Right,,,,,,,,,,,,,,,,,,,,,,,,,,
2026-08-03,824647,,/api/v1.1/game/824647/feed/live,R,2026,2026-08-03,,night,P,N,N,Regular Season,1,3,1,Final,Final,17,Wrigley Field,112,Chicago Cubs,CHC,10,True,119,Los Angeles Dodgers,LAD,5,False,624424,Michael Conforto,Michael,Conforto,20,1993-03-01,33,"5' 11""",215,10,Designated Hitter,L,Left,R,Right,,,,,,,,,,,,,,,,,,,,,,,,,,
2026-08-03,824647,,/api/v1.1/game/824647/feed/live,R,2026,2026-08-03,,night,P,N,N,Regular Season,1,3,1,Final,Final,17,Wrigley Field,112,Chicago Cubs,CHC,10,True,119,Los Angeles Dodgers,LAD,5,False,664023,Ian Happ,Ian,Happ,8,1994-08-12,31,"5' 10""",205,7,Outfielder,S,Switch,R,Right,"0-1 | BB, K, R",,1,0,0,0,0,0,1,1,1,0,0,0,2,0,,,,,,,,,,
2026-08-03,824647,,/api/v1.1/game/824647/feed/live,R,2026,2026-08-03,,night,P,N,N,Regular Season,1,3,1,Final,Final,17,Wrigley Field,112,Chicago Cubs,CHC,10,True,119,Los Angeles Dodgers,LAD,5,False,665871,Javier Assad,Javier,Assad,72,1997-07-30,29,"6' 1""",200,1,Pitcher,R,Right,R,Right,,,,,,,,,,,,,,,,,,,,,,,,,,
2026-08-03,824647,,/api/v1.1/game/824647/feed/live,R,2026,2026-08-03,,night,P,N,N,Regular Season,1,3,1,Final,Final,17,Wrigley Field,112,Chicago Cubs,CHC,10,True,119,Los Angeles Dodgers,LAD,5,False,573204,Caleb Thielbar,Caleb,Thielbar,24,1987-01-31,39,"6' 0""",205,1,Pitcher,R,Right,L,Left,,,,,,,,,,,,,,,,,,,,,,,,,,
2026-08-03,824647,,/api/v1.1/game/824647/feed/live,R,2026,2026-08-03,,night,P,N,N,Regular Season,1,3,1,Final,Final,17,Wrigley Field,112,Chicago Cubs,CHC,10,True,119,Los Angeles Dodgers,LAD,5,False,621053,Tyler Ferguson,Tyler,Ferguson,64,1993-10-05,32,"6' 4""",225,1,Pitcher,R,Right,R,Right,,,,,,,,,,,,,,,,,,,,,,,,,,
2026-08-03,824647,,/api/v1.1/game/824647/feed/live,R,2026,2026-08-03,,night,P,N,N,Regular Season,1,3,1,Final,Final,17,Wrigley Field,112,Chicago Cubs,CHC,10,True,119,Los Angeles Dodgers,LAD,5,False,684007,Shota Imanaga,Shota,Imanaga,18,1993-09-01,32,"5' 10""",175,1,Pitcher,L,Left,L,Left,,,,,,,,,,,,,,,,,,,,,,,,,,
2026-08-03,824647,,/api/v1.1/game/824647/feed/live,R,2026,2026-08-03,,night,P,N,N,Regular Season,1,3,1,Final,Final,17,Wrigley Field,112,Chicago Cubs,CHC,10,True,119,Los Angeles Dodgers,LAD,5,False,681520,Antoine Kelly,Antoine,Kelly,62,1999-12-05,26,"6' 5""",205,1,Pitcher,L,Left,L,Left,,,,,,,,,,,,,,,,,,,,,,,,,,
2026-08-03,824647,,/api/v1.1/game/824647/feed/live,R,2026,2026-08-03,,night,P,N,N,Regular Season,1,3,1,Final,Final,17,Wrigley Field,112,Chicago Cubs,CHC,10,True,119,Los Angeles Dodgers,LAD,5,False,608324,Alex Bregman,Alexander,Bregman,3,1994-03-30,32,"5' 10""",190,5,Third Base,R,Right,R,Right,"1-5 | 2B, 3 K, R",,5,1,1,0,0,0,1,3,0,0,0,0,5,2,,,,,,,,,,
2026-08-03,824647,,/api/v1.1/game/824647/feed/live,R,2026,2026-08-03,,night,P,N,N,Regular Season,1,3,1,Final,Final,17,Wrigley Field,112,Chicago Cubs,CHC,10,True,119,Los Angeles Dodgers,LAD,5,False,699393,Pedro Ramírez,Pedro,Ramírez,75,2004-04-01,22,"5' 9""",165,4,Second Base,S,Switch,R,Right,1-4 | 2 K,,4,1,0,0,0,0,0,2,0,0,0,0,4,1,,,,,,,,,,
2026-08-03,824647,,/api/v1.1/game/824647/feed/live,R,2026,2026-08-03,,night,P,N,N,Regular Season,1,3,1,Final,Final,17,Wrigley Field,112,Chicago Cubs,CHC,10,True,119,Los Angeles Dodgers,LAD,5,False,608348,Carson Kelly,Carson,Kelly,15,1994-07-14,32,"6' 1""",212,2,Catcher,R,Right,R,Right,"1-4 | HR, BB, 3 RBI",,4,1,0,0,1,3,1,0,1,0,0,0,5,4,,,,,,,,,,
2026-08-03,824647,,/api/v1.1/game/824647/feed/live,R,2026,2026-08-03,,night,P,N,N,Regular Season,1,3,1,Final,Final,17,Wrigley Field,112,Chicago Cubs,CHC,10,True,119,Los Angeles Dodgers,LAD,5,False,683737,Michael Busch,Michael,Busch,29,1997-11-09,28,"5' 11""",210,3,First Base,L,Left,R,Right,"2-4 | HR, K, 3 RBI",,4,2,0,0,1,3,1,1,0,0,0,0,4,5,,,,,,,,,,
2026-08-03,824647,,/api/v1.1/game/824647/feed/live,R,2026,2026-08-03,,night,P,N,N,Regular Season,1,3,1,Final,Final,17,Wrigley Field,112,Chicago Cubs,CHC,10,True,119,Los Angeles Dodgers,LAD,5,False,691718,Pete Crow-Armstrong,Pete,Crow-Armstrong,4,2002-03-25,24,"6' 0""",184,8,Outfielder,L,Left,L,Left,"1-4 | BB, K, 2 R",,4,1,0,0,0,0,2,1,1,0,0,0,5,1,,,,,,,,,,
2026-08-03,824647,,/api/v1.1/game/824647/feed/live,R,2026,2026-08-03,,night,P,N,N,Regular Season,1,3,1,Final,Final,17,Wrigley Field,112,Chicago Cubs,CHC,10,True,119,Los Angeles Dodgers,LAD,5,False,657097,Jacob Webb,Jacob,Webb,71,1993-08-15,32,"6' 2""",210,1,Pitcher,R,Right,R,Right,,,,,,,,,,,,,,,,,,,,,,,,,,
2026-08-03,824647,,/api/v1.1/game/824647/feed/live,R,2026,2026-08-03,,night,P,N,N,Regular Season,1,3,1,Final,Final,17,Wrigley Field,112,Chicago Cubs,CHC,10,True,119,Los Angeles Dodgers,LAD,5,False,665804,Miguel Amaya,Miguel,Amaya,9,1999-03-09,27,"6' 1""",230,2,Catcher,R,Right,R,Right,,,,,,,,,,,,,,,,,,,,,,,,,,
2026-08-03,824647,,/api/v1.1/game/824647/feed/live,R,2026,2026-08-03,,night,P,N,N,Regular Season,1,3,1,Final,Final,17,Wrigley Field,112,Chicago Cubs,CHC,10,True,119,Los Angeles Dodgers,LAD,5,False,673548,Seiya Suzuki,Seiya,Suzuki,27,1994-08-18,31,"5' 11""",182,9,Outfielder,R,Right,R,Right,"1-4 | HR, BB, 2 RBI",,4,1,0,0,1,2,2,0,1,0,0,0,5,4,,,,,,,,,,
2026-08-03,824647,,/api/v1.1/game/824647/feed/live,R,2026,2026-08-03,,night,P,N,N,Regular Season,1,3,1,Final,Final,17,Wrigley Field,112,Chicago Cubs,CHC,10,True,119,Los Angeles Dodgers,LAD,5,False,650644,Aaron Civale,Aaron,Civale,38,1995-06-12,31,"6' 1""",245,1,Pitcher,R,Right,R,Right,,,,,,,,,,,,,,,,,,,,,,,,,,
2026-08-03,824647,,/api/v1.1/game/824647/feed/live,R,2026,2026-08-03,,night,P,N,N,Regular Season,1,3,1,Final,Final,17,Wrigley Field,112,Chicago Cubs,CHC,10,True,119,Los Angeles Dodgers,LAD,5,False,656849,David Peterson,David,Peterson,19,1995-09-03,30,"6' 6""",240,1,Pitcher,L,Left,L,Left,,,,,,,,,,,,,,,,,,,,,,,,,,
2026-08-03,824647,,/api/v1.1/game/824647/feed/live,R,2026,2026-08-03,,night,P,N,N,Regular Season,1,3,1,Final,Final,17,Wrigley Field,112,Chicago Cubs,CHC,10,True,119,Los Angeles Dodgers,LAD,5,False,669020,Ryan Rolison,Ryan,Rolison,33,1997-07-11,29,"6' 2""",213,1,Pitcher,R,Right,L,Left,,,,,,,,,,,,,,,,,,,,,,,,,,
2026-08-03,824647,,/api/v1.1/game/824647/feed/live,R,2026,2026-08-03,,night,P,N,N,Regular Season,1,3,1,Final,Final,17,Wrigley Field,112,Chicago Cubs,CHC,10,True,119,Los Angeles Dodgers,LAD,5,False,663423,Trent Thornton,Trent,Thornton,49,1993-09-30,32,"6' 0""",190,1,Pitcher,R,Right,R,Right,"1.1 IP, 0 ER, K, 0 BB",,,,,,,,,,,,,,,,1.1,0,0,0,1,0,22,0,0,0
2026-08-03,824647,,/api/v1.1/game/824647/feed/live,R,2026,2026-08-03,,night,P,N,N,Regular Season,1,3,1,Final,Final,17,Wrigley Field,112,Chicago Cubs,CHC,10,True,119,Los Angeles Dodgers,LAD,5,False,663765,Jake Woodford,Jacob,Woodford,40,1996-10-28,29,"6' 4""",215,1,Pitcher,R,Right,R,Right,"1.0 IP, 0 ER, 0 K, 0 BB",,,,,,,,,,,,,,,,1.0,0,1,0,0,0,14,0,0,0
2026-08-03,824647,,/api/v1.1/game/824647/feed/live,R,2026,2026-08-03,,night,P,N,N,Regular Season,1,3,1,Final,Final,17,Wrigley Field,112,Chicago Cubs,CHC,10,True,119,Los Angeles Dodgers,LAD,5,False,571510,Matthew Boyd,Matthew,Boyd,16,1991-02-02,35,"6' 3""",223,1,Pitcher,L,Left,L,Left,"6.2 IP, 4 ER, 3 K, BB",,,,,,,,,,,,,,,,6.2,4,9,2,3,1,92,1,0,0
2026-08-03,824647,,/api/v1.1/game/824647/feed/live,R,2026,2026-08-03,,night,P,N,N,Regular Season,1,3,1,Final,Final,17,Wrigley Field,112,Chicago Cubs,CHC,10,True,119,Los Angeles Dodgers,LAD,5,False,682634,Kevin Alcántara,Kevin,Alcantara,13,2002-07-12,24,"6' 6""",188,10,Designated Hitter,R,Right,R,Right,"1-1 | HR, BB, 2 RBI",,1,1,0,0,1,2,1,0,1,0,0,0,2,4,,,,,,,,,,
2026-08-03,824647,,/api/v1.1/game/824647/feed/live,R,2026,2026-08-03,,night,P,N,N,Regular Season,1,3,1,Final,Final,17,Wrigley Field,112,Chicago Cubs,CHC,10,True,119,Los Angeles Dodgers,LAD,5,False,701649,James Triantos,James,Triantos,5,2003-01-29,23,"5' 11""",195,4,Second Base,R,Right,R,Right,,,,,,,,,,,,,,,,,,,,,,,,,,
2026-08-03,824647,,/api/v1.1/game/824647/feed/live,R,2026,2026-08-03,,night,P,N,N,Regular Season,1,3,1,Final,Final,17,Wrigley Field,112,Chicago Cubs,CHC,10,True,119,Los Angeles Dodgers,LAD,5,False,621020,Dansby Swanson,James,Swanson,7,1994-02-11,32,"6' 0""",190,6,Shortstop,R,Right,R,Right,"2-3 | BB, R, SB",,3,2,0,0,0,0,1,0,1,1,1,0,4,2,,,,,,,,,,
2026-08-03,824647,,/api/v1.1/game/824647/feed/live,R,2026,2026-08-03,,night,P,N,N,Regular Season,1,3,1,Final,Final,17,Wrigley Field,112,Chicago Cubs,CHC,10,True,119,Los Angeles Dodgers,LAD,5,False,607067,Colin Rea,Colin,Rea,53,1990-07-01,36,"6' 5""",220,1,Pitcher,R,Right,R,Right,,,,,,,,,,,,,,,,,,,,,,,,,,
2026-08-03,824647,,/api/v1.1/game/824647/feed/live,R,2026,2026-08-03,,night,P,N,N,Regular Season,1,3,1,Final,Final,17,Wrigley Field,112,Chicago Cubs,CHC,10,True,119,Los Angeles Dodgers,LAD,5,False,663538,Nico Hoerner,Nicholas,Hoerner,2,1997-05-13,29,"5' 11""",200,4,Second Base,R,Right,R,Right,"0-3 | BB, 2 K",,3,0,0,0,0,0,0,2,1,0,0,0,4,0,,,,,,,,,,
2026-08-03,824647,,/api/v1.1/game/824647/feed/live,R,2026,2026-08-03,,night,P,N,N,Regular Season,1,3,1,Final,Final,17,Wrigley Field,112,Chicago Cubs,CHC,10,True,119,Los Angeles Dodgers,LAD,5,False,669373,Tarik Skubal,Tarik,Skubal,29,1996-11-20,29,"6' 3""",240,1,Pitcher,R,Right,L,Left,,,,,,,,,,,,,,,,,,,,,,,,,,
2026-08-03,824647,,/api/v1.1/game/824647/feed/live,R,2026,2026-08-03,,night,P,N,N,Regular Season,1,3,1,Final,Final,17,Wrigley Field,112,Chicago Cubs,CHC,10,True,119,Los Angeles Dodgers,LAD,5,False,681911,Alex Vesia,Alexander,Vesia,51,1996-04-11,30,"6' 1""",209,1,Pitcher,L,Left,L,Left,,,,,,,,,,,,,,,,,,,,,,,,,,
2026-08-03,824647,,/api/v1.1/game/824647/feed/live,R,2026,2026-08-03,,night,P,N,N,Regular Season,1,3,1,Final,Final,17,Wrigley Field,112,Chicago Cubs,CHC,10,True,119,Los Angeles Dodgers,LAD,5,False,663656,Kyle Tucker,Kyle,Tucker,23,1997-01-17,29,"6' 3""",212,9,Outfielder,L,Left,R,Right,"2-3 | BB, R",,3,2,0,0,0,0,1,0,1,0,0,0,4,2,,,,,,,,,,
2026-08-03,824647,,/api/v1.1/game/824647/feed/live,R,2026,2026-08-03,,night,P,N,N,Regular Season,1,3,1,Final,Final,17,Wrigley Field,112,Chicago Cubs,CHC,10,True,119,Los Angeles Dodgers,LAD,5,False,571771,Enrique Hernández,Enrique,Hernández,8,1991-08-24,34,"5' 10""",195,3,First Base,R,Right,R,Right,0-3 | K,,3,0,0,0,0,0,0,1,0,0,0,0,3,0,,,,,,,,,,
2026-08-03,824647,,/api/v1.1/game/824647/feed/live,R,2026,2026-08-03,,night,P,N,N,Regular Season,1,3,1,Final,Final,17,Wrigley Field,112,Chicago Cubs,CHC,10,True,119,Los Angeles Dodgers,LAD,5,False,571970,Max Muncy,Maxwell,Muncy,13,1990-08-25,35,"5' 10""",215,5,Third Base,L,Left,R,Right,,,,,,,,,,,,,,,,,,,,,,,,,,
2026-08-03,824647,,/api/v1.1/game/824647/feed/live,R,2026,2026-08-03,,night,P,N,N,Regular Season,1,3,1,Final,Final,17,Wrigley Field,112,Chicago Cubs,CHC,10,True,119,Los Angeles Dodgers,LAD,5,False,518692,Freddie Freeman,Frederick,Freeman,5,1989-09-12,36,"6' 4""",220,3,First Base,L,Left,R,Right,1-4 | K,,4,1,0,0,0,0,0,1,0,0,0,0,4,1,,,,,,,,,,
2026-08-03,824647,,/api/v1.1/game/824647/feed/live,R,2026,2026-08-03,,night,P,N,N,Regular Season,1,3,1,Final,Final,17,Wrigley Field,112,Chicago Cubs,CHC,10,True,119,Los Angeles Dodgers,LAD,5,False,683618,Edgardo Henriquez,Edgardo,Henriquez,60,2002-06-24,24,"6' 4""",200,1,Pitcher,R,Right,R,Right,"1.0 IP, 3 ER, 2 K, 3 BB",,,,,,,,,,,,,,,,1.0,3,1,0,2,3,30,0,0,0
2026-08-03,824647,,/api/v1.1/game/824647/feed/live,R,2026,2026-08-03,,night,P,N,N,Regular Season,1,3,1,Final,Final,17,Wrigley Field,112,Chicago Cubs,CHC,10,True,119,Los Angeles Dodgers,LAD,5,False,641778,Eric Lauer,Eric,Lauer,33,1995-06-03,31,"6' 3""",209,1,Pitcher,R,Right,L,Left,,,,,,,,,,,,,,,,,,,,,,,,,,
2026-08-03,824647,,/api/v1.1/game/824647/feed/live,R,2026,2026-08-03,,night,P,N,N,Regular Season,1,3,1,Final,Final,17,Wrigley Field,112,Chicago Cubs,CHC,10,True,119,Los Angeles Dodgers,LAD,5,False,656945,Tanner Scott,Tanner,Scott,66,1994-07-22,32,"6' 0""",235,1,Pitcher,R,Right,L,Left,"0.2 IP, 0 ER, 2 K, BB",,,,,,,,,,,,,,,,0.2,0,1,0,2,1,14,0,0,0
2026-08-03,824647,,/api/v1.1/game/824647/feed/live,R,2026,2026-08-03,,night,P,N,N,Regular Season,1,3,1,Final,Final,17,Wrigley Field,112,Chicago Cubs,CHC,10,True,119,Los Angeles Dodgers,LAD,5,False,642020,Chuckie Robinson,Charles,Robinson,52,1994-12-14,31,"6' 0""",215,2,Catcher,R,Right,R,Right,,,,,,,,,,,,,,,,,,,,,,,,,,
2026-08-03,824647,,/api/v1.1/game/824647/feed/live,R,2026,2026-08-03,,night,P,N,N,Regular Season,1,3,1,Final,Final,17,Wrigley Field,112,Chicago Cubs,CHC,10,True,119,Los Angeles Dodgers,LAD,5,False,672613,Eliezer Alfonzo,Eliezer,Alfonzo,64,1999-09-23,26,"5' 10""",155,2,Catcher,S,Switch,R,Right,1-3,,3,1,0,0,0,0,0,0,0,0,0,0,3,1,,,,,,,,,,
2026-08-03,824647,,/api/v1.1/game/824647/feed/live,R,2026,2026-08-03,,night,P,N,N,Regular Season,1,3,1,Final,Final,17,Wrigley Field,112,Chicago Cubs,CHC,10,True,119,Los Angeles Dodgers,LAD,5,False,669242,Tommy Edman,Thomas,Edman,25,1995-05-09,31,"5' 10""",193,4,Second Base,S,Switch,R,Right,"1-4 | HR, 2 K, 3 RBI",,4,1,0,0,1,3,1,2,0,0,0,0,4,4,,,,,,,,,,
2026-08-03,824647,,/api/v1.1/game/824647/feed/live,R,2026,2026-08-03,,night,P,N,N,Regular Season,1,3,1,Final,Final,17,Wrigley Field,112,Chicago Cubs,CHC,10,True,119,Los Angeles Dodgers,LAD,5,False,669165,Kyle Hurt,Kyle,Hurt,63,1998-05-30,28,"6' 3""",240,1,Pitcher,R,Right,R,Right,,,,,,,,,,,,,,,,,,,,,,,,,,
2026-08-03,824647,,/api/v1.1/game/824647/feed/live,R,2026,2026-08-03,,night,P,N,N,Regular Season,1,3,1,Final,Final,17,Wrigley Field,112,Chicago Cubs,CHC,10,True,119,Los Angeles Dodgers,LAD,5,False,660271,Shohei Ohtani,Shohei,Ohtani,17,1994-07-05,32,"6' 4""",210,Y,Two-Way Player,L,Left,R,Right,2-4 | R,,4,2,0,0,0,0,1,0,0,0,0,0,4,2,,,,,,,,,,
2026-08-03,824647,,/api/v1.1/game/824647/feed/live,R,2026,2026-08-03,,night,P,N,N,Regular Season,1,3,1,Final,Final,17,Wrigley Field,112,Chicago Cubs,CHC,10,True,119,Los Angeles Dodgers,LAD,5,False,680736,Justin Wrobleski,Justin,Wrobleski,70,2000-07-14,26,"6' 1""",194,1,Pitcher,L,Left,L,Left,"4.1 IP, 7 ER, 4 K, 3 BB",,,,,,,,,,,,,,,,4.1,7,7,4,4,3,91,0,1,0
2026-08-03,824647,,/api/v1.1/game/824647/feed/live,R,2026,2026-08-03,,night,P,N,N,Regular Season,1,3,1,Final,Final,17,Wrigley Field,112,Chicago Cubs,CHC,10,True,119,Los Angeles Dodgers,LAD,5,False,606192,Teoscar Hernández,Teoscar,Hernández,37,1992-10-15,33,"6' 0""",215,7,Outfielder,R,Right,R,Right,"2-4 | HR, RBI, R",,4,2,0,0,1,1,1,0,0,0,0,1,4,5,,,,,,,,,,
2026-08-03,824647,,/api/v1.1/game/824647/feed/live,R,2026,2026-08-03,,night,P,N,N,Regular Season,1,3,1,Final,Final,17,Wrigley Field,112,Chicago Cubs,CHC,10,True,119,Los Angeles Dodgers,LAD,5,False,642546,Jonathan Hernández,Jonathan,Hernández,26,1996-07-06,30,"6' 3""",190,1,Pitcher,R,Right,R,Right,"2.0 IP, 0 ER, 2 K, 0 BB",,,,,,,,,,,,,,,,2.0,0,1,0,2,0,28,0,0,0
2026-08-03,824647,,/api/v1.1/game/824647/feed/live,R,2026,2026-08-03,,night,P,N,N,Regular Season,1,3,1,Final,Final,17,Wrigley Field,112,Chicago Cubs,CHC,10,True,119,Los Angeles Dodgers,LAD,5,False,681624,Andy Pages,Andy,Pages,44,2000-12-08,25,"6' 1""",212,8,Outfielder,R,Right,R,Right,1-4 | R,,4,1,0,0,0,0,1,0,0,0,0,0,4,1,,,,,,,,,,
2026-08-03,824647,,/api/v1.1/game/824647/feed/live,R,2026,2026-08-03,,night,P,N,N,Regular Season,1,3,1,Final,Final,17,Wrigley Field,112,Chicago Cubs,CHC,10,True,119,Los Angeles Dodgers,LAD,5,False,621242,Edwin Díaz,Edwin,Díaz,3,1994-03-22,32,"6' 3""",165,1,Pitcher,R,Right,R,Right,,,,,,,,,,,,,,,,,,,,,,,,,,
2026-08-03,824647,,/api/v1.1/game/824647/feed/live,R,2026,2026-08-03,,night,P,N,N,Regular Season,1,3,1,Final,Final,17,Wrigley Field,112,Chicago Cubs,CHC,10,True,119,Los Angeles Dodgers,LAD,5,False,623465,Evan Phillips,Evan,Phillips,59,1994-09-11,31,"6' 2""",215,1,Pitcher,R,Right,R,Right,,,,,,,,,,,,,,,,,,,,,,,,,,
2026-08-03,824647,,/api/v1.1/game/824647/feed/live,R,2026,2026-08-03,,night,P,N,N,Regular Season,1,3,1,Final,Final,17,Wrigley Field,112,Chicago Cubs,CHC,10,True,119,Los Angeles Dodgers,LAD,5,False,605141,Mookie Betts,Markus,Betts,50,1992-10-07,33,"5' 9""",180,6,Shortstop,R,Right,R,Right,0-4,,4,0,0,0,0,0,0,0,0,0,0,0,4,0,,,,,,,,,,
2026-08-03,824647,,/api/v1.1/game/824647/feed/live,R,2026,2026-08-03,,night,P,N,N,Regular Season,1,3,1,Final,Final,17,Wrigley Field,112,Chicago Cubs,CHC,10,True,119,Los Angeles Dodgers,LAD,5,False,669743,Alex Call,Alex,Call,12,1994-09-27,31,"5' 11""",189,7,Outfielder,R,Right,R,Right,0-1,,1,0,0,0,0,0,0,0,0,0,0,0,1,0,,,,,,,,,,
2026-08-03,824647,,/api/v1.1/game/824647/feed/live,R,2026,2026-08-03,,night,P,N,N,Regular Season,1,3,1,Final,Final,17,Wrigley Field,112,Chicago Cubs,CHC,10,True,119,Los Angeles Dodgers,LAD,5,False,500743,Miguel Rojas,Miguel,Rojas,72,1989-02-24,37,"5' 10""",188,4,Second Base,R,Right,R,Right,,,,,,,,,,,,,,,,,,,,,,,,,,
2026-08-03,824647,,/api/v1.1/game/824647/feed/live,R,2026,2026-08-03,,night,P,N,N,Regular Season,1,3,1,Final,Final,17,Wrigley Field,112,Chicago Cubs,CHC,10,True,119,Los Angeles Dodgers,LAD,5,False,676263,Jack Dreyer,Jacob,Dreyer,86,1999-02-27,27,"6' 2""",205,1,Pitcher,R,Right,L,Left,,,,,,,,,,,,,,,,,,,,,,,,,,
2026-08-03,824647,,/api/v1.1/game/824647/feed/live,R,2026,2026-08-03,,night,P,N,N,Regular Season,1,3,1,Final,Final,17,Wrigley Field,112,Chicago Cubs,CHC,10,True,119,Los Angeles Dodgers,LAD,5,False,808963,Roki Sasaki,Roki,Sasaki,11,2001-11-03,24,"6' 2""",187,1,Pitcher,R,Right,R,Right,,,,,,,,,,,,,,,,,,,,,,,,,,
2026-08-03,824647,,/api/v1.1/game/824647/feed/live,R,2026,2026-08-03,,night,P,N,N,Regular Season,1,3,1,Final,Final,17,Wrigley Field,112,Chicago Cubs,CHC,10,True,119,Los Angeles Dodgers,LAD,5,False,808967,Yoshinobu Yamamoto,Yoshinobu,Yamamoto,18,1998-08-17,27,"5' 10""",176,1,Pitcher,R,Right,R,Right,,,,,,,,,,,,,,,,,,,,,,,,,,
2026-08-03,822867,,/api/v1.1/game/822867/feed/live,R,2026,2026-08-03,,night,P,N,N,Regular Season,1,3,1,Final,Final,5325,Globe Life Field,140,Texas Rangers,TEX,1,False,137,San Francisco Giants,SF,5,True,694497,Evan Carter,Evan,Carter,32,2002-08-29,23,"6' 2""",190,8,Outfielder,L,Left,R,Right,0-4 | K,,4,0,0,0,0,0,0,1,0,0,0,0,4,0,,,,,,,,,,
2026-08-03,822867,,/api/v1.1/game/822867/feed/live,R,2026,2026-08-03,,night,P,N,N,Regular Season,1,3,1,Final,Final,5325,Globe Life Field,140,Texas Rangers,TEX,1,False,137,San Francisco Giants,SF,5,True,694671,Wyatt Langford,Wyatt,Langford,36,2001-11-15,24,"6' 0""",225,7,Outfielder,R,Right,R,Right,"0-3 | BB, 2 K, SB",,3,0,0,0,0,0,0,2,1,1,0,0,4,0,,,,,,,,,,
2026-08-03,822867,,/api/v1.1/game/822867/feed/live,R,2026,2026-08-03,,night,P,N,N,Regular Season,1,3,1,Final,Final,5325,Globe Life Field,140,Texas Rangers,TEX,1,False,137,San Francisco Giants,SF,5,True,677958,Kumar Rocker,Kumar,Rocker,80,1999-11-22,26,"6' 5""",245,1,Pitcher,R,Right,R,Right,,,,,,,,,,,,,,,,,,,,,,,,,,
2026-08-03,822867,,/api/v1.1/game/822867/feed/live,R,2026,2026-08-03,,night,P,N,N,Regular Season,1,3,1,Final,Final,5325,Globe Life Field,140,Texas Rangers,TEX,1,False,137,San Francisco Giants,SF,5,True,669394,Jake Burger,Jacob,Burger,21,1996-04-10,30,"6' 0""",230,3,First Base,R,Right,R,Right,0-4 | K,,4,0,0,0,0,0,0,1,0,0,0,0,4,0,,,,,,,,,,
2026-08-03,822867,,/api/v1.1/game/822867/feed/live,R,2026,2026-08-03,,night,P,N,N,Regular Season,1,3,1,Final,Final,5325,Globe Life Field,140,Texas Rangers,TEX,1,False,137,San Francisco Giants,SF,5,True,682608,Peyton Gray,Peyton,Gray,75,1995-06-02,31,"6' 4""",235,1,Pitcher,R,Right,R,Right,"1.0 IP, ER, 0 K, BB",,,,,,,,,,,,,,,,1.0,1,1,1,0,1,12,0,0,0
2026-08-03,822867,,/api/v1.1/game/822867/feed/live,R,2026,2026-08-03,,night,P,N,N,Regular Season,1,3,1,Final,Final,5325,Globe Life Field,140,Texas Rangers,TEX,1,False,137,San Francisco Giants,SF,5,True,696030,Alejandro Osuna,Tadeo,Osuna,19,2002-10-10,23,"5' 9""",185,7,Outfielder,L,Left,L,Left,0-1,,1,0,0,0,0,0,0,0,0,0,0,0,1,0,,,,,,,,,,
2026-08-03,822867,,/api/v1.1/game/822867/feed/live,R,2026,2026-08-03,,night,P,N,N,Regular Season,1,3,1,Final,Final,5325,Globe Life Field,140,Texas Rangers,TEX,1,False,137,San Francisco Giants,SF,5,True,641302,Tyler Alexander,Tyler,Alexander,13,1994-07-14,32,"6' 1""",214,1,Pitcher,R,Right,L,Left,,,,,,,,,,,,,,,,,,,,,,,,,,
2026-08-03,822867,,/api/v1.1/game/822867/feed/live,R,2026,2026-08-03,,night,P,N,N,Regular Season,1,3,1,Final,Final,5325,Globe Life Field,140,Texas Rangers,TEX,1,False,137,San Francisco Giants,SF,5,True,681217,Chase Silseth,Chase,Silseth,63,2000-05-18,26,"6' 0""",217,1,Pitcher,R,Right,R,Right,,,,,,,,,,,,,,,,,,,,,,,,,,
2026-08-03,822867,,/api/v1.1/game/822867/feed/live,R,2026,2026-08-03,,night,P,N,N,Regular Season,1,3,1,Final,Final,5325,Globe Life Field,140,Texas Rangers,TEX,1,False,137,San Francisco Giants,SF,5,True,642851,Austin Wynns,Robert,Wynns,38,1990-12-10,35,"6' 1""",190,2,Catcher,R,Right,R,Right,1-2,,2,1,0,0,0,0,0,0,0,0,0,0,2,1,,,,,,,,,,
2026-08-03,822867,,/api/v1.1/game/822867/feed/live,R,2026,2026-08-03,,night,P,N,N,Regular Season,1,3,1,Final,Final,5325,Globe Life Field,140,Texas Rangers,TEX,1,False,137,San Francisco Giants,SF,5,True,592626,Joc Pederson,Joc,Pederson,3,1992-04-21,34,"6' 1""",220,10,Designated Hitter,L,Left,L,Left,1-4 | 2 K,,4,1,0,0,0,0,0,2,0,0,0,0,4,1,,,,,,,,,,
2026-08-03,822867,,/api/v1.1/game/822867/feed/live,R,2026,2026-08-03,,night,P,N,N,Regular Season,1,3,1,Final,Final,5325,Globe Life Field,140,Texas Rangers,TEX,1,False,137,San Francisco Giants,SF,5,True,656641,Jacob Latz,Jacob,Latz,67,1996-04-08,30,"6' 2""",185,1,Pitcher,R,Right,L,Left,,,,,,,,,,,,,,,,,,,,,,,,,,
2026-08-03,822867,,/api/v1.1/game/822867/feed/live,R,2026,2026-08-03,,night,P,N,N,Regular Season,1,3,1,Final,Final,5325,Globe Life Field,140,Texas Rangers,TEX,1,False,137,San Francisco Giants,SF,5,True,608369,Corey Seager,Corey,Seager,5,1994-04-27,32,"6' 4""",215,6,Shortstop,L,Left,R,Right,"1-3 | BB, K",,3,1,0,0,0,0,0,1,1,0,0,0,4,1,,,,,,,,,,
2026-08-03,822867,,/api/v1.1/game/822867/feed/live,R,2026,2026-08-03,,night,P,N,N,Regular Season,1,3,1,Final,Final,5325,Globe Life Field,140,Texas Rangers,TEX,1,False,137,San Francisco Giants,SF,5,True,615698,Cal Quantrill,Cal,Quantrill,44,1995-02-10,31,"6' 3""",195,1,Pitcher,L,Left,R,Right,"6.0 IP, ER, 4 K, BB",,,,,,,,,,,,,,,,6.0,1,4,1,4,1,87,0,1,0
2026-08-03,822867,,/api/v1.1/game/822867/feed/live,R,2026,2026-08-03,,night,P,N,N,Regular Season,1,3,1,Final,Final,5325,Globe Life Field,140,Texas Rangers,TEX,1,False,137,San Francisco Giants,SF,5,True,670032,Nicky Lopez,Nicholas,Lopez,33,1995-03-13,31,"5' 10""",186,4,Second Base,L,Left,R,Right,0-3 | 2 K,,3,0,0,0,0,0,0,2,0,0,0,0,3,0,,,,,,,,,,
2026-08-03,822867,,/api/v1.1/game/822867/feed/live,R,2026,2026-08-03,,night,P,N,N,Regular Season,1,3,1,Final,Final,5325,Globe Life Field,140,Texas Rangers,TEX,1,False,137,San Francisco Giants,SF,5,True,695239,Robby Ahlstrom,Robert,Ahlstrom,54,1999-06-18,27,"6' 3""",195,1,Pitcher,L,Left,L,Left,,,,,,,,,,,,,,,,,,,,,,,,,,
2026-08-03,822867,,/api/v1.1/game/822867/feed/live,R,2026,2026-08-03,,night,P,N,N,Regular Season,1,3,1,Final,Final,5325,Globe Life Field,140,Texas Rangers,TEX,1,False,137,San Francisco Giants,SF,5,True,679822,Justin Foscue,Justin,Foscue,14,1999-03-02,27,"5' 11""",205,4,Second Base,R,Right,R,Right,,,,,,,,,,,,,,,,,,,,,,,,,,
2026-08-03,822867,,/api/v1.1/game/822867/feed/live,R,2026,2026-08-03,,night,P,N,N,Regular Season,1,3,1,Final,Final,5325,Globe Life Field,140,Texas Rangers,TEX,1,False,137,San Francisco Giants,SF,5,True,677649,Ezequiel Duran,Ezequiel,Duran,20,1999-05-22,27,"5' 10""",185,6,Shortstop,R,Right,R,Right,"4-4 | HR, 2B, RBI",,4,4,1,0,1,1,1,0,0,0,0,0,4,8,,,,,,,,,,
2026-08-03,822867,,/api/v1.1/game/822867/feed/live,R,2026,2026-08-03,,night,P,N,N,Regular Season,1,3,1,Final,Final,5325,Globe Life Field,140,Texas Rangers,TEX,1,False,137,San Francisco Giants,SF,5,True,669022,MacKenzie Gore,MacKenzie,Gore,1,1999-02-24,27,"6' 2""",193,1,Pitcher,L,Left,L,Left,,,,,,,,,,,,,,,,,,,,,,,,,,
2026-08-03,822867,,/api/v1.1/game/822867/feed/live,R,2026,2026-08-03,,night,P,N,N,Regular Season,1,3,1,Final,Final,5325,Globe Life Field,140,Texas Rangers,TEX,1,False,137,San Francisco Giants,SF,5,True,663884,Nolan Kingham,Nolan,Kingham,58,1996-08-18,29,"6' 4""",210,1,Pitcher,R,Right,R,Right,"1.0 IP, ER, K, 2 BB",,,,,,,,,,,,,,,,1.0,1,1,0,1,2,22,0,0,0
2026-08-03,822867,,/api/v1.1/game/822867/feed/live,R,2026,2026-08-03,,night,P,N,N,Regular Season,1,3,1,Final,Final,5325,Globe Life Field,140,Texas Rangers,TEX,1,False,137,San Francisco Giants,SF,5,True,594798,Jacob deGrom,Jacob,deGrom,48,1988-06-19,38,"6' 4""",180,1,Pitcher,L,Left,R,Right,,,,,,,,,,,,,,,,,,,,,,,,,,
2026-08-03,822867,,/api/v1.1/game/822867/feed/live,R,2026,2026-08-03,,night,P,N,N,Regular Season,1,3,1,Final,Final,5325,Globe Life Field,140,Texas Rangers,TEX,1,False,137,San Francisco Giants,SF,5,True,607043,Brandon Nimmo,Brandon,Nimmo,24,1993-03-27,33,"6' 1""",206,9,Outfielder,L,Left,R,Right,0-4 | K,,4,0,0,0,0,0,0,1,0,0,0,0,4,0,,,,,,,,,,
2026-08-03,822867,,/api/v1.1/game/822867/feed/live,R,2026,2026-08-03,,night,P,N,N,Regular Season,1,3,1,Final,Final,5325,Globe Life Field,140,Texas Rangers,TEX,1,False,137,San Francisco Giants,SF,5,True,687239,Ben Peoples,Benjamin,Peoples,70,2001-05-01,25,"6' 1""",175,1,Pitcher,L,Left,R,Right,"1.0 IP, 0 ER, K, BB",,,,,,,,,,,,,,,,1.0,0,0,0,1,1,27,0,0,0
2026-08-03,822867,,/api/v1.1/game/822867/feed/live,R,2026,2026-08-03,,night,P,N,N,Regular Season,1,3,1,Final,Final,5325,Globe Life Field,140,Texas Rangers,TEX,1,False,137,San Francisco Giants,SF,5,True,553869,Elias Díaz,Elias,Díaz,35,1990-11-17,35,"6' 1""",223,2,Catcher,R,Right,R,Right,0-0 | BB,,0,0,0,0,0,0,0,0,1,0,0,0,1,0,,,,,,,,,,
2026-08-03,822867,,/api/v1.1/game/822867/feed/live,R,2026,2026-08-03,,night,P,N,N,Regular Season,1,3,1,Final,Final,5325,Globe Life Field,140,Texas Rangers,TEX,1,False,137,San Francisco Giants,SF,5,True,695508,Cam Cauley,Cameron,Cauley,27,2003-02-06,23,"5' 9""",170,8,Outfielder,R,Right,R,Right,0-1,,1,0,0,0,0,0,0,0,0,0,0,1,1,0,,,,,,,,,,
2026-08-03,822867,,/api/v1.1/game/822867/feed/live,R,2026,2026-08-03,,night,P,N,N,Regular Season,1,3,1,Final,Final,5325,Globe Life Field,140,Texas Rangers,TEX,1,False,137,San Francisco Giants,SF,5,True,543135,Nathan Eovaldi,Nathan,Eovaldi,17,1990-02-13,36,"6' 2""",217,1,Pitcher,R,Right,R,Right,,,,,,,,,,,,,,,,,,,,,,,,,,
2026-08-03,822867,,/api/v1.1/game/822867/feed/live,R,2026,2026-08-03,,night,P,N,N,Regular Season,1,3,1,Final,Final,5325,Globe Life Field,140,Texas Rangers,TEX,1,False,137,San Francisco Giants,SF,5,True,668390,Cole Winn,Cole,Winn,60,1999-11-25,26,"6' 2""",190,1,Pitcher,R,Right,R,Right,,,,,,,,,,,,,,,,,,,,,,,,,,
2026-08-03,822867,,/api/v1.1/game/822867/feed/live,R,2026,2026-08-03,,night,P,N,N,Regular Season,1,3,1,Final,Final,5325,Globe Life Field,140,Texas Rangers,TEX,1,False,137,San Francisco Giants,SF,5,True,664141,JT Brubaker,Jonathan,Brubaker,34,1993-11-17,32,"6' 4""",197,1,Pitcher,R,Right,R,Right,,,,,,,,,,,,,,,,,,,,,,,,,,
2026-08-03,822867,,/api/v1.1/game/822867/feed/live,R,2026,2026-08-03,,night,P,N,N,Regular Season,1,3,1,Final,Final,5325,Globe Life Field,140,Texas Rangers,TEX,1,False,137,San Francisco Giants,SF,5,True,681916,Dylan Smith,Dylan,Smith,66,2000-05-28,26,"6' 2""",180,1,Pitcher,R,Right,R,Right,,,,,,,,,,,,,,,,,,,,,,,,,,
2026-08-03,822867,,/api/v1.1/game/822867/feed/live,R,2026,2026-08-03,,night,P,N,N,Regular Season,1,3,1,Final,Final,5325,Globe Life Field,140,Texas Rangers,TEX,1,False,137,San Francisco Giants,SF,5,True,701852,Drew Cavanaugh,Drew,Cavanaugh,61,2002-01-27,24,"6' 0""",219,2,Catcher,L,Left,R,Right,,,,,,,,,,,,,,,,,,,,,,,,,,
2026-08-03,822867,,/api/v1.1/game/822867/feed/live,R,2026,2026-08-03,,night,P,N,N,Regular Season,1,3,1,Final,Final,5325,Globe Life Field,140,Texas Rangers,TEX,1,False,137,San Francisco Giants,SF,5,True,801501,Nate Furman,Nathan,Furman,56,2001-07-23,25,"5' 8""",173,4,Second Base,L,Left,R,Right,"0-4 | BB, K",,4,0,0,0,0,0,0,1,1,0,0,0,5,0,,,,,,,,,,
2026-08-03,822867,,/api/v1.1/game/822867/feed/live,R,2026,2026-08-03,,night,P,N,N,Regular Season,1,3,1,Final,Final,5325,Globe Life Field,140,Texas Rangers,TEX,1,False,137,San Francisco Giants,SF,5,True,657277,Logan Webb,Logan,Webb,62,1996-11-18,29,"6' 2""",221,1,Pitcher,R,Right,R,Right,"6.0 IP, 0 ER, 8 K, BB",,,,,,,,,,,,,,,,6.0,0,5,0,8,1,96,1,0,0
2026-08-03,822867,,/api/v1.1/game/822867/feed/live,R,2026,2026-08-03,,night,P,N,N,Regular Season,1,3,1,Final,Final,5325,Globe Life Field,140,Texas Rangers,TEX,1,False,137,San Francisco Giants,SF,5,True,671083,Buddy Kennedy,Clifton,Kennedy,41,1998-10-05,27,"5' 10""",213,3,First Base,R,Right,R,Right,,,,,,,,,,,,,,,,,,,,,,,,,,
2026-08-03,822867,,/api/v1.1/game/822867/feed/live,R,2026,2026-08-03,,night,P,N,N,Regular Season,1,3,1,Final,Final,5325,Globe Life Field,140,Texas Rangers,TEX,1,False,137,San Francisco Giants,SF,5,True,676775,Keaton Winn,Keaton,Winn,67,1998-02-20,28,"6' 4""",230,1,Pitcher,R,Right,R,Right,"0.2 IP, 0 ER, K, 0 BB",,,,,,,,,,,,,,,,0.2,0,1,0,1,0,10,0,0,0
2026-08-03,822867,,/api/v1.1/game/822867/feed/live,R,2026,2026-08-03,,night,P,N,N,Regular Season,1,3,1,Final,Final,5325,Globe Life Field,140,Texas Rangers,TEX,1,False,137,San Francisco Giants,SF,5,True,671345,Jason Foley,Jason,Foley,64,1995-11-01,30,"6' 4""",215,1,Pitcher,R,Right,R,Right,,,,,,,,,,,,,,,,,,,,,,,,,,
2026-08-03,822867,,/api/v1.1/game/822867/feed/live,R,2026,2026-08-03,,night,P,N,N,Regular Season,1,3,1,Final,Final,5325,Globe Life Field,140,Texas Rangers,TEX,1,False,137,San Francisco Giants,SF,5,True,693313,Carson Seymour,Carson,Seymour,77,1998-12-16,27,"6' 5""",264,1,Pitcher,R,Right,R,Right,,,,,,,,,,,,,,,,,,,,,,,,,,
2026-08-03,822867,,/api/v1.1/game/822867/feed/live,R,2026,2026-08-03,,night,P,N,N,Regular Season,1,3,1,Final,Final,5325,Globe Life Field,140,Texas Rangers,TEX,1,False,137,San Francisco Giants,SF,5,True,808982,Jung Hoo Lee,Jung Hoo,Lee,51,1998-08-20,27,"6' 0""",196,9,Outfielder,L,Left,R,Right,"3-4 | 2 HR, K, 3 RBI",,4,3,0,0,2,3,2,1,0,1,0,0,5,9,,,,,,,,,,
2026-08-03,822867,,/api/v1.1/game/822867/feed/live,R,2026,2026-08-03,,night,P,N,N,Regular Season,1,3,1,Final,Final,5325,Globe Life Field,140,Texas Rangers,TEX,1,False,137,San Francisco Giants,SF,5,True,687551,Drew Gilbert,Andrew,Gilbert,0,2000-09-27,25,"5' 9""",195,8,Outfielder,L,Left,L,Left,1-4 | R,,4,1,0,0,0,0,1,0,0,0,0,0,4,1,,,,,,,,,,
2026-08-03,822867,,/api/v1.1/game/822867/feed/live,R,2026,2026-08-03,,night,P,N,N,Regular Season,1,3,1,Final,Final,5325,Globe Life Field,140,Texas Rangers,TEX,1,False,137,San Francisco Giants,SF,5,True,656529,Sam Hentges,Sam,Hentges,31,1996-07-18,30,"6' 8""",255,1,Pitcher,L,Left,L,Left,"1.1 IP, 0 ER, K, BB",,,,,,,,,,,,,,,,1.1,0,0,0,1,1,20,0,0,0
2026-08-03,822867,,/api/v1.1/game/822867/feed/live,R,2026,2026-08-03,,night,P,N,N,Regular Season,1,3,1,Final,Final,5325,Globe Life Field,140,Texas Rangers,TEX,1,False,137,San Francisco Giants,SF,5,True,646240,Rafael Devers,Rafael,Devers,16,1996-10-24,29,"6' 0""",235,3,First Base,L,Left,R,Right,0-4 | K,,4,0,0,0,0,0,0,1,0,0,0,0,4,0,,,,,,,,,,
2026-08-03,822867,,/api/v1.1/game/822867/feed/live,R,2026,2026-08-03,,night,P,N,N,Regular Season,1,3,1,Final,Final,5325,Globe Life Field,140,Texas Rangers,TEX,1,False,137,San Francisco Giants,SF,5,True,663941,Tristan Beck,Tristan,Beck,43,1996-06-24,30,"6' 4""",200,1,Pitcher,R,Right,R,Right,"0.1 IP, ER, 0 K, BB",,,,,,,,,,,,,,,,0.1,1,1,1,0,1,17,0,0,0
2026-08-03,822867,,/api/v1.1/game/822867/feed/live,R,2026,2026-08-03,,night,P,N,N,Regular Season,1,3,1,Final,Final,5325,Globe Life Field,140,Texas Rangers,TEX,1,False,137,San Francisco Giants,SF,5,True,665665,Reiver Sanmartin,Reiver,Sanmartin,48,1996-04-15,30,"6' 1""",188,1,Pitcher,L,Left,L,Left,"0.2 IP, 0 ER, 0 K, 0 BB",,,,,,,,,,,,,,,,0.2,0,0,0,0,0,4,0,0,0
2026-08-03,822867,,/api/v1.1/game/822867/feed/live,R,2026,2026-08-03,,night,P,N,N,Regular Season,1,3,1,Final,Final,5325,Globe Life Field,140,Texas Rangers,TEX,1,False,137,San Francisco Giants,SF,5,True,687931,Carson Whisenhunt,Carson,Whisenhunt,88,2000-10-20,25,"6' 3""",225,1,Pitcher,L,Left,L,Left,,,,,,,,,,,,,,,,,,,,,,,,,,
2026-08-03,822867,,/api/v1.1/game/822867/feed/live,R,2026,2026-08-03,,night,P,N,N,Regular Season,1,3,1,Final,Final,5325,Globe Life Field,140,Texas Rangers,TEX,1,False,137,San Francisco Giants,SF,5,True,687529,Grant McCray,Grant,McCray,58,2000-12-07,25,"6' 1""",195,8,Outfielder,L,Left,R,Right,"0-2 | 2 BB, R, SB",,2,0,0,0,0,0,1,0,2,1,0,0,4,0,,,,,,,,,,
2026-08-03,822867,,/api/v1.1/game/822867/feed/live,R,2026,2026-08-03,,night,P,N,N,Regular Season,1,3,1,Final,Final,5325,Globe Life Field,140,Texas Rangers,TEX,1,False,137,San Francisco Giants,SF,5,True,683766,Christian Koss,Christian,Koss,50,1998-01-27,28,"6' 1""",185,4,Second Base,R,Right,R,Right,1-4 | 2 K,,4,1,0,0,0,0,0,2,0,0,0,0,4,1,,,,,,,,,,
2026-08-03,822867,,/api/v1.1/game/822867/feed/live,R,2026,2026-08-03,,night,P,N,N,Regular Season,1,3,1,Final,Final,5325,Globe Life Field,140,Texas Rangers,TEX,1,False,137,San Francisco Giants,SF,5,True,605288,Adrian Houser,Adrian,Houser,12,1993-02-02,33,"6' 4""",227,1,Pitcher,R,Right,R,Right,,,,,,,,,,,,,,,,,,,,,,,,,,
2026-08-03,822867,,/api/v1.1/game/822867/feed/live,R,2026,2026-08-03,,night,P,N,N,Regular Season,1,3,1,Final,Final,5325,Globe Life Field,140,Texas Rangers,TEX,1,False,137,San Francisco Giants,SF,5,True,694918,Blade Tidwell,Janzen,Tidwell,46,2001-06-08,25,"6' 3""",244,1,Pitcher,R,Right,R,Right,,,,,,,,,,,,,,,,,,,,,,,,,,
2026-08-03,822867,,/api/v1.1/game/822867/feed/live,R,2026,2026-08-03,,night,P,N,N,Regular Season,1,3,1,Final,Final,5325,Globe Life Field,140,Texas Rangers,TEX,1,False,137,San Francisco Giants,SF,5,True,642715,Willy Adames,Willy,Adames,2,1995-09-02,30,"6' 0""",216,6,Shortstop,R,Right,R,Right,"0-4 | BB, K",,4,0,0,0,0,0,0,1,1,0,0,0,5,0,,,,,,,,,,
2026-08-03,822867,,/api/v1.1/game/822867/feed/live,R,2026,2026-08-03,,night,P,N,N,Regular Season,1,3,1,Final,Final,5325,Globe Life Field,140,Texas Rangers,TEX,1,False,137,San Francisco Giants,SF,5,True,694738,Landen Roupp,Landen,Roupp,65,1998-09-10,27,"6' 2""",220,1,Pitcher,R,Right,R,Right,,,,,,,,,,,,,,,,,,,,,,,,,,
2026-08-03,822867,,/api/v1.1/game/822867/feed/live,R,2026,2026-08-03,,night,P,N,N,Regular Season,1,3,1,Final,Final,5325,Globe Life Field,140,Texas Rangers,TEX,1,False,137,San Francisco Giants,SF,5,True,805811,Bryce Eldridge,Bryson,Eldridge,8,2004-10-20,21,"6' 7""",251,10,Designated Hitter,L,Left,R,Right,,,,,,,,,,,,,,,,,,,,,,,,,,
2026-08-03,822867,,/api/v1.1/game/822867/feed/live,R,2026,2026-08-03,,night,P,N,N,Regular Season,1,3,1,Final,Final,5325,Globe Life Field,140,Texas Rangers,TEX,1,False,137,San Francisco Giants,SF,5,True,691740,Daniel Susac,Daniel,Susac,6,2001-05-14,25,"6' 5""",210,2,Catcher,R,Right,R,Right,"0-3 | BB, R, CS",,3,0,0,0,0,0,1,0,1,0,1,0,4,0,,,,,,,,,,
2026-08-03,822867,,/api/v1.1/game/822867/feed/live,R,2026,2026-08-03,,night,P,N,N,Regular Season,1,3,1,Final,Final,5325,Globe Life Field,140,Texas Rangers,TEX,1,False,137,San Francisco Giants,SF,5,True,678545,Osleivis Basabe,Osleivis,Basabe,39,2000-09-13,25,"5' 11""",197,6,Shortstop,R,Right,R,Right,1-3 | RBI,,3,1,0,0,0,1,0,0,0,0,0,0,4,1,,,,,,,,,,
2026-08-03,824160,,/api/v1.1/game/824160/feed/live,R,2026,2026-08-03,,night,P,N,N,Regular Season,1,3,1,Final,Final,2392,Daikin Park,117,Houston Astros,HOU,1,False,141,Toronto Blue Jays,TOR,3,True,670623,Isaac Paredes,Isaac,Paredes,15,1999-02-18,27,"5' 11""",213,5,Third Base,R,Right,R,Right,"0-4 | BB, K",,4,0,0,0,0,0,0,1,1,0,0,0,5,0,,,,,,,,,,
2026-08-03,824160,,/api/v1.1/game/824160/feed/live,R,2026,2026-08-03,,night,P,N,N,Regular Season,1,3,1,Final,Final,2392,Daikin Park,117,Houston Astros,HOU,1,False,141,Toronto Blue Jays,TOR,3,True,650556,Bryan Abreu,Bryan,Abreu,52,1997-04-22,29,"6' 1""",230,1,Pitcher,R,Right,R,Right,,,,,,,,,,,,,,,,,,,,,,,,,,
2026-08-03,824160,,/api/v1.1/game/824160/feed/live,R,2026,2026-08-03,,night,P,N,N,Regular Season,1,3,1,Final,Final,2392,Daikin Park,117,Houston Astros,HOU,1,False,141,Toronto Blue Jays,TOR,3,True,669397,Nick Allen,Nicholas,Allen,20,1998-10-08,27,"5' 7""",166,6,Shortstop,R,Right,R,Right,,,,,,,,,,,,,,,,,,,,,,,,,,
2026-08-03,824160,,/api/v1.1/game/824160/feed/live,R,2026,2026-08-03,,night,P,N,N,Regular Season,1,3,1,Final,Final,2392,Daikin Park,117,Houston Astros,HOU,1,False,141,Toronto Blue Jays,TOR,3,True,701358,Cam Smith,Cameron,Smith,11,2003-02-22,23,"6' 3""",224,9,Outfielder,R,Right,R,Right,2-4 | K,,4,2,0,0,0,0,0,1,0,0,0,0,4,2,,,,,,,,,,
2026-08-03,824160,,/api/v1.1/game/824160/feed/live,R,2026,2026-08-03,,night,P,N,N,Regular Season,1,3,1,Final,Final,2392,Daikin Park,117,Houston Astros,HOU,1,False,141,Toronto Blue Jays,TOR,3,True,669713,Hayden Wesneski,Hayden,Wesneski,39,1997-12-05,28,"6' 3""",210,1,Pitcher,R,Right,R,Right,,,,,,,,,,,,,,,,,,,,,,,,,,
2026-08-03,824160,,/api/v1.1/game/824160/feed/live,R,2026,2026-08-03,,night,P,N,N,Regular Season,1,3,1,Final,Final,2392,Daikin Park,117,Houston Astros,HOU,1,False,141,Toronto Blue Jays,TOR,3,True,686613,Hunter Brown,Hunter,Brown,58,1998-08-29,27,"6' 2""",220,1,Pitcher,R,Right,R,Right,,,,,,,,,,,,,,,,,,,,,,,,,,
2026-08-03,824160,,/api/v1.1/game/824160/feed/live,R,2026,2026-08-03,,night,P,N,N,Regular Season,1,3,1,Final,Final,2392,Daikin Park,117,Houston Astros,HOU,1,False,141,Toronto Blue Jays,TOR,3,True,669854,Ronel Blanco,Ronel,Blanco,56,1993-08-31,32,"6' 3""",265,1,Pitcher,R,Right,R,Right,,,,,,,,,,,,,,,,,,,,,,,,,,
2026-08-03,824160,,/api/v1.1/game/824160/feed/live,R,2026,2026-08-03,,night,P,N,N,Regular Season,1,3,1,Final,Final,2392,Daikin Park,117,Houston Astros,HOU,1,False,141,Toronto Blue Jays,TOR,3,True,623352,Josh Hader,Josh,Hader,71,1994-04-07,32,"6' 3""",188,1,Pitcher,L,Left,L,Left,,,,,,,,,,,,,,,,,,,,,,,,,,
2026-08-03,824160,,/api/v1.1/game/824160/feed/live,R,2026,2026-08-03,,night,P,N,N,Regular Season,1,3,1,Final,Final,2392,Daikin Park,117,Houston Astros,HOU,1,False,141,Toronto Blue Jays,TOR,3,True,662139,Daulton Varsho,Daulton,Varsho,18,1996-07-02,30,"5' 8""",207,8,Outfielder,L,Left,R,Right,"1-4 | BB, K",,4,1,0,0,0,0,0,1,1,0,0,0,5,1,,,,,,,,,,
2026-08-03,824160,,/api/v1.1/game/824160/feed/live,R,2026,2026-08-03,,night,P,N,N,Regular Season,1,3,1,Final,Final,2392,Daikin Park,117,Houston Astros,HOU,1,False,141,Toronto Blue Jays,TOR,3,True,660853,Enyel De Los Santos,Enyel,De Los Santos,65,1995-12-25,30,"6' 3""",235,1,Pitcher,R,Right,R,Right,,,,,,,,,,,,,,,,,,,,,,,,,,
2026-08-03,824160,,/api/v1.1/game/824160/feed/live,R,2026,2026-08-03,,night,P,N,N,Regular Season,1,3,1,Final,Final,2392,Daikin Park,117,Houston Astros,HOU,1,False,141,Toronto Blue Jays,TOR,3,True,595345,Steven Okert,Steven,Okert,48,1991-07-09,35,"6' 2""",202,1,Pitcher,L,Left,L,Left,,,,,,,,,,,,,,,,,,,,,,,,,,
2026-08-03,824160,,/api/v1.1/game/824160/feed/live,R,2026,2026-08-03,,night,P,N,N,Regular Season,1,3,1,Final,Final,2392,Daikin Park,117,Houston Astros,HOU,1,False,141,Toronto Blue Jays,TOR,3,True,805123,AJ Blubaugh,Alan,Blubaugh,69,2000-07-04,26,"6' 2""",190,1,Pitcher,R,Right,R,Right,,,,,,,,,,,,,,,,,,,,,,,,,,
2026-08-03,824160,,/api/v1.1/game/824160/feed/live,R,2026,2026-08-03,,night,P,N,N,Regular Season,1,3,1,Final,Final,2392,Daikin Park,117,Houston Astros,HOU,1,False,141,Toronto Blue Jays,TOR,3,True,656986,Bennett Sousa,John,Sousa,62,1995-04-06,31,"6' 3""",220,1,Pitcher,L,Left,L,Left,,,,,,,,,,,,,,,,,,,,,,,,,,
2026-08-03,824160,,/api/v1.1/game/824160/feed/live,R,2026,2026-08-03,,night,P,N,N,Regular Season,1,3,1,Final,Final,2392,Daikin Park,117,Houston Astros,HOU,1,False,141,Toronto Blue Jays,TOR,3,True,514888,Jose Altuve,Jose,Altuve,27,1990-05-06,36,"5' 6""",167,4,Second Base,R,Right,R,Right,2-4,,4,2,0,0,0,0,0,0,0,0,0,0,4,2,,,,,,,,,,
2026-08-03,824160,,/api/v1.1/game/824160/feed/live,R,2026,2026-08-03,,night,P,N,N,Regular Season,1,3,1,Final,Final,2392,Daikin Park,117,Houston Astros,HOU,1,False,141,Toronto Blue Jays,TOR,3,True,666211,Taylor Trammell,Taylor,Trammell,26,1997-09-13,28,"6' 1""",220,8,Outfielder,L,Left,L,Left,0-3 | K,,3,0,0,0,0,0,0,1,0,0,0,0,3,0,,,,,,,,,,
2026-08-03,824160,,/api/v1.1/game/824160/feed/live,R,2026,2026-08-03,,night,P,N,N,Regular Season,1,3,1,Final,Final,2392,Daikin Park,117,Houston Astros,HOU,1,False,141,Toronto Blue Jays,TOR,3,True,837227,Tatsuya Imai,Tatsuya,Imai,45,1998-05-09,28,"5' 11""",176,1,Pitcher,R,Right,R,Right,"3.0 IP, 0 ER, 5 K, 0 BB",,,,,,,,,,,,,,,,3.0,0,0,0,5,0,34,0,0,0
2026-08-03,824160,,/api/v1.1/game/824160/feed/live,R,2026,2026-08-03,,night,P,N,N,Regular Season,1,3,1,Final,Final,2392,Daikin Park,117,Houston Astros,HOU,1,False,141,Toronto Blue Jays,TOR,3,True,665161,Jeremy Peña,Jeremy,Peña,3,1997-09-22,28,"6' 0""",202,6,Shortstop,R,Right,R,Right,"1-4 | BB, K, RBI",,4,1,0,0,0,1,0,1,1,0,0,0,5,1,,,,,,,,,,
2026-08-03,824160,,/api/v1.1/game/824160/feed/live,R,2026,2026-08-03,,night,P,N,N,Regular Season,1,3,1,Final,Final,2392,Daikin Park,117,Houston Astros,HOU,1,False,141,Toronto Blue Jays,TOR,3,True,701305,Zach Dezenzo,Zachary,Dezenzo,9,2000-05-11,26,"6' 5""",220,7,Outfielder,R,Right,R,Right,0-1 | K,,1,0,0,0,0,0,0,1,0,0,0,0,1,0,,,,,,,,,,
2026-08-03,824160,,/api/v1.1/game/824160/feed/live,R,2026,2026-08-03,,night,P,N,N,Regular Season,1,3,1,Final,Final,2392,Daikin Park,117,Houston Astros,HOU,1,False,141,Toronto Blue Jays,TOR,3,True,663567,Peter Lambert,Peter,Lambert,38,1997-04-18,29,"6' 2""",208,1,Pitcher,R,Right,R,Right,,,,,,,,,,,,,,,,,,,,,,,,,,
2026-08-03,824160,,/api/v1.1/game/824160/feed/live,R,2026,2026-08-03,,night,P,N,N,Regular Season,1,3,1,Final,Final,2392,Daikin Park,117,Houston Astros,HOU,1,False,141,Toronto Blue Jays,TOR,3,True,664299,Cristian Javier,Cristian,Javier,53,1997-03-26,29,"6' 1""",210,1,Pitcher,R,Right,R,Right,"6.0 IP, 3 ER, 2 K, 0 BB",,,,,,,,,,,,,,,,6.0,3,7,1,2,0,85,0,1,0
2026-08-03,824160,,/api/v1.1/game/824160/feed/live,R,2026,2026-08-03,,night,P,N,N,Regular Season,1,3,1,Final,Final,2392,Daikin Park,117,Houston Astros,HOU,1,False,141,Toronto Blue Jays,TOR,3,True,687911,Bryan King,Bryan,King,74,1996-11-05,29,"6' 1""",205,1,Pitcher,R,Right,L,Left,,,,,,,,,,,,,,,,,,,,,,,,,,
2026-08-03,824160,,/api/v1.1/game/824160/feed/live,R,2026,2026-08-03,,night,P,N,N,Regular Season,1,3,1,Final,Final,2392,Daikin Park,117,Houston Astros,HOU,1,False,141,Toronto Blue Jays,TOR,3,True,664774,LaMonte Wade Jr.,LaMonte,Wade,31,1994-01-01,32,"5' 11""",215,7,Outfielder,L,Left,L,Left,,,,,,,,,,,,,,,,,,,,,,,,,,
2026-08-03,824160,,/api/v1.1/game/824160/feed/live,R,2026,2026-08-03,,night,P,N,N,Regular Season,1,3,1,Final,Final,2392,Daikin Park,117,Houston Astros,HOU,1,False,141,Toronto Blue Jays,TOR,3,True,572233,Christian Walker,Christian,Walker,8,1991-03-28,35,"5' 11""",208,3,First Base,R,Right,R,Right,1-5 | K,,5,1,0,0,0,0,0,1,0,0,0,1,5,1,,,,,,,,,,
2026-08-03,824160,,/api/v1.1/game/824160/feed/live,R,2026,2026-08-03,,night,P,N,N,Regular Season,1,3,1,Final,Final,2392,Daikin Park,117,Houston Astros,HOU,1,False,141,Toronto Blue Jays,TOR,3,True,543877,Christian Vázquez,Christian,Vázquez,2,1990-08-21,35,"5' 8""",205,2,Catcher,R,Right,R,Right,,,,,,,,,,,,,,,,,,,,,,,,,,
2026-08-03,824160,,/api/v1.1/game/824160/feed/live,R,2026,2026-08-03,,night,P,N,N,Regular Season,1,3,1,Final,Final,2392,Daikin Park,117,Houston Astros,HOU,1,False,141,Toronto Blue Jays,TOR,3,True,673237,Yainer Diaz,Yainer,Diaz,21,1998-09-21,27,"5' 11""",195,2,Catcher,R,Right,R,Right,"2-4 | 2 K, R",,4,2,0,0,0,0,1,2,0,0,0,0,4,2,,,,,,,,,,
2026-08-03,824160,,/api/v1.1/game/824160/feed/live,R,2026,2026-08-03,,night,P,N,N,Regular Season,1,3,1,Final,Final,2392,Daikin Park,117,Houston Astros,HOU,1,False,141,Toronto Blue Jays,TOR,3,True,670541,Yordan Alvarez,Yordan,Alvarez,44,1997-06-27,29,"6' 4""",237,10,Designated Hitter,L,Left,R,Right,"1-3 | 2 BB, K",,3,1,0,0,0,0,0,1,2,0,0,0,5,1,,,,,,,,,,
2026-08-03,824160,,/api/v1.1/game/824160/feed/live,R,2026,2026-08-03,,night,P,N,N,Regular Season,1,3,1,Final,Final,2392,Daikin Park,117,Houston Astros,HOU,1,False,141,Toronto Blue Jays,TOR,3,True,669456,Shane Bieber,Shane,Bieber,57,1995-05-31,31,"6' 3""",200,1,Pitcher,R,Right,R,Right,"5.2 IP, ER, 6 K, 2 BB",,,,,,,,,,,,,,,,5.2,1,9,0,6,2,87,1,0,0
2026-08-03,824160,,/api/v1.1/game/824160/feed/live,R,2026,2026-08-03,,night,P,N,N,Regular Season,1,3,1,Final,Final,2392,Daikin Park,117,Houston Astros,HOU,1,False,141,Toronto Blue Jays,TOR,3,True,693686,Spencer Miles,Spencer,Miles,62,2000-07-26,26,"6' 3""",180,1,Pitcher,L,Left,R,Right,,,,,,,,,,,,,,,,,,,,,,,,,,
2026-08-03,824160,,/api/v1.1/game/824160/feed/live,R,2026,2026-08-03,,night,P,N,N,Regular Season,1,3,1,Final,Final,2392,Daikin Park,117,Houston Astros,HOU,1,False,141,Toronto Blue Jays,TOR,3,True,649966,Luis Urías,Luis,Urías,48,1997-06-03,29,"5' 9""",202,4,Second Base,R,Right,R,Right,,,,,,,,,,,,,,,,,,,,,,,,,,
2026-08-03,824160,,/api/v1.1/game/824160/feed/live,R,2026,2026-08-03,,night,P,N,N,Regular Season,1,3,1,Final,Final,2392,Daikin Park,117,Houston Astros,HOU,1,False,141,Toronto Blue Jays,TOR,3,True,689149,Chad Dallas,John,Dallas,37,2000-06-26,26,"5' 11""",206,1,Pitcher,R,Right,R,Right,,,,,,,,,,,,,,,,,,,,,,,,,,
2026-08-03,824160,,/api/v1.1/game/824160/feed/live,R,2026,2026-08-03,,night,P,N,N,Regular Season,1,3,1,Final,Final,2392,Daikin Park,117,Houston Astros,HOU,1,False,141,Toronto Blue Jays,TOR,3,True,686973,Louis Varland,Louis,Varland,77,1997-12-09,28,"6' 1""",205,1,Pitcher,L,Left,R,Right,,,,,,,,,,,,,,,,,,,,,,,,,,
2026-08-03,824160,,/api/v1.1/game/824160/feed/live,R,2026,2026-08-03,,night,P,N,N,Regular Season,1,3,1,Final,Final,2392,Daikin Park,117,Houston Astros,HOU,1,False,141,Toronto Blue Jays,TOR,3,True,663893,Brendon Little,Brendon,Little,54,1996-08-11,29,"6' 2""",195,1,Pitcher,L,Left,L,Left,"1.1 IP, 0 ER, 4 K, BB",,,,,,,,,,,,,,,,1.1,0,0,0,4,1,21,0,0,0
2026-08-03,824160,,/api/v1.1/game/824160/feed/live,R,2026,2026-08-03,,night,P,N,N,Regular Season,1,3,1,Final,Final,2392,Daikin Park,117,Houston Astros,HOU,1,False,141,Toronto Blue Jays,TOR,3,True,676391,Ernie Clement,Ernie,Clement,22,1996-03-22,30,"6' 0""",170,4,Second Base,R,Right,R,Right,0-2 | RBI,,2,0,0,0,0,1,0,0,0,0,0,0,3,0,,,,,,,,,,
2026-08-03,824160,,/api/v1.1/game/824160/feed/live,R,2026,2026-08-03,,night,P,N,N,Regular Season,1,3,1,Final,Final,2392,Daikin Park,117,Houston Astros,HOU,1,False,141,Toronto Blue Jays,TOR,3,True,592791,Jameson Taillon,Jameson,Taillon,56,1991-11-18,34,"6' 5""",230,1,Pitcher,R,Right,R,Right,,,,,,,,,,,,,,,,,,,,,,,,,,
2026-08-03,824160,,/api/v1.1/game/824160/feed/live,R,2026,2026-08-03,,night,P,N,N,Regular Season,1,3,1,Final,Final,2392,Daikin Park,117,Houston Astros,HOU,1,False,141,Toronto Blue Jays,TOR,3,True,665926,Andrés Giménez,Andrés,Giménez,0,1998-09-04,27,"5' 11""",161,6,Shortstop,L,Left,R,Right,0-3,,3,0,0,0,0,0,0,0,0,0,0,0,3,0,,,,,,,,,,
2026-08-03,824160,,/api/v1.1/game/824160/feed/live,R,2026,2026-08-03,,night,P,N,N,Regular Season,1,3,1,Final,Final,2392,Daikin Park,117,Houston Astros,HOU,1,False,141,Toronto Blue Jays,TOR,3,True,678218,Brandon Valenzuela,Brandon,Valenzuela,59,2000-10-02,25,"6' 0""",225,2,Catcher,S,Switch,R,Right,,,,,,,,,,,,,,,,,,,,,,,,,,
2026-08-03,824160,,/api/v1.1/game/824160/feed/live,R,2026,2026-08-03,,night,P,N,N,Regular Season,1,3,1,Final,Final,2392,Daikin Park,117,Houston Astros,HOU,1,False,141,Toronto Blue Jays,TOR,3,True,656302,Dylan Cease,Dylan,Cease,84,1995-12-28,30,"6' 2""",200,1,Pitcher,R,Right,R,Right,,,,,,,,,,,,,,,,,,,,,,,,,,
2026-08-03,824160,,/api/v1.1/game/824160/feed/live,R,2026,2026-08-03,,night,P,N,N,Regular Season,1,3,1,Final,Final,2392,Daikin Park,117,Houston Astros,HOU,1,False,141,Toronto Blue Jays,TOR,3,True,702056,Trey Yesavage,Trey,Yesavage,39,2003-07-28,23,"6' 4""",225,1,Pitcher,R,Right,R,Right,,,,,,,,,,,,,,,,,,,,,,,,,,
2026-08-03,824160,,/api/v1.1/game/824160/feed/live,R,2026,2026-08-03,,night,P,N,N,Regular Season,1,3,1,Final,Final,2392,Daikin Park,117,Houston Astros,HOU,1,False,141,Toronto Blue Jays,TOR,3,True,676914,Davis Schneider,Davis,Schneider,36,1999-01-26,27,"5' 8""",190,7,Outfielder,R,Right,R,Right,0-0,,0,0,0,0,0,0,0,0,0,0,0,0,0,0,,,,,,,,,,
2026-08-03,824160,,/api/v1.1/game/824160/feed/live,R,2026,2026-08-03,,night,P,N,N,Regular Season,1,3,1,Final,Final,2392,Daikin Park,117,Houston Astros,HOU,1,False,141,Toronto Blue Jays,TOR,3,True,664770,Nathan Lukes,Nathan,Lukes,38,1994-07-12,32,"5' 11""",180,9,Outfielder,L,Left,R,Right,0-4,,4,0,0,0,0,0,0,0,0,0,0,0,4,0,,,,,,,,,,
2026-08-03,824160,,/api/v1.1/game/824160/feed/live,R,2026,2026-08-03,,night,P,N,N,Regular Season,1,3,1,Final,Final,2392,Daikin Park,117,Houston Astros,HOU,1,False,141,Toronto Blue Jays,TOR,3,True,543807,George Springer,George,Springer,4,1989-09-19,36,"6' 1""",220,10,Designated Hitter,R,Right,R,Right,"1-4 | 2 K, R",,4,1,0,0,0,0,1,2,0,0,0,0,4,1,,,,,,,,,,
2026-08-03,824160,,/api/v1.1/game/824160/feed/live,R,2026,2026-08-03,,night,P,N,N,Regular Season,1,3,1,Final,Final,2392,Daikin Park,117,Houston Astros,HOU,1,False,141,Toronto Blue Jays,TOR,3,True,453286,Max Scherzer,Maxwell,Scherzer,31,1984-07-27,42,"6' 3""",208,1,Pitcher,R,Right,R,Right,,,,,,,,,,,,,,,,,,,,,,,,,,
2026-08-03,824160,,/api/v1.1/game/824160/feed/live,R,2026,2026-08-03,,night,P,N,N,Regular Season,1,3,1,Final,Final,2392,Daikin Park,117,Houston Astros,HOU,1,False,141,Toronto Blue Jays,TOR,3,True,689254,Mason Fluharty,Mason,Fluharty,68,2001-08-13,24,"6' 2""",215,1,Pitcher,R,Right,L,Left,,,,,,,,,,,,,,,,,,,,,,,,,,
2026-08-03,824160,,/api/v1.1/game/824160/feed/live,R,2026,2026-08-03,,night,P,N,N,Regular Season,1,3,1,Final,Final,2392,Daikin Park,117,Houston Astros,HOU,1,False,141,Toronto Blue Jays,TOR,3,True,680755,Braydon Fisher,Braydon,Fisher,63,2000-07-26,26,"6' 4""",180,1,Pitcher,R,Right,R,Right,"1.0 IP, 0 ER, 0 K, 2 BB",,,,,,,,,,,,,,,,1.0,0,1,0,0,2,19,0,0,0
2026-08-03,824160,,/api/v1.1/game/824160/feed/live,R,2026,2026-08-03,,night,P,N,N,Regular Season,1,3,1,Final,Final,2392,Daikin Park,117,Houston Astros,HOU,1,False,141,Toronto Blue Jays,TOR,3,True,643511,Tyler Rogers,Tyler,Rogers,71,1990-12-17,35,"6' 3""",180,1,Pitcher,R,Right,R,Right,"1.0 IP, 0 ER, 0 K, 0 BB",,,,,,,,,,,,,,,,1.0,0,0,0,0,0,12,0,0,1
2026-08-03,824160,,/api/v1.1/game/824160/feed/live,R,2026,2026-08-03,,night,P,N,N,Regular Season,1,3,1,Final,Final,2392,Daikin Park,117,Houston Astros,HOU,1,False,141,Toronto Blue Jays,TOR,3,True,669701,Josh Smith,Josh,Smith,9,1997-08-07,28,"5' 9""",172,4,Second Base,L,Left,R,Right,,,,,,,,,,,,,,,,,,,,,,,,,,
2026-08-03,824160,,/api/v1.1/game/824160/feed/live,R,2026,2026-08-03,,night,P,N,N,Regular Season,1,3,1,Final,Final,2392,Daikin Park,117,Houston Astros,HOU,1,False,141,Toronto Blue Jays,TOR,3,True,665489,Vladimir Guerrero Jr.,Vladimir,Guerrero,27,1999-03-16,27,"6' 0""",245,3,First Base,R,Right,R,Right,0-4 | 2 K,,4,0,0,0,0,0,0,2,0,0,0,0,4,0,,,,,,,,,,
2026-08-03,824160,,/api/v1.1/game/824160/feed/live,R,2026,2026-08-03,,night,P,N,N,Regular Season,1,3,1,Final,Final,2392,Daikin Park,117,Houston Astros,HOU,1,False,141,Toronto Blue Jays,TOR,3,True,660821,Jesús Sánchez,Jesús,Sánchez,12,1997-10-07,28,"6' 3""",222,9,Outfielder,L,Left,R,Right,"1-4 | K, RBI",,4,1,0,0,0,1,0,1,0,0,0,0,4,1,,,,,,,,,,
2026-08-03,824160,,/api/v1.1/game/824160/feed/live,R,2026,2026-08-03,,night,P,N,N,Regular Season,1,3,1,Final,Final,2392,Daikin Park,117,Houston Astros,HOU,1,False,141,Toronto Blue Jays,TOR,3,True,681751,Lazaro Estrada,Lazaro,Estrada,60,1999-04-24,27,"5' 10""",180,1,Pitcher,R,Right,R,Right,,,,,,,,,,,,,,,,,,,,,,,,,,
2026-08-03,824160,,/api/v1.1/game/824160/feed/live,R,2026,2026-08-03,,night,P,N,N,Regular Season,1,3,1,Final,Final,2392,Daikin Park,117,Houston Astros,HOU,1,False,141,Toronto Blue Jays,TOR,3,True,664702,Myles Straw,Myles,Straw,3,1994-10-17,31,"5' 9""",178,9,Outfielder,R,Right,R,Right,"2-3 | 2B, SB",,3,2,1,0,0,0,0,0,0,1,0,0,3,3,,,,,,,,,,
2026-08-03,824160,,/api/v1.1/game/824160/feed/live,R,2026,2026-08-03,,night,P,N,N,Regular Season,1,3,1,Final,Final,2392,Daikin Park,117,Houston Astros,HOU,1,False,141,Toronto Blue Jays,TOR,3,True,672386,Alejandro Kirk,Alejandro,Kirk,30,1998-11-06,27,"5' 8""",245,2,Catcher,R,Right,R,Right,"1-4 | HR, K, RBI",,4,1,0,0,1,1,1,1,0,0,0,0,4,4,,,,,,,,,,
2026-08-03,824160,,/api/v1.1/game/824160/feed/live,R,2026,2026-08-03,,night,P,N,N,Regular Season,1,3,1,Final,Final,2392,Daikin Park,117,Houston Astros,HOU,1,False,141,Toronto Blue Jays,TOR,3,True,672960,Kazuma Okamoto,Kazuma,Okamoto,7,1996-06-30,30,"6' 1""",220,5,Third Base,R,Right,R,Right,"2-4 | K, R",,4,2,0,0,0,0,1,1,0,0,0,0,4,2,,,,,,,,,,
2026-08-03,824324,,/api/v1.1/game/824324/feed/live,R,2026,2026-08-03,,night,P,N,N,Regular Season,1,3,1,Final,Final,19,Coors Field,115,Colorado Rockies,COL,9,False,139,Tampa Bay Rays,TB,13,True,663372,Ryan Feltner,Ryan,Feltner,18,1996-09-02,29,"6' 4""",200,1,Pitcher,R,Right,R,Right,,,,,,,,,,,,,,,,,,,,,,,,,,
2026-08-03,824324,,/api/v1.1/game/824324/feed/live,R,2026,2026-08-03,,night,P,N,N,Regular Season,1,3,1,Final,Final,19,Coors Field,115,Colorado Rockies,COL,9,False,139,Tampa Bay Rays,TB,13,True,666160,Mickey Moniak,McKenzie,Moniak,22,1998-05-13,28,"6' 1""",209,7,Outfielder,L,Left,R,Right,"2-4 | HR, 3B, K",,4,2,0,1,1,2,1,1,0,0,0,0,5,7,,,,,,,,,,
2026-08-03,824324,,/api/v1.1/game/824324/feed/live,R,2026,2026-08-03,,night,P,N,N,Regular Season,1,3,1,Final,Final,19,Coors Field,115,Colorado Rockies,COL,9,False,139,Tampa Bay Rays,TB,13,True,623474,Jimmy Herget,Jimmy,Herget,44,1993-09-09,32,"6' 3""",183,1,Pitcher,R,Right,R,Right,,,,,,,,,,,,,,,,,,,,,,,,,,
2026-08-03,824324,,/api/v1.1/game/824324/feed/live,R,2026,2026-08-03,,night,P,N,N,Regular Season,1,3,1,Final,Final,19,Coors Field,115,Colorado Rockies,COL,9,False,139,Tampa Bay Rays,TB,13,True,664983,Jake McCarthy,Jacob,McCarthy,31,1997-07-30,29,"6' 0""",213,8,Outfielder,L,Left,L,Left,"1-4 | 2B, 2 RBI, R",,4,1,1,0,0,2,1,0,0,0,0,0,5,2,,,,,,,,,,
2026-08-03,824324,,/api/v1.1/game/824324/feed/live,R,2026,2026-08-03,,night,P,N,N,Regular Season,1,3,1,Final,Final,19,Coors Field,115,Colorado Rockies,COL,9,False,139,Tampa Bay Rays,TB,13,True,687859,Troy Johnston,Troy,Johnston,20,1997-06-22,29,"5' 11""",206,9,Outfielder,L,Left,L,Left,"1-4 | 2B, K, R",,4,1,1,0,0,0,1,1,0,0,0,0,4,2,,,,,,,,,,
2026-08-03,824324,,/api/v1.1/game/824324/feed/live,R,2026,2026-08-03,,night,P,N,N,Regular Season,1,3,1,Final,Final,19,Coors Field,115,Colorado Rockies,COL,9,False,139,Tampa Bay Rays,TB,13,True,607536,Kyle Freeland,Kyle,Freeland,21,1993-05-14,33,"6' 4""",202,1,Pitcher,L,Left,L,Left,,,,,,,,,,,,,,,,,,,,,,,,,,
2026-08-03,824324,,/api/v1.1/game/824324/feed/live,R,2026,2026-08-03,,night,P,N,N,Regular Season,1,3,1,Final,Final,19,Coors Field,115,Colorado Rockies,COL,9,False,139,Tampa Bay Rays,TB,13,True,650489,Willi Castro,Willi,Castro,3,1997-04-24,29,"6' 0""",209,4,Second Base,S,Switch,R,Right,"2-5 | 3B, K",,5,2,0,1,0,0,0,1,0,0,0,0,5,4,,,,,,,,,,
2026-08-03,824324,,/api/v1.1/game/824324/feed/live,R,2026,2026-08-03,,night,P,N,N,Regular Season,1,3,1,Final,Final,19,Coors Field,115,Colorado Rockies,COL,9,False,139,Tampa Bay Rays,TB,13,True,657514,Brennan Bernardino,Brennan,Bernardino,83,1992-01-15,34,"6' 4""",216,1,Pitcher,L,Left,L,Left,,,,,,,,,,,,,,,,,,,,,,,,,,
2026-08-03,824324,,/api/v1.1/game/824324/feed/live,R,2026,2026-08-03,,night,P,N,N,Regular Season,1,3,1,Final,Final,19,Coors Field,115,Colorado Rockies,COL,9,False,139,Tampa Bay Rays,TB,13,True,694249,Cole Carrigg,Cole,Carrigg,16,2002-05-08,24,"6' 2""",204,8,Outfielder,S,Switch,R,Right,"2-5 | 2B, 2 K, RBI",,5,2,1,0,0,1,1,2,0,0,0,0,5,3,,,,,,,,,,
2026-08-03,824324,,/api/v1.1/game/824324/feed/live,R,2026,2026-08-03,,night,P,N,N,Regular Season,1,3,1,Final,Final,19,Coors Field,115,Colorado Rockies,COL,9,False,139,Tampa Bay Rays,TB,13,True,671289,Tyler Freeman,Tyler,Freeman,2,1999-05-21,27,"5' 11""",200,9,Outfielder,R,Right,R,Right,1-4 | R,,4,1,0,0,0,0,1,0,0,0,0,0,4,1,,,,,,,,,,
2026-08-03,824324,,/api/v1.1/game/824324/feed/live,R,2026,2026-08-03,,night,P,N,N,Regular Season,1,3,1,Final,Final,19,Coors Field,115,Colorado Rockies,COL,9,False,139,Tampa Bay Rays,TB,13,True,675848,Juan Mejia,Juan,Mejia,47,2000-07-04,26,"6' 3""",210,1,Pitcher,R,Right,R,Right,,,,,,,,,,,,,,,,,,,,,,,,,,
2026-08-03,824324,,/api/v1.1/game/824324/feed/live,R,2026,2026-08-03,,night,P,N,N,Regular Season,1,3,1,Final,Final,19,Coors Field,115,Colorado Rockies,COL,9,False,139,Tampa Bay Rays,TB,13,True,666397,Edouard Julien,Edouard,Julien,6,1999-04-30,27,"6' 1""",195,4,Second Base,L,Left,R,Right,,,,,,,,,,,,,,,,,,,,,,,,,,
2026-08-03,824324,,/api/v1.1/game/824324/feed/live,R,2026,2026-08-03,,night,P,N,N,Regular Season,1,3,1,Final,Final,19,Coors Field,115,Colorado Rockies,COL,9,False,139,Tampa Bay Rays,TB,13,True,696100,Hunter Goodman,Hunter,Goodman,15,1999-10-08,26,"5' 11""",220,2,Catcher,R,Right,R,Right,"0-4 | 3 K, RBI",,4,0,0,0,0,1,0,3,0,0,0,0,5,0,,,,,,,,,,
2026-08-03,824324,,/api/v1.1/game/824324/feed/live,R,2026,2026-08-03,,night,P,N,N,Regular Season,1,3,1,Final,Final,19,Coors Field,115,Colorado Rockies,COL,9,False,139,Tampa Bay Rays,TB,13,True,687312,Gabriel Hughes,Gabriel,Hughes,43,2001-08-22,24,"6' 4""",238,1,Pitcher,R,Right,R,Right,,,,,,,,,,,,,,,,,,,,,,,,,,
2026-08-03,824324,,/api/v1.1/game/824324/feed/live,R,2026,2026-08-03,,night,P,N,N,Regular Season,1,3,1,Final,Final,19,Coors Field,115,Colorado Rockies,COL,9,False,139,Tampa Bay Rays,TB,13,True,608372,Tomoyuki Sugano,Tomoyuki,Sugano,11,1989-10-11,36,"6' 1""",227,1,Pitcher,R,Right,R,Right,,,,,,,,,,,,,,,,,,,,,,,,,,
2026-08-03,824324,,/api/v1.1/game/824324/feed/live,R,2026,2026-08-03,,night,P,N,N,Regular Season,1,3,1,Final,Final,19,Coors Field,115,Colorado Rockies,COL,9,False,139,Tampa Bay Rays,TB,13,True,688642,Zach Agnos,Zachary,Agnos,36,2000-08-15,25,"6' 0""",225,1,Pitcher,R,Right,R,Right,,,,,,,,,,,,,,,,,,,,,,,,,,
2026-08-03,824324,,/api/v1.1/game/824324/feed/live,R,2026,2026-08-03,,night,P,N,N,Regular Season,1,3,1,Final,Final,19,Coors Field,115,Colorado Rockies,COL,9,False,139,Tampa Bay Rays,TB,13,True,687597,Jordan Beck,Jordan,Beck,27,2001-04-19,25,"6' 2""",227,7,Outfielder,R,Right,R,Right,,,,,,,,,,,,,,,,,,,,,,,,,,
2026-08-03,824324,,/api/v1.1/game/824324/feed/live,R,2026,2026-08-03,,night,P,N,N,Regular Season,1,3,1,Final,Final,19,Coors Field,115,Colorado Rockies,COL,9,False,139,Tampa Bay Rays,TB,13,True,685299,Tanner Gordon,Tanner,Gordon,29,1997-10-26,28,"6' 5""",220,1,Pitcher,L,Left,R,Right,"6.0 IP, 4 ER, 3 K, 0 BB",,,,,,,,,,,,,,,,6.0,4,8,2,3,0,58,0,0,0
2026-08-03,824324,,/api/v1.1/game/824324/feed/live,R,2026,2026-08-03,,night,P,N,N,Regular Season,1,3,1,Final,Final,19,Coors Field,115,Colorado Rockies,COL,9,False,139,Tampa Bay Rays,TB,13,True,664954,Brett Sullivan,Brett,Sullivan,26,1994-02-22,32,"5' 11""",190,2,Catcher,L,Left,R,Right,,,,,,,,,,,,,,,,,,,,,,,,,,
2026-08-03,824324,,/api/v1.1/game/824324/feed/live,R,2026,2026-08-03,,night,P,N,N,Regular Season,1,3,1,Final,Final,19,Coors Field,115,Colorado Rockies,COL,9,False,139,Tampa Bay Rays,TB,13,True,678662,Ezequiel Tovar,Ezequiel,Tovar,14,2001-08-01,25,"6' 0""",192,6,Shortstop,R,Right,R,Right,"4-4 | HR, RBI, 3 R",,4,4,0,0,1,1,3,0,0,0,0,0,4,7,,,,,,,,,,
2026-08-03,824324,,/api/v1.1/game/824324/feed/live,R,2026,2026-08-03,,night,P,N,N,Regular Season,1,3,1,Final,Final,19,Coors Field,115,Colorado Rockies,COL,9,False,139,Tampa Bay Rays,TB,13,True,547179,Michael Lorenzen,Michael,Lorenzen,24,1992-01-04,34,"6' 1""",210,1,Pitcher,R,Right,R,Right,"3.0 IP, 7 ER, 0 K, 3 BB",,,,,,,,,,,,,,,,3.0,7,7,1,0,3,75,0,1,0
2026-08-03,824324,,/api/v1.1/game/824324/feed/live,R,2026,2026-08-03,,night,P,N,N,Regular Season,1,3,1,Final,Final,19,Coors Field,115,Colorado Rockies,COL,9,False,139,Tampa Bay Rays,TB,13,True,681198,TJ Rumfield,Toby,Rumfield,7,2000-05-17,26,"6' 5""",238,3,First Base,L,Left,R,Right,0-1,,1,0,0,0,0,0,0,0,0,0,0,0,1,0,,,,,,,,,,
2026-08-03,824324,,/api/v1.1/game/824324/feed/live,R,2026,2026-08-03,,night,P,N,N,Regular Season,1,3,1,Final,Final,19,Coors Field,115,Colorado Rockies,COL,9,False,139,Tampa Bay Rays,TB,13,True,605447,Jordan Romano,Jordan,Romano,68,1993-04-21,33,"6' 5""",210,1,Pitcher,R,Right,R,Right,,,,,,,,,,,,,,,,,,,,,,,,,,
2026-08-03,824324,,/api/v1.1/game/824324/feed/live,R,2026,2026-08-03,,night,P,N,N,Regular Season,1,3,1,Final,Final,19,Coors Field,115,Colorado Rockies,COL,9,False,139,Tampa Bay Rays,TB,13,True,693308,Nick Frasso,Nicholas,Frasso,41,1998-10-18,27,"6' 5""",200,1,Pitcher,R,Right,R,Right,,,,,,,,,,,,,,,,,,,,,,,,,,
2026-08-03,824324,,/api/v1.1/game/824324/feed/live,R,2026,2026-08-03,,night,P,N,N,Regular Season,1,3,1,Final,Final,19,Coors Field,115,Colorado Rockies,COL,9,False,139,Tampa Bay Rays,TB,13,True,691720,Kyle Karros,Kyle,Karros,12,2002-07-26,24,"6' 5""",225,5,Third Base,R,Right,R,Right,"2-4 | HBP, K, 2 RBI",,4,2,0,0,0,2,1,1,0,0,0,0,5,2,,,,,,,,,,
2026-08-03,824324,,/api/v1.1/game/824324/feed/live,R,2026,2026-08-03,,night,P,N,N,Regular Season,1,3,1,Final,Final,19,Coors Field,115,Colorado Rockies,COL,9,False,139,Tampa Bay Rays,TB,13,True,670764,Taylor Walls,Taylor,Walls,6,1996-07-10,30,"5' 9""",185,6,Shortstop,S,Switch,R,Right,"2-5 | 2 RBI, 2 R, SB",,5,2,0,0,0,2,2,0,0,1,0,0,5,2,,,,,,,,,,
2026-08-03,824324,,/api/v1.1/game/824324/feed/live,R,2026,2026-08-03,,night,P,N,N,Regular Season,1,3,1,Final,Final,19,Coors Field,115,Colorado Rockies,COL,9,False,139,Tampa Bay Rays,TB,13,True,571927,Steven Matz,Steven,Matz,32,1991-05-29,35,"6' 2""",205,1,Pitcher,R,Right,L,Left,,,,,,,,,,,,,,,,,,,,,,,,,,
2026-08-03,824324,,/api/v1.1/game/824324/feed/live,R,2026,2026-08-03,,night,P,N,N,Regular Season,1,3,1,Final,Final,19,Coors Field,115,Colorado Rockies,COL,9,False,139,Tampa Bay Rays,TB,13,True,688297,Chris Roycroft,Chris,Roycroft,56,1997-06-21,29,"6' 8""",230,1,Pitcher,R,Right,R,Right,,,,,,,,,,,,,,,,,,,,,,,,,,
2026-08-03,824324,,/api/v1.1/game/824324/feed/live,R,2026,2026-08-03,,night,P,N,N,Regular Season,1,3,1,Final,Final,19,Coors Field,115,Colorado Rockies,COL,9,False,139,Tampa Bay Rays,TB,13,True,680700,Richie Palacios,Richard,Palacios,1,1997-05-16,29,"5' 8""",185,4,Second Base,L,Left,R,Right,"2-4 | HR, BB, K",,4,2,0,0,1,2,2,1,1,0,0,0,5,5,,,,,,,,,,
2026-08-03,824324,,/api/v1.1/game/824324/feed/live,R,2026,2026-08-03,,night,P,N,N,Regular Season,1,3,1,Final,Final,19,Coors Field,115,Colorado Rockies,COL,9,False,139,Tampa Bay Rays,TB,13,True,668723,Ryan Vilade,Ryan,Vilade,26,1999-02-18,27,"6' 1""",226,9,Outfielder,R,Right,R,Right,,,,,,,,,,,,,,,,,,,,,,,,,,
2026-08-03,824324,,/api/v1.1/game/824324/feed/live,R,2026,2026-08-03,,night,P,N,N,Regular Season,1,3,1,Final,Final,19,Coors Field,115,Colorado Rockies,COL,9,False,139,Tampa Bay Rays,TB,13,True,668984,Casey Legumina,Casey,Legumina,67,1997-06-19,29,"6' 2""",195,1,Pitcher,R,Right,R,Right,"0.2 IP, 4 ER, 0 K, 0 BB",,,,,,,,,,,,,,,,0.2,4,4,0,0,0,23,0,0,0
2026-08-03,824324,,/api/v1.1/game/824324/feed/live,R,2026,2026-08-03,,night,P,N,N,Regular Season,1,3,1,Final,Final,19,Coors Field,115,Colorado Rockies,COL,9,False,139,Tampa Bay Rays,TB,13,True,802415,Chandler Simpson,Chandler,Simpson,14,2000-11-18,25,"5' 11""",170,7,Outfielder,L,Left,R,Right,"2-4 | K, 2 RBI, R",,4,2,0,0,0,2,1,1,0,1,0,0,5,2,,,,,,,,,,
2026-08-03,824324,,/api/v1.1/game/824324/feed/live,R,2026,2026-08-03,,night,P,N,N,Regular Season,1,3,1,Final,Final,19,Coors Field,115,Colorado Rockies,COL,9,False,139,Tampa Bay Rays,TB,13,True,607259,Nick Martinez,Nicholas,Martinez,28,1990-08-05,35,"6' 1""",200,1,Pitcher,L,Left,R,Right,,,,,,,,,,,,,,,,,,,,,,,,,,
2026-08-03,824324,,/api/v1.1/game/824324/feed/live,R,2026,2026-08-03,,night,P,N,N,Regular Season,1,3,1,Final,Final,19,Coors Field,115,Colorado Rockies,COL,9,False,139,Tampa Bay Rays,TB,13,True,592155,Cam Booser,Cameron,Booser,62,1992-05-04,34,"6' 3""",230,1,Pitcher,L,Left,L,Left,,,,,,,,,,,,,,,,,,,,,,,,,,
2026-08-03,824324,,/api/v1.1/game/824324/feed/live,R,2026,2026-08-03,,night,P,N,N,Regular Season,1,3,1,Final,Final,19,Coors Field,115,Colorado Rockies,COL,9,False,139,Tampa Bay Rays,TB,13,True,676356,Jonny DeLuca,Jonathan,DeLuca,21,1998-07-10,28,"5' 10""",195,9,Outfielder,R,Right,R,Right,,,,,,,,,,,,,,,,,,,,,,,,,,
2026-08-03,824324,,/api/v1.1/game/824324/feed/live,R,2026,2026-08-03,,night,P,N,N,Regular Season,1,3,1,Final,Final,19,Coors Field,115,Colorado Rockies,COL,9,False,139,Tampa Bay Rays,TB,13,True,693855,Ian Seymour,Ian,Seymour,61,1998-12-13,27,"6' 0""",215,1,Pitcher,L,Left,L,Left,"6.0 IP, 2 ER, 9 K, 0 BB",,,,,,,,,,,,,,,,6.0,2,7,1,9,0,90,1,0,0
2026-08-03,824324,,/api/v1.1/game/824324/feed/live,R,2026,2026-08-03,,night,P,N,N,Regular Season,1,3,1,Final,Final,19,Coors Field,115,Colorado Rockies,COL,9,False,139,Tampa Bay Rays,TB,13,True,675627,Michael Grove,Michael,Grove,58,1996-12-18,29,"6' 3""",200,1,Pitcher,R,Right,R,Right,"2.0 IP, 2 ER, 0 K, 0 BB",,,,,,,,,,,,,,,,2.0,2,4,1,0,0,28,0,0,0
2026-08-03,824324,,/api/v1.1/game/824324/feed/live,R,2026,2026-08-03,,night,P,N,N,Regular Season,1,3,1,Final,Final,19,Coors Field,115,Colorado Rockies,COL,9,False,139,Tampa Bay Rays,TB,13,True,664076,Garrett Cleavinger,Garrett,Cleavinger,60,1994-04-23,32,"6' 1""",225,1,Pitcher,R,Right,L,Left,,,,,,,,,,,,,,,,,,,,,,,,,,
2026-08-03,824324,,/api/v1.1/game/824324/feed/live,R,2026,2026-08-03,,night,P,N,N,Regular Season,1,3,1,Final,Final,19,Coors Field,115,Colorado Rockies,COL,9,False,139,Tampa Bay Rays,TB,13,True,700652,Kenny Piper,Kenneth,Piper,50,1998-07-12,28,"5' 10""",190,2,Catcher,R,Right,R,Right,"1-4 | BB, R",,4,1,0,0,0,0,1,0,1,0,0,0,5,1,,,,,,,,,,
2026-08-03,824324,,/api/v1.1/game/824324/feed/live,R,2026,2026-08-03,,night,P,N,N,Regular Season,1,3,1,Final,Final,19,Coors Field,115,Colorado Rockies,COL,9,False,139,Tampa Bay Rays,TB,13,True,687330,Kevin Kelly,Kevin,Kelly,49,1997-11-28,28,"6' 2""",195,1,Pitcher,R,Right,R,Right,"0.1 IP, 0 ER, 0 K, 0 BB",,,,,,,,,,,,,,,,0.1,0,0,0,0,0,1,0,0,0
2026-08-03,824324,,/api/v1.1/game/824324/feed/live,R,2026,2026-08-03,,night,P,N,N,Regular Season,1,3,1,Final,Final,19,Coors Field,115,Colorado Rockies,COL,9,False,139,Tampa Bay Rays,TB,13,True,642547,Freddy Peralta,Freddy,Peralta,51,1996-06-04,30,"6' 0""",198,1,Pitcher,R,Right,R,Right,,,,,,,,,,,,,,,,,,,,,,,,,,
2026-08-03,824324,,/api/v1.1/game/824324/feed/live,R,2026,2026-08-03,,night,P,N,N,Regular Season,1,3,1,Final,Final,19,Coors Field,115,Colorado Rockies,COL,9,False,139,Tampa Bay Rays,TB,13,True,666018,Jonathan Aranda,Jonathan,Aranda,8,1998-05-23,28,"6' 0""",215,3,First Base,L,Left,R,Right,"4-5 | 2B, 2 RBI, 2 R",,5,4,1,0,0,2,2,0,0,0,0,0,5,5,,,,,,,,,,
2026-08-03,824324,,/api/v1.1/game/824324/feed/live,R,2026,2026-08-03,,night,P,N,N,Regular Season,1,3,1,Final,Final,19,Coors Field,115,Colorado Rockies,COL,9,False,139,Tampa Bay Rays,TB,13,True,663743,Nick Fortes,Nicholas,Fortes,40,1996-11-11,29,"5' 11""",198,2,Catcher,R,Right,R,Right,,,,,,,,,,,,,,,,,,,,,,,,,,
2026-08-03,824324,,/api/v1.1/game/824324/feed/live,R,2026,2026-08-03,,night,P,N,N,Regular Season,1,3,1,Final,Final,19,Coors Field,115,Colorado Rockies,COL,9,False,139,Tampa Bay Rays,TB,13,True,643377,Griffin Jax,James,Jax,22,1994-11-22,31,"6' 2""",195,1,Pitcher,R,Right,R,Right,,,,,,,,,,,,,,,,,,,,,,,,,,
2026-08-03,824324,,/api/v1.1/game/824324/feed/live,R,2026,2026-08-03,,night,P,N,N,Regular Season,1,3,1,Final,Final,19,Coors Field,115,Colorado Rockies,COL,9,False,139,Tampa Bay Rays,TB,13,True,650490,Yandy Díaz,Yandy,Díaz,2,1991-08-08,34,"6' 0""",235,10,Designated Hitter,R,Right,R,Right,"0-4 | K, RBI",,4,0,0,0,0,1,0,1,0,0,0,0,5,0,,,,,,,,,,
2026-08-03,824324,,/api/v1.1/game/824324/feed/live,R,2026,2026-08-03,,night,P,N,N,Regular Season,1,3,1,Final,Final,19,Coors Field,115,Colorado Rockies,COL,9,False,139,Tampa Bay Rays,TB,13,True,810938,Ben Williamson,Benjamin,Williamson,15,2000-11-05,25,"6' 0""",210,4,Second Base,R,Right,R,Right,,,,,,,,,,,,,,,,,,,,,,,,,,
2026-08-03,824324,,/api/v1.1/game/824324/feed/live,R,2026,2026-08-03,,night,P,N,N,Regular Season,1,3,1,Final,Final,19,Coors Field,115,Colorado Rockies,COL,9,False,139,Tampa Bay Rays,TB,13,True,683748,Victor Mesa Jr.,Victor,Mesa,25,2001-09-08,24,"5' 11""",195,9,Outfielder,L,Left,L,Left,0-5,,5,0,0,0,0,0,0,0,0,0,0,0,5,0,,,,,,,,,,
2026-08-03,824324,,/api/v1.1/game/824324/feed/live,R,2026,2026-08-03,,night,P,N,N,Regular Season,1,3,1,Final,Final,19,Coors Field,115,Colorado Rockies,COL,9,False,139,Tampa Bay Rays,TB,13,True,641329,Bryan Baker,Bryan,Baker,47,1994-12-02,31,"6' 6""",235,1,Pitcher,R,Right,R,Right,,,,,,,,,,,,,,,,,,,,,,,,,,
2026-08-03,824324,,/api/v1.1/game/824324/feed/live,R,2026,2026-08-03,,night,P,N,N,Regular Season,1,3,1,Final,Final,19,Coors Field,115,Colorado Rockies,COL,9,False,139,Tampa Bay Rays,TB,13,True,691406,Junior Caminero,Junior,Caminero,13,2003-07-05,23,"6' 1""",220,5,Third Base,R,Right,R,Right,"2-5 | 2 HR, 3 RBI, 3 R",,5,2,0,0,2,3,3,0,0,0,0,1,5,8,,,,,,,,,,
2026-08-03,824324,,/api/v1.1/game/824324/feed/live,R,2026,2026-08-03,,night,P,N,N,Regular Season,1,3,1,Final,Final,19,Coors Field,115,Colorado Rockies,COL,9,False,139,Tampa Bay Rays,TB,13,True,656876,Drew Rasmussen,Drew,Rasmussen,57,1995-07-27,31,"6' 1""",240,1,Pitcher,R,Right,R,Right,,,,,,,,,,,,,,,,,,,,,,,,,,
2026-08-03,824324,,/api/v1.1/game/824324/feed/live,R,2026,2026-08-03,,night,P,N,N,Regular Season,1,3,1,Final,Final,19,Coors Field,115,Colorado Rockies,COL,9,False,139,Tampa Bay Rays,TB,13,True,656775,Cedric Mullins,Boyce,Mullins,31,1994-10-01,31,"5' 7""",175,8,Outfielder,L,Left,L,Left,"2-4 | 2B, BB, RBI",,4,2,1,0,0,1,2,0,1,1,0,0,5,3,,,,,,,,,,
2026-08-03,825095,,/api/v1.1/game/825095/feed/live,R,2026,2026-08-03,,night,P,N,N,Regular Season,1,4,1,Final,Final,15,Chase Field,109,Arizona Diamondbacks,AZ,5,True,135,San Diego Padres,SD,1,False,593958,Eduardo Rodriguez,Eduardo,Rodriguez,57,1993-04-07,33,"6' 2""",231,1,Pitcher,L,Left,L,Left,,,,,,,,,,,,,,,,,,,,,,,,,,
2026-08-03,825095,,/api/v1.1/game/825095/feed/live,R,2026,2026-08-03,,night,P,N,N,Regular Season,1,4,1,Final,Final,15,Chase Field,109,Arizona Diamondbacks,AZ,5,True,135,San Diego Padres,SD,1,False,666661,Juan Morillo,Juan,Morillo,62,1999-03-19,27,"6' 1""",215,1,Pitcher,R,Right,R,Right,"1.1 IP, 0 ER, 2 K, 0 BB",,,,,,,,,,,,,,,,1.1,0,1,0,2,0,18,0,0,0
2026-08-03,825095,,/api/v1.1/game/825095/feed/live,R,2026,2026-08-03,,night,P,N,N,Regular Season,1,4,1,Final,Final,15,Chase Field,109,Arizona Diamondbacks,AZ,5,True,135,San Diego Padres,SD,1,False,694374,Tim Tawa,Timothy,Tawa,13,1999-04-07,27,"5' 11""",205,7,Outfielder,R,Right,R,Right,"3-4 | HR, 3 RBI, 2 R",,4,3,0,0,1,3,2,0,0,0,0,0,4,6,,,,,,,,,,
2026-08-03,825095,,/api/v1.1/game/825095/feed/live,R,2026,2026-08-03,,night,P,N,N,Regular Season,1,4,1,Final,Final,15,Chase Field,109,Arizona Diamondbacks,AZ,5,True,135,San Diego Padres,SD,1,False,694297,Brandon Pfaadt,Brandon,Pfaadt,32,1998-10-15,27,"6' 4""",220,1,Pitcher,R,Right,R,Right,"6.2 IP, 0 ER, 3 K, BB",,,,,,,,,,,,,,,,6.2,0,5,0,3,1,90,1,0,0
2026-08-03,825095,,/api/v1.1/game/825095/feed/live,R,2026,2026-08-03,,night,P,N,N,Regular Season,1,4,1,Final,Final,15,Chase Field,109,Arizona Diamondbacks,AZ,5,True,135,San Diego Padres,SD,1,False,680728,Adrian Del Castillo,Adrian,Del Castillo,25,1999-09-27,26,"5' 9""",205,10,Designated Hitter,L,Left,R,Right,1-3 | R,,3,1,0,0,0,0,1,0,0,0,0,0,4,1,,,,,,,,,,
2026-08-03,825095,,/api/v1.1/game/825095/feed/live,R,2026,2026-08-03,,night,P,N,N,Regular Season,1,4,1,Final,Final,15,Chase Field,109,Arizona Diamondbacks,AZ,5,True,135,San Diego Padres,SD,1,False,672629,Gerardo Carrillo,Gerardo,Carrillo,68,1998-09-13,27,"6' 1""",185,1,Pitcher,R,Right,R,Right,,,,,,,,,,,,,,,,,,,,,,,,,,
2026-08-03,825095,,/api/v1.1/game/825095/feed/live,R,2026,2026-08-03,,night,P,N,N,Regular Season,1,4,1,Final,Final,15,Chase Field,109,Arizona Diamondbacks,AZ,5,True,135,San Diego Padres,SD,1,False,571448,Nolan Arenado,Nolan,Arenado,28,1991-04-16,35,"6' 2""",215,5,Third Base,R,Right,R,Right,"1-3 | BB, K, R",,3,1,0,0,0,0,1,1,1,0,0,0,4,1,,,,,,,,,,
2026-08-03,825095,,/api/v1.1/game/825095/feed/live,R,2026,2026-08-03,,night,P,N,N,Regular Season,1,4,1,Final,Final,15,Chase Field,109,Arizona Diamondbacks,AZ,5,True,135,San Diego Padres,SD,1,False,682988,Tyler Locklear,Tyler,Locklear,31,2000-11-24,25,"6' 2""",235,3,First Base,R,Right,R,Right,,,,,,,,,,,,,,,,,,,,,,,,,,
2026-08-03,825095,,/api/v1.1/game/825095/feed/live,R,2026,2026-08-03,,night,P,N,N,Regular Season,1,4,1,Final,Final,15,Chase Field,109,Arizona Diamondbacks,AZ,5,True,135,San Diego Padres,SD,1,False,814439,Ryan Waldschmidt,Ryan,Waldschmidt,15,2002-10-07,23,"6' 0""",205,8,Outfielder,R,Right,R,Right,0-3 | K,,3,0,0,0,0,0,0,1,0,0,0,0,3,0,,,,,,,,,,
2026-08-03,825095,,/api/v1.1/game/825095/feed/live,R,2026,2026-08-03,,night,P,N,N,Regular Season,1,4,1,Final,Final,15,Chase Field,109,Arizona Diamondbacks,AZ,5,True,135,San Diego Padres,SD,1,False,518876,Merrill Kelly,Kenneth,Kelly,29,1988-10-14,37,"6' 2""",210,1,Pitcher,R,Right,R,Right,,,,,,,,,,,,,,,,,,,,,,,,,,
2026-08-03,825095,,/api/v1.1/game/825095/feed/live,R,2026,2026-08-03,,night,P,N,N,Regular Season,1,4,1,Final,Final,15,Chase Field,109,Arizona Diamondbacks,AZ,5,True,135,San Diego Padres,SD,1,False,656464,Kevin Ginkel,Kevin,Ginkel,37,1994-03-24,32,"6' 4""",235,1,Pitcher,L,Left,R,Right,,,,,,,,,,,,,,,,,,,,,,,,,,
2026-08-03,825095,,/api/v1.1/game/825095/feed/live,R,2026,2026-08-03,,night,P,N,N,Regular Season,1,4,1,Final,Final,15,Chase Field,109,Arizona Diamondbacks,AZ,5,True,135,San Diego Padres,SD,1,False,606466,Ketel Marte,Ketel,Marte,4,1993-10-12,32,"6' 0""",210,4,Second Base,S,Switch,R,Right,"0-2 | 2 BB, R",,2,0,0,0,0,0,1,0,2,0,0,0,4,0,,,,,,,,,,
2026-08-03,825095,,/api/v1.1/game/825095/feed/live,R,2026,2026-08-03,,night,P,N,N,Regular Season,1,4,1,Final,Final,15,Chase Field,109,Arizona Diamondbacks,AZ,5,True,135,San Diego Padres,SD,1,False,642528,Jonathan Loáisiga,Jonathan,Loáisiga,43,1994-11-02,31,"5' 11""",195,1,Pitcher,R,Right,R,Right,,,,,,,,,,,,,,,,,,,,,,,,,,
2026-08-03,825095,,/api/v1.1/game/825095/feed/live,R,2026,2026-08-03,,night,P,N,N,Regular Season,1,4,1,Final,Final,15,Chase Field,109,Arizona Diamondbacks,AZ,5,True,135,San Diego Padres,SD,1,False,545121,Ildemaro Vargas,Ildemaro,Vargas,6,1991-07-16,35,"5' 11""",202,3,First Base,S,Switch,R,Right,0-1,,1,0,0,0,0,0,0,0,0,0,0,0,1,0,,,,,,,,,,
2026-08-03,825095,,/api/v1.1/game/825095/feed/live,R,2026,2026-08-03,,night,P,N,N,Regular Season,1,4,1,Final,Final,15,Chase Field,109,Arizona Diamondbacks,AZ,5,True,135,San Diego Padres,SD,1,False,672695,Geraldo Perdomo,Geraldo,Perdomo,2,1999-10-22,26,"6' 2""",210,6,Shortstop,S,Switch,R,Right,"2-3 | BB, K",,3,2,0,0,0,0,0,1,1,0,0,0,4,2,,,,,,,,,,
2026-08-03,825095,,/api/v1.1/game/825095/feed/live,R,2026,2026-08-03,,night,P,N,N,Regular Season,1,4,1,Final,Final,15,Chase Field,109,Arizona Diamondbacks,AZ,5,True,135,San Diego Padres,SD,1,False,623149,Paul Sewald,Paul,Sewald,38,1990-05-26,36,"6' 3""",219,1,Pitcher,R,Right,R,Right,,,,,,,,,,,,,,,,,,,,,,,,,,
2026-08-03,825095,,/api/v1.1/game/825095/feed/live,R,2026,2026-08-03,,night,P,N,N,Regular Season,1,4,1,Final,Final,15,Chase Field,109,Arizona Diamondbacks,AZ,5,True,135,San Diego Padres,SD,1,False,672515,Gabriel Moreno,Gabriel,Moreno,14,2000-02-14,26,"5' 9""",200,2,Catcher,R,Right,R,Right,,,,,,,,,,,,,,,,,,,,,,,,,,
2026-08-03,825095,,/api/v1.1/game/825095/feed/live,R,2026,2026-08-03,,night,P,N,N,Regular Season,1,4,1,Final,Final,15,Chase Field,109,Arizona Diamondbacks,AZ,5,True,135,San Diego Padres,SD,1,False,683352,Mitch Bratt,Mitchell,Bratt,60,2003-07-03,23,"6' 1""",215,1,Pitcher,L,Left,L,Left,,,,,,,,,,,,,,,,,,,,,,,,,,
2026-08-03,825095,,/api/v1.1/game/825095/feed/live,R,2026,2026-08-03,,night,P,N,N,Regular Season,1,4,1,Final,Final,15,Chase Field,109,Arizona Diamondbacks,AZ,5,True,135,San Diego Padres,SD,1,False,684442,Kohl Drake,Kohl,Drake,58,2000-07-17,26,"6' 5""",220,1,Pitcher,L,Left,L,Left,,,,,,,,,,,,,,,,,,,,,,,,,,
2026-08-03,825095,,/api/v1.1/game/825095/feed/live,R,2026,2026-08-03,,night,P,N,N,Regular Season,1,4,1,Final,Final,15,Chase Field,109,Arizona Diamondbacks,AZ,5,True,135,San Diego Padres,SD,1,False,682998,Corbin Carroll,Corbin,Carroll,7,2000-08-21,25,"5' 10""",180,9,Outfielder,L,Left,L,Left,0-5 | 2 K,,5,0,0,0,0,0,0,2,0,0,0,0,5,0,,,,,,,,,,
2026-08-03,825095,,/api/v1.1/game/825095/feed/live,R,2026,2026-08-03,,night,P,N,N,Regular Season,1,4,1,Final,Final,15,Chase Field,109,Arizona Diamondbacks,AZ,5,True,135,San Diego Padres,SD,1,False,664199,Taylor Clarke,Taylor,Clarke,45,1993-05-13,33,"6' 3""",210,1,Pitcher,R,Right,R,Right,,,,,,,,,,,,,,,,,,,,,,,,,,
2026-08-03,825095,,/api/v1.1/game/825095/feed/live,R,2026,2026-08-03,,night,P,N,N,Regular Season,1,4,1,Final,Final,15,Chase Field,109,Arizona Diamondbacks,AZ,5,True,135,San Diego Padres,SD,1,False,657044,Ryan Thompson,Ryan,Thompson,81,1992-06-26,34,"6' 5""",210,1,Pitcher,R,Right,R,Right,,,,,,,,,,,,,,,,,,,,,,,,,,
2026-08-03,825095,,/api/v1.1/game/825095/feed/live,R,2026,2026-08-03,,night,P,N,N,Regular Season,1,4,1,Final,Final,15,Chase Field,109,Arizona Diamondbacks,AZ,5,True,135,San Diego Padres,SD,1,False,596146,Max Kepler,Maximilian,Kepler,22,1993-02-10,33,"6' 4""",225,7,Outfielder,L,Left,L,Left,"0-2 | BB, K",,2,0,0,0,0,0,0,1,1,0,0,1,3,0,,,,,,,,,,
2026-08-03,825095,,/api/v1.1/game/825095/feed/live,R,2026,2026-08-03,,night,P,N,N,Regular Season,1,4,1,Final,Final,15,Chase Field,109,Arizona Diamondbacks,AZ,5,True,135,San Diego Padres,SD,1,False,543510,James McCann,James,McCann,8,1990-06-13,36,"6' 2""",235,2,Catcher,R,Right,R,Right,"2-4 | 2B, K, RBI",,4,2,1,0,0,1,0,1,0,0,0,0,4,3,,,,,,,,,,
2026-08-03,825095,,/api/v1.1/game/825095/feed/live,R,2026,2026-08-03,,night,P,N,N,Regular Season,1,4,1,Final,Final,15,Chase Field,109,Arizona Diamondbacks,AZ,5,True,135,San Diego Padres,SD,1,False,805299,Brandyn Garcia,Brandyn,Garcia,55,2000-05-27,26,"6' 4""",235,1,Pitcher,L,Left,L,Left,"1.0 IP, 0 ER, 0 K, 0 BB",,,,,,,,,,,,,,,,1.0,0,0,0,0,0,12,0,0,0
2026-08-03,825095,,/api/v1.1/game/825095/feed/live,R,2026,2026-08-03,,night,P,N,N,Regular Season,1,4,1,Final,Final,15,Chase Field,109,Arizona Diamondbacks,AZ,5,True,135,San Diego Padres,SD,1,False,678489,Jorge Barrosa,Jorge,Barrosa,1,2001-02-17,25,"5' 6""",175,8,Outfielder,S,Switch,L,Left,0-0 | RBI,,0,0,0,0,0,1,0,0,0,0,0,0,1,0,,,,,,,,,,
2026-08-03,825095,,/api/v1.1/game/825095/feed/live,R,2026,2026-08-03,,night,P,N,N,Regular Season,1,4,1,Final,Final,15,Chase Field,109,Arizona Diamondbacks,AZ,5,True,135,San Diego Padres,SD,1,False,650859,Luis Rengifo,Luis,Rengifo,21,1997-02-26,29,"5' 9""",204,5,Third Base,S,Switch,R,Right,1-4,,4,1,0,0,0,0,0,0,0,0,0,0,4,1,,,,,,,,,,
2026-08-03,825095,,/api/v1.1/game/825095/feed/live,R,2026,2026-08-03,,night,P,N,N,Regular Season,1,4,1,Final,Final,15,Chase Field,109,Arizona Diamondbacks,AZ,5,True,135,San Diego Padres,SD,1,False,669134,Luis Campusano,Luis,Campusano,12,1998-09-29,27,"5' 10""",232,2,Catcher,R,Right,R,Right,2-3 | 2B,,3,2,1,0,0,0,0,0,0,0,0,0,3,3,,,,,,,,,,
2026-08-03,825095,,/api/v1.1/game/825095/feed/live,R,2026,2026-08-03,,night,P,N,N,Regular Season,1,4,1,Final,Final,15,Chase Field,109,Arizona Diamondbacks,AZ,5,True,135,San Diego Padres,SD,1,False,673513,Yuki Matsui,Yuki,Matsui,1,1995-10-30,30,"5' 8""",165,1,Pitcher,L,Left,L,Left,"1.1 IP, 0 ER, 2 K, BB",,,,,,,,,,,,,,,,1.1,0,1,0,2,1,22,0,0,0
2026-08-03,825095,,/api/v1.1/game/825095/feed/live,R,2026,2026-08-03,,night,P,N,N,Regular Season,1,4,1,Final,Final,15,Chase Field,109,Arizona Diamondbacks,AZ,5,True,135,San Diego Padres,SD,1,False,666023,Freddy Fermin,Freddy,Fermin,54,1995-05-16,31,"5' 10""",200,2,Catcher,R,Right,R,Right,,,,,,,,,,,,,,,,,,,,,,,,,,
2026-08-03,825095,,/api/v1.1/game/825095/feed/live,R,2026,2026-08-03,,night,P,N,N,Regular Season,1,4,1,Final,Final,15,Chase Field,109,Arizona Diamondbacks,AZ,5,True,135,San Diego Padres,SD,1,False,650633,Michael King,Michael,King,34,1995-05-25,31,"6' 3""",210,1,Pitcher,R,Right,R,Right,"5.0 IP, 3 ER, 5 K, 4 BB",,,,,,,,,,,,,,,,5.0,3,5,1,5,4,104,0,1,0
2026-08-03,825095,,/api/v1.1/game/825095/feed/live,R,2026,2026-08-03,,night,P,N,N,Regular Season,1,4,1,Final,Final,15,Chase Field,109,Arizona Diamondbacks,AZ,5,True,135,San Diego Padres,SD,1,False,695243,Mason Miller,Mason,Miller,22,1998-08-24,27,"6' 5""",200,1,Pitcher,R,Right,R,Right,,,,,,,,,,,,,,,,,,,,,,,,,,
2026-08-03,825095,,/api/v1.1/game/825095/feed/live,R,2026,2026-08-03,,night,P,N,N,Regular Season,1,4,1,Final,Final,15,Chase Field,109,Arizona Diamondbacks,AZ,5,True,135,San Diego Padres,SD,1,False,593974,Wandy Peralta,Wandy,Peralta,58,1991-07-27,35,"6' 0""",227,1,Pitcher,L,Left,L,Left,"1.0 IP, 2 ER, 0 K, 0 BB",,,,,,,,,,,,,,,,1.0,2,3,0,0,0,25,0,0,0
2026-08-03,825095,,/api/v1.1/game/825095/feed/live,R,2026,2026-08-03,,night,P,N,N,Regular Season,1,4,1,Final,Final,15,Chase Field,109,Arizona Diamondbacks,AZ,5,True,135,San Diego Padres,SD,1,False,621111,Walker Buehler,Walker,Buehler,10,1994-07-28,32,"6' 2""",185,1,Pitcher,R,Right,R,Right,,,,,,,,,,,,,,,,,,,,,,,,,,
2026-08-03,825095,,/api/v1.1/game/825095/feed/live,R,2026,2026-08-03,,night,P,N,N,Regular Season,1,4,1,Final,Final,15,Chase Field,109,Arizona Diamondbacks,AZ,5,True,135,San Diego Padres,SD,1,False,701538,Jackson Merrill,Jackson,Merrill,3,2003-04-19,23,"6' 2""",195,8,Outfielder,L,Left,R,Right,1-4,,4,1,0,0,0,0,0,0,0,0,0,0,4,1,,,,,,,,,,
2026-08-03,825095,,/api/v1.1/game/825095/feed/live,R,2026,2026-08-03,,night,P,N,N,Regular Season,1,4,1,Final,Final,15,Chase Field,109,Arizona Diamondbacks,AZ,5,True,135,San Diego Padres,SD,1,False,656288,Griffin Canning,Griffin,Canning,17,1996-05-11,30,"6' 2""",180,1,Pitcher,R,Right,R,Right,,,,,,,,,,,,,,,,,,,,,,,,,,
2026-08-03,825095,,/api/v1.1/game/825095/feed/live,R,2026,2026-08-03,,night,P,N,N,Regular Season,1,4,1,Final,Final,15,Chase Field,109,Arizona Diamondbacks,AZ,5,True,135,San Diego Padres,SD,1,False,660710,Rodolfo Durán,Rodolfo,Durán,48,1998-02-19,28,"5' 8""",181,2,Catcher,R,Right,R,Right,,,,,,,,,,,,,,,,,,,,,,,,,,
2026-08-03,825095,,/api/v1.1/game/825095/feed/live,R,2026,2026-08-03,,night,P,N,N,Regular Season,1,4,1,Final,Final,15,Chase Field,109,Arizona Diamondbacks,AZ,5,True,135,San Diego Padres,SD,1,False,608566,Germán Márquez,Germán,Márquez,33,1995-02-22,31,"6' 1""",230,1,Pitcher,R,Right,R,Right,,,,,,,,,,,,,,,,,,,,,,,,,,
2026-08-03,825095,,/api/v1.1/game/825095/feed/live,R,2026,2026-08-03,,night,P,N,N,Regular Season,1,4,1,Final,Final,15,Chase Field,109,Arizona Diamondbacks,AZ,5,True,135,San Diego Padres,SD,1,False,699134,Bradgley Rodriguez,Bradgley,Rodriguez,72,2003-11-16,22,"6' 1""",160,1,Pitcher,R,Right,R,Right,,,,,,,,,,,,,,,,,,,,,,,,,,
2026-08-03,825095,,/api/v1.1/game/825095/feed/live,R,2026,2026-08-03,,night,P,N,N,Regular Season,1,4,1,Final,Final,15,Chase Field,109,Arizona Diamondbacks,AZ,5,True,135,San Diego Padres,SD,1,False,823550,Sung-Mun Song,Sung-Mun,Song,24,1996-08-29,29,"6' 0""",194,4,Second Base,L,Left,R,Right,1-3,,3,1,0,0,0,0,0,0,0,0,0,1,3,1,,,,,,,,,,
2026-08-03,825095,,/api/v1.1/game/825095/feed/live,R,2026,2026-08-03,,night,P,N,N,Regular Season,1,4,1,Final,Final,15,Chase Field,109,Arizona Diamondbacks,AZ,5,True,135,San Diego Padres,SD,1,False,669093,Jeremiah Estrada,Jeremiah,Estrada,56,1998-11-01,27,"6' 1""",185,1,Pitcher,S,Switch,R,Right,"0.2 IP, 0 ER, 0 K, 0 BB",,,,,,,,,,,,,,,,0.2,0,0,0,0,0,7,0,0,0
2026-08-03,825095,,/api/v1.1/game/825095/feed/live,R,2026,2026-08-03,,night,P,N,N,Regular Season,1,4,1,Final,Final,15,Chase Field,109,Arizona Diamondbacks,AZ,5,True,135,San Diego Padres,SD,1,False,657757,Gavin Sheets,Gavin,Sheets,30,1996-04-23,30,"6' 3""",235,3,First Base,L,Left,L,Left,,,,,,,,,,,,,,,,,,,,,,,,,,
2026-08-03,825095,,/api/v1.1/game/825095/feed/live,R,2026,2026-08-03,,night,P,N,N,Regular Season,1,4,1,Final,Final,15,Chase Field,109,Arizona Diamondbacks,AZ,5,True,135,San Diego Padres,SD,1,False,670970,Adrian Morejon,Adrian,Morejon,50,1999-02-27,27,"5' 11""",224,1,Pitcher,L,Left,L,Left,,,,,,,,,,,,,,,,,,,,,,,,,,
2026-08-03,825095,,/api/v1.1/game/825095/feed/live,R,2026,2026-08-03,,night,P,N,N,Regular Season,1,4,1,Final,Final,15,Chase Field,109,Arizona Diamondbacks,AZ,5,True,135,San Diego Padres,SD,1,False,592518,Manny Machado,Manuel,Machado,13,1992-07-06,34,"6' 2""",218,5,Third Base,R,Right,R,Right,0-4 | K,,4,0,0,0,0,0,0,1,0,0,0,0,4,0,,,,,,,,,,
2026-08-03,825095,,/api/v1.1/game/825095/feed/live,R,2026,2026-08-03,,night,P,N,N,Regular Season,1,4,1,Final,Final,15,Chase Field,109,Arizona Diamondbacks,AZ,5,True,135,San Diego Padres,SD,1,False,665487,Fernando Tatis Jr.,Fernando,Tatis,23,1999-01-02,27,"6' 3""",217,9,Outfielder,R,Right,R,Right,0-4 | K,,4,0,0,0,0,0,0,1,0,0,0,0,4,0,,,,,,,,,,
2026-08-03,825095,,/api/v1.1/game/825095/feed/live,R,2026,2026-08-03,,night,P,N,N,Regular Season,1,4,1,Final,Final,15,Chase Field,109,Arizona Diamondbacks,AZ,5,True,135,San Diego Padres,SD,1,False,664034,Ty France,Tyler,France,25,1994-07-13,32,"5' 10""",215,3,First Base,R,Right,R,Right,"0-3 | BB, K, R",,3,0,0,0,0,0,1,1,1,0,0,0,4,0,,,,,,,,,,
2026-08-03,825095,,/api/v1.1/game/825095/feed/live,R,2026,2026-08-03,,night,P,N,N,Regular Season,1,4,1,Final,Final,15,Chase Field,109,Arizona Diamondbacks,AZ,5,True,135,San Diego Padres,SD,1,False,593428,Xander Bogaerts,Xander,Bogaerts,2,1992-10-01,33,"6' 2""",218,6,Shortstop,R,Right,R,Right,1-3 | K,,3,1,0,0,0,0,0,1,0,0,0,0,3,1,,,,,,,,,,
2026-08-03,825095,,/api/v1.1/game/825095/feed/live,R,2026,2026-08-03,,night,P,N,N,Regular Season,1,4,1,Final,Final,15,Chase Field,109,Arizona Diamondbacks,AZ,5,True,135,San Diego Padres,SD,1,False,687749,Jase Bowen,Jase,Bowen,4,2000-09-02,25,"6' 0""",215,9,Outfielder,R,Right,R,Right,,,,,,,,,,,,,,,,,,,,,,,,,,
2026-08-03,825095,,/api/v1.1/game/825095/feed/live,R,2026,2026-08-03,,night,P,N,N,Regular Season,1,4,1,Final,Final,15,Chase Field,109,Arizona Diamondbacks,AZ,5,True,135,San Diego Padres,SD,1,False,606996,Kyle Hart,Kyle,Hart,68,1992-11-23,33,"6' 5""",200,1,Pitcher,L,Left,L,Left,,,,,,,,,,,,,,,,,,,,,,,,,,
2026-08-03,825095,,/api/v1.1/game/825095/feed/live,R,2026,2026-08-03,,night,P,N,N,Regular Season,1,4,1,Final,Final,15,Chase Field,109,Arizona Diamondbacks,AZ,5,True,135,San Diego Padres,SD,1,False,630105,Jake Cronenworth,Jacob,Cronenworth,9,1994-01-21,32,"5' 11""",187,4,Second Base,L,Left,R,Right,0-4 | K,,4,0,0,0,0,0,0,1,0,0,0,0,4,0,,,,,,,,,,
2026-08-03,825095,,/api/v1.1/game/825095/feed/live,R,2026,2026-08-03,,night,P,N,N,Regular Season,1,4,1,Final,Final,15,Chase Field,109,Arizona Diamondbacks,AZ,5,True,135,San Diego Padres,SD,1,False,676664,JP Sears,John,Sears,38,1996-02-19,30,"5' 11""",180,1,Pitcher,R,Right,L,Left,,,,,,,,,,,,,,,,,,,,,,,,,,
2026-08-03,825095,,/api/v1.1/game/825095/feed/live,R,2026,2026-08-03,,night,P,N,N,Regular Season,1,4,1,Final,Final,15,Chase Field,109,Arizona Diamondbacks,AZ,5,True,135,San Diego Padres,SD,1,False,681190,Randy Vásquez,Randy,Vásquez,98,1998-11-03,27,"6' 0""",165,1,Pitcher,R,Right,R,Right,,,,,,,,,,,,,,,,,,,,,,,,,,
