gameDate,gamePk,gameGuid,link,gameType,season,officialDate,description,dayNight,gamedayType,doubleHeader,tiebreaker,seriesDescription,seriesGameNumber,gamesInSeries,gameNumber,status_abstractGameState,status_detailedState,venue_id,venue_name,home_team_id,home_team_name,home_team_abbreviation,home_score,home_isWinner,away_team_id,away_team_name,away_team_abbreviation,away_score,away_isWinner,playerId,fullName,firstName,lastName,primaryNumber,birthDate,currentAge,height,weight,primaryPosition_code,primaryPosition_name,batSide_code,batSide_description,pitchHand_code,pitchHand_description,gameLogSummary,note,atBats,hits,doubles,triples,homeRuns,rbi,runs,strikeOuts,baseOnBalls,stolenBases,caughtStealing,groundIntoDoublePlay,plateAppearances,totalBases,inningsPitched,earnedRuns,hitsAllowed,homeRunsAllowed,strikeOutsPitching,baseOnBallsPitching,pitchesThrown,wins,losses,saves
2026-04-30,824929,,/api/v1.1/game/824929/feed/live,R,2026,2026-04-30,,day,P,N,N,Regular Season,3,3,1,Final,Final,4705,Truist Park,144,Atlanta Braves,ATL,2,False,116,Detroit Tigers,DET,5,True,641680,Jonah Heim,Jonah,Heim,20,1995-06-27,30,"6' 4""",220,2,Catcher,S,Switch,R,Right,,,,,,,,,,,,,,,,,,,,,,,,,,
2026-04-30,824929,,/api/v1.1/game/824929/feed/live,R,2026,2026-04-30,,day,P,N,N,Regular Season,3,3,1,Final,Final,4705,Truist Park,144,Atlanta Braves,ATL,2,False,116,Detroit Tigers,DET,5,True,669276,Dylan Lee,Dylan,Lee,52,1994-08-01,31,"6' 3""",214,1,Pitcher,L,Left,L,Left,,,,,,,,,,,,,,,,,,,,,,,,,,
2026-04-30,824929,,/api/v1.1/game/824929/feed/live,R,2026,2026-04-30,,day,P,N,N,Regular Season,3,3,1,Final,Final,4705,Truist Park,144,Atlanta Braves,ATL,2,False,116,Detroit Tigers,DET,5,True,663158,Robert Suarez,Robert,Suarez,75,1991-03-01,35,"6' 2""",210,1,Pitcher,R,Right,R,Right,,,,,,,,,,,,,,,,,,,,,,,,,,
2026-04-30,824929,,/api/v1.1/game/824929/feed/live,R,2026,2026-04-30,,day,P,N,N,Regular Season,3,3,1,Final,Final,4705,Truist Park,144,Atlanta Braves,ATL,2,False,116,Detroit Tigers,DET,5,True,671739,Michael Harris II,Michael,Harris,23,2001-03-07,25,"5' 11""",195,8,Outfielder,L,Left,L,Left,0-1,,1,0,0,0,0,0,0,0,0,0,0,0,1,0,,,,,,,,,,
2026-04-30,824929,,/api/v1.1/game/824929/feed/live,R,2026,2026-04-30,,day,P,N,N,Regular Season,3,3,1,Final,Final,4705,Truist Park,144,Atlanta Braves,ATL,2,False,116,Detroit Tigers,DET,5,True,622761,Jorge Mateo,Jorge,Mateo,2,1995-06-23,30,"6' 0""",200,6,Shortstop,R,Right,R,Right,0-2 | K,,2,0,0,0,0,0,0,1,0,0,0,0,2,0,,,,,,,,,,
2026-04-30,824929,,/api/v1.1/game/824929/feed/live,R,2026,2026-04-30,,day,P,N,N,Regular Season,3,3,1,Final,Final,4705,Truist Park,144,Atlanta Braves,ATL,2,False,116,Detroit Tigers,DET,5,True,643289,Mauricio Dubón,Mauricio,Dubón,14,1994-07-19,31,"5' 11""",173,6,Shortstop,R,Right,R,Right,"1-3 | HBP, RBI, R",,3,1,0,0,0,1,1,0,0,0,0,0,4,1,,,,,,,,,,
2026-04-30,824929,,/api/v1.1/game/824929/feed/live,R,2026,2026-04-30,,day,P,N,N,Regular Season,3,3,1,Final,Final,4705,Truist Park,144,Atlanta Braves,ATL,2,False,116,Detroit Tigers,DET,5,True,660761,José Suarez,José,Suarez,54,1998-01-03,28,"5' 10""",225,1,Pitcher,L,Left,L,Left,"1.0 IP, 2 ER, 2 K, 2 BB",,,,,,,,,,,,,,,,1.0,2,2,0,2,2,31,0,0,0
2026-04-30,824929,,/api/v1.1/game/824929/feed/live,R,2026,2026-04-30,,day,P,N,N,Regular Season,3,3,1,Final,Final,4705,Truist Park,144,Atlanta Braves,ATL,2,False,116,Detroit Tigers,DET,5,True,800311,Didier Fuentes,Didier,Fuentes,72,2005-06-17,20,"6' 0""",170,1,Pitcher,R,Right,R,Right,,,,,,,,,,,,,,,,,,,,,,,,,,
2026-04-30,824929,,/api/v1.1/game/824929/feed/live,R,2026,2026-04-30,,day,P,N,N,Regular Season,3,3,1,Final,Final,4705,Truist Park,144,Atlanta Braves,ATL,2,False,116,Detroit Tigers,DET,5,True,686948,Drake Baldwin,Drake,Baldwin,30,2001-03-28,25,"6' 0""",225,2,Catcher,L,Left,R,Right,"1-3 | BB, 2 K",,3,1,0,0,0,0,0,2,1,0,0,0,4,1,,,,,,,,,,
2026-04-30,824929,,/api/v1.1/game/824929/feed/live,R,2026,2026-04-30,,day,P,N,N,Regular Season,3,3,1,Final,Final,4705,Truist Park,144,Atlanta Braves,ATL,2,False,116,Detroit Tigers,DET,5,True,606303,Joel Payamps,Joel,Payamps,34,1994-04-07,32,"6' 3""",214,1,Pitcher,R,Right,R,Right,"0.1 IP, 2 ER, K, BB",,,,,,,,,,,,,,,,0.1,2,2,0,1,1,17,0,1,0
2026-04-30,824929,,/api/v1.1/game/824929/feed/live,R,2026,2026-04-30,,day,P,N,N,Regular Season,3,3,1,Final,Final,4705,Truist Park,144,Atlanta Braves,ATL,2,False,116,Detroit Tigers,DET,5,True,519242,Chris Sale,Christopher,Sale,51,1989-03-30,37,"6' 6""",180,1,Pitcher,L,Left,L,Left,,,,,,,,,,,,,,,,,,,,,,,,,,
2026-04-30,824929,,/api/v1.1/game/824929/feed/live,R,2026,2026-04-30,,day,P,N,N,Regular Season,3,3,1,Final,Final,4705,Truist Park,144,Atlanta Braves,ATL,2,False,116,Detroit Tigers,DET,5,True,621566,Matt Olson,Matthew,Olson,28,1994-03-29,32,"6' 4""",225,3,First Base,L,Left,R,Right,0-4 | K,,4,0,0,0,0,0,0,1,0,0,0,0,4,0,,,,,,,,,,
2026-04-30,824929,,/api/v1.1/game/824929/feed/live,R,2026,2026-04-30,,day,P,N,N,Regular Season,3,3,1,Final,Final,4705,Truist Park,144,Atlanta Braves,ATL,2,False,116,Detroit Tigers,DET,5,True,702275,JR Ritchie,Ian,Ritchie,60,2003-06-26,22,"6' 2""",185,1,Pitcher,R,Right,R,Right,,,,,,,,,,,,,,,,,,,,,,,,,,
2026-04-30,824929,,/api/v1.1/game/824929/feed/live,R,2026,2026-04-30,,day,P,N,N,Regular Season,3,3,1,Final,Final,4705,Truist Park,144,Atlanta Braves,ATL,2,False,116,Detroit Tigers,DET,5,True,642086,Dominic Smith,Dominic,Smith,8,1995-06-15,30,"5' 11""",224,3,First Base,L,Left,L,Left,0-1,,1,0,0,0,0,0,0,0,0,0,0,0,1,0,,,,,,,,,,
2026-04-30,824929,,/api/v1.1/game/824929/feed/live,R,2026,2026-04-30,,day,P,N,N,Regular Season,3,3,1,Final,Final,4705,Truist Park,144,Atlanta Braves,ATL,2,False,116,Detroit Tigers,DET,5,True,660670,Ronald Acuña Jr.,Ronald,Acuña,13,1997-12-18,28,"6' 0""",205,9,Outfielder,R,Right,R,Right,"1-5 | 2B, 2 K",,5,1,1,0,0,0,0,2,0,0,0,0,5,2,,,,,,,,,,
2026-04-30,824929,,/api/v1.1/game/824929/feed/live,R,2026,2026-04-30,,day,P,N,N,Regular Season,3,3,1,Final,Final,4705,Truist Park,144,Atlanta Braves,ATL,2,False,116,Detroit Tigers,DET,5,True,571657,Kyle Farmer,James,Farmer,15,1990-08-17,35,"5' 11""",205,5,Third Base,R,Right,R,Right,1-3,,3,1,0,0,0,0,0,0,0,0,0,0,3,1,,,,,,,,,,
2026-04-30,824929,,/api/v1.1/game/824929/feed/live,R,2026,2026-04-30,,day,P,N,N,Regular Season,3,3,1,Final,Final,4705,Truist Park,144,Atlanta Braves,ATL,2,False,116,Detroit Tigers,DET,5,True,641755,Tyler Kinley,Tyler,Kinley,45,1991-01-31,35,"6' 4""",220,1,Pitcher,R,Right,R,Right,"1.0 IP, 0 ER, K, BB",,,,,,,,,,,,,,,,1.0,0,2,0,1,1,27,0,0,0
2026-04-30,824929,,/api/v1.1/game/824929/feed/live,R,2026,2026-04-30,,day,P,N,N,Regular Season,3,3,1,Final,Final,4705,Truist Park,144,Atlanta Braves,ATL,2,False,116,Detroit Tigers,DET,5,True,607481,Aaron Bummer,Aaron,Bummer,49,1993-09-21,32,"6' 3""",215,1,Pitcher,L,Left,L,Left,"0.2 IP, 0 ER, K, BB",,,,,,,,,,,,,,,,0.2,0,0,0,1,1,12,0,0,0
2026-04-30,824929,,/api/v1.1/game/824929/feed/live,R,2026,2026-04-30,,day,P,N,N,Regular Season,3,3,1,Final,Final,4705,Truist Park,144,Atlanta Braves,ATL,2,False,116,Detroit Tigers,DET,5,True,625643,Reynaldo López,Reynaldo,López,40,1994-01-04,32,"6' 1""",225,1,Pitcher,R,Right,R,Right,,,,,,,,,,,,,,,,,,,,,,,,,,
2026-04-30,824929,,/api/v1.1/game/824929/feed/live,R,2026,2026-04-30,,day,P,N,N,Regular Season,3,3,1,Final,Final,4705,Truist Park,144,Atlanta Braves,ATL,2,False,116,Detroit Tigers,DET,5,True,642201,Eli White,Elijah,White,36,1994-06-26,31,"6' 2""",195,8,Outfielder,R,Right,R,Right,"1-3 | 2 K, RBI",,3,1,0,0,0,1,0,2,0,0,0,0,3,1,,,,,,,,,,
2026-04-30,824929,,/api/v1.1/game/824929/feed/live,R,2026,2026-04-30,,day,P,N,N,Regular Season,3,3,1,Final,Final,4705,Truist Park,144,Atlanta Braves,ATL,2,False,116,Detroit Tigers,DET,5,True,645277,Ozzie Albies,Ozhaino,Albies,1,1997-01-07,29,"5' 7""",165,4,Second Base,S,Switch,R,Right,"2-4 | 2B, R",,4,2,1,0,0,0,1,0,0,0,0,0,4,3,,,,,,,,,,
2026-04-30,824929,,/api/v1.1/game/824929/feed/live,R,2026,2026-04-30,,day,P,N,N,Regular Season,3,3,1,Final,Final,4705,Truist Park,144,Atlanta Braves,ATL,2,False,116,Detroit Tigers,DET,5,True,663586,Austin Riley,Michael,Riley,27,1997-04-02,29,"6' 1""",225,5,Third Base,R,Right,R,Right,0-4 | 3 K,,4,0,0,0,0,0,0,3,0,0,0,0,4,0,,,,,,,,,,
2026-04-30,824929,,/api/v1.1/game/824929/feed/live,R,2026,2026-04-30,,day,P,N,N,Regular Season,3,3,1,Final,Final,4705,Truist Park,144,Atlanta Braves,ATL,2,False,116,Detroit Tigers,DET,5,True,656550,Grant Holmes,Harrison,Holmes,66,1996-03-22,30,"6' 0""",226,1,Pitcher,L,Left,R,Right,,,,,,,,,,,,,,,,,,,,,,,,,,
2026-04-30,824929,,/api/v1.1/game/824929/feed/live,R,2026,2026-04-30,,day,P,N,N,Regular Season,3,3,1,Final,Final,4705,Truist Park,144,Atlanta Braves,ATL,2,False,116,Detroit Tigers,DET,5,True,573262,Mike Yastrzemski,Michael,Yastrzemski,18,1990-08-23,35,"5' 10""",180,7,Outfielder,L,Left,L,Left,1-2,,2,1,0,0,0,0,0,0,0,0,0,0,2,1,,,,,,,,,,
2026-04-30,824929,,/api/v1.1/game/824929/feed/live,R,2026,2026-04-30,,day,P,N,N,Regular Season,3,3,1,Final,Final,4705,Truist Park,144,Atlanta Braves,ATL,2,False,116,Detroit Tigers,DET,5,True,693821,Bryce Elder,Bryce,Elder,55,1999-05-19,26,"6' 2""",220,1,Pitcher,R,Right,R,Right,"6.0 IP, ER, 5 K, 3 BB",,,,,,,,,,,,,,,,6.0,1,6,0,5,3,90,0,0,0
2026-04-30,824929,,/api/v1.1/game/824929/feed/live,R,2026,2026-04-30,,day,P,N,N,Regular Season,3,3,1,Final,Final,4705,Truist Park,144,Atlanta Braves,ATL,2,False,116,Detroit Tigers,DET,5,True,527048,Martín Pérez,Martín,Pérez,33,1991-04-04,35,"6' 0""",210,1,Pitcher,L,Left,L,Left,,,,,,,,,,,,,,,,,,,,,,,,,,
2026-04-30,824929,,/api/v1.1/game/824929/feed/live,R,2026,2026-04-30,,day,P,N,N,Regular Season,3,3,1,Final,Final,4705,Truist Park,144,Atlanta Braves,ATL,2,False,116,Detroit Tigers,DET,5,True,664285,Framber Valdez,Framber,Valdez,59,1993-11-19,32,"5' 11""",230,1,Pitcher,R,Right,L,Left,"6.0 IP, 2 ER, 8 K, 0 BB",,,,,,,,,,,,,,,,6.0,2,6,0,8,0,99,0,0,0
2026-04-30,824929,,/api/v1.1/game/824929/feed/live,R,2026,2026-04-30,,day,P,N,N,Regular Season,3,3,1,Final,Final,4705,Truist Park,144,Atlanta Braves,ATL,2,False,116,Detroit Tigers,DET,5,True,676428,Brant Hurter,Brant,Hurter,48,1998-09-06,27,"6' 6""",250,1,Pitcher,L,Left,L,Left,,,,,,,,,,,,,,,,,,,,,,,,,,
2026-04-30,824929,,/api/v1.1/game/824929/feed/live,R,2026,2026-04-30,,day,P,N,N,Regular Season,3,3,1,Final,Final,4705,Truist Park,144,Atlanta Braves,ATL,2,False,116,Detroit Tigers,DET,5,True,690291,Jace Jung,Jace,Jung,17,2000-10-04,25,"5' 11""",205,5,Third Base,L,Left,R,Right,,,,,,,,,,,,,,,,,,,,,,,,,,
2026-04-30,824929,,/api/v1.1/game/824929/feed/live,R,2026,2026-04-30,,day,P,N,N,Regular Season,3,3,1,Final,Final,4705,Truist Park,144,Atlanta Braves,ATL,2,False,116,Detroit Tigers,DET,5,True,669373,Tarik Skubal,Tarik,Skubal,29,1996-11-20,29,"6' 3""",240,1,Pitcher,R,Right,L,Left,,,,,,,,,,,,,,,,,,,,,,,,,,
2026-04-30,824929,,/api/v1.1/game/824929/feed/live,R,2026,2026-04-30,,day,P,N,N,Regular Season,3,3,1,Final,Final,4705,Truist Park,144,Atlanta Braves,ATL,2,False,116,Detroit Tigers,DET,5,True,701678,Hao-Yu  Lee,Hao-Yu ,Lee,50,2003-02-03,23,"5' 9""",190,5,Third Base,R,Right,R,Right,0-3 | 2 BB,,3,0,0,0,0,0,0,0,2,0,0,0,5,0,,,,,,,,,,
2026-04-30,824929,,/api/v1.1/game/824929/feed/live,R,2026,2026-04-30,,day,P,N,N,Regular Season,3,3,1,Final,Final,4705,Truist Park,144,Atlanta Braves,ATL,2,False,116,Detroit Tigers,DET,5,True,663330,Jahmai Jones,Jahmai,Jones,18,1997-08-04,28,"5' 10""",210,9,Outfielder,R,Right,R,Right,0-1 | K,,1,0,0,0,0,0,0,1,0,0,0,0,1,0,,,,,,,,,,
2026-04-30,824929,,/api/v1.1/game/824929/feed/live,R,2026,2026-04-30,,day,P,N,N,Regular Season,3,3,1,Final,Final,4705,Truist Park,144,Atlanta Braves,ATL,2,False,116,Detroit Tigers,DET,5,True,623454,Drew Anderson,Andrew,Anderson,38,1994-03-22,32,"6' 3""",205,1,Pitcher,R,Right,R,Right,"2.0 IP, 0 ER, 2 K, BB",,,,,,,,,,,,,,,,2.0,0,1,0,2,1,31,1,0,0
2026-04-30,824929,,/api/v1.1/game/824929/feed/live,R,2026,2026-04-30,,day,P,N,N,Regular Season,3,3,1,Final,Final,4705,Truist Park,144,Atlanta Braves,ATL,2,False,116,Detroit Tigers,DET,5,True,682985,Riley Greene,Riley,Greene,31,2000-09-28,25,"6' 2""",200,7,Outfielder,L,Left,L,Left,"0-3 | 2 BB, 3 K, R",,3,0,0,0,0,0,1,3,2,0,0,0,5,0,,,,,,,,,,
2026-04-30,824929,,/api/v1.1/game/824929/feed/live,R,2026,2026-04-30,,day,P,N,N,Regular Season,3,3,1,Final,Final,4705,Truist Park,144,Atlanta Braves,ATL,2,False,116,Detroit Tigers,DET,5,True,663947,Tyler Holton,Weston,Holton,87,1996-06-13,29,"6' 2""",200,1,Pitcher,L,Left,L,Left,,,,,,,,,,,,,,,,,,,,,,,,,,
2026-04-30,824929,,/api/v1.1/game/824929/feed/live,R,2026,2026-04-30,,day,P,N,N,Regular Season,3,3,1,Final,Final,4705,Truist Park,144,Atlanta Braves,ATL,2,False,116,Detroit Tigers,DET,5,True,805808,Kevin McGonigle,Kevin,McGonigle,7,2004-08-18,21,"5' 9""",187,6,Shortstop,L,Left,R,Right,0-2 | 3 BB,,2,0,0,0,0,0,0,0,3,0,0,0,5,0,,,,,,,,,,
2026-04-30,824929,,/api/v1.1/game/824929/feed/live,R,2026,2026-04-30,,day,P,N,N,Regular Season,3,3,1,Final,Final,4705,Truist Park,144,Atlanta Braves,ATL,2,False,116,Detroit Tigers,DET,5,True,681481,Kerry Carpenter,Kerry,Carpenter,30,1997-09-02,28,"6' 1""",220,9,Outfielder,L,Left,R,Right,"1-4 | 3B, 2 K, R",,4,1,0,1,0,0,1,2,0,0,0,0,4,3,,,,,,,,,,
2026-04-30,824929,,/api/v1.1/game/824929/feed/live,R,2026,2026-04-30,,day,P,N,N,Regular Season,3,3,1,Final,Final,4705,Truist Park,144,Atlanta Braves,ATL,2,False,116,Detroit Tigers,DET,5,True,640448,Kyle Finnegan,Kyle,Finnegan,67,1991-09-04,34,"6' 2""",198,1,Pitcher,R,Right,R,Right,"1.0 IP, 0 ER, K, 0 BB",,,,,,,,,,,,,,,,1.0,0,1,0,1,0,17,0,0,1
2026-04-30,824929,,/api/v1.1/game/824929/feed/live,R,2026,2026-04-30,,day,P,N,N,Regular Season,3,3,1,Final,Final,4705,Truist Park,144,Atlanta Braves,ATL,2,False,116,Detroit Tigers,DET,5,True,572143,Burch Smith,Burch,Smith,65,1990-04-12,36,"6' 4""",225,1,Pitcher,R,Right,R,Right,,,,,,,,,,,,,,,,,,,,,,,,,,
2026-04-30,824929,,/api/v1.1/game/824929/feed/live,R,2026,2026-04-30,,day,P,N,N,Regular Season,3,3,1,Final,Final,4705,Truist Park,144,Atlanta Braves,ATL,2,False,116,Detroit Tigers,DET,5,True,445276,Kenley Jansen,Kenley,Jansen,74,1987-09-30,38,"6' 5""",265,1,Pitcher,S,Switch,R,Right,,,,,,,,,,,,,,,,,,,,,,,,,,
2026-04-30,824929,,/api/v1.1/game/824929/feed/live,R,2026,2026-04-30,,day,P,N,N,Regular Season,3,3,1,Final,Final,4705,Truist Park,144,Atlanta Braves,ATL,2,False,116,Detroit Tigers,DET,5,True,656427,Jack Flaherty,Jack,Flaherty,9,1995-10-15,30,"6' 4""",225,1,Pitcher,R,Right,R,Right,,,,,,,,,,,,,,,,,,,,,,,,,,
2026-04-30,824929,,/api/v1.1/game/824929/feed/live,R,2026,2026-04-30,,day,P,N,N,Regular Season,3,3,1,Final,Final,4705,Truist Park,144,Atlanta Braves,ATL,2,False,116,Detroit Tigers,DET,5,True,679529,Spencer Torkelson,Spencer,Torkelson,20,1999-08-26,26,"6' 1""",220,3,First Base,R,Right,R,Right,2-5 | K,,5,2,0,0,0,0,0,1,0,0,0,0,5,2,,,,,,,,,,
2026-04-30,824929,,/api/v1.1/game/824929/feed/live,R,2026,2026-04-30,,day,P,N,N,Regular Season,3,3,1,Final,Final,4705,Truist Park,144,Atlanta Braves,ATL,2,False,116,Detroit Tigers,DET,5,True,672456,Keider Montero,Keider,Montero,54,2000-07-06,25,"6' 1""",145,1,Pitcher,R,Right,R,Right,,,,,,,,,,,,,,,,,,,,,,,,,,
2026-04-30,824929,,/api/v1.1/game/824929/feed/live,R,2026,2026-04-30,,day,P,N,N,Regular Season,3,3,1,Final,Final,4705,Truist Park,144,Atlanta Braves,ATL,2,False,116,Detroit Tigers,DET,5,True,650402,Gleyber Torres,Gleyber,Torres,25,1996-12-13,29,"5' 10""",205,4,Second Base,R,Right,R,Right,3-4 | RBI,,4,3,0,0,0,1,0,0,0,0,0,0,5,3,,,,,,,,,,
2026-04-30,824929,,/api/v1.1/game/824929/feed/live,R,2026,2026-04-30,,day,P,N,N,Regular Season,3,3,1,Final,Final,4705,Truist Park,144,Atlanta Braves,ATL,2,False,116,Detroit Tigers,DET,5,True,668670,Jake Rogers,Jacob,Rogers,34,1995-04-18,31,"5' 11""",201,2,Catcher,R,Right,R,Right,0-3 | K,,3,0,0,0,0,0,0,1,0,0,0,0,3,0,,,,,,,,,,
2026-04-30,824929,,/api/v1.1/game/824929/feed/live,R,2026,2026-04-30,,day,P,N,N,Regular Season,3,3,1,Final,Final,4705,Truist Park,144,Atlanta Braves,ATL,2,False,116,Detroit Tigers,DET,5,True,646241,Enmanuel De Jesus,Enmanuel,De Jesus,37,1996-12-10,29,"6' 3""",190,1,Pitcher,L,Left,L,Left,,,,,,,,,,,,,,,,,,,,,,,,,,
2026-04-30,824929,,/api/v1.1/game/824929/feed/live,R,2026,2026-04-30,,day,P,N,N,Regular Season,3,3,1,Final,Final,4705,Truist Park,144,Atlanta Braves,ATL,2,False,116,Detroit Tigers,DET,5,True,669724,Brenan Hanifee,Brenan,Hanifee,75,1998-05-29,27,"6' 5""",215,1,Pitcher,R,Right,R,Right,,,,,,,,,,,,,,,,,,,,,,,,,,
2026-04-30,824929,,/api/v1.1/game/824929/feed/live,R,2026,2026-04-30,,day,P,N,N,Regular Season,3,3,1,Final,Final,4705,Truist Park,144,Atlanta Braves,ATL,2,False,116,Detroit Tigers,DET,5,True,663837,Matt Vierling,Matthew,Vierling,8,1996-09-16,29,"6' 1""",205,8,Outfielder,R,Right,R,Right,"3-5 | 2B, K, 2 RBI",,5,3,1,0,0,2,2,1,0,0,0,0,5,4,,,,,,,,,,
2026-04-30,824929,,/api/v1.1/game/824929/feed/live,R,2026,2026-04-30,,day,P,N,N,Regular Season,3,3,1,Final,Final,4705,Truist Park,144,Atlanta Braves,ATL,2,False,116,Detroit Tigers,DET,5,True,693307,Dillon Dingler,Francis,Dingler,13,1998-09-17,27,"6' 1""",210,2,Catcher,R,Right,R,Right,"1-2 | 2B, K, RBI",,2,1,1,0,0,1,0,1,0,0,0,0,2,2,,,,,,,,,,
2026-04-30,824929,,/api/v1.1/game/824929/feed/live,R,2026,2026-04-30,,day,P,N,N,Regular Season,3,3,1,Final,Final,4705,Truist Park,144,Atlanta Braves,ATL,2,False,116,Detroit Tigers,DET,5,True,676684,Will Vest,William,Vest,19,1995-06-06,30,"6' 0""",180,1,Pitcher,R,Right,R,Right,,,,,,,,,,,,,,,,,,,,,,,,,,
2026-04-30,824929,,/api/v1.1/game/824929/feed/live,R,2026,2026-04-30,,day,P,N,N,Regular Season,3,3,1,Final,Final,4705,Truist Park,144,Atlanta Braves,ATL,2,False,116,Detroit Tigers,DET,5,True,690993,Colt Keith,Colten,Keith,33,2001-08-14,24,"6' 2""",211,5,Third Base,L,Left,R,Right,2-4,,4,2,0,0,0,0,0,0,0,0,0,0,4,2,,,,,,,,,,
2026-04-30,824929,,/api/v1.1/game/824929/feed/live,R,2026,2026-04-30,,day,P,N,N,Regular Season,3,3,1,Final,Final,4705,Truist Park,144,Atlanta Braves,ATL,2,False,116,Detroit Tigers,DET,5,True,672761,Wenceel Pérez,Wenceel,Pérez,46,1999-10-30,26,"5' 11""",203,9,Outfielder,S,Switch,R,Right,"0-0 | BB, R",,0,0,0,0,0,0,1,0,1,0,0,0,1,0,,,,,,,,,,
2026-04-30,824848,,/api/v1.1/game/824848/feed/live,R,2026,2026-04-30,,day,P,Y,N,Regular Season,2,3,1,Final,Final,2,Oriole Park at Camden Yards,110,Baltimore Orioles,BAL,10,True,117,Houston Astros,HOU,3,False,669236,Jeremiah Jackson,Jeremiah,Jackson,82,2000-03-26,26,"5' 11""",200,4,Second Base,R,Right,R,Right,"2-4 | HR, 2B, 5 RBI",,4,2,1,0,1,5,1,0,0,0,0,0,4,6,,,,,,,,,,
2026-04-30,824848,,/api/v1.1/game/824848/feed/live,R,2026,2026-04-30,,day,P,Y,N,Regular Season,2,3,1,Final,Final,2,Oriole Park at Camden Yards,110,Baltimore Orioles,BAL,10,True,117,Houston Astros,HOU,3,False,669211,Keegan Akin,Keegan,Akin,45,1995-04-01,31,"6' 0""",235,1,Pitcher,L,Left,L,Left,,,,,,,,,,,,,,,,,,,,,,,,,,
2026-04-30,824848,,/api/v1.1/game/824848/feed/live,R,2026,2026-04-30,,day,P,Y,N,Regular Season,2,3,1,Final,Final,2,Oriole Park at Camden Yards,110,Baltimore Orioles,BAL,10,True,117,Houston Astros,HOU,3,False,694212,Samuel Basallo,Samuel,Basallo,29,2004-08-13,21,"6' 4""",250,2,Catcher,L,Left,R,Right,,,,,,,,,,,,,,,,,,,,,,,,,,
2026-04-30,824848,,/api/v1.1/game/824848/feed/live,R,2026,2026-04-30,,day,P,Y,N,Regular Season,2,3,1,Final,Final,2,Oriole Park at Camden Yards,110,Baltimore Orioles,BAL,10,True,117,Houston Astros,HOU,3,False,669330,Tyler Wells,Tyler,Wells,68,1994-08-26,31,"6' 8""",270,1,Pitcher,R,Right,R,Right,,,,,,,,,,,,,,,,,,,,,,,,,,
2026-04-30,824848,,/api/v1.1/game/824848/feed/live,R,2026,2026-04-30,,day,P,Y,N,Regular Season,2,3,1,Final,Final,2,Oriole Park at Camden Yards,110,Baltimore Orioles,BAL,10,True,117,Houston Astros,HOU,3,False,670329,Rico Garcia,Joshua,Garcia,50,1994-01-10,32,"5' 9""",215,1,Pitcher,R,Right,R,Right,"0.1 IP, 0 ER, 0 K, 0 BB",,,,,,,,,,,,,,,,0.1,0,0,0,0,0,2,0,0,0
2026-04-30,824848,,/api/v1.1/game/824848/feed/live,R,2026,2026-04-30,,day,P,Y,N,Regular Season,2,3,1,Final,Final,2,Oriole Park at Camden Yards,110,Baltimore Orioles,BAL,10,True,117,Houston Astros,HOU,3,False,687064,Brandon Young,Brandon,Young,63,1998-08-19,27,"6' 6""",230,1,Pitcher,R,Right,R,Right,,,,,,,,,,,,,,,,,,,,,,,,,,
2026-04-30,824848,,/api/v1.1/game/824848/feed/live,R,2026,2026-04-30,,day,P,Y,N,Regular Season,2,3,1,Final,Final,2,Oriole Park at Camden Yards,110,Baltimore Orioles,BAL,10,True,117,Houston Astros,HOU,3,False,664744,Jose Espada,Jose,Espada,70,1997-02-22,29,"6' 0""",185,1,Pitcher,R,Right,R,Right,"1.0 IP, 0 ER, 0 K, 0 BB",,,,,,,,,,,,,,,,1.0,0,2,0,0,0,15,0,0,0
2026-04-30,824848,,/api/v1.1/game/824848/feed/live,R,2026,2026-04-30,,day,P,Y,N,Regular Season,2,3,1,Final,Final,2,Oriole Park at Camden Yards,110,Baltimore Orioles,BAL,10,True,117,Houston Astros,HOU,3,False,642215,Weston Wilson,Weston,Wilson,32,1994-09-11,31,"6' 3""",215,5,Third Base,R,Right,R,Right,,,,,,,,,,,,,,,,,,,,,,,,,,
2026-04-30,824848,,/api/v1.1/game/824848/feed/live,R,2026,2026-04-30,,day,P,Y,N,Regular Season,2,3,1,Final,Final,2,Oriole Park at Camden Yards,110,Baltimore Orioles,BAL,10,True,117,Houston Astros,HOU,3,False,683002,Gunnar Henderson,Gunnar,Henderson,2,2001-06-29,24,"6' 3""",230,6,Shortstop,L,Left,R,Right,"1-5 | K, R",,5,1,0,0,0,0,1,1,0,0,0,0,5,1,,,,,,,,,,
2026-04-30,824848,,/api/v1.1/game/824848/feed/live,R,2026,2026-04-30,,day,P,Y,N,Regular Season,2,3,1,Final,Final,2,Oriole Park at Camden Yards,110,Baltimore Orioles,BAL,10,True,117,Houston Astros,HOU,3,False,665750,Leody Taveras,Leody,Taveras,30,1998-09-08,27,"6' 2""",210,8,Outfielder,S,Switch,R,Right,,,,,,,,,,,,,,,,,,,,,,,,,,
2026-04-30,824848,,/api/v1.1/game/824848/feed/live,R,2026,2026-04-30,,day,P,Y,N,Regular Season,2,3,1,Final,Final,2,Oriole Park at Camden Yards,110,Baltimore Orioles,BAL,10,True,117,Houston Astros,HOU,3,False,621493,Taylor Ward,Joseph,Ward,3,1993-12-14,32,"6' 0""",205,7,Outfielder,R,Right,R,Right,"0-2 | 2 BB, K, 2 R",,2,0,0,0,0,0,2,1,2,0,0,0,4,0,,,,,,,,,,
2026-04-30,824848,,/api/v1.1/game/824848/feed/live,R,2026,2026-04-30,,day,P,Y,N,Regular Season,2,3,1,Final,Final,2,Oriole Park at Camden Yards,110,Baltimore Orioles,BAL,10,True,117,Houston Astros,HOU,3,False,669358,Shane Baz,Shane,Baz,34,1999-06-17,26,"6' 3""",200,1,Pitcher,R,Right,R,Right,,,,,,,,,,,,,,,,,,,,,,,,,,
2026-04-30,824848,,/api/v1.1/game/824848/feed/live,R,2026,2026-04-30,,day,P,Y,N,Regular Season,2,3,1,Final,Final,2,Oriole Park at Camden Yards,110,Baltimore Orioles,BAL,10,True,117,Houston Astros,HOU,3,False,680694,Kyle Bradish,Kyle,Bradish,38,1996-09-12,29,"6' 3""",215,1,Pitcher,R,Right,R,Right,,,,,,,,,,,,,,,,,,,,,,,,,,
2026-04-30,824848,,/api/v1.1/game/824848/feed/live,R,2026,2026-04-30,,day,P,Y,N,Regular Season,2,3,1,Final,Final,2,Oriole Park at Camden Yards,110,Baltimore Orioles,BAL,10,True,117,Houston Astros,HOU,3,False,687637,Dylan Beavers,Dylan,Beavers,12,2001-08-11,24,"6' 5""",220,9,Outfielder,L,Left,R,Right,"0-2 | 2 BB, K, RBI",,2,0,0,0,0,1,1,1,2,0,0,0,4,0,,,,,,,,,,
2026-04-30,824848,,/api/v1.1/game/824848/feed/live,R,2026,2026-04-30,,day,P,Y,N,Regular Season,2,3,1,Final,Final,2,Oriole Park at Camden Yards,110,Baltimore Orioles,BAL,10,True,117,Houston Astros,HOU,3,False,605135,Chris Bassitt,Christopher,Bassitt,40,1989-02-22,37,"6' 5""",220,1,Pitcher,R,Right,R,Right,"6.2 IP, ER, 7 K, BB",,,,,,,,,,,,,,,,6.2,1,7,0,7,1,94,1,0,0
2026-04-30,824848,,/api/v1.1/game/824848/feed/live,R,2026,2026-04-30,,day,P,Y,N,Regular Season,2,3,1,Final,Final,2,Oriole Park at Camden Yards,110,Baltimore Orioles,BAL,10,True,117,Houston Astros,HOU,3,False,668939,Adley Rutschman,Adley,Rutschman,35,1998-02-06,28,"6' 1""",230,2,Catcher,S,Switch,R,Right,"2-4 | HR, 4 RBI, 2 R",,4,2,0,0,1,4,2,0,0,0,0,0,4,5,,,,,,,,,,
2026-04-30,824848,,/api/v1.1/game/824848/feed/live,R,2026,2026-04-30,,day,P,Y,N,Regular Season,2,3,1,Final,Final,2,Oriole Park at Camden Yards,110,Baltimore Orioles,BAL,10,True,117,Houston Astros,HOU,3,False,641933,Tyler O'Neill,Tyler,O'Neill,9,1995-06-22,30,"5' 9""",200,9,Outfielder,R,Right,R,Right,,,,,,,,,,,,,,,,,,,,,,,,,,
2026-04-30,824848,,/api/v1.1/game/824848/feed/live,R,2026,2026-04-30,,day,P,Y,N,Regular Season,2,3,1,Final,Final,2,Oriole Park at Camden Yards,110,Baltimore Orioles,BAL,10,True,117,Houston Astros,HOU,3,False,677942,Blaze Alexander,Blaze,Alexander,23,1999-06-11,26,"5' 11""",200,5,Third Base,R,Right,R,Right,"1-3 | 2B, BB, R",,3,1,1,0,0,0,1,0,1,0,0,0,4,2,,,,,,,,,,
2026-04-30,824848,,/api/v1.1/game/824848/feed/live,R,2026,2026-04-30,,day,P,Y,N,Regular Season,2,3,1,Final,Final,2,Oriole Park at Camden Yards,110,Baltimore Orioles,BAL,10,True,117,Houston Astros,HOU,3,False,671382,Cameron Foster,Cameron,Foster,65,1999-03-17,27,"6' 5""",240,1,Pitcher,R,Right,R,Right,,,,,,,,,,,,,,,,,,,,,,,,,,
2026-04-30,824848,,/api/v1.1/game/824848/feed/live,R,2026,2026-04-30,,day,P,Y,N,Regular Season,2,3,1,Final,Final,2,Oriole Park at Camden Yards,110,Baltimore Orioles,BAL,10,True,117,Houston Astros,HOU,3,False,689296,Anthony Nunez,Anthony,Nunez,66,2001-07-10,24,"6' 2""",220,1,Pitcher,S,Switch,R,Right,"1.0 IP, 0 ER, 0 K, 0 BB",,,,,,,,,,,,,,,,1.0,0,3,0,0,0,13,0,0,0
2026-04-30,824848,,/api/v1.1/game/824848/feed/live,R,2026,2026-04-30,,day,P,Y,N,Regular Season,2,3,1,Final,Final,2,Oriole Park at Camden Yards,110,Baltimore Orioles,BAL,10,True,117,Houston Astros,HOU,3,False,624413,Pete Alonso,Peter,Alonso,25,1994-12-07,31,"6' 3""",245,3,First Base,R,Right,R,Right,"0-2 | 2 BB, 2 R",,2,0,0,0,0,0,2,0,2,0,0,0,4,0,,,,,,,,,,
2026-04-30,824848,,/api/v1.1/game/824848/feed/live,R,2026,2026-04-30,,day,P,Y,N,Regular Season,2,3,1,Final,Final,2,Oriole Park at Camden Yards,110,Baltimore Orioles,BAL,10,True,117,Houston Astros,HOU,3,False,664854,Ryan Helsley,Ryan,Helsley,21,1994-07-18,31,"6' 2""",235,1,Pitcher,R,Right,R,Right,,,,,,,,,,,,,,,,,,,,,,,,,,
2026-04-30,824848,,/api/v1.1/game/824848/feed/live,R,2026,2026-04-30,,day,P,Y,N,Regular Season,2,3,1,Final,Final,2,Oriole Park at Camden Yards,110,Baltimore Orioles,BAL,10,True,117,Houston Astros,HOU,3,False,552640,Andrew Kittredge,Andrew,Kittredge,39,1990-03-17,36,"6' 1""",235,1,Pitcher,R,Right,R,Right,,,,,,,,,,,,,,,,,,,,,,,,,,
2026-04-30,824848,,/api/v1.1/game/824848/feed/live,R,2026,2026-04-30,,day,P,Y,N,Regular Season,2,3,1,Final,Final,2,Oriole Park at Camden Yards,110,Baltimore Orioles,BAL,10,True,117,Houston Astros,HOU,3,False,664991,Grant Wolfram,Grant,Wolfram,48,1996-12-12,29,"6' 7""",250,1,Pitcher,L,Left,L,Left,,,,,,,,,,,,,,,,,,,,,,,,,,
2026-04-30,824848,,/api/v1.1/game/824848/feed/live,R,2026,2026-04-30,,day,P,Y,N,Regular Season,2,3,1,Final,Final,2,Oriole Park at Camden Yards,110,Baltimore Orioles,BAL,10,True,117,Houston Astros,HOU,3,False,666974,Yennier Cano,Yennier,Cano,78,1994-03-09,32,"6' 4""",245,1,Pitcher,R,Right,R,Right,,,,,,,,,,,,,,,,,,,,,,,,,,
2026-04-30,824848,,/api/v1.1/game/824848/feed/live,R,2026,2026-04-30,,day,P,Y,N,Regular Season,2,3,1,Final,Final,2,Oriole Park at Camden Yards,110,Baltimore Orioles,BAL,10,True,117,Houston Astros,HOU,3,False,681297,Colton Cowser,Colton,Cowser,17,2000-03-20,26,"6' 3""",220,9,Outfielder,L,Left,R,Right,0-4 | K,,4,0,0,0,0,0,0,1,0,0,0,0,4,0,,,,,,,,,,
2026-04-30,824848,,/api/v1.1/game/824848/feed/live,R,2026,2026-04-30,,day,P,Y,N,Regular Season,2,3,1,Final,Final,2,Oriole Park at Camden Yards,110,Baltimore Orioles,BAL,10,True,117,Houston Astros,HOU,3,False,691723,Coby Mayo,Coby,Mayo,16,2001-12-10,24,"6' 5""",225,5,Third Base,R,Right,R,Right,0-4 | K,,4,0,0,0,0,0,0,1,0,0,0,0,4,0,,,,,,,,,,
2026-04-30,824848,,/api/v1.1/game/824848/feed/live,R,2026,2026-04-30,,day,P,Y,N,Regular Season,2,3,1,Final,Final,2,Oriole Park at Camden Yards,110,Baltimore Orioles,BAL,10,True,117,Houston Astros,HOU,3,False,694376,Shay Whitcomb,Shay,Whitcomb,14,1998-09-28,27,"6' 0""",202,5,Third Base,R,Right,R,Right,0-1,,1,0,0,0,0,0,0,0,0,0,0,0,1,0,,,,,,,,,,
2026-04-30,824848,,/api/v1.1/game/824848/feed/live,R,2026,2026-04-30,,day,P,Y,N,Regular Season,2,3,1,Final,Final,2,Oriole Park at Camden Yards,110,Baltimore Orioles,BAL,10,True,117,Houston Astros,HOU,3,False,670623,Isaac Paredes,Isaac,Paredes,15,1999-02-18,27,"5' 11""",213,5,Third Base,R,Right,R,Right,3-4 | R,,4,3,0,0,0,0,1,0,0,0,0,0,4,3,,,,,,,,,,
2026-04-30,824848,,/api/v1.1/game/824848/feed/live,R,2026,2026-04-30,,day,P,Y,N,Regular Season,2,3,1,Final,Final,2,Oriole Park at Camden Yards,110,Baltimore Orioles,BAL,10,True,117,Houston Astros,HOU,3,False,650556,Bryan Abreu,Bryan,Abreu,52,1997-04-22,29,"6' 1""",230,1,Pitcher,R,Right,R,Right,,,,,,,,,,,,,,,,,,,,,,,,,,
2026-04-30,824848,,/api/v1.1/game/824848/feed/live,R,2026,2026-04-30,,day,P,Y,N,Regular Season,2,3,1,Final,Final,2,Oriole Park at Camden Yards,110,Baltimore Orioles,BAL,10,True,117,Houston Astros,HOU,3,False,678906,Kai-Wei Teng,Kai-Wei,Teng,17,1998-12-01,27,"6' 4""",241,1,Pitcher,R,Right,R,Right,,,,,,,,,,,,,,,,,,,,,,,,,,
2026-04-30,824848,,/api/v1.1/game/824848/feed/live,R,2026,2026-04-30,,day,P,Y,N,Regular Season,2,3,1,Final,Final,2,Oriole Park at Camden Yards,110,Baltimore Orioles,BAL,10,True,117,Houston Astros,HOU,3,False,701358,Cam Smith,Cameron,Smith,11,2003-02-22,23,"6' 3""",224,9,Outfielder,R,Right,R,Right,,,,,,,,,,,,,,,,,,,,,,,,,,
2026-04-30,824848,,/api/v1.1/game/824848/feed/live,R,2026,2026-04-30,,day,P,Y,N,Regular Season,2,3,1,Final,Final,2,Oriole Park at Camden Yards,110,Baltimore Orioles,BAL,10,True,117,Houston Astros,HOU,3,False,669699,Braden Shewmake,Braden,Shewmake,28,1997-11-19,28,"6' 3""",200,4,Second Base,L,Left,R,Right,,,,,,,,,,,,,,,,,,,,,,,,,,
2026-04-30,824848,,/api/v1.1/game/824848/feed/live,R,2026,2026-04-30,,day,P,Y,N,Regular Season,2,3,1,Final,Final,2,Oriole Park at Camden Yards,110,Baltimore Orioles,BAL,10,True,117,Houston Astros,HOU,3,False,687957,Dustin Harris,Dustin,Harris,37,1999-07-08,26,"6' 2""",185,7,Outfielder,L,Left,R,Right,2-4 | SB,,4,2,0,0,0,0,0,0,0,1,0,0,4,2,,,,,,,,,,
2026-04-30,824848,,/api/v1.1/game/824848/feed/live,R,2026,2026-04-30,,day,P,Y,N,Regular Season,2,3,1,Final,Final,2,Oriole Park at Camden Yards,110,Baltimore Orioles,BAL,10,True,117,Houston Astros,HOU,3,False,660853,Enyel De Los Santos,Enyel,De Los Santos,65,1995-12-25,30,"6' 3""",235,1,Pitcher,R,Right,R,Right,,,,,,,,,,,,,,,,,,,,,,,,,,
2026-04-30,824848,,/api/v1.1/game/824848/feed/live,R,2026,2026-04-30,,day,P,Y,N,Regular Season,2,3,1,Final,Final,2,Oriole Park at Camden Yards,110,Baltimore Orioles,BAL,10,True,117,Houston Astros,HOU,3,False,595345,Steven Okert,Steven,Okert,48,1991-07-09,34,"6' 2""",202,1,Pitcher,L,Left,L,Left,"0.2 IP, 3 ER, 0 K, BB",,,,,,,,,,,,,,,,0.2,3,2,1,0,1,16,0,0,0
2026-04-30,824848,,/api/v1.1/game/824848/feed/live,R,2026,2026-04-30,,day,P,Y,N,Regular Season,2,3,1,Final,Final,2,Oriole Park at Camden Yards,110,Baltimore Orioles,BAL,10,True,117,Houston Astros,HOU,3,False,694728,Brice Matthews,Brice,Matthews,0,2002-03-16,24,"5' 10""",190,7,Outfielder,R,Right,R,Right,"2-4 | 2 K, RBI, R",,4,2,0,0,0,1,1,2,0,0,0,0,4,2,,,,,,,,,,
2026-04-30,824848,,/api/v1.1/game/824848/feed/live,R,2026,2026-04-30,,day,P,Y,N,Regular Season,2,3,1,Final,Final,2,Oriole Park at Camden Yards,110,Baltimore Orioles,BAL,10,True,117,Houston Astros,HOU,3,False,805123,AJ Blubaugh,Alan,Blubaugh,69,2000-07-04,25,"6' 2""",190,1,Pitcher,R,Right,R,Right,"1.0 IP, 0 ER, K, 0 BB",,,,,,,,,,,,,,,,1.0,0,0,0,1,0,13,0,0,0
2026-04-30,824848,,/api/v1.1/game/824848/feed/live,R,2026,2026-04-30,,day,P,Y,N,Regular Season,2,3,1,Final,Final,2,Oriole Park at Camden Yards,110,Baltimore Orioles,BAL,10,True,117,Houston Astros,HOU,3,False,656986,Bennett Sousa,John,Sousa,62,1995-04-06,31,"6' 3""",220,1,Pitcher,L,Left,L,Left,,,,,,,,,,,,,,,,,,,,,,,,,,
2026-04-30,824848,,/api/v1.1/game/824848/feed/live,R,2026,2026-04-30,,day,P,Y,N,Regular Season,2,3,1,Final,Final,2,Oriole Park at Camden Yards,110,Baltimore Orioles,BAL,10,True,117,Houston Astros,HOU,3,False,669288,Daniel Johnson,Daniel,Johnson,31,1995-07-11,30,"5' 10""",200,8,Outfielder,L,Left,L,Left,0-1,,1,0,0,0,0,0,0,0,0,0,0,1,1,0,,,,,,,,,,
2026-04-30,824848,,/api/v1.1/game/824848/feed/live,R,2026,2026-04-30,,day,P,Y,N,Regular Season,2,3,1,Final,Final,2,Oriole Park at Camden Yards,110,Baltimore Orioles,BAL,10,True,117,Houston Astros,HOU,3,False,514888,Jose Altuve,Jose,Altuve,27,1990-05-06,35,"5' 6""",167,4,Second Base,R,Right,R,Right,"1-3 | BB, R, CS",,3,1,0,0,0,0,1,0,1,0,1,0,4,1,,,,,,,,,,
2026-04-30,824848,,/api/v1.1/game/824848/feed/live,R,2026,2026-04-30,,day,P,Y,N,Regular Season,2,3,1,Final,Final,2,Oriole Park at Camden Yards,110,Baltimore Orioles,BAL,10,True,117,Houston Astros,HOU,3,False,675989,Cody Bolton,Carl,Bolton,67,1998-06-19,27,"6' 2""",210,1,Pitcher,R,Right,R,Right,,,,,,,,,,,,,,,,,,,,,,,,,,
2026-04-30,824848,,/api/v1.1/game/824848/feed/live,R,2026,2026-04-30,,day,P,Y,N,Regular Season,2,3,1,Final,Final,2,Oriole Park at Camden Yards,110,Baltimore Orioles,BAL,10,True,117,Houston Astros,HOU,3,False,663567,Peter Lambert,Peter,Lambert,38,1997-04-18,29,"6' 2""",208,1,Pitcher,R,Right,R,Right,"4.1 IP, 2 ER, 3 K, 3 BB",,,,,,,,,,,,,,,,4.1,2,2,0,3,3,91,0,1,0
2026-04-30,824848,,/api/v1.1/game/824848/feed/live,R,2026,2026-04-30,,day,P,Y,N,Regular Season,2,3,1,Final,Final,2,Oriole Park at Camden Yards,110,Baltimore Orioles,BAL,10,True,117,Houston Astros,HOU,3,False,621121,Lance McCullers Jr.,Lance,McCullers,43,1993-10-02,32,"6' 1""",200,1,Pitcher,L,Left,R,Right,,,,,,,,,,,,,,,,,,,,,,,,,,
2026-04-30,824848,,/api/v1.1/game/824848/feed/live,R,2026,2026-04-30,,day,P,Y,N,Regular Season,2,3,1,Final,Final,2,Oriole Park at Camden Yards,110,Baltimore Orioles,BAL,10,True,117,Houston Astros,HOU,3,False,681347,Mike Burrows,Michael,Burrows,50,1999-11-08,26,"6' 1""",200,1,Pitcher,R,Right,R,Right,,,,,,,,,,,,,,,,,,,,,,,,,,
2026-04-30,824848,,/api/v1.1/game/824848/feed/live,R,2026,2026-04-30,,day,P,Y,N,Regular Season,2,3,1,Final,Final,2,Oriole Park at Camden Yards,110,Baltimore Orioles,BAL,10,True,117,Houston Astros,HOU,3,False,687911,Bryan King,Bryan,King,74,1996-11-05,29,"6' 1""",205,1,Pitcher,R,Right,L,Left,,,,,,,,,,,,,,,,,,,,,,,,,,
2026-04-30,824848,,/api/v1.1/game/824848/feed/live,R,2026,2026-04-30,,day,P,Y,N,Regular Season,2,3,1,Final,Final,2,Oriole Park at Camden Yards,110,Baltimore Orioles,BAL,10,True,117,Houston Astros,HOU,3,False,621043,Carlos Correa,Carlos,Correa,1,1994-09-22,31,"6' 3""",220,6,Shortstop,R,Right,R,Right,1-5 | K,,5,1,0,0,0,0,0,1,0,0,0,0,5,1,,,,,,,,,,
2026-04-30,824848,,/api/v1.1/game/824848/feed/live,R,2026,2026-04-30,,day,P,Y,N,Regular Season,2,3,1,Final,Final,2,Oriole Park at Camden Yards,110,Baltimore Orioles,BAL,10,True,117,Houston Astros,HOU,3,False,669920,Jason Alexander,Jason,Alexander,54,1993-03-01,33,"6' 2""",227,1,Pitcher,R,Right,R,Right,"2.0 IP, 5 ER, K, 3 BB",,,,,,,,,,,,,,,,2.0,5,2,1,1,3,31,0,0,0
2026-04-30,824848,,/api/v1.1/game/824848/feed/live,R,2026,2026-04-30,,day,P,Y,N,Regular Season,2,3,1,Final,Final,2,Oriole Park at Camden Yards,110,Baltimore Orioles,BAL,10,True,117,Houston Astros,HOU,3,False,572233,Christian Walker,Christian,Walker,8,1991-03-28,35,"5' 11""",208,3,First Base,R,Right,R,Right,0-4 | K,,4,0,0,0,0,0,0,1,0,0,0,0,4,0,,,,,,,,,,
2026-04-30,824848,,/api/v1.1/game/824848/feed/live,R,2026,2026-04-30,,day,P,Y,N,Regular Season,2,3,1,Final,Final,2,Oriole Park at Camden Yards,110,Baltimore Orioles,BAL,10,True,117,Houston Astros,HOU,3,False,681151,Jayden Murray,Jayden,Murray,70,1997-04-11,29,"6' 1""",190,1,Pitcher,R,Right,R,Right,,,,,,,,,,,,,,,,,,,,,,,,,,
2026-04-30,824848,,/api/v1.1/game/824848/feed/live,R,2026,2026-04-30,,day,P,Y,N,Regular Season,2,3,1,Final,Final,2,Oriole Park at Camden Yards,110,Baltimore Orioles,BAL,10,True,117,Houston Astros,HOU,3,False,681293,Spencer Arrighetti,Spencer,Arrighetti,41,2000-01-02,26,"6' 2""",186,1,Pitcher,R,Right,R,Right,,,,,,,,,,,,,,,,,,,,,,,,,,
2026-04-30,824848,,/api/v1.1/game/824848/feed/live,R,2026,2026-04-30,,day,P,Y,N,Regular Season,2,3,1,Final,Final,2,Oriole Park at Camden Yards,110,Baltimore Orioles,BAL,10,True,117,Houston Astros,HOU,3,False,543877,Christian Vázquez,Christian,Vázquez,2,1990-08-21,35,"5' 8""",205,2,Catcher,R,Right,R,Right,2-4 | RBI,,4,2,0,0,0,1,0,0,0,0,0,0,4,2,,,,,,,,,,
2026-04-30,824848,,/api/v1.1/game/824848/feed/live,R,2026,2026-04-30,,day,P,Y,N,Regular Season,2,3,1,Final,Final,2,Oriole Park at Camden Yards,110,Baltimore Orioles,BAL,10,True,117,Houston Astros,HOU,3,False,673237,Yainer Diaz,Yainer,Diaz,21,1998-09-21,27,"5' 11""",195,2,Catcher,R,Right,R,Right,"1-4 | K, RBI",,4,1,0,0,0,1,0,1,0,0,0,0,4,1,,,,,,,,,,
2026-04-30,824848,,/api/v1.1/game/824848/feed/live,R,2026,2026-04-30,,day,P,Y,N,Regular Season,2,3,1,Final,Final,2,Oriole Park at Camden Yards,110,Baltimore Orioles,BAL,10,True,117,Houston Astros,HOU,3,False,670541,Yordan Alvarez,Yordan,Alvarez,44,1997-06-27,28,"6' 4""",237,7,Outfielder,L,Left,R,Right,0-4 | 2 K,,4,0,0,0,0,0,0,2,0,0,0,0,4,0,,,,,,,,,,
2026-04-30,824850,,/api/v1.1/game/824850/feed/live,R,2026,2026-04-30,Makeup of 4/29 PPD,day,P,Y,N,Regular Season,3,3,2,Final,Final,2,Oriole Park at Camden Yards,110,Baltimore Orioles,BAL,5,False,117,Houston Astros,HOU,11,True,669236,Jeremiah Jackson,Jeremiah,Jackson,82,2000-03-26,26,"5' 11""",200,4,Second Base,R,Right,R,Right,0-4 | 2 K,,4,0,0,0,0,0,0,2,0,0,0,0,4,0,,,,,,,,,,
2026-04-30,824850,,/api/v1.1/game/824850/feed/live,R,2026,2026-04-30,Makeup of 4/29 PPD,day,P,Y,N,Regular Season,3,3,2,Final,Final,2,Oriole Park at Camden Yards,110,Baltimore Orioles,BAL,5,False,117,Houston Astros,HOU,11,True,669211,Keegan Akin,Keegan,Akin,45,1995-04-01,31,"6' 0""",235,1,Pitcher,L,Left,L,Left,"1.0 IP, 0 ER, K, 0 BB",,,,,,,,,,,,,,,,1.0,0,1,0,1,0,14,0,0,0
2026-04-30,824850,,/api/v1.1/game/824850/feed/live,R,2026,2026-04-30,Makeup of 4/29 PPD,day,P,Y,N,Regular Season,3,3,2,Final,Final,2,Oriole Park at Camden Yards,110,Baltimore Orioles,BAL,5,False,117,Houston Astros,HOU,11,True,694212,Samuel Basallo,Samuel,Basallo,29,2004-08-13,21,"6' 4""",250,2,Catcher,L,Left,R,Right,0-5 | 4 K,,5,0,0,0,0,0,0,4,0,0,0,0,5,0,,,,,,,,,,
2026-04-30,824850,,/api/v1.1/game/824850/feed/live,R,2026,2026-04-30,Makeup of 4/29 PPD,day,P,Y,N,Regular Season,3,3,2,Final,Final,2,Oriole Park at Camden Yards,110,Baltimore Orioles,BAL,5,False,117,Houston Astros,HOU,11,True,669330,Tyler Wells,Tyler,Wells,68,1994-08-26,31,"6' 8""",270,1,Pitcher,R,Right,R,Right,"1.0 IP, 0 ER, 0 K, 0 BB",,,,,,,,,,,,,,,,1.0,0,1,0,0,0,16,0,0,0
2026-04-30,824850,,/api/v1.1/game/824850/feed/live,R,2026,2026-04-30,Makeup of 4/29 PPD,day,P,Y,N,Regular Season,3,3,2,Final,Final,2,Oriole Park at Camden Yards,110,Baltimore Orioles,BAL,5,False,117,Houston Astros,HOU,11,True,670329,Rico Garcia,Joshua,Garcia,50,1994-01-10,32,"5' 9""",215,1,Pitcher,R,Right,R,Right,,,,,,,,,,,,,,,,,,,,,,,,,,
2026-04-30,824850,,/api/v1.1/game/824850/feed/live,R,2026,2026-04-30,Makeup of 4/29 PPD,day,P,Y,N,Regular Season,3,3,2,Final,Final,2,Oriole Park at Camden Yards,110,Baltimore Orioles,BAL,5,False,117,Houston Astros,HOU,11,True,687064,Brandon Young,Brandon,Young,63,1998-08-19,27,"6' 6""",230,1,Pitcher,R,Right,R,Right,"4.0 IP, 7 ER, 2 K, 2 BB",,,,,,,,,,,,,,,,4.0,7,10,2,2,2,82,0,1,0
2026-04-30,824850,,/api/v1.1/game/824850/feed/live,R,2026,2026-04-30,Makeup of 4/29 PPD,day,P,Y,N,Regular Season,3,3,2,Final,Final,2,Oriole Park at Camden Yards,110,Baltimore Orioles,BAL,5,False,117,Houston Astros,HOU,11,True,642215,Weston Wilson,Weston,Wilson,32,1994-09-11,31,"6' 3""",215,5,Third Base,R,Right,R,Right,1-3 | BB,,3,1,0,0,0,0,0,0,1,0,0,0,4,1,,,,,,,,,,
2026-04-30,824850,,/api/v1.1/game/824850/feed/live,R,2026,2026-04-30,Makeup of 4/29 PPD,day,P,Y,N,Regular Season,3,3,2,Final,Final,2,Oriole Park at Camden Yards,110,Baltimore Orioles,BAL,5,False,117,Houston Astros,HOU,11,True,664744,Jose Espada,Jose,Espada,70,1997-02-22,29,"6' 0""",185,1,Pitcher,R,Right,R,Right,,,,,,,,,,,,,,,,,,,,,,,,,,
2026-04-30,824850,,/api/v1.1/game/824850/feed/live,R,2026,2026-04-30,Makeup of 4/29 PPD,day,P,Y,N,Regular Season,3,3,2,Final,Final,2,Oriole Park at Camden Yards,110,Baltimore Orioles,BAL,5,False,117,Houston Astros,HOU,11,True,683002,Gunnar Henderson,Gunnar,Henderson,2,2001-06-29,24,"6' 3""",230,6,Shortstop,L,Left,R,Right,"1-4 | 2B, 2 K, RBI",,4,1,1,0,0,1,0,2,0,0,0,0,4,2,,,,,,,,,,
2026-04-30,824850,,/api/v1.1/game/824850/feed/live,R,2026,2026-04-30,Makeup of 4/29 PPD,day,P,Y,N,Regular Season,3,3,2,Final,Final,2,Oriole Park at Camden Yards,110,Baltimore Orioles,BAL,5,False,117,Houston Astros,HOU,11,True,665750,Leody Taveras,Leody,Taveras,30,1998-09-08,27,"6' 2""",210,8,Outfielder,S,Switch,R,Right,"1-3 | 3B, BB, K",,3,1,0,1,0,2,1,1,1,0,0,0,4,3,,,,,,,,,,
2026-04-30,824850,,/api/v1.1/game/824850/feed/live,R,2026,2026-04-30,Makeup of 4/29 PPD,day,P,Y,N,Regular Season,3,3,2,Final,Final,2,Oriole Park at Camden Yards,110,Baltimore Orioles,BAL,5,False,117,Houston Astros,HOU,11,True,621493,Taylor Ward,Joseph,Ward,3,1993-12-14,32,"6' 0""",205,7,Outfielder,R,Right,R,Right,"0-1 | 3 BB, R",,1,0,0,0,0,0,1,0,3,0,0,0,4,0,,,,,,,,,,
2026-04-30,824850,,/api/v1.1/game/824850/feed/live,R,2026,2026-04-30,Makeup of 4/29 PPD,day,P,Y,N,Regular Season,3,3,2,Final,Final,2,Oriole Park at Camden Yards,110,Baltimore Orioles,BAL,5,False,117,Houston Astros,HOU,11,True,669358,Shane Baz,Shane,Baz,34,1999-06-17,26,"6' 3""",200,1,Pitcher,R,Right,R,Right,,,,,,,,,,,,,,,,,,,,,,,,,,
2026-04-30,824850,,/api/v1.1/game/824850/feed/live,R,2026,2026-04-30,Makeup of 4/29 PPD,day,P,Y,N,Regular Season,3,3,2,Final,Final,2,Oriole Park at Camden Yards,110,Baltimore Orioles,BAL,5,False,117,Houston Astros,HOU,11,True,680694,Kyle Bradish,Kyle,Bradish,38,1996-09-12,29,"6' 3""",215,1,Pitcher,R,Right,R,Right,,,,,,,,,,,,,,,,,,,,,,,,,,
2026-04-30,824850,,/api/v1.1/game/824850/feed/live,R,2026,2026-04-30,Makeup of 4/29 PPD,day,P,Y,N,Regular Season,3,3,2,Final,Final,2,Oriole Park at Camden Yards,110,Baltimore Orioles,BAL,5,False,117,Houston Astros,HOU,11,True,687637,Dylan Beavers,Dylan,Beavers,12,2001-08-11,24,"6' 5""",220,9,Outfielder,L,Left,R,Right,1-5 | 3 K,,5,1,0,0,0,0,0,3,0,0,0,0,5,1,,,,,,,,,,
2026-04-30,824850,,/api/v1.1/game/824850/feed/live,R,2026,2026-04-30,Makeup of 4/29 PPD,day,P,Y,N,Regular Season,3,3,2,Final,Final,2,Oriole Park at Camden Yards,110,Baltimore Orioles,BAL,5,False,117,Houston Astros,HOU,11,True,605135,Chris Bassitt,Christopher,Bassitt,40,1989-02-22,37,"6' 5""",220,1,Pitcher,R,Right,R,Right,,,,,,,,,,,,,,,,,,,,,,,,,,
2026-04-30,824850,,/api/v1.1/game/824850/feed/live,R,2026,2026-04-30,Makeup of 4/29 PPD,day,P,Y,N,Regular Season,3,3,2,Final,Final,2,Oriole Park at Camden Yards,110,Baltimore Orioles,BAL,5,False,117,Houston Astros,HOU,11,True,668939,Adley Rutschman,Adley,Rutschman,35,1998-02-06,28,"6' 1""",230,2,Catcher,S,Switch,R,Right,,,,,,,,,,,,,,,,,,,,,,,,,,
2026-04-30,824850,,/api/v1.1/game/824850/feed/live,R,2026,2026-04-30,Makeup of 4/29 PPD,day,P,Y,N,Regular Season,3,3,2,Final,Final,2,Oriole Park at Camden Yards,110,Baltimore Orioles,BAL,5,False,117,Houston Astros,HOU,11,True,641933,Tyler O'Neill,Tyler,O'Neill,9,1995-06-22,30,"5' 9""",200,9,Outfielder,R,Right,R,Right,"1-2 | 2 BB, R",,2,1,0,0,0,0,1,0,2,0,0,0,4,1,,,,,,,,,,
2026-04-30,824850,,/api/v1.1/game/824850/feed/live,R,2026,2026-04-30,Makeup of 4/29 PPD,day,P,Y,N,Regular Season,3,3,2,Final,Final,2,Oriole Park at Camden Yards,110,Baltimore Orioles,BAL,5,False,117,Houston Astros,HOU,11,True,677942,Blaze Alexander,Blaze,Alexander,23,1999-06-11,26,"5' 11""",200,5,Third Base,R,Right,R,Right,0-1,,1,0,0,0,0,0,0,0,0,0,0,0,1,0,,,,,,,,,,
2026-04-30,824850,,/api/v1.1/game/824850/feed/live,R,2026,2026-04-30,Makeup of 4/29 PPD,day,P,Y,N,Regular Season,3,3,2,Final,Final,2,Oriole Park at Camden Yards,110,Baltimore Orioles,BAL,5,False,117,Houston Astros,HOU,11,True,671382,Cameron Foster,Cameron,Foster,65,1999-03-17,27,"6' 5""",240,1,Pitcher,R,Right,R,Right,"2.0 IP, ER, 2 K, BB",,,,,,,,,,,,,,,,2.0,1,3,0,2,1,32,0,0,0
2026-04-30,824850,,/api/v1.1/game/824850/feed/live,R,2026,2026-04-30,Makeup of 4/29 PPD,day,P,Y,N,Regular Season,3,3,2,Final,Final,2,Oriole Park at Camden Yards,110,Baltimore Orioles,BAL,5,False,117,Houston Astros,HOU,11,True,689296,Anthony Nunez,Anthony,Nunez,66,2001-07-10,24,"6' 2""",220,1,Pitcher,S,Switch,R,Right,,,,,,,,,,,,,,,,,,,,,,,,,,
2026-04-30,824850,,/api/v1.1/game/824850/feed/live,R,2026,2026-04-30,Makeup of 4/29 PPD,day,P,Y,N,Regular Season,3,3,2,Final,Final,2,Oriole Park at Camden Yards,110,Baltimore Orioles,BAL,5,False,117,Houston Astros,HOU,11,True,624413,Pete Alonso,Peter,Alonso,25,1994-12-07,31,"6' 3""",245,3,First Base,R,Right,R,Right,"1-3 | 2B, K, RBI",,3,1,1,0,0,1,1,1,0,0,0,0,3,2,,,,,,,,,,
2026-04-30,824850,,/api/v1.1/game/824850/feed/live,R,2026,2026-04-30,Makeup of 4/29 PPD,day,P,Y,N,Regular Season,3,3,2,Final,Final,2,Oriole Park at Camden Yards,110,Baltimore Orioles,BAL,5,False,117,Houston Astros,HOU,11,True,664854,Ryan Helsley,Ryan,Helsley,21,1994-07-18,31,"6' 2""",235,1,Pitcher,R,Right,R,Right,,,,,,,,,,,,,,,,,,,,,,,,,,
2026-04-30,824850,,/api/v1.1/game/824850/feed/live,R,2026,2026-04-30,Makeup of 4/29 PPD,day,P,Y,N,Regular Season,3,3,2,Final,Final,2,Oriole Park at Camden Yards,110,Baltimore Orioles,BAL,5,False,117,Houston Astros,HOU,11,True,552640,Andrew Kittredge,Andrew,Kittredge,39,1990-03-17,36,"6' 1""",235,1,Pitcher,R,Right,R,Right,,,,,,,,,,,,,,,,,,,,,,,,,,
2026-04-30,824850,,/api/v1.1/game/824850/feed/live,R,2026,2026-04-30,Makeup of 4/29 PPD,day,P,Y,N,Regular Season,3,3,2,Final,Final,2,Oriole Park at Camden Yards,110,Baltimore Orioles,BAL,5,False,117,Houston Astros,HOU,11,True,664991,Grant Wolfram,Grant,Wolfram,48,1996-12-12,29,"6' 7""",250,1,Pitcher,L,Left,L,Left,,,,,,,,,,,,,,,,,,,,,,,,,,
2026-04-30,824850,,/api/v1.1/game/824850/feed/live,R,2026,2026-04-30,Makeup of 4/29 PPD,day,P,Y,N,Regular Season,3,3,2,Final,Final,2,Oriole Park at Camden Yards,110,Baltimore Orioles,BAL,5,False,117,Houston Astros,HOU,11,True,666974,Yennier Cano,Yennier,Cano,78,1994-03-09,32,"6' 4""",245,1,Pitcher,R,Right,R,Right,"1.0 IP, 0 ER, 2 K, 0 BB",,,,,,,,,,,,,,,,1.0,0,0,0,2,0,10,0,0,0
2026-04-30,824850,,/api/v1.1/game/824850/feed/live,R,2026,2026-04-30,Makeup of 4/29 PPD,day,P,Y,N,Regular Season,3,3,2,Final,Final,2,Oriole Park at Camden Yards,110,Baltimore Orioles,BAL,5,False,117,Houston Astros,HOU,11,True,681297,Colton Cowser,Colton,Cowser,17,2000-03-20,26,"6' 3""",220,9,Outfielder,L,Left,R,Right,"0-0 | BB, R",,0,0,0,0,0,0,1,0,1,0,0,0,1,0,,,,,,,,,,
2026-04-30,824850,,/api/v1.1/game/824850/feed/live,R,2026,2026-04-30,Makeup of 4/29 PPD,day,P,Y,N,Regular Season,3,3,2,Final,Final,2,Oriole Park at Camden Yards,110,Baltimore Orioles,BAL,5,False,117,Houston Astros,HOU,11,True,691723,Coby Mayo,Coby,Mayo,16,2001-12-10,24,"6' 5""",225,5,Third Base,R,Right,R,Right,"0-1 | K, RBI",,1,0,0,0,0,1,0,1,0,0,0,0,2,0,,,,,,,,,,
2026-04-30,824850,,/api/v1.1/game/824850/feed/live,R,2026,2026-04-30,Makeup of 4/29 PPD,day,P,Y,N,Regular Season,3,3,2,Final,Final,2,Oriole Park at Camden Yards,110,Baltimore Orioles,BAL,5,False,117,Houston Astros,HOU,11,True,694376,Shay Whitcomb,Shay,Whitcomb,14,1998-09-28,27,"6' 0""",202,5,Third Base,R,Right,R,Right,,,,,,,,,,,,,,,,,,,,,,,,,,
2026-04-30,824850,,/api/v1.1/game/824850/feed/live,R,2026,2026-04-30,Makeup of 4/29 PPD,day,P,Y,N,Regular Season,3,3,2,Final,Final,2,Oriole Park at Camden Yards,110,Baltimore Orioles,BAL,5,False,117,Houston Astros,HOU,11,True,670623,Isaac Paredes,Isaac,Paredes,15,1999-02-18,27,"5' 11""",213,5,Third Base,R,Right,R,Right,"2-5 | RBI, 2 R",,5,2,0,0,0,1,2,0,0,0,0,0,5,2,,,,,,,,,,
2026-04-30,824850,,/api/v1.1/game/824850/feed/live,R,2026,2026-04-30,Makeup of 4/29 PPD,day,P,Y,N,Regular Season,3,3,2,Final,Final,2,Oriole Park at Camden Yards,110,Baltimore Orioles,BAL,5,False,117,Houston Astros,HOU,11,True,650556,Bryan Abreu,Bryan,Abreu,52,1997-04-22,29,"6' 1""",230,1,Pitcher,R,Right,R,Right,"1.0 IP, ER, 3 K, 2 BB",,,,,,,,,,,,,,,,1.0,1,2,0,3,2,27,0,0,0
2026-04-30,824850,,/api/v1.1/game/824850/feed/live,R,2026,2026-04-30,Makeup of 4/29 PPD,day,P,Y,N,Regular Season,3,3,2,Final,Final,2,Oriole Park at Camden Yards,110,Baltimore Orioles,BAL,5,False,117,Houston Astros,HOU,11,True,678906,Kai-Wei Teng,Kai-Wei,Teng,17,1998-12-01,27,"6' 4""",241,1,Pitcher,R,Right,R,Right,,,,,,,,,,,,,,,,,,,,,,,,,,
2026-04-30,824850,,/api/v1.1/game/824850/feed/live,R,2026,2026-04-30,Makeup of 4/29 PPD,day,P,Y,N,Regular Season,3,3,2,Final,Final,2,Oriole Park at Camden Yards,110,Baltimore Orioles,BAL,5,False,117,Houston Astros,HOU,11,True,701358,Cam Smith,Cameron,Smith,11,2003-02-22,23,"6' 3""",224,9,Outfielder,R,Right,R,Right,"1-4 | HR, BB, K",,4,1,0,0,1,3,1,1,1,0,0,0,5,4,,,,,,,,,,
2026-04-30,824850,,/api/v1.1/game/824850/feed/live,R,2026,2026-04-30,Makeup of 4/29 PPD,day,P,Y,N,Regular Season,3,3,2,Final,Final,2,Oriole Park at Camden Yards,110,Baltimore Orioles,BAL,5,False,117,Houston Astros,HOU,11,True,669699,Braden Shewmake,Braden,Shewmake,28,1997-11-19,28,"6' 3""",200,4,Second Base,L,Left,R,Right,"1-5 | 2 K, R",,5,1,0,0,0,0,1,2,0,0,0,0,5,1,,,,,,,,,,
2026-04-30,824850,,/api/v1.1/game/824850/feed/live,R,2026,2026-04-30,Makeup of 4/29 PPD,day,P,Y,N,Regular Season,3,3,2,Final,Final,2,Oriole Park at Camden Yards,110,Baltimore Orioles,BAL,5,False,117,Houston Astros,HOU,11,True,687957,Dustin Harris,Dustin,Harris,37,1999-07-08,26,"6' 2""",185,7,Outfielder,L,Left,R,Right,"1-4 | 3 RBI, R",,4,1,0,0,0,3,1,0,0,0,0,0,5,1,,,,,,,,,,
2026-04-30,824850,,/api/v1.1/game/824850/feed/live,R,2026,2026-04-30,Makeup of 4/29 PPD,day,P,Y,N,Regular Season,3,3,2,Final,Final,2,Oriole Park at Camden Yards,110,Baltimore Orioles,BAL,5,False,117,Houston Astros,HOU,11,True,660853,Enyel De Los Santos,Enyel,De Los Santos,65,1995-12-25,30,"6' 3""",235,1,Pitcher,R,Right,R,Right,"1.0 IP, 0 ER, 2 K, BB",,,,,,,,,,,,,,,,1.0,0,1,0,2,1,25,0,0,0
2026-04-30,824850,,/api/v1.1/game/824850/feed/live,R,2026,2026-04-30,Makeup of 4/29 PPD,day,P,Y,N,Regular Season,3,3,2,Final,Final,2,Oriole Park at Camden Yards,110,Baltimore Orioles,BAL,5,False,117,Houston Astros,HOU,11,True,595345,Steven Okert,Steven,Okert,48,1991-07-09,34,"6' 2""",202,1,Pitcher,L,Left,L,Left,,,,,,,,,,,,,,,,,,,,,,,,,,
2026-04-30,824850,,/api/v1.1/game/824850/feed/live,R,2026,2026-04-30,Makeup of 4/29 PPD,day,P,Y,N,Regular Season,3,3,2,Final,Final,2,Oriole Park at Camden Yards,110,Baltimore Orioles,BAL,5,False,117,Houston Astros,HOU,11,True,694728,Brice Matthews,Brice,Matthews,0,2002-03-16,24,"5' 10""",190,7,Outfielder,R,Right,R,Right,"1-6 | 2 K, R",,6,1,0,0,0,0,1,2,0,0,0,0,6,1,,,,,,,,,,
2026-04-30,824850,,/api/v1.1/game/824850/feed/live,R,2026,2026-04-30,Makeup of 4/29 PPD,day,P,Y,N,Regular Season,3,3,2,Final,Final,2,Oriole Park at Camden Yards,110,Baltimore Orioles,BAL,5,False,117,Houston Astros,HOU,11,True,805123,AJ Blubaugh,Alan,Blubaugh,69,2000-07-04,25,"6' 2""",190,1,Pitcher,R,Right,R,Right,,,,,,,,,,,,,,,,,,,,,,,,,,
2026-04-30,824850,,/api/v1.1/game/824850/feed/live,R,2026,2026-04-30,Makeup of 4/29 PPD,day,P,Y,N,Regular Season,3,3,2,Final,Final,2,Oriole Park at Camden Yards,110,Baltimore Orioles,BAL,5,False,117,Houston Astros,HOU,11,True,656986,Bennett Sousa,John,Sousa,62,1995-04-06,31,"6' 3""",220,1,Pitcher,L,Left,L,Left,,,,,,,,,,,,,,,,,,,,,,,,,,
2026-04-30,824850,,/api/v1.1/game/824850/feed/live,R,2026,2026-04-30,Makeup of 4/29 PPD,day,P,Y,N,Regular Season,3,3,2,Final,Final,2,Oriole Park at Camden Yards,110,Baltimore Orioles,BAL,5,False,117,Houston Astros,HOU,11,True,669288,Daniel Johnson,Daniel,Johnson,31,1995-07-11,30,"5' 10""",200,8,Outfielder,L,Left,L,Left,"1-4 | BB, K, R",,4,1,0,0,0,0,1,1,1,0,0,0,5,1,,,,,,,,,,
2026-04-30,824850,,/api/v1.1/game/824850/feed/live,R,2026,2026-04-30,Makeup of 4/29 PPD,day,P,Y,N,Regular Season,3,3,2,Final,Final,2,Oriole Park at Camden Yards,110,Baltimore Orioles,BAL,5,False,117,Houston Astros,HOU,11,True,514888,Jose Altuve,Jose,Altuve,27,1990-05-06,35,"5' 6""",167,4,Second Base,R,Right,R,Right,,,,,,,,,,,,,,,,,,,,,,,,,,
2026-04-30,824850,,/api/v1.1/game/824850/feed/live,R,2026,2026-04-30,Makeup of 4/29 PPD,day,P,Y,N,Regular Season,3,3,2,Final,Final,2,Oriole Park at Camden Yards,110,Baltimore Orioles,BAL,5,False,117,Houston Astros,HOU,11,True,675989,Cody Bolton,Carl,Bolton,67,1998-06-19,27,"6' 2""",210,1,Pitcher,R,Right,R,Right,"1.0 IP, ER, 0 K, BB",,,,,,,,,,,,,,,,1.0,1,1,0,0,1,18,0,0,0
2026-04-30,824850,,/api/v1.1/game/824850/feed/live,R,2026,2026-04-30,Makeup of 4/29 PPD,day,P,Y,N,Regular Season,3,3,2,Final,Final,2,Oriole Park at Camden Yards,110,Baltimore Orioles,BAL,5,False,117,Houston Astros,HOU,11,True,663567,Peter Lambert,Peter,Lambert,38,1997-04-18,29,"6' 2""",208,1,Pitcher,R,Right,R,Right,,,,,,,,,,,,,,,,,,,,,,,,,,
2026-04-30,824850,,/api/v1.1/game/824850/feed/live,R,2026,2026-04-30,Makeup of 4/29 PPD,day,P,Y,N,Regular Season,3,3,2,Final,Final,2,Oriole Park at Camden Yards,110,Baltimore Orioles,BAL,5,False,117,Houston Astros,HOU,11,True,621121,Lance McCullers Jr.,Lance,McCullers,43,1993-10-02,32,"6' 1""",200,1,Pitcher,L,Left,R,Right,"6.0 IP, 3 ER, 9 K, 4 BB",,,,,,,,,,,,,,,,6.0,3,2,0,9,4,99,1,0,0
2026-04-30,824850,,/api/v1.1/game/824850/feed/live,R,2026,2026-04-30,Makeup of 4/29 PPD,day,P,Y,N,Regular Season,3,3,2,Final,Final,2,Oriole Park at Camden Yards,110,Baltimore Orioles,BAL,5,False,117,Houston Astros,HOU,11,True,681347,Mike Burrows,Michael,Burrows,50,1999-11-08,26,"6' 1""",200,1,Pitcher,R,Right,R,Right,,,,,,,,,,,,,,,,,,,,,,,,,,
2026-04-30,824850,,/api/v1.1/game/824850/feed/live,R,2026,2026-04-30,Makeup of 4/29 PPD,day,P,Y,N,Regular Season,3,3,2,Final,Final,2,Oriole Park at Camden Yards,110,Baltimore Orioles,BAL,5,False,117,Houston Astros,HOU,11,True,687911,Bryan King,Bryan,King,74,1996-11-05,29,"6' 1""",205,1,Pitcher,R,Right,L,Left,,,,,,,,,,,,,,,,,,,,,,,,,,
2026-04-30,824850,,/api/v1.1/game/824850/feed/live,R,2026,2026-04-30,Makeup of 4/29 PPD,day,P,Y,N,Regular Season,3,3,2,Final,Final,2,Oriole Park at Camden Yards,110,Baltimore Orioles,BAL,5,False,117,Houston Astros,HOU,11,True,669920,Jason Alexander,Jason,Alexander,54,1993-03-01,33,"6' 2""",227,1,Pitcher,R,Right,R,Right,,,,,,,,,,,,,,,,,,,,,,,,,,
2026-04-30,824850,,/api/v1.1/game/824850/feed/live,R,2026,2026-04-30,Makeup of 4/29 PPD,day,P,Y,N,Regular Season,3,3,2,Final,Final,2,Oriole Park at Camden Yards,110,Baltimore Orioles,BAL,5,False,117,Houston Astros,HOU,11,True,621043,Carlos Correa,Carlos,Correa,1,1994-09-22,31,"6' 3""",220,6,Shortstop,R,Right,R,Right,,,,,,,,,,,,,,,,,,,,,,,,,,
2026-04-30,824850,,/api/v1.1/game/824850/feed/live,R,2026,2026-04-30,Makeup of 4/29 PPD,day,P,Y,N,Regular Season,3,3,2,Final,Final,2,Oriole Park at Camden Yards,110,Baltimore Orioles,BAL,5,False,117,Houston Astros,HOU,11,True,572233,Christian Walker,Christian,Walker,8,1991-03-28,35,"5' 11""",208,3,First Base,R,Right,R,Right,2-5 | RBI,,5,2,0,0,0,1,0,0,0,0,0,0,5,2,,,,,,,,,,
2026-04-30,824850,,/api/v1.1/game/824850/feed/live,R,2026,2026-04-30,Makeup of 4/29 PPD,day,P,Y,N,Regular Season,3,3,2,Final,Final,2,Oriole Park at Camden Yards,110,Baltimore Orioles,BAL,5,False,117,Houston Astros,HOU,11,True,681151,Jayden Murray,Jayden,Murray,70,1997-04-11,29,"6' 1""",190,1,Pitcher,R,Right,R,Right,,,,,,,,,,,,,,,,,,,,,,,,,,
2026-04-30,824850,,/api/v1.1/game/824850/feed/live,R,2026,2026-04-30,Makeup of 4/29 PPD,day,P,Y,N,Regular Season,3,3,2,Final,Final,2,Oriole Park at Camden Yards,110,Baltimore Orioles,BAL,5,False,117,Houston Astros,HOU,11,True,681293,Spencer Arrighetti,Spencer,Arrighetti,41,2000-01-02,26,"6' 2""",186,1,Pitcher,R,Right,R,Right,,,,,,,,,,,,,,,,,,,,,,,,,,
2026-04-30,824850,,/api/v1.1/game/824850/feed/live,R,2026,2026-04-30,Makeup of 4/29 PPD,day,P,Y,N,Regular Season,3,3,2,Final,Final,2,Oriole Park at Camden Yards,110,Baltimore Orioles,BAL,5,False,117,Houston Astros,HOU,11,True,543877,Christian Vázquez,Christian,Vázquez,2,1990-08-21,35,"5' 8""",205,2,Catcher,R,Right,R,Right,,,,,,,,,,,,,,,,,,,,,,,,,,
2026-04-30,824850,,/api/v1.1/game/824850/feed/live,R,2026,2026-04-30,Makeup of 4/29 PPD,day,P,Y,N,Regular Season,3,3,2,Final,Final,2,Oriole Park at Camden Yards,110,Baltimore Orioles,BAL,5,False,117,Houston Astros,HOU,11,True,673237,Yainer Diaz,Yainer,Diaz,21,1998-09-21,27,"5' 11""",195,2,Catcher,R,Right,R,Right,"3-5 | RBI, R",,5,3,0,0,0,1,1,0,0,0,0,0,5,3,,,,,,,,,,
2026-04-30,824850,,/api/v1.1/game/824850/feed/live,R,2026,2026-04-30,Makeup of 4/29 PPD,day,P,Y,N,Regular Season,3,3,2,Final,Final,2,Oriole Park at Camden Yards,110,Baltimore Orioles,BAL,5,False,117,Houston Astros,HOU,11,True,670541,Yordan Alvarez,Yordan,Alvarez,44,1997-06-27,28,"6' 4""",237,7,Outfielder,L,Left,R,Right,"3-4 | HR, BB, K",,4,3,0,0,1,1,3,1,1,0,0,0,5,6,,,,,,,,,,
2026-04-30,823391,,/api/v1.1/game/823391/feed/live,R,2026,2026-04-30,,day,P,N,N,Regular Season,4,4,1,Final,Final,31,PNC Park,134,Pittsburgh Pirates,PIT,5,False,138,St. Louis Cardinals,STL,10,True,694973,Paul Skenes,Paul,Skenes,30,2002-05-29,23,"6' 6""",260,1,Pitcher,R,Right,R,Right,"5.0 IP, 4 ER, 9 K, 0 BB",,,,,,,,,,,,,,,,5.0,4,8,2,9,0,102,0,1,0
2026-04-30,823391,,/api/v1.1/game/823391/feed/live,R,2026,2026-04-30,,day,P,N,N,Regular Season,4,4,1,Final,Final,31,PNC Park,134,Pittsburgh Pirates,PIT,5,False,138,St. Louis Cardinals,STL,10,True,694377,Nick Yorke,Nicholas,Yorke,38,2002-04-02,24,"5' 11""",220,5,Third Base,R,Right,R,Right,0-1,,1,0,0,0,0,0,0,0,0,0,0,0,1,0,,,,,,,,,,
2026-04-30,823391,,/api/v1.1/game/823391/feed/live,R,2026,2026-04-30,,day,P,N,N,Regular Season,4,4,1,Final,Final,31,PNC Park,134,Pittsburgh Pirates,PIT,5,False,138,St. Louis Cardinals,STL,10,True,687462,Spencer Horwitz,Spencer,Horwitz,2,1997-11-14,28,"5' 10""",204,3,First Base,L,Left,R,Right,"0-3 | BB, RBI",,3,0,0,0,0,1,0,0,1,0,0,0,4,0,,,,,,,,,,
2026-04-30,823391,,/api/v1.1/game/823391/feed/live,R,2026,2026-04-30,,day,P,N,N,Regular Season,4,4,1,Final,Final,31,PNC Park,134,Pittsburgh Pirates,PIT,5,False,138,St. Louis Cardinals,STL,10,True,664040,Brandon Lowe,Brandon,Lowe,5,1994-07-06,31,"5' 9""",181,4,Second Base,L,Left,R,Right,"2-5 | HR, 2B, RBI",,5,2,1,0,1,1,1,0,0,0,0,0,5,6,,,,,,,,,,
2026-04-30,823391,,/api/v1.1/game/823391/feed/live,R,2026,2026-04-30,,day,P,N,N,Regular Season,4,4,1,Final,Final,31,PNC Park,134,Pittsburgh Pirates,PIT,5,False,138,St. Louis Cardinals,STL,10,True,668804,Bryan Reynolds,Bryan,Reynolds,10,1995-01-27,31,"6' 2""",210,7,Outfielder,S,Switch,R,Right,"2-4 | 2 2B, BB, K",,4,2,2,0,0,2,1,1,1,0,0,0,5,4,,,,,,,,,,
2026-04-30,823391,,/api/v1.1/game/823391/feed/live,R,2026,2026-04-30,,day,P,N,N,Regular Season,4,4,1,Final,Final,31,PNC Park,134,Pittsburgh Pirates,PIT,5,False,138,St. Louis Cardinals,STL,10,True,663698,Joey Bart,Joseph,Bart,14,1996-12-15,29,"6' 2""",242,2,Catcher,R,Right,R,Right,,,,,,,,,,,,,,,,,,,,,,,,,,
2026-04-30,823391,,/api/v1.1/game/823391/feed/live,R,2026,2026-04-30,,day,P,N,N,Regular Season,4,4,1,Final,Final,31,PNC Park,134,Pittsburgh Pirates,PIT,5,False,138,St. Louis Cardinals,STL,10,True,665833,Oneil Cruz,Oneil,Cruz,15,1998-10-04,27,"6' 7""",248,8,Outfielder,L,Left,R,Right,"1-4 | BB, 2 K, 2 R",,4,1,0,0,0,0,2,2,1,0,0,0,5,1,,,,,,,,,,
2026-04-30,823391,,/api/v1.1/game/823391/feed/live,R,2026,2026-04-30,,day,P,N,N,Regular Season,4,4,1,Final,Final,31,PNC Park,134,Pittsburgh Pirates,PIT,5,False,138,St. Louis Cardinals,STL,10,True,681895,Evan Sisk,Samuel,Sisk,48,1997-04-23,29,"6' 2""",214,1,Pitcher,L,Left,L,Left,,,,,,,,,,,,,,,,,,,,,,,,,,
2026-04-30,823391,,/api/v1.1/game/823391/feed/live,R,2026,2026-04-30,,day,P,N,N,Regular Season,4,4,1,Final,Final,31,PNC Park,134,Pittsburgh Pirates,PIT,5,False,138,St. Louis Cardinals,STL,10,True,642397,Gregory Soto,Gregory,Soto,31,1995-02-11,31,"6' 1""",247,1,Pitcher,L,Left,L,Left,,,,,,,,,,,,,,,,,,,,,,,,,,
2026-04-30,823391,,/api/v1.1/game/823391/feed/live,R,2026,2026-04-30,,day,P,N,N,Regular Season,4,4,1,Final,Final,31,PNC Park,134,Pittsburgh Pirates,PIT,5,False,138,St. Louis Cardinals,STL,10,True,682254,Mason Montgomery,Mason,Montgomery,46,2000-06-17,25,"6' 2""",205,1,Pitcher,L,Left,L,Left,"1.0 IP, 0 ER, 0 K, BB",,,,,,,,,,,,,,,,1.0,0,0,0,0,1,12,0,0,0
2026-04-30,823391,,/api/v1.1/game/823391/feed/live,R,2026,2026-04-30,,day,P,N,N,Regular Season,4,4,1,Final,Final,31,PNC Park,134,Pittsburgh Pirates,PIT,5,False,138,St. Louis Cardinals,STL,10,True,606965,Chris Devenski,Christopher,Devenski,57,1990-11-13,35,"6' 3""",208,1,Pitcher,R,Right,R,Right,"1.1 IP, 0 ER, 2 K, 0 BB",,,,,,,,,,,,,,,,1.1,0,2,0,2,0,19,0,0,0
2026-04-30,823391,,/api/v1.1/game/823391/feed/live,R,2026,2026-04-30,,day,P,N,N,Regular Season,4,4,1,Final,Final,31,PNC Park,134,Pittsburgh Pirates,PIT,5,False,138,St. Louis Cardinals,STL,10,True,663968,Jake Mangum,Jake,Mangum,28,1996-03-08,30,"5' 11""",191,7,Outfielder,S,Switch,L,Left,"1-3 | BB, K, R",,3,1,0,0,0,0,1,1,1,0,0,0,4,1,,,,,,,,,,
2026-04-30,823391,,/api/v1.1/game/823391/feed/live,R,2026,2026-04-30,,day,P,N,N,Regular Season,4,4,1,Final,Final,31,PNC Park,134,Pittsburgh Pirates,PIT,5,False,138,St. Louis Cardinals,STL,10,True,656605,Mitch Keller,Mitch,Keller,23,1996-04-04,30,"6' 3""",213,1,Pitcher,R,Right,R,Right,,,,,,,,,,,,,,,,,,,,,,,,,,
2026-04-30,823391,,/api/v1.1/game/823391/feed/live,R,2026,2026-04-30,,day,P,N,N,Regular Season,4,4,1,Final,Final,31,PNC Park,134,Pittsburgh Pirates,PIT,5,False,138,St. Louis Cardinals,STL,10,True,670990,Yohan Ramírez,Yohan,Ramírez,49,1995-05-06,30,"6' 3""",205,1,Pitcher,R,Right,R,Right,"1.0 IP, 0 ER, K, 0 BB",,,,,,,,,,,,,,,,1.0,0,1,0,1,0,16,0,0,0
2026-04-30,823391,,/api/v1.1/game/823391/feed/live,R,2026,2026-04-30,,day,P,N,N,Regular Season,4,4,1,Final,Final,31,PNC Park,134,Pittsburgh Pirates,PIT,5,False,138,St. Louis Cardinals,STL,10,True,676755,Isaac Mattson,Isaac,Mattson,72,1995-07-14,30,"6' 2""",214,1,Pitcher,R,Right,R,Right,"0.2 IP, 5 ER, 0 K, 2 BB",,,,,,,,,,,,,,,,0.2,5,3,0,0,2,31,0,0,0
2026-04-30,823391,,/api/v1.1/game/823391/feed/live,R,2026,2026-04-30,,day,P,N,N,Regular Season,4,4,1,Final,Final,31,PNC Park,134,Pittsburgh Pirates,PIT,5,False,138,St. Louis Cardinals,STL,10,True,696149,Bubba Chandler,Roy,Chandler,36,2002-09-14,23,"6' 3""",206,1,Pitcher,S,Switch,R,Right,,,,,,,,,,,,,,,,,,,,,,,,,,
2026-04-30,823391,,/api/v1.1/game/823391/feed/live,R,2026,2026-04-30,,day,P,N,N,Regular Season,4,4,1,Final,Final,31,PNC Park,134,Pittsburgh Pirates,PIT,5,False,138,St. Louis Cardinals,STL,10,True,695257,Billy Cook,William,Cook,25,1999-01-07,27,"6' 0""",204,9,Outfielder,R,Right,R,Right,,,,,,,,,,,,,,,,,,,,,,,,,,
2026-04-30,823391,,/api/v1.1/game/823391/feed/live,R,2026,2026-04-30,,day,P,N,N,Regular Season,4,4,1,Final,Final,31,PNC Park,134,Pittsburgh Pirates,PIT,5,False,138,St. Louis Cardinals,STL,10,True,669387,Carmen Mlodzinski,Carmen,Mlodzinski,50,1999-02-19,27,"6' 2""",210,1,Pitcher,R,Right,R,Right,,,,,,,,,,,,,,,,,,,,,,,,,,
2026-04-30,823391,,/api/v1.1/game/823391/feed/live,R,2026,2026-04-30,,day,P,N,N,Regular Season,4,4,1,Final,Final,31,PNC Park,134,Pittsburgh Pirates,PIT,5,False,138,St. Louis Cardinals,STL,10,True,642701,Dennis Santana,Dennis,Santana,60,1996-04-12,30,"6' 2""",202,1,Pitcher,R,Right,R,Right,,,,,,,,,,,,,,,,,,,,,,,,,,
2026-04-30,823391,,/api/v1.1/game/823391/feed/live,R,2026,2026-04-30,,day,P,N,N,Regular Season,4,4,1,Final,Final,31,PNC Park,134,Pittsburgh Pirates,PIT,5,False,138,St. Louis Cardinals,STL,10,True,680779,Henry Davis,Henry,Davis,32,1999-09-21,26,"5' 11""",225,2,Catcher,R,Right,R,Right,0-3 | K,,3,0,0,0,0,0,0,1,0,0,0,1,3,0,,,,,,,,,,
2026-04-30,823391,,/api/v1.1/game/823391/feed/live,R,2026,2026-04-30,,day,P,N,N,Regular Season,4,4,1,Final,Final,31,PNC Park,134,Pittsburgh Pirates,PIT,5,False,138,St. Louis Cardinals,STL,10,True,664875,Justin Lawrence,Justin,Lawrence,61,1994-11-25,31,"6' 3""",211,1,Pitcher,R,Right,R,Right,,,,,,,,,,,,,,,,,,,,,,,,,,
2026-04-30,823391,,/api/v1.1/game/823391/feed/live,R,2026,2026-04-30,,day,P,N,N,Regular Season,4,4,1,Final,Final,31,PNC Park,134,Pittsburgh Pirates,PIT,5,False,138,St. Louis Cardinals,STL,10,True,804606,Konnor Griffin,Konnor,Griffin,6,2006-04-24,20,"6' 3""",222,6,Shortstop,R,Right,R,Right,1-4 | 2 K,,4,1,0,0,0,0,0,2,0,0,0,0,4,1,,,,,,,,,,
2026-04-30,823391,,/api/v1.1/game/823391/feed/live,R,2026,2026-04-30,,day,P,N,N,Regular Season,4,4,1,Final,Final,31,PNC Park,134,Pittsburgh Pirates,PIT,5,False,138,St. Louis Cardinals,STL,10,True,656811,Ryan O'Hearn,Ryan,O'Hearn,29,1993-07-26,32,"6' 2""",220,9,Outfielder,L,Left,L,Left,"0-4 | BB, K",,4,0,0,0,0,0,0,1,1,0,0,0,5,0,,,,,,,,,,
2026-04-30,823391,,/api/v1.1/game/823391/feed/live,R,2026,2026-04-30,,day,P,N,N,Regular Season,4,4,1,Final,Final,31,PNC Park,134,Pittsburgh Pirates,PIT,5,False,138,St. Louis Cardinals,STL,10,True,693304,Nick Gonzales,Nicholas,Gonzales,3,1999-05-27,26,"5' 8""",193,5,Third Base,R,Right,R,Right,"0-2 | BB, HBP",,2,0,0,0,0,0,0,0,1,0,0,0,4,0,,,,,,,,,,
2026-04-30,823391,,/api/v1.1/game/823391/feed/live,R,2026,2026-04-30,,day,P,N,N,Regular Season,4,4,1,Final,Final,31,PNC Park,134,Pittsburgh Pirates,PIT,5,False,138,St. Louis Cardinals,STL,10,True,542303,Marcell Ozuna,Marcell,Ozuna,24,1990-11-12,35,"6' 1""",251,10,Designated Hitter,R,Right,R,Right,,,,,,,,,,,,,,,,,,,,,,,,,,
2026-04-30,823391,,/api/v1.1/game/823391/feed/live,R,2026,2026-04-30,,day,P,N,N,Regular Season,4,4,1,Final,Final,31,PNC Park,134,Pittsburgh Pirates,PIT,5,False,138,St. Louis Cardinals,STL,10,True,677952,Braxton Ashcraft,Braxton,Ashcraft,35,1999-10-05,26,"6' 5""",218,1,Pitcher,L,Left,R,Right,,,,,,,,,,,,,,,,,,,,,,,,,,
2026-04-30,823391,,/api/v1.1/game/823391/feed/live,R,2026,2026-04-30,,day,P,N,N,Regular Season,4,4,1,Final,Final,31,PNC Park,134,Pittsburgh Pirates,PIT,5,False,138,St. Louis Cardinals,STL,10,True,700241,Michael McGreevy,Michael,McGreevy,36,2000-07-08,25,"6' 4""",220,1,Pitcher,L,Left,R,Right,,,,,,,,,,,,,,,,,,,,,,,,,,
2026-04-30,823391,,/api/v1.1/game/823391/feed/live,R,2026,2026-04-30,,day,P,N,N,Regular Season,4,4,1,Final,Final,31,PNC Park,134,Pittsburgh Pirates,PIT,5,False,138,St. Louis Cardinals,STL,10,True,669357,Nolan Gorman,Nolan,Gorman,16,2000-05-10,25,"6' 0""",225,5,Third Base,L,Left,R,Right,"2-5 | 2 K, RBI, R",,5,2,0,0,0,1,1,2,0,0,0,0,5,2,,,,,,,,,,
2026-04-30,823391,,/api/v1.1/game/823391/feed/live,R,2026,2026-04-30,,day,P,N,N,Regular Season,4,4,1,Final,Final,31,PNC Park,134,Pittsburgh Pirates,PIT,5,False,138,St. Louis Cardinals,STL,10,True,694335,Matt Svanson,Matthew,Svanson,49,1999-01-31,27,"6' 5""",235,1,Pitcher,R,Right,R,Right,"1.0 IP, ER, 0 K, 0 BB",,,,,,,,,,,,,,,,1.0,1,2,0,0,0,17,0,0,0
2026-04-30,823391,,/api/v1.1/game/823391/feed/live,R,2026,2026-04-30,,day,P,N,N,Regular Season,4,4,1,Final,Final,31,PNC Park,134,Pittsburgh Pirates,PIT,5,False,138,St. Louis Cardinals,STL,10,True,691023,Jordan Walker,Jordan,Walker,18,2002-05-22,23,"6' 6""",250,9,Outfielder,R,Right,R,Right,"2-5 | HR, K, 3 RBI",,5,2,0,0,1,3,1,1,0,0,0,0,5,5,,,,,,,,,,
2026-04-30,823391,,/api/v1.1/game/823391/feed/live,R,2026,2026-04-30,,day,P,N,N,Regular Season,4,4,1,Final,Final,31,PNC Park,134,Pittsburgh Pirates,PIT,5,False,138,St. Louis Cardinals,STL,10,True,701675,Nathan Church,Nathan,Church,27,2000-07-12,25,"5' 10""",180,7,Outfielder,L,Left,L,Left,"1-5 | 2B, K, 2 RBI",,5,1,1,0,0,2,1,1,0,0,0,0,5,2,,,,,,,,,,
2026-04-30,823391,,/api/v1.1/game/823391/feed/live,R,2026,2026-04-30,,day,P,N,N,Regular Season,4,4,1,Final,Final,31,PNC Park,134,Pittsburgh Pirates,PIT,5,False,138,St. Louis Cardinals,STL,10,True,687363,Victor Scott II,Victor,Scott,11,2001-02-12,25,"5' 10""",190,8,Outfielder,L,Left,L,Left,"0-2 | BB, K, R",,2,0,0,0,0,0,1,1,1,0,0,0,4,0,,,,,,,,,,
2026-04-30,823391,,/api/v1.1/game/823391/feed/live,R,2026,2026-04-30,,day,P,N,N,Regular Season,4,4,1,Final,Final,31,PNC Park,134,Pittsburgh Pirates,PIT,5,False,138,St. Louis Cardinals,STL,10,True,681517,Kyle Leahy,Kyle,Leahy,62,1997-06-04,28,"6' 5""",225,1,Pitcher,S,Switch,R,Right,,,,,,,,,,,,,,,,,,,,,,,,,,
2026-04-30,823391,,/api/v1.1/game/823391/feed/live,R,2026,2026-04-30,,day,P,N,N,Regular Season,4,4,1,Final,Final,31,PNC Park,134,Pittsburgh Pirates,PIT,5,False,138,St. Louis Cardinals,STL,10,True,665877,José Fermín,José,Fermín,15,1999-03-29,27,"5' 10""",198,7,Outfielder,R,Right,R,Right,,,,,,,,,,,,,,,,,,,,,,,,,,
2026-04-30,823391,,/api/v1.1/game/823391/feed/live,R,2026,2026-04-30,,day,P,N,N,Regular Season,4,4,1,Final,Final,31,PNC Park,134,Pittsburgh Pirates,PIT,5,False,138,St. Louis Cardinals,STL,10,True,700669,Gordon Graceffo,Gordon,Graceffo,44,2000-03-17,26,"6' 4""",220,1,Pitcher,R,Right,R,Right,"1.1 IP, 0 ER, K, 0 BB",,,,,,,,,,,,,,,,1.1,0,0,0,1,0,24,1,0,0
2026-04-30,823391,,/api/v1.1/game/823391/feed/live,R,2026,2026-04-30,,day,P,N,N,Regular Season,4,4,1,Final,Final,31,PNC Park,134,Pittsburgh Pirates,PIT,5,False,138,St. Louis Cardinals,STL,10,True,668941,JoJo Romero,Joseph,Romero,59,1996-09-09,29,"5' 11""",215,1,Pitcher,L,Left,L,Left,"0.2 IP, ER, 2 K, BB",,,,,,,,,,,,,,,,0.2,1,1,1,2,1,21,0,0,0
2026-04-30,823391,,/api/v1.1/game/823391/feed/live,R,2026,2026-04-30,,day,P,N,N,Regular Season,4,4,1,Final,Final,31,PNC Park,134,Pittsburgh Pirates,PIT,5,False,138,St. Louis Cardinals,STL,10,True,802139,JJ Wetherholt,Jonathan,Wetherholt,26,2002-09-10,23,"5' 9""",190,4,Second Base,L,Left,R,Right,"2-4 | HR, BB, RBI",,4,2,0,0,1,1,2,0,1,0,0,0,5,5,,,,,,,,,,
2026-04-30,823391,,/api/v1.1/game/823391/feed/live,R,2026,2026-04-30,,day,P,N,N,Regular Season,4,4,1,Final,Final,31,PNC Park,134,Pittsburgh Pirates,PIT,5,False,138,St. Louis Cardinals,STL,10,True,690928,Hunter Dobbins,Hunter,Dobbins,40,1999-08-30,26,"6' 2""",185,1,Pitcher,R,Right,R,Right,"4.1 IP, 3 ER, 4 K, 5 BB",,,,,,,,,,,,,,,,4.1,3,2,0,4,5,79,0,0,0
2026-04-30,823391,,/api/v1.1/game/823391/feed/live,R,2026,2026-04-30,,day,P,N,N,Regular Season,4,4,1,Final,Final,31,PNC Park,134,Pittsburgh Pirates,PIT,5,False,138,St. Louis Cardinals,STL,10,True,677865,Justin Bruihl,Justin,Bruihl,47,1997-06-26,28,"6' 2""",215,1,Pitcher,L,Left,L,Left,"0.2 IP, 0 ER, 0 K, 0 BB",,,,,,,,,,,,,,,,0.2,0,1,0,0,0,18,0,0,0
2026-04-30,823391,,/api/v1.1/game/823391/feed/live,R,2026,2026-04-30,,day,P,N,N,Regular Season,4,4,1,Final,Final,31,PNC Park,134,Pittsburgh Pirates,PIT,5,False,138,St. Louis Cardinals,STL,10,True,676475,Alec Burleson,Alec,Burleson,41,1998-11-25,27,"6' 0""",225,3,First Base,L,Left,L,Left,"3-5 | K, 3 RBI, R",,5,3,0,0,0,3,1,1,0,0,0,0,5,3,,,,,,,,,,
2026-04-30,823391,,/api/v1.1/game/823391/feed/live,R,2026,2026-04-30,,day,P,N,N,Regular Season,4,4,1,Final,Final,31,PNC Park,134,Pittsburgh Pirates,PIT,5,False,138,St. Louis Cardinals,STL,10,True,695336,Thomas Saggese,Thomas,Saggese,25,2002-04-10,24,"5' 10""",185,7,Outfielder,R,Right,R,Right,,,,,,,,,,,,,,,,,,,,,,,,,,
2026-04-30,823391,,/api/v1.1/game/823391/feed/live,R,2026,2026-04-30,,day,P,N,N,Regular Season,4,4,1,Final,Final,31,PNC Park,134,Pittsburgh Pirates,PIT,5,False,138,St. Louis Cardinals,STL,10,True,676617,Riley O'Brien,Riley,O'Brien,61,1995-02-06,31,"6' 4""",180,1,Pitcher,R,Right,R,Right,,,,,,,,,,,,,,,,,,,,,,,,,,
2026-04-30,823391,,/api/v1.1/game/823391/feed/live,R,2026,2026-04-30,,day,P,N,N,Regular Season,4,4,1,Final,Final,31,PNC Park,134,Pittsburgh Pirates,PIT,5,False,138,St. Louis Cardinals,STL,10,True,669467,Andre Pallante,Neil,Pallante,53,1998-09-18,27,"6' 0""",215,1,Pitcher,R,Right,R,Right,,,,,,,,,,,,,,,,,,,,,,,,,,
2026-04-30,823391,,/api/v1.1/game/823391/feed/live,R,2026,2026-04-30,,day,P,N,N,Regular Season,4,4,1,Final,Final,31,PNC Park,134,Pittsburgh Pirates,PIT,5,False,138,St. Louis Cardinals,STL,10,True,650968,Yohel Pozo,Yohel,Pozo,63,1997-06-14,28,"5' 11""",201,2,Catcher,R,Right,R,Right,,,,,,,,,,,,,,,,,,,,,,,,,,
2026-04-30,823391,,/api/v1.1/game/823391/feed/live,R,2026,2026-04-30,,day,P,N,N,Regular Season,4,4,1,Final,Final,31,PNC Park,134,Pittsburgh Pirates,PIT,5,False,138,St. Louis Cardinals,STL,10,True,666277,George Soriano,George,Soriano,65,1999-03-24,27,"6' 2""",210,1,Pitcher,R,Right,R,Right,,,,,,,,,,,,,,,,,,,,,,,,,,
2026-04-30,823391,,/api/v1.1/game/823391/feed/live,R,2026,2026-04-30,,day,P,N,N,Regular Season,4,4,1,Final,Final,31,PNC Park,134,Pittsburgh Pirates,PIT,5,False,138,St. Louis Cardinals,STL,10,True,686780,Pedro Pagés,Pedro,Pagés,43,1998-09-17,27,"5' 11""",245,2,Catcher,R,Right,R,Right,2-5 | 2 K,,5,2,0,0,0,0,0,2,0,0,0,0,5,2,,,,,,,,,,
2026-04-30,823391,,/api/v1.1/game/823391/feed/live,R,2026,2026-04-30,,day,P,N,N,Regular Season,4,4,1,Final,Final,31,PNC Park,134,Pittsburgh Pirates,PIT,5,False,138,St. Louis Cardinals,STL,10,True,669461,Matthew Liberatore,Matthew,Liberatore,32,1999-11-06,26,"6' 4""",215,1,Pitcher,L,Left,L,Left,,,,,,,,,,,,,,,,,,,,,,,,,,
2026-04-30,823391,,/api/v1.1/game/823391/feed/live,R,2026,2026-04-30,,day,P,N,N,Regular Season,4,4,1,Final,Final,31,PNC Park,134,Pittsburgh Pirates,PIT,5,False,138,St. Louis Cardinals,STL,10,True,602104,Ramón Urías,Ramón,Urías,29,1994-06-03,31,"5' 9""",185,5,Third Base,R,Right,R,Right,,,,,,,,,,,,,,,,,,,,,,,,,,
2026-04-30,823391,,/api/v1.1/game/823391/feed/live,R,2026,2026-04-30,,day,P,N,N,Regular Season,4,4,1,Final,Final,31,PNC Park,134,Pittsburgh Pirates,PIT,5,False,138,St. Louis Cardinals,STL,10,True,592773,Ryne Stanek,Ryne,Stanek,55,1991-07-26,34,"6' 4""",226,1,Pitcher,R,Right,R,Right,"1.0 IP, 0 ER, K, 0 BB",,,,,,,,,,,,,,,,1.0,0,1,0,1,0,15,0,0,0
2026-04-30,823391,,/api/v1.1/game/823391/feed/live,R,2026,2026-04-30,,day,P,N,N,Regular Season,4,4,1,Final,Final,31,PNC Park,134,Pittsburgh Pirates,PIT,5,False,138,St. Louis Cardinals,STL,10,True,669160,Dustin May,Dustin,May,3,1997-09-06,28,"6' 6""",180,1,Pitcher,R,Right,R,Right,,,,,,,,,,,,,,,,,,,,,,,,,,
2026-04-30,823391,,/api/v1.1/game/823391/feed/live,R,2026,2026-04-30,,day,P,N,N,Regular Season,4,4,1,Final,Final,31,PNC Park,134,Pittsburgh Pirates,PIT,5,False,138,St. Louis Cardinals,STL,10,True,691026,Masyn Winn,Masyn,Winn,0,2002-03-21,24,"5' 9""",185,6,Shortstop,R,Right,R,Right,"1-5 | 2 K, R",,5,1,0,0,0,0,1,2,0,0,0,0,5,1,,,,,,,,,,
2026-04-30,823391,,/api/v1.1/game/823391/feed/live,R,2026,2026-04-30,,day,P,N,N,Regular Season,4,4,1,Final,Final,31,PNC Park,134,Pittsburgh Pirates,PIT,5,False,138,St. Louis Cardinals,STL,10,True,671056,Iván Herrera,Ivan,Herrera,48,2000-06-01,25,"5' 11""",220,2,Catcher,R,Right,R,Right,"1-4 | BB, 2 K, 2 R",,4,1,0,0,0,0,2,2,1,0,0,0,5,1,,,,,,,,,,
2026-04-30,823472,,/api/v1.1/game/823472/feed/live,R,2026,2026-04-30,,day,P,S,N,Regular Season,2,3,1,Final,Final,2681,Citizens Bank Park,143,Philadelphia Phillies,PHI,3,True,137,San Francisco Giants,SF,2,False,669016,Brandon Marsh,Brandon,Marsh,16,1997-12-18,28,"6' 2""",215,7,Outfielder,L,Left,R,Right,"1-4 | 2B, 3 K",,4,1,1,0,0,0,0,3,0,0,0,0,4,2,,,,,,,,,,
2026-04-30,823472,,/api/v1.1/game/823472/feed/live,R,2026,2026-04-30,,day,P,S,N,Regular Season,2,3,1,Final,Final,2681,Citizens Bank Park,143,Philadelphia Phillies,PHI,3,True,137,San Francisco Giants,SF,2,False,666200,Jesús Luzardo,Jesús,Luzardo,44,1997-09-30,28,"6' 0""",218,1,Pitcher,L,Left,L,Left,,,,,,,,,,,,,,,,,,,,,,,,,,
2026-04-30,823472,,/api/v1.1/game/823472/feed/live,R,2026,2026-04-30,,day,P,S,N,Regular Season,2,3,1,Final,Final,2681,Citizens Bank Park,143,Philadelphia Phillies,PHI,3,True,137,San Francisco Giants,SF,2,False,621237,José Alvarado,José,Alvarado,46,1995-05-21,30,"6' 2""",245,1,Pitcher,L,Left,L,Left,,,,,,,,,,,,,,,,,,,,,,,,,,
2026-04-30,823472,,/api/v1.1/game/823472/feed/live,R,2026,2026-04-30,,day,P,S,N,Regular Season,2,3,1,Final,Final,2681,Citizens Bank Park,143,Philadelphia Phillies,PHI,3,True,137,San Francisco Giants,SF,2,False,702222,Justin Crawford,Justin,Crawford,2,2004-01-13,22,"6' 2""",188,8,Outfielder,L,Left,R,Right,"3-4 | RBI, CS",,4,3,0,0,0,1,0,0,0,0,1,0,4,3,,,,,,,,,,
2026-04-30,823472,,/api/v1.1/game/823472/feed/live,R,2026,2026-04-30,,day,P,S,N,Regular Season,2,3,1,Final,Final,2681,Citizens Bank Park,143,Philadelphia Phillies,PHI,3,True,137,San Francisco Giants,SF,2,False,650911,Cristopher Sánchez,Cristopher,Sánchez,61,1996-12-12,29,"6' 6""",200,1,Pitcher,L,Left,L,Left,"6.2 IP, 2 ER, 7 K, 3 BB",,,,,,,,,,,,,,,,6.2,2,4,0,7,3,85,0,0,0
2026-04-30,823472,,/api/v1.1/game/823472/feed/live,R,2026,2026-04-30,,day,P,S,N,Regular Season,2,3,1,Final,Final,2681,Citizens Bank Park,143,Philadelphia Phillies,PHI,3,True,137,San Francisco Giants,SF,2,False,547180,Bryce Harper,Bryce,Harper,3,1992-10-16,33,"6' 1""",210,3,First Base,L,Left,R,Right,1-4,,4,1,0,0,0,0,0,0,0,0,0,2,4,1,,,,,,,,,,
2026-04-30,823472,,/api/v1.1/game/823472/feed/live,R,2026,2026-04-30,,day,P,S,N,Regular Season,2,3,1,Final,Final,2681,Citizens Bank Park,143,Philadelphia Phillies,PHI,3,True,137,San Francisco Giants,SF,2,False,554430,Zack Wheeler,Zachary,Wheeler,45,1990-05-30,35,"6' 4""",195,1,Pitcher,L,Left,R,Right,,,,,,,,,,,,,,,,,,,,,,,,,,
2026-04-30,823472,,/api/v1.1/game/823472/feed/live,R,2026,2026-04-30,,day,P,S,N,Regular Season,2,3,1,Final,Final,2681,Citizens Bank Park,143,Philadelphia Phillies,PHI,3,True,137,San Francisco Giants,SF,2,False,624641,Edmundo Sosa,Edmundo,Sosa,33,1996-03-06,30,"5' 11""",210,4,Second Base,R,Right,R,Right,1-4,,4,1,0,0,0,0,0,0,0,0,0,0,4,1,,,,,,,,,,
2026-04-30,823472,,/api/v1.1/game/823472/feed/live,R,2026,2026-04-30,,day,P,S,N,Regular Season,2,3,1,Final,Final,2681,Citizens Bank Park,143,Philadelphia Phillies,PHI,3,True,137,San Francisco Giants,SF,2,False,689147,Orion Kerkering,Richard,Kerkering,50,2001-04-04,25,"6' 2""",204,1,Pitcher,R,Right,R,Right,"0.2 IP, 0 ER, 0 K, 0 BB",,,,,,,,,,,,,,,,0.2,0,2,0,0,0,17,0,0,0
2026-04-30,823472,,/api/v1.1/game/823472/feed/live,R,2026,2026-04-30,,day,P,S,N,Regular Season,2,3,1,Final,Final,2681,Citizens Bank Park,143,Philadelphia Phillies,PHI,3,True,137,San Francisco Giants,SF,2,False,664761,Alec Bohm,Alec,Bohm,28,1996-08-03,29,"6' 4""",218,5,Third Base,R,Right,R,Right,,,,,,,,,,,,,,,,,,,,,,,,,,
2026-04-30,823472,,/api/v1.1/game/823472/feed/live,R,2026,2026-04-30,,day,P,S,N,Regular Season,2,3,1,Final,Final,2681,Citizens Bank Park,143,Philadelphia Phillies,PHI,3,True,137,San Francisco Giants,SF,2,False,680742,Jonathan Bowlan,Jonathan,Bowlan,52,1996-12-01,29,"6' 6""",240,1,Pitcher,R,Right,R,Right,,,,,,,,,,,,,,,,,,,,,,,,,,
2026-04-30,823472,,/api/v1.1/game/823472/feed/live,R,2026,2026-04-30,,day,P,S,N,Regular Season,2,3,1,Final,Final,2681,Citizens Bank Park,143,Philadelphia Phillies,PHI,3,True,137,San Francisco Giants,SF,2,False,663767,Chase Shugart,Chase,Shugart,55,1996-10-24,29,"5' 11""",200,1,Pitcher,L,Left,R,Right,"0.1 IP, 0 ER, K, 0 BB",,,,,,,,,,,,,,,,0.1,0,0,0,1,0,4,1,0,0
2026-04-30,823472,,/api/v1.1/game/823472/feed/live,R,2026,2026-04-30,,day,P,S,N,Regular Season,2,3,1,Final,Final,2681,Citizens Bank Park,143,Philadelphia Phillies,PHI,3,True,137,San Francisco Giants,SF,2,False,641835,Tim Mayza,Timothy,Mayza,37,1992-01-15,34,"6' 3""",215,1,Pitcher,L,Left,L,Left,,,,,,,,,,,,,,,,,,,,,,,,,,
2026-04-30,823472,,/api/v1.1/game/823472/feed/live,R,2026,2026-04-30,,day,P,S,N,Regular Season,2,3,1,Final,Final,2681,Citizens Bank Park,143,Philadelphia Phillies,PHI,3,True,137,San Francisco Giants,SF,2,False,681082,Bryson Stott,Bryson,Stott,5,1997-10-06,28,"6' 0""",200,4,Second Base,L,Left,R,Right,"1-4 | 3B, 2 K, RBI",,4,1,0,1,0,1,1,2,0,0,0,0,4,3,,,,,,,,,,
2026-04-30,823472,,/api/v1.1/game/823472/feed/live,R,2026,2026-04-30,,day,P,S,N,Regular Season,2,3,1,Final,Final,2681,Citizens Bank Park,143,Philadelphia Phillies,PHI,3,True,137,San Francisco Giants,SF,2,False,676510,Nolan Hoffman,Nolan,Hoffman,47,1997-08-09,28,"6' 4""",190,1,Pitcher,R,Right,R,Right,,,,,,,,,,,,,,,,,,,,,,,,,,
2026-04-30,823472,,/api/v1.1/game/823472/feed/live,R,2026,2026-04-30,,day,P,S,N,Regular Season,2,3,1,Final,Final,2681,Citizens Bank Park,143,Philadelphia Phillies,PHI,3,True,137,San Francisco Giants,SF,2,False,656941,Kyle Schwarber,Kyle,Schwarber,12,1993-03-05,33,"5' 11""",229,7,Outfielder,L,Left,R,Right,"1-2 | HR, 2 BB, RBI",,2,1,0,0,1,1,1,0,2,0,0,0,4,4,,,,,,,,,,
2026-04-30,823472,,/api/v1.1/game/823472/feed/live,R,2026,2026-04-30,,day,P,S,N,Regular Season,2,3,1,Final,Final,2681,Citizens Bank Park,143,Philadelphia Phillies,PHI,3,True,137,San Francisco Giants,SF,2,False,665561,Rafael Marchán,Rafael,Marchán,13,1999-02-25,27,"5' 9""",170,2,Catcher,S,Switch,R,Right,0-3,,3,0,0,0,0,0,0,0,0,0,0,0,3,0,,,,,,,,,,
2026-04-30,823472,,/api/v1.1/game/823472/feed/live,R,2026,2026-04-30,,day,P,S,N,Regular Season,2,3,1,Final,Final,2681,Citizens Bank Park,143,Philadelphia Phillies,PHI,3,True,137,San Francisco Giants,SF,2,False,694025,Felix Reyes,Felix,Reyes,29,2001-03-26,25,"6' 3""",195,7,Outfielder,R,Right,R,Right,,,,,,,,,,,,,,,,,,,,,,,,,,
2026-04-30,823472,,/api/v1.1/game/823472/feed/live,R,2026,2026-04-30,,day,P,S,N,Regular Season,2,3,1,Final,Final,2681,Citizens Bank Park,143,Philadelphia Phillies,PHI,3,True,137,San Francisco Giants,SF,2,False,664238,Dylan Moore,Dylan,Moore,25,1992-08-02,33,"6' 1""",205,8,Outfielder,R,Right,R,Right,,,,,,,,,,,,,,,,,,,,,,,,,,
2026-04-30,823472,,/api/v1.1/game/823472/feed/live,R,2026,2026-04-30,,day,P,S,N,Regular Season,2,3,1,Final,Final,2681,Citizens Bank Park,143,Philadelphia Phillies,PHI,3,True,137,San Francisco Giants,SF,2,False,596117,Garrett Stubbs,Garrett,Stubbs,21,1993-05-26,32,"5' 9""",170,2,Catcher,L,Left,R,Right,,,,,,,,,,,,,,,,,,,,,,,,,,
2026-04-30,823472,,/api/v1.1/game/823472/feed/live,R,2026,2026-04-30,,day,P,S,N,Regular Season,2,3,1,Final,Final,2681,Citizens Bank Park,143,Philadelphia Phillies,PHI,3,True,137,San Francisco Giants,SF,2,False,621383,Tanner Banks,Tanner,Banks,58,1991-10-24,34,"6' 1""",205,1,Pitcher,R,Right,L,Left,"1.1 IP, 0 ER, 2 K, 0 BB",,,,,,,,,,,,,,,,1.1,0,2,0,2,0,27,0,0,0
2026-04-30,823472,,/api/v1.1/game/823472/feed/live,R,2026,2026-04-30,,day,P,S,N,Regular Season,2,3,1,Final,Final,2681,Citizens Bank Park,143,Philadelphia Phillies,PHI,3,True,137,San Francisco Giants,SF,2,False,666969,Adolis García,Jose,García,53,1993-03-02,33,"6' 0""",205,9,Outfielder,R,Right,R,Right,2-4 | R,,4,2,0,0,0,0,1,0,0,0,0,0,4,2,,,,,,,,,,
2026-04-30,823472,,/api/v1.1/game/823472/feed/live,R,2026,2026-04-30,,day,P,S,N,Regular Season,2,3,1,Final,Final,2681,Citizens Bank Park,143,Philadelphia Phillies,PHI,3,True,137,San Francisco Giants,SF,2,False,605400,Aaron Nola,Aaron,Nola,27,1993-06-04,32,"6' 2""",200,1,Pitcher,R,Right,R,Right,,,,,,,,,,,,,,,,,,,,,,,,,,
2026-04-30,823472,,/api/v1.1/game/823472/feed/live,R,2026,2026-04-30,,day,P,S,N,Regular Season,2,3,1,Final,Final,2681,Citizens Bank Park,143,Philadelphia Phillies,PHI,3,True,137,San Francisco Giants,SF,2,False,641745,Brad Keller,Brad,Keller,40,1995-07-27,30,"6' 5""",255,1,Pitcher,R,Right,R,Right,,,,,,,,,,,,,,,,,,,,,,,,,,
2026-04-30,823472,,/api/v1.1/game/823472/feed/live,R,2026,2026-04-30,,day,P,S,N,Regular Season,2,3,1,Final,Final,2681,Citizens Bank Park,143,Philadelphia Phillies,PHI,3,True,137,San Francisco Giants,SF,2,False,607208,Trea Turner,Trea,Turner,7,1993-06-30,32,"6' 1""",185,6,Shortstop,R,Right,R,Right,0-4 | 3 K,,4,0,0,0,0,0,0,3,0,0,0,0,4,0,,,,,,,,,,
2026-04-30,823472,,/api/v1.1/game/823472/feed/live,R,2026,2026-04-30,,day,P,S,N,Regular Season,2,3,1,Final,Final,2681,Citizens Bank Park,143,Philadelphia Phillies,PHI,3,True,137,San Francisco Giants,SF,2,False,691725,Andrew Painter,Andrew,Painter,24,2003-04-10,23,"6' 7""",215,1,Pitcher,R,Right,R,Right,,,,,,,,,,,,,,,,,,,,,,,,,,
2026-04-30,823472,,/api/v1.1/game/823472/feed/live,R,2026,2026-04-30,,day,P,S,N,Regular Season,2,3,1,Final,Final,2681,Citizens Bank Park,143,Philadelphia Phillies,PHI,3,True,137,San Francisco Giants,SF,2,False,679775,Kyle Backhus,Kyle,Backhus,19,1998-01-31,28,"6' 4""",185,1,Pitcher,L,Left,L,Left,,,,,,,,,,,,,,,,,,,,,,,,,,
2026-04-30,823472,,/api/v1.1/game/823472/feed/live,R,2026,2026-04-30,,day,P,S,N,Regular Season,2,3,1,Final,Final,2681,Citizens Bank Park,143,Philadelphia Phillies,PHI,3,True,137,San Francisco Giants,SF,2,False,669477,Casey Schmitt,Casey,Schmitt,10,1999-03-01,27,"6' 0""",215,3,First Base,R,Right,R,Right,2-4 | RBI,,4,2,0,0,0,1,0,0,0,0,0,0,4,2,,,,,,,,,,
2026-04-30,823472,,/api/v1.1/game/823472/feed/live,R,2026,2026-04-30,,day,P,S,N,Regular Season,2,3,1,Final,Final,2681,Citizens Bank Park,143,Philadelphia Phillies,PHI,3,True,137,San Francisco Giants,SF,2,False,664141,JT Brubaker,Jonathan,Brubaker,34,1993-11-17,32,"6' 4""",197,1,Pitcher,R,Right,R,Right,,,,,,,,,,,,,,,,,,,,,,,,,,
2026-04-30,823472,,/api/v1.1/game/823472/feed/live,R,2026,2026-04-30,,day,P,S,N,Regular Season,2,3,1,Final,Final,2681,Citizens Bank Park,143,Philadelphia Phillies,PHI,3,True,137,San Francisco Giants,SF,2,False,666464,Jerar Encarnacion,Jerar,Encarnacion,19,1997-10-22,28,"6' 4""",265,9,Outfielder,R,Right,R,Right,0-3 | K,,3,0,0,0,0,0,0,1,0,0,0,0,3,0,,,,,,,,,,
2026-04-30,823472,,/api/v1.1/game/823472/feed/live,R,2026,2026-04-30,,day,P,S,N,Regular Season,2,3,1,Final,Final,2681,Citizens Bank Park,143,Philadelphia Phillies,PHI,3,True,137,San Francisco Giants,SF,2,False,686790,Trevor McDonald,Trevor,McDonald,72,2001-02-26,25,"6' 0""",205,1,Pitcher,R,Right,R,Right,,,,,,,,,,,,,,,,,,,,,,,,,,
2026-04-30,823472,,/api/v1.1/game/823472/feed/live,R,2026,2026-04-30,,day,P,S,N,Regular Season,2,3,1,Final,Final,2681,Citizens Bank Park,143,Philadelphia Phillies,PHI,3,True,137,San Francisco Giants,SF,2,False,671218,Heliot Ramos,Heliot,Ramos,17,1999-09-07,26,"5' 11""",235,7,Outfielder,R,Right,R,Right,"3-4 | 2B, BB, R",,4,3,1,0,0,0,1,0,1,0,0,0,5,4,,,,,,,,,,
2026-04-30,823472,,/api/v1.1/game/823472/feed/live,R,2026,2026-04-30,,day,P,S,N,Regular Season,2,3,1,Final,Final,2681,Citizens Bank Park,143,Philadelphia Phillies,PHI,3,True,137,San Francisco Giants,SF,2,False,686823,Will Brennan,William,Brennan,7,1998-02-02,28,"5' 11""",205,7,Outfielder,L,Left,L,Left,,,,,,,,,,,,,,,,,,,,,,,,,,
2026-04-30,823472,,/api/v1.1/game/823472/feed/live,R,2026,2026-04-30,,day,P,S,N,Regular Season,2,3,1,Final,Final,2681,Citizens Bank Park,143,Philadelphia Phillies,PHI,3,True,137,San Francisco Giants,SF,2,False,641816,Tyler Mahle,Tyler,Mahle,54,1994-09-29,31,"6' 3""",212,1,Pitcher,R,Right,R,Right,,,,,,,,,,,,,,,,,,,,,,,,,,
2026-04-30,823472,,/api/v1.1/game/823472/feed/live,R,2026,2026-04-30,,day,P,S,N,Regular Season,2,3,1,Final,Final,2681,Citizens Bank Park,143,Philadelphia Phillies,PHI,3,True,137,San Francisco Giants,SF,2,False,657277,Logan Webb,Logan,Webb,62,1996-11-18,29,"6' 2""",221,1,Pitcher,R,Right,R,Right,"7.0 IP, ER, 6 K, 2 BB",,,,,,,,,,,,,,,,7.0,1,7,1,6,2,92,0,0,0
2026-04-30,823472,,/api/v1.1/game/823472/feed/live,R,2026,2026-04-30,,day,P,S,N,Regular Season,2,3,1,Final,Final,2681,Citizens Bank Park,143,Philadelphia Phillies,PHI,3,True,137,San Francisco Giants,SF,2,False,676254,Ryan Walker,Ryan,Walker,74,1995-11-26,30,"6' 2""",215,1,Pitcher,R,Right,R,Right,"0.2 IP, 2 ER, K, 0 BB",,,,,,,,,,,,,,,,0.2,2,3,0,1,0,21,0,1,0
2026-04-30,823472,,/api/v1.1/game/823472/feed/live,R,2026,2026-04-30,,day,P,S,N,Regular Season,2,3,1,Final,Final,2681,Citizens Bank Park,143,Philadelphia Phillies,PHI,3,True,137,San Francisco Giants,SF,2,False,666619,Gregory Santos,Gregory,Santos,57,1999-08-28,26,"6' 3""",236,1,Pitcher,R,Right,R,Right,,,,,,,,,,,,,,,,,,,,,,,,,,
2026-04-30,823472,,/api/v1.1/game/823472/feed/live,R,2026,2026-04-30,,day,P,S,N,Regular Season,2,3,1,Final,Final,2681,Citizens Bank Park,143,Philadelphia Phillies,PHI,3,True,137,San Francisco Giants,SF,2,False,676775,Keaton Winn,Keaton,Winn,67,1998-02-20,28,"6' 4""",230,1,Pitcher,R,Right,R,Right,,,,,,,,,,,,,,,,,,,,,,,,,,
2026-04-30,823472,,/api/v1.1/game/823472/feed/live,R,2026,2026-04-30,,day,P,S,N,Regular Season,2,3,1,Final,Final,2681,Citizens Bank Park,143,Philadelphia Phillies,PHI,3,True,137,San Francisco Giants,SF,2,False,656305,Matt Chapman,Matt,Chapman,26,1993-04-28,33,"6' 1""",220,5,Third Base,R,Right,R,Right,"2-4 | 2B, BB, K",,4,2,1,0,0,0,1,1,1,0,0,0,5,3,,,,,,,,,,
2026-04-30,823472,,/api/v1.1/game/823472/feed/live,R,2026,2026-04-30,,day,P,S,N,Regular Season,2,3,1,Final,Final,2681,Citizens Bank Park,143,Philadelphia Phillies,PHI,3,True,137,San Francisco Giants,SF,2,False,672275,Patrick Bailey,Patrick,Bailey,14,1999-05-29,26,"6' 0""",223,2,Catcher,S,Switch,R,Right,1-4 | 2 K,,4,1,0,0,0,0,0,2,0,0,0,0,4,1,,,,,,,,,,
2026-04-30,823472,,/api/v1.1/game/823472/feed/live,R,2026,2026-04-30,,day,P,S,N,Regular Season,2,3,1,Final,Final,2681,Citizens Bank Park,143,Philadelphia Phillies,PHI,3,True,137,San Francisco Giants,SF,2,False,668873,Caleb Kilian,Caleb,Kilian,45,1997-06-02,28,"6' 4""",206,1,Pitcher,R,Right,R,Right,,,,,,,,,,,,,,,,,,,,,,,,,,
2026-04-30,823472,,/api/v1.1/game/823472/feed/live,R,2026,2026-04-30,,day,P,S,N,Regular Season,2,3,1,Final,Final,2681,Citizens Bank Park,143,Philadelphia Phillies,PHI,3,True,137,San Francisco Giants,SF,2,False,621366,Ryan Borucki,Ryan,Borucki,47,1994-03-31,32,"6' 4""",210,1,Pitcher,L,Left,L,Left,,,,,,,,,,,,,,,,,,,,,,,,,,
2026-04-30,823472,,/api/v1.1/game/823472/feed/live,R,2026,2026-04-30,,day,P,S,N,Regular Season,2,3,1,Final,Final,2681,Citizens Bank Park,143,Philadelphia Phillies,PHI,3,True,137,San Francisco Giants,SF,2,False,808982,Jung Hoo Lee,Jung Hoo,Lee,51,1998-08-20,27,"6' 0""",196,9,Outfielder,L,Left,R,Right,0-4 | 2 K,,4,0,0,0,0,0,0,2,0,0,0,0,4,0,,,,,,,,,,
2026-04-30,823472,,/api/v1.1/game/823472/feed/live,R,2026,2026-04-30,,day,P,S,N,Regular Season,2,3,1,Final,Final,2681,Citizens Bank Park,143,Philadelphia Phillies,PHI,3,True,137,San Francisco Giants,SF,2,False,687551,Drew Gilbert,Andrew,Gilbert,0,2000-09-27,25,"5' 9""",195,8,Outfielder,L,Left,L,Left,0-1 | K,,1,0,0,0,0,0,0,1,0,0,0,0,1,0,,,,,,,,,,
2026-04-30,823472,,/api/v1.1/game/823472/feed/live,R,2026,2026-04-30,,day,P,S,N,Regular Season,2,3,1,Final,Final,2681,Citizens Bank Park,143,Philadelphia Phillies,PHI,3,True,137,San Francisco Giants,SF,2,False,646240,Rafael Devers,Rafael,Devers,16,1996-10-24,29,"6' 0""",235,3,First Base,L,Left,R,Right,0-4 | K,,4,0,0,0,0,0,0,1,0,0,0,0,4,0,,,,,,,,,,
2026-04-30,823472,,/api/v1.1/game/823472/feed/live,R,2026,2026-04-30,,day,P,S,N,Regular Season,2,3,1,Final,Final,2681,Citizens Bank Park,143,Philadelphia Phillies,PHI,3,True,137,San Francisco Giants,SF,2,False,606992,Eric Haase,Eric,Haase,18,1992-12-18,33,"5' 10""",201,2,Catcher,R,Right,R,Right,,,,,,,,,,,,,,,,,,,,,,,,,,
2026-04-30,823472,,/api/v1.1/game/823472/feed/live,R,2026,2026-04-30,,day,P,S,N,Regular Season,2,3,1,Final,Final,2681,Citizens Bank Park,143,Philadelphia Phillies,PHI,3,True,137,San Francisco Giants,SF,2,False,683766,Christian Koss,Christian,Koss,50,1998-01-27,28,"6' 1""",185,4,Second Base,R,Right,R,Right,,,,,,,,,,,,,,,,,,,,,,,,,,
2026-04-30,823472,,/api/v1.1/game/823472/feed/live,R,2026,2026-04-30,,day,P,S,N,Regular Season,2,3,1,Final,Final,2681,Citizens Bank Park,143,Philadelphia Phillies,PHI,3,True,137,San Francisco Giants,SF,2,False,605288,Adrian Houser,Adrian,Houser,12,1993-02-02,33,"6' 4""",227,1,Pitcher,R,Right,R,Right,,,,,,,,,,,,,,,,,,,,,,,,,,
2026-04-30,823472,,/api/v1.1/game/823472/feed/live,R,2026,2026-04-30,,day,P,S,N,Regular Season,2,3,1,Final,Final,2681,Citizens Bank Park,143,Philadelphia Phillies,PHI,3,True,137,San Francisco Giants,SF,2,False,642715,Willy Adames,Willy,Adames,2,1995-09-02,30,"6' 0""",216,6,Shortstop,R,Right,R,Right,"0-3 | BB, K",,3,0,0,0,0,0,0,1,1,0,0,0,4,0,,,,,,,,,,
2026-04-30,823472,,/api/v1.1/game/823472/feed/live,R,2026,2026-04-30,,day,P,S,N,Regular Season,2,3,1,Final,Final,2681,Citizens Bank Park,143,Philadelphia Phillies,PHI,3,True,137,San Francisco Giants,SF,2,False,592662,Robbie Ray,Robert,Ray,38,1991-10-01,34,"6' 2""",220,1,Pitcher,L,Left,L,Left,,,,,,,,,,,,,,,,,,,,,,,,,,
2026-04-30,823472,,/api/v1.1/game/823472/feed/live,R,2026,2026-04-30,,day,P,S,N,Regular Season,2,3,1,Final,Final,2681,Citizens Bank Park,143,Philadelphia Phillies,PHI,3,True,137,San Francisco Giants,SF,2,False,669062,Erik Miller,Erik,Miller,68,1998-02-13,28,"6' 5""",269,1,Pitcher,L,Left,L,Left,"1.0 IP, 0 ER, K, 0 BB",,,,,,,,,,,,,,,,1.0,0,0,0,1,0,19,0,0,0
2026-04-30,823472,,/api/v1.1/game/823472/feed/live,R,2026,2026-04-30,,day,P,S,N,Regular Season,2,3,1,Final,Final,2681,Citizens Bank Park,143,Philadelphia Phillies,PHI,3,True,137,San Francisco Giants,SF,2,False,694738,Landen Roupp,Landen,Roupp,65,1998-09-10,27,"6' 2""",220,1,Pitcher,R,Right,R,Right,,,,,,,,,,,,,,,,,,,,,,,,,,
2026-04-30,823472,,/api/v1.1/game/823472/feed/live,R,2026,2026-04-30,,day,P,S,N,Regular Season,2,3,1,Final,Final,2681,Citizens Bank Park,143,Philadelphia Phillies,PHI,3,True,137,San Francisco Giants,SF,2,False,650333,Luis Arraez,Luis,Arraez,1,1997-04-09,29,"5' 10""",186,4,Second Base,L,Left,R,Right,"0-4 | K, RBI",,4,0,0,0,0,1,0,1,0,0,0,0,4,0,,,,,,,,,,
2026-04-30,823472,,/api/v1.1/game/823472/feed/live,R,2026,2026-04-30,,day,P,S,N,Regular Season,2,3,1,Final,Final,2681,Citizens Bank Park,143,Philadelphia Phillies,PHI,3,True,137,San Francisco Giants,SF,2,False,657424,Matt Gage,Matthew,Gage,93,1993-02-11,33,"6' 4""",261,1,Pitcher,L,Left,L,Left,,,,,,,,,,,,,,,,,,,,,,,,,,
2026-04-30,823471,,/api/v1.1/game/823471/feed/live,R,2026,2026-04-30,Makeup of 4/29 PPD,night,P,S,N,Regular Season,3,3,2,Final,Final,2681,Citizens Bank Park,143,Philadelphia Phillies,PHI,6,True,137,San Francisco Giants,SF,5,False,669016,Brandon Marsh,Brandon,Marsh,16,1997-12-18,28,"6' 2""",215,7,Outfielder,L,Left,R,Right,"1-1 | 2B, R",,1,1,1,0,0,0,1,0,0,0,0,0,1,2,,,,,,,,,,
2026-04-30,823471,,/api/v1.1/game/823471/feed/live,R,2026,2026-04-30,Makeup of 4/29 PPD,night,P,S,N,Regular Season,3,3,2,Final,Final,2681,Citizens Bank Park,143,Philadelphia Phillies,PHI,6,True,137,San Francisco Giants,SF,5,False,666200,Jesús Luzardo,Jesús,Luzardo,44,1997-09-30,28,"6' 0""",218,1,Pitcher,L,Left,L,Left,,,,,,,,,,,,,,,,,,,,,,,,,,
2026-04-30,823471,,/api/v1.1/game/823471/feed/live,R,2026,2026-04-30,Makeup of 4/29 PPD,night,P,S,N,Regular Season,3,3,2,Final,Final,2681,Citizens Bank Park,143,Philadelphia Phillies,PHI,6,True,137,San Francisco Giants,SF,5,False,621237,José Alvarado,José,Alvarado,46,1995-05-21,30,"6' 2""",245,1,Pitcher,L,Left,L,Left,"0.2 IP, 0 ER, K, BB",,,,,,,,,,,,,,,,0.2,0,2,0,1,1,17,0,0,0
2026-04-30,823471,,/api/v1.1/game/823471/feed/live,R,2026,2026-04-30,Makeup of 4/29 PPD,night,P,S,N,Regular Season,3,3,2,Final,Final,2681,Citizens Bank Park,143,Philadelphia Phillies,PHI,6,True,137,San Francisco Giants,SF,5,False,702222,Justin Crawford,Justin,Crawford,2,2004-01-13,22,"6' 2""",188,8,Outfielder,L,Left,R,Right,1-4 | 3B,,4,1,0,1,0,0,0,0,0,0,0,0,4,3,,,,,,,,,,
2026-04-30,823471,,/api/v1.1/game/823471/feed/live,R,2026,2026-04-30,Makeup of 4/29 PPD,night,P,S,N,Regular Season,3,3,2,Final,Final,2681,Citizens Bank Park,143,Philadelphia Phillies,PHI,6,True,137,San Francisco Giants,SF,5,False,650911,Cristopher Sánchez,Cristopher,Sánchez,61,1996-12-12,29,"6' 6""",200,1,Pitcher,L,Left,L,Left,,,,,,,,,,,,,,,,,,,,,,,,,,
2026-04-30,823471,,/api/v1.1/game/823471/feed/live,R,2026,2026-04-30,Makeup of 4/29 PPD,night,P,S,N,Regular Season,3,3,2,Final,Final,2681,Citizens Bank Park,143,Philadelphia Phillies,PHI,6,True,137,San Francisco Giants,SF,5,False,547180,Bryce Harper,Bryce,Harper,3,1992-10-16,33,"6' 1""",210,3,First Base,L,Left,R,Right,"0-2 | 3 BB, K",,2,0,0,0,0,0,0,1,3,0,0,0,5,0,,,,,,,,,,
2026-04-30,823471,,/api/v1.1/game/823471/feed/live,R,2026,2026-04-30,Makeup of 4/29 PPD,night,P,S,N,Regular Season,3,3,2,Final,Final,2681,Citizens Bank Park,143,Philadelphia Phillies,PHI,6,True,137,San Francisco Giants,SF,5,False,554430,Zack Wheeler,Zachary,Wheeler,45,1990-05-30,35,"6' 4""",195,1,Pitcher,L,Left,R,Right,,,,,,,,,,,,,,,,,,,,,,,,,,
2026-04-30,823471,,/api/v1.1/game/823471/feed/live,R,2026,2026-04-30,Makeup of 4/29 PPD,night,P,S,N,Regular Season,3,3,2,Final,Final,2681,Citizens Bank Park,143,Philadelphia Phillies,PHI,6,True,137,San Francisco Giants,SF,5,False,624641,Edmundo Sosa,Edmundo,Sosa,33,1996-03-06,30,"5' 11""",210,4,Second Base,R,Right,R,Right,,,,,,,,,,,,,,,,,,,,,,,,,,
2026-04-30,823471,,/api/v1.1/game/823471/feed/live,R,2026,2026-04-30,Makeup of 4/29 PPD,night,P,S,N,Regular Season,3,3,2,Final,Final,2681,Citizens Bank Park,143,Philadelphia Phillies,PHI,6,True,137,San Francisco Giants,SF,5,False,689147,Orion Kerkering,Richard,Kerkering,50,2001-04-04,25,"6' 2""",204,1,Pitcher,R,Right,R,Right,,,,,,,,,,,,,,,,,,,,,,,,,,
2026-04-30,823471,,/api/v1.1/game/823471/feed/live,R,2026,2026-04-30,Makeup of 4/29 PPD,night,P,S,N,Regular Season,3,3,2,Final,Final,2681,Citizens Bank Park,143,Philadelphia Phillies,PHI,6,True,137,San Francisco Giants,SF,5,False,664761,Alec Bohm,Alec,Bohm,28,1996-08-03,29,"6' 4""",218,5,Third Base,R,Right,R,Right,"0-4 | K, RBI",,4,0,0,0,0,1,0,1,0,0,0,0,5,0,,,,,,,,,,
2026-04-30,823471,,/api/v1.1/game/823471/feed/live,R,2026,2026-04-30,Makeup of 4/29 PPD,night,P,S,N,Regular Season,3,3,2,Final,Final,2681,Citizens Bank Park,143,Philadelphia Phillies,PHI,6,True,137,San Francisco Giants,SF,5,False,680742,Jonathan Bowlan,Jonathan,Bowlan,52,1996-12-01,29,"6' 6""",240,1,Pitcher,R,Right,R,Right,"1.0 IP, 2 ER, K, BB",,,,,,,,,,,,,,,,1.0,2,1,0,1,1,22,0,0,0
2026-04-30,823471,,/api/v1.1/game/823471/feed/live,R,2026,2026-04-30,Makeup of 4/29 PPD,night,P,S,N,Regular Season,3,3,2,Final,Final,2681,Citizens Bank Park,143,Philadelphia Phillies,PHI,6,True,137,San Francisco Giants,SF,5,False,663767,Chase Shugart,Chase,Shugart,55,1996-10-24,29,"5' 11""",200,1,Pitcher,L,Left,R,Right,"1.0 IP, 0 ER, K, 0 BB",,,,,,,,,,,,,,,,1.0,0,1,0,1,0,16,1,0,0
2026-04-30,823471,,/api/v1.1/game/823471/feed/live,R,2026,2026-04-30,Makeup of 4/29 PPD,night,P,S,N,Regular Season,3,3,2,Final,Final,2681,Citizens Bank Park,143,Philadelphia Phillies,PHI,6,True,137,San Francisco Giants,SF,5,False,641835,Tim Mayza,Timothy,Mayza,37,1992-01-15,34,"6' 3""",215,1,Pitcher,L,Left,L,Left,"2.0 IP, 0 ER, 2 K, BB",,,,,,,,,,,,,,,,2.0,0,2,0,2,1,33,0,0,0
2026-04-30,823471,,/api/v1.1/game/823471/feed/live,R,2026,2026-04-30,Makeup of 4/29 PPD,night,P,S,N,Regular Season,3,3,2,Final,Final,2681,Citizens Bank Park,143,Philadelphia Phillies,PHI,6,True,137,San Francisco Giants,SF,5,False,681082,Bryson Stott,Bryson,Stott,5,1997-10-06,28,"6' 0""",200,4,Second Base,L,Left,R,Right,0-3,,3,0,0,0,0,0,0,0,0,0,0,0,5,0,,,,,,,,,,
2026-04-30,823471,,/api/v1.1/game/823471/feed/live,R,2026,2026-04-30,Makeup of 4/29 PPD,night,P,S,N,Regular Season,3,3,2,Final,Final,2681,Citizens Bank Park,143,Philadelphia Phillies,PHI,6,True,137,San Francisco Giants,SF,5,False,676510,Nolan Hoffman,Nolan,Hoffman,47,1997-08-09,28,"6' 4""",190,1,Pitcher,R,Right,R,Right,"2.0 IP, ER, K, BB",,,,,,,,,,,,,,,,2.0,1,4,0,1,1,40,0,0,0
2026-04-30,823471,,/api/v1.1/game/823471/feed/live,R,2026,2026-04-30,Makeup of 4/29 PPD,night,P,S,N,Regular Season,3,3,2,Final,Final,2681,Citizens Bank Park,143,Philadelphia Phillies,PHI,6,True,137,San Francisco Giants,SF,5,False,656941,Kyle Schwarber,Kyle,Schwarber,12,1993-03-05,33,"5' 11""",229,7,Outfielder,L,Left,R,Right,"4-4 | HR, 2 2B, BB",,4,4,2,0,1,2,2,0,1,0,0,0,5,9,,,,,,,,,,
2026-04-30,823471,,/api/v1.1/game/823471/feed/live,R,2026,2026-04-30,Makeup of 4/29 PPD,night,P,S,N,Regular Season,3,3,2,Final,Final,2681,Citizens Bank Park,143,Philadelphia Phillies,PHI,6,True,137,San Francisco Giants,SF,5,False,670950,Trevor Richards,Trevor,Richards,43,1993-05-15,32,"6' 2""",205,1,Pitcher,R,Right,R,Right,"2.1 IP, ER, 3 K, BB",,,,,,,,,,,,,,,,2.1,1,3,0,3,1,45,0,0,0
2026-04-30,823471,,/api/v1.1/game/823471/feed/live,R,2026,2026-04-30,Makeup of 4/29 PPD,night,P,S,N,Regular Season,3,3,2,Final,Final,2681,Citizens Bank Park,143,Philadelphia Phillies,PHI,6,True,137,San Francisco Giants,SF,5,False,694025,Felix Reyes,Felix,Reyes,29,2001-03-26,25,"6' 3""",195,7,Outfielder,R,Right,R,Right,0-3,,3,0,0,0,0,0,0,0,0,0,0,0,3,0,,,,,,,,,,
2026-04-30,823471,,/api/v1.1/game/823471/feed/live,R,2026,2026-04-30,Makeup of 4/29 PPD,night,P,S,N,Regular Season,3,3,2,Final,Final,2681,Citizens Bank Park,143,Philadelphia Phillies,PHI,6,True,137,San Francisco Giants,SF,5,False,665561,Rafael Marchán,Rafael,Marchán,13,1999-02-25,27,"5' 9""",170,2,Catcher,S,Switch,R,Right,,,,,,,,,,,,,,,,,,,,,,,,,,
2026-04-30,823471,,/api/v1.1/game/823471/feed/live,R,2026,2026-04-30,Makeup of 4/29 PPD,night,P,S,N,Regular Season,3,3,2,Final,Final,2681,Citizens Bank Park,143,Philadelphia Phillies,PHI,6,True,137,San Francisco Giants,SF,5,False,664238,Dylan Moore,Dylan,Moore,25,1992-08-02,33,"6' 1""",205,8,Outfielder,R,Right,R,Right,0-0,,0,0,0,0,0,0,0,0,0,0,0,0,0,0,,,,,,,,,,
2026-04-30,823471,,/api/v1.1/game/823471/feed/live,R,2026,2026-04-30,Makeup of 4/29 PPD,night,P,S,N,Regular Season,3,3,2,Final,Final,2681,Citizens Bank Park,143,Philadelphia Phillies,PHI,6,True,137,San Francisco Giants,SF,5,False,596117,Garrett Stubbs,Garrett,Stubbs,21,1993-05-26,32,"5' 9""",170,2,Catcher,L,Left,R,Right,"0-3 | BB, K",,3,0,0,0,0,0,0,1,1,0,0,0,4,0,,,,,,,,,,
2026-04-30,823471,,/api/v1.1/game/823471/feed/live,R,2026,2026-04-30,Makeup of 4/29 PPD,night,P,S,N,Regular Season,3,3,2,Final,Final,2681,Citizens Bank Park,143,Philadelphia Phillies,PHI,6,True,137,San Francisco Giants,SF,5,False,621383,Tanner Banks,Tanner,Banks,58,1991-10-24,34,"6' 1""",205,1,Pitcher,R,Right,L,Left,,,,,,,,,,,,,,,,,,,,,,,,,,
2026-04-30,823471,,/api/v1.1/game/823471/feed/live,R,2026,2026-04-30,Makeup of 4/29 PPD,night,P,S,N,Regular Season,3,3,2,Final,Final,2681,Citizens Bank Park,143,Philadelphia Phillies,PHI,6,True,137,San Francisco Giants,SF,5,False,666969,Adolis García,Jose,García,53,1993-03-02,33,"6' 0""",205,9,Outfielder,R,Right,R,Right,"1-4 | BB, 2 RBI, R",,4,1,0,0,0,2,1,0,1,0,0,1,5,1,,,,,,,,,,
2026-04-30,823471,,/api/v1.1/game/823471/feed/live,R,2026,2026-04-30,Makeup of 4/29 PPD,night,P,S,N,Regular Season,3,3,2,Final,Final,2681,Citizens Bank Park,143,Philadelphia Phillies,PHI,6,True,137,San Francisco Giants,SF,5,False,605400,Aaron Nola,Aaron,Nola,27,1993-06-04,32,"6' 2""",200,1,Pitcher,R,Right,R,Right,,,,,,,,,,,,,,,,,,,,,,,,,,
2026-04-30,823471,,/api/v1.1/game/823471/feed/live,R,2026,2026-04-30,Makeup of 4/29 PPD,night,P,S,N,Regular Season,3,3,2,Final,Final,2681,Citizens Bank Park,143,Philadelphia Phillies,PHI,6,True,137,San Francisco Giants,SF,5,False,641745,Brad Keller,Brad,Keller,40,1995-07-27,30,"6' 5""",255,1,Pitcher,R,Right,R,Right,"1.0 IP, ER, 3 K, 0 BB",,,,,,,,,,,,,,,,1.0,1,0,0,3,0,20,0,0,0
2026-04-30,823471,,/api/v1.1/game/823471/feed/live,R,2026,2026-04-30,Makeup of 4/29 PPD,night,P,S,N,Regular Season,3,3,2,Final,Final,2681,Citizens Bank Park,143,Philadelphia Phillies,PHI,6,True,137,San Francisco Giants,SF,5,False,607208,Trea Turner,Trea,Turner,7,1993-06-30,32,"6' 1""",185,6,Shortstop,R,Right,R,Right,"2-5 | HR, K, RBI",,5,2,0,0,1,1,2,1,0,0,0,1,5,5,,,,,,,,,,
2026-04-30,823471,,/api/v1.1/game/823471/feed/live,R,2026,2026-04-30,Makeup of 4/29 PPD,night,P,S,N,Regular Season,3,3,2,Final,Final,2681,Citizens Bank Park,143,Philadelphia Phillies,PHI,6,True,137,San Francisco Giants,SF,5,False,691725,Andrew Painter,Andrew,Painter,24,2003-04-10,23,"6' 7""",215,1,Pitcher,R,Right,R,Right,,,,,,,,,,,,,,,,,,,,,,,,,,
2026-04-30,823471,,/api/v1.1/game/823471/feed/live,R,2026,2026-04-30,Makeup of 4/29 PPD,night,P,S,N,Regular Season,3,3,2,Final,Final,2681,Citizens Bank Park,143,Philadelphia Phillies,PHI,6,True,137,San Francisco Giants,SF,5,False,669477,Casey Schmitt,Casey,Schmitt,10,1999-03-01,27,"6' 0""",215,3,First Base,R,Right,R,Right,"2-5 | 3B, HBP, 2 R",,5,2,0,1,0,0,2,0,0,0,0,0,6,4,,,,,,,,,,
2026-04-30,823471,,/api/v1.1/game/823471/feed/live,R,2026,2026-04-30,Makeup of 4/29 PPD,night,P,S,N,Regular Season,3,3,2,Final,Final,2681,Citizens Bank Park,143,Philadelphia Phillies,PHI,6,True,137,San Francisco Giants,SF,5,False,664141,JT Brubaker,Jonathan,Brubaker,34,1993-11-17,32,"6' 4""",197,1,Pitcher,R,Right,R,Right,,,,,,,,,,,,,,,,,,,,,,,,,,
2026-04-30,823471,,/api/v1.1/game/823471/feed/live,R,2026,2026-04-30,Makeup of 4/29 PPD,night,P,S,N,Regular Season,3,3,2,Final,Final,2681,Citizens Bank Park,143,Philadelphia Phillies,PHI,6,True,137,San Francisco Giants,SF,5,False,666464,Jerar Encarnacion,Jerar,Encarnacion,19,1997-10-22,28,"6' 4""",265,9,Outfielder,R,Right,R,Right,,,,,,,,,,,,,,,,,,,,,,,,,,
2026-04-30,823471,,/api/v1.1/game/823471/feed/live,R,2026,2026-04-30,Makeup of 4/29 PPD,night,P,S,N,Regular Season,3,3,2,Final,Final,2681,Citizens Bank Park,143,Philadelphia Phillies,PHI,6,True,137,San Francisco Giants,SF,5,False,686790,Trevor McDonald,Trevor,McDonald,72,2001-02-26,25,"6' 0""",205,1,Pitcher,R,Right,R,Right,,,,,,,,,,,,,,,,,,,,,,,,,,
2026-04-30,823471,,/api/v1.1/game/823471/feed/live,R,2026,2026-04-30,Makeup of 4/29 PPD,night,P,S,N,Regular Season,3,3,2,Final,Final,2681,Citizens Bank Park,143,Philadelphia Phillies,PHI,6,True,137,San Francisco Giants,SF,5,False,671218,Heliot Ramos,Heliot,Ramos,17,1999-09-07,26,"5' 11""",235,7,Outfielder,R,Right,R,Right,"1-5 | 4 K, RBI",,5,1,0,0,0,1,0,4,0,0,0,0,6,1,,,,,,,,,,
2026-04-30,823471,,/api/v1.1/game/823471/feed/live,R,2026,2026-04-30,Makeup of 4/29 PPD,night,P,S,N,Regular Season,3,3,2,Final,Final,2681,Citizens Bank Park,143,Philadelphia Phillies,PHI,6,True,137,San Francisco Giants,SF,5,False,686823,Will Brennan,William,Brennan,7,1998-02-02,28,"5' 11""",205,7,Outfielder,L,Left,L,Left,0-1,,1,0,0,0,0,0,0,0,0,0,0,0,1,0,,,,,,,,,,
2026-04-30,823471,,/api/v1.1/game/823471/feed/live,R,2026,2026-04-30,Makeup of 4/29 PPD,night,P,S,N,Regular Season,3,3,2,Final,Final,2681,Citizens Bank Park,143,Philadelphia Phillies,PHI,6,True,137,San Francisco Giants,SF,5,False,641816,Tyler Mahle,Tyler,Mahle,54,1994-09-29,31,"6' 3""",212,1,Pitcher,R,Right,R,Right,,,,,,,,,,,,,,,,,,,,,,,,,,
2026-04-30,823471,,/api/v1.1/game/823471/feed/live,R,2026,2026-04-30,Makeup of 4/29 PPD,night,P,S,N,Regular Season,3,3,2,Final,Final,2681,Citizens Bank Park,143,Philadelphia Phillies,PHI,6,True,137,San Francisco Giants,SF,5,False,657277,Logan Webb,Logan,Webb,62,1996-11-18,29,"6' 2""",221,1,Pitcher,R,Right,R,Right,,,,,,,,,,,,,,,,,,,,,,,,,,
2026-04-30,823471,,/api/v1.1/game/823471/feed/live,R,2026,2026-04-30,Makeup of 4/29 PPD,night,P,S,N,Regular Season,3,3,2,Final,Final,2681,Citizens Bank Park,143,Philadelphia Phillies,PHI,6,True,137,San Francisco Giants,SF,5,False,676254,Ryan Walker,Ryan,Walker,74,1995-11-26,30,"6' 2""",215,1,Pitcher,R,Right,R,Right,,,,,,,,,,,,,,,,,,,,,,,,,,
2026-04-30,823471,,/api/v1.1/game/823471/feed/live,R,2026,2026-04-30,Makeup of 4/29 PPD,night,P,S,N,Regular Season,3,3,2,Final,Final,2681,Citizens Bank Park,143,Philadelphia Phillies,PHI,6,True,137,San Francisco Giants,SF,5,False,666619,Gregory Santos,Gregory,Santos,57,1999-08-28,26,"6' 3""",236,1,Pitcher,R,Right,R,Right,,,,,,,,,,,,,,,,,,,,,,,,,,
2026-04-30,823471,,/api/v1.1/game/823471/feed/live,R,2026,2026-04-30,Makeup of 4/29 PPD,night,P,S,N,Regular Season,3,3,2,Final,Final,2681,Citizens Bank Park,143,Philadelphia Phillies,PHI,6,True,137,San Francisco Giants,SF,5,False,676775,Keaton Winn,Keaton,Winn,67,1998-02-20,28,"6' 4""",230,1,Pitcher,R,Right,R,Right,"2.0 IP, ER, 0 K, 3 BB",,,,,,,,,,,,,,,,2.0,1,2,0,0,3,39,0,0,0
2026-04-30,823471,,/api/v1.1/game/823471/feed/live,R,2026,2026-04-30,Makeup of 4/29 PPD,night,P,S,N,Regular Season,3,3,2,Final,Final,2681,Citizens Bank Park,143,Philadelphia Phillies,PHI,6,True,137,San Francisco Giants,SF,5,False,656305,Matt Chapman,Matt,Chapman,26,1993-04-28,33,"6' 1""",220,5,Third Base,R,Right,R,Right,"0-4 | 2 BB, 2 K",,4,0,0,0,0,0,0,2,2,0,0,0,6,0,,,,,,,,,,
2026-04-30,823471,,/api/v1.1/game/823471/feed/live,R,2026,2026-04-30,Makeup of 4/29 PPD,night,P,S,N,Regular Season,3,3,2,Final,Final,2681,Citizens Bank Park,143,Philadelphia Phillies,PHI,6,True,137,San Francisco Giants,SF,5,False,672275,Patrick Bailey,Patrick,Bailey,14,1999-05-29,26,"6' 0""",223,2,Catcher,S,Switch,R,Right,0-0 | BB,,0,0,0,0,0,0,0,0,1,0,0,0,1,0,,,,,,,,,,
2026-04-30,823471,,/api/v1.1/game/823471/feed/live,R,2026,2026-04-30,Makeup of 4/29 PPD,night,P,S,N,Regular Season,3,3,2,Final,Final,2681,Citizens Bank Park,143,Philadelphia Phillies,PHI,6,True,137,San Francisco Giants,SF,5,False,668873,Caleb Kilian,Caleb,Kilian,45,1997-06-02,28,"6' 4""",206,1,Pitcher,R,Right,R,Right,"2.0 IP, 0 ER, 2 K, 0 BB",,,,,,,,,,,,,,,,2.0,0,1,0,2,0,22,0,0,0
2026-04-30,823471,,/api/v1.1/game/823471/feed/live,R,2026,2026-04-30,Makeup of 4/29 PPD,night,P,S,N,Regular Season,3,3,2,Final,Final,2681,Citizens Bank Park,143,Philadelphia Phillies,PHI,6,True,137,San Francisco Giants,SF,5,False,621366,Ryan Borucki,Ryan,Borucki,47,1994-03-31,32,"6' 4""",210,1,Pitcher,L,Left,L,Left,"0.1 IP, ER, 0 K, BB",,,,,,,,,,,,,,,,0.1,1,2,0,0,1,16,0,0,0
2026-04-30,823471,,/api/v1.1/game/823471/feed/live,R,2026,2026-04-30,Makeup of 4/29 PPD,night,P,S,N,Regular Season,3,3,2,Final,Final,2681,Citizens Bank Park,143,Philadelphia Phillies,PHI,6,True,137,San Francisco Giants,SF,5,False,808982,Jung Hoo Lee,Jung Hoo,Lee,51,1998-08-20,27,"6' 0""",196,9,Outfielder,L,Left,R,Right,"2-4 | BB, RBI, R",,4,2,0,0,0,1,1,0,1,0,0,0,5,2,,,,,,,,,,
2026-04-30,823471,,/api/v1.1/game/823471/feed/live,R,2026,2026-04-30,Makeup of 4/29 PPD,night,P,S,N,Regular Season,3,3,2,Final,Final,2681,Citizens Bank Park,143,Philadelphia Phillies,PHI,6,True,137,San Francisco Giants,SF,5,False,687551,Drew Gilbert,Andrew,Gilbert,0,2000-09-27,25,"5' 9""",195,8,Outfielder,L,Left,L,Left,"3-5 | 2B, R",,5,3,1,0,0,0,1,0,0,0,0,0,5,4,,,,,,,,,,
2026-04-30,823471,,/api/v1.1/game/823471/feed/live,R,2026,2026-04-30,Makeup of 4/29 PPD,night,P,S,N,Regular Season,3,3,2,Final,Final,2681,Citizens Bank Park,143,Philadelphia Phillies,PHI,6,True,137,San Francisco Giants,SF,5,False,646240,Rafael Devers,Rafael,Devers,16,1996-10-24,29,"6' 0""",235,3,First Base,L,Left,R,Right,"1-3 | BB, 2 K, RBI",,3,1,0,0,0,1,0,2,1,0,0,0,5,1,,,,,,,,,,
2026-04-30,823471,,/api/v1.1/game/823471/feed/live,R,2026,2026-04-30,Makeup of 4/29 PPD,night,P,S,N,Regular Season,3,3,2,Final,Final,2681,Citizens Bank Park,143,Philadelphia Phillies,PHI,6,True,137,San Francisco Giants,SF,5,False,606992,Eric Haase,Eric,Haase,18,1992-12-18,33,"5' 10""",201,2,Catcher,R,Right,R,Right,"1-3 | K, R",,3,1,0,0,0,0,1,1,0,0,0,0,3,1,,,,,,,,,,
2026-04-30,823471,,/api/v1.1/game/823471/feed/live,R,2026,2026-04-30,Makeup of 4/29 PPD,night,P,S,N,Regular Season,3,3,2,Final,Final,2681,Citizens Bank Park,143,Philadelphia Phillies,PHI,6,True,137,San Francisco Giants,SF,5,False,683766,Christian Koss,Christian,Koss,50,1998-01-27,28,"6' 1""",185,4,Second Base,R,Right,R,Right,,,,,,,,,,,,,,,,,,,,,,,,,,
2026-04-30,823471,,/api/v1.1/game/823471/feed/live,R,2026,2026-04-30,Makeup of 4/29 PPD,night,P,S,N,Regular Season,3,3,2,Final,Final,2681,Citizens Bank Park,143,Philadelphia Phillies,PHI,6,True,137,San Francisco Giants,SF,5,False,605288,Adrian Houser,Adrian,Houser,12,1993-02-02,33,"6' 4""",227,1,Pitcher,R,Right,R,Right,"4.2 IP, 3 ER, 2 K, 2 BB",,,,,,,,,,,,,,,,4.2,3,4,2,2,2,68,0,0,0
2026-04-30,823471,,/api/v1.1/game/823471/feed/live,R,2026,2026-04-30,Makeup of 4/29 PPD,night,P,S,N,Regular Season,3,3,2,Final,Final,2681,Citizens Bank Park,143,Philadelphia Phillies,PHI,6,True,137,San Francisco Giants,SF,5,False,642715,Willy Adames,Willy,Adames,2,1995-09-02,30,"6' 0""",216,6,Shortstop,R,Right,R,Right,1-5 | 2 K,,5,1,0,0,0,0,0,2,0,0,0,0,5,1,,,,,,,,,,
2026-04-30,823471,,/api/v1.1/game/823471/feed/live,R,2026,2026-04-30,Makeup of 4/29 PPD,night,P,S,N,Regular Season,3,3,2,Final,Final,2681,Citizens Bank Park,143,Philadelphia Phillies,PHI,6,True,137,San Francisco Giants,SF,5,False,592662,Robbie Ray,Robert,Ray,38,1991-10-01,34,"6' 2""",220,1,Pitcher,L,Left,L,Left,,,,,,,,,,,,,,,,,,,,,,,,,,
2026-04-30,823471,,/api/v1.1/game/823471/feed/live,R,2026,2026-04-30,Makeup of 4/29 PPD,night,P,S,N,Regular Season,3,3,2,Final,Final,2681,Citizens Bank Park,143,Philadelphia Phillies,PHI,6,True,137,San Francisco Giants,SF,5,False,669062,Erik Miller,Erik,Miller,68,1998-02-13,28,"6' 5""",269,1,Pitcher,L,Left,L,Left,,,,,,,,,,,,,,,,,,,,,,,,,,
2026-04-30,823471,,/api/v1.1/game/823471/feed/live,R,2026,2026-04-30,Makeup of 4/29 PPD,night,P,S,N,Regular Season,3,3,2,Final,Final,2681,Citizens Bank Park,143,Philadelphia Phillies,PHI,6,True,137,San Francisco Giants,SF,5,False,694738,Landen Roupp,Landen,Roupp,65,1998-09-10,27,"6' 2""",220,1,Pitcher,R,Right,R,Right,,,,,,,,,,,,,,,,,,,,,,,,,,
2026-04-30,823471,,/api/v1.1/game/823471/feed/live,R,2026,2026-04-30,Makeup of 4/29 PPD,night,P,S,N,Regular Season,3,3,2,Final,Final,2681,Citizens Bank Park,143,Philadelphia Phillies,PHI,6,True,137,San Francisco Giants,SF,5,False,650333,Luis Arraez,Luis,Arraez,1,1997-04-09,29,"5' 10""",186,4,Second Base,L,Left,R,Right,"2-6 | K, 2 RBI",,6,2,0,0,0,2,0,1,0,0,0,0,6,2,,,,,,,,,,
2026-04-30,823471,,/api/v1.1/game/823471/feed/live,R,2026,2026-04-30,Makeup of 4/29 PPD,night,P,S,N,Regular Season,3,3,2,Final,Final,2681,Citizens Bank Park,143,Philadelphia Phillies,PHI,6,True,137,San Francisco Giants,SF,5,False,657424,Matt Gage,Matthew,Gage,93,1993-02-11,33,"6' 4""",261,1,Pitcher,L,Left,L,Left,"0.2 IP, 0 ER, 0 K, 0 BB",,,,,,,,,,,,,,,,0.2,0,0,0,0,0,3,0,1,0
2026-04-30,824524,,/api/v1.1/game/824524/feed/live,R,2026,2026-04-30,,day,P,N,N,Regular Season,3,3,1,Final,Final,2602,Great American Ball Park,113,Cincinnati Reds,CIN,6,True,115,Colorado Rockies,COL,4,False,682829,Elly De La Cruz,Elly,De La Cruz,44,2002-01-11,24,"6' 6""",200,6,Shortstop,S,Switch,R,Right,1-4 | 2 K,,4,1,0,0,0,0,0,2,0,0,0,0,4,1,,,,,,,,,,
2026-04-30,824524,,/api/v1.1/game/824524/feed/live,R,2026,2026-04-30,,day,P,N,N,Regular Season,3,3,1,Final,Final,2602,Great American Ball Park,113,Cincinnati Reds,CIN,6,True,115,Colorado Rockies,COL,4,False,701398,Sal Stewart,Sal,Stewart,27,2003-12-07,22,"6' 1""",224,3,First Base,R,Right,R,Right,"0-3 | BB, R",,3,0,0,0,0,0,1,0,1,0,0,0,4,0,,,,,,,,,,
2026-04-30,824524,,/api/v1.1/game/824524/feed/live,R,2026,2026-04-30,,day,P,N,N,Regular Season,3,3,1,Final,Final,2602,Great American Ball Park,113,Cincinnati Reds,CIN,6,True,115,Colorado Rockies,COL,4,False,667472,Dane Myers,Dane,Myers,17,1996-03-08,30,"6' 0""",205,8,Outfielder,R,Right,R,Right,0-1 | RBI,,1,0,0,0,0,1,0,0,0,0,0,0,1,0,,,,,,,,,,
2026-04-30,824524,,/api/v1.1/game/824524/feed/live,R,2026,2026-04-30,,day,P,N,N,Regular Season,3,3,1,Final,Final,2602,Great American Ball Park,113,Cincinnati Reds,CIN,6,True,115,Colorado Rockies,COL,4,False,572955,Pierce Johnson,Pierce,Johnson,52,1991-05-10,34,"6' 2""",202,1,Pitcher,R,Right,R,Right,,,,,,,,,,,,,,,,,,,,,,,,,,
2026-04-30,824524,,/api/v1.1/game/824524/feed/live,R,2026,2026-04-30,,day,P,N,N,Regular Season,3,3,1,Final,Final,2602,Great American Ball Park,113,Cincinnati Reds,CIN,6,True,115,Colorado Rockies,COL,4,False,682825,Luis Mey,Luis,Mey,47,2001-06-24,24,"6' 5""",235,1,Pitcher,R,Right,R,Right,,,,,,,,,,,,,,,,,,,,,,,,,,
2026-04-30,824524,,/api/v1.1/game/824524/feed/live,R,2026,2026-04-30,,day,P,N,N,Regular Season,3,3,1,Final,Final,2602,Great American Ball Park,113,Cincinnati Reds,CIN,6,True,115,Colorado Rockies,COL,4,False,641941,Emilio Pagán,Emilio,Pagán,15,1991-05-07,34,"6' 2""",208,1,Pitcher,L,Left,R,Right,"1.0 IP, 2 ER, 0 K, 0 BB",,,,,,,,,,,,,,,,1.0,2,3,0,0,0,11,0,0,0
2026-04-30,824524,,/api/v1.1/game/824524/feed/live,R,2026,2026-04-30,,day,P,N,N,Regular Season,3,3,1,Final,Final,2602,Great American Ball Park,113,Cincinnati Reds,CIN,6,True,115,Colorado Rockies,COL,4,False,663574,Tony Santillan,Antonio,Santillan,64,1997-04-15,29,"6' 3""",285,1,Pitcher,R,Right,R,Right,"1.0 IP, 0 ER, K, 0 BB",,,,,,,,,,,,,,,,1.0,0,1,0,1,0,5,0,0,0
2026-04-30,824524,,/api/v1.1/game/824524/feed/live,R,2026,2026-04-30,,day,P,N,N,Regular Season,3,3,1,Final,Final,2602,Great American Ball Park,113,Cincinnati Reds,CIN,6,True,115,Colorado Rockies,COL,4,False,663993,Nathaniel Lowe,David,Lowe,31,1995-07-07,30,"6' 4""",220,3,First Base,L,Left,R,Right,"2-3 | HR, 2B, BB",,3,2,1,0,1,1,2,0,1,0,0,0,4,6,,,,,,,,,,
2026-04-30,824524,,/api/v1.1/game/824524/feed/live,R,2026,2026-04-30,,day,P,N,N,Regular Season,3,3,1,Final,Final,2602,Great American Ball Park,113,Cincinnati Reds,CIN,6,True,115,Colorado Rockies,COL,4,False,683742,Jose Franco,Jose,Franco,74,2000-11-25,25,"6' 2""",257,1,Pitcher,R,Right,R,Right,,,,,,,,,,,,,,,,,,,,,,,,,,
2026-04-30,824524,,/api/v1.1/game/824524/feed/live,R,2026,2026-04-30,,day,P,N,N,Regular Season,3,3,1,Final,Final,2602,Great American Ball Park,113,Cincinnati Reds,CIN,6,True,115,Colorado Rockies,COL,4,False,663903,Brady Singer,Brady,Singer,51,1996-08-04,29,"6' 5""",215,1,Pitcher,R,Right,R,Right,,,,,,,,,,,,,,,,,,,,,,,,,,
2026-04-30,824524,,/api/v1.1/game/824524/feed/live,R,2026,2026-04-30,,day,P,N,N,Regular Season,3,3,1,Final,Final,2602,Great American Ball Park,113,Cincinnati Reds,CIN,6,True,115,Colorado Rockies,COL,4,False,680574,Matt McLain,Matthew,McLain,9,1999-08-06,26,"5' 8""",180,4,Second Base,R,Right,R,Right,0-4 | K,,4,0,0,0,0,0,0,1,0,0,0,0,4,0,,,,,,,,,,
2026-04-30,824524,,/api/v1.1/game/824524/feed/live,R,2026,2026-04-30,,day,P,N,N,Regular Season,3,3,1,Final,Final,2602,Great American Ball Park,113,Cincinnati Reds,CIN,6,True,115,Colorado Rockies,COL,4,False,663647,Ke'Bryan Hayes,Ke'Bryan,Hayes,3,1997-01-28,29,"5' 11""",215,5,Third Base,R,Right,R,Right,0-0,,0,0,0,0,0,0,0,0,0,0,0,0,0,0,,,,,,,,,,
2026-04-30,824524,,/api/v1.1/game/824524/feed/live,R,2026,2026-04-30,,day,P,N,N,Regular Season,3,3,1,Final,Final,2602,Great American Ball Park,113,Cincinnati Reds,CIN,6,True,115,Colorado Rockies,COL,4,False,666181,Will Benson,William,Benson,30,1998-06-16,27,"6' 4""",230,9,Outfielder,L,Left,L,Left,0-4 | 2 K,,4,0,0,0,0,0,0,2,0,0,0,0,4,0,,,,,,,,,,
2026-04-30,824524,,/api/v1.1/game/824524/feed/live,R,2026,2026-04-30,,day,P,N,N,Regular Season,3,3,1,Final,Final,2602,Great American Ball Park,113,Cincinnati Reds,CIN,6,True,115,Colorado Rockies,COL,4,False,670770,TJ Friedl,Terry,Friedl,29,1995-08-14,30,"5' 8""",180,8,Outfielder,L,Left,L,Left,"1-4 | HR, K, 2 RBI",,4,1,0,0,1,2,1,1,0,0,0,0,4,4,,,,,,,,,,
2026-04-30,824524,,/api/v1.1/game/824524/feed/live,R,2026,2026-04-30,,day,P,N,N,Regular Season,3,3,1,Final,Final,2602,Great American Ball Park,113,Cincinnati Reds,CIN,6,True,115,Colorado Rockies,COL,4,False,695076,Rhett Lowder,Rhett,Lowder,25,2002-03-08,24,"6' 1""",200,1,Pitcher,R,Right,R,Right,,,,,,,,,,,,,,,,,,,,,,,,,,
2026-04-30,824524,,/api/v1.1/game/824524/feed/live,R,2026,2026-04-30,,day,P,N,N,Regular Season,3,3,1,Final,Final,2602,Great American Ball Park,113,Cincinnati Reds,CIN,6,True,115,Colorado Rockies,COL,4,False,668715,Spencer Steer,Spencer,Steer,7,1997-12-07,28,"5' 9""",185,7,Outfielder,R,Right,R,Right,"2-3 | 2B, BB, 2 RBI",,3,2,1,0,0,2,1,0,1,0,0,0,4,3,,,,,,,,,,
2026-04-30,824524,,/api/v1.1/game/824524/feed/live,R,2026,2026-04-30,,day,P,N,N,Regular Season,3,3,1,Final,Final,2602,Great American Ball Park,113,Cincinnati Reds,CIN,6,True,115,Colorado Rockies,COL,4,False,683175,Connor Phillips,Connor,Phillips,34,2001-05-04,24,"6' 2""",209,1,Pitcher,R,Right,R,Right,"1.0 IP, 0 ER, 3 K, BB",,,,,,,,,,,,,,,,1.0,0,0,0,3,1,23,0,0,0
2026-04-30,824524,,/api/v1.1/game/824524/feed/live,R,2026,2026-04-30,,day,P,N,N,Regular Season,3,3,1,Final,Final,2602,Great American Ball Park,113,Cincinnati Reds,CIN,6,True,115,Colorado Rockies,COL,4,False,624431,Jose Trevino,Jose,Trevino,35,1992-11-28,33,"5' 9""",215,2,Catcher,R,Right,R,Right,,,,,,,,,,,,,,,,,,,,,,,,,,
2026-04-30,824524,,/api/v1.1/game/824524/feed/live,R,2026,2026-04-30,,day,P,N,N,Regular Season,3,3,1,Final,Final,2602,Great American Ball Park,113,Cincinnati Reds,CIN,6,True,115,Colorado Rockies,COL,4,False,663886,Tyler Stephenson,Tyler,Stephenson,37,1996-08-16,29,"6' 3""",225,2,Catcher,R,Right,R,Right,"1-4 | 2B, K, R",,4,1,1,0,0,0,1,1,0,0,0,0,4,2,,,,,,,,,,
2026-04-30,824524,,/api/v1.1/game/824524/feed/live,R,2026,2026-04-30,,day,P,N,N,Regular Season,3,3,1,Final,Final,2602,Great American Ball Park,113,Cincinnati Reds,CIN,6,True,115,Colorado Rockies,COL,4,False,594580,Sam Moll,Samuel,Moll,50,1992-01-03,34,"5' 9""",190,1,Pitcher,L,Left,L,Left,,,,,,,,,,,,,,,,,,,,,,,,,,
2026-04-30,824524,,/api/v1.1/game/824524/feed/live,R,2026,2026-04-30,,day,P,N,N,Regular Season,3,3,1,Final,Final,2602,Great American Ball Park,113,Cincinnati Reds,CIN,6,True,115,Colorado Rockies,COL,4,False,687209,Zach Maxwell,Zachary,Maxwell,78,2001-01-26,25,"6' 6""",275,1,Pitcher,R,Right,R,Right,,,,,,,,,,,,,,,,,,,,,,,,,,
2026-04-30,824524,,/api/v1.1/game/824524/feed/live,R,2026,2026-04-30,,day,P,N,N,Regular Season,3,3,1,Final,Final,2602,Great American Ball Park,113,Cincinnati Reds,CIN,6,True,115,Colorado Rockies,COL,4,False,668709,JJ Bleday,Jeffrey,Bleday,22,1997-11-10,28,"6' 2""",205,7,Outfielder,L,Left,L,Left,0-1 | 2 BB,,1,0,0,0,0,0,0,0,2,0,0,0,3,0,,,,,,,,,,
2026-04-30,824524,,/api/v1.1/game/824524/feed/live,R,2026,2026-04-30,,day,P,N,N,Regular Season,3,3,1,Final,Final,2602,Great American Ball Park,113,Cincinnati Reds,CIN,6,True,115,Colorado Rockies,COL,4,False,656271,Brock Burke,Brock,Burke,49,1996-08-04,29,"6' 4""",210,1,Pitcher,L,Left,L,Left,,,,,,,,,,,,,,,,,,,,,,,,,,
2026-04-30,824524,,/api/v1.1/game/824524/feed/live,R,2026,2026-04-30,,day,P,N,N,Regular Season,3,3,1,Final,Final,2602,Great American Ball Park,113,Cincinnati Reds,CIN,6,True,115,Colorado Rockies,COL,4,False,671096,Andrew Abbott,Andrew,Abbott,41,1999-06-01,26,"6' 0""",192,1,Pitcher,L,Left,L,Left,"6.0 IP, 2 ER, 5 K, 2 BB",,,,,,,,,,,,,,,,6.0,2,5,1,5,2,86,1,0,0
2026-04-30,824524,,/api/v1.1/game/824524/feed/live,R,2026,2026-04-30,,day,P,N,N,Regular Season,3,3,1,Final,Final,2602,Great American Ball Park,113,Cincinnati Reds,CIN,6,True,115,Colorado Rockies,COL,4,False,677956,Rece Hinds,Rece,Hinds,57,2000-09-05,25,"6' 3""",215,9,Outfielder,R,Right,R,Right,,,,,,,,,,,,,,,,,,,,,,,,,,
2026-04-30,824524,,/api/v1.1/game/824524/feed/live,R,2026,2026-04-30,,day,P,N,N,Regular Season,3,3,1,Final,Final,2602,Great American Ball Park,113,Cincinnati Reds,CIN,6,True,115,Colorado Rockies,COL,4,False,695505,Chase Burns,Chase,Burns,26,2003-01-16,23,"6' 3""",210,1,Pitcher,R,Right,R,Right,,,,,,,,,,,,,,,,,,,,,,,,,,
2026-04-30,824524,,/api/v1.1/game/824524/feed/live,R,2026,2026-04-30,,day,P,N,N,Regular Season,3,3,1,Final,Final,2602,Great American Ball Park,113,Cincinnati Reds,CIN,6,True,115,Colorado Rockies,COL,4,False,666160,Mickey Moniak,McKenzie,Moniak,22,1998-05-13,27,"6' 1""",209,7,Outfielder,L,Left,R,Right,"1-2 | K, RBI",,2,1,0,0,0,1,0,1,0,0,0,0,2,1,,,,,,,,,,
2026-04-30,824524,,/api/v1.1/game/824524/feed/live,R,2026,2026-04-30,,day,P,N,N,Regular Season,3,3,1,Final,Final,2602,Great American Ball Park,113,Cincinnati Reds,CIN,6,True,115,Colorado Rockies,COL,4,False,680767,Victor Vodnik,Victor,Vodnik,38,1999-10-09,26,"6' 0""",216,1,Pitcher,R,Right,R,Right,"1.0 IP, 2 ER, K, BB",,,,,,,,,,,,,,,,1.0,2,2,0,1,1,25,0,0,0
2026-04-30,824524,,/api/v1.1/game/824524/feed/live,R,2026,2026-04-30,,day,P,N,N,Regular Season,3,3,1,Final,Final,2602,Great American Ball Park,113,Cincinnati Reds,CIN,6,True,115,Colorado Rockies,COL,4,False,623474,Jimmy Herget,Jimmy,Herget,44,1993-09-09,32,"6' 3""",183,1,Pitcher,R,Right,R,Right,,,,,,,,,,,,,,,,,,,,,,,,,,
2026-04-30,824524,,/api/v1.1/game/824524/feed/live,R,2026,2026-04-30,,day,P,N,N,Regular Season,3,3,1,Final,Final,2602,Great American Ball Park,113,Cincinnati Reds,CIN,6,True,115,Colorado Rockies,COL,4,False,664983,Jake McCarthy,Jacob,McCarthy,31,1997-07-30,28,"6' 0""",213,7,Outfielder,L,Left,L,Left,"0-0 | BB, RBI",,0,0,0,0,0,1,0,0,1,0,0,0,2,0,,,,,,,,,,
2026-04-30,824524,,/api/v1.1/game/824524/feed/live,R,2026,2026-04-30,,day,P,N,N,Regular Season,3,3,1,Final,Final,2602,Great American Ball Park,113,Cincinnati Reds,CIN,6,True,115,Colorado Rockies,COL,4,False,687859,Troy Johnston,Troy,Johnston,20,1997-06-22,28,"5' 11""",206,9,Outfielder,L,Left,L,Left,"1-4 | K, R",,4,1,0,0,0,0,1,1,0,0,0,0,4,1,,,,,,,,,,
2026-04-30,824524,,/api/v1.1/game/824524/feed/live,R,2026,2026-04-30,,day,P,N,N,Regular Season,3,3,1,Final,Final,2602,Great American Ball Park,113,Cincinnati Reds,CIN,6,True,115,Colorado Rockies,COL,4,False,801403,Chase Dollander,Tyler,Dollander,32,2001-10-26,24,"6' 2""",219,1,Pitcher,R,Right,R,Right,,,,,,,,,,,,,,,,,,,,,,,,,,
2026-04-30,824524,,/api/v1.1/game/824524/feed/live,R,2026,2026-04-30,,day,P,N,N,Regular Season,3,3,1,Final,Final,2602,Great American Ball Park,113,Cincinnati Reds,CIN,6,True,115,Colorado Rockies,COL,4,False,500779,Jose Quintana,Jose,Quintana,62,1989-01-24,37,"6' 2""",224,1,Pitcher,R,Right,L,Left,,,,,,,,,,,,,,,,,,,,,,,,,,
2026-04-30,824524,,/api/v1.1/game/824524/feed/live,R,2026,2026-04-30,,day,P,N,N,Regular Season,3,3,1,Final,Final,2602,Great American Ball Park,113,Cincinnati Reds,CIN,6,True,115,Colorado Rockies,COL,4,False,607536,Kyle Freeland,Kyle,Freeland,21,1993-05-14,32,"6' 4""",202,1,Pitcher,L,Left,L,Left,,,,,,,,,,,,,,,,,,,,,,,,,,
2026-04-30,824524,,/api/v1.1/game/824524/feed/live,R,2026,2026-04-30,,day,P,N,N,Regular Season,3,3,1,Final,Final,2602,Great American Ball Park,113,Cincinnati Reds,CIN,6,True,115,Colorado Rockies,COL,4,False,650489,Willi Castro,Willi,Castro,3,1997-04-24,29,"6' 0""",209,4,Second Base,S,Switch,R,Right,0-4 | K,,4,0,0,0,0,0,0,1,0,0,0,0,4,0,,,,,,,,,,
2026-04-30,824524,,/api/v1.1/game/824524/feed/live,R,2026,2026-04-30,,day,P,N,N,Regular Season,3,3,1,Final,Final,2602,Great American Ball Park,113,Cincinnati Reds,CIN,6,True,115,Colorado Rockies,COL,4,False,657514,Brennan Bernardino,Brennan,Bernardino,83,1992-01-15,34,"6' 4""",216,1,Pitcher,L,Left,L,Left,,,,,,,,,,,,,,,,,,,,,,,,,,
2026-04-30,824524,,/api/v1.1/game/824524/feed/live,R,2026,2026-04-30,,day,P,N,N,Regular Season,3,3,1,Final,Final,2602,Great American Ball Park,113,Cincinnati Reds,CIN,6,True,115,Colorado Rockies,COL,4,False,671289,Tyler Freeman,Tyler,Freeman,2,1999-05-21,26,"5' 11""",200,9,Outfielder,R,Right,R,Right,"2-4 | HR, 2 RBI, R",,4,2,0,0,1,2,1,0,0,0,0,0,4,5,,,,,,,,,,
2026-04-30,824524,,/api/v1.1/game/824524/feed/live,R,2026,2026-04-30,,day,P,N,N,Regular Season,3,3,1,Final,Final,2602,Great American Ball Park,113,Cincinnati Reds,CIN,6,True,115,Colorado Rockies,COL,4,False,675848,Juan Mejia,Juan,Mejia,47,2000-07-04,25,"6' 3""",210,1,Pitcher,R,Right,R,Right,,,,,,,,,,,,,,,,,,,,,,,,,,
2026-04-30,824524,,/api/v1.1/game/824524/feed/live,R,2026,2026-04-30,,day,P,N,N,Regular Season,3,3,1,Final,Final,2602,Great American Ball Park,113,Cincinnati Reds,CIN,6,True,115,Colorado Rockies,COL,4,False,666397,Edouard Julien,Edouard,Julien,6,1999-04-30,27,"6' 1""",195,4,Second Base,L,Left,R,Right,0-1 | HBP,,1,0,0,0,0,0,0,0,0,0,0,0,2,0,,,,,,,,,,
2026-04-30,824524,,/api/v1.1/game/824524/feed/live,R,2026,2026-04-30,,day,P,N,N,Regular Season,3,3,1,Final,Final,2602,Great American Ball Park,113,Cincinnati Reds,CIN,6,True,115,Colorado Rockies,COL,4,False,696100,Hunter Goodman,Hunter,Goodman,15,1999-10-08,26,"5' 11""",220,2,Catcher,R,Right,R,Right,0-5 | 3 K,,5,0,0,0,0,0,0,3,0,0,0,0,5,0,,,,,,,,,,
2026-04-30,824524,,/api/v1.1/game/824524/feed/live,R,2026,2026-04-30,,day,P,N,N,Regular Season,3,3,1,Final,Final,2602,Great American Ball Park,113,Cincinnati Reds,CIN,6,True,115,Colorado Rockies,COL,4,False,608372,Tomoyuki Sugano,Tomoyuki,Sugano,11,1989-10-11,36,"6' 1""",227,1,Pitcher,R,Right,R,Right,,,,,,,,,,,,,,,,,,,,,,,,,,
2026-04-30,824524,,/api/v1.1/game/824524/feed/live,R,2026,2026-04-30,,day,P,N,N,Regular Season,3,3,1,Final,Final,2602,Great American Ball Park,113,Cincinnati Reds,CIN,6,True,115,Colorado Rockies,COL,4,False,687597,Jordan Beck,Jordan,Beck,27,2001-04-19,25,"6' 2""",227,7,Outfielder,R,Right,R,Right,1-3 | K,,3,1,0,0,0,0,0,1,0,0,0,0,3,1,,,,,,,,,,
2026-04-30,824524,,/api/v1.1/game/824524/feed/live,R,2026,2026-04-30,,day,P,N,N,Regular Season,3,3,1,Final,Final,2602,Great American Ball Park,113,Cincinnati Reds,CIN,6,True,115,Colorado Rockies,COL,4,False,688642,Zach Agnos,Zachary,Agnos,36,2000-08-15,25,"6' 0""",225,1,Pitcher,R,Right,R,Right,,,,,,,,,,,,,,,,,,,,,,,,,,
2026-04-30,824524,,/api/v1.1/game/824524/feed/live,R,2026,2026-04-30,,day,P,N,N,Regular Season,3,3,1,Final,Final,2602,Great American Ball Park,113,Cincinnati Reds,CIN,6,True,115,Colorado Rockies,COL,4,False,685299,Tanner Gordon,Tanner,Gordon,29,1997-10-26,28,"6' 5""",220,1,Pitcher,L,Left,R,Right,,,,,,,,,,,,,,,,,,,,,,,,,,
2026-04-30,824524,,/api/v1.1/game/824524/feed/live,R,2026,2026-04-30,,day,P,N,N,Regular Season,3,3,1,Final,Final,2602,Great American Ball Park,113,Cincinnati Reds,CIN,6,True,115,Colorado Rockies,COL,4,False,664954,Brett Sullivan,Brett,Sullivan,26,1994-02-22,32,"5' 11""",190,2,Catcher,L,Left,R,Right,,,,,,,,,,,,,,,,,,,,,,,,,,
2026-04-30,824524,,/api/v1.1/game/824524/feed/live,R,2026,2026-04-30,,day,P,N,N,Regular Season,3,3,1,Final,Final,2602,Great American Ball Park,113,Cincinnati Reds,CIN,6,True,115,Colorado Rockies,COL,4,False,686668,Brenton Doyle,Brenton,Doyle,9,1998-05-14,27,"6' 3""",223,8,Outfielder,R,Right,R,Right,"0-2 | BB, R, SB",,2,0,0,0,0,0,1,0,1,1,0,0,3,0,,,,,,,,,,
2026-04-30,824524,,/api/v1.1/game/824524/feed/live,R,2026,2026-04-30,,day,P,N,N,Regular Season,3,3,1,Final,Final,2602,Great American Ball Park,113,Cincinnati Reds,CIN,6,True,115,Colorado Rockies,COL,4,False,678662,Ezequiel Tovar,Ezequiel,Tovar,14,2001-08-01,24,"6' 0""",192,6,Shortstop,R,Right,R,Right,1-1 | BB,,1,1,0,0,0,0,0,0,1,0,0,0,2,1,,,,,,,,,,
2026-04-30,824524,,/api/v1.1/game/824524/feed/live,R,2026,2026-04-30,,day,P,N,N,Regular Season,3,3,1,Final,Final,2602,Great American Ball Park,113,Cincinnati Reds,CIN,6,True,115,Colorado Rockies,COL,4,False,547179,Michael Lorenzen,Michael,Lorenzen,24,1992-01-04,34,"6' 1""",210,1,Pitcher,R,Right,R,Right,"5.1 IP, 4 ER, 5 K, 3 BB",,,,,,,,,,,,,,,,5.1,4,4,2,5,3,85,0,1,0
2026-04-30,824524,,/api/v1.1/game/824524/feed/live,R,2026,2026-04-30,,day,P,N,N,Regular Season,3,3,1,Final,Final,2602,Great American Ball Park,113,Cincinnati Reds,CIN,6,True,115,Colorado Rockies,COL,4,False,681198,TJ Rumfield,Toby,Rumfield,7,2000-05-17,25,"6' 5""",238,3,First Base,L,Left,R,Right,1-4 | K,,4,1,0,0,0,0,0,1,0,0,0,0,4,1,,,,,,,,,,
2026-04-30,824524,,/api/v1.1/game/824524/feed/live,R,2026,2026-04-30,,day,P,N,N,Regular Season,3,3,1,Final,Final,2602,Great American Ball Park,113,Cincinnati Reds,CIN,6,True,115,Colorado Rockies,COL,4,False,622608,Antonio Senzatela,Antonio,Senzatela,49,1995-01-21,31,"6' 1""",235,1,Pitcher,R,Right,R,Right,"1.2 IP, 0 ER, K, BB",,,,,,,,,,,,,,,,1.2,0,1,0,1,1,16,0,0,0
2026-04-30,824524,,/api/v1.1/game/824524/feed/live,R,2026,2026-04-30,,day,P,N,N,Regular Season,3,3,1,Final,Final,2602,Great American Ball Park,113,Cincinnati Reds,CIN,6,True,115,Colorado Rockies,COL,4,False,677955,Jaden Hill,Kenneth,Hill,0,1999-12-22,26,"6' 4""",260,1,Pitcher,R,Right,R,Right,,,,,,,,,,,,,,,,,,,,,,,,,,
2026-04-30,824524,,/api/v1.1/game/824524/feed/live,R,2026,2026-04-30,,day,P,N,N,Regular Season,3,3,1,Final,Final,2602,Great American Ball Park,113,Cincinnati Reds,CIN,6,True,115,Colorado Rockies,COL,4,False,691720,Kyle Karros,Kyle,Karros,12,2002-07-26,23,"6' 5""",225,5,Third Base,R,Right,R,Right,"2-4 | K, R",,4,2,0,0,0,0,1,1,0,0,0,0,4,2,,,,,,,,,,
2026-04-30,823634,,/api/v1.1/game/823634/feed/live,R,2026,2026-04-30,,day,P,N,N,Regular Season,3,3,1,Final,Final,3289,Citi Field,121,New York Mets,NYM,4,False,120,Washington Nationals,WSH,5,True,620443,Luis Torrens,Luis,Torrens,13,1996-05-02,29,"5' 11""",217,2,Catcher,R,Right,R,Right,0-2 | K,,2,0,0,0,0,0,0,1,0,0,0,0,3,0,,,,,,,,,,
2026-04-30,823634,,/api/v1.1/game/823634/feed/live,R,2026,2026-04-30,,day,P,N,N,Regular Season,3,3,1,Final,Final,3289,Citi Field,121,New York Mets,NYM,4,False,120,Washington Nationals,WSH,5,True,666182,Bo Bichette,Bo,Bichette,19,1998-03-05,28,"5' 11""",190,5,Third Base,R,Right,R,Right,"0-3 | BB, R",,3,0,0,0,0,0,1,0,1,0,0,0,4,0,,,,,,,,,,
2026-04-30,823634,,/api/v1.1/game/823634/feed/live,R,2026,2026-04-30,,day,P,N,N,Regular Season,3,3,1,Final,Final,3289,Citi Field,121,New York Mets,NYM,4,False,120,Washington Nationals,WSH,5,True,621438,Tyrone Taylor,Tyrone,Taylor,28,1994-01-22,32,"6' 0""",218,9,Outfielder,R,Right,R,Right,0-2,,2,0,0,0,0,0,0,0,0,0,0,0,2,0,,,,,,,,,,
2026-04-30,823634,,/api/v1.1/game/823634/feed/live,R,2026,2026-04-30,,day,P,N,N,Regular Season,3,3,1,Final,Final,3289,Citi Field,121,New York Mets,NYM,4,False,120,Washington Nationals,WSH,5,True,682626,Francisco Alvarez,Francisco,Alvarez,4,2001-11-19,24,"5' 10""",233,2,Catcher,R,Right,R,Right,1-1 | 2B,,1,1,1,0,0,0,0,0,0,0,0,0,1,2,,,,,,,,,,
2026-04-30,823634,,/api/v1.1/game/823634/feed/live,R,2026,2026-04-30,,day,P,N,N,Regular Season,3,3,1,Final,Final,3289,Citi Field,121,New York Mets,NYM,4,False,120,Washington Nationals,WSH,5,True,668901,Mark Vientos,Mark,Vientos,27,1999-12-11,26,"6' 3""",185,3,First Base,R,Right,R,Right,"1-4 | 2B, RBI",,4,1,1,0,0,1,0,0,0,0,0,0,4,2,,,,,,,,,,
2026-04-30,823634,,/api/v1.1/game/823634/feed/live,R,2026,2026-04-30,,day,P,N,N,Regular Season,3,3,1,Final,Final,3289,Citi Field,121,New York Mets,NYM,4,False,120,Washington Nationals,WSH,5,True,640455,Sean Manaea,Sean,Manaea,59,1992-02-01,34,"6' 5""",245,1,Pitcher,R,Right,L,Left,,,,,,,,,,,,,,,,,,,,,,,,,,
2026-04-30,823634,,/api/v1.1/game/823634/feed/live,R,2026,2026-04-30,,day,P,N,N,Regular Season,3,3,1,Final,Final,3289,Citi Field,121,New York Mets,NYM,4,False,120,Washington Nationals,WSH,5,True,668964,Tobias Myers,Tobias,Myers,32,1998-08-05,27,"6' 1""",223,1,Pitcher,R,Right,R,Right,,,,,,,,,,,,,,,,,,,,,,,,,,
2026-04-30,823634,,/api/v1.1/game/823634/feed/live,R,2026,2026-04-30,,day,P,N,N,Regular Season,3,3,1,Final,Final,3289,Citi Field,121,New York Mets,NYM,4,False,120,Washington Nationals,WSH,5,True,681810,Austin Warren,Austin,Warren,44,1996-02-05,30,"6' 0""",170,1,Pitcher,R,Right,R,Right,,,,,,,,,,,,,,,,,,,,,,,,,,
2026-04-30,823634,,/api/v1.1/game/823634/feed/live,R,2026,2026-04-30,,day,P,N,N,Regular Season,3,3,1,Final,Final,3289,Citi Field,121,New York Mets,NYM,4,False,120,Washington Nationals,WSH,5,True,683146,Brett Baty,Brett,Baty,7,1999-11-13,26,"6' 3""",210,9,Outfielder,L,Left,R,Right,0-2,,2,0,0,0,0,0,0,0,0,0,0,0,2,0,,,,,,,,,,
2026-04-30,823634,,/api/v1.1/game/823634/feed/live,R,2026,2026-04-30,,day,P,N,N,Regular Season,3,3,1,Final,Final,3289,Citi Field,121,New York Mets,NYM,4,False,120,Washington Nationals,WSH,5,True,623211,Huascar Brazobán,Huascar,Brazobán,43,1989-10-15,36,"6' 3""",155,1,Pitcher,R,Right,R,Right,,,,,,,,,,,,,,,,,,,,,,,,,,
2026-04-30,823634,,/api/v1.1/game/823634/feed/live,R,2026,2026-04-30,,day,P,N,N,Regular Season,3,3,1,Final,Final,3289,Citi Field,121,New York Mets,NYM,4,False,120,Washington Nationals,WSH,5,True,596133,Luke Weaver,Luke,Weaver,30,1993-08-21,32,"6' 2""",180,1,Pitcher,R,Right,R,Right,"1.0 IP, 2 ER, K, 0 BB",,,,,,,,,,,,,,,,1.0,2,2,1,1,0,13,0,1,0
2026-04-30,823634,,/api/v1.1/game/823634/feed/live,R,2026,2026-04-30,,day,P,N,N,Regular Season,3,3,1,Final,Final,3289,Citi Field,121,New York Mets,NYM,4,False,120,Washington Nationals,WSH,5,True,701807,Carson Benge,Carson,Benge,3,2003-01-20,23,"6' 1""",184,7,Outfielder,L,Left,R,Right,1-4 | 2 K,,4,1,0,0,0,0,0,2,0,0,0,0,4,1,,,,,,,,,,
2026-04-30,823634,,/api/v1.1/game/823634/feed/live,R,2026,2026-04-30,,day,P,N,N,Regular Season,3,3,1,Final,Final,3289,Citi Field,121,New York Mets,NYM,4,False,120,Washington Nationals,WSH,5,True,676572,Eric Wagaman,Eric,Wagaman,39,1997-08-14,28,"6' 4""",210,3,First Base,R,Right,R,Right,,,,,,,,,,,,,,,,,,,,,,,,,,
2026-04-30,823634,,/api/v1.1/game/823634/feed/live,R,2026,2026-04-30,,day,P,N,N,Regular Season,3,3,1,Final,Final,3289,Citi Field,121,New York Mets,NYM,4,False,120,Washington Nationals,WSH,5,True,642207,Devin Williams,Devin,Williams,38,1994-09-21,31,"6' 2""",193,1,Pitcher,R,Right,R,Right,"1.0 IP, 0 ER, 0 K, 0 BB",,,,,,,,,,,,,,,,1.0,0,1,0,0,0,14,0,0,0
2026-04-30,823634,,/api/v1.1/game/823634/feed/live,R,2026,2026-04-30,,day,P,N,N,Regular Season,3,3,1,Final,Final,3289,Citi Field,121,New York Mets,NYM,4,False,120,Washington Nationals,WSH,5,True,543760,Marcus Semien,Marcus,Semien,10,1990-09-17,35,"6' 0""",195,4,Second Base,R,Right,R,Right,0-4,,4,0,0,0,0,0,0,0,0,0,0,0,4,0,,,,,,,,,,
2026-04-30,823634,,/api/v1.1/game/823634/feed/live,R,2026,2026-04-30,,day,P,N,N,Regular Season,3,3,1,Final,Final,3289,Citi Field,121,New York Mets,NYM,4,False,120,Washington Nationals,WSH,5,True,669004,MJ Melendez,Mervyl,Melendez,1,1998-11-29,27,"6' 0""",190,7,Outfielder,L,Left,R,Right,"2-2 | HR, 3 RBI, R",,2,2,0,0,1,3,1,0,0,0,0,0,3,5,,,,,,,,,,
2026-04-30,823634,,/api/v1.1/game/823634/feed/live,R,2026,2026-04-30,,day,P,N,N,Regular Season,3,3,1,Final,Final,3289,Citi Field,121,New York Mets,NYM,4,False,120,Washington Nationals,WSH,5,True,656849,David Peterson,David,Peterson,23,1995-09-03,30,"6' 6""",240,1,Pitcher,L,Left,L,Left,,,,,,,,,,,,,,,,,,,,,,,,,,
2026-04-30,823634,,/api/v1.1/game/823634/feed/live,R,2026,2026-04-30,,day,P,N,N,Regular Season,3,3,1,Final,Final,3289,Citi Field,121,New York Mets,NYM,4,False,120,Washington Nationals,WSH,5,True,642547,Freddy Peralta,Freddy,Peralta,51,1996-06-04,29,"6' 0""",198,1,Pitcher,R,Right,R,Right,"6.0 IP, ER, 6 K, 3 BB",,,,,,,,,,,,,,,,6.0,1,4,0,6,3,90,0,0,0
2026-04-30,823634,,/api/v1.1/game/823634/feed/live,R,2026,2026-04-30,,day,P,N,N,Regular Season,3,3,1,Final,Final,3289,Citi Field,121,New York Mets,NYM,4,False,120,Washington Nationals,WSH,5,True,605280,Clay Holmes,Clayton,Holmes,35,1993-03-27,33,"6' 5""",245,1,Pitcher,R,Right,R,Right,,,,,,,,,,,,,,,,,,,,,,,,,,
2026-04-30,823634,,/api/v1.1/game/823634/feed/live,R,2026,2026-04-30,,day,P,N,N,Regular Season,3,3,1,Final,Final,3289,Citi Field,121,New York Mets,NYM,4,False,120,Washington Nationals,WSH,5,True,665742,Juan Soto,Juan,Soto,22,1998-10-25,27,"6' 1""",224,7,Outfielder,L,Left,L,Left,"2-3 | 2B, BB, 2 R",,3,2,1,0,0,0,2,0,1,0,0,0,4,3,,,,,,,,,,
2026-04-30,823634,,/api/v1.1/game/823634/feed/live,R,2026,2026-04-30,,day,P,N,N,Regular Season,3,3,1,Final,Final,3289,Citi Field,121,New York Mets,NYM,4,False,120,Washington Nationals,WSH,5,True,518886,Craig Kimbrel,Craig,Kimbrel,46,1988-05-28,37,"6' 0""",215,1,Pitcher,R,Right,R,Right,,,,,,,,,,,,,,,,,,,,,,,,,,
2026-04-30,823634,,/api/v1.1/game/823634/feed/live,R,2026,2026-04-30,,day,P,N,N,Regular Season,3,3,1,Final,Final,3289,Citi Field,121,New York Mets,NYM,4,False,120,Washington Nationals,WSH,5,True,681035,Christian Scott,Christian,Scott,45,1999-06-15,26,"6' 4""",215,1,Pitcher,R,Right,R,Right,,,,,,,,,,,,,,,,,,,,,,,,,,
2026-04-30,823634,,/api/v1.1/game/823634/feed/live,R,2026,2026-04-30,,day,P,N,N,Regular Season,3,3,1,Final,Final,3289,Citi Field,121,New York Mets,NYM,4,False,120,Washington Nationals,WSH,5,True,677595,Ronny Mauricio,Ronny,Mauricio,0,2001-04-04,25,"6' 3""",166,6,Shortstop,S,Switch,R,Right,0-4 | K,,4,0,0,0,0,0,0,1,0,0,0,0,4,0,,,,,,,,,,
2026-04-30,823634,,/api/v1.1/game/823634/feed/live,R,2026,2026-04-30,,day,P,N,N,Regular Season,3,3,1,Final,Final,3289,Citi Field,121,New York Mets,NYM,4,False,120,Washington Nationals,WSH,5,True,548384,Brooks Raley,Brooks,Raley,25,1988-06-29,37,"6' 3""",200,1,Pitcher,L,Left,L,Left,"1.0 IP, 0 ER, 2 K, 0 BB",,,,,,,,,,,,,,,,1.0,0,0,0,2,0,12,0,0,0
2026-04-30,823634,,/api/v1.1/game/823634/feed/live,R,2026,2026-04-30,,day,P,N,N,Regular Season,3,3,1,Final,Final,3289,Citi Field,121,New York Mets,NYM,4,False,120,Washington Nationals,WSH,5,True,596103,Austin Slater,Austin,Slater,40,1992-12-13,33,"6' 1""",205,7,Outfielder,R,Right,R,Right,0-1,,1,0,0,0,0,0,0,0,0,0,0,0,1,0,,,,,,,,,,
2026-04-30,823634,,/api/v1.1/game/823634/feed/live,R,2026,2026-04-30,,day,P,N,N,Regular Season,3,3,1,Final,Final,3289,Citi Field,121,New York Mets,NYM,4,False,120,Washington Nationals,WSH,5,True,690997,Nolan McLean,Nolan,McLean,26,2001-07-24,24,"6' 2""",214,1,Pitcher,R,Right,R,Right,,,,,,,,,,,,,,,,,,,,,,,,,,
2026-04-30,823634,,/api/v1.1/game/823634/feed/live,R,2026,2026-04-30,,day,P,N,N,Regular Season,3,3,1,Final,Final,3289,Citi Field,121,New York Mets,NYM,4,False,120,Washington Nationals,WSH,5,True,691781,Brady House,Brady,House,12,2003-06-04,22,"6' 4""",208,5,Third Base,R,Right,R,Right,,,,,,,,,,,,,,,,,,,,,,,,,,
2026-04-30,823634,,/api/v1.1/game/823634/feed/live,R,2026,2026-04-30,,day,P,N,N,Regular Season,3,3,1,Final,Final,3289,Citi Field,121,New York Mets,NYM,4,False,120,Washington Nationals,WSH,5,True,682928,CJ Abrams,Paul,Abrams,5,2000-10-03,25,"6' 0""",191,6,Shortstop,L,Left,R,Right,"2-3 | HR, BB, K",,3,2,0,0,1,3,1,1,1,0,0,0,4,5,,,,,,,,,,
2026-04-30,823634,,/api/v1.1/game/823634/feed/live,R,2026,2026-04-30,,day,P,N,N,Regular Season,3,3,1,Final,Final,3289,Citi Field,121,New York Mets,NYM,4,False,120,Washington Nationals,WSH,5,True,683083,Nasim Nuñez,Nasim,Nuñez,26,2000-08-18,25,"5' 8""",165,4,Second Base,S,Switch,R,Right,"1-4 | R, SB",,4,1,0,0,0,0,1,0,0,1,0,0,4,1,,,,,,,,,,
2026-04-30,823634,,/api/v1.1/game/823634/feed/live,R,2026,2026-04-30,,day,P,N,N,Regular Season,3,3,1,Final,Final,3289,Citi Field,121,New York Mets,NYM,4,False,120,Washington Nationals,WSH,5,True,701552,Andre Granillo,Andre,Granillo,79,2000-05-12,25,"6' 4""",250,1,Pitcher,R,Right,R,Right,,,,,,,,,,,,,,,,,,,,,,,,,,
2026-04-30,823634,,/api/v1.1/game/823634/feed/live,R,2026,2026-04-30,,day,P,N,N,Regular Season,3,3,1,Final,Final,3289,Citi Field,121,New York Mets,NYM,4,False,120,Washington Nationals,WSH,5,True,686452,Drew Millas,Andrew,Millas,14,1998-01-15,28,"6' 0""",204,2,Catcher,S,Switch,R,Right,0-2 | 2 K,,2,0,0,0,0,0,0,2,0,0,0,0,2,0,,,,,,,,,,
2026-04-30,823634,,/api/v1.1/game/823634/feed/live,R,2026,2026-04-30,,day,P,N,N,Regular Season,3,3,1,Final,Final,3289,Citi Field,121,New York Mets,NYM,4,False,120,Washington Nationals,WSH,5,True,571945,Miles Mikolas,Miles,Mikolas,36,1988-08-23,37,"6' 4""",230,1,Pitcher,R,Right,R,Right,"4.0 IP, 3 ER, 3 K, BB",,,,,,,,,,,,,,,,4.0,3,3,1,3,1,79,0,0,0
2026-04-30,823634,,/api/v1.1/game/823634/feed/live,R,2026,2026-04-30,,day,P,N,N,Regular Season,3,3,1,Final,Final,3289,Citi Field,121,New York Mets,NYM,4,False,120,Washington Nationals,WSH,5,True,678391,Jorbit Vivas,Jorbit,Vivas,84,2001-03-09,25,"5' 9""",171,5,Third Base,L,Left,R,Right,1-4 | R,,4,1,0,0,0,0,1,0,0,0,0,0,4,1,,,,,,,,,,
2026-04-30,823634,,/api/v1.1/game/823634/feed/live,R,2026,2026-04-30,,day,P,N,N,Regular Season,3,3,1,Final,Final,3289,Citi Field,121,New York Mets,NYM,4,False,120,Washington Nationals,WSH,5,True,686894,Joey Wiemer,Joseph,Wiemer,21,1999-02-11,27,"6' 4""",226,9,Outfielder,R,Right,R,Right,,,,,,,,,,,,,,,,,,,,,,,,,,
2026-04-30,823634,,/api/v1.1/game/823634/feed/live,R,2026,2026-04-30,,day,P,N,N,Regular Season,3,3,1,Final,Final,3289,Citi Field,121,New York Mets,NYM,4,False,120,Washington Nationals,WSH,5,True,663992,Richard Lovelady,Richard,Lovelady,55,1995-07-07,30,"6' 0""",185,1,Pitcher,L,Left,L,Left,"0.2 IP, 0 ER, 0 K, 0 BB",,,,,,,,,,,,,,,,0.2,0,1,0,0,0,12,0,0,0
2026-04-30,823634,,/api/v1.1/game/823634/feed/live,R,2026,2026-04-30,,day,P,N,N,Regular Season,3,3,1,Final,Final,3289,Citi Field,121,New York Mets,NYM,4,False,120,Washington Nationals,WSH,5,True,676571,PJ Poulin,Peter,Poulin,50,1996-07-25,29,"6' 1""",195,1,Pitcher,R,Right,L,Left,,,,,,,,,,,,,,,,,,,,,,,,,,
2026-04-30,823634,,/api/v1.1/game/823634/feed/live,R,2026,2026-04-30,,day,P,N,N,Regular Season,3,3,1,Final,Final,3289,Citi Field,121,New York Mets,NYM,4,False,120,Washington Nationals,WSH,5,True,695418,Brad Lord,Bradley,Lord,41,2000-02-14,26,"6' 3""",210,1,Pitcher,R,Right,R,Right,,,,,,,,,,,,,,,,,,,,,,,,,,
2026-04-30,823634,,/api/v1.1/game/823634/feed/live,R,2026,2026-04-30,,day,P,N,N,Regular Season,3,3,1,Final,Final,3289,Citi Field,121,New York Mets,NYM,4,False,120,Washington Nationals,WSH,5,True,678554,Curtis Mead,Curtis,Mead,45,2000-10-26,25,"6' 1""",225,3,First Base,R,Right,R,Right,0-1,,1,0,0,0,0,0,0,0,0,0,0,0,1,0,,,,,,,,,,
2026-04-30,823634,,/api/v1.1/game/823634/feed/live,R,2026,2026-04-30,,day,P,N,N,Regular Season,3,3,1,Final,Final,3289,Citi Field,121,New York Mets,NYM,4,False,120,Washington Nationals,WSH,5,True,695734,Daylen Lile,Daylen,Lile,4,2002-11-30,23,"5' 11""",195,7,Outfielder,L,Left,R,Right,0-4 | R,,4,0,0,0,0,0,1,0,0,0,0,0,4,0,,,,,,,,,,
2026-04-30,823634,,/api/v1.1/game/823634/feed/live,R,2026,2026-04-30,,day,P,N,N,Regular Season,3,3,1,Final,Final,3289,Citi Field,121,New York Mets,NYM,4,False,120,Washington Nationals,WSH,5,True,677588,José Tena,José,Tena,8,2001-03-20,25,"5' 10""",195,4,Second Base,L,Left,R,Right,"0-3 | BB, 2 K",,3,0,0,0,0,0,0,2,1,0,0,1,4,0,,,,,,,,,,
2026-04-30,823634,,/api/v1.1/game/823634/feed/live,R,2026,2026-04-30,,day,P,N,N,Regular Season,3,3,1,Final,Final,3289,Citi Field,121,New York Mets,NYM,4,False,120,Washington Nationals,WSH,5,True,672335,Cionel Pérez,Cionel,Pérez,51,1996-04-21,30,"6' 0""",175,1,Pitcher,R,Right,L,Left,,,,,,,,,,,,,,,,,,,,,,,,,,
2026-04-30,823634,,/api/v1.1/game/823634/feed/live,R,2026,2026-04-30,,day,P,N,N,Regular Season,3,3,1,Final,Final,3289,Citi Field,121,New York Mets,NYM,4,False,120,Washington Nationals,WSH,5,True,695578,James Wood,James,Wood,29,2002-09-17,23,"6' 6""",234,9,Outfielder,L,Left,R,Right,"0-3 | BB, 2 K",,3,0,0,0,0,0,0,2,1,0,0,0,4,0,,,,,,,,,,
2026-04-30,823634,,/api/v1.1/game/823634/feed/live,R,2026,2026-04-30,,day,P,N,N,Regular Season,3,3,1,Final,Final,3289,Citi Field,121,New York Mets,NYM,4,False,120,Washington Nationals,WSH,5,True,676917,Cade Cavalli,Steven,Cavalli,24,1998-08-14,27,"6' 4""",223,1,Pitcher,R,Right,R,Right,,,,,,,,,,,,,,,,,,,,,,,,,,
2026-04-30,823634,,/api/v1.1/game/823634/feed/live,R,2026,2026-04-30,,day,P,N,N,Regular Season,3,3,1,Final,Final,3289,Citi Field,121,New York Mets,NYM,4,False,120,Washington Nationals,WSH,5,True,696285,Jacob Young,Jacob,Young,30,1999-07-27,26,"5' 11""",192,8,Outfielder,R,Right,R,Right,"1-4 | K, RBI, CS",,4,1,0,0,0,1,0,1,0,0,1,0,4,1,,,,,,,,,,
2026-04-30,823634,,/api/v1.1/game/823634/feed/live,R,2026,2026-04-30,,day,P,N,N,Regular Season,3,3,1,Final,Final,3289,Citi Field,121,New York Mets,NYM,4,False,120,Washington Nationals,WSH,5,True,663623,Jake Irvin,Jacob,Irvin,27,1997-02-18,29,"6' 6""",234,1,Pitcher,R,Right,R,Right,,,,,,,,,,,,,,,,,,,,,,,,,,
2026-04-30,823634,,/api/v1.1/game/823634/feed/live,R,2026,2026-04-30,,day,P,N,N,Regular Season,3,3,1,Final,Final,3289,Citi Field,121,New York Mets,NYM,4,False,120,Washington Nationals,WSH,5,True,681402,Gus Varland,Augustus,Varland,47,1996-11-06,29,"6' 1""",225,1,Pitcher,L,Left,R,Right,"1.1 IP, 0 ER, K, 0 BB",,,,,,,,,,,,,,,,1.1,0,1,0,1,0,22,0,0,1
2026-04-30,823634,,/api/v1.1/game/823634/feed/live,R,2026,2026-04-30,,day,P,N,N,Regular Season,3,3,1,Final,Final,3289,Citi Field,121,New York Mets,NYM,4,False,120,Washington Nationals,WSH,5,True,641793,Zack Littell,Zack,Littell,18,1995-10-05,30,"6' 4""",250,1,Pitcher,R,Right,R,Right,,,,,,,,,,,,,,,,,,,,,,,,,,
2026-04-30,823634,,/api/v1.1/game/823634/feed/live,R,2026,2026-04-30,,day,P,N,N,Regular Season,3,3,1,Final,Final,3289,Citi Field,121,New York Mets,NYM,4,False,120,Washington Nationals,WSH,5,True,680730,Mitchell Parker,Mitchell,Parker,70,1999-09-27,26,"6' 4""",239,1,Pitcher,L,Left,L,Left,"3.0 IP, ER, 0 K, BB",,,,,,,,,,,,,,,,3.0,1,2,0,0,1,34,1,0,0
2026-04-30,823634,,/api/v1.1/game/823634/feed/live,R,2026,2026-04-30,,day,P,N,N,Regular Season,3,3,1,Final,Final,3289,Citi Field,121,New York Mets,NYM,4,False,120,Washington Nationals,WSH,5,True,687606,Paxton Schultz,Paxton,Schultz,75,1998-01-05,28,"6' 3""",205,1,Pitcher,L,Left,R,Right,,,,,,,,,,,,,,,,,,,,,,,,,,
2026-04-30,823634,,/api/v1.1/game/823634/feed/live,R,2026,2026-04-30,,day,P,N,N,Regular Season,3,3,1,Final,Final,3289,Citi Field,121,New York Mets,NYM,4,False,120,Washington Nationals,WSH,5,True,660688,Keibert Ruiz,Keibert,Ruiz,20,1998-07-20,27,"5' 11""",238,2,Catcher,S,Switch,R,Right,0-1,,1,0,0,0,0,0,0,0,0,0,0,0,1,0,,,,,,,,,,
2026-04-30,823634,,/api/v1.1/game/823634/feed/live,R,2026,2026-04-30,,day,P,N,N,Regular Season,3,3,1,Final,Final,3289,Citi Field,121,New York Mets,NYM,4,False,120,Washington Nationals,WSH,5,True,656492,Foster Griffin,Fred,Griffin,22,1995-07-27,30,"6' 3""",225,1,Pitcher,R,Right,L,Left,,,,,,,,,,,,,,,,,,,,,,,,,,
2026-04-30,823634,,/api/v1.1/game/823634/feed/live,R,2026,2026-04-30,,day,P,N,N,Regular Season,3,3,1,Final,Final,3289,Citi Field,121,New York Mets,NYM,4,False,120,Washington Nationals,WSH,5,True,671277,Luis García Jr.,Luis,García,2,2000-05-16,25,"6' 1""",216,3,First Base,L,Left,R,Right,"2-4 | 2B, K, R",,4,2,1,0,0,0,1,1,0,0,0,0,4,3,,,,,,,,,,
2026-04-30,823795,,/api/v1.1/game/823795/feed/live,R,2026,2026-04-30,,day,P,N,N,Regular Season,3,3,1,Final,Final,32,American Family Field,158,Milwaukee Brewers,MIL,13,True,109,Arizona Diamondbacks,AZ,1,False,694477,Chad Patrick,Chandler,Patrick,39,1998-08-14,27,"6' 1""",217,1,Pitcher,R,Right,R,Right,,,,,,,,,,,,,,,,,,,,,,,,,,
2026-04-30,823795,,/api/v1.1/game/823795/feed/live,R,2026,2026-04-30,,day,P,N,N,Regular Season,3,3,1,Final,Final,32,American Family Field,158,Milwaukee Brewers,MIL,13,True,109,Arizona Diamondbacks,AZ,1,False,650859,Luis Rengifo,Luis,Rengifo,13,1997-02-26,29,"5' 9""",204,5,Third Base,S,Switch,R,Right,"1-5 | 2B, K, 3 RBI",,5,1,1,0,0,3,0,1,0,0,0,0,5,2,,,,,,,,,,
2026-04-30,823795,,/api/v1.1/game/823795/feed/live,R,2026,2026-04-30,,day,P,N,N,Regular Season,3,3,1,Final,Final,32,American Family Field,158,Milwaukee Brewers,MIL,13,True,109,Arizona Diamondbacks,AZ,1,False,675659,Greg Jones,Gregory,Jones,14,1998-03-07,28,"6' 0""",189,7,Outfielder,S,Switch,R,Right,0-4 | 3 K,,4,0,0,0,0,0,0,3,0,0,0,0,4,0,,,,,,,,,,
2026-04-30,823795,,/api/v1.1/game/823795/feed/live,R,2026,2026-04-30,,day,P,N,N,Regular Season,3,3,1,Final,Final,32,American Family Field,158,Milwaukee Brewers,MIL,13,True,109,Arizona Diamondbacks,AZ,1,False,687401,Joey Ortiz,Joseph,Ortiz,3,1998-07-14,27,"5' 10""",192,6,Shortstop,R,Right,R,Right,,,,,,,,,,,,,,,,,,,,,,,,,,
2026-04-30,823795,,/api/v1.1/game/823795/feed/live,R,2026,2026-04-30,,day,P,N,N,Regular Season,3,3,1,Final,Final,32,American Family Field,158,Milwaukee Brewers,MIL,13,True,109,Arizona Diamondbacks,AZ,1,False,641343,Jake Bauers,Jakob,Bauers,9,1995-10-06,30,"6' 0""",216,3,First Base,L,Left,L,Left,"1-4 | BB, RBI, 2 R",,4,1,0,0,0,1,2,0,1,0,0,0,5,1,,,,,,,,,,
2026-04-30,823795,,/api/v1.1/game/823795/feed/live,R,2026,2026-04-30,,day,P,N,N,Regular Season,3,3,1,Final,Final,32,American Family Field,158,Milwaukee Brewers,MIL,13,True,109,Arizona Diamondbacks,AZ,1,False,686217,Sal Frelick,Salvatore,Frelick,10,2000-04-19,26,"5' 9""",191,9,Outfielder,L,Left,R,Right,"1-5 | HR, RBI, R",,5,1,0,0,1,1,1,0,0,0,0,1,5,4,,,,,,,,,,
2026-04-30,823795,,/api/v1.1/game/823795/feed/live,R,2026,2026-04-30,,day,P,N,N,Regular Season,3,3,1,Final,Final,32,American Family Field,158,Milwaukee Brewers,MIL,13,True,109,Arizona Diamondbacks,AZ,1,False,682842,Abner Uribe,Abner,Uribe,45,2000-06-20,25,"6' 3""",205,1,Pitcher,R,Right,R,Right,,,,,,,,,,,,,,,,,,,,,,,,,,
2026-04-30,823795,,/api/v1.1/game/823795/feed/live,R,2026,2026-04-30,,day,P,N,N,Regular Season,3,3,1,Final,Final,32,American Family Field,158,Milwaukee Brewers,MIL,13,True,109,Arizona Diamondbacks,AZ,1,False,681982,Grant Anderson,Grant,Anderson,56,1997-06-21,28,"6' 0""",213,1,Pitcher,R,Right,R,Right,"0.2 IP, 0 ER, 2 K, 0 BB",,,,,,,,,,,,,,,,0.2,0,0,0,2,0,8,0,0,0
2026-04-30,823795,,/api/v1.1/game/823795/feed/live,R,2026,2026-04-30,,day,P,N,N,Regular Season,3,3,1,Final,Final,32,American Family Field,158,Milwaukee Brewers,MIL,13,True,109,Arizona Diamondbacks,AZ,1,False,675660,Shane Drohan,Shane,Drohan,55,1999-01-07,27,"6' 2""",202,1,Pitcher,L,Left,L,Left,"4.0 IP, ER, 4 K, 0 BB",,,,,,,,,,,,,,,,4.0,1,5,0,4,0,60,1,0,0
2026-04-30,823795,,/api/v1.1/game/823795/feed/live,R,2026,2026-04-30,,day,P,N,N,Regular Season,3,3,1,Final,Final,32,American Family Field,158,Milwaukee Brewers,MIL,13,True,109,Arizona Diamondbacks,AZ,1,False,663604,Brandon Lockridge,Brandon,Lockridge,20,1997-03-14,29,"6' 0""",197,7,Outfielder,R,Right,R,Right,,,,,,,,,,,,,,,,,,,,,,,,,,
2026-04-30,823795,,/api/v1.1/game/823795/feed/live,R,2026,2026-04-30,,day,P,N,N,Regular Season,3,3,1,Final,Final,32,American Family Field,158,Milwaukee Brewers,MIL,13,True,109,Arizona Diamondbacks,AZ,1,False,690986,Kyle Harrison,Kyle,Harrison,52,2001-08-12,24,"6' 2""",216,1,Pitcher,R,Right,L,Left,,,,,,,,,,,,,,,,,,,,,,,,,,
2026-04-30,823795,,/api/v1.1/game/823795/feed/live,R,2026,2026-04-30,,day,P,N,N,Regular Season,3,3,1,Final,Final,32,American Family Field,158,Milwaukee Brewers,MIL,13,True,109,Arizona Diamondbacks,AZ,1,False,672012,Tyler Black,Tyler,Black,7,2000-07-26,25,"6' 0""",208,5,Third Base,L,Left,R,Right,"2-4 | 2B, BB, 3 RBI",,4,2,1,0,0,3,0,0,1,0,0,1,5,3,,,,,,,,,,
2026-04-30,823795,,/api/v1.1/game/823795/feed/live,R,2026,2026-04-30,,day,P,N,N,Regular Season,3,3,1,Final,Final,32,American Family Field,158,Milwaukee Brewers,MIL,13,True,109,Arizona Diamondbacks,AZ,1,False,702153,Brian Fitzpatrick,Brian,Fitzpatrick,35,2000-06-01,25,"6' 7""",225,1,Pitcher,S,Switch,L,Left,"1.0 IP, 0 ER, 2 K, BB",,,,,,,,,,,,,,,,1.0,0,0,0,2,1,20,0,0,0
2026-04-30,823795,,/api/v1.1/game/823795/feed/live,R,2026,2026-04-30,,day,P,N,N,Regular Season,3,3,1,Final,Final,32,American Family Field,158,Milwaukee Brewers,MIL,13,True,109,Arizona Diamondbacks,AZ,1,False,669003,Garrett Mitchell,Garrett,Mitchell,5,1998-09-04,27,"6' 2""",229,8,Outfielder,L,Left,R,Right,"2-4 | BB, K, 3 R",,4,2,0,0,0,0,3,1,1,0,0,0,5,2,,,,,,,,,,
2026-04-30,823795,,/api/v1.1/game/823795/feed/live,R,2026,2026-04-30,,day,P,N,N,Regular Season,3,3,1,Final,Final,32,American Family Field,158,Milwaukee Brewers,MIL,13,True,109,Arizona Diamondbacks,AZ,1,False,676879,Aaron Ashby,Aaron,Ashby,26,1998-05-24,27,"6' 0""",194,1,Pitcher,R,Right,L,Left,,,,,,,,,,,,,,,,,,,,,,,,,,
2026-04-30,823795,,/api/v1.1/game/823795/feed/live,R,2026,2026-04-30,,day,P,N,N,Regular Season,3,3,1,Final,Final,32,American Family Field,158,Milwaukee Brewers,MIL,13,True,109,Arizona Diamondbacks,AZ,1,False,666152,David Hamilton,David,Hamilton,6,1997-09-29,28,"5' 10""",192,5,Third Base,L,Left,R,Right,"1-4 | K, R",,4,1,0,0,0,0,1,1,0,0,0,0,4,1,,,,,,,,,,
2026-04-30,823795,,/api/v1.1/game/823795/feed/live,R,2026,2026-04-30,,day,P,N,N,Regular Season,3,3,1,Final,Final,32,American Family Field,158,Milwaukee Brewers,MIL,13,True,109,Arizona Diamondbacks,AZ,1,False,687075,Brandon Sproat,Brandon,Sproat,23,2000-09-17,25,"6' 3""",205,1,Pitcher,R,Right,R,Right,,,,,,,,,,,,,,,,,,,,,,,,,,
2026-04-30,823795,,/api/v1.1/game/823795/feed/live,R,2026,2026-04-30,,day,P,N,N,Regular Season,3,3,1,Final,Final,32,American Family Field,158,Milwaukee Brewers,MIL,13,True,109,Arizona Diamondbacks,AZ,1,False,663368,Blake Perkins,Blake,Perkins,16,1996-09-10,29,"6' 0""",185,7,Outfielder,S,Switch,R,Right,,,,,,,,,,,,,,,,,,,,,,,,,,
2026-04-30,823795,,/api/v1.1/game/823795/feed/live,R,2026,2026-04-30,,day,P,N,N,Regular Season,3,3,1,Final,Final,32,American Family Field,158,Milwaukee Brewers,MIL,13,True,109,Arizona Diamondbacks,AZ,1,False,663765,Jake Woodford,Jacob,Woodford,41,1996-10-28,29,"6' 4""",215,1,Pitcher,R,Right,R,Right,"1.0 IP, 0 ER, 2 K, 0 BB",,,,,,,,,,,,,,,,1.0,0,0,0,2,0,10,0,0,0
2026-04-30,823795,,/api/v1.1/game/823795/feed/live,R,2026,2026-04-30,,day,P,N,N,Regular Season,3,3,1,Final,Final,32,American Family Field,158,Milwaukee Brewers,MIL,13,True,109,Arizona Diamondbacks,AZ,1,False,661388,William Contreras,William,Contreras,24,1997-12-24,28,"5' 10""",217,2,Catcher,R,Right,R,Right,"4-4 | HR, 2B, BB",,4,4,1,0,1,4,3,0,1,0,0,0,5,8,,,,,,,,,,
2026-04-30,823795,,/api/v1.1/game/823795/feed/live,R,2026,2026-04-30,,day,P,N,N,Regular Season,3,3,1,Final,Final,32,American Family Field,158,Milwaukee Brewers,MIL,13,True,109,Arizona Diamondbacks,AZ,1,False,668930,Brice Turang,Brice,Turang,2,1999-11-21,26,"6' 0""",190,4,Second Base,L,Left,R,Right,"2-3 | 2 BB, RBI, 3 R",,3,2,0,0,0,1,3,0,2,0,0,0,5,2,,,,,,,,,,
2026-04-30,823795,,/api/v1.1/game/823795/feed/live,R,2026,2026-04-30,,day,P,N,N,Regular Season,3,3,1,Final,Final,32,American Family Field,158,Milwaukee Brewers,MIL,13,True,109,Arizona Diamondbacks,AZ,1,False,605540,Brandon Woodruff,Brandon,Woodruff,53,1993-02-10,33,"6' 4""",241,1,Pitcher,L,Left,R,Right,"1.1 IP, 0 ER, 2 K, BB",,,,,,,,,,,,,,,,1.1,0,1,0,2,1,21,0,0,0
2026-04-30,823795,,/api/v1.1/game/823795/feed/live,R,2026,2026-04-30,,day,P,N,N,Regular Season,3,3,1,Final,Final,32,American Family Field,158,Milwaukee Brewers,MIL,13,True,109,Arizona Diamondbacks,AZ,1,False,596142,Gary Sánchez,Gary,Sánchez,99,1992-12-02,33,"6' 2""",251,2,Catcher,R,Right,R,Right,,,,,,,,,,,,,,,,,,,,,,,,,,
2026-04-30,823795,,/api/v1.1/game/823795/feed/live,R,2026,2026-04-30,,day,P,N,N,Regular Season,3,3,1,Final,Final,32,American Family Field,158,Milwaukee Brewers,MIL,13,True,109,Arizona Diamondbacks,AZ,1,False,694819,Jacob Misiorowski,Jacob,Misiorowski,32,2002-04-03,24,"6' 7""",201,1,Pitcher,R,Right,R,Right,,,,,,,,,,,,,,,,,,,,,,,,,,
2026-04-30,823795,,/api/v1.1/game/823795/feed/live,R,2026,2026-04-30,,day,P,N,N,Regular Season,3,3,1,Final,Final,32,American Family Field,158,Milwaukee Brewers,MIL,13,True,109,Arizona Diamondbacks,AZ,1,False,669084,DL Hall,Dayton,Hall,37,1998-09-19,27,"6' 1""",209,1,Pitcher,L,Left,L,Left,,,,,,,,,,,,,,,,,,,,,,,,,,
2026-04-30,823795,,/api/v1.1/game/823795/feed/live,R,2026,2026-04-30,,day,P,N,N,Regular Season,3,3,1,Final,Final,32,American Family Field,158,Milwaukee Brewers,MIL,13,True,109,Arizona Diamondbacks,AZ,1,False,656730,Trevor Megill,Trevor,Megill,29,1993-12-05,32,"6' 8""",253,1,Pitcher,L,Left,R,Right,"1.0 IP, 0 ER, K, 0 BB",,,,,,,,,,,,,,,,1.0,0,0,0,1,0,12,0,0,0
2026-04-30,823795,,/api/v1.1/game/823795/feed/live,R,2026,2026-04-30,,day,P,N,N,Regular Season,3,3,1,Final,Final,32,American Family Field,158,Milwaukee Brewers,MIL,13,True,109,Arizona Diamondbacks,AZ,1,False,593958,Eduardo Rodriguez,Eduardo,Rodriguez,57,1993-04-07,33,"6' 2""",231,1,Pitcher,L,Left,L,Left,,,,,,,,,,,,,,,,,,,,,,,,,,
2026-04-30,823795,,/api/v1.1/game/823795/feed/live,R,2026,2026-04-30,,day,P,N,N,Regular Season,3,3,1,Final,Final,32,American Family Field,158,Milwaukee Brewers,MIL,13,True,109,Arizona Diamondbacks,AZ,1,False,666661,Juan Morillo,Juan,Morillo,62,1999-03-19,27,"6' 1""",150,1,Pitcher,R,Right,R,Right,,,,,,,,,,,,,,,,,,,,,,,,,,
2026-04-30,823795,,/api/v1.1/game/823795/feed/live,R,2026,2026-04-30,,day,P,N,N,Regular Season,3,3,1,Final,Final,32,American Family Field,158,Milwaukee Brewers,MIL,13,True,109,Arizona Diamondbacks,AZ,1,False,694374,Tim Tawa,Timothy,Tawa,13,1999-04-07,27,"5' 11""",196,7,Outfielder,R,Right,R,Right,0-1 | K,,1,0,0,0,0,0,0,1,0,0,0,0,1,0,,,,,,,,,,
2026-04-30,823795,,/api/v1.1/game/823795/feed/live,R,2026,2026-04-30,,day,P,N,N,Regular Season,3,3,1,Final,Final,32,American Family Field,158,Milwaukee Brewers,MIL,13,True,109,Arizona Diamondbacks,AZ,1,False,694297,Brandon Pfaadt,Brandon,Pfaadt,32,1998-10-15,27,"6' 4""",220,1,Pitcher,R,Right,R,Right,"1.0 IP, ER, 2 K, 0 BB",,,,,,,,,,,,,,,,1.0,1,1,1,2,0,15,0,0,0
2026-04-30,823795,,/api/v1.1/game/823795/feed/live,R,2026,2026-04-30,,day,P,N,N,Regular Season,3,3,1,Final,Final,32,American Family Field,158,Milwaukee Brewers,MIL,13,True,109,Arizona Diamondbacks,AZ,1,False,680728,Adrian Del Castillo,Adrian,Del Castillo,25,1999-09-27,26,"5' 9""",208,2,Catcher,L,Left,R,Right,0-4 | 3 K,,4,0,0,0,0,0,0,3,0,0,0,1,4,0,,,,,,,,,,
2026-04-30,823795,,/api/v1.1/game/823795/feed/live,R,2026,2026-04-30,,day,P,N,N,Regular Season,3,3,1,Final,Final,32,American Family Field,158,Milwaukee Brewers,MIL,13,True,109,Arizona Diamondbacks,AZ,1,False,571448,Nolan Arenado,Nolan,Arenado,28,1991-04-16,35,"6' 2""",215,5,Third Base,R,Right,R,Right,0-3 | K,,3,0,0,0,0,0,0,1,0,0,0,0,3,0,,,,,,,,,,
2026-04-30,823795,,/api/v1.1/game/823795/feed/live,R,2026,2026-04-30,,day,P,N,N,Regular Season,3,3,1,Final,Final,32,American Family Field,158,Milwaukee Brewers,MIL,13,True,109,Arizona Diamondbacks,AZ,1,False,518876,Merrill Kelly,Kenneth,Kelly,29,1988-10-14,37,"6' 2""",202,1,Pitcher,R,Right,R,Right,,,,,,,,,,,,,,,,,,,,,,,,,,
2026-04-30,823795,,/api/v1.1/game/823795/feed/live,R,2026,2026-04-30,,day,P,N,N,Regular Season,3,3,1,Final,Final,32,American Family Field,158,Milwaukee Brewers,MIL,13,True,109,Arizona Diamondbacks,AZ,1,False,656464,Kevin Ginkel,Kevin,Ginkel,37,1994-03-24,32,"6' 4""",235,1,Pitcher,L,Left,R,Right,,,,,,,,,,,,,,,,,,,,,,,,,,
2026-04-30,823795,,/api/v1.1/game/823795/feed/live,R,2026,2026-04-30,,day,P,N,N,Regular Season,3,3,1,Final,Final,32,American Family Field,158,Milwaukee Brewers,MIL,13,True,109,Arizona Diamondbacks,AZ,1,False,606466,Ketel Marte,Ketel,Marte,4,1993-10-12,32,"6' 0""",210,4,Second Base,S,Switch,R,Right,"0-3 | BB, 2 K",,3,0,0,0,0,0,0,2,1,0,0,0,4,0,,,,,,,,,,
2026-04-30,823795,,/api/v1.1/game/823795/feed/live,R,2026,2026-04-30,,day,P,N,N,Regular Season,3,3,1,Final,Final,32,American Family Field,158,Milwaukee Brewers,MIL,13,True,109,Arizona Diamondbacks,AZ,1,False,642528,Jonathan Loáisiga,Jonathan,Loáisiga,43,1994-11-02,31,"5' 11""",195,1,Pitcher,R,Right,R,Right,"0.2 IP, ER, K, BB",,,,,,,,,,,,,,,,0.2,1,1,0,1,1,17,0,0,0
2026-04-30,823795,,/api/v1.1/game/823795/feed/live,R,2026,2026-04-30,,day,P,N,N,Regular Season,3,3,1,Final,Final,32,American Family Field,158,Milwaukee Brewers,MIL,13,True,109,Arizona Diamondbacks,AZ,1,False,545121,Ildemaro Vargas,Ildemaro,Vargas,6,1991-07-16,34,"5' 11""",202,3,First Base,S,Switch,R,Right,2-4,,4,2,0,0,0,0,0,0,0,0,0,0,4,2,,,,,,,,,,
2026-04-30,823795,,/api/v1.1/game/823795/feed/live,R,2026,2026-04-30,,day,P,N,N,Regular Season,3,3,1,Final,Final,32,American Family Field,158,Milwaukee Brewers,MIL,13,True,109,Arizona Diamondbacks,AZ,1,False,669194,Ryne Nelson,Ryne,Nelson,19,1998-02-01,28,"6' 3""",184,1,Pitcher,R,Right,R,Right,,,,,,,,,,,,,,,,,,,,,,,,,,
2026-04-30,823795,,/api/v1.1/game/823795/feed/live,R,2026,2026-04-30,,day,P,N,N,Regular Season,3,3,1,Final,Final,32,American Family Field,158,Milwaukee Brewers,MIL,13,True,109,Arizona Diamondbacks,AZ,1,False,672695,Geraldo Perdomo,Geraldo,Perdomo,2,1999-10-22,26,"6' 2""",203,6,Shortstop,S,Switch,R,Right,0-3 | BB,,3,0,0,0,0,0,0,0,1,0,0,0,4,0,,,,,,,,,,
2026-04-30,823795,,/api/v1.1/game/823795/feed/live,R,2026,2026-04-30,,day,P,N,N,Regular Season,3,3,1,Final,Final,32,American Family Field,158,Milwaukee Brewers,MIL,13,True,109,Arizona Diamondbacks,AZ,1,False,699912,Jose Fernandez,Jose,Fernandez,11,2003-09-22,22,"6' 3""",165,3,First Base,R,Right,R,Right,0-0,,0,0,0,0,0,0,0,0,0,0,0,0,0,0,,,,,,,,,,
2026-04-30,823795,,/api/v1.1/game/823795/feed/live,R,2026,2026-04-30,,day,P,N,N,Regular Season,3,3,1,Final,Final,32,American Family Field,158,Milwaukee Brewers,MIL,13,True,109,Arizona Diamondbacks,AZ,1,False,623149,Paul Sewald,Paul,Sewald,38,1990-05-26,35,"6' 3""",219,1,Pitcher,R,Right,R,Right,,,,,,,,,,,,,,,,,,,,,,,,,,
2026-04-30,823795,,/api/v1.1/game/823795/feed/live,R,2026,2026-04-30,,day,P,N,N,Regular Season,3,3,1,Final,Final,32,American Family Field,158,Milwaukee Brewers,MIL,13,True,109,Arizona Diamondbacks,AZ,1,False,647336,Michael Soroka,Michael,Soroka,34,1997-08-04,28,"6' 5""",250,1,Pitcher,R,Right,R,Right,"3.0 IP, 8 ER, 2 K, 2 BB",,,,,,,,,,,,,,,,3.0,8,10,1,2,2,79,0,1,0
2026-04-30,823795,,/api/v1.1/game/823795/feed/live,R,2026,2026-04-30,,day,P,N,N,Regular Season,3,3,1,Final,Final,32,American Family Field,158,Milwaukee Brewers,MIL,13,True,109,Arizona Diamondbacks,AZ,1,False,682998,Corbin Carroll,Corbin,Carroll,7,2000-08-21,25,"5' 10""",165,9,Outfielder,L,Left,L,Left,"2-3 | 2B, R",,3,2,1,0,0,0,1,0,0,0,0,0,3,3,,,,,,,,,,
2026-04-30,823795,,/api/v1.1/game/823795/feed/live,R,2026,2026-04-30,,day,P,N,N,Regular Season,3,3,1,Final,Final,32,American Family Field,158,Milwaukee Brewers,MIL,13,True,109,Arizona Diamondbacks,AZ,1,False,664199,Taylor Clarke,Taylor,Clarke,45,1993-05-13,32,"6' 3""",210,1,Pitcher,R,Right,R,Right,,,,,,,,,,,,,,,,,,,,,,,,,,
2026-04-30,823795,,/api/v1.1/game/823795/feed/live,R,2026,2026-04-30,,day,P,N,N,Regular Season,3,3,1,Final,Final,32,American Family Field,158,Milwaukee Brewers,MIL,13,True,109,Arizona Diamondbacks,AZ,1,False,668678,Zac Gallen,Zachary,Gallen,23,1995-08-03,30,"6' 2""",189,1,Pitcher,R,Right,R,Right,,,,,,,,,,,,,,,,,,,,,,,,,,
2026-04-30,823795,,/api/v1.1/game/823795/feed/live,R,2026,2026-04-30,,day,P,N,N,Regular Season,3,3,1,Final,Final,32,American Family Field,158,Milwaukee Brewers,MIL,13,True,109,Arizona Diamondbacks,AZ,1,False,666971,Lourdes Gurriel Jr.,Lourdes,Gurriel,12,1993-10-10,32,"6' 3""",215,7,Outfielder,R,Right,R,Right,"2-4 | 2 K, RBI",,4,2,0,0,0,1,0,2,0,0,0,0,4,2,,,,,,,,,,
2026-04-30,823795,,/api/v1.1/game/823795/feed/live,R,2026,2026-04-30,,day,P,N,N,Regular Season,3,3,1,Final,Final,32,American Family Field,158,Milwaukee Brewers,MIL,13,True,109,Arizona Diamondbacks,AZ,1,False,605244,Aramis Garcia,Aramis,Garcia,35,1993-01-12,33,"6' 1""",228,2,Catcher,R,Right,R,Right,,,,,,,,,,,,,,,,,,,,,,,,,,
2026-04-30,823795,,/api/v1.1/game/823795/feed/live,R,2026,2026-04-30,,day,P,N,N,Regular Season,3,3,1,Final,Final,32,American Family Field,158,Milwaukee Brewers,MIL,13,True,109,Arizona Diamondbacks,AZ,1,False,657044,Ryan Thompson,Ryan,Thompson,81,1992-06-26,33,"6' 5""",210,1,Pitcher,R,Right,R,Right,,,,,,,,,,,,,,,,,,,,,,,,,,
2026-04-30,823795,,/api/v1.1/game/823795/feed/live,R,2026,2026-04-30,,day,P,N,N,Regular Season,3,3,1,Final,Final,32,American Family Field,158,Milwaukee Brewers,MIL,13,True,109,Arizona Diamondbacks,AZ,1,False,543510,James McCann,James,McCann,8,1990-06-13,35,"6' 2""",235,2,Catcher,R,Right,R,Right,0-3 | K,,3,0,0,0,0,0,0,1,0,0,0,0,3,0,1.0,0,1,0,0,2,24,0,0,0
2026-04-30,823795,,/api/v1.1/game/823795/feed/live,R,2026,2026-04-30,,day,P,N,N,Regular Season,3,3,1,Final,Final,32,American Family Field,158,Milwaukee Brewers,MIL,13,True,109,Arizona Diamondbacks,AZ,1,False,691769,Philip Abner,Philip,Abner,50,2002-05-05,23,"6' 1""",230,1,Pitcher,L,Left,L,Left,"2.1 IP, 2 ER, K, BB",,,,,,,,,,,,,,,,2.1,2,1,0,1,1,34,0,0,0
2026-04-30,823795,,/api/v1.1/game/823795/feed/live,R,2026,2026-04-30,,day,P,N,N,Regular Season,3,3,1,Final,Final,32,American Family Field,158,Milwaukee Brewers,MIL,13,True,109,Arizona Diamondbacks,AZ,1,False,678489,Jorge Barrosa,Jorge,Barrosa,1,2001-02-17,25,"5' 6""",165,7,Outfielder,S,Switch,L,Left,0-1 | K,,1,0,0,0,0,0,0,1,0,0,0,0,1,0,,,,,,,,,,
2026-04-30,823795,,/api/v1.1/game/823795/feed/live,R,2026,2026-04-30,,day,P,N,N,Regular Season,3,3,1,Final,Final,32,American Family Field,158,Milwaukee Brewers,MIL,13,True,109,Arizona Diamondbacks,AZ,1,False,677950,Alek Thomas,Alek,Thomas,5,2000-04-28,26,"5' 9""",175,8,Outfielder,L,Left,L,Left,0-3 | 2 K,,3,0,0,0,0,0,0,2,0,0,0,0,3,0,,,,,,,,,,
2026-04-30,825016,,/api/v1.1/game/825016/feed/live,R,2026,2026-04-30,,day,P,N,N,Regular Season,3,3,1,Final,Final,2529,Sutter Health Park,133,Athletics,ATH,6,True,118,Kansas City Royals,KC,3,False,671732,Lawrence Butler,Lawrence,Butler,4,2000-07-10,25,"6' 3""",210,9,Outfielder,L,Left,R,Right,"0-3 | BB, K, R",,3,0,0,0,0,0,1,1,1,0,0,0,4,0,,,,,,,,,,
2026-04-30,825016,,/api/v1.1/game/825016/feed/live,R,2026,2026-04-30,,day,P,N,N,Regular Season,3,3,1,Final,Final,2529,Sutter Health Park,133,Athletics,ATH,6,True,118,Kansas City Royals,KC,3,False,622663,Luis Severino,Luis,Severino,40,1994-02-20,32,"6' 2""",218,1,Pitcher,R,Right,R,Right,,,,,,,,,,,,,,,,,,,,,,,,,,
2026-04-30,825016,,/api/v1.1/game/825016/feed/live,R,2026,2026-04-30,,day,P,N,N,Regular Season,3,3,1,Final,Final,2529,Sutter Health Park,133,Athletics,ATH,6,True,118,Kansas City Royals,KC,3,False,667670,Brent Rooker,Terry,Rooker,25,1994-11-01,31,"6' 3""",225,9,Outfielder,R,Right,R,Right,,,,,,,,,,,,,,,,,,,,,,,,,,
2026-04-30,825016,,/api/v1.1/game/825016/feed/live,R,2026,2026-04-30,,day,P,N,N,Regular Season,3,3,1,Final,Final,2529,Sutter Health Park,133,Athletics,ATH,6,True,118,Kansas City Royals,KC,3,False,669372,J.T. Ginn,John,Ginn,35,1999-05-20,26,"6' 2""",200,1,Pitcher,R,Right,R,Right,,,,,,,,,,,,,,,,,,,,,,,,,,
2026-04-30,825016,,/api/v1.1/game/825016/feed/live,R,2026,2026-04-30,,day,P,N,N,Regular Season,3,3,1,Final,Final,2529,Sutter Health Park,133,Athletics,ATH,6,True,118,Kansas City Royals,KC,3,False,680869,Zack Gelof,Zachary,Gelof,20,1999-10-19,26,"6' 2""",205,8,Outfielder,R,Right,R,Right,1-4,,4,1,0,0,0,0,0,0,0,0,0,0,4,1,,,,,,,,,,
2026-04-30,825016,,/api/v1.1/game/825016/feed/live,R,2026,2026-04-30,,day,P,N,N,Regular Season,3,3,1,Final,Final,2529,Sutter Health Park,133,Athletics,ATH,6,True,118,Kansas City Royals,KC,3,False,643446,Jeff McNeil,Jeffrey,McNeil,22,1992-04-08,34,"6' 0""",195,4,Second Base,L,Left,R,Right,0-1,,1,0,0,0,0,0,0,0,0,0,0,0,1,0,,,,,,,,,,
2026-04-30,825016,,/api/v1.1/game/825016/feed/live,R,2026,2026-04-30,,day,P,N,N,Regular Season,3,3,1,Final,Final,2529,Sutter Health Park,133,Athletics,ATH,6,True,118,Kansas City Royals,KC,3,False,686993,Justin Sterner,Justin,Sterner,60,1996-08-29,29,"6' 1""",215,1,Pitcher,R,Right,R,Right,,,,,,,,,,,,,,,,,,,,,,,,,,
2026-04-30,825016,,/api/v1.1/game/825016/feed/live,R,2026,2026-04-30,,day,P,N,N,Regular Season,3,3,1,Final,Final,2529,Sutter Health Park,133,Athletics,ATH,6,True,118,Kansas City Royals,KC,3,False,642851,Austin Wynns,Robert,Wynns,29,1990-12-10,35,"6' 1""",190,2,Catcher,R,Right,R,Right,0-4 | K,,4,0,0,0,0,0,0,1,0,0,0,0,4,0,,,,,,,,,,
2026-04-30,825016,,/api/v1.1/game/825016/feed/live,R,2026,2026-04-30,,day,P,N,N,Regular Season,3,3,1,Final,Final,2529,Sutter Health Park,133,Athletics,ATH,6,True,118,Kansas City Royals,KC,3,False,605130,Scott Barlow,Scott,Barlow,58,1992-12-18,33,"6' 3""",210,1,Pitcher,R,Right,R,Right,"1.0 IP, 0 ER, 0 K, BB",,,,,,,,,,,,,,,,1.0,0,0,0,0,1,21,0,0,0
2026-04-30,825016,,/api/v1.1/game/825016/feed/live,R,2026,2026-04-30,,day,P,N,N,Regular Season,3,3,1,Final,Final,2529,Sutter Health Park,133,Athletics,ATH,6,True,118,Kansas City Royals,KC,3,False,666126,Carlos Cortes,Carlos,Cortes,26,1997-06-30,28,"5' 7""",197,9,Outfielder,L,Left,S,Switch,1-4 | 2 K,,4,1,0,0,0,0,0,2,0,0,0,0,4,1,,,,,,,,,,
2026-04-30,825016,,/api/v1.1/game/825016/feed/live,R,2026,2026-04-30,,day,P,N,N,Regular Season,3,3,1,Final,Final,2529,Sutter Health Park,133,Athletics,ATH,6,True,118,Kansas City Royals,KC,3,False,682052,Jacob Lopez,Jacob,Lopez,57,1998-03-11,28,"6' 4""",220,1,Pitcher,L,Left,L,Left,,,,,,,,,,,,,,,,,,,,,,,,,,
2026-04-30,825016,,/api/v1.1/game/825016/feed/live,R,2026,2026-04-30,,day,P,N,N,Regular Season,3,3,1,Final,Final,2529,Sutter Health Park,133,Athletics,ATH,6,True,118,Kansas City Royals,KC,3,False,669270,Joel Kuhnel,Joel,Kuhnel,47,1995-02-19,31,"6' 5""",290,1,Pitcher,R,Right,R,Right,,,,,,,,,,,,,,,,,,,,,,,,,,
2026-04-30,825016,,/api/v1.1/game/825016/feed/live,R,2026,2026-04-30,,day,P,N,N,Regular Season,3,3,1,Final,Final,2529,Sutter Health Park,133,Athletics,ATH,6,True,118,Kansas City Royals,KC,3,False,691016,Tyler Soderstrom,Tyler,Soderstrom,21,2001-11-24,24,"6' 2""",200,7,Outfielder,L,Left,R,Right,,,,,,,,,,,,,,,,,,,,,,,,,,
2026-04-30,825016,,/api/v1.1/game/825016/feed/live,R,2026,2026-04-30,,day,P,N,N,Regular Season,3,3,1,Final,Final,2529,Sutter Health Park,133,Athletics,ATH,6,True,118,Kansas City Royals,KC,3,False,669620,Brady Basso,Brady,Basso,66,1997-10-08,28,"6' 2""",213,1,Pitcher,R,Right,L,Left,"1.1 IP, ER, 0 K, 0 BB",,,,,,,,,,,,,,,,1.1,1,1,1,0,0,12,0,0,0
2026-04-30,825016,,/api/v1.1/game/825016/feed/live,R,2026,2026-04-30,,day,P,N,N,Regular Season,3,3,1,Final,Final,2529,Sutter Health Park,133,Athletics,ATH,6,True,118,Kansas City Royals,KC,3,False,687231,Darell Hernaiz,Darell,Hernaiz,2,2001-08-03,24,"5' 11""",190,5,Third Base,R,Right,R,Right,3-4 | 2 RBI,,4,3,0,0,0,2,0,0,0,0,0,0,4,3,,,,,,,,,,
2026-04-30,825016,,/api/v1.1/game/825016/feed/live,R,2026,2026-04-30,,day,P,N,N,Regular Season,3,3,1,Final,Final,2529,Sutter Health Park,133,Athletics,ATH,6,True,118,Kansas City Royals,KC,3,False,650644,Aaron Civale,Aaron,Civale,45,1995-06-12,30,"6' 1""",245,1,Pitcher,R,Right,R,Right,,,,,,,,,,,,,,,,,,,,,,,,,,
2026-04-30,825016,,/api/v1.1/game/825016/feed/live,R,2026,2026-04-30,,day,P,N,N,Regular Season,3,3,1,Final,Final,2529,Sutter Health Park,133,Athletics,ATH,6,True,118,Kansas City Royals,KC,3,False,701762,Nick Kurtz,Nicholas,Kurtz,16,2003-03-12,23,"6' 5""",240,3,First Base,L,Left,L,Left,"1-3 | 2B, BB, K",,3,1,1,0,0,2,1,1,1,0,0,0,4,2,,,,,,,,,,
2026-04-30,825016,,/api/v1.1/game/825016/feed/live,R,2026,2026-04-30,,day,P,N,N,Regular Season,3,3,1,Final,Final,2529,Sutter Health Park,133,Athletics,ATH,6,True,118,Kansas City Royals,KC,3,False,663687,Hogan Harris,Hogan,Harris,36,1996-12-26,29,"6' 3""",230,1,Pitcher,R,Right,L,Left,,,,,,,,,,,,,,,,,,,,,,,,,,
2026-04-30,825016,,/api/v1.1/game/825016/feed/live,R,2026,2026-04-30,,day,P,N,N,Regular Season,3,3,1,Final,Final,2529,Sutter Health Park,133,Athletics,ATH,6,True,118,Kansas City Royals,KC,3,False,665622,Luis Medina,Luis,Medina,46,1999-05-03,26,"6' 1""",175,1,Pitcher,R,Right,R,Right,"2.2 IP, 0 ER, K, 2 BB",,,,,,,,,,,,,,,,2.2,0,3,0,1,2,52,1,0,0
2026-04-30,825016,,/api/v1.1/game/825016/feed/live,R,2026,2026-04-30,,day,P,N,N,Regular Season,3,3,1,Final,Final,2529,Sutter Health Park,133,Athletics,ATH,6,True,118,Kansas City Royals,KC,3,False,695391,Brett Harris,Brett,Harris,11,1998-06-24,27,"6' 2""",208,5,Third Base,R,Right,R,Right,,,,,,,,,,,,,,,,,,,,,,,,,,
2026-04-30,825016,,/api/v1.1/game/825016/feed/live,R,2026,2026-04-30,,day,P,N,N,Regular Season,3,3,1,Final,Final,2529,Sutter Health Park,133,Athletics,ATH,6,True,118,Kansas City Royals,KC,3,False,687515,Colby Thomas,Colby,Thomas,32,2001-01-26,25,"5' 10""",190,9,Outfielder,R,Right,R,Right,0-2 | BB,,2,0,0,0,0,0,0,0,1,0,0,0,3,0,,,,,,,,,,
2026-04-30,825016,,/api/v1.1/game/825016/feed/live,R,2026,2026-04-30,,day,P,N,N,Regular Season,3,3,1,Final,Final,2529,Sutter Health Park,133,Athletics,ATH,6,True,118,Kansas City Royals,KC,3,False,669127,Shea Langeliers,Shea,Langeliers,23,1997-11-18,28,"5' 11""",205,2,Catcher,R,Right,R,Right,"3-4 | 3 2B, RBI, 2 R",,4,3,3,0,0,1,2,0,0,0,0,0,4,6,,,,,,,,,,
2026-04-30,825016,,/api/v1.1/game/825016/feed/live,R,2026,2026-04-30,,day,P,N,N,Regular Season,3,3,1,Final,Final,2529,Sutter Health Park,133,Athletics,ATH,6,True,118,Kansas City Royals,KC,3,False,643410,Mark Leiter Jr.,Mark,Leiter,38,1991-03-13,35,"6' 0""",210,1,Pitcher,R,Right,R,Right,,,,,,,,,,,,,,,,,,,,,,,,,,
2026-04-30,825016,,/api/v1.1/game/825016/feed/live,R,2026,2026-04-30,,day,P,N,N,Regular Season,3,3,1,Final,Final,2529,Sutter Health Park,133,Athletics,ATH,6,True,118,Kansas City Royals,KC,3,False,678022,Jack Perkins,Jackson,Perkins,50,1999-12-26,26,"6' 1""",220,1,Pitcher,R,Right,R,Right,"1.0 IP, 0 ER, K, 0 BB",,,,,,,,,,,,,,,,1.0,0,1,0,1,0,16,0,0,1
2026-04-30,825016,,/api/v1.1/game/825016/feed/live,R,2026,2026-04-30,,day,P,N,N,Regular Season,3,3,1,Final,Final,2529,Sutter Health Park,133,Athletics,ATH,6,True,118,Kansas City Royals,KC,3,False,605488,Jeffrey Springs,Jeffrey,Springs,59,1992-09-20,33,"6' 3""",218,1,Pitcher,L,Left,L,Left,"3.0 IP, 2 ER, 4 K, BB",,,,,,,,,,,,,,,,3.0,2,5,1,4,1,67,0,0,0
2026-04-30,825016,,/api/v1.1/game/825016/feed/live,R,2026,2026-04-30,,day,P,N,N,Regular Season,3,3,1,Final,Final,2529,Sutter Health Park,133,Athletics,ATH,6,True,118,Kansas City Royals,KC,3,False,805779,Jacob Wilson,Jacob,Wilson,5,2002-03-30,24,"6' 2""",190,6,Shortstop,R,Right,R,Right,2-5 | 2 R,,5,2,0,0,0,0,2,0,0,0,0,0,5,2,,,,,,,,,,
2026-04-30,825016,,/api/v1.1/game/825016/feed/live,R,2026,2026-04-30,,day,P,N,N,Regular Season,3,3,1,Final,Final,2529,Sutter Health Park,133,Athletics,ATH,6,True,118,Kansas City Royals,KC,3,False,695600,Carter Jensen,Carter,Jensen,22,2003-07-03,22,"6' 0""",210,2,Catcher,L,Left,R,Right,0-4 | 3 K,,4,0,0,0,0,0,0,3,0,0,0,0,4,0,,,,,,,,,,
2026-04-30,825016,,/api/v1.1/game/825016/feed/live,R,2026,2026-04-30,,day,P,N,N,Regular Season,3,3,1,Final,Final,2529,Sutter Health Park,133,Athletics,ATH,6,True,118,Kansas City Royals,KC,3,False,666142,Cole Ragans,Cole,Ragans,55,1997-12-12,28,"6' 4""",190,1,Pitcher,L,Left,L,Left,,,,,,,,,,,,,,,,,,,,,,,,,,
2026-04-30,825016,,/api/v1.1/game/825016/feed/live,R,2026,2026-04-30,,day,P,N,N,Regular Season,3,3,1,Final,Final,2529,Sutter Health Park,133,Athletics,ATH,6,True,118,Kansas City Royals,KC,3,False,696131,Mason Black,Mason,Black,47,1999-12-10,26,"6' 3""",228,1,Pitcher,R,Right,R,Right,,,,,,,,,,,,,,,,,,,,,,,,,,
2026-04-30,825016,,/api/v1.1/game/825016/feed/live,R,2026,2026-04-30,,day,P,N,N,Regular Season,3,3,1,Final,Final,2529,Sutter Health Park,133,Athletics,ATH,6,True,118,Kansas City Royals,KC,3,False,686555,Isaac Collins,Isaac,Collins,1,1997-07-22,28,"5' 8""",188,7,Outfielder,S,Switch,R,Right,1-4,,4,1,0,0,0,0,0,0,0,0,0,0,4,1,,,,,,,,,,
2026-04-30,825016,,/api/v1.1/game/825016/feed/live,R,2026,2026-04-30,,day,P,N,N,Regular Season,3,3,1,Final,Final,2529,Sutter Health Park,133,Athletics,ATH,6,True,118,Kansas City Royals,KC,3,False,521692,Salvador Perez,Salvador,Perez,13,1990-05-10,35,"6' 2""",255,2,Catcher,R,Right,R,Right,1-4 | HBP,,4,1,0,0,0,0,0,0,0,0,0,0,5,1,,,,,,,,,,
2026-04-30,825016,,/api/v1.1/game/825016/feed/live,R,2026,2026-04-30,,day,P,N,N,Regular Season,3,3,1,Final,Final,2529,Sutter Health Park,133,Athletics,ATH,6,True,118,Kansas City Royals,KC,3,False,679883,Luinder Avila,Luinder,Avila,58,2001-08-21,24,"6' 3""",195,1,Pitcher,R,Right,R,Right,,,,,,,,,,,,,,,,,,,,,,,,,,
2026-04-30,825016,,/api/v1.1/game/825016/feed/live,R,2026,2026-04-30,,day,P,N,N,Regular Season,3,3,1,Final,Final,2529,Sutter Health Park,133,Athletics,ATH,6,True,118,Kansas City Royals,KC,3,False,679845,Nick Loftin,Nicholas,Loftin,12,1998-09-25,27,"5' 11""",180,5,Third Base,R,Right,R,Right,0-2 | BB,,2,0,0,0,0,0,0,0,1,0,0,0,3,0,,,,,,,,,,
2026-04-30,825016,,/api/v1.1/game/825016/feed/live,R,2026,2026-04-30,,day,P,N,N,Regular Season,3,3,1,Final,Final,2529,Sutter Health Park,133,Athletics,ATH,6,True,118,Kansas City Royals,KC,3,False,668674,Lucas Erceg,Lucas,Erceg,60,1995-05-01,31,"6' 2""",214,1,Pitcher,L,Left,R,Right,,,,,,,,,,,,,,,,,,,,,,,,,,
2026-04-30,825016,,/api/v1.1/game/825016/feed/live,R,2026,2026-04-30,,day,P,N,N,Regular Season,3,3,1,Final,Final,2529,Sutter Health Park,133,Athletics,ATH,6,True,118,Kansas City Royals,KC,3,False,663460,Kris Bubic,Kristofer,Bubic,50,1997-08-19,28,"6' 3""",220,1,Pitcher,L,Left,L,Left,,,,,,,,,,,,,,,,,,,,,,,,,,
2026-04-30,825016,,/api/v1.1/game/825016/feed/live,R,2026,2026-04-30,,day,P,N,N,Regular Season,3,3,1,Final,Final,2529,Sutter Health Park,133,Athletics,ATH,6,True,118,Kansas City Royals,KC,3,False,686681,Michael Massey,Michael,Massey,19,1998-03-22,28,"6' 0""",195,4,Second Base,L,Left,R,Right,"0-1 | BB, K",,1,0,0,0,0,0,0,1,1,0,0,0,2,0,,,,,,,,,,
2026-04-30,825016,,/api/v1.1/game/825016/feed/live,R,2026,2026-04-30,,day,P,N,N,Regular Season,3,3,1,Final,Final,2529,Sutter Health Park,133,Athletics,ATH,6,True,118,Kansas City Royals,KC,3,False,516782,Starling Marte,Starling,Marte,0,1988-10-09,37,"6' 0""",195,9,Outfielder,R,Right,R,Right,"3-4 | RBI, CS",,4,3,0,0,0,1,0,0,0,0,1,0,4,3,,,,,,,,,,
2026-04-30,825016,,/api/v1.1/game/825016/feed/live,R,2026,2026-04-30,,day,P,N,N,Regular Season,3,3,1,Final,Final,2529,Sutter Health Park,133,Athletics,ATH,6,True,118,Kansas City Royals,KC,3,False,621381,Matt Strahm,Matthew,Strahm,25,1991-11-12,34,"6' 2""",190,1,Pitcher,R,Right,L,Left,,,,,,,,,,,,,,,,,,,,,,,,,,
2026-04-30,825016,,/api/v1.1/game/825016/feed/live,R,2026,2026-04-30,,day,P,N,N,Regular Season,3,3,1,Final,Final,2529,Sutter Health Park,133,Athletics,ATH,6,True,118,Kansas City Royals,KC,3,False,683232,Nick Mears,Nicolaus,Mears,31,1996-10-07,29,"6' 3""",217,1,Pitcher,R,Right,R,Right,,,,,,,,,,,,,,,,,,,,,,,,,,
2026-04-30,825016,,/api/v1.1/game/825016/feed/live,R,2026,2026-04-30,,day,P,N,N,Regular Season,3,3,1,Final,Final,2529,Sutter Health Park,133,Athletics,ATH,6,True,118,Kansas City Royals,KC,3,False,686469,Vinnie Pasquantino,Vincent,Pasquantino,9,1997-10-10,28,"6' 3""",245,3,First Base,L,Left,L,Left,0-1,,1,0,0,0,0,0,0,0,0,0,0,0,1,0,,,,,,,,,,
2026-04-30,825016,,/api/v1.1/game/825016/feed/live,R,2026,2026-04-30,,day,P,N,N,Regular Season,3,3,1,Final,Final,2529,Sutter Health Park,133,Athletics,ATH,6,True,118,Kansas City Royals,KC,3,False,664728,Kyle Isbel,Kyle,Isbel,28,1997-03-03,29,"5' 10""",190,8,Outfielder,L,Left,R,Right,,,,,,,,,,,,,,,,,,,,,,,,,,
2026-04-30,825016,,/api/v1.1/game/825016/feed/live,R,2026,2026-04-30,,day,P,N,N,Regular Season,3,3,1,Final,Final,2529,Sutter Health Park,133,Athletics,ATH,6,True,118,Kansas City Royals,KC,3,False,663738,Daniel Lynch IV,Daniel,Lynch,41,1996-11-17,29,"6' 6""",200,1,Pitcher,L,Left,L,Left,,,,,,,,,,,,,,,,,,,,,,,,,,
2026-04-30,825016,,/api/v1.1/game/825016/feed/live,R,2026,2026-04-30,,day,P,N,N,Regular Season,3,3,1,Final,Final,2529,Sutter Health Park,133,Athletics,ATH,6,True,118,Kansas City Royals,KC,3,False,553869,Elias Díaz,Elias,Díaz,43,1990-11-17,35,"6' 1""",223,2,Catcher,R,Right,R,Right,"1-4 | HR, RBI, R",,4,1,0,0,1,1,1,0,0,0,0,0,4,4,,,,,,,,,,
2026-04-30,825016,,/api/v1.1/game/825016/feed/live,R,2026,2026-04-30,,day,P,N,N,Regular Season,3,3,1,Final,Final,2529,Sutter Health Park,133,Athletics,ATH,6,True,118,Kansas City Royals,KC,3,False,608379,Michael Wacha,Michael,Wacha,52,1991-07-01,34,"6' 6""",215,1,Pitcher,R,Right,R,Right,,,,,,,,,,,,,,,,,,,,,,,,,,
2026-04-30,825016,,/api/v1.1/game/825016/feed/live,R,2026,2026-04-30,,day,P,N,N,Regular Season,3,3,1,Final,Final,2529,Sutter Health Park,133,Athletics,ATH,6,True,118,Kansas City Royals,KC,3,False,672580,Maikel Garcia,Maikel,Garcia,11,2000-03-03,26,"6' 1""",180,5,Third Base,R,Right,R,Right,"3-5 | HR, 2 2B, RBI",,5,3,2,0,1,1,2,0,0,1,0,0,5,8,,,,,,,,,,
2026-04-30,825016,,/api/v1.1/game/825016/feed/live,R,2026,2026-04-30,,day,P,N,N,Regular Season,3,3,1,Final,Final,2529,Sutter Health Park,133,Athletics,ATH,6,True,118,Kansas City Royals,KC,3,False,607625,Seth Lugo,Jacob,Lugo,67,1989-11-17,36,"6' 4""",225,1,Pitcher,R,Right,R,Right,,,,,,,,,,,,,,,,,,,,,,,,,,
2026-04-30,825016,,/api/v1.1/game/825016/feed/live,R,2026,2026-04-30,,day,P,N,N,Regular Season,3,3,1,Final,Final,2529,Sutter Health Park,133,Athletics,ATH,6,True,118,Kansas City Royals,KC,3,False,657041,Lane Thomas,Lane,Thomas,15,1995-08-23,30,"5' 11""",195,8,Outfielder,R,Right,R,Right,"0-3 | HBP, K",,3,0,0,0,0,0,0,1,0,0,0,0,4,0,,,,,,,,,,
2026-04-30,825016,,/api/v1.1/game/825016/feed/live,R,2026,2026-04-30,,day,P,N,N,Regular Season,3,3,1,Final,Final,2529,Sutter Health Park,133,Athletics,ATH,6,True,118,Kansas City Royals,KC,3,False,702070,Noah Cameron,Noah,Cameron,65,1999-07-17,26,"6' 3""",220,1,Pitcher,L,Left,L,Left,"5.1 IP, 4 ER, 5 K, 2 BB",,,,,,,,,,,,,,,,5.1,4,9,0,5,2,93,0,1,0
2026-04-30,825016,,/api/v1.1/game/825016/feed/live,R,2026,2026-04-30,,day,P,N,N,Regular Season,3,3,1,Final,Final,2529,Sutter Health Park,133,Athletics,ATH,6,True,118,Kansas City Royals,KC,3,False,656638,Alex Lange,Alexander,Lange,56,1995-10-02,30,"6' 3""",202,1,Pitcher,R,Right,R,Right,"1.0 IP, 0 ER, 0 K, 0 BB",,,,,,,,,,,,,,,,1.0,0,0,0,0,0,5,0,0,0
2026-04-30,825016,,/api/v1.1/game/825016/feed/live,R,2026,2026-04-30,,day,P,N,N,Regular Season,3,3,1,Final,Final,2529,Sutter Health Park,133,Athletics,ATH,6,True,118,Kansas City Royals,KC,3,False,695506,Jac Caglianone,Jeffrey,Caglianone,14,2003-02-09,23,"6' 4""",250,9,Outfielder,L,Left,L,Left,1-1,,1,1,0,0,0,0,0,0,0,0,0,0,1,1,,,,,,,,,,
2026-04-30,825016,,/api/v1.1/game/825016/feed/live,R,2026,2026-04-30,,day,P,N,N,Regular Season,3,3,1,Final,Final,2529,Sutter Health Park,133,Athletics,ATH,6,True,118,Kansas City Royals,KC,3,False,677951,Bobby Witt Jr.,Robert,Witt,7,2000-06-14,25,"6' 1""",200,6,Shortstop,R,Right,R,Right,"0-3 | 2 BB, K",,3,0,0,0,0,0,0,1,2,0,0,0,5,0,,,,,,,,,,
2026-04-30,825016,,/api/v1.1/game/825016/feed/live,R,2026,2026-04-30,,day,P,N,N,Regular Season,3,3,1,Final,Final,2529,Sutter Health Park,133,Athletics,ATH,6,True,118,Kansas City Royals,KC,3,False,670167,John Schreiber,John,Schreiber,46,1994-03-05,32,"6' 2""",224,1,Pitcher,R,Right,R,Right,"1.2 IP, ER, 0 K, BB",,,,,,,,,,,,,,,,1.2,1,2,0,0,1,20,0,0,0
2026-04-30,823714,,/api/v1.1/game/823714/feed/live,R,2026,2026-04-30,,night,P,N,N,Regular Season,1,4,1,Final,Final,3312,Target Field,142,Minnesota Twins,MIN,7,True,141,Toronto Blue Jays,TOR,1,False,671737,Taj Bradley,Taj,Bradley,26,2001-03-20,25,"6' 2""",220,1,Pitcher,R,Right,R,Right,,,,,,,,,,,,,,,,,,,,,,,,,,
2026-04-30,823714,,/api/v1.1/game/823714/feed/live,R,2026,2026-04-30,,night,P,N,N,Regular Season,1,4,1,Final,Final,3312,Target Field,142,Minnesota Twins,MIN,7,True,141,Toronto Blue Jays,TOR,1,False,623437,Justin Topa,Justin,Topa,48,1991-03-07,35,"6' 4""",200,1,Pitcher,R,Right,R,Right,"1.0 IP, 0 ER, 0 K, BB",,,,,,,,,,,,,,,,1.0,0,0,0,0,1,12,0,0,0
2026-04-30,823714,,/api/v1.1/game/823714/feed/live,R,2026,2026-04-30,,night,P,N,N,Regular Season,1,4,1,Final,Final,3312,Target Field,142,Minnesota Twins,MIN,7,True,141,Toronto Blue Jays,TOR,1,False,605170,Victor Caratini,Victor,Caratini,37,1993-08-17,32,"6' 0""",225,2,Catcher,S,Switch,R,Right,,,,,,,,,,,,,,,,,,,,,,,,,,
2026-04-30,823714,,/api/v1.1/game/823714/feed/live,R,2026,2026-04-30,,night,P,N,N,Regular Season,1,4,1,Final,Final,3312,Target Field,142,Minnesota Twins,MIN,7,True,141,Toronto Blue Jays,TOR,1,False,665019,Kody Clemens,Kody,Clemens,2,1996-05-15,29,"6' 0""",200,3,First Base,L,Left,R,Right,"0-3 | BB, 2 K",,3,0,0,0,0,0,0,2,1,0,0,0,4,0,,,,,,,,,,
2026-04-30,823714,,/api/v1.1/game/823714/feed/live,R,2026,2026-04-30,,night,P,N,N,Regular Season,1,4,1,Final,Final,3312,Target Field,142,Minnesota Twins,MIN,7,True,141,Toronto Blue Jays,TOR,1,False,686797,Brooks Lee,Brooks,Lee,22,2001-02-14,25,"6' 0""",205,6,Shortstop,S,Switch,R,Right,0-4 | K,,4,0,0,0,0,0,0,1,0,0,0,0,4,0,,,,,,,,,,
2026-04-30,823714,,/api/v1.1/game/823714/feed/live,R,2026,2026-04-30,,night,P,N,N,Regular Season,1,4,1,Final,Final,3312,Target Field,142,Minnesota Twins,MIN,7,True,141,Toronto Blue Jays,TOR,1,False,668885,Austin Martin,Christopher,Martin,16,1999-03-23,27,"5' 10""",185,7,Outfielder,R,Right,R,Right,"1-3 | BB, RBI, SB",,3,1,0,0,0,1,0,0,1,1,0,0,4,1,,,,,,,,,,
2026-04-30,823714,,/api/v1.1/game/823714/feed/live,R,2026,2026-04-30,,night,P,N,N,Regular Season,1,4,1,Final,Final,3312,Target Field,142,Minnesota Twins,MIN,7,True,141,Toronto Blue Jays,TOR,1,False,680573,Simeon Woods Richardson,Simeon,Woods Richardson,24,2000-09-27,25,"6' 3""",210,1,Pitcher,R,Right,R,Right,,,,,,,,,,,,,,,,,,,,,,,,,,
2026-04-30,823714,,/api/v1.1/game/823714/feed/live,R,2026,2026-04-30,,night,P,N,N,Regular Season,1,4,1,Final,Final,3312,Target Field,142,Minnesota Twins,MIN,7,True,141,Toronto Blue Jays,TOR,1,False,607455,Anthony Banda,Frank,Banda,43,1993-08-10,32,"6' 2""",221,1,Pitcher,L,Left,L,Left,"0.2 IP, 0 ER, 0 K, 0 BB",,,,,,,,,,,,,,,,0.2,0,1,0,0,0,14,0,0,0
2026-04-30,823714,,/api/v1.1/game/823714/feed/live,R,2026,2026-04-30,,night,P,N,N,Regular Season,1,4,1,Final,Final,3312,Target Field,142,Minnesota Twins,MIN,7,True,141,Toronto Blue Jays,TOR,1,False,656484,Tristan Gray,Tristan,Gray,4,1996-03-22,30,"6' 1""",215,5,Third Base,L,Left,R,Right,,,,,,,,,,,,,,,,,,,,,,,,,,
2026-04-30,823714,,/api/v1.1/game/823714/feed/live,R,2026,2026-04-30,,night,P,N,N,Regular Season,1,4,1,Final,Final,3312,Target Field,142,Minnesota Twins,MIN,7,True,141,Toronto Blue Jays,TOR,1,False,605137,Josh Bell,Joshua,Bell,56,1992-08-14,33,"6' 3""",261,3,First Base,S,Switch,R,Right,"1-4 | RBI, R",,4,1,0,0,0,1,1,0,0,0,0,0,4,1,,,,,,,,,,
2026-04-30,823714,,/api/v1.1/game/823714/feed/live,R,2026,2026-04-30,,night,P,N,N,Regular Season,1,4,1,Final,Final,3312,Target Field,142,Minnesota Twins,MIN,7,True,141,Toronto Blue Jays,TOR,1,False,687570,Connor Prielipp,Connor,Prielipp,61,2001-01-10,25,"6' 2""",210,1,Pitcher,L,Left,L,Left,,,,,,,,,,,,,,,,,,,,,,,,,,
2026-04-30,823714,,/api/v1.1/game/823714/feed/live,R,2026,2026-04-30,,night,P,N,N,Regular Season,1,4,1,Final,Final,3312,Target Field,142,Minnesota Twins,MIN,7,True,141,Toronto Blue Jays,TOR,1,False,680777,Ryan Jeffers,Ryan,Jeffers,27,1997-06-03,28,"6' 2""",235,2,Catcher,R,Right,R,Right,"1-4 | HR, K, 2 RBI",,4,1,0,0,1,2,2,1,0,0,0,0,4,4,,,,,,,,,,
2026-04-30,823714,,/api/v1.1/game/823714/feed/live,R,2026,2026-04-30,,night,P,N,N,Regular Season,1,4,1,Final,Final,3312,Target Field,142,Minnesota Twins,MIN,7,True,141,Toronto Blue Jays,TOR,1,False,681546,James Outman,James,Outman,30,1997-05-14,28,"6' 2""",215,8,Outfielder,L,Left,R,Right,0-0,,0,0,0,0,0,0,0,0,0,0,0,0,0,0,,,,,,,,,,
2026-04-30,823714,,/api/v1.1/game/823714/feed/live,R,2026,2026-04-30,,night,P,N,N,Regular Season,1,4,1,Final,Final,3312,Target Field,142,Minnesota Twins,MIN,7,True,141,Toronto Blue Jays,TOR,1,False,663485,Cole Sands,Bryson,Sands,44,1997-07-17,28,"6' 3""",215,1,Pitcher,R,Right,R,Right,,,,,,,,,,,,,,,,,,,,,,,,,,
2026-04-30,823714,,/api/v1.1/game/823714/feed/live,R,2026,2026-04-30,,night,P,N,N,Regular Season,1,4,1,Final,Final,3312,Target Field,142,Minnesota Twins,MIN,7,True,141,Toronto Blue Jays,TOR,1,False,573124,Taylor Rogers,Taylor,Rogers,55,1990-12-17,35,"6' 3""",190,1,Pitcher,L,Left,L,Left,,,,,,,,,,,,,,,,,,,,,,,,,,
2026-04-30,823714,,/api/v1.1/game/823714/feed/live,R,2026,2026-04-30,,night,P,N,N,Regular Season,1,4,1,Final,Final,3312,Target Field,142,Minnesota Twins,MIN,7,True,141,Toronto Blue Jays,TOR,1,False,641927,Bailey Ober,John,Ober,17,1995-07-12,30,"6' 9""",260,1,Pitcher,R,Right,R,Right,"6.0 IP, ER, 2 K, 2 BB",,,,,,,,,,,,,,,,6.0,1,4,1,2,2,88,1,0,0
2026-04-30,823714,,/api/v1.1/game/823714/feed/live,R,2026,2026-04-30,,night,P,N,N,Regular Season,1,4,1,Final,Final,3312,Target Field,142,Minnesota Twins,MIN,7,True,141,Toronto Blue Jays,TOR,1,False,681892,Kody Funderburk,Kody,Funderburk,57,1996-11-27,29,"6' 4""",230,1,Pitcher,L,Left,L,Left,,,,,,,,,,,,,,,,,,,,,,,,,,
2026-04-30,823714,,/api/v1.1/game/823714/feed/live,R,2026,2026-04-30,,night,P,N,N,Regular Season,1,4,1,Final,Final,3312,Target Field,142,Minnesota Twins,MIN,7,True,141,Toronto Blue Jays,TOR,1,False,668904,Royce Lewis,Royce,Lewis,23,1999-06-05,26,"6' 0""",200,5,Third Base,R,Right,R,Right,0-3 | K,,3,0,0,0,0,0,0,1,0,0,0,0,3,0,,,,,,,,,,
2026-04-30,823714,,/api/v1.1/game/823714/feed/live,R,2026,2026-04-30,,night,P,N,N,Regular Season,1,4,1,Final,Final,3312,Target Field,142,Minnesota Twins,MIN,7,True,141,Toronto Blue Jays,TOR,1,False,663616,Trevor Larnach,Trevor,Larnach,9,1997-02-26,29,"6' 3""",223,7,Outfielder,L,Left,R,Right,"0-2 | 2 BB, K, 2 R",,2,0,0,0,0,0,2,1,2,0,0,0,4,0,,,,,,,,,,
2026-04-30,823714,,/api/v1.1/game/823714/feed/live,R,2026,2026-04-30,,night,P,N,N,Regular Season,1,4,1,Final,Final,3312,Target Field,142,Minnesota Twins,MIN,7,True,141,Toronto Blue Jays,TOR,1,False,472610,Luis García,Luis,García,40,1987-01-30,39,"6' 2""",240,1,Pitcher,R,Right,R,Right,,,,,,,,,,,,,,,,,,,,,,,,,,
2026-04-30,823714,,/api/v1.1/game/823714/feed/live,R,2026,2026-04-30,,night,P,N,N,Regular Season,1,4,1,Final,Final,3312,Target Field,142,Minnesota Twins,MIN,7,True,141,Toronto Blue Jays,TOR,1,False,621439,Byron Buxton,Byron,Buxton,25,1993-12-18,32,"6' 1""",190,8,Outfielder,R,Right,R,Right,"3-4 | HR, 2B, RBI",,4,3,1,0,1,1,2,0,0,0,0,0,4,7,,,,,,,,,,
2026-04-30,823714,,/api/v1.1/game/823714/feed/live,R,2026,2026-04-30,,night,P,N,N,Regular Season,1,4,1,Final,Final,3312,Target Field,142,Minnesota Twins,MIN,7,True,141,Toronto Blue Jays,TOR,1,False,657746,Joe Ryan,Joseph,Ryan,41,1996-06-05,29,"6' 2""",205,1,Pitcher,R,Right,R,Right,,,,,,,,,,,,,,,,,,,,,,,,,,
2026-04-30,823714,,/api/v1.1/game/823714/feed/live,R,2026,2026-04-30,,night,P,N,N,Regular Season,1,4,1,Final,Final,3312,Target Field,142,Minnesota Twins,MIN,7,True,141,Toronto Blue Jays,TOR,1,False,670242,Matt Wallner,Matthew,Wallner,38,1997-12-12,28,"6' 4""",220,9,Outfielder,L,Left,R,Right,,,,,,,,,,,,,,,,,,,,,,,,,,
2026-04-30,823714,,/api/v1.1/game/823714/feed/live,R,2026,2026-04-30,,night,P,N,N,Regular Season,1,4,1,Final,Final,3312,Target Field,142,Minnesota Twins,MIN,7,True,141,Toronto Blue Jays,TOR,1,False,679358,Eric Orze,Eric,Orze,19,1997-08-21,28,"6' 4""",205,1,Pitcher,R,Right,R,Right,,,,,,,,,,,,,,,,,,,,,,,,,,
2026-04-30,823714,,/api/v1.1/game/823714/feed/live,R,2026,2026-04-30,,night,P,N,N,Regular Season,1,4,1,Final,Final,3312,Target Field,142,Minnesota Twins,MIN,7,True,141,Toronto Blue Jays,TOR,1,False,702193,Andrew Morris,Andrew,Morris,78,2001-09-01,24,"6' 0""",195,1,Pitcher,R,Right,R,Right,"1.1 IP, 0 ER, 0 K, 0 BB",,,,,,,,,,,,,,,,1.1,0,1,0,0,0,19,0,0,0
2026-04-30,823714,,/api/v1.1/game/823714/feed/live,R,2026,2026-04-30,,night,P,N,N,Regular Season,1,4,1,Final,Final,3312,Target Field,142,Minnesota Twins,MIN,7,True,141,Toronto Blue Jays,TOR,1,False,807712,Luke Keaschall,Luke,Keaschall,15,2002-08-15,23,"6' 0""",190,4,Second Base,R,Right,R,Right,0-3 | RBI,,3,0,0,0,0,1,0,0,0,0,0,0,4,0,,,,,,,,,,
2026-04-30,823714,,/api/v1.1/game/823714/feed/live,R,2026,2026-04-30,,night,P,N,N,Regular Season,1,4,1,Final,Final,3312,Target Field,142,Minnesota Twins,MIN,7,True,141,Toronto Blue Jays,TOR,1,False,693686,Spencer Miles,Spencer,Miles,62,2000-07-26,25,"6' 3""",180,1,Pitcher,L,Left,R,Right,,,,,,,,,,,,,,,,,,,,,,,,,,
2026-04-30,823714,,/api/v1.1/game/823714/feed/live,R,2026,2026-04-30,,night,P,N,N,Regular Season,1,4,1,Final,Final,3312,Target Field,142,Minnesota Twins,MIN,7,True,141,Toronto Blue Jays,TOR,1,False,667297,Tommy Nance,Thomas,Nance,45,1991-03-19,35,"6' 6""",235,1,Pitcher,R,Right,R,Right,"1.1 IP, 0 ER, 3 K, 0 BB",,,,,,,,,,,,,,,,1.1,0,0,0,3,0,18,0,0,0
2026-04-30,823714,,/api/v1.1/game/823714/feed/live,R,2026,2026-04-30,,night,P,N,N,Regular Season,1,4,1,Final,Final,3312,Target Field,142,Minnesota Twins,MIN,7,True,141,Toronto Blue Jays,TOR,1,False,672820,Lenyn Sosa,Lenyn,Sosa,50,2000-01-25,26,"5' 11""",210,4,Second Base,R,Right,R,Right,,,,,,,,,,,,,,,,,,,,,,,,,,
2026-04-30,823714,,/api/v1.1/game/823714/feed/live,R,2026,2026-04-30,,night,P,N,N,Regular Season,1,4,1,Final,Final,3312,Target Field,142,Minnesota Twins,MIN,7,True,141,Toronto Blue Jays,TOR,1,False,686973,Louis Varland,Louis,Varland,77,1997-12-09,28,"6' 1""",205,1,Pitcher,L,Left,R,Right,,,,,,,,,,,,,,,,,,,,,,,,,,
2026-04-30,823714,,/api/v1.1/game/823714/feed/live,R,2026,2026-04-30,,night,P,N,N,Regular Season,1,4,1,Final,Final,3312,Target Field,142,Minnesota Twins,MIN,7,True,141,Toronto Blue Jays,TOR,1,False,573009,Joe Mantiply,Joseph,Mantiply,35,1991-03-01,35,"6' 4""",219,1,Pitcher,R,Right,L,Left,"0.2 IP, 0 ER, 0 K, 0 BB",,,,,,,,,,,,,,,,0.2,0,0,0,0,0,5,0,0,0
2026-04-30,823714,,/api/v1.1/game/823714/feed/live,R,2026,2026-04-30,,night,P,N,N,Regular Season,1,4,1,Final,Final,3312,Target Field,142,Minnesota Twins,MIN,7,True,141,Toronto Blue Jays,TOR,1,False,676391,Ernie Clement,Ernie,Clement,22,1996-03-22,30,"6' 0""",170,4,Second Base,R,Right,R,Right,1-3 | BB,,3,1,0,0,0,0,0,0,1,0,0,0,4,1,,,,,,,,,,
2026-04-30,823714,,/api/v1.1/game/823714/feed/live,R,2026,2026-04-30,,night,P,N,N,Regular Season,1,4,1,Final,Final,3312,Target Field,142,Minnesota Twins,MIN,7,True,141,Toronto Blue Jays,TOR,1,False,662139,Daulton Varsho,Daulton,Varsho,5,1996-07-02,29,"5' 8""",207,8,Outfielder,L,Left,R,Right,"1-4 | HR, K, RBI",,4,1,0,0,1,1,1,1,0,0,0,0,4,4,,,,,,,,,,
2026-04-30,823714,,/api/v1.1/game/823714/feed/live,R,2026,2026-04-30,,night,P,N,N,Regular Season,1,4,1,Final,Final,3312,Target Field,142,Minnesota Twins,MIN,7,True,141,Toronto Blue Jays,TOR,1,False,665926,Andrés Giménez,Andrés,Giménez,0,1998-09-04,27,"5' 11""",161,6,Shortstop,L,Left,R,Right,0-4,,4,0,0,0,0,0,0,0,0,0,0,1,4,0,,,,,,,,,,
2026-04-30,823714,,/api/v1.1/game/823714/feed/live,R,2026,2026-04-30,,night,P,N,N,Regular Season,1,4,1,Final,Final,3312,Target Field,142,Minnesota Twins,MIN,7,True,141,Toronto Blue Jays,TOR,1,False,592332,Kevin Gausman,Kevin,Gausman,34,1991-01-06,35,"6' 2""",205,1,Pitcher,L,Left,R,Right,"5.2 IP, 4 ER, 2 K, 2 BB",,,,,,,,,,,,,,,,5.2,4,4,2,2,2,94,0,1,0
2026-04-30,823714,,/api/v1.1/game/823714/feed/live,R,2026,2026-04-30,,night,P,N,N,Regular Season,1,4,1,Final,Final,3312,Target Field,142,Minnesota Twins,MIN,7,True,141,Toronto Blue Jays,TOR,1,False,641778,Eric Lauer,Eric,Lauer,56,1995-06-03,30,"6' 3""",209,1,Pitcher,R,Right,L,Left,,,,,,,,,,,,,,,,,,,,,,,,,,
2026-04-30,823714,,/api/v1.1/game/823714/feed/live,R,2026,2026-04-30,,night,P,N,N,Regular Season,1,4,1,Final,Final,3312,Target Field,142,Minnesota Twins,MIN,7,True,141,Toronto Blue Jays,TOR,1,False,678218,Brandon Valenzuela,Brandon,Valenzuela,59,2000-10-02,25,"6' 0""",225,2,Catcher,S,Switch,R,Right,1-3,,3,1,0,0,0,0,0,0,0,0,0,0,3,1,,,,,,,,,,
2026-04-30,823714,,/api/v1.1/game/823714/feed/live,R,2026,2026-04-30,,night,P,N,N,Regular Season,1,4,1,Final,Final,3312,Target Field,142,Minnesota Twins,MIN,7,True,141,Toronto Blue Jays,TOR,1,False,656546,Jeff Hoffman,Jeffrey,Hoffman,23,1993-01-08,33,"6' 5""",235,1,Pitcher,R,Right,R,Right,,,,,,,,,,,,,,,,,,,,,,,,,,
2026-04-30,823714,,/api/v1.1/game/823714/feed/live,R,2026,2026-04-30,,night,P,N,N,Regular Season,1,4,1,Final,Final,3312,Target Field,142,Minnesota Twins,MIN,7,True,141,Toronto Blue Jays,TOR,1,False,656302,Dylan Cease,Dylan,Cease,84,1995-12-28,30,"6' 2""",200,1,Pitcher,R,Right,R,Right,,,,,,,,,,,,,,,,,,,,,,,,,,
2026-04-30,823714,,/api/v1.1/game/823714/feed/live,R,2026,2026-04-30,,night,P,N,N,Regular Season,1,4,1,Final,Final,3312,Target Field,142,Minnesota Twins,MIN,7,True,141,Toronto Blue Jays,TOR,1,False,702056,Trey Yesavage,Trey,Yesavage,39,2003-07-28,22,"6' 4""",225,1,Pitcher,R,Right,R,Right,,,,,,,,,,,,,,,,,,,,,,,,,,
2026-04-30,823714,,/api/v1.1/game/823714/feed/live,R,2026,2026-04-30,,night,P,N,N,Regular Season,1,4,1,Final,Final,3312,Target Field,142,Minnesota Twins,MIN,7,True,141,Toronto Blue Jays,TOR,1,False,676914,Davis Schneider,Davis,Schneider,36,1999-01-26,27,"5' 8""",190,7,Outfielder,R,Right,R,Right,0-2,,2,0,0,0,0,0,0,0,0,0,0,0,2,0,,,,,,,,,,
2026-04-30,823714,,/api/v1.1/game/823714/feed/live,R,2026,2026-04-30,,night,P,N,N,Regular Season,1,4,1,Final,Final,3312,Target Field,142,Minnesota Twins,MIN,7,True,141,Toronto Blue Jays,TOR,1,False,543807,George Springer,George,Springer,4,1989-09-19,36,"6' 1""",220,10,Designated Hitter,R,Right,R,Right,2-4 | K,,4,2,0,0,0,0,0,1,0,0,0,0,4,2,,,,,,,,,,
2026-04-30,823714,,/api/v1.1/game/823714/feed/live,R,2026,2026-04-30,,night,P,N,N,Regular Season,1,4,1,Final,Final,3312,Target Field,142,Minnesota Twins,MIN,7,True,141,Toronto Blue Jays,TOR,1,False,682818,Yohendrick Pinango,Yohendrick,Pinango,24,2002-05-07,23,"5' 10""",170,7,Outfielder,L,Left,L,Left,0-1 | BB,,1,0,0,0,0,0,0,0,1,0,0,0,2,0,,,,,,,,,,
2026-04-30,823714,,/api/v1.1/game/823714/feed/live,R,2026,2026-04-30,,night,P,N,N,Regular Season,1,4,1,Final,Final,3312,Target Field,142,Minnesota Twins,MIN,7,True,141,Toronto Blue Jays,TOR,1,False,689254,Mason Fluharty,Mason,Fluharty,68,2001-08-13,24,"6' 2""",215,1,Pitcher,R,Right,L,Left,"0.1 IP, ER, K, 2 BB",,,,,,,,,,,,,,,,0.1,1,2,0,1,2,27,0,0,0
2026-04-30,823714,,/api/v1.1/game/823714/feed/live,R,2026,2026-04-30,,night,P,N,N,Regular Season,1,4,1,Final,Final,3312,Target Field,142,Minnesota Twins,MIN,7,True,141,Toronto Blue Jays,TOR,1,False,680755,Braydon Fisher,Braydon,Fisher,63,2000-07-26,25,"6' 4""",180,1,Pitcher,R,Right,R,Right,,,,,,,,,,,,,,,,,,,,,,,,,,
2026-04-30,823714,,/api/v1.1/game/823714/feed/live,R,2026,2026-04-30,,night,P,N,N,Regular Season,1,4,1,Final,Final,3312,Target Field,142,Minnesota Twins,MIN,7,True,141,Toronto Blue Jays,TOR,1,False,623168,Tyler Heineman,Tyler,Heineman,55,1991-06-19,34,"5' 10""",190,2,Catcher,S,Switch,R,Right,,,,,,,,,,,,,,,,,,,,,,,,,,
2026-04-30,823714,,/api/v1.1/game/823714/feed/live,R,2026,2026-04-30,,night,P,N,N,Regular Season,1,4,1,Final,Final,3312,Target Field,142,Minnesota Twins,MIN,7,True,141,Toronto Blue Jays,TOR,1,False,643511,Tyler Rogers,Tyler,Rogers,71,1990-12-17,35,"6' 3""",180,1,Pitcher,R,Right,R,Right,,,,,,,,,,,,,,,,,,,,,,,,,,
2026-04-30,823714,,/api/v1.1/game/823714/feed/live,R,2026,2026-04-30,,night,P,N,N,Regular Season,1,4,1,Final,Final,3312,Target Field,142,Minnesota Twins,MIN,7,True,141,Toronto Blue Jays,TOR,1,False,665489,Vladimir Guerrero Jr.,Vladimir,Guerrero,27,1999-03-16,27,"6' 0""",245,3,First Base,R,Right,R,Right,1-4,,4,1,0,0,0,0,0,0,0,0,0,0,4,1,,,,,,,,,,
2026-04-30,823714,,/api/v1.1/game/823714/feed/live,R,2026,2026-04-30,,night,P,N,N,Regular Season,1,4,1,Final,Final,3312,Target Field,142,Minnesota Twins,MIN,7,True,141,Toronto Blue Jays,TOR,1,False,571578,Patrick Corbin,Patrick,Corbin,46,1989-07-19,36,"6' 4""",225,1,Pitcher,L,Left,L,Left,,,,,,,,,,,,,,,,,,,,,,,,,,
2026-04-30,823714,,/api/v1.1/game/823714/feed/live,R,2026,2026-04-30,,night,P,N,N,Regular Season,1,4,1,Final,Final,3312,Target Field,142,Minnesota Twins,MIN,7,True,141,Toronto Blue Jays,TOR,1,False,660821,Jesús Sánchez,Jesús,Sánchez,12,1997-10-07,28,"6' 3""",222,7,Outfielder,L,Left,R,Right,0-4 | SB,,4,0,0,0,0,0,0,0,0,1,0,0,4,0,,,,,,,,,,
2026-04-30,823714,,/api/v1.1/game/823714/feed/live,R,2026,2026-04-30,,night,P,N,N,Regular Season,1,4,1,Final,Final,3312,Target Field,142,Minnesota Twins,MIN,7,True,141,Toronto Blue Jays,TOR,1,False,664702,Myles Straw,Myles,Straw,3,1994-10-17,31,"5' 9""",178,9,Outfielder,R,Right,R,Right,,,,,,,,,,,,,,,,,,,,,,,,,,
2026-04-30,823714,,/api/v1.1/game/823714/feed/live,R,2026,2026-04-30,,night,P,N,N,Regular Season,1,4,1,Final,Final,3312,Target Field,142,Minnesota Twins,MIN,7,True,141,Toronto Blue Jays,TOR,1,False,672960,Kazuma Okamoto,Kazuma,Okamoto,7,1996-06-30,29,"6' 1""",220,5,Third Base,R,Right,R,Right,0-3 | BB,,3,0,0,0,0,0,0,0,1,0,0,0,4,0,,,,,,,,,,
