gameDate,gamePk,gameGuid,link,gameType,season,officialDate,description,dayNight,gamedayType,doubleHeader,tiebreaker,seriesDescription,seriesGameNumber,gamesInSeries,gameNumber,status_abstractGameState,status_detailedState,venue_id,venue_name,home_team_id,home_team_name,home_team_abbreviation,home_score,home_isWinner,away_team_id,away_team_name,away_team_abbreviation,away_score,away_isWinner,playerId,fullName,firstName,lastName,primaryNumber,birthDate,currentAge,height,weight,primaryPosition_code,primaryPosition_name,batSide_code,batSide_description,pitchHand_code,pitchHand_description,gameLogSummary,note,atBats,hits,doubles,triples,homeRuns,rbi,runs,strikeOuts,baseOnBalls,stolenBases,caughtStealing,groundIntoDoublePlay,plateAppearances,totalBases,inningsPitched,earnedRuns,hitsAllowed,homeRunsAllowed,strikeOutsPitching,baseOnBallsPitching,pitchesThrown,wins,losses,saves
2026-09-03,823337,,/api/v1.1/game/823337/feed/live,R,2026,2026-09-03,,day,P,N,N,Regular Season,3,3,1,Final,Final,31,PNC Park,134,Pittsburgh Pirates,PIT,5,True,137,San Francisco Giants,SF,2,False,694378,Jacob Gonzalez,Jacob,Gonzalez,26,2002-05-30,24,"6' 2""",205,6,Shortstop,L,Left,R,Right,0-2 | 2 K,,2,0,0,0,0,0,0,2,0,0,0,0,2,0,,,,,,,,,,
2026-09-03,823337,,/api/v1.1/game/823337/feed/live,R,2026,2026-09-03,,day,P,N,N,Regular Season,3,3,1,Final,Final,31,PNC Park,134,Pittsburgh Pirates,PIT,5,True,137,San Francisco Giants,SF,2,False,694753,Khristian Curtis,Khristian,Curtis,64,2002-05-09,24,"6' 5""",215,1,Pitcher,R,Right,R,Right,"3.0 IP, 2 ER, 2 K, 3 BB",,,,,,,,,,,,,,,,3.0,2,1,0,2,3,46,1,0,0
2026-09-03,823337,,/api/v1.1/game/823337/feed/live,R,2026,2026-09-03,,day,P,N,N,Regular Season,3,3,1,Final,Final,31,PNC Park,134,Pittsburgh Pirates,PIT,5,True,137,San Francisco Giants,SF,2,False,694973,Paul Skenes,Paul,Skenes,30,2002-05-29,24,"6' 6""",260,1,Pitcher,R,Right,R,Right,,,,,,,,,,,,,,,,,,,,,,,,,,
2026-09-03,823337,,/api/v1.1/game/823337/feed/live,R,2026,2026-09-03,,day,P,N,N,Regular Season,3,3,1,Final,Final,31,PNC Park,134,Pittsburgh Pirates,PIT,5,True,137,San Francisco Giants,SF,2,False,694377,Nick Yorke,Nicholas,Yorke,38,2002-04-02,24,"5' 11""",220,5,Third Base,R,Right,R,Right,1-1,,1,1,0,0,0,0,0,0,0,0,0,0,2,1,,,,,,,,,,
2026-09-03,823337,,/api/v1.1/game/823337/feed/live,R,2026,2026-09-03,,day,P,N,N,Regular Season,3,3,1,Final,Final,31,PNC Park,134,Pittsburgh Pirates,PIT,5,True,137,San Francisco Giants,SF,2,False,687462,Spencer Horwitz,Spencer,Horwitz,2,1997-11-14,28,"5' 10""",204,3,First Base,L,Left,R,Right,1-5 | R,,5,1,0,0,0,0,1,0,0,0,0,0,5,1,,,,,,,,,,
2026-09-03,823337,,/api/v1.1/game/823337/feed/live,R,2026,2026-09-03,,day,P,N,N,Regular Season,3,3,1,Final,Final,31,PNC Park,134,Pittsburgh Pirates,PIT,5,True,137,San Francisco Giants,SF,2,False,669199,Lake Bachar,Lake,Bachar,71,1995-06-03,31,"6' 2""",219,1,Pitcher,R,Right,R,Right,"2.1 IP, 0 ER, 3 K, 2 BB",,,,,,,,,,,,,,,,2.1,0,0,0,3,2,38,0,0,0
2026-09-03,823337,,/api/v1.1/game/823337/feed/live,R,2026,2026-09-03,,day,P,N,N,Regular Season,3,3,1,Final,Final,31,PNC Park,134,Pittsburgh Pirates,PIT,5,True,137,San Francisco Giants,SF,2,False,664040,Brandon Lowe,Brandon,Lowe,5,1994-07-06,32,"5' 9""",181,4,Second Base,L,Left,R,Right,0-3 | BB,,3,0,0,0,0,0,0,0,1,0,0,0,4,0,,,,,,,,,,
2026-09-03,823337,,/api/v1.1/game/823337/feed/live,R,2026,2026-09-03,,day,P,N,N,Regular Season,3,3,1,Final,Final,31,PNC Park,134,Pittsburgh Pirates,PIT,5,True,137,San Francisco Giants,SF,2,False,668804,Bryan Reynolds,Bryan,Reynolds,10,1995-01-27,31,"6' 2""",210,7,Outfielder,S,Switch,R,Right,"0-3 | BB, R",,3,0,0,0,0,0,1,0,1,0,0,0,4,0,,,,,,,,,,
2026-09-03,823337,,/api/v1.1/game/823337/feed/live,R,2026,2026-09-03,,day,P,N,N,Regular Season,3,3,1,Final,Final,31,PNC Park,134,Pittsburgh Pirates,PIT,5,True,137,San Francisco Giants,SF,2,False,665833,Oneil Cruz,Oneil,Cruz,15,1998-10-04,27,"6' 7""",248,8,Outfielder,L,Left,R,Right,"0-1 | 3 BB, K, RBI",,1,0,0,0,0,1,1,1,3,1,0,0,4,0,,,,,,,,,,
2026-09-03,823337,,/api/v1.1/game/823337/feed/live,R,2026,2026-09-03,,day,P,N,N,Regular Season,3,3,1,Final,Final,31,PNC Park,134,Pittsburgh Pirates,PIT,5,True,137,San Francisco Giants,SF,2,False,685126,Brandon Eisert,Brandon,Eisert,14,1998-01-19,28,"6' 2""",210,1,Pitcher,L,Left,L,Left,"0.2 IP, 0 ER, K, 0 BB",,,,,,,,,,,,,,,,0.2,0,1,0,1,0,14,0,0,0
2026-09-03,823337,,/api/v1.1/game/823337/feed/live,R,2026,2026-09-03,,day,P,N,N,Regular Season,3,3,1,Final,Final,31,PNC Park,134,Pittsburgh Pirates,PIT,5,True,137,San Francisco Giants,SF,2,False,683003,Jared Jones,Jared,Jones,17,2001-08-06,25,"6' 0""",211,1,Pitcher,L,Left,R,Right,,,,,,,,,,,,,,,,,,,,,,,,,,
2026-09-03,823337,,/api/v1.1/game/823337/feed/live,R,2026,2026-09-03,,day,P,N,N,Regular Season,3,3,1,Final,Final,31,PNC Park,134,Pittsburgh Pirates,PIT,5,True,137,San Francisco Giants,SF,2,False,642397,Gregory Soto,Gregory,Soto,31,1995-02-11,31,"6' 1""",247,1,Pitcher,L,Left,L,Left,,,,,,,,,,,,,,,,,,,,,,,,,,
2026-09-03,823337,,/api/v1.1/game/823337/feed/live,R,2026,2026-09-03,,day,P,N,N,Regular Season,3,3,1,Final,Final,31,PNC Park,134,Pittsburgh Pirates,PIT,5,True,137,San Francisco Giants,SF,2,False,596133,Luke Weaver,Luke,Weaver,18,1993-08-21,33,"6' 2""",180,1,Pitcher,R,Right,R,Right,"1.0 IP, 0 ER, K, 0 BB",,,,,,,,,,,,,,,,1.0,0,0,0,1,0,13,0,0,0
2026-09-03,823337,,/api/v1.1/game/823337/feed/live,R,2026,2026-09-03,,day,P,N,N,Regular Season,3,3,1,Final,Final,31,PNC Park,134,Pittsburgh Pirates,PIT,5,True,137,San Francisco Giants,SF,2,False,682254,Mason Montgomery,Mason,Montgomery,46,2000-06-17,26,"6' 2""",205,1,Pitcher,L,Left,L,Left,"1.0 IP, 0 ER, K, 0 BB",,,,,,,,,,,,,,,,1.0,0,0,0,1,0,11,0,0,1
2026-09-03,823337,,/api/v1.1/game/823337/feed/live,R,2026,2026-09-03,,day,P,N,N,Regular Season,3,3,1,Final,Final,31,PNC Park,134,Pittsburgh Pirates,PIT,5,True,137,San Francisco Giants,SF,2,False,669707,Jared Triolo,Jared,Triolo,19,1998-02-08,28,"6' 3""",212,6,Shortstop,R,Right,R,Right,"0-3 | 2 K, 2 RBI, SB",,3,0,0,0,0,2,0,2,0,1,0,0,4,0,,,,,,,,,,
2026-09-03,823337,,/api/v1.1/game/823337/feed/live,R,2026,2026-09-03,,day,P,N,N,Regular Season,3,3,1,Final,Final,31,PNC Park,134,Pittsburgh Pirates,PIT,5,True,137,San Francisco Giants,SF,2,False,542194,Christian Bethancourt,Christian,Bethancourt,60,1991-09-02,35,"6' 1""",205,2,Catcher,R,Right,R,Right,,,,,,,,,,,,,,,,,,,,,,,,,,
2026-09-03,823337,,/api/v1.1/game/823337/feed/live,R,2026,2026-09-03,,day,P,N,N,Regular Season,3,3,1,Final,Final,31,PNC Park,134,Pittsburgh Pirates,PIT,5,True,137,San Francisco Giants,SF,2,False,699013,Esmerlyn Valdez,Esmerlyn,Valdez,55,2004-01-27,22,"6' 2""",234,9,Outfielder,R,Right,R,Right,,,,,,,,,,,,,,,,,,,,,,,,,,
2026-09-03,823337,,/api/v1.1/game/823337/feed/live,R,2026,2026-09-03,,day,P,N,N,Regular Season,3,3,1,Final,Final,31,PNC Park,134,Pittsburgh Pirates,PIT,5,True,137,San Francisco Giants,SF,2,False,663968,Jake Mangum,Jake,Mangum,28,1996-03-08,30,"5' 11""",191,8,Outfielder,S,Switch,L,Left,"1-1 | BB, HBP, RBI",,1,1,0,0,0,1,2,0,1,0,0,0,4,1,,,,,,,,,,
2026-09-03,823337,,/api/v1.1/game/823337/feed/live,R,2026,2026-09-03,,day,P,N,N,Regular Season,3,3,1,Final,Final,31,PNC Park,134,Pittsburgh Pirates,PIT,5,True,137,San Francisco Giants,SF,2,False,670990,Yohan Ramírez,Yohan,Ramírez,49,1995-05-06,31,"6' 3""",205,1,Pitcher,R,Right,R,Right,"1.0 IP, 0 ER, K, 0 BB",,,,,,,,,,,,,,,,1.0,0,0,0,1,0,15,0,0,0
2026-09-03,823337,,/api/v1.1/game/823337/feed/live,R,2026,2026-09-03,,day,P,N,N,Regular Season,3,3,1,Final,Final,31,PNC Park,134,Pittsburgh Pirates,PIT,5,True,137,San Francisco Giants,SF,2,False,696149,Bubba Chandler,Roy,Chandler,36,2002-09-14,23,"6' 3""",206,1,Pitcher,S,Switch,R,Right,,,,,,,,,,,,,,,,,,,,,,,,,,
2026-09-03,823337,,/api/v1.1/game/823337/feed/live,R,2026,2026-09-03,,day,P,N,N,Regular Season,3,3,1,Final,Final,31,PNC Park,134,Pittsburgh Pirates,PIT,5,True,137,San Francisco Giants,SF,2,False,695257,Billy Cook,William,Cook,25,1999-01-07,27,"6' 0""",204,8,Outfielder,R,Right,R,Right,,,,,,,,,,,,,,,,,,,,,,,,,,
2026-09-03,823337,,/api/v1.1/game/823337/feed/live,R,2026,2026-09-03,,day,P,N,N,Regular Season,3,3,1,Final,Final,31,PNC Park,134,Pittsburgh Pirates,PIT,5,True,137,San Francisco Giants,SF,2,False,669387,Carmen Mlodzinski,Carmen,Mlodzinski,50,1999-02-19,27,"6' 2""",210,1,Pitcher,R,Right,R,Right,,,,,,,,,,,,,,,,,,,,,,,,,,
2026-09-03,823337,,/api/v1.1/game/823337/feed/live,R,2026,2026-09-03,,day,P,N,N,Regular Season,3,3,1,Final,Final,31,PNC Park,134,Pittsburgh Pirates,PIT,5,True,137,San Francisco Giants,SF,2,False,680779,Henry Davis,Henry,Davis,32,1999-09-21,26,"5' 11""",225,2,Catcher,R,Right,R,Right,,,,,,,,,,,,,,,,,,,,,,,,,,
2026-09-03,823337,,/api/v1.1/game/823337/feed/live,R,2026,2026-09-03,,day,P,N,N,Regular Season,3,3,1,Final,Final,31,PNC Park,134,Pittsburgh Pirates,PIT,5,True,137,San Francisco Giants,SF,2,False,696062,Wilber Dotel,Wilber,Dotel,66,2002-09-25,23,"6' 3""",238,1,Pitcher,R,Right,R,Right,,,,,,,,,,,,,,,,,,,,,,,,,,
2026-09-03,823337,,/api/v1.1/game/823337/feed/live,R,2026,2026-09-03,,day,P,N,N,Regular Season,3,3,1,Final,Final,31,PNC Park,134,Pittsburgh Pirates,PIT,5,True,137,San Francisco Giants,SF,2,False,666808,Camilo Doval,Camilo,Doval,75,1997-07-04,29,"6' 2""",205,1,Pitcher,R,Right,R,Right,,,,,,,,,,,,,,,,,,,,,,,,,,
2026-09-03,823337,,/api/v1.1/game/823337/feed/live,R,2026,2026-09-03,,day,P,N,N,Regular Season,3,3,1,Final,Final,31,PNC Park,134,Pittsburgh Pirates,PIT,5,True,137,San Francisco Giants,SF,2,False,693304,Nick Gonzales,Nicholas,Gonzales,3,1999-05-27,27,"5' 8""",193,5,Third Base,R,Right,R,Right,1-3 | BB,,3,1,0,0,0,0,0,0,1,0,0,1,4,1,,,,,,,,,,
2026-09-03,823337,,/api/v1.1/game/823337/feed/live,R,2026,2026-09-03,,day,P,N,N,Regular Season,3,3,1,Final,Final,31,PNC Park,134,Pittsburgh Pirates,PIT,5,True,137,San Francisco Giants,SF,2,False,804668,Rafael Flores Jr.,Rafael,Flores,43,2000-11-07,25,"6' 3""",232,2,Catcher,R,Right,R,Right,1-4 | K,,4,1,0,0,0,0,0,1,0,0,0,0,4,1,,,,,,,,,,
2026-09-03,823337,,/api/v1.1/game/823337/feed/live,R,2026,2026-09-03,,day,P,N,N,Regular Season,3,3,1,Final,Final,31,PNC Park,134,Pittsburgh Pirates,PIT,5,True,137,San Francisco Giants,SF,2,False,677952,Braxton Ashcraft,Braxton,Ashcraft,35,1999-10-05,26,"6' 5""",218,1,Pitcher,L,Left,R,Right,,,,,,,,,,,,,,,,,,,,,,,,,,
2026-09-03,823337,,/api/v1.1/game/823337/feed/live,R,2026,2026-09-03,,day,P,N,N,Regular Season,3,3,1,Final,Final,31,PNC Park,134,Pittsburgh Pirates,PIT,5,True,137,San Francisco Giants,SF,2,False,813841,Jonah Cox,Jonah,Cox,53,2001-08-04,25,"6' 2""",204,8,Outfielder,R,Right,R,Right,"0-3 | BB, K, R",,3,0,0,0,0,0,1,1,1,1,0,0,4,0,,,,,,,,,,
2026-09-03,823337,,/api/v1.1/game/823337/feed/live,R,2026,2026-09-03,,day,P,N,N,Regular Season,3,3,1,Final,Final,31,PNC Park,134,Pittsburgh Pirates,PIT,5,True,137,San Francisco Giants,SF,2,False,694376,Shay Whitcomb,Shay,Whitcomb,13,1998-09-28,27,"6' 0""",202,5,Third Base,R,Right,R,Right,0-0 | 2 BB,,0,0,0,0,0,0,0,0,2,0,0,0,2,0,,,,,,,,,,
2026-09-03,823337,,/api/v1.1/game/823337/feed/live,R,2026,2026-09-03,,day,P,N,N,Regular Season,3,3,1,Final,Final,31,PNC Park,134,Pittsburgh Pirates,PIT,5,True,137,San Francisco Giants,SF,2,False,702885,Cesar Perdomo,Cesar,Perdomo,83,2002-02-09,24,"5' 10""",219,1,Pitcher,L,Left,L,Left,,,,,,,,,,,,,,,,,,,,,,,,,,
2026-09-03,823337,,/api/v1.1/game/823337/feed/live,R,2026,2026-09-03,,day,P,N,N,Regular Season,3,3,1,Final,Final,31,PNC Park,134,Pittsburgh Pirates,PIT,5,True,137,San Francisco Giants,SF,2,False,681916,Dylan Smith,Dylan,Smith,66,2000-05-28,26,"6' 2""",180,1,Pitcher,R,Right,R,Right,,,,,,,,,,,,,,,,,,,,,,,,,,
2026-09-03,823337,,/api/v1.1/game/823337/feed/live,R,2026,2026-09-03,,day,P,N,N,Regular Season,3,3,1,Final,Final,31,PNC Park,134,Pittsburgh Pirates,PIT,5,True,137,San Francisco Giants,SF,2,False,681439,Zach Morgan,Zachary,Morgan,80,2000-03-30,26,"5' 11""",202,2,Catcher,R,Right,R,Right,,,,,,,,,,,,,,,,,,,,,,,,,,
2026-09-03,823337,,/api/v1.1/game/823337/feed/live,R,2026,2026-09-03,,day,P,N,N,Regular Season,3,3,1,Final,Final,31,PNC Park,134,Pittsburgh Pirates,PIT,5,True,137,San Francisco Giants,SF,2,False,683363,Matt Wilkinson,Matthew,Wilkinson,71,2002-12-10,23,"6' 1""",250,1,Pitcher,R,Right,L,Left,,,,,,,,,,,,,,,,,,,,,,,,,,
2026-09-03,823337,,/api/v1.1/game/823337/feed/live,R,2026,2026-09-03,,day,P,N,N,Regular Season,3,3,1,Final,Final,31,PNC Park,134,Pittsburgh Pirates,PIT,5,True,137,San Francisco Giants,SF,2,False,701852,Drew Cavanaugh,Drew,Cavanaugh,61,2002-01-27,24,"6' 0""",219,2,Catcher,L,Left,R,Right,0-1 | K,,1,0,0,0,0,0,0,1,0,0,0,0,1,0,,,,,,,,,,
2026-09-03,823337,,/api/v1.1/game/823337/feed/live,R,2026,2026-09-03,,day,P,N,N,Regular Season,3,3,1,Final,Final,31,PNC Park,134,Pittsburgh Pirates,PIT,5,True,137,San Francisco Giants,SF,2,False,668800,Andrew Knizner,Andrew,Knizner,19,1995-02-03,31,"6' 0""",225,2,Catcher,R,Right,R,Right,0-2 | K,,2,0,0,0,0,0,0,1,0,0,0,0,2,0,,,,,,,,,,
2026-09-03,823337,,/api/v1.1/game/823337/feed/live,R,2026,2026-09-03,,day,P,N,N,Regular Season,3,3,1,Final,Final,31,PNC Park,134,Pittsburgh Pirates,PIT,5,True,137,San Francisco Giants,SF,2,False,801501,Nate Furman,Nathan,Furman,56,2001-07-23,25,"5' 8""",173,4,Second Base,L,Left,R,Right,0-3 | RBI,,3,0,0,0,0,1,0,0,0,0,0,1,3,0,,,,,,,,,,
2026-09-03,823337,,/api/v1.1/game/823337/feed/live,R,2026,2026-09-03,,day,P,N,N,Regular Season,3,3,1,Final,Final,31,PNC Park,134,Pittsburgh Pirates,PIT,5,True,137,San Francisco Giants,SF,2,False,657277,Logan Webb,Logan,Webb,62,1996-11-18,29,"6' 2""",221,1,Pitcher,R,Right,R,Right,,,,,,,,,,,,,,,,,,,,,,,,,,
2026-09-03,823337,,/api/v1.1/game/823337/feed/live,R,2026,2026-09-03,,day,P,N,N,Regular Season,3,3,1,Final,Final,31,PNC Park,134,Pittsburgh Pirates,PIT,5,True,137,San Francisco Giants,SF,2,False,676254,Ryan Walker,Ryan,Walker,74,1995-11-26,30,"6' 2""",215,1,Pitcher,R,Right,R,Right,"1.0 IP, ER, 0 K, BB",,,,,,,,,,,,,,,,1.0,1,1,0,0,1,19,0,0,0
2026-09-03,823337,,/api/v1.1/game/823337/feed/live,R,2026,2026-09-03,,day,P,N,N,Regular Season,3,3,1,Final,Final,31,PNC Park,134,Pittsburgh Pirates,PIT,5,True,137,San Francisco Giants,SF,2,False,805345,Trent Harris,Trenton,Harris,68,1999-01-22,27,"6' 1""",206,1,Pitcher,R,Right,R,Right,"1.0 IP, 0 ER, K, 0 BB",,,,,,,,,,,,,,,,1.0,0,1,0,1,0,21,0,0,0
2026-09-03,823337,,/api/v1.1/game/823337/feed/live,R,2026,2026-09-03,,day,P,N,N,Regular Season,3,3,1,Final,Final,31,PNC Park,134,Pittsburgh Pirates,PIT,5,True,137,San Francisco Giants,SF,2,False,671345,Jason Foley,Jason,Foley,64,1995-11-01,30,"6' 4""",215,1,Pitcher,R,Right,R,Right,,,,,,,,,,,,,,,,,,,,,,,,,,
2026-09-03,823337,,/api/v1.1/game/823337/feed/live,R,2026,2026-09-03,,day,P,N,N,Regular Season,3,3,1,Final,Final,31,PNC Park,134,Pittsburgh Pirates,PIT,5,True,137,San Francisco Giants,SF,2,False,694820,Braxton Roxby,Braxton,Roxby,90,1999-03-12,27,"6' 3""",231,1,Pitcher,R,Right,R,Right,,,,,,,,,,,,,,,,,,,,,,,,,,
2026-09-03,823337,,/api/v1.1/game/823337/feed/live,R,2026,2026-09-03,,day,P,N,N,Regular Season,3,3,1,Final,Final,31,PNC Park,134,Pittsburgh Pirates,PIT,5,True,137,San Francisco Giants,SF,2,False,693313,Carson Seymour,Carson,Seymour,77,1998-12-16,27,"6' 5""",264,1,Pitcher,R,Right,R,Right,,,,,,,,,,,,,,,,,,,,,,,,,,
2026-09-03,823337,,/api/v1.1/game/823337/feed/live,R,2026,2026-09-03,,day,P,N,N,Regular Season,3,3,1,Final,Final,31,PNC Park,134,Pittsburgh Pirates,PIT,5,True,137,San Francisco Giants,SF,2,False,805074,Yunior Marte,Yunior,Marte,87,2003-08-09,23,"6' 6""",236,1,Pitcher,R,Right,R,Right,,,,,,,,,,,,,,,,,,,,,,,,,,
2026-09-03,823337,,/api/v1.1/game/823337/feed/live,R,2026,2026-09-03,,day,P,N,N,Regular Season,3,3,1,Final,Final,31,PNC Park,134,Pittsburgh Pirates,PIT,5,True,137,San Francisco Giants,SF,2,False,687551,Drew Gilbert,Andrew,Gilbert,0,2000-09-27,25,"5' 9""",195,8,Outfielder,L,Left,L,Left,1-4 | K,,4,1,0,0,0,0,0,1,0,0,0,0,4,1,,,,,,,,,,
2026-09-03,823337,,/api/v1.1/game/823337/feed/live,R,2026,2026-09-03,,day,P,N,N,Regular Season,3,3,1,Final,Final,31,PNC Park,134,Pittsburgh Pirates,PIT,5,True,137,San Francisco Giants,SF,2,False,808982,Jung Hoo Lee,Jung Hoo,Lee,51,1998-08-20,28,"6' 0""",196,9,Outfielder,L,Left,R,Right,"1-2 | 2B, RBI",,2,1,1,0,0,1,0,0,0,0,0,0,2,2,,,,,,,,,,
2026-09-03,823337,,/api/v1.1/game/823337/feed/live,R,2026,2026-09-03,,day,P,N,N,Regular Season,3,3,1,Final,Final,31,PNC Park,134,Pittsburgh Pirates,PIT,5,True,137,San Francisco Giants,SF,2,False,646240,Rafael Devers,Rafael,Devers,16,1996-10-24,29,"6' 0""",235,3,First Base,L,Left,R,Right,0-4 | 3 K,,4,0,0,0,0,0,0,3,0,0,0,0,4,0,,,,,,,,,,
2026-09-03,823337,,/api/v1.1/game/823337/feed/live,R,2026,2026-09-03,,day,P,N,N,Regular Season,3,3,1,Final,Final,31,PNC Park,134,Pittsburgh Pirates,PIT,5,True,137,San Francisco Giants,SF,2,False,665665,Reiver Sanmartin,Reiver,Sanmartin,48,1996-04-15,30,"6' 1""",188,1,Pitcher,L,Left,L,Left,"1.0 IP, ER, 0 K, BB",,,,,,,,,,,,,,,,1.0,1,1,0,0,1,20,0,0,0
2026-09-03,823337,,/api/v1.1/game/823337/feed/live,R,2026,2026-09-03,,day,P,N,N,Regular Season,3,3,1,Final,Final,31,PNC Park,134,Pittsburgh Pirates,PIT,5,True,137,San Francisco Giants,SF,2,False,687529,Grant McCray,Grant,McCray,58,2000-12-07,25,"6' 1""",195,8,Outfielder,L,Left,R,Right,,,,,,,,,,,,,,,,,,,,,,,,,,
2026-09-03,823337,,/api/v1.1/game/823337/feed/live,R,2026,2026-09-03,,day,P,N,N,Regular Season,3,3,1,Final,Final,31,PNC Park,134,Pittsburgh Pirates,PIT,5,True,137,San Francisco Giants,SF,2,False,683766,Christian Koss,Christian,Koss,50,1998-01-27,28,"6' 1""",185,5,Third Base,R,Right,R,Right,0-3,,3,0,0,0,0,0,0,0,0,0,0,0,3,0,,,,,,,,,,
2026-09-03,823337,,/api/v1.1/game/823337/feed/live,R,2026,2026-09-03,,day,P,N,N,Regular Season,3,3,1,Final,Final,31,PNC Park,134,Pittsburgh Pirates,PIT,5,True,137,San Francisco Giants,SF,2,False,694918,Blade Tidwell,Janzen,Tidwell,46,2001-06-08,25,"6' 3""",244,1,Pitcher,R,Right,R,Right,"5.0 IP, 2 ER, 5 K, 5 BB",,,,,,,,,,,,,,,,5.0,2,2,0,5,5,95,0,1,0
2026-09-03,823337,,/api/v1.1/game/823337/feed/live,R,2026,2026-09-03,,day,P,N,N,Regular Season,3,3,1,Final,Final,31,PNC Park,134,Pittsburgh Pirates,PIT,5,True,137,San Francisco Giants,SF,2,False,683627,Anthony Molina,Anthony,Molina,45,2002-01-12,24,"6' 1""",170,1,Pitcher,R,Right,R,Right,,,,,,,,,,,,,,,,,,,,,,,,,,
2026-09-03,823337,,/api/v1.1/game/823337/feed/live,R,2026,2026-09-03,,day,P,N,N,Regular Season,3,3,1,Final,Final,31,PNC Park,134,Pittsburgh Pirates,PIT,5,True,137,San Francisco Giants,SF,2,False,694738,Landen Roupp,Landen,Roupp,65,1998-09-10,27,"6' 2""",220,1,Pitcher,R,Right,R,Right,,,,,,,,,,,,,,,,,,,,,,,,,,
2026-09-03,823337,,/api/v1.1/game/823337/feed/live,R,2026,2026-09-03,,day,P,N,N,Regular Season,3,3,1,Final,Final,31,PNC Park,134,Pittsburgh Pirates,PIT,5,True,137,San Francisco Giants,SF,2,False,806367,Turner Hill,Turner,Hill,52,1999-04-04,27,"5' 10""",198,7,Outfielder,L,Left,L,Left,"0-2 | BB, HBP, K",,2,0,0,0,0,0,1,1,1,0,1,0,4,0,,,,,,,,,,
2026-09-03,823337,,/api/v1.1/game/823337/feed/live,R,2026,2026-09-03,,day,P,N,N,Regular Season,3,3,1,Final,Final,31,PNC Park,134,Pittsburgh Pirates,PIT,5,True,137,San Francisco Giants,SF,2,False,805811,Bryce Eldridge,Bryson,Eldridge,8,2004-10-20,21,"6' 7""",251,10,Designated Hitter,L,Left,R,Right,"0-3 | BB, K",,3,0,0,0,0,0,0,1,1,0,0,0,4,0,,,,,,,,,,
2026-09-03,823337,,/api/v1.1/game/823337/feed/live,R,2026,2026-09-03,,day,P,N,N,Regular Season,3,3,1,Final,Final,31,PNC Park,134,Pittsburgh Pirates,PIT,5,True,137,San Francisco Giants,SF,2,False,678545,Osleivis Basabe,Osleivis,Basabe,39,2000-09-13,25,"5' 11""",197,4,Second Base,R,Right,R,Right,0-0,,0,0,0,0,0,0,0,0,0,0,0,0,0,0,,,,,,,,,,
2026-09-03,824388,,/api/v1.1/game/824388/feed/live,R,2026,2026-09-03,,day,P,N,N,Regular Season,3,3,1,Final,Final,5,Progressive Field,114,Cleveland Guardians,CLE,3,False,141,Toronto Blue Jays,TOR,6,True,694197,Angel Genao,Angel,Genao,17,2004-05-19,22,"5' 11""",150,4,Second Base,S,Switch,R,Right,"1-4 | BB, K, RBI",,4,1,0,0,0,1,1,1,1,0,0,0,5,1,,,,,,,,,,
2026-09-03,824388,,/api/v1.1/game/824388/feed/live,R,2026,2026-09-03,,day,P,N,N,Regular Season,3,3,1,Final,Final,5,Progressive Field,114,Cleveland Guardians,CLE,3,False,141,Toronto Blue Jays,TOR,6,True,800050,Chase DeLauter,Chase,DeLauter,24,2001-10-08,24,"6' 3""",235,9,Outfielder,L,Left,L,Left,1-5 | 2B,,5,1,1,0,0,0,0,0,0,0,0,0,5,2,,,,,,,,,,
2026-09-03,824388,,/api/v1.1/game/824388/feed/live,R,2026,2026-09-03,,day,P,N,N,Regular Season,3,3,1,Final,Final,5,Progressive Field,114,Cleveland Guardians,CLE,3,False,141,Toronto Blue Jays,TOR,6,True,595978,Austin Hedges,Austin,Hedges,27,1992-08-18,34,"6' 0""",220,2,Catcher,R,Right,R,Right,"1-2 | BB, K, 2 RBI",,2,1,0,0,0,2,0,1,1,0,0,0,3,1,,,,,,,,,,
2026-09-03,824388,,/api/v1.1/game/824388/feed/live,R,2026,2026-09-03,,day,P,N,N,Regular Season,3,3,1,Final,Final,5,Progressive Field,114,Cleveland Guardians,CLE,3,False,141,Toronto Blue Jays,TOR,6,True,663993,Nathaniel Lowe,David,Lowe,46,1995-07-07,31,"6' 4""",220,3,First Base,L,Left,R,Right,"1-4 | BB, K",,4,1,0,0,0,0,0,1,1,0,0,0,5,1,,,,,,,,,,
2026-09-03,824388,,/api/v1.1/game/824388/feed/live,R,2026,2026-09-03,,day,P,N,N,Regular Season,3,3,1,Final,Final,5,Progressive Field,114,Cleveland Guardians,CLE,3,False,141,Toronto Blue Jays,TOR,6,True,684974,Craig Yoho,Craig,Yoho,23,1999-10-23,26,"6' 2""",237,1,Pitcher,R,Right,R,Right,"1.1 IP, 0 ER, K, 0 BB",,,,,,,,,,,,,,,,1.1,0,1,0,1,0,16,0,0,0
2026-09-03,824388,,/api/v1.1/game/824388/feed/live,R,2026,2026-09-03,,day,P,N,N,Regular Season,3,3,1,Final,Final,5,Progressive Field,114,Cleveland Guardians,CLE,3,False,141,Toronto Blue Jays,TOR,6,True,683953,Travis Bazzana,Travis,Bazzana,37,2002-08-28,24,"5' 11""",199,4,Second Base,L,Left,R,Right,0-1 | HBP,,1,0,0,0,0,0,0,0,0,0,0,0,2,0,,,,,,,,,,
2026-09-03,824388,,/api/v1.1/game/824388/feed/live,R,2026,2026-09-03,,day,P,N,N,Regular Season,3,3,1,Final,Final,5,Progressive Field,114,Cleveland Guardians,CLE,3,False,141,Toronto Blue Jays,TOR,6,True,682177,Daniel Schneemann,Daniel,Schneemann,10,1997-01-23,29,"6' 0""",185,8,Outfielder,L,Left,R,Right,0-1,,1,0,0,0,0,0,0,0,0,0,0,0,1,0,,,,,,,,,,
2026-09-03,824388,,/api/v1.1/game/824388/feed/live,R,2026,2026-09-03,,day,P,N,N,Regular Season,3,3,1,Final,Final,5,Progressive Field,114,Cleveland Guardians,CLE,3,False,141,Toronto Blue Jays,TOR,6,True,672275,Patrick Bailey,Patrick,Bailey,16,1999-05-29,27,"6' 0""",223,2,Catcher,S,Switch,R,Right,0-0,,0,0,0,0,0,0,0,0,0,0,0,0,0,0,,,,,,,,,,
2026-09-03,824388,,/api/v1.1/game/824388/feed/live,R,2026,2026-09-03,,day,P,N,N,Regular Season,3,3,1,Final,Final,5,Progressive Field,114,Cleveland Guardians,CLE,3,False,141,Toronto Blue Jays,TOR,6,True,677587,Brayan Rocchio,Brayan,Rocchio,4,2001-01-13,25,"5' 9""",170,6,Shortstop,S,Switch,R,Right,"0-3 | HBP, K",,3,0,0,0,0,0,0,1,0,0,0,0,4,0,,,,,,,,,,
2026-09-03,824388,,/api/v1.1/game/824388/feed/live,R,2026,2026-09-03,,day,P,N,N,Regular Season,3,3,1,Final,Final,5,Progressive Field,114,Cleveland Guardians,CLE,3,False,141,Toronto Blue Jays,TOR,6,True,690984,Petey Halpin,Peter,Halpin,0,2002-05-26,24,"5' 11""",200,8,Outfielder,L,Left,R,Right,,,,,,,,,,,,,,,,,,,,,,,,,,
2026-09-03,824388,,/api/v1.1/game/824388/feed/live,R,2026,2026-09-03,,day,P,N,N,Regular Season,3,3,1,Final,Final,5,Progressive Field,114,Cleveland Guardians,CLE,3,False,141,Toronto Blue Jays,TOR,6,True,670036,Matt Festa,Matthew,Festa,52,1993-03-11,33,"6' 1""",195,1,Pitcher,R,Right,R,Right,"1.0 IP, 0 ER, 2 K, BB",,,,,,,,,,,,,,,,1.0,0,0,0,2,1,18,0,0,0
2026-09-03,824388,,/api/v1.1/game/824388/feed/live,R,2026,2026-09-03,,day,P,N,N,Regular Season,3,3,1,Final,Final,5,Progressive Field,114,Cleveland Guardians,CLE,3,False,141,Toronto Blue Jays,TOR,6,True,666176,Jo Adell,Jordon,Adell,7,1999-04-08,27,"6' 2""",215,9,Outfielder,R,Right,R,Right,"1-4 | BB, K, 2 R",,4,1,0,0,0,0,2,1,1,0,0,0,5,1,,,,,,,,,,
2026-09-03,824388,,/api/v1.1/game/824388/feed/live,R,2026,2026-09-03,,day,P,N,N,Regular Season,3,3,1,Final,Final,5,Progressive Field,114,Cleveland Guardians,CLE,3,False,141,Toronto Blue Jays,TOR,6,True,670059,Colin Holderman,Colin,Holderman,35,1995-10-08,30,"6' 6""",230,1,Pitcher,R,Right,R,Right,"0.1 IP, 0 ER, 0 K, BB",,,,,,,,,,,,,,,,0.1,0,1,0,0,1,22,0,0,0
2026-09-03,824388,,/api/v1.1/game/824388/feed/live,R,2026,2026-09-03,,day,P,N,N,Regular Season,3,3,1,Final,Final,5,Progressive Field,114,Cleveland Guardians,CLE,3,False,141,Toronto Blue Jays,TOR,6,True,672578,Carlos Hernández,Carlos,Hernández,40,1997-03-11,29,"6' 4""",255,1,Pitcher,R,Right,R,Right,"1.0 IP, ER, 2 K, BB",,,,,,,,,,,,,,,,1.0,1,2,0,2,1,26,0,0,0
2026-09-03,824388,,/api/v1.1/game/824388/feed/live,R,2026,2026-09-03,,day,P,N,N,Regular Season,3,3,1,Final,Final,5,Progressive Field,114,Cleveland Guardians,CLE,3,False,141,Toronto Blue Jays,TOR,6,True,671106,Logan Allen,Logan,Allen,26,1998-09-05,27,"6' 0""",190,1,Pitcher,R,Right,L,Left,,,,,,,,,,,,,,,,,,,,,,,,,,
2026-09-03,824388,,/api/v1.1/game/824388/feed/live,R,2026,2026-09-03,,day,P,N,N,Regular Season,3,3,1,Final,Final,5,Progressive Field,114,Cleveland Guardians,CLE,3,False,141,Toronto Blue Jays,TOR,6,True,681807,David Fry,David,Fry,6,1995-11-20,30,"6' 1""",215,9,Outfielder,R,Right,R,Right,0-0 | BB,,0,0,0,0,0,0,0,0,1,0,0,0,1,0,,,,,,,,,,
2026-09-03,824388,,/api/v1.1/game/824388/feed/live,R,2026,2026-09-03,,day,P,N,N,Regular Season,3,3,1,Final,Final,5,Progressive Field,114,Cleveland Guardians,CLE,3,False,141,Toronto Blue Jays,TOR,6,True,671922,Cade Smith,Cade,Smith,36,1999-05-09,27,"6' 5""",230,1,Pitcher,R,Right,R,Right,,,,,,,,,,,,,,,,,,,,,,,,,,
2026-09-03,824388,,/api/v1.1/game/824388/feed/live,R,2026,2026-09-03,,day,P,N,N,Regular Season,3,3,1,Final,Final,5,Progressive Field,114,Cleveland Guardians,CLE,3,False,141,Toronto Blue Jays,TOR,6,True,608070,José Ramírez,José,Ramírez,11,1992-09-17,33,"5' 8""",190,5,Third Base,S,Switch,R,Right,1-5 | K,,5,1,0,0,0,0,0,1,0,0,0,0,5,1,,,,,,,,,,
2026-09-03,824388,,/api/v1.1/game/824388/feed/live,R,2026,2026-09-03,,day,P,N,N,Regular Season,3,3,1,Final,Final,5,Progressive Field,114,Cleveland Guardians,CLE,3,False,141,Toronto Blue Jays,TOR,6,True,680757,Steven Kwan,Steven,Kwan,38,1997-09-05,28,"5' 8""",170,7,Outfielder,L,Left,L,Left,2-5,,5,2,0,0,0,0,0,0,0,0,0,0,5,2,,,,,,,,,,
2026-09-03,824388,,/api/v1.1/game/824388/feed/live,R,2026,2026-09-03,,day,P,N,N,Regular Season,3,3,1,Final,Final,5,Progressive Field,114,Cleveland Guardians,CLE,3,False,141,Toronto Blue Jays,TOR,6,True,682657,Angel Martínez,Angel,Martínez,1,2002-01-27,24,"5' 11""",200,7,Outfielder,S,Switch,R,Right,0-1,,1,0,0,0,0,0,0,0,0,0,0,0,1,0,,,,,,,,,,
2026-09-03,824388,,/api/v1.1/game/824388/feed/live,R,2026,2026-09-03,,day,P,N,N,Regular Season,3,3,1,Final,Final,5,Progressive Field,114,Cleveland Guardians,CLE,3,False,141,Toronto Blue Jays,TOR,6,True,800048,Parker Messick,Parker,Messick,77,2000-10-26,25,"6' 0""",225,1,Pitcher,L,Left,L,Left,,,,,,,,,,,,,,,,,,,,,,,,,,
2026-09-03,824388,,/api/v1.1/game/824388/feed/live,R,2026,2026-09-03,,day,P,N,N,Regular Season,3,3,1,Final,Final,5,Progressive Field,114,Cleveland Guardians,CLE,3,False,141,Toronto Blue Jays,TOR,6,True,676282,Joey Cantillo,Joseph,Cantillo,54,1999-12-18,26,"6' 4""",225,1,Pitcher,L,Left,L,Left,,,,,,,,,,,,,,,,,,,,,,,,,,
2026-09-03,824388,,/api/v1.1/game/824388/feed/live,R,2026,2026-09-03,,day,P,N,N,Regular Season,3,3,1,Final,Final,5,Progressive Field,114,Cleveland Guardians,CLE,3,False,141,Toronto Blue Jays,TOR,6,True,681870,Erik Sabrowski,Erik,Sabrowski,62,1997-10-31,28,"6' 4""",230,1,Pitcher,R,Right,L,Left,,,,,,,,,,,,,,,,,,,,,,,,,,
2026-09-03,824388,,/api/v1.1/game/824388/feed/live,R,2026,2026-09-03,,day,P,N,N,Regular Season,3,3,1,Final,Final,5,Progressive Field,114,Cleveland Guardians,CLE,3,False,141,Toronto Blue Jays,TOR,6,True,668909,Gavin Williams,Gavin,Williams,32,1999-07-26,27,"6' 6""",250,1,Pitcher,L,Left,R,Right,,,,,,,,,,,,,,,,,,,,,,,,,,
2026-09-03,824388,,/api/v1.1/game/824388/feed/live,R,2026,2026-09-03,,day,P,N,N,Regular Season,3,3,1,Final,Final,5,Progressive Field,114,Cleveland Guardians,CLE,3,False,141,Toronto Blue Jays,TOR,6,True,683769,Hunter Gaddis,Hunter,Gaddis,33,1998-04-09,28,"6' 6""",260,1,Pitcher,R,Right,R,Right,"0.1 IP, 0 ER, 0 K, 0 BB",,,,,,,,,,,,,,,,0.1,0,0,0,0,0,4,0,0,0
2026-09-03,824388,,/api/v1.1/game/824388/feed/live,R,2026,2026-09-03,,day,P,N,N,Regular Season,3,3,1,Final,Final,5,Progressive Field,114,Cleveland Guardians,CLE,3,False,141,Toronto Blue Jays,TOR,6,True,676440,Tanner Bibee,Tanner,Bibee,28,1999-03-05,27,"6' 2""",205,1,Pitcher,R,Right,R,Right,"4.0 IP, 5 ER, 4 K, 5 BB",,,,,,,,,,,,,,,,4.0,5,4,0,4,5,89,0,1,0
2026-09-03,824388,,/api/v1.1/game/824388/feed/live,R,2026,2026-09-03,,day,P,N,N,Regular Season,3,3,1,Final,Final,5,Progressive Field,114,Cleveland Guardians,CLE,3,False,141,Toronto Blue Jays,TOR,6,True,682120,Tim Herrin,Tim,Herrin,29,1996-10-08,29,"6' 6""",230,1,Pitcher,L,Left,L,Left,"1.0 IP, 0 ER, K, BB",,,,,,,,,,,,,,,,1.0,0,1,0,1,1,25,0,0,0
2026-09-03,824388,,/api/v1.1/game/824388/feed/live,R,2026,2026-09-03,,day,P,N,N,Regular Season,3,3,1,Final,Final,5,Progressive Field,114,Cleveland Guardians,CLE,3,False,141,Toronto Blue Jays,TOR,6,True,656492,Foster Griffin,Fred,Griffin,22,1995-07-27,31,"6' 3""",225,1,Pitcher,R,Right,L,Left,,,,,,,,,,,,,,,,,,,,,,,,,,
2026-09-03,824388,,/api/v1.1/game/824388/feed/live,R,2026,2026-09-03,,day,P,N,N,Regular Season,3,3,1,Final,Final,5,Progressive Field,114,Cleveland Guardians,CLE,3,False,141,Toronto Blue Jays,TOR,6,True,693686,Spencer Miles,Spencer,Miles,62,2000-07-26,26,"6' 3""",180,1,Pitcher,L,Left,R,Right,"1.1 IP, 0 ER, K, 0 BB",,,,,,,,,,,,,,,,1.1,0,0,0,1,0,18,1,0,0
2026-09-03,824388,,/api/v1.1/game/824388/feed/live,R,2026,2026-09-03,,day,P,N,N,Regular Season,3,3,1,Final,Final,5,Progressive Field,114,Cleveland Guardians,CLE,3,False,141,Toronto Blue Jays,TOR,6,True,694357,Ricky Tiedemann,Tariq,Tiedemann,33,2002-08-18,24,"6' 4""",220,1,Pitcher,L,Left,L,Left,,,,,,,,,,,,,,,,,,,,,,,,,,
2026-09-03,824388,,/api/v1.1/game/824388/feed/live,R,2026,2026-09-03,,day,P,N,N,Regular Season,3,3,1,Final,Final,5,Progressive Field,114,Cleveland Guardians,CLE,3,False,141,Toronto Blue Jays,TOR,6,True,667755,José Soriano,José,Soriano,40,1998-10-20,27,"6' 3""",220,1,Pitcher,R,Right,R,Right,"4.2 IP, 3 ER, 2 K, 3 BB",,,,,,,,,,,,,,,,4.2,3,6,0,2,3,98,0,0,0
2026-09-03,824388,,/api/v1.1/game/824388/feed/live,R,2026,2026-09-03,,day,P,N,N,Regular Season,3,3,1,Final,Final,5,Progressive Field,114,Cleveland Guardians,CLE,3,False,141,Toronto Blue Jays,TOR,6,True,686973,Louis Varland,Louis,Varland,77,1997-12-09,28,"6' 1""",205,1,Pitcher,L,Left,R,Right,"1.0 IP, 0 ER, 2 K, BB",,,,,,,,,,,,,,,,1.0,0,1,0,2,1,18,0,0,1
2026-09-03,824388,,/api/v1.1/game/824388/feed/live,R,2026,2026-09-03,,day,P,N,N,Regular Season,3,3,1,Final,Final,5,Progressive Field,114,Cleveland Guardians,CLE,3,False,141,Toronto Blue Jays,TOR,6,True,663893,Brendon Little,Brendon,Little,54,1996-08-11,30,"6' 2""",195,1,Pitcher,L,Left,L,Left,,,,,,,,,,,,,,,,,,,,,,,,,,
2026-09-03,824388,,/api/v1.1/game/824388/feed/live,R,2026,2026-09-03,,day,P,N,N,Regular Season,3,3,1,Final,Final,5,Progressive Field,114,Cleveland Guardians,CLE,3,False,141,Toronto Blue Jays,TOR,6,True,573009,Joe Mantiply,Joseph,Mantiply,35,1991-03-01,35,"6' 4""",219,1,Pitcher,R,Right,L,Left,,,,,,,,,,,,,,,,,,,,,,,,,,
2026-09-03,824388,,/api/v1.1/game/824388/feed/live,R,2026,2026-09-03,,day,P,N,N,Regular Season,3,3,1,Final,Final,5,Progressive Field,114,Cleveland Guardians,CLE,3,False,141,Toronto Blue Jays,TOR,6,True,676391,Ernie Clement,Ernie,Clement,22,1996-03-22,30,"6' 0""",170,4,Second Base,R,Right,R,Right,"1-4 | BB, K, RBI",,4,1,0,0,0,1,1,1,1,0,0,0,5,1,,,,,,,,,,
2026-09-03,824388,,/api/v1.1/game/824388/feed/live,R,2026,2026-09-03,,day,P,N,N,Regular Season,3,3,1,Final,Final,5,Progressive Field,114,Cleveland Guardians,CLE,3,False,141,Toronto Blue Jays,TOR,6,True,807727,Charles McAdoo,Charles,McAdoo,26,2002-03-06,24,"6' 0""",210,4,Second Base,R,Right,R,Right,,,,,,,,,,,,,,,,,,,,,,,,,,
2026-09-03,824388,,/api/v1.1/game/824388/feed/live,R,2026,2026-09-03,,day,P,N,N,Regular Season,3,3,1,Final,Final,5,Progressive Field,114,Cleveland Guardians,CLE,3,False,141,Toronto Blue Jays,TOR,6,True,665926,Andrés Giménez,Andrés,Giménez,0,1998-09-04,28,"5' 11""",161,6,Shortstop,L,Left,R,Right,"1-5 | K, SB",,5,1,0,0,0,0,0,1,0,1,0,0,5,1,,,,,,,,,,
2026-09-03,824388,,/api/v1.1/game/824388/feed/live,R,2026,2026-09-03,,day,P,N,N,Regular Season,3,3,1,Final,Final,5,Progressive Field,114,Cleveland Guardians,CLE,3,False,141,Toronto Blue Jays,TOR,6,True,678218,Brandon Valenzuela,Brandon,Valenzuela,59,2000-10-02,25,"6' 0""",225,2,Catcher,S,Switch,R,Right,"0-3 | 2 BB, K, R",,3,0,0,0,0,0,1,1,2,0,0,0,5,0,,,,,,,,,,
2026-09-03,824388,,/api/v1.1/game/824388/feed/live,R,2026,2026-09-03,,day,P,N,N,Regular Season,3,3,1,Final,Final,5,Progressive Field,114,Cleveland Guardians,CLE,3,False,141,Toronto Blue Jays,TOR,6,True,656302,Dylan Cease,Dylan,Cease,84,1995-12-28,30,"6' 2""",200,1,Pitcher,R,Right,R,Right,,,,,,,,,,,,,,,,,,,,,,,,,,
2026-09-03,824388,,/api/v1.1/game/824388/feed/live,R,2026,2026-09-03,,day,P,N,N,Regular Season,3,3,1,Final,Final,5,Progressive Field,114,Cleveland Guardians,CLE,3,False,141,Toronto Blue Jays,TOR,6,True,703520,Brett Bateman,Brett,Bateman,21,2002-03-19,24,"5' 10""",170,8,Outfielder,L,Left,L,Left,"3-5 | K, R",,5,3,0,0,0,0,1,1,0,0,0,0,5,3,,,,,,,,,,
2026-09-03,824388,,/api/v1.1/game/824388/feed/live,R,2026,2026-09-03,,day,P,N,N,Regular Season,3,3,1,Final,Final,5,Progressive Field,114,Cleveland Guardians,CLE,3,False,141,Toronto Blue Jays,TOR,6,True,623149,Paul Sewald,Paul,Sewald,43,1990-05-26,36,"6' 3""",219,1,Pitcher,R,Right,R,Right,,,,,,,,,,,,,,,,,,,,,,,,,,
2026-09-03,824388,,/api/v1.1/game/824388/feed/live,R,2026,2026-09-03,,day,P,N,N,Regular Season,3,3,1,Final,Final,5,Progressive Field,114,Cleveland Guardians,CLE,3,False,141,Toronto Blue Jays,TOR,6,True,664770,Nathan Lukes,Nathan,Lukes,38,1994-07-12,32,"5' 11""",180,9,Outfielder,L,Left,R,Right,"2-5 | 2 2B, 2 RBI, R",,5,2,2,0,0,2,1,0,0,0,0,1,5,4,,,,,,,,,,
2026-09-03,824388,,/api/v1.1/game/824388/feed/live,R,2026,2026-09-03,,day,P,N,N,Regular Season,3,3,1,Final,Final,5,Progressive Field,114,Cleveland Guardians,CLE,3,False,141,Toronto Blue Jays,TOR,6,True,453286,Max Scherzer,Maxwell,Scherzer,31,1984-07-27,42,"6' 3""",208,1,Pitcher,R,Right,R,Right,,,,,,,,,,,,,,,,,,,,,,,,,,
2026-09-03,824388,,/api/v1.1/game/824388/feed/live,R,2026,2026-09-03,,day,P,N,N,Regular Season,3,3,1,Final,Final,5,Progressive Field,114,Cleveland Guardians,CLE,3,False,141,Toronto Blue Jays,TOR,6,True,543807,George Springer,George,Springer,4,1989-09-19,36,"6' 1""",220,10,Designated Hitter,R,Right,R,Right,,,,,,,,,,,,,,,,,,,,,,,,,,
2026-09-03,824388,,/api/v1.1/game/824388/feed/live,R,2026,2026-09-03,,day,P,N,N,Regular Season,3,3,1,Final,Final,5,Progressive Field,114,Cleveland Guardians,CLE,3,False,141,Toronto Blue Jays,TOR,6,True,689254,Mason Fluharty,Mason,Fluharty,68,2001-08-13,25,"6' 2""",215,1,Pitcher,R,Right,L,Left,"1.0 IP, 0 ER, K, BB",,,,,,,,,,,,,,,,1.0,0,1,0,1,1,30,0,0,0
2026-09-03,824388,,/api/v1.1/game/824388/feed/live,R,2026,2026-09-03,,day,P,N,N,Regular Season,3,3,1,Final,Final,5,Progressive Field,114,Cleveland Guardians,CLE,3,False,141,Toronto Blue Jays,TOR,6,True,815873,Sean Keys,Sean,Keys,20,2003-05-26,23,"6' 1""",232,10,Designated Hitter,L,Left,R,Right,"1-4 | BB, 2 K, RBI",,4,1,0,0,0,1,0,2,1,0,0,0,5,1,,,,,,,,,,
2026-09-03,824388,,/api/v1.1/game/824388/feed/live,R,2026,2026-09-03,,day,P,N,N,Regular Season,3,3,1,Final,Final,5,Progressive Field,114,Cleveland Guardians,CLE,3,False,141,Toronto Blue Jays,TOR,6,True,680755,Braydon Fisher,Braydon,Fisher,63,2000-07-26,26,"6' 4""",180,1,Pitcher,R,Right,R,Right,,,,,,,,,,,,,,,,,,,,,,,,,,
2026-09-03,824388,,/api/v1.1/game/824388/feed/live,R,2026,2026-09-03,,day,P,N,N,Regular Season,3,3,1,Final,Final,5,Progressive Field,114,Cleveland Guardians,CLE,3,False,141,Toronto Blue Jays,TOR,6,True,669701,Josh Smith,Josh,Smith,9,1997-08-07,29,"5' 9""",172,4,Second Base,L,Left,R,Right,"0-2 | 3 BB, 2 K, R",,2,0,0,0,0,0,1,2,3,0,0,0,5,0,,,,,,,,,,
2026-09-03,824388,,/api/v1.1/game/824388/feed/live,R,2026,2026-09-03,,day,P,N,N,Regular Season,3,3,1,Final,Final,5,Progressive Field,114,Cleveland Guardians,CLE,3,False,141,Toronto Blue Jays,TOR,6,True,643511,Tyler Rogers,Tyler,Rogers,71,1990-12-17,35,"6' 3""",180,1,Pitcher,R,Right,R,Right,"1.0 IP, 0 ER, 0 K, 0 BB",,,,,,,,,,,,,,,,1.0,0,0,0,0,0,9,0,0,0
2026-09-03,824388,,/api/v1.1/game/824388/feed/live,R,2026,2026-09-03,,day,P,N,N,Regular Season,3,3,1,Final,Final,5,Progressive Field,114,Cleveland Guardians,CLE,3,False,141,Toronto Blue Jays,TOR,6,True,665489,Vladimir Guerrero Jr.,Vladimir,Guerrero,27,1999-03-16,27,"6' 0""",245,3,First Base,R,Right,R,Right,"0-3 | BB, K, RBI",,3,0,0,0,0,1,1,1,1,0,0,0,5,0,,,,,,,,,,
2026-09-03,824388,,/api/v1.1/game/824388/feed/live,R,2026,2026-09-03,,day,P,N,N,Regular Season,3,3,1,Final,Final,5,Progressive Field,114,Cleveland Guardians,CLE,3,False,141,Toronto Blue Jays,TOR,6,True,660821,Jesús Sánchez,Jesús,Sánchez,12,1997-10-07,28,"6' 3""",222,9,Outfielder,L,Left,R,Right,"1-3 | K, RBI",,3,1,0,0,0,1,0,1,0,0,0,0,3,1,,,,,,,,,,
2026-09-03,824388,,/api/v1.1/game/824388/feed/live,R,2026,2026-09-03,,day,P,N,N,Regular Season,3,3,1,Final,Final,5,Progressive Field,114,Cleveland Guardians,CLE,3,False,141,Toronto Blue Jays,TOR,6,True,547179,Michael Lorenzen,Michael,Lorenzen,55,1992-01-04,34,"6' 1""",210,1,Pitcher,R,Right,R,Right,,,,,,,,,,,,,,,,,,,,,,,,,,
2026-09-03,824388,,/api/v1.1/game/824388/feed/live,R,2026,2026-09-03,,day,P,N,N,Regular Season,3,3,1,Final,Final,5,Progressive Field,114,Cleveland Guardians,CLE,3,False,141,Toronto Blue Jays,TOR,6,True,664702,Myles Straw,Myles,Straw,3,1994-10-17,31,"5' 9""",178,8,Outfielder,R,Right,R,Right,0-1 | BB,,1,0,0,0,0,0,0,0,1,0,0,0,2,0,,,,,,,,,,
2026-09-03,824388,,/api/v1.1/game/824388/feed/live,R,2026,2026-09-03,,day,P,N,N,Regular Season,3,3,1,Final,Final,5,Progressive Field,114,Cleveland Guardians,CLE,3,False,141,Toronto Blue Jays,TOR,6,True,681293,Spencer Arrighetti,Spencer,Arrighetti,45,2000-01-02,26,"6' 2""",186,1,Pitcher,R,Right,R,Right,,,,,,,,,,,,,,,,,,,,,,,,,,
2026-09-03,824388,,/api/v1.1/game/824388/feed/live,R,2026,2026-09-03,,day,P,N,N,Regular Season,3,3,1,Final,Final,5,Progressive Field,114,Cleveland Guardians,CLE,3,False,141,Toronto Blue Jays,TOR,6,True,672386,Alejandro Kirk,Alejandro,Kirk,30,1998-11-06,27,"5' 8""",245,2,Catcher,R,Right,R,Right,,,,,,,,,,,,,,,,,,,,,,,,,,
2026-09-03,824388,,/api/v1.1/game/824388/feed/live,R,2026,2026-09-03,,day,P,N,N,Regular Season,3,3,1,Final,Final,5,Progressive Field,114,Cleveland Guardians,CLE,3,False,141,Toronto Blue Jays,TOR,6,True,672960,Kazuma Okamoto,Kazuma,Okamoto,7,1996-06-30,30,"6' 1""",220,5,Third Base,R,Right,R,Right,,,,,,,,,,,,,,,,,,,,,,,,,,
2026-09-03,824144,,/api/v1.1/game/824144/feed/live,R,2026,2026-09-03,,day,P,N,N,Regular Season,4,4,1,Final,Final,2392,Daikin Park,117,Houston Astros,HOU,6,True,145,Chicago White Sox,CWS,2,False,670623,Isaac Paredes,Isaac,Paredes,15,1999-02-18,27,"5' 11""",213,5,Third Base,R,Right,R,Right,"1-3 | 2B, BB, K",,3,1,1,0,0,1,2,1,1,0,0,0,4,2,,,,,,,,,,
2026-09-03,824144,,/api/v1.1/game/824144/feed/live,R,2026,2026-09-03,,day,P,N,N,Regular Season,4,4,1,Final,Final,2392,Daikin Park,117,Houston Astros,HOU,6,True,145,Chicago White Sox,CWS,2,False,650556,Bryan Abreu,Bryan,Abreu,52,1997-04-22,29,"6' 1""",230,1,Pitcher,R,Right,R,Right,"1.0 IP, 0 ER, K, 0 BB",,,,,,,,,,,,,,,,1.0,0,0,0,1,0,9,0,0,0
2026-09-03,824144,,/api/v1.1/game/824144/feed/live,R,2026,2026-09-03,,day,P,N,N,Regular Season,4,4,1,Final,Final,2392,Daikin Park,117,Houston Astros,HOU,6,True,145,Chicago White Sox,CWS,2,False,669397,Nick Allen,Nicholas,Allen,20,1998-10-08,27,"5' 7""",166,6,Shortstop,R,Right,R,Right,0-0,,0,0,0,0,0,0,0,0,0,0,0,0,0,0,,,,,,,,,,
2026-09-03,824144,,/api/v1.1/game/824144/feed/live,R,2026,2026-09-03,,day,P,N,N,Regular Season,4,4,1,Final,Final,2392,Daikin Park,117,Houston Astros,HOU,6,True,145,Chicago White Sox,CWS,2,False,678906,Kai-Wei Teng,Kai-Wei,Teng,17,1998-12-01,27,"6' 4""",241,1,Pitcher,R,Right,R,Right,,,,,,,,,,,,,,,,,,,,,,,,,,
2026-09-03,824144,,/api/v1.1/game/824144/feed/live,R,2026,2026-09-03,,day,P,N,N,Regular Season,4,4,1,Final,Final,2392,Daikin Park,117,Houston Astros,HOU,6,True,145,Chicago White Sox,CWS,2,False,701358,Cam Smith,Cameron,Smith,11,2003-02-22,23,"6' 3""",224,9,Outfielder,R,Right,R,Right,0-2,,2,0,0,0,0,0,0,0,0,0,0,0,2,0,,,,,,,,,,
2026-09-03,824144,,/api/v1.1/game/824144/feed/live,R,2026,2026-09-03,,day,P,N,N,Regular Season,4,4,1,Final,Final,2392,Daikin Park,117,Houston Astros,HOU,6,True,145,Chicago White Sox,CWS,2,False,669713,Hayden Wesneski,Hayden,Wesneski,39,1997-12-05,28,"6' 3""",210,1,Pitcher,R,Right,R,Right,,,,,,,,,,,,,,,,,,,,,,,,,,
2026-09-03,824144,,/api/v1.1/game/824144/feed/live,R,2026,2026-09-03,,day,P,N,N,Regular Season,4,4,1,Final,Final,2392,Daikin Park,117,Houston Astros,HOU,6,True,145,Chicago White Sox,CWS,2,False,686613,Hunter Brown,Hunter,Brown,58,1998-08-29,28,"6' 2""",220,1,Pitcher,R,Right,R,Right,"6.0 IP, 2 ER, 7 K, 2 BB",,,,,,,,,,,,,,,,6.0,2,6,0,7,2,101,1,0,0
2026-09-03,824144,,/api/v1.1/game/824144/feed/live,R,2026,2026-09-03,,day,P,N,N,Regular Season,4,4,1,Final,Final,2392,Daikin Park,117,Houston Astros,HOU,6,True,145,Chicago White Sox,CWS,2,False,669854,Ronel Blanco,Ronel,Blanco,56,1993-08-31,33,"6' 3""",265,1,Pitcher,R,Right,R,Right,,,,,,,,,,,,,,,,,,,,,,,,,,
2026-09-03,824144,,/api/v1.1/game/824144/feed/live,R,2026,2026-09-03,,day,P,N,N,Regular Season,4,4,1,Final,Final,2392,Daikin Park,117,Houston Astros,HOU,6,True,145,Chicago White Sox,CWS,2,False,623352,Josh Hader,Josh,Hader,71,1994-04-07,32,"6' 3""",188,1,Pitcher,L,Left,L,Left,,,,,,,,,,,,,,,,,,,,,,,,,,
2026-09-03,824144,,/api/v1.1/game/824144/feed/live,R,2026,2026-09-03,,day,P,N,N,Regular Season,4,4,1,Final,Final,2392,Daikin Park,117,Houston Astros,HOU,6,True,145,Chicago White Sox,CWS,2,False,662139,Daulton Varsho,Daulton,Varsho,18,1996-07-02,30,"5' 8""",207,8,Outfielder,L,Left,R,Right,"1-4 | 3B, 2 RBI, R",,4,1,0,1,0,2,1,0,0,0,0,0,4,3,,,,,,,,,,
2026-09-03,824144,,/api/v1.1/game/824144/feed/live,R,2026,2026-09-03,,day,P,N,N,Regular Season,4,4,1,Final,Final,2392,Daikin Park,117,Houston Astros,HOU,6,True,145,Chicago White Sox,CWS,2,False,660853,Enyel De Los Santos,Enyel,De Los Santos,65,1995-12-25,30,"6' 3""",235,1,Pitcher,R,Right,R,Right,,,,,,,,,,,,,,,,,,,,,,,,,,
2026-09-03,824144,,/api/v1.1/game/824144/feed/live,R,2026,2026-09-03,,day,P,N,N,Regular Season,4,4,1,Final,Final,2392,Daikin Park,117,Houston Astros,HOU,6,True,145,Chicago White Sox,CWS,2,False,676694,Jake Meyers,Jacob,Meyers,6,1996-06-18,30,"6' 0""",200,8,Outfielder,R,Right,L,Left,,,,,,,,,,,,,,,,,,,,,,,,,,
2026-09-03,824144,,/api/v1.1/game/824144/feed/live,R,2026,2026-09-03,,day,P,N,N,Regular Season,4,4,1,Final,Final,2392,Daikin Park,117,Houston Astros,HOU,6,True,145,Chicago White Sox,CWS,2,False,595345,Steven Okert,Steven,Okert,48,1991-07-09,35,"6' 2""",202,1,Pitcher,L,Left,L,Left,,,,,,,,,,,,,,,,,,,,,,,,,,
2026-09-03,824144,,/api/v1.1/game/824144/feed/live,R,2026,2026-09-03,,day,P,N,N,Regular Season,4,4,1,Final,Final,2392,Daikin Park,117,Houston Astros,HOU,6,True,145,Chicago White Sox,CWS,2,False,805123,AJ Blubaugh,Alan,Blubaugh,69,2000-07-04,26,"6' 2""",190,1,Pitcher,R,Right,R,Right,"1.0 IP, 0 ER, K, 0 BB",,,,,,,,,,,,,,,,1.0,0,1,0,1,0,10,0,0,0
2026-09-03,824144,,/api/v1.1/game/824144/feed/live,R,2026,2026-09-03,,day,P,N,N,Regular Season,4,4,1,Final,Final,2392,Daikin Park,117,Houston Astros,HOU,6,True,145,Chicago White Sox,CWS,2,False,814490,Ethan Pecko,Ethan,Pecko,70,2002-08-25,24,"6' 2""",195,1,Pitcher,R,Right,R,Right,,,,,,,,,,,,,,,,,,,,,,,,,,
2026-09-03,824144,,/api/v1.1/game/824144/feed/live,R,2026,2026-09-03,,day,P,N,N,Regular Season,4,4,1,Final,Final,2392,Daikin Park,117,Houston Astros,HOU,6,True,145,Chicago White Sox,CWS,2,False,656986,Bennett Sousa,John,Sousa,62,1995-04-06,31,"6' 3""",220,1,Pitcher,L,Left,L,Left,"1.0 IP, 0 ER, K, 0 BB",,,,,,,,,,,,,,,,1.0,0,0,0,1,0,11,0,0,0
2026-09-03,824144,,/api/v1.1/game/824144/feed/live,R,2026,2026-09-03,,day,P,N,N,Regular Season,4,4,1,Final,Final,2392,Daikin Park,117,Houston Astros,HOU,6,True,145,Chicago White Sox,CWS,2,False,514888,Jose Altuve,Jose,Altuve,27,1990-05-06,36,"5' 6""",167,4,Second Base,R,Right,R,Right,"1-4 | HR, 2 K, 2 RBI",,4,1,0,0,1,2,1,2,0,0,0,0,4,4,,,,,,,,,,
2026-09-03,824144,,/api/v1.1/game/824144/feed/live,R,2026,2026-09-03,,day,P,N,N,Regular Season,4,4,1,Final,Final,2392,Daikin Park,117,Houston Astros,HOU,6,True,145,Chicago White Sox,CWS,2,False,666211,Taylor Trammell,Taylor,Trammell,26,1997-09-13,28,"6' 1""",220,8,Outfielder,L,Left,L,Left,"1-3 | 2B, BB",,3,1,1,0,0,0,0,0,1,0,0,0,4,2,,,,,,,,,,
2026-09-03,824144,,/api/v1.1/game/824144/feed/live,R,2026,2026-09-03,,day,P,N,N,Regular Season,4,4,1,Final,Final,2392,Daikin Park,117,Houston Astros,HOU,6,True,145,Chicago White Sox,CWS,2,False,837227,Tatsuya Imai,Tatsuya,Imai,45,1998-05-09,28,"5' 11""",176,1,Pitcher,R,Right,R,Right,,,,,,,,,,,,,,,,,,,,,,,,,,
2026-09-03,824144,,/api/v1.1/game/824144/feed/live,R,2026,2026-09-03,,day,P,N,N,Regular Season,4,4,1,Final,Final,2392,Daikin Park,117,Houston Astros,HOU,6,True,145,Chicago White Sox,CWS,2,False,665161,Jeremy Peña,Jeremy,Peña,3,1997-09-22,28,"6' 0""",202,6,Shortstop,R,Right,R,Right,0-4 | K,,4,0,0,0,0,0,0,1,0,0,0,0,4,0,,,,,,,,,,
2026-09-03,824144,,/api/v1.1/game/824144/feed/live,R,2026,2026-09-03,,day,P,N,N,Regular Season,4,4,1,Final,Final,2392,Daikin Park,117,Houston Astros,HOU,6,True,145,Chicago White Sox,CWS,2,False,663567,Peter Lambert,Peter,Lambert,38,1997-04-18,29,"6' 2""",208,1,Pitcher,R,Right,R,Right,,,,,,,,,,,,,,,,,,,,,,,,,,
2026-09-03,824144,,/api/v1.1/game/824144/feed/live,R,2026,2026-09-03,,day,P,N,N,Regular Season,4,4,1,Final,Final,2392,Daikin Park,117,Houston Astros,HOU,6,True,145,Chicago White Sox,CWS,2,False,664299,Cristian Javier,Cristian,Javier,53,1997-03-26,29,"6' 1""",210,1,Pitcher,R,Right,R,Right,,,,,,,,,,,,,,,,,,,,,,,,,,
2026-09-03,824144,,/api/v1.1/game/824144/feed/live,R,2026,2026-09-03,,day,P,N,N,Regular Season,4,4,1,Final,Final,2392,Daikin Park,117,Houston Astros,HOU,6,True,145,Chicago White Sox,CWS,2,False,664774,LaMonte Wade Jr.,LaMonte,Wade,31,1994-01-01,32,"5' 11""",215,7,Outfielder,L,Left,L,Left,1-2 | R,,2,1,0,0,0,0,1,0,0,0,0,0,2,1,,,,,,,,,,
2026-09-03,824144,,/api/v1.1/game/824144/feed/live,R,2026,2026-09-03,,day,P,N,N,Regular Season,4,4,1,Final,Final,2392,Daikin Park,117,Houston Astros,HOU,6,True,145,Chicago White Sox,CWS,2,False,572233,Christian Walker,Christian,Walker,8,1991-03-28,35,"5' 11""",208,3,First Base,R,Right,R,Right,2-4 | RBI,,4,2,0,0,0,1,0,0,0,0,0,0,4,2,,,,,,,,,,
2026-09-03,824144,,/api/v1.1/game/824144/feed/live,R,2026,2026-09-03,,day,P,N,N,Regular Season,4,4,1,Final,Final,2392,Daikin Park,117,Houston Astros,HOU,6,True,145,Chicago White Sox,CWS,2,False,543877,Christian Vázquez,Christian,Vázquez,2,1990-08-21,36,"5' 8""",205,2,Catcher,R,Right,R,Right,,,,,,,,,,,,,,,,,,,,,,,,,,
2026-09-03,824144,,/api/v1.1/game/824144/feed/live,R,2026,2026-09-03,,day,P,N,N,Regular Season,4,4,1,Final,Final,2392,Daikin Park,117,Houston Astros,HOU,6,True,145,Chicago White Sox,CWS,2,False,673237,Yainer Diaz,Yainer,Diaz,21,1998-09-21,27,"5' 11""",195,2,Catcher,R,Right,R,Right,1-4 | 2B,,4,1,1,0,0,0,0,0,0,0,0,0,4,2,,,,,,,,,,
2026-09-03,824144,,/api/v1.1/game/824144/feed/live,R,2026,2026-09-03,,day,P,N,N,Regular Season,4,4,1,Final,Final,2392,Daikin Park,117,Houston Astros,HOU,6,True,145,Chicago White Sox,CWS,2,False,670541,Yordan Alvarez,Yordan,Alvarez,44,1997-06-27,29,"6' 4""",237,10,Designated Hitter,L,Left,R,Right,"0-2 | BB, HBP, K",,2,0,0,0,0,0,1,1,1,0,0,0,4,0,,,,,,,,,,
2026-09-03,824144,,/api/v1.1/game/824144/feed/live,R,2026,2026-09-03,,day,P,N,N,Regular Season,4,4,1,Final,Final,2392,Daikin Park,117,Houston Astros,HOU,6,True,145,Chicago White Sox,CWS,2,False,676369,Nelson Velázquez,Nelson,Velázquez,30,1998-12-26,27,"5' 11""",190,7,Outfielder,R,Right,R,Right,,,,,,,,,,,,,,,,,,,,,,,,,,
2026-09-03,824144,,/api/v1.1/game/824144/feed/live,R,2026,2026-09-03,,day,P,N,N,Regular Season,4,4,1,Final,Final,2392,Daikin Park,117,Houston Astros,HOU,6,True,145,Chicago White Sox,CWS,2,False,671976,Tristan Peters,Tristan,Peters,29,2000-02-29,26,"6' 0""",180,8,Outfielder,L,Left,R,Right,0-2 | R,,2,0,0,0,0,0,1,0,0,0,0,0,2,0,,,,,,,,,,
2026-09-03,824144,,/api/v1.1/game/824144/feed/live,R,2026,2026-09-03,,day,P,N,N,Regular Season,4,4,1,Final,Final,2392,Daikin Park,117,Houston Astros,HOU,6,True,145,Chicago White Sox,CWS,2,False,641743,Anthony Kay,Anthony,Kay,18,1995-03-21,31,"6' 0""",225,1,Pitcher,L,Left,L,Left,,,,,,,,,,,,,,,,,,,,,,,,,,
2026-09-03,824144,,/api/v1.1/game/824144/feed/live,R,2026,2026-09-03,,day,P,N,N,Regular Season,4,4,1,Final,Final,2392,Daikin Park,117,Houston Astros,HOU,6,True,145,Chicago White Sox,CWS,2,False,663436,Davis Martin,Davis,Martin,65,1997-01-04,29,"6' 2""",215,1,Pitcher,L,Left,R,Right,,,,,,,,,,,,,,,,,,,,,,,,,,
2026-09-03,824144,,/api/v1.1/game/824144/feed/live,R,2026,2026-09-03,,day,P,N,N,Regular Season,4,4,1,Final,Final,2392,Daikin Park,117,Houston Astros,HOU,6,True,145,Chicago White Sox,CWS,2,False,682668,Luisangel Acuña,Luisangel,Acuña,0,2002-03-12,24,"5' 7""",181,6,Shortstop,R,Right,R,Right,,,,,,,,,,,,,,,,,,,,,,,,,,
2026-09-03,824144,,/api/v1.1/game/824144/feed/live,R,2026,2026-09-03,,day,P,N,N,Regular Season,4,4,1,Final,Final,2392,Daikin Park,117,Houston Astros,HOU,6,True,145,Chicago White Sox,CWS,2,False,545341,Randal Grichuk,Randal,Grichuk,34,1991-08-13,35,"6' 0""",210,10,Designated Hitter,R,Right,R,Right,0-2 | K,,2,0,0,0,0,0,0,1,0,0,0,0,2,0,,,,,,,,,,
2026-09-03,824144,,/api/v1.1/game/824144/feed/live,R,2026,2026-09-03,,day,P,N,N,Regular Season,4,4,1,Final,Final,2392,Daikin Park,117,Houston Astros,HOU,6,True,145,Chicago White Sox,CWS,2,False,808959,Munetaka Murakami,Munetaka,Murakami,5,2000-02-02,26,"6' 2""",213,3,First Base,L,Left,R,Right,0-4 | 3 K,,4,0,0,0,0,0,0,3,0,0,0,0,4,0,,,,,,,,,,
2026-09-03,824144,,/api/v1.1/game/824144/feed/live,R,2026,2026-09-03,,day,P,N,N,Regular Season,4,4,1,Final,Final,2392,Daikin Park,117,Houston Astros,HOU,6,True,145,Chicago White Sox,CWS,2,False,805367,Chase Meidroth,Chase,Meidroth,10,2001-07-23,25,"5' 9""",190,4,Second Base,R,Right,R,Right,2-4 | 2 K,,4,2,0,0,0,0,0,2,0,0,0,0,4,2,,,,,,,,,,
2026-09-03,824144,,/api/v1.1/game/824144/feed/live,R,2026,2026-09-03,,day,P,N,N,Regular Season,4,4,1,Final,Final,2392,Daikin Park,117,Houston Astros,HOU,6,True,145,Chicago White Sox,CWS,2,False,502054,Tommy Pham,Thomas,Pham,21,1988-03-08,38,"6' 1""",225,7,Outfielder,R,Right,R,Right,,,,,,,,,,,,,,,,,,,,,,,,,,
2026-09-03,824144,,/api/v1.1/game/824144/feed/live,R,2026,2026-09-03,,day,P,N,N,Regular Season,4,4,1,Final,Final,2392,Daikin Park,117,Houston Astros,HOU,6,True,145,Chicago White Sox,CWS,2,False,691799,Grant Taylor,Grant,Taylor,31,2002-05-20,24,"6' 3""",230,1,Pitcher,R,Right,R,Right,,,,,,,,,,,,,,,,,,,,,,,,,,
2026-09-03,824144,,/api/v1.1/game/824144/feed/live,R,2026,2026-09-03,,day,P,N,N,Regular Season,4,4,1,Final,Final,2392,Daikin Park,117,Houston Astros,HOU,6,True,145,Chicago White Sox,CWS,2,False,695657,Colson Montgomery,Colson,Montgomery,12,2002-02-27,24,"6' 3""",230,6,Shortstop,L,Left,R,Right,"0-4 | K, R",,4,0,0,0,0,0,1,1,0,0,0,1,4,0,,,,,,,,,,
2026-09-03,824144,,/api/v1.1/game/824144/feed/live,R,2026,2026-09-03,,day,P,N,N,Regular Season,4,4,1,Final,Final,2392,Daikin Park,117,Houston Astros,HOU,6,True,145,Chicago White Sox,CWS,2,False,805326,Tyler Schweitzer,Tyler,Schweitzer,62,2000-09-19,25,"6' 0""",185,1,Pitcher,L,Left,L,Left,"2.0 IP, 0 ER, 0 K, BB",,,,,,,,,,,,,,,,2.0,0,1,0,0,1,22,0,0,0
2026-09-03,824144,,/api/v1.1/game/824144/feed/live,R,2026,2026-09-03,,day,P,N,N,Regular Season,4,4,1,Final,Final,2392,Daikin Park,117,Houston Astros,HOU,6,True,145,Chicago White Sox,CWS,2,False,670950,Trevor Richards,Trevor,Richards,43,1993-05-15,33,"6' 2""",205,1,Pitcher,R,Right,R,Right,"1.0 IP, 0 ER, 2 K, 0 BB",,,,,,,,,,,,,,,,1.0,0,0,0,2,0,7,0,0,0
2026-09-03,824144,,/api/v1.1/game/824144/feed/live,R,2026,2026-09-03,,day,P,N,N,Regular Season,4,4,1,Final,Final,2392,Daikin Park,117,Houston Astros,HOU,6,True,145,Chicago White Sox,CWS,2,False,691011,Drew Romo,Drew,Romo,36,2001-08-29,25,"6' 0""",205,2,Catcher,S,Switch,R,Right,,,,,,,,,,,,,,,,,,,,,,,,,,
2026-09-03,824144,,/api/v1.1/game/824144/feed/live,R,2026,2026-09-03,,day,P,N,N,Regular Season,4,4,1,Final,Final,2392,Daikin Park,117,Houston Astros,HOU,6,True,145,Chicago White Sox,CWS,2,False,695731,Braden Montgomery,Braden,Montgomery,24,2003-04-16,23,"6' 2""",220,9,Outfielder,S,Switch,R,Right,"1-3 | BB, K",,3,1,0,0,0,0,0,1,1,0,0,0,4,1,,,,,,,,,,
2026-09-03,824144,,/api/v1.1/game/824144/feed/live,R,2026,2026-09-03,,day,P,N,N,Regular Season,4,4,1,Final,Final,2392,Daikin Park,117,Houston Astros,HOU,6,True,145,Chicago White Sox,CWS,2,False,668670,Jake Rogers,Jacob,Rogers,28,1995-04-18,31,"5' 11""",201,2,Catcher,R,Right,R,Right,1-3 | RBI,,3,1,0,0,0,1,0,0,0,0,0,0,3,1,,,,,,,,,,
2026-09-03,824144,,/api/v1.1/game/824144/feed/live,R,2026,2026-09-03,,day,P,N,N,Regular Season,4,4,1,Final,Final,2392,Daikin Park,117,Houston Astros,HOU,6,True,145,Chicago White Sox,CWS,2,False,696146,Hagen Smith,Hagen,Smith,32,2003-08-19,23,"6' 3""",235,1,Pitcher,L,Left,L,Left,,,,,,,,,,,,,,,,,,,,,,,,,,
2026-09-03,824144,,/api/v1.1/game/824144/feed/live,R,2026,2026-09-03,,day,P,N,N,Regular Season,4,4,1,Final,Final,2392,Daikin Park,117,Houston Astros,HOU,6,True,145,Chicago White Sox,CWS,2,False,643217,Andrew Benintendi,Andrew,Benintendi,23,1994-07-06,32,"5' 9""",185,10,Designated Hitter,L,Left,L,Left,"0-3 | BB, K",,3,0,0,0,0,0,0,1,1,0,0,0,4,0,,,,,,,,,,
2026-09-03,824144,,/api/v1.1/game/824144/feed/live,R,2026,2026-09-03,,day,P,N,N,Regular Season,4,4,1,Final,Final,2392,Daikin Park,117,Houston Astros,HOU,6,True,145,Chicago White Sox,CWS,2,False,622491,Luis Castillo,Luis,Castillo,58,1992-12-12,33,"6' 2""",200,1,Pitcher,R,Right,R,Right,"4.0 IP, 6 ER, 3 K, 2 BB",,,,,,,,,,,,,,,,4.0,6,6,1,3,2,78,0,1,0
2026-09-03,824144,,/api/v1.1/game/824144/feed/live,R,2026,2026-09-03,,day,P,N,N,Regular Season,4,4,1,Final,Final,2392,Daikin Park,117,Houston Astros,HOU,6,True,145,Chicago White Sox,CWS,2,False,680732,Sean Burke,Sean,Burke,59,1999-12-18,26,"6' 6""",240,1,Pitcher,R,Right,R,Right,,,,,,,,,,,,,,,,,,,,,,,,,,
2026-09-03,824144,,/api/v1.1/game/824144/feed/live,R,2026,2026-09-03,,day,P,N,N,Regular Season,4,4,1,Final,Final,2392,Daikin Park,117,Houston Astros,HOU,6,True,145,Chicago White Sox,CWS,2,False,664353,José Urquidy,José,Urquidy,70,1995-05-01,31,"6' 0""",225,1,Pitcher,R,Right,R,Right,"1.0 IP, 0 ER, 0 K, 0 BB",,,,,,,,,,,,,,,,1.0,0,1,0,0,0,17,0,0,0
2026-09-03,824144,,/api/v1.1/game/824144/feed/live,R,2026,2026-09-03,,day,P,N,N,Regular Season,4,4,1,Final,Final,2392,Daikin Park,117,Houston Astros,HOU,6,True,145,Chicago White Sox,CWS,2,False,686668,Brenton Doyle,Brenton,Doyle,7,1998-05-14,28,"6' 3""",223,8,Outfielder,R,Right,R,Right,,,,,,,,,,,,,,,,,,,,,,,,,,
2026-09-03,824144,,/api/v1.1/game/824144/feed/live,R,2026,2026-09-03,,day,P,N,N,Regular Season,4,4,1,Final,Final,2392,Daikin Park,117,Houston Astros,HOU,6,True,145,Chicago White Sox,CWS,2,False,663542,Bryan Hudson,Bryan,Hudson,60,1997-05-08,29,"6' 8""",248,1,Pitcher,L,Left,L,Left,,,,,,,,,,,,,,,,,,,,,,,,,,
2026-09-03,824144,,/api/v1.1/game/824144/feed/live,R,2026,2026-09-03,,day,P,N,N,Regular Season,4,4,1,Final,Final,2392,Daikin Park,117,Houston Astros,HOU,6,True,145,Chicago White Sox,CWS,2,False,607200,Erick Fedde,Erick,Fedde,47,1993-02-25,33,"6' 4""",205,1,Pitcher,R,Right,R,Right,,,,,,,,,,,,,,,,,,,,,,,,,,
2026-09-03,824144,,/api/v1.1/game/824144/feed/live,R,2026,2026-09-03,,day,P,N,N,Regular Season,4,4,1,Final,Final,2392,Daikin Park,117,Houston Astros,HOU,6,True,145,Chicago White Sox,CWS,2,False,656794,Sean Newcomb,Sean,Newcomb,15,1993-06-12,33,"6' 5""",255,1,Pitcher,L,Left,L,Left,,,,,,,,,,,,,,,,,,,,,,,,,,
2026-09-03,824144,,/api/v1.1/game/824144/feed/live,R,2026,2026-09-03,,day,P,N,N,Regular Season,4,4,1,Final,Final,2392,Daikin Park,117,Houston Astros,HOU,6,True,145,Chicago White Sox,CWS,2,False,663855,Jordan Hicks,Jordan,Hicks,44,1996-09-06,29,"6' 2""",217,1,Pitcher,R,Right,R,Right,,,,,,,,,,,,,,,,,,,,,,,,,,
2026-09-03,824144,,/api/v1.1/game/824144/feed/live,R,2026,2026-09-03,,day,P,N,N,Regular Season,4,4,1,Final,Final,2392,Daikin Park,117,Houston Astros,HOU,6,True,145,Chicago White Sox,CWS,2,False,803011,Sam Antonacci,Samuel,Antonacci,17,2003-02-06,23,"5' 11""",193,7,Outfielder,L,Left,R,Right,"1-4 | K, RBI",,4,1,0,0,0,1,0,1,0,0,0,0,4,1,,,,,,,,,,
2026-09-03,824144,,/api/v1.1/game/824144/feed/live,R,2026,2026-09-03,,day,P,N,N,Regular Season,4,4,1,Final,Final,2392,Daikin Park,117,Houston Astros,HOU,6,True,145,Chicago White Sox,CWS,2,False,678246,Miguel Vargas,Miguel,Vargas,20,1999-11-17,26,"6' 2""",225,5,Third Base,R,Right,R,Right,2-4 | 2 SB,,4,2,0,0,0,0,0,0,0,2,0,0,4,2,,,,,,,,,,
2026-09-03,824144,,/api/v1.1/game/824144/feed/live,R,2026,2026-09-03,,day,P,N,N,Regular Season,4,4,1,Final,Final,2392,Daikin Park,117,Houston Astros,HOU,6,True,145,Chicago White Sox,CWS,2,False,699823,Tyler Davis,Tyler,Davis,63,1998-10-03,27,"6' 2""",210,1,Pitcher,R,Right,R,Right,,,,,,,,,,,,,,,,,,,,,,,,,,
2026-09-03,824796,,/api/v1.1/game/824796/feed/live,R,2026,2026-09-03,,night,P,N,N,Regular Season,1,4,1,Final,Final,2,Oriole Park at Camden Yards,110,Baltimore Orioles,BAL,5,False,111,Boston Red Sox,BOS,6,True,694212,Samuel Basallo,Samuel,Basallo,29,2004-08-13,22,"6' 4""",250,2,Catcher,L,Left,R,Right,0-1,,1,0,0,0,0,0,0,0,0,0,0,0,1,0,,,,,,,,,,
2026-09-03,824796,,/api/v1.1/game/824796/feed/live,R,2026,2026-09-03,,night,P,N,N,Regular Season,1,4,1,Final,Final,2,Oriole Park at Camden Yards,110,Baltimore Orioles,BAL,5,False,111,Boston Red Sox,BOS,6,True,669432,Trevor Rogers,Trevor,Rogers,28,1997-11-13,28,"6' 5""",230,1,Pitcher,L,Left,L,Left,,,,,,,,,,,,,,,,,,,,,,,,,,
2026-09-03,824796,,/api/v1.1/game/824796/feed/live,R,2026,2026-09-03,,night,P,N,N,Regular Season,1,4,1,Final,Final,2,Oriole Park at Camden Yards,110,Baltimore Orioles,BAL,5,False,111,Boston Red Sox,BOS,6,True,670329,Rico Garcia,Joshua,Garcia,50,1994-01-10,32,"5' 9""",215,1,Pitcher,R,Right,R,Right,,,,,,,,,,,,,,,,,,,,,,,,,,
2026-09-03,824796,,/api/v1.1/game/824796/feed/live,R,2026,2026-09-03,,night,P,N,N,Regular Season,1,4,1,Final,Final,2,Oriole Park at Camden Yards,110,Baltimore Orioles,BAL,5,False,111,Boston Red Sox,BOS,6,True,687064,Brandon Young,Brandon,Young,63,1998-08-19,28,"6' 6""",230,1,Pitcher,R,Right,R,Right,"6.2 IP, 3 ER, 7 K, 2 BB",,,,,,,,,,,,,,,,6.2,3,4,2,7,2,98,0,0,0
2026-09-03,824796,,/api/v1.1/game/824796/feed/live,R,2026,2026-09-03,,night,P,N,N,Regular Season,1,4,1,Final,Final,2,Oriole Park at Camden Yards,110,Baltimore Orioles,BAL,5,False,111,Boston Red Sox,BOS,6,True,695380,Alex Hoppe,Alex,Hoppe,26,1998-12-17,27,"6' 1""",200,1,Pitcher,R,Right,R,Right,,,,,,,,,,,,,,,,,,,,,,,,,,
2026-09-03,824796,,/api/v1.1/game/824796/feed/live,R,2026,2026-09-03,,night,P,N,N,Regular Season,1,4,1,Final,Final,2,Oriole Park at Camden Yards,110,Baltimore Orioles,BAL,5,False,111,Boston Red Sox,BOS,6,True,683002,Gunnar Henderson,Gunnar,Henderson,2,2001-06-29,25,"6' 3""",230,6,Shortstop,L,Left,R,Right,"1-4 | 2 K, R",,4,1,0,0,0,0,1,2,0,0,0,0,4,1,,,,,,,,,,
2026-09-03,824796,,/api/v1.1/game/824796/feed/live,R,2026,2026-09-03,,night,P,N,N,Regular Season,1,4,1,Final,Final,2,Oriole Park at Camden Yards,110,Baltimore Orioles,BAL,5,False,111,Boston Red Sox,BOS,6,True,665750,Leody Taveras,Leody,Taveras,30,1998-09-08,27,"6' 2""",210,8,Outfielder,S,Switch,R,Right,0-4 | 2 K,,4,0,0,0,0,0,0,2,0,0,0,0,4,0,,,,,,,,,,
2026-09-03,824796,,/api/v1.1/game/824796/feed/live,R,2026,2026-09-03,,night,P,N,N,Regular Season,1,4,1,Final,Final,2,Oriole Park at Camden Yards,110,Baltimore Orioles,BAL,5,False,111,Boston Red Sox,BOS,6,True,669358,Shane Baz,Shane,Baz,34,1999-06-17,27,"6' 3""",200,1,Pitcher,R,Right,R,Right,,,,,,,,,,,,,,,,,,,,,,,,,,
2026-09-03,824796,,/api/v1.1/game/824796/feed/live,R,2026,2026-09-03,,night,P,N,N,Regular Season,1,4,1,Final,Final,2,Oriole Park at Camden Yards,110,Baltimore Orioles,BAL,5,False,111,Boston Red Sox,BOS,6,True,680694,Kyle Bradish,Kyle,Bradish,38,1996-09-12,29,"6' 3""",215,1,Pitcher,R,Right,R,Right,,,,,,,,,,,,,,,,,,,,,,,,,,
2026-09-03,824796,,/api/v1.1/game/824796/feed/live,R,2026,2026-09-03,,night,P,N,N,Regular Season,1,4,1,Final,Final,2,Oriole Park at Camden Yards,110,Baltimore Orioles,BAL,5,False,111,Boston Red Sox,BOS,6,True,544150,Albert Suárez,Albert,Suárez,49,1989-10-08,36,"6' 3""",235,1,Pitcher,R,Right,R,Right,"1.0 IP, ER, 0 K, 0 BB",,,,,,,,,,,,,,,,1.0,1,1,1,0,0,10,0,0,0
2026-09-03,824796,,/api/v1.1/game/824796/feed/live,R,2026,2026-09-03,,night,P,N,N,Regular Season,1,4,1,Final,Final,2,Oriole Park at Camden Yards,110,Baltimore Orioles,BAL,5,False,111,Boston Red Sox,BOS,6,True,687637,Dylan Beavers,Dylan,Beavers,12,2001-08-11,25,"6' 5""",220,7,Outfielder,L,Left,R,Right,"0-3 | BB, 2 K",,3,0,0,0,0,0,0,2,1,0,0,1,4,0,,,,,,,,,,
2026-09-03,824796,,/api/v1.1/game/824796/feed/live,R,2026,2026-09-03,,night,P,N,N,Regular Season,1,4,1,Final,Final,2,Oriole Park at Camden Yards,110,Baltimore Orioles,BAL,5,False,111,Boston Red Sox,BOS,6,True,605135,Chris Bassitt,Christopher,Bassitt,40,1989-02-22,37,"6' 5""",220,1,Pitcher,R,Right,R,Right,,,,,,,,,,,,,,,,,,,,,,,,,,
2026-09-03,824796,,/api/v1.1/game/824796/feed/live,R,2026,2026-09-03,,night,P,N,N,Regular Season,1,4,1,Final,Final,2,Oriole Park at Camden Yards,110,Baltimore Orioles,BAL,5,False,111,Boston Red Sox,BOS,6,True,801725,Luis De León,Luis,De Leon,81,2003-04-14,23,"6' 3""",168,1,Pitcher,L,Left,L,Left,"0.2 IP, ER, K, 0 BB",,,,,,,,,,,,,,,,0.2,1,1,0,1,0,10,0,1,0
2026-09-03,824796,,/api/v1.1/game/824796/feed/live,R,2026,2026-09-03,,night,P,N,N,Regular Season,1,4,1,Final,Final,2,Oriole Park at Camden Yards,110,Baltimore Orioles,BAL,5,False,111,Boston Red Sox,BOS,6,True,677020,Josh Walker,Joshua,Walker,61,1994-12-01,31,"6' 6""",225,1,Pitcher,L,Left,L,Left,,,,,,,,,,,,,,,,,,,,,,,,,,
2026-09-03,824796,,/api/v1.1/game/824796/feed/live,R,2026,2026-09-03,,night,P,N,N,Regular Season,1,4,1,Final,Final,2,Oriole Park at Camden Yards,110,Baltimore Orioles,BAL,5,False,111,Boston Red Sox,BOS,6,True,677942,Blaze Alexander,Blaze,Alexander,23,1999-06-11,27,"5' 11""",200,5,Third Base,R,Right,R,Right,"1-4 | 2 K, R",,4,1,0,0,0,0,1,2,0,0,0,0,4,1,,,,,,,,,,
2026-09-03,824796,,/api/v1.1/game/824796/feed/live,R,2026,2026-09-03,,night,P,N,N,Regular Season,1,4,1,Final,Final,2,Oriole Park at Camden Yards,110,Baltimore Orioles,BAL,5,False,111,Boston Red Sox,BOS,6,True,677008,Heston Kjerstad,Heston,Kjerstad,13,1999-02-12,27,"6' 2""",215,7,Outfielder,L,Left,R,Right,,,,,,,,,,,,,,,,,,,,,,,,,,
2026-09-03,824796,,/api/v1.1/game/824796/feed/live,R,2026,2026-09-03,,night,P,N,N,Regular Season,1,4,1,Final,Final,2,Oriole Park at Camden Yards,110,Baltimore Orioles,BAL,5,False,111,Boston Red Sox,BOS,6,True,650968,Yohel Pozo,Yohel,Pozo,79,1997-06-14,29,"5' 11""",201,2,Catcher,R,Right,R,Right,,,,,,,,,,,,,,,,,,,,,,,,,,
2026-09-03,824796,,/api/v1.1/game/824796/feed/live,R,2026,2026-09-03,,night,P,N,N,Regular Season,1,4,1,Final,Final,2,Oriole Park at Camden Yards,110,Baltimore Orioles,BAL,5,False,111,Boston Red Sox,BOS,6,True,624413,Pete Alonso,Peter,Alonso,25,1994-12-07,31,"6' 3""",245,3,First Base,R,Right,R,Right,"1-3 | HR, K, 2 RBI",,3,1,0,0,1,2,1,1,0,0,0,0,4,4,,,,,,,,,,
2026-09-03,824796,,/api/v1.1/game/824796/feed/live,R,2026,2026-09-03,,night,P,N,N,Regular Season,1,4,1,Final,Final,2,Oriole Park at Camden Yards,110,Baltimore Orioles,BAL,5,False,111,Boston Red Sox,BOS,6,True,702616,Jackson Holliday,Jackson,Holliday,7,2003-12-04,22,"5' 11""",200,4,Second Base,L,Left,R,Right,0-1 | K,,1,0,0,0,0,0,0,1,0,0,0,0,1,0,,,,,,,,,,
2026-09-03,824796,,/api/v1.1/game/824796/feed/live,R,2026,2026-09-03,,night,P,N,N,Regular Season,1,4,1,Final,Final,2,Oriole Park at Camden Yards,110,Baltimore Orioles,BAL,5,False,111,Boston Red Sox,BOS,6,True,665966,Carlos Narváez,Carlos,Narváez,75,1998-11-26,27,"5' 11""",190,2,Catcher,R,Right,R,Right,0-3,,3,0,0,0,0,0,0,0,0,0,0,0,3,0,,,,,,,,,,
2026-09-03,824796,,/api/v1.1/game/824796/feed/live,R,2026,2026-09-03,,night,P,N,N,Regular Season,1,4,1,Final,Final,2,Oriole Park at Camden Yards,110,Baltimore Orioles,BAL,5,False,111,Boston Red Sox,BOS,6,True,552640,Andrew Kittredge,Andrew,Kittredge,39,1990-03-17,36,"6' 1""",235,1,Pitcher,R,Right,R,Right,,,,,,,,,,,,,,,,,,,,,,,,,,
2026-09-03,824796,,/api/v1.1/game/824796/feed/live,R,2026,2026-09-03,,night,P,N,N,Regular Season,1,4,1,Final,Final,2,Oriole Park at Camden Yards,110,Baltimore Orioles,BAL,5,False,111,Boston Red Sox,BOS,6,True,664991,Grant Wolfram,Grant,Wolfram,48,1996-12-12,29,"6' 7""",250,1,Pitcher,L,Left,L,Left,"0.1 IP, 0 ER, K, 0 BB",,,,,,,,,,,,,,,,0.1,0,0,0,1,0,5,0,0,0
2026-09-03,824796,,/api/v1.1/game/824796/feed/live,R,2026,2026-09-03,,night,P,N,N,Regular Season,1,4,1,Final,Final,2,Oriole Park at Camden Yards,110,Baltimore Orioles,BAL,5,False,111,Boston Red Sox,BOS,6,True,687952,Christian Encarnacion-Strand,Christian,Encarnacion-Strand,32,1999-12-01,26,"6' 1""",224,5,Third Base,R,Right,R,Right,"2-3 | HR, BB, K",,3,2,0,0,1,2,1,1,1,0,0,0,4,5,,,,,,,,,,
2026-09-03,824796,,/api/v1.1/game/824796/feed/live,R,2026,2026-09-03,,night,P,N,N,Regular Season,1,4,1,Final,Final,2,Oriole Park at Camden Yards,110,Baltimore Orioles,BAL,5,False,111,Boston Red Sox,BOS,6,True,666974,Yennier Cano,Yennier,Cano,78,1994-03-09,32,"6' 4""",245,1,Pitcher,R,Right,R,Right,"0.1 IP, ER, K, 0 BB",,,,,,,,,,,,,,,,0.1,1,1,1,1,0,18,0,0,0
2026-09-03,824796,,/api/v1.1/game/824796/feed/live,R,2026,2026-09-03,,night,P,N,N,Regular Season,1,4,1,Final,Final,2,Oriole Park at Camden Yards,110,Baltimore Orioles,BAL,5,False,111,Boston Red Sox,BOS,6,True,681297,Colton Cowser,Colton,Cowser,17,2000-03-20,26,"6' 3""",220,8,Outfielder,L,Left,R,Right,0-0,,0,0,0,0,0,0,0,0,0,0,0,0,0,0,,,,,,,,,,
2026-09-03,824796,,/api/v1.1/game/824796/feed/live,R,2026,2026-09-03,,night,P,N,N,Regular Season,1,4,1,Final,Final,2,Oriole Park at Camden Yards,110,Baltimore Orioles,BAL,5,False,111,Boston Red Sox,BOS,6,True,691723,Coby Mayo,Coby,Mayo,16,2001-12-10,24,"6' 5""",225,5,Third Base,R,Right,R,Right,1-3 | K,,3,1,0,0,0,0,0,1,0,0,0,0,3,1,,,,,,,,,,
2026-09-03,824796,,/api/v1.1/game/824796/feed/live,R,2026,2026-09-03,,night,P,N,N,Regular Season,1,4,1,Final,Final,2,Oriole Park at Camden Yards,110,Baltimore Orioles,BAL,5,False,111,Boston Red Sox,BOS,6,True,676742,Cam Sanders,Cam,Sanders,73,1996-12-09,29,"6' 2""",215,1,Pitcher,R,Right,R,Right,,,,,,,,,,,,,,,,,,,,,,,,,,
2026-09-03,824796,,/api/v1.1/game/824796/feed/live,R,2026,2026-09-03,,night,P,N,N,Regular Season,1,4,1,Final,Final,2,Oriole Park at Camden Yards,110,Baltimore Orioles,BAL,5,False,111,Boston Red Sox,BOS,6,True,673357,Luis Robert Jr.,Luis,Robert,88,1997-08-03,29,"6' 2""",225,8,Outfielder,R,Right,R,Right,"1-3 | HR, K, RBI",,3,1,0,0,1,1,1,1,0,0,0,0,3,4,,,,,,,,,,
2026-09-03,824796,,/api/v1.1/game/824796/feed/live,R,2026,2026-09-03,,night,P,N,N,Regular Season,1,4,1,Final,Final,2,Oriole Park at Camden Yards,110,Baltimore Orioles,BAL,5,False,111,Boston Red Sox,BOS,6,True,670103,Raymond Burgos,Raymond,Burgos,79,1998-11-29,27,"6' 5""",209,1,Pitcher,L,Left,L,Left,,,,,,,,,,,,,,,,,,,,,,,,,,
2026-09-03,824796,,/api/v1.1/game/824796/feed/live,R,2026,2026-09-03,,night,P,N,N,Regular Season,1,4,1,Final,Final,2,Oriole Park at Camden Yards,110,Baltimore Orioles,BAL,5,False,111,Boston Red Sox,BOS,6,True,701350,Roman Anthony,Roman,Anthony,19,2004-05-13,22,"6' 3""",200,7,Outfielder,L,Left,R,Right,"1-4 | HR, BB, 3 K",,4,1,0,0,1,1,1,3,1,0,0,0,5,4,,,,,,,,,,
2026-09-03,824796,,/api/v1.1/game/824796/feed/live,R,2026,2026-09-03,,night,P,N,N,Regular Season,1,4,1,Final,Final,2,Oriole Park at Camden Yards,110,Baltimore Orioles,BAL,5,False,111,Boston Red Sox,BOS,6,True,687562,Jake Bennett,William,Bennett,64,2000-12-02,25,"6' 6""",234,1,Pitcher,L,Left,L,Left,"6.0 IP, 3 ER, 7 K, 0 BB",,,,,,,,,,,,,,,,6.0,3,5,2,7,0,68,0,0,0
2026-09-03,824796,,/api/v1.1/game/824796/feed/live,R,2026,2026-09-03,,night,P,N,N,Regular Season,1,4,1,Final,Final,2,Oriole Park at Camden Yards,110,Baltimore Orioles,BAL,5,False,111,Boston Red Sox,BOS,6,True,663776,Patrick Sandoval,Patrick,Sandoval,43,1996-10-18,29,"6' 3""",190,1,Pitcher,L,Left,L,Left,,,,,,,,,,,,,,,,,,,,,,,,,,
2026-09-03,824796,,/api/v1.1/game/824796/feed/live,R,2026,2026-09-03,,night,P,N,N,Regular Season,1,4,1,Final,Final,2,Oriole Park at Camden Yards,110,Baltimore Orioles,BAL,5,False,111,Boston Red Sox,BOS,6,True,663330,Jahmai Jones,Jahmai,Jones,37,1997-08-04,29,"5' 10""",210,10,Designated Hitter,R,Right,R,Right,1-1,,1,1,0,0,0,0,0,0,0,0,0,0,1,1,,,,,,,,,,
2026-09-03,824796,,/api/v1.1/game/824796/feed/live,R,2026,2026-09-03,,night,P,N,N,Regular Season,1,4,1,Final,Final,2,Oriole Park at Camden Yards,110,Baltimore Orioles,BAL,5,False,111,Boston Red Sox,BOS,6,True,687941,Alec Gamboa,Alec,Gamboa,68,1997-01-17,29,"6' 1""",205,1,Pitcher,S,Switch,L,Left,,,,,,,,,,,,,,,,,,,,,,,,,,
2026-09-03,824796,,/api/v1.1/game/824796/feed/live,R,2026,2026-09-03,,night,P,N,N,Regular Season,1,4,1,Final,Final,2,Oriole Park at Camden Yards,110,Baltimore Orioles,BAL,5,False,111,Boston Red Sox,BOS,6,True,669711,Greg Weissert,Gregory,Weissert,57,1995-02-04,31,"6' 2""",235,1,Pitcher,R,Right,R,Right,,,,,,,,,,,,,,,,,,,,,,,,,,
2026-09-03,824796,,/api/v1.1/game/824796/feed/live,R,2026,2026-09-03,,night,P,N,N,Regular Season,1,4,1,Final,Final,2,Oriole Park at Camden Yards,110,Baltimore Orioles,BAL,5,False,111,Boston Red Sox,BOS,6,True,657136,Connor Wong,Connor,Wong,12,1996-05-19,30,"5' 10""",190,2,Catcher,R,Right,R,Right,,,,,,,,,,,,,,,,,,,,,,,,,,
2026-09-03,824796,,/api/v1.1/game/824796/feed/live,R,2026,2026-09-03,,night,P,N,N,Regular Season,1,4,1,Final,Final,2,Oriole Park at Camden Yards,110,Baltimore Orioles,BAL,5,False,111,Boston Red Sox,BOS,6,True,668939,Adley Rutschman,Adley,Rutschman,31,1998-02-06,28,"6' 1""",230,2,Catcher,S,Switch,R,Right,"2-4 | 2 HR, 2 RBI, 3 R",,4,2,0,0,2,2,3,0,0,0,0,0,4,8,,,,,,,,,,
2026-09-03,824796,,/api/v1.1/game/824796/feed/live,R,2026,2026-09-03,,night,P,N,N,Regular Season,1,4,1,Final,Final,2,Oriole Park at Camden Yards,110,Baltimore Orioles,BAL,5,False,111,Boston Red Sox,BOS,6,True,596115,Trevor Story,Trevor,Story,10,1992-11-15,33,"6' 1""",209,6,Shortstop,R,Right,R,Right,,,,,,,,,,,,,,,,,,,,,,,,,,
2026-09-03,824796,,/api/v1.1/game/824796/feed/live,R,2026,2026-09-03,,night,P,N,N,Regular Season,1,4,1,Final,Final,2,Oriole Park at Camden Yards,110,Baltimore Orioles,BAL,5,False,111,Boston Red Sox,BOS,6,True,678394,Brayan Bello,Brayan,Bello,66,1999-05-17,27,"6' 1""",195,1,Pitcher,R,Right,R,Right,,,,,,,,,,,,,,,,,,,,,,,,,,
2026-09-03,824796,,/api/v1.1/game/824796/feed/live,R,2026,2026-09-03,,night,P,N,N,Regular Season,1,4,1,Final,Final,2,Oriole Park at Camden Yards,110,Baltimore Orioles,BAL,5,False,111,Boston Red Sox,BOS,6,True,677800,Wilyer Abreu,Wilyer,Abreu,52,1999-06-24,27,"5' 10""",215,9,Outfielder,L,Left,L,Left,0-4 | 2 K,,4,0,0,0,0,0,0,2,0,0,0,0,4,0,,,,,,,,,,
2026-09-03,824796,,/api/v1.1/game/824796/feed/live,R,2026,2026-09-03,,night,P,N,N,Regular Season,1,4,1,Final,Final,2,Oriole Park at Camden Yards,110,Baltimore Orioles,BAL,5,False,111,Boston Red Sox,BOS,6,True,676477,Garrett Whitlock,Garrett,Whitlock,22,1996-06-11,30,"6' 5""",222,1,Pitcher,R,Right,R,Right,"1.0 IP, 0 ER, 2 K, 0 BB",,,,,,,,,,,,,,,,1.0,0,0,0,2,0,13,0,0,0
2026-09-03,824796,,/api/v1.1/game/824796/feed/live,R,2026,2026-09-03,,night,P,N,N,Regular Season,1,4,1,Final,Final,2,Oriole Park at Camden Yards,110,Baltimore Orioles,BAL,5,False,111,Boston Red Sox,BOS,6,True,655316,Andruw Monasterio,Andruw,Monasterio,32,1997-05-30,29,"5' 11""",195,6,Shortstop,R,Right,R,Right,0-1,,1,0,0,0,0,0,0,0,0,0,0,0,1,0,,,,,,,,,,
2026-09-03,824796,,/api/v1.1/game/824796/feed/live,R,2026,2026-09-03,,night,P,N,N,Regular Season,1,4,1,Final,Final,2,Oriole Park at Camden Yards,110,Baltimore Orioles,BAL,5,False,111,Boston Red Sox,BOS,6,True,543243,Sonny Gray,Sonny,Gray,54,1989-11-07,36,"5' 10""",190,1,Pitcher,R,Right,R,Right,,,,,,,,,,,,,,,,,,,,,,,,,,
2026-09-03,824796,,/api/v1.1/game/824796/feed/live,R,2026,2026-09-03,,night,P,N,N,Regular Season,1,4,1,Final,Final,2,Oriole Park at Camden Yards,110,Baltimore Orioles,BAL,5,False,111,Boston Red Sox,BOS,6,True,643396,Isiah Kiner-Falefa,Isiah,Kiner-Falefa,2,1995-03-23,31,"5' 10""",195,4,Second Base,R,Right,R,Right,1-4 | RBI,,4,1,0,0,0,1,0,0,0,0,0,0,4,1,,,,,,,,,,
2026-09-03,824796,,/api/v1.1/game/824796/feed/live,R,2026,2026-09-03,,night,P,N,N,Regular Season,1,4,1,Final,Final,2,Oriole Park at Camden Yards,110,Baltimore Orioles,BAL,5,False,111,Boston Red Sox,BOS,6,True,681508,Mickey Gasper,Michael,Gasper,30,1995-10-11,30,"5' 9""",205,10,Designated Hitter,S,Switch,R,Right,0-3 | 2 K,,3,0,0,0,0,0,0,2,0,0,0,0,3,0,,,,,,,,,,
2026-09-03,824796,,/api/v1.1/game/824796/feed/live,R,2026,2026-09-03,,night,P,N,N,Regular Season,1,4,1,Final,Final,2,Oriole Park at Camden Yards,110,Baltimore Orioles,BAL,5,False,111,Boston Red Sox,BOS,6,True,702332,Caleb Durbin,Caleb,Durbin,5,2000-02-22,26,"5' 6""",183,5,Third Base,R,Right,R,Right,"0-2 | 2 HBP, SB",,2,0,0,0,0,0,0,0,0,1,0,0,4,0,,,,,,,,,,
2026-09-03,824796,,/api/v1.1/game/824796/feed/live,R,2026,2026-09-03,,night,P,N,N,Regular Season,1,4,1,Final,Final,2,Oriole Park at Camden Yards,110,Baltimore Orioles,BAL,5,False,111,Boston Red Sox,BOS,6,True,624133,Ranger Suarez,Ranger,Suarez,55,1995-08-26,31,"6' 1""",217,1,Pitcher,L,Left,L,Left,,,,,,,,,,,,,,,,,,,,,,,,,,
2026-09-03,824796,,/api/v1.1/game/824796/feed/live,R,2026,2026-09-03,,night,P,N,N,Regular Season,1,4,1,Final,Final,2,Oriole Park at Camden Yards,110,Baltimore Orioles,BAL,5,False,111,Boston Red Sox,BOS,6,True,686765,Nick Sogard,Nicholas,Sogard,20,1997-09-09,28,"6' 1""",189,4,Second Base,S,Switch,R,Right,"1-3 | HR, BB, 2 RBI",,3,1,0,0,1,2,1,0,1,0,0,0,4,4,,,,,,,,,,
2026-09-03,824796,,/api/v1.1/game/824796/feed/live,R,2026,2026-09-03,,night,P,N,N,Regular Season,1,4,1,Final,Final,2,Oriole Park at Camden Yards,110,Baltimore Orioles,BAL,5,False,111,Boston Red Sox,BOS,6,True,680776,Jarren Duran,Jarren,Duran,16,1996-09-05,29,"6' 0""",205,7,Outfielder,L,Left,R,Right,0-4 | 3 K,,4,0,0,0,0,0,0,3,0,0,0,0,4,0,,,,,,,,,,
2026-09-03,824796,,/api/v1.1/game/824796/feed/live,R,2026,2026-09-03,,night,P,N,N,Regular Season,1,4,1,Final,Final,2,Oriole Park at Camden Yards,110,Baltimore Orioles,BAL,5,False,111,Boston Red Sox,BOS,6,True,642201,Eli White,Elijah,White,38,1994-06-26,32,"6' 2""",195,9,Outfielder,R,Right,R,Right,"1-4 | 2B, R",,4,1,1,0,0,0,1,0,0,0,0,0,4,2,,,,,,,,,,
2026-09-03,824796,,/api/v1.1/game/824796/feed/live,R,2026,2026-09-03,,night,P,N,N,Regular Season,1,4,1,Final,Final,2,Oriole Park at Camden Yards,110,Baltimore Orioles,BAL,5,False,111,Boston Red Sox,BOS,6,True,681544,Wyatt Olds,Christopher,Olds,75,1999-08-05,27,"6' 0""",183,1,Pitcher,R,Right,R,Right,,,,,,,,,,,,,,,,,,,,,,,,,,
2026-09-03,824796,,/api/v1.1/game/824796/feed/live,R,2026,2026-09-03,,night,P,N,N,Regular Season,1,4,1,Final,Final,2,Oriole Park at Camden Yards,110,Baltimore Orioles,BAL,5,False,111,Boston Red Sox,BOS,6,True,801139,Payton Tolle,Payton,Tolle,70,2002-11-01,23,"6' 6""",250,1,Pitcher,L,Left,L,Left,,,,,,,,,,,,,,,,,,,,,,,,,,
2026-09-03,824796,,/api/v1.1/game/824796/feed/live,R,2026,2026-09-03,,night,P,N,N,Regular Season,1,4,1,Final,Final,2,Oriole Park at Camden Yards,110,Baltimore Orioles,BAL,5,False,111,Boston Red Sox,BOS,6,True,678882,Ceddanne Rafaela,Ceddanne,Rafaela,3,2000-09-18,25,"5' 10""",165,8,Outfielder,R,Right,R,Right,,,,,,,,,,,,,,,,,,,,,,,,,,
2026-09-03,824796,,/api/v1.1/game/824796/feed/live,R,2026,2026-09-03,,night,P,N,N,Regular Season,1,4,1,Final,Final,2,Oriole Park at Camden Yards,110,Baltimore Orioles,BAL,5,False,111,Boston Red Sox,BOS,6,True,663558,Jovani Morán,Jovani,Moran,47,1997-04-24,29,"6' 1""",167,1,Pitcher,L,Left,L,Left,,,,,,,,,,,,,,,,,,,,,,,,,,
2026-09-03,824796,,/api/v1.1/game/824796/feed/live,R,2026,2026-09-03,,night,P,N,N,Regular Season,1,4,1,Final,Final,2,Oriole Park at Camden Yards,110,Baltimore Orioles,BAL,5,False,111,Boston Red Sox,BOS,6,True,669062,Erik Miller,Erik,Miller,67,1998-02-13,28,"6' 5""",269,1,Pitcher,L,Left,L,Left,"1.0 IP, 0 ER, 2 K, 2 BB",,,,,,,,,,,,,,,,1.0,0,0,0,2,2,24,1,0,0
2026-09-03,824796,,/api/v1.1/game/824796/feed/live,R,2026,2026-09-03,,night,P,N,N,Regular Season,1,4,1,Final,Final,2,Oriole Park at Camden Yards,110,Baltimore Orioles,BAL,5,False,111,Boston Red Sox,BOS,6,True,547973,Aroldis Chapman,Albertin,Chapman,44,1988-02-28,38,"6' 4""",235,1,Pitcher,L,Left,L,Left,"1.0 IP, 2 ER, 2 K, 0 BB",,,,,,,,,,,,,,,,1.0,2,2,1,2,0,13,0,0,1
2026-09-03,824632,,/api/v1.1/game/824632/feed/live,R,2026,2026-09-03,,night,P,N,N,Regular Season,4,4,1,Final,Final,17,Wrigley Field,112,Chicago Cubs,CHC,2,True,158,Milwaukee Brewers,MIL,1,False,694037,Daniel Palencia,Daniel,Palencia,48,2000-02-05,26,"5' 11""",160,1,Pitcher,R,Right,R,Right,,,,,,,,,,,,,,,,,,,,,,,,,,
2026-09-03,824632,,/api/v1.1/game/824632/feed/live,R,2026,2026-09-03,,night,P,N,N,Regular Season,4,4,1,Final,Final,17,Wrigley Field,112,Chicago Cubs,CHC,2,True,158,Milwaukee Brewers,MIL,1,False,624424,Michael Conforto,Michael,Conforto,20,1993-03-01,33,"5' 11""",215,10,Designated Hitter,L,Left,R,Right,0-2,,2,0,0,0,0,0,0,0,0,0,0,0,2,0,,,,,,,,,,
2026-09-03,824632,,/api/v1.1/game/824632/feed/live,R,2026,2026-09-03,,night,P,N,N,Regular Season,4,4,1,Final,Final,17,Wrigley Field,112,Chicago Cubs,CHC,2,True,158,Milwaukee Brewers,MIL,1,False,621438,Tyrone Taylor,Tyrone,Taylor,55,1994-01-22,32,"6' 0""",218,7,Outfielder,R,Right,R,Right,,,,,,,,,,,,,,,,,,,,,,,,,,
2026-09-03,824632,,/api/v1.1/game/824632/feed/live,R,2026,2026-09-03,,night,P,N,N,Regular Season,4,4,1,Final,Final,17,Wrigley Field,112,Chicago Cubs,CHC,2,True,158,Milwaukee Brewers,MIL,1,False,664023,Ian Happ,Ian,Happ,8,1994-08-12,32,"5' 10""",205,7,Outfielder,S,Switch,R,Right,0-3 | 2 K,,3,0,0,0,0,0,0,2,0,0,0,0,3,0,,,,,,,,,,
2026-09-03,824632,,/api/v1.1/game/824632/feed/live,R,2026,2026-09-03,,night,P,N,N,Regular Season,4,4,1,Final,Final,17,Wrigley Field,112,Chicago Cubs,CHC,2,True,158,Milwaukee Brewers,MIL,1,False,573204,Caleb Thielbar,Caleb,Thielbar,24,1987-01-31,39,"6' 0""",205,1,Pitcher,R,Right,L,Left,,,,,,,,,,,,,,,,,,,,,,,,,,
2026-09-03,824632,,/api/v1.1/game/824632/feed/live,R,2026,2026-09-03,,night,P,N,N,Regular Season,4,4,1,Final,Final,17,Wrigley Field,112,Chicago Cubs,CHC,2,True,158,Milwaukee Brewers,MIL,1,False,621053,Tyler Ferguson,Tyler,Ferguson,64,1993-10-05,32,"6' 4""",225,1,Pitcher,R,Right,R,Right,,,,,,,,,,,,,,,,,,,,,,,,,,
2026-09-03,824632,,/api/v1.1/game/824632/feed/live,R,2026,2026-09-03,,night,P,N,N,Regular Season,4,4,1,Final,Final,17,Wrigley Field,112,Chicago Cubs,CHC,2,True,158,Milwaukee Brewers,MIL,1,False,684007,Shota Imanaga,Shota,Imanaga,18,1993-09-01,33,"5' 10""",175,1,Pitcher,L,Left,L,Left,,,,,,,,,,,,,,,,,,,,,,,,,,
2026-09-03,824632,,/api/v1.1/game/824632/feed/live,R,2026,2026-09-03,,night,P,N,N,Regular Season,4,4,1,Final,Final,17,Wrigley Field,112,Chicago Cubs,CHC,2,True,158,Milwaukee Brewers,MIL,1,False,608324,Alex Bregman,Alexander,Bregman,3,1994-03-30,32,"5' 10""",190,5,Third Base,R,Right,R,Right,1-3 | 2B,,3,1,1,0,0,0,0,0,0,0,0,0,3,2,,,,,,,,,,
2026-09-03,824632,,/api/v1.1/game/824632/feed/live,R,2026,2026-09-03,,night,P,N,N,Regular Season,4,4,1,Final,Final,17,Wrigley Field,112,Chicago Cubs,CHC,2,True,158,Milwaukee Brewers,MIL,1,False,699393,Pedro Ramírez,Pedro,Ramírez,75,2004-04-01,22,"5' 9""",165,4,Second Base,S,Switch,R,Right,"0-2 | BB, 2 K",,2,0,0,0,0,0,0,2,1,0,0,0,3,0,,,,,,,,,,
2026-09-03,824632,,/api/v1.1/game/824632/feed/live,R,2026,2026-09-03,,night,P,N,N,Regular Season,4,4,1,Final,Final,17,Wrigley Field,112,Chicago Cubs,CHC,2,True,158,Milwaukee Brewers,MIL,1,False,683737,Michael Busch,Michael,Busch,29,1997-11-09,28,"5' 11""",210,3,First Base,L,Left,R,Right,0-3 | K,,3,0,0,0,0,0,0,1,0,0,0,0,3,0,,,,,,,,,,
2026-09-03,824632,,/api/v1.1/game/824632/feed/live,R,2026,2026-09-03,,night,P,N,N,Regular Season,4,4,1,Final,Final,17,Wrigley Field,112,Chicago Cubs,CHC,2,True,158,Milwaukee Brewers,MIL,1,False,608348,Carson Kelly,Carson,Kelly,15,1994-07-14,32,"6' 1""",212,2,Catcher,R,Right,R,Right,1-3 | R,,3,1,0,0,0,0,1,0,0,0,0,0,3,1,,,,,,,,,,
2026-09-03,824632,,/api/v1.1/game/824632/feed/live,R,2026,2026-09-03,,night,P,N,N,Regular Season,4,4,1,Final,Final,17,Wrigley Field,112,Chicago Cubs,CHC,2,True,158,Milwaukee Brewers,MIL,1,False,691718,Pete Crow-Armstrong,Pete,Crow-Armstrong,4,2002-03-25,24,"6' 0""",184,8,Outfielder,L,Left,L,Left,"1-4 | HR, K, 2 RBI",,4,1,0,0,1,2,1,1,0,0,0,0,4,4,,,,,,,,,,
2026-09-03,824632,,/api/v1.1/game/824632/feed/live,R,2026,2026-09-03,,night,P,N,N,Regular Season,4,4,1,Final,Final,17,Wrigley Field,112,Chicago Cubs,CHC,2,True,158,Milwaukee Brewers,MIL,1,False,592332,Kevin Gausman,Kevin,Gausman,12,1991-01-06,35,"6' 2""",205,1,Pitcher,L,Left,R,Right,"7.0 IP, ER, 9 K, BB",,,,,,,,,,,,,,,,7.0,1,5,1,9,1,103,1,0,0
2026-09-03,824632,,/api/v1.1/game/824632/feed/live,R,2026,2026-09-03,,night,P,N,N,Regular Season,4,4,1,Final,Final,17,Wrigley Field,112,Chicago Cubs,CHC,2,True,158,Milwaukee Brewers,MIL,1,False,657097,Jacob Webb,Jacob,Webb,71,1993-08-15,33,"6' 2""",210,1,Pitcher,R,Right,R,Right,,,,,,,,,,,,,,,,,,,,,,,,,,
2026-09-03,824632,,/api/v1.1/game/824632/feed/live,R,2026,2026-09-03,,night,P,N,N,Regular Season,4,4,1,Final,Final,17,Wrigley Field,112,Chicago Cubs,CHC,2,True,158,Milwaukee Brewers,MIL,1,False,665804,Miguel Amaya,Miguel,Amaya,9,1999-03-09,27,"6' 1""",230,2,Catcher,R,Right,R,Right,,,,,,,,,,,,,,,,,,,,,,,,,,
2026-09-03,824632,,/api/v1.1/game/824632/feed/live,R,2026,2026-09-03,,night,P,N,N,Regular Season,4,4,1,Final,Final,17,Wrigley Field,112,Chicago Cubs,CHC,2,True,158,Milwaukee Brewers,MIL,1,False,672356,Gabriel Arias,Gabriel,Arias,43,2000-02-27,26,"6' 1""",217,5,Third Base,R,Right,R,Right,,,,,,,,,,,,,,,,,,,,,,,,,,
2026-09-03,824632,,/api/v1.1/game/824632/feed/live,R,2026,2026-09-03,,night,P,N,N,Regular Season,4,4,1,Final,Final,17,Wrigley Field,112,Chicago Cubs,CHC,2,True,158,Milwaukee Brewers,MIL,1,False,673548,Seiya Suzuki,Seiya,Suzuki,27,1994-08-18,32,"5' 11""",182,9,Outfielder,R,Right,R,Right,0-3 | K,,3,0,0,0,0,0,0,1,0,0,0,0,3,0,,,,,,,,,,
2026-09-03,824632,,/api/v1.1/game/824632/feed/live,R,2026,2026-09-03,,night,P,N,N,Regular Season,4,4,1,Final,Final,17,Wrigley Field,112,Chicago Cubs,CHC,2,True,158,Milwaukee Brewers,MIL,1,False,650644,Aaron Civale,Aaron,Civale,38,1995-06-12,31,"6' 1""",245,1,Pitcher,R,Right,R,Right,,,,,,,,,,,,,,,,,,,,,,,,,,
2026-09-03,824632,,/api/v1.1/game/824632/feed/live,R,2026,2026-09-03,,night,P,N,N,Regular Season,4,4,1,Final,Final,17,Wrigley Field,112,Chicago Cubs,CHC,2,True,158,Milwaukee Brewers,MIL,1,False,666171,Ryan Zeferjahn,Ryan,Zeferjahn,56,1998-02-28,28,"6' 5""",209,1,Pitcher,R,Right,R,Right,"1.0 IP, 0 ER, K, 0 BB",,,,,,,,,,,,,,,,1.0,0,0,0,1,0,10,0,0,0
2026-09-03,824632,,/api/v1.1/game/824632/feed/live,R,2026,2026-09-03,,night,P,N,N,Regular Season,4,4,1,Final,Final,17,Wrigley Field,112,Chicago Cubs,CHC,2,True,158,Milwaukee Brewers,MIL,1,False,656849,David Peterson,David,Peterson,19,1995-09-03,31,"6' 6""",240,1,Pitcher,L,Left,L,Left,,,,,,,,,,,,,,,,,,,,,,,,,,
2026-09-03,824632,,/api/v1.1/game/824632/feed/live,R,2026,2026-09-03,,night,P,N,N,Regular Season,4,4,1,Final,Final,17,Wrigley Field,112,Chicago Cubs,CHC,2,True,158,Milwaukee Brewers,MIL,1,False,669020,Ryan Rolison,Ryan,Rolison,33,1997-07-11,29,"6' 2""",213,1,Pitcher,R,Right,L,Left,"1.0 IP, 0 ER, 0 K, 0 BB",,,,,,,,,,,,,,,,1.0,0,0,0,0,0,10,0,0,1
2026-09-03,824632,,/api/v1.1/game/824632/feed/live,R,2026,2026-09-03,,night,P,N,N,Regular Season,4,4,1,Final,Final,17,Wrigley Field,112,Chicago Cubs,CHC,2,True,158,Milwaukee Brewers,MIL,1,False,663423,Trent Thornton,Trent,Thornton,49,1993-09-30,32,"6' 0""",190,1,Pitcher,R,Right,R,Right,,,,,,,,,,,,,,,,,,,,,,,,,,
2026-09-03,824632,,/api/v1.1/game/824632/feed/live,R,2026,2026-09-03,,night,P,N,N,Regular Season,4,4,1,Final,Final,17,Wrigley Field,112,Chicago Cubs,CHC,2,True,158,Milwaukee Brewers,MIL,1,False,605280,Clay Holmes,Clayton,Holmes,25,1993-03-27,33,"6' 5""",245,1,Pitcher,R,Right,R,Right,,,,,,,,,,,,,,,,,,,,,,,,,,
2026-09-03,824632,,/api/v1.1/game/824632/feed/live,R,2026,2026-09-03,,night,P,N,N,Regular Season,4,4,1,Final,Final,17,Wrigley Field,112,Chicago Cubs,CHC,2,True,158,Milwaukee Brewers,MIL,1,False,571510,Matthew Boyd,Matthew,Boyd,16,1991-02-02,35,"6' 3""",223,1,Pitcher,L,Left,L,Left,,,,,,,,,,,,,,,,,,,,,,,,,,
2026-09-03,824632,,/api/v1.1/game/824632/feed/live,R,2026,2026-09-03,,night,P,N,N,Regular Season,4,4,1,Final,Final,17,Wrigley Field,112,Chicago Cubs,CHC,2,True,158,Milwaukee Brewers,MIL,1,False,607067,Colin Rea,Colin,Rea,53,1990-07-01,36,"6' 5""",220,1,Pitcher,R,Right,R,Right,,,,,,,,,,,,,,,,,,,,,,,,,,
2026-09-03,824632,,/api/v1.1/game/824632/feed/live,R,2026,2026-09-03,,night,P,N,N,Regular Season,4,4,1,Final,Final,17,Wrigley Field,112,Chicago Cubs,CHC,2,True,158,Milwaukee Brewers,MIL,1,False,681230,BJ Murray Jr.,Bertram,Murray,83,2000-01-05,26,"5' 11""",205,5,Third Base,S,Switch,R,Right,,,,,,,,,,,,,,,,,,,,,,,,,,
2026-09-03,824632,,/api/v1.1/game/824632/feed/live,R,2026,2026-09-03,,night,P,N,N,Regular Season,4,4,1,Final,Final,17,Wrigley Field,112,Chicago Cubs,CHC,2,True,158,Milwaukee Brewers,MIL,1,False,663538,Nico Hoerner,Nicholas,Hoerner,2,1997-05-13,29,"5' 11""",200,4,Second Base,R,Right,R,Right,0-3,,3,0,0,0,0,0,0,0,0,0,0,0,3,0,,,,,,,,,,
2026-09-03,824632,,/api/v1.1/game/824632/feed/live,R,2026,2026-09-03,,night,P,N,N,Regular Season,4,4,1,Final,Final,17,Wrigley Field,112,Chicago Cubs,CHC,2,True,158,Milwaukee Brewers,MIL,1,False,807713,Matt Shaw,Matthew,Shaw,6,2001-11-06,24,"5' 10""",185,9,Outfielder,R,Right,R,Right,0-0,,0,0,0,0,0,0,0,0,0,0,0,0,1,0,,,,,,,,,,
2026-09-03,824632,,/api/v1.1/game/824632/feed/live,R,2026,2026-09-03,,night,P,N,N,Regular Season,4,4,1,Final,Final,17,Wrigley Field,112,Chicago Cubs,CHC,2,True,158,Milwaukee Brewers,MIL,1,False,694477,Chad Patrick,Chandler,Patrick,39,1998-08-14,28,"6' 1""",217,1,Pitcher,R,Right,R,Right,,,,,,,,,,,,,,,,,,,,,,,,,,
2026-09-03,824632,,/api/v1.1/game/824632/feed/live,R,2026,2026-09-03,,night,P,N,N,Regular Season,4,4,1,Final,Final,17,Wrigley Field,112,Chicago Cubs,CHC,2,True,158,Milwaukee Brewers,MIL,1,False,806198,Cooper Pratt,Cooper,Pratt,12,2004-08-18,22,"6' 4""",210,6,Shortstop,R,Right,R,Right,,,,,,,,,,,,,,,,,,,,,,,,,,
2026-09-03,824632,,/api/v1.1/game/824632/feed/live,R,2026,2026-09-03,,night,P,N,N,Regular Season,4,4,1,Final,Final,17,Wrigley Field,112,Chicago Cubs,CHC,2,True,158,Milwaukee Brewers,MIL,1,False,687401,Joey Ortiz,Joseph,Ortiz,3,1998-07-14,28,"5' 10""",192,6,Shortstop,R,Right,R,Right,1-3,,3,1,0,0,0,0,0,0,0,0,0,0,3,1,,,,,,,,,,
2026-09-03,824632,,/api/v1.1/game/824632/feed/live,R,2026,2026-09-03,,night,P,N,N,Regular Season,4,4,1,Final,Final,17,Wrigley Field,112,Chicago Cubs,CHC,2,True,158,Milwaukee Brewers,MIL,1,False,701656,Logan Henderson,Logan,Henderson,43,2002-03-02,24,"6' 0""",209,1,Pitcher,R,Right,R,Right,"7.0 IP, 2 ER, 7 K, 0 BB",,,,,,,,,,,,,,,,7.0,2,3,1,7,0,102,0,1,0
2026-09-03,824632,,/api/v1.1/game/824632/feed/live,R,2026,2026-09-03,,night,P,N,N,Regular Season,4,4,1,Final,Final,17,Wrigley Field,112,Chicago Cubs,CHC,2,True,158,Milwaukee Brewers,MIL,1,False,694192,Jackson Chourio,Jackson,Chourio,11,2004-03-11,22,"6' 1""",199,7,Outfielder,R,Right,R,Right,0-4 | 2 K,,4,0,0,0,0,0,0,2,0,0,0,0,4,0,,,,,,,,,,
2026-09-03,824632,,/api/v1.1/game/824632/feed/live,R,2026,2026-09-03,,night,P,N,N,Regular Season,4,4,1,Final,Final,17,Wrigley Field,112,Chicago Cubs,CHC,2,True,158,Milwaukee Brewers,MIL,1,False,592885,Christian Yelich,Christian,Yelich,22,1991-12-05,34,"6' 4""",220,10,Designated Hitter,L,Left,R,Right,1-4,,4,1,0,0,0,0,0,0,0,0,0,0,4,1,,,,,,,,,,
2026-09-03,824632,,/api/v1.1/game/824632/feed/live,R,2026,2026-09-03,,night,P,N,N,Regular Season,4,4,1,Final,Final,17,Wrigley Field,112,Chicago Cubs,CHC,2,True,158,Milwaukee Brewers,MIL,1,False,641343,Jake Bauers,Jakob,Bauers,9,1995-10-06,30,"6' 0""",216,3,First Base,L,Left,L,Left,"0-3 | BB, K",,3,0,0,0,0,0,0,1,1,0,0,0,4,0,,,,,,,,,,
2026-09-03,824632,,/api/v1.1/game/824632/feed/live,R,2026,2026-09-03,,night,P,N,N,Regular Season,4,4,1,Final,Final,17,Wrigley Field,112,Chicago Cubs,CHC,2,True,158,Milwaukee Brewers,MIL,1,False,686217,Sal Frelick,Salvatore,Frelick,10,2000-04-19,26,"5' 9""",191,9,Outfielder,L,Left,R,Right,,,,,,,,,,,,,,,,,,,,,,,,,,
2026-09-03,824632,,/api/v1.1/game/824632/feed/live,R,2026,2026-09-03,,night,P,N,N,Regular Season,4,4,1,Final,Final,17,Wrigley Field,112,Chicago Cubs,CHC,2,True,158,Milwaukee Brewers,MIL,1,False,682842,Abner Uribe,Abner,Uribe,45,2000-06-20,26,"6' 3""",205,1,Pitcher,R,Right,R,Right,,,,,,,,,,,,,,,,,,,,,,,,,,
2026-09-03,824632,,/api/v1.1/game/824632/feed/live,R,2026,2026-09-03,,night,P,N,N,Regular Season,4,4,1,Final,Final,17,Wrigley Field,112,Chicago Cubs,CHC,2,True,158,Milwaukee Brewers,MIL,1,False,668941,JoJo Romero,Joseph,Romero,33,1996-09-09,29,"5' 11""",215,1,Pitcher,L,Left,L,Left,,,,,,,,,,,,,,,,,,,,,,,,,,
2026-09-03,824632,,/api/v1.1/game/824632/feed/live,R,2026,2026-09-03,,night,P,N,N,Regular Season,4,4,1,Final,Final,17,Wrigley Field,112,Chicago Cubs,CHC,2,True,158,Milwaukee Brewers,MIL,1,False,681982,Grant Anderson,Grant,Anderson,56,1997-06-21,29,"6' 0""",213,1,Pitcher,R,Right,R,Right,,,,,,,,,,,,,,,,,,,,,,,,,,
2026-09-03,824632,,/api/v1.1/game/824632/feed/live,R,2026,2026-09-03,,night,P,N,N,Regular Season,4,4,1,Final,Final,17,Wrigley Field,112,Chicago Cubs,CHC,2,True,158,Milwaukee Brewers,MIL,1,False,683734,Andrew Vaughn,Andrew,Vaughn,28,1998-04-03,28,"5' 10""",215,3,First Base,R,Right,R,Right,"1-4 | HR, RBI, R",,4,1,0,0,1,1,1,0,0,0,0,0,4,4,,,,,,,,,,
2026-09-03,824632,,/api/v1.1/game/824632/feed/live,R,2026,2026-09-03,,night,P,N,N,Regular Season,4,4,1,Final,Final,17,Wrigley Field,112,Chicago Cubs,CHC,2,True,158,Milwaukee Brewers,MIL,1,False,675660,Shane Drohan,Shane,Drohan,55,1999-01-07,27,"6' 2""",202,1,Pitcher,L,Left,L,Left,,,,,,,,,,,,,,,,,,,,,,,,,,
2026-09-03,824632,,/api/v1.1/game/824632/feed/live,R,2026,2026-09-03,,night,P,N,N,Regular Season,4,4,1,Final,Final,17,Wrigley Field,112,Chicago Cubs,CHC,2,True,158,Milwaukee Brewers,MIL,1,False,690986,Kyle Harrison,Kyle,Harrison,52,2001-08-12,25,"6' 2""",216,1,Pitcher,R,Right,L,Left,,,,,,,,,,,,,,,,,,,,,,,,,,
2026-09-03,824632,,/api/v1.1/game/824632/feed/live,R,2026,2026-09-03,,night,P,N,N,Regular Season,4,4,1,Final,Final,17,Wrigley Field,112,Chicago Cubs,CHC,2,True,158,Milwaukee Brewers,MIL,1,False,666310,Bo Naylor,Noah,Naylor,14,2000-02-21,26,"5' 9""",205,2,Catcher,L,Left,R,Right,,,,,,,,,,,,,,,,,,,,,,,,,,
2026-09-03,824632,,/api/v1.1/game/824632/feed/live,R,2026,2026-09-03,,night,P,N,N,Regular Season,4,4,1,Final,Final,17,Wrigley Field,112,Chicago Cubs,CHC,2,True,158,Milwaukee Brewers,MIL,1,False,669003,Garrett Mitchell,Garrett,Mitchell,5,1998-09-04,28,"6' 2""",229,8,Outfielder,L,Left,R,Right,1-3 | 2 K,,3,1,0,0,0,0,0,2,0,0,0,0,3,1,,,,,,,,,,
2026-09-03,824632,,/api/v1.1/game/824632/feed/live,R,2026,2026-09-03,,night,P,N,N,Regular Season,4,4,1,Final,Final,17,Wrigley Field,112,Chicago Cubs,CHC,2,True,158,Milwaukee Brewers,MIL,1,False,676879,Aaron Ashby,Aaron,Ashby,26,1998-05-24,28,"6' 0""",194,1,Pitcher,R,Right,L,Left,,,,,,,,,,,,,,,,,,,,,,,,,,
2026-09-03,824632,,/api/v1.1/game/824632/feed/live,R,2026,2026-09-03,,night,P,N,N,Regular Season,4,4,1,Final,Final,17,Wrigley Field,112,Chicago Cubs,CHC,2,True,158,Milwaukee Brewers,MIL,1,False,666152,David Hamilton,David,Hamilton,6,1997-09-29,28,"5' 10""",192,5,Third Base,L,Left,R,Right,1-3 | SB,,3,1,0,0,0,0,0,0,0,1,0,0,3,1,,,,,,,,,,
2026-09-03,824632,,/api/v1.1/game/824632/feed/live,R,2026,2026-09-03,,night,P,N,N,Regular Season,4,4,1,Final,Final,17,Wrigley Field,112,Chicago Cubs,CHC,2,True,158,Milwaukee Brewers,MIL,1,False,661388,William Contreras,William,Contreras,24,1997-12-24,28,"5' 10""",217,2,Catcher,R,Right,R,Right,0-4 | 2 K,,4,0,0,0,0,0,0,2,0,0,0,0,4,0,,,,,,,,,,
2026-09-03,824632,,/api/v1.1/game/824632/feed/live,R,2026,2026-09-03,,night,P,N,N,Regular Season,4,4,1,Final,Final,17,Wrigley Field,112,Chicago Cubs,CHC,2,True,158,Milwaukee Brewers,MIL,1,False,668930,Brice Turang,Brice,Turang,2,1999-11-21,26,"6' 0""",190,4,Second Base,L,Left,R,Right,0-4 | 3 K,,4,0,0,0,0,0,0,3,0,0,0,0,4,0,,,,,,,,,,
2026-09-03,824632,,/api/v1.1/game/824632/feed/live,R,2026,2026-09-03,,night,P,N,N,Regular Season,4,4,1,Final,Final,17,Wrigley Field,112,Chicago Cubs,CHC,2,True,158,Milwaukee Brewers,MIL,1,False,688107,Robert Gasser,Robert,Gasser,54,1999-05-31,27,"6' 0""",197,1,Pitcher,L,Left,L,Left,,,,,,,,,,,,,,,,,,,,,,,,,,
2026-09-03,824632,,/api/v1.1/game/824632/feed/live,R,2026,2026-09-03,,night,P,N,N,Regular Season,4,4,1,Final,Final,17,Wrigley Field,112,Chicago Cubs,CHC,2,True,158,Milwaukee Brewers,MIL,1,False,596142,Gary Sánchez,Gary,Sánchez,99,1992-12-02,33,"6' 2""",251,2,Catcher,R,Right,R,Right,,,,,,,,,,,,,,,,,,,,,,,,,,
2026-09-03,824632,,/api/v1.1/game/824632/feed/live,R,2026,2026-09-03,,night,P,N,N,Regular Season,4,4,1,Final,Final,17,Wrigley Field,112,Chicago Cubs,CHC,2,True,158,Milwaukee Brewers,MIL,1,False,694819,Jacob Misiorowski,Jacob,Misiorowski,32,2002-04-03,24,"6' 7""",201,1,Pitcher,R,Right,R,Right,,,,,,,,,,,,,,,,,,,,,,,,,,
2026-09-03,824632,,/api/v1.1/game/824632/feed/live,R,2026,2026-09-03,,night,P,N,N,Regular Season,4,4,1,Final,Final,17,Wrigley Field,112,Chicago Cubs,CHC,2,True,158,Milwaukee Brewers,MIL,1,False,669084,DL Hall,Dayton,Hall,37,1998-09-19,27,"6' 1""",209,1,Pitcher,L,Left,L,Left,"1.0 IP, 0 ER, 0 K, BB",,,,,,,,,,,,,,,,1.0,0,0,0,0,1,12,0,0,0
2026-09-03,824632,,/api/v1.1/game/824632/feed/live,R,2026,2026-09-03,,night,P,N,N,Regular Season,4,4,1,Final,Final,17,Wrigley Field,112,Chicago Cubs,CHC,2,True,158,Milwaukee Brewers,MIL,1,False,622608,Antonio Senzatela,Antonio,Senzatela,49,1995-01-21,31,"6' 1""",235,1,Pitcher,R,Right,R,Right,,,,,,,,,,,,,,,,,,,,,,,,,,
2026-09-03,824632,,/api/v1.1/game/824632/feed/live,R,2026,2026-09-03,,night,P,N,N,Regular Season,4,4,1,Final,Final,17,Wrigley Field,112,Chicago Cubs,CHC,2,True,158,Milwaukee Brewers,MIL,1,False,669160,Dustin May,Dustin,May,21,1997-09-06,28,"6' 6""",180,1,Pitcher,R,Right,R,Right,,,,,,,,,,,,,,,,,,,,,,,,,,
2026-09-03,824632,,/api/v1.1/game/824632/feed/live,R,2026,2026-09-03,,night,P,N,N,Regular Season,4,4,1,Final,Final,17,Wrigley Field,112,Chicago Cubs,CHC,2,True,158,Milwaukee Brewers,MIL,1,False,800325,Luis Lara,Luis,Lara,18,2004-11-17,21,"5' 7""",169,9,Outfielder,S,Switch,R,Right,,,,,,,,,,,,,,,,,,,,,,,,,,
2026-09-03,824632,,/api/v1.1/game/824632/feed/live,R,2026,2026-09-03,,night,P,N,N,Regular Season,4,4,1,Final,Final,17,Wrigley Field,112,Chicago Cubs,CHC,2,True,158,Milwaukee Brewers,MIL,1,False,656730,Trevor Megill,Trevor,Megill,29,1993-12-05,32,"6' 8""",253,1,Pitcher,L,Left,R,Right,,,,,,,,,,,,,,,,,,,,,,,,,,
2026-09-03,824069,,/api/v1.1/game/824069/feed/live,R,2026,2026-09-03,,night,P,N,N,Regular Season,3,3,1,Final,Final,7,Kauffman Stadium,118,Kansas City Royals,KC,7,True,146,Miami Marlins,MIA,3,False,695600,Carter Jensen,Carter,Jensen,22,2003-07-03,23,"6' 0""",210,2,Catcher,L,Left,R,Right,"3-4 | HR, 3B, 2B",,4,3,1,1,1,3,3,0,0,0,0,0,4,9,,,,,,,,,,
2026-09-03,824069,,/api/v1.1/game/824069/feed/live,R,2026,2026-09-03,,night,P,N,N,Regular Season,3,3,1,Final,Final,7,Kauffman Stadium,118,Kansas City Royals,KC,7,True,146,Miami Marlins,MIA,3,False,621016,Jose Cuas,Jose,Cuas,74,1994-06-28,32,"6' 3""",195,1,Pitcher,R,Right,R,Right,,,,,,,,,,,,,,,,,,,,,,,,,,
2026-09-03,824069,,/api/v1.1/game/824069/feed/live,R,2026,2026-09-03,,night,P,N,N,Regular Season,3,3,1,Final,Final,7,Kauffman Stadium,118,Kansas City Royals,KC,7,True,146,Miami Marlins,MIA,3,False,686475,Tyler Tolbert,Tyler,Tolbert,2,1998-01-27,28,"5' 10""",185,6,Shortstop,R,Right,R,Right,"0-0 | R, SB",,0,0,0,0,0,0,1,0,0,1,0,0,0,0,,,,,,,,,,
2026-09-03,824069,,/api/v1.1/game/824069/feed/live,R,2026,2026-09-03,,night,P,N,N,Regular Season,3,3,1,Final,Final,7,Kauffman Stadium,118,Kansas City Royals,KC,7,True,146,Miami Marlins,MIA,3,False,668942,Josh Rojas,Joshua,Rojas,40,1994-06-30,32,"6' 1""",200,5,Third Base,L,Left,R,Right,0-2,,2,0,0,0,0,0,0,0,0,0,0,0,2,0,,,,,,,,,,
2026-09-03,824069,,/api/v1.1/game/824069/feed/live,R,2026,2026-09-03,,night,P,N,N,Regular Season,3,3,1,Final,Final,7,Kauffman Stadium,118,Kansas City Royals,KC,7,True,146,Miami Marlins,MIA,3,False,686555,Isaac Collins,Isaac,Collins,1,1997-07-22,29,"5' 8""",188,7,Outfielder,S,Switch,R,Right,0-4 | K,,4,0,0,0,0,0,0,1,0,0,0,0,4,0,,,,,,,,,,
2026-09-03,824069,,/api/v1.1/game/824069/feed/live,R,2026,2026-09-03,,night,P,N,N,Regular Season,3,3,1,Final,Final,7,Kauffman Stadium,118,Kansas City Royals,KC,7,True,146,Miami Marlins,MIA,3,False,521692,Salvador Perez,Salvador,Perez,13,1990-05-10,36,"6' 2""",255,10,Designated Hitter,R,Right,R,Right,"1-4 | 2B, K, RBI",,4,1,1,0,0,1,0,1,0,0,0,0,4,2,,,,,,,,,,
2026-09-03,824069,,/api/v1.1/game/824069/feed/live,R,2026,2026-09-03,,night,P,N,N,Regular Season,3,3,1,Final,Final,7,Kauffman Stadium,118,Kansas City Royals,KC,7,True,146,Miami Marlins,MIA,3,False,679845,Nick Loftin,Nicholas,Loftin,12,1998-09-25,27,"5' 11""",180,5,Third Base,R,Right,R,Right,1-2 | K,,2,1,0,0,0,0,0,1,0,0,0,0,2,1,,,,,,,,,,
2026-09-03,824069,,/api/v1.1/game/824069/feed/live,R,2026,2026-09-03,,night,P,N,N,Regular Season,3,3,1,Final,Final,7,Kauffman Stadium,118,Kansas City Royals,KC,7,True,146,Miami Marlins,MIA,3,False,676510,Nolan Hoffman,Nolan,Hoffman,35,1997-08-09,29,"6' 4""",190,1,Pitcher,R,Right,R,Right,,,,,,,,,,,,,,,,,,,,,,,,,,
2026-09-03,824069,,/api/v1.1/game/824069/feed/live,R,2026,2026-09-03,,night,P,N,N,Regular Season,3,3,1,Final,Final,7,Kauffman Stadium,118,Kansas City Royals,KC,7,True,146,Miami Marlins,MIA,3,False,671162,Connor Thomas,Sidney,Thomas,50,1998-05-29,28,"6' 0""",200,1,Pitcher,L,Left,L,Left,,,,,,,,,,,,,,,,,,,,,,,,,,
2026-09-03,824069,,/api/v1.1/game/824069/feed/live,R,2026,2026-09-03,,night,P,N,N,Regular Season,3,3,1,Final,Final,7,Kauffman Stadium,118,Kansas City Royals,KC,7,True,146,Miami Marlins,MIA,3,False,670231,John Rave,John,Rave,16,1997-12-30,28,"5' 10""",194,9,Outfielder,L,Left,L,Left,,,,,,,,,,,,,,,,,,,,,,,,,,
2026-09-03,824069,,/api/v1.1/game/824069/feed/live,R,2026,2026-09-03,,night,P,N,N,Regular Season,3,3,1,Final,Final,7,Kauffman Stadium,118,Kansas City Royals,KC,7,True,146,Miami Marlins,MIA,3,False,683090,Matthew Lugo,Matthew,Lugo,24,2001-05-09,25,"6' 0""",190,7,Outfielder,R,Right,R,Right,,,,,,,,,,,,,,,,,,,,,,,,,,
2026-09-03,824069,,/api/v1.1/game/824069/feed/live,R,2026,2026-09-03,,night,P,N,N,Regular Season,3,3,1,Final,Final,7,Kauffman Stadium,118,Kansas City Royals,KC,7,True,146,Miami Marlins,MIA,3,False,686681,Michael Massey,Michael,Massey,19,1998-03-22,28,"6' 0""",195,4,Second Base,L,Left,R,Right,1-4,,4,1,0,0,0,0,0,0,0,0,0,0,4,1,,,,,,,,,,
2026-09-03,824069,,/api/v1.1/game/824069/feed/live,R,2026,2026-09-03,,night,P,N,N,Regular Season,3,3,1,Final,Final,7,Kauffman Stadium,118,Kansas City Royals,KC,7,True,146,Miami Marlins,MIA,3,False,571912,Luke Maile,Luke,Maile,18,1991-02-06,35,"6' 3""",225,2,Catcher,R,Right,R,Right,,,,,,,,,,,,,,,,,,,,,,,,,,
2026-09-03,824069,,/api/v1.1/game/824069/feed/live,R,2026,2026-09-03,,night,P,N,N,Regular Season,3,3,1,Final,Final,7,Kauffman Stadium,118,Kansas City Royals,KC,7,True,146,Miami Marlins,MIA,3,False,668834,Easton McGee,Easton,McGee,51,1997-12-26,28,"6' 7""",222,1,Pitcher,R,Right,R,Right,,,,,,,,,,,,,,,,,,,,,,,,,,
2026-09-03,824069,,/api/v1.1/game/824069/feed/live,R,2026,2026-09-03,,night,P,N,N,Regular Season,3,3,1,Final,Final,7,Kauffman Stadium,118,Kansas City Royals,KC,7,True,146,Miami Marlins,MIA,3,False,518886,Craig Kimbrel,Craig,Kimbrel,26,1988-05-28,38,"6' 0""",215,1,Pitcher,R,Right,R,Right,"0.2 IP, 0 ER, K, 0 BB",,,,,,,,,,,,,,,,0.2,0,0,0,1,0,9,0,0,0
2026-09-03,824069,,/api/v1.1/game/824069/feed/live,R,2026,2026-09-03,,night,P,N,N,Regular Season,3,3,1,Final,Final,7,Kauffman Stadium,118,Kansas City Royals,KC,7,True,146,Miami Marlins,MIA,3,False,686469,Vinnie Pasquantino,Vincent,Pasquantino,9,1997-10-10,28,"6' 3""",245,3,First Base,L,Left,L,Left,"1-4 | 2B, K, RBI",,4,1,1,0,0,1,0,1,0,0,0,0,4,2,,,,,,,,,,
2026-09-03,824069,,/api/v1.1/game/824069/feed/live,R,2026,2026-09-03,,night,P,N,N,Regular Season,3,3,1,Final,Final,7,Kauffman Stadium,118,Kansas City Royals,KC,7,True,146,Miami Marlins,MIA,3,False,664728,Kyle Isbel,Kyle,Isbel,28,1997-03-03,29,"5' 10""",190,8,Outfielder,L,Left,R,Right,"2-3 | K, 2 R",,3,2,0,0,0,0,2,1,0,0,0,0,3,2,,,,,,,,,,
2026-09-03,824069,,/api/v1.1/game/824069/feed/live,R,2026,2026-09-03,,night,P,N,N,Regular Season,3,3,1,Final,Final,7,Kauffman Stadium,118,Kansas City Royals,KC,7,True,146,Miami Marlins,MIA,3,False,663738,Daniel Lynch IV,Daniel,Lynch,41,1996-11-17,29,"6' 6""",200,1,Pitcher,L,Left,L,Left,,,,,,,,,,,,,,,,,,,,,,,,,,
2026-09-03,824069,,/api/v1.1/game/824069/feed/live,R,2026,2026-09-03,,night,P,N,N,Regular Season,3,3,1,Final,Final,7,Kauffman Stadium,118,Kansas City Royals,KC,7,True,146,Miami Marlins,MIA,3,False,608379,Michael Wacha,Michael,Wacha,52,1991-07-01,35,"6' 6""",215,1,Pitcher,R,Right,R,Right,"6.0 IP, 3 ER, 7 K, 2 BB",,,,,,,,,,,,,,,,6.0,3,6,2,7,2,96,1,0,0
2026-09-03,824069,,/api/v1.1/game/824069/feed/live,R,2026,2026-09-03,,night,P,N,N,Regular Season,3,3,1,Final,Final,7,Kauffman Stadium,118,Kansas City Royals,KC,7,True,146,Miami Marlins,MIA,3,False,663878,Nate Pearson,Nathan,Pearson,61,1996-08-20,30,"6' 6""",255,1,Pitcher,R,Right,R,Right,"1.1 IP, 0 ER, K, 0 BB",,,,,,,,,,,,,,,,1.1,0,0,0,1,0,11,0,0,0
2026-09-03,824069,,/api/v1.1/game/824069/feed/live,R,2026,2026-09-03,,night,P,N,N,Regular Season,3,3,1,Final,Final,7,Kauffman Stadium,118,Kansas City Royals,KC,7,True,146,Miami Marlins,MIA,3,False,607625,Seth Lugo,Jacob,Lugo,67,1989-11-17,36,"6' 4""",225,1,Pitcher,R,Right,R,Right,,,,,,,,,,,,,,,,,,,,,,,,,,
2026-09-03,824069,,/api/v1.1/game/824069/feed/live,R,2026,2026-09-03,,night,P,N,N,Regular Season,3,3,1,Final,Final,7,Kauffman Stadium,118,Kansas City Royals,KC,7,True,146,Miami Marlins,MIA,3,False,702070,Noah Cameron,Noah,Cameron,65,1999-07-17,27,"6' 3""",220,1,Pitcher,L,Left,L,Left,,,,,,,,,,,,,,,,,,,,,,,,,,
2026-09-03,824069,,/api/v1.1/game/824069/feed/live,R,2026,2026-09-03,,night,P,N,N,Regular Season,3,3,1,Final,Final,7,Kauffman Stadium,118,Kansas City Royals,KC,7,True,146,Miami Marlins,MIA,3,False,656638,Alex Lange,Alexander,Lange,56,1995-10-02,30,"6' 3""",202,1,Pitcher,R,Right,R,Right,,,,,,,,,,,,,,,,,,,,,,,,,,
2026-09-03,824069,,/api/v1.1/game/824069/feed/live,R,2026,2026-09-03,,night,P,N,N,Regular Season,3,3,1,Final,Final,7,Kauffman Stadium,118,Kansas City Royals,KC,7,True,146,Miami Marlins,MIA,3,False,677976,Randy Dobnak,Randy,Dobnak,62,1995-01-17,31,"6' 1""",230,1,Pitcher,R,Right,R,Right,,,,,,,,,,,,,,,,,,,,,,,,,,
2026-09-03,824069,,/api/v1.1/game/824069/feed/live,R,2026,2026-09-03,,night,P,N,N,Regular Season,3,3,1,Final,Final,7,Kauffman Stadium,118,Kansas City Royals,KC,7,True,146,Miami Marlins,MIA,3,False,695506,Jac Caglianone,Jeffrey,Caglianone,14,2003-02-09,23,"6' 4""",250,9,Outfielder,L,Left,L,Left,"2-4 | 2B, 2 RBI, R",,4,2,1,0,0,2,1,0,0,0,0,0,4,3,,,,,,,,,,
2026-09-03,824069,,/api/v1.1/game/824069/feed/live,R,2026,2026-09-03,,night,P,N,N,Regular Season,3,3,1,Final,Final,7,Kauffman Stadium,118,Kansas City Royals,KC,7,True,146,Miami Marlins,MIA,3,False,543238,Anthony Gose,Anthony,Gose,34,1990-08-10,36,"6' 0""",200,1,Pitcher,L,Left,L,Left,,,,,,,,,,,,,,,,,,,,,,,,,,
2026-09-03,824069,,/api/v1.1/game/824069/feed/live,R,2026,2026-09-03,,night,P,N,N,Regular Season,3,3,1,Final,Final,7,Kauffman Stadium,118,Kansas City Royals,KC,7,True,146,Miami Marlins,MIA,3,False,677951,Bobby Witt Jr.,Robert,Witt,7,2000-06-14,26,"6' 1""",200,6,Shortstop,R,Right,R,Right,"0-3 | BB, CS",,3,0,0,0,0,0,0,0,1,0,1,0,4,0,,,,,,,,,,
2026-09-03,824069,,/api/v1.1/game/824069/feed/live,R,2026,2026-09-03,,night,P,N,N,Regular Season,3,3,1,Final,Final,7,Kauffman Stadium,118,Kansas City Royals,KC,7,True,146,Miami Marlins,MIA,3,False,674444,Steven Cruz,Steven,Cruz,64,1999-06-15,27,"6' 7""",225,1,Pitcher,R,Right,R,Right,"1.0 IP, 0 ER, K, 0 BB",,,,,,,,,,,,,,,,1.0,0,0,0,1,0,18,0,0,0
2026-09-03,824069,,/api/v1.1/game/824069/feed/live,R,2026,2026-09-03,,night,P,N,N,Regular Season,3,3,1,Final,Final,7,Kauffman Stadium,118,Kansas City Royals,KC,7,True,146,Miami Marlins,MIA,3,False,667652,Jack Ralston,Jack,Ralston,79,1997-08-13,29,"6' 6""",231,1,Pitcher,R,Right,R,Right,,,,,,,,,,,,,,,,,,,,,,,,,,
2026-09-03,824069,,/api/v1.1/game/824069/feed/live,R,2026,2026-09-03,,night,P,N,N,Regular Season,3,3,1,Final,Final,7,Kauffman Stadium,118,Kansas City Royals,KC,7,True,146,Miami Marlins,MIA,3,False,694795,Josh Ekness,Joshua,Ekness,95,2002-02-07,24,"6' 4""",225,1,Pitcher,R,Right,R,Right,,,,,,,,,,,,,,,,,,,,,,,,,,
2026-09-03,824069,,/api/v1.1/game/824069/feed/live,R,2026,2026-09-03,,night,P,N,N,Regular Season,3,3,1,Final,Final,7,Kauffman Stadium,118,Kansas City Royals,KC,7,True,146,Miami Marlins,MIA,3,False,676604,Tyler Zuber,Tyler,Zuber,55,1995-06-16,31,"5' 11""",195,1,Pitcher,R,Right,R,Right,"0.1 IP, 2 ER, 0 K, 0 BB",,,,,,,,,,,,,,,,0.1,2,2,0,0,0,8,0,0,0
2026-09-03,824069,,/api/v1.1/game/824069/feed/live,R,2026,2026-09-03,,night,P,N,N,Regular Season,3,3,1,Final,Final,7,Kauffman Stadium,118,Kansas City Royals,KC,7,True,146,Miami Marlins,MIA,3,False,665052,Griffin Conine,Griffin,Conine,18,1997-07-11,29,"6' 1""",210,9,Outfielder,L,Left,R,Right,0-4 | 3 K,,4,0,0,0,0,0,0,3,0,0,0,0,4,0,,,,,,,,,,
2026-09-03,824069,,/api/v1.1/game/824069/feed/live,R,2026,2026-09-03,,night,P,N,N,Regular Season,3,3,1,Final,Final,7,Kauffman Stadium,118,Kansas City Royals,KC,7,True,146,Miami Marlins,MIA,3,False,681715,Heriberto Hernández,Heriberto,Hernandez,13,1999-12-16,26,"5' 11""",195,7,Outfielder,R,Right,R,Right,"1-4 | HR, K, RBI",,4,1,0,0,1,1,1,1,0,0,0,0,4,4,,,,,,,,,,
2026-09-03,824069,,/api/v1.1/game/824069/feed/live,R,2026,2026-09-03,,night,P,N,N,Regular Season,3,3,1,Final,Final,7,Kauffman Stadium,118,Kansas City Royals,KC,7,True,146,Miami Marlins,MIA,3,False,645261,Sandy Alcantara,Sandy,Alcantara,22,1995-09-07,30,"6' 5""",200,1,Pitcher,R,Right,R,Right,"6.0 IP, 4 ER, 2 K, BB",,,,,,,,,,,,,,,,6.0,4,6,1,2,1,98,0,1,0
2026-09-03,824069,,/api/v1.1/game/824069/feed/live,R,2026,2026-09-03,,night,P,N,N,Regular Season,3,3,1,Final,Final,7,Kauffman Stadium,118,Kansas City Royals,KC,7,True,146,Miami Marlins,MIA,3,False,680767,Victor Vodnik,Victor,Vodnik,38,1999-10-09,26,"6' 0""",216,1,Pitcher,R,Right,R,Right,,,,,,,,,,,,,,,,,,,,,,,,,,
2026-09-03,824069,,/api/v1.1/game/824069/feed/live,R,2026,2026-09-03,,night,P,N,N,Regular Season,3,3,1,Final,Final,7,Kauffman Stadium,118,Kansas City Royals,KC,7,True,146,Miami Marlins,MIA,3,False,663969,Tyler Phillips,Tyler,Phillips,30,1997-10-27,28,"6' 5""",225,1,Pitcher,R,Right,R,Right,,,,,,,,,,,,,,,,,,,,,,,,,,
2026-09-03,824069,,/api/v1.1/game/824069/feed/live,R,2026,2026-09-03,,night,P,N,N,Regular Season,3,3,1,Final,Final,7,Kauffman Stadium,118,Kansas City Royals,KC,7,True,146,Miami Marlins,MIA,3,False,665923,Esteury Ruiz,Esteury,Ruiz,3,1999-02-15,27,"5' 11""",169,9,Outfielder,R,Right,R,Right,,,,,,,,,,,,,,,,,,,,,,,,,,
2026-09-03,824069,,/api/v1.1/game/824069/feed/live,R,2026,2026-09-03,,night,P,N,N,Regular Season,3,3,1,Final,Final,7,Kauffman Stadium,118,Kansas City Royals,KC,7,True,146,Miami Marlins,MIA,3,False,691858,Jared Serna,Jared,Serna,68,2002-06-01,24,"5' 7""",174,6,Shortstop,R,Right,R,Right,,,,,,,,,,,,,,,,,,,,,,,,,,
2026-09-03,824069,,/api/v1.1/game/824069/feed/live,R,2026,2026-09-03,,night,P,N,N,Regular Season,3,3,1,Final,Final,7,Kauffman Stadium,118,Kansas City Royals,KC,7,True,146,Miami Marlins,MIA,3,False,805300,Jakob Marsee,Jakob,Marsee,87,2001-06-28,25,"6' 0""",180,8,Outfielder,L,Left,L,Left,"1-4 | 2B, K, R",,4,1,1,0,0,0,1,1,0,0,0,0,4,2,,,,,,,,,,
2026-09-03,824069,,/api/v1.1/game/824069/feed/live,R,2026,2026-09-03,,night,P,N,N,Regular Season,3,3,1,Final,Final,7,Kauffman Stadium,118,Kansas City Royals,KC,7,True,146,Miami Marlins,MIA,3,False,676534,Calvin Faucher,Calvin,Faucher,53,1995-09-22,30,"6' 1""",190,1,Pitcher,R,Right,R,Right,,,,,,,,,,,,,,,,,,,,,,,,,,
2026-09-03,824069,,/api/v1.1/game/824069/feed/live,R,2026,2026-09-03,,night,P,N,N,Regular Season,3,3,1,Final,Final,7,Kauffman Stadium,118,Kansas City Royals,KC,7,True,146,Miami Marlins,MIA,3,False,691594,Javier Sanoja,Javier,Sanoja,8,2002-09-03,24,"5' 7""",150,5,Third Base,R,Right,R,Right,1-3 | BB,,3,1,0,0,0,0,0,0,1,0,0,0,4,1,,,,,,,,,,
2026-09-03,824069,,/api/v1.1/game/824069/feed/live,R,2026,2026-09-03,,night,P,N,N,Regular Season,3,3,1,Final,Final,7,Kauffman Stadium,118,Kansas City Royals,KC,7,True,146,Miami Marlins,MIA,3,False,691277,Deyvison De Los Santos,Deyvison,De Los Santos,63,2003-06-21,23,"6' 1""",185,5,Third Base,R,Right,R,Right,0-0,,0,0,0,0,0,0,0,0,0,0,0,0,0,0,,,,,,,,,,
2026-09-03,824069,,/api/v1.1/game/824069/feed/live,R,2026,2026-09-03,,night,P,N,N,Regular Season,3,3,1,Final,Final,7,Kauffman Stadium,118,Kansas City Royals,KC,7,True,146,Miami Marlins,MIA,3,False,806188,Cade Gibson,Cade,Gibson,58,1998-02-18,28,"6' 2""",195,1,Pitcher,L,Left,L,Left,"1.0 IP, ER, 2 K, 0 BB",,,,,,,,,,,,,,,,1.0,1,1,0,2,0,14,0,0,0
2026-09-03,824069,,/api/v1.1/game/824069/feed/live,R,2026,2026-09-03,,night,P,N,N,Regular Season,3,3,1,Final,Final,7,Kauffman Stadium,118,Kansas City Royals,KC,7,True,146,Miami Marlins,MIA,3,False,687473,Ryan Gusto,Ryan,Gusto,65,1999-03-11,27,"6' 4""",232,1,Pitcher,R,Right,R,Right,,,,,,,,,,,,,,,,,,,,,,,,,,
2026-09-03,824069,,/api/v1.1/game/824069/feed/live,R,2026,2026-09-03,,night,P,N,N,Regular Season,3,3,1,Final,Final,7,Kauffman Stadium,118,Kansas City Royals,KC,7,True,146,Miami Marlins,MIA,3,False,669065,Kyle Stowers,Kyle,Stowers,28,1998-01-02,28,"6' 2""",215,3,First Base,L,Left,L,Left,"1-3 | 2B, HBP, 2 K",,3,1,1,0,0,0,0,2,0,0,0,0,4,2,,,,,,,,,,
2026-09-03,824069,,/api/v1.1/game/824069/feed/live,R,2026,2026-09-03,,night,P,N,N,Regular Season,3,3,1,Final,Final,7,Kauffman Stadium,118,Kansas City Royals,KC,7,True,146,Miami Marlins,MIA,3,False,688363,Graham Pauley,Graham,Pauley,21,2000-09-24,25,"6' 1""",200,5,Third Base,L,Left,R,Right,0-4,,4,0,0,0,0,0,0,0,0,0,0,0,4,0,,,,,,,,,,
2026-09-03,824069,,/api/v1.1/game/824069/feed/live,R,2026,2026-09-03,,night,P,N,N,Regular Season,3,3,1,Final,Final,7,Kauffman Stadium,118,Kansas City Royals,KC,7,True,146,Miami Marlins,MIA,3,False,656848,Michael Petersen,Michael,Petersen,49,1994-05-16,32,"6' 7""",195,1,Pitcher,R,Right,R,Right,,,,,,,,,,,,,,,,,,,,,,,,,,
2026-09-03,824069,,/api/v1.1/game/824069/feed/live,R,2026,2026-09-03,,night,P,N,N,Regular Season,3,3,1,Final,Final,7,Kauffman Stadium,118,Kansas City Royals,KC,7,True,146,Miami Marlins,MIA,3,False,687134,Bradley Blalock,Bradley,Blalock,31,2000-12-25,25,"6' 2""",213,1,Pitcher,R,Right,R,Right,,,,,,,,,,,,,,,,,,,,,,,,,,
2026-09-03,824069,,/api/v1.1/game/824069/feed/live,R,2026,2026-09-03,,night,P,N,N,Regular Season,3,3,1,Final,Final,7,Kauffman Stadium,118,Kansas City Royals,KC,7,True,146,Miami Marlins,MIA,3,False,683357,Owen Caissie,Owen,Caissie,17,2002-07-08,24,"6' 4""",190,9,Outfielder,L,Left,R,Right,,,,,,,,,,,,,,,,,,,,,,,,,,
2026-09-03,824069,,/api/v1.1/game/824069/feed/live,R,2026,2026-09-03,,night,P,N,N,Regular Season,3,3,1,Final,Final,7,Kauffman Stadium,118,Kansas City Royals,KC,7,True,146,Miami Marlins,MIA,3,False,682663,Agustín Ramírez,Agustín,Ramírez,50,2001-09-10,24,"6' 1""",210,10,Designated Hitter,R,Right,R,Right,"1-4 | HR, K, RBI",,4,1,0,0,1,1,1,1,0,0,0,0,4,4,,,,,,,,,,
2026-09-03,824069,,/api/v1.1/game/824069/feed/live,R,2026,2026-09-03,,night,P,N,N,Regular Season,3,3,1,Final,Final,7,Kauffman Stadium,118,Kansas City Royals,KC,7,True,146,Miami Marlins,MIA,3,False,676083,Janson Junk,Janson,Junk,26,1996-01-15,30,"6' 2""",197,1,Pitcher,R,Right,R,Right,,,,,,,,,,,,,,,,,,,,,,,,,,
2026-09-03,824069,,/api/v1.1/game/824069/feed/live,R,2026,2026-09-03,,night,P,N,N,Regular Season,3,3,1,Final,Final,7,Kauffman Stadium,118,Kansas City Royals,KC,7,True,146,Miami Marlins,MIA,3,False,690978,Dax Fulton,Daxton,Fulton,90,2001-10-16,24,"6' 7""",245,1,Pitcher,L,Left,L,Left,"0.2 IP, 0 ER, K, 0 BB",,,,,,,,,,,,,,,,0.2,0,2,0,1,0,10,0,0,0
2026-09-03,824069,,/api/v1.1/game/824069/feed/live,R,2026,2026-09-03,,night,P,N,N,Regular Season,3,3,1,Final,Final,7,Kauffman Stadium,118,Kansas City Royals,KC,7,True,146,Miami Marlins,MIA,3,False,640459,Brian Navarreto,Brian,Navarreto,64,1994-12-29,31,"6' 1""",233,2,Catcher,R,Right,R,Right,,,,,,,,,,,,,,,,,,,,,,,,,,
2026-09-03,824069,,/api/v1.1/game/824069/feed/live,R,2026,2026-09-03,,night,P,N,N,Regular Season,3,3,1,Final,Final,7,Kauffman Stadium,118,Kansas City Royals,KC,7,True,146,Miami Marlins,MIA,3,False,691788,Joe Mack,Joseph,Mack,80,2002-12-27,23,"6' 0""",210,2,Catcher,L,Left,R,Right,"1-4 | 2 K, RBI",,4,1,0,0,0,1,0,2,0,0,0,0,4,1,,,,,,,,,,
2026-09-03,824069,,/api/v1.1/game/824069/feed/live,R,2026,2026-09-03,,night,P,N,N,Regular Season,3,3,1,Final,Final,7,Kauffman Stadium,118,Kansas City Royals,KC,7,True,146,Miami Marlins,MIA,3,False,691587,Eury Pérez,Eury,Pérez,39,2003-04-15,23,"6' 8""",220,1,Pitcher,R,Right,R,Right,,,,,,,,,,,,,,,,,,,,,,,,,,
2026-09-03,824069,,/api/v1.1/game/824069/feed/live,R,2026,2026-09-03,,night,P,N,N,Regular Season,3,3,1,Final,Final,7,Kauffman Stadium,118,Kansas City Royals,KC,7,True,146,Miami Marlins,MIA,3,False,672640,Otto Lopez,Otto,Lopez,6,1998-10-01,27,"5' 10""",185,6,Shortstop,R,Right,R,Right,0-3 | BB,,3,0,0,0,0,0,0,0,1,0,0,0,4,0,,,,,,,,,,
2026-09-03,822853,,/api/v1.1/game/822853/feed/live,R,2026,2026-09-03,,night,P,N,N,Regular Season,1,4,1,Final,Final,5325,Globe Life Field,140,Texas Rangers,TEX,6,True,139,Tampa Bay Rays,TB,0,False,694497,Evan Carter,Evan,Carter,32,2002-08-29,24,"6' 2""",190,8,Outfielder,L,Left,R,Right,"1-2 | 3B, RBI, R",,2,1,0,1,0,1,1,0,0,0,0,0,2,3,,,,,,,,,,
2026-09-03,822853,,/api/v1.1/game/822853/feed/live,R,2026,2026-09-03,,night,P,N,N,Regular Season,1,4,1,Final,Final,5325,Globe Life Field,140,Texas Rangers,TEX,6,True,139,Tampa Bay Rays,TB,0,False,694671,Wyatt Langford,Wyatt,Langford,36,2001-11-15,24,"6' 0""",225,7,Outfielder,R,Right,R,Right,"1-3 | 2B, BB, K",,3,1,1,0,0,0,2,1,1,0,0,0,4,2,,,,,,,,,,
2026-09-03,822853,,/api/v1.1/game/822853/feed/live,R,2026,2026-09-03,,night,P,N,N,Regular Season,1,4,1,Final,Final,5325,Globe Life Field,140,Texas Rangers,TEX,6,True,139,Tampa Bay Rays,TB,0,False,677958,Kumar Rocker,Kumar,Rocker,80,1999-11-22,26,"6' 5""",245,1,Pitcher,R,Right,R,Right,,,,,,,,,,,,,,,,,,,,,,,,,,
2026-09-03,822853,,/api/v1.1/game/822853/feed/live,R,2026,2026-09-03,,night,P,N,N,Regular Season,1,4,1,Final,Final,5325,Globe Life Field,140,Texas Rangers,TEX,6,True,139,Tampa Bay Rays,TB,0,False,669394,Jake Burger,Jacob,Burger,21,1996-04-10,30,"6' 0""",230,3,First Base,R,Right,R,Right,"1-3 | K, RBI",,3,1,0,0,0,1,0,1,0,0,0,0,4,1,,,,,,,,,,
2026-09-03,822853,,/api/v1.1/game/822853/feed/live,R,2026,2026-09-03,,night,P,N,N,Regular Season,1,4,1,Final,Final,5325,Globe Life Field,140,Texas Rangers,TEX,6,True,139,Tampa Bay Rays,TB,0,False,671936,Adam Macko,Adam,Macko,71,2000-12-30,25,"6' 0""",170,1,Pitcher,L,Left,L,Left,,,,,,,,,,,,,,,,,,,,,,,,,,
2026-09-03,822853,,/api/v1.1/game/822853/feed/live,R,2026,2026-09-03,,night,P,N,N,Regular Season,1,4,1,Final,Final,5325,Globe Life Field,140,Texas Rangers,TEX,6,True,139,Tampa Bay Rays,TB,0,False,641302,Tyler Alexander,Tyler,Alexander,13,1994-07-14,32,"6' 1""",214,1,Pitcher,R,Right,L,Left,,,,,,,,,,,,,,,,,,,,,,,,,,
2026-09-03,822853,,/api/v1.1/game/822853/feed/live,R,2026,2026-09-03,,night,P,N,N,Regular Season,1,4,1,Final,Final,5325,Globe Life Field,140,Texas Rangers,TEX,6,True,139,Tampa Bay Rays,TB,0,False,681217,Chase Silseth,Chase,Silseth,63,2000-05-18,26,"6' 0""",217,1,Pitcher,R,Right,R,Right,"1.0 IP, 0 ER, K, 2 BB",,,,,,,,,,,,,,,,1.0,0,0,0,1,2,20,0,0,0
2026-09-03,822853,,/api/v1.1/game/822853/feed/live,R,2026,2026-09-03,,night,P,N,N,Regular Season,1,4,1,Final,Final,5325,Globe Life Field,140,Texas Rangers,TEX,6,True,139,Tampa Bay Rays,TB,0,False,592866,Trevor Williams,Trevor,Williams,51,1992-04-25,34,"6' 3""",231,1,Pitcher,R,Right,R,Right,,,,,,,,,,,,,,,,,,,,,,,,,,
2026-09-03,822853,,/api/v1.1/game/822853/feed/live,R,2026,2026-09-03,,night,P,N,N,Regular Season,1,4,1,Final,Final,5325,Globe Life Field,140,Texas Rangers,TEX,6,True,139,Tampa Bay Rays,TB,0,False,592626,Joc Pederson,Joc,Pederson,3,1992-04-21,34,"6' 1""",220,10,Designated Hitter,L,Left,L,Left,1-2 | K,,2,1,0,0,0,0,0,1,0,0,0,0,2,1,,,,,,,,,,
2026-09-03,822853,,/api/v1.1/game/822853/feed/live,R,2026,2026-09-03,,night,P,N,N,Regular Season,1,4,1,Final,Final,5325,Globe Life Field,140,Texas Rangers,TEX,6,True,139,Tampa Bay Rays,TB,0,False,656641,Jacob Latz,Jacob,Latz,67,1996-04-08,30,"6' 2""",185,1,Pitcher,R,Right,L,Left,,,,,,,,,,,,,,,,,,,,,,,,,,
2026-09-03,822853,,/api/v1.1/game/822853/feed/live,R,2026,2026-09-03,,night,P,N,N,Regular Season,1,4,1,Final,Final,5325,Globe Life Field,140,Texas Rangers,TEX,6,True,139,Tampa Bay Rays,TB,0,False,608369,Corey Seager,Corey,Seager,5,1994-04-27,32,"6' 4""",215,6,Shortstop,L,Left,R,Right,"1-4 | HR, 2 RBI, R",,4,1,0,0,1,2,1,0,0,0,0,0,4,4,,,,,,,,,,
2026-09-03,822853,,/api/v1.1/game/822853/feed/live,R,2026,2026-09-03,,night,P,N,N,Regular Season,1,4,1,Final,Final,5325,Globe Life Field,140,Texas Rangers,TEX,6,True,139,Tampa Bay Rays,TB,0,False,615698,Cal Quantrill,Cal,Quantrill,44,1995-02-10,31,"6' 3""",195,1,Pitcher,L,Left,R,Right,"7.0 IP, 0 ER, 5 K, 2 BB",,,,,,,,,,,,,,,,7.0,0,2,0,5,2,95,1,0,0
2026-09-03,822853,,/api/v1.1/game/822853/feed/live,R,2026,2026-09-03,,night,P,N,N,Regular Season,1,4,1,Final,Final,5325,Globe Life Field,140,Texas Rangers,TEX,6,True,139,Tampa Bay Rays,TB,0,False,670032,Nicky Lopez,Nicholas,Lopez,33,1995-03-13,31,"5' 10""",186,4,Second Base,L,Left,R,Right,,,,,,,,,,,,,,,,,,,,,,,,,,
2026-09-03,822853,,/api/v1.1/game/822853/feed/live,R,2026,2026-09-03,,night,P,N,N,Regular Season,1,4,1,Final,Final,5325,Globe Life Field,140,Texas Rangers,TEX,6,True,139,Tampa Bay Rays,TB,0,False,679822,Justin Foscue,Justin,Foscue,14,1999-03-02,27,"5' 11""",205,4,Second Base,R,Right,R,Right,"1-2 | K, RBI",,2,1,0,0,0,1,0,1,0,0,0,0,2,1,,,,,,,,,,
2026-09-03,822853,,/api/v1.1/game/822853/feed/live,R,2026,2026-09-03,,night,P,N,N,Regular Season,1,4,1,Final,Final,5325,Globe Life Field,140,Texas Rangers,TEX,6,True,139,Tampa Bay Rays,TB,0,False,695239,Robby Ahlstrom,Robert,Ahlstrom,54,1999-06-18,27,"6' 3""",195,1,Pitcher,L,Left,L,Left,,,,,,,,,,,,,,,,,,,,,,,,,,
2026-09-03,822853,,/api/v1.1/game/822853/feed/live,R,2026,2026-09-03,,night,P,N,N,Regular Season,1,4,1,Final,Final,5325,Globe Life Field,140,Texas Rangers,TEX,6,True,139,Tampa Bay Rays,TB,0,False,677649,Ezequiel Duran,Ezequiel,Duran,20,1999-05-22,27,"5' 10""",185,6,Shortstop,R,Right,R,Right,"1-3 | BB, RBI, R",,3,1,0,0,0,1,1,0,1,1,0,1,4,1,,,,,,,,,,
2026-09-03,822853,,/api/v1.1/game/822853/feed/live,R,2026,2026-09-03,,night,P,N,N,Regular Season,1,4,1,Final,Final,5325,Globe Life Field,140,Texas Rangers,TEX,6,True,139,Tampa Bay Rays,TB,0,False,669022,MacKenzie Gore,MacKenzie,Gore,1,1999-02-24,27,"6' 2""",193,1,Pitcher,L,Left,L,Left,,,,,,,,,,,,,,,,,,,,,,,,,,
2026-09-03,822853,,/api/v1.1/game/822853/feed/live,R,2026,2026-09-03,,night,P,N,N,Regular Season,1,4,1,Final,Final,5325,Globe Life Field,140,Texas Rangers,TEX,6,True,139,Tampa Bay Rays,TB,0,False,594798,Jacob deGrom,Jacob,deGrom,48,1988-06-19,38,"6' 4""",180,1,Pitcher,L,Left,R,Right,,,,,,,,,,,,,,,,,,,,,,,,,,
2026-09-03,822853,,/api/v1.1/game/822853/feed/live,R,2026,2026-09-03,,night,P,N,N,Regular Season,1,4,1,Final,Final,5325,Globe Life Field,140,Texas Rangers,TEX,6,True,139,Tampa Bay Rays,TB,0,False,607043,Brandon Nimmo,Brandon,Nimmo,24,1993-03-27,33,"6' 1""",206,9,Outfielder,L,Left,R,Right,"0-3 | BB, K",,3,0,0,0,0,0,0,1,1,0,0,0,4,0,,,,,,,,,,
2026-09-03,822853,,/api/v1.1/game/822853/feed/live,R,2026,2026-09-03,,night,P,N,N,Regular Season,1,4,1,Final,Final,5325,Globe Life Field,140,Texas Rangers,TEX,6,True,139,Tampa Bay Rays,TB,0,False,687239,Ben Peoples,Benjamin,Peoples,70,2001-05-01,25,"6' 1""",175,1,Pitcher,L,Left,R,Right,,,,,,,,,,,,,,,,,,,,,,,,,,
2026-09-03,822853,,/api/v1.1/game/822853/feed/live,R,2026,2026-09-03,,night,P,N,N,Regular Season,1,4,1,Final,Final,5325,Globe Life Field,140,Texas Rangers,TEX,6,True,139,Tampa Bay Rays,TB,0,False,643376,Danny Jansen,Daniel,Jansen,9,1995-04-15,31,"6' 2""",240,2,Catcher,R,Right,R,Right,,,,,,,,,,,,,,,,,,,,,,,,,,
2026-09-03,822853,,/api/v1.1/game/822853/feed/live,R,2026,2026-09-03,,night,P,N,N,Regular Season,1,4,1,Final,Final,5325,Globe Life Field,140,Texas Rangers,TEX,6,True,139,Tampa Bay Rays,TB,0,False,596001,Jakob Junis,Jakob,Junis,16,1992-09-16,33,"6' 3""",238,1,Pitcher,R,Right,R,Right,"1.0 IP, 0 ER, 0 K, 0 BB",,,,,,,,,,,,,,,,1.0,0,1,0,0,0,15,0,0,0
2026-09-03,822853,,/api/v1.1/game/822853/feed/live,R,2026,2026-09-03,,night,P,N,N,Regular Season,1,4,1,Final,Final,5325,Globe Life Field,140,Texas Rangers,TEX,6,True,139,Tampa Bay Rays,TB,0,False,683227,Cody Freeman,Cody,Freeman,39,2001-01-05,25,"5' 9""",180,5,Third Base,R,Right,R,Right,0-3,,3,0,0,0,0,0,0,0,0,0,0,0,4,0,,,,,,,,,,
2026-09-03,822853,,/api/v1.1/game/822853/feed/live,R,2026,2026-09-03,,night,P,N,N,Regular Season,1,4,1,Final,Final,5325,Globe Life Field,140,Texas Rangers,TEX,6,True,139,Tampa Bay Rays,TB,0,False,553869,Elias Díaz,Elias,Díaz,35,1990-11-17,35,"6' 1""",223,2,Catcher,R,Right,R,Right,1-3,,3,1,0,0,0,0,0,0,0,0,0,0,3,1,,,,,,,,,,
2026-09-03,822853,,/api/v1.1/game/822853/feed/live,R,2026,2026-09-03,,night,P,N,N,Regular Season,1,4,1,Final,Final,5325,Globe Life Field,140,Texas Rangers,TEX,6,True,139,Tampa Bay Rays,TB,0,False,681351,Logan O'Hoppe,Logan,O'Hoppe,4,2000-02-09,26,"6' 2""",225,10,Designated Hitter,R,Right,R,Right,1-2 | R,,2,1,0,0,0,0,1,0,0,0,0,0,2,1,,,,,,,,,,
2026-09-03,822853,,/api/v1.1/game/822853/feed/live,R,2026,2026-09-03,,night,P,N,N,Regular Season,1,4,1,Final,Final,5325,Globe Life Field,140,Texas Rangers,TEX,6,True,139,Tampa Bay Rays,TB,0,False,674003,Cody Bradford,Cody,Bradford,61,1998-02-22,28,"6' 4""",197,1,Pitcher,L,Left,L,Left,,,,,,,,,,,,,,,,,,,,,,,,,,
2026-09-03,822853,,/api/v1.1/game/822853/feed/live,R,2026,2026-09-03,,night,P,N,N,Regular Season,1,4,1,Final,Final,5325,Globe Life Field,140,Texas Rangers,TEX,6,True,139,Tampa Bay Rays,TB,0,False,695508,Cam Cauley,Cameron,Cauley,27,2003-02-06,23,"5' 9""",170,8,Outfielder,R,Right,R,Right,,,,,,,,,,,,,,,,,,,,,,,,,,
2026-09-03,822853,,/api/v1.1/game/822853/feed/live,R,2026,2026-09-03,,night,P,N,N,Regular Season,1,4,1,Final,Final,5325,Globe Life Field,140,Texas Rangers,TEX,6,True,139,Tampa Bay Rays,TB,0,False,656756,Jordan Montgomery,Jordan,Montgomery,52,1992-12-27,33,"6' 6""",228,1,Pitcher,L,Left,L,Left,,,,,,,,,,,,,,,,,,,,,,,,,,
2026-09-03,822853,,/api/v1.1/game/822853/feed/live,R,2026,2026-09-03,,night,P,N,N,Regular Season,1,4,1,Final,Final,5325,Globe Life Field,140,Texas Rangers,TEX,6,True,139,Tampa Bay Rays,TB,0,False,670764,Taylor Walls,Taylor,Walls,6,1996-07-10,30,"5' 9""",185,6,Shortstop,S,Switch,R,Right,,,,,,,,,,,,,,,,,,,,,,,,,,
2026-09-03,822853,,/api/v1.1/game/822853/feed/live,R,2026,2026-09-03,,night,P,N,N,Regular Season,1,4,1,Final,Final,5325,Globe Life Field,140,Texas Rangers,TEX,6,True,139,Tampa Bay Rays,TB,0,False,669330,Tyler Wells,Tyler,Wells,68,1994-08-26,32,"6' 8""",270,1,Pitcher,R,Right,R,Right,,,,,,,,,,,,,,,,,,,,,,,,,,
2026-09-03,822853,,/api/v1.1/game/822853/feed/live,R,2026,2026-09-03,,night,P,N,N,Regular Season,1,4,1,Final,Final,5325,Globe Life Field,140,Texas Rangers,TEX,6,True,139,Tampa Bay Rays,TB,0,False,571927,Steven Matz,Steven,Matz,32,1991-05-29,35,"6' 2""",205,1,Pitcher,R,Right,L,Left,,,,,,,,,,,,,,,,,,,,,,,,,,
2026-09-03,822853,,/api/v1.1/game/822853/feed/live,R,2026,2026-09-03,,night,P,N,N,Regular Season,1,4,1,Final,Final,5325,Globe Life Field,140,Texas Rangers,TEX,6,True,139,Tampa Bay Rays,TB,0,False,663556,Shane McClanahan,Shane,McClanahan,18,1997-04-28,29,"6' 3""",210,1,Pitcher,L,Left,L,Left,"5.0 IP, 4 ER, 3 K, BB",,,,,,,,,,,,,,,,5.0,4,6,1,3,1,72,0,1,0
2026-09-03,822853,,/api/v1.1/game/822853/feed/live,R,2026,2026-09-03,,night,P,N,N,Regular Season,1,4,1,Final,Final,5325,Globe Life Field,140,Texas Rangers,TEX,6,True,139,Tampa Bay Rays,TB,0,False,680700,Richie Palacios,Richard,Palacios,1,1997-05-16,29,"5' 8""",185,4,Second Base,L,Left,R,Right,0-3,,3,0,0,0,0,0,0,0,0,0,0,0,3,0,,,,,,,,,,
2026-09-03,822853,,/api/v1.1/game/822853/feed/live,R,2026,2026-09-03,,night,P,N,N,Regular Season,1,4,1,Final,Final,5325,Globe Life Field,140,Texas Rangers,TEX,6,True,139,Tampa Bay Rays,TB,0,False,622761,Jorge Mateo,Jorge,Mateo,9,1995-06-23,31,"6' 0""",200,6,Shortstop,R,Right,R,Right,0-4 | K,,4,0,0,0,0,0,0,1,0,0,0,0,4,0,,,,,,,,,,
2026-09-03,822853,,/api/v1.1/game/822853/feed/live,R,2026,2026-09-03,,night,P,N,N,Regular Season,1,4,1,Final,Final,5325,Globe Life Field,140,Texas Rangers,TEX,6,True,139,Tampa Bay Rays,TB,0,False,668723,Ryan Vilade,Ryan,Vilade,26,1999-02-18,27,"6' 1""",226,9,Outfielder,R,Right,R,Right,,,,,,,,,,,,,,,,,,,,,,,,,,
2026-09-03,822853,,/api/v1.1/game/822853/feed/live,R,2026,2026-09-03,,night,P,N,N,Regular Season,1,4,1,Final,Final,5325,Globe Life Field,140,Texas Rangers,TEX,6,True,139,Tampa Bay Rays,TB,0,False,668984,Casey Legumina,Casey,Legumina,67,1997-06-19,29,"6' 2""",195,1,Pitcher,R,Right,R,Right,"3.0 IP, 2 ER, 2 K, 2 BB",,,,,,,,,,,,,,,,3.0,2,3,0,2,2,42,0,0,0
2026-09-03,822853,,/api/v1.1/game/822853/feed/live,R,2026,2026-09-03,,night,P,N,N,Regular Season,1,4,1,Final,Final,5325,Globe Life Field,140,Texas Rangers,TEX,6,True,139,Tampa Bay Rays,TB,0,False,802415,Chandler Simpson,Chandler,Simpson,14,2000-11-18,25,"5' 11""",170,7,Outfielder,L,Left,R,Right,0-4,,4,0,0,0,0,0,0,0,0,0,0,0,4,0,,,,,,,,,,
2026-09-03,822853,,/api/v1.1/game/822853/feed/live,R,2026,2026-09-03,,night,P,N,N,Regular Season,1,4,1,Final,Final,5325,Globe Life Field,140,Texas Rangers,TEX,6,True,139,Tampa Bay Rays,TB,0,False,607259,Nick Martinez,Nicholas,Martinez,28,1990-08-05,36,"6' 1""",200,1,Pitcher,L,Left,R,Right,,,,,,,,,,,,,,,,,,,,,,,,,,
2026-09-03,822853,,/api/v1.1/game/822853/feed/live,R,2026,2026-09-03,,night,P,N,N,Regular Season,1,4,1,Final,Final,5325,Globe Life Field,140,Texas Rangers,TEX,6,True,139,Tampa Bay Rays,TB,0,False,592155,Cam Booser,Cameron,Booser,62,1992-05-04,34,"6' 3""",230,1,Pitcher,L,Left,L,Left,,,,,,,,,,,,,,,,,,,,,,,,,,
2026-09-03,822853,,/api/v1.1/game/822853/feed/live,R,2026,2026-09-03,,night,P,N,N,Regular Season,1,4,1,Final,Final,5325,Globe Life Field,140,Texas Rangers,TEX,6,True,139,Tampa Bay Rays,TB,0,False,676356,Jonny DeLuca,Jonathan,DeLuca,21,1998-07-10,28,"5' 10""",195,9,Outfielder,R,Right,R,Right,0-3 | BB,,3,0,0,0,0,0,0,0,1,0,0,0,4,0,,,,,,,,,,
2026-09-03,822853,,/api/v1.1/game/822853/feed/live,R,2026,2026-09-03,,night,P,N,N,Regular Season,1,4,1,Final,Final,5325,Globe Life Field,140,Texas Rangers,TEX,6,True,139,Tampa Bay Rays,TB,0,False,693855,Ian Seymour,Ian,Seymour,61,1998-12-13,27,"6' 0""",215,1,Pitcher,L,Left,L,Left,,,,,,,,,,,,,,,,,,,,,,,,,,
2026-09-03,822853,,/api/v1.1/game/822853/feed/live,R,2026,2026-09-03,,night,P,N,N,Regular Season,1,4,1,Final,Final,5325,Globe Life Field,140,Texas Rangers,TEX,6,True,139,Tampa Bay Rays,TB,0,False,664076,Garrett Cleavinger,Garrett,Cleavinger,60,1994-04-23,32,"6' 1""",225,1,Pitcher,R,Right,L,Left,,,,,,,,,,,,,,,,,,,,,,,,,,
2026-09-03,822853,,/api/v1.1/game/822853/feed/live,R,2026,2026-09-03,,night,P,N,N,Regular Season,1,4,1,Final,Final,5325,Globe Life Field,140,Texas Rangers,TEX,6,True,139,Tampa Bay Rays,TB,0,False,700652,Kenny Piper,Kenneth,Piper,50,1998-07-12,28,"5' 10""",190,2,Catcher,R,Right,R,Right,0-0,,0,0,0,0,0,0,0,0,0,0,0,0,0,0,,,,,,,,,,
2026-09-03,822853,,/api/v1.1/game/822853/feed/live,R,2026,2026-09-03,,night,P,N,N,Regular Season,1,4,1,Final,Final,5325,Globe Life Field,140,Texas Rangers,TEX,6,True,139,Tampa Bay Rays,TB,0,False,687330,Kevin Kelly,Kevin,Kelly,49,1997-11-28,28,"6' 2""",195,1,Pitcher,R,Right,R,Right,,,,,,,,,,,,,,,,,,,,,,,,,,
2026-09-03,822853,,/api/v1.1/game/822853/feed/live,R,2026,2026-09-03,,night,P,N,N,Regular Season,1,4,1,Final,Final,5325,Globe Life Field,140,Texas Rangers,TEX,6,True,139,Tampa Bay Rays,TB,0,False,689414,Liam Hicks,Liam,Hicks,34,1999-06-02,27,"5' 9""",185,2,Catcher,L,Left,R,Right,,,,,,,,,,,,,,,,,,,,,,,,,,
2026-09-03,822853,,/api/v1.1/game/822853/feed/live,R,2026,2026-09-03,,night,P,N,N,Regular Season,1,4,1,Final,Final,5325,Globe Life Field,140,Texas Rangers,TEX,6,True,139,Tampa Bay Rays,TB,0,False,642547,Freddy Peralta,Freddy,Peralta,51,1996-06-04,30,"6' 0""",198,1,Pitcher,R,Right,R,Right,,,,,,,,,,,,,,,,,,,,,,,,,,
2026-09-03,822853,,/api/v1.1/game/822853/feed/live,R,2026,2026-09-03,,night,P,N,N,Regular Season,1,4,1,Final,Final,5325,Globe Life Field,140,Texas Rangers,TEX,6,True,139,Tampa Bay Rays,TB,0,False,666018,Jonathan Aranda,Jonathan,Aranda,8,1998-05-23,28,"6' 0""",215,3,First Base,L,Left,R,Right,"0-3 | BB, 3 K",,3,0,0,0,0,0,0,3,1,0,0,0,4,0,,,,,,,,,,
2026-09-03,822853,,/api/v1.1/game/822853/feed/live,R,2026,2026-09-03,,night,P,N,N,Regular Season,1,4,1,Final,Final,5325,Globe Life Field,140,Texas Rangers,TEX,6,True,139,Tampa Bay Rays,TB,0,False,663743,Nick Fortes,Nicholas,Fortes,40,1996-11-11,29,"5' 11""",198,2,Catcher,R,Right,R,Right,1-2 | K,,2,1,0,0,0,0,0,1,0,0,0,0,2,1,,,,,,,,,,
2026-09-03,822853,,/api/v1.1/game/822853/feed/live,R,2026,2026-09-03,,night,P,N,N,Regular Season,1,4,1,Final,Final,5325,Globe Life Field,140,Texas Rangers,TEX,6,True,139,Tampa Bay Rays,TB,0,False,643377,Griffin Jax,James,Jax,22,1994-11-22,31,"6' 2""",195,1,Pitcher,R,Right,R,Right,,,,,,,,,,,,,,,,,,,,,,,,,,
2026-09-03,822853,,/api/v1.1/game/822853/feed/live,R,2026,2026-09-03,,night,P,N,N,Regular Season,1,4,1,Final,Final,5325,Globe Life Field,140,Texas Rangers,TEX,6,True,139,Tampa Bay Rays,TB,0,False,650490,Yandy Díaz,Yandy,Díaz,2,1991-08-08,35,"6' 0""",235,10,Designated Hitter,R,Right,R,Right,2-4,,4,2,0,0,0,0,0,0,0,0,0,0,4,2,,,,,,,,,,
2026-09-03,822853,,/api/v1.1/game/822853/feed/live,R,2026,2026-09-03,,night,P,N,N,Regular Season,1,4,1,Final,Final,5325,Globe Life Field,140,Texas Rangers,TEX,6,True,139,Tampa Bay Rays,TB,0,False,683748,Victor Mesa Jr.,Victor,Mesa,25,2001-09-08,24,"5' 11""",195,9,Outfielder,L,Left,L,Left,0-1,,1,0,0,0,0,0,0,0,0,0,0,0,1,0,,,,,,,,,,
2026-09-03,822853,,/api/v1.1/game/822853/feed/live,R,2026,2026-09-03,,night,P,N,N,Regular Season,1,4,1,Final,Final,5325,Globe Life Field,140,Texas Rangers,TEX,6,True,139,Tampa Bay Rays,TB,0,False,641329,Bryan Baker,Bryan,Baker,47,1994-12-02,31,"6' 6""",235,1,Pitcher,R,Right,R,Right,,,,,,,,,,,,,,,,,,,,,,,,,,
2026-09-03,822853,,/api/v1.1/game/822853/feed/live,R,2026,2026-09-03,,night,P,N,N,Regular Season,1,4,1,Final,Final,5325,Globe Life Field,140,Texas Rangers,TEX,6,True,139,Tampa Bay Rays,TB,0,False,655889,Manuel Rodríguez,Manuel,Rodríguez,39,1996-08-06,30,"5' 11""",205,1,Pitcher,R,Right,R,Right,,,,,,,,,,,,,,,,,,,,,,,,,,
2026-09-03,822853,,/api/v1.1/game/822853/feed/live,R,2026,2026-09-03,,night,P,N,N,Regular Season,1,4,1,Final,Final,5325,Globe Life Field,140,Texas Rangers,TEX,6,True,139,Tampa Bay Rays,TB,0,False,691406,Junior Caminero,Junior,Caminero,13,2003-07-05,23,"6' 1""",220,5,Third Base,R,Right,R,Right,0-4 | K,,4,0,0,0,0,0,0,1,0,0,0,0,4,0,,,,,,,,,,
2026-09-03,822853,,/api/v1.1/game/822853/feed/live,R,2026,2026-09-03,,night,P,N,N,Regular Season,1,4,1,Final,Final,5325,Globe Life Field,140,Texas Rangers,TEX,6,True,139,Tampa Bay Rays,TB,0,False,656876,Drew Rasmussen,Drew,Rasmussen,57,1995-07-27,31,"6' 1""",240,1,Pitcher,R,Right,R,Right,,,,,,,,,,,,,,,,,,,,,,,,,,
2026-09-03,822853,,/api/v1.1/game/822853/feed/live,R,2026,2026-09-03,,night,P,N,N,Regular Season,1,4,1,Final,Final,5325,Globe Life Field,140,Texas Rangers,TEX,6,True,139,Tampa Bay Rays,TB,0,False,656775,Cedric Mullins,Boyce,Mullins,31,1994-10-01,31,"5' 7""",175,8,Outfielder,L,Left,L,Left,0-2 | 2 BB,,2,0,0,0,0,0,0,0,2,0,0,0,4,0,,,,,,,,,,
2026-09-03,823095,,/api/v1.1/game/823095/feed/live,R,2026,2026-09-03,,night,P,N,N,Regular Season,1,4,1,Final,Final,680,T-Mobile Park,136,Seattle Mariners,SEA,4,False,133,Athletics,ATH,7,True,647304,Josh Naylor,Joshua-Douglas,Naylor,12,1997-06-22,29,"5' 10""",235,3,First Base,L,Left,L,Left,0-5 | 2 K,,5,0,0,0,0,0,0,2,0,0,0,0,5,0,,,,,,,,,,
2026-09-03,823095,,/api/v1.1/game/823095/feed/live,R,2026,2026-09-03,,night,P,N,N,Regular Season,1,4,1,Final,Final,680,T-Mobile Park,136,Seattle Mariners,SEA,4,False,133,Athletics,ATH,7,True,702284,Cole Young,Cole,Young,2,2003-07-29,23,"5' 10""",180,4,Second Base,L,Left,R,Right,2-5 | 3 K,,5,2,0,0,0,0,0,3,0,0,0,0,5,2,,,,,,,,,,
2026-09-03,823095,,/api/v1.1/game/823095/feed/live,R,2026,2026-09-03,,night,P,N,N,Regular Season,1,4,1,Final,Final,680,T-Mobile Park,136,Seattle Mariners,SEA,4,False,133,Athletics,ATH,7,True,678606,José A. Ferrer,José,Ferrer,45,2000-03-03,26,"6' 1""",233,1,Pitcher,L,Left,L,Left,,,,,,,,,,,,,,,,,,,,,,,,,,
2026-09-03,823095,,/api/v1.1/game/823095/feed/live,R,2026,2026-09-03,,night,P,N,N,Regular Season,1,4,1,Final,Final,680,T-Mobile Park,136,Seattle Mariners,SEA,4,False,133,Athletics,ATH,7,True,571948,Hoby Milner,Hoby,Milner,41,1991-01-13,35,"6' 3""",187,1,Pitcher,L,Left,L,Left,"1.0 IP, ER, K, 0 BB",,,,,,,,,,,,,,,,1.0,1,2,0,1,0,25,0,0,0
2026-09-03,823095,,/api/v1.1/game/823095/feed/live,R,2026,2026-09-03,,night,P,N,N,Regular Season,1,4,1,Final,Final,680,T-Mobile Park,136,Seattle Mariners,SEA,4,False,133,Athletics,ATH,7,True,703155,Lazaro Montes,Lazaro,Montes,99,2004-10-22,21,"6' 5""",250,9,Outfielder,L,Left,R,Right,"1-5 | 3 K, RBI",,5,1,0,0,0,1,0,3,0,0,0,0,5,1,,,,,,,,,,
2026-09-03,823095,,/api/v1.1/game/823095/feed/live,R,2026,2026-09-03,,night,P,N,N,Regular Season,1,4,1,Final,Final,680,T-Mobile Park,136,Seattle Mariners,SEA,4,False,133,Athletics,ATH,7,True,621074,Michael Rucker,Michael,Rucker,38,1994-04-27,32,"6' 1""",195,1,Pitcher,R,Right,R,Right,,,,,,,,,,,,,,,,,,,,,,,,,,
2026-09-03,823095,,/api/v1.1/game/823095/feed/live,R,2026,2026-09-03,,night,P,N,N,Regular Season,1,4,1,Final,Final,680,T-Mobile Park,136,Seattle Mariners,SEA,4,False,133,Athletics,ATH,7,True,642215,Weston Wilson,Weston,Wilson,31,1994-09-11,31,"6' 3""",215,5,Third Base,R,Right,R,Right,,,,,,,,,,,,,,,,,,,,,,,,,,
2026-09-03,823095,,/api/v1.1/game/823095/feed/live,R,2026,2026-09-03,,night,P,N,N,Regular Season,1,4,1,Final,Final,680,T-Mobile Park,136,Seattle Mariners,SEA,4,False,133,Athletics,ATH,7,True,668227,Randy Arozarena,Randy,Arozarena,56,1995-02-28,31,"5' 10""",185,7,Outfielder,R,Right,R,Right,"1-3 | 2B, BB, HBP",,3,1,1,0,0,0,2,2,1,1,0,0,5,2,,,,,,,,,,
2026-09-03,823095,,/api/v1.1/game/823095/feed/live,R,2026,2026-09-03,,night,P,N,N,Regular Season,1,4,1,Final,Final,680,T-Mobile Park,136,Seattle Mariners,SEA,4,False,133,Athletics,ATH,7,True,641487,J.P. Crawford,John,Crawford,3,1995-01-11,31,"6' 0""",202,6,Shortstop,L,Left,R,Right,1-2 | 3 BB,,2,1,0,0,0,0,0,0,3,0,0,0,5,1,,,,,,,,,,
2026-09-03,823095,,/api/v1.1/game/823095/feed/live,R,2026,2026-09-03,,night,P,N,N,Regular Season,1,4,1,Final,Final,680,T-Mobile Park,136,Seattle Mariners,SEA,4,False,133,Athletics,ATH,7,True,621550,Patrick Wisdom,Patrick,Wisdom,35,1991-08-27,35,"6' 2""",220,5,Third Base,R,Right,R,Right,,,,,,,,,,,,,,,,,,,,,,,,,,
2026-09-03,823095,,/api/v1.1/game/823095/feed/live,R,2026,2026-09-03,,night,P,N,N,Regular Season,1,4,1,Final,Final,680,T-Mobile Park,136,Seattle Mariners,SEA,4,False,133,Athletics,ATH,7,True,621493,Taylor Ward,Joseph,Ward,27,1993-12-14,32,"6' 0""",205,10,Designated Hitter,R,Right,R,Right,0-1 | K,,1,0,0,0,0,0,0,1,0,0,0,0,1,0,,,,,,,,,,
2026-09-03,823095,,/api/v1.1/game/823095/feed/live,R,2026,2026-09-03,,night,P,N,N,Regular Season,1,4,1,Final,Final,680,T-Mobile Park,136,Seattle Mariners,SEA,4,False,133,Athletics,ATH,7,True,686527,Dominic Canzone,Dominic,Canzone,8,1997-08-16,29,"6' 0""",190,10,Designated Hitter,L,Left,R,Right,"1-4 | BB, 2 K",,4,1,0,0,0,0,0,2,1,0,0,0,5,1,,,,,,,,,,
2026-09-03,823095,,/api/v1.1/game/823095/feed/live,R,2026,2026-09-03,,night,P,N,N,Regular Season,1,4,1,Final,Final,680,T-Mobile Park,136,Seattle Mariners,SEA,4,False,133,Athletics,ATH,7,True,663728,Cal Raleigh,Caleb,Raleigh,29,1996-11-26,29,"6' 2""",235,2,Catcher,S,Switch,R,Right,"1-4 | BB, 2 K, RBI",,4,1,0,0,0,1,1,2,1,0,0,0,5,1,,,,,,,,,,
2026-09-03,823095,,/api/v1.1/game/823095/feed/live,R,2026,2026-09-03,,night,P,N,N,Regular Season,1,4,1,Final,Final,680,T-Mobile Park,136,Seattle Mariners,SEA,4,False,133,Athletics,ATH,7,True,640902,Jhonny Pereda,Jhonny,Pereda,5,1996-04-18,30,"6' 1""",202,2,Catcher,R,Right,R,Right,,,,,,,,,,,,,,,,,,,,,,,,,,
2026-09-03,823095,,/api/v1.1/game/823095/feed/live,R,2026,2026-09-03,,night,P,N,N,Regular Season,1,4,1,Final,Final,680,T-Mobile Park,136,Seattle Mariners,SEA,4,False,133,Athletics,ATH,7,True,801126,Brock Rodden,Brock,Rodden,90,2000-05-25,26,"5' 7""",170,6,Shortstop,S,Switch,R,Right,"1-3 | BB, 2 K",,3,1,0,0,0,0,0,2,1,0,0,0,4,1,,,,,,,,,,
2026-09-03,823095,,/api/v1.1/game/823095/feed/live,R,2026,2026-09-03,,night,P,N,N,Regular Season,1,4,1,Final,Final,680,T-Mobile Park,136,Seattle Mariners,SEA,4,False,133,Athletics,ATH,7,True,669302,Logan Gilbert,Logan,Gilbert,36,1997-05-05,29,"6' 6""",215,1,Pitcher,R,Right,R,Right,,,,,,,,,,,,,,,,,,,,,,,,,,
2026-09-03,823095,,/api/v1.1/game/823095/feed/live,R,2026,2026-09-03,,night,P,N,N,Regular Season,1,4,1,Final,Final,680,T-Mobile Park,136,Seattle Mariners,SEA,4,False,133,Athletics,ATH,7,True,693433,Bryan Woo,Bryan,Woo,22,2000-01-30,26,"6' 2""",205,1,Pitcher,R,Right,R,Right,,,,,,,,,,,,,,,,,,,,,,,,,,
2026-09-03,823095,,/api/v1.1/game/823095/feed/live,R,2026,2026-09-03,,night,P,N,N,Regular Season,1,4,1,Final,Final,680,T-Mobile Park,136,Seattle Mariners,SEA,4,False,133,Athletics,ATH,7,True,622554,Seranthony Domínguez,Seranthony,Domínguez,58,1994-11-25,31,"6' 1""",225,1,Pitcher,R,Right,R,Right,,,,,,,,,,,,,,,,,,,,,,,,,,
2026-09-03,823095,,/api/v1.1/game/823095/feed/live,R,2026,2026-09-03,,night,P,N,N,Regular Season,1,4,1,Final,Final,680,T-Mobile Park,136,Seattle Mariners,SEA,4,False,133,Athletics,ATH,7,True,681867,Cooper Criswell,Cooper,Criswell,88,1996-07-24,30,"6' 6""",200,1,Pitcher,R,Right,R,Right,,,,,,,,,,,,,,,,,,,,,,,,,,
2026-09-03,823095,,/api/v1.1/game/823095/feed/live,R,2026,2026-09-03,,night,P,N,N,Regular Season,1,4,1,Final,Final,680,T-Mobile Park,136,Seattle Mariners,SEA,4,False,133,Athletics,ATH,7,True,669923,George Kirby,George,Kirby,68,1998-02-04,28,"6' 4""",215,1,Pitcher,R,Right,R,Right,,,,,,,,,,,,,,,,,,,,,,,,,,
2026-09-03,823095,,/api/v1.1/game/823095/feed/live,R,2026,2026-09-03,,night,P,N,N,Regular Season,1,4,1,Final,Final,680,T-Mobile Park,136,Seattle Mariners,SEA,4,False,133,Athletics,ATH,7,True,662253,Andrés Muñoz,Andrés,Muñoz,75,1999-01-16,27,"6' 2""",222,1,Pitcher,R,Right,R,Right,,,,,,,,,,,,,,,,,,,,,,,,,,
2026-09-03,823095,,/api/v1.1/game/823095/feed/live,R,2026,2026-09-03,,night,P,N,N,Regular Season,1,4,1,Final,Final,680,T-Mobile Park,136,Seattle Mariners,SEA,4,False,133,Athletics,ATH,7,True,642100,Gabe Speier,Gabriel,Speier,55,1995-04-12,31,"5' 11""",200,1,Pitcher,L,Left,L,Left,"1.0 IP, 0 ER, 2 K, 0 BB",,,,,,,,,,,,,,,,1.0,0,0,0,2,0,18,0,0,0
2026-09-03,823095,,/api/v1.1/game/823095/feed/live,R,2026,2026-09-03,,night,P,N,N,Regular Season,1,4,1,Final,Final,680,T-Mobile Park,136,Seattle Mariners,SEA,4,False,133,Athletics,ATH,7,True,677594,Julio Rodríguez,Julio,Rodríguez,44,2000-12-29,25,"6' 4""",228,8,Outfielder,R,Right,R,Right,"1-4 | 2B, BB, K",,4,1,1,0,0,2,1,1,1,3,0,0,5,2,,,,,,,,,,
2026-09-03,823095,,/api/v1.1/game/823095/feed/live,R,2026,2026-09-03,,night,P,N,N,Regular Season,1,4,1,Final,Final,680,T-Mobile Park,136,Seattle Mariners,SEA,4,False,133,Athletics,ATH,7,True,807739,Kade Anderson,Kade,Anderson,13,2004-07-06,22,"6' 2""",179,1,Pitcher,L,Left,L,Left,"5.0 IP, 4 ER, 3 K, 2 BB",,,,,,,,,,,,,,,,5.0,4,7,1,3,2,79,0,1,0
2026-09-03,823095,,/api/v1.1/game/823095/feed/live,R,2026,2026-09-03,,night,P,N,N,Regular Season,1,4,1,Final,Final,680,T-Mobile Park,136,Seattle Mariners,SEA,4,False,133,Athletics,ATH,7,True,682243,Bryce Miller,Bryce,Miller,50,1998-08-23,28,"6' 2""",200,1,Pitcher,R,Right,R,Right,,,,,,,,,,,,,,,,,,,,,,,,,,
2026-09-03,823095,,/api/v1.1/game/823095/feed/live,R,2026,2026-09-03,,night,P,N,N,Regular Season,1,4,1,Final,Final,680,T-Mobile Park,136,Seattle Mariners,SEA,4,False,133,Athletics,ATH,7,True,660825,Eduard Bazardo,Eduard,Bazardo,83,1995-09-01,31,"6' 0""",190,1,Pitcher,R,Right,R,Right,"1.0 IP, ER, 2 K, BB",,,,,,,,,,,,,,,,1.0,1,3,0,2,1,29,0,0,0
2026-09-03,823095,,/api/v1.1/game/823095/feed/live,R,2026,2026-09-03,,night,P,N,N,Regular Season,1,4,1,Final,Final,680,T-Mobile Park,136,Seattle Mariners,SEA,4,False,133,Athletics,ATH,7,True,656413,Stuart Fairchild,Stuart,Fairchild,17,1996-03-17,30,"5' 11""",205,8,Outfielder,R,Right,R,Right,,,,,,,,,,,,,,,,,,,,,,,,,,
2026-09-03,823095,,/api/v1.1/game/823095/feed/live,R,2026,2026-09-03,,night,P,N,N,Regular Season,1,4,1,Final,Final,680,T-Mobile Park,136,Seattle Mariners,SEA,4,False,133,Athletics,ATH,7,True,672841,Carlos Vargas,Carlos ,Vargas,54,1999-10-13,26,"6' 4""",210,1,Pitcher,R,Right,R,Right,"1.0 IP, ER, 0 K, 0 BB",,,,,,,,,,,,,,,,1.0,1,2,1,0,0,17,0,0,0
2026-09-03,823095,,/api/v1.1/game/823095/feed/live,R,2026,2026-09-03,,night,P,N,N,Regular Season,1,4,1,Final,Final,680,T-Mobile Park,136,Seattle Mariners,SEA,4,False,133,Athletics,ATH,7,True,671732,Lawrence Butler,Lawrence,Butler,4,2000-07-10,26,"6' 3""",210,9,Outfielder,L,Left,R,Right,"2-5 | 2 K, 2 RBI",,5,2,0,0,0,2,0,2,0,0,0,0,5,2,,,,,,,,,,
2026-09-03,823095,,/api/v1.1/game/823095/feed/live,R,2026,2026-09-03,,night,P,N,N,Regular Season,1,4,1,Final,Final,680,T-Mobile Park,136,Seattle Mariners,SEA,4,False,133,Athletics,ATH,7,True,641680,Jonah Heim,Jonah,Heim,15,1995-06-27,31,"6' 4""",220,2,Catcher,S,Switch,R,Right,"1-5 | 2B, R",,5,1,1,0,0,0,1,0,0,0,0,0,5,2,,,,,,,,,,
2026-09-03,823095,,/api/v1.1/game/823095/feed/live,R,2026,2026-09-03,,night,P,N,N,Regular Season,1,4,1,Final,Final,680,T-Mobile Park,136,Seattle Mariners,SEA,4,False,133,Athletics,ATH,7,True,695720,Tommy White,Thomas,White,47,2003-03-02,23,"6' 0""",220,5,Third Base,R,Right,R,Right,,,,,,,,,,,,,,,,,,,,,,,,,,
2026-09-03,823095,,/api/v1.1/game/823095/feed/live,R,2026,2026-09-03,,night,P,N,N,Regular Season,1,4,1,Final,Final,680,T-Mobile Park,136,Seattle Mariners,SEA,4,False,133,Athletics,ATH,7,True,622268,Donovan Walton,Donovan,Walton,29,1994-05-25,32,"5' 9""",190,4,Second Base,L,Left,R,Right,"1-1 | HR, BB, RBI",,1,1,0,0,1,1,1,0,1,0,0,0,2,4,,,,,,,,,,
2026-09-03,823095,,/api/v1.1/game/823095/feed/live,R,2026,2026-09-03,,night,P,N,N,Regular Season,1,4,1,Final,Final,680,T-Mobile Park,136,Seattle Mariners,SEA,4,False,133,Athletics,ATH,7,True,669372,J.T. Ginn,John,Ginn,35,1999-05-20,27,"6' 2""",200,1,Pitcher,R,Right,R,Right,,,,,,,,,,,,,,,,,,,,,,,,,,
2026-09-03,823095,,/api/v1.1/game/823095/feed/live,R,2026,2026-09-03,,night,P,N,N,Regular Season,1,4,1,Final,Final,680,T-Mobile Park,136,Seattle Mariners,SEA,4,False,133,Athletics,ATH,7,True,680869,Zack Gelof,Zachary,Gelof,20,1999-10-19,26,"6' 2""",205,5,Third Base,R,Right,R,Right,"2-5 | HR, K, RBI",,5,2,0,0,1,1,2,1,0,1,0,1,5,5,,,,,,,,,,
2026-09-03,823095,,/api/v1.1/game/823095/feed/live,R,2026,2026-09-03,,night,P,N,N,Regular Season,1,4,1,Final,Final,680,T-Mobile Park,136,Seattle Mariners,SEA,4,False,133,Athletics,ATH,7,True,688297,Chris Roycroft,Chris,Roycroft,56,1997-06-21,29,"6' 8""",230,1,Pitcher,R,Right,R,Right,"1.2 IP, ER, 2 K, BB",,,,,,,,,,,,,,,,1.2,1,3,0,2,1,39,0,0,0
2026-09-03,823095,,/api/v1.1/game/823095/feed/live,R,2026,2026-09-03,,night,P,N,N,Regular Season,1,4,1,Final,Final,680,T-Mobile Park,136,Seattle Mariners,SEA,4,False,133,Athletics,ATH,7,True,683021,Michael Stefanic,Michael,Stefanic,17,1996-02-24,30,"5' 9""",180,4,Second Base,R,Right,R,Right,1-2,,2,1,0,0,0,0,0,0,0,0,0,0,2,1,,,,,,,,,,
2026-09-03,823095,,/api/v1.1/game/823095/feed/live,R,2026,2026-09-03,,night,P,N,N,Regular Season,1,4,1,Final,Final,680,T-Mobile Park,136,Seattle Mariners,SEA,4,False,133,Athletics,ATH,7,True,643446,Jeff McNeil,Jeffrey,McNeil,22,1992-04-08,34,"6' 0""",195,4,Second Base,L,Left,R,Right,"2-4 | 2B, BB, RBI",,4,2,1,0,0,1,2,0,1,0,0,0,5,3,,,,,,,,,,
2026-09-03,823095,,/api/v1.1/game/823095/feed/live,R,2026,2026-09-03,,night,P,N,N,Regular Season,1,4,1,Final,Final,680,T-Mobile Park,136,Seattle Mariners,SEA,4,False,133,Athletics,ATH,7,True,664129,Geoff Hartlieb,Geoffery,Hartlieb,31,1993-12-09,32,"6' 5""",240,1,Pitcher,R,Right,R,Right,,,,,,,,,,,,,,,,,,,,,,,,,,
2026-09-03,823095,,/api/v1.1/game/823095/feed/live,R,2026,2026-09-03,,night,P,N,N,Regular Season,1,4,1,Final,Final,680,T-Mobile Park,136,Seattle Mariners,SEA,4,False,133,Athletics,ATH,7,True,661531,Brian Serven,Brian,Serven,10,1995-05-05,31,"6' 0""",207,2,Catcher,R,Right,R,Right,"1-4 | HBP, 2 K",,4,1,0,0,0,0,0,2,0,0,0,0,5,1,,,,,,,,,,
2026-09-03,823095,,/api/v1.1/game/823095/feed/live,R,2026,2026-09-03,,night,P,N,N,Regular Season,1,4,1,Final,Final,680,T-Mobile Park,136,Seattle Mariners,SEA,4,False,133,Athletics,ATH,7,True,666126,Carlos Cortes,Carlos,Cortes,26,1997-06-30,29,"5' 7""",197,9,Outfielder,L,Left,S,Switch,,,,,,,,,,,,,,,,,,,,,,,,,,
2026-09-03,823095,,/api/v1.1/game/823095/feed/live,R,2026,2026-09-03,,night,P,N,N,Regular Season,1,4,1,Final,Final,680,T-Mobile Park,136,Seattle Mariners,SEA,4,False,133,Athletics,ATH,7,True,656240,Scott Blewett,Scott,Blewett,49,1996-04-10,30,"6' 6""",245,1,Pitcher,R,Right,R,Right,"2.0 IP, 0 ER, 4 K, 0 BB",,,,,,,,,,,,,,,,2.0,0,2,0,4,0,27,1,0,0
2026-09-03,823095,,/api/v1.1/game/823095/feed/live,R,2026,2026-09-03,,night,P,N,N,Regular Season,1,4,1,Final,Final,680,T-Mobile Park,136,Seattle Mariners,SEA,4,False,133,Athletics,ATH,7,True,682052,Jacob Lopez,Jacob,Lopez,57,1998-03-11,28,"6' 4""",220,1,Pitcher,L,Left,L,Left,,,,,,,,,,,,,,,,,,,,,,,,,,
2026-09-03,823095,,/api/v1.1/game/823095/feed/live,R,2026,2026-09-03,,night,P,N,N,Regular Season,1,4,1,Final,Final,680,T-Mobile Park,136,Seattle Mariners,SEA,4,False,133,Athletics,ATH,7,True,675961,Alika Williams,Alexander,Williams,12,1999-03-12,27,"6' 1""",183,6,Shortstop,R,Right,R,Right,1-4 | K,,4,1,0,0,0,0,0,1,0,0,0,1,4,1,,,,,,,,,,
2026-09-03,823095,,/api/v1.1/game/823095/feed/live,R,2026,2026-09-03,,night,P,N,N,Regular Season,1,4,1,Final,Final,680,T-Mobile Park,136,Seattle Mariners,SEA,4,False,133,Athletics,ATH,7,True,691777,Max Muncy,Maxwell,Muncy,3,2002-08-25,24,"6' 0""",180,5,Third Base,R,Right,R,Right,"1-4 | K, RBI",,4,1,0,0,0,1,0,1,0,0,0,0,4,1,,,,,,,,,,
2026-09-03,823095,,/api/v1.1/game/823095/feed/live,R,2026,2026-09-03,,night,P,N,N,Regular Season,1,4,1,Final,Final,680,T-Mobile Park,136,Seattle Mariners,SEA,4,False,133,Athletics,ATH,7,True,672016,Denzel Clarke,Denzel,Clarke,1,2000-05-01,26,"6' 3""",220,8,Outfielder,R,Right,R,Right,,,,,,,,,,,,,,,,,,,,,,,,,,
2026-09-03,823095,,/api/v1.1/game/823095/feed/live,R,2026,2026-09-03,,night,P,N,N,Regular Season,1,4,1,Final,Final,680,T-Mobile Park,136,Seattle Mariners,SEA,4,False,133,Athletics,ATH,7,True,669620,Brady Basso,Brady,Basso,66,1997-10-08,28,"6' 2""",213,1,Pitcher,R,Right,L,Left,,,,,,,,,,,,,,,,,,,,,,,,,,
2026-09-03,823095,,/api/v1.1/game/823095/feed/live,R,2026,2026-09-03,,night,P,N,N,Regular Season,1,4,1,Final,Final,680,T-Mobile Park,136,Seattle Mariners,SEA,4,False,133,Athletics,ATH,7,True,695611,Gage Jump,Gage,Jump,61,2003-04-12,23,"6' 0""",200,1,Pitcher,L,Left,L,Left,,,,,,,,,,,,,,,,,,,,,,,,,,
2026-09-03,823095,,/api/v1.1/game/823095/feed/live,R,2026,2026-09-03,,night,P,N,N,Regular Season,1,4,1,Final,Final,680,T-Mobile Park,136,Seattle Mariners,SEA,4,False,133,Athletics,ATH,7,True,665660,Elvis Alvarado,Elvis,Alvarado,37,1999-02-23,27,"6' 6""",253,1,Pitcher,R,Right,R,Right,,,,,,,,,,,,,,,,,,,,,,,,,,
2026-09-03,823095,,/api/v1.1/game/823095/feed/live,R,2026,2026-09-03,,night,P,N,N,Regular Season,1,4,1,Final,Final,680,T-Mobile Park,136,Seattle Mariners,SEA,4,False,133,Athletics,ATH,7,True,687231,Darell Hernaiz,Darell,Hernaiz,2,2001-08-03,25,"5' 11""",190,6,Shortstop,R,Right,R,Right,0-1 | K,,1,0,0,0,0,0,0,1,0,0,0,0,1,0,,,,,,,,,,
2026-09-03,823095,,/api/v1.1/game/823095/feed/live,R,2026,2026-09-03,,night,P,N,N,Regular Season,1,4,1,Final,Final,680,T-Mobile Park,136,Seattle Mariners,SEA,4,False,133,Athletics,ATH,7,True,695034,Kade Morris,Kade,Morris,67,2002-06-21,24,"6' 3""",190,1,Pitcher,R,Right,R,Right,,,,,,,,,,,,,,,,,,,,,,,,,,
2026-09-03,823095,,/api/v1.1/game/823095/feed/live,R,2026,2026-09-03,,night,P,N,N,Regular Season,1,4,1,Final,Final,680,T-Mobile Park,136,Seattle Mariners,SEA,4,False,133,Athletics,ATH,7,True,663687,Hogan Harris,Hogan,Harris,36,1996-12-26,29,"6' 3""",230,1,Pitcher,R,Right,L,Left,"1.0 IP, 0 ER, 2 K, 0 BB",,,,,,,,,,,,,,,,1.0,0,0,0,2,0,14,0,0,1
2026-09-03,823095,,/api/v1.1/game/823095/feed/live,R,2026,2026-09-03,,night,P,N,N,Regular Season,1,4,1,Final,Final,680,T-Mobile Park,136,Seattle Mariners,SEA,4,False,133,Athletics,ATH,7,True,665622,Luis Medina,Luis,Medina,46,1999-05-03,27,"6' 1""",175,1,Pitcher,R,Right,R,Right,"1.1 IP, 0 ER, 3 K, 2 BB",,,,,,,,,,,,,,,,1.1,0,0,0,3,2,34,0,0,0
2026-09-03,823095,,/api/v1.1/game/823095/feed/live,R,2026,2026-09-03,,night,P,N,N,Regular Season,1,4,1,Final,Final,680,T-Mobile Park,136,Seattle Mariners,SEA,4,False,133,Athletics,ATH,7,True,703607,Henry Bolte,Henry,Bolte,33,2003-08-04,23,"6' 3""",195,8,Outfielder,R,Right,R,Right,"2-4 | BB, R",,4,2,0,0,0,0,1,0,1,0,0,0,5,2,,,,,,,,,,
2026-09-03,823095,,/api/v1.1/game/823095/feed/live,R,2026,2026-09-03,,night,P,N,N,Regular Season,1,4,1,Final,Final,680,T-Mobile Park,136,Seattle Mariners,SEA,4,False,133,Athletics,ATH,7,True,814305,Yunior Tur,Yunior,Tur,70,1999-08-09,27,"6' 6""",208,1,Pitcher,R,Right,R,Right,,,,,,,,,,,,,,,,,,,,,,,,,,
2026-09-03,823095,,/api/v1.1/game/823095/feed/live,R,2026,2026-09-03,,night,P,N,N,Regular Season,1,4,1,Final,Final,680,T-Mobile Park,136,Seattle Mariners,SEA,4,False,133,Athletics,ATH,7,True,678022,Jack Perkins,Jackson,Perkins,50,1999-12-26,26,"6' 1""",220,1,Pitcher,R,Right,R,Right,"3.0 IP, 3 ER, 7 K, 5 BB",,,,,,,,,,,,,,,,3.0,3,4,0,7,5,86,0,0,0
2026-09-03,823095,,/api/v1.1/game/823095/feed/live,R,2026,2026-09-03,,night,P,N,N,Regular Season,1,4,1,Final,Final,680,T-Mobile Park,136,Seattle Mariners,SEA,4,False,133,Athletics,ATH,7,True,605488,Jeffrey Springs,Jeffrey,Springs,59,1992-09-20,33,"6' 3""",218,1,Pitcher,L,Left,L,Left,,,,,,,,,,,,,,,,,,,,,,,,,,
2026-09-03,823907,,/api/v1.1/game/823907/feed/live,R,2026,2026-09-03,,night,P,N,N,Regular Season,3,3,1,Final,Final,22,UNIQLO Field at Dodger Stadium,119,Los Angeles Dodgers,LAD,3,True,138,St. Louis Cardinals,STL,2,False,669257,Will Smith,William,Smith,16,1995-03-28,31,"5' 10""",195,2,Catcher,R,Right,R,Right,"0-3 | BB, K",,3,0,0,0,0,0,0,1,1,0,0,0,4,0,,,,,,,,,,
2026-09-03,823907,,/api/v1.1/game/823907/feed/live,R,2026,2026-09-03,,night,P,N,N,Regular Season,3,3,1,Final,Final,22,UNIQLO Field at Dodger Stadium,119,Los Angeles Dodgers,LAD,3,True,138,St. Louis Cardinals,STL,2,False,687221,Dalton Rushing,Dalton,Rushing,68,2001-02-21,25,"6' 0""",220,2,Catcher,L,Left,R,Right,0-2 | 2 K,,2,0,0,0,0,0,0,2,0,0,0,0,2,0,,,,,,,,,,
2026-09-03,823907,,/api/v1.1/game/823907/feed/live,R,2026,2026-09-03,,night,P,N,N,Regular Season,3,3,1,Final,Final,22,UNIQLO Field at Dodger Stadium,119,Los Angeles Dodgers,LAD,3,True,138,St. Louis Cardinals,STL,2,False,669373,Tarik Skubal,Tarik,Skubal,29,1996-11-20,29,"6' 3""",240,1,Pitcher,R,Right,L,Left,"5.2 IP, 2 ER, 6 K, BB",,,,,,,,,,,,,,,,5.2,2,10,0,6,1,102,0,0,0
2026-09-03,823907,,/api/v1.1/game/823907/feed/live,R,2026,2026-09-03,,night,P,N,N,Regular Season,3,3,1,Final,Final,22,UNIQLO Field at Dodger Stadium,119,Los Angeles Dodgers,LAD,3,True,138,St. Louis Cardinals,STL,2,False,607192,Tyler Glasnow,Tyler,Glasnow,31,1993-08-23,33,"6' 8""",225,1,Pitcher,L,Left,R,Right,,,,,,,,,,,,,,,,,,,,,,,,,,
2026-09-03,823907,,/api/v1.1/game/823907/feed/live,R,2026,2026-09-03,,night,P,N,N,Regular Season,3,3,1,Final,Final,22,UNIQLO Field at Dodger Stadium,119,Los Angeles Dodgers,LAD,3,True,138,St. Louis Cardinals,STL,2,False,681911,Alex Vesia,Alexander,Vesia,51,1996-04-11,30,"6' 1""",209,1,Pitcher,L,Left,L,Left,"1.1 IP, 0 ER, 2 K, 0 BB",,,,,,,,,,,,,,,,1.1,0,1,0,2,0,18,0,0,0
2026-09-03,823907,,/api/v1.1/game/823907/feed/live,R,2026,2026-09-03,,night,P,N,N,Regular Season,3,3,1,Final,Final,22,UNIQLO Field at Dodger Stadium,119,Los Angeles Dodgers,LAD,3,True,138,St. Louis Cardinals,STL,2,False,663656,Kyle Tucker,Kyle,Tucker,23,1997-01-17,29,"6' 3""",212,9,Outfielder,L,Left,R,Right,"0-3 | BB, K",,3,0,0,0,0,0,0,1,1,0,0,0,4,0,,,,,,,,,,
2026-09-03,823907,,/api/v1.1/game/823907/feed/live,R,2026,2026-09-03,,night,P,N,N,Regular Season,3,3,1,Final,Final,22,UNIQLO Field at Dodger Stadium,119,Los Angeles Dodgers,LAD,3,True,138,St. Louis Cardinals,STL,2,False,571771,Enrique Hernández,Enrique,Hernández,8,1991-08-24,35,"5' 10""",195,3,First Base,R,Right,R,Right,0-2,,2,0,0,0,0,0,0,0,0,0,0,0,2,0,,,,,,,,,,
2026-09-03,823907,,/api/v1.1/game/823907/feed/live,R,2026,2026-09-03,,night,P,N,N,Regular Season,3,3,1,Final,Final,22,UNIQLO Field at Dodger Stadium,119,Los Angeles Dodgers,LAD,3,True,138,St. Louis Cardinals,STL,2,False,571970,Max Muncy,Maxwell,Muncy,13,1990-08-25,36,"5' 10""",215,5,Third Base,L,Left,R,Right,0-1 | BB,,1,0,0,0,0,0,0,0,1,0,0,0,2,0,,,,,,,,,,
2026-09-03,823907,,/api/v1.1/game/823907/feed/live,R,2026,2026-09-03,,night,P,N,N,Regular Season,3,3,1,Final,Final,22,UNIQLO Field at Dodger Stadium,119,Los Angeles Dodgers,LAD,3,True,138,St. Louis Cardinals,STL,2,False,518692,Freddie Freeman,Frederick,Freeman,5,1989-09-12,36,"6' 4""",220,3,First Base,L,Left,R,Right,0-4 | K,,4,0,0,0,0,0,0,1,0,0,0,0,4,0,,,,,,,,,,
2026-09-03,823907,,/api/v1.1/game/823907/feed/live,R,2026,2026-09-03,,night,P,N,N,Regular Season,3,3,1,Final,Final,22,UNIQLO Field at Dodger Stadium,119,Los Angeles Dodgers,LAD,3,True,138,St. Louis Cardinals,STL,2,False,683618,Edgardo Henriquez,Edgardo,Henriquez,60,2002-06-24,24,"6' 4""",200,1,Pitcher,R,Right,R,Right,"0.1 IP, 0 ER, K, 0 BB",,,,,,,,,,,,,,,,0.1,0,0,0,1,0,6,0,0,0
2026-09-03,823907,,/api/v1.1/game/823907/feed/live,R,2026,2026-09-03,,night,P,N,N,Regular Season,3,3,1,Final,Final,22,UNIQLO Field at Dodger Stadium,119,Los Angeles Dodgers,LAD,3,True,138,St. Louis Cardinals,STL,2,False,656945,Tanner Scott,Tanner,Scott,66,1994-07-22,32,"6' 0""",235,1,Pitcher,R,Right,L,Left,,,,,,,,,,,,,,,,,,,,,,,,,,
2026-09-03,823907,,/api/v1.1/game/823907/feed/live,R,2026,2026-09-03,,night,P,N,N,Regular Season,3,3,1,Final,Final,22,UNIQLO Field at Dodger Stadium,119,Los Angeles Dodgers,LAD,3,True,138,St. Louis Cardinals,STL,2,False,676439,Hunter Feduccia,Hunter,Feduccia,46,1997-06-05,29,"6' 1""",215,2,Catcher,L,Left,R,Right,,,,,,,,,,,,,,,,,,,,,,,,,,
2026-09-03,823907,,/api/v1.1/game/823907/feed/live,R,2026,2026-09-03,,night,P,N,N,Regular Season,3,3,1,Final,Final,22,UNIQLO Field at Dodger Stadium,119,Los Angeles Dodgers,LAD,3,True,138,St. Louis Cardinals,STL,2,False,669242,Tommy Edman,Thomas,Edman,25,1995-05-09,31,"5' 10""",193,4,Second Base,S,Switch,R,Right,"4-5 | 2B, K, 2 R",,5,4,1,0,0,0,2,1,0,1,0,0,5,5,,,,,,,,,,
2026-09-03,823907,,/api/v1.1/game/823907/feed/live,R,2026,2026-09-03,,night,P,N,N,Regular Season,3,3,1,Final,Final,22,UNIQLO Field at Dodger Stadium,119,Los Angeles Dodgers,LAD,3,True,138,St. Louis Cardinals,STL,2,False,669165,Kyle Hurt,Kyle,Hurt,63,1998-05-30,28,"6' 3""",240,1,Pitcher,R,Right,R,Right,,,,,,,,,,,,,,,,,,,,,,,,,,
2026-09-03,823907,,/api/v1.1/game/823907/feed/live,R,2026,2026-09-03,,night,P,N,N,Regular Season,3,3,1,Final,Final,22,UNIQLO Field at Dodger Stadium,119,Los Angeles Dodgers,LAD,3,True,138,St. Louis Cardinals,STL,2,False,660271,Shohei Ohtani,Shohei,Ohtani,17,1994-07-05,32,"6' 4""",210,Y,Two-Way Player,L,Left,R,Right,,,,,,,,,,,,,,,,,,,,,,,,,,
2026-09-03,823907,,/api/v1.1/game/823907/feed/live,R,2026,2026-09-03,,night,P,N,N,Regular Season,3,3,1,Final,Final,22,UNIQLO Field at Dodger Stadium,119,Los Angeles Dodgers,LAD,3,True,138,St. Louis Cardinals,STL,2,False,680736,Justin Wrobleski,Justin,Wrobleski,70,2000-07-14,26,"6' 1""",194,1,Pitcher,L,Left,L,Left,,,,,,,,,,,,,,,,,,,,,,,,,,
2026-09-03,823907,,/api/v1.1/game/823907/feed/live,R,2026,2026-09-03,,night,P,N,N,Regular Season,3,3,1,Final,Final,22,UNIQLO Field at Dodger Stadium,119,Los Angeles Dodgers,LAD,3,True,138,St. Louis Cardinals,STL,2,False,606192,Teoscar Hernández,Teoscar,Hernández,37,1992-10-15,33,"6' 0""",215,7,Outfielder,R,Right,R,Right,"2-3 | 2B, 2 BB, 2 RBI",,3,2,1,0,0,2,0,0,2,0,0,0,5,3,,,,,,,,,,
2026-09-03,823907,,/api/v1.1/game/823907/feed/live,R,2026,2026-09-03,,night,P,N,N,Regular Season,3,3,1,Final,Final,22,UNIQLO Field at Dodger Stadium,119,Los Angeles Dodgers,LAD,3,True,138,St. Louis Cardinals,STL,2,False,623465,Evan Phillips,Evan,Phillips,59,1994-09-11,31,"6' 2""",215,1,Pitcher,R,Right,R,Right,"1.0 IP, 0 ER, K, 0 BB",,,,,,,,,,,,,,,,1.0,0,1,0,1,0,21,0,0,0
2026-09-03,823907,,/api/v1.1/game/823907/feed/live,R,2026,2026-09-03,,night,P,N,N,Regular Season,3,3,1,Final,Final,22,UNIQLO Field at Dodger Stadium,119,Los Angeles Dodgers,LAD,3,True,138,St. Louis Cardinals,STL,2,False,605141,Mookie Betts,Markus,Betts,50,1992-10-07,33,"5' 9""",180,6,Shortstop,R,Right,R,Right,"0-3 | 2 BB, K, R",,3,0,0,0,0,0,1,1,2,0,0,0,5,0,,,,,,,,,,
2026-09-03,823907,,/api/v1.1/game/823907/feed/live,R,2026,2026-09-03,,night,P,N,N,Regular Season,3,3,1,Final,Final,22,UNIQLO Field at Dodger Stadium,119,Los Angeles Dodgers,LAD,3,True,138,St. Louis Cardinals,STL,2,False,669743,Alex Call,Alex,Call,12,1994-09-27,31,"5' 11""",189,7,Outfielder,R,Right,R,Right,"0-1 | BB, K",,1,0,0,0,0,0,0,1,1,0,0,0,2,0,,,,,,,,,,
2026-09-03,823907,,/api/v1.1/game/823907/feed/live,R,2026,2026-09-03,,night,P,N,N,Regular Season,3,3,1,Final,Final,22,UNIQLO Field at Dodger Stadium,119,Los Angeles Dodgers,LAD,3,True,138,St. Louis Cardinals,STL,2,False,605483,Blake Snell,Blake,Snell,7,1992-12-04,33,"6' 4""",225,1,Pitcher,L,Left,L,Left,,,,,,,,,,,,,,,,,,,,,,,,,,
2026-09-03,823907,,/api/v1.1/game/823907/feed/live,R,2026,2026-09-03,,night,P,N,N,Regular Season,3,3,1,Final,Final,22,UNIQLO Field at Dodger Stadium,119,Los Angeles Dodgers,LAD,3,True,138,St. Louis Cardinals,STL,2,False,592779,Brock Stewart,Brock,Stewart,41,1991-10-03,34,"6' 3""",220,1,Pitcher,L,Left,R,Right,"0.2 IP, 0 ER, 0 K, 0 BB",,,,,,,,,,,,,,,,0.2,0,0,0,0,0,8,1,0,0
2026-09-03,823907,,/api/v1.1/game/823907/feed/live,R,2026,2026-09-03,,night,P,N,N,Regular Season,3,3,1,Final,Final,22,UNIQLO Field at Dodger Stadium,119,Los Angeles Dodgers,LAD,3,True,138,St. Louis Cardinals,STL,2,False,500743,Miguel Rojas,Miguel,Rojas,72,1989-02-24,37,"5' 10""",188,4,Second Base,R,Right,R,Right,0-2,,2,0,0,0,0,0,0,0,0,0,0,0,2,0,,,,,,,,,,
2026-09-03,823907,,/api/v1.1/game/823907/feed/live,R,2026,2026-09-03,,night,P,N,N,Regular Season,3,3,1,Final,Final,22,UNIQLO Field at Dodger Stadium,119,Los Angeles Dodgers,LAD,3,True,138,St. Louis Cardinals,STL,2,False,676263,Jack Dreyer,Jacob,Dreyer,86,1999-02-27,27,"6' 2""",205,1,Pitcher,R,Right,L,Left,,,,,,,,,,,,,,,,,,,,,,,,,,
2026-09-03,823907,,/api/v1.1/game/823907/feed/live,R,2026,2026-09-03,,night,P,N,N,Regular Season,3,3,1,Final,Final,22,UNIQLO Field at Dodger Stadium,119,Los Angeles Dodgers,LAD,3,True,138,St. Louis Cardinals,STL,2,False,678020,Seth Halvorsen,Seth,Halvorsen,56,2000-02-18,26,"6' 2""",243,1,Pitcher,R,Right,R,Right,,,,,,,,,,,,,,,,,,,,,,,,,,
2026-09-03,823907,,/api/v1.1/game/823907/feed/live,R,2026,2026-09-03,,night,P,N,N,Regular Season,3,3,1,Final,Final,22,UNIQLO Field at Dodger Stadium,119,Los Angeles Dodgers,LAD,3,True,138,St. Louis Cardinals,STL,2,False,595014,Blake Treinen,Blake,Treinen,49,1988-06-30,38,"6' 5""",225,1,Pitcher,R,Right,R,Right,,,,,,,,,,,,,,,,,,,,,,,,,,
2026-09-03,823907,,/api/v1.1/game/823907/feed/live,R,2026,2026-09-03,,night,P,N,N,Regular Season,3,3,1,Final,Final,22,UNIQLO Field at Dodger Stadium,119,Los Angeles Dodgers,LAD,3,True,138,St. Louis Cardinals,STL,2,False,690976,Alex Freeland,Alexander,Freeland,76,2001-08-24,25,"5' 11""",200,4,Second Base,S,Switch,R,Right,0-2,,2,0,0,0,0,0,0,0,0,0,0,0,2,0,,,,,,,,,,
2026-09-03,823907,,/api/v1.1/game/823907/feed/live,R,2026,2026-09-03,,night,P,N,N,Regular Season,3,3,1,Final,Final,22,UNIQLO Field at Dodger Stadium,119,Los Angeles Dodgers,LAD,3,True,138,St. Louis Cardinals,STL,2,False,808967,Yoshinobu Yamamoto,Yoshinobu,Yamamoto,18,1998-08-17,28,"5' 10""",176,1,Pitcher,R,Right,R,Right,,,,,,,,,,,,,,,,,,,,,,,,,,
2026-09-03,823907,,/api/v1.1/game/823907/feed/live,R,2026,2026-09-03,,night,P,N,N,Regular Season,3,3,1,Final,Final,22,UNIQLO Field at Dodger Stadium,119,Los Angeles Dodgers,LAD,3,True,138,St. Louis Cardinals,STL,2,False,700241,Michael McGreevy,Michael,McGreevy,36,2000-07-08,26,"6' 4""",220,1,Pitcher,L,Left,R,Right,,,,,,,,,,,,,,,,,,,,,,,,,,
2026-09-03,823907,,/api/v1.1/game/823907/feed/live,R,2026,2026-09-03,,night,P,N,N,Regular Season,3,3,1,Final,Final,22,UNIQLO Field at Dodger Stadium,119,Los Angeles Dodgers,LAD,3,True,138,St. Louis Cardinals,STL,2,False,669357,Nolan Gorman,Nolan,Gorman,16,2000-05-10,26,"6' 0""",225,5,Third Base,L,Left,R,Right,,,,,,,,,,,,,,,,,,,,,,,,,,
2026-09-03,823907,,/api/v1.1/game/823907/feed/live,R,2026,2026-09-03,,night,P,N,N,Regular Season,3,3,1,Final,Final,22,UNIQLO Field at Dodger Stadium,119,Los Angeles Dodgers,LAD,3,True,138,St. Louis Cardinals,STL,2,False,691023,Jordan Walker,Jordan,Walker,18,2002-05-22,24,"6' 6""",250,9,Outfielder,R,Right,R,Right,"2-4 | 2B, 2 K",,4,2,1,0,0,0,0,2,0,0,0,0,4,3,,,,,,,,,,
2026-09-03,823907,,/api/v1.1/game/823907/feed/live,R,2026,2026-09-03,,night,P,N,N,Regular Season,3,3,1,Final,Final,22,UNIQLO Field at Dodger Stadium,119,Los Angeles Dodgers,LAD,3,True,138,St. Louis Cardinals,STL,2,False,663494,Bryan Torres,Bryan,Torres,39,1997-07-02,29,"5' 7""",165,7,Outfielder,L,Left,R,Right,,,,,,,,,,,,,,,,,,,,,,,,,,
2026-09-03,823907,,/api/v1.1/game/823907/feed/live,R,2026,2026-09-03,,night,P,N,N,Regular Season,3,3,1,Final,Final,22,UNIQLO Field at Dodger Stadium,119,Los Angeles Dodgers,LAD,3,True,138,St. Louis Cardinals,STL,2,False,687363,Victor Scott II,Victor,Scott,11,2001-02-12,25,"5' 10""",190,8,Outfielder,L,Left,L,Left,0-0,,0,0,0,0,0,0,0,0,0,0,0,0,0,0,,,,,,,,,,
2026-09-03,823907,,/api/v1.1/game/823907/feed/live,R,2026,2026-09-03,,night,P,N,N,Regular Season,3,3,1,Final,Final,22,UNIQLO Field at Dodger Stadium,119,Los Angeles Dodgers,LAD,3,True,138,St. Louis Cardinals,STL,2,False,701675,Nathan Church,Nathan,Church,27,2000-07-12,26,"5' 10""",180,8,Outfielder,L,Left,L,Left,"1-4 | K, CS",,4,1,0,0,0,0,0,1,0,0,1,0,4,1,,,,,,,,,,
2026-09-03,823907,,/api/v1.1/game/823907/feed/live,R,2026,2026-09-03,,night,P,N,N,Regular Season,3,3,1,Final,Final,22,UNIQLO Field at Dodger Stadium,119,Los Angeles Dodgers,LAD,3,True,138,St. Louis Cardinals,STL,2,False,681517,Kyle Leahy,Kyle,Leahy,62,1997-06-04,29,"6' 5""",225,1,Pitcher,S,Switch,R,Right,,,,,,,,,,,,,,,,,,,,,,,,,,
2026-09-03,823907,,/api/v1.1/game/823907/feed/live,R,2026,2026-09-03,,night,P,N,N,Regular Season,3,3,1,Final,Final,22,UNIQLO Field at Dodger Stadium,119,Los Angeles Dodgers,LAD,3,True,138,St. Louis Cardinals,STL,2,False,665877,José Fermín,José,Fermín,15,1999-03-29,27,"5' 10""",198,7,Outfielder,R,Right,R,Right,"1-5 | K, R",,5,1,0,0,0,0,1,1,0,0,0,0,5,1,,,,,,,,,,
2026-09-03,823907,,/api/v1.1/game/823907/feed/live,R,2026,2026-09-03,,night,P,N,N,Regular Season,3,3,1,Final,Final,22,UNIQLO Field at Dodger Stadium,119,Los Angeles Dodgers,LAD,3,True,138,St. Louis Cardinals,STL,2,False,685464,Cade Winquest,Cade,Winquest,63,2000-04-30,26,"6' 1""",217,1,Pitcher,R,Right,R,Right,"1.0 IP, 0 ER, K, 0 BB",,,,,,,,,,,,,,,,1.0,0,0,0,1,0,13,0,0,0
2026-09-03,823907,,/api/v1.1/game/823907/feed/live,R,2026,2026-09-03,,night,P,N,N,Regular Season,3,3,1,Final,Final,22,UNIQLO Field at Dodger Stadium,119,Los Angeles Dodgers,LAD,3,True,138,St. Louis Cardinals,STL,2,False,681676,Ryan Fernandez,Ryan,Fernandez,64,1998-06-11,28,"6' 0""",200,1,Pitcher,R,Right,R,Right,,,,,,,,,,,,,,,,,,,,,,,,,,
2026-09-03,823907,,/api/v1.1/game/823907/feed/live,R,2026,2026-09-03,,night,P,N,N,Regular Season,3,3,1,Final,Final,22,UNIQLO Field at Dodger Stadium,119,Los Angeles Dodgers,LAD,3,True,138,St. Louis Cardinals,STL,2,False,700669,Gordon Graceffo,Gordon,Graceffo,44,2000-03-17,26,"6' 4""",220,1,Pitcher,R,Right,R,Right,,,,,,,,,,,,,,,,,,,,,,,,,,
2026-09-03,823907,,/api/v1.1/game/823907/feed/live,R,2026,2026-09-03,,night,P,N,N,Regular Season,3,3,1,Final,Final,22,UNIQLO Field at Dodger Stadium,119,Los Angeles Dodgers,LAD,3,True,138,St. Louis Cardinals,STL,2,False,677865,Justin Bruihl,Justin,Bruihl,47,1997-06-26,29,"6' 2""",215,1,Pitcher,L,Left,L,Left,,,,,,,,,,,,,,,,,,,,,,,,,,
2026-09-03,823907,,/api/v1.1/game/823907/feed/live,R,2026,2026-09-03,,night,P,N,N,Regular Season,3,3,1,Final,Final,22,UNIQLO Field at Dodger Stadium,119,Los Angeles Dodgers,LAD,3,True,138,St. Louis Cardinals,STL,2,False,676475,Alec Burleson,Alec,Burleson,41,1998-11-25,27,"6' 0""",225,3,First Base,L,Left,L,Left,0-2 | 2 K,,2,0,0,0,0,0,0,2,0,0,0,0,2,0,,,,,,,,,,
2026-09-03,823907,,/api/v1.1/game/823907/feed/live,R,2026,2026-09-03,,night,P,N,N,Regular Season,3,3,1,Final,Final,22,UNIQLO Field at Dodger Stadium,119,Los Angeles Dodgers,LAD,3,True,138,St. Louis Cardinals,STL,2,False,695336,Thomas Saggese,Thomas,Saggese,25,2002-04-10,24,"5' 10""",185,7,Outfielder,R,Right,R,Right,"1-3 | BB, K",,3,1,0,0,0,0,0,1,1,0,0,0,4,1,,,,,,,,,,
2026-09-03,823907,,/api/v1.1/game/823907/feed/live,R,2026,2026-09-03,,night,P,N,N,Regular Season,3,3,1,Final,Final,22,UNIQLO Field at Dodger Stadium,119,Los Angeles Dodgers,LAD,3,True,138,St. Louis Cardinals,STL,2,False,676617,Riley O'Brien,Riley,O'Brien,61,1995-02-06,31,"6' 4""",180,1,Pitcher,R,Right,R,Right,"0.1 IP, 2 ER, 0 K, BB",,,,,,,,,,,,,,,,0.1,2,2,0,0,1,17,0,1,0
2026-09-03,823907,,/api/v1.1/game/823907/feed/live,R,2026,2026-09-03,,night,P,N,N,Regular Season,3,3,1,Final,Final,22,UNIQLO Field at Dodger Stadium,119,Los Angeles Dodgers,LAD,3,True,138,St. Louis Cardinals,STL,2,False,666277,George Soriano,George,Soriano,65,1999-03-24,27,"6' 2""",210,1,Pitcher,R,Right,R,Right,"1.0 IP, 0 ER, 2 K, 3 BB",,,,,,,,,,,,,,,,1.0,0,0,0,2,3,31,0,0,0
2026-09-03,823907,,/api/v1.1/game/823907/feed/live,R,2026,2026-09-03,,night,P,N,N,Regular Season,3,3,1,Final,Final,22,UNIQLO Field at Dodger Stadium,119,Los Angeles Dodgers,LAD,3,True,138,St. Louis Cardinals,STL,2,False,687273,Quinn Mathews,Quinn,Mathews,60,2000-10-04,25,"6' 5""",188,1,Pitcher,L,Left,L,Left,"5.0 IP, ER, 4 K, 4 BB",,,,,,,,,,,,,,,,5.0,1,4,0,4,4,99,0,0,0
2026-09-03,823907,,/api/v1.1/game/823907/feed/live,R,2026,2026-09-03,,night,P,N,N,Regular Season,3,3,1,Final,Final,22,UNIQLO Field at Dodger Stadium,119,Los Angeles Dodgers,LAD,3,True,138,St. Louis Cardinals,STL,2,False,602104,Ramón Urías,Ramón,Urías,29,1994-06-03,32,"5' 9""",185,5,Third Base,R,Right,R,Right,"1-4 | K, RBI",,4,1,0,0,0,1,0,1,0,0,0,0,4,1,,,,,,,,,,
2026-09-03,823907,,/api/v1.1/game/823907/feed/live,R,2026,2026-09-03,,night,P,N,N,Regular Season,3,3,1,Final,Final,22,UNIQLO Field at Dodger Stadium,119,Los Angeles Dodgers,LAD,3,True,138,St. Louis Cardinals,STL,2,False,686780,Pedro Pagés,Pedro,Pagés,43,1998-09-17,27,"5' 11""",245,2,Catcher,R,Right,R,Right,1-2,,2,1,0,0,0,0,0,0,0,0,0,0,2,1,,,,,,,,,,
2026-09-03,823907,,/api/v1.1/game/823907/feed/live,R,2026,2026-09-03,,night,P,N,N,Regular Season,3,3,1,Final,Final,22,UNIQLO Field at Dodger Stadium,119,Los Angeles Dodgers,LAD,3,True,138,St. Louis Cardinals,STL,2,False,669461,Matthew Liberatore,Matthew,Liberatore,32,1999-11-06,26,"6' 4""",215,1,Pitcher,L,Left,L,Left,,,,,,,,,,,,,,,,,,,,,,,,,,
2026-09-03,823907,,/api/v1.1/game/823907/feed/live,R,2026,2026-09-03,,night,P,N,N,Regular Season,3,3,1,Final,Final,22,UNIQLO Field at Dodger Stadium,119,Los Angeles Dodgers,LAD,3,True,138,St. Louis Cardinals,STL,2,False,592773,Ryne Stanek,Ryne,Stanek,55,1991-07-26,35,"6' 4""",226,1,Pitcher,R,Right,R,Right,"1.0 IP, 0 ER, K, 0 BB",,,,,,,,,,,,,,,,1.0,0,0,0,1,0,10,0,0,0
2026-09-03,823907,,/api/v1.1/game/823907/feed/live,R,2026,2026-09-03,,night,P,N,N,Regular Season,3,3,1,Final,Final,22,UNIQLO Field at Dodger Stadium,119,Los Angeles Dodgers,LAD,3,True,138,St. Louis Cardinals,STL,2,False,695491,Joshua Báez,Joshua,Báez,22,2003-06-28,23,"6' 3""",220,7,Outfielder,R,Right,R,Right,"1-3 | HBP, K, RBI",,3,1,0,0,0,1,0,1,0,0,0,0,4,1,,,,,,,,,,
2026-09-03,823907,,/api/v1.1/game/823907/feed/live,R,2026,2026-09-03,,night,P,N,N,Regular Season,3,3,1,Final,Final,22,UNIQLO Field at Dodger Stadium,119,Los Angeles Dodgers,LAD,3,True,138,St. Louis Cardinals,STL,2,False,703725,Luis Gastelum,Luis,Gastelum,72,2001-09-27,24,"6' 2""",175,1,Pitcher,R,Right,R,Right,,,,,,,,,,,,,,,,,,,,,,,,,,
2026-09-03,823907,,/api/v1.1/game/823907/feed/live,R,2026,2026-09-03,,night,P,N,N,Regular Season,3,3,1,Final,Final,22,UNIQLO Field at Dodger Stadium,119,Los Angeles Dodgers,LAD,3,True,138,St. Louis Cardinals,STL,2,False,684516,Hancel Rincon,Hancel,Rincon,66,2002-04-28,24,"6' 2""",160,1,Pitcher,R,Right,R,Right,,,,,,,,,,,,,,,,,,,,,,,,,,
2026-09-03,823907,,/api/v1.1/game/823907/feed/live,R,2026,2026-09-03,,night,P,N,N,Regular Season,3,3,1,Final,Final,22,UNIQLO Field at Dodger Stadium,119,Los Angeles Dodgers,LAD,3,True,138,St. Louis Cardinals,STL,2,False,802408,Brycen Mautz,Brycen,Mautz,52,2001-07-17,25,"6' 3""",190,1,Pitcher,L,Left,L,Left,,,,,,,,,,,,,,,,,,,,,,,,,,
2026-09-03,823907,,/api/v1.1/game/823907/feed/live,R,2026,2026-09-03,,night,P,N,N,Regular Season,3,3,1,Final,Final,22,UNIQLO Field at Dodger Stadium,119,Los Angeles Dodgers,LAD,3,True,138,St. Louis Cardinals,STL,2,False,699024,Leo Bernal,Leonardo,Bernal,13,2004-02-13,22,"6' 0""",245,2,Catcher,S,Switch,R,Right,2-4 | K,,4,2,0,0,0,0,0,1,0,0,0,0,4,2,,,,,,,,,,
2026-09-03,823907,,/api/v1.1/game/823907/feed/live,R,2026,2026-09-03,,night,P,N,N,Regular Season,3,3,1,Final,Final,22,UNIQLO Field at Dodger Stadium,119,Los Angeles Dodgers,LAD,3,True,138,St. Louis Cardinals,STL,2,False,693409,César Prieto,Cesar,Prieto,31,1999-05-10,27,"5' 9""",195,5,Third Base,L,Left,R,Right,,,,,,,,,,,,,,,,,,,,,,,,,,
2026-09-03,823907,,/api/v1.1/game/823907/feed/live,R,2026,2026-09-03,,night,P,N,N,Regular Season,3,3,1,Final,Final,22,UNIQLO Field at Dodger Stadium,119,Los Angeles Dodgers,LAD,3,True,138,St. Louis Cardinals,STL,2,False,671056,Iván Herrera,Ivan,Herrera,48,2000-06-01,26,"5' 11""",220,10,Designated Hitter,R,Right,R,Right,2-5 | R,,5,2,0,0,0,0,1,0,0,0,0,0,5,2,,,,,,,,,,
