gameDate,gamePk,gameGuid,link,gameType,season,officialDate,description,dayNight,gamedayType,doubleHeader,tiebreaker,seriesDescription,seriesGameNumber,gamesInSeries,gameNumber,status_abstractGameState,status_detailedState,venue_id,venue_name,home_team_id,home_team_name,home_team_abbreviation,home_score,home_isWinner,away_team_id,away_team_name,away_team_abbreviation,away_score,away_isWinner,playerId,fullName,firstName,lastName,primaryNumber,birthDate,currentAge,height,weight,primaryPosition_code,primaryPosition_name,batSide_code,batSide_description,pitchHand_code,pitchHand_description,gameLogSummary,note,atBats,hits,doubles,triples,homeRuns,rbi,runs,strikeOuts,baseOnBalls,stolenBases,caughtStealing,groundIntoDoublePlay,plateAppearances,totalBases,inningsPitched,earnedRuns,hitsAllowed,homeRunsAllowed,strikeOutsPitching,baseOnBallsPitching,pitchesThrown,wins,losses,saves
2026-04-27,824446,,/api/v1.1/game/824446/feed/live,R,2026,2026-04-27,,night,P,N,N,Regular Season,1,3,1,Final,Final,5,Progressive Field,114,Cleveland Guardians,CLE,2,False,139,Tampa Bay Rays,TB,3,True,671655,George Valera,George,Valera,7,2000-11-13,25,"5' 10""",195,7,Outfielder,L,Left,L,Left,0-1 | K,,1,0,0,0,0,0,0,1,0,0,0,0,1,0,,,,,,,,,,
2026-04-27,824446,,/api/v1.1/game/824446/feed/live,R,2026,2026-04-27,,night,P,N,N,Regular Season,1,3,1,Final,Final,5,Progressive Field,114,Cleveland Guardians,CLE,2,False,139,Tampa Bay Rays,TB,3,True,800050,Chase DeLauter,Chase,DeLauter,24,2001-10-08,24,"6' 3""",235,9,Outfielder,L,Left,L,Left,2-4 | 2B,,4,2,1,0,0,0,0,0,0,0,0,0,4,3,,,,,,,,,,
2026-04-27,824446,,/api/v1.1/game/824446/feed/live,R,2026,2026-04-27,,night,P,N,N,Regular Season,1,3,1,Final,Final,5,Progressive Field,114,Cleveland Guardians,CLE,2,False,139,Tampa Bay Rays,TB,3,True,641401,Connor Brogdon,Connor,Brogdon,75,1995-01-29,31,"6' 6""",205,1,Pitcher,R,Right,R,Right,,,,,,,,,,,,,,,,,,,,,,,,,,
2026-04-27,824446,,/api/v1.1/game/824446/feed/live,R,2026,2026-04-27,,night,P,N,N,Regular Season,1,3,1,Final,Final,5,Progressive Field,114,Cleveland Guardians,CLE,2,False,139,Tampa Bay Rays,TB,3,True,595978,Austin Hedges,Austin,Hedges,27,1992-08-18,33,"6' 0""",220,2,Catcher,R,Right,R,Right,1-2 | BB,,2,1,0,0,0,0,0,0,1,0,0,0,3,1,,,,,,,,,,
2026-04-27,824446,,/api/v1.1/game/824446/feed/live,R,2026,2026-04-27,,night,P,N,N,Regular Season,1,3,1,Final,Final,5,Progressive Field,114,Cleveland Guardians,CLE,2,False,139,Tampa Bay Rays,TB,3,True,682177,Daniel Schneemann,Daniel,Schneemann,10,1997-01-23,29,"6' 0""",185,8,Outfielder,L,Left,R,Right,"1-4 | HR, K, 2 RBI",,4,1,0,0,1,2,1,1,0,0,0,0,4,4,,,,,,,,,,
2026-04-27,824446,,/api/v1.1/game/824446/feed/live,R,2026,2026-04-27,,night,P,N,N,Regular Season,1,3,1,Final,Final,5,Progressive Field,114,Cleveland Guardians,CLE,2,False,139,Tampa Bay Rays,TB,3,True,677944,Slade Cecconi,Slade,Cecconi,44,1999-06-24,26,"6' 4""",219,1,Pitcher,R,Right,R,Right,,,,,,,,,,,,,,,,,,,,,,,,,,
2026-04-27,824446,,/api/v1.1/game/824446/feed/live,R,2026,2026-04-27,,night,P,N,N,Regular Season,1,3,1,Final,Final,5,Progressive Field,114,Cleveland Guardians,CLE,2,False,139,Tampa Bay Rays,TB,3,True,677587,Brayan Rocchio,Brayan,Rocchio,4,2001-01-13,25,"5' 9""",170,6,Shortstop,S,Switch,R,Right,0-3,,3,0,0,0,0,0,0,0,0,0,0,0,3,0,,,,,,,,,,
2026-04-27,824446,,/api/v1.1/game/824446/feed/live,R,2026,2026-04-27,,night,P,N,N,Regular Season,1,3,1,Final,Final,5,Progressive Field,114,Cleveland Guardians,CLE,2,False,139,Tampa Bay Rays,TB,3,True,670036,Matt Festa,Matthew,Festa,52,1993-03-11,33,"6' 1""",195,1,Pitcher,R,Right,R,Right,"0.1 IP, 0 ER, 0 K, 0 BB",,,,,,,,,,,,,,,,0.1,0,0,0,0,0,3,0,0,0
2026-04-27,824446,,/api/v1.1/game/824446/feed/live,R,2026,2026-04-27,,night,P,N,N,Regular Season,1,3,1,Final,Final,5,Progressive Field,114,Cleveland Guardians,CLE,2,False,139,Tampa Bay Rays,TB,3,True,670059,Colin Holderman,Colin,Holderman,35,1995-10-08,30,"6' 6""",230,1,Pitcher,R,Right,R,Right,"2.0 IP, 0 ER, K, 0 BB",,,,,,,,,,,,,,,,2.0,0,0,0,1,0,23,0,0,0
2026-04-27,824446,,/api/v1.1/game/824446/feed/live,R,2026,2026-04-27,,night,P,N,N,Regular Season,1,3,1,Final,Final,5,Progressive Field,114,Cleveland Guardians,CLE,2,False,139,Tampa Bay Rays,TB,3,True,666310,Bo Naylor,Noah,Naylor,23,2000-02-21,26,"5' 9""",205,2,Catcher,L,Left,R,Right,0-0,,0,0,0,0,0,0,0,0,0,0,0,0,0,0,,,,,,,,,,
2026-04-27,824446,,/api/v1.1/game/824446/feed/live,R,2026,2026-04-27,,night,P,N,N,Regular Season,1,3,1,Final,Final,5,Progressive Field,114,Cleveland Guardians,CLE,2,False,139,Tampa Bay Rays,TB,3,True,681807,David Fry,David,Fry,6,1995-11-20,30,"6' 1""",215,9,Outfielder,R,Right,R,Right,"0-2 | BB, K, R",,2,0,0,0,0,0,1,1,1,0,0,0,3,0,,,,,,,,,,
2026-04-27,824446,,/api/v1.1/game/824446/feed/live,R,2026,2026-04-27,,night,P,N,N,Regular Season,1,3,1,Final,Final,5,Progressive Field,114,Cleveland Guardians,CLE,2,False,139,Tampa Bay Rays,TB,3,True,671922,Cade Smith,Cade,Smith,36,1999-05-09,26,"6' 5""",230,1,Pitcher,R,Right,R,Right,,,,,,,,,,,,,,,,,,,,,,,,,,
2026-04-27,824446,,/api/v1.1/game/824446/feed/live,R,2026,2026-04-27,,night,P,N,N,Regular Season,1,3,1,Final,Final,5,Progressive Field,114,Cleveland Guardians,CLE,2,False,139,Tampa Bay Rays,TB,3,True,608070,José Ramírez,José,Ramírez,11,1992-09-17,33,"5' 8""",190,5,Third Base,S,Switch,R,Right,1-4,,4,1,0,0,0,0,0,0,0,0,0,0,4,1,,,,,,,,,,
2026-04-27,824446,,/api/v1.1/game/824446/feed/live,R,2026,2026-04-27,,night,P,N,N,Regular Season,1,3,1,Final,Final,5,Progressive Field,114,Cleveland Guardians,CLE,2,False,139,Tampa Bay Rays,TB,3,True,680757,Steven Kwan,Steven,Kwan,38,1997-09-05,28,"5' 8""",170,8,Outfielder,L,Left,L,Left,0-4 | K,,4,0,0,0,0,0,0,1,0,0,0,0,4,0,,,,,,,,,,
2026-04-27,824446,,/api/v1.1/game/824446/feed/live,R,2026,2026-04-27,,night,P,N,N,Regular Season,1,3,1,Final,Final,5,Progressive Field,114,Cleveland Guardians,CLE,2,False,139,Tampa Bay Rays,TB,3,True,688883,Peyton Pallette,Peyton,Pallette,41,2001-05-09,24,"6' 1""",190,1,Pitcher,R,Right,R,Right,,,,,,,,,,,,,,,,,,,,,,,,,,
2026-04-27,824446,,/api/v1.1/game/824446/feed/live,R,2026,2026-04-27,,night,P,N,N,Regular Season,1,3,1,Final,Final,5,Progressive Field,114,Cleveland Guardians,CLE,2,False,139,Tampa Bay Rays,TB,3,True,682657,Angel Martínez,Angel,Martínez,1,2002-01-27,24,"5' 11""",200,7,Outfielder,S,Switch,R,Right,0-4 | K,,4,0,0,0,0,0,0,1,0,0,0,0,4,0,,,,,,,,,,
2026-04-27,824446,,/api/v1.1/game/824446/feed/live,R,2026,2026-04-27,,night,P,N,N,Regular Season,1,3,1,Final,Final,5,Progressive Field,114,Cleveland Guardians,CLE,2,False,139,Tampa Bay Rays,TB,3,True,682877,Juan Brito,Juan,Brito,34,2001-09-24,24,"6' 0""",202,4,Second Base,S,Switch,R,Right,,,,,,,,,,,,,,,,,,,,,,,,,,
2026-04-27,824446,,/api/v1.1/game/824446/feed/live,R,2026,2026-04-27,,night,P,N,N,Regular Season,1,3,1,Final,Final,5,Progressive Field,114,Cleveland Guardians,CLE,2,False,139,Tampa Bay Rays,TB,3,True,700932,Kyle Manzardo,Kyle,Manzardo,9,2000-07-18,25,"5' 11""",205,3,First Base,L,Left,R,Right,1-1,,1,1,0,0,0,0,0,0,0,0,0,0,1,1,,,,,,,,,,
2026-04-27,824446,,/api/v1.1/game/824446/feed/live,R,2026,2026-04-27,,night,P,N,N,Regular Season,1,3,1,Final,Final,5,Progressive Field,114,Cleveland Guardians,CLE,2,False,139,Tampa Bay Rays,TB,3,True,800048,Parker Messick,Parker,Messick,77,2000-10-26,25,"6' 0""",225,1,Pitcher,L,Left,L,Left,"5.2 IP, ER, 9 K, 2 BB",,,,,,,,,,,,,,,,5.2,1,3,0,9,2,95,0,0,0
2026-04-27,824446,,/api/v1.1/game/824446/feed/live,R,2026,2026-04-27,,night,P,N,N,Regular Season,1,3,1,Final,Final,5,Progressive Field,114,Cleveland Guardians,CLE,2,False,139,Tampa Bay Rays,TB,3,True,676282,Joey Cantillo,Joseph,Cantillo,54,1999-12-18,26,"6' 4""",225,1,Pitcher,L,Left,L,Left,,,,,,,,,,,,,,,,,,,,,,,,,,
2026-04-27,824446,,/api/v1.1/game/824446/feed/live,R,2026,2026-04-27,,night,P,N,N,Regular Season,1,3,1,Final,Final,5,Progressive Field,114,Cleveland Guardians,CLE,2,False,139,Tampa Bay Rays,TB,3,True,681870,Erik Sabrowski,Erik,Sabrowski,62,1997-10-31,28,"6' 4""",230,1,Pitcher,R,Right,L,Left,"0.2 IP, 0 ER, K, BB",,,,,,,,,,,,,,,,0.2,0,1,0,1,1,20,0,0,0
2026-04-27,824446,,/api/v1.1/game/824446/feed/live,R,2026,2026-04-27,,night,P,N,N,Regular Season,1,3,1,Final,Final,5,Progressive Field,114,Cleveland Guardians,CLE,2,False,139,Tampa Bay Rays,TB,3,True,668909,Gavin Williams,Gavin,Williams,32,1999-07-26,26,"6' 6""",250,1,Pitcher,L,Left,R,Right,,,,,,,,,,,,,,,,,,,,,,,,,,
2026-04-27,824446,,/api/v1.1/game/824446/feed/live,R,2026,2026-04-27,,night,P,N,N,Regular Season,1,3,1,Final,Final,5,Progressive Field,114,Cleveland Guardians,CLE,2,False,139,Tampa Bay Rays,TB,3,True,683769,Hunter Gaddis,Hunter,Gaddis,33,1998-04-09,28,"6' 6""",260,1,Pitcher,R,Right,R,Right,"0.1 IP, 2 ER, 0 K, 0 BB",,,,,,,,,,,,,,,,0.1,2,3,1,0,0,13,0,1,0
2026-04-27,824446,,/api/v1.1/game/824446/feed/live,R,2026,2026-04-27,,night,P,N,N,Regular Season,1,3,1,Final,Final,5,Progressive Field,114,Cleveland Guardians,CLE,2,False,139,Tampa Bay Rays,TB,3,True,676440,Tanner Bibee,Tanner,Bibee,28,1999-03-05,27,"6' 2""",205,1,Pitcher,R,Right,R,Right,,,,,,,,,,,,,,,,,,,,,,,,,,
2026-04-27,824446,,/api/v1.1/game/824446/feed/live,R,2026,2026-04-27,,night,P,N,N,Regular Season,1,3,1,Final,Final,5,Progressive Field,114,Cleveland Guardians,CLE,2,False,139,Tampa Bay Rays,TB,3,True,682120,Tim Herrin,Tim,Herrin,29,1996-10-08,29,"6' 6""",230,1,Pitcher,L,Left,L,Left,,,,,,,,,,,,,,,,,,,,,,,,,,
2026-04-27,824446,,/api/v1.1/game/824446/feed/live,R,2026,2026-04-27,,night,P,N,N,Regular Season,1,3,1,Final,Final,5,Progressive Field,114,Cleveland Guardians,CLE,2,False,139,Tampa Bay Rays,TB,3,True,656555,Rhys Hoskins,Rhys,Hoskins,8,1993-03-17,33,"6' 3""",241,3,First Base,R,Right,R,Right,0-3 | K,,3,0,0,0,0,0,0,1,0,0,0,1,3,0,,,,,,,,,,
2026-04-27,824446,,/api/v1.1/game/824446/feed/live,R,2026,2026-04-27,,night,P,N,N,Regular Season,1,3,1,Final,Final,5,Progressive Field,114,Cleveland Guardians,CLE,2,False,139,Tampa Bay Rays,TB,3,True,670764,Taylor Walls,Taylor,Walls,6,1996-07-10,29,"5' 9""",185,6,Shortstop,S,Switch,R,Right,"0-3 | BB, 2 K",,3,0,0,0,0,0,0,2,1,0,0,0,4,0,,,,,,,,,,
2026-04-27,824446,,/api/v1.1/game/824446/feed/live,R,2026,2026-04-27,,night,P,N,N,Regular Season,1,3,1,Final,Final,5,Progressive Field,114,Cleveland Guardians,CLE,2,False,139,Tampa Bay Rays,TB,3,True,571927,Steven Matz,Steven,Matz,32,1991-05-29,34,"6' 2""",205,1,Pitcher,R,Right,L,Left,"7.0 IP, 2 ER, 2 K, BB",,,,,,,,,,,,,,,,7.0,2,4,1,2,1,95,1,0,0
2026-04-27,824446,,/api/v1.1/game/824446/feed/live,R,2026,2026-04-27,,night,P,N,N,Regular Season,1,3,1,Final,Final,5,Progressive Field,114,Cleveland Guardians,CLE,2,False,139,Tampa Bay Rays,TB,3,True,663556,Shane McClanahan,Shane,McClanahan,18,1997-04-28,29,"6' 3""",210,1,Pitcher,L,Left,L,Left,,,,,,,,,,,,,,,,,,,,,,,,,,
2026-04-27,824446,,/api/v1.1/game/824446/feed/live,R,2026,2026-04-27,,night,P,N,N,Regular Season,1,3,1,Final,Final,5,Progressive Field,114,Cleveland Guardians,CLE,2,False,139,Tampa Bay Rays,TB,3,True,680700,Richie Palacios,Richard,Palacios,1,1997-05-16,28,"5' 8""",185,4,Second Base,L,Left,R,Right,"0-0 | R, SB",,0,0,0,0,0,0,1,0,0,1,0,0,0,0,,,,,,,,,,
2026-04-27,824446,,/api/v1.1/game/824446/feed/live,R,2026,2026-04-27,,night,P,N,N,Regular Season,1,3,1,Final,Final,5,Progressive Field,114,Cleveland Guardians,CLE,2,False,139,Tampa Bay Rays,TB,3,True,668723,Ryan Vilade,Ryan,Vilade,26,1999-02-18,27,"6' 1""",226,9,Outfielder,R,Right,R,Right,"3-4 | K, 2 RBI",,4,3,0,0,0,2,0,1,0,0,0,0,4,3,,,,,,,,,,
2026-04-27,824446,,/api/v1.1/game/824446/feed/live,R,2026,2026-04-27,,night,P,N,N,Regular Season,1,3,1,Final,Final,5,Progressive Field,114,Cleveland Guardians,CLE,2,False,139,Tampa Bay Rays,TB,3,True,641584,Jake Fraley,Jake,Fraley,17,1995-05-25,30,"5' 11""",206,9,Outfielder,L,Left,L,Left,,,,,,,,,,,,,,,,,,,,,,,,,,
2026-04-27,824446,,/api/v1.1/game/824446/feed/live,R,2026,2026-04-27,,night,P,N,N,Regular Season,1,3,1,Final,Final,5,Progressive Field,114,Cleveland Guardians,CLE,2,False,139,Tampa Bay Rays,TB,3,True,668984,Casey Legumina,Casey,Legumina,67,1997-06-19,28,"6' 2""",195,1,Pitcher,R,Right,R,Right,,,,,,,,,,,,,,,,,,,,,,,,,,
2026-04-27,824446,,/api/v1.1/game/824446/feed/live,R,2026,2026-04-27,,night,P,N,N,Regular Season,1,3,1,Final,Final,5,Progressive Field,114,Cleveland Guardians,CLE,2,False,139,Tampa Bay Rays,TB,3,True,802415,Chandler Simpson,Chandler,Simpson,14,2000-11-18,25,"5' 11""",170,7,Outfielder,L,Left,R,Right,0-4,,4,0,0,0,0,0,0,0,0,0,0,0,4,0,,,,,,,,,,
2026-04-27,824446,,/api/v1.1/game/824446/feed/live,R,2026,2026-04-27,,night,P,N,N,Regular Season,1,3,1,Final,Final,5,Progressive Field,114,Cleveland Guardians,CLE,2,False,139,Tampa Bay Rays,TB,3,True,607259,Nick Martinez,Nicholas,Martinez,28,1990-08-05,35,"6' 1""",200,1,Pitcher,L,Left,R,Right,,,,,,,,,,,,,,,,,,,,,,,,,,
2026-04-27,824446,,/api/v1.1/game/824446/feed/live,R,2026,2026-04-27,,night,P,N,N,Regular Season,1,3,1,Final,Final,5,Progressive Field,114,Cleveland Guardians,CLE,2,False,139,Tampa Bay Rays,TB,3,True,676356,Jonny DeLuca,Jonathan,DeLuca,21,1998-07-10,27,"5' 10""",195,9,Outfielder,R,Right,R,Right,1-4 | K,,4,1,0,0,0,0,0,1,0,0,0,0,4,1,,,,,,,,,,
2026-04-27,824446,,/api/v1.1/game/824446/feed/live,R,2026,2026-04-27,,night,P,N,N,Regular Season,1,3,1,Final,Final,5,Progressive Field,114,Cleveland Guardians,CLE,2,False,139,Tampa Bay Rays,TB,3,True,693855,Ian Seymour,Ian,Seymour,61,1998-12-13,27,"6' 0""",215,1,Pitcher,L,Left,L,Left,"1.0 IP, 0 ER, 2 K, BB",,,,,,,,,,,,,,,,1.0,0,0,0,2,1,18,0,0,0
2026-04-27,824446,,/api/v1.1/game/824446/feed/live,R,2026,2026-04-27,,night,P,N,N,Regular Season,1,3,1,Final,Final,5,Progressive Field,114,Cleveland Guardians,CLE,2,False,139,Tampa Bay Rays,TB,3,True,642121,Cole Sulser,Cole,Sulser,71,1990-03-12,36,"6' 0""",200,1,Pitcher,R,Right,R,Right,,,,,,,,,,,,,,,,,,,,,,,,,,
2026-04-27,824446,,/api/v1.1/game/824446/feed/live,R,2026,2026-04-27,,night,P,N,N,Regular Season,1,3,1,Final,Final,5,Progressive Field,114,Cleveland Guardians,CLE,2,False,139,Tampa Bay Rays,TB,3,True,676439,Hunter Feduccia,Hunter,Feduccia,9,1997-06-05,28,"6' 1""",215,2,Catcher,L,Left,R,Right,0-1 | K,,1,0,0,0,0,0,0,1,0,0,0,0,1,0,,,,,,,,,,
2026-04-27,824446,,/api/v1.1/game/824446/feed/live,R,2026,2026-04-27,,night,P,N,N,Regular Season,1,3,1,Final,Final,5,Progressive Field,114,Cleveland Guardians,CLE,2,False,139,Tampa Bay Rays,TB,3,True,687330,Kevin Kelly,Kevin,Kelly,49,1997-11-28,28,"6' 2""",195,1,Pitcher,R,Right,R,Right,,,,,,,,,,,,,,,,,,,,,,,,,,
2026-04-27,824446,,/api/v1.1/game/824446/feed/live,R,2026,2026-04-27,,night,P,N,N,Regular Season,1,3,1,Final,Final,5,Progressive Field,114,Cleveland Guardians,CLE,2,False,139,Tampa Bay Rays,TB,3,True,669947,Jesse Scholtens,Jesse,Scholtens,65,1994-04-06,32,"6' 4""",240,1,Pitcher,R,Right,R,Right,,,,,,,,,,,,,,,,,,,,,,,,,,
2026-04-27,824446,,/api/v1.1/game/824446/feed/live,R,2026,2026-04-27,,night,P,N,N,Regular Season,1,3,1,Final,Final,5,Progressive Field,114,Cleveland Guardians,CLE,2,False,139,Tampa Bay Rays,TB,3,True,666018,Jonathan Aranda,Jonathan,Aranda,8,1998-05-23,27,"6' 0""",215,3,First Base,L,Left,R,Right,"1-4 | HR, K, RBI",,4,1,0,0,1,1,1,1,0,0,0,0,4,4,,,,,,,,,,
2026-04-27,824446,,/api/v1.1/game/824446/feed/live,R,2026,2026-04-27,,night,P,N,N,Regular Season,1,3,1,Final,Final,5,Progressive Field,114,Cleveland Guardians,CLE,2,False,139,Tampa Bay Rays,TB,3,True,663743,Nick Fortes,Nicholas,Fortes,40,1996-11-11,29,"5' 11""",198,2,Catcher,R,Right,R,Right,1-3 | K,,3,1,0,0,0,0,0,1,0,0,0,0,3,1,,,,,,,,,,
2026-04-27,824446,,/api/v1.1/game/824446/feed/live,R,2026,2026-04-27,,night,P,N,N,Regular Season,1,3,1,Final,Final,5,Progressive Field,114,Cleveland Guardians,CLE,2,False,139,Tampa Bay Rays,TB,3,True,643377,Griffin Jax,James,Jax,22,1994-11-22,31,"6' 2""",195,1,Pitcher,R,Right,R,Right,,,,,,,,,,,,,,,,,,,,,,,,,,
2026-04-27,824446,,/api/v1.1/game/824446/feed/live,R,2026,2026-04-27,,night,P,N,N,Regular Season,1,3,1,Final,Final,5,Progressive Field,114,Cleveland Guardians,CLE,2,False,139,Tampa Bay Rays,TB,3,True,685801,Hunter Bigge,Hunter,Bigge,43,1998-06-12,27,"6' 0""",215,1,Pitcher,R,Right,R,Right,,,,,,,,,,,,,,,,,,,,,,,,,,
2026-04-27,824446,,/api/v1.1/game/824446/feed/live,R,2026,2026-04-27,,night,P,N,N,Regular Season,1,3,1,Final,Final,5,Progressive Field,114,Cleveland Guardians,CLE,2,False,139,Tampa Bay Rays,TB,3,True,650490,Yandy Díaz,Yandy,Díaz,2,1991-08-08,34,"6' 0""",235,3,First Base,R,Right,R,Right,"0-3 | 2 BB, K, R",,3,0,0,0,0,0,1,1,2,0,0,0,5,0,,,,,,,,,,
2026-04-27,824446,,/api/v1.1/game/824446/feed/live,R,2026,2026-04-27,,night,P,N,N,Regular Season,1,3,1,Final,Final,5,Progressive Field,114,Cleveland Guardians,CLE,2,False,139,Tampa Bay Rays,TB,3,True,810938,Ben Williamson,Benjamin,Williamson,15,2000-11-05,25,"6' 0""",210,4,Second Base,R,Right,R,Right,0-4 | K,,4,0,0,0,0,0,0,1,0,0,0,0,4,0,,,,,,,,,,
2026-04-27,824446,,/api/v1.1/game/824446/feed/live,R,2026,2026-04-27,,night,P,N,N,Regular Season,1,3,1,Final,Final,5,Progressive Field,114,Cleveland Guardians,CLE,2,False,139,Tampa Bay Rays,TB,3,True,641329,Bryan Baker,Bryan,Baker,47,1994-12-02,31,"6' 6""",235,1,Pitcher,R,Right,R,Right,"1.0 IP, 0 ER, 2 K, 0 BB",,,,,,,,,,,,,,,,1.0,0,2,0,2,0,23,0,0,1
2026-04-27,824446,,/api/v1.1/game/824446/feed/live,R,2026,2026-04-27,,night,P,N,N,Regular Season,1,3,1,Final,Final,5,Progressive Field,114,Cleveland Guardians,CLE,2,False,139,Tampa Bay Rays,TB,3,True,691406,Junior Caminero,Junior,Caminero,13,2003-07-05,22,"6' 1""",220,5,Third Base,R,Right,R,Right,1-4 | 2 K,,4,1,0,0,0,0,0,2,0,0,0,0,4,1,,,,,,,,,,
2026-04-27,824446,,/api/v1.1/game/824446/feed/live,R,2026,2026-04-27,,night,P,N,N,Regular Season,1,3,1,Final,Final,5,Progressive Field,114,Cleveland Guardians,CLE,2,False,139,Tampa Bay Rays,TB,3,True,672782,Yoendrys Gómez,Yoendrys,Gómez,94,1999-10-15,26,"6' 3""",212,1,Pitcher,R,Right,R,Right,,,,,,,,,,,,,,,,,,,,,,,,,,
2026-04-27,824446,,/api/v1.1/game/824446/feed/live,R,2026,2026-04-27,,night,P,N,N,Regular Season,1,3,1,Final,Final,5,Progressive Field,114,Cleveland Guardians,CLE,2,False,139,Tampa Bay Rays,TB,3,True,656876,Drew Rasmussen,Drew,Rasmussen,57,1995-07-27,30,"6' 1""",240,1,Pitcher,R,Right,R,Right,,,,,,,,,,,,,,,,,,,,,,,,,,
2026-04-27,824446,,/api/v1.1/game/824446/feed/live,R,2026,2026-04-27,,night,P,N,N,Regular Season,1,3,1,Final,Final,5,Progressive Field,114,Cleveland Guardians,CLE,2,False,139,Tampa Bay Rays,TB,3,True,656775,Cedric Mullins,Boyce,Mullins,31,1994-10-01,31,"5' 7""",175,8,Outfielder,L,Left,L,Left,0-0,,0,0,0,0,0,0,0,0,0,0,0,0,0,0,,,,,,,,,,
2026-04-27,823395,,/api/v1.1/game/823395/feed/live,R,2026,2026-04-27,,night,P,N,N,Regular Season,1,4,1,Final,Final,31,PNC Park,134,Pittsburgh Pirates,PIT,2,False,138,St. Louis Cardinals,STL,4,True,694973,Paul Skenes,Paul,Skenes,30,2002-05-29,23,"6' 6""",260,1,Pitcher,R,Right,R,Right,,,,,,,,,,,,,,,,,,,,,,,,,,
2026-04-27,823395,,/api/v1.1/game/823395/feed/live,R,2026,2026-04-27,,night,P,N,N,Regular Season,1,4,1,Final,Final,31,PNC Park,134,Pittsburgh Pirates,PIT,2,False,138,St. Louis Cardinals,STL,4,True,694377,Nick Yorke,Nicholas,Yorke,38,2002-04-02,24,"5' 11""",220,5,Third Base,R,Right,R,Right,,,,,,,,,,,,,,,,,,,,,,,,,,
2026-04-27,823395,,/api/v1.1/game/823395/feed/live,R,2026,2026-04-27,,night,P,N,N,Regular Season,1,4,1,Final,Final,31,PNC Park,134,Pittsburgh Pirates,PIT,2,False,138,St. Louis Cardinals,STL,4,True,687462,Spencer Horwitz,Spencer,Horwitz,2,1997-11-14,28,"5' 10""",204,3,First Base,L,Left,R,Right,1-4 | K,,4,1,0,0,0,0,0,1,0,0,0,0,4,1,,,,,,,,,,
2026-04-27,823395,,/api/v1.1/game/823395/feed/live,R,2026,2026-04-27,,night,P,N,N,Regular Season,1,4,1,Final,Final,31,PNC Park,134,Pittsburgh Pirates,PIT,2,False,138,St. Louis Cardinals,STL,4,True,664040,Brandon Lowe,Brandon,Lowe,5,1994-07-06,31,"5' 9""",181,4,Second Base,L,Left,R,Right,"0-3 | BB, K, R",,3,0,0,0,0,0,1,1,1,0,0,0,4,0,,,,,,,,,,
2026-04-27,823395,,/api/v1.1/game/823395/feed/live,R,2026,2026-04-27,,night,P,N,N,Regular Season,1,4,1,Final,Final,31,PNC Park,134,Pittsburgh Pirates,PIT,2,False,138,St. Louis Cardinals,STL,4,True,668804,Bryan Reynolds,Bryan,Reynolds,10,1995-01-27,31,"6' 2""",210,7,Outfielder,S,Switch,R,Right,0-4,,4,0,0,0,0,0,0,0,0,0,0,0,4,0,,,,,,,,,,
2026-04-27,823395,,/api/v1.1/game/823395/feed/live,R,2026,2026-04-27,,night,P,N,N,Regular Season,1,4,1,Final,Final,31,PNC Park,134,Pittsburgh Pirates,PIT,2,False,138,St. Louis Cardinals,STL,4,True,663698,Joey Bart,Joseph,Bart,14,1996-12-15,29,"6' 2""",242,2,Catcher,R,Right,R,Right,,,,,,,,,,,,,,,,,,,,,,,,,,
2026-04-27,823395,,/api/v1.1/game/823395/feed/live,R,2026,2026-04-27,,night,P,N,N,Regular Season,1,4,1,Final,Final,31,PNC Park,134,Pittsburgh Pirates,PIT,2,False,138,St. Louis Cardinals,STL,4,True,665833,Oneil Cruz,Oneil,Cruz,15,1998-10-04,27,"6' 7""",248,8,Outfielder,L,Left,R,Right,,,,,,,,,,,,,,,,,,,,,,,,,,
2026-04-27,823395,,/api/v1.1/game/823395/feed/live,R,2026,2026-04-27,,night,P,N,N,Regular Season,1,4,1,Final,Final,31,PNC Park,134,Pittsburgh Pirates,PIT,2,False,138,St. Louis Cardinals,STL,4,True,681895,Evan Sisk,Samuel,Sisk,48,1997-04-23,29,"6' 2""",214,1,Pitcher,L,Left,L,Left,"0.2 IP, 0 ER, 0 K, 0 BB",,,,,,,,,,,,,,,,0.2,0,1,0,0,0,16,0,0,0
2026-04-27,823395,,/api/v1.1/game/823395/feed/live,R,2026,2026-04-27,,night,P,N,N,Regular Season,1,4,1,Final,Final,31,PNC Park,134,Pittsburgh Pirates,PIT,2,False,138,St. Louis Cardinals,STL,4,True,642397,Gregory Soto,Gregory,Soto,31,1995-02-11,31,"6' 1""",247,1,Pitcher,L,Left,L,Left,"1.0 IP, 0 ER, 0 K, 0 BB",,,,,,,,,,,,,,,,1.0,0,1,0,0,0,18,0,0,0
2026-04-27,823395,,/api/v1.1/game/823395/feed/live,R,2026,2026-04-27,,night,P,N,N,Regular Season,1,4,1,Final,Final,31,PNC Park,134,Pittsburgh Pirates,PIT,2,False,138,St. Louis Cardinals,STL,4,True,682254,Mason Montgomery,Mason,Montgomery,46,2000-06-17,25,"6' 2""",205,1,Pitcher,L,Left,L,Left,"1.0 IP, 0 ER, K, 0 BB",,,,,,,,,,,,,,,,1.0,0,0,0,1,0,7,0,0,0
2026-04-27,823395,,/api/v1.1/game/823395/feed/live,R,2026,2026-04-27,,night,P,N,N,Regular Season,1,4,1,Final,Final,31,PNC Park,134,Pittsburgh Pirates,PIT,2,False,138,St. Louis Cardinals,STL,4,True,663968,Jake Mangum,Jake,Mangum,28,1996-03-08,30,"5' 11""",191,7,Outfielder,S,Switch,L,Left,"2-3 | K, RBI, SB",,3,2,0,0,0,1,0,1,0,1,0,0,3,2,,,,,,,,,,
2026-04-27,823395,,/api/v1.1/game/823395/feed/live,R,2026,2026-04-27,,night,P,N,N,Regular Season,1,4,1,Final,Final,31,PNC Park,134,Pittsburgh Pirates,PIT,2,False,138,St. Louis Cardinals,STL,4,True,656605,Mitch Keller,Mitch,Keller,23,1996-04-04,30,"6' 3""",213,1,Pitcher,R,Right,R,Right,,,,,,,,,,,,,,,,,,,,,,,,,,
2026-04-27,823395,,/api/v1.1/game/823395/feed/live,R,2026,2026-04-27,,night,P,N,N,Regular Season,1,4,1,Final,Final,31,PNC Park,134,Pittsburgh Pirates,PIT,2,False,138,St. Louis Cardinals,STL,4,True,670990,Yohan Ramírez,Yohan,Ramírez,49,1995-05-06,30,"6' 3""",205,1,Pitcher,R,Right,R,Right,,,,,,,,,,,,,,,,,,,,,,,,,,
2026-04-27,823395,,/api/v1.1/game/823395/feed/live,R,2026,2026-04-27,,night,P,N,N,Regular Season,1,4,1,Final,Final,31,PNC Park,134,Pittsburgh Pirates,PIT,2,False,138,St. Louis Cardinals,STL,4,True,676755,Isaac Mattson,Isaac,Mattson,72,1995-07-14,30,"6' 2""",214,1,Pitcher,R,Right,R,Right,"0.1 IP, 0 ER, K, 0 BB",,,,,,,,,,,,,,,,0.1,0,0,0,1,0,3,0,0,0
2026-04-27,823395,,/api/v1.1/game/823395/feed/live,R,2026,2026-04-27,,night,P,N,N,Regular Season,1,4,1,Final,Final,31,PNC Park,134,Pittsburgh Pirates,PIT,2,False,138,St. Louis Cardinals,STL,4,True,696149,Bubba Chandler,Roy,Chandler,36,2002-09-14,23,"6' 3""",206,1,Pitcher,S,Switch,R,Right,,,,,,,,,,,,,,,,,,,,,,,,,,
2026-04-27,823395,,/api/v1.1/game/823395/feed/live,R,2026,2026-04-27,,night,P,N,N,Regular Season,1,4,1,Final,Final,31,PNC Park,134,Pittsburgh Pirates,PIT,2,False,138,St. Louis Cardinals,STL,4,True,695257,Billy Cook,William,Cook,25,1999-01-07,27,"6' 0""",204,9,Outfielder,R,Right,R,Right,0-0,,0,0,0,0,0,0,0,0,0,0,0,0,0,0,,,,,,,,,,
2026-04-27,823395,,/api/v1.1/game/823395/feed/live,R,2026,2026-04-27,,night,P,N,N,Regular Season,1,4,1,Final,Final,31,PNC Park,134,Pittsburgh Pirates,PIT,2,False,138,St. Louis Cardinals,STL,4,True,669387,Carmen Mlodzinski,Carmen,Mlodzinski,50,1999-02-19,27,"6' 2""",210,1,Pitcher,R,Right,R,Right,,,,,,,,,,,,,,,,,,,,,,,,,,
2026-04-27,823395,,/api/v1.1/game/823395/feed/live,R,2026,2026-04-27,,night,P,N,N,Regular Season,1,4,1,Final,Final,31,PNC Park,134,Pittsburgh Pirates,PIT,2,False,138,St. Louis Cardinals,STL,4,True,642701,Dennis Santana,Dennis,Santana,60,1996-04-12,30,"6' 2""",202,1,Pitcher,R,Right,R,Right,"0.2 IP, 4 ER, 0 K, 2 BB",,,,,,,,,,,,,,,,0.2,4,4,2,0,2,27,0,1,0
2026-04-27,823395,,/api/v1.1/game/823395/feed/live,R,2026,2026-04-27,,night,P,N,N,Regular Season,1,4,1,Final,Final,31,PNC Park,134,Pittsburgh Pirates,PIT,2,False,138,St. Louis Cardinals,STL,4,True,680779,Henry Davis,Henry,Davis,32,1999-09-21,26,"5' 11""",225,2,Catcher,R,Right,R,Right,1-3 | K,,3,1,0,0,0,0,0,1,0,0,0,0,3,1,,,,,,,,,,
2026-04-27,823395,,/api/v1.1/game/823395/feed/live,R,2026,2026-04-27,,night,P,N,N,Regular Season,1,4,1,Final,Final,31,PNC Park,134,Pittsburgh Pirates,PIT,2,False,138,St. Louis Cardinals,STL,4,True,664875,Justin Lawrence,Justin,Lawrence,61,1994-11-25,31,"6' 3""",211,1,Pitcher,R,Right,R,Right,"1.0 IP, 0 ER, K, 0 BB",,,,,,,,,,,,,,,,1.0,0,0,0,1,0,9,0,0,0
2026-04-27,823395,,/api/v1.1/game/823395/feed/live,R,2026,2026-04-27,,night,P,N,N,Regular Season,1,4,1,Final,Final,31,PNC Park,134,Pittsburgh Pirates,PIT,2,False,138,St. Louis Cardinals,STL,4,True,696062,Wilber Dotel,Wilber,Dotel,66,2002-09-25,23,"6' 3""",238,1,Pitcher,R,Right,R,Right,"4.0 IP, 0 ER, 3 K, 0 BB",,,,,,,,,,,,,,,,4.0,0,0,0,3,0,44,0,0,0
2026-04-27,823395,,/api/v1.1/game/823395/feed/live,R,2026,2026-04-27,,night,P,N,N,Regular Season,1,4,1,Final,Final,31,PNC Park,134,Pittsburgh Pirates,PIT,2,False,138,St. Louis Cardinals,STL,4,True,804606,Konnor Griffin,Konnor,Griffin,6,2006-04-24,20,"6' 3""",222,6,Shortstop,R,Right,R,Right,0-4,,4,0,0,0,0,0,0,0,0,0,0,0,4,0,,,,,,,,,,
2026-04-27,823395,,/api/v1.1/game/823395/feed/live,R,2026,2026-04-27,,night,P,N,N,Regular Season,1,4,1,Final,Final,31,PNC Park,134,Pittsburgh Pirates,PIT,2,False,138,St. Louis Cardinals,STL,4,True,676742,Cam Sanders,Cam,Sanders,64,1996-12-09,29,"6' 2""",215,1,Pitcher,R,Right,R,Right,"0.1 IP, 0 ER, K, 0 BB",,,,,,,,,,,,,,,,0.1,0,0,0,1,0,5,0,0,0
2026-04-27,823395,,/api/v1.1/game/823395/feed/live,R,2026,2026-04-27,,night,P,N,N,Regular Season,1,4,1,Final,Final,31,PNC Park,134,Pittsburgh Pirates,PIT,2,False,138,St. Louis Cardinals,STL,4,True,656811,Ryan O'Hearn,Ryan,O'Hearn,29,1993-07-26,32,"6' 2""",220,9,Outfielder,L,Left,L,Left,"1-3 | BB, K, RBI",,3,1,0,0,0,1,0,1,1,0,0,0,4,1,,,,,,,,,,
2026-04-27,823395,,/api/v1.1/game/823395/feed/live,R,2026,2026-04-27,,night,P,N,N,Regular Season,1,4,1,Final,Final,31,PNC Park,134,Pittsburgh Pirates,PIT,2,False,138,St. Louis Cardinals,STL,4,True,542303,Marcell Ozuna,Marcell,Ozuna,24,1990-11-12,35,"6' 1""",251,10,Designated Hitter,R,Right,R,Right,0-4 | K,,4,0,0,0,0,0,0,1,0,0,0,1,4,0,,,,,,,,,,
2026-04-27,823395,,/api/v1.1/game/823395/feed/live,R,2026,2026-04-27,,night,P,N,N,Regular Season,1,4,1,Final,Final,31,PNC Park,134,Pittsburgh Pirates,PIT,2,False,138,St. Louis Cardinals,STL,4,True,693304,Nick Gonzales,Nicholas,Gonzales,3,1999-05-27,26,"5' 8""",193,5,Third Base,R,Right,R,Right,"3-4 | 2B, K, R",,4,3,1,0,0,0,1,1,0,0,1,0,4,4,,,,,,,,,,
2026-04-27,823395,,/api/v1.1/game/823395/feed/live,R,2026,2026-04-27,,night,P,N,N,Regular Season,1,4,1,Final,Final,31,PNC Park,134,Pittsburgh Pirates,PIT,2,False,138,St. Louis Cardinals,STL,4,True,700241,Michael McGreevy,Michael,McGreevy,36,2000-07-08,25,"6' 4""",220,1,Pitcher,L,Left,R,Right,,,,,,,,,,,,,,,,,,,,,,,,,,
2026-04-27,823395,,/api/v1.1/game/823395/feed/live,R,2026,2026-04-27,,night,P,N,N,Regular Season,1,4,1,Final,Final,31,PNC Park,134,Pittsburgh Pirates,PIT,2,False,138,St. Louis Cardinals,STL,4,True,669357,Nolan Gorman,Nolan,Gorman,16,2000-05-10,25,"6' 0""",225,5,Third Base,L,Left,R,Right,0-2,,2,0,0,0,0,0,0,0,0,0,0,0,2,0,,,,,,,,,,
2026-04-27,823395,,/api/v1.1/game/823395/feed/live,R,2026,2026-04-27,,night,P,N,N,Regular Season,1,4,1,Final,Final,31,PNC Park,134,Pittsburgh Pirates,PIT,2,False,138,St. Louis Cardinals,STL,4,True,694335,Matt Svanson,Matthew,Svanson,49,1999-01-31,27,"6' 5""",235,1,Pitcher,R,Right,R,Right,,,,,,,,,,,,,,,,,,,,,,,,,,
2026-04-27,823395,,/api/v1.1/game/823395/feed/live,R,2026,2026-04-27,,night,P,N,N,Regular Season,1,4,1,Final,Final,31,PNC Park,134,Pittsburgh Pirates,PIT,2,False,138,St. Louis Cardinals,STL,4,True,691023,Jordan Walker,Jordan,Walker,18,2002-05-22,23,"6' 6""",250,9,Outfielder,R,Right,R,Right,"0-3 | BB, 2 K",,3,0,0,0,0,0,0,2,1,0,0,0,4,0,,,,,,,,,,
2026-04-27,823395,,/api/v1.1/game/823395/feed/live,R,2026,2026-04-27,,night,P,N,N,Regular Season,1,4,1,Final,Final,31,PNC Park,134,Pittsburgh Pirates,PIT,2,False,138,St. Louis Cardinals,STL,4,True,687363,Victor Scott II,Victor,Scott,11,2001-02-12,25,"5' 10""",190,8,Outfielder,L,Left,L,Left,0-0 | R,,0,0,0,0,0,0,1,0,0,0,0,0,0,0,,,,,,,,,,
2026-04-27,823395,,/api/v1.1/game/823395/feed/live,R,2026,2026-04-27,,night,P,N,N,Regular Season,1,4,1,Final,Final,31,PNC Park,134,Pittsburgh Pirates,PIT,2,False,138,St. Louis Cardinals,STL,4,True,701675,Nathan Church,Nathan,Church,27,2000-07-12,25,"5' 10""",180,7,Outfielder,L,Left,L,Left,0-4 | 2 K,,4,0,0,0,0,0,0,2,0,0,0,0,4,0,,,,,,,,,,
2026-04-27,823395,,/api/v1.1/game/823395/feed/live,R,2026,2026-04-27,,night,P,N,N,Regular Season,1,4,1,Final,Final,31,PNC Park,134,Pittsburgh Pirates,PIT,2,False,138,St. Louis Cardinals,STL,4,True,681517,Kyle Leahy,Kyle,Leahy,62,1997-06-04,28,"6' 5""",225,1,Pitcher,S,Switch,R,Right,,,,,,,,,,,,,,,,,,,,,,,,,,
2026-04-27,823395,,/api/v1.1/game/823395/feed/live,R,2026,2026-04-27,,night,P,N,N,Regular Season,1,4,1,Final,Final,31,PNC Park,134,Pittsburgh Pirates,PIT,2,False,138,St. Louis Cardinals,STL,4,True,665877,José Fermín,José,Fermín,15,1999-03-29,27,"5' 10""",198,7,Outfielder,R,Right,R,Right,"2-2 | 2B, 2 RBI",,2,2,1,0,0,2,0,0,0,0,0,0,2,3,,,,,,,,,,
2026-04-27,823395,,/api/v1.1/game/823395/feed/live,R,2026,2026-04-27,,night,P,N,N,Regular Season,1,4,1,Final,Final,31,PNC Park,134,Pittsburgh Pirates,PIT,2,False,138,St. Louis Cardinals,STL,4,True,681676,Ryan Fernandez,Ryan,Fernandez,64,1998-06-11,27,"6' 0""",200,1,Pitcher,R,Right,R,Right,"2.0 IP, 0 ER, 4 K, 0 BB",,,,,,,,,,,,,,,,2.0,0,0,0,4,0,23,1,0,0
2026-04-27,823395,,/api/v1.1/game/823395/feed/live,R,2026,2026-04-27,,night,P,N,N,Regular Season,1,4,1,Final,Final,31,PNC Park,134,Pittsburgh Pirates,PIT,2,False,138,St. Louis Cardinals,STL,4,True,700669,Gordon Graceffo,Gordon,Graceffo,44,2000-03-17,26,"6' 4""",220,1,Pitcher,R,Right,R,Right,,,,,,,,,,,,,,,,,,,,,,,,,,
2026-04-27,823395,,/api/v1.1/game/823395/feed/live,R,2026,2026-04-27,,night,P,N,N,Regular Season,1,4,1,Final,Final,31,PNC Park,134,Pittsburgh Pirates,PIT,2,False,138,St. Louis Cardinals,STL,4,True,668941,JoJo Romero,Joseph,Romero,59,1996-09-09,29,"5' 11""",215,1,Pitcher,L,Left,L,Left,,,,,,,,,,,,,,,,,,,,,,,,,,
2026-04-27,823395,,/api/v1.1/game/823395/feed/live,R,2026,2026-04-27,,night,P,N,N,Regular Season,1,4,1,Final,Final,31,PNC Park,134,Pittsburgh Pirates,PIT,2,False,138,St. Louis Cardinals,STL,4,True,802139,JJ Wetherholt,Jonathan,Wetherholt,26,2002-09-10,23,"5' 9""",190,4,Second Base,L,Left,R,Right,"1-4 | HR, RBI, R",,4,1,0,0,1,1,1,0,0,0,0,0,4,4,,,,,,,,,,
2026-04-27,823395,,/api/v1.1/game/823395/feed/live,R,2026,2026-04-27,,night,P,N,N,Regular Season,1,4,1,Final,Final,31,PNC Park,134,Pittsburgh Pirates,PIT,2,False,138,St. Louis Cardinals,STL,4,True,677865,Justin Bruihl,Justin,Bruihl,47,1997-06-26,28,"6' 2""",215,1,Pitcher,L,Left,L,Left,,,,,,,,,,,,,,,,,,,,,,,,,,
2026-04-27,823395,,/api/v1.1/game/823395/feed/live,R,2026,2026-04-27,,night,P,N,N,Regular Season,1,4,1,Final,Final,31,PNC Park,134,Pittsburgh Pirates,PIT,2,False,138,St. Louis Cardinals,STL,4,True,676475,Alec Burleson,Alec,Burleson,41,1998-11-25,27,"6' 0""",225,3,First Base,L,Left,L,Left,2-4 | R,,4,2,0,0,0,0,1,0,0,0,0,0,4,2,,,,,,,,,,
2026-04-27,823395,,/api/v1.1/game/823395/feed/live,R,2026,2026-04-27,,night,P,N,N,Regular Season,1,4,1,Final,Final,31,PNC Park,134,Pittsburgh Pirates,PIT,2,False,138,St. Louis Cardinals,STL,4,True,695336,Thomas Saggese,Thomas,Saggese,25,2002-04-10,24,"5' 10""",185,7,Outfielder,R,Right,R,Right,0-3 | 2 K,,3,0,0,0,0,0,0,2,0,0,0,0,3,0,,,,,,,,,,
2026-04-27,823395,,/api/v1.1/game/823395/feed/live,R,2026,2026-04-27,,night,P,N,N,Regular Season,1,4,1,Final,Final,31,PNC Park,134,Pittsburgh Pirates,PIT,2,False,138,St. Louis Cardinals,STL,4,True,676617,Riley O'Brien,Riley,O'Brien,61,1995-02-06,31,"6' 4""",180,1,Pitcher,R,Right,R,Right,,,,,,,,,,,,,,,,,,,,,,,,,,
2026-04-27,823395,,/api/v1.1/game/823395/feed/live,R,2026,2026-04-27,,night,P,N,N,Regular Season,1,4,1,Final,Final,31,PNC Park,134,Pittsburgh Pirates,PIT,2,False,138,St. Louis Cardinals,STL,4,True,669467,Andre Pallante,Neil,Pallante,53,1998-09-18,27,"6' 0""",215,1,Pitcher,R,Right,R,Right,,,,,,,,,,,,,,,,,,,,,,,,,,
2026-04-27,823395,,/api/v1.1/game/823395/feed/live,R,2026,2026-04-27,,night,P,N,N,Regular Season,1,4,1,Final,Final,31,PNC Park,134,Pittsburgh Pirates,PIT,2,False,138,St. Louis Cardinals,STL,4,True,650968,Yohel Pozo,Yohel,Pozo,63,1997-06-14,28,"5' 11""",201,2,Catcher,R,Right,R,Right,,,,,,,,,,,,,,,,,,,,,,,,,,
2026-04-27,823395,,/api/v1.1/game/823395/feed/live,R,2026,2026-04-27,,night,P,N,N,Regular Season,1,4,1,Final,Final,31,PNC Park,134,Pittsburgh Pirates,PIT,2,False,138,St. Louis Cardinals,STL,4,True,666277,George Soriano,George,Soriano,65,1999-03-24,27,"6' 2""",210,1,Pitcher,R,Right,R,Right,0-0,,0,0,0,0,0,0,0,0,0,0,0,0,0,0,1.0,0,1,0,1,0,21,0,0,1
2026-04-27,823395,,/api/v1.1/game/823395/feed/live,R,2026,2026-04-27,,night,P,N,N,Regular Season,1,4,1,Final,Final,31,PNC Park,134,Pittsburgh Pirates,PIT,2,False,138,St. Louis Cardinals,STL,4,True,602104,Ramón Urías,Ramón,Urías,29,1994-06-03,31,"5' 9""",185,5,Third Base,R,Right,R,Right,0-0,,0,0,0,0,0,0,0,0,0,0,0,0,0,0,,,,,,,,,,
2026-04-27,823395,,/api/v1.1/game/823395/feed/live,R,2026,2026-04-27,,night,P,N,N,Regular Season,1,4,1,Final,Final,31,PNC Park,134,Pittsburgh Pirates,PIT,2,False,138,St. Louis Cardinals,STL,4,True,686780,Pedro Pagés,Pedro,Pagés,43,1998-09-17,27,"5' 11""",245,2,Catcher,R,Right,R,Right,"1-3 | HR, RBI, R",,3,1,0,0,1,1,1,0,0,0,0,0,3,4,,,,,,,,,,
2026-04-27,823395,,/api/v1.1/game/823395/feed/live,R,2026,2026-04-27,,night,P,N,N,Regular Season,1,4,1,Final,Final,31,PNC Park,134,Pittsburgh Pirates,PIT,2,False,138,St. Louis Cardinals,STL,4,True,669461,Matthew Liberatore,Matthew,Liberatore,32,1999-11-06,26,"6' 4""",215,1,Pitcher,L,Left,L,Left,,,,,,,,,,,,,,,,,,,,,,,,,,
2026-04-27,823395,,/api/v1.1/game/823395/feed/live,R,2026,2026-04-27,,night,P,N,N,Regular Season,1,4,1,Final,Final,31,PNC Park,134,Pittsburgh Pirates,PIT,2,False,138,St. Louis Cardinals,STL,4,True,592773,Ryne Stanek,Ryne,Stanek,55,1991-07-26,34,"6' 4""",226,1,Pitcher,R,Right,R,Right,,,,,,,,,,,,,,,,,,,,,,,,,,
2026-04-27,823395,,/api/v1.1/game/823395/feed/live,R,2026,2026-04-27,,night,P,N,N,Regular Season,1,4,1,Final,Final,31,PNC Park,134,Pittsburgh Pirates,PIT,2,False,138,St. Louis Cardinals,STL,4,True,669160,Dustin May,Dustin,May,3,1997-09-06,28,"6' 6""",180,1,Pitcher,R,Right,R,Right,"6.0 IP, 2 ER, 2 K, 2 BB",,,,,,,,,,,,,,,,6.0,2,7,0,2,2,95,0,0,0
2026-04-27,823395,,/api/v1.1/game/823395/feed/live,R,2026,2026-04-27,,night,P,N,N,Regular Season,1,4,1,Final,Final,31,PNC Park,134,Pittsburgh Pirates,PIT,2,False,138,St. Louis Cardinals,STL,4,True,691026,Masyn Winn,Masyn,Winn,0,2002-03-21,24,"5' 9""",185,6,Shortstop,R,Right,R,Right,0-4,,4,0,0,0,0,0,0,0,0,0,0,1,4,0,,,,,,,,,,
2026-04-27,823395,,/api/v1.1/game/823395/feed/live,R,2026,2026-04-27,,night,P,N,N,Regular Season,1,4,1,Final,Final,31,PNC Park,134,Pittsburgh Pirates,PIT,2,False,138,St. Louis Cardinals,STL,4,True,671056,Iván Herrera,Ivan,Herrera,48,2000-06-01,25,"5' 11""",220,2,Catcher,R,Right,R,Right,"0-3 | BB, K",,3,0,0,0,0,0,0,1,1,0,0,0,4,0,,,,,,,,,,
2026-04-27,822825,,/api/v1.1/game/822825/feed/live,R,2026,2026-04-27,,night,P,N,N,Regular Season,1,3,1,Final,Final,14,Rogers Centre,141,Toronto Blue Jays,TOR,0,False,111,Boston Red Sox,BOS,5,True,672820,Lenyn Sosa,Lenyn,Sosa,50,2000-01-25,26,"5' 11""",210,4,Second Base,R,Right,R,Right,0-3 | K,,3,0,0,0,0,0,0,1,0,0,0,0,3,0,,,,,,,,,,
2026-04-27,822825,,/api/v1.1/game/822825/feed/live,R,2026,2026-04-27,,night,P,N,N,Regular Season,1,3,1,Final,Final,14,Rogers Centre,141,Toronto Blue Jays,TOR,0,False,111,Boston Red Sox,BOS,5,True,695445,Chase Lee,Chase,Lee,52,1998-08-13,27,"6' 0""",170,1,Pitcher,R,Right,R,Right,"1.1 IP, ER, K, 0 BB",,,,,,,,,,,,,,,,1.1,1,1,1,1,0,21,0,0,0
2026-04-27,822825,,/api/v1.1/game/822825/feed/live,R,2026,2026-04-27,,night,P,N,N,Regular Season,1,3,1,Final,Final,14,Rogers Centre,141,Toronto Blue Jays,TOR,0,False,111,Boston Red Sox,BOS,5,True,693686,Spencer Miles,Spencer,Miles,62,2000-07-26,25,"6' 3""",180,1,Pitcher,L,Left,R,Right,,,,,,,,,,,,,,,,,,,,,,,,,,
2026-04-27,822825,,/api/v1.1/game/822825/feed/live,R,2026,2026-04-27,,night,P,N,N,Regular Season,1,3,1,Final,Final,14,Rogers Centre,141,Toronto Blue Jays,TOR,0,False,111,Boston Red Sox,BOS,5,True,667297,Tommy Nance,Thomas,Nance,45,1991-03-19,35,"6' 6""",235,1,Pitcher,R,Right,R,Right,"1.0 IP, 0 ER, 0 K, BB",,,,,,,,,,,,,,,,1.0,0,0,0,0,1,16,0,0,0
2026-04-27,822825,,/api/v1.1/game/822825/feed/live,R,2026,2026-04-27,,night,P,N,N,Regular Season,1,3,1,Final,Final,14,Rogers Centre,141,Toronto Blue Jays,TOR,0,False,111,Boston Red Sox,BOS,5,True,686973,Louis Varland,Louis,Varland,77,1997-12-09,28,"6' 1""",205,1,Pitcher,L,Left,R,Right,,,,,,,,,,,,,,,,,,,,,,,,,,
2026-04-27,822825,,/api/v1.1/game/822825/feed/live,R,2026,2026-04-27,,night,P,N,N,Regular Season,1,3,1,Final,Final,14,Rogers Centre,141,Toronto Blue Jays,TOR,0,False,111,Boston Red Sox,BOS,5,True,573009,Joe Mantiply,Joseph,Mantiply,35,1991-03-01,35,"6' 4""",219,1,Pitcher,R,Right,L,Left,"1.0 IP, 0 ER, 2 K, 0 BB",,,,,,,,,,,,,,,,1.0,0,1,0,2,0,12,0,0,0
2026-04-27,822825,,/api/v1.1/game/822825/feed/live,R,2026,2026-04-27,,night,P,N,N,Regular Season,1,3,1,Final,Final,14,Rogers Centre,141,Toronto Blue Jays,TOR,0,False,111,Boston Red Sox,BOS,5,True,676391,Ernie Clement,Ernie,Clement,22,1996-03-22,30,"6' 0""",170,4,Second Base,R,Right,R,Right,0-4,,4,0,0,0,0,0,0,0,0,0,0,0,4,0,,,,,,,,,,
2026-04-27,822825,,/api/v1.1/game/822825/feed/live,R,2026,2026-04-27,,night,P,N,N,Regular Season,1,3,1,Final,Final,14,Rogers Centre,141,Toronto Blue Jays,TOR,0,False,111,Boston Red Sox,BOS,5,True,662139,Daulton Varsho,Daulton,Varsho,5,1996-07-02,29,"5' 8""",207,8,Outfielder,L,Left,R,Right,1-1 | 2B,,1,1,1,0,0,0,0,0,0,0,0,0,1,2,,,,,,,,,,
2026-04-27,822825,,/api/v1.1/game/822825/feed/live,R,2026,2026-04-27,,night,P,N,N,Regular Season,1,3,1,Final,Final,14,Rogers Centre,141,Toronto Blue Jays,TOR,0,False,111,Boston Red Sox,BOS,5,True,592332,Kevin Gausman,Kevin,Gausman,34,1991-01-06,35,"6' 2""",205,1,Pitcher,L,Left,R,Right,,,,,,,,,,,,,,,,,,,,,,,,,,
2026-04-27,822825,,/api/v1.1/game/822825/feed/live,R,2026,2026-04-27,,night,P,N,N,Regular Season,1,3,1,Final,Final,14,Rogers Centre,141,Toronto Blue Jays,TOR,0,False,111,Boston Red Sox,BOS,5,True,665926,Andrés Giménez,Andrés,Giménez,0,1998-09-04,27,"5' 11""",161,6,Shortstop,L,Left,R,Right,,,,,,,,,,,,,,,,,,,,,,,,,,
2026-04-27,822825,,/api/v1.1/game/822825/feed/live,R,2026,2026-04-27,,night,P,N,N,Regular Season,1,3,1,Final,Final,14,Rogers Centre,141,Toronto Blue Jays,TOR,0,False,111,Boston Red Sox,BOS,5,True,641778,Eric Lauer,Eric,Lauer,56,1995-06-03,30,"6' 3""",209,1,Pitcher,R,Right,L,Left,,,,,,,,,,,,,,,,,,,,,,,,,,
2026-04-27,822825,,/api/v1.1/game/822825/feed/live,R,2026,2026-04-27,,night,P,N,N,Regular Season,1,3,1,Final,Final,14,Rogers Centre,141,Toronto Blue Jays,TOR,0,False,111,Boston Red Sox,BOS,5,True,678218,Brandon Valenzuela,Brandon,Valenzuela,59,2000-10-02,25,"6' 0""",225,2,Catcher,S,Switch,R,Right,,,,,,,,,,,,,,,,,,,,,,,,,,
2026-04-27,822825,,/api/v1.1/game/822825/feed/live,R,2026,2026-04-27,,night,P,N,N,Regular Season,1,3,1,Final,Final,14,Rogers Centre,141,Toronto Blue Jays,TOR,0,False,111,Boston Red Sox,BOS,5,True,656546,Jeff Hoffman,Jeffrey,Hoffman,23,1993-01-08,33,"6' 5""",235,1,Pitcher,R,Right,R,Right,,,,,,,,,,,,,,,,,,,,,,,,,,
2026-04-27,822825,,/api/v1.1/game/822825/feed/live,R,2026,2026-04-27,,night,P,N,N,Regular Season,1,3,1,Final,Final,14,Rogers Centre,141,Toronto Blue Jays,TOR,0,False,111,Boston Red Sox,BOS,5,True,656302,Dylan Cease,Dylan,Cease,84,1995-12-28,30,"6' 2""",200,1,Pitcher,R,Right,R,Right,"5.2 IP, 4 ER, 5 K, 3 BB",,,,,,,,,,,,,,,,5.2,4,7,0,5,3,107,0,1,0
2026-04-27,822825,,/api/v1.1/game/822825/feed/live,R,2026,2026-04-27,,night,P,N,N,Regular Season,1,3,1,Final,Final,14,Rogers Centre,141,Toronto Blue Jays,TOR,0,False,111,Boston Red Sox,BOS,5,True,676914,Davis Schneider,Davis,Schneider,36,1999-01-26,27,"5' 8""",190,7,Outfielder,R,Right,R,Right,"0-1 | BB, K",,1,0,0,0,0,0,0,1,1,0,0,0,2,0,,,,,,,,,,
2026-04-27,822825,,/api/v1.1/game/822825/feed/live,R,2026,2026-04-27,,night,P,N,N,Regular Season,1,3,1,Final,Final,14,Rogers Centre,141,Toronto Blue Jays,TOR,0,False,111,Boston Red Sox,BOS,5,True,682818,Yohendrick Pinango,Yohendrick,Pinango,24,2002-05-07,23,"5' 10""",170,7,Outfielder,L,Left,L,Left,0-1,,1,0,0,0,0,0,0,0,0,0,0,0,1,0,,,,,,,,,,
2026-04-27,822825,,/api/v1.1/game/822825/feed/live,R,2026,2026-04-27,,night,P,N,N,Regular Season,1,3,1,Final,Final,14,Rogers Centre,141,Toronto Blue Jays,TOR,0,False,111,Boston Red Sox,BOS,5,True,689254,Mason Fluharty,Mason,Fluharty,68,2001-08-13,24,"6' 2""",215,1,Pitcher,R,Right,L,Left,,,,,,,,,,,,,,,,,,,,,,,,,,
2026-04-27,822825,,/api/v1.1/game/822825/feed/live,R,2026,2026-04-27,,night,P,N,N,Regular Season,1,3,1,Final,Final,14,Rogers Centre,141,Toronto Blue Jays,TOR,0,False,111,Boston Red Sox,BOS,5,True,680755,Braydon Fisher,Braydon,Fisher,63,2000-07-26,25,"6' 4""",180,1,Pitcher,R,Right,R,Right,,,,,,,,,,,,,,,,,,,,,,,,,,
2026-04-27,822825,,/api/v1.1/game/822825/feed/live,R,2026,2026-04-27,,night,P,N,N,Regular Season,1,3,1,Final,Final,14,Rogers Centre,141,Toronto Blue Jays,TOR,0,False,111,Boston Red Sox,BOS,5,True,623168,Tyler Heineman,Tyler,Heineman,55,1991-06-19,34,"5' 10""",190,2,Catcher,S,Switch,R,Right,0-3 | K,,3,0,0,0,0,0,0,1,0,0,0,1,3,0,,,,,,,,,,
2026-04-27,822825,,/api/v1.1/game/822825/feed/live,R,2026,2026-04-27,,night,P,N,N,Regular Season,1,3,1,Final,Final,14,Rogers Centre,141,Toronto Blue Jays,TOR,0,False,111,Boston Red Sox,BOS,5,True,643511,Tyler Rogers,Tyler,Rogers,71,1990-12-17,35,"6' 3""",180,1,Pitcher,R,Right,R,Right,,,,,,,,,,,,,,,,,,,,,,,,,,
2026-04-27,822825,,/api/v1.1/game/822825/feed/live,R,2026,2026-04-27,,night,P,N,N,Regular Season,1,3,1,Final,Final,14,Rogers Centre,141,Toronto Blue Jays,TOR,0,False,111,Boston Red Sox,BOS,5,True,665489,Vladimir Guerrero Jr.,Vladimir,Guerrero,27,1999-03-16,27,"6' 0""",245,3,First Base,R,Right,R,Right,0-3 | 2 K,,3,0,0,0,0,0,0,2,0,0,0,0,3,0,,,,,,,,,,
2026-04-27,822825,,/api/v1.1/game/822825/feed/live,R,2026,2026-04-27,,night,P,N,N,Regular Season,1,3,1,Final,Final,14,Rogers Centre,141,Toronto Blue Jays,TOR,0,False,111,Boston Red Sox,BOS,5,True,571578,Patrick Corbin,Patrick,Corbin,46,1989-07-19,36,"6' 4""",225,1,Pitcher,L,Left,L,Left,,,,,,,,,,,,,,,,,,,,,,,,,,
2026-04-27,822825,,/api/v1.1/game/822825/feed/live,R,2026,2026-04-27,,night,P,N,N,Regular Season,1,3,1,Final,Final,14,Rogers Centre,141,Toronto Blue Jays,TOR,0,False,111,Boston Red Sox,BOS,5,True,660821,Jesús Sánchez,Jesús,Sánchez,12,1997-10-07,28,"6' 3""",222,7,Outfielder,L,Left,R,Right,"1-3 | 2B, 2 K",,3,1,1,0,0,0,0,2,0,0,0,0,3,2,,,,,,,,,,
2026-04-27,822825,,/api/v1.1/game/822825/feed/live,R,2026,2026-04-27,,night,P,N,N,Regular Season,1,3,1,Final,Final,14,Rogers Centre,141,Toronto Blue Jays,TOR,0,False,111,Boston Red Sox,BOS,5,True,650391,Eloy Jiménez,Eloy,Jiménez,74,1996-11-27,29,"6' 4""",250,10,Designated Hitter,R,Right,R,Right,0-3 | 2 K,,3,0,0,0,0,0,0,2,0,0,0,0,3,0,,,,,,,,,,
2026-04-27,822825,,/api/v1.1/game/822825/feed/live,R,2026,2026-04-27,,night,P,N,N,Regular Season,1,3,1,Final,Final,14,Rogers Centre,141,Toronto Blue Jays,TOR,0,False,111,Boston Red Sox,BOS,5,True,664702,Myles Straw,Myles,Straw,3,1994-10-17,31,"5' 9""",178,9,Outfielder,R,Right,R,Right,0-3 | K,,3,0,0,0,0,0,0,1,0,0,0,0,3,0,,,,,,,,,,
2026-04-27,822825,,/api/v1.1/game/822825/feed/live,R,2026,2026-04-27,,night,P,N,N,Regular Season,1,3,1,Final,Final,14,Rogers Centre,141,Toronto Blue Jays,TOR,0,False,111,Boston Red Sox,BOS,5,True,672960,Kazuma Okamoto,Kazuma,Okamoto,7,1996-06-30,29,"6' 1""",220,5,Third Base,R,Right,R,Right,0-3,,3,0,0,0,0,0,0,0,0,0,0,0,3,0,,,,,,,,,,
2026-04-27,822825,,/api/v1.1/game/822825/feed/live,R,2026,2026-04-27,,night,P,N,N,Regular Season,1,3,1,Final,Final,14,Rogers Centre,141,Toronto Blue Jays,TOR,0,False,111,Boston Red Sox,BOS,5,True,701350,Roman Anthony,Roman,Anthony,19,2004-05-13,21,"6' 3""",200,7,Outfielder,L,Left,R,Right,"1-4 | BB, 2 K, RBI",,4,1,0,0,0,1,0,2,1,0,0,0,5,1,,,,,,,,,,
2026-04-27,822825,,/api/v1.1/game/822825/feed/live,R,2026,2026-04-27,,night,P,N,N,Regular Season,1,3,1,Final,Final,14,Rogers Centre,141,Toronto Blue Jays,TOR,0,False,111,Boston Red Sox,BOS,5,True,575929,Willson Contreras,Willson,Contreras,40,1992-05-13,33,"6' 0""",240,3,First Base,R,Right,R,Right,"1-4 | HBP, K, 2 R",,4,1,0,0,0,0,2,1,0,0,0,0,5,1,,,,,,,,,,
2026-04-27,822825,,/api/v1.1/game/822825/feed/live,R,2026,2026-04-27,,night,P,N,N,Regular Season,1,3,1,Final,Final,14,Rogers Centre,141,Toronto Blue Jays,TOR,0,False,111,Boston Red Sox,BOS,5,True,813349,Connelly Early,Todd,Early,71,2002-04-03,24,"6' 3""",195,1,Pitcher,L,Left,L,Left,,,,,,,,,,,,,,,,,,,,,,,,,,
2026-04-27,822825,,/api/v1.1/game/822825/feed/live,R,2026,2026-04-27,,night,P,N,N,Regular Season,1,3,1,Final,Final,14,Rogers Centre,141,Toronto Blue Jays,TOR,0,False,111,Boston Red Sox,BOS,5,True,669711,Greg Weissert,Gregory,Weissert,57,1995-02-04,31,"6' 2""",235,1,Pitcher,R,Right,R,Right,"1.0 IP, 0 ER, 0 K, 0 BB",,,,,,,,,,,,,,,,1.0,0,1,0,0,0,10,0,0,0
2026-04-27,822825,,/api/v1.1/game/822825/feed/live,R,2026,2026-04-27,,night,P,N,N,Regular Season,1,3,1,Final,Final,14,Rogers Centre,141,Toronto Blue Jays,TOR,0,False,111,Boston Red Sox,BOS,5,True,657136,Connor Wong,Connor,Wong,12,1996-05-19,29,"5' 10""",190,2,Catcher,R,Right,R,Right,,,,,,,,,,,,,,,,,,,,,,,,,,
2026-04-27,822825,,/api/v1.1/game/822825/feed/live,R,2026,2026-04-27,,night,P,N,N,Regular Season,1,3,1,Final,Final,14,Rogers Centre,141,Toronto Blue Jays,TOR,0,False,111,Boston Red Sox,BOS,5,True,596115,Trevor Story,Trevor,Story,10,1992-11-15,33,"6' 1""",209,6,Shortstop,R,Right,R,Right,0-4 | K,,4,0,0,0,0,0,0,1,0,0,0,0,4,0,,,,,,,,,,
2026-04-27,822825,,/api/v1.1/game/822825/feed/live,R,2026,2026-04-27,,night,P,N,N,Regular Season,1,3,1,Final,Final,14,Rogers Centre,141,Toronto Blue Jays,TOR,0,False,111,Boston Red Sox,BOS,5,True,677161,Zack Kelly,Zachery,Kelly,76,1995-03-03,31,"6' 3""",231,1,Pitcher,R,Right,R,Right,,,,,,,,,,,,,,,,,,,,,,,,,,
2026-04-27,822825,,/api/v1.1/game/822825/feed/live,R,2026,2026-04-27,,night,P,N,N,Regular Season,1,3,1,Final,Final,14,Rogers Centre,141,Toronto Blue Jays,TOR,0,False,111,Boston Red Sox,BOS,5,True,678394,Brayan Bello,Brayan,Bello,66,1999-05-17,26,"6' 1""",195,1,Pitcher,R,Right,R,Right,,,,,,,,,,,,,,,,,,,,,,,,,,
2026-04-27,822825,,/api/v1.1/game/822825/feed/live,R,2026,2026-04-27,,night,P,N,N,Regular Season,1,3,1,Final,Final,14,Rogers Centre,141,Toronto Blue Jays,TOR,0,False,111,Boston Red Sox,BOS,5,True,677800,Wilyer Abreu,Wilyer,Abreu,52,1999-06-24,26,"5' 10""",215,9,Outfielder,L,Left,L,Left,"2-4 | 2B, BB, RBI",,4,2,1,0,0,1,0,0,1,0,0,0,5,3,,,,,,,,,,
2026-04-27,822825,,/api/v1.1/game/822825/feed/live,R,2026,2026-04-27,,night,P,N,N,Regular Season,1,3,1,Final,Final,14,Rogers Centre,141,Toronto Blue Jays,TOR,0,False,111,Boston Red Sox,BOS,5,True,676477,Garrett Whitlock,Garrett,Whitlock,22,1996-06-11,29,"6' 5""",222,1,Pitcher,R,Right,R,Right,,,,,,,,,,,,,,,,,,,,,,,,,,
2026-04-27,822825,,/api/v1.1/game/822825/feed/live,R,2026,2026-04-27,,night,P,N,N,Regular Season,1,3,1,Final,Final,14,Rogers Centre,141,Toronto Blue Jays,TOR,0,False,111,Boston Red Sox,BOS,5,True,655316,Andruw Monasterio,Andruw,Monasterio,32,1997-05-30,28,"5' 11""",195,6,Shortstop,R,Right,R,Right,,,,,,,,,,,,,,,,,,,,,,,,,,
2026-04-27,822825,,/api/v1.1/game/822825/feed/live,R,2026,2026-04-27,,night,P,N,N,Regular Season,1,3,1,Final,Final,14,Rogers Centre,141,Toronto Blue Jays,TOR,0,False,111,Boston Red Sox,BOS,5,True,643396,Isiah Kiner-Falefa,Isiah,Kiner-Falefa,2,1995-03-23,31,"5' 10""",195,4,Second Base,R,Right,R,Right,,,,,,,,,,,,,,,,,,,,,,,,,,
2026-04-27,822825,,/api/v1.1/game/822825/feed/live,R,2026,2026-04-27,,night,P,N,N,Regular Season,1,3,1,Final,Final,14,Rogers Centre,141,Toronto Blue Jays,TOR,0,False,111,Boston Red Sox,BOS,5,True,676979,Garrett Crochet,Garrett,Crochet,35,1999-06-21,26,"6' 6""",245,1,Pitcher,L,Left,L,Left,,,,,,,,,,,,,,,,,,,,,,,,,,
2026-04-27,822825,,/api/v1.1/game/822825/feed/live,R,2026,2026-04-27,,night,P,N,N,Regular Season,1,3,1,Final,Final,14,Rogers Centre,141,Toronto Blue Jays,TOR,0,False,111,Boston Red Sox,BOS,5,True,702332,Caleb Durbin,Caleb,Durbin,5,2000-02-22,26,"5' 6""",183,5,Third Base,R,Right,R,Right,"1-3 | BB, RBI",,3,1,0,0,0,1,0,0,1,0,0,0,4,1,,,,,,,,,,
2026-04-27,822825,,/api/v1.1/game/822825/feed/live,R,2026,2026-04-27,,night,P,N,N,Regular Season,1,3,1,Final,Final,14,Rogers Centre,141,Toronto Blue Jays,TOR,0,False,111,Boston Red Sox,BOS,5,True,624133,Ranger Suarez,Ranger,Suarez,55,1995-08-26,30,"6' 1""",217,1,Pitcher,L,Left,L,Left,"8.0 IP, 0 ER, 10 K, BB",,,,,,,,,,,,,,,,8.0,0,1,0,10,1,105,1,0,0
2026-04-27,822825,,/api/v1.1/game/822825/feed/live,R,2026,2026-04-27,,night,P,N,N,Regular Season,1,3,1,Final,Final,14,Rogers Centre,141,Toronto Blue Jays,TOR,0,False,111,Boston Red Sox,BOS,5,True,665966,Carlos Narváez,Carlos,Narváez,75,1998-11-26,27,"5' 11""",190,2,Catcher,R,Right,R,Right,"1-4 | HR, K, RBI",,4,1,0,0,1,1,1,1,0,0,0,1,4,4,,,,,,,,,,
2026-04-27,822825,,/api/v1.1/game/822825/feed/live,R,2026,2026-04-27,,night,P,N,N,Regular Season,1,3,1,Final,Final,14,Rogers Centre,141,Toronto Blue Jays,TOR,0,False,111,Boston Red Sox,BOS,5,True,680776,Jarren Duran,Jarren,Duran,16,1996-09-05,29,"6' 0""",205,7,Outfielder,L,Left,R,Right,"0-5 | K, R",,5,0,0,0,0,0,1,1,0,0,0,0,5,0,,,,,,,,,,
2026-04-27,822825,,/api/v1.1/game/822825/feed/live,R,2026,2026-04-27,,night,P,N,N,Regular Season,1,3,1,Final,Final,14,Rogers Centre,141,Toronto Blue Jays,TOR,0,False,111,Boston Red Sox,BOS,5,True,701719,Tyler Samaniego,Robert,Samaniego,78,1999-01-30,27,"6' 4""",205,1,Pitcher,R,Right,L,Left,,,,,,,,,,,,,,,,,,,,,,,,,,
2026-04-27,822825,,/api/v1.1/game/822825/feed/live,R,2026,2026-04-27,,night,P,N,N,Regular Season,1,3,1,Final,Final,14,Rogers Centre,141,Toronto Blue Jays,TOR,0,False,111,Boston Red Sox,BOS,5,True,801139,Payton Tolle,Payton,Tolle,70,2002-11-01,23,"6' 6""",250,1,Pitcher,L,Left,L,Left,,,,,,,,,,,,,,,,,,,,,,,,,,
2026-04-27,822825,,/api/v1.1/game/822825/feed/live,R,2026,2026-04-27,,night,P,N,N,Regular Season,1,3,1,Final,Final,14,Rogers Centre,141,Toronto Blue Jays,TOR,0,False,111,Boston Red Sox,BOS,5,True,678882,Ceddanne Rafaela,Ceddanne,Rafaela,3,2000-09-18,25,"5' 10""",165,8,Outfielder,R,Right,R,Right,1-4 | 2 K,,4,1,0,0,0,0,0,2,0,0,0,0,4,1,,,,,,,,,,
2026-04-27,822825,,/api/v1.1/game/822825/feed/live,R,2026,2026-04-27,,night,P,N,N,Regular Season,1,3,1,Final,Final,14,Rogers Centre,141,Toronto Blue Jays,TOR,0,False,111,Boston Red Sox,BOS,5,True,663558,Jovani Morán,Jovani,Moran,47,1997-04-24,29,"6' 1""",167,1,Pitcher,L,Left,L,Left,,,,,,,,,,,,,,,,,,,,,,,,,,
2026-04-27,822825,,/api/v1.1/game/822825/feed/live,R,2026,2026-04-27,,night,P,N,N,Regular Season,1,3,1,Final,Final,14,Rogers Centre,141,Toronto Blue Jays,TOR,0,False,111,Boston Red Sox,BOS,5,True,807799,Masataka Yoshida,Masataka,Yoshida,7,1993-07-15,32,"5' 8""",192,7,Outfielder,L,Left,R,Right,,,,,,,,,,,,,,,,,,,,,,,,,,
2026-04-27,822825,,/api/v1.1/game/822825/feed/live,R,2026,2026-04-27,,night,P,N,N,Regular Season,1,3,1,Final,Final,14,Rogers Centre,141,Toronto Blue Jays,TOR,0,False,111,Boston Red Sox,BOS,5,True,543056,Danny Coulombe,Daniel,Coulombe,67,1989-10-26,36,"5' 10""",190,1,Pitcher,L,Left,L,Left,,,,,,,,,,,,,,,,,,,,,,,,,,
2026-04-27,822825,,/api/v1.1/game/822825/feed/live,R,2026,2026-04-27,,night,P,N,N,Regular Season,1,3,1,Final,Final,14,Rogers Centre,141,Toronto Blue Jays,TOR,0,False,111,Boston Red Sox,BOS,5,True,691785,Marcelo Mayer,Marcelo,Mayer,11,2002-12-12,23,"6' 3""",188,4,Second Base,L,Left,R,Right,"2-3 | BB, RBI, R",,3,2,0,0,0,1,1,0,1,0,0,0,4,2,,,,,,,,,,
2026-04-27,822825,,/api/v1.1/game/822825/feed/live,R,2026,2026-04-27,,night,P,N,N,Regular Season,1,3,1,Final,Final,14,Rogers Centre,141,Toronto Blue Jays,TOR,0,False,111,Boston Red Sox,BOS,5,True,547973,Aroldis Chapman,Albertin,Chapman,44,1988-02-28,38,"6' 4""",235,1,Pitcher,L,Left,L,Left,,,,,,,,,,,,,,,,,,,,,,,,,,
2026-04-27,822825,,/api/v1.1/game/822825/feed/live,R,2026,2026-04-27,,night,P,N,N,Regular Season,1,3,1,Final,Final,14,Rogers Centre,141,Toronto Blue Jays,TOR,0,False,111,Boston Red Sox,BOS,5,True,670245,Ryan Watson,Ryan,Watson,56,1997-11-15,28,"6' 5""",225,1,Pitcher,R,Right,R,Right,,,,,,,,,,,,,,,,,,,,,,,,,,
2026-04-27,823719,,/api/v1.1/game/823719/feed/live,R,2026,2026-04-27,,night,P,N,N,Regular Season,1,3,1,Final,Final,3312,Target Field,142,Minnesota Twins,MIN,11,True,136,Seattle Mariners,SEA,4,False,671737,Taj Bradley,Taj,Bradley,26,2001-03-20,25,"6' 2""",220,1,Pitcher,R,Right,R,Right,,,,,,,,,,,,,,,,,,,,,,,,,,
2026-04-27,823719,,/api/v1.1/game/823719/feed/live,R,2026,2026-04-27,,night,P,N,N,Regular Season,1,3,1,Final,Final,3312,Target Field,142,Minnesota Twins,MIN,11,True,136,Seattle Mariners,SEA,4,False,623437,Justin Topa,Justin,Topa,48,1991-03-07,35,"6' 4""",200,1,Pitcher,R,Right,R,Right,,,,,,,,,,,,,,,,,,,,,,,,,,
2026-04-27,823719,,/api/v1.1/game/823719/feed/live,R,2026,2026-04-27,,night,P,N,N,Regular Season,1,3,1,Final,Final,3312,Target Field,142,Minnesota Twins,MIN,11,True,136,Seattle Mariners,SEA,4,False,605170,Victor Caratini,Victor,Caratini,37,1993-08-17,32,"6' 0""",225,2,Catcher,S,Switch,R,Right,,,,,,,,,,,,,,,,,,,,,,,,,,
2026-04-27,823719,,/api/v1.1/game/823719/feed/live,R,2026,2026-04-27,,night,P,N,N,Regular Season,1,3,1,Final,Final,3312,Target Field,142,Minnesota Twins,MIN,11,True,136,Seattle Mariners,SEA,4,False,665019,Kody Clemens,Kody,Clemens,2,1996-05-15,29,"6' 0""",200,3,First Base,L,Left,R,Right,"2-5 | HR, K, 5 RBI",,5,2,0,0,1,5,1,1,0,0,0,0,5,5,,,,,,,,,,
2026-04-27,823719,,/api/v1.1/game/823719/feed/live,R,2026,2026-04-27,,night,P,N,N,Regular Season,1,3,1,Final,Final,3312,Target Field,142,Minnesota Twins,MIN,11,True,136,Seattle Mariners,SEA,4,False,686797,Brooks Lee,Brooks,Lee,22,2001-02-14,25,"6' 0""",205,6,Shortstop,S,Switch,R,Right,"0-4 | BB, R",,4,0,0,0,0,0,1,0,1,0,0,0,5,0,,,,,,,,,,
2026-04-27,823719,,/api/v1.1/game/823719/feed/live,R,2026,2026-04-27,,night,P,N,N,Regular Season,1,3,1,Final,Final,3312,Target Field,142,Minnesota Twins,MIN,11,True,136,Seattle Mariners,SEA,4,False,668885,Austin Martin,Christopher,Martin,16,1999-03-23,27,"5' 10""",185,7,Outfielder,R,Right,R,Right,,,,,,,,,,,,,,,,,,,,,,,,,,
2026-04-27,823719,,/api/v1.1/game/823719/feed/live,R,2026,2026-04-27,,night,P,N,N,Regular Season,1,3,1,Final,Final,3312,Target Field,142,Minnesota Twins,MIN,11,True,136,Seattle Mariners,SEA,4,False,680573,Simeon Woods Richardson,Simeon,Woods Richardson,24,2000-09-27,25,"6' 3""",210,1,Pitcher,R,Right,R,Right,,,,,,,,,,,,,,,,,,,,,,,,,,
2026-04-27,823719,,/api/v1.1/game/823719/feed/live,R,2026,2026-04-27,,night,P,N,N,Regular Season,1,3,1,Final,Final,3312,Target Field,142,Minnesota Twins,MIN,11,True,136,Seattle Mariners,SEA,4,False,656484,Tristan Gray,Tristan,Gray,4,1996-03-22,30,"6' 1""",215,5,Third Base,L,Left,R,Right,"2-3 | BB, K, 2 R",,3,2,0,0,0,0,2,1,1,0,0,0,4,2,,,,,,,,,,
2026-04-27,823719,,/api/v1.1/game/823719/feed/live,R,2026,2026-04-27,,night,P,N,N,Regular Season,1,3,1,Final,Final,3312,Target Field,142,Minnesota Twins,MIN,11,True,136,Seattle Mariners,SEA,4,False,607455,Anthony Banda,Frank,Banda,43,1993-08-10,32,"6' 2""",221,1,Pitcher,L,Left,L,Left,,,,,,,,,,,,,,,,,,,,,,,,,,
2026-04-27,823719,,/api/v1.1/game/823719/feed/live,R,2026,2026-04-27,,night,P,N,N,Regular Season,1,3,1,Final,Final,3312,Target Field,142,Minnesota Twins,MIN,11,True,136,Seattle Mariners,SEA,4,False,605137,Josh Bell,Joshua,Bell,56,1992-08-14,33,"6' 3""",261,3,First Base,S,Switch,R,Right,"1-4 | BB, 2 R",,4,1,0,0,0,0,2,0,1,0,0,0,5,1,,,,,,,,,,
2026-04-27,823719,,/api/v1.1/game/823719/feed/live,R,2026,2026-04-27,,night,P,N,N,Regular Season,1,3,1,Final,Final,3312,Target Field,142,Minnesota Twins,MIN,11,True,136,Seattle Mariners,SEA,4,False,687570,Connor Prielipp,Connor,Prielipp,61,2001-01-10,25,"6' 2""",210,1,Pitcher,L,Left,L,Left,"5.0 IP, 2 ER, 5 K, 3 BB",,,,,,,,,,,,,,,,5.0,2,1,0,5,3,84,1,0,0
2026-04-27,823719,,/api/v1.1/game/823719/feed/live,R,2026,2026-04-27,,night,P,N,N,Regular Season,1,3,1,Final,Final,3312,Target Field,142,Minnesota Twins,MIN,11,True,136,Seattle Mariners,SEA,4,False,680777,Ryan Jeffers,Ryan,Jeffers,27,1997-06-03,28,"6' 2""",235,2,Catcher,R,Right,R,Right,"2-4 | BB, 2 RBI, 2 R",,4,2,0,0,0,2,2,0,1,1,0,0,5,2,,,,,,,,,,
2026-04-27,823719,,/api/v1.1/game/823719/feed/live,R,2026,2026-04-27,,night,P,N,N,Regular Season,1,3,1,Final,Final,3312,Target Field,142,Minnesota Twins,MIN,11,True,136,Seattle Mariners,SEA,4,False,681546,James Outman,James,Outman,30,1997-05-14,28,"6' 2""",215,8,Outfielder,L,Left,R,Right,0-0 | R,,0,0,0,0,0,0,1,0,0,0,0,0,0,0,,,,,,,,,,
2026-04-27,823719,,/api/v1.1/game/823719/feed/live,R,2026,2026-04-27,,night,P,N,N,Regular Season,1,3,1,Final,Final,3312,Target Field,142,Minnesota Twins,MIN,11,True,136,Seattle Mariners,SEA,4,False,663485,Cole Sands,Bryson,Sands,44,1997-07-17,28,"6' 3""",215,1,Pitcher,R,Right,R,Right,,,,,,,,,,,,,,,,,,,,,,,,,,
2026-04-27,823719,,/api/v1.1/game/823719/feed/live,R,2026,2026-04-27,,night,P,N,N,Regular Season,1,3,1,Final,Final,3312,Target Field,142,Minnesota Twins,MIN,11,True,136,Seattle Mariners,SEA,4,False,573124,Taylor Rogers,Taylor,Rogers,55,1990-12-17,35,"6' 3""",190,1,Pitcher,L,Left,L,Left,"1.0 IP, 0 ER, 0 K, BB",,,,,,,,,,,,,,,,1.0,0,0,0,0,1,14,0,0,0
2026-04-27,823719,,/api/v1.1/game/823719/feed/live,R,2026,2026-04-27,,night,P,N,N,Regular Season,1,3,1,Final,Final,3312,Target Field,142,Minnesota Twins,MIN,11,True,136,Seattle Mariners,SEA,4,False,641927,Bailey Ober,John,Ober,17,1995-07-12,30,"6' 9""",260,1,Pitcher,R,Right,R,Right,,,,,,,,,,,,,,,,,,,,,,,,,,
2026-04-27,823719,,/api/v1.1/game/823719/feed/live,R,2026,2026-04-27,,night,P,N,N,Regular Season,1,3,1,Final,Final,3312,Target Field,142,Minnesota Twins,MIN,11,True,136,Seattle Mariners,SEA,4,False,681892,Kody Funderburk,Kody,Funderburk,57,1996-11-27,29,"6' 4""",230,1,Pitcher,L,Left,L,Left,,,,,,,,,,,,,,,,,,,,,,,,,,
2026-04-27,823719,,/api/v1.1/game/823719/feed/live,R,2026,2026-04-27,,night,P,N,N,Regular Season,1,3,1,Final,Final,3312,Target Field,142,Minnesota Twins,MIN,11,True,136,Seattle Mariners,SEA,4,False,668904,Royce Lewis,Royce,Lewis,23,1999-06-05,26,"6' 0""",200,5,Third Base,R,Right,R,Right,,,,,,,,,,,,,,,,,,,,,,,,,,
2026-04-27,823719,,/api/v1.1/game/823719/feed/live,R,2026,2026-04-27,,night,P,N,N,Regular Season,1,3,1,Final,Final,3312,Target Field,142,Minnesota Twins,MIN,11,True,136,Seattle Mariners,SEA,4,False,663616,Trevor Larnach,Trevor,Larnach,9,1997-02-26,29,"6' 3""",223,7,Outfielder,L,Left,R,Right,"2-4 | 3B, BB, K",,4,2,0,1,0,1,1,1,1,1,0,0,5,4,,,,,,,,,,
2026-04-27,823719,,/api/v1.1/game/823719/feed/live,R,2026,2026-04-27,,night,P,N,N,Regular Season,1,3,1,Final,Final,3312,Target Field,142,Minnesota Twins,MIN,11,True,136,Seattle Mariners,SEA,4,False,670183,Garrett Acton,Garrett,Acton,50,1998-06-15,27,"6' 2""",215,1,Pitcher,L,Left,R,Right,,,,,,,,,,,,,,,,,,,,,,,,,,
2026-04-27,823719,,/api/v1.1/game/823719/feed/live,R,2026,2026-04-27,,night,P,N,N,Regular Season,1,3,1,Final,Final,3312,Target Field,142,Minnesota Twins,MIN,11,True,136,Seattle Mariners,SEA,4,False,621439,Byron Buxton,Byron,Buxton,25,1993-12-18,32,"6' 1""",190,8,Outfielder,R,Right,R,Right,"1-4 | HR, BB, K",,4,1,0,0,1,2,1,1,1,0,0,0,5,4,,,,,,,,,,
2026-04-27,823719,,/api/v1.1/game/823719/feed/live,R,2026,2026-04-27,,night,P,N,N,Regular Season,1,3,1,Final,Final,3312,Target Field,142,Minnesota Twins,MIN,11,True,136,Seattle Mariners,SEA,4,False,657746,Joe Ryan,Joseph,Ryan,41,1996-06-05,29,"6' 2""",205,1,Pitcher,R,Right,R,Right,,,,,,,,,,,,,,,,,,,,,,,,,,
2026-04-27,823719,,/api/v1.1/game/823719/feed/live,R,2026,2026-04-27,,night,P,N,N,Regular Season,1,3,1,Final,Final,3312,Target Field,142,Minnesota Twins,MIN,11,True,136,Seattle Mariners,SEA,4,False,670242,Matt Wallner,Matthew,Wallner,38,1997-12-12,28,"6' 4""",220,9,Outfielder,L,Left,R,Right,"0-4 | HBP, 2 K",,4,0,0,0,0,0,0,2,0,0,0,0,5,0,,,,,,,,,,
2026-04-27,823719,,/api/v1.1/game/823719/feed/live,R,2026,2026-04-27,,night,P,N,N,Regular Season,1,3,1,Final,Final,3312,Target Field,142,Minnesota Twins,MIN,11,True,136,Seattle Mariners,SEA,4,False,679358,Eric Orze,Eric,Orze,19,1997-08-21,28,"6' 4""",205,1,Pitcher,R,Right,R,Right,,,,,,,,,,,,,,,,,,,,,,,,,,
2026-04-27,823719,,/api/v1.1/game/823719/feed/live,R,2026,2026-04-27,,night,P,N,N,Regular Season,1,3,1,Final,Final,3312,Target Field,142,Minnesota Twins,MIN,11,True,136,Seattle Mariners,SEA,4,False,702193,Andrew Morris,Andrew,Morris,78,2001-09-01,24,"6' 0""",195,1,Pitcher,R,Right,R,Right,"3.0 IP, 2 ER, 2 K, BB",,,,,,,,,,,,,,,,3.0,2,4,1,2,1,40,0,0,0
2026-04-27,823719,,/api/v1.1/game/823719/feed/live,R,2026,2026-04-27,,night,P,N,N,Regular Season,1,3,1,Final,Final,3312,Target Field,142,Minnesota Twins,MIN,11,True,136,Seattle Mariners,SEA,4,False,807712,Luke Keaschall,Luke,Keaschall,15,2002-08-15,23,"6' 0""",190,4,Second Base,R,Right,R,Right,"2-4 | 2B, BB, K",,4,2,1,0,0,1,0,1,1,0,0,0,5,3,,,,,,,,,,
2026-04-27,823719,,/api/v1.1/game/823719/feed/live,R,2026,2026-04-27,,night,P,N,N,Regular Season,1,3,1,Final,Final,3312,Target Field,142,Minnesota Twins,MIN,11,True,136,Seattle Mariners,SEA,4,False,647304,Josh Naylor,Joshua-Douglas,Naylor,12,1997-06-22,28,"5' 10""",235,3,First Base,L,Left,L,Left,0-3 | BB,,3,0,0,0,0,0,0,0,1,0,0,0,4,0,,,,,,,,,,
2026-04-27,823719,,/api/v1.1/game/823719/feed/live,R,2026,2026-04-27,,night,P,N,N,Regular Season,1,3,1,Final,Final,3312,Target Field,142,Minnesota Twins,MIN,11,True,136,Seattle Mariners,SEA,4,False,702284,Cole Young,Cole,Young,2,2003-07-29,22,"5' 10""",180,4,Second Base,L,Left,R,Right,"0-3 | K, RBI",,3,0,0,0,0,1,0,1,0,0,0,0,4,0,,,,,,,,,,
2026-04-27,823719,,/api/v1.1/game/823719/feed/live,R,2026,2026-04-27,,night,P,N,N,Regular Season,1,3,1,Final,Final,3312,Target Field,142,Minnesota Twins,MIN,11,True,136,Seattle Mariners,SEA,4,False,678606,Jose A. Ferrer,Jose,Ferrer,45,2000-03-03,26,"6' 1""",233,1,Pitcher,L,Left,L,Left,,,,,,,,,,,,,,,,,,,,,,,,,,
2026-04-27,823719,,/api/v1.1/game/823719/feed/live,R,2026,2026-04-27,,night,P,N,N,Regular Season,1,3,1,Final,Final,3312,Target Field,142,Minnesota Twins,MIN,11,True,136,Seattle Mariners,SEA,4,False,669717,Will Wilson,Will,Wilson,7,1998-07-21,27,"5' 9""",184,5,Third Base,R,Right,R,Right,,,,,,,,,,,,,,,,,,,,,,,,,,
2026-04-27,823719,,/api/v1.1/game/823719/feed/live,R,2026,2026-04-27,,night,P,N,N,Regular Season,1,3,1,Final,Final,3312,Target Field,142,Minnesota Twins,MIN,11,True,136,Seattle Mariners,SEA,4,False,695380,Alex Hoppe,Alex,Hoppe,48,1998-12-17,27,"6' 1""",200,1,Pitcher,R,Right,R,Right,"1.2 IP, 3 ER, 3 K, 3 BB",,,,,,,,,,,,,,,,1.2,3,2,0,3,3,42,0,0,0
2026-04-27,823719,,/api/v1.1/game/823719/feed/live,R,2026,2026-04-27,,night,P,N,N,Regular Season,1,3,1,Final,Final,3312,Target Field,142,Minnesota Twins,MIN,11,True,136,Seattle Mariners,SEA,4,False,668227,Randy Arozarena,Randy,Arozarena,56,1995-02-28,31,"5' 10""",185,7,Outfielder,R,Right,R,Right,"2-3 | BB, K, R",,3,2,0,0,0,0,1,1,1,0,0,0,4,2,,,,,,,,,,
2026-04-27,823719,,/api/v1.1/game/823719/feed/live,R,2026,2026-04-27,,night,P,N,N,Regular Season,1,3,1,Final,Final,3312,Target Field,142,Minnesota Twins,MIN,11,True,136,Seattle Mariners,SEA,4,False,641487,J.P. Crawford,John,Crawford,3,1995-01-11,31,"6' 0""",202,6,Shortstop,L,Left,R,Right,"0-3 | BB, R",,3,0,0,0,0,0,1,0,1,0,0,0,4,0,,,,,,,,,,
2026-04-27,823719,,/api/v1.1/game/823719/feed/live,R,2026,2026-04-27,,night,P,N,N,Regular Season,1,3,1,Final,Final,3312,Target Field,142,Minnesota Twins,MIN,11,True,136,Seattle Mariners,SEA,4,False,686527,Dominic Canzone,Dominic,Canzone,8,1997-08-16,28,"6' 0""",190,9,Outfielder,L,Left,R,Right,,,,,,,,,,,,,,,,,,,,,,,,,,
2026-04-27,823719,,/api/v1.1/game/823719/feed/live,R,2026,2026-04-27,,night,P,N,N,Regular Season,1,3,1,Final,Final,3312,Target Field,142,Minnesota Twins,MIN,11,True,136,Seattle Mariners,SEA,4,False,663728,Cal Raleigh,Caleb,Raleigh,29,1996-11-26,29,"6' 2""",235,2,Catcher,S,Switch,R,Right,"1-4 | HR, K, 2 RBI",,4,1,0,0,1,2,1,1,0,0,0,0,4,4,,,,,,,,,,
2026-04-27,823719,,/api/v1.1/game/823719/feed/live,R,2026,2026-04-27,,night,P,N,N,Regular Season,1,3,1,Final,Final,3312,Target Field,142,Minnesota Twins,MIN,11,True,136,Seattle Mariners,SEA,4,False,608701,Rob Refsnyder,Robert,Refsnyder,30,1991-03-26,35,"5' 11""",215,9,Outfielder,R,Right,R,Right,"1-4 | K, R",,4,1,0,0,0,0,1,1,0,0,0,0,4,1,,,,,,,,,,
2026-04-27,823719,,/api/v1.1/game/823719/feed/live,R,2026,2026-04-27,,night,P,N,N,Regular Season,1,3,1,Final,Final,3312,Target Field,142,Minnesota Twins,MIN,11,True,136,Seattle Mariners,SEA,4,False,656582,Connor Joe,Connor,Joe,9,1992-08-16,33,"5' 11""",205,3,First Base,R,Right,R,Right,,,,,,,,,,,,,,,,,,,,,,,,,,
2026-04-27,823719,,/api/v1.1/game/823719/feed/live,R,2026,2026-04-27,,night,P,N,N,Regular Season,1,3,1,Final,Final,3312,Target Field,142,Minnesota Twins,MIN,11,True,136,Seattle Mariners,SEA,4,False,677961,Cole Wilcox,Mitchell,Wilcox,43,1999-07-14,26,"6' 5""",232,1,Pitcher,R,Right,R,Right,"1.1 IP, ER, K, 2 BB",,,,,,,,,,,,,,,,1.1,1,3,0,1,2,40,0,0,0
2026-04-27,823719,,/api/v1.1/game/823719/feed/live,R,2026,2026-04-27,,night,P,N,N,Regular Season,1,3,1,Final,Final,3312,Target Field,142,Minnesota Twins,MIN,11,True,136,Seattle Mariners,SEA,4,False,666374,Matt Brash,Matthew,Brash,47,1998-05-12,27,"6' 1""",173,1,Pitcher,R,Right,R,Right,,,,,,,,,,,,,,,,,,,,,,,,,,
2026-04-27,823719,,/api/v1.1/game/823719/feed/live,R,2026,2026-04-27,,night,P,N,N,Regular Season,1,3,1,Final,Final,3312,Target Field,142,Minnesota Twins,MIN,11,True,136,Seattle Mariners,SEA,4,False,669302,Logan Gilbert,Logan,Gilbert,36,1997-05-05,28,"6' 6""",215,1,Pitcher,R,Right,R,Right,,,,,,,,,,,,,,,,,,,,,,,,,,
2026-04-27,823719,,/api/v1.1/game/823719/feed/live,R,2026,2026-04-27,,night,P,N,N,Regular Season,1,3,1,Final,Final,3312,Target Field,142,Minnesota Twins,MIN,11,True,136,Seattle Mariners,SEA,4,False,693433,Bryan Woo,Bryan,Woo,22,2000-01-30,26,"6' 2""",205,1,Pitcher,R,Right,R,Right,,,,,,,,,,,,,,,,,,,,,,,,,,
2026-04-27,823719,,/api/v1.1/game/823719/feed/live,R,2026,2026-04-27,,night,P,N,N,Regular Season,1,3,1,Final,Final,3312,Target Field,142,Minnesota Twins,MIN,11,True,136,Seattle Mariners,SEA,4,False,622491,Luis Castillo,Luis,Castillo,58,1992-12-12,33,"6' 2""",200,1,Pitcher,R,Right,R,Right,"5.0 IP, 7 ER, 3 K, 2 BB",,,,,,,,,,,,,,,,5.0,7,7,2,3,2,97,0,1,0
2026-04-27,823719,,/api/v1.1/game/823719/feed/live,R,2026,2026-04-27,,night,P,N,N,Regular Season,1,3,1,Final,Final,3312,Target Field,142,Minnesota Twins,MIN,11,True,136,Seattle Mariners,SEA,4,False,681867,Cooper Criswell,Cooper,Criswell,88,1996-07-24,29,"6' 6""",200,1,Pitcher,R,Right,R,Right,,,,,,,,,,,,,,,,,,,,,,,,,,
2026-04-27,823719,,/api/v1.1/game/823719/feed/live,R,2026,2026-04-27,,night,P,N,N,Regular Season,1,3,1,Final,Final,3312,Target Field,142,Minnesota Twins,MIN,11,True,136,Seattle Mariners,SEA,4,False,669923,George Kirby,George,Kirby,68,1998-02-04,28,"6' 4""",215,1,Pitcher,R,Right,R,Right,,,,,,,,,,,,,,,,,,,,,,,,,,
2026-04-27,823719,,/api/v1.1/game/823719/feed/live,R,2026,2026-04-27,,night,P,N,N,Regular Season,1,3,1,Final,Final,3312,Target Field,142,Minnesota Twins,MIN,11,True,136,Seattle Mariners,SEA,4,False,662253,Andrés Muñoz,Andrés,Muñoz,75,1999-01-16,27,"6' 2""",222,1,Pitcher,R,Right,R,Right,,,,,,,,,,,,,,,,,,,,,,,,,,
2026-04-27,823719,,/api/v1.1/game/823719/feed/live,R,2026,2026-04-27,,night,P,N,N,Regular Season,1,3,1,Final,Final,3312,Target Field,142,Minnesota Twins,MIN,11,True,136,Seattle Mariners,SEA,4,False,641598,Mitch Garver,Mitchell,Garver,18,1991-01-15,35,"6' 1""",220,2,Catcher,R,Right,R,Right,"1-2 | 2 BB, RBI",,2,1,0,0,0,1,0,0,2,0,0,0,4,1,,,,,,,,,,
2026-04-27,823719,,/api/v1.1/game/823719/feed/live,R,2026,2026-04-27,,night,P,N,N,Regular Season,1,3,1,Final,Final,3312,Target Field,142,Minnesota Twins,MIN,11,True,136,Seattle Mariners,SEA,4,False,642100,Gabe Speier,Gabriel,Speier,55,1995-04-12,31,"5' 11""",200,1,Pitcher,L,Left,L,Left,,,,,,,,,,,,,,,,,,,,,,,,,,
2026-04-27,823719,,/api/v1.1/game/823719/feed/live,R,2026,2026-04-27,,night,P,N,N,Regular Season,1,3,1,Final,Final,3312,Target Field,142,Minnesota Twins,MIN,11,True,136,Seattle Mariners,SEA,4,False,677594,Julio Rodríguez,Julio,Rodríguez,44,2000-12-29,25,"6' 4""",228,8,Outfielder,R,Right,R,Right,0-4 | K,,4,0,0,0,0,0,0,1,0,0,0,0,4,0,,,,,,,,,,
2026-04-27,823719,,/api/v1.1/game/823719/feed/live,R,2026,2026-04-27,,night,P,N,N,Regular Season,1,3,1,Final,Final,3312,Target Field,142,Minnesota Twins,MIN,11,True,136,Seattle Mariners,SEA,4,False,660844,Leo Rivas,Leonardo,Rivas,76,1997-10-10,28,"5' 7""",150,5,Third Base,S,Switch,R,Right,0-3 | 2 K,,3,0,0,0,0,0,0,2,0,0,0,0,3,0,,,,,,,,,,
2026-04-27,823719,,/api/v1.1/game/823719/feed/live,R,2026,2026-04-27,,night,P,N,N,Regular Season,1,3,1,Final,Final,3312,Target Field,142,Minnesota Twins,MIN,11,True,136,Seattle Mariners,SEA,4,False,660825,Eduard Bazardo,Eduard,Bazardo,83,1995-09-01,30,"6' 0""",190,1,Pitcher,R,Right,R,Right,,,,,,,,,,,,,,,,,,,,,,,,,,
2026-04-27,823719,,/api/v1.1/game/823719/feed/live,R,2026,2026-04-27,,night,P,N,N,Regular Season,1,3,1,Final,Final,3312,Target Field,142,Minnesota Twins,MIN,11,True,136,Seattle Mariners,SEA,4,False,670042,Luke Raley,Lucas,Raley,20,1994-09-19,31,"6' 3""",235,9,Outfielder,L,Left,R,Right,,,,,,,,,,,,,,,,,,,,,,,,,,
2026-04-27,823719,,/api/v1.1/game/823719/feed/live,R,2026,2026-04-27,,night,P,N,N,Regular Season,1,3,1,Final,Final,3312,Target Field,142,Minnesota Twins,MIN,11,True,136,Seattle Mariners,SEA,4,False,676106,Emerson Hancock,Emerson,Hancock,26,1999-05-31,26,"6' 4""",213,1,Pitcher,R,Right,R,Right,,,,,,,,,,,,,,,,,,,,,,,,,,
2026-04-27,824609,,/api/v1.1/game/824609/feed/live,R,2026,2026-04-27,,night,P,N,N,Regular Season,1,3,1,Final,Final,4,Rate Field,145,Chicago White Sox,CWS,8,True,108,Los Angeles Angels,LAA,7,False,671976,Tristan Peters,Tristan,Peters,29,2000-02-29,26,"6' 0""",180,8,Outfielder,L,Left,R,Right,"2-4 | RBI, 2 R",,4,2,0,0,0,1,2,0,0,0,0,0,4,2,,,,,,,,,,
2026-04-27,824609,,/api/v1.1/game/824609/feed/live,R,2026,2026-04-27,,night,P,N,N,Regular Season,1,3,1,Final,Final,4,Rate Field,145,Chicago White Sox,CWS,8,True,108,Los Angeles Angels,LAA,7,False,641743,Anthony Kay,Anthony,Kay,18,1995-03-21,31,"6' 0""",225,1,Pitcher,L,Left,L,Left,"4.0 IP, 4 ER, 2 K, 2 BB",,,,,,,,,,,,,,,,4.0,4,7,0,2,2,90,0,0,0
2026-04-27,824609,,/api/v1.1/game/824609/feed/live,R,2026,2026-04-27,,night,P,N,N,Regular Season,1,3,1,Final,Final,4,Rate Field,145,Chicago White Sox,CWS,8,True,108,Los Angeles Angels,LAA,7,False,663436,Davis Martin,Davis,Martin,65,1997-01-04,29,"6' 2""",215,1,Pitcher,L,Left,R,Right,,,,,,,,,,,,,,,,,,,,,,,,,,
2026-04-27,824609,,/api/v1.1/game/824609/feed/live,R,2026,2026-04-27,,night,P,N,N,Regular Season,1,3,1,Final,Final,4,Rate Field,145,Chicago White Sox,CWS,8,True,108,Los Angeles Angels,LAA,7,False,682668,Luisangel Acuña,Luisangel,Acuña,0,2002-03-12,24,"5' 7""",181,8,Outfielder,R,Right,R,Right,,,,,,,,,,,,,,,,,,,,,,,,,,
2026-04-27,824609,,/api/v1.1/game/824609/feed/live,R,2026,2026-04-27,,night,P,N,N,Regular Season,1,3,1,Final,Final,4,Rate Field,145,Chicago White Sox,CWS,8,True,108,Los Angeles Angels,LAA,7,False,808959,Munetaka Murakami,Munetaka,Murakami,5,2000-02-02,26,"6' 2""",213,3,First Base,L,Left,R,Right,"2-4 | HR, 3 RBI, R",,4,2,0,0,1,3,1,0,0,0,0,0,4,5,,,,,,,,,,
2026-04-27,824609,,/api/v1.1/game/824609/feed/live,R,2026,2026-04-27,,night,P,N,N,Regular Season,1,3,1,Final,Final,4,Rate Field,145,Chicago White Sox,CWS,8,True,108,Los Angeles Angels,LAA,7,False,674370,Osvaldo Bido,Osvaldo,Bido,46,1995-10-18,30,"6' 3""",175,1,Pitcher,R,Right,R,Right,"3.0 IP, ER, 2 K, 0 BB",,,,,,,,,,,,,,,,3.0,1,2,1,2,0,43,1,0,0
2026-04-27,824609,,/api/v1.1/game/824609/feed/live,R,2026,2026-04-27,,night,P,N,N,Regular Season,1,3,1,Final,Final,4,Rate Field,145,Chicago White Sox,CWS,8,True,108,Los Angeles Angels,LAA,7,False,805367,Chase Meidroth,Chase,Meidroth,10,2001-07-23,24,"5' 9""",190,4,Second Base,R,Right,R,Right,"1-4 | 3 K, R",,4,1,0,0,0,0,1,3,0,0,0,0,4,1,,,,,,,,,,
2026-04-27,824609,,/api/v1.1/game/824609/feed/live,R,2026,2026-04-27,,night,P,N,N,Regular Season,1,3,1,Final,Final,4,Rate Field,145,Chicago White Sox,CWS,8,True,108,Los Angeles Angels,LAA,7,False,691799,Grant Taylor,Grant,Taylor,31,2002-05-20,23,"6' 3""",230,1,Pitcher,R,Right,R,Right,"1.1 IP, 0 ER, 2 K, 0 BB",,,,,,,,,,,,,,,,1.1,0,3,0,2,0,35,0,0,0
2026-04-27,824609,,/api/v1.1/game/824609/feed/live,R,2026,2026-04-27,,night,P,N,N,Regular Season,1,3,1,Final,Final,4,Rate Field,145,Chicago White Sox,CWS,8,True,108,Los Angeles Angels,LAA,7,False,695657,Colson Montgomery,Colson,Montgomery,12,2002-02-27,24,"6' 3""",230,6,Shortstop,L,Left,R,Right,1-4 | K,,4,1,0,0,0,0,0,1,0,0,0,0,4,1,,,,,,,,,,
2026-04-27,824609,,/api/v1.1/game/824609/feed/live,R,2026,2026-04-27,,night,P,N,N,Regular Season,1,3,1,Final,Final,4,Rate Field,145,Chicago White Sox,CWS,8,True,108,Los Angeles Angels,LAA,7,False,691011,Drew Romo,Drew,Romo,36,2001-08-29,24,"6' 0""",205,2,Catcher,S,Switch,R,Right,,,,,,,,,,,,,,,,,,,,,,,,,,
2026-04-27,824609,,/api/v1.1/game/824609/feed/live,R,2026,2026-04-27,,night,P,N,N,Regular Season,1,3,1,Final,Final,4,Rate Field,145,Chicago White Sox,CWS,8,True,108,Los Angeles Angels,LAA,7,False,669720,Austin Hays,Austin,Hays,21,1995-07-05,30,"5' 10""",200,7,Outfielder,R,Right,R,Right,,,,,,,,,,,,,,,,,,,,,,,,,,
2026-04-27,824609,,/api/v1.1/game/824609/feed/live,R,2026,2026-04-27,,night,P,N,N,Regular Season,1,3,1,Final,Final,4,Rate Field,145,Chicago White Sox,CWS,8,True,108,Los Angeles Angels,LAA,7,False,622554,Seranthony Domínguez,Seranthony,Domínguez,58,1994-11-25,31,"6' 1""",225,1,Pitcher,R,Right,R,Right,,,,,,,,,,,,,,,,,,,,,,,,,,
2026-04-27,824609,,/api/v1.1/game/824609/feed/live,R,2026,2026-04-27,,night,P,N,N,Regular Season,1,3,1,Final,Final,4,Rate Field,145,Chicago White Sox,CWS,8,True,108,Los Angeles Angels,LAA,7,False,702273,Noah Schultz,Noah,Schultz,22,2003-08-05,22,"6' 10""",240,1,Pitcher,L,Left,L,Left,,,,,,,,,,,,,,,,,,,,,,,,,,
2026-04-27,824609,,/api/v1.1/game/824609/feed/live,R,2026,2026-04-27,,night,P,N,N,Regular Season,1,3,1,Final,Final,4,Rate Field,145,Chicago White Sox,CWS,8,True,108,Los Angeles Angels,LAA,7,False,700337,Edgar Quero,Edgar,Quero,26,2003-04-06,23,"5' 10""",205,2,Catcher,S,Switch,R,Right,"1-3 | HBP, K, R",,3,1,0,0,0,0,1,1,0,0,0,0,4,1,,,,,,,,,,
2026-04-27,824609,,/api/v1.1/game/824609/feed/live,R,2026,2026-04-27,,night,P,N,N,Regular Season,1,3,1,Final,Final,4,Rate Field,145,Chicago White Sox,CWS,8,True,108,Los Angeles Angels,LAA,7,False,643217,Andrew Benintendi,Andrew,Benintendi,23,1994-07-06,31,"5' 9""",185,7,Outfielder,L,Left,L,Left,"1-4 | 2B, K, 3 RBI",,4,1,1,0,0,3,1,1,0,0,0,0,4,2,,,,,,,,,,
2026-04-27,824609,,/api/v1.1/game/824609/feed/live,R,2026,2026-04-27,,night,P,N,N,Regular Season,1,3,1,Final,Final,4,Rate Field,145,Chicago White Sox,CWS,8,True,108,Los Angeles Angels,LAA,7,False,673929,Jordan Leasure,Jordan,Leasure,49,1998-08-15,27,"6' 3""",220,1,Pitcher,R,Right,R,Right,,,,,,,,,,,,,,,,,,,,,,,,,,
2026-04-27,824609,,/api/v1.1/game/824609/feed/live,R,2026,2026-04-27,,night,P,N,N,Regular Season,1,3,1,Final,Final,4,Rate Field,145,Chicago White Sox,CWS,8,True,108,Los Angeles Angels,LAA,7,False,680732,Sean Burke,Sean,Burke,59,1999-12-18,26,"6' 6""",240,1,Pitcher,R,Right,R,Right,,,,,,,,,,,,,,,,,,,,,,,,,,
2026-04-27,824609,,/api/v1.1/game/824609/feed/live,R,2026,2026-04-27,,night,P,N,N,Regular Season,1,3,1,Final,Final,4,Rate Field,145,Chicago White Sox,CWS,8,True,108,Los Angeles Angels,LAA,7,False,663542,Bryan Hudson,Bryan,Hudson,60,1997-05-08,28,"6' 8""",248,1,Pitcher,L,Left,L,Left,"0.1 IP, 0 ER, 0 K, 0 BB",,,,,,,,,,,,,,,,0.1,0,0,0,0,0,4,0,0,1
2026-04-27,824609,,/api/v1.1/game/824609/feed/live,R,2026,2026-04-27,,night,P,N,N,Regular Season,1,3,1,Final,Final,4,Rate Field,145,Chicago White Sox,CWS,8,True,108,Los Angeles Angels,LAA,7,False,607200,Erick Fedde,Erick,Fedde,47,1993-02-25,33,"6' 4""",205,1,Pitcher,R,Right,R,Right,,,,,,,,,,,,,,,,,,,,,,,,,,
2026-04-27,824609,,/api/v1.1/game/824609/feed/live,R,2026,2026-04-27,,night,P,N,N,Regular Season,1,3,1,Final,Final,4,Rate Field,145,Chicago White Sox,CWS,8,True,108,Los Angeles Angels,LAA,7,False,656794,Sean Newcomb,Sean,Newcomb,15,1993-06-12,32,"6' 5""",255,1,Pitcher,L,Left,L,Left,,,,,,,,,,,,,,,,,,,,,,,,,,
2026-04-27,824609,,/api/v1.1/game/824609/feed/live,R,2026,2026-04-27,,night,P,N,N,Regular Season,1,3,1,Final,Final,4,Rate Field,145,Chicago White Sox,CWS,8,True,108,Los Angeles Angels,LAA,7,False,663855,Jordan Hicks,Jordan,Hicks,44,1996-09-06,29,"6' 2""",217,1,Pitcher,R,Right,R,Right,"0.1 IP, 0 ER, 0 K, 0 BB",,,,,,,,,,,,,,,,0.1,0,2,0,0,0,8,0,0,0
2026-04-27,824609,,/api/v1.1/game/824609/feed/live,R,2026,2026-04-27,,night,P,N,N,Regular Season,1,3,1,Final,Final,4,Rate Field,145,Chicago White Sox,CWS,8,True,108,Los Angeles Angels,LAA,7,False,677592,Everson Pereira,Everson,Pereira,28,2001-04-10,25,"5' 11""",203,9,Outfielder,R,Right,R,Right,0-4 | K,,4,0,0,0,0,0,0,1,0,0,0,0,4,0,,,,,,,,,,
2026-04-27,824609,,/api/v1.1/game/824609/feed/live,R,2026,2026-04-27,,night,P,N,N,Regular Season,1,3,1,Final,Final,4,Rate Field,145,Chicago White Sox,CWS,8,True,108,Los Angeles Angels,LAA,7,False,803011,Sam Antonacci,Samuel,Antonacci,17,2003-02-06,23,"5' 11""",193,7,Outfielder,L,Left,R,Right,"0-4 | K, R",,4,0,0,0,0,0,1,1,0,0,0,0,4,0,,,,,,,,,,
2026-04-27,824609,,/api/v1.1/game/824609/feed/live,R,2026,2026-04-27,,night,P,N,N,Regular Season,1,3,1,Final,Final,4,Rate Field,145,Chicago White Sox,CWS,8,True,108,Los Angeles Angels,LAA,7,False,656537,Derek Hill,Derek,Hill,25,1995-12-30,30,"6' 0""",206,9,Outfielder,R,Right,R,Right,,,,,,,,,,,,,,,,,,,,,,,,,,
2026-04-27,824609,,/api/v1.1/game/824609/feed/live,R,2026,2026-04-27,,night,P,N,N,Regular Season,1,3,1,Final,Final,4,Rate Field,145,Chicago White Sox,CWS,8,True,108,Los Angeles Angels,LAA,7,False,678246,Miguel Vargas,Miguel,Vargas,20,1999-11-17,26,"6' 2""",225,5,Third Base,R,Right,R,Right,"1-3 | HR, BB, K",,3,1,0,0,1,1,1,1,1,0,0,0,4,4,,,,,,,,,,
2026-04-27,824609,,/api/v1.1/game/824609/feed/live,R,2026,2026-04-27,,night,P,N,N,Regular Season,1,3,1,Final,Final,4,Rate Field,145,Chicago White Sox,CWS,8,True,108,Los Angeles Angels,LAA,7,False,699823,Tyler Davis,Tyler,Davis,63,1998-10-03,27,"6' 2""",210,1,Pitcher,R,Right,R,Right,,,,,,,,,,,,,,,,,,,,,,,,,,
2026-04-27,824609,,/api/v1.1/game/824609/feed/live,R,2026,2026-04-27,,night,P,N,N,Regular Season,1,3,1,Final,Final,4,Rate Field,145,Chicago White Sox,CWS,8,True,108,Los Angeles Angels,LAA,7,False,624428,Adam Frazier,Adam,Frazier,20,1991-12-14,34,"5' 10""",190,4,Second Base,L,Left,R,Right,1-2,,2,1,0,0,0,0,0,0,0,0,0,0,2,1,,,,,,,,,,
2026-04-27,824609,,/api/v1.1/game/824609/feed/live,R,2026,2026-04-27,,night,P,N,N,Regular Season,1,3,1,Final,Final,4,Rate Field,145,Chicago White Sox,CWS,8,True,108,Los Angeles Angels,LAA,7,False,672724,Oswald Peraza,Oswald,Peraza,2,2000-06-15,25,"5' 11""",200,4,Second Base,R,Right,R,Right,"1-4 | HBP, K",,4,1,0,0,0,0,0,1,0,0,0,0,5,1,,,,,,,,,,
2026-04-27,824609,,/api/v1.1/game/824609/feed/live,R,2026,2026-04-27,,night,P,N,N,Regular Season,1,3,1,Final,Final,4,Rate Field,145,Chicago White Sox,CWS,8,True,108,Los Angeles Angels,LAA,7,False,687263,Zach Neto,Zachary,Neto,9,2001-01-31,25,"5' 11""",185,6,Shortstop,R,Right,R,Right,"1-5 | 3 K, RBI",,5,1,0,0,0,1,0,3,0,0,0,0,5,1,,,,,,,,,,
2026-04-27,824609,,/api/v1.1/game/824609/feed/live,R,2026,2026-04-27,,night,P,N,N,Regular Season,1,3,1,Final,Final,4,Rate Field,145,Chicago White Sox,CWS,8,True,108,Los Angeles Angels,LAA,7,False,680704,Nick Sandlin,Nick,Sandlin,52,1997-01-10,29,"5' 11""",175,1,Pitcher,R,Right,R,Right,"0.0 IP, 3 ER, 0 K, 0 BB",,,,,,,,,,,,,,,,0.0,3,2,0,0,0,7,0,1,0
2026-04-27,824609,,/api/v1.1/game/824609/feed/live,R,2026,2026-04-27,,night,P,N,N,Regular Season,1,3,1,Final,Final,4,Rate Field,145,Chicago White Sox,CWS,8,True,108,Los Angeles Angels,LAA,7,False,624585,Jorge Soler,Jorge,Soler,12,1992-02-25,34,"6' 3""",235,9,Outfielder,R,Right,R,Right,"1-4 | HR, 3 RBI, R",,4,1,0,0,1,3,1,0,0,0,0,0,5,4,,,,,,,,,,
2026-04-27,824609,,/api/v1.1/game/824609/feed/live,R,2026,2026-04-27,,night,P,N,N,Regular Season,1,3,1,Final,Final,4,Rate Field,145,Chicago White Sox,CWS,8,True,108,Los Angeles Angels,LAA,7,False,660162,Yoán Moncada,Yoán,Moncada,10,1995-05-27,30,"6' 0""",220,5,Third Base,S,Switch,R,Right,0-1,,1,0,0,0,0,0,0,0,0,0,0,0,1,0,,,,,,,,,,
2026-04-27,824609,,/api/v1.1/game/824609/feed/live,R,2026,2026-04-27,,night,P,N,N,Regular Season,1,3,1,Final,Final,4,Rate Field,145,Chicago White Sox,CWS,8,True,108,Los Angeles Angels,LAA,7,False,518595,Travis d'Arnaud,Travis,d'Arnaud,25,1989-02-10,37,"6' 0""",210,2,Catcher,R,Right,R,Right,"1-2 | BB, 2 R",,2,1,0,0,0,0,2,0,1,0,0,0,3,1,,,,,,,,,,
2026-04-27,824609,,/api/v1.1/game/824609/feed/live,R,2026,2026-04-27,,night,P,N,N,Regular Season,1,3,1,Final,Final,4,Rate Field,145,Chicago White Sox,CWS,8,True,108,Los Angeles Angels,LAA,7,False,681217,Chase Silseth,Chase,Silseth,63,2000-05-18,25,"6' 0""",217,1,Pitcher,R,Right,R,Right,,,,,,,,,,,,,,,,,,,,,,,,,,
2026-04-27,824609,,/api/v1.1/game/824609/feed/live,R,2026,2026-04-27,,night,P,N,N,Regular Season,1,3,1,Final,Final,4,Rate Field,145,Chicago White Sox,CWS,8,True,108,Los Angeles Angels,LAA,7,False,667755,José Soriano,José,Soriano,59,1998-10-20,27,"6' 3""",220,1,Pitcher,R,Right,R,Right,,,,,,,,,,,,,,,,,,,,,,,,,,
2026-04-27,824609,,/api/v1.1/game/824609/feed/live,R,2026,2026-04-27,,night,P,N,N,Regular Season,1,3,1,Final,Final,4,Rate Field,145,Chicago White Sox,CWS,8,True,108,Los Angeles Angels,LAA,7,False,686799,Jack Kochanowicz,Jack,Kochanowicz,41,2000-12-22,25,"6' 7""",228,1,Pitcher,L,Left,R,Right,"6.0 IP, 2 ER, 5 K, BB",,,,,,,,,,,,,,,,6.0,2,5,0,5,1,90,0,0,0
2026-04-27,824609,,/api/v1.1/game/824609/feed/live,R,2026,2026-04-27,,night,P,N,N,Regular Season,1,3,1,Final,Final,4,Rate Field,145,Chicago White Sox,CWS,8,True,108,Los Angeles Angels,LAA,7,False,545361,Mike Trout,Michael,Trout,27,1991-08-07,34,"6' 1""",235,8,Outfielder,R,Right,R,Right,"2-4 | 2B, BB, 2 R",,4,2,1,0,0,0,2,0,1,0,0,0,5,3,,,,,,,,,,
2026-04-27,824609,,/api/v1.1/game/824609/feed/live,R,2026,2026-04-27,,night,P,N,N,Regular Season,1,3,1,Final,Final,4,Rate Field,145,Chicago White Sox,CWS,8,True,108,Los Angeles Angels,LAA,7,False,519141,Drew Pomeranz,Thomas,Pomeranz,13,1988-11-22,37,"6' 5""",246,1,Pitcher,R,Right,L,Left,"1.0 IP, 2 ER, 2 K, 0 BB",,,,,,,,,,,,,,,,1.0,2,2,2,2,0,21,0,0,0
2026-04-27,824609,,/api/v1.1/game/824609/feed/live,R,2026,2026-04-27,,night,P,N,N,Regular Season,1,3,1,Final,Final,4,Rate Field,145,Chicago White Sox,CWS,8,True,108,Los Angeles Angels,LAA,7,False,820862,José Fermin,Jose,Fermin,65,2001-11-28,24,"6' 3""",242,1,Pitcher,R,Right,R,Right,"1.0 IP, 0 ER, 2 K, 0 BB",,,,,,,,,,,,,,,,1.0,0,0,0,2,0,14,0,0,0
2026-04-27,824609,,/api/v1.1/game/824609/feed/live,R,2026,2026-04-27,,night,P,N,N,Regular Season,1,3,1,Final,Final,4,Rate Field,145,Chicago White Sox,CWS,8,True,108,Los Angeles Angels,LAA,7,False,666176,Jo Adell,Jordon,Adell,7,1999-04-08,27,"6' 2""",215,9,Outfielder,R,Right,R,Right,1-5,,5,1,0,0,0,0,0,0,0,0,0,0,5,1,,,,,,,,,,
2026-04-27,824609,,/api/v1.1/game/824609/feed/live,R,2026,2026-04-27,,night,P,N,N,Regular Season,1,3,1,Final,Final,4,Rate Field,145,Chicago White Sox,CWS,8,True,108,Los Angeles Angels,LAA,7,False,687093,Vaughn Grissom,Vaughn,Grissom,5,2001-01-05,25,"6' 2""",210,4,Second Base,R,Right,R,Right,"2-4 | 2B, RBI, R",,4,2,1,0,0,1,1,0,0,0,0,0,5,3,,,,,,,,,,
2026-04-27,824609,,/api/v1.1/game/824609/feed/live,R,2026,2026-04-27,,night,P,N,N,Regular Season,1,3,1,Final,Final,4,Rate Field,145,Chicago White Sox,CWS,8,True,108,Los Angeles Angels,LAA,7,False,696147,Sam Bachman,Samuel,Bachman,40,1999-09-30,26,"6' 1""",235,1,Pitcher,R,Right,R,Right,,,,,,,,,,,,,,,,,,,,,,,,,,
2026-04-27,824609,,/api/v1.1/game/824609/feed/live,R,2026,2026-04-27,,night,P,N,N,Regular Season,1,3,1,Final,Final,4,Rate Field,145,Chicago White Sox,CWS,8,True,108,Los Angeles Angels,LAA,7,False,664192,Joey Lucchesi,Joseph,Lucchesi,67,1993-06-06,32,"6' 5""",228,1,Pitcher,L,Left,L,Left,,,,,,,,,,,,,,,,,,,,,,,,,,
2026-04-27,824609,,/api/v1.1/game/824609/feed/live,R,2026,2026-04-27,,night,P,N,N,Regular Season,1,3,1,Final,Final,4,Rate Field,145,Chicago White Sox,CWS,8,True,108,Los Angeles Angels,LAA,7,False,666171,Ryan Zeferjahn,Ryan,Zeferjahn,56,1998-02-28,28,"6' 5""",209,1,Pitcher,R,Right,R,Right,,,,,,,,,,,,,,,,,,,,,,,,,,
2026-04-27,824609,,/api/v1.1/game/824609/feed/live,R,2026,2026-04-27,,night,P,N,N,Regular Season,1,3,1,Final,Final,4,Rate Field,145,Chicago White Sox,CWS,8,True,108,Los Angeles Angels,LAA,7,False,694384,Nolan Schanuel,Nolan,Schanuel,18,2002-02-14,24,"6' 2""",220,3,First Base,L,Left,R,Right,"2-4 | 2B, HBP, K",,4,2,1,0,0,1,1,1,0,0,0,1,5,3,,,,,,,,,,
2026-04-27,824609,,/api/v1.1/game/824609/feed/live,R,2026,2026-04-27,,night,P,N,N,Regular Season,1,3,1,Final,Final,4,Rate Field,145,Chicago White Sox,CWS,8,True,108,Los Angeles Angels,LAA,7,False,666139,Josh Lowe,Joshua,Lowe,3,1998-02-02,28,"6' 3""",220,7,Outfielder,L,Left,R,Right,0-0,,0,0,0,0,0,0,0,0,0,0,0,0,0,0,,,,,,,,,,
2026-04-27,824609,,/api/v1.1/game/824609/feed/live,R,2026,2026-04-27,,night,P,N,N,Regular Season,1,3,1,Final,Final,4,Rate Field,145,Chicago White Sox,CWS,8,True,108,Los Angeles Angels,LAA,7,False,665861,Sebastián Rivero,Sebastián,Rivero,38,1998-11-16,27,"6' 1""",210,2,Catcher,R,Right,R,Right,0-0,,0,0,0,0,0,0,0,0,0,0,0,0,0,0,,,,,,,,,,
2026-04-27,824609,,/api/v1.1/game/824609/feed/live,R,2026,2026-04-27,,night,P,N,N,Regular Season,1,3,1,Final,Final,4,Rate Field,145,Chicago White Sox,CWS,8,True,108,Los Angeles Angels,LAA,7,False,579328,Yusei Kikuchi,Yusei,Kikuchi,16,1991-06-17,34,"6' 0""",210,1,Pitcher,L,Left,L,Left,,,,,,,,,,,,,,,,,,,,,,,,,,
2026-04-27,824609,,/api/v1.1/game/824609/feed/live,R,2026,2026-04-27,,night,P,N,N,Regular Season,1,3,1,Final,Final,4,Rate Field,145,Chicago White Sox,CWS,8,True,108,Los Angeles Angels,LAA,7,False,669326,Bryce Teodosio,Bryce,Teodosio,22,1999-06-18,26,"6' 2""",220,7,Outfielder,R,Right,L,Left,"2-3 | 2B, K, RBI",,3,2,1,0,0,1,0,1,0,0,1,0,3,3,,,,,,,,,,
2026-04-27,824609,,/api/v1.1/game/824609/feed/live,R,2026,2026-04-27,,night,P,N,N,Regular Season,1,3,1,Final,Final,4,Rate Field,145,Chicago White Sox,CWS,8,True,108,Los Angeles Angels,LAA,7,False,700712,Walbert Urena,Walbert,Urena,57,2004-01-25,22,"6' 0""",210,1,Pitcher,R,Right,R,Right,,,,,,,,,,,,,,,,,,,,,,,,,,
2026-04-27,824609,,/api/v1.1/game/824609/feed/live,R,2026,2026-04-27,,night,P,N,N,Regular Season,1,3,1,Final,Final,4,Rate Field,145,Chicago White Sox,CWS,8,True,108,Los Angeles Angels,LAA,7,False,672282,Reid Detmers,Reid,Detmers,48,1999-07-08,26,"6' 2""",210,1,Pitcher,L,Left,L,Left,,,,,,,,,,,,,,,,,,,,,,,,,,
2026-04-27,824609,,/api/v1.1/game/824609/feed/live,R,2026,2026-04-27,,night,P,N,N,Regular Season,1,3,1,Final,Final,4,Rate Field,145,Chicago White Sox,CWS,8,True,108,Los Angeles Angels,LAA,7,False,608718,Brent Suter,Brent,Suter,37,1989-08-29,36,"6' 4""",213,1,Pitcher,L,Left,L,Left,,,,,,,,,,,,,,,,,,,,,,,,,,
2026-04-27,822906,,/api/v1.1/game/822906/feed/live,R,2026,2026-04-27,,night,P,N,N,Regular Season,1,3,1,Final,Final,5325,Globe Life Field,140,Texas Rangers,TEX,2,False,147,New York Yankees,NYY,4,True,694497,Evan Carter,Evan,Carter,32,2002-08-29,23,"6' 2""",190,8,Outfielder,L,Left,R,Right,0-2 | 2 K,,2,0,0,0,0,0,0,2,0,0,0,0,2,0,,,,,,,,,,
2026-04-27,822906,,/api/v1.1/game/822906/feed/live,R,2026,2026-04-27,,night,P,N,N,Regular Season,1,3,1,Final,Final,5325,Globe Life Field,140,Texas Rangers,TEX,2,False,147,New York Yankees,NYY,4,True,677958,Kumar Rocker,Kumar,Rocker,80,1999-11-22,26,"6' 5""",245,1,Pitcher,R,Right,R,Right,,,,,,,,,,,,,,,,,,,,,,,,,,
2026-04-27,822906,,/api/v1.1/game/822906/feed/live,R,2026,2026-04-27,,night,P,N,N,Regular Season,1,3,1,Final,Final,5325,Globe Life Field,140,Texas Rangers,TEX,2,False,147,New York Yankees,NYY,4,True,669394,Jake Burger,Jacob,Burger,21,1996-04-10,30,"6' 0""",230,3,First Base,R,Right,R,Right,"1-3 | BB, K, R",,3,1,0,0,0,0,1,1,1,0,0,0,4,1,,,,,,,,,,
2026-04-27,822906,,/api/v1.1/game/822906/feed/live,R,2026,2026-04-27,,night,P,N,N,Regular Season,1,3,1,Final,Final,5325,Globe Life Field,140,Texas Rangers,TEX,2,False,147,New York Yankees,NYY,4,True,682608,Peyton Gray,Peyton,Gray,75,1995-06-02,30,"6' 4""",235,1,Pitcher,R,Right,R,Right,"2.0 IP, 0 ER, K, 2 BB",,,,,,,,,,,,,,,,2.0,0,1,0,1,2,41,0,0,0
2026-04-27,822906,,/api/v1.1/game/822906/feed/live,R,2026,2026-04-27,,night,P,N,N,Regular Season,1,3,1,Final,Final,5325,Globe Life Field,140,Texas Rangers,TEX,2,False,147,New York Yankees,NYY,4,True,696030,Alejandro Osuna,Tadeo,Osuna,19,2002-10-10,23,"5' 9""",185,7,Outfielder,L,Left,L,Left,1-1 | RBI,,1,1,0,0,0,1,0,0,0,0,0,0,1,1,,,,,,,,,,
2026-04-27,822906,,/api/v1.1/game/822906/feed/live,R,2026,2026-04-27,,night,P,N,N,Regular Season,1,3,1,Final,Final,5325,Globe Life Field,140,Texas Rangers,TEX,2,False,147,New York Yankees,NYY,4,True,641302,Tyler Alexander,Tyler,Alexander,13,1994-07-14,31,"6' 1""",214,1,Pitcher,R,Right,L,Left,,,,,,,,,,,,,,,,,,,,,,,,,,
2026-04-27,822906,,/api/v1.1/game/822906/feed/live,R,2026,2026-04-27,,night,P,N,N,Regular Season,1,3,1,Final,Final,5325,Globe Life Field,140,Texas Rangers,TEX,2,False,147,New York Yankees,NYY,4,True,592626,Joc Pederson,Joc,Pederson,3,1992-04-21,34,"6' 1""",220,3,First Base,L,Left,L,Left,"1-2 | HR, RBI, R",,2,1,0,0,1,1,1,0,0,0,0,0,2,4,,,,,,,,,,
2026-04-27,822906,,/api/v1.1/game/822906/feed/live,R,2026,2026-04-27,,night,P,N,N,Regular Season,1,3,1,Final,Final,5325,Globe Life Field,140,Texas Rangers,TEX,2,False,147,New York Yankees,NYY,4,True,683004,Jack Leiter,Jack,Leiter,22,2000-04-21,26,"6' 1""",205,1,Pitcher,R,Right,R,Right,"6.0 IP, 4 ER, 4 K, BB",,,,,,,,,,,,,,,,6.0,4,8,3,4,1,93,0,1,0
2026-04-27,822906,,/api/v1.1/game/822906/feed/live,R,2026,2026-04-27,,night,P,N,N,Regular Season,1,3,1,Final,Final,5325,Globe Life Field,140,Texas Rangers,TEX,2,False,147,New York Yankees,NYY,4,True,656641,Jacob Latz,Jacob,Latz,67,1996-04-08,30,"6' 2""",185,1,Pitcher,R,Right,L,Left,,,,,,,,,,,,,,,,,,,,,,,,,,
2026-04-27,822906,,/api/v1.1/game/822906/feed/live,R,2026,2026-04-27,,night,P,N,N,Regular Season,1,3,1,Final,Final,5325,Globe Life Field,140,Texas Rangers,TEX,2,False,147,New York Yankees,NYY,4,True,656222,Jalen Beeks,Jalen,Beeks,68,1993-07-10,32,"5' 11""",215,1,Pitcher,L,Left,L,Left,,,,,,,,,,,,,,,,,,,,,,,,,,
2026-04-27,822906,,/api/v1.1/game/822906/feed/live,R,2026,2026-04-27,,night,P,N,N,Regular Season,1,3,1,Final,Final,5325,Globe Life Field,140,Texas Rangers,TEX,2,False,147,New York Yankees,NYY,4,True,608369,Corey Seager,Corey,Seager,5,1994-04-27,32,"6' 4""",215,6,Shortstop,L,Left,R,Right,0-4 | 3 K,,4,0,0,0,0,0,0,3,0,0,0,0,4,0,,,,,,,,,,
2026-04-27,822906,,/api/v1.1/game/822906/feed/live,R,2026,2026-04-27,,night,P,N,N,Regular Season,1,3,1,Final,Final,5325,Globe Life Field,140,Texas Rangers,TEX,2,False,147,New York Yankees,NYY,4,True,615698,Cal Quantrill,Cal,Quantrill,44,1995-02-10,31,"6' 3""",195,1,Pitcher,L,Left,R,Right,,,,,,,,,,,,,,,,,,,,,,,,,,
2026-04-27,822906,,/api/v1.1/game/822906/feed/live,R,2026,2026-04-27,,night,P,N,N,Regular Season,1,3,1,Final,Final,5325,Globe Life Field,140,Texas Rangers,TEX,2,False,147,New York Yankees,NYY,4,True,673962,Josh Jung,Joshua,Jung,6,1998-02-12,28,"6' 1""",214,5,Third Base,R,Right,R,Right,"1-2 | 2 BB, CS",,2,1,0,0,0,0,0,0,2,0,1,1,4,1,,,,,,,,,,
2026-04-27,822906,,/api/v1.1/game/822906/feed/live,R,2026,2026-04-27,,night,P,N,N,Regular Season,1,3,1,Final,Final,5325,Globe Life Field,140,Texas Rangers,TEX,2,False,147,New York Yankees,NYY,4,True,457705,Andrew McCutchen,Andrew,McCutchen,4,1986-10-10,39,"5' 10""",190,7,Outfielder,R,Right,R,Right,0-2,,2,0,0,0,0,0,0,0,0,0,0,0,2,0,,,,,,,,,,
2026-04-27,822906,,/api/v1.1/game/822906/feed/live,R,2026,2026-04-27,,night,P,N,N,Regular Season,1,3,1,Final,Final,5325,Globe Life Field,140,Texas Rangers,TEX,2,False,147,New York Yankees,NYY,4,True,543309,Kyle Higashioka,Kyle,Higashioka,11,1990-04-20,36,"6' 1""",202,2,Catcher,R,Right,R,Right,1-4 | 2 K,,4,1,0,0,0,0,0,2,0,0,0,0,4,1,,,,,,,,,,
2026-04-27,822906,,/api/v1.1/game/822906/feed/live,R,2026,2026-04-27,,night,P,N,N,Regular Season,1,3,1,Final,Final,5325,Globe Life Field,140,Texas Rangers,TEX,2,False,147,New York Yankees,NYY,4,True,677649,Ezequiel Duran,Ezequiel,Duran,20,1999-05-22,26,"5' 10""",185,7,Outfielder,R,Right,R,Right,1-3 | BB,,3,1,0,0,0,0,0,0,1,0,0,0,4,1,,,,,,,,,,
2026-04-27,822906,,/api/v1.1/game/822906/feed/live,R,2026,2026-04-27,,night,P,N,N,Regular Season,1,3,1,Final,Final,5325,Globe Life Field,140,Texas Rangers,TEX,2,False,147,New York Yankees,NYY,4,True,669022,MacKenzie Gore,MacKenzie,Gore,1,1999-02-24,27,"6' 2""",193,1,Pitcher,L,Left,L,Left,,,,,,,,,,,,,,,,,,,,,,,,,,
2026-04-27,822906,,/api/v1.1/game/822906/feed/live,R,2026,2026-04-27,,night,P,N,N,Regular Season,1,3,1,Final,Final,5325,Globe Life Field,140,Texas Rangers,TEX,2,False,147,New York Yankees,NYY,4,True,686560,Gavin Collyer,Gavin,Collyer,65,2001-05-12,24,"6' 1""",165,1,Pitcher,R,Right,R,Right,"1.0 IP, 0 ER, 0 K, 0 BB",,,,,,,,,,,,,,,,1.0,0,0,0,0,0,15,0,0,0
2026-04-27,822906,,/api/v1.1/game/822906/feed/live,R,2026,2026-04-27,,night,P,N,N,Regular Season,1,3,1,Final,Final,5325,Globe Life Field,140,Texas Rangers,TEX,2,False,147,New York Yankees,NYY,4,True,594798,Jacob deGrom,Jacob,deGrom,48,1988-06-19,37,"6' 4""",180,1,Pitcher,L,Left,R,Right,,,,,,,,,,,,,,,,,,,,,,,,,,
2026-04-27,822906,,/api/v1.1/game/822906/feed/live,R,2026,2026-04-27,,night,P,N,N,Regular Season,1,3,1,Final,Final,5325,Globe Life Field,140,Texas Rangers,TEX,2,False,147,New York Yankees,NYY,4,True,607043,Brandon Nimmo,Brandon,Nimmo,24,1993-03-27,33,"6' 1""",206,9,Outfielder,L,Left,R,Right,1-4,,4,1,0,0,0,0,0,0,0,0,0,1,4,1,,,,,,,,,,
2026-04-27,822906,,/api/v1.1/game/822906/feed/live,R,2026,2026-04-27,,night,P,N,N,Regular Season,1,3,1,Final,Final,5325,Globe Life Field,140,Texas Rangers,TEX,2,False,147,New York Yankees,NYY,4,True,669701,Josh Smith,Josh,Smith,8,1997-08-07,28,"5' 9""",172,4,Second Base,L,Left,R,Right,0-2,,2,0,0,0,0,0,0,0,0,0,0,0,2,0,,,,,,,,,,
2026-04-27,822906,,/api/v1.1/game/822906/feed/live,R,2026,2026-04-27,,night,P,N,N,Regular Season,1,3,1,Final,Final,5325,Globe Life Field,140,Texas Rangers,TEX,2,False,147,New York Yankees,NYY,4,True,664059,Sam Haggerty,Samuel,Haggerty,0,1994-05-26,31,"5' 11""",175,7,Outfielder,S,Switch,R,Right,0-2,,2,0,0,0,0,0,0,0,0,0,0,0,2,0,,,,,,,,,,
2026-04-27,822906,,/api/v1.1/game/822906/feed/live,R,2026,2026-04-27,,night,P,N,N,Regular Season,1,3,1,Final,Final,5325,Globe Life Field,140,Texas Rangers,TEX,2,False,147,New York Yankees,NYY,4,True,643376,Danny Jansen,Daniel,Jansen,9,1995-04-15,31,"6' 2""",240,2,Catcher,R,Right,R,Right,0-1,,1,0,0,0,0,0,0,0,0,0,0,0,1,0,,,,,,,,,,
2026-04-27,822906,,/api/v1.1/game/822906/feed/live,R,2026,2026-04-27,,night,P,N,N,Regular Season,1,3,1,Final,Final,5325,Globe Life Field,140,Texas Rangers,TEX,2,False,147,New York Yankees,NYY,4,True,596001,Jakob Junis,Jakob,Junis,16,1992-09-16,33,"6' 3""",238,1,Pitcher,R,Right,R,Right,,,,,,,,,,,,,,,,,,,,,,,,,,
2026-04-27,822906,,/api/v1.1/game/822906/feed/live,R,2026,2026-04-27,,night,P,N,N,Regular Season,1,3,1,Final,Final,5325,Globe Life Field,140,Texas Rangers,TEX,2,False,147,New York Yankees,NYY,4,True,543135,Nathan Eovaldi,Nathan,Eovaldi,17,1990-02-13,36,"6' 2""",217,1,Pitcher,R,Right,R,Right,,,,,,,,,,,,,,,,,,,,,,,,,,
2026-04-27,822906,,/api/v1.1/game/822906/feed/live,R,2026,2026-04-27,,night,P,N,N,Regular Season,1,3,1,Final,Final,5325,Globe Life Field,140,Texas Rangers,TEX,2,False,147,New York Yankees,NYY,4,True,668390,Cole Winn,Cole,Winn,60,1999-11-25,26,"6' 2""",190,1,Pitcher,R,Right,R,Right,,,,,,,,,,,,,,,,,,,,,,,,,,
2026-04-27,822906,,/api/v1.1/game/822906/feed/live,R,2026,2026-04-27,,night,P,N,N,Regular Season,1,3,1,Final,Final,5325,Globe Life Field,140,Texas Rangers,TEX,2,False,147,New York Yankees,NYY,4,True,621112,Paul Blackburn,Paul,Blackburn,58,1993-12-04,32,"6' 1""",196,1,Pitcher,R,Right,R,Right,,,,,,,,,,,,,,,,,,,,,,,,,,
2026-04-27,822906,,/api/v1.1/game/822906/feed/live,R,2026,2026-04-27,,night,P,N,N,Regular Season,1,3,1,Final,Final,5325,Globe Life Field,140,Texas Rangers,TEX,2,False,147,New York Yankees,NYY,4,True,676609,José Caballero,José,Caballero,72,1996-08-30,29,"5' 9""",190,6,Shortstop,R,Right,R,Right,"1-3 | HBP, 2 CS",,3,1,0,0,0,0,0,0,0,0,2,0,4,1,,,,,,,,,,
2026-04-27,822906,,/api/v1.1/game/822906/feed/live,R,2026,2026-04-27,,night,P,N,N,Regular Season,1,3,1,Final,Final,5325,Globe Life Field,140,Texas Rangers,TEX,2,False,147,New York Yankees,NYY,4,True,642232,Ryan Yarbrough,Ryan,Yarbrough,33,1991-12-31,34,"6' 5""",205,1,Pitcher,R,Right,L,Left,,,,,,,,,,,,,,,,,,,,,,,,,,
2026-04-27,822906,,/api/v1.1/game/822906/feed/live,R,2026,2026-04-27,,night,P,N,N,Regular Season,1,3,1,Final,Final,5325,Globe Life Field,140,Texas Rangers,TEX,2,False,147,New York Yankees,NYY,4,True,545341,Randal Grichuk,Randal,Grichuk,34,1991-08-13,34,"6' 0""",210,7,Outfielder,R,Right,R,Right,,,,,,,,,,,,,,,,,,,,,,,,,,
2026-04-27,822906,,/api/v1.1/game/822906/feed/live,R,2026,2026-04-27,,night,P,N,N,Regular Season,1,3,1,Final,Final,5325,Globe Life Field,140,Texas Rangers,TEX,2,False,147,New York Yankees,NYY,4,True,642708,Amed Rosario,German,Rosario,14,1995-11-20,30,"6' 1""",227,5,Third Base,R,Right,R,Right,,,,,,,,,,,,,,,,,,,,,,,,,,
2026-04-27,822906,,/api/v1.1/game/822906/feed/live,R,2026,2026-04-27,,night,P,N,N,Regular Season,1,3,1,Final,Final,5325,Globe Life Field,140,Texas Rangers,TEX,2,False,147,New York Yankees,NYY,4,True,592450,Aaron Judge,Aaron,Judge,99,1992-04-26,34,"6' 7""",282,9,Outfielder,R,Right,R,Right,"3-3 | HR, 2 2B, HBP",,3,3,2,0,1,1,1,0,0,0,0,0,4,8,,,,,,,,,,
2026-04-27,822906,,/api/v1.1/game/822906/feed/live,R,2026,2026-04-27,,night,P,N,N,Regular Season,1,3,1,Final,Final,5325,Globe Life Field,140,Texas Rangers,TEX,2,False,147,New York Yankees,NYY,4,True,641857,Ryan McMahon,Ryan,McMahon,19,1994-12-14,31,"6' 2""",211,5,Third Base,L,Left,R,Right,1-4 | 2 K,,4,1,0,0,0,0,0,2,0,0,0,0,4,1,,,,,,,,,,
2026-04-27,822906,,/api/v1.1/game/822906/feed/live,R,2026,2026-04-27,,night,P,N,N,Regular Season,1,3,1,Final,Final,5325,Globe Life Field,140,Texas Rangers,TEX,2,False,147,New York Yankees,NYY,4,True,677960,Ryan Weathers,Ryan,Weathers,40,1999-12-17,26,"6' 1""",230,1,Pitcher,R,Right,L,Left,,,,,,,,,,,,,,,,,,,,,,,,,,
2026-04-27,822906,,/api/v1.1/game/822906/feed/live,R,2026,2026-04-27,,night,P,N,N,Regular Season,1,3,1,Final,Final,5325,Globe Life Field,140,Texas Rangers,TEX,2,False,147,New York Yankees,NYY,4,True,657612,Tim Hill,Timothy,Hill,41,1990-02-10,36,"6' 4""",210,1,Pitcher,R,Right,L,Left,"1.0 IP, 0 ER, 0 K, 2 BB",,,,,,,,,,,,,,,,1.0,0,0,0,0,2,24,0,0,0
2026-04-27,822906,,/api/v1.1/game/822906/feed/live,R,2026,2026-04-27,,night,P,N,N,Regular Season,1,3,1,Final,Final,5325,Globe Life Field,140,Texas Rangers,TEX,2,False,147,New York Yankees,NYY,4,True,502671,Paul Goldschmidt,Paul,Goldschmidt,48,1987-09-10,38,"6' 2""",225,3,First Base,R,Right,R,Right,,,,,,,,,,,,,,,,,,,,,,,,,,
2026-04-27,822906,,/api/v1.1/game/822906/feed/live,R,2026,2026-04-27,,night,P,N,N,Regular Season,1,3,1,Final,Final,5325,Globe Life Field,140,Texas Rangers,TEX,2,False,147,New York Yankees,NYY,4,True,691176,Jasson Domínguez,Jasson,Domínguez,24,2003-02-07,23,"5' 9""",218,7,Outfielder,S,Switch,R,Right,1-4 | K,,4,1,0,0,0,0,0,1,0,0,0,0,4,1,,,,,,,,,,
2026-04-27,822906,,/api/v1.1/game/822906/feed/live,R,2026,2026-04-27,,night,P,N,N,Regular Season,1,3,1,Final,Final,5325,Globe Life Field,140,Texas Rangers,TEX,2,False,147,New York Yankees,NYY,4,True,669224,Austin Wells,Austin,Wells,28,1999-07-12,26,"6' 1""",220,2,Catcher,L,Left,R,Right,"0-3 | BB, K",,3,0,0,0,0,0,0,1,1,0,0,0,4,0,,,,,,,,,,
2026-04-27,822906,,/api/v1.1/game/822906/feed/live,R,2026,2026-04-27,,night,P,N,N,Regular Season,1,3,1,Final,Final,5325,Globe Life Field,140,Texas Rangers,TEX,2,False,147,New York Yankees,NYY,4,True,700250,Ben Rice,Benjamin,Rice,22,1999-02-22,27,"6' 2""",228,3,First Base,L,Left,R,Right,"1-4 | HR, BB, 2 RBI",,4,1,0,0,1,2,1,0,1,0,0,1,5,4,,,,,,,,,,
2026-04-27,822906,,/api/v1.1/game/822906/feed/live,R,2026,2026-04-27,,night,P,N,N,Regular Season,1,3,1,Final,Final,5325,Globe Life Field,140,Texas Rangers,TEX,2,False,147,New York Yankees,NYY,4,True,687396,Brent Headrick,Brent,Headrick,47,1997-12-17,28,"6' 6""",235,1,Pitcher,L,Left,L,Left,,,,,,,,,,,,,,,,,,,,,,,,,,
2026-04-27,822906,,/api/v1.1/game/822906/feed/live,R,2026,2026-04-27,,night,P,N,N,Regular Season,1,3,1,Final,Final,5325,Globe Life Field,140,Texas Rangers,TEX,2,False,147,New York Yankees,NYY,4,True,701542,Will Warren,William,Warren,29,1999-06-16,26,"6' 2""",200,1,Pitcher,R,Right,R,Right,,,,,,,,,,,,,,,,,,,,,,,,,,
2026-04-27,822906,,/api/v1.1/game/822906/feed/live,R,2026,2026-04-27,,night,P,N,N,Regular Season,1,3,1,Final,Final,5325,Globe Life Field,140,Texas Rangers,TEX,2,False,147,New York Yankees,NYY,4,True,518585,Fernando Cruz,Fernando,Cruz,63,1990-03-28,36,"6' 2""",237,1,Pitcher,R,Right,R,Right,,,,,,,,,,,,,,,,,,,,,,,,,,
2026-04-27,822906,,/api/v1.1/game/822906/feed/live,R,2026,2026-04-27,,night,P,N,N,Regular Season,1,3,1,Final,Final,5325,Globe Life Field,140,Texas Rangers,TEX,2,False,147,New York Yankees,NYY,4,True,641555,J.C. Escarra,Juan,Escarra,25,1995-04-24,31,"6' 2""",220,2,Catcher,L,Left,R,Right,,,,,,,,,,,,,,,,,,,,,,,,,,
2026-04-27,822906,,/api/v1.1/game/822906/feed/live,R,2026,2026-04-27,,night,P,N,N,Regular Season,1,3,1,Final,Final,5325,Globe Life Field,140,Texas Rangers,TEX,2,False,147,New York Yankees,NYY,4,True,641355,Cody Bellinger,Cody,Bellinger,35,1995-07-13,30,"6' 3""",204,7,Outfielder,L,Left,L,Left,0-4 | K,,4,0,0,0,0,0,0,1,0,0,0,0,4,0,,,,,,,,,,
2026-04-27,822906,,/api/v1.1/game/822906/feed/live,R,2026,2026-04-27,,night,P,N,N,Regular Season,1,3,1,Final,Final,5325,Globe Life Field,140,Texas Rangers,TEX,2,False,147,New York Yankees,NYY,4,True,519317,Giancarlo Stanton,Giancarlo,Stanton,27,1989-11-08,36,"6' 5""",245,10,Designated Hitter,R,Right,R,Right,,,,,,,,,,,,,,,,,,,,,,,,,,
2026-04-27,822906,,/api/v1.1/game/822906/feed/live,R,2026,2026-04-27,,night,P,N,N,Regular Season,1,3,1,Final,Final,5325,Globe Life Field,140,Texas Rangers,TEX,2,False,147,New York Yankees,NYY,4,True,665862,Jazz Chisholm Jr.,Jasrado,Chisholm,13,1998-02-01,28,"5' 11""",184,4,Second Base,L,Left,R,Right,"1-4 | HR, RBI, R",,4,1,0,0,1,1,1,0,0,0,0,0,4,4,,,,,,,,,,
2026-04-27,822906,,/api/v1.1/game/822906/feed/live,R,2026,2026-04-27,,night,P,N,N,Regular Season,1,3,1,Final,Final,5325,Globe Life Field,140,Texas Rangers,TEX,2,False,147,New York Yankees,NYY,4,True,608331,Max Fried,Max,Fried,54,1994-01-18,32,"6' 4""",190,1,Pitcher,L,Left,L,Left,"6.0 IP, 0 ER, 5 K, 2 BB",,,,,,,,,,,,,,,,6.0,0,4,0,5,2,89,1,0,0
2026-04-27,822906,,/api/v1.1/game/822906/feed/live,R,2026,2026-04-27,,night,P,N,N,Regular Season,1,3,1,Final,Final,5325,Globe Life Field,140,Texas Rangers,TEX,2,False,147,New York Yankees,NYY,4,True,656234,Jake Bird,Jacob,Bird,59,1995-12-04,30,"6' 3""",215,1,Pitcher,R,Right,R,Right,,,,,,,,,,,,,,,,,,,,,,,,,,
2026-04-27,822906,,/api/v1.1/game/822906/feed/live,R,2026,2026-04-27,,night,P,N,N,Regular Season,1,3,1,Final,Final,5325,Globe Life Field,140,Texas Rangers,TEX,2,False,147,New York Yankees,NYY,4,True,666808,Camilo Doval,Camilo,Doval,75,1997-07-04,28,"6' 2""",205,1,Pitcher,R,Right,R,Right,"1.0 IP, ER, 2 K, 0 BB",,,,,,,,,,,,,,,,1.0,1,1,1,2,0,16,0,0,0
2026-04-27,822906,,/api/v1.1/game/822906/feed/live,R,2026,2026-04-27,,night,P,N,N,Regular Season,1,3,1,Final,Final,5325,Globe Life Field,140,Texas Rangers,TEX,2,False,147,New York Yankees,NYY,4,True,663757,Trent Grisham,Trenton,Grisham,12,1996-11-01,29,"5' 10""",221,8,Outfielder,L,Left,L,Left,"1-4 | BB, R",,4,1,0,0,0,0,1,0,1,0,0,0,5,1,,,,,,,,,,
2026-04-27,822906,,/api/v1.1/game/822906/feed/live,R,2026,2026-04-27,,night,P,N,N,Regular Season,1,3,1,Final,Final,5325,Globe Life Field,140,Texas Rangers,TEX,2,False,147,New York Yankees,NYY,4,True,670280,David Bednar,David,Bednar,53,1994-10-10,31,"6' 1""",250,1,Pitcher,L,Left,R,Right,"1.0 IP, 0 ER, K, 0 BB",,,,,,,,,,,,,,,,1.0,0,2,0,1,0,18,0,0,1
2026-04-27,822906,,/api/v1.1/game/822906/feed/live,R,2026,2026-04-27,,night,P,N,N,Regular Season,1,3,1,Final,Final,5325,Globe Life Field,140,Texas Rangers,TEX,2,False,147,New York Yankees,NYY,4,True,693645,Cam Schlittler,Cameron,Schlittler,31,2001-02-05,25,"6' 6""",215,1,Pitcher,R,Right,R,Right,,,,,,,,,,,,,,,,,,,,,,,,,,
2026-04-27,823311,,/api/v1.1/game/823311/feed/live,R,2026,2026-04-27,,night,P,N,N,Regular Season,1,3,1,Final,Final,2680,Petco Park,135,San Diego Padres,SD,9,True,112,Chicago Cubs,CHC,7,False,669134,Luis Campusano,Luis,Campusano,12,1998-09-29,27,"5' 10""",232,2,Catcher,R,Right,R,Right,,,,,,,,,,,,,,,,,,,,,,,,,,
2026-04-27,823311,,/api/v1.1/game/823311/feed/live,R,2026,2026-04-27,,night,P,N,N,Regular Season,1,3,1,Final,Final,2680,Petco Park,135,San Diego Padres,SD,9,True,112,Chicago Cubs,CHC,7,False,666023,Freddy Fermin,Freddy,Fermin,54,1995-05-16,30,"5' 10""",200,2,Catcher,R,Right,R,Right,0-4 | K,,4,0,0,0,0,0,0,1,0,0,0,0,4,0,,,,,,,,,,
2026-04-27,823311,,/api/v1.1/game/823311/feed/live,R,2026,2026-04-27,,night,P,N,N,Regular Season,1,3,1,Final,Final,2680,Petco Park,135,San Diego Padres,SD,9,True,112,Chicago Cubs,CHC,7,False,650633,Michael King,Michael,King,34,1995-05-25,30,"6' 3""",210,1,Pitcher,R,Right,R,Right,,,,,,,,,,,,,,,,,,,,,,,,,,
2026-04-27,823311,,/api/v1.1/game/823311/feed/live,R,2026,2026-04-27,,night,P,N,N,Regular Season,1,3,1,Final,Final,2680,Petco Park,135,San Diego Padres,SD,9,True,112,Chicago Cubs,CHC,7,False,695243,Mason Miller,Mason,Miller,22,1998-08-24,27,"6' 5""",200,1,Pitcher,R,Right,R,Right,"1.0 IP, 2 ER, K, 0 BB",,,,,,,,,,,,,,,,1.0,2,3,0,1,0,21,0,0,0
2026-04-27,823311,,/api/v1.1/game/823311/feed/live,R,2026,2026-04-27,,night,P,N,N,Regular Season,1,3,1,Final,Final,2680,Petco Park,135,San Diego Padres,SD,9,True,112,Chicago Cubs,CHC,7,False,688158,David Morgan,David,Morgan,66,1999-10-26,26,"6' 0""",185,1,Pitcher,R,Right,R,Right,,,,,,,,,,,,,,,,,,,,,,,,,,
2026-04-27,823311,,/api/v1.1/game/823311/feed/live,R,2026,2026-04-27,,night,P,N,N,Regular Season,1,3,1,Final,Final,2680,Petco Park,135,San Diego Padres,SD,9,True,112,Chicago Cubs,CHC,7,False,593974,Wandy Peralta,Wandy,Peralta,58,1991-07-27,34,"6' 0""",227,1,Pitcher,L,Left,L,Left,,,,,,,,,,,,,,,,,,,,,,,,,,
2026-04-27,823311,,/api/v1.1/game/823311/feed/live,R,2026,2026-04-27,,night,P,N,N,Regular Season,1,3,1,Final,Final,2680,Petco Park,135,San Diego Padres,SD,9,True,112,Chicago Cubs,CHC,7,False,592206,Nick Castellanos,Nicholas,Castellanos,21,1992-03-04,34,"6' 3""",203,9,Outfielder,R,Right,R,Right,"1-4 | 2 K, 2 RBI",,4,1,0,0,0,2,0,2,0,0,0,0,4,1,,,,,,,,,,
2026-04-27,823311,,/api/v1.1/game/823311/feed/live,R,2026,2026-04-27,,night,P,N,N,Regular Season,1,3,1,Final,Final,2680,Petco Park,135,San Diego Padres,SD,9,True,112,Chicago Cubs,CHC,7,False,621111,Walker Buehler,Walker,Buehler,10,1994-07-28,31,"6' 2""",185,1,Pitcher,R,Right,R,Right,,,,,,,,,,,,,,,,,,,,,,,,,,
2026-04-27,823311,,/api/v1.1/game/823311/feed/live,R,2026,2026-04-27,,night,P,N,N,Regular Season,1,3,1,Final,Final,2680,Petco Park,135,San Diego Padres,SD,9,True,112,Chicago Cubs,CHC,7,False,701538,Jackson Merrill,Jackson,Merrill,3,2003-04-19,23,"6' 2""",195,8,Outfielder,L,Left,R,Right,"1-5 | 3 K, RBI, R",,5,1,0,0,0,1,1,3,0,0,0,0,5,1,,,,,,,,,,
2026-04-27,823311,,/api/v1.1/game/823311/feed/live,R,2026,2026-04-27,,night,P,N,N,Regular Season,1,3,1,Final,Final,2680,Petco Park,135,San Diego Padres,SD,9,True,112,Chicago Cubs,CHC,7,False,592094,Jason Adam,Jason,Adam,40,1991-08-04,34,"6' 3""",229,1,Pitcher,R,Right,R,Right,"1.1 IP, 0 ER, K, 0 BB",,,,,,,,,,,,,,,,1.1,0,0,0,1,0,17,0,0,0
2026-04-27,823311,,/api/v1.1/game/823311/feed/live,R,2026,2026-04-27,,night,P,N,N,Regular Season,1,3,1,Final,Final,2680,Petco Park,135,San Diego Padres,SD,9,True,112,Chicago Cubs,CHC,7,False,608566,Germán Márquez,Germán,Márquez,33,1995-02-22,31,"6' 1""",230,1,Pitcher,R,Right,R,Right,,,,,,,,,,,,,,,,,,,,,,,,,,
2026-04-27,823311,,/api/v1.1/game/823311/feed/live,R,2026,2026-04-27,,night,P,N,N,Regular Season,1,3,1,Final,Final,2680,Petco Park,135,San Diego Padres,SD,9,True,112,Chicago Cubs,CHC,7,False,699134,Bradgley Rodriguez,Bradgley,Rodriguez,72,2003-11-16,22,"6' 1""",160,1,Pitcher,R,Right,R,Right,,,,,,,,,,,,,,,,,,,,,,,,,,
2026-04-27,823311,,/api/v1.1/game/823311/feed/live,R,2026,2026-04-27,,night,P,N,N,Regular Season,1,3,1,Final,Final,2680,Petco Park,135,San Diego Padres,SD,9,True,112,Chicago Cubs,CHC,7,False,657757,Gavin Sheets,Gavin,Sheets,30,1996-04-23,30,"6' 3""",235,3,First Base,L,Left,L,Left,"1-1 | HR, RBI, R",,1,1,0,0,1,1,1,0,0,0,0,0,1,4,,,,,,,,,,
2026-04-27,823311,,/api/v1.1/game/823311/feed/live,R,2026,2026-04-27,,night,P,N,N,Regular Season,1,3,1,Final,Final,2680,Petco Park,135,San Diego Padres,SD,9,True,112,Chicago Cubs,CHC,7,False,657656,Ramón Laureano,Ramón,Laureano,5,1994-07-15,31,"5' 9""",203,7,Outfielder,R,Right,R,Right,"1-4 | BB, K, R",,4,1,0,0,0,0,1,1,1,0,0,0,5,1,,,,,,,,,,
2026-04-27,823311,,/api/v1.1/game/823311/feed/live,R,2026,2026-04-27,,night,P,N,N,Regular Season,1,3,1,Final,Final,2680,Petco Park,135,San Diego Padres,SD,9,True,112,Chicago Cubs,CHC,7,False,670970,Adrian Morejon,Adrian,Morejon,50,1999-02-27,27,"5' 11""",224,1,Pitcher,L,Left,L,Left,"1.2 IP, 0 ER, 2 K, BB",,,,,,,,,,,,,,,,1.2,0,0,0,2,1,27,0,0,0
2026-04-27,823311,,/api/v1.1/game/823311/feed/live,R,2026,2026-04-27,,night,P,N,N,Regular Season,1,3,1,Final,Final,2680,Petco Park,135,San Diego Padres,SD,9,True,112,Chicago Cubs,CHC,7,False,592518,Manny Machado,Manuel,Machado,13,1992-07-06,33,"6' 2""",218,5,Third Base,R,Right,R,Right,"3-4 | 2 2B, 3 R",,4,3,2,0,0,0,3,0,0,0,0,0,4,5,,,,,,,,,,
2026-04-27,823311,,/api/v1.1/game/823311/feed/live,R,2026,2026-04-27,,night,P,N,N,Regular Season,1,3,1,Final,Final,2680,Petco Park,135,San Diego Padres,SD,9,True,112,Chicago Cubs,CHC,7,False,663362,Matt Waldron,Matthew,Waldron,61,1996-09-26,29,"6' 2""",185,1,Pitcher,R,Right,R,Right,,,,,,,,,,,,,,,,,,,,,,,,,,
2026-04-27,823311,,/api/v1.1/game/823311/feed/live,R,2026,2026-04-27,,night,P,N,N,Regular Season,1,3,1,Final,Final,2680,Petco Park,135,San Diego Padres,SD,9,True,112,Chicago Cubs,CHC,7,False,609280,Miguel Andujar,Miguel,Andujar,41,1995-03-02,31,"6' 0""",211,5,Third Base,R,Right,R,Right,"1-3 | BB, RBI, R",,3,1,0,0,0,1,1,0,1,0,0,0,4,1,,,,,,,,,,
2026-04-27,823311,,/api/v1.1/game/823311/feed/live,R,2026,2026-04-27,,night,P,N,N,Regular Season,1,3,1,Final,Final,2680,Petco Park,135,San Diego Padres,SD,9,True,112,Chicago Cubs,CHC,7,False,665487,Fernando Tatis Jr.,Fernando,Tatis,23,1999-01-02,27,"6' 3""",217,9,Outfielder,R,Right,R,Right,"2-5 | K, SB",,5,2,0,0,0,0,0,1,0,1,0,0,5,2,,,,,,,,,,
2026-04-27,823311,,/api/v1.1/game/823311/feed/live,R,2026,2026-04-27,,night,P,N,N,Regular Season,1,3,1,Final,Final,2680,Petco Park,135,San Diego Padres,SD,9,True,112,Chicago Cubs,CHC,7,False,664034,Ty France,Tyler,France,25,1994-07-13,31,"5' 10""",215,3,First Base,R,Right,R,Right,"2-3 | 3B, 2B, BB",,3,2,1,1,0,4,1,0,1,1,0,0,4,5,,,,,,,,,,
2026-04-27,823311,,/api/v1.1/game/823311/feed/live,R,2026,2026-04-27,,night,P,N,N,Regular Season,1,3,1,Final,Final,2680,Petco Park,135,San Diego Padres,SD,9,True,112,Chicago Cubs,CHC,7,False,669369,Bryce Johnson,Bryce,Johnson,29,1995-10-27,30,"5' 11""",190,9,Outfielder,S,Switch,R,Right,,,,,,,,,,,,,,,,,,,,,,,,,,
2026-04-27,823311,,/api/v1.1/game/823311/feed/live,R,2026,2026-04-27,,night,P,N,N,Regular Season,1,3,1,Final,Final,2680,Petco Park,135,San Diego Padres,SD,9,True,112,Chicago Cubs,CHC,7,False,593428,Xander Bogaerts,Xander,Bogaerts,2,1992-10-01,33,"6' 2""",218,6,Shortstop,R,Right,R,Right,2-5 | R,,5,2,0,0,0,0,1,0,0,0,0,0,5,2,,,,,,,,,,
2026-04-27,823311,,/api/v1.1/game/823311/feed/live,R,2026,2026-04-27,,night,P,N,N,Regular Season,1,3,1,Final,Final,2680,Petco Park,135,San Diego Padres,SD,9,True,112,Chicago Cubs,CHC,7,False,606996,Kyle Hart,Kyle,Hart,68,1992-11-23,33,"6' 5""",200,1,Pitcher,L,Left,L,Left,,,,,,,,,,,,,,,,,,,,,,,,,,
2026-04-27,823311,,/api/v1.1/game/823311/feed/live,R,2026,2026-04-27,,night,P,N,N,Regular Season,1,3,1,Final,Final,2680,Petco Park,135,San Diego Padres,SD,9,True,112,Chicago Cubs,CHC,7,False,676760,Ron Marinaccio,Ronald,Marinaccio,97,1995-07-01,30,"6' 2""",205,1,Pitcher,R,Right,R,Right,,,,,,,,,,,,,,,,,,,,,,,,,,
2026-04-27,823311,,/api/v1.1/game/823311/feed/live,R,2026,2026-04-27,,night,P,N,N,Regular Season,1,3,1,Final,Final,2680,Petco Park,135,San Diego Padres,SD,9,True,112,Chicago Cubs,CHC,7,False,630105,Jake Cronenworth,Jacob,Cronenworth,9,1994-01-21,32,"5' 11""",187,4,Second Base,L,Left,R,Right,0-0,,0,0,0,0,0,0,0,0,0,0,0,0,0,0,,,,,,,,,,
2026-04-27,823311,,/api/v1.1/game/823311/feed/live,R,2026,2026-04-27,,night,P,N,N,Regular Season,1,3,1,Final,Final,2680,Petco Park,135,San Diego Padres,SD,9,True,112,Chicago Cubs,CHC,7,False,681190,Randy Vásquez,Randy,Vásquez,98,1998-11-03,27,"6' 0""",165,1,Pitcher,R,Right,R,Right,"5.0 IP, 5 ER, 4 K, 3 BB",,,,,,,,,,,,,,,,5.0,5,5,2,4,3,106,1,0,0
2026-04-27,823311,,/api/v1.1/game/823311/feed/live,R,2026,2026-04-27,,night,P,N,N,Regular Season,1,3,1,Final,Final,2680,Petco Park,135,San Diego Padres,SD,9,True,112,Chicago Cubs,CHC,7,False,624424,Michael Conforto,Michael,Conforto,20,1993-03-01,33,"5' 11""",215,9,Outfielder,L,Left,R,Right,0-2,,2,0,0,0,0,0,0,0,0,0,0,0,2,0,,,,,,,,,,
2026-04-27,823311,,/api/v1.1/game/823311/feed/live,R,2026,2026-04-27,,night,P,N,N,Regular Season,1,3,1,Final,Final,2680,Petco Park,135,San Diego Padres,SD,9,True,112,Chicago Cubs,CHC,7,False,571948,Hoby Milner,Hoby,Milner,41,1991-01-13,35,"6' 3""",187,1,Pitcher,L,Left,L,Left,,,,,,,,,,,,,,,,,,,,,,,,,,
2026-04-27,823311,,/api/v1.1/game/823311/feed/live,R,2026,2026-04-27,,night,P,N,N,Regular Season,1,3,1,Final,Final,2680,Petco Park,135,San Diego Padres,SD,9,True,112,Chicago Cubs,CHC,7,False,664023,Ian Happ,Ian,Happ,8,1994-08-12,31,"5' 10""",205,7,Outfielder,S,Switch,R,Right,"1-4 | K, R",,4,1,0,0,0,0,1,1,0,0,0,0,4,1,,,,,,,,,,
2026-04-27,823311,,/api/v1.1/game/823311/feed/live,R,2026,2026-04-27,,night,P,N,N,Regular Season,1,3,1,Final,Final,2680,Petco Park,135,San Diego Padres,SD,9,True,112,Chicago Cubs,CHC,7,False,665795,Edward Cabrera,Edward,Cabrera,30,1998-04-13,28,"6' 5""",217,1,Pitcher,R,Right,R,Right,,,,,,,,,,,,,,,,,,,,,,,,,,
2026-04-27,823311,,/api/v1.1/game/823311/feed/live,R,2026,2026-04-27,,night,P,N,N,Regular Season,1,3,1,Final,Final,2680,Petco Park,135,San Diego Padres,SD,9,True,112,Chicago Cubs,CHC,7,False,665871,Javier Assad,Javier,Assad,72,1997-07-30,28,"6' 1""",200,1,Pitcher,R,Right,R,Right,,,,,,,,,,,,,,,,,,,,,,,,,,
2026-04-27,823311,,/api/v1.1/game/823311/feed/live,R,2026,2026-04-27,,night,P,N,N,Regular Season,1,3,1,Final,Final,2680,Petco Park,135,San Diego Padres,SD,9,True,112,Chicago Cubs,CHC,7,False,684007,Shota Imanaga,Shota,Imanaga,18,1993-09-01,32,"5' 10""",175,1,Pitcher,L,Left,L,Left,,,,,,,,,,,,,,,,,,,,,,,,,,
2026-04-27,823311,,/api/v1.1/game/823311/feed/live,R,2026,2026-04-27,,night,P,N,N,Regular Season,1,3,1,Final,Final,2680,Petco Park,135,San Diego Padres,SD,9,True,112,Chicago Cubs,CHC,7,False,608324,Alex Bregman,Alexander,Bregman,3,1994-03-30,32,"5' 10""",190,5,Third Base,R,Right,R,Right,"0-4 | BB, K, R",,4,0,0,0,0,0,1,1,1,0,0,0,5,0,,,,,,,,,,
2026-04-27,823311,,/api/v1.1/game/823311/feed/live,R,2026,2026-04-27,,night,P,N,N,Regular Season,1,3,1,Final,Final,2680,Petco Park,135,San Diego Padres,SD,9,True,112,Chicago Cubs,CHC,7,False,683737,Michael Busch,Michael,Busch,29,1997-11-09,28,"5' 11""",210,3,First Base,L,Left,R,Right,0-5 | 3 K,,5,0,0,0,0,0,0,3,0,0,0,0,5,0,,,,,,,,,,
2026-04-27,823311,,/api/v1.1/game/823311/feed/live,R,2026,2026-04-27,,night,P,N,N,Regular Season,1,3,1,Final,Final,2680,Petco Park,135,San Diego Padres,SD,9,True,112,Chicago Cubs,CHC,7,False,608348,Carson Kelly,Carson,Kelly,15,1994-07-14,31,"6' 1""",212,2,Catcher,R,Right,R,Right,,,,,,,,,,,,,,,,,,,,,,,,,,
2026-04-27,823311,,/api/v1.1/game/823311/feed/live,R,2026,2026-04-27,,night,P,N,N,Regular Season,1,3,1,Final,Final,2680,Petco Park,135,San Diego Padres,SD,9,True,112,Chicago Cubs,CHC,7,False,592791,Jameson Taillon,Jameson,Taillon,50,1991-11-18,34,"6' 5""",230,1,Pitcher,R,Right,R,Right,,,,,,,,,,,,,,,,,,,,,,,,,,
2026-04-27,823311,,/api/v1.1/game/823311/feed/live,R,2026,2026-04-27,,night,P,N,N,Regular Season,1,3,1,Final,Final,2680,Petco Park,135,San Diego Padres,SD,9,True,112,Chicago Cubs,CHC,7,False,691718,Pete Crow-Armstrong,Pete,Crow-Armstrong,4,2002-03-25,24,"6' 0""",184,8,Outfielder,L,Left,L,Left,"1-3 | BB, K, SB",,3,1,0,0,0,0,0,1,1,1,0,0,4,1,,,,,,,,,,
2026-04-27,823311,,/api/v1.1/game/823311/feed/live,R,2026,2026-04-27,,night,P,N,N,Regular Season,1,3,1,Final,Final,2680,Petco Park,135,San Diego Padres,SD,9,True,112,Chicago Cubs,CHC,7,False,657097,Jacob Webb,Jacob,Webb,71,1993-08-15,32,"6' 2""",210,1,Pitcher,R,Right,R,Right,"1.0 IP, ER, K, 0 BB",,,,,,,,,,,,,,,,1.0,1,1,1,1,0,15,0,0,0
2026-04-27,823311,,/api/v1.1/game/823311/feed/live,R,2026,2026-04-27,,night,P,N,N,Regular Season,1,3,1,Final,Final,2680,Petco Park,135,San Diego Padres,SD,9,True,112,Chicago Cubs,CHC,7,False,665804,Miguel Amaya,Miguel,Amaya,9,1999-03-09,27,"6' 1""",230,2,Catcher,R,Right,R,Right,,,,,,,,,,,,,,,,,,,,,,,,,,
2026-04-27,823311,,/api/v1.1/game/823311/feed/live,R,2026,2026-04-27,,night,P,N,N,Regular Season,1,3,1,Final,Final,2680,Petco Park,135,San Diego Padres,SD,9,True,112,Chicago Cubs,CHC,7,False,694208,Moisés Ballesteros,Moisés,Ballesteros,25,2003-11-08,22,"5' 8""",195,2,Catcher,L,Left,R,Right,"1-4 | HR, 4 RBI, R",,4,1,0,0,1,4,1,0,0,0,0,0,4,4,,,,,,,,,,
2026-04-27,823311,,/api/v1.1/game/823311/feed/live,R,2026,2026-04-27,,night,P,N,N,Regular Season,1,3,1,Final,Final,2680,Petco Park,135,San Diego Padres,SD,9,True,112,Chicago Cubs,CHC,7,False,670032,Nicky Lopez,Nicholas,Lopez,5,1995-03-13,31,"5' 10""",186,5,Third Base,L,Left,R,Right,,,,,,,,,,,,,,,,,,,,,,,,,,
2026-04-27,823311,,/api/v1.1/game/823311/feed/live,R,2026,2026-04-27,,night,P,N,N,Regular Season,1,3,1,Final,Final,2680,Petco Park,135,San Diego Padres,SD,9,True,112,Chicago Cubs,CHC,7,False,656686,Corbin Martin,Corbin,Martin,38,1995-12-28,30,"6' 2""",225,1,Pitcher,R,Right,R,Right,,,,,,,,,,,,,,,,,,,,,,,,,,
2026-04-27,823311,,/api/v1.1/game/823311/feed/live,R,2026,2026-04-27,,night,P,N,N,Regular Season,1,3,1,Final,Final,2680,Petco Park,135,San Diego Padres,SD,9,True,112,Chicago Cubs,CHC,7,False,673548,Seiya Suzuki,Seiya,Suzuki,27,1994-08-18,31,"5' 11""",182,9,Outfielder,R,Right,R,Right,"2-4 | HR, K, RBI",,4,2,0,0,1,1,2,1,0,0,0,0,4,5,,,,,,,,,,
2026-04-27,823311,,/api/v1.1/game/823311/feed/live,R,2026,2026-04-27,,night,P,N,N,Regular Season,1,3,1,Final,Final,2680,Petco Park,135,San Diego Padres,SD,9,True,112,Chicago Cubs,CHC,7,False,669020,Ryan Rolison,Ryan,Rolison,33,1997-07-11,28,"6' 2""",213,1,Pitcher,R,Right,L,Left,,,,,,,,,,,,,,,,,,,,,,,,,,
2026-04-27,823311,,/api/v1.1/game/823311/feed/live,R,2026,2026-04-27,,night,P,N,N,Regular Season,1,3,1,Final,Final,2680,Petco Park,135,San Diego Padres,SD,9,True,112,Chicago Cubs,CHC,7,False,571510,Matthew Boyd,Matthew,Boyd,16,1991-02-02,35,"6' 3""",223,1,Pitcher,L,Left,L,Left,"4.0 IP, 5 ER, 4 K, 2 BB",,,,,,,,,,,,,,,,4.0,5,8,0,4,2,91,0,0,0
2026-04-27,823311,,/api/v1.1/game/823311/feed/live,R,2026,2026-04-27,,night,P,N,N,Regular Season,1,3,1,Final,Final,2680,Petco Park,135,San Diego Padres,SD,9,True,112,Chicago Cubs,CHC,7,False,621020,Dansby Swanson,James,Swanson,7,1994-02-11,32,"6' 0""",190,6,Shortstop,R,Right,R,Right,"2-3 | BB, R",,3,2,0,0,0,0,1,0,1,0,0,0,4,2,,,,,,,,,,
2026-04-27,823311,,/api/v1.1/game/823311/feed/live,R,2026,2026-04-27,,night,P,N,N,Regular Season,1,3,1,Final,Final,2680,Petco Park,135,San Diego Padres,SD,9,True,112,Chicago Cubs,CHC,7,False,607067,Colin Rea,Colin,Rea,53,1990-07-01,35,"6' 5""",220,1,Pitcher,R,Right,R,Right,,,,,,,,,,,,,,,,,,,,,,,,,,
2026-04-27,823311,,/api/v1.1/game/823311/feed/live,R,2026,2026-04-27,,night,P,N,N,Regular Season,1,3,1,Final,Final,2680,Petco Park,135,San Diego Padres,SD,9,True,112,Chicago Cubs,CHC,7,False,605441,Yacksel Ríos,Yacksel,Ríos,57,1993-06-27,32,"6' 3""",215,1,Pitcher,R,Right,R,Right,,,,,,,,,,,,,,,,,,,,,,,,,,
2026-04-27,823311,,/api/v1.1/game/823311/feed/live,R,2026,2026-04-27,,night,P,N,N,Regular Season,1,3,1,Final,Final,2680,Petco Park,135,San Diego Padres,SD,9,True,112,Chicago Cubs,CHC,7,False,664208,Phil Maton,Phillip,Maton,88,1993-03-25,33,"6' 2""",206,1,Pitcher,R,Right,R,Right,"1.0 IP, 2 ER, 2 K, 0 BB",,,,,,,,,,,,,,,,1.0,2,3,0,2,0,28,0,0,0
2026-04-27,823311,,/api/v1.1/game/823311/feed/live,R,2026,2026-04-27,,night,P,N,N,Regular Season,1,3,1,Final,Final,2680,Petco Park,135,San Diego Padres,SD,9,True,112,Chicago Cubs,CHC,7,False,663538,Nico Hoerner,Nicholas,Hoerner,2,1997-05-13,28,"5' 11""",200,4,Second Base,R,Right,R,Right,"0-4 | BB, K, RBI",,4,0,0,0,0,1,0,1,1,0,0,0,5,0,,,,,,,,,,
2026-04-27,823311,,/api/v1.1/game/823311/feed/live,R,2026,2026-04-27,,night,P,N,N,Regular Season,1,3,1,Final,Final,2680,Petco Park,135,San Diego Padres,SD,9,True,112,Chicago Cubs,CHC,7,False,676962,Ben Brown,Benjamin,Brown,32,1999-09-09,26,"6' 6""",210,1,Pitcher,R,Right,R,Right,"2.0 IP, 0 ER, K, BB",,,,,,,,,,,,,,,,2.0,0,2,0,1,1,43,0,1,0
2026-04-27,823311,,/api/v1.1/game/823311/feed/live,R,2026,2026-04-27,,night,P,N,N,Regular Season,1,3,1,Final,Final,2680,Petco Park,135,San Diego Padres,SD,9,True,112,Chicago Cubs,CHC,7,False,807713,Matt Shaw,Matthew,Shaw,6,2001-11-06,24,"5' 10""",185,9,Outfielder,R,Right,R,Right,1-2 | R,,2,1,0,0,0,0,1,0,0,0,0,0,2,1,,,,,,,,,,
2026-04-27,823961,,/api/v1.1/game/823961/feed/live,R,2026,2026-04-27,,night,P,N,N,Regular Season,1,3,1,Final,Final,22,UNIQLO Field at Dodger Stadium,119,Los Angeles Dodgers,LAD,5,True,146,Miami Marlins,MIA,4,False,669257,Will Smith,William,Smith,16,1995-03-28,31,"5' 10""",195,2,Catcher,R,Right,R,Right,0-5 | K,,5,0,0,0,0,0,0,1,0,0,0,0,5,0,,,,,,,,,,
2026-04-27,823961,,/api/v1.1/game/823961/feed/live,R,2026,2026-04-27,,night,P,N,N,Regular Season,1,3,1,Final,Final,22,UNIQLO Field at Dodger Stadium,119,Los Angeles Dodgers,LAD,5,True,146,Miami Marlins,MIA,4,False,687221,Dalton Rushing,Dalton,Rushing,68,2001-02-21,25,"6' 0""",220,2,Catcher,L,Left,R,Right,"0-0 | BB, R",,0,0,0,0,0,0,1,0,1,0,0,0,1,0,,,,,,,,,,
2026-04-27,823961,,/api/v1.1/game/823961/feed/live,R,2026,2026-04-27,,night,P,N,N,Regular Season,1,3,1,Final,Final,22,UNIQLO Field at Dodger Stadium,119,Los Angeles Dodgers,LAD,5,True,146,Miami Marlins,MIA,4,False,607192,Tyler Glasnow,Tyler,Glasnow,31,1993-08-23,32,"6' 8""",225,1,Pitcher,L,Left,R,Right,,,,,,,,,,,,,,,,,,,,,,,,,,
2026-04-27,823961,,/api/v1.1/game/823961/feed/live,R,2026,2026-04-27,,night,P,N,N,Regular Season,1,3,1,Final,Final,22,UNIQLO Field at Dodger Stadium,119,Los Angeles Dodgers,LAD,5,True,146,Miami Marlins,MIA,4,False,681911,Alex Vesia,Alexander,Vesia,51,1996-04-11,30,"6' 1""",209,1,Pitcher,L,Left,L,Left,"1.0 IP, 0 ER, 3 K, BB",,,,,,,,,,,,,,,,1.0,0,0,0,3,1,23,0,0,0
2026-04-27,823961,,/api/v1.1/game/823961/feed/live,R,2026,2026-04-27,,night,P,N,N,Regular Season,1,3,1,Final,Final,22,UNIQLO Field at Dodger Stadium,119,Los Angeles Dodgers,LAD,5,True,146,Miami Marlins,MIA,4,False,663656,Kyle Tucker,Kyle,Tucker,23,1997-01-17,29,"6' 3""",212,9,Outfielder,L,Left,R,Right,"1-5 | K, 2 RBI",,5,1,0,0,0,2,0,1,0,0,0,0,5,1,,,,,,,,,,
2026-04-27,823961,,/api/v1.1/game/823961/feed/live,R,2026,2026-04-27,,night,P,N,N,Regular Season,1,3,1,Final,Final,22,UNIQLO Field at Dodger Stadium,119,Los Angeles Dodgers,LAD,5,True,146,Miami Marlins,MIA,4,False,571970,Max Muncy,Maxwell,Muncy,13,1990-08-25,35,"5' 10""",215,5,Third Base,L,Left,R,Right,1-4 | K,,4,1,0,0,0,0,0,1,0,0,0,0,4,1,,,,,,,,,,
2026-04-27,823961,,/api/v1.1/game/823961/feed/live,R,2026,2026-04-27,,night,P,N,N,Regular Season,1,3,1,Final,Final,22,UNIQLO Field at Dodger Stadium,119,Los Angeles Dodgers,LAD,5,True,146,Miami Marlins,MIA,4,False,518692,Freddie Freeman,Frederick,Freeman,5,1989-09-12,36,"6' 4""",220,3,First Base,L,Left,R,Right,"1-3 | 2 BB, R",,3,1,0,0,0,0,1,0,2,0,0,0,5,1,,,,,,,,,,
2026-04-27,823961,,/api/v1.1/game/823961/feed/live,R,2026,2026-04-27,,night,P,N,N,Regular Season,1,3,1,Final,Final,22,UNIQLO Field at Dodger Stadium,119,Los Angeles Dodgers,LAD,5,True,146,Miami Marlins,MIA,4,False,683618,Edgardo Henriquez,Edgardo,Henriquez,60,2002-06-24,23,"6' 4""",200,1,Pitcher,R,Right,R,Right,"1.0 IP, 0 ER, K, 0 BB",,,,,,,,,,,,,,,,1.0,0,0,0,1,0,9,0,0,0
2026-04-27,823961,,/api/v1.1/game/823961/feed/live,R,2026,2026-04-27,,night,P,N,N,Regular Season,1,3,1,Final,Final,22,UNIQLO Field at Dodger Stadium,119,Los Angeles Dodgers,LAD,5,True,146,Miami Marlins,MIA,4,False,808975,Hyeseong Kim,Hyeseong,Kim,6,1999-01-27,27,"5' 10""",175,6,Shortstop,L,Left,R,Right,0-2,,2,0,0,0,0,0,0,0,0,0,0,0,2,0,,,,,,,,,,
2026-04-27,823961,,/api/v1.1/game/823961/feed/live,R,2026,2026-04-27,,night,P,N,N,Regular Season,1,3,1,Final,Final,22,UNIQLO Field at Dodger Stadium,119,Los Angeles Dodgers,LAD,5,True,146,Miami Marlins,MIA,4,False,656945,Tanner Scott,Tanner,Scott,66,1994-07-22,31,"6' 0""",235,1,Pitcher,R,Right,L,Left,"1.0 IP, 0 ER, 3 K, BB",,,,,,,,,,,,,,,,1.0,0,0,0,3,1,17,0,0,0
2026-04-27,823961,,/api/v1.1/game/823961/feed/live,R,2026,2026-04-27,,night,P,N,N,Regular Season,1,3,1,Final,Final,22,UNIQLO Field at Dodger Stadium,119,Los Angeles Dodgers,LAD,5,True,146,Miami Marlins,MIA,4,False,669289,Santiago Espinal,Santiago,Espinal,21,1994-11-13,31,"5' 9""",185,5,Third Base,R,Right,R,Right,0-0,,0,0,0,0,0,0,0,0,0,0,0,0,0,0,,,,,,,,,,
2026-04-27,823961,,/api/v1.1/game/823961/feed/live,R,2026,2026-04-27,,night,P,N,N,Regular Season,1,3,1,Final,Final,22,UNIQLO Field at Dodger Stadium,119,Los Angeles Dodgers,LAD,5,True,146,Miami Marlins,MIA,4,False,671109,Jake Eder,Jacob,Eder,56,1998-10-09,27,"6' 4""",225,1,Pitcher,L,Left,L,Left,"1.0 IP, 0 ER, 0 K, 0 BB",,,,,,,,,,,,,,,,1.0,0,1,0,0,0,4,1,0,0
2026-04-27,823961,,/api/v1.1/game/823961/feed/live,R,2026,2026-04-27,,night,P,N,N,Regular Season,1,3,1,Final,Final,22,UNIQLO Field at Dodger Stadium,119,Los Angeles Dodgers,LAD,5,True,146,Miami Marlins,MIA,4,False,669165,Kyle Hurt,Kyle,Hurt,63,1998-05-30,27,"6' 3""",240,1,Pitcher,R,Right,R,Right,,,,,,,,,,,,,,,,,,,,,,,,,,
2026-04-27,823961,,/api/v1.1/game/823961/feed/live,R,2026,2026-04-27,,night,P,N,N,Regular Season,1,3,1,Final,Final,22,UNIQLO Field at Dodger Stadium,119,Los Angeles Dodgers,LAD,5,True,146,Miami Marlins,MIA,4,False,660271,Shohei Ohtani,Shohei,Ohtani,17,1994-07-05,31,"6' 4""",210,Y,Two-Way Player,L,Left,R,Right,"3-5 | 2B, K, RBI",,5,3,1,0,0,1,2,1,0,0,0,0,5,4,,,,,,,,,,
2026-04-27,823961,,/api/v1.1/game/823961/feed/live,R,2026,2026-04-27,,night,P,N,N,Regular Season,1,3,1,Final,Final,22,UNIQLO Field at Dodger Stadium,119,Los Angeles Dodgers,LAD,5,True,146,Miami Marlins,MIA,4,False,694361,Will Klein,William,Klein,61,1999-11-28,26,"6' 5""",230,1,Pitcher,R,Right,R,Right,,,,,,,,,,,,,,,,,,,,,,,,,,
2026-04-27,823961,,/api/v1.1/game/823961/feed/live,R,2026,2026-04-27,,night,P,N,N,Regular Season,1,3,1,Final,Final,22,UNIQLO Field at Dodger Stadium,119,Los Angeles Dodgers,LAD,5,True,146,Miami Marlins,MIA,4,False,680736,Justin Wrobleski,Justin,Wrobleski,70,2000-07-14,25,"6' 1""",194,1,Pitcher,L,Left,L,Left,,,,,,,,,,,,,,,,,,,,,,,,,,
2026-04-27,823961,,/api/v1.1/game/823961/feed/live,R,2026,2026-04-27,,night,P,N,N,Regular Season,1,3,1,Final,Final,22,UNIQLO Field at Dodger Stadium,119,Los Angeles Dodgers,LAD,5,True,146,Miami Marlins,MIA,4,False,606192,Teoscar Hernández,Teoscar,Hernández,37,1992-10-15,33,"6' 0""",215,7,Outfielder,R,Right,R,Right,"1-2 | 2 BB, K, 2 RBI",,2,1,0,0,0,2,0,1,2,0,0,0,4,1,,,,,,,,,,
2026-04-27,823961,,/api/v1.1/game/823961/feed/live,R,2026,2026-04-27,,night,P,N,N,Regular Season,1,3,1,Final,Final,22,UNIQLO Field at Dodger Stadium,119,Los Angeles Dodgers,LAD,5,True,146,Miami Marlins,MIA,4,False,681624,Andy Pages,Andy,Pages,44,2000-12-08,25,"6' 1""",212,8,Outfielder,R,Right,R,Right,"0-3 | BB, R",,3,0,0,0,0,0,1,0,1,0,0,0,4,0,,,,,,,,,,
2026-04-27,823961,,/api/v1.1/game/823961/feed/live,R,2026,2026-04-27,,night,P,N,N,Regular Season,1,3,1,Final,Final,22,UNIQLO Field at Dodger Stadium,119,Los Angeles Dodgers,LAD,5,True,146,Miami Marlins,MIA,4,False,669743,Alex Call,Alex,Call,12,1994-09-27,31,"5' 11""",189,7,Outfielder,R,Right,R,Right,1-1,,1,1,0,0,0,0,0,0,0,0,0,0,1,1,,,,,,,,,,
2026-04-27,823961,,/api/v1.1/game/823961/feed/live,R,2026,2026-04-27,,night,P,N,N,Regular Season,1,3,1,Final,Final,22,UNIQLO Field at Dodger Stadium,119,Los Angeles Dodgers,LAD,5,True,146,Miami Marlins,MIA,4,False,686218,Emmet Sheehan,George,Sheehan,80,1999-11-15,26,"6' 5""",220,1,Pitcher,R,Right,R,Right,,,,,,,,,,,,,,,,,,,,,,,,,,
2026-04-27,823961,,/api/v1.1/game/823961/feed/live,R,2026,2026-04-27,,night,P,N,N,Regular Season,1,3,1,Final,Final,22,UNIQLO Field at Dodger Stadium,119,Los Angeles Dodgers,LAD,5,True,146,Miami Marlins,MIA,4,False,500743,Miguel Rojas,Miguel,Rojas,72,1989-02-24,37,"5' 10""",188,6,Shortstop,R,Right,R,Right,0-2 | K,,2,0,0,0,0,0,0,1,0,0,0,0,2,0,,,,,,,,,,
2026-04-27,823961,,/api/v1.1/game/823961/feed/live,R,2026,2026-04-27,,night,P,N,N,Regular Season,1,3,1,Final,Final,22,UNIQLO Field at Dodger Stadium,119,Los Angeles Dodgers,LAD,5,True,146,Miami Marlins,MIA,4,False,676263,Jack Dreyer,Jacob,Dreyer,86,1999-02-27,27,"6' 2""",205,1,Pitcher,R,Right,L,Left,,,,,,,,,,,,,,,,,,,,,,,,,,
2026-04-27,823961,,/api/v1.1/game/823961/feed/live,R,2026,2026-04-27,,night,P,N,N,Regular Season,1,3,1,Final,Final,22,UNIQLO Field at Dodger Stadium,119,Los Angeles Dodgers,LAD,5,True,146,Miami Marlins,MIA,4,False,595014,Blake Treinen,Blake,Treinen,49,1988-06-30,37,"6' 5""",225,1,Pitcher,R,Right,R,Right,,,,,,,,,,,,,,,,,,,,,,,,,,
2026-04-27,823961,,/api/v1.1/game/823961/feed/live,R,2026,2026-04-27,,night,P,N,N,Regular Season,1,3,1,Final,Final,22,UNIQLO Field at Dodger Stadium,119,Los Angeles Dodgers,LAD,5,True,146,Miami Marlins,MIA,4,False,808963,Roki Sasaki,Roki,Sasaki,11,2001-11-03,24,"6' 2""",187,1,Pitcher,R,Right,R,Right,,,,,,,,,,,,,,,,,,,,,,,,,,
2026-04-27,823961,,/api/v1.1/game/823961/feed/live,R,2026,2026-04-27,,night,P,N,N,Regular Season,1,3,1,Final,Final,22,UNIQLO Field at Dodger Stadium,119,Los Angeles Dodgers,LAD,5,True,146,Miami Marlins,MIA,4,False,690976,Alex Freeland,Alexander,Freeland,76,2001-08-24,24,"5' 11""",200,4,Second Base,S,Switch,R,Right,0-2,,2,0,0,0,0,0,0,0,0,0,0,0,2,0,,,,,,,,,,
2026-04-27,823961,,/api/v1.1/game/823961/feed/live,R,2026,2026-04-27,,night,P,N,N,Regular Season,1,3,1,Final,Final,22,UNIQLO Field at Dodger Stadium,119,Los Angeles Dodgers,LAD,5,True,146,Miami Marlins,MIA,4,False,808967,Yoshinobu Yamamoto,Yoshinobu,Yamamoto,18,1998-08-17,27,"5' 10""",176,1,Pitcher,R,Right,R,Right,"5.0 IP, 3 ER, 4 K, 4 BB",,,,,,,,,,,,,,,,5.0,3,5,1,4,4,87,0,0,0
2026-04-27,823961,,/api/v1.1/game/823961/feed/live,R,2026,2026-04-27,,night,P,N,N,Regular Season,1,3,1,Final,Final,22,UNIQLO Field at Dodger Stadium,119,Los Angeles Dodgers,LAD,5,True,146,Miami Marlins,MIA,4,False,669199,Lake Bachar,Lake,Bachar,84,1995-06-03,30,"6' 2""",219,1,Pitcher,R,Right,R,Right,,,,,,,,,,,,,,,,,,,,,,,,,,
2026-04-27,823961,,/api/v1.1/game/823961/feed/live,R,2026,2026-04-27,,night,P,N,N,Regular Season,1,3,1,Final,Final,22,UNIQLO Field at Dodger Stadium,119,Los Angeles Dodgers,LAD,5,True,146,Miami Marlins,MIA,4,False,664126,Pete Fairbanks,Peter,Fairbanks,29,1993-12-16,32,"6' 6""",235,1,Pitcher,R,Right,R,Right,"0.1 IP, 3 ER, 0 K, 3 BB",,,,,,,,,,,,,,,,0.1,3,1,0,0,3,23,0,1,0
2026-04-27,823961,,/api/v1.1/game/823961/feed/live,R,2026,2026-04-27,,night,P,N,N,Regular Season,1,3,1,Final,Final,22,UNIQLO Field at Dodger Stadium,119,Los Angeles Dodgers,LAD,5,True,146,Miami Marlins,MIA,4,False,666624,Christopher Morel,Christopher,Morel,5,1999-06-24,26,"6' 0""",200,7,Outfielder,R,Right,R,Right,,,,,,,,,,,,,,,,,,,,,,,,,,
2026-04-27,823961,,/api/v1.1/game/823961/feed/live,R,2026,2026-04-27,,night,P,N,N,Regular Season,1,3,1,Final,Final,22,UNIQLO Field at Dodger Stadium,119,Los Angeles Dodgers,LAD,5,True,146,Miami Marlins,MIA,4,False,645261,Sandy Alcantara,Sandy,Alcantara,22,1995-09-07,30,"6' 5""",200,1,Pitcher,R,Right,R,Right,,,,,,,,,,,,,,,,,,,,,,,,,,
2026-04-27,823961,,/api/v1.1/game/823961/feed/live,R,2026,2026-04-27,,night,P,N,N,Regular Season,1,3,1,Final,Final,22,UNIQLO Field at Dodger Stadium,119,Los Angeles Dodgers,LAD,5,True,146,Miami Marlins,MIA,4,False,663969,Tyler Phillips,Tyler,Phillips,30,1997-10-27,28,"6' 5""",225,1,Pitcher,R,Right,R,Right,"0.1 IP, 0 ER, K, 0 BB",,,,,,,,,,,,,,,,0.1,0,1,0,1,0,6,0,0,0
2026-04-27,823961,,/api/v1.1/game/823961/feed/live,R,2026,2026-04-27,,night,P,N,N,Regular Season,1,3,1,Final,Final,22,UNIQLO Field at Dodger Stadium,119,Los Angeles Dodgers,LAD,5,True,146,Miami Marlins,MIA,4,False,665923,Esteury Ruiz,Esteury,Ruiz,3,1999-02-15,27,"5' 11""",169,8,Outfielder,R,Right,R,Right,0-0,,0,0,0,0,0,0,0,0,0,0,0,0,0,0,,,,,,,,,,
2026-04-27,823961,,/api/v1.1/game/823961/feed/live,R,2026,2026-04-27,,night,P,N,N,Regular Season,1,3,1,Final,Final,22,UNIQLO Field at Dodger Stadium,119,Los Angeles Dodgers,LAD,5,True,146,Miami Marlins,MIA,4,False,805300,Jakob Marsee,Jakob,Marsee,87,2001-06-28,24,"6' 0""",180,8,Outfielder,L,Left,L,Left,"2-3 | 2B, 2 BB, K",,3,2,1,0,0,0,1,1,2,0,0,0,5,3,,,,,,,,,,
2026-04-27,823961,,/api/v1.1/game/823961/feed/live,R,2026,2026-04-27,,night,P,N,N,Regular Season,1,3,1,Final,Final,22,UNIQLO Field at Dodger Stadium,119,Los Angeles Dodgers,LAD,5,True,146,Miami Marlins,MIA,4,False,676534,Calvin Faucher,Calvin,Faucher,53,1995-09-22,30,"6' 1""",190,1,Pitcher,R,Right,R,Right,"1.0 IP, 0 ER, K, 0 BB",,,,,,,,,,,,,,,,1.0,0,0,0,1,0,10,0,0,0
2026-04-27,823961,,/api/v1.1/game/823961/feed/live,R,2026,2026-04-27,,night,P,N,N,Regular Season,1,3,1,Final,Final,22,UNIQLO Field at Dodger Stadium,119,Los Angeles Dodgers,LAD,5,True,146,Miami Marlins,MIA,4,False,676974,Max Meyer,Max,Meyer,23,1999-03-12,27,"6' 0""",196,1,Pitcher,L,Left,R,Right,,,,,,,,,,,,,,,,,,,,,,,,,,
2026-04-27,823961,,/api/v1.1/game/823961/feed/live,R,2026,2026-04-27,,night,P,N,N,Regular Season,1,3,1,Final,Final,22,UNIQLO Field at Dodger Stadium,119,Los Angeles Dodgers,LAD,5,True,146,Miami Marlins,MIA,4,False,691594,Javier Sanoja,Javier,Sanoja,8,2002-09-03,23,"5' 7""",150,5,Third Base,R,Right,R,Right,0-4 | K,,4,0,0,0,0,0,0,1,0,0,0,0,4,0,,,,,,,,,,
2026-04-27,823961,,/api/v1.1/game/823961/feed/live,R,2026,2026-04-27,,night,P,N,N,Regular Season,1,3,1,Final,Final,22,UNIQLO Field at Dodger Stadium,119,Los Angeles Dodgers,LAD,5,True,146,Miami Marlins,MIA,4,False,667463,John King,John,King,47,1994-09-14,31,"6' 2""",215,1,Pitcher,L,Left,L,Left,"1.0 IP, 0 ER, 0 K, 0 BB",,,,,,,,,,,,,,,,1.0,0,0,0,0,0,7,0,0,0
2026-04-27,823961,,/api/v1.1/game/823961/feed/live,R,2026,2026-04-27,,night,P,N,N,Regular Season,1,3,1,Final,Final,22,UNIQLO Field at Dodger Stadium,119,Los Angeles Dodgers,LAD,5,True,146,Miami Marlins,MIA,4,False,669364,Xavier Edwards,Xavier,Edwards,9,1999-08-09,26,"5' 9""",175,4,Second Base,S,Switch,R,Right,"0-1 | 3 BB, R",,1,0,0,0,0,0,1,0,3,0,0,0,4,0,,,,,,,,,,
2026-04-27,823961,,/api/v1.1/game/823961/feed/live,R,2026,2026-04-27,,night,P,N,N,Regular Season,1,3,1,Final,Final,22,UNIQLO Field at Dodger Stadium,119,Los Angeles Dodgers,LAD,5,True,146,Miami Marlins,MIA,4,False,669065,Kyle Stowers,Kyle,Stowers,28,1998-01-02,28,"6' 2""",215,7,Outfielder,L,Left,L,Left,0-5 | K,,5,0,0,0,0,0,0,1,0,0,0,2,5,0,,,,,,,,,,
2026-04-27,823961,,/api/v1.1/game/823961/feed/live,R,2026,2026-04-27,,night,P,N,N,Regular Season,1,3,1,Final,Final,22,UNIQLO Field at Dodger Stadium,119,Los Angeles Dodgers,LAD,5,True,146,Miami Marlins,MIA,4,False,688363,Graham Pauley,Graham,Pauley,21,2000-09-24,25,"6' 1""",200,5,Third Base,L,Left,R,Right,,,,,,,,,,,,,,,,,,,,,,,,,,
2026-04-27,823961,,/api/v1.1/game/823961/feed/live,R,2026,2026-04-27,,night,P,N,N,Regular Season,1,3,1,Final,Final,22,UNIQLO Field at Dodger Stadium,119,Los Angeles Dodgers,LAD,5,True,146,Miami Marlins,MIA,4,False,656848,Michael Petersen,Michael,Petersen,49,1994-05-16,31,"6' 7""",195,1,Pitcher,R,Right,R,Right,"1.1 IP, 0 ER, 2 K, BB",,,,,,,,,,,,,,,,1.1,0,0,0,2,1,26,0,0,0
2026-04-27,823961,,/api/v1.1/game/823961/feed/live,R,2026,2026-04-27,,night,P,N,N,Regular Season,1,3,1,Final,Final,22,UNIQLO Field at Dodger Stadium,119,Los Angeles Dodgers,LAD,5,True,146,Miami Marlins,MIA,4,False,689414,Liam Hicks,Liam,Hicks,34,1999-06-02,26,"5' 9""",185,2,Catcher,L,Left,R,Right,"1-4 | HR, 2 K, 3 RBI",,4,1,0,0,1,3,1,2,0,0,0,0,4,4,,,,,,,,,,
2026-04-27,823961,,/api/v1.1/game/823961/feed/live,R,2026,2026-04-27,,night,P,N,N,Regular Season,1,3,1,Final,Final,22,UNIQLO Field at Dodger Stadium,119,Los Angeles Dodgers,LAD,5,True,146,Miami Marlins,MIA,4,False,669622,Anthony Bender,Anthony,Bender,37,1995-02-03,31,"6' 4""",205,1,Pitcher,R,Right,R,Right,,,,,,,,,,,,,,,,,,,,,,,,,,
2026-04-27,823961,,/api/v1.1/game/823961/feed/live,R,2026,2026-04-27,,night,P,N,N,Regular Season,1,3,1,Final,Final,22,UNIQLO Field at Dodger Stadium,119,Los Angeles Dodgers,LAD,5,True,146,Miami Marlins,MIA,4,False,683357,Owen Caissie,Owen,Caissie,17,2002-07-08,23,"6' 4""",190,9,Outfielder,L,Left,R,Right,0-4 | 3 K,,4,0,0,0,0,0,0,3,0,0,0,0,4,0,,,,,,,,,,
2026-04-27,823961,,/api/v1.1/game/823961/feed/live,R,2026,2026-04-27,,night,P,N,N,Regular Season,1,3,1,Final,Final,22,UNIQLO Field at Dodger Stadium,119,Los Angeles Dodgers,LAD,5,True,146,Miami Marlins,MIA,4,False,682663,Agustín Ramírez,Agustín,Ramírez,50,2001-09-10,24,"6' 1""",210,2,Catcher,R,Right,R,Right,1-4,,4,1,0,0,0,0,0,0,0,0,0,0,4,1,,,,,,,,,,
2026-04-27,823961,,/api/v1.1/game/823961/feed/live,R,2026,2026-04-27,,night,P,N,N,Regular Season,1,3,1,Final,Final,22,UNIQLO Field at Dodger Stadium,119,Los Angeles Dodgers,LAD,5,True,146,Miami Marlins,MIA,4,False,677870,Leo Jiménez,Leonardo,Jimenez,19,2001-05-17,24,"5' 10""",215,4,Second Base,R,Right,R,Right,,,,,,,,,,,,,,,,,,,,,,,,,,
2026-04-27,823961,,/api/v1.1/game/823961/feed/live,R,2026,2026-04-27,,night,P,N,N,Regular Season,1,3,1,Final,Final,22,UNIQLO Field at Dodger Stadium,119,Los Angeles Dodgers,LAD,5,True,146,Miami Marlins,MIA,4,False,676083,Janson Junk,Janson,Junk,26,1996-01-15,30,"6' 2""",197,1,Pitcher,R,Right,R,Right,,,,,,,,,,,,,,,,,,,,,,,,,,
2026-04-27,823961,,/api/v1.1/game/823961/feed/live,R,2026,2026-04-27,,night,P,N,N,Regular Season,1,3,1,Final,Final,22,UNIQLO Field at Dodger Stadium,119,Los Angeles Dodgers,LAD,5,True,146,Miami Marlins,MIA,4,False,681393,Connor Norby,Connor,Norby,1,2000-06-08,25,"5' 10""",180,3,First Base,R,Right,R,Right,1-3 | BB,,3,1,0,0,0,0,0,0,1,0,0,0,4,1,,,,,,,,,,
2026-04-27,823961,,/api/v1.1/game/823961/feed/live,R,2026,2026-04-27,,night,P,N,N,Regular Season,1,3,1,Final,Final,22,UNIQLO Field at Dodger Stadium,119,Los Angeles Dodgers,LAD,5,True,146,Miami Marlins,MIA,4,False,663978,Chris Paddack,Christopher,Paddack,33,1996-01-08,30,"6' 5""",217,1,Pitcher,R,Right,R,Right,"4.0 IP, 2 ER, K, BB",,,,,,,,,,,,,,,,4.0,2,4,0,1,1,67,0,0,0
2026-04-27,823961,,/api/v1.1/game/823961/feed/live,R,2026,2026-04-27,,night,P,N,N,Regular Season,1,3,1,Final,Final,22,UNIQLO Field at Dodger Stadium,119,Los Angeles Dodgers,LAD,5,True,146,Miami Marlins,MIA,4,False,677053,Andrew Nardi,Andrew,Nardi,43,1998-08-18,27,"6' 3""",215,1,Pitcher,L,Left,L,Left,"0.2 IP, 0 ER, K, BB",,,,,,,,,,,,,,,,0.2,0,2,0,1,1,24,0,0,0
2026-04-27,823961,,/api/v1.1/game/823961/feed/live,R,2026,2026-04-27,,night,P,N,N,Regular Season,1,3,1,Final,Final,22,UNIQLO Field at Dodger Stadium,119,Los Angeles Dodgers,LAD,5,True,146,Miami Marlins,MIA,4,False,691587,Eury Pérez,Eury,Pérez,39,2003-04-15,23,"6' 8""",220,1,Pitcher,R,Right,R,Right,,,,,,,,,,,,,,,,,,,,,,,,,,
2026-04-27,823961,,/api/v1.1/game/823961/feed/live,R,2026,2026-04-27,,night,P,N,N,Regular Season,1,3,1,Final,Final,22,UNIQLO Field at Dodger Stadium,119,Los Angeles Dodgers,LAD,5,True,146,Miami Marlins,MIA,4,False,672640,Otto Lopez,Otto,Lopez,6,1998-10-01,27,"5' 10""",185,6,Shortstop,R,Right,R,Right,"1-4 | 2B, 3 K, R",,4,1,1,0,0,0,1,3,0,0,0,0,4,2,,,,,,,,,,
