gameDate,gamePk,gameGuid,link,gameType,season,officialDate,description,dayNight,gamedayType,doubleHeader,tiebreaker,seriesDescription,seriesGameNumber,gamesInSeries,gameNumber,status_abstractGameState,status_detailedState,venue_id,venue_name,home_team_id,home_team_name,home_team_abbreviation,home_score,home_isWinner,away_team_id,away_team_name,away_team_abbreviation,away_score,away_isWinner,playerId,fullName,firstName,lastName,primaryNumber,birthDate,currentAge,height,weight,primaryPosition_code,primaryPosition_name,batSide_code,batSide_description,pitchHand_code,pitchHand_description,gameLogSummary,note,atBats,hits,doubles,triples,homeRuns,rbi,runs,strikeOuts,baseOnBalls,stolenBases,caughtStealing,groundIntoDoublePlay,plateAppearances,totalBases,inningsPitched,earnedRuns,hitsAllowed,homeRunsAllowed,strikeOutsPitching,baseOnBallsPitching,pitchesThrown,wins,losses,saves
2026-08-24,824235,,/api/v1.1/game/824235/feed/live,R,2026,2026-08-24,,night,P,N,N,Regular Season,1,3,1,Final,Final,2394,Comerica Park,116,Detroit Tigers,DET,1,False,139,Tampa Bay Rays,TB,4,True,667452,Corey Julks,Corey,Julks,44,1996-02-27,30,"5' 11""",220,7,Outfielder,R,Right,R,Right,,,,,,,,,,,,,,,,,,,,,,,,,,
2026-08-24,824235,,/api/v1.1/game/824235/feed/live,R,2026,2026-08-24,,night,P,N,N,Regular Season,1,3,1,Final,Final,2394,Comerica Park,116,Detroit Tigers,DET,1,False,139,Tampa Bay Rays,TB,4,True,664285,Framber Valdez,Framber,Valdez,59,1993-11-19,32,"5' 11""",230,1,Pitcher,R,Right,L,Left,"6.0 IP, 3 ER, 0 K, 2 BB",,,,,,,,,,,,,,,,6.0,3,8,1,0,2,84,0,1,0
2026-08-24,824235,,/api/v1.1/game/824235/feed/live,R,2026,2026-08-24,,night,P,N,N,Regular Season,1,3,1,Final,Final,2394,Comerica Park,116,Detroit Tigers,DET,1,False,139,Tampa Bay Rays,TB,4,True,814430,Brett Callahan,Brett,Callahan,34,2001-11-02,24,"6' 0""",195,7,Outfielder,L,Left,R,Right,0-1 | RBI,,1,0,0,0,0,1,0,0,0,0,0,0,2,0,,,,,,,,,,
2026-08-24,824235,,/api/v1.1/game/824235/feed/live,R,2026,2026-08-24,,night,P,N,N,Regular Season,1,3,1,Final,Final,2394,Comerica Park,116,Detroit Tigers,DET,1,False,139,Tampa Bay Rays,TB,4,True,656716,Zach McKinstry,Zachary,McKinstry,39,1995-04-29,31,"5' 11""",180,4,Second Base,L,Left,R,Right,0-4 | K,,4,0,0,0,0,0,0,1,0,0,0,0,4,0,,,,,,,,,,
2026-08-24,824235,,/api/v1.1/game/824235/feed/live,R,2026,2026-08-24,,night,P,N,N,Regular Season,1,3,1,Final,Final,2394,Comerica Park,116,Detroit Tigers,DET,1,False,139,Tampa Bay Rays,TB,4,True,701678,Hao-Yu Lee,Hao-Yu,Lee,50,2003-02-03,23,"5' 9""",190,4,Second Base,R,Right,R,Right,0-4 | 2 K,,4,0,0,0,0,0,0,2,0,0,0,0,4,0,,,,,,,,,,
2026-08-24,824235,,/api/v1.1/game/824235/feed/live,R,2026,2026-08-24,,night,P,N,N,Regular Season,1,3,1,Final,Final,2394,Comerica Park,116,Detroit Tigers,DET,1,False,139,Tampa Bay Rays,TB,4,True,623454,Drew Anderson,Andrew,Anderson,38,1994-03-22,32,"6' 3""",205,1,Pitcher,R,Right,R,Right,,,,,,,,,,,,,,,,,,,,,,,,,,
2026-08-24,824235,,/api/v1.1/game/824235/feed/live,R,2026,2026-08-24,,night,P,N,N,Regular Season,1,3,1,Final,Final,2394,Comerica Park,116,Detroit Tigers,DET,1,False,139,Tampa Bay Rays,TB,4,True,595879,Javier Báez,Ednel,Báez,28,1992-12-01,33,"5' 11""",190,6,Shortstop,R,Right,R,Right,1-3 | 2 K,,3,1,0,0,0,0,0,2,0,0,0,0,3,1,,,,,,,,,,
2026-08-24,824235,,/api/v1.1/game/824235/feed/live,R,2026,2026-08-24,,night,P,N,N,Regular Season,1,3,1,Final,Final,2394,Comerica Park,116,Detroit Tigers,DET,1,False,139,Tampa Bay Rays,TB,4,True,680664,Eduardo Valencia,Eduardo,Valencia,32,2000-01-25,26,"6' 1""",180,10,Designated Hitter,R,Right,R,Right,,,,,,,,,,,,,,,,,,,,,,,,,,
2026-08-24,824235,,/api/v1.1/game/824235/feed/live,R,2026,2026-08-24,,night,P,N,N,Regular Season,1,3,1,Final,Final,2394,Comerica Park,116,Detroit Tigers,DET,1,False,139,Tampa Bay Rays,TB,4,True,621097,Jacob Waguespack,Jacob,Waguespack,58,1993-11-05,32,"6' 6""",228,1,Pitcher,R,Right,R,Right,,,,,,,,,,,,,,,,,,,,,,,,,,
2026-08-24,824235,,/api/v1.1/game/824235/feed/live,R,2026,2026-08-24,,night,P,N,N,Regular Season,1,3,1,Final,Final,2394,Comerica Park,116,Detroit Tigers,DET,1,False,139,Tampa Bay Rays,TB,4,True,663432,Tanner Rainey,Tanner,Rainey,56,1992-12-25,33,"6' 3""",245,1,Pitcher,R,Right,R,Right,"2.0 IP, 0 ER, 2 K, 2 BB",,,,,,,,,,,,,,,,2.0,0,0,0,2,2,31,0,0,0
2026-08-24,824235,,/api/v1.1/game/824235/feed/live,R,2026,2026-08-24,,night,P,N,N,Regular Season,1,3,1,Final,Final,2394,Comerica Park,116,Detroit Tigers,DET,1,False,139,Tampa Bay Rays,TB,4,True,663947,Tyler Holton,Weston,Holton,87,1996-06-13,30,"6' 2""",200,1,Pitcher,L,Left,L,Left,"1.0 IP, 0 ER, K, 0 BB",,,,,,,,,,,,,,,,1.0,0,1,0,1,0,15,0,0,0
2026-08-24,824235,,/api/v1.1/game/824235/feed/live,R,2026,2026-08-24,,night,P,N,N,Regular Season,1,3,1,Final,Final,2394,Comerica Park,116,Detroit Tigers,DET,1,False,139,Tampa Bay Rays,TB,4,True,805808,Kevin McGonigle,Kevin,McGonigle,7,2004-08-18,22,"5' 9""",187,6,Shortstop,L,Left,R,Right,"1-4 | 2B, R",,4,1,1,0,0,0,1,0,0,0,0,0,4,2,,,,,,,,,,
2026-08-24,824235,,/api/v1.1/game/824235/feed/live,R,2026,2026-08-24,,night,P,N,N,Regular Season,1,3,1,Final,Final,2394,Comerica Park,116,Detroit Tigers,DET,1,False,139,Tampa Bay Rays,TB,4,True,640448,Kyle Finnegan,Kyle,Finnegan,67,1991-09-04,34,"6' 2""",198,1,Pitcher,R,Right,R,Right,,,,,,,,,,,,,,,,,,,,,,,,,,
2026-08-24,824235,,/api/v1.1/game/824235/feed/live,R,2026,2026-08-24,,night,P,N,N,Regular Season,1,3,1,Final,Final,2394,Comerica Park,116,Detroit Tigers,DET,1,False,139,Tampa Bay Rays,TB,4,True,445276,Kenley Jansen,Kenley,Jansen,74,1987-09-30,38,"6' 5""",265,1,Pitcher,S,Switch,R,Right,,,,,,,,,,,,,,,,,,,,,,,,,,
2026-08-24,824235,,/api/v1.1/game/824235/feed/live,R,2026,2026-08-24,,night,P,N,N,Regular Season,1,3,1,Final,Final,2394,Comerica Park,116,Detroit Tigers,DET,1,False,139,Tampa Bay Rays,TB,4,True,679529,Spencer Torkelson,Spencer,Torkelson,20,1999-08-26,26,"6' 1""",220,3,First Base,R,Right,R,Right,"1-4 | 2B, 2 K",,4,1,1,0,0,0,0,2,0,0,0,0,4,2,,,,,,,,,,
2026-08-24,824235,,/api/v1.1/game/824235/feed/live,R,2026,2026-08-24,,night,P,N,N,Regular Season,1,3,1,Final,Final,2394,Comerica Park,116,Detroit Tigers,DET,1,False,139,Tampa Bay Rays,TB,4,True,805427,Drew Sommers,Drew,Sommers,51,2000-08-14,26,"6' 3""",250,1,Pitcher,L,Left,L,Left,,,,,,,,,,,,,,,,,,,,,,,,,,
2026-08-24,824235,,/api/v1.1/game/824235/feed/live,R,2026,2026-08-24,,night,P,N,N,Regular Season,1,3,1,Final,Final,2394,Comerica Park,116,Detroit Tigers,DET,1,False,139,Tampa Bay Rays,TB,4,True,672456,Keider Montero,Keider,Montero,54,2000-07-06,26,"6' 1""",145,1,Pitcher,R,Right,R,Right,,,,,,,,,,,,,,,,,,,,,,,,,,
2026-08-24,824235,,/api/v1.1/game/824235/feed/live,R,2026,2026-08-24,,night,P,N,N,Regular Season,1,3,1,Final,Final,2394,Comerica Park,116,Detroit Tigers,DET,1,False,139,Tampa Bay Rays,TB,4,True,701162,Ben Malgeri,Benjamin,Malgeri,53,2000-01-12,26,"6' 1""",215,9,Outfielder,R,Right,R,Right,1-2 | K,,2,1,0,0,0,0,0,1,0,0,0,0,2,1,,,,,,,,,,
2026-08-24,824235,,/api/v1.1/game/824235/feed/live,R,2026,2026-08-24,,night,P,N,N,Regular Season,1,3,1,Final,Final,2394,Comerica Park,116,Detroit Tigers,DET,1,False,139,Tampa Bay Rays,TB,4,True,650402,Gleyber Torres,Gleyber,Torres,25,1996-12-13,29,"5' 10""",205,4,Second Base,R,Right,R,Right,,,,,,,,,,,,,,,,,,,,,,,,,,
2026-08-24,824235,,/api/v1.1/game/824235/feed/live,R,2026,2026-08-24,,night,P,N,N,Regular Season,1,3,1,Final,Final,2394,Comerica Park,116,Detroit Tigers,DET,1,False,139,Tampa Bay Rays,TB,4,True,641755,Tyler Kinley,Tyler,Kinley,55,1991-01-31,35,"6' 4""",220,1,Pitcher,R,Right,R,Right,,,,,,,,,,,,,,,,,,,,,,,,,,
2026-08-24,824235,,/api/v1.1/game/824235/feed/live,R,2026,2026-08-24,,night,P,N,N,Regular Season,1,3,1,Final,Final,2394,Comerica Park,116,Detroit Tigers,DET,1,False,139,Tampa Bay Rays,TB,4,True,703601,Max Clark,Maxwell,Clark,15,2004-12-21,21,"5' 11""",205,8,Outfielder,L,Left,L,Left,0-3 | K,,3,0,0,0,0,0,0,1,0,0,0,0,3,0,,,,,,,,,,
2026-08-24,824235,,/api/v1.1/game/824235/feed/live,R,2026,2026-08-24,,night,P,N,N,Regular Season,1,3,1,Final,Final,2394,Comerica Park,116,Detroit Tigers,DET,1,False,139,Tampa Bay Rays,TB,4,True,693307,Dillon Dingler,Francis,Dingler,13,1998-09-17,27,"6' 1""",210,2,Catcher,R,Right,R,Right,"1-3 | HBP, K",,3,1,0,0,0,0,0,1,0,0,0,0,4,1,,,,,,,,,,
2026-08-24,824235,,/api/v1.1/game/824235/feed/live,R,2026,2026-08-24,,night,P,N,N,Regular Season,1,3,1,Final,Final,2394,Comerica Park,116,Detroit Tigers,DET,1,False,139,Tampa Bay Rays,TB,4,True,690993,Colt Keith,Colten,Keith,33,2001-08-14,25,"6' 2""",211,5,Third Base,L,Left,R,Right,"0-3 | BB, 2 K",,3,0,0,0,0,0,0,2,1,0,0,0,4,0,,,,,,,,,,
2026-08-24,824235,,/api/v1.1/game/824235/feed/live,R,2026,2026-08-24,,night,P,N,N,Regular Season,1,3,1,Final,Final,2394,Comerica Park,116,Detroit Tigers,DET,1,False,139,Tampa Bay Rays,TB,4,True,695549,Jackson Jobe,Jackson,Jobe,21,2002-07-30,24,"6' 2""",190,1,Pitcher,R,Right,R,Right,,,,,,,,,,,,,,,,,,,,,,,,,,
2026-08-24,824235,,/api/v1.1/game/824235/feed/live,R,2026,2026-08-24,,night,P,N,N,Regular Season,1,3,1,Final,Final,2394,Comerica Park,116,Detroit Tigers,DET,1,False,139,Tampa Bay Rays,TB,4,True,808825,Andrew Sears,Andrew,Sears,64,2002-08-30,23,"6' 3""",200,1,Pitcher,L,Left,L,Left,,,,,,,,,,,,,,,,,,,,,,,,,,
2026-08-24,824235,,/api/v1.1/game/824235/feed/live,R,2026,2026-08-24,,night,P,N,N,Regular Season,1,3,1,Final,Final,2394,Comerica Park,116,Detroit Tigers,DET,1,False,139,Tampa Bay Rays,TB,4,True,675512,Troy Melton,Troy,Melton,52,2000-12-03,25,"6' 4""",210,1,Pitcher,R,Right,R,Right,,,,,,,,,,,,,,,,,,,,,,,,,,
2026-08-24,824235,,/api/v1.1/game/824235/feed/live,R,2026,2026-08-24,,night,P,N,N,Regular Season,1,3,1,Final,Final,2394,Comerica Park,116,Detroit Tigers,DET,1,False,139,Tampa Bay Rays,TB,4,True,670764,Taylor Walls,Taylor,Walls,6,1996-07-10,30,"5' 9""",185,6,Shortstop,S,Switch,R,Right,0-4 | 2 K,,4,0,0,0,0,0,0,2,0,0,0,0,4,0,,,,,,,,,,
2026-08-24,824235,,/api/v1.1/game/824235/feed/live,R,2026,2026-08-24,,night,P,N,N,Regular Season,1,3,1,Final,Final,2394,Comerica Park,116,Detroit Tigers,DET,1,False,139,Tampa Bay Rays,TB,4,True,669330,Tyler Wells,Tyler,Wells,68,1994-08-26,31,"6' 8""",270,1,Pitcher,R,Right,R,Right,,,,,,,,,,,,,,,,,,,,,,,,,,
2026-08-24,824235,,/api/v1.1/game/824235/feed/live,R,2026,2026-08-24,,night,P,N,N,Regular Season,1,3,1,Final,Final,2394,Comerica Park,116,Detroit Tigers,DET,1,False,139,Tampa Bay Rays,TB,4,True,571927,Steven Matz,Steven,Matz,32,1991-05-29,35,"6' 2""",205,1,Pitcher,R,Right,L,Left,,,,,,,,,,,,,,,,,,,,,,,,,,
2026-08-24,824235,,/api/v1.1/game/824235/feed/live,R,2026,2026-08-24,,night,P,N,N,Regular Season,1,3,1,Final,Final,2394,Comerica Park,116,Detroit Tigers,DET,1,False,139,Tampa Bay Rays,TB,4,True,663556,Shane McClanahan,Shane,McClanahan,18,1997-04-28,29,"6' 3""",210,1,Pitcher,L,Left,L,Left,,,,,,,,,,,,,,,,,,,,,,,,,,
2026-08-24,824235,,/api/v1.1/game/824235/feed/live,R,2026,2026-08-24,,night,P,N,N,Regular Season,1,3,1,Final,Final,2394,Comerica Park,116,Detroit Tigers,DET,1,False,139,Tampa Bay Rays,TB,4,True,680700,Richie Palacios,Richard,Palacios,1,1997-05-16,29,"5' 8""",185,4,Second Base,L,Left,R,Right,,,,,,,,,,,,,,,,,,,,,,,,,,
2026-08-24,824235,,/api/v1.1/game/824235/feed/live,R,2026,2026-08-24,,night,P,N,N,Regular Season,1,3,1,Final,Final,2394,Comerica Park,116,Detroit Tigers,DET,1,False,139,Tampa Bay Rays,TB,4,True,622761,Jorge Mateo,Jorge,Mateo,9,1995-06-23,31,"6' 0""",200,6,Shortstop,R,Right,R,Right,"1-2 | 2B, 2 BB, R",,2,1,1,0,0,0,1,0,2,0,1,0,4,2,,,,,,,,,,
2026-08-24,824235,,/api/v1.1/game/824235/feed/live,R,2026,2026-08-24,,night,P,N,N,Regular Season,1,3,1,Final,Final,2394,Comerica Park,116,Detroit Tigers,DET,1,False,139,Tampa Bay Rays,TB,4,True,668723,Ryan Vilade,Ryan,Vilade,26,1999-02-18,27,"6' 1""",226,9,Outfielder,R,Right,R,Right,1-3 | R,,3,1,0,0,0,0,1,0,0,0,0,0,3,1,,,,,,,,,,
2026-08-24,824235,,/api/v1.1/game/824235/feed/live,R,2026,2026-08-24,,night,P,N,N,Regular Season,1,3,1,Final,Final,2394,Comerica Park,116,Detroit Tigers,DET,1,False,139,Tampa Bay Rays,TB,4,True,668984,Casey Legumina,Casey,Legumina,67,1997-06-19,29,"6' 2""",195,1,Pitcher,R,Right,R,Right,,,,,,,,,,,,,,,,,,,,,,,,,,
2026-08-24,824235,,/api/v1.1/game/824235/feed/live,R,2026,2026-08-24,,night,P,N,N,Regular Season,1,3,1,Final,Final,2394,Comerica Park,116,Detroit Tigers,DET,1,False,139,Tampa Bay Rays,TB,4,True,802415,Chandler Simpson,Chandler,Simpson,14,2000-11-18,25,"5' 11""",170,7,Outfielder,L,Left,R,Right,2-4 | RBI,,4,2,0,0,0,1,0,0,0,0,0,0,4,2,,,,,,,,,,
2026-08-24,824235,,/api/v1.1/game/824235/feed/live,R,2026,2026-08-24,,night,P,N,N,Regular Season,1,3,1,Final,Final,2394,Comerica Park,116,Detroit Tigers,DET,1,False,139,Tampa Bay Rays,TB,4,True,607259,Nick Martinez,Nicholas,Martinez,28,1990-08-05,36,"6' 1""",200,1,Pitcher,L,Left,R,Right,,,,,,,,,,,,,,,,,,,,,,,,,,
2026-08-24,824235,,/api/v1.1/game/824235/feed/live,R,2026,2026-08-24,,night,P,N,N,Regular Season,1,3,1,Final,Final,2394,Comerica Park,116,Detroit Tigers,DET,1,False,139,Tampa Bay Rays,TB,4,True,592155,Cam Booser,Cameron,Booser,62,1992-05-04,34,"6' 3""",230,1,Pitcher,L,Left,L,Left,,,,,,,,,,,,,,,,,,,,,,,,,,
2026-08-24,824235,,/api/v1.1/game/824235/feed/live,R,2026,2026-08-24,,night,P,N,N,Regular Season,1,3,1,Final,Final,2394,Comerica Park,116,Detroit Tigers,DET,1,False,139,Tampa Bay Rays,TB,4,True,676356,Jonny DeLuca,Jonathan,DeLuca,21,1998-07-10,28,"5' 10""",195,9,Outfielder,R,Right,R,Right,2-4 | 2B,,4,2,1,0,0,0,0,0,0,0,0,1,4,3,,,,,,,,,,
2026-08-24,824235,,/api/v1.1/game/824235/feed/live,R,2026,2026-08-24,,night,P,N,N,Regular Season,1,3,1,Final,Final,2394,Comerica Park,116,Detroit Tigers,DET,1,False,139,Tampa Bay Rays,TB,4,True,693855,Ian Seymour,Ian,Seymour,61,1998-12-13,27,"6' 0""",215,1,Pitcher,L,Left,L,Left,,,,,,,,,,,,,,,,,,,,,,,,,,
2026-08-24,824235,,/api/v1.1/game/824235/feed/live,R,2026,2026-08-24,,night,P,N,N,Regular Season,1,3,1,Final,Final,2394,Comerica Park,116,Detroit Tigers,DET,1,False,139,Tampa Bay Rays,TB,4,True,664076,Garrett Cleavinger,Garrett,Cleavinger,60,1994-04-23,32,"6' 1""",225,1,Pitcher,R,Right,L,Left,"1.0 IP, 0 ER, 2 K, 0 BB",,,,,,,,,,,,,,,,1.0,0,0,0,2,0,14,0,0,0
2026-08-24,824235,,/api/v1.1/game/824235/feed/live,R,2026,2026-08-24,,night,P,N,N,Regular Season,1,3,1,Final,Final,2394,Comerica Park,116,Detroit Tigers,DET,1,False,139,Tampa Bay Rays,TB,4,True,687330,Kevin Kelly,Kevin,Kelly,49,1997-11-28,28,"6' 2""",195,1,Pitcher,R,Right,R,Right,,,,,,,,,,,,,,,,,,,,,,,,,,
2026-08-24,824235,,/api/v1.1/game/824235/feed/live,R,2026,2026-08-24,,night,P,N,N,Regular Season,1,3,1,Final,Final,2394,Comerica Park,116,Detroit Tigers,DET,1,False,139,Tampa Bay Rays,TB,4,True,700652,Kenny Piper,Kenneth,Piper,50,1998-07-12,28,"5' 10""",190,2,Catcher,R,Right,R,Right,,,,,,,,,,,,,,,,,,,,,,,,,,
2026-08-24,824235,,/api/v1.1/game/824235/feed/live,R,2026,2026-08-24,,night,P,N,N,Regular Season,1,3,1,Final,Final,2394,Comerica Park,116,Detroit Tigers,DET,1,False,139,Tampa Bay Rays,TB,4,True,689414,Liam Hicks,Liam,Hicks,34,1999-06-02,27,"5' 9""",185,2,Catcher,L,Left,R,Right,,,,,,,,,,,,,,,,,,,,,,,,,,
2026-08-24,824235,,/api/v1.1/game/824235/feed/live,R,2026,2026-08-24,,night,P,N,N,Regular Season,1,3,1,Final,Final,2394,Comerica Park,116,Detroit Tigers,DET,1,False,139,Tampa Bay Rays,TB,4,True,642547,Freddy Peralta,Freddy,Peralta,51,1996-06-04,30,"6' 0""",198,1,Pitcher,R,Right,R,Right,,,,,,,,,,,,,,,,,,,,,,,,,,
2026-08-24,824235,,/api/v1.1/game/824235/feed/live,R,2026,2026-08-24,,night,P,N,N,Regular Season,1,3,1,Final,Final,2394,Comerica Park,116,Detroit Tigers,DET,1,False,139,Tampa Bay Rays,TB,4,True,666018,Jonathan Aranda,Jonathan,Aranda,8,1998-05-23,28,"6' 0""",215,3,First Base,L,Left,R,Right,"1-4 | HR, 2 RBI, R",,4,1,0,0,1,2,1,0,0,0,0,0,4,4,,,,,,,,,,
2026-08-24,824235,,/api/v1.1/game/824235/feed/live,R,2026,2026-08-24,,night,P,N,N,Regular Season,1,3,1,Final,Final,2394,Comerica Park,116,Detroit Tigers,DET,1,False,139,Tampa Bay Rays,TB,4,True,663743,Nick Fortes,Nicholas,Fortes,40,1996-11-11,29,"5' 11""",198,2,Catcher,R,Right,R,Right,0-3,,3,0,0,0,0,0,0,0,0,0,0,0,4,0,,,,,,,,,,
2026-08-24,824235,,/api/v1.1/game/824235/feed/live,R,2026,2026-08-24,,night,P,N,N,Regular Season,1,3,1,Final,Final,2394,Comerica Park,116,Detroit Tigers,DET,1,False,139,Tampa Bay Rays,TB,4,True,650490,Yandy Díaz,Yandy,Díaz,2,1991-08-08,35,"6' 0""",235,10,Designated Hitter,R,Right,R,Right,"1-4 | BB, R",,4,1,0,0,0,0,1,0,1,0,0,0,5,1,,,,,,,,,,
2026-08-24,824235,,/api/v1.1/game/824235/feed/live,R,2026,2026-08-24,,night,P,N,N,Regular Season,1,3,1,Final,Final,2394,Comerica Park,116,Detroit Tigers,DET,1,False,139,Tampa Bay Rays,TB,4,True,641329,Bryan Baker,Bryan,Baker,47,1994-12-02,31,"6' 6""",235,1,Pitcher,R,Right,R,Right,"1.0 IP, 0 ER, 2 K, 0 BB",,,,,,,,,,,,,,,,1.0,0,1,0,2,0,16,0,0,1
2026-08-24,824235,,/api/v1.1/game/824235/feed/live,R,2026,2026-08-24,,night,P,N,N,Regular Season,1,3,1,Final,Final,2394,Comerica Park,116,Detroit Tigers,DET,1,False,139,Tampa Bay Rays,TB,4,True,655889,Manuel Rodríguez,Manuel,Rodríguez,39,1996-08-06,30,"5' 11""",205,1,Pitcher,R,Right,R,Right,"1.0 IP, 0 ER, 3 K, BB",,,,,,,,,,,,,,,,1.0,0,1,0,3,1,23,0,0,0
2026-08-24,824235,,/api/v1.1/game/824235/feed/live,R,2026,2026-08-24,,night,P,N,N,Regular Season,1,3,1,Final,Final,2394,Comerica Park,116,Detroit Tigers,DET,1,False,139,Tampa Bay Rays,TB,4,True,691406,Junior Caminero,Junior,Caminero,13,2003-07-05,23,"6' 1""",220,5,Third Base,R,Right,R,Right,"1-3 | BB, K, RBI",,3,1,0,0,0,1,0,1,1,0,0,0,4,1,,,,,,,,,,
2026-08-24,824235,,/api/v1.1/game/824235/feed/live,R,2026,2026-08-24,,night,P,N,N,Regular Season,1,3,1,Final,Final,2394,Comerica Park,116,Detroit Tigers,DET,1,False,139,Tampa Bay Rays,TB,4,True,656876,Drew Rasmussen,Drew,Rasmussen,57,1995-07-27,31,"6' 1""",240,1,Pitcher,R,Right,R,Right,"6.0 IP, ER, 5 K, 0 BB",,,,,,,,,,,,,,,,6.0,1,3,0,5,0,103,1,0,0
2026-08-24,824235,,/api/v1.1/game/824235/feed/live,R,2026,2026-08-24,,night,P,N,N,Regular Season,1,3,1,Final,Final,2394,Comerica Park,116,Detroit Tigers,DET,1,False,139,Tampa Bay Rays,TB,4,True,656775,Cedric Mullins,Boyce,Mullins,31,1994-10-01,31,"5' 7""",175,8,Outfielder,L,Left,L,Left,0-1,,1,0,0,0,0,0,0,0,0,0,0,0,1,0,,,,,,,,,,
2026-08-24,823828,,/api/v1.1/game/823828/feed/live,R,2026,2026-08-24,,night,P,N,N,Regular Season,1,3,1,Final,Final,4169,loanDepot park,146,Miami Marlins,MIA,2,False,111,Boston Red Sox,BOS,4,True,667652,Jack Ralston,Jack,Ralston,79,1997-08-13,29,"6' 6""",231,1,Pitcher,R,Right,R,Right,,,,,,,,,,,,,,,,,,,,,,,,,,
2026-08-24,823828,,/api/v1.1/game/823828/feed/live,R,2026,2026-08-24,,night,P,N,N,Regular Season,1,3,1,Final,Final,4169,loanDepot park,146,Miami Marlins,MIA,2,False,111,Boston Red Sox,BOS,4,True,694795,Josh Ekness,Joshua,Ekness,95,2002-02-07,24,"6' 4""",225,1,Pitcher,R,Right,R,Right,"1.0 IP, ER, K, 0 BB",,,,,,,,,,,,,,,,1.0,1,1,0,1,0,16,0,0,0
2026-08-24,823828,,/api/v1.1/game/823828/feed/live,R,2026,2026-08-24,,night,P,N,N,Regular Season,1,3,1,Final,Final,4169,loanDepot park,146,Miami Marlins,MIA,2,False,111,Boston Red Sox,BOS,4,True,676604,Tyler Zuber,Tyler,Zuber,55,1995-06-16,31,"5' 11""",195,1,Pitcher,R,Right,R,Right,"0.1 IP, ER, 0 K, 0 BB",,,,,,,,,,,,,,,,0.1,1,2,0,0,0,12,0,0,0
2026-08-24,823828,,/api/v1.1/game/823828/feed/live,R,2026,2026-08-24,,night,P,N,N,Regular Season,1,3,1,Final,Final,4169,loanDepot park,146,Miami Marlins,MIA,2,False,111,Boston Red Sox,BOS,4,True,665052,Griffin Conine,Griffin,Conine,18,1997-07-11,29,"6' 1""",210,9,Outfielder,L,Left,R,Right,0-2,,2,0,0,0,0,0,0,0,0,0,0,0,2,0,,,,,,,,,,
2026-08-24,823828,,/api/v1.1/game/823828/feed/live,R,2026,2026-08-24,,night,P,N,N,Regular Season,1,3,1,Final,Final,4169,loanDepot park,146,Miami Marlins,MIA,2,False,111,Boston Red Sox,BOS,4,True,681715,Heriberto Hernández,Heriberto,Hernandez,13,1999-12-16,26,"5' 11""",195,7,Outfielder,R,Right,R,Right,2-4 | BB,,4,2,0,0,0,0,0,0,1,0,0,0,5,2,,,,,,,,,,
2026-08-24,823828,,/api/v1.1/game/823828/feed/live,R,2026,2026-08-24,,night,P,N,N,Regular Season,1,3,1,Final,Final,4169,loanDepot park,146,Miami Marlins,MIA,2,False,111,Boston Red Sox,BOS,4,True,664126,Pete Fairbanks,Peter,Fairbanks,29,1993-12-16,32,"6' 6""",235,1,Pitcher,R,Right,R,Right,"0.0 IP, ER, 0 K, BB",,,,,,,,,,,,,,,,0.0,1,0,0,0,1,5,0,1,0
2026-08-24,823828,,/api/v1.1/game/823828/feed/live,R,2026,2026-08-24,,night,P,N,N,Regular Season,1,3,1,Final,Final,4169,loanDepot park,146,Miami Marlins,MIA,2,False,111,Boston Red Sox,BOS,4,True,645261,Sandy Alcantara,Sandy,Alcantara,22,1995-09-07,30,"6' 5""",200,1,Pitcher,R,Right,R,Right,"7.0 IP, ER, 6 K, 2 BB",,,,,,,,,,,,,,,,7.0,1,6,0,6,2,102,0,0,0
2026-08-24,823828,,/api/v1.1/game/823828/feed/live,R,2026,2026-08-24,,night,P,N,N,Regular Season,1,3,1,Final,Final,4169,loanDepot park,146,Miami Marlins,MIA,2,False,111,Boston Red Sox,BOS,4,True,680767,Victor Vodnik,Victor,Vodnik,38,1999-10-09,26,"6' 0""",216,1,Pitcher,R,Right,R,Right,,,,,,,,,,,,,,,,,,,,,,,,,,
2026-08-24,823828,,/api/v1.1/game/823828/feed/live,R,2026,2026-08-24,,night,P,N,N,Regular Season,1,3,1,Final,Final,4169,loanDepot park,146,Miami Marlins,MIA,2,False,111,Boston Red Sox,BOS,4,True,663969,Tyler Phillips,Tyler,Phillips,30,1997-10-27,28,"6' 5""",225,1,Pitcher,R,Right,R,Right,,,,,,,,,,,,,,,,,,,,,,,,,,
2026-08-24,823828,,/api/v1.1/game/823828/feed/live,R,2026,2026-08-24,,night,P,N,N,Regular Season,1,3,1,Final,Final,4169,loanDepot park,146,Miami Marlins,MIA,2,False,111,Boston Red Sox,BOS,4,True,665923,Esteury Ruiz,Esteury,Ruiz,3,1999-02-15,27,"5' 11""",169,9,Outfielder,R,Right,R,Right,0-1 | HBP,,1,0,0,0,0,0,0,0,0,0,0,0,2,0,,,,,,,,,,
2026-08-24,823828,,/api/v1.1/game/823828/feed/live,R,2026,2026-08-24,,night,P,N,N,Regular Season,1,3,1,Final,Final,4169,loanDepot park,146,Miami Marlins,MIA,2,False,111,Boston Red Sox,BOS,4,True,805300,Jakob Marsee,Jakob,Marsee,87,2001-06-28,25,"6' 0""",180,8,Outfielder,L,Left,L,Left,"0-3 | BB, HBP, K",,3,0,0,0,0,0,1,1,1,0,0,0,5,0,,,,,,,,,,
2026-08-24,823828,,/api/v1.1/game/823828/feed/live,R,2026,2026-08-24,,night,P,N,N,Regular Season,1,3,1,Final,Final,4169,loanDepot park,146,Miami Marlins,MIA,2,False,111,Boston Red Sox,BOS,4,True,676534,Calvin Faucher,Calvin,Faucher,53,1995-09-22,30,"6' 1""",190,1,Pitcher,R,Right,R,Right,,,,,,,,,,,,,,,,,,,,,,,,,,
2026-08-24,823828,,/api/v1.1/game/823828/feed/live,R,2026,2026-08-24,,night,P,N,N,Regular Season,1,3,1,Final,Final,4169,loanDepot park,146,Miami Marlins,MIA,2,False,111,Boston Red Sox,BOS,4,True,691594,Javier Sanoja,Javier,Sanoja,8,2002-09-03,23,"5' 7""",150,5,Third Base,R,Right,R,Right,0-4 | BB,,4,0,0,0,0,0,0,0,1,0,0,0,5,0,,,,,,,,,,
2026-08-24,823828,,/api/v1.1/game/823828/feed/live,R,2026,2026-08-24,,night,P,N,N,Regular Season,1,3,1,Final,Final,4169,loanDepot park,146,Miami Marlins,MIA,2,False,111,Boston Red Sox,BOS,4,True,806188,Cade Gibson,Cade,Gibson,58,1998-02-18,28,"6' 2""",195,1,Pitcher,L,Left,L,Left,"0.2 IP, 0 ER, 0 K, BB",,,,,,,,,,,,,,,,0.2,0,0,0,0,1,15,0,0,0
2026-08-24,823828,,/api/v1.1/game/823828/feed/live,R,2026,2026-08-24,,night,P,N,N,Regular Season,1,3,1,Final,Final,4169,loanDepot park,146,Miami Marlins,MIA,2,False,111,Boston Red Sox,BOS,4,True,687473,Ryan Gusto,Ryan,Gusto,65,1999-03-11,27,"6' 4""",232,1,Pitcher,R,Right,R,Right,,,,,,,,,,,,,,,,,,,,,,,,,,
2026-08-24,823828,,/api/v1.1/game/823828/feed/live,R,2026,2026-08-24,,night,P,N,N,Regular Season,1,3,1,Final,Final,4169,loanDepot park,146,Miami Marlins,MIA,2,False,111,Boston Red Sox,BOS,4,True,669364,Xavier Edwards,Xavier,Edwards,9,1999-08-09,27,"5' 9""",175,4,Second Base,S,Switch,R,Right,"1-5 | 2 K, RBI",,5,1,0,0,0,1,0,2,0,0,0,0,5,1,,,,,,,,,,
2026-08-24,823828,,/api/v1.1/game/823828/feed/live,R,2026,2026-08-24,,night,P,N,N,Regular Season,1,3,1,Final,Final,4169,loanDepot park,146,Miami Marlins,MIA,2,False,111,Boston Red Sox,BOS,4,True,669065,Kyle Stowers,Kyle,Stowers,28,1998-01-02,28,"6' 2""",215,3,First Base,L,Left,L,Left,"1-4 | 2B, BB, 2 K",,4,1,1,0,0,0,0,2,1,0,0,0,5,2,,,,,,,,,,
2026-08-24,823828,,/api/v1.1/game/823828/feed/live,R,2026,2026-08-24,,night,P,N,N,Regular Season,1,3,1,Final,Final,4169,loanDepot park,146,Miami Marlins,MIA,2,False,111,Boston Red Sox,BOS,4,True,656848,Michael Petersen,Michael,Petersen,49,1994-05-16,32,"6' 7""",195,1,Pitcher,R,Right,R,Right,,,,,,,,,,,,,,,,,,,,,,,,,,
2026-08-24,823828,,/api/v1.1/game/823828/feed/live,R,2026,2026-08-24,,night,P,N,N,Regular Season,1,3,1,Final,Final,4169,loanDepot park,146,Miami Marlins,MIA,2,False,111,Boston Red Sox,BOS,4,True,683357,Owen Caissie,Owen,Caissie,17,2002-07-08,24,"6' 4""",190,9,Outfielder,L,Left,R,Right,1-1 | BB,,1,1,0,0,0,0,0,0,1,0,0,0,2,1,,,,,,,,,,
2026-08-24,823828,,/api/v1.1/game/823828/feed/live,R,2026,2026-08-24,,night,P,N,N,Regular Season,1,3,1,Final,Final,4169,loanDepot park,146,Miami Marlins,MIA,2,False,111,Boston Red Sox,BOS,4,True,682663,Agustín Ramírez,Agustín,Ramírez,50,2001-09-10,24,"6' 1""",210,2,Catcher,R,Right,R,Right,"0-2 | BB, K",,2,0,0,0,0,0,0,1,1,0,0,0,3,0,,,,,,,,,,
2026-08-24,823828,,/api/v1.1/game/823828/feed/live,R,2026,2026-08-24,,night,P,N,N,Regular Season,1,3,1,Final,Final,4169,loanDepot park,146,Miami Marlins,MIA,2,False,111,Boston Red Sox,BOS,4,True,677870,Leo Jiménez,Leonardo,Jimenez,19,2001-05-17,25,"5' 10""",215,5,Third Base,R,Right,R,Right,1-1,,1,1,0,0,0,0,0,0,0,0,0,0,1,1,,,,,,,,,,
2026-08-24,823828,,/api/v1.1/game/823828/feed/live,R,2026,2026-08-24,,night,P,N,N,Regular Season,1,3,1,Final,Final,4169,loanDepot park,146,Miami Marlins,MIA,2,False,111,Boston Red Sox,BOS,4,True,676083,Janson Junk,Janson,Junk,26,1996-01-15,30,"6' 2""",197,1,Pitcher,R,Right,R,Right,,,,,,,,,,,,,,,,,,,,,,,,,,
2026-08-24,823828,,/api/v1.1/game/823828/feed/live,R,2026,2026-08-24,,night,P,N,N,Regular Season,1,3,1,Final,Final,4169,loanDepot park,146,Miami Marlins,MIA,2,False,111,Boston Red Sox,BOS,4,True,640459,Brian Navarreto,Brian,Navarreto,64,1994-12-29,31,"6' 1""",233,2,Catcher,R,Right,R,Right,0-0,,0,0,0,0,0,0,0,0,0,0,0,0,0,0,,,,,,,,,,
2026-08-24,823828,,/api/v1.1/game/823828/feed/live,R,2026,2026-08-24,,night,P,N,N,Regular Season,1,3,1,Final,Final,4169,loanDepot park,146,Miami Marlins,MIA,2,False,111,Boston Red Sox,BOS,4,True,691788,Joe Mack,Joseph,Mack,80,2002-12-27,23,"6' 0""",210,2,Catcher,L,Left,R,Right,1-3 | K,,3,1,0,0,0,0,0,1,0,0,0,0,3,1,,,,,,,,,,
2026-08-24,823828,,/api/v1.1/game/823828/feed/live,R,2026,2026-08-24,,night,P,N,N,Regular Season,1,3,1,Final,Final,4169,loanDepot park,146,Miami Marlins,MIA,2,False,111,Boston Red Sox,BOS,4,True,691587,Eury Pérez,Eury,Pérez,39,2003-04-15,23,"6' 8""",220,1,Pitcher,R,Right,R,Right,,,,,,,,,,,,,,,,,,,,,,,,,,
2026-08-24,823828,,/api/v1.1/game/823828/feed/live,R,2026,2026-08-24,,night,P,N,N,Regular Season,1,3,1,Final,Final,4169,loanDepot park,146,Miami Marlins,MIA,2,False,111,Boston Red Sox,BOS,4,True,672640,Otto Lopez,Otto,Lopez,6,1998-10-01,27,"5' 10""",185,6,Shortstop,R,Right,R,Right,"2-4 | 2B, RBI, R",,4,2,1,0,0,1,1,0,0,0,0,1,5,3,,,,,,,,,,
2026-08-24,823828,,/api/v1.1/game/823828/feed/live,R,2026,2026-08-24,,night,P,N,N,Regular Season,1,3,1,Final,Final,4169,loanDepot park,146,Miami Marlins,MIA,2,False,111,Boston Red Sox,BOS,4,True,687562,Jake Bennett,William,Bennett,64,2000-12-02,25,"6' 6""",234,1,Pitcher,L,Left,L,Left,,,,,,,,,,,,,,,,,,,,,,,,,,
2026-08-24,823828,,/api/v1.1/game/823828/feed/live,R,2026,2026-08-24,,night,P,N,N,Regular Season,1,3,1,Final,Final,4169,loanDepot park,146,Miami Marlins,MIA,2,False,111,Boston Red Sox,BOS,4,True,575929,Willson Contreras,Willson,Contreras,40,1992-05-13,34,"6' 0""",240,3,First Base,R,Right,R,Right,0-4 | HBP,,4,0,0,0,0,0,0,0,0,0,0,0,5,0,,,,,,,,,,
2026-08-24,823828,,/api/v1.1/game/823828/feed/live,R,2026,2026-08-24,,night,P,N,N,Regular Season,1,3,1,Final,Final,4169,loanDepot park,146,Miami Marlins,MIA,2,False,111,Boston Red Sox,BOS,4,True,594027,Tyron Guerrero,Tayron,Guerrero,41,1991-01-09,35,"6' 8""",225,1,Pitcher,R,Right,R,Right,,,,,,,,,,,,,,,,,,,,,,,,,,
2026-08-24,823828,,/api/v1.1/game/823828/feed/live,R,2026,2026-08-24,,night,P,N,N,Regular Season,1,3,1,Final,Final,4169,loanDepot park,146,Miami Marlins,MIA,2,False,111,Boston Red Sox,BOS,4,True,663776,Patrick Sandoval,Patrick,Sandoval,43,1996-10-18,29,"6' 3""",190,1,Pitcher,L,Left,L,Left,,,,,,,,,,,,,,,,,,,,,,,,,,
2026-08-24,823828,,/api/v1.1/game/823828/feed/live,R,2026,2026-08-24,,night,P,N,N,Regular Season,1,3,1,Final,Final,4169,loanDepot park,146,Miami Marlins,MIA,2,False,111,Boston Red Sox,BOS,4,True,663330,Jahmai Jones,Jahmai,Jones,37,1997-08-04,29,"5' 10""",210,10,Designated Hitter,R,Right,R,Right,,,,,,,,,,,,,,,,,,,,,,,,,,
2026-08-24,823828,,/api/v1.1/game/823828/feed/live,R,2026,2026-08-24,,night,P,N,N,Regular Season,1,3,1,Final,Final,4169,loanDepot park,146,Miami Marlins,MIA,2,False,111,Boston Red Sox,BOS,4,True,687941,Alec Gamboa,Alec,Gamboa,68,1997-01-17,29,"6' 1""",205,1,Pitcher,S,Switch,L,Left,,,,,,,,,,,,,,,,,,,,,,,,,,
2026-08-24,823828,,/api/v1.1/game/823828/feed/live,R,2026,2026-08-24,,night,P,N,N,Regular Season,1,3,1,Final,Final,4169,loanDepot park,146,Miami Marlins,MIA,2,False,111,Boston Red Sox,BOS,4,True,669711,Greg Weissert,Gregory,Weissert,57,1995-02-04,31,"6' 2""",235,1,Pitcher,R,Right,R,Right,,,,,,,,,,,,,,,,,,,,,,,,,,
2026-08-24,823828,,/api/v1.1/game/823828/feed/live,R,2026,2026-08-24,,night,P,N,N,Regular Season,1,3,1,Final,Final,4169,loanDepot park,146,Miami Marlins,MIA,2,False,111,Boston Red Sox,BOS,4,True,678011,Anthony Seigler,Anthony,Seigler,48,1999-06-20,27,"5' 9""",192,4,Second Base,S,Switch,S,Switch,"1-3 | 3B, BB, RBI",,3,1,0,1,0,1,1,0,1,0,0,0,4,3,,,,,,,,,,
2026-08-24,823828,,/api/v1.1/game/823828/feed/live,R,2026,2026-08-24,,night,P,N,N,Regular Season,1,3,1,Final,Final,4169,loanDepot park,146,Miami Marlins,MIA,2,False,111,Boston Red Sox,BOS,4,True,657136,Connor Wong,Connor,Wong,12,1996-05-19,30,"5' 10""",190,2,Catcher,R,Right,R,Right,,,,,,,,,,,,,,,,,,,,,,,,,,
2026-08-24,823828,,/api/v1.1/game/823828/feed/live,R,2026,2026-08-24,,night,P,N,N,Regular Season,1,3,1,Final,Final,4169,loanDepot park,146,Miami Marlins,MIA,2,False,111,Boston Red Sox,BOS,4,True,668939,Adley Rutschman,Adley,Rutschman,31,1998-02-06,28,"6' 1""",230,2,Catcher,S,Switch,R,Right,0-5 | K,,5,0,0,0,0,0,0,1,0,0,0,0,5,0,,,,,,,,,,
2026-08-24,823828,,/api/v1.1/game/823828/feed/live,R,2026,2026-08-24,,night,P,N,N,Regular Season,1,3,1,Final,Final,4169,loanDepot park,146,Miami Marlins,MIA,2,False,111,Boston Red Sox,BOS,4,True,678394,Brayan Bello,Brayan,Bello,66,1999-05-17,27,"6' 1""",195,1,Pitcher,R,Right,R,Right,"2.0 IP, ER, K, 2 BB",,,,,,,,,,,,,,,,2.0,1,2,0,1,2,42,0,0,0
2026-08-24,823828,,/api/v1.1/game/823828/feed/live,R,2026,2026-08-24,,night,P,N,N,Regular Season,1,3,1,Final,Final,4169,loanDepot park,146,Miami Marlins,MIA,2,False,111,Boston Red Sox,BOS,4,True,677800,Wilyer Abreu,Wilyer,Abreu,52,1999-06-24,27,"5' 10""",215,9,Outfielder,L,Left,L,Left,"1-4 | 2B, BB, 2 K",,4,1,1,0,0,0,1,2,1,0,0,0,5,2,,,,,,,,,,
2026-08-24,823828,,/api/v1.1/game/823828/feed/live,R,2026,2026-08-24,,night,P,N,N,Regular Season,1,3,1,Final,Final,4169,loanDepot park,146,Miami Marlins,MIA,2,False,111,Boston Red Sox,BOS,4,True,543243,Sonny Gray,Sonny,Gray,54,1989-11-07,36,"5' 10""",190,1,Pitcher,R,Right,R,Right,,,,,,,,,,,,,,,,,,,,,,,,,,
2026-08-24,823828,,/api/v1.1/game/823828/feed/live,R,2026,2026-08-24,,night,P,N,N,Regular Season,1,3,1,Final,Final,4169,loanDepot park,146,Miami Marlins,MIA,2,False,111,Boston Red Sox,BOS,4,True,655316,Andruw Monasterio,Andruw,Monasterio,32,1997-05-30,29,"5' 11""",195,6,Shortstop,R,Right,R,Right,,,,,,,,,,,,,,,,,,,,,,,,,,
2026-08-24,823828,,/api/v1.1/game/823828/feed/live,R,2026,2026-08-24,,night,P,N,N,Regular Season,1,3,1,Final,Final,4169,loanDepot park,146,Miami Marlins,MIA,2,False,111,Boston Red Sox,BOS,4,True,681508,Mickey Gasper,Michael,Gasper,30,1995-10-11,30,"5' 9""",205,10,Designated Hitter,S,Switch,R,Right,"2-2 | 2B, 2 BB, RBI",,2,2,1,0,0,1,0,0,2,0,0,0,4,3,,,,,,,,,,
2026-08-24,823828,,/api/v1.1/game/823828/feed/live,R,2026,2026-08-24,,night,P,N,N,Regular Season,1,3,1,Final,Final,4169,loanDepot park,146,Miami Marlins,MIA,2,False,111,Boston Red Sox,BOS,4,True,702332,Caleb Durbin,Caleb,Durbin,5,2000-02-22,26,"5' 6""",183,5,Third Base,R,Right,R,Right,1-4,,4,1,0,0,0,0,0,0,0,0,0,0,4,1,,,,,,,,,,
2026-08-24,823828,,/api/v1.1/game/823828/feed/live,R,2026,2026-08-24,,night,P,N,N,Regular Season,1,3,1,Final,Final,4169,loanDepot park,146,Miami Marlins,MIA,2,False,111,Boston Red Sox,BOS,4,True,624133,Ranger Suarez,Ranger,Suarez,55,1995-08-26,30,"6' 1""",217,1,Pitcher,L,Left,L,Left,"5.0 IP, ER, 4 K, 4 BB",,,,,,,,,,,,,,,,5.0,1,4,0,4,4,93,0,0,0
2026-08-24,823828,,/api/v1.1/game/823828/feed/live,R,2026,2026-08-24,,night,P,N,N,Regular Season,1,3,1,Final,Final,4169,loanDepot park,146,Miami Marlins,MIA,2,False,111,Boston Red Sox,BOS,4,True,686765,Nick Sogard,Nicholas,Sogard,20,1997-09-09,28,"6' 1""",189,4,Second Base,S,Switch,R,Right,"1-5 | 2 K, RBI",,5,1,0,0,0,1,0,2,0,0,0,0,5,1,,,,,,,,,,
2026-08-24,823828,,/api/v1.1/game/823828/feed/live,R,2026,2026-08-24,,night,P,N,N,Regular Season,1,3,1,Final,Final,4169,loanDepot park,146,Miami Marlins,MIA,2,False,111,Boston Red Sox,BOS,4,True,680776,Jarren Duran,Jarren,Duran,16,1996-09-05,29,"6' 0""",205,7,Outfielder,L,Left,R,Right,"2-4 | 2B, K, R",,4,2,1,0,0,0,1,1,0,0,0,0,4,3,,,,,,,,,,
2026-08-24,823828,,/api/v1.1/game/823828/feed/live,R,2026,2026-08-24,,night,P,N,N,Regular Season,1,3,1,Final,Final,4169,loanDepot park,146,Miami Marlins,MIA,2,False,111,Boston Red Sox,BOS,4,True,642201,Eli White,Elijah,White,38,1994-06-26,32,"6' 2""",195,9,Outfielder,R,Right,R,Right,0-0 | R,,0,0,0,0,0,0,1,0,0,0,0,0,0,0,,,,,,,,,,
2026-08-24,823828,,/api/v1.1/game/823828/feed/live,R,2026,2026-08-24,,night,P,N,N,Regular Season,1,3,1,Final,Final,4169,loanDepot park,146,Miami Marlins,MIA,2,False,111,Boston Red Sox,BOS,4,True,681544,Wyatt Olds,Christopher,Olds,75,1999-08-05,27,"6' 0""",183,1,Pitcher,R,Right,R,Right,,,,,,,,,,,,,,,,,,,,,,,,,,
2026-08-24,823828,,/api/v1.1/game/823828/feed/live,R,2026,2026-08-24,,night,P,N,N,Regular Season,1,3,1,Final,Final,4169,loanDepot park,146,Miami Marlins,MIA,2,False,111,Boston Red Sox,BOS,4,True,801139,Payton Tolle,Payton,Tolle,70,2002-11-01,23,"6' 6""",250,1,Pitcher,L,Left,L,Left,,,,,,,,,,,,,,,,,,,,,,,,,,
2026-08-24,823828,,/api/v1.1/game/823828/feed/live,R,2026,2026-08-24,,night,P,N,N,Regular Season,1,3,1,Final,Final,4169,loanDepot park,146,Miami Marlins,MIA,2,False,111,Boston Red Sox,BOS,4,True,678882,Ceddanne Rafaela,Ceddanne,Rafaela,3,2000-09-18,25,"5' 10""",165,8,Outfielder,R,Right,R,Right,1-5 | K,,5,1,0,0,0,0,0,1,0,0,0,0,5,1,,,,,,,,,,
2026-08-24,823828,,/api/v1.1/game/823828/feed/live,R,2026,2026-08-24,,night,P,N,N,Regular Season,1,3,1,Final,Final,4169,loanDepot park,146,Miami Marlins,MIA,2,False,111,Boston Red Sox,BOS,4,True,663558,Jovani Morán,Jovani,Moran,47,1997-04-24,29,"6' 1""",167,1,Pitcher,L,Left,L,Left,,,,,,,,,,,,,,,,,,,,,,,,,,
2026-08-24,823828,,/api/v1.1/game/823828/feed/live,R,2026,2026-08-24,,night,P,N,N,Regular Season,1,3,1,Final,Final,4169,loanDepot park,146,Miami Marlins,MIA,2,False,111,Boston Red Sox,BOS,4,True,669062,Erik Miller,Erik,Miller,67,1998-02-13,28,"6' 5""",269,1,Pitcher,L,Left,L,Left,"1.0 IP, 0 ER, K, 0 BB",,,,,,,,,,,,,,,,1.0,0,2,0,1,0,16,1,0,0
2026-08-24,823828,,/api/v1.1/game/823828/feed/live,R,2026,2026-08-24,,night,P,N,N,Regular Season,1,3,1,Final,Final,4169,loanDepot park,146,Miami Marlins,MIA,2,False,111,Boston Red Sox,BOS,4,True,547973,Aroldis Chapman,Albertin,Chapman,44,1988-02-28,38,"6' 4""",235,1,Pitcher,L,Left,L,Left,"1.0 IP, 0 ER, K, 0 BB",,,,,,,,,,,,,,,,1.0,0,1,0,1,0,18,0,0,1
2026-08-24,822695,,/api/v1.1/game/822695/feed/live,R,2026,2026-08-24,,night,P,N,N,Regular Season,1,4,1,Final,Final,3309,Nationals Park,120,Washington Nationals,WSH,13,True,115,Colorado Rockies,COL,3,False,691781,Brady House,Brady,House,12,2003-06-04,23,"6' 4""",208,5,Third Base,R,Right,R,Right,"1-4 | 2B, BB",,4,1,1,0,0,0,0,0,1,0,0,0,5,2,,,,,,,,,,
2026-08-24,822695,,/api/v1.1/game/822695/feed/live,R,2026,2026-08-24,,night,P,N,N,Regular Season,1,4,1,Final,Final,3309,Nationals Park,120,Washington Nationals,WSH,13,True,115,Colorado Rockies,COL,3,False,694673,Abimelec Ortiz,Abimelec,Ortiz,81,2002-02-22,24,"5' 10""",230,3,First Base,L,Left,L,Left,"1-4 | BB, 2 K, RBI",,4,1,0,0,0,1,2,2,1,0,0,0,5,1,,,,,,,,,,
2026-08-24,822695,,/api/v1.1/game/822695/feed/live,R,2026,2026-08-24,,night,P,N,N,Regular Season,1,4,1,Final,Final,3309,Nationals Park,120,Washington Nationals,WSH,13,True,115,Colorado Rockies,COL,3,False,702021,Will Dion,William,Dion,76,2000-04-17,26,"5' 10""",180,1,Pitcher,L,Left,L,Left,,,,,,,,,,,,,,,,,,,,,,,,,,
2026-08-24,822695,,/api/v1.1/game/822695/feed/live,R,2026,2026-08-24,,night,P,N,N,Regular Season,1,4,1,Final,Final,3309,Nationals Park,120,Washington Nationals,WSH,13,True,115,Colorado Rockies,COL,3,False,682928,CJ Abrams,Paul,Abrams,5,2000-10-03,25,"6' 0""",191,6,Shortstop,L,Left,R,Right,"1-4 | 2B, BB, K",,4,1,1,0,0,1,2,1,1,2,0,1,5,2,,,,,,,,,,
2026-08-24,822695,,/api/v1.1/game/822695/feed/live,R,2026,2026-08-24,,night,P,N,N,Regular Season,1,4,1,Final,Final,3309,Nationals Park,120,Washington Nationals,WSH,13,True,115,Colorado Rockies,COL,3,False,683083,Nasim Nuñez,Nasim,Nuñez,26,2000-08-18,26,"5' 8""",165,4,Second Base,S,Switch,R,Right,"0-3 | BB, 2 R",,3,0,0,0,0,0,2,0,1,0,0,0,5,0,,,,,,,,,,
2026-08-24,822695,,/api/v1.1/game/822695/feed/live,R,2026,2026-08-24,,night,P,N,N,Regular Season,1,4,1,Final,Final,3309,Nationals Park,120,Washington Nationals,WSH,13,True,115,Colorado Rockies,COL,3,False,665953,Andrés Chaparro,Andrés,Chaparro,87,1999-05-04,27,"6' 0""",200,3,First Base,R,Right,R,Right,,,,,,,,,,,,,,,,,,,,,,,,,,
2026-08-24,822695,,/api/v1.1/game/822695/feed/live,R,2026,2026-08-24,,night,P,N,N,Regular Season,1,4,1,Final,Final,3309,Nationals Park,120,Washington Nationals,WSH,13,True,115,Colorado Rockies,COL,3,False,678391,Jorbit Vivas,Jorbit,Vivas,84,2001-03-09,25,"5' 9""",171,5,Third Base,L,Left,R,Right,"3-5 | K, 2 RBI, R",,5,3,0,0,0,2,1,1,0,0,0,0,5,3,,,,,,,,,,
2026-08-24,822695,,/api/v1.1/game/822695/feed/live,R,2026,2026-08-24,,night,P,N,N,Regular Season,1,4,1,Final,Final,3309,Nationals Park,120,Washington Nationals,WSH,13,True,115,Colorado Rockies,COL,3,False,686611,Dylan Crews,Dylan,Crews,3,2002-02-26,24,"5' 11""",203,9,Outfielder,R,Right,R,Right,"0-2 | 3 BB, K, RBI",,2,0,0,0,0,1,1,1,3,0,0,0,5,0,,,,,,,,,,
2026-08-24,822695,,/api/v1.1/game/822695/feed/live,R,2026,2026-08-24,,night,P,N,N,Regular Season,1,4,1,Final,Final,3309,Nationals Park,120,Washington Nationals,WSH,13,True,115,Colorado Rockies,COL,3,False,592866,Trevor Williams,Trevor,Williams,32,1992-04-25,34,"6' 3""",231,1,Pitcher,R,Right,R,Right,,,,,,,,,,,,,,,,,,,,,,,,,,
2026-08-24,822695,,/api/v1.1/game/822695/feed/live,R,2026,2026-08-24,,night,P,N,N,Regular Season,1,4,1,Final,Final,3309,Nationals Park,120,Washington Nationals,WSH,13,True,115,Colorado Rockies,COL,3,False,668820,Max Kranick,Max,Kranick,35,1997-07-21,29,"6' 3""",220,1,Pitcher,R,Right,R,Right,,,,,,,,,,,,,,,,,,,,,,,,,,
2026-08-24,822695,,/api/v1.1/game/822695/feed/live,R,2026,2026-08-24,,night,P,N,N,Regular Season,1,4,1,Final,Final,3309,Nationals Park,120,Washington Nationals,WSH,13,True,115,Colorado Rockies,COL,3,False,690925,Clayton Beeter,Clayton,Beeter,39,1998-10-09,27,"6' 2""",220,1,Pitcher,R,Right,R,Right,"1.0 IP, ER, 2 K, BB",,,,,,,,,,,,,,,,1.0,1,2,0,2,1,29,0,0,0
2026-08-24,822695,,/api/v1.1/game/822695/feed/live,R,2026,2026-08-24,,night,P,N,N,Regular Season,1,4,1,Final,Final,3309,Nationals Park,120,Washington Nationals,WSH,13,True,115,Colorado Rockies,COL,3,False,695418,Brad Lord,Bradley,Lord,41,2000-02-14,26,"6' 3""",210,1,Pitcher,R,Right,R,Right,,,,,,,,,,,,,,,,,,,,,,,,,,
2026-08-24,822695,,/api/v1.1/game/822695/feed/live,R,2026,2026-08-24,,night,P,N,N,Regular Season,1,4,1,Final,Final,3309,Nationals Park,120,Washington Nationals,WSH,13,True,115,Colorado Rockies,COL,3,False,695734,Daylen Lile,Daylen,Lile,4,2002-11-30,23,"5' 11""",195,7,Outfielder,L,Left,R,Right,"3-5 | HR, 2B, 5 RBI",,5,3,1,0,1,5,2,0,0,1,0,0,5,7,,,,,,,,,,
2026-08-24,822695,,/api/v1.1/game/822695/feed/live,R,2026,2026-08-24,,night,P,N,N,Regular Season,1,4,1,Final,Final,3309,Nationals Park,120,Washington Nationals,WSH,13,True,115,Colorado Rockies,COL,3,False,677588,José Tena,José,Tena,8,2001-03-20,25,"5' 10""",195,10,Designated Hitter,L,Left,R,Right,,,,,,,,,,,,,,,,,,,,,,,,,,
2026-08-24,822695,,/api/v1.1/game/822695/feed/live,R,2026,2026-08-24,,night,P,N,N,Regular Season,1,4,1,Final,Final,3309,Nationals Park,120,Washington Nationals,WSH,13,True,115,Colorado Rockies,COL,3,False,676917,Cade Cavalli,Steven,Cavalli,24,1998-08-14,28,"6' 4""",223,1,Pitcher,R,Right,R,Right,"6.0 IP, 2 ER, 7 K, BB",,,,,,,,,,,,,,,,6.0,2,5,2,7,1,93,1,0,0
2026-08-24,822695,,/api/v1.1/game/822695/feed/live,R,2026,2026-08-24,,night,P,N,N,Regular Season,1,4,1,Final,Final,3309,Nationals Park,120,Washington Nationals,WSH,13,True,115,Colorado Rockies,COL,3,False,695670,Harry Ford,Harrison,Ford,17,2003-02-21,23,"5' 10""",200,2,Catcher,R,Right,R,Right,,,,,,,,,,,,,,,,,,,,,,,,,,
2026-08-24,822695,,/api/v1.1/game/822695/feed/live,R,2026,2026-08-24,,night,P,N,N,Regular Season,1,4,1,Final,Final,3309,Nationals Park,120,Washington Nationals,WSH,13,True,115,Colorado Rockies,COL,3,False,696285,Jacob Young,Jacob,Young,30,1999-07-27,27,"5' 11""",192,8,Outfielder,R,Right,R,Right,"2-5 | 2B, K, 2 R",,5,2,1,0,0,0,2,1,0,0,0,0,5,3,,,,,,,,,,
2026-08-24,822695,,/api/v1.1/game/822695/feed/live,R,2026,2026-08-24,,night,P,N,N,Regular Season,1,4,1,Final,Final,3309,Nationals Park,120,Washington Nationals,WSH,13,True,115,Colorado Rockies,COL,3,False,680899,Erik Tolman,Erik,Tolman,73,1999-06-03,27,"6' 2""",193,1,Pitcher,L,Left,L,Left,"1.0 IP, 0 ER, 0 K, BB",,,,,,,,,,,,,,,,1.0,0,0,0,0,1,12,0,0,0
2026-08-24,822695,,/api/v1.1/game/822695/feed/live,R,2026,2026-08-24,,night,P,N,N,Regular Season,1,4,1,Final,Final,3309,Nationals Park,120,Washington Nationals,WSH,13,True,115,Colorado Rockies,COL,3,False,663623,Jake Irvin,Jacob,Irvin,27,1997-02-18,29,"6' 6""",234,1,Pitcher,R,Right,R,Right,,,,,,,,,,,,,,,,,,,,,,,,,,
2026-08-24,822695,,/api/v1.1/game/822695/feed/live,R,2026,2026-08-24,,night,P,N,N,Regular Season,1,4,1,Final,Final,3309,Nationals Park,120,Washington Nationals,WSH,13,True,115,Colorado Rockies,COL,3,False,687377,Orlando Ribalta,Orlando,Ribalta,64,1998-03-05,28,"6' 7""",245,1,Pitcher,R,Right,R,Right,,,,,,,,,,,,,,,,,,,,,,,,,,
2026-08-24,822695,,/api/v1.1/game/822695/feed/live,R,2026,2026-08-24,,night,P,N,N,Regular Season,1,4,1,Final,Final,3309,Nationals Park,120,Washington Nationals,WSH,13,True,115,Colorado Rockies,COL,3,False,656234,Jake Bird,Jacob,Bird,59,1995-12-04,30,"6' 3""",215,1,Pitcher,R,Right,R,Right,"1.0 IP, 0 ER, K, 0 BB",,,,,,,,,,,,,,,,1.0,0,0,0,1,0,12,0,0,0
2026-08-24,822695,,/api/v1.1/game/822695/feed/live,R,2026,2026-08-24,,night,P,N,N,Regular Season,1,4,1,Final,Final,3309,Nationals Park,120,Washington Nationals,WSH,13,True,115,Colorado Rockies,COL,3,False,660688,Keibert Ruiz,Keibert,Ruiz,20,1998-07-20,28,"5' 11""",238,2,Catcher,S,Switch,R,Right,"2-4 | BB, R",,4,2,0,0,0,0,1,0,1,0,0,0,5,2,,,,,,,,,,
2026-08-24,822695,,/api/v1.1/game/822695/feed/live,R,2026,2026-08-24,,night,P,N,N,Regular Season,1,4,1,Final,Final,3309,Nationals Park,120,Washington Nationals,WSH,13,True,115,Colorado Rockies,COL,3,False,687605,Andrew Pinckney,Andrew,Pinckney,45,2000-12-07,25,"6' 4""",215,7,Outfielder,R,Right,R,Right,,,,,,,,,,,,,,,,,,,,,,,,,,
2026-08-24,822695,,/api/v1.1/game/822695/feed/live,R,2026,2026-08-24,,night,P,N,N,Regular Season,1,4,1,Final,Final,3309,Nationals Park,120,Washington Nationals,WSH,13,True,115,Colorado Rockies,COL,3,False,676680,Tom Cosgrove,Thomas,Cosgrove,34,1996-06-14,30,"6' 2""",190,1,Pitcher,L,Left,L,Left,,,,,,,,,,,,,,,,,,,,,,,,,,
2026-08-24,822695,,/api/v1.1/game/822695/feed/live,R,2026,2026-08-24,,night,P,N,N,Regular Season,1,4,1,Final,Final,3309,Nationals Park,120,Washington Nationals,WSH,13,True,115,Colorado Rockies,COL,3,False,800600,Jackson Kent,Jackson,Kent,25,2003-02-10,23,"6' 3""",219,1,Pitcher,L,Left,L,Left,,,,,,,,,,,,,,,,,,,,,,,,,,
2026-08-24,822695,,/api/v1.1/game/822695/feed/live,R,2026,2026-08-24,,night,P,N,N,Regular Season,1,4,1,Final,Final,3309,Nationals Park,120,Washington Nationals,WSH,13,True,115,Colorado Rockies,COL,3,False,674841,Andrew Alvarez,Michael,Alvarez,54,1999-06-13,27,"6' 3""",215,1,Pitcher,L,Left,L,Left,,,,,,,,,,,,,,,,,,,,,,,,,,
2026-08-24,822695,,/api/v1.1/game/822695/feed/live,R,2026,2026-08-24,,night,P,N,N,Regular Season,1,4,1,Final,Final,3309,Nationals Park,120,Washington Nationals,WSH,13,True,115,Colorado Rockies,COL,3,False,687060,Blake Adams,Blake,Adams,57,2000-09-11,25,"6' 2""",215,1,Pitcher,R,Right,R,Right,"1.0 IP, 5 ER, 0 K, 2 BB",,,,,,,,,,,,,,,,1.0,5,5,1,0,2,37,0,0,0
2026-08-24,822695,,/api/v1.1/game/822695/feed/live,R,2026,2026-08-24,,night,P,N,N,Regular Season,1,4,1,Final,Final,3309,Nationals Park,120,Washington Nationals,WSH,13,True,115,Colorado Rockies,COL,3,False,663372,Ryan Feltner,Ryan,Feltner,18,1996-09-02,29,"6' 4""",200,1,Pitcher,R,Right,R,Right,"5.2 IP, 5 ER, 6 K, 4 BB",,,,,,,,,,,,,,,,5.2,5,6,0,6,4,103,0,1,0
2026-08-24,822695,,/api/v1.1/game/822695/feed/live,R,2026,2026-08-24,,night,P,N,N,Regular Season,1,4,1,Final,Final,3309,Nationals Park,120,Washington Nationals,WSH,13,True,115,Colorado Rockies,COL,3,False,666160,Mickey Moniak,McKenzie,Moniak,22,1998-05-13,28,"6' 1""",209,7,Outfielder,L,Left,R,Right,"1-4 | K, R",,4,1,0,0,0,0,1,1,0,0,0,0,4,1,,,,,,,,,,
2026-08-24,822695,,/api/v1.1/game/822695/feed/live,R,2026,2026-08-24,,night,P,N,N,Regular Season,1,4,1,Final,Final,3309,Nationals Park,120,Washington Nationals,WSH,13,True,115,Colorado Rockies,COL,3,False,623474,Jimmy Herget,Jimmy,Herget,44,1993-09-09,32,"6' 3""",183,1,Pitcher,R,Right,R,Right,,,,,,,,,,,,,,,,,,,,,,,,,,
2026-08-24,822695,,/api/v1.1/game/822695/feed/live,R,2026,2026-08-24,,night,P,N,N,Regular Season,1,4,1,Final,Final,3309,Nationals Park,120,Washington Nationals,WSH,13,True,115,Colorado Rockies,COL,3,False,664983,Jake McCarthy,Jacob,McCarthy,31,1997-07-30,29,"6' 0""",213,7,Outfielder,L,Left,L,Left,"1-4 | K, SB",,4,1,0,0,0,0,0,1,0,1,0,0,4,1,,,,,,,,,,
2026-08-24,822695,,/api/v1.1/game/822695/feed/live,R,2026,2026-08-24,,night,P,N,N,Regular Season,1,4,1,Final,Final,3309,Nationals Park,120,Washington Nationals,WSH,13,True,115,Colorado Rockies,COL,3,False,687859,Troy Johnston,Troy,Johnston,20,1997-06-22,29,"5' 11""",206,9,Outfielder,L,Left,L,Left,"0-2 | BB, HBP",,2,0,0,0,0,0,0,0,1,0,0,0,4,0,1.0,0,1,0,0,0,14,0,0,0
2026-08-24,822695,,/api/v1.1/game/822695/feed/live,R,2026,2026-08-24,,night,P,N,N,Regular Season,1,4,1,Final,Final,3309,Nationals Park,120,Washington Nationals,WSH,13,True,115,Colorado Rockies,COL,3,False,815081,Mark Manfredi,Mark,Manfredi,54,2000-01-28,26,"6' 4""",210,1,Pitcher,R,Right,L,Left,,,,,,,,,,,,,,,,,,,,,,,,,,
2026-08-24,822695,,/api/v1.1/game/822695/feed/live,R,2026,2026-08-24,,night,P,N,N,Regular Season,1,4,1,Final,Final,3309,Nationals Park,120,Washington Nationals,WSH,13,True,115,Colorado Rockies,COL,3,False,690924,Braxton Fulford,Braxton,Fulford,37,1998-12-09,27,"5' 10""",205,10,Designated Hitter,R,Right,R,Right,0-1,,1,0,0,0,0,0,0,0,0,0,0,0,1,0,,,,,,,,,,
2026-08-24,822695,,/api/v1.1/game/822695/feed/live,R,2026,2026-08-24,,night,P,N,N,Regular Season,1,4,1,Final,Final,3309,Nationals Park,120,Washington Nationals,WSH,13,True,115,Colorado Rockies,COL,3,False,650489,Willi Castro,Willi,Castro,3,1997-04-24,29,"6' 0""",209,4,Second Base,S,Switch,R,Right,"1-4 | HR, K, RBI",,4,1,0,0,1,1,1,1,0,0,0,0,4,4,,,,,,,,,,
2026-08-24,822695,,/api/v1.1/game/822695/feed/live,R,2026,2026-08-24,,night,P,N,N,Regular Season,1,4,1,Final,Final,3309,Nationals Park,120,Washington Nationals,WSH,13,True,115,Colorado Rockies,COL,3,False,657514,Brennan Bernardino,Brennan,Bernardino,83,1992-01-15,34,"6' 4""",216,1,Pitcher,L,Left,L,Left,,,,,,,,,,,,,,,,,,,,,,,,,,
2026-08-24,822695,,/api/v1.1/game/822695/feed/live,R,2026,2026-08-24,,night,P,N,N,Regular Season,1,4,1,Final,Final,3309,Nationals Park,120,Washington Nationals,WSH,13,True,115,Colorado Rockies,COL,3,False,694249,Cole Carrigg,Cole,Carrigg,16,2002-05-08,24,"6' 2""",204,8,Outfielder,S,Switch,R,Right,,,,,,,,,,,,,,,,,,,,,,,,,,
2026-08-24,822695,,/api/v1.1/game/822695/feed/live,R,2026,2026-08-24,,night,P,N,N,Regular Season,1,4,1,Final,Final,3309,Nationals Park,120,Washington Nationals,WSH,13,True,115,Colorado Rockies,COL,3,False,675848,Juan Mejia,Juan,Mejia,47,2000-07-04,26,"6' 3""",210,1,Pitcher,R,Right,R,Right,"0.1 IP, ER, 0 K, 2 BB",,,,,,,,,,,,,,,,0.1,1,1,0,0,2,20,0,0,0
2026-08-24,822695,,/api/v1.1/game/822695/feed/live,R,2026,2026-08-24,,night,P,N,N,Regular Season,1,4,1,Final,Final,3309,Nationals Park,120,Washington Nationals,WSH,13,True,115,Colorado Rockies,COL,3,False,690022,Ryan Ritter,Ryan,Ritter,8,2000-11-10,25,"6' 1""",209,6,Shortstop,R,Right,R,Right,0-2 | K,,2,0,0,0,0,0,0,1,0,0,0,1,2,0,,,,,,,,,,
2026-08-24,822695,,/api/v1.1/game/822695/feed/live,R,2026,2026-08-24,,night,P,N,N,Regular Season,1,4,1,Final,Final,3309,Nationals Park,120,Washington Nationals,WSH,13,True,115,Colorado Rockies,COL,3,False,687312,Gabriel Hughes,Gabriel,Hughes,43,2001-08-22,25,"6' 4""",238,1,Pitcher,R,Right,R,Right,,,,,,,,,,,,,,,,,,,,,,,,,,
2026-08-24,822695,,/api/v1.1/game/822695/feed/live,R,2026,2026-08-24,,night,P,N,N,Regular Season,1,4,1,Final,Final,3309,Nationals Park,120,Washington Nationals,WSH,13,True,115,Colorado Rockies,COL,3,False,608372,Tomoyuki Sugano,Tomoyuki,Sugano,11,1989-10-11,36,"6' 1""",227,1,Pitcher,R,Right,R,Right,,,,,,,,,,,,,,,,,,,,,,,,,,
2026-08-24,822695,,/api/v1.1/game/822695/feed/live,R,2026,2026-08-24,,night,P,N,N,Regular Season,1,4,1,Final,Final,3309,Nationals Park,120,Washington Nationals,WSH,13,True,115,Colorado Rockies,COL,3,False,664954,Brett Sullivan,Brett,Sullivan,26,1994-02-22,32,"5' 11""",190,2,Catcher,L,Left,R,Right,0-4 | 2 K,,4,0,0,0,0,0,0,2,0,0,0,0,4,0,,,,,,,,,,
2026-08-24,822695,,/api/v1.1/game/822695/feed/live,R,2026,2026-08-24,,night,P,N,N,Regular Season,1,4,1,Final,Final,3309,Nationals Park,120,Washington Nationals,WSH,13,True,115,Colorado Rockies,COL,3,False,687597,Jordan Beck,Jordan,Beck,27,2001-04-19,25,"6' 2""",227,7,Outfielder,R,Right,R,Right,0-1 | BB,,1,0,0,0,0,0,0,0,1,0,0,0,2,0,,,,,,,,,,
2026-08-24,822695,,/api/v1.1/game/822695/feed/live,R,2026,2026-08-24,,night,P,N,N,Regular Season,1,4,1,Final,Final,3309,Nationals Park,120,Washington Nationals,WSH,13,True,115,Colorado Rockies,COL,3,False,688642,Zach Agnos,Zachary,Agnos,36,2000-08-15,26,"6' 0""",225,1,Pitcher,R,Right,R,Right,,,,,,,,,,,,,,,,,,,,,,,,,,
2026-08-24,822695,,/api/v1.1/game/822695/feed/live,R,2026,2026-08-24,,night,P,N,N,Regular Season,1,4,1,Final,Final,3309,Nationals Park,120,Washington Nationals,WSH,13,True,115,Colorado Rockies,COL,3,False,685299,Tanner Gordon,Tanner,Gordon,29,1997-10-26,28,"6' 5""",220,1,Pitcher,L,Left,R,Right,,,,,,,,,,,,,,,,,,,,,,,,,,
2026-08-24,822695,,/api/v1.1/game/822695/feed/live,R,2026,2026-08-24,,night,P,N,N,Regular Season,1,4,1,Final,Final,3309,Nationals Park,120,Washington Nationals,WSH,13,True,115,Colorado Rockies,COL,3,False,678662,Ezequiel Tovar,Ezequiel,Tovar,14,2001-08-01,25,"6' 0""",192,6,Shortstop,R,Right,R,Right,"2-2 | HR, 2B, RBI",,2,2,1,0,1,1,1,0,0,0,0,0,2,6,,,,,,,,,,
2026-08-24,822695,,/api/v1.1/game/822695/feed/live,R,2026,2026-08-24,,night,P,N,N,Regular Season,1,4,1,Final,Final,3309,Nationals Park,120,Washington Nationals,WSH,13,True,115,Colorado Rockies,COL,3,False,681198,TJ Rumfield,Toby,Rumfield,7,2000-05-17,26,"6' 5""",238,3,First Base,L,Left,R,Right,"1-3 | BB, K",,3,1,0,0,0,0,0,1,1,0,0,0,4,1,,,,,,,,,,
2026-08-24,822695,,/api/v1.1/game/822695/feed/live,R,2026,2026-08-24,,night,P,N,N,Regular Season,1,4,1,Final,Final,3309,Nationals Park,120,Washington Nationals,WSH,13,True,115,Colorado Rockies,COL,3,False,681393,Connor Norby,Connor,Norby,35,2000-06-08,26,"5' 10""",180,4,Second Base,R,Right,R,Right,"1-4 | K, RBI",,4,1,0,0,0,1,0,1,0,0,0,0,4,1,,,,,,,,,,
2026-08-24,822695,,/api/v1.1/game/822695/feed/live,R,2026,2026-08-24,,night,P,N,N,Regular Season,1,4,1,Final,Final,3309,Nationals Park,120,Washington Nationals,WSH,13,True,115,Colorado Rockies,COL,3,False,691728,Zac Veen,Zachary,Veen,13,2001-12-12,24,"6' 3""",243,7,Outfielder,L,Left,R,Right,0-2 | 2 K,,2,0,0,0,0,0,0,2,0,0,0,0,2,0,,,,,,,,,,
2026-08-24,822695,,/api/v1.1/game/822695/feed/live,R,2026,2026-08-24,,night,P,N,N,Regular Season,1,4,1,Final,Final,3309,Nationals Park,120,Washington Nationals,WSH,13,True,115,Colorado Rockies,COL,3,False,605447,Jordan Romano,Jordan,Romano,68,1993-04-21,33,"6' 5""",210,1,Pitcher,R,Right,R,Right,,,,,,,,,,,,,,,,,,,,,,,,,,
2026-08-24,822695,,/api/v1.1/game/822695/feed/live,R,2026,2026-08-24,,night,P,N,N,Regular Season,1,4,1,Final,Final,3309,Nationals Park,120,Washington Nationals,WSH,13,True,115,Colorado Rockies,COL,3,False,693308,Nick Frasso,Nicholas,Frasso,41,1998-10-18,27,"6' 5""",200,1,Pitcher,R,Right,R,Right,,,,,,,,,,,,,,,,,,,,,,,,,,
2026-08-24,822695,,/api/v1.1/game/822695/feed/live,R,2026,2026-08-24,,night,P,N,N,Regular Season,1,4,1,Final,Final,3309,Nationals Park,120,Washington Nationals,WSH,13,True,115,Colorado Rockies,COL,3,False,677955,Jaden Hill,Kenneth,Hill,0,1999-12-22,26,"6' 4""",260,1,Pitcher,R,Right,R,Right,,,,,,,,,,,,,,,,,,,,,,,,,,
2026-08-24,824557,,/api/v1.1/game/824557/feed/live,R,2026,2026-08-24,,night,P,N,N,Regular Season,1,3,1,Final,Final,4,Rate Field,145,Chicago White Sox,CWS,2,False,140,Texas Rangers,TEX,11,True,671976,Tristan Peters,Tristan,Peters,29,2000-02-29,26,"6' 0""",180,8,Outfielder,L,Left,R,Right,"1-4 | HR, K, 2 RBI",,4,1,0,0,1,2,1,1,0,0,0,0,4,4,,,,,,,,,,
2026-08-24,824557,,/api/v1.1/game/824557/feed/live,R,2026,2026-08-24,,night,P,N,N,Regular Season,1,3,1,Final,Final,4,Rate Field,145,Chicago White Sox,CWS,2,False,140,Texas Rangers,TEX,11,True,641743,Anthony Kay,Anthony,Kay,18,1995-03-21,31,"6' 0""",225,1,Pitcher,L,Left,L,Left,,,,,,,,,,,,,,,,,,,,,,,,,,
2026-08-24,824557,,/api/v1.1/game/824557/feed/live,R,2026,2026-08-24,,night,P,N,N,Regular Season,1,3,1,Final,Final,4,Rate Field,145,Chicago White Sox,CWS,2,False,140,Texas Rangers,TEX,11,True,682668,Luisangel Acuña,Luisangel,Acuña,0,2002-03-12,24,"5' 7""",181,6,Shortstop,R,Right,R,Right,"0.1 IP, 0 ER, 0 K, 0 BB",,,,,,,,,,,,,,,,0.1,0,0,0,0,0,3,0,0,0
2026-08-24,824557,,/api/v1.1/game/824557/feed/live,R,2026,2026-08-24,,night,P,N,N,Regular Season,1,3,1,Final,Final,4,Rate Field,145,Chicago White Sox,CWS,2,False,140,Texas Rangers,TEX,11,True,623211,Huascar Brazobán,Huascar,Brazobán,50,1989-10-15,36,"6' 3""",155,1,Pitcher,R,Right,R,Right,"1.0 IP, ER, 0 K, 2 BB",,,,,,,,,,,,,,,,1.0,1,1,0,0,2,21,0,0,0
2026-08-24,824557,,/api/v1.1/game/824557/feed/live,R,2026,2026-08-24,,night,P,N,N,Regular Season,1,3,1,Final,Final,4,Rate Field,145,Chicago White Sox,CWS,2,False,140,Texas Rangers,TEX,11,True,545341,Randal Grichuk,Randal,Grichuk,34,1991-08-13,35,"6' 0""",210,10,Designated Hitter,R,Right,R,Right,,,,,,,,,,,,,,,,,,,,,,,,,,
2026-08-24,824557,,/api/v1.1/game/824557/feed/live,R,2026,2026-08-24,,night,P,N,N,Regular Season,1,3,1,Final,Final,4,Rate Field,145,Chicago White Sox,CWS,2,False,140,Texas Rangers,TEX,11,True,808959,Munetaka Murakami,Munetaka,Murakami,5,2000-02-02,26,"6' 2""",213,3,First Base,L,Left,R,Right,1-4 | 3 K,,4,1,0,0,0,0,0,3,0,0,0,0,4,1,,,,,,,,,,
2026-08-24,824557,,/api/v1.1/game/824557/feed/live,R,2026,2026-08-24,,night,P,N,N,Regular Season,1,3,1,Final,Final,4,Rate Field,145,Chicago White Sox,CWS,2,False,140,Texas Rangers,TEX,11,True,805367,Chase Meidroth,Chase,Meidroth,10,2001-07-23,25,"5' 9""",190,4,Second Base,R,Right,R,Right,"0-3 | BB, 2 K",,3,0,0,0,0,0,0,2,1,0,0,0,4,0,,,,,,,,,,
2026-08-24,824557,,/api/v1.1/game/824557/feed/live,R,2026,2026-08-24,,night,P,N,N,Regular Season,1,3,1,Final,Final,4,Rate Field,145,Chicago White Sox,CWS,2,False,140,Texas Rangers,TEX,11,True,691799,Grant Taylor,Grant,Taylor,31,2002-05-20,24,"6' 3""",230,1,Pitcher,R,Right,R,Right,,,,,,,,,,,,,,,,,,,,,,,,,,
2026-08-24,824557,,/api/v1.1/game/824557/feed/live,R,2026,2026-08-24,,night,P,N,N,Regular Season,1,3,1,Final,Final,4,Rate Field,145,Chicago White Sox,CWS,2,False,140,Texas Rangers,TEX,11,True,695657,Colson Montgomery,Colson,Montgomery,12,2002-02-27,24,"6' 3""",230,6,Shortstop,L,Left,R,Right,0-4 | 3 K,,4,0,0,0,0,0,0,3,0,0,0,0,4,0,,,,,,,,,,
2026-08-24,824557,,/api/v1.1/game/824557/feed/live,R,2026,2026-08-24,,night,P,N,N,Regular Season,1,3,1,Final,Final,4,Rate Field,145,Chicago White Sox,CWS,2,False,140,Texas Rangers,TEX,11,True,805326,Tyler Schweitzer,Tyler,Schweitzer,62,2000-09-19,25,"6' 0""",185,1,Pitcher,L,Left,L,Left,"2.0 IP, 2 ER, 2 K, 0 BB",,,,,,,,,,,,,,,,2.0,2,3,1,2,0,36,0,0,0
2026-08-24,824557,,/api/v1.1/game/824557/feed/live,R,2026,2026-08-24,,night,P,N,N,Regular Season,1,3,1,Final,Final,4,Rate Field,145,Chicago White Sox,CWS,2,False,140,Texas Rangers,TEX,11,True,691011,Drew Romo,Drew,Romo,36,2001-08-29,24,"6' 0""",205,2,Catcher,S,Switch,R,Right,1-3,,3,1,0,0,0,0,0,0,0,0,0,0,3,1,,,,,,,,,,
2026-08-24,824557,,/api/v1.1/game/824557/feed/live,R,2026,2026-08-24,,night,P,N,N,Regular Season,1,3,1,Final,Final,4,Rate Field,145,Chicago White Sox,CWS,2,False,140,Texas Rangers,TEX,11,True,670950,Trevor Richards,Trevor,Richards,43,1993-05-15,33,"6' 2""",205,1,Pitcher,R,Right,R,Right,"2.2 IP, 3 ER, 2 K, 2 BB",,,,,,,,,,,,,,,,2.2,3,4,1,2,2,61,0,0,0
2026-08-24,824557,,/api/v1.1/game/824557/feed/live,R,2026,2026-08-24,,night,P,N,N,Regular Season,1,3,1,Final,Final,4,Rate Field,145,Chicago White Sox,CWS,2,False,140,Texas Rangers,TEX,11,True,695731,Braden Montgomery,Braden,Montgomery,24,2003-04-16,23,"6' 2""",220,9,Outfielder,S,Switch,R,Right,"1-3 | BB, K, R",,3,1,0,0,0,0,1,1,1,0,0,0,4,1,,,,,,,,,,
2026-08-24,824557,,/api/v1.1/game/824557/feed/live,R,2026,2026-08-24,,night,P,N,N,Regular Season,1,3,1,Final,Final,4,Rate Field,145,Chicago White Sox,CWS,2,False,140,Texas Rangers,TEX,11,True,668670,Jake Rogers,Jacob,Rogers,28,1995-04-18,31,"5' 11""",201,2,Catcher,R,Right,R,Right,,,,,,,,,,,,,,,,,,,,,,,,,,
2026-08-24,824557,,/api/v1.1/game/824557/feed/live,R,2026,2026-08-24,,night,P,N,N,Regular Season,1,3,1,Final,Final,4,Rate Field,145,Chicago White Sox,CWS,2,False,140,Texas Rangers,TEX,11,True,696146,Hagen Smith,Hagen,Smith,32,2003-08-19,23,"6' 3""",235,1,Pitcher,L,Left,L,Left,,,,,,,,,,,,,,,,,,,,,,,,,,
2026-08-24,824557,,/api/v1.1/game/824557/feed/live,R,2026,2026-08-24,,night,P,N,N,Regular Season,1,3,1,Final,Final,4,Rate Field,145,Chicago White Sox,CWS,2,False,140,Texas Rangers,TEX,11,True,643217,Andrew Benintendi,Andrew,Benintendi,23,1994-07-06,32,"5' 9""",185,10,Designated Hitter,L,Left,L,Left,0-3,,3,0,0,0,0,0,0,0,0,0,0,0,3,0,,,,,,,,,,
2026-08-24,824557,,/api/v1.1/game/824557/feed/live,R,2026,2026-08-24,,night,P,N,N,Regular Season,1,3,1,Final,Final,4,Rate Field,145,Chicago White Sox,CWS,2,False,140,Texas Rangers,TEX,11,True,622491,Luis Castillo,Luis,Castillo,58,1992-12-12,33,"6' 2""",200,1,Pitcher,R,Right,R,Right,,,,,,,,,,,,,,,,,,,,,,,,,,
2026-08-24,824557,,/api/v1.1/game/824557/feed/live,R,2026,2026-08-24,,night,P,N,N,Regular Season,1,3,1,Final,Final,4,Rate Field,145,Chicago White Sox,CWS,2,False,140,Texas Rangers,TEX,11,True,680732,Sean Burke,Sean,Burke,59,1999-12-18,26,"6' 6""",240,1,Pitcher,R,Right,R,Right,,,,,,,,,,,,,,,,,,,,,,,,,,
2026-08-24,824557,,/api/v1.1/game/824557/feed/live,R,2026,2026-08-24,,night,P,N,N,Regular Season,1,3,1,Final,Final,4,Rate Field,145,Chicago White Sox,CWS,2,False,140,Texas Rangers,TEX,11,True,664353,José Urquidy,José,Urquidy,70,1995-05-01,31,"6' 0""",225,1,Pitcher,R,Right,R,Right,"3.0 IP, 5 ER, 2 K, 4 BB",,,,,,,,,,,,,,,,3.0,5,6,0,2,4,93,0,1,0
2026-08-24,824557,,/api/v1.1/game/824557/feed/live,R,2026,2026-08-24,,night,P,N,N,Regular Season,1,3,1,Final,Final,4,Rate Field,145,Chicago White Sox,CWS,2,False,140,Texas Rangers,TEX,11,True,686668,Brenton Doyle,Brenton,Doyle,7,1998-05-14,28,"6' 3""",223,8,Outfielder,R,Right,R,Right,0-1,,1,0,0,0,0,0,0,0,0,0,0,0,1,0,,,,,,,,,,
2026-08-24,824557,,/api/v1.1/game/824557/feed/live,R,2026,2026-08-24,,night,P,N,N,Regular Season,1,3,1,Final,Final,4,Rate Field,145,Chicago White Sox,CWS,2,False,140,Texas Rangers,TEX,11,True,663542,Bryan Hudson,Bryan,Hudson,60,1997-05-08,29,"6' 8""",248,1,Pitcher,L,Left,L,Left,,,,,,,,,,,,,,,,,,,,,,,,,,
2026-08-24,824557,,/api/v1.1/game/824557/feed/live,R,2026,2026-08-24,,night,P,N,N,Regular Season,1,3,1,Final,Final,4,Rate Field,145,Chicago White Sox,CWS,2,False,140,Texas Rangers,TEX,11,True,607200,Erick Fedde,Erick,Fedde,47,1993-02-25,33,"6' 4""",205,1,Pitcher,R,Right,R,Right,,,,,,,,,,,,,,,,,,,,,,,,,,
2026-08-24,824557,,/api/v1.1/game/824557/feed/live,R,2026,2026-08-24,,night,P,N,N,Regular Season,1,3,1,Final,Final,4,Rate Field,145,Chicago White Sox,CWS,2,False,140,Texas Rangers,TEX,11,True,656794,Sean Newcomb,Sean,Newcomb,15,1993-06-12,33,"6' 5""",255,1,Pitcher,L,Left,L,Left,,,,,,,,,,,,,,,,,,,,,,,,,,
2026-08-24,824557,,/api/v1.1/game/824557/feed/live,R,2026,2026-08-24,,night,P,N,N,Regular Season,1,3,1,Final,Final,4,Rate Field,145,Chicago White Sox,CWS,2,False,140,Texas Rangers,TEX,11,True,663855,Jordan Hicks,Jordan,Hicks,44,1996-09-06,29,"6' 2""",217,1,Pitcher,R,Right,R,Right,,,,,,,,,,,,,,,,,,,,,,,,,,
2026-08-24,824557,,/api/v1.1/game/824557/feed/live,R,2026,2026-08-24,,night,P,N,N,Regular Season,1,3,1,Final,Final,4,Rate Field,145,Chicago White Sox,CWS,2,False,140,Texas Rangers,TEX,11,True,803011,Sam Antonacci,Samuel,Antonacci,17,2003-02-06,23,"5' 11""",193,7,Outfielder,L,Left,R,Right,0-4 | K,,4,0,0,0,0,0,0,1,0,0,0,0,4,0,,,,,,,,,,
2026-08-24,824557,,/api/v1.1/game/824557/feed/live,R,2026,2026-08-24,,night,P,N,N,Regular Season,1,3,1,Final,Final,4,Rate Field,145,Chicago White Sox,CWS,2,False,140,Texas Rangers,TEX,11,True,678246,Miguel Vargas,Miguel,Vargas,20,1999-11-17,26,"6' 2""",225,5,Third Base,R,Right,R,Right,1-3 | BB,,3,1,0,0,0,0,0,0,1,0,0,0,4,1,,,,,,,,,,
2026-08-24,824557,,/api/v1.1/game/824557/feed/live,R,2026,2026-08-24,,night,P,N,N,Regular Season,1,3,1,Final,Final,4,Rate Field,145,Chicago White Sox,CWS,2,False,140,Texas Rangers,TEX,11,True,694497,Evan Carter,Evan,Carter,32,2002-08-29,23,"6' 2""",190,8,Outfielder,L,Left,R,Right,"1-4 | 2B, BB, RBI",,4,1,1,0,0,1,1,0,1,0,0,0,5,2,,,,,,,,,,
2026-08-24,824557,,/api/v1.1/game/824557/feed/live,R,2026,2026-08-24,,night,P,N,N,Regular Season,1,3,1,Final,Final,4,Rate Field,145,Chicago White Sox,CWS,2,False,140,Texas Rangers,TEX,11,True,694671,Wyatt Langford,Wyatt,Langford,36,2001-11-15,24,"6' 0""",225,7,Outfielder,R,Right,R,Right,"2-5 | HR, BB, K",,5,2,0,0,1,2,2,1,1,0,0,0,6,5,,,,,,,,,,
2026-08-24,824557,,/api/v1.1/game/824557/feed/live,R,2026,2026-08-24,,night,P,N,N,Regular Season,1,3,1,Final,Final,4,Rate Field,145,Chicago White Sox,CWS,2,False,140,Texas Rangers,TEX,11,True,677958,Kumar Rocker,Kumar,Rocker,80,1999-11-22,26,"6' 5""",245,1,Pitcher,R,Right,R,Right,"5.2 IP, 2 ER, 8 K, 3 BB",,,,,,,,,,,,,,,,5.2,2,5,1,8,3,93,1,0,0
2026-08-24,824557,,/api/v1.1/game/824557/feed/live,R,2026,2026-08-24,,night,P,N,N,Regular Season,1,3,1,Final,Final,4,Rate Field,145,Chicago White Sox,CWS,2,False,140,Texas Rangers,TEX,11,True,669394,Jake Burger,Jacob,Burger,21,1996-04-10,30,"6' 0""",230,3,First Base,R,Right,R,Right,"2-3 | HR, 2B, 2 BB",,3,2,1,0,1,2,1,1,2,0,0,0,5,6,,,,,,,,,,
2026-08-24,824557,,/api/v1.1/game/824557/feed/live,R,2026,2026-08-24,,night,P,N,N,Regular Season,1,3,1,Final,Final,4,Rate Field,145,Chicago White Sox,CWS,2,False,140,Texas Rangers,TEX,11,True,682608,Peyton Gray,Peyton,Gray,75,1995-06-02,31,"6' 4""",235,1,Pitcher,R,Right,R,Right,,,,,,,,,,,,,,,,,,,,,,,,,,
2026-08-24,824557,,/api/v1.1/game/824557/feed/live,R,2026,2026-08-24,,night,P,N,N,Regular Season,1,3,1,Final,Final,4,Rate Field,145,Chicago White Sox,CWS,2,False,140,Texas Rangers,TEX,11,True,641302,Tyler Alexander,Tyler,Alexander,13,1994-07-14,32,"6' 1""",214,1,Pitcher,R,Right,L,Left,,,,,,,,,,,,,,,,,,,,,,,,,,
2026-08-24,824557,,/api/v1.1/game/824557/feed/live,R,2026,2026-08-24,,night,P,N,N,Regular Season,1,3,1,Final,Final,4,Rate Field,145,Chicago White Sox,CWS,2,False,140,Texas Rangers,TEX,11,True,681217,Chase Silseth,Chase,Silseth,63,2000-05-18,26,"6' 0""",217,1,Pitcher,R,Right,R,Right,,,,,,,,,,,,,,,,,,,,,,,,,,
2026-08-24,824557,,/api/v1.1/game/824557/feed/live,R,2026,2026-08-24,,night,P,N,N,Regular Season,1,3,1,Final,Final,4,Rate Field,145,Chicago White Sox,CWS,2,False,140,Texas Rangers,TEX,11,True,592626,Joc Pederson,Joc,Pederson,3,1992-04-21,34,"6' 1""",220,10,Designated Hitter,L,Left,L,Left,"0-1 | BB, K, R",,1,0,0,0,0,0,1,1,1,0,0,0,2,0,,,,,,,,,,
2026-08-24,824557,,/api/v1.1/game/824557/feed/live,R,2026,2026-08-24,,night,P,N,N,Regular Season,1,3,1,Final,Final,4,Rate Field,145,Chicago White Sox,CWS,2,False,140,Texas Rangers,TEX,11,True,656641,Jacob Latz,Jacob,Latz,67,1996-04-08,30,"6' 2""",185,1,Pitcher,R,Right,L,Left,,,,,,,,,,,,,,,,,,,,,,,,,,
2026-08-24,824557,,/api/v1.1/game/824557/feed/live,R,2026,2026-08-24,,night,P,N,N,Regular Season,1,3,1,Final,Final,4,Rate Field,145,Chicago White Sox,CWS,2,False,140,Texas Rangers,TEX,11,True,608369,Corey Seager,Corey,Seager,5,1994-04-27,32,"6' 4""",215,6,Shortstop,L,Left,R,Right,"3-4 | 2 2B, BB, 3 RBI",,4,3,2,0,0,3,1,0,1,0,0,0,5,5,,,,,,,,,,
2026-08-24,824557,,/api/v1.1/game/824557/feed/live,R,2026,2026-08-24,,night,P,N,N,Regular Season,1,3,1,Final,Final,4,Rate Field,145,Chicago White Sox,CWS,2,False,140,Texas Rangers,TEX,11,True,615698,Cal Quantrill,Cal,Quantrill,44,1995-02-10,31,"6' 3""",195,1,Pitcher,L,Left,R,Right,,,,,,,,,,,,,,,,,,,,,,,,,,
2026-08-24,824557,,/api/v1.1/game/824557/feed/live,R,2026,2026-08-24,,night,P,N,N,Regular Season,1,3,1,Final,Final,4,Rate Field,145,Chicago White Sox,CWS,2,False,140,Texas Rangers,TEX,11,True,670032,Nicky Lopez,Nicholas,Lopez,33,1995-03-13,31,"5' 10""",186,4,Second Base,L,Left,R,Right,1-1 | R,,1,1,0,0,0,0,1,0,0,0,0,0,1,1,,,,,,,,,,
2026-08-24,824557,,/api/v1.1/game/824557/feed/live,R,2026,2026-08-24,,night,P,N,N,Regular Season,1,3,1,Final,Final,4,Rate Field,145,Chicago White Sox,CWS,2,False,140,Texas Rangers,TEX,11,True,679822,Justin Foscue,Justin,Foscue,14,1999-03-02,27,"5' 11""",205,4,Second Base,R,Right,R,Right,"1-4 | 2B, R",,4,1,1,0,0,0,1,0,0,0,0,0,4,2,,,,,,,,,,
2026-08-24,824557,,/api/v1.1/game/824557/feed/live,R,2026,2026-08-24,,night,P,N,N,Regular Season,1,3,1,Final,Final,4,Rate Field,145,Chicago White Sox,CWS,2,False,140,Texas Rangers,TEX,11,True,695239,Robby Ahlstrom,Robert,Ahlstrom,54,1999-06-18,27,"6' 3""",195,1,Pitcher,L,Left,L,Left,"1.1 IP, 0 ER, K, 0 BB",,,,,,,,,,,,,,,,1.1,0,0,0,1,0,16,0,0,0
2026-08-24,824557,,/api/v1.1/game/824557/feed/live,R,2026,2026-08-24,,night,P,N,N,Regular Season,1,3,1,Final,Final,4,Rate Field,145,Chicago White Sox,CWS,2,False,140,Texas Rangers,TEX,11,True,677649,Ezequiel Duran,Ezequiel,Duran,20,1999-05-22,27,"5' 10""",185,6,Shortstop,R,Right,R,Right,"2-4 | 2B, BB, K",,4,2,1,0,0,2,1,1,1,0,1,0,5,3,,,,,,,,,,
2026-08-24,824557,,/api/v1.1/game/824557/feed/live,R,2026,2026-08-24,,night,P,N,N,Regular Season,1,3,1,Final,Final,4,Rate Field,145,Chicago White Sox,CWS,2,False,140,Texas Rangers,TEX,11,True,669022,MacKenzie Gore,MacKenzie,Gore,1,1999-02-24,27,"6' 2""",193,1,Pitcher,L,Left,L,Left,,,,,,,,,,,,,,,,,,,,,,,,,,
2026-08-24,824557,,/api/v1.1/game/824557/feed/live,R,2026,2026-08-24,,night,P,N,N,Regular Season,1,3,1,Final,Final,4,Rate Field,145,Chicago White Sox,CWS,2,False,140,Texas Rangers,TEX,11,True,594798,Jacob deGrom,Jacob,deGrom,48,1988-06-19,38,"6' 4""",180,1,Pitcher,L,Left,R,Right,,,,,,,,,,,,,,,,,,,,,,,,,,
2026-08-24,824557,,/api/v1.1/game/824557/feed/live,R,2026,2026-08-24,,night,P,N,N,Regular Season,1,3,1,Final,Final,4,Rate Field,145,Chicago White Sox,CWS,2,False,140,Texas Rangers,TEX,11,True,607043,Brandon Nimmo,Brandon,Nimmo,24,1993-03-27,33,"6' 1""",206,9,Outfielder,L,Left,R,Right,"0-4 | BB, HBP, K",,4,0,0,0,0,0,0,1,1,0,0,0,6,0,,,,,,,,,,
2026-08-24,824557,,/api/v1.1/game/824557/feed/live,R,2026,2026-08-24,,night,P,N,N,Regular Season,1,3,1,Final,Final,4,Rate Field,145,Chicago White Sox,CWS,2,False,140,Texas Rangers,TEX,11,True,643376,Danny Jansen,Daniel,Jansen,9,1995-04-15,31,"6' 2""",240,2,Catcher,R,Right,R,Right,,,,,,,,,,,,,,,,,,,,,,,,,,
2026-08-24,824557,,/api/v1.1/game/824557/feed/live,R,2026,2026-08-24,,night,P,N,N,Regular Season,1,3,1,Final,Final,4,Rate Field,145,Chicago White Sox,CWS,2,False,140,Texas Rangers,TEX,11,True,596001,Jakob Junis,Jakob,Junis,16,1992-09-16,33,"6' 3""",238,1,Pitcher,R,Right,R,Right,,,,,,,,,,,,,,,,,,,,,,,,,,
2026-08-24,824557,,/api/v1.1/game/824557/feed/live,R,2026,2026-08-24,,night,P,N,N,Regular Season,1,3,1,Final,Final,4,Rate Field,145,Chicago White Sox,CWS,2,False,140,Texas Rangers,TEX,11,True,683227,Cody Freeman,Cody,Freeman,39,2001-01-05,25,"5' 9""",180,5,Third Base,R,Right,R,Right,2-5 | R,,5,2,0,0,0,0,1,0,0,0,0,0,5,2,,,,,,,,,,
2026-08-24,824557,,/api/v1.1/game/824557/feed/live,R,2026,2026-08-24,,night,P,N,N,Regular Season,1,3,1,Final,Final,4,Rate Field,145,Chicago White Sox,CWS,2,False,140,Texas Rangers,TEX,11,True,553869,Elias Díaz,Elias,Díaz,35,1990-11-17,35,"6' 1""",223,2,Catcher,R,Right,R,Right,"0-4 | HBP, K, R",,4,0,0,0,0,0,1,1,0,0,0,0,5,0,,,,,,,,,,
2026-08-24,824557,,/api/v1.1/game/824557/feed/live,R,2026,2026-08-24,,night,P,N,N,Regular Season,1,3,1,Final,Final,4,Rate Field,145,Chicago White Sox,CWS,2,False,140,Texas Rangers,TEX,11,True,681351,Logan O'Hoppe,Logan,O'Hoppe,4,2000-02-09,26,"6' 2""",225,2,Catcher,R,Right,R,Right,,,,,,,,,,,,,,,,,,,,,,,,,,
2026-08-24,824557,,/api/v1.1/game/824557/feed/live,R,2026,2026-08-24,,night,P,N,N,Regular Season,1,3,1,Final,Final,4,Rate Field,145,Chicago White Sox,CWS,2,False,140,Texas Rangers,TEX,11,True,674003,Cody Bradford,Cody,Bradford,61,1998-02-22,28,"6' 4""",197,1,Pitcher,L,Left,L,Left,,,,,,,,,,,,,,,,,,,,,,,,,,
2026-08-24,824557,,/api/v1.1/game/824557/feed/live,R,2026,2026-08-24,,night,P,N,N,Regular Season,1,3,1,Final,Final,4,Rate Field,145,Chicago White Sox,CWS,2,False,140,Texas Rangers,TEX,11,True,656756,Jordan Montgomery,Jordan,Montgomery,52,1992-12-27,33,"6' 6""",228,1,Pitcher,L,Left,L,Left,0-0,,0,0,0,0,0,0,0,0,0,0,0,0,0,0,2.0,0,0,0,2,0,23,0,0,0
2026-08-24,824557,,/api/v1.1/game/824557/feed/live,R,2026,2026-08-24,,night,P,N,N,Regular Season,1,3,1,Final,Final,4,Rate Field,145,Chicago White Sox,CWS,2,False,140,Texas Rangers,TEX,11,True,668390,Cole Winn,Cole,Winn,60,1999-11-25,26,"6' 2""",190,1,Pitcher,R,Right,R,Right,,,,,,,,,,,,,,,,,,,,,,,,,,
2026-08-24,823992,,/api/v1.1/game/823992/feed/live,R,2026,2026-08-24,,night,P,N,N,Regular Season,1,3,1,Final,Final,1,Angel Stadium,108,Los Angeles Angels,LAA,2,False,114,Cleveland Guardians,CLE,4,True,624428,Adam Frazier,Adam,Frazier,20,1991-12-14,34,"5' 10""",190,4,Second Base,L,Left,R,Right,1-1,,1,1,0,0,0,0,0,0,0,0,0,0,1,1,,,,,,,,,,
2026-08-24,823992,,/api/v1.1/game/823992/feed/live,R,2026,2026-08-24,,night,P,N,N,Regular Season,1,3,1,Final,Final,1,Angel Stadium,108,Los Angeles Angels,LAA,2,False,114,Cleveland Guardians,CLE,4,True,642350,Jose Siri,Jose,Siri,28,1995-07-22,31,"6' 2""",210,8,Outfielder,R,Right,R,Right,0-2 | K,,2,0,0,0,0,0,0,1,0,0,0,0,2,0,,,,,,,,,,
2026-08-24,823992,,/api/v1.1/game/823992/feed/live,R,2026,2026-08-24,,night,P,N,N,Regular Season,1,3,1,Final,Final,1,Angel Stadium,108,Los Angeles Angels,LAA,2,False,114,Cleveland Guardians,CLE,4,True,672724,Oswald Peraza,Oswald,Peraza,2,2000-06-15,26,"5' 11""",200,4,Second Base,R,Right,R,Right,,,,,,,,,,,,,,,,,,,,,,,,,,
2026-08-24,823992,,/api/v1.1/game/823992/feed/live,R,2026,2026-08-24,,night,P,N,N,Regular Season,1,3,1,Final,Final,1,Angel Stadium,108,Los Angeles Angels,LAA,2,False,114,Cleveland Guardians,CLE,4,True,672569,Gustavo Campero,Gustavo,Campero,51,1997-09-20,28,"5' 6""",183,O,Outfield,S,Switch,R,Right,"0-3 | 2 K, RBI",,3,0,0,0,0,1,0,2,0,0,0,0,4,0,,,,,,,,,,
2026-08-24,823992,,/api/v1.1/game/823992/feed/live,R,2026,2026-08-24,,night,P,N,N,Regular Season,1,3,1,Final,Final,1,Angel Stadium,108,Los Angeles Angels,LAA,2,False,114,Cleveland Guardians,CLE,4,True,687263,Zach Neto,Zachary,Neto,9,2001-01-31,25,"5' 11""",185,6,Shortstop,R,Right,R,Right,1-4 | R,,4,1,0,0,0,0,1,0,0,0,0,0,4,1,,,,,,,,,,
2026-08-24,823992,,/api/v1.1/game/823992/feed/live,R,2026,2026-08-24,,night,P,N,N,Regular Season,1,3,1,Final,Final,1,Angel Stadium,108,Los Angeles Angels,LAA,2,False,114,Cleveland Guardians,CLE,4,True,695681,Christian Moore,Christian,Moore,4,2002-10-21,23,"6' 0""",210,4,Second Base,R,Right,R,Right,0-4 | K,,4,0,0,0,0,0,0,1,0,0,0,0,4,0,,,,,,,,,,
2026-08-24,823992,,/api/v1.1/game/823992/feed/live,R,2026,2026-08-24,,night,P,N,N,Regular Season,1,3,1,Final,Final,1,Angel Stadium,108,Los Angeles Angels,LAA,2,False,114,Cleveland Guardians,CLE,4,True,518595,Travis d'Arnaud,Travis,d'Arnaud,25,1989-02-10,37,"6' 0""",210,2,Catcher,R,Right,R,Right,0-2 | K,,2,0,0,0,0,0,0,1,0,0,0,0,2,0,,,,,,,,,,
2026-08-24,823992,,/api/v1.1/game/823992/feed/live,R,2026,2026-08-24,,night,P,N,N,Regular Season,1,3,1,Final,Final,1,Angel Stadium,108,Los Angeles Angels,LAA,2,False,114,Cleveland Guardians,CLE,4,True,696270,Ryan Johnson,Ryan,Johnson,32,2002-08-05,24,"6' 6""",215,1,Pitcher,S,Switch,R,Right,,,,,,,,,,,,,,,,,,,,,,,,,,
2026-08-24,823992,,/api/v1.1/game/823992/feed/live,R,2026,2026-08-24,,night,P,N,N,Regular Season,1,3,1,Final,Final,1,Angel Stadium,108,Los Angeles Angels,LAA,2,False,114,Cleveland Guardians,CLE,4,True,690829,Ben Joyce,Benjamin,Joyce,44,2000-09-17,25,"6' 5""",225,1,Pitcher,R,Right,R,Right,,,,,,,,,,,,,,,,,,,,,,,,,,
2026-08-24,823992,,/api/v1.1/game/823992/feed/live,R,2026,2026-08-24,,night,P,N,N,Regular Season,1,3,1,Final,Final,1,Angel Stadium,108,Los Angeles Angels,LAA,2,False,114,Cleveland Guardians,CLE,4,True,680570,Grayson Rodriguez,Grayson,Rodriguez,21,1999-11-16,26,"6' 5""",230,1,Pitcher,L,Left,R,Right,,,,,,,,,,,,,,,,,,,,,,,,,,
2026-08-24,823992,,/api/v1.1/game/823992/feed/live,R,2026,2026-08-24,,night,P,N,N,Regular Season,1,3,1,Final,Final,1,Angel Stadium,108,Los Angeles Angels,LAA,2,False,114,Cleveland Guardians,CLE,4,True,545361,Mike Trout,Michael,Trout,27,1991-08-07,35,"6' 1""",235,8,Outfielder,R,Right,R,Right,1-3 | BB,,3,1,0,0,0,0,0,0,1,0,0,0,4,1,,,,,,,,,,
2026-08-24,823992,,/api/v1.1/game/823992/feed/live,R,2026,2026-08-24,,night,P,N,N,Regular Season,1,3,1,Final,Final,1,Angel Stadium,108,Los Angeles Angels,LAA,2,False,114,Cleveland Guardians,CLE,4,True,694208,Moisés Ballesteros,Moisés,Ballesteros,13,2003-11-08,22,"5' 8""",195,10,Designated Hitter,L,Left,R,Right,"1-4 | 2 K, RBI",,4,1,0,0,0,1,0,2,0,0,0,0,4,1,,,,,,,,,,
2026-08-24,823992,,/api/v1.1/game/823992/feed/live,R,2026,2026-08-24,,night,P,N,N,Regular Season,1,3,1,Final,Final,1,Angel Stadium,108,Los Angeles Angels,LAA,2,False,114,Cleveland Guardians,CLE,4,True,820862,José Fermin,Jose,Fermin,65,2001-11-28,24,"6' 3""",242,1,Pitcher,R,Right,R,Right,,,,,,,,,,,,,,,,,,,,,,,,,,
2026-08-24,823992,,/api/v1.1/game/823992/feed/live,R,2026,2026-08-24,,night,P,N,N,Regular Season,1,3,1,Final,Final,1,Angel Stadium,108,Los Angeles Angels,LAA,2,False,114,Cleveland Guardians,CLE,4,True,694203,Denzer Guzman,Denzer,Guzman,23,2004-02-08,22,"6' 1""",190,5,Third Base,R,Right,R,Right,0-3 | K,,3,0,0,0,0,0,0,1,0,0,0,0,3,0,,,,,,,,,,
2026-08-24,823992,,/api/v1.1/game/823992/feed/live,R,2026,2026-08-24,,night,P,N,N,Regular Season,1,3,1,Final,Final,1,Angel Stadium,108,Los Angeles Angels,LAA,2,False,114,Cleveland Guardians,CLE,4,True,687093,Vaughn Grissom,Vaughn,Grissom,5,2001-01-05,25,"6' 2""",210,4,Second Base,R,Right,R,Right,"0-3 | HBP, R",,3,0,0,0,0,0,1,0,0,0,0,1,4,0,,,,,,,,,,
2026-08-24,823992,,/api/v1.1/game/823992/feed/live,R,2026,2026-08-24,,night,P,N,N,Regular Season,1,3,1,Final,Final,1,Angel Stadium,108,Los Angeles Angels,LAA,2,False,114,Cleveland Guardians,CLE,4,True,666139,Josh Lowe,Joshua,Lowe,3,1998-02-02,28,"6' 3""",220,7,Outfielder,L,Left,R,Right,"2-2 | 2B, SB",,2,2,1,0,0,0,0,0,0,1,0,0,2,3,,,,,,,,,,
2026-08-24,823992,,/api/v1.1/game/823992/feed/live,R,2026,2026-08-24,,night,P,N,N,Regular Season,1,3,1,Final,Final,1,Angel Stadium,108,Los Angeles Angels,LAA,2,False,114,Cleveland Guardians,CLE,4,True,623168,Tyler Heineman,Tyler,Heineman,31,1991-06-19,35,"5' 10""",190,2,Catcher,S,Switch,R,Right,0-0,,0,0,0,0,0,0,0,0,0,0,0,0,0,0,,,,,,,,,,
2026-08-24,823992,,/api/v1.1/game/823992/feed/live,R,2026,2026-08-24,,night,P,N,N,Regular Season,1,3,1,Final,Final,1,Angel Stadium,108,Los Angeles Angels,LAA,2,False,114,Cleveland Guardians,CLE,4,True,642048,Tayler Saucedo,Tayler,Saucedo,55,1993-06-18,33,"6' 4""",205,1,Pitcher,L,Left,L,Left,,,,,,,,,,,,,,,,,,,,,,,,,,
2026-08-24,823992,,/api/v1.1/game/823992/feed/live,R,2026,2026-08-24,,night,P,N,N,Regular Season,1,3,1,Final,Final,1,Angel Stadium,108,Los Angeles Angels,LAA,2,False,114,Cleveland Guardians,CLE,4,True,579328,Yusei Kikuchi,Yusei,Kikuchi,16,1991-06-17,35,"6' 0""",210,1,Pitcher,L,Left,L,Left,,,,,,,,,,,,,,,,,,,,,,,,,,
2026-08-24,823992,,/api/v1.1/game/823992/feed/live,R,2026,2026-08-24,,night,P,N,N,Regular Season,1,3,1,Final,Final,1,Angel Stadium,108,Los Angeles Angels,LAA,2,False,114,Cleveland Guardians,CLE,4,True,684665,Luke Murphy,Luke,Murphy,72,1999-11-05,26,"6' 5""",190,1,Pitcher,R,Right,R,Right,"0.2 IP, 0 ER, K, 0 BB",,,,,,,,,,,,,,,,0.2,0,0,0,1,0,12,0,0,0
2026-08-24,823992,,/api/v1.1/game/823992/feed/live,R,2026,2026-08-24,,night,P,N,N,Regular Season,1,3,1,Final,Final,1,Angel Stadium,108,Los Angeles Angels,LAA,2,False,114,Cleveland Guardians,CLE,4,True,700712,Walbert Ureña,Walbert,Ureña,57,2004-01-25,22,"6' 0""",210,1,Pitcher,R,Right,R,Right,,,,,,,,,,,,,,,,,,,,,,,,,,
2026-08-24,823992,,/api/v1.1/game/823992/feed/live,R,2026,2026-08-24,,night,P,N,N,Regular Season,1,3,1,Final,Final,1,Angel Stadium,108,Los Angeles Angels,LAA,2,False,114,Cleveland Guardians,CLE,4,True,691946,George Klassen,George,Klassen,58,2002-01-26,24,"6' 2""",195,1,Pitcher,R,Right,R,Right,"5.1 IP, 2 ER, 3 K, 3 BB",,,,,,,,,,,,,,,,5.1,2,6,0,3,3,90,0,1,0
2026-08-24,823992,,/api/v1.1/game/823992/feed/live,R,2026,2026-08-24,,night,P,N,N,Regular Season,1,3,1,Final,Final,1,Angel Stadium,108,Los Angeles Angels,LAA,2,False,114,Cleveland Guardians,CLE,4,True,672282,Reid Detmers,Reid,Detmers,48,1999-07-08,27,"6' 2""",210,1,Pitcher,L,Left,L,Left,,,,,,,,,,,,,,,,,,,,,,,,,,
2026-08-24,823992,,/api/v1.1/game/823992/feed/live,R,2026,2026-08-24,,night,P,N,N,Regular Season,1,3,1,Final,Final,1,Angel Stadium,108,Los Angeles Angels,LAA,2,False,114,Cleveland Guardians,CLE,4,True,676620,Blake Weiman,Blake,Weiman,68,1995-11-05,30,"6' 3""",225,1,Pitcher,R,Right,L,Left,"1.0 IP, ER, 0 K, 0 BB",,,,,,,,,,,,,,,,1.0,1,1,1,0,0,16,0,0,0
2026-08-24,823992,,/api/v1.1/game/823992/feed/live,R,2026,2026-08-24,,night,P,N,N,Regular Season,1,3,1,Final,Final,1,Angel Stadium,108,Los Angeles Angels,LAA,2,False,114,Cleveland Guardians,CLE,4,True,671111,Sammy Peralta,Samuel,Peralta,67,1998-05-10,28,"6' 1""",214,1,Pitcher,L,Left,L,Left,"2.0 IP, 0 ER, K, 0 BB",,,,,,,,,,,,,,,,2.0,0,1,0,1,0,22,0,0,0
2026-08-24,823992,,/api/v1.1/game/823992/feed/live,R,2026,2026-08-24,,night,P,N,N,Regular Season,1,3,1,Final,Final,1,Angel Stadium,108,Los Angeles Angels,LAA,2,False,114,Cleveland Guardians,CLE,4,True,670245,Ryan Watson,Ryan,Watson,56,1997-11-15,28,"6' 5""",225,1,Pitcher,R,Right,R,Right,,,,,,,,,,,,,,,,,,,,,,,,,,
2026-08-24,823992,,/api/v1.1/game/823992/feed/live,R,2026,2026-08-24,,night,P,N,N,Regular Season,1,3,1,Final,Final,1,Angel Stadium,108,Los Angeles Angels,LAA,2,False,114,Cleveland Guardians,CLE,4,True,694197,Angel Genao,Angel,Genao,17,2004-05-19,22,"5' 11""",150,4,Second Base,S,Switch,R,Right,"1-3 | BB, K, R",,3,1,0,0,0,0,1,1,1,0,0,0,4,1,,,,,,,,,,
2026-08-24,823992,,/api/v1.1/game/823992/feed/live,R,2026,2026-08-24,,night,P,N,N,Regular Season,1,3,1,Final,Final,1,Angel Stadium,108,Los Angeles Angels,LAA,2,False,114,Cleveland Guardians,CLE,4,True,800050,Chase DeLauter,Chase,DeLauter,24,2001-10-08,24,"6' 3""",235,9,Outfielder,L,Left,L,Left,,,,,,,,,,,,,,,,,,,,,,,,,,
2026-08-24,823992,,/api/v1.1/game/823992/feed/live,R,2026,2026-08-24,,night,P,N,N,Regular Season,1,3,1,Final,Final,1,Angel Stadium,108,Los Angeles Angels,LAA,2,False,114,Cleveland Guardians,CLE,4,True,595978,Austin Hedges,Austin,Hedges,27,1992-08-18,34,"6' 0""",220,2,Catcher,R,Right,R,Right,"1-4 | HR, K, 2 RBI",,4,1,0,0,1,2,1,1,0,0,0,0,4,4,,,,,,,,,,
2026-08-24,823992,,/api/v1.1/game/823992/feed/live,R,2026,2026-08-24,,night,P,N,N,Regular Season,1,3,1,Final,Final,1,Angel Stadium,108,Los Angeles Angels,LAA,2,False,114,Cleveland Guardians,CLE,4,True,663993,Nathaniel Lowe,David,Lowe,46,1995-07-07,31,"6' 4""",220,3,First Base,L,Left,R,Right,0-3 | RBI,,3,0,0,0,0,1,0,0,0,0,0,0,4,0,,,,,,,,,,
2026-08-24,823992,,/api/v1.1/game/823992/feed/live,R,2026,2026-08-24,,night,P,N,N,Regular Season,1,3,1,Final,Final,1,Angel Stadium,108,Los Angeles Angels,LAA,2,False,114,Cleveland Guardians,CLE,4,True,684974,Craig Yoho,Craig,Yoho,23,1999-10-23,26,"6' 2""",237,1,Pitcher,R,Right,R,Right,,,,,,,,,,,,,,,,,,,,,,,,,,
2026-08-24,823992,,/api/v1.1/game/823992/feed/live,R,2026,2026-08-24,,night,P,N,N,Regular Season,1,3,1,Final,Final,1,Angel Stadium,108,Los Angeles Angels,LAA,2,False,114,Cleveland Guardians,CLE,4,True,683953,Travis Bazzana,Travis,Bazzana,37,2002-08-28,23,"5' 11""",199,4,Second Base,L,Left,R,Right,,,,,,,,,,,,,,,,,,,,,,,,,,
2026-08-24,823992,,/api/v1.1/game/823992/feed/live,R,2026,2026-08-24,,night,P,N,N,Regular Season,1,3,1,Final,Final,1,Angel Stadium,108,Los Angeles Angels,LAA,2,False,114,Cleveland Guardians,CLE,4,True,672275,Patrick Bailey,Patrick,Bailey,16,1999-05-29,27,"6' 0""",223,2,Catcher,S,Switch,R,Right,,,,,,,,,,,,,,,,,,,,,,,,,,
2026-08-24,823992,,/api/v1.1/game/823992/feed/live,R,2026,2026-08-24,,night,P,N,N,Regular Season,1,3,1,Final,Final,1,Angel Stadium,108,Los Angeles Angels,LAA,2,False,114,Cleveland Guardians,CLE,4,True,677587,Brayan Rocchio,Brayan,Rocchio,4,2001-01-13,25,"5' 9""",170,6,Shortstop,S,Switch,R,Right,0-4 | R,,4,0,0,0,0,0,1,0,0,0,0,0,4,0,,,,,,,,,,
2026-08-24,823992,,/api/v1.1/game/823992/feed/live,R,2026,2026-08-24,,night,P,N,N,Regular Season,1,3,1,Final,Final,1,Angel Stadium,108,Los Angeles Angels,LAA,2,False,114,Cleveland Guardians,CLE,4,True,690984,Petey Halpin,Peter,Halpin,0,2002-05-26,24,"5' 11""",200,8,Outfielder,L,Left,R,Right,"1-3 | BB, K",,3,1,0,0,0,0,0,1,1,0,0,0,4,1,,,,,,,,,,
2026-08-24,823992,,/api/v1.1/game/823992/feed/live,R,2026,2026-08-24,,night,P,N,N,Regular Season,1,3,1,Final,Final,1,Angel Stadium,108,Los Angeles Angels,LAA,2,False,114,Cleveland Guardians,CLE,4,True,670036,Matt Festa,Matthew,Festa,52,1993-03-11,33,"6' 1""",195,1,Pitcher,R,Right,R,Right,,,,,,,,,,,,,,,,,,,,,,,,,,
2026-08-24,823992,,/api/v1.1/game/823992/feed/live,R,2026,2026-08-24,,night,P,N,N,Regular Season,1,3,1,Final,Final,1,Angel Stadium,108,Los Angeles Angels,LAA,2,False,114,Cleveland Guardians,CLE,4,True,666176,Jo Adell,Jordon,Adell,7,1999-04-08,27,"6' 2""",215,9,Outfielder,R,Right,R,Right,"1-3 | BB, K, RBI",,3,1,0,0,0,1,0,1,1,0,0,0,4,1,,,,,,,,,,
2026-08-24,823992,,/api/v1.1/game/823992/feed/live,R,2026,2026-08-24,,night,P,N,N,Regular Season,1,3,1,Final,Final,1,Angel Stadium,108,Los Angeles Angels,LAA,2,False,114,Cleveland Guardians,CLE,4,True,670059,Colin Holderman,Colin,Holderman,35,1995-10-08,30,"6' 6""",230,1,Pitcher,R,Right,R,Right,"1.0 IP, 0 ER, 3 K, 0 BB",,,,,,,,,,,,,,,,1.0,0,1,0,3,0,21,0,0,0
2026-08-24,823992,,/api/v1.1/game/823992/feed/live,R,2026,2026-08-24,,night,P,N,N,Regular Season,1,3,1,Final,Final,1,Angel Stadium,108,Los Angeles Angels,LAA,2,False,114,Cleveland Guardians,CLE,4,True,671106,Logan Allen,Logan,Allen,26,1998-09-05,27,"6' 0""",190,1,Pitcher,R,Right,L,Left,,,,,,,,,,,,,,,,,,,,,,,,,,
2026-08-24,823992,,/api/v1.1/game/823992/feed/live,R,2026,2026-08-24,,night,P,N,N,Regular Season,1,3,1,Final,Final,1,Angel Stadium,108,Los Angeles Angels,LAA,2,False,114,Cleveland Guardians,CLE,4,True,681807,David Fry,David,Fry,6,1995-11-20,30,"6' 1""",215,9,Outfielder,R,Right,R,Right,,,,,,,,,,,,,,,,,,,,,,,,,,
2026-08-24,823992,,/api/v1.1/game/823992/feed/live,R,2026,2026-08-24,,night,P,N,N,Regular Season,1,3,1,Final,Final,1,Angel Stadium,108,Los Angeles Angels,LAA,2,False,114,Cleveland Guardians,CLE,4,True,671922,Cade Smith,Cade,Smith,36,1999-05-09,27,"6' 5""",230,1,Pitcher,R,Right,R,Right,"1.0 IP, ER, K, 0 BB",,,,,,,,,,,,,,,,1.0,1,1,0,1,0,20,0,0,1
2026-08-24,823992,,/api/v1.1/game/823992/feed/live,R,2026,2026-08-24,,night,P,N,N,Regular Season,1,3,1,Final,Final,1,Angel Stadium,108,Los Angeles Angels,LAA,2,False,114,Cleveland Guardians,CLE,4,True,608070,José Ramírez,José,Ramírez,11,1992-09-17,33,"5' 8""",190,5,Third Base,S,Switch,R,Right,"1-4 | K, CS",,4,1,0,0,0,0,0,1,0,0,1,0,4,1,,,,,,,,,,
2026-08-24,823992,,/api/v1.1/game/823992/feed/live,R,2026,2026-08-24,,night,P,N,N,Regular Season,1,3,1,Final,Final,1,Angel Stadium,108,Los Angeles Angels,LAA,2,False,114,Cleveland Guardians,CLE,4,True,680757,Steven Kwan,Steven,Kwan,38,1997-09-05,28,"5' 8""",170,7,Outfielder,L,Left,L,Left,"2-5 | R, CS",,5,2,0,0,0,0,1,0,0,0,1,0,5,2,,,,,,,,,,
2026-08-24,823992,,/api/v1.1/game/823992/feed/live,R,2026,2026-08-24,,night,P,N,N,Regular Season,1,3,1,Final,Final,1,Angel Stadium,108,Los Angeles Angels,LAA,2,False,114,Cleveland Guardians,CLE,4,True,682657,Angel Martínez,Angel,Martínez,1,2002-01-27,24,"5' 11""",200,7,Outfielder,S,Switch,R,Right,1-4 | 2B,,4,1,1,0,0,0,0,0,0,0,0,1,4,2,,,,,,,,,,
2026-08-24,823992,,/api/v1.1/game/823992/feed/live,R,2026,2026-08-24,,night,P,N,N,Regular Season,1,3,1,Final,Final,1,Angel Stadium,108,Los Angeles Angels,LAA,2,False,114,Cleveland Guardians,CLE,4,True,800048,Parker Messick,Parker,Messick,77,2000-10-26,25,"6' 0""",225,1,Pitcher,L,Left,L,Left,"6.0 IP, ER, 4 K, BB",,,,,,,,,,,,,,,,6.0,1,3,0,4,1,94,1,0,0
2026-08-24,823992,,/api/v1.1/game/823992/feed/live,R,2026,2026-08-24,,night,P,N,N,Regular Season,1,3,1,Final,Final,1,Angel Stadium,108,Los Angeles Angels,LAA,2,False,114,Cleveland Guardians,CLE,4,True,676282,Joey Cantillo,Joseph,Cantillo,54,1999-12-18,26,"6' 4""",225,1,Pitcher,L,Left,L,Left,,,,,,,,,,,,,,,,,,,,,,,,,,
2026-08-24,823992,,/api/v1.1/game/823992/feed/live,R,2026,2026-08-24,,night,P,N,N,Regular Season,1,3,1,Final,Final,1,Angel Stadium,108,Los Angeles Angels,LAA,2,False,114,Cleveland Guardians,CLE,4,True,681870,Erik Sabrowski,Erik,Sabrowski,62,1997-10-31,28,"6' 4""",230,1,Pitcher,R,Right,L,Left,,,,,,,,,,,,,,,,,,,,,,,,,,
2026-08-24,823992,,/api/v1.1/game/823992/feed/live,R,2026,2026-08-24,,night,P,N,N,Regular Season,1,3,1,Final,Final,1,Angel Stadium,108,Los Angeles Angels,LAA,2,False,114,Cleveland Guardians,CLE,4,True,668909,Gavin Williams,Gavin,Williams,32,1999-07-26,27,"6' 6""",250,1,Pitcher,L,Left,R,Right,,,,,,,,,,,,,,,,,,,,,,,,,,
2026-08-24,823992,,/api/v1.1/game/823992/feed/live,R,2026,2026-08-24,,night,P,N,N,Regular Season,1,3,1,Final,Final,1,Angel Stadium,108,Los Angeles Angels,LAA,2,False,114,Cleveland Guardians,CLE,4,True,683769,Hunter Gaddis,Hunter,Gaddis,33,1998-04-09,28,"6' 6""",260,1,Pitcher,R,Right,R,Right,"1.0 IP, 0 ER, 0 K, 0 BB",,,,,,,,,,,,,,,,1.0,0,1,0,0,0,12,0,0,0
2026-08-24,823992,,/api/v1.1/game/823992/feed/live,R,2026,2026-08-24,,night,P,N,N,Regular Season,1,3,1,Final,Final,1,Angel Stadium,108,Los Angeles Angels,LAA,2,False,114,Cleveland Guardians,CLE,4,True,676440,Tanner Bibee,Tanner,Bibee,28,1999-03-05,27,"6' 2""",205,1,Pitcher,R,Right,R,Right,,,,,,,,,,,,,,,,,,,,,,,,,,
2026-08-24,823992,,/api/v1.1/game/823992/feed/live,R,2026,2026-08-24,,night,P,N,N,Regular Season,1,3,1,Final,Final,1,Angel Stadium,108,Los Angeles Angels,LAA,2,False,114,Cleveland Guardians,CLE,4,True,682120,Tim Herrin,Tim,Herrin,29,1996-10-08,29,"6' 6""",230,1,Pitcher,L,Left,L,Left,,,,,,,,,,,,,,,,,,,,,,,,,,
2026-08-24,823992,,/api/v1.1/game/823992/feed/live,R,2026,2026-08-24,,night,P,N,N,Regular Season,1,3,1,Final,Final,1,Angel Stadium,108,Los Angeles Angels,LAA,2,False,114,Cleveland Guardians,CLE,4,True,656492,Foster Griffin,Fred,Griffin,22,1995-07-27,31,"6' 3""",225,1,Pitcher,R,Right,L,Left,,,,,,,,,,,,,,,,,,,,,,,,,,
2026-08-24,825041,,/api/v1.1/game/825041/feed/live,R,2026,2026-08-24,,night,P,N,N,Regular Season,1,3,1,Final,Final,15,Chase Field,109,Arizona Diamondbacks,AZ,0,False,112,Chicago Cubs,CHC,7,True,593958,Eduardo Rodriguez,Eduardo,Rodriguez,57,1993-04-07,33,"6' 2""",231,1,Pitcher,L,Left,L,Left,,,,,,,,,,,,,,,,,,,,,,,,,,
2026-08-24,825041,,/api/v1.1/game/825041/feed/live,R,2026,2026-08-24,,night,P,N,N,Regular Season,1,3,1,Final,Final,15,Chase Field,109,Arizona Diamondbacks,AZ,0,False,112,Chicago Cubs,CHC,7,True,691783,Jordan Lawlar,Jordan,Lawlar,10,2002-07-17,24,"6' 0""",195,7,Outfielder,R,Right,R,Right,0-1,,1,0,0,0,0,0,0,0,0,0,0,0,1,0,,,,,,,,,,
2026-08-24,825041,,/api/v1.1/game/825041/feed/live,R,2026,2026-08-24,,night,P,N,N,Regular Season,1,3,1,Final,Final,15,Chase Field,109,Arizona Diamondbacks,AZ,0,False,112,Chicago Cubs,CHC,7,True,666661,Juan Morillo,Juan,Morillo,62,1999-03-19,27,"6' 1""",215,1,Pitcher,R,Right,R,Right,,,,,,,,,,,,,,,,,,,,,,,,,,
2026-08-24,825041,,/api/v1.1/game/825041/feed/live,R,2026,2026-08-24,,night,P,N,N,Regular Season,1,3,1,Final,Final,15,Chase Field,109,Arizona Diamondbacks,AZ,0,False,112,Chicago Cubs,CHC,7,True,694374,Tim Tawa,Timothy,Tawa,13,1999-04-07,27,"5' 11""",205,3,First Base,R,Right,R,Right,1-3 | CS,,3,1,0,0,0,0,0,0,0,0,1,0,3,1,,,,,,,,,,
2026-08-24,825041,,/api/v1.1/game/825041/feed/live,R,2026,2026-08-24,,night,P,N,N,Regular Season,1,3,1,Final,Final,15,Chase Field,109,Arizona Diamondbacks,AZ,0,False,112,Chicago Cubs,CHC,7,True,694297,Brandon Pfaadt,Brandon,Pfaadt,32,1998-10-15,27,"6' 4""",220,1,Pitcher,R,Right,R,Right,,,,,,,,,,,,,,,,,,,,,,,,,,
2026-08-24,825041,,/api/v1.1/game/825041/feed/live,R,2026,2026-08-24,,night,P,N,N,Regular Season,1,3,1,Final,Final,15,Chase Field,109,Arizona Diamondbacks,AZ,0,False,112,Chicago Cubs,CHC,7,True,672629,Gerardo Carrillo,Gerardo,Carrillo,68,1998-09-13,27,"6' 1""",185,1,Pitcher,R,Right,R,Right,,,,,,,,,,,,,,,,,,,,,,,,,,
2026-08-24,825041,,/api/v1.1/game/825041/feed/live,R,2026,2026-08-24,,night,P,N,N,Regular Season,1,3,1,Final,Final,15,Chase Field,109,Arizona Diamondbacks,AZ,0,False,112,Chicago Cubs,CHC,7,True,571448,Nolan Arenado,Nolan,Arenado,28,1991-04-16,35,"6' 2""",215,5,Third Base,R,Right,R,Right,0-3,,3,0,0,0,0,0,0,0,0,0,0,0,3,0,,,,,,,,,,
2026-08-24,825041,,/api/v1.1/game/825041/feed/live,R,2026,2026-08-24,,night,P,N,N,Regular Season,1,3,1,Final,Final,15,Chase Field,109,Arizona Diamondbacks,AZ,0,False,112,Chicago Cubs,CHC,7,True,663457,Lars Nootbaar,Lars,Nootbaar,21,1997-09-08,28,"6' 1""",205,7,Outfielder,L,Left,R,Right,0-3,,3,0,0,0,0,0,0,0,0,0,0,0,3,0,,,,,,,,,,
2026-08-24,825041,,/api/v1.1/game/825041/feed/live,R,2026,2026-08-24,,night,P,N,N,Regular Season,1,3,1,Final,Final,15,Chase Field,109,Arizona Diamondbacks,AZ,0,False,112,Chicago Cubs,CHC,7,True,814439,Ryan Waldschmidt,Ryan,Waldschmidt,15,2002-10-07,23,"6' 0""",205,8,Outfielder,R,Right,R,Right,0-3 | 2 K,,3,0,0,0,0,0,0,2,0,0,0,0,3,0,,,,,,,,,,
2026-08-24,825041,,/api/v1.1/game/825041/feed/live,R,2026,2026-08-24,,night,P,N,N,Regular Season,1,3,1,Final,Final,15,Chase Field,109,Arizona Diamondbacks,AZ,0,False,112,Chicago Cubs,CHC,7,True,686753,Drey Jameson,Drey,Jameson,99,1997-08-17,29,"6' 0""",175,1,Pitcher,R,Right,R,Right,"2.0 IP, 2 ER, 0 K, BB",,,,,,,,,,,,,,,,2.0,2,3,0,0,1,40,0,0,0
2026-08-24,825041,,/api/v1.1/game/825041/feed/live,R,2026,2026-08-24,,night,P,N,N,Regular Season,1,3,1,Final,Final,15,Chase Field,109,Arizona Diamondbacks,AZ,0,False,112,Chicago Cubs,CHC,7,True,518876,Merrill Kelly,Kenneth,Kelly,29,1988-10-14,37,"6' 2""",210,1,Pitcher,R,Right,R,Right,"5.2 IP, 3 ER, 4 K, 3 BB",,,,,,,,,,,,,,,,5.2,3,5,0,4,3,99,0,1,0
2026-08-24,825041,,/api/v1.1/game/825041/feed/live,R,2026,2026-08-24,,night,P,N,N,Regular Season,1,3,1,Final,Final,15,Chase Field,109,Arizona Diamondbacks,AZ,0,False,112,Chicago Cubs,CHC,7,True,656464,Kevin Ginkel,Kevin,Ginkel,37,1994-03-24,32,"6' 4""",235,1,Pitcher,L,Left,R,Right,,,,,,,,,,,,,,,,,,,,,,,,,,
2026-08-24,825041,,/api/v1.1/game/825041/feed/live,R,2026,2026-08-24,,night,P,N,N,Regular Season,1,3,1,Final,Final,15,Chase Field,109,Arizona Diamondbacks,AZ,0,False,112,Chicago Cubs,CHC,7,True,642528,Jonathan Loáisiga,Jonathan,Loáisiga,43,1994-11-02,31,"5' 11""",195,1,Pitcher,R,Right,R,Right,,,,,,,,,,,,,,,,,,,,,,,,,,
2026-08-24,825041,,/api/v1.1/game/825041/feed/live,R,2026,2026-08-24,,night,P,N,N,Regular Season,1,3,1,Final,Final,15,Chase Field,109,Arizona Diamondbacks,AZ,0,False,112,Chicago Cubs,CHC,7,True,545121,Ildemaro Vargas,Ildemaro,Vargas,6,1991-07-16,35,"5' 11""",202,3,First Base,S,Switch,R,Right,1-3 | K,,3,1,0,0,0,0,0,1,0,0,0,0,3,1,,,,,,,,,,
2026-08-24,825041,,/api/v1.1/game/825041/feed/live,R,2026,2026-08-24,,night,P,N,N,Regular Season,1,3,1,Final,Final,15,Chase Field,109,Arizona Diamondbacks,AZ,0,False,112,Chicago Cubs,CHC,7,True,672695,Geraldo Perdomo,Geraldo,Perdomo,2,1999-10-22,26,"6' 2""",210,6,Shortstop,S,Switch,R,Right,1-4 | K,,4,1,0,0,0,0,0,1,0,0,0,0,4,1,,,,,,,,,,
2026-08-24,825041,,/api/v1.1/game/825041/feed/live,R,2026,2026-08-24,,night,P,N,N,Regular Season,1,3,1,Final,Final,15,Chase Field,109,Arizona Diamondbacks,AZ,0,False,112,Chicago Cubs,CHC,7,True,679885,Justin Martinez,Justin,Martinez,63,2001-07-30,25,"6' 3""",225,1,Pitcher,R,Right,R,Right,,,,,,,,,,,,,,,,,,,,,,,,,,
2026-08-24,825041,,/api/v1.1/game/825041/feed/live,R,2026,2026-08-24,,night,P,N,N,Regular Season,1,3,1,Final,Final,15,Chase Field,109,Arizona Diamondbacks,AZ,0,False,112,Chicago Cubs,CHC,7,True,699912,Jose Fernandez,Jose,Fernandez,11,2003-09-22,22,"6' 3""",215,10,Designated Hitter,R,Right,R,Right,1-1,,1,1,0,0,0,0,0,0,0,0,0,0,1,1,,,,,,,,,,
2026-08-24,825041,,/api/v1.1/game/825041/feed/live,R,2026,2026-08-24,,night,P,N,N,Regular Season,1,3,1,Final,Final,15,Chase Field,109,Arizona Diamondbacks,AZ,0,False,112,Chicago Cubs,CHC,7,True,672515,Gabriel Moreno,Gabriel,Moreno,14,2000-02-14,26,"5' 9""",200,2,Catcher,R,Right,R,Right,0-4,,4,0,0,0,0,0,0,0,0,0,0,0,4,0,,,,,,,,,,
2026-08-24,825041,,/api/v1.1/game/825041/feed/live,R,2026,2026-08-24,,night,P,N,N,Regular Season,1,3,1,Final,Final,15,Chase Field,109,Arizona Diamondbacks,AZ,0,False,112,Chicago Cubs,CHC,7,True,642701,Dennis Santana,Dennis,Santana,59,1996-04-12,30,"6' 2""",202,1,Pitcher,R,Right,R,Right,,,,,,,,,,,,,,,,,,,,,,,,,,
2026-08-24,825041,,/api/v1.1/game/825041/feed/live,R,2026,2026-08-24,,night,P,N,N,Regular Season,1,3,1,Final,Final,15,Chase Field,109,Arizona Diamondbacks,AZ,0,False,112,Chicago Cubs,CHC,7,True,682998,Corbin Carroll,Corbin,Carroll,7,2000-08-21,26,"5' 10""",180,9,Outfielder,L,Left,L,Left,"0-3 | BB, 2 K, 2 SB",,3,0,0,0,0,0,0,2,1,2,0,0,4,0,,,,,,,,,,
2026-08-24,825041,,/api/v1.1/game/825041/feed/live,R,2026,2026-08-24,,night,P,N,N,Regular Season,1,3,1,Final,Final,15,Chase Field,109,Arizona Diamondbacks,AZ,0,False,112,Chicago Cubs,CHC,7,True,664199,Taylor Clarke,Taylor,Clarke,45,1993-05-13,33,"6' 3""",210,1,Pitcher,R,Right,R,Right,"0.1 IP, 2 ER, 0 K, 0 BB",,,,,,,,,,,,,,,,0.1,2,2,2,0,0,8,0,0,0
2026-08-24,825041,,/api/v1.1/game/825041/feed/live,R,2026,2026-08-24,,night,P,N,N,Regular Season,1,3,1,Final,Final,15,Chase Field,109,Arizona Diamondbacks,AZ,0,False,112,Chicago Cubs,CHC,7,True,686228,Juan Burgos,Juan,Burgos,52,1999-12-22,26,"6' 0""",190,1,Pitcher,R,Right,R,Right,"1.0 IP, 0 ER, 0 K, 0 BB",,,,,,,,,,,,,,,,1.0,0,0,0,0,0,12,0,0,0
2026-08-24,825041,,/api/v1.1/game/825041/feed/live,R,2026,2026-08-24,,night,P,N,N,Regular Season,1,3,1,Final,Final,15,Chase Field,109,Arizona Diamondbacks,AZ,0,False,112,Chicago Cubs,CHC,7,True,596146,Max Kepler,Maximilian,Kepler,22,1993-02-10,33,"6' 4""",225,7,Outfielder,L,Left,L,Left,1-3,,3,1,0,0,0,0,0,0,0,0,0,0,3,1,,,,,,,,,,
2026-08-24,825041,,/api/v1.1/game/825041/feed/live,R,2026,2026-08-24,,night,P,N,N,Regular Season,1,3,1,Final,Final,15,Chase Field,109,Arizona Diamondbacks,AZ,0,False,112,Chicago Cubs,CHC,7,True,543510,James McCann,James,McCann,8,1990-06-13,36,"6' 2""",235,2,Catcher,R,Right,R,Right,,,,,,,,,,,,,,,,,,,,,,,,,,
2026-08-24,825041,,/api/v1.1/game/825041/feed/live,R,2026,2026-08-24,,night,P,N,N,Regular Season,1,3,1,Final,Final,15,Chase Field,109,Arizona Diamondbacks,AZ,0,False,112,Chicago Cubs,CHC,7,True,805299,Brandyn Garcia,Brandyn,Garcia,55,2000-05-27,26,"6' 4""",235,1,Pitcher,L,Left,L,Left,,,,,,,,,,,,,,,,,,,,,,,,,,
2026-08-24,825041,,/api/v1.1/game/825041/feed/live,R,2026,2026-08-24,,night,P,N,N,Regular Season,1,3,1,Final,Final,15,Chase Field,109,Arizona Diamondbacks,AZ,0,False,112,Chicago Cubs,CHC,7,True,678489,Jorge Barrosa,Jorge,Barrosa,1,2001-02-17,25,"5' 6""",175,8,Outfielder,S,Switch,L,Left,,,,,,,,,,,,,,,,,,,,,,,,,,
2026-08-24,825041,,/api/v1.1/game/825041/feed/live,R,2026,2026-08-24,,night,P,N,N,Regular Season,1,3,1,Final,Final,15,Chase Field,109,Arizona Diamondbacks,AZ,0,False,112,Chicago Cubs,CHC,7,True,694037,Daniel Palencia,Daniel,Palencia,48,2000-02-05,26,"5' 11""",160,1,Pitcher,R,Right,R,Right,,,,,,,,,,,,,,,,,,,,,,,,,,
2026-08-24,825041,,/api/v1.1/game/825041/feed/live,R,2026,2026-08-24,,night,P,N,N,Regular Season,1,3,1,Final,Final,15,Chase Field,109,Arizona Diamondbacks,AZ,0,False,112,Chicago Cubs,CHC,7,True,624424,Michael Conforto,Michael,Conforto,20,1993-03-01,33,"5' 11""",215,10,Designated Hitter,L,Left,R,Right,"3-3 | HR, 2B, BB",,3,3,1,0,1,2,2,0,1,0,0,0,4,7,,,,,,,,,,
2026-08-24,825041,,/api/v1.1/game/825041/feed/live,R,2026,2026-08-24,,night,P,N,N,Regular Season,1,3,1,Final,Final,15,Chase Field,109,Arizona Diamondbacks,AZ,0,False,112,Chicago Cubs,CHC,7,True,621438,Tyrone Taylor,Tyrone,Taylor,55,1994-01-22,32,"6' 0""",218,7,Outfielder,R,Right,R,Right,,,,,,,,,,,,,,,,,,,,,,,,,,
2026-08-24,825041,,/api/v1.1/game/825041/feed/live,R,2026,2026-08-24,,night,P,N,N,Regular Season,1,3,1,Final,Final,15,Chase Field,109,Arizona Diamondbacks,AZ,0,False,112,Chicago Cubs,CHC,7,True,664023,Ian Happ,Ian,Happ,8,1994-08-12,32,"5' 10""",205,7,Outfielder,S,Switch,R,Right,"2-5 | 2B, RBI, R",,5,2,1,0,0,1,1,0,0,0,0,0,5,3,,,,,,,,,,
2026-08-24,825041,,/api/v1.1/game/825041/feed/live,R,2026,2026-08-24,,night,P,N,N,Regular Season,1,3,1,Final,Final,15,Chase Field,109,Arizona Diamondbacks,AZ,0,False,112,Chicago Cubs,CHC,7,True,573204,Caleb Thielbar,Caleb,Thielbar,24,1987-01-31,39,"6' 0""",205,1,Pitcher,R,Right,L,Left,"1.0 IP, 0 ER, 0 K, 0 BB",,,,,,,,,,,,,,,,1.0,0,2,0,0,0,22,0,0,0
2026-08-24,825041,,/api/v1.1/game/825041/feed/live,R,2026,2026-08-24,,night,P,N,N,Regular Season,1,3,1,Final,Final,15,Chase Field,109,Arizona Diamondbacks,AZ,0,False,112,Chicago Cubs,CHC,7,True,684007,Shota Imanaga,Shota,Imanaga,18,1993-09-01,32,"5' 10""",175,1,Pitcher,L,Left,L,Left,,,,,,,,,,,,,,,,,,,,,,,,,,
2026-08-24,825041,,/api/v1.1/game/825041/feed/live,R,2026,2026-08-24,,night,P,N,N,Regular Season,1,3,1,Final,Final,15,Chase Field,109,Arizona Diamondbacks,AZ,0,False,112,Chicago Cubs,CHC,7,True,608324,Alex Bregman,Alexander,Bregman,3,1994-03-30,32,"5' 10""",190,5,Third Base,R,Right,R,Right,1-5 | R,,5,1,0,0,0,0,1,0,0,0,0,0,5,1,,,,,,,,,,
2026-08-24,825041,,/api/v1.1/game/825041/feed/live,R,2026,2026-08-24,,night,P,N,N,Regular Season,1,3,1,Final,Final,15,Chase Field,109,Arizona Diamondbacks,AZ,0,False,112,Chicago Cubs,CHC,7,True,699393,Pedro Ramírez,Pedro,Ramírez,75,2004-04-01,22,"5' 9""",165,4,Second Base,S,Switch,R,Right,"2-4 | 3B, RBI, R",,4,2,0,1,0,1,1,0,0,0,0,0,4,4,,,,,,,,,,
2026-08-24,825041,,/api/v1.1/game/825041/feed/live,R,2026,2026-08-24,,night,P,N,N,Regular Season,1,3,1,Final,Final,15,Chase Field,109,Arizona Diamondbacks,AZ,0,False,112,Chicago Cubs,CHC,7,True,683737,Michael Busch,Michael,Busch,29,1997-11-09,28,"5' 11""",210,3,First Base,L,Left,R,Right,"0-3 | 2 BB, 2 K, R",,3,0,0,0,0,0,1,2,2,0,0,0,5,0,,,,,,,,,,
2026-08-24,825041,,/api/v1.1/game/825041/feed/live,R,2026,2026-08-24,,night,P,N,N,Regular Season,1,3,1,Final,Final,15,Chase Field,109,Arizona Diamondbacks,AZ,0,False,112,Chicago Cubs,CHC,7,True,608348,Carson Kelly,Carson,Kelly,15,1994-07-14,32,"6' 1""",212,2,Catcher,R,Right,R,Right,"1-3 | HR, BB, RBI",,3,1,0,0,1,1,1,0,1,0,0,0,4,4,,,,,,,,,,
2026-08-24,825041,,/api/v1.1/game/825041/feed/live,R,2026,2026-08-24,,night,P,N,N,Regular Season,1,3,1,Final,Final,15,Chase Field,109,Arizona Diamondbacks,AZ,0,False,112,Chicago Cubs,CHC,7,True,691718,Pete Crow-Armstrong,Pete,Crow-Armstrong,4,2002-03-25,24,"6' 0""",184,8,Outfielder,L,Left,L,Left,0-5,,5,0,0,0,0,0,0,0,0,0,0,0,5,0,,,,,,,,,,
2026-08-24,825041,,/api/v1.1/game/825041/feed/live,R,2026,2026-08-24,,night,P,N,N,Regular Season,1,3,1,Final,Final,15,Chase Field,109,Arizona Diamondbacks,AZ,0,False,112,Chicago Cubs,CHC,7,True,592332,Kevin Gausman,Kevin,Gausman,12,1991-01-06,35,"6' 2""",205,1,Pitcher,L,Left,R,Right,"7.0 IP, 0 ER, 6 K, BB",,,,,,,,,,,,,,,,7.0,0,3,0,6,1,94,1,0,0
2026-08-24,825041,,/api/v1.1/game/825041/feed/live,R,2026,2026-08-24,,night,P,N,N,Regular Season,1,3,1,Final,Final,15,Chase Field,109,Arizona Diamondbacks,AZ,0,False,112,Chicago Cubs,CHC,7,True,657097,Jacob Webb,Jacob,Webb,71,1993-08-15,33,"6' 2""",210,1,Pitcher,R,Right,R,Right,,,,,,,,,,,,,,,,,,,,,,,,,,
2026-08-24,825041,,/api/v1.1/game/825041/feed/live,R,2026,2026-08-24,,night,P,N,N,Regular Season,1,3,1,Final,Final,15,Chase Field,109,Arizona Diamondbacks,AZ,0,False,112,Chicago Cubs,CHC,7,True,665804,Miguel Amaya,Miguel,Amaya,9,1999-03-09,27,"6' 1""",230,2,Catcher,R,Right,R,Right,,,,,,,,,,,,,,,,,,,,,,,,,,
2026-08-24,825041,,/api/v1.1/game/825041/feed/live,R,2026,2026-08-24,,night,P,N,N,Regular Season,1,3,1,Final,Final,15,Chase Field,109,Arizona Diamondbacks,AZ,0,False,112,Chicago Cubs,CHC,7,True,672356,Gabriel Arias,Gabriel,Arias,43,2000-02-27,26,"6' 1""",217,5,Third Base,R,Right,R,Right,,,,,,,,,,,,,,,,,,,,,,,,,,
2026-08-24,825041,,/api/v1.1/game/825041/feed/live,R,2026,2026-08-24,,night,P,N,N,Regular Season,1,3,1,Final,Final,15,Chase Field,109,Arizona Diamondbacks,AZ,0,False,112,Chicago Cubs,CHC,7,True,673548,Seiya Suzuki,Seiya,Suzuki,27,1994-08-18,32,"5' 11""",182,9,Outfielder,R,Right,R,Right,"1-5 | 2B, K, RBI",,5,1,1,0,0,1,0,1,0,0,0,0,5,2,,,,,,,,,,
2026-08-24,825041,,/api/v1.1/game/825041/feed/live,R,2026,2026-08-24,,night,P,N,N,Regular Season,1,3,1,Final,Final,15,Chase Field,109,Arizona Diamondbacks,AZ,0,False,112,Chicago Cubs,CHC,7,True,650644,Aaron Civale,Aaron,Civale,38,1995-06-12,31,"6' 1""",245,1,Pitcher,R,Right,R,Right,,,,,,,,,,,,,,,,,,,,,,,,,,
2026-08-24,825041,,/api/v1.1/game/825041/feed/live,R,2026,2026-08-24,,night,P,N,N,Regular Season,1,3,1,Final,Final,15,Chase Field,109,Arizona Diamondbacks,AZ,0,False,112,Chicago Cubs,CHC,7,True,666171,Ryan Zeferjahn,Ryan,Zeferjahn,56,1998-02-28,28,"6' 5""",209,1,Pitcher,R,Right,R,Right,"1.0 IP, 0 ER, 0 K, 0 BB",,,,,,,,,,,,,,,,1.0,0,0,0,0,0,10,0,0,0
2026-08-24,825041,,/api/v1.1/game/825041/feed/live,R,2026,2026-08-24,,night,P,N,N,Regular Season,1,3,1,Final,Final,15,Chase Field,109,Arizona Diamondbacks,AZ,0,False,112,Chicago Cubs,CHC,7,True,656849,David Peterson,David,Peterson,19,1995-09-03,30,"6' 6""",240,1,Pitcher,L,Left,L,Left,,,,,,,,,,,,,,,,,,,,,,,,,,
2026-08-24,825041,,/api/v1.1/game/825041/feed/live,R,2026,2026-08-24,,night,P,N,N,Regular Season,1,3,1,Final,Final,15,Chase Field,109,Arizona Diamondbacks,AZ,0,False,112,Chicago Cubs,CHC,7,True,669020,Ryan Rolison,Ryan,Rolison,33,1997-07-11,29,"6' 2""",213,1,Pitcher,R,Right,L,Left,,,,,,,,,,,,,,,,,,,,,,,,,,
2026-08-24,825041,,/api/v1.1/game/825041/feed/live,R,2026,2026-08-24,,night,P,N,N,Regular Season,1,3,1,Final,Final,15,Chase Field,109,Arizona Diamondbacks,AZ,0,False,112,Chicago Cubs,CHC,7,True,663423,Trent Thornton,Trent,Thornton,49,1993-09-30,32,"6' 0""",190,1,Pitcher,R,Right,R,Right,,,,,,,,,,,,,,,,,,,,,,,,,,
2026-08-24,825041,,/api/v1.1/game/825041/feed/live,R,2026,2026-08-24,,night,P,N,N,Regular Season,1,3,1,Final,Final,15,Chase Field,109,Arizona Diamondbacks,AZ,0,False,112,Chicago Cubs,CHC,7,True,605280,Clay Holmes,Clayton,Holmes,25,1993-03-27,33,"6' 5""",245,1,Pitcher,R,Right,R,Right,,,,,,,,,,,,,,,,,,,,,,,,,,
2026-08-24,825041,,/api/v1.1/game/825041/feed/live,R,2026,2026-08-24,,night,P,N,N,Regular Season,1,3,1,Final,Final,15,Chase Field,109,Arizona Diamondbacks,AZ,0,False,112,Chicago Cubs,CHC,7,True,571510,Matthew Boyd,Matthew,Boyd,16,1991-02-02,35,"6' 3""",223,1,Pitcher,L,Left,L,Left,,,,,,,,,,,,,,,,,,,,,,,,,,
2026-08-24,825041,,/api/v1.1/game/825041/feed/live,R,2026,2026-08-24,,night,P,N,N,Regular Season,1,3,1,Final,Final,15,Chase Field,109,Arizona Diamondbacks,AZ,0,False,112,Chicago Cubs,CHC,7,True,682634,Kevin Alcántara,Kevin,Alcantara,13,2002-07-12,24,"6' 6""",188,10,Designated Hitter,R,Right,R,Right,,,,,,,,,,,,,,,,,,,,,,,,,,
2026-08-24,825041,,/api/v1.1/game/825041/feed/live,R,2026,2026-08-24,,night,P,N,N,Regular Season,1,3,1,Final,Final,15,Chase Field,109,Arizona Diamondbacks,AZ,0,False,112,Chicago Cubs,CHC,7,True,607067,Colin Rea,Colin,Rea,53,1990-07-01,36,"6' 5""",220,1,Pitcher,R,Right,R,Right,,,,,,,,,,,,,,,,,,,,,,,,,,
2026-08-24,825041,,/api/v1.1/game/825041/feed/live,R,2026,2026-08-24,,night,P,N,N,Regular Season,1,3,1,Final,Final,15,Chase Field,109,Arizona Diamondbacks,AZ,0,False,112,Chicago Cubs,CHC,7,True,663538,Nico Hoerner,Nicholas,Hoerner,2,1997-05-13,29,"5' 11""",200,4,Second Base,R,Right,R,Right,"0-3 | K, RBI",,3,0,0,0,0,1,0,1,0,0,0,0,4,0,,,,,,,,,,
2026-08-24,824964,,/api/v1.1/game/824964/feed/live,R,2026,2026-08-24,,night,P,N,N,Regular Season,1,3,1,Final,Final,2529,Sutter Health Park,133,Athletics,ATH,6,False,142,Minnesota Twins,MIN,9,True,671732,Lawrence Butler,Lawrence,Butler,4,2000-07-10,26,"6' 3""",210,9,Outfielder,L,Left,R,Right,"2-3 | 2B, 2 BB, K",,3,2,1,0,0,2,0,1,2,0,0,0,5,3,,,,,,,,,,
2026-08-24,824964,,/api/v1.1/game/824964/feed/live,R,2026,2026-08-24,,night,P,N,N,Regular Season,1,3,1,Final,Final,2529,Sutter Health Park,133,Athletics,ATH,6,False,142,Minnesota Twins,MIN,9,True,695720,Tommy White,Thomas,White,47,2003-03-02,23,"6' 0""",220,5,Third Base,R,Right,R,Right,"0-4 | K, RBI",,4,0,0,0,0,1,0,1,0,0,0,0,5,0,,,,,,,,,,
2026-08-24,824964,,/api/v1.1/game/824964/feed/live,R,2026,2026-08-24,,night,P,N,N,Regular Season,1,3,1,Final,Final,2529,Sutter Health Park,133,Athletics,ATH,6,False,142,Minnesota Twins,MIN,9,True,641680,Jonah Heim,Jonah,Heim,15,1995-06-27,31,"6' 4""",220,2,Catcher,S,Switch,R,Right,"1-4 | K, R",,4,1,0,0,0,0,1,1,0,0,0,0,4,1,,,,,,,,,,
2026-08-24,824964,,/api/v1.1/game/824964/feed/live,R,2026,2026-08-24,,night,P,N,N,Regular Season,1,3,1,Final,Final,2529,Sutter Health Park,133,Athletics,ATH,6,False,142,Minnesota Twins,MIN,9,True,622268,Donovan Walton,Donovan,Walton,29,1994-05-25,32,"5' 9""",190,4,Second Base,L,Left,R,Right,0-3 | HBP,,3,0,0,0,0,0,0,0,0,0,0,0,4,0,,,,,,,,,,
2026-08-24,824964,,/api/v1.1/game/824964/feed/live,R,2026,2026-08-24,,night,P,N,N,Regular Season,1,3,1,Final,Final,2529,Sutter Health Park,133,Athletics,ATH,6,False,142,Minnesota Twins,MIN,9,True,669372,J.T. Ginn,John,Ginn,35,1999-05-20,27,"6' 2""",200,1,Pitcher,R,Right,R,Right,,,,,,,,,,,,,,,,,,,,,,,,,,
2026-08-24,824964,,/api/v1.1/game/824964/feed/live,R,2026,2026-08-24,,night,P,N,N,Regular Season,1,3,1,Final,Final,2529,Sutter Health Park,133,Athletics,ATH,6,False,142,Minnesota Twins,MIN,9,True,680869,Zack Gelof,Zachary,Gelof,20,1999-10-19,26,"6' 2""",205,5,Third Base,R,Right,R,Right,"2-5 | 2B, K, RBI",,5,2,1,0,0,1,1,1,0,0,0,2,5,3,,,,,,,,,,
2026-08-24,824964,,/api/v1.1/game/824964/feed/live,R,2026,2026-08-24,,night,P,N,N,Regular Season,1,3,1,Final,Final,2529,Sutter Health Park,133,Athletics,ATH,6,False,142,Minnesota Twins,MIN,9,True,683021,Michael Stefanic,Michael,Stefanic,17,1996-02-24,30,"5' 9""",180,4,Second Base,R,Right,R,Right,,,,,,,,,,,,,,,,,,,,,,,,,,
2026-08-24,824964,,/api/v1.1/game/824964/feed/live,R,2026,2026-08-24,,night,P,N,N,Regular Season,1,3,1,Final,Final,2529,Sutter Health Park,133,Athletics,ATH,6,False,142,Minnesota Twins,MIN,9,True,680723,Drew Rom,Drew,Rom,39,1999-12-15,26,"6' 1""",225,1,Pitcher,L,Left,L,Left,"1.0 IP, 0 ER, 0 K, 0 BB",,,,,,,,,,,,,,,,1.0,0,1,0,0,0,10,0,0,0
2026-08-24,824964,,/api/v1.1/game/824964/feed/live,R,2026,2026-08-24,,night,P,N,N,Regular Season,1,3,1,Final,Final,2529,Sutter Health Park,133,Athletics,ATH,6,False,142,Minnesota Twins,MIN,9,True,643446,Jeff McNeil,Jeffrey,McNeil,22,1992-04-08,34,"6' 0""",195,4,Second Base,L,Left,R,Right,"3-5 | 2B, 2 RBI, R",,5,3,1,0,0,2,1,0,0,0,0,0,5,4,,,,,,,,,,
2026-08-24,824964,,/api/v1.1/game/824964/feed/live,R,2026,2026-08-24,,night,P,N,N,Regular Season,1,3,1,Final,Final,2529,Sutter Health Park,133,Athletics,ATH,6,False,142,Minnesota Twins,MIN,9,True,661531,Brian Serven,Brian,Serven,10,1995-05-05,31,"6' 0""",207,2,Catcher,R,Right,R,Right,,,,,,,,,,,,,,,,,,,,,,,,,,
2026-08-24,824964,,/api/v1.1/game/824964/feed/live,R,2026,2026-08-24,,night,P,N,N,Regular Season,1,3,1,Final,Final,2529,Sutter Health Park,133,Athletics,ATH,6,False,142,Minnesota Twins,MIN,9,True,666126,Carlos Cortes,Carlos,Cortes,26,1997-06-30,29,"5' 7""",197,9,Outfielder,L,Left,S,Switch,0-4 | 2 K,,4,0,0,0,0,0,0,2,0,0,0,0,4,0,,,,,,,,,,
2026-08-24,824964,,/api/v1.1/game/824964/feed/live,R,2026,2026-08-24,,night,P,N,N,Regular Season,1,3,1,Final,Final,2529,Sutter Health Park,133,Athletics,ATH,6,False,142,Minnesota Twins,MIN,9,True,656240,Scott Blewett,Scott,Blewett,49,1996-04-10,30,"6' 6""",245,1,Pitcher,R,Right,R,Right,,,,,,,,,,,,,,,,,,,,,,,,,,
2026-08-24,824964,,/api/v1.1/game/824964/feed/live,R,2026,2026-08-24,,night,P,N,N,Regular Season,1,3,1,Final,Final,2529,Sutter Health Park,133,Athletics,ATH,6,False,142,Minnesota Twins,MIN,9,True,682052,Jacob Lopez,Jacob,Lopez,57,1998-03-11,28,"6' 4""",220,1,Pitcher,L,Left,L,Left,,,,,,,,,,,,,,,,,,,,,,,,,,
2026-08-24,824964,,/api/v1.1/game/824964/feed/live,R,2026,2026-08-24,,night,P,N,N,Regular Season,1,3,1,Final,Final,2529,Sutter Health Park,133,Athletics,ATH,6,False,142,Minnesota Twins,MIN,9,True,675961,Alika Williams,Alexander,Williams,12,1999-03-12,27,"6' 1""",183,6,Shortstop,R,Right,R,Right,,,,,,,,,,,,,,,,,,,,,,,,,,
2026-08-24,824964,,/api/v1.1/game/824964/feed/live,R,2026,2026-08-24,,night,P,N,N,Regular Season,1,3,1,Final,Final,2529,Sutter Health Park,133,Athletics,ATH,6,False,142,Minnesota Twins,MIN,9,True,691777,Max Muncy,Maxwell,Muncy,3,2002-08-25,24,"6' 0""",180,5,Third Base,R,Right,R,Right,1-4 | K,,4,1,0,0,0,0,0,1,0,0,0,0,4,1,,,,,,,,,,
2026-08-24,824964,,/api/v1.1/game/824964/feed/live,R,2026,2026-08-24,,night,P,N,N,Regular Season,1,3,1,Final,Final,2529,Sutter Health Park,133,Athletics,ATH,6,False,142,Minnesota Twins,MIN,9,True,669620,Brady Basso,Brady,Basso,66,1997-10-08,28,"6' 2""",213,1,Pitcher,R,Right,L,Left,,,,,,,,,,,,,,,,,,,,,,,,,,
2026-08-24,824964,,/api/v1.1/game/824964/feed/live,R,2026,2026-08-24,,night,P,N,N,Regular Season,1,3,1,Final,Final,2529,Sutter Health Park,133,Athletics,ATH,6,False,142,Minnesota Twins,MIN,9,True,695611,Gage Jump,Gage,Jump,61,2003-04-12,23,"6' 0""",200,1,Pitcher,L,Left,L,Left,,,,,,,,,,,,,,,,,,,,,,,,,,
2026-08-24,824964,,/api/v1.1/game/824964/feed/live,R,2026,2026-08-24,,night,P,N,N,Regular Season,1,3,1,Final,Final,2529,Sutter Health Park,133,Athletics,ATH,6,False,142,Minnesota Twins,MIN,9,True,696522,Hayden Juenger,Hayden,Juenger,58,2000-08-09,26,"6' 0""",180,1,Pitcher,R,Right,R,Right,"0.2 IP, 3 ER, 0 K, BB",,,,,,,,,,,,,,,,0.2,3,3,0,0,1,19,0,0,0
2026-08-24,824964,,/api/v1.1/game/824964/feed/live,R,2026,2026-08-24,,night,P,N,N,Regular Season,1,3,1,Final,Final,2529,Sutter Health Park,133,Athletics,ATH,6,False,142,Minnesota Twins,MIN,9,True,665660,Elvis Alvarado,Elvis,Alvarado,37,1999-02-23,27,"6' 6""",253,1,Pitcher,R,Right,R,Right,,,,,,,,,,,,,,,,,,,,,,,,,,
2026-08-24,824964,,/api/v1.1/game/824964/feed/live,R,2026,2026-08-24,,night,P,N,N,Regular Season,1,3,1,Final,Final,2529,Sutter Health Park,133,Athletics,ATH,6,False,142,Minnesota Twins,MIN,9,True,687231,Darell Hernaiz,Darell,Hernaiz,2,2001-08-03,25,"5' 11""",190,6,Shortstop,R,Right,R,Right,,,,,,,,,,,,,,,,,,,,,,,,,,
2026-08-24,824964,,/api/v1.1/game/824964/feed/live,R,2026,2026-08-24,,night,P,N,N,Regular Season,1,3,1,Final,Final,2529,Sutter Health Park,133,Athletics,ATH,6,False,142,Minnesota Twins,MIN,9,True,695034,Kade Morris,Kade,Morris,67,2002-06-21,24,"6' 3""",190,1,Pitcher,R,Right,R,Right,"2.2 IP, 2 ER, 2 K, 0 BB",,,,,,,,,,,,,,,,2.2,2,5,0,2,0,41,0,0,0
2026-08-24,824964,,/api/v1.1/game/824964/feed/live,R,2026,2026-08-24,,night,P,N,N,Regular Season,1,3,1,Final,Final,2529,Sutter Health Park,133,Athletics,ATH,6,False,142,Minnesota Twins,MIN,9,True,663687,Hogan Harris,Hogan,Harris,36,1996-12-26,29,"6' 3""",230,1,Pitcher,R,Right,L,Left,,,,,,,,,,,,,,,,,,,,,,,,,,
2026-08-24,824964,,/api/v1.1/game/824964/feed/live,R,2026,2026-08-24,,night,P,N,N,Regular Season,1,3,1,Final,Final,2529,Sutter Health Park,133,Athletics,ATH,6,False,142,Minnesota Twins,MIN,9,True,665622,Luis Medina,Luis,Medina,46,1999-05-03,27,"6' 1""",175,1,Pitcher,R,Right,R,Right,,,,,,,,,,,,,,,,,,,,,,,,,,
2026-08-24,824964,,/api/v1.1/game/824964/feed/live,R,2026,2026-08-24,,night,P,N,N,Regular Season,1,3,1,Final,Final,2529,Sutter Health Park,133,Athletics,ATH,6,False,142,Minnesota Twins,MIN,9,True,703607,Henry Bolte,Henry,Bolte,33,2003-08-04,23,"6' 3""",195,8,Outfielder,R,Right,R,Right,"3-4 | BB, 3 R",,4,3,0,0,0,0,3,0,1,0,0,0,5,3,,,,,,,,,,
2026-08-24,824964,,/api/v1.1/game/824964/feed/live,R,2026,2026-08-24,,night,P,N,N,Regular Season,1,3,1,Final,Final,2529,Sutter Health Park,133,Athletics,ATH,6,False,142,Minnesota Twins,MIN,9,True,678022,Jack Perkins,Jackson,Perkins,50,1999-12-26,26,"6' 1""",220,1,Pitcher,R,Right,R,Right,,,,,,,,,,,,,,,,,,,,,,,,,,
2026-08-24,824964,,/api/v1.1/game/824964/feed/live,R,2026,2026-08-24,,night,P,N,N,Regular Season,1,3,1,Final,Final,2529,Sutter Health Park,133,Athletics,ATH,6,False,142,Minnesota Twins,MIN,9,True,605488,Jeffrey Springs,Jeffrey,Springs,59,1992-09-20,33,"6' 3""",218,1,Pitcher,L,Left,L,Left,"4.2 IP, 4 ER, 3 K, 2 BB",,,,,,,,,,,,,,,,4.2,4,7,1,3,2,89,0,1,0
2026-08-24,824964,,/api/v1.1/game/824964/feed/live,R,2026,2026-08-24,,night,P,N,N,Regular Season,1,3,1,Final,Final,2529,Sutter Health Park,133,Athletics,ATH,6,False,142,Minnesota Twins,MIN,9,True,665152,Dean Kremer,Dean,Kremer,13,1996-01-07,30,"6' 2""",210,1,Pitcher,R,Right,R,Right,,,,,,,,,,,,,,,,,,,,,,,,,,
2026-08-24,824964,,/api/v1.1/game/824964/feed/live,R,2026,2026-08-24,,night,P,N,N,Regular Season,1,3,1,Final,Final,2529,Sutter Health Park,133,Athletics,ATH,6,False,142,Minnesota Twins,MIN,9,True,667297,Tommy Nance,Thomas,Nance,35,1991-03-19,35,"6' 6""",235,1,Pitcher,R,Right,R,Right,"1.0 IP, ER, 0 K, BB",,,,,,,,,,,,,,,,1.0,1,2,0,0,1,16,0,0,0
2026-08-24,824964,,/api/v1.1/game/824964/feed/live,R,2026,2026-08-24,,night,P,N,N,Regular Season,1,3,1,Final,Final,2529,Sutter Health Park,133,Athletics,ATH,6,False,142,Minnesota Twins,MIN,9,True,671737,Taj Bradley,Taj,Bradley,26,2001-03-20,25,"6' 2""",220,1,Pitcher,R,Right,R,Right,,,,,,,,,,,,,,,,,,,,,,,,,,
2026-08-24,824964,,/api/v1.1/game/824964/feed/live,R,2026,2026-08-24,,night,P,N,N,Regular Season,1,3,1,Final,Final,2529,Sutter Health Park,133,Athletics,ATH,6,False,142,Minnesota Twins,MIN,9,True,605170,Victor Caratini,Victor,Caratini,37,1993-08-17,33,"6' 0""",225,2,Catcher,S,Switch,R,Right,,,,,,,,,,,,,,,,,,,,,,,,,,
2026-08-24,824964,,/api/v1.1/game/824964/feed/live,R,2026,2026-08-24,,night,P,N,N,Regular Season,1,3,1,Final,Final,2529,Sutter Health Park,133,Athletics,ATH,6,False,142,Minnesota Twins,MIN,9,True,665019,Kody Clemens,Kody,Clemens,2,1996-05-15,30,"6' 0""",200,3,First Base,L,Left,R,Right,"2-5 | 2 K, 2 RBI",,5,2,0,0,0,2,0,2,0,0,0,0,5,2,,,,,,,,,,
2026-08-24,824964,,/api/v1.1/game/824964/feed/live,R,2026,2026-08-24,,night,P,N,N,Regular Season,1,3,1,Final,Final,2529,Sutter Health Park,133,Athletics,ATH,6,False,142,Minnesota Twins,MIN,9,True,686797,Brooks Lee,Brooks,Lee,22,2001-02-14,25,"6' 0""",205,5,Third Base,S,Switch,R,Right,1-5 | R,,5,1,0,0,0,0,1,0,0,0,0,0,5,1,,,,,,,,,,
2026-08-24,824964,,/api/v1.1/game/824964/feed/live,R,2026,2026-08-24,,night,P,N,N,Regular Season,1,3,1,Final,Final,2529,Sutter Health Park,133,Athletics,ATH,6,False,142,Minnesota Twins,MIN,9,True,605137,Josh Bell,Joshua,Bell,56,1992-08-14,34,"6' 3""",261,10,Designated Hitter,S,Switch,R,Right,"1-3 | 2B, HBP, 3 RBI",,3,1,1,0,0,3,1,0,0,0,0,0,5,2,,,,,,,,,,
2026-08-24,824964,,/api/v1.1/game/824964/feed/live,R,2026,2026-08-24,,night,P,N,N,Regular Season,1,3,1,Final,Final,2529,Sutter Health Park,133,Athletics,ATH,6,False,142,Minnesota Twins,MIN,9,True,656546,Jeff Hoffman,Jeffrey,Hoffman,24,1993-01-08,33,"6' 5""",235,1,Pitcher,R,Right,R,Right,,,,,,,,,,,,,,,,,,,,,,,,,,
2026-08-24,824964,,/api/v1.1/game/824964/feed/live,R,2026,2026-08-24,,night,P,N,N,Regular Season,1,3,1,Final,Final,2529,Sutter Health Park,133,Athletics,ATH,6,False,142,Minnesota Twins,MIN,9,True,621345,A.J. Minter,Alex,Minter,33,1993-09-02,32,"6' 0""",215,1,Pitcher,L,Left,L,Left,,,,,,,,,,,,,,,,,,,,,,,,,,
2026-08-24,824964,,/api/v1.1/game/824964/feed/live,R,2026,2026-08-24,,night,P,N,N,Regular Season,1,3,1,Final,Final,2529,Sutter Health Park,133,Athletics,ATH,6,False,142,Minnesota Twins,MIN,9,True,702176,Alan Roden,Alan,Roden,18,1999-12-22,26,"5' 11""",215,9,Outfielder,L,Left,R,Right,,,,,,,,,,,,,,,,,,,,,,,,,,
2026-08-24,824964,,/api/v1.1/game/824964/feed/live,R,2026,2026-08-24,,night,P,N,N,Regular Season,1,3,1,Final,Final,2529,Sutter Health Park,133,Athletics,ATH,6,False,142,Minnesota Twins,MIN,9,True,701785,Kaelen Culpepper,Kaelen,Culpepper,12,2002-12-29,23,"5' 10""",185,6,Shortstop,R,Right,R,Right,"4-5 | RBI, R",,5,4,0,0,0,1,1,0,0,0,0,0,5,4,,,,,,,,,,
2026-08-24,824964,,/api/v1.1/game/824964/feed/live,R,2026,2026-08-24,,night,P,N,N,Regular Season,1,3,1,Final,Final,2529,Sutter Health Park,133,Athletics,ATH,6,False,142,Minnesota Twins,MIN,9,True,687570,Connor Prielipp,Connor,Prielipp,61,2001-01-10,25,"6' 2""",210,1,Pitcher,L,Left,L,Left,,,,,,,,,,,,,,,,,,,,,,,,,,
2026-08-24,824964,,/api/v1.1/game/824964/feed/live,R,2026,2026-08-24,,night,P,N,N,Regular Season,1,3,1,Final,Final,2529,Sutter Health Park,133,Athletics,ATH,6,False,142,Minnesota Twins,MIN,9,True,680777,Ryan Jeffers,Ryan,Jeffers,27,1997-06-03,29,"6' 2""",235,2,Catcher,R,Right,R,Right,1-4 | 2 BB,,4,1,0,0,0,0,0,0,2,0,0,0,6,1,,,,,,,,,,
2026-08-24,824964,,/api/v1.1/game/824964/feed/live,R,2026,2026-08-24,,night,P,N,N,Regular Season,1,3,1,Final,Final,2529,Sutter Health Park,133,Athletics,ATH,6,False,142,Minnesota Twins,MIN,9,True,668952,Ryan Kreidler,Ryan,Kreidler,5,1997-11-12,28,"6' 3""",208,6,Shortstop,R,Right,R,Right,"1-4 | HR, 2 K, RBI",,4,1,0,0,1,1,2,2,0,0,0,0,5,4,,,,,,,,,,
2026-08-24,824964,,/api/v1.1/game/824964/feed/live,R,2026,2026-08-24,,night,P,N,N,Regular Season,1,3,1,Final,Final,2529,Sutter Health Park,133,Athletics,ATH,6,False,142,Minnesota Twins,MIN,9,True,573124,Taylor Rogers,Taylor,Rogers,55,1990-12-17,35,"6' 3""",190,1,Pitcher,L,Left,L,Left,,,,,,,,,,,,,,,,,,,,,,,,,,
2026-08-24,824964,,/api/v1.1/game/824964/feed/live,R,2026,2026-08-24,,night,P,N,N,Regular Season,1,3,1,Final,Final,2529,Sutter Health Park,133,Athletics,ATH,6,False,142,Minnesota Twins,MIN,9,True,641927,Bailey Ober,John,Ober,17,1995-07-12,31,"6' 9""",260,1,Pitcher,R,Right,R,Right,,,,,,,,,,,,,,,,,,,,,,,,,,
2026-08-24,824964,,/api/v1.1/game/824964/feed/live,R,2026,2026-08-24,,night,P,N,N,Regular Season,1,3,1,Final,Final,2529,Sutter Health Park,133,Athletics,ATH,6,False,142,Minnesota Twins,MIN,9,True,681892,Kody Funderburk,Kody,Funderburk,57,1996-11-27,29,"6' 4""",230,1,Pitcher,L,Left,L,Left,,,,,,,,,,,,,,,,,,,,,,,,,,
2026-08-24,824964,,/api/v1.1/game/824964/feed/live,R,2026,2026-08-24,,night,P,N,N,Regular Season,1,3,1,Final,Final,2529,Sutter Health Park,133,Athletics,ATH,6,False,142,Minnesota Twins,MIN,9,True,701519,Travis Adams,Travis,Adams,45,2000-01-19,26,"6' 1""",197,1,Pitcher,R,Right,R,Right,,,,,,,,,,,,,,,,,,,,,,,,,,
2026-08-24,824964,,/api/v1.1/game/824964/feed/live,R,2026,2026-08-24,,night,P,N,N,Regular Season,1,3,1,Final,Final,2529,Sutter Health Park,133,Athletics,ATH,6,False,142,Minnesota Twins,MIN,9,True,668904,Royce Lewis,Royce,Lewis,23,1999-06-05,27,"6' 0""",200,3,First Base,R,Right,R,Right,1-5,,5,1,0,0,0,0,0,0,0,0,0,0,5,1,,,,,,,,,,
2026-08-24,824964,,/api/v1.1/game/824964/feed/live,R,2026,2026-08-24,,night,P,N,N,Regular Season,1,3,1,Final,Final,2529,Sutter Health Park,133,Athletics,ATH,6,False,142,Minnesota Twins,MIN,9,True,663616,Trevor Larnach,Trevor,Larnach,9,1997-02-26,29,"6' 3""",223,7,Outfielder,L,Left,R,Right,,,,,,,,,,,,,,,,,,,,,,,,,,
2026-08-24,824964,,/api/v1.1/game/824964/feed/live,R,2026,2026-08-24,,night,P,N,N,Regular Season,1,3,1,Final,Final,2529,Sutter Health Park,133,Athletics,ATH,6,False,142,Minnesota Twins,MIN,9,True,621439,Byron Buxton,Byron,Buxton,25,1993-12-18,32,"6' 1""",190,8,Outfielder,R,Right,R,Right,"3-5 | 2B, BB, 4 R",,5,3,1,0,0,0,4,0,1,0,0,0,6,4,,,,,,,,,,
2026-08-24,824964,,/api/v1.1/game/824964/feed/live,R,2026,2026-08-24,,night,P,N,N,Regular Season,1,3,1,Final,Final,2529,Sutter Health Park,133,Athletics,ATH,6,False,142,Minnesota Twins,MIN,9,True,672782,Yoendrys Gómez,Yoendrys,Gómez,94,1999-10-15,26,"6' 3""",212,1,Pitcher,R,Right,R,Right,"0.2 IP, 4 ER, 0 K, BB",,,,,,,,,,,,,,,,0.2,4,4,0,0,1,20,0,0,0
2026-08-24,824964,,/api/v1.1/game/824964/feed/live,R,2026,2026-08-24,,night,P,N,N,Regular Season,1,3,1,Final,Final,2529,Sutter Health Park,133,Athletics,ATH,6,False,142,Minnesota Twins,MIN,9,True,805673,Zebby Matthews,Daniel,Matthews,52,2000-05-22,26,"6' 5""",225,1,Pitcher,R,Right,R,Right,"7.0 IP, ER, 7 K, BB",,,,,,,,,,,,,,,,7.0,1,6,0,7,1,105,1,0,0
2026-08-24,824964,,/api/v1.1/game/824964/feed/live,R,2026,2026-08-24,,night,P,N,N,Regular Season,1,3,1,Final,Final,2529,Sutter Health Park,133,Athletics,ATH,6,False,142,Minnesota Twins,MIN,9,True,656577,Alex Jackson,Alexander,Jackson,70,1995-12-25,30,"6' 1""",238,2,Catcher,R,Right,R,Right,,,,,,,,,,,,,,,,,,,,,,,,,,
2026-08-24,824964,,/api/v1.1/game/824964/feed/live,R,2026,2026-08-24,,night,P,N,N,Regular Season,1,3,1,Final,Final,2529,Sutter Health Park,133,Athletics,ATH,6,False,142,Minnesota Twins,MIN,9,True,702193,Andrew Morris,Andrew,Morris,78,2001-09-01,24,"6' 0""",195,1,Pitcher,R,Right,R,Right,"0.1 IP, 0 ER, 0 K, 0 BB",,,,,,,,,,,,,,,,0.1,0,0,0,0,0,1,0,0,1
2026-08-24,824964,,/api/v1.1/game/824964/feed/live,R,2026,2026-08-24,,night,P,N,N,Regular Season,1,3,1,Final,Final,2529,Sutter Health Park,133,Athletics,ATH,6,False,142,Minnesota Twins,MIN,9,True,807712,Luke Keaschall,Luke,Keaschall,15,2002-08-15,24,"6' 0""",190,4,Second Base,R,Right,R,Right,"2-6 | 2 2B, K, 2 RBI",,6,2,2,0,0,2,0,1,0,0,0,0,6,4,,,,,,,,,,
2026-08-24,823097,,/api/v1.1/game/823097/feed/live,R,2026,2026-08-24,,night,P,N,N,Regular Season,1,3,1,Final,Final,680,T-Mobile Park,136,Seattle Mariners,SEA,9,True,143,Philadelphia Phillies,PHI,2,False,647304,Josh Naylor,Joshua-Douglas,Naylor,12,1997-06-22,29,"5' 10""",235,3,First Base,L,Left,L,Left,3-4,,4,3,0,0,0,0,0,0,0,0,0,0,4,3,,,,,,,,,,
2026-08-24,823097,,/api/v1.1/game/823097/feed/live,R,2026,2026-08-24,,night,P,N,N,Regular Season,1,3,1,Final,Final,680,T-Mobile Park,136,Seattle Mariners,SEA,9,True,143,Philadelphia Phillies,PHI,2,False,645302,Victor Robles,Victor,Robles,10,1997-05-19,29,"6' 0""",193,9,Outfielder,R,Right,R,Right,,,,,,,,,,,,,,,,,,,,,,,,,,
2026-08-24,823097,,/api/v1.1/game/823097/feed/live,R,2026,2026-08-24,,night,P,N,N,Regular Season,1,3,1,Final,Final,680,T-Mobile Park,136,Seattle Mariners,SEA,9,True,143,Philadelphia Phillies,PHI,2,False,702284,Cole Young,Cole,Young,2,2003-07-29,23,"5' 10""",180,4,Second Base,L,Left,R,Right,"1-4 | HR, RBI, R",,4,1,0,0,1,1,1,0,0,0,0,0,4,4,,,,,,,,,,
2026-08-24,823097,,/api/v1.1/game/823097/feed/live,R,2026,2026-08-24,,night,P,N,N,Regular Season,1,3,1,Final,Final,680,T-Mobile Park,136,Seattle Mariners,SEA,9,True,143,Philadelphia Phillies,PHI,2,False,678606,José A. Ferrer,José,Ferrer,45,2000-03-03,26,"6' 1""",233,1,Pitcher,L,Left,L,Left,,,,,,,,,,,,,,,,,,,,,,,,,,
2026-08-24,823097,,/api/v1.1/game/823097/feed/live,R,2026,2026-08-24,,night,P,N,N,Regular Season,1,3,1,Final,Final,680,T-Mobile Park,136,Seattle Mariners,SEA,9,True,143,Philadelphia Phillies,PHI,2,False,621074,Michael Rucker,Michael,Rucker,38,1994-04-27,32,"6' 1""",195,1,Pitcher,R,Right,R,Right,,,,,,,,,,,,,,,,,,,,,,,,,,
2026-08-24,823097,,/api/v1.1/game/823097/feed/live,R,2026,2026-08-24,,night,P,N,N,Regular Season,1,3,1,Final,Final,680,T-Mobile Park,136,Seattle Mariners,SEA,9,True,143,Philadelphia Phillies,PHI,2,False,642215,Weston Wilson,Weston,Wilson,31,1994-09-11,31,"6' 3""",215,5,Third Base,R,Right,R,Right,0-4 | 3 K,,4,0,0,0,0,0,0,3,0,0,0,0,4,0,,,,,,,,,,
2026-08-24,823097,,/api/v1.1/game/823097/feed/live,R,2026,2026-08-24,,night,P,N,N,Regular Season,1,3,1,Final,Final,680,T-Mobile Park,136,Seattle Mariners,SEA,9,True,143,Philadelphia Phillies,PHI,2,False,668227,Randy Arozarena,Randy,Arozarena,56,1995-02-28,31,"5' 10""",185,7,Outfielder,R,Right,R,Right,"0-2 | 3 BB, K, R",,2,0,0,0,0,0,1,1,3,0,0,0,5,0,,,,,,,,,,
2026-08-24,823097,,/api/v1.1/game/823097/feed/live,R,2026,2026-08-24,,night,P,N,N,Regular Season,1,3,1,Final,Final,680,T-Mobile Park,136,Seattle Mariners,SEA,9,True,143,Philadelphia Phillies,PHI,2,False,621550,Patrick Wisdom,Patrick,Wisdom,35,1991-08-27,34,"6' 2""",220,5,Third Base,R,Right,R,Right,,,,,,,,,,,,,,,,,,,,,,,,,,
2026-08-24,823097,,/api/v1.1/game/823097/feed/live,R,2026,2026-08-24,,night,P,N,N,Regular Season,1,3,1,Final,Final,680,T-Mobile Park,136,Seattle Mariners,SEA,9,True,143,Philadelphia Phillies,PHI,2,False,621493,Taylor Ward,Joseph,Ward,27,1993-12-14,32,"6' 0""",205,10,Designated Hitter,R,Right,R,Right,"0-2 | 2 BB, K, R",,2,0,0,0,0,0,1,1,2,0,0,0,4,0,,,,,,,,,,
2026-08-24,823097,,/api/v1.1/game/823097/feed/live,R,2026,2026-08-24,,night,P,N,N,Regular Season,1,3,1,Final,Final,680,T-Mobile Park,136,Seattle Mariners,SEA,9,True,143,Philadelphia Phillies,PHI,2,False,686527,Dominic Canzone,Dominic,Canzone,8,1997-08-16,29,"6' 0""",190,10,Designated Hitter,L,Left,R,Right,"1-5 | 2 K, R",,5,1,0,0,0,0,1,2,0,0,0,1,5,1,,,,,,,,,,
2026-08-24,823097,,/api/v1.1/game/823097/feed/live,R,2026,2026-08-24,,night,P,N,N,Regular Season,1,3,1,Final,Final,680,T-Mobile Park,136,Seattle Mariners,SEA,9,True,143,Philadelphia Phillies,PHI,2,False,663728,Cal Raleigh,Caleb,Raleigh,29,1996-11-26,29,"6' 2""",235,2,Catcher,S,Switch,R,Right,"3-3 | 3 HR, BB, 4 RBI",,3,3,0,0,3,4,3,0,1,0,0,0,4,12,,,,,,,,,,
2026-08-24,823097,,/api/v1.1/game/823097/feed/live,R,2026,2026-08-24,,night,P,N,N,Regular Season,1,3,1,Final,Final,680,T-Mobile Park,136,Seattle Mariners,SEA,9,True,143,Philadelphia Phillies,PHI,2,False,640902,Jhonny Pereda,Jhonny,Pereda,5,1996-04-18,30,"6' 1""",202,2,Catcher,R,Right,R,Right,,,,,,,,,,,,,,,,,,,,,,,,,,
2026-08-24,823097,,/api/v1.1/game/823097/feed/live,R,2026,2026-08-24,,night,P,N,N,Regular Season,1,3,1,Final,Final,680,T-Mobile Park,136,Seattle Mariners,SEA,9,True,143,Philadelphia Phillies,PHI,2,False,801126,Brock Rodden,Brock,Rodden,90,2000-05-25,26,"5' 7""",170,6,Shortstop,S,Switch,R,Right,0-4 | 3 K,,4,0,0,0,0,0,0,3,0,0,0,0,4,0,,,,,,,,,,
2026-08-24,823097,,/api/v1.1/game/823097/feed/live,R,2026,2026-08-24,,night,P,N,N,Regular Season,1,3,1,Final,Final,680,T-Mobile Park,136,Seattle Mariners,SEA,9,True,143,Philadelphia Phillies,PHI,2,False,669302,Logan Gilbert,Logan,Gilbert,36,1997-05-05,29,"6' 6""",215,1,Pitcher,R,Right,R,Right,"5.0 IP, 2 ER, 5 K, 2 BB",,,,,,,,,,,,,,,,5.0,2,5,1,5,2,102,1,0,0
2026-08-24,823097,,/api/v1.1/game/823097/feed/live,R,2026,2026-08-24,,night,P,N,N,Regular Season,1,3,1,Final,Final,680,T-Mobile Park,136,Seattle Mariners,SEA,9,True,143,Philadelphia Phillies,PHI,2,False,693433,Bryan Woo,Bryan,Woo,22,2000-01-30,26,"6' 2""",205,1,Pitcher,R,Right,R,Right,,,,,,,,,,,,,,,,,,,,,,,,,,
2026-08-24,823097,,/api/v1.1/game/823097/feed/live,R,2026,2026-08-24,,night,P,N,N,Regular Season,1,3,1,Final,Final,680,T-Mobile Park,136,Seattle Mariners,SEA,9,True,143,Philadelphia Phillies,PHI,2,False,622554,Seranthony Domínguez,Seranthony,Domínguez,58,1994-11-25,31,"6' 1""",225,1,Pitcher,R,Right,R,Right,"2.0 IP, 0 ER, 2 K, 0 BB",,,,,,,,,,,,,,,,2.0,0,0,0,2,0,30,0,0,0
2026-08-24,823097,,/api/v1.1/game/823097/feed/live,R,2026,2026-08-24,,night,P,N,N,Regular Season,1,3,1,Final,Final,680,T-Mobile Park,136,Seattle Mariners,SEA,9,True,143,Philadelphia Phillies,PHI,2,False,669923,George Kirby,George,Kirby,68,1998-02-04,28,"6' 4""",215,1,Pitcher,R,Right,R,Right,,,,,,,,,,,,,,,,,,,,,,,,,,
2026-08-24,823097,,/api/v1.1/game/823097/feed/live,R,2026,2026-08-24,,night,P,N,N,Regular Season,1,3,1,Final,Final,680,T-Mobile Park,136,Seattle Mariners,SEA,9,True,143,Philadelphia Phillies,PHI,2,False,662253,Andrés Muñoz,Andrés,Muñoz,75,1999-01-16,27,"6' 2""",222,1,Pitcher,R,Right,R,Right,,,,,,,,,,,,,,,,,,,,,,,,,,
2026-08-24,823097,,/api/v1.1/game/823097/feed/live,R,2026,2026-08-24,,night,P,N,N,Regular Season,1,3,1,Final,Final,680,T-Mobile Park,136,Seattle Mariners,SEA,9,True,143,Philadelphia Phillies,PHI,2,False,642100,Gabe Speier,Gabriel,Speier,55,1995-04-12,31,"5' 11""",200,1,Pitcher,L,Left,L,Left,"1.0 IP, 0 ER, 0 K, 0 BB",,,,,,,,,,,,,,,,1.0,0,0,0,0,0,12,0,0,0
2026-08-24,823097,,/api/v1.1/game/823097/feed/live,R,2026,2026-08-24,,night,P,N,N,Regular Season,1,3,1,Final,Final,680,T-Mobile Park,136,Seattle Mariners,SEA,9,True,143,Philadelphia Phillies,PHI,2,False,677594,Julio Rodríguez,Julio,Rodríguez,44,2000-12-29,25,"6' 4""",228,8,Outfielder,R,Right,R,Right,"2-5 | HR, 2 K, 3 RBI",,5,2,0,0,1,3,2,2,0,0,0,0,5,5,,,,,,,,,,
2026-08-24,823097,,/api/v1.1/game/823097/feed/live,R,2026,2026-08-24,,night,P,N,N,Regular Season,1,3,1,Final,Final,680,T-Mobile Park,136,Seattle Mariners,SEA,9,True,143,Philadelphia Phillies,PHI,2,False,660844,Leo Rivas,Leonardo,Rivas,76,1997-10-10,28,"5' 7""",150,5,Third Base,S,Switch,R,Right,,,,,,,,,,,,,,,,,,,,,,,,,,
2026-08-24,823097,,/api/v1.1/game/823097/feed/live,R,2026,2026-08-24,,night,P,N,N,Regular Season,1,3,1,Final,Final,680,T-Mobile Park,136,Seattle Mariners,SEA,9,True,143,Philadelphia Phillies,PHI,2,False,807739,Kade Anderson,Kade,Anderson,13,2004-07-06,22,"6' 2""",179,1,Pitcher,L,Left,L,Left,,,,,,,,,,,,,,,,,,,,,,,,,,
2026-08-24,823097,,/api/v1.1/game/823097/feed/live,R,2026,2026-08-24,,night,P,N,N,Regular Season,1,3,1,Final,Final,680,T-Mobile Park,136,Seattle Mariners,SEA,9,True,143,Philadelphia Phillies,PHI,2,False,682243,Bryce Miller,Bryce,Miller,50,1998-08-23,28,"6' 2""",200,1,Pitcher,R,Right,R,Right,,,,,,,,,,,,,,,,,,,,,,,,,,
2026-08-24,823097,,/api/v1.1/game/823097/feed/live,R,2026,2026-08-24,,night,P,N,N,Regular Season,1,3,1,Final,Final,680,T-Mobile Park,136,Seattle Mariners,SEA,9,True,143,Philadelphia Phillies,PHI,2,False,660825,Eduard Bazardo,Eduard,Bazardo,83,1995-09-01,30,"6' 0""",190,1,Pitcher,R,Right,R,Right,,,,,,,,,,,,,,,,,,,,,,,,,,
2026-08-24,823097,,/api/v1.1/game/823097/feed/live,R,2026,2026-08-24,,night,P,N,N,Regular Season,1,3,1,Final,Final,680,T-Mobile Park,136,Seattle Mariners,SEA,9,True,143,Philadelphia Phillies,PHI,2,False,676106,Emerson Hancock,Emerson,Hancock,26,1999-05-31,27,"6' 4""",213,1,Pitcher,R,Right,R,Right,,,,,,,,,,,,,,,,,,,,,,,,,,
2026-08-24,823097,,/api/v1.1/game/823097/feed/live,R,2026,2026-08-24,,night,P,N,N,Regular Season,1,3,1,Final,Final,680,T-Mobile Park,136,Seattle Mariners,SEA,9,True,143,Philadelphia Phillies,PHI,2,False,672841,Carlos Vargas,Carlos ,Vargas,54,1999-10-13,26,"6' 4""",210,1,Pitcher,R,Right,R,Right,"1.0 IP, 0 ER, K, 0 BB",,,,,,,,,,,,,,,,1.0,0,0,0,1,0,8,0,0,0
2026-08-24,823097,,/api/v1.1/game/823097/feed/live,R,2026,2026-08-24,,night,P,N,N,Regular Season,1,3,1,Final,Final,680,T-Mobile Park,136,Seattle Mariners,SEA,9,True,143,Philadelphia Phillies,PHI,2,False,669016,Brandon Marsh,Brandon,Marsh,16,1997-12-18,28,"6' 2""",215,7,Outfielder,L,Left,R,Right,0-4 | 2 K,,4,0,0,0,0,0,0,2,0,0,0,0,4,0,,,,,,,,,,
2026-08-24,823097,,/api/v1.1/game/823097/feed/live,R,2026,2026-08-24,,night,P,N,N,Regular Season,1,3,1,Final,Final,680,T-Mobile Park,136,Seattle Mariners,SEA,9,True,143,Philadelphia Phillies,PHI,2,False,666200,Jesús Luzardo,Jesús,Luzardo,44,1997-09-30,28,"6' 0""",218,1,Pitcher,L,Left,L,Left,,,,,,,,,,,,,,,,,,,,,,,,,,
2026-08-24,823097,,/api/v1.1/game/823097/feed/live,R,2026,2026-08-24,,night,P,N,N,Regular Season,1,3,1,Final,Final,680,T-Mobile Park,136,Seattle Mariners,SEA,9,True,143,Philadelphia Phillies,PHI,2,False,621237,José Alvarado,José,Alvarado,46,1995-05-21,31,"6' 2""",245,1,Pitcher,L,Left,L,Left,"1.0 IP, 0 ER, 2 K, 0 BB",,,,,,,,,,,,,,,,1.0,0,0,0,2,0,11,0,0,0
2026-08-24,823097,,/api/v1.1/game/823097/feed/live,R,2026,2026-08-24,,night,P,N,N,Regular Season,1,3,1,Final,Final,680,T-Mobile Park,136,Seattle Mariners,SEA,9,True,143,Philadelphia Phillies,PHI,2,False,702222,Justin Crawford,Justin,Crawford,2,2004-01-13,22,"6' 2""",188,8,Outfielder,L,Left,R,Right,0-3,,3,0,0,0,0,0,0,0,0,0,0,0,3,0,,,,,,,,,,
2026-08-24,823097,,/api/v1.1/game/823097/feed/live,R,2026,2026-08-24,,night,P,N,N,Regular Season,1,3,1,Final,Final,680,T-Mobile Park,136,Seattle Mariners,SEA,9,True,143,Philadelphia Phillies,PHI,2,False,650559,Bryan De La Cruz,Bryan,De La Cruz,41,1996-12-16,29,"6' 0""",175,9,Outfielder,R,Right,R,Right,,,,,,,,,,,,,,,,,,,,,,,,,,
2026-08-24,823097,,/api/v1.1/game/823097/feed/live,R,2026,2026-08-24,,night,P,N,N,Regular Season,1,3,1,Final,Final,680,T-Mobile Park,136,Seattle Mariners,SEA,9,True,143,Philadelphia Phillies,PHI,2,False,650911,Cristopher Sánchez,Cristopher,Sánchez,61,1996-12-12,29,"6' 6""",200,1,Pitcher,L,Left,L,Left,,,,,,,,,,,,,,,,,,,,,,,,,,
2026-08-24,823097,,/api/v1.1/game/823097/feed/live,R,2026,2026-08-24,,night,P,N,N,Regular Season,1,3,1,Final,Final,680,T-Mobile Park,136,Seattle Mariners,SEA,9,True,143,Philadelphia Phillies,PHI,2,False,547180,Bryce Harper,Bryce,Harper,3,1992-10-16,33,"6' 1""",210,3,First Base,L,Left,R,Right,2-3 | BB,,3,2,0,0,0,0,0,0,1,0,0,0,4,2,,,,,,,,,,
2026-08-24,823097,,/api/v1.1/game/823097/feed/live,R,2026,2026-08-24,,night,P,N,N,Regular Season,1,3,1,Final,Final,680,T-Mobile Park,136,Seattle Mariners,SEA,9,True,143,Philadelphia Phillies,PHI,2,False,592663,J.T. Realmuto,Jacob,Realmuto,10,1991-03-18,35,"6' 0""",212,2,Catcher,R,Right,R,Right,"1-3 | HR, RBI, R",,3,1,0,0,1,1,1,0,0,0,0,0,3,4,,,,,,,,,,
2026-08-24,823097,,/api/v1.1/game/823097/feed/live,R,2026,2026-08-24,,night,P,N,N,Regular Season,1,3,1,Final,Final,680,T-Mobile Park,136,Seattle Mariners,SEA,9,True,143,Philadelphia Phillies,PHI,2,False,554430,Zack Wheeler,Zachary,Wheeler,45,1990-05-30,36,"6' 4""",195,1,Pitcher,L,Left,R,Right,"4.0 IP, 8 ER, 4 K, 5 BB",,,,,,,,,,,,,,,,4.0,8,9,4,4,5,103,0,1,0
2026-08-24,823097,,/api/v1.1/game/823097/feed/live,R,2026,2026-08-24,,night,P,N,N,Regular Season,1,3,1,Final,Final,680,T-Mobile Park,136,Seattle Mariners,SEA,9,True,143,Philadelphia Phillies,PHI,2,False,661395,Jhoan Duran,Jhoan,Duran,59,1998-01-08,28,"6' 5""",230,1,Pitcher,R,Right,R,Right,,,,,,,,,,,,,,,,,,,,,,,,,,
2026-08-24,823097,,/api/v1.1/game/823097/feed/live,R,2026,2026-08-24,,night,P,N,N,Regular Season,1,3,1,Final,Final,680,T-Mobile Park,136,Seattle Mariners,SEA,9,True,143,Philadelphia Phillies,PHI,2,False,624641,Edmundo Sosa,Edmundo,Sosa,33,1996-03-06,30,"5' 11""",210,7,Outfielder,R,Right,R,Right,,,,,,,,,,,,,,,,,,,,,,,,,,
2026-08-24,823097,,/api/v1.1/game/823097/feed/live,R,2026,2026-08-24,,night,P,N,N,Regular Season,1,3,1,Final,Final,680,T-Mobile Park,136,Seattle Mariners,SEA,9,True,143,Philadelphia Phillies,PHI,2,False,689147,Orion Kerkering,Richard,Kerkering,50,2001-04-04,25,"6' 2""",204,1,Pitcher,R,Right,R,Right,,,,,,,,,,,,,,,,,,,,,,,,,,
2026-08-24,823097,,/api/v1.1/game/823097/feed/live,R,2026,2026-08-24,,night,P,N,N,Regular Season,1,3,1,Final,Final,680,T-Mobile Park,136,Seattle Mariners,SEA,9,True,143,Philadelphia Phillies,PHI,2,False,664761,Alec Bohm,Alec,Bohm,28,1996-08-03,30,"6' 4""",218,5,Third Base,R,Right,R,Right,"0-4 | K, RBI",,4,0,0,0,0,1,0,1,0,0,0,0,4,0,,,,,,,,,,
2026-08-24,823097,,/api/v1.1/game/823097/feed/live,R,2026,2026-08-24,,night,P,N,N,Regular Season,1,3,1,Final,Final,680,T-Mobile Park,136,Seattle Mariners,SEA,9,True,143,Philadelphia Phillies,PHI,2,False,680742,Jonathan Bowlan,Jonathan,Bowlan,52,1996-12-01,29,"6' 6""",240,1,Pitcher,R,Right,R,Right,,,,,,,,,,,,,,,,,,,,,,,,,,
2026-08-24,823097,,/api/v1.1/game/823097/feed/live,R,2026,2026-08-24,,night,P,N,N,Regular Season,1,3,1,Final,Final,680,T-Mobile Park,136,Seattle Mariners,SEA,9,True,143,Philadelphia Phillies,PHI,2,False,663767,Chase Shugart,Chase,Shugart,55,1996-10-24,29,"5' 11""",200,1,Pitcher,L,Left,R,Right,"2.0 IP, ER, 4 K, BB",,,,,,,,,,,,,,,,2.0,1,1,1,4,1,32,0,0,0
2026-08-24,823097,,/api/v1.1/game/823097/feed/live,R,2026,2026-08-24,,night,P,N,N,Regular Season,1,3,1,Final,Final,680,T-Mobile Park,136,Seattle Mariners,SEA,9,True,143,Philadelphia Phillies,PHI,2,False,641835,Tim Mayza,Timothy,Mayza,37,1992-01-15,34,"6' 3""",215,1,Pitcher,L,Left,L,Left,,,,,,,,,,,,,,,,,,,,,,,,,,
2026-08-24,823097,,/api/v1.1/game/823097/feed/live,R,2026,2026-08-24,,night,P,N,N,Regular Season,1,3,1,Final,Final,680,T-Mobile Park,136,Seattle Mariners,SEA,9,True,143,Philadelphia Phillies,PHI,2,False,681082,Bryson Stott,Bryson,Stott,5,1997-10-06,28,"6' 0""",200,4,Second Base,L,Left,R,Right,1-4 | 2 K,,4,1,0,0,0,0,0,2,0,0,0,0,4,1,,,,,,,,,,
2026-08-24,823097,,/api/v1.1/game/823097/feed/live,R,2026,2026-08-24,,night,P,N,N,Regular Season,1,3,1,Final,Final,680,T-Mobile Park,136,Seattle Mariners,SEA,9,True,143,Philadelphia Phillies,PHI,2,False,656941,Kyle Schwarber,Kyle,Schwarber,12,1993-03-05,33,"5' 11""",229,10,Designated Hitter,L,Left,R,Right,"0-3 | BB, K, R",,3,0,0,0,0,0,1,1,1,0,0,0,4,0,,,,,,,,,,
2026-08-24,823097,,/api/v1.1/game/823097/feed/live,R,2026,2026-08-24,,night,P,N,N,Regular Season,1,3,1,Final,Final,680,T-Mobile Park,136,Seattle Mariners,SEA,9,True,143,Philadelphia Phillies,PHI,2,False,596117,Garrett Stubbs,Garrett,Stubbs,21,1993-05-26,33,"5' 9""",170,2,Catcher,L,Left,R,Right,,,,,,,,,,,,,,,,,,,,,,,,,,
2026-08-24,823097,,/api/v1.1/game/823097/feed/live,R,2026,2026-08-24,,night,P,N,N,Regular Season,1,3,1,Final,Final,680,T-Mobile Park,136,Seattle Mariners,SEA,9,True,143,Philadelphia Phillies,PHI,2,False,686934,Alex McFarlane,Alexander,McFarlane,71,2001-06-09,25,"6' 3""",215,1,Pitcher,R,Right,R,Right,"1.0 IP, 0 ER, 2 K, 0 BB",,,,,,,,,,,,,,,,1.0,0,0,0,2,0,10,0,0,0
2026-08-24,823097,,/api/v1.1/game/823097/feed/live,R,2026,2026-08-24,,night,P,N,N,Regular Season,1,3,1,Final,Final,680,T-Mobile Park,136,Seattle Mariners,SEA,9,True,143,Philadelphia Phillies,PHI,2,False,605400,Aaron Nola,Aaron,Nola,27,1993-06-04,33,"6' 2""",200,1,Pitcher,R,Right,R,Right,,,,,,,,,,,,,,,,,,,,,,,,,,
2026-08-24,823097,,/api/v1.1/game/823097/feed/live,R,2026,2026-08-24,,night,P,N,N,Regular Season,1,3,1,Final,Final,680,T-Mobile Park,136,Seattle Mariners,SEA,9,True,143,Philadelphia Phillies,PHI,2,False,548384,Brooks Raley,Brooks,Raley,30,1988-06-29,38,"6' 3""",200,1,Pitcher,L,Left,L,Left,,,,,,,,,,,,,,,,,,,,,,,,,,
2026-08-24,823097,,/api/v1.1/game/823097/feed/live,R,2026,2026-08-24,,night,P,N,N,Regular Season,1,3,1,Final,Final,680,T-Mobile Park,136,Seattle Mariners,SEA,9,True,143,Philadelphia Phillies,PHI,2,False,607208,Trea Turner,Trea,Turner,7,1993-06-30,33,"6' 1""",185,6,Shortstop,R,Right,R,Right,0-4 | 2 K,,4,0,0,0,0,0,0,2,0,0,0,0,4,0,,,,,,,,,,
2026-08-24,823097,,/api/v1.1/game/823097/feed/live,R,2026,2026-08-24,,night,P,N,N,Regular Season,1,3,1,Final,Final,680,T-Mobile Park,136,Seattle Mariners,SEA,9,True,143,Philadelphia Phillies,PHI,2,False,650333,Luis Arraez,Luis,Arraez,4,1997-04-09,29,"5' 10""",186,4,Second Base,L,Left,R,Right,1-4,,4,1,0,0,0,0,0,0,0,0,0,0,4,1,,,,,,,,,,
2026-08-24,823097,,/api/v1.1/game/823097/feed/live,R,2026,2026-08-24,,night,P,N,N,Regular Season,1,3,1,Final,Final,680,T-Mobile Park,136,Seattle Mariners,SEA,9,True,143,Philadelphia Phillies,PHI,2,False,656537,Derek Hill,Derek,Hill,49,1995-12-30,30,"6' 0""",206,8,Outfielder,R,Right,R,Right,,,,,,,,,,,,,,,,,,,,,,,,,,
2026-08-24,823097,,/api/v1.1/game/823097/feed/live,R,2026,2026-08-24,,night,P,N,N,Regular Season,1,3,1,Final,Final,680,T-Mobile Park,136,Seattle Mariners,SEA,9,True,143,Philadelphia Phillies,PHI,2,False,691725,Andrew Painter,Andrew,Painter,24,2003-04-10,23,"6' 7""",215,1,Pitcher,R,Right,R,Right,,,,,,,,,,,,,,,,,,,,,,,,,,
2026-08-24,823183,,/api/v1.1/game/823183/feed/live,R,2026,2026-08-24,,night,P,N,N,Regular Season,1,3,1,Final,Final,2395,Oracle Park,137,San Francisco Giants,SF,5,True,113,Cincinnati Reds,CIN,0,False,813841,Jonah Cox,Jonah,Cox,53,2001-08-04,25,"6' 2""",204,8,Outfielder,R,Right,R,Right,,,,,,,,,,,,,,,,,,,,,,,,,,
2026-08-24,823183,,/api/v1.1/game/823183/feed/live,R,2026,2026-08-24,,night,P,N,N,Regular Season,1,3,1,Final,Final,2395,Oracle Park,137,San Francisco Giants,SF,5,True,113,Cincinnati Reds,CIN,0,False,694376,Shay Whitcomb,Shay,Whitcomb,13,1998-09-28,27,"6' 0""",202,5,Third Base,R,Right,R,Right,0-3 | K,,3,0,0,0,0,0,0,1,0,0,0,0,3,0,,,,,,,,,,
2026-08-24,823183,,/api/v1.1/game/823183/feed/live,R,2026,2026-08-24,,night,P,N,N,Regular Season,1,3,1,Final,Final,2395,Oracle Park,137,San Francisco Giants,SF,5,True,113,Cincinnati Reds,CIN,0,False,681916,Dylan Smith,Dylan,Smith,66,2000-05-28,26,"6' 2""",180,1,Pitcher,R,Right,R,Right,"1.0 IP, 0 ER, K, BB",,,,,,,,,,,,,,,,1.0,0,1,0,1,1,25,0,0,0
2026-08-24,823183,,/api/v1.1/game/823183/feed/live,R,2026,2026-08-24,,night,P,N,N,Regular Season,1,3,1,Final,Final,2395,Oracle Park,137,San Francisco Giants,SF,5,True,113,Cincinnati Reds,CIN,0,False,701852,Drew Cavanaugh,Drew,Cavanaugh,61,2002-01-27,24,"6' 0""",219,2,Catcher,L,Left,R,Right,1-4 | 2 K,,4,1,0,0,0,0,0,2,0,0,0,0,4,1,,,,,,,,,,
2026-08-24,823183,,/api/v1.1/game/823183/feed/live,R,2026,2026-08-24,,night,P,N,N,Regular Season,1,3,1,Final,Final,2395,Oracle Park,137,San Francisco Giants,SF,5,True,113,Cincinnati Reds,CIN,0,False,668800,Andrew Knizner,Andrew,Knizner,19,1995-02-03,31,"6' 0""",225,2,Catcher,R,Right,R,Right,,,,,,,,,,,,,,,,,,,,,,,,,,
2026-08-24,823183,,/api/v1.1/game/823183/feed/live,R,2026,2026-08-24,,night,P,N,N,Regular Season,1,3,1,Final,Final,2395,Oracle Park,137,San Francisco Giants,SF,5,True,113,Cincinnati Reds,CIN,0,False,801501,Nate Furman,Nathan,Furman,56,2001-07-23,25,"5' 8""",173,4,Second Base,L,Left,R,Right,0-2 | 2 K,,2,0,0,0,0,0,0,2,0,0,0,0,2,0,,,,,,,,,,
2026-08-24,823183,,/api/v1.1/game/823183/feed/live,R,2026,2026-08-24,,night,P,N,N,Regular Season,1,3,1,Final,Final,2395,Oracle Park,137,San Francisco Giants,SF,5,True,113,Cincinnati Reds,CIN,0,False,657277,Logan Webb,Logan,Webb,62,1996-11-18,29,"6' 2""",221,1,Pitcher,R,Right,R,Right,,,,,,,,,,,,,,,,,,,,,,,,,,
2026-08-24,823183,,/api/v1.1/game/823183/feed/live,R,2026,2026-08-24,,night,P,N,N,Regular Season,1,3,1,Final,Final,2395,Oracle Park,137,San Francisco Giants,SF,5,True,113,Cincinnati Reds,CIN,0,False,676254,Ryan Walker,Ryan,Walker,74,1995-11-26,30,"6' 2""",215,1,Pitcher,R,Right,R,Right,"2.0 IP, 0 ER, 2 K, 0 BB",,,,,,,,,,,,,,,,2.0,0,2,0,2,0,26,0,0,0
2026-08-24,823183,,/api/v1.1/game/823183/feed/live,R,2026,2026-08-24,,night,P,N,N,Regular Season,1,3,1,Final,Final,2395,Oracle Park,137,San Francisco Giants,SF,5,True,113,Cincinnati Reds,CIN,0,False,671083,Buddy Kennedy,Clifton,Kennedy,41,1998-10-05,27,"5' 10""",213,5,Third Base,R,Right,R,Right,,,,,,,,,,,,,,,,,,,,,,,,,,
2026-08-24,823183,,/api/v1.1/game/823183/feed/live,R,2026,2026-08-24,,night,P,N,N,Regular Season,1,3,1,Final,Final,2395,Oracle Park,137,San Francisco Giants,SF,5,True,113,Cincinnati Reds,CIN,0,False,805345,Trent Harris,Trenton,Harris,68,1999-01-22,27,"6' 1""",206,1,Pitcher,R,Right,R,Right,,,,,,,,,,,,,,,,,,,,,,,,,,
2026-08-24,823183,,/api/v1.1/game/823183/feed/live,R,2026,2026-08-24,,night,P,N,N,Regular Season,1,3,1,Final,Final,2395,Oracle Park,137,San Francisco Giants,SF,5,True,113,Cincinnati Reds,CIN,0,False,671345,Jason Foley,Jason,Foley,64,1995-11-01,30,"6' 4""",215,1,Pitcher,R,Right,R,Right,"1.1 IP, 0 ER, 3 K, 0 BB",,,,,,,,,,,,,,,,1.1,0,0,0,3,0,18,1,0,0
2026-08-24,823183,,/api/v1.1/game/823183/feed/live,R,2026,2026-08-24,,night,P,N,N,Regular Season,1,3,1,Final,Final,2395,Oracle Park,137,San Francisco Giants,SF,5,True,113,Cincinnati Reds,CIN,0,False,693313,Carson Seymour,Carson,Seymour,77,1998-12-16,27,"6' 5""",264,1,Pitcher,R,Right,R,Right,"1.0 IP, 0 ER, 2 K, 0 BB",,,,,,,,,,,,,,,,1.0,0,0,0,2,0,12,0,0,0
2026-08-24,823183,,/api/v1.1/game/823183/feed/live,R,2026,2026-08-24,,night,P,N,N,Regular Season,1,3,1,Final,Final,2395,Oracle Park,137,San Francisco Giants,SF,5,True,113,Cincinnati Reds,CIN,0,False,687551,Drew Gilbert,Andrew,Gilbert,0,2000-09-27,25,"5' 9""",195,8,Outfielder,L,Left,L,Left,"2-4 | 2 2B, 2 R",,4,2,2,0,0,0,2,0,0,0,0,1,4,4,,,,,,,,,,
2026-08-24,823183,,/api/v1.1/game/823183/feed/live,R,2026,2026-08-24,,night,P,N,N,Regular Season,1,3,1,Final,Final,2395,Oracle Park,137,San Francisco Giants,SF,5,True,113,Cincinnati Reds,CIN,0,False,808982,Jung Hoo Lee,Jung Hoo,Lee,51,1998-08-20,28,"6' 0""",196,9,Outfielder,L,Left,R,Right,1-4 | RBI,,4,1,0,0,0,1,0,0,0,0,0,0,4,1,,,,,,,,,,
2026-08-24,823183,,/api/v1.1/game/823183/feed/live,R,2026,2026-08-24,,night,P,N,N,Regular Season,1,3,1,Final,Final,2395,Oracle Park,137,San Francisco Giants,SF,5,True,113,Cincinnati Reds,CIN,0,False,656529,Sam Hentges,Sam,Hentges,31,1996-07-18,30,"6' 8""",255,1,Pitcher,L,Left,L,Left,,,,,,,,,,,,,,,,,,,,,,,,,,
2026-08-24,823183,,/api/v1.1/game/823183/feed/live,R,2026,2026-08-24,,night,P,N,N,Regular Season,1,3,1,Final,Final,2395,Oracle Park,137,San Francisco Giants,SF,5,True,113,Cincinnati Reds,CIN,0,False,646240,Rafael Devers,Rafael,Devers,16,1996-10-24,29,"6' 0""",235,3,First Base,L,Left,R,Right,"2-4 | HR, 3 RBI, 2 R",,4,2,0,0,1,3,2,0,0,0,0,0,4,5,,,,,,,,,,
2026-08-24,823183,,/api/v1.1/game/823183/feed/live,R,2026,2026-08-24,,night,P,N,N,Regular Season,1,3,1,Final,Final,2395,Oracle Park,137,San Francisco Giants,SF,5,True,113,Cincinnati Reds,CIN,0,False,665665,Reiver Sanmartin,Reiver,Sanmartin,48,1996-04-15,30,"6' 1""",188,1,Pitcher,L,Left,L,Left,"1.0 IP, 0 ER, 0 K, 0 BB",,,,,,,,,,,,,,,,1.0,0,0,0,0,0,10,0,0,0
2026-08-24,823183,,/api/v1.1/game/823183/feed/live,R,2026,2026-08-24,,night,P,N,N,Regular Season,1,3,1,Final,Final,2395,Oracle Park,137,San Francisco Giants,SF,5,True,113,Cincinnati Reds,CIN,0,False,687931,Carson Whisenhunt,Carson,Whisenhunt,88,2000-10-20,25,"6' 3""",225,1,Pitcher,L,Left,L,Left,"2.2 IP, 0 ER, 3 K, BB",,,,,,,,,,,,,,,,2.2,0,2,0,3,1,47,0,0,0
2026-08-24,823183,,/api/v1.1/game/823183/feed/live,R,2026,2026-08-24,,night,P,N,N,Regular Season,1,3,1,Final,Final,2395,Oracle Park,137,San Francisco Giants,SF,5,True,113,Cincinnati Reds,CIN,0,False,687529,Grant McCray,Grant,McCray,58,2000-12-07,25,"6' 1""",195,8,Outfielder,L,Left,R,Right,"1-3 | 3B, K",,3,1,0,1,0,0,0,1,0,0,0,0,3,3,,,,,,,,,,
2026-08-24,823183,,/api/v1.1/game/823183/feed/live,R,2026,2026-08-24,,night,P,N,N,Regular Season,1,3,1,Final,Final,2395,Oracle Park,137,San Francisco Giants,SF,5,True,113,Cincinnati Reds,CIN,0,False,683766,Christian Koss,Christian,Koss,50,1998-01-27,28,"6' 1""",185,5,Third Base,R,Right,R,Right,"2-3 | K, R",,3,2,0,0,0,0,1,1,0,0,0,0,3,2,,,,,,,,,,
2026-08-24,823183,,/api/v1.1/game/823183/feed/live,R,2026,2026-08-24,,night,P,N,N,Regular Season,1,3,1,Final,Final,2395,Oracle Park,137,San Francisco Giants,SF,5,True,113,Cincinnati Reds,CIN,0,False,605288,Adrian Houser,Adrian,Houser,12,1993-02-02,33,"6' 4""",227,1,Pitcher,R,Right,R,Right,,,,,,,,,,,,,,,,,,,,,,,,,,
2026-08-24,823183,,/api/v1.1/game/823183/feed/live,R,2026,2026-08-24,,night,P,N,N,Regular Season,1,3,1,Final,Final,2395,Oracle Park,137,San Francisco Giants,SF,5,True,113,Cincinnati Reds,CIN,0,False,694918,Blade Tidwell,Janzen,Tidwell,46,2001-06-08,25,"6' 3""",244,1,Pitcher,R,Right,R,Right,,,,,,,,,,,,,,,,,,,,,,,,,,
2026-08-24,823183,,/api/v1.1/game/823183/feed/live,R,2026,2026-08-24,,night,P,N,N,Regular Season,1,3,1,Final,Final,2395,Oracle Park,137,San Francisco Giants,SF,5,True,113,Cincinnati Reds,CIN,0,False,683627,Anthony Molina,Anthony,Molina,45,2002-01-12,24,"6' 1""",170,1,Pitcher,R,Right,R,Right,,,,,,,,,,,,,,,,,,,,,,,,,,
2026-08-24,823183,,/api/v1.1/game/823183/feed/live,R,2026,2026-08-24,,night,P,N,N,Regular Season,1,3,1,Final,Final,2395,Oracle Park,137,San Francisco Giants,SF,5,True,113,Cincinnati Reds,CIN,0,False,694738,Landen Roupp,Landen,Roupp,65,1998-09-10,27,"6' 2""",220,1,Pitcher,R,Right,R,Right,,,,,,,,,,,,,,,,,,,,,,,,,,
2026-08-24,823183,,/api/v1.1/game/823183/feed/live,R,2026,2026-08-24,,night,P,N,N,Regular Season,1,3,1,Final,Final,2395,Oracle Park,137,San Francisco Giants,SF,5,True,113,Cincinnati Reds,CIN,0,False,806367,Turner Hill,Turner,Hill,52,1999-04-04,27,"5' 10""",198,8,Outfielder,L,Left,L,Left,"1-3 | 2B, BB, RBI",,3,1,1,0,0,1,0,0,1,1,0,0,4,2,,,,,,,,,,
2026-08-24,823183,,/api/v1.1/game/823183/feed/live,R,2026,2026-08-24,,night,P,N,N,Regular Season,1,3,1,Final,Final,2395,Oracle Park,137,San Francisco Giants,SF,5,True,113,Cincinnati Reds,CIN,0,False,678545,Osleivis Basabe,Osleivis,Basabe,39,2000-09-13,25,"5' 11""",197,4,Second Base,R,Right,R,Right,0-2,,2,0,0,0,0,0,0,0,0,0,0,0,2,0,,,,,,,,,,
2026-08-24,823183,,/api/v1.1/game/823183/feed/live,R,2026,2026-08-24,,night,P,N,N,Regular Season,1,3,1,Final,Final,2395,Oracle Park,137,San Francisco Giants,SF,5,True,113,Cincinnati Reds,CIN,0,False,682829,Elly De La Cruz,Elly,De La Cruz,44,2002-01-11,24,"6' 6""",200,6,Shortstop,S,Switch,R,Right,1-4 | 3 K,,4,1,0,0,0,0,0,3,0,0,0,0,4,1,,,,,,,,,,
2026-08-24,823183,,/api/v1.1/game/823183/feed/live,R,2026,2026-08-24,,night,P,N,N,Regular Season,1,3,1,Final,Final,2395,Oracle Park,137,San Francisco Giants,SF,5,True,113,Cincinnati Reds,CIN,0,False,701398,Sal Stewart,Sal,Stewart,27,2003-12-07,22,"6' 1""",224,3,First Base,R,Right,R,Right,1-4 | K,,4,1,0,0,0,0,0,1,0,0,0,0,4,1,,,,,,,,,,
2026-08-24,823183,,/api/v1.1/game/823183/feed/live,R,2026,2026-08-24,,night,P,N,N,Regular Season,1,3,1,Final,Final,2395,Oracle Park,137,San Francisco Giants,SF,5,True,113,Cincinnati Reds,CIN,0,False,667472,Dane Myers,Dane,Myers,17,1996-03-08,30,"6' 0""",205,8,Outfielder,R,Right,R,Right,0-4 | 2 K,,4,0,0,0,0,0,0,2,0,0,0,0,4,0,,,,,,,,,,
2026-08-24,823183,,/api/v1.1/game/823183/feed/live,R,2026,2026-08-24,,night,P,N,N,Regular Season,1,3,1,Final,Final,2395,Oracle Park,137,San Francisco Giants,SF,5,True,113,Cincinnati Reds,CIN,0,False,572955,Pierce Johnson,Pierce,Johnson,52,1991-05-10,35,"6' 2""",202,1,Pitcher,R,Right,R,Right,,,,,,,,,,,,,,,,,,,,,,,,,,
2026-08-24,823183,,/api/v1.1/game/823183/feed/live,R,2026,2026-08-24,,night,P,N,N,Regular Season,1,3,1,Final,Final,2395,Oracle Park,137,San Francisco Giants,SF,5,True,113,Cincinnati Reds,CIN,0,False,682825,Luis Mey,Luis,Mey,47,2001-06-24,25,"6' 5""",235,1,Pitcher,R,Right,R,Right,,,,,,,,,,,,,,,,,,,,,,,,,,
2026-08-24,823183,,/api/v1.1/game/823183/feed/live,R,2026,2026-08-24,,night,P,N,N,Regular Season,1,3,1,Final,Final,2395,Oracle Park,137,San Francisco Giants,SF,5,True,113,Cincinnati Reds,CIN,0,False,641941,Emilio Pagán,Emilio,Pagán,15,1991-05-07,35,"6' 2""",208,1,Pitcher,L,Left,R,Right,"1.0 IP, 0 ER, 0 K, 0 BB",,,,,,,,,,,,,,,,1.0,0,1,0,0,0,11,0,0,0
2026-08-24,823183,,/api/v1.1/game/823183/feed/live,R,2026,2026-08-24,,night,P,N,N,Regular Season,1,3,1,Final,Final,2395,Oracle Park,137,San Francisco Giants,SF,5,True,113,Cincinnati Reds,CIN,0,False,622088,Tejay Antone,Tejay,Antone,70,1993-12-05,32,"6' 4""",230,1,Pitcher,R,Right,R,Right,,,,,,,,,,,,,,,,,,,,,,,,,,
2026-08-24,823183,,/api/v1.1/game/823183/feed/live,R,2026,2026-08-24,,night,P,N,N,Regular Season,1,3,1,Final,Final,2395,Oracle Park,137,San Francisco Giants,SF,5,True,113,Cincinnati Reds,CIN,0,False,663574,Tony Santillan,Antonio,Santillan,64,1997-04-15,29,"6' 3""",285,1,Pitcher,R,Right,R,Right,,,,,,,,,,,,,,,,,,,,,,,,,,
2026-08-24,823183,,/api/v1.1/game/823183/feed/live,R,2026,2026-08-24,,night,P,N,N,Regular Season,1,3,1,Final,Final,2395,Oracle Park,137,San Francisco Giants,SF,5,True,113,Cincinnati Reds,CIN,0,False,663903,Brady Singer,Brady,Singer,51,1996-08-04,30,"6' 5""",215,1,Pitcher,R,Right,R,Right,,,,,,,,,,,,,,,,,,,,,,,,,,
2026-08-24,823183,,/api/v1.1/game/823183/feed/live,R,2026,2026-08-24,,night,P,N,N,Regular Season,1,3,1,Final,Final,2395,Oracle Park,137,San Francisco Giants,SF,5,True,113,Cincinnati Reds,CIN,0,False,680574,Matt McLain,Matthew,McLain,9,1999-08-06,27,"5' 8""",180,4,Second Base,R,Right,R,Right,0-4 | K,,4,0,0,0,0,0,0,1,0,0,0,0,4,0,,,,,,,,,,
2026-08-24,823183,,/api/v1.1/game/823183/feed/live,R,2026,2026-08-24,,night,P,N,N,Regular Season,1,3,1,Final,Final,2395,Oracle Park,137,San Francisco Giants,SF,5,True,113,Cincinnati Reds,CIN,0,False,663647,Ke'Bryan Hayes,Ke'Bryan,Hayes,3,1997-01-28,29,"5' 11""",215,5,Third Base,R,Right,R,Right,,,,,,,,,,,,,,,,,,,,,,,,,,
2026-08-24,823183,,/api/v1.1/game/823183/feed/live,R,2026,2026-08-24,,night,P,N,N,Regular Season,1,3,1,Final,Final,2395,Oracle Park,137,San Francisco Giants,SF,5,True,113,Cincinnati Reds,CIN,0,False,677943,Will Banfield,William,Banfield,60,1999-11-18,26,"6' 0""",215,2,Catcher,R,Right,R,Right,,,,,,,,,,,,,,,,,,,,,,,,,,
2026-08-24,823183,,/api/v1.1/game/823183/feed/live,R,2026,2026-08-24,,night,P,N,N,Regular Season,1,3,1,Final,Final,2395,Oracle Park,137,San Francisco Giants,SF,5,True,113,Cincinnati Reds,CIN,0,False,670770,TJ Friedl,Terry,Friedl,29,1995-08-14,31,"5' 8""",180,8,Outfielder,L,Left,L,Left,,,,,,,,,,,,,,,,,,,,,,,,,,
2026-08-24,823183,,/api/v1.1/game/823183/feed/live,R,2026,2026-08-24,,night,P,N,N,Regular Season,1,3,1,Final,Final,2395,Oracle Park,137,San Francisco Giants,SF,5,True,113,Cincinnati Reds,CIN,0,False,695076,Rhett Lowder,Rhett,Lowder,25,2002-03-08,24,"6' 1""",200,1,Pitcher,R,Right,R,Right,,,,,,,,,,,,,,,,,,,,,,,,,,
2026-08-24,823183,,/api/v1.1/game/823183/feed/live,R,2026,2026-08-24,,night,P,N,N,Regular Season,1,3,1,Final,Final,2395,Oracle Park,137,San Francisco Giants,SF,5,True,113,Cincinnati Reds,CIN,0,False,624431,Jose Trevino,Jose,Trevino,35,1992-11-28,33,"5' 9""",215,2,Catcher,R,Right,R,Right,0-3,,3,0,0,0,0,0,0,0,0,0,0,0,3,0,,,,,,,,,,
2026-08-24,823183,,/api/v1.1/game/823183/feed/live,R,2026,2026-08-24,,night,P,N,N,Regular Season,1,3,1,Final,Final,2395,Oracle Park,137,San Francisco Giants,SF,5,True,113,Cincinnati Reds,CIN,0,False,663886,Tyler Stephenson,Tyler,Stephenson,37,1996-08-16,30,"6' 3""",225,2,Catcher,R,Right,R,Right,"2-3 | BB, K",,3,2,0,0,0,0,0,1,1,0,0,0,4,2,,,,,,,,,,
2026-08-24,823183,,/api/v1.1/game/823183/feed/live,R,2026,2026-08-24,,night,P,N,N,Regular Season,1,3,1,Final,Final,2395,Oracle Park,137,San Francisco Giants,SF,5,True,113,Cincinnati Reds,CIN,0,False,553993,Eugenio Suárez,Eugenio,Suárez,28,1991-07-18,35,"5' 11""",213,10,Designated Hitter,R,Right,R,Right,1-4 | 2 K,,4,1,0,0,0,0,0,2,0,0,0,0,4,1,,,,,,,,,,
2026-08-24,823183,,/api/v1.1/game/823183/feed/live,R,2026,2026-08-24,,night,P,N,N,Regular Season,1,3,1,Final,Final,2395,Oracle Park,137,San Francisco Giants,SF,5,True,113,Cincinnati Reds,CIN,0,False,666157,Nick Lodolo,Nicholas,Lodolo,40,1998-02-05,28,"6' 6""",216,1,Pitcher,L,Left,L,Left,,,,,,,,,,,,,,,,,,,,,,,,,,
2026-08-24,823183,,/api/v1.1/game/823183/feed/live,R,2026,2026-08-24,,night,P,N,N,Regular Season,1,3,1,Final,Final,2395,Oracle Park,137,San Francisco Giants,SF,5,True,113,Cincinnati Reds,CIN,0,False,594580,Sam Moll,Samuel,Moll,50,1992-01-03,34,"5' 9""",190,1,Pitcher,L,Left,L,Left,"1.1 IP, 0 ER, K, 0 BB",,,,,,,,,,,,,,,,1.1,0,0,0,1,0,13,0,0,0
2026-08-24,823183,,/api/v1.1/game/823183/feed/live,R,2026,2026-08-24,,night,P,N,N,Regular Season,1,3,1,Final,Final,2395,Oracle Park,137,San Francisco Giants,SF,5,True,113,Cincinnati Reds,CIN,0,False,668709,JJ Bleday,Jeffrey,Bleday,22,1997-11-10,28,"6' 2""",205,7,Outfielder,L,Left,L,Left,0-4 | K,,4,0,0,0,0,0,0,1,0,0,0,0,4,0,,,,,,,,,,
2026-08-24,823183,,/api/v1.1/game/823183/feed/live,R,2026,2026-08-24,,night,P,N,N,Regular Season,1,3,1,Final,Final,2395,Oracle Park,137,San Francisco Giants,SF,5,True,113,Cincinnati Reds,CIN,0,False,656271,Brock Burke,Brock,Burke,49,1996-08-04,30,"6' 4""",210,1,Pitcher,L,Left,L,Left,,,,,,,,,,,,,,,,,,,,,,,,,,
2026-08-24,823183,,/api/v1.1/game/823183/feed/live,R,2026,2026-08-24,,night,P,N,N,Regular Season,1,3,1,Final,Final,2395,Oracle Park,137,San Francisco Giants,SF,5,True,113,Cincinnati Reds,CIN,0,False,670062,Julian Garcia,Julian,Garcia,57,1995-05-13,31,"6' 3""",206,1,Pitcher,L,Left,R,Right,"2.0 IP, 0 ER, K, 0 BB",,,,,,,,,,,,,,,,2.0,0,0,0,1,0,23,0,0,0
2026-08-24,823183,,/api/v1.1/game/823183/feed/live,R,2026,2026-08-24,,night,P,N,N,Regular Season,1,3,1,Final,Final,2395,Oracle Park,137,San Francisco Giants,SF,5,True,113,Cincinnati Reds,CIN,0,False,671096,Andrew Abbott,Andrew,Abbott,41,1999-06-01,27,"6' 0""",192,1,Pitcher,L,Left,L,Left,,,,,,,,,,,,,,,,,,,,,,,,,,
2026-08-24,823183,,/api/v1.1/game/823183/feed/live,R,2026,2026-08-24,,night,P,N,N,Regular Season,1,3,1,Final,Final,2395,Oracle Park,137,San Francisco Giants,SF,5,True,113,Cincinnati Reds,CIN,0,False,699302,Héctor Rodríguez,Héctor,Rodríguez,43,2004-03-11,22,"5' 10""",200,9,Outfielder,L,Left,R,Right,,,,,,,,,,,,,,,,,,,,,,,,,,
2026-08-24,823183,,/api/v1.1/game/823183/feed/live,R,2026,2026-08-24,,night,P,N,N,Regular Season,1,3,1,Final,Final,2395,Oracle Park,137,San Francisco Giants,SF,5,True,113,Cincinnati Reds,CIN,0,False,695505,Chase Burns,Chase,Burns,26,2003-01-16,23,"6' 3""",210,1,Pitcher,R,Right,R,Right,"3.2 IP, 5 ER, 5 K, BB",,,,,,,,,,,,,,,,3.2,5,9,1,5,1,64,0,1,0
2026-08-24,823183,,/api/v1.1/game/823183/feed/live,R,2026,2026-08-24,,night,P,N,N,Regular Season,1,3,1,Final,Final,2395,Oracle Park,137,San Francisco Giants,SF,5,True,113,Cincinnati Reds,CIN,0,False,671155,Ivan Johnson,Vincent,Johnson,63,1998-10-11,27,"6' 0""",190,4,Second Base,S,Switch,R,Right,0-2 | BB,,2,0,0,0,0,0,0,0,1,0,0,0,3,0,,,,,,,,,,
