gameDate,gamePk,gameGuid,link,gameType,season,officialDate,description,dayNight,gamedayType,doubleHeader,tiebreaker,seriesDescription,seriesGameNumber,gamesInSeries,gameNumber,status_abstractGameState,status_detailedState,venue_id,venue_name,home_team_id,home_team_name,home_team_abbreviation,home_score,home_isWinner,away_team_id,away_team_name,away_team_abbreviation,away_score,away_isWinner,playerId,fullName,firstName,lastName,primaryNumber,birthDate,currentAge,height,weight,primaryPosition_code,primaryPosition_name,batSide_code,batSide_description,pitchHand_code,pitchHand_description,gameLogSummary,note,atBats,hits,doubles,triples,homeRuns,rbi,runs,strikeOuts,baseOnBalls,stolenBases,caughtStealing,groundIntoDoublePlay,plateAppearances,totalBases,inningsPitched,earnedRuns,hitsAllowed,homeRunsAllowed,strikeOutsPitching,baseOnBallsPitching,pitchesThrown,wins,losses,saves
2026-06-25,822961,,/api/v1.1/game/822961/feed/live,R,2026,2026-06-25,,day,P,N,N,Regular Season,4,4,1,Final,Final,12,Tropicana Field,139,Tampa Bay Rays,TB,13,True,118,Kansas City Royals,KC,2,False,670764,Taylor Walls,Taylor,Walls,6,1996-07-10,29,"5' 9""",185,6,Shortstop,S,Switch,R,Right,"1-3 | BB, K, 2 R",,3,1,0,0,0,0,2,1,1,0,0,0,4,1,,,,,,,,,,
2026-06-25,822961,,/api/v1.1/game/822961/feed/live,R,2026,2026-06-25,,day,P,N,N,Regular Season,4,4,1,Final,Final,12,Tropicana Field,139,Tampa Bay Rays,TB,13,True,118,Kansas City Royals,KC,2,False,663556,Shane McClanahan,Shane,McClanahan,18,1997-04-28,29,"6' 3""",210,1,Pitcher,L,Left,L,Left,,,,,,,,,,,,,,,,,,,,,,,,,,
2026-06-25,822961,,/api/v1.1/game/822961/feed/live,R,2026,2026-06-25,,day,P,N,N,Regular Season,4,4,1,Final,Final,12,Tropicana Field,139,Tampa Bay Rays,TB,13,True,118,Kansas City Royals,KC,2,False,680700,Richie Palacios,Richard,Palacios,1,1997-05-16,29,"5' 8""",185,4,Second Base,L,Left,R,Right,2-5 | R,,5,2,0,0,0,0,1,0,0,0,0,0,5,2,,,,,,,,,,
2026-06-25,822961,,/api/v1.1/game/822961/feed/live,R,2026,2026-06-25,,day,P,N,N,Regular Season,4,4,1,Final,Final,12,Tropicana Field,139,Tampa Bay Rays,TB,13,True,118,Kansas City Royals,KC,2,False,668723,Ryan Vilade,Ryan,Vilade,26,1999-02-18,27,"6' 1""",226,9,Outfielder,R,Right,R,Right,,,,,,,,,,,,,,,,,,,,,,,,,,
2026-06-25,822961,,/api/v1.1/game/822961/feed/live,R,2026,2026-06-25,,day,P,N,N,Regular Season,4,4,1,Final,Final,12,Tropicana Field,139,Tampa Bay Rays,TB,13,True,118,Kansas City Royals,KC,2,False,668984,Casey Legumina,Casey,Legumina,67,1997-06-19,29,"6' 2""",195,1,Pitcher,R,Right,R,Right,"1.1 IP, 0 ER, 0 K, 0 BB",,,,,,,,,,,,,,,,1.1,0,0,0,0,0,14,0,0,0
2026-06-25,822961,,/api/v1.1/game/822961/feed/live,R,2026,2026-06-25,,day,P,N,N,Regular Season,4,4,1,Final,Final,12,Tropicana Field,139,Tampa Bay Rays,TB,13,True,118,Kansas City Royals,KC,2,False,802415,Chandler Simpson,Chandler,Simpson,14,2000-11-18,25,"5' 11""",170,7,Outfielder,L,Left,R,Right,"1-5 | 2B, RBI",,5,1,1,0,0,1,0,0,0,0,0,0,5,2,,,,,,,,,,
2026-06-25,822961,,/api/v1.1/game/822961/feed/live,R,2026,2026-06-25,,day,P,N,N,Regular Season,4,4,1,Final,Final,12,Tropicana Field,139,Tampa Bay Rays,TB,13,True,118,Kansas City Royals,KC,2,False,607259,Nick Martinez,Nicholas,Martinez,28,1990-08-05,35,"6' 1""",200,1,Pitcher,L,Left,R,Right,,,,,,,,,,,,,,,,,,,,,,,,,,
2026-06-25,822961,,/api/v1.1/game/822961/feed/live,R,2026,2026-06-25,,day,P,N,N,Regular Season,4,4,1,Final,Final,12,Tropicana Field,139,Tampa Bay Rays,TB,13,True,118,Kansas City Royals,KC,2,False,592155,Cam Booser,Cameron,Booser,62,1992-05-04,34,"6' 3""",230,1,Pitcher,L,Left,L,Left,,,,,,,,,,,,,,,,,,,,,,,,,,
2026-06-25,822961,,/api/v1.1/game/822961/feed/live,R,2026,2026-06-25,,day,P,N,N,Regular Season,4,4,1,Final,Final,12,Tropicana Field,139,Tampa Bay Rays,TB,13,True,118,Kansas City Royals,KC,2,False,676356,Jonny DeLuca,Jonathan,DeLuca,21,1998-07-10,27,"5' 10""",195,9,Outfielder,R,Right,R,Right,,,,,,,,,,,,,,,,,,,,,,,,,,
2026-06-25,822961,,/api/v1.1/game/822961/feed/live,R,2026,2026-06-25,,day,P,N,N,Regular Season,4,4,1,Final,Final,12,Tropicana Field,139,Tampa Bay Rays,TB,13,True,118,Kansas City Royals,KC,2,False,693855,Ian Seymour,Ian,Seymour,61,1998-12-13,27,"6' 0""",215,1,Pitcher,L,Left,L,Left,"6.2 IP, 0 ER, 7 K, BB",,,,,,,,,,,,,,,,6.2,0,0,0,7,1,90,1,0,0
2026-06-25,822961,,/api/v1.1/game/822961/feed/live,R,2026,2026-06-25,,day,P,N,N,Regular Season,4,4,1,Final,Final,12,Tropicana Field,139,Tampa Bay Rays,TB,13,True,118,Kansas City Royals,KC,2,False,642121,Cole Sulser,Cole,Sulser,71,1990-03-12,36,"6' 0""",200,1,Pitcher,R,Right,R,Right,,,,,,,,,,,,,,,,,,,,,,,,,,
2026-06-25,822961,,/api/v1.1/game/822961/feed/live,R,2026,2026-06-25,,day,P,N,N,Regular Season,4,4,1,Final,Final,12,Tropicana Field,139,Tampa Bay Rays,TB,13,True,118,Kansas City Royals,KC,2,False,675627,Michael Grove,Michael,Grove,,1996-12-18,29,"6' 3""",200,1,Pitcher,R,Right,R,Right,,,,,,,,,,,,,,,,,,,,,,,,,,
2026-06-25,822961,,/api/v1.1/game/822961/feed/live,R,2026,2026-06-25,,day,P,N,N,Regular Season,4,4,1,Final,Final,12,Tropicana Field,139,Tampa Bay Rays,TB,13,True,118,Kansas City Royals,KC,2,False,664076,Garrett Cleavinger,Garrett,Cleavinger,60,1994-04-23,32,"6' 1""",225,1,Pitcher,R,Right,L,Left,,,,,,,,,,,,,,,,,,,,,,,,,,
2026-06-25,822961,,/api/v1.1/game/822961/feed/live,R,2026,2026-06-25,,day,P,N,N,Regular Season,4,4,1,Final,Final,12,Tropicana Field,139,Tampa Bay Rays,TB,13,True,118,Kansas City Royals,KC,2,False,676439,Hunter Feduccia,Hunter,Feduccia,9,1997-06-05,29,"6' 1""",215,2,Catcher,L,Left,R,Right,0-4 | RBI,,4,0,0,0,0,1,0,0,0,0,0,0,4,0,,,,,,,,,,
2026-06-25,822961,,/api/v1.1/game/822961/feed/live,R,2026,2026-06-25,,day,P,N,N,Regular Season,4,4,1,Final,Final,12,Tropicana Field,139,Tampa Bay Rays,TB,13,True,118,Kansas City Royals,KC,2,False,687330,Kevin Kelly,Kevin,Kelly,49,1997-11-28,28,"6' 2""",195,1,Pitcher,R,Right,R,Right,,,,,,,,,,,,,,,,,,,,,,,,,,
2026-06-25,822961,,/api/v1.1/game/822961/feed/live,R,2026,2026-06-25,,day,P,N,N,Regular Season,4,4,1,Final,Final,12,Tropicana Field,139,Tampa Bay Rays,TB,13,True,118,Kansas City Royals,KC,2,False,666018,Jonathan Aranda,Jonathan,Aranda,8,1998-05-23,28,"6' 0""",215,3,First Base,L,Left,R,Right,"3-5 | 2B, RBI, 2 R",,5,3,1,0,0,1,2,0,0,0,0,0,5,4,,,,,,,,,,
2026-06-25,822961,,/api/v1.1/game/822961/feed/live,R,2026,2026-06-25,,day,P,N,N,Regular Season,4,4,1,Final,Final,12,Tropicana Field,139,Tampa Bay Rays,TB,13,True,118,Kansas City Royals,KC,2,False,663743,Nick Fortes,Nicholas,Fortes,40,1996-11-11,29,"5' 11""",198,2,Catcher,R,Right,R,Right,"1-1 | RBI, R",,1,1,0,0,0,1,1,0,0,0,0,0,1,1,,,,,,,,,,
2026-06-25,822961,,/api/v1.1/game/822961/feed/live,R,2026,2026-06-25,,day,P,N,N,Regular Season,4,4,1,Final,Final,12,Tropicana Field,139,Tampa Bay Rays,TB,13,True,118,Kansas City Royals,KC,2,False,643377,Griffin Jax,James,Jax,22,1994-11-22,31,"6' 2""",195,1,Pitcher,R,Right,R,Right,,,,,,,,,,,,,,,,,,,,,,,,,,
2026-06-25,822961,,/api/v1.1/game/822961/feed/live,R,2026,2026-06-25,,day,P,N,N,Regular Season,4,4,1,Final,Final,12,Tropicana Field,139,Tampa Bay Rays,TB,13,True,118,Kansas City Royals,KC,2,False,518886,Craig Kimbrel,Craig,Kimbrel,46,1988-05-28,38,"6' 0""",215,1,Pitcher,R,Right,R,Right,"1.0 IP, 2 ER, 2 K, BB",,,,,,,,,,,,,,,,1.0,2,1,1,2,1,25,0,0,0
2026-06-25,822961,,/api/v1.1/game/822961/feed/live,R,2026,2026-06-25,,day,P,N,N,Regular Season,4,4,1,Final,Final,12,Tropicana Field,139,Tampa Bay Rays,TB,13,True,118,Kansas City Royals,KC,2,False,650490,Yandy Díaz,Yandy,Díaz,2,1991-08-08,34,"6' 0""",235,10,Designated Hitter,R,Right,R,Right,"1-4 | 2B, K, R",,4,1,1,0,0,0,1,1,0,0,0,0,4,2,,,,,,,,,,
2026-06-25,822961,,/api/v1.1/game/822961/feed/live,R,2026,2026-06-25,,day,P,N,N,Regular Season,4,4,1,Final,Final,12,Tropicana Field,139,Tampa Bay Rays,TB,13,True,118,Kansas City Royals,KC,2,False,810938,Ben Williamson,Benjamin,Williamson,15,2000-11-05,25,"6' 0""",210,4,Second Base,R,Right,R,Right,,,,,,,,,,,,,,,,,,,,,,,,,,
2026-06-25,822961,,/api/v1.1/game/822961/feed/live,R,2026,2026-06-25,,day,P,N,N,Regular Season,4,4,1,Final,Final,12,Tropicana Field,139,Tampa Bay Rays,TB,13,True,118,Kansas City Royals,KC,2,False,683748,Victor Mesa Jr.,Victor,Mesa,25,2001-09-08,24,"5' 11""",195,9,Outfielder,L,Left,L,Left,"1-3 | HR, BB, K",,3,1,0,0,1,3,1,1,1,0,0,0,4,4,,,,,,,,,,
2026-06-25,822961,,/api/v1.1/game/822961/feed/live,R,2026,2026-06-25,,day,P,N,N,Regular Season,4,4,1,Final,Final,12,Tropicana Field,139,Tampa Bay Rays,TB,13,True,118,Kansas City Royals,KC,2,False,641329,Bryan Baker,Bryan,Baker,47,1994-12-02,31,"6' 6""",235,1,Pitcher,R,Right,R,Right,,,,,,,,,,,,,,,,,,,,,,,,,,
2026-06-25,822961,,/api/v1.1/game/822961/feed/live,R,2026,2026-06-25,,day,P,N,N,Regular Season,4,4,1,Final,Final,12,Tropicana Field,139,Tampa Bay Rays,TB,13,True,118,Kansas City Royals,KC,2,False,691406,Junior Caminero,Junior,Caminero,13,2003-07-05,22,"6' 1""",220,5,Third Base,R,Right,R,Right,"3-5 | 3 HR, K, 6 RBI",,5,3,0,0,3,6,3,1,0,0,0,0,5,12,,,,,,,,,,
2026-06-25,822961,,/api/v1.1/game/822961/feed/live,R,2026,2026-06-25,,day,P,N,N,Regular Season,4,4,1,Final,Final,12,Tropicana Field,139,Tampa Bay Rays,TB,13,True,118,Kansas City Royals,KC,2,False,656876,Drew Rasmussen,Drew,Rasmussen,57,1995-07-27,30,"6' 1""",240,1,Pitcher,R,Right,R,Right,,,,,,,,,,,,,,,,,,,,,,,,,,
2026-06-25,822961,,/api/v1.1/game/822961/feed/live,R,2026,2026-06-25,,day,P,N,N,Regular Season,4,4,1,Final,Final,12,Tropicana Field,139,Tampa Bay Rays,TB,13,True,118,Kansas City Royals,KC,2,False,656775,Cedric Mullins,Boyce,Mullins,31,1994-10-01,31,"5' 7""",175,8,Outfielder,L,Left,L,Left,"2-4 | K, 2 R, SB",,4,2,0,0,0,0,2,1,0,1,0,0,4,2,,,,,,,,,,
2026-06-25,822961,,/api/v1.1/game/822961/feed/live,R,2026,2026-06-25,,day,P,N,N,Regular Season,4,4,1,Final,Final,12,Tropicana Field,139,Tampa Bay Rays,TB,13,True,118,Kansas City Royals,KC,2,False,695600,Carter Jensen,Carter,Jensen,22,2003-07-03,22,"6' 0""",210,2,Catcher,L,Left,R,Right,"1-4 | HR, K, 2 RBI",,4,1,0,0,1,2,1,1,0,0,0,0,4,4,,,,,,,,,,
2026-06-25,822961,,/api/v1.1/game/822961/feed/live,R,2026,2026-06-25,,day,P,N,N,Regular Season,4,4,1,Final,Final,12,Tropicana Field,139,Tampa Bay Rays,TB,13,True,118,Kansas City Royals,KC,2,False,670224,Kameron Misner,Kameron,Misner,26,1998-01-09,28,"6' 3""",220,8,Outfielder,L,Left,L,Left,0-0,,0,0,0,0,0,0,0,0,0,0,0,0,0,0,,,,,,,,,,
2026-06-25,822961,,/api/v1.1/game/822961/feed/live,R,2026,2026-06-25,,day,P,N,N,Regular Season,4,4,1,Final,Final,12,Tropicana Field,139,Tampa Bay Rays,TB,13,True,118,Kansas City Royals,KC,2,False,686475,Tyler Tolbert,Tyler,Tolbert,2,1998-01-27,28,"5' 10""",185,4,Second Base,R,Right,R,Right,0-3 | K,,3,0,0,0,0,0,0,1,0,0,0,0,3,0,1.0,5,6,1,0,0,24,0,0,0
2026-06-25,822961,,/api/v1.1/game/822961/feed/live,R,2026,2026-06-25,,day,P,N,N,Regular Season,4,4,1,Final,Final,12,Tropicana Field,139,Tampa Bay Rays,TB,13,True,118,Kansas City Royals,KC,2,False,668942,Josh Rojas,Joshua,Rojas,40,1994-06-30,31,"6' 1""",200,5,Third Base,L,Left,R,Right,0-3 | K,,3,0,0,0,0,0,0,1,0,0,0,0,3,0,,,,,,,,,,
2026-06-25,822961,,/api/v1.1/game/822961/feed/live,R,2026,2026-06-25,,day,P,N,N,Regular Season,4,4,1,Final,Final,12,Tropicana Field,139,Tampa Bay Rays,TB,13,True,118,Kansas City Royals,KC,2,False,686555,Isaac Collins,Isaac,Collins,1,1997-07-22,28,"5' 8""",188,7,Outfielder,S,Switch,R,Right,0-3 | K,,3,0,0,0,0,0,0,1,0,0,0,0,3,0,,,,,,,,,,
2026-06-25,822961,,/api/v1.1/game/822961/feed/live,R,2026,2026-06-25,,day,P,N,N,Regular Season,4,4,1,Final,Final,12,Tropicana Field,139,Tampa Bay Rays,TB,13,True,118,Kansas City Royals,KC,2,False,521692,Salvador Perez,Salvador,Perez,13,1990-05-10,36,"6' 2""",255,2,Catcher,R,Right,R,Right,0-3,,3,0,0,0,0,0,0,0,0,0,0,0,3,0,,,,,,,,,,
2026-06-25,822961,,/api/v1.1/game/822961/feed/live,R,2026,2026-06-25,,day,P,N,N,Regular Season,4,4,1,Final,Final,12,Tropicana Field,139,Tampa Bay Rays,TB,13,True,118,Kansas City Royals,KC,2,False,679883,Luinder Avila,Luinder,Avila,58,2001-08-21,24,"6' 3""",195,1,Pitcher,R,Right,R,Right,,,,,,,,,,,,,,,,,,,,,,,,,,
2026-06-25,822961,,/api/v1.1/game/822961/feed/live,R,2026,2026-06-25,,day,P,N,N,Regular Season,4,4,1,Final,Final,12,Tropicana Field,139,Tampa Bay Rays,TB,13,True,118,Kansas City Royals,KC,2,False,679845,Nick Loftin,Nicholas,Loftin,12,1998-09-25,27,"5' 11""",180,4,Second Base,R,Right,R,Right,0-4,,4,0,0,0,0,0,0,0,0,0,0,0,4,0,,,,,,,,,,
2026-06-25,822961,,/api/v1.1/game/822961/feed/live,R,2026,2026-06-25,,day,P,N,N,Regular Season,4,4,1,Final,Final,12,Tropicana Field,139,Tampa Bay Rays,TB,13,True,118,Kansas City Royals,KC,2,False,670231,John Rave,John,Rave,16,1997-12-30,28,"5' 10""",194,9,Outfielder,L,Left,L,Left,,,,,,,,,,,,,,,,,,,,,,,,,,
2026-06-25,822961,,/api/v1.1/game/822961/feed/live,R,2026,2026-06-25,,day,P,N,N,Regular Season,4,4,1,Final,Final,12,Tropicana Field,139,Tampa Bay Rays,TB,13,True,118,Kansas City Royals,KC,2,False,657756,Connor Seabold,Connor,Seabold,43,1996-01-24,30,"6' 2""",190,1,Pitcher,R,Right,R,Right,"1.0 IP, ER, K, 0 BB",,,,,,,,,,,,,,,,1.0,1,2,0,1,0,24,0,0,0
2026-06-25,822961,,/api/v1.1/game/822961/feed/live,R,2026,2026-06-25,,day,P,N,N,Regular Season,4,4,1,Final,Final,12,Tropicana Field,139,Tampa Bay Rays,TB,13,True,118,Kansas City Royals,KC,2,False,668674,Lucas Erceg,Lucas,Erceg,60,1995-05-01,31,"6' 2""",214,1,Pitcher,L,Left,R,Right,,,,,,,,,,,,,,,,,,,,,,,,,,
2026-06-25,822961,,/api/v1.1/game/822961/feed/live,R,2026,2026-06-25,,day,P,N,N,Regular Season,4,4,1,Final,Final,12,Tropicana Field,139,Tampa Bay Rays,TB,13,True,118,Kansas City Royals,KC,2,False,686681,Michael Massey,Michael,Massey,19,1998-03-22,28,"6' 0""",195,4,Second Base,L,Left,R,Right,,,,,,,,,,,,,,,,,,,,,,,,,,
2026-06-25,822961,,/api/v1.1/game/822961/feed/live,R,2026,2026-06-25,,day,P,N,N,Regular Season,4,4,1,Final,Final,12,Tropicana Field,139,Tampa Bay Rays,TB,13,True,118,Kansas City Royals,KC,2,False,516782,Starling Marte,Starling,Marte,0,1988-10-09,37,"6' 0""",195,9,Outfielder,R,Right,R,Right,"0-1 | 2 BB, K, R",,1,0,0,0,0,0,1,1,2,0,0,0,3,0,,,,,,,,,,
2026-06-25,822961,,/api/v1.1/game/822961/feed/live,R,2026,2026-06-25,,day,P,N,N,Regular Season,4,4,1,Final,Final,12,Tropicana Field,139,Tampa Bay Rays,TB,13,True,118,Kansas City Royals,KC,2,False,621381,Matt Strahm,Matthew,Strahm,25,1991-11-12,34,"6' 2""",190,1,Pitcher,R,Right,L,Left,"1.0 IP, 0 ER, K, 0 BB",,,,,,,,,,,,,,,,1.0,0,0,0,1,0,15,0,0,0
2026-06-25,822961,,/api/v1.1/game/822961/feed/live,R,2026,2026-06-25,,day,P,N,N,Regular Season,4,4,1,Final,Final,12,Tropicana Field,139,Tampa Bay Rays,TB,13,True,118,Kansas City Royals,KC,2,False,694360,Beck Way,Beck,Way,44,1999-08-06,26,"6' 4""",200,1,Pitcher,R,Right,R,Right,,,,,,,,,,,,,,,,,,,,,,,,,,
2026-06-25,822961,,/api/v1.1/game/822961/feed/live,R,2026,2026-06-25,,day,P,N,N,Regular Season,4,4,1,Final,Final,12,Tropicana Field,139,Tampa Bay Rays,TB,13,True,118,Kansas City Royals,KC,2,False,663568,Stephen Kolek,Stephen,Kolek,32,1997-04-18,29,"6' 3""",210,1,Pitcher,R,Right,R,Right,,,,,,,,,,,,,,,,,,,,,,,,,,
2026-06-25,822961,,/api/v1.1/game/822961/feed/live,R,2026,2026-06-25,,day,P,N,N,Regular Season,4,4,1,Final,Final,12,Tropicana Field,139,Tampa Bay Rays,TB,13,True,118,Kansas City Royals,KC,2,False,663738,Daniel Lynch IV,Daniel,Lynch,41,1996-11-17,29,"6' 6""",200,1,Pitcher,L,Left,L,Left,,,,,,,,,,,,,,,,,,,,,,,,,,
2026-06-25,822961,,/api/v1.1/game/822961/feed/live,R,2026,2026-06-25,,day,P,N,N,Regular Season,4,4,1,Final,Final,12,Tropicana Field,139,Tampa Bay Rays,TB,13,True,118,Kansas City Royals,KC,2,False,608379,Michael Wacha,Michael,Wacha,52,1991-07-01,34,"6' 6""",215,1,Pitcher,R,Right,R,Right,,,,,,,,,,,,,,,,,,,,,,,,,,
2026-06-25,822961,,/api/v1.1/game/822961/feed/live,R,2026,2026-06-25,,day,P,N,N,Regular Season,4,4,1,Final,Final,12,Tropicana Field,139,Tampa Bay Rays,TB,13,True,118,Kansas City Royals,KC,2,False,607625,Seth Lugo,Jacob,Lugo,67,1989-11-17,36,"6' 4""",225,1,Pitcher,R,Right,R,Right,"5.0 IP, 7 ER, 3 K, 2 BB",,,,,,,,,,,,,,,,5.0,7,7,3,3,2,90,0,1,0
2026-06-25,822961,,/api/v1.1/game/822961/feed/live,R,2026,2026-06-25,,day,P,N,N,Regular Season,4,4,1,Final,Final,12,Tropicana Field,139,Tampa Bay Rays,TB,13,True,118,Kansas City Royals,KC,2,False,657041,Lane Thomas,Lane,Thomas,15,1995-08-23,30,"5' 11""",195,8,Outfielder,R,Right,R,Right,0-3 | K,,3,0,0,0,0,0,0,1,0,0,0,0,3,0,,,,,,,,,,
2026-06-25,822961,,/api/v1.1/game/822961/feed/live,R,2026,2026-06-25,,day,P,N,N,Regular Season,4,4,1,Final,Final,12,Tropicana Field,139,Tampa Bay Rays,TB,13,True,118,Kansas City Royals,KC,2,False,702070,Noah Cameron,Noah,Cameron,65,1999-07-17,26,"6' 3""",220,1,Pitcher,L,Left,L,Left,,,,,,,,,,,,,,,,,,,,,,,,,,
2026-06-25,822961,,/api/v1.1/game/822961/feed/live,R,2026,2026-06-25,,day,P,N,N,Regular Season,4,4,1,Final,Final,12,Tropicana Field,139,Tampa Bay Rays,TB,13,True,118,Kansas City Royals,KC,2,False,656638,Alex Lange,Alexander,Lange,56,1995-10-02,30,"6' 3""",202,1,Pitcher,R,Right,R,Right,,,,,,,,,,,,,,,,,,,,,,,,,,
2026-06-25,822961,,/api/v1.1/game/822961/feed/live,R,2026,2026-06-25,,day,P,N,N,Regular Season,4,4,1,Final,Final,12,Tropicana Field,139,Tampa Bay Rays,TB,13,True,118,Kansas City Royals,KC,2,False,695506,Jac Caglianone,Jeffrey,Caglianone,14,2003-02-09,23,"6' 4""",250,9,Outfielder,L,Left,L,Left,0-4 | 3 K,,4,0,0,0,0,0,0,3,0,0,0,0,4,0,,,,,,,,,,
2026-06-25,822961,,/api/v1.1/game/822961/feed/live,R,2026,2026-06-25,,day,P,N,N,Regular Season,4,4,1,Final,Final,12,Tropicana Field,139,Tampa Bay Rays,TB,13,True,118,Kansas City Royals,KC,2,False,674444,Steven Cruz,Steven,Cruz,64,1999-06-15,27,"6' 7""",225,1,Pitcher,R,Right,R,Right,,,,,,,,,,,,,,,,,,,,,,,,,,
2026-06-25,822961,,/api/v1.1/game/822961/feed/live,R,2026,2026-06-25,,day,P,N,N,Regular Season,4,4,1,Final,Final,12,Tropicana Field,139,Tampa Bay Rays,TB,13,True,118,Kansas City Royals,KC,2,False,670167,John Schreiber,John,Schreiber,46,1994-03-05,32,"6' 2""",224,1,Pitcher,R,Right,R,Right,,,,,,,,,,,,,,,,,,,,,,,,,,
2026-06-25,822961,,/api/v1.1/game/822961/feed/live,R,2026,2026-06-25,,day,P,N,N,Regular Season,4,4,1,Final,Final,12,Tropicana Field,139,Tampa Bay Rays,TB,13,True,118,Kansas City Royals,KC,2,False,677951,Bobby Witt Jr.,Robert,Witt,7,2000-06-14,26,"6' 1""",200,6,Shortstop,R,Right,R,Right,,,,,,,,,,,,,,,,,,,,,,,,,,
2026-06-25,823366,,/api/v1.1/game/823366/feed/live,R,2026,2026-06-25,,day,P,N,N,Regular Season,3,3,1,Final,Final,31,PNC Park,134,Pittsburgh Pirates,PIT,5,True,136,Seattle Mariners,SEA,1,False,694973,Paul Skenes,Paul,Skenes,30,2002-05-29,24,"6' 6""",260,1,Pitcher,R,Right,R,Right,,,,,,,,,,,,,,,,,,,,,,,,,,
2026-06-25,823366,,/api/v1.1/game/823366/feed/live,R,2026,2026-06-25,,day,P,N,N,Regular Season,3,3,1,Final,Final,31,PNC Park,134,Pittsburgh Pirates,PIT,5,True,136,Seattle Mariners,SEA,1,False,664040,Brandon Lowe,Brandon,Lowe,5,1994-07-06,31,"5' 9""",181,4,Second Base,L,Left,R,Right,"2-4 | HR, K, 2 RBI",,4,2,0,0,1,2,1,1,0,0,0,0,4,5,,,,,,,,,,
2026-06-25,823366,,/api/v1.1/game/823366/feed/live,R,2026,2026-06-25,,day,P,N,N,Regular Season,3,3,1,Final,Final,31,PNC Park,134,Pittsburgh Pirates,PIT,5,True,136,Seattle Mariners,SEA,1,False,682848,Endy Rodríguez,Endy,Rodríguez,13,2000-05-26,26,"6' 0""",207,2,Catcher,S,Switch,R,Right,,,,,,,,,,,,,,,,,,,,,,,,,,
2026-06-25,823366,,/api/v1.1/game/823366/feed/live,R,2026,2026-06-25,,day,P,N,N,Regular Season,3,3,1,Final,Final,31,PNC Park,134,Pittsburgh Pirates,PIT,5,True,136,Seattle Mariners,SEA,1,False,668804,Bryan Reynolds,Bryan,Reynolds,10,1995-01-27,31,"6' 2""",210,7,Outfielder,S,Switch,R,Right,"1-3 | BB, 2 K, R",,3,1,0,0,0,0,1,2,1,0,0,0,4,1,,,,,,,,,,
2026-06-25,823366,,/api/v1.1/game/823366/feed/live,R,2026,2026-06-25,,day,P,N,N,Regular Season,3,3,1,Final,Final,31,PNC Park,134,Pittsburgh Pirates,PIT,5,True,136,Seattle Mariners,SEA,1,False,683003,Jared Jones,Jared,Jones,17,2001-08-06,24,"6' 0""",211,1,Pitcher,L,Left,R,Right,,,,,,,,,,,,,,,,,,,,,,,,,,
2026-06-25,823366,,/api/v1.1/game/823366/feed/live,R,2026,2026-06-25,,day,P,N,N,Regular Season,3,3,1,Final,Final,31,PNC Park,134,Pittsburgh Pirates,PIT,5,True,136,Seattle Mariners,SEA,1,False,681895,Evan Sisk,Samuel,Sisk,48,1997-04-23,29,"6' 2""",214,1,Pitcher,L,Left,L,Left,"1.0 IP, 0 ER, 0 K, BB",,,,,,,,,,,,,,,,1.0,0,1,0,0,1,23,0,0,0
2026-06-25,823366,,/api/v1.1/game/823366/feed/live,R,2026,2026-06-25,,day,P,N,N,Regular Season,3,3,1,Final,Final,31,PNC Park,134,Pittsburgh Pirates,PIT,5,True,136,Seattle Mariners,SEA,1,False,642397,Gregory Soto,Gregory,Soto,31,1995-02-11,31,"6' 1""",247,1,Pitcher,L,Left,L,Left,"1.0 IP, 0 ER, K, 0 BB",,,,,,,,,,,,,,,,1.0,0,0,0,1,0,17,0,0,0
2026-06-25,823366,,/api/v1.1/game/823366/feed/live,R,2026,2026-06-25,,day,P,N,N,Regular Season,3,3,1,Final,Final,31,PNC Park,134,Pittsburgh Pirates,PIT,5,True,136,Seattle Mariners,SEA,1,False,682254,Mason Montgomery,Mason,Montgomery,46,2000-06-17,26,"6' 2""",205,1,Pitcher,L,Left,L,Left,"1.1 IP, 0 ER, 2 K, 0 BB",,,,,,,,,,,,,,,,1.1,0,0,0,2,0,15,0,0,0
2026-06-25,823366,,/api/v1.1/game/823366/feed/live,R,2026,2026-06-25,,day,P,N,N,Regular Season,3,3,1,Final,Final,31,PNC Park,134,Pittsburgh Pirates,PIT,5,True,136,Seattle Mariners,SEA,1,False,699013,Esmerlyn Valdez,Esmerlyn,Valdez,55,2004-01-27,22,"6' 2""",234,9,Outfielder,R,Right,R,Right,0-3 | 3 K,,3,0,0,0,0,0,0,3,0,0,0,0,3,0,,,,,,,,,,
2026-06-25,823366,,/api/v1.1/game/823366/feed/live,R,2026,2026-06-25,,day,P,N,N,Regular Season,3,3,1,Final,Final,31,PNC Park,134,Pittsburgh Pirates,PIT,5,True,136,Seattle Mariners,SEA,1,False,669707,Jared Triolo,Jared,Triolo,19,1998-02-08,28,"6' 3""",212,6,Shortstop,R,Right,R,Right,1-3 | R,,3,1,0,0,0,0,1,0,0,0,0,0,3,1,,,,,,,,,,
2026-06-25,823366,,/api/v1.1/game/823366/feed/live,R,2026,2026-06-25,,day,P,N,N,Regular Season,3,3,1,Final,Final,31,PNC Park,134,Pittsburgh Pirates,PIT,5,True,136,Seattle Mariners,SEA,1,False,663968,Jake Mangum,Jake,Mangum,28,1996-03-08,30,"5' 11""",191,7,Outfielder,S,Switch,L,Left,0-4 | 2 K,,4,0,0,0,0,0,0,2,0,0,0,0,4,0,,,,,,,,,,
2026-06-25,823366,,/api/v1.1/game/823366/feed/live,R,2026,2026-06-25,,day,P,N,N,Regular Season,3,3,1,Final,Final,31,PNC Park,134,Pittsburgh Pirates,PIT,5,True,136,Seattle Mariners,SEA,1,False,656605,Mitch Keller,Mitch,Keller,23,1996-04-04,30,"6' 3""",213,1,Pitcher,R,Right,R,Right,,,,,,,,,,,,,,,,,,,,,,,,,,
2026-06-25,823366,,/api/v1.1/game/823366/feed/live,R,2026,2026-06-25,,day,P,N,N,Regular Season,3,3,1,Final,Final,31,PNC Park,134,Pittsburgh Pirates,PIT,5,True,136,Seattle Mariners,SEA,1,False,670990,Yohan Ramírez,Yohan,Ramírez,49,1995-05-06,31,"6' 3""",205,1,Pitcher,R,Right,R,Right,"0.1 IP, 0 ER, 0 K, 2 BB",,,,,,,,,,,,,,,,0.1,0,0,0,0,2,13,0,0,0
2026-06-25,823366,,/api/v1.1/game/823366/feed/live,R,2026,2026-06-25,,day,P,N,N,Regular Season,3,3,1,Final,Final,31,PNC Park,134,Pittsburgh Pirates,PIT,5,True,136,Seattle Mariners,SEA,1,False,676755,Isaac Mattson,Isaac,Mattson,72,1995-07-14,30,"6' 2""",214,1,Pitcher,R,Right,R,Right,,,,,,,,,,,,,,,,,,,,,,,,,,
2026-06-25,823366,,/api/v1.1/game/823366/feed/live,R,2026,2026-06-25,,day,P,N,N,Regular Season,3,3,1,Final,Final,31,PNC Park,134,Pittsburgh Pirates,PIT,5,True,136,Seattle Mariners,SEA,1,False,696149,Bubba Chandler,Roy,Chandler,36,2002-09-14,23,"6' 3""",206,1,Pitcher,S,Switch,R,Right,"5.1 IP, ER, 4 K, 3 BB",,,,,,,,,,,,,,,,5.1,1,5,0,4,3,75,1,0,0
2026-06-25,823366,,/api/v1.1/game/823366/feed/live,R,2026,2026-06-25,,day,P,N,N,Regular Season,3,3,1,Final,Final,31,PNC Park,134,Pittsburgh Pirates,PIT,5,True,136,Seattle Mariners,SEA,1,False,695257,Billy Cook,William,Cook,25,1999-01-07,27,"6' 0""",204,9,Outfielder,R,Right,R,Right,0-1,,1,0,0,0,0,0,0,0,0,0,0,0,1,0,,,,,,,,,,
2026-06-25,823366,,/api/v1.1/game/823366/feed/live,R,2026,2026-06-25,,day,P,N,N,Regular Season,3,3,1,Final,Final,31,PNC Park,134,Pittsburgh Pirates,PIT,5,True,136,Seattle Mariners,SEA,1,False,669387,Carmen Mlodzinski,Carmen,Mlodzinski,50,1999-02-19,27,"6' 2""",210,1,Pitcher,R,Right,R,Right,,,,,,,,,,,,,,,,,,,,,,,,,,
2026-06-25,823366,,/api/v1.1/game/823366/feed/live,R,2026,2026-06-25,,day,P,N,N,Regular Season,3,3,1,Final,Final,31,PNC Park,134,Pittsburgh Pirates,PIT,5,True,136,Seattle Mariners,SEA,1,False,687394,Jack Brannigan,Jack,Brannigan,76,2001-03-11,25,"6' 0""",201,6,Shortstop,R,Right,R,Right,,,,,,,,,,,,,,,,,,,,,,,,,,
2026-06-25,823366,,/api/v1.1/game/823366/feed/live,R,2026,2026-06-25,,day,P,N,N,Regular Season,3,3,1,Final,Final,31,PNC Park,134,Pittsburgh Pirates,PIT,5,True,136,Seattle Mariners,SEA,1,False,642701,Dennis Santana,Dennis,Santana,60,1996-04-12,30,"6' 2""",202,1,Pitcher,R,Right,R,Right,,,,,,,,,,,,,,,,,,,,,,,,,,
2026-06-25,823366,,/api/v1.1/game/823366/feed/live,R,2026,2026-06-25,,day,P,N,N,Regular Season,3,3,1,Final,Final,31,PNC Park,134,Pittsburgh Pirates,PIT,5,True,136,Seattle Mariners,SEA,1,False,680779,Henry Davis,Henry,Davis,32,1999-09-21,26,"5' 11""",225,2,Catcher,R,Right,R,Right,"2-3 | HR, 2B, 2 RBI",,3,2,1,0,1,2,2,0,0,1,0,0,3,6,,,,,,,,,,
2026-06-25,823366,,/api/v1.1/game/823366/feed/live,R,2026,2026-06-25,,day,P,N,N,Regular Season,3,3,1,Final,Final,31,PNC Park,134,Pittsburgh Pirates,PIT,5,True,136,Seattle Mariners,SEA,1,False,682997,Tyler Callihan,Tyler,Callihan,37,2000-06-22,26,"5' 11""",205,7,Outfielder,L,Left,R,Right,0-3 | 2 K,,3,0,0,0,0,0,0,2,0,0,0,0,3,0,,,,,,,,,,
2026-06-25,823366,,/api/v1.1/game/823366/feed/live,R,2026,2026-06-25,,day,P,N,N,Regular Season,3,3,1,Final,Final,31,PNC Park,134,Pittsburgh Pirates,PIT,5,True,136,Seattle Mariners,SEA,1,False,684049,Brandan Bidois,Brandan,Bidois,77,2001-06-21,25,"6' 2""",174,1,Pitcher,R,Right,R,Right,,,,,,,,,,,,,,,,,,,,,,,,,,
2026-06-25,823366,,/api/v1.1/game/823366/feed/live,R,2026,2026-06-25,,day,P,N,N,Regular Season,3,3,1,Final,Final,31,PNC Park,134,Pittsburgh Pirates,PIT,5,True,136,Seattle Mariners,SEA,1,False,656811,Ryan O'Hearn,Ryan,O'Hearn,29,1993-07-26,32,"6' 2""",220,9,Outfielder,L,Left,L,Left,"1-4 | 2 K, RBI",,4,1,0,0,0,1,0,2,0,0,0,0,4,1,,,,,,,,,,
2026-06-25,823366,,/api/v1.1/game/823366/feed/live,R,2026,2026-06-25,,day,P,N,N,Regular Season,3,3,1,Final,Final,31,PNC Park,134,Pittsburgh Pirates,PIT,5,True,136,Seattle Mariners,SEA,1,False,693304,Nick Gonzales,Nicholas,Gonzales,3,1999-05-27,27,"5' 8""",193,5,Third Base,R,Right,R,Right,1-4 | K,,4,1,0,0,0,0,0,1,0,0,0,0,4,1,,,,,,,,,,
2026-06-25,823366,,/api/v1.1/game/823366/feed/live,R,2026,2026-06-25,,day,P,N,N,Regular Season,3,3,1,Final,Final,31,PNC Park,134,Pittsburgh Pirates,PIT,5,True,136,Seattle Mariners,SEA,1,False,542303,Marcell Ozuna,Marcell,Ozuna,24,1990-11-12,35,"6' 1""",251,10,Designated Hitter,R,Right,R,Right,,,,,,,,,,,,,,,,,,,,,,,,,,
2026-06-25,823366,,/api/v1.1/game/823366/feed/live,R,2026,2026-06-25,,day,P,N,N,Regular Season,3,3,1,Final,Final,31,PNC Park,134,Pittsburgh Pirates,PIT,5,True,136,Seattle Mariners,SEA,1,False,677952,Braxton Ashcraft,Braxton,Ashcraft,35,1999-10-05,26,"6' 5""",218,1,Pitcher,L,Left,R,Right,,,,,,,,,,,,,,,,,,,,,,,,,,
2026-06-25,823366,,/api/v1.1/game/823366/feed/live,R,2026,2026-06-25,,day,P,N,N,Regular Season,3,3,1,Final,Final,31,PNC Park,134,Pittsburgh Pirates,PIT,5,True,136,Seattle Mariners,SEA,1,False,647304,Josh Naylor,Joshua-Douglas,Naylor,12,1997-06-22,29,"5' 10""",235,3,First Base,L,Left,L,Left,1-3 | BB,,3,1,0,0,0,0,0,0,1,0,0,0,4,1,,,,,,,,,,
2026-06-25,823366,,/api/v1.1/game/823366/feed/live,R,2026,2026-06-25,,day,P,N,N,Regular Season,3,3,1,Final,Final,31,PNC Park,134,Pittsburgh Pirates,PIT,5,True,136,Seattle Mariners,SEA,1,False,645302,Victor Robles,Victor,Robles,10,1997-05-19,29,"6' 0""",193,9,Outfielder,R,Right,R,Right,0-0,,0,0,0,0,0,0,0,0,0,0,0,0,0,0,,,,,,,,,,
2026-06-25,823366,,/api/v1.1/game/823366/feed/live,R,2026,2026-06-25,,day,P,N,N,Regular Season,3,3,1,Final,Final,31,PNC Park,134,Pittsburgh Pirates,PIT,5,True,136,Seattle Mariners,SEA,1,False,702284,Cole Young,Cole,Young,2,2003-07-29,22,"5' 10""",180,4,Second Base,L,Left,R,Right,0-4 | K,,4,0,0,0,0,0,0,1,0,0,0,0,4,0,,,,,,,,,,
2026-06-25,823366,,/api/v1.1/game/823366/feed/live,R,2026,2026-06-25,,day,P,N,N,Regular Season,3,3,1,Final,Final,31,PNC Park,134,Pittsburgh Pirates,PIT,5,True,136,Seattle Mariners,SEA,1,False,678606,José A. Ferrer,José,Ferrer,45,2000-03-03,26,"6' 1""",233,1,Pitcher,L,Left,L,Left,,,,,,,,,,,,,,,,,,,,,,,,,,
2026-06-25,823366,,/api/v1.1/game/823366/feed/live,R,2026,2026-06-25,,day,P,N,N,Regular Season,3,3,1,Final,Final,31,PNC Park,134,Pittsburgh Pirates,PIT,5,True,136,Seattle Mariners,SEA,1,False,689546,Nick Davila,Nicholas,Davila,82,1998-11-21,27,"6' 3""",230,1,Pitcher,R,Right,R,Right,,,,,,,,,,,,,,,,,,,,,,,,,,
2026-06-25,823366,,/api/v1.1/game/823366/feed/live,R,2026,2026-06-25,,day,P,N,N,Regular Season,3,3,1,Final,Final,31,PNC Park,134,Pittsburgh Pirates,PIT,5,True,136,Seattle Mariners,SEA,1,False,621074,Michael Rucker,Michael,Rucker,38,1994-04-27,32,"6' 1""",195,1,Pitcher,R,Right,R,Right,,,,,,,,,,,,,,,,,,,,,,,,,,
2026-06-25,823366,,/api/v1.1/game/823366/feed/live,R,2026,2026-06-25,,day,P,N,N,Regular Season,3,3,1,Final,Final,31,PNC Park,134,Pittsburgh Pirates,PIT,5,True,136,Seattle Mariners,SEA,1,False,642215,Weston Wilson,Weston,Wilson,31,1994-09-11,31,"6' 3""",215,5,Third Base,R,Right,R,Right,,,,,,,,,,,,,,,,,,,,,,,,,,
2026-06-25,823366,,/api/v1.1/game/823366/feed/live,R,2026,2026-06-25,,day,P,N,N,Regular Season,3,3,1,Final,Final,31,PNC Park,134,Pittsburgh Pirates,PIT,5,True,136,Seattle Mariners,SEA,1,False,695380,Alex Hoppe,Alex,Hoppe,48,1998-12-17,27,"6' 1""",200,1,Pitcher,R,Right,R,Right,"1.0 IP, 2 ER, K, BB",,,,,,,,,,,,,,,,1.0,2,3,0,1,1,20,0,0,0
2026-06-25,823366,,/api/v1.1/game/823366/feed/live,R,2026,2026-06-25,,day,P,N,N,Regular Season,3,3,1,Final,Final,31,PNC Park,134,Pittsburgh Pirates,PIT,5,True,136,Seattle Mariners,SEA,1,False,641487,J.P. Crawford,John,Crawford,3,1995-01-11,31,"6' 0""",202,6,Shortstop,L,Left,R,Right,"1-5 | K, RBI",,5,1,0,0,0,1,0,1,0,0,0,0,5,1,,,,,,,,,,
2026-06-25,823366,,/api/v1.1/game/823366/feed/live,R,2026,2026-06-25,,day,P,N,N,Regular Season,3,3,1,Final,Final,31,PNC Park,134,Pittsburgh Pirates,PIT,5,True,136,Seattle Mariners,SEA,1,False,668227,Randy Arozarena,Randy,Arozarena,56,1995-02-28,31,"5' 10""",185,7,Outfielder,R,Right,R,Right,1-3 | BB,,3,1,0,0,0,0,0,0,1,0,0,0,4,1,,,,,,,,,,
2026-06-25,823366,,/api/v1.1/game/823366/feed/live,R,2026,2026-06-25,,day,P,N,N,Regular Season,3,3,1,Final,Final,31,PNC Park,134,Pittsburgh Pirates,PIT,5,True,136,Seattle Mariners,SEA,1,False,686527,Dominic Canzone,Dominic,Canzone,8,1997-08-16,28,"6' 0""",190,10,Designated Hitter,L,Left,R,Right,,,,,,,,,,,,,,,,,,,,,,,,,,
2026-06-25,823366,,/api/v1.1/game/823366/feed/live,R,2026,2026-06-25,,day,P,N,N,Regular Season,3,3,1,Final,Final,31,PNC Park,134,Pittsburgh Pirates,PIT,5,True,136,Seattle Mariners,SEA,1,False,663728,Cal Raleigh,Caleb,Raleigh,29,1996-11-26,29,"6' 2""",235,2,Catcher,S,Switch,R,Right,"1-4 | 2B, BB, 3 K",,4,1,1,0,0,0,0,3,1,0,0,0,5,2,,,,,,,,,,
2026-06-25,823366,,/api/v1.1/game/823366/feed/live,R,2026,2026-06-25,,day,P,N,N,Regular Season,3,3,1,Final,Final,31,PNC Park,134,Pittsburgh Pirates,PIT,5,True,136,Seattle Mariners,SEA,1,False,608701,Rob Refsnyder,Robert,Refsnyder,30,1991-03-26,35,"5' 11""",215,10,Designated Hitter,R,Right,R,Right,0-1,,1,0,0,0,0,0,0,0,0,0,0,0,1,0,,,,,,,,,,
2026-06-25,823366,,/api/v1.1/game/823366/feed/live,R,2026,2026-06-25,,day,P,N,N,Regular Season,3,3,1,Final,Final,31,PNC Park,134,Pittsburgh Pirates,PIT,5,True,136,Seattle Mariners,SEA,1,False,669302,Logan Gilbert,Logan,Gilbert,36,1997-05-05,29,"6' 6""",215,1,Pitcher,R,Right,R,Right,,,,,,,,,,,,,,,,,,,,,,,,,,
2026-06-25,823366,,/api/v1.1/game/823366/feed/live,R,2026,2026-06-25,,day,P,N,N,Regular Season,3,3,1,Final,Final,31,PNC Park,134,Pittsburgh Pirates,PIT,5,True,136,Seattle Mariners,SEA,1,False,693433,Bryan Woo,Bryan,Woo,22,2000-01-30,26,"6' 2""",205,1,Pitcher,R,Right,R,Right,,,,,,,,,,,,,,,,,,,,,,,,,,
2026-06-25,823366,,/api/v1.1/game/823366/feed/live,R,2026,2026-06-25,,day,P,N,N,Regular Season,3,3,1,Final,Final,31,PNC Park,134,Pittsburgh Pirates,PIT,5,True,136,Seattle Mariners,SEA,1,False,806068,Colt Emerson,Colt,Emerson,4,2005-07-20,20,"6' 0""",195,5,Third Base,L,Left,R,Right,"0-3 | BB, K",,3,0,0,0,0,0,0,1,1,0,0,0,4,0,,,,,,,,,,
2026-06-25,823366,,/api/v1.1/game/823366/feed/live,R,2026,2026-06-25,,day,P,N,N,Regular Season,3,3,1,Final,Final,31,PNC Park,134,Pittsburgh Pirates,PIT,5,True,136,Seattle Mariners,SEA,1,False,622491,Luis Castillo,Luis,Castillo,58,1992-12-12,33,"6' 2""",200,1,Pitcher,R,Right,R,Right,,,,,,,,,,,,,,,,,,,,,,,,,,
2026-06-25,823366,,/api/v1.1/game/823366/feed/live,R,2026,2026-06-25,,day,P,N,N,Regular Season,3,3,1,Final,Final,31,PNC Park,134,Pittsburgh Pirates,PIT,5,True,136,Seattle Mariners,SEA,1,False,669923,George Kirby,George,Kirby,68,1998-02-04,28,"6' 4""",215,1,Pitcher,R,Right,R,Right,,,,,,,,,,,,,,,,,,,,,,,,,,
2026-06-25,823366,,/api/v1.1/game/823366/feed/live,R,2026,2026-06-25,,day,P,N,N,Regular Season,3,3,1,Final,Final,31,PNC Park,134,Pittsburgh Pirates,PIT,5,True,136,Seattle Mariners,SEA,1,False,662253,Andrés Muñoz,Andrés,Muñoz,75,1999-01-16,27,"6' 2""",222,1,Pitcher,R,Right,R,Right,,,,,,,,,,,,,,,,,,,,,,,,,,
2026-06-25,823366,,/api/v1.1/game/823366/feed/live,R,2026,2026-06-25,,day,P,N,N,Regular Season,3,3,1,Final,Final,31,PNC Park,134,Pittsburgh Pirates,PIT,5,True,136,Seattle Mariners,SEA,1,False,641598,Mitch Garver,Mitchell,Garver,18,1991-01-15,35,"6' 1""",220,2,Catcher,R,Right,R,Right,"0-2 | BB, HBP, R",,2,0,0,0,0,0,1,0,1,0,0,0,4,0,,,,,,,,,,
2026-06-25,823366,,/api/v1.1/game/823366/feed/live,R,2026,2026-06-25,,day,P,N,N,Regular Season,3,3,1,Final,Final,31,PNC Park,134,Pittsburgh Pirates,PIT,5,True,136,Seattle Mariners,SEA,1,False,642100,Gabe Speier,Gabriel,Speier,55,1995-04-12,31,"5' 11""",200,1,Pitcher,L,Left,L,Left,"0.1 IP, 0 ER, 0 K, 0 BB",,,,,,,,,,,,,,,,0.1,0,0,0,0,0,1,0,0,0
2026-06-25,823366,,/api/v1.1/game/823366/feed/live,R,2026,2026-06-25,,day,P,N,N,Regular Season,3,3,1,Final,Final,31,PNC Park,134,Pittsburgh Pirates,PIT,5,True,136,Seattle Mariners,SEA,1,False,677594,Julio Rodríguez,Julio,Rodríguez,44,2000-12-29,25,"6' 4""",228,8,Outfielder,R,Right,R,Right,"1-5 | K, SB",,5,1,0,0,0,0,0,1,0,1,0,1,5,1,,,,,,,,,,
2026-06-25,823366,,/api/v1.1/game/823366/feed/live,R,2026,2026-06-25,,day,P,N,N,Regular Season,3,3,1,Final,Final,31,PNC Park,134,Pittsburgh Pirates,PIT,5,True,136,Seattle Mariners,SEA,1,False,682243,Bryce Miller,Bryce,Miller,50,1998-08-23,27,"6' 2""",200,1,Pitcher,R,Right,R,Right,"5.2 IP, 3 ER, 11 K, 0 BB",,,,,,,,,,,,,,,,5.2,3,5,2,11,0,90,0,1,0
2026-06-25,823366,,/api/v1.1/game/823366/feed/live,R,2026,2026-06-25,,day,P,N,N,Regular Season,3,3,1,Final,Final,31,PNC Park,134,Pittsburgh Pirates,PIT,5,True,136,Seattle Mariners,SEA,1,False,660825,Eduard Bazardo,Eduard,Bazardo,83,1995-09-01,30,"6' 0""",190,1,Pitcher,R,Right,R,Right,"1.0 IP, 0 ER, K, 0 BB",,,,,,,,,,,,,,,,1.0,0,0,0,1,0,8,0,0,0
2026-06-25,823366,,/api/v1.1/game/823366/feed/live,R,2026,2026-06-25,,day,P,N,N,Regular Season,3,3,1,Final,Final,31,PNC Park,134,Pittsburgh Pirates,PIT,5,True,136,Seattle Mariners,SEA,1,False,670042,Luke Raley,Lucas,Raley,20,1994-09-19,31,"6' 3""",235,9,Outfielder,L,Left,R,Right,1-2 | BB,,2,1,0,0,0,0,0,0,1,0,0,0,3,1,,,,,,,,,,
2026-06-25,823366,,/api/v1.1/game/823366/feed/live,R,2026,2026-06-25,,day,P,N,N,Regular Season,3,3,1,Final,Final,31,PNC Park,134,Pittsburgh Pirates,PIT,5,True,136,Seattle Mariners,SEA,1,False,676106,Emerson Hancock,Emerson,Hancock,26,1999-05-31,27,"6' 4""",213,1,Pitcher,R,Right,R,Right,,,,,,,,,,,,,,,,,,,,,,,,,,
2026-06-25,823209,,/api/v1.1/game/823209/feed/live,R,2026,2026-06-25,,day,P,N,N,Regular Season,3,3,1,Final,Final,2395,Oracle Park,137,San Francisco Giants,SF,6,False,133,Athletics,ATH,9,True,669477,Casey Schmitt,Casey,Schmitt,10,1999-03-01,27,"6' 0""",215,7,Outfielder,R,Right,R,Right,1-4 | R,,4,1,0,0,0,0,1,0,0,0,0,0,4,1,,,,,,,,,,
2026-06-25,823209,,/api/v1.1/game/823209/feed/live,R,2026,2026-06-25,,day,P,N,N,Regular Season,3,3,1,Final,Final,2395,Oracle Park,137,San Francisco Giants,SF,6,False,133,Athletics,ATH,9,True,813841,Jonah Cox,Jonah,Cox,53,2001-08-04,24,"6' 2""",204,8,Outfielder,R,Right,R,Right,0-3 | 2 K,,3,0,0,0,0,0,0,2,0,0,0,0,3,0,,,,,,,,,,
2026-06-25,823209,,/api/v1.1/game/823209/feed/live,R,2026,2026-06-25,,day,P,N,N,Regular Season,3,3,1,Final,Final,2395,Oracle Park,137,San Francisco Giants,SF,6,False,133,Athletics,ATH,9,True,664141,JT Brubaker,Jonathan,Brubaker,34,1993-11-17,32,"6' 4""",197,1,Pitcher,R,Right,R,Right,,,,,,,,,,,,,,,,,,,,,,,,,,
2026-06-25,823209,,/api/v1.1/game/823209/feed/live,R,2026,2026-06-25,,day,P,N,N,Regular Season,3,3,1,Final,Final,2395,Oracle Park,137,San Francisco Giants,SF,6,False,133,Athletics,ATH,9,True,686790,Trevor McDonald,Trevor,McDonald,72,2001-02-26,25,"6' 0""",205,1,Pitcher,R,Right,R,Right,,,,,,,,,,,,,,,,,,,,,,,,,,
2026-06-25,823209,,/api/v1.1/game/823209/feed/live,R,2026,2026-06-25,,day,P,N,N,Regular Season,3,3,1,Final,Final,2395,Oracle Park,137,San Francisco Giants,SF,6,False,133,Athletics,ATH,9,True,681916,Dylan Smith,Dylan,Smith,66,2000-05-28,26,"6' 2""",180,1,Pitcher,R,Right,R,Right,"1.0 IP, ER, 2 K, 0 BB",,,,,,,,,,,,,,,,1.0,1,2,0,2,0,25,0,0,0
2026-06-25,823209,,/api/v1.1/game/823209/feed/live,R,2026,2026-06-25,,day,P,N,N,Regular Season,3,3,1,Final,Final,2395,Oracle Park,137,San Francisco Giants,SF,6,False,133,Athletics,ATH,9,True,682674,Victor Bericoto,Victor,Bericoto,78,2001-12-03,24,"6' 1""",210,9,Outfielder,R,Right,R,Right,"1-4 | HR, 2 K, 2 RBI",,4,1,0,0,1,2,1,2,0,0,0,0,4,4,,,,,,,,,,
2026-06-25,823209,,/api/v1.1/game/823209/feed/live,R,2026,2026-06-25,,day,P,N,N,Regular Season,3,3,1,Final,Final,2395,Oracle Park,137,San Francisco Giants,SF,6,False,133,Athletics,ATH,9,True,641816,Tyler Mahle,Tyler,Mahle,54,1994-09-29,31,"6' 3""",212,1,Pitcher,R,Right,R,Right,,,,,,,,,,,,,,,,,,,,,,,,,,
2026-06-25,823209,,/api/v1.1/game/823209/feed/live,R,2026,2026-06-25,,day,P,N,N,Regular Season,3,3,1,Final,Final,2395,Oracle Park,137,San Francisco Giants,SF,6,False,133,Athletics,ATH,9,True,657277,Logan Webb,Logan,Webb,62,1996-11-18,29,"6' 2""",221,1,Pitcher,R,Right,R,Right,,,,,,,,,,,,,,,,,,,,,,,,,,
2026-06-25,823209,,/api/v1.1/game/823209/feed/live,R,2026,2026-06-25,,day,P,N,N,Regular Season,3,3,1,Final,Final,2395,Oracle Park,137,San Francisco Giants,SF,6,False,133,Athletics,ATH,9,True,676254,Ryan Walker,Ryan,Walker,74,1995-11-26,30,"6' 2""",215,1,Pitcher,R,Right,R,Right,"0.2 IP, 2 ER, 0 K, 0 BB",,,,,,,,,,,,,,,,0.2,2,2,0,0,0,7,0,0,0
2026-06-25,823209,,/api/v1.1/game/823209/feed/live,R,2026,2026-06-25,,day,P,N,N,Regular Season,3,3,1,Final,Final,2395,Oracle Park,137,San Francisco Giants,SF,6,False,133,Athletics,ATH,9,True,671083,Buddy Kennedy,Clifton,Kennedy,41,1998-10-05,27,"5' 10""",213,3,First Base,R,Right,R,Right,,,,,,,,,,,,,,,,,,,,,,,,,,
2026-06-25,823209,,/api/v1.1/game/823209/feed/live,R,2026,2026-06-25,,day,P,N,N,Regular Season,3,3,1,Final,Final,2395,Oracle Park,137,San Francisco Giants,SF,6,False,133,Athletics,ATH,9,True,656305,Matt Chapman,Matt,Chapman,26,1993-04-28,33,"6' 1""",220,5,Third Base,R,Right,R,Right,1-2 | 2 BB,,2,1,0,0,0,0,0,0,2,0,0,0,4,1,,,,,,,,,,
2026-06-25,823209,,/api/v1.1/game/823209/feed/live,R,2026,2026-06-25,,day,P,N,N,Regular Season,3,3,1,Final,Final,2395,Oracle Park,137,San Francisco Giants,SF,6,False,133,Athletics,ATH,9,True,668873,Caleb Kilian,Caleb,Kilian,45,1997-06-02,29,"6' 4""",206,1,Pitcher,R,Right,R,Right,"0.2 IP, 4 ER, K, BB",,,,,,,,,,,,,,,,0.2,4,4,0,1,1,23,0,1,0
2026-06-25,823209,,/api/v1.1/game/823209/feed/live,R,2026,2026-06-25,,day,P,N,N,Regular Season,3,3,1,Final,Final,2395,Oracle Park,137,San Francisco Giants,SF,6,False,133,Athletics,ATH,9,True,808982,Jung Hoo Lee,Jung Hoo,Lee,51,1998-08-20,27,"6' 0""",196,9,Outfielder,L,Left,R,Right,"1-4 | 3B, K, 3 RBI",,4,1,0,1,0,3,1,1,0,0,0,0,4,3,,,,,,,,,,
2026-06-25,823209,,/api/v1.1/game/823209/feed/live,R,2026,2026-06-25,,day,P,N,N,Regular Season,3,3,1,Final,Final,2395,Oracle Park,137,San Francisco Giants,SF,6,False,133,Athletics,ATH,9,True,687551,Drew Gilbert,Andrew,Gilbert,0,2000-09-27,25,"5' 9""",195,8,Outfielder,L,Left,L,Left,0-1,,1,0,0,0,0,0,0,0,0,0,0,0,1,0,,,,,,,,,,
2026-06-25,823209,,/api/v1.1/game/823209/feed/live,R,2026,2026-06-25,,day,P,N,N,Regular Season,3,3,1,Final,Final,2395,Oracle Park,137,San Francisco Giants,SF,6,False,133,Athletics,ATH,9,True,656529,Sam Hentges,Sam,Hentges,31,1996-07-18,29,"6' 8""",255,1,Pitcher,L,Left,L,Left,,,,,,,,,,,,,,,,,,,,,,,,,,
2026-06-25,823209,,/api/v1.1/game/823209/feed/live,R,2026,2026-06-25,,day,P,N,N,Regular Season,3,3,1,Final,Final,2395,Oracle Park,137,San Francisco Giants,SF,6,False,133,Athletics,ATH,9,True,646240,Rafael Devers,Rafael,Devers,16,1996-10-24,29,"6' 0""",235,3,First Base,L,Left,R,Right,0-4 | 2 K,,4,0,0,0,0,0,0,2,0,0,0,0,4,0,,,,,,,,,,
2026-06-25,823209,,/api/v1.1/game/823209/feed/live,R,2026,2026-06-25,,day,P,N,N,Regular Season,3,3,1,Final,Final,2395,Oracle Park,137,San Francisco Giants,SF,6,False,133,Athletics,ATH,9,True,606992,Eric Haase,Eric,Haase,18,1992-12-18,33,"5' 10""",201,2,Catcher,R,Right,R,Right,0-2 | K,,2,0,0,0,0,0,0,1,0,0,0,0,2,0,,,,,,,,,,
2026-06-25,823209,,/api/v1.1/game/823209/feed/live,R,2026,2026-06-25,,day,P,N,N,Regular Season,3,3,1,Final,Final,2395,Oracle Park,137,San Francisco Giants,SF,6,False,133,Athletics,ATH,9,True,605288,Adrian Houser,Adrian,Houser,12,1993-02-02,33,"6' 4""",227,1,Pitcher,R,Right,R,Right,,,,,,,,,,,,,,,,,,,,,,,,,,
2026-06-25,823209,,/api/v1.1/game/823209/feed/live,R,2026,2026-06-25,,day,P,N,N,Regular Season,3,3,1,Final,Final,2395,Oracle Park,137,San Francisco Giants,SF,6,False,133,Athletics,ATH,9,True,642715,Willy Adames,Willy,Adames,2,1995-09-02,30,"6' 0""",216,6,Shortstop,R,Right,R,Right,"1-3 | HR, BB, K",,3,1,0,0,1,1,2,1,1,0,0,0,4,4,,,,,,,,,,
2026-06-25,823209,,/api/v1.1/game/823209/feed/live,R,2026,2026-06-25,,day,P,N,N,Regular Season,3,3,1,Final,Final,2395,Oracle Park,137,San Francisco Giants,SF,6,False,133,Athletics,ATH,9,True,592662,Robbie Ray,Robert,Ray,38,1991-10-01,34,"6' 2""",220,1,Pitcher,L,Left,L,Left,,,,,,,,,,,,,,,,,,,,,,,,,,
2026-06-25,823209,,/api/v1.1/game/823209/feed/live,R,2026,2026-06-25,,day,P,N,N,Regular Season,3,3,1,Final,Final,2395,Oracle Park,137,San Francisco Giants,SF,6,False,133,Athletics,ATH,9,True,669062,Erik Miller,Erik,Miller,68,1998-02-13,28,"6' 5""",269,1,Pitcher,L,Left,L,Left,"0.1 IP, 0 ER, 0 K, BB",,,,,,,,,,,,,,,,0.1,0,1,0,0,1,12,0,0,0
2026-06-25,823209,,/api/v1.1/game/823209/feed/live,R,2026,2026-06-25,,day,P,N,N,Regular Season,3,3,1,Final,Final,2395,Oracle Park,137,San Francisco Giants,SF,6,False,133,Athletics,ATH,9,True,694738,Landen Roupp,Landen,Roupp,65,1998-09-10,27,"6' 2""",220,1,Pitcher,R,Right,R,Right,"6.0 IP, 2 ER, 6 K, BB",,,,,,,,,,,,,,,,6.0,2,6,0,6,1,108,0,0,0
2026-06-25,823209,,/api/v1.1/game/823209/feed/live,R,2026,2026-06-25,,day,P,N,N,Regular Season,3,3,1,Final,Final,2395,Oracle Park,137,San Francisco Giants,SF,6,False,133,Athletics,ATH,9,True,650333,Luis Arraez,Luis,Arraez,1,1997-04-09,29,"5' 10""",186,4,Second Base,L,Left,R,Right,,,,,,,,,,,,,,,,,,,,,,,,,,
2026-06-25,823209,,/api/v1.1/game/823209/feed/live,R,2026,2026-06-25,,day,P,N,N,Regular Season,3,3,1,Final,Final,2395,Oracle Park,137,San Francisco Giants,SF,6,False,133,Athletics,ATH,9,True,805811,Bryce Eldridge,Bryson,Eldridge,8,2004-10-20,21,"6' 7""",251,10,Designated Hitter,L,Left,R,Right,"0-3 | BB, R",,3,0,0,0,0,0,1,0,1,0,0,0,4,0,,,,,,,,,,
2026-06-25,823209,,/api/v1.1/game/823209/feed/live,R,2026,2026-06-25,,day,P,N,N,Regular Season,3,3,1,Final,Final,2395,Oracle Park,137,San Francisco Giants,SF,6,False,133,Athletics,ATH,9,True,691740,Daniel Susac,Daniel,Susac,6,2001-05-14,25,"6' 5""",210,2,Catcher,R,Right,R,Right,0-2 | K,,2,0,0,0,0,0,0,1,0,0,0,0,2,0,,,,,,,,,,
2026-06-25,823209,,/api/v1.1/game/823209/feed/live,R,2026,2026-06-25,,day,P,N,N,Regular Season,3,3,1,Final,Final,2395,Oracle Park,137,San Francisco Giants,SF,6,False,133,Athletics,ATH,9,True,657424,Matt Gage,Matthew,Gage,93,1993-02-11,33,"6' 4""",261,1,Pitcher,L,Left,L,Left,"0.1 IP, 0 ER, 0 K, 0 BB",,,,,,,,,,,,,,,,0.1,0,0,0,0,0,10,0,0,0
2026-06-25,823209,,/api/v1.1/game/823209/feed/live,R,2026,2026-06-25,,day,P,N,N,Regular Season,3,3,1,Final,Final,2395,Oracle Park,137,San Francisco Giants,SF,6,False,133,Athletics,ATH,9,True,671732,Lawrence Butler,Lawrence,Butler,4,2000-07-10,25,"6' 3""",210,9,Outfielder,L,Left,R,Right,"2-5 | 2B, K, RBI",,5,2,1,0,0,1,2,1,0,1,0,0,5,3,,,,,,,,,,
2026-06-25,823209,,/api/v1.1/game/823209/feed/live,R,2026,2026-06-25,,day,P,N,N,Regular Season,3,3,1,Final,Final,2395,Oracle Park,137,San Francisco Giants,SF,6,False,133,Athletics,ATH,9,True,641680,Jonah Heim,Jonah,Heim,15,1995-06-27,30,"6' 4""",220,2,Catcher,S,Switch,R,Right,"1-4 | BB, K, RBI",,4,1,0,0,0,1,1,1,1,0,0,1,5,1,,,,,,,,,,
2026-06-25,823209,,/api/v1.1/game/823209/feed/live,R,2026,2026-06-25,,day,P,N,N,Regular Season,3,3,1,Final,Final,2395,Oracle Park,137,San Francisco Giants,SF,6,False,133,Athletics,ATH,9,True,669372,J.T. Ginn,John,Ginn,35,1999-05-20,27,"6' 2""",200,1,Pitcher,R,Right,R,Right,,,,,,,,,,,,,,,,,,,,,,,,,,
2026-06-25,823209,,/api/v1.1/game/823209/feed/live,R,2026,2026-06-25,,day,P,N,N,Regular Season,3,3,1,Final,Final,2395,Oracle Park,137,San Francisco Giants,SF,6,False,133,Athletics,ATH,9,True,640454,Matt Krook,Matthew,Krook,65,1994-10-21,31,"6' 4""",225,1,Pitcher,L,Left,L,Left,"0.1 IP, 2 ER, K, BB",,,,,,,,,,,,,,,,0.1,2,1,0,1,1,13,0,0,0
2026-06-25,823209,,/api/v1.1/game/823209/feed/live,R,2026,2026-06-25,,day,P,N,N,Regular Season,3,3,1,Final,Final,2395,Oracle Park,137,San Francisco Giants,SF,6,False,133,Athletics,ATH,9,True,643446,Jeff McNeil,Jeffrey,McNeil,22,1992-04-08,34,"6' 0""",195,4,Second Base,L,Left,R,Right,"3-4 | HBP, RBI, 2 R",,4,3,0,0,0,1,2,0,0,0,0,0,5,3,,,,,,,,,,
2026-06-25,823209,,/api/v1.1/game/823209/feed/live,R,2026,2026-06-25,,day,P,N,N,Regular Season,3,3,1,Final,Final,2395,Oracle Park,137,San Francisco Giants,SF,6,False,133,Athletics,ATH,9,True,664129,Geoff Hartlieb,Geoffery,Hartlieb,31,1993-12-09,32,"6' 5""",240,1,Pitcher,R,Right,R,Right,"2.0 IP, 0 ER, K, BB",,,,,,,,,,,,,,,,2.0,0,0,0,1,1,25,1,0,0
2026-06-25,823209,,/api/v1.1/game/823209/feed/live,R,2026,2026-06-25,,day,P,N,N,Regular Season,3,3,1,Final,Final,2395,Oracle Park,137,San Francisco Giants,SF,6,False,133,Athletics,ATH,9,True,686993,Justin Sterner,Justin,Sterner,60,1996-08-29,29,"6' 1""",215,1,Pitcher,R,Right,R,Right,"0.1 IP, ER, K, 0 BB",,,,,,,,,,,,,,,,0.1,1,1,1,1,0,7,0,0,0
2026-06-25,823209,,/api/v1.1/game/823209/feed/live,R,2026,2026-06-25,,day,P,N,N,Regular Season,3,3,1,Final,Final,2395,Oracle Park,137,San Francisco Giants,SF,6,False,133,Athletics,ATH,9,True,686930,Mason Barnett,Mason,Barnett,63,2000-11-07,25,"6' 0""",218,1,Pitcher,R,Right,R,Right,"1.0 IP, 0 ER, K, 0 BB",,,,,,,,,,,,,,,,1.0,0,0,0,1,0,13,0,0,1
2026-06-25,823209,,/api/v1.1/game/823209/feed/live,R,2026,2026-06-25,,day,P,N,N,Regular Season,3,3,1,Final,Final,2395,Oracle Park,137,San Francisco Giants,SF,6,False,133,Athletics,ATH,9,True,666126,Carlos Cortes,Carlos,Cortes,26,1997-06-30,28,"5' 7""",197,9,Outfielder,L,Left,S,Switch,,,,,,,,,,,,,,,,,,,,,,,,,,
2026-06-25,823209,,/api/v1.1/game/823209/feed/live,R,2026,2026-06-25,,day,P,N,N,Regular Season,3,3,1,Final,Final,2395,Oracle Park,137,San Francisco Giants,SF,6,False,133,Athletics,ATH,9,True,660761,José Suarez,José,Suarez,54,1998-01-03,28,"5' 10""",225,1,Pitcher,L,Left,L,Left,,,,,,,,,,,,,,,,,,,,,,,,,,
2026-06-25,823209,,/api/v1.1/game/823209/feed/live,R,2026,2026-06-25,,day,P,N,N,Regular Season,3,3,1,Final,Final,2395,Oracle Park,137,San Francisco Giants,SF,6,False,133,Athletics,ATH,9,True,608841,Joey Meneses,Joey,Meneses,13,1992-05-06,34,"6' 4""",235,3,First Base,R,Right,R,Right,,,,,,,,,,,,,,,,,,,,,,,,,,
2026-06-25,823209,,/api/v1.1/game/823209/feed/live,R,2026,2026-06-25,,day,P,N,N,Regular Season,3,3,1,Final,Final,2395,Oracle Park,137,San Francisco Giants,SF,6,False,133,Athletics,ATH,9,True,675961,Alika Williams,Alexander,Williams,12,1999-03-12,27,"6' 1""",183,6,Shortstop,R,Right,R,Right,"2-4 | 2B, K, RBI",,4,2,1,0,0,1,2,1,0,0,0,0,4,3,,,,,,,,,,
2026-06-25,823209,,/api/v1.1/game/823209/feed/live,R,2026,2026-06-25,,day,P,N,N,Regular Season,3,3,1,Final,Final,2395,Oracle Park,137,San Francisco Giants,SF,6,False,133,Athletics,ATH,9,True,691777,Max Muncy,Maxwell,Muncy,3,2002-08-25,23,"6' 0""",180,5,Third Base,R,Right,R,Right,"1-5 | K, 2 RBI, SB",,5,1,0,0,0,2,0,1,0,1,0,0,5,1,,,,,,,,,,
2026-06-25,823209,,/api/v1.1/game/823209/feed/live,R,2026,2026-06-25,,day,P,N,N,Regular Season,3,3,1,Final,Final,2395,Oracle Park,137,San Francisco Giants,SF,6,False,133,Athletics,ATH,9,True,691016,Tyler Soderstrom,Tyler,Soderstrom,21,2001-11-24,24,"6' 2""",200,7,Outfielder,L,Left,R,Right,"2-4 | BB, R",,4,2,0,0,0,0,1,0,1,0,0,0,5,2,,,,,,,,,,
2026-06-25,823209,,/api/v1.1/game/823209/feed/live,R,2026,2026-06-25,,day,P,N,N,Regular Season,3,3,1,Final,Final,2395,Oracle Park,137,San Francisco Giants,SF,6,False,133,Athletics,ATH,9,True,695611,Gage Jump,Gage,Jump,61,2003-04-12,23,"6' 0""",200,1,Pitcher,L,Left,L,Left,,,,,,,,,,,,,,,,,,,,,,,,,,
2026-06-25,823209,,/api/v1.1/game/823209/feed/live,R,2026,2026-06-25,,day,P,N,N,Regular Season,3,3,1,Final,Final,2395,Oracle Park,137,San Francisco Giants,SF,6,False,133,Athletics,ATH,9,True,665660,Elvis Alvarado,Elvis,Alvarado,37,1999-02-23,27,"6' 6""",253,1,Pitcher,R,Right,R,Right,,,,,,,,,,,,,,,,,,,,,,,,,,
2026-06-25,823209,,/api/v1.1/game/823209/feed/live,R,2026,2026-06-25,,day,P,N,N,Regular Season,3,3,1,Final,Final,2395,Oracle Park,137,San Francisco Giants,SF,6,False,133,Athletics,ATH,9,True,650644,Aaron Civale,Aaron,Civale,45,1995-06-12,31,"6' 1""",245,1,Pitcher,R,Right,R,Right,,,,,,,,,,,,,,,,,,,,,,,,,,
2026-06-25,823209,,/api/v1.1/game/823209/feed/live,R,2026,2026-06-25,,day,P,N,N,Regular Season,3,3,1,Final,Final,2395,Oracle Park,137,San Francisco Giants,SF,6,False,133,Athletics,ATH,9,True,701762,Nick Kurtz,Nicholas,Kurtz,16,2003-03-12,23,"6' 5""",240,3,First Base,L,Left,L,Left,"0-4 | BB, 3 K, RBI",,4,0,0,0,0,1,0,3,1,0,0,0,5,0,,,,,,,,,,
2026-06-25,823209,,/api/v1.1/game/823209/feed/live,R,2026,2026-06-25,,day,P,N,N,Regular Season,3,3,1,Final,Final,2395,Oracle Park,137,San Francisco Giants,SF,6,False,133,Athletics,ATH,9,True,663687,Hogan Harris,Hogan,Harris,36,1996-12-26,29,"6' 3""",230,1,Pitcher,R,Right,L,Left,,,,,,,,,,,,,,,,,,,,,,,,,,
2026-06-25,823209,,/api/v1.1/game/823209/feed/live,R,2026,2026-06-25,,day,P,N,N,Regular Season,3,3,1,Final,Final,2395,Oracle Park,137,San Francisco Giants,SF,6,False,133,Athletics,ATH,9,True,665622,Luis Medina,Luis,Medina,46,1999-05-03,27,"6' 1""",175,1,Pitcher,R,Right,R,Right,,,,,,,,,,,,,,,,,,,,,,,,,,
2026-06-25,823209,,/api/v1.1/game/823209/feed/live,R,2026,2026-06-25,,day,P,N,N,Regular Season,3,3,1,Final,Final,2395,Oracle Park,137,San Francisco Giants,SF,6,False,133,Athletics,ATH,9,True,703607,Henry Bolte,Henry,Bolte,33,2003-08-04,22,"6' 3""",195,8,Outfielder,R,Right,R,Right,3-5 | R,,5,3,0,0,0,0,1,0,0,0,0,0,5,3,,,,,,,,,,
2026-06-25,823209,,/api/v1.1/game/823209/feed/live,R,2026,2026-06-25,,day,P,N,N,Regular Season,3,3,1,Final,Final,2395,Oracle Park,137,San Francisco Giants,SF,6,False,133,Athletics,ATH,9,True,687515,Colby Thomas,Colby,Thomas,32,2001-01-26,25,"5' 10""",190,9,Outfielder,R,Right,R,Right,,,,,,,,,,,,,,,,,,,,,,,,,,
2026-06-25,823209,,/api/v1.1/game/823209/feed/live,R,2026,2026-06-25,,day,P,N,N,Regular Season,3,3,1,Final,Final,2395,Oracle Park,137,San Francisco Giants,SF,6,False,133,Athletics,ATH,9,True,669127,Shea Langeliers,Shea,Langeliers,23,1997-11-18,28,"5' 11""",205,2,Catcher,R,Right,R,Right,"1-5 | 2 K, 2 RBI",,5,1,0,0,0,2,0,2,0,0,0,0,5,1,,,,,,,,,,
2026-06-25,823209,,/api/v1.1/game/823209/feed/live,R,2026,2026-06-25,,day,P,N,N,Regular Season,3,3,1,Final,Final,2395,Oracle Park,137,San Francisco Giants,SF,6,False,133,Athletics,ATH,9,True,678022,Jack Perkins,Jackson,Perkins,50,1999-12-26,26,"6' 1""",220,1,Pitcher,R,Right,R,Right,,,,,,,,,,,,,,,,,,,,,,,,,,
2026-06-25,823209,,/api/v1.1/game/823209/feed/live,R,2026,2026-06-25,,day,P,N,N,Regular Season,3,3,1,Final,Final,2395,Oracle Park,137,San Francisco Giants,SF,6,False,133,Athletics,ATH,9,True,605488,Jeffrey Springs,Jeffrey,Springs,59,1992-09-20,33,"6' 3""",218,1,Pitcher,L,Left,L,Left,"5.1 IP, 3 ER, 6 K, 2 BB",,,,,,,,,,,,,,,,5.1,3,3,1,6,2,87,0,0,0
2026-06-25,823209,,/api/v1.1/game/823209/feed/live,R,2026,2026-06-25,,day,P,N,N,Regular Season,3,3,1,Final,Final,2395,Oracle Park,137,San Francisco Giants,SF,6,False,133,Athletics,ATH,9,True,805779,Jacob Wilson,Jacob,Wilson,5,2002-03-30,24,"6' 2""",190,6,Shortstop,R,Right,R,Right,,,,,,,,,,,,,,,,,,,,,,,,,,
2026-06-25,824258,,/api/v1.1/game/824258/feed/live,R,2026,2026-06-25,,night,P,N,N,Regular Season,1,4,1,Final,Final,2394,Comerica Park,116,Detroit Tigers,DET,1,False,117,Houston Astros,HOU,2,True,664285,Framber Valdez,Framber,Valdez,59,1993-11-19,32,"5' 11""",230,1,Pitcher,R,Right,L,Left,,,,,,,,,,,,,,,,,,,,,,,,,,
2026-06-25,824258,,/api/v1.1/game/824258/feed/live,R,2026,2026-06-25,,night,P,N,N,Regular Season,1,4,1,Final,Final,2394,Comerica Park,116,Detroit Tigers,DET,1,False,117,Houston Astros,HOU,2,True,656716,Zach McKinstry,Zachary,McKinstry,39,1995-04-29,31,"5' 11""",180,4,Second Base,L,Left,R,Right,0-3 | K,,3,0,0,0,0,0,0,1,0,0,0,0,3,0,,,,,,,,,,
2026-06-25,824258,,/api/v1.1/game/824258/feed/live,R,2026,2026-06-25,,night,P,N,N,Regular Season,1,4,1,Final,Final,2394,Comerica Park,116,Detroit Tigers,DET,1,False,117,Houston Astros,HOU,2,True,669373,Tarik Skubal,Tarik,Skubal,29,1996-11-20,29,"6' 3""",240,1,Pitcher,R,Right,L,Left,,,,,,,,,,,,,,,,,,,,,,,,,,
2026-06-25,824258,,/api/v1.1/game/824258/feed/live,R,2026,2026-06-25,,night,P,N,N,Regular Season,1,4,1,Final,Final,2394,Comerica Park,116,Detroit Tigers,DET,1,False,117,Houston Astros,HOU,2,True,663554,Casey Mize,Casey,Mize,12,1997-05-01,29,"6' 3""",212,1,Pitcher,R,Right,R,Right,,,,,,,,,,,,,,,,,,,,,,,,,,
2026-06-25,824258,,/api/v1.1/game/824258/feed/live,R,2026,2026-06-25,,night,P,N,N,Regular Season,1,4,1,Final,Final,2394,Comerica Park,116,Detroit Tigers,DET,1,False,117,Houston Astros,HOU,2,True,701678,Hao-Yu Lee,Hao-Yu,Lee,50,2003-02-03,23,"5' 9""",190,4,Second Base,R,Right,R,Right,1-3 | 2 K,,3,1,0,0,0,0,0,2,0,0,0,0,3,1,,,,,,,,,,
2026-06-25,824258,,/api/v1.1/game/824258/feed/live,R,2026,2026-06-25,,night,P,N,N,Regular Season,1,4,1,Final,Final,2394,Comerica Park,116,Detroit Tigers,DET,1,False,117,Houston Astros,HOU,2,True,623454,Drew Anderson,Andrew,Anderson,38,1994-03-22,32,"6' 3""",205,1,Pitcher,R,Right,R,Right,,,,,,,,,,,,,,,,,,,,,,,,,,
2026-06-25,824258,,/api/v1.1/game/824258/feed/live,R,2026,2026-06-25,,night,P,N,N,Regular Season,1,4,1,Final,Final,2394,Comerica Park,116,Detroit Tigers,DET,1,False,117,Houston Astros,HOU,2,True,663330,Jahmai Jones,Jahmai,Jones,18,1997-08-04,28,"5' 10""",210,10,Designated Hitter,R,Right,R,Right,,,,,,,,,,,,,,,,,,,,,,,,,,
2026-06-25,824258,,/api/v1.1/game/824258/feed/live,R,2026,2026-06-25,,night,P,N,N,Regular Season,1,4,1,Final,Final,2394,Comerica Park,116,Detroit Tigers,DET,1,False,117,Houston Astros,HOU,2,True,682985,Riley Greene,Riley,Greene,31,2000-09-28,25,"6' 2""",200,7,Outfielder,L,Left,L,Left,2-4 | K,,4,2,0,0,0,0,0,1,0,0,0,0,4,2,,,,,,,,,,
2026-06-25,824258,,/api/v1.1/game/824258/feed/live,R,2026,2026-06-25,,night,P,N,N,Regular Season,1,4,1,Final,Final,2394,Comerica Park,116,Detroit Tigers,DET,1,False,117,Houston Astros,HOU,2,True,621097,Jacob Waguespack,Jacob,Waguespack,58,1993-11-05,32,"6' 6""",228,1,Pitcher,R,Right,R,Right,,,,,,,,,,,,,,,,,,,,,,,,,,
2026-06-25,824258,,/api/v1.1/game/824258/feed/live,R,2026,2026-06-25,,night,P,N,N,Regular Season,1,4,1,Final,Final,2394,Comerica Park,116,Detroit Tigers,DET,1,False,117,Houston Astros,HOU,2,True,663947,Tyler Holton,Weston,Holton,87,1996-06-13,30,"6' 2""",200,1,Pitcher,L,Left,L,Left,"1.0 IP, 0 ER, 0 K, 0 BB",,,,,,,,,,,,,,,,1.0,0,1,0,0,0,18,0,0,0
2026-06-25,824258,,/api/v1.1/game/824258/feed/live,R,2026,2026-06-25,,night,P,N,N,Regular Season,1,4,1,Final,Final,2394,Comerica Park,116,Detroit Tigers,DET,1,False,117,Houston Astros,HOU,2,True,805808,Kevin McGonigle,Kevin,McGonigle,7,2004-08-18,21,"5' 9""",187,6,Shortstop,L,Left,R,Right,1-4 | 2 K,,4,1,0,0,0,0,0,2,0,0,0,0,4,1,,,,,,,,,,
2026-06-25,824258,,/api/v1.1/game/824258/feed/live,R,2026,2026-06-25,,night,P,N,N,Regular Season,1,4,1,Final,Final,2394,Comerica Park,116,Detroit Tigers,DET,1,False,117,Houston Astros,HOU,2,True,681481,Kerry Carpenter,Kerry,Carpenter,30,1997-09-02,28,"6' 1""",220,9,Outfielder,L,Left,R,Right,0-4,,4,0,0,0,0,0,0,0,0,0,0,0,4,0,,,,,,,,,,
2026-06-25,824258,,/api/v1.1/game/824258/feed/live,R,2026,2026-06-25,,night,P,N,N,Regular Season,1,4,1,Final,Final,2394,Comerica Park,116,Detroit Tigers,DET,1,False,117,Houston Astros,HOU,2,True,640448,Kyle Finnegan,Kyle,Finnegan,67,1991-09-04,34,"6' 2""",198,1,Pitcher,R,Right,R,Right,"1.0 IP, 0 ER, K, 0 BB",,,,,,,,,,,,,,,,1.0,0,0,0,1,0,13,0,0,0
2026-06-25,824258,,/api/v1.1/game/824258/feed/live,R,2026,2026-06-25,,night,P,N,N,Regular Season,1,4,1,Final,Final,2394,Comerica Park,116,Detroit Tigers,DET,1,False,117,Houston Astros,HOU,2,True,445276,Kenley Jansen,Kenley,Jansen,74,1987-09-30,38,"6' 5""",265,1,Pitcher,S,Switch,R,Right,"1.0 IP, ER, 0 K, 0 BB",,,,,,,,,,,,,,,,1.0,1,2,0,0,0,15,0,0,0
2026-06-25,824258,,/api/v1.1/game/824258/feed/live,R,2026,2026-06-25,,night,P,N,N,Regular Season,1,4,1,Final,Final,2394,Comerica Park,116,Detroit Tigers,DET,1,False,117,Houston Astros,HOU,2,True,679529,Spencer Torkelson,Spencer,Torkelson,20,1999-08-26,26,"6' 1""",220,3,First Base,R,Right,R,Right,0-3 | 2 K,,3,0,0,0,0,0,0,2,0,0,0,0,3,0,,,,,,,,,,
2026-06-25,824258,,/api/v1.1/game/824258/feed/live,R,2026,2026-06-25,,night,P,N,N,Regular Season,1,4,1,Final,Final,2394,Comerica Park,116,Detroit Tigers,DET,1,False,117,Houston Astros,HOU,2,True,805427,Drew Sommers,Drew,Sommers,51,2000-08-14,25,"6' 3""",250,1,Pitcher,L,Left,L,Left,,,,,,,,,,,,,,,,,,,,,,,,,,
2026-06-25,824258,,/api/v1.1/game/824258/feed/live,R,2026,2026-06-25,,night,P,N,N,Regular Season,1,4,1,Final,Final,2394,Comerica Park,116,Detroit Tigers,DET,1,False,117,Houston Astros,HOU,2,True,672456,Keider Montero,Keider,Montero,54,2000-07-06,25,"6' 1""",145,1,Pitcher,R,Right,R,Right,,,,,,,,,,,,,,,,,,,,,,,,,,
2026-06-25,824258,,/api/v1.1/game/824258/feed/live,R,2026,2026-06-25,,night,P,N,N,Regular Season,1,4,1,Final,Final,2394,Comerica Park,116,Detroit Tigers,DET,1,False,117,Houston Astros,HOU,2,True,701162,Ben Malgeri,Benjamin,Malgeri,53,2000-01-12,26,"6' 1""",215,8,Outfielder,R,Right,R,Right,,,,,,,,,,,,,,,,,,,,,,,,,,
2026-06-25,824258,,/api/v1.1/game/824258/feed/live,R,2026,2026-06-25,,night,P,N,N,Regular Season,1,4,1,Final,Final,2394,Comerica Park,116,Detroit Tigers,DET,1,False,117,Houston Astros,HOU,2,True,668670,Jake Rogers,Jacob,Rogers,34,1995-04-18,31,"5' 11""",201,2,Catcher,R,Right,R,Right,,,,,,,,,,,,,,,,,,,,,,,,,,
2026-06-25,824258,,/api/v1.1/game/824258/feed/live,R,2026,2026-06-25,,night,P,N,N,Regular Season,1,4,1,Final,Final,2394,Comerica Park,116,Detroit Tigers,DET,1,False,117,Houston Astros,HOU,2,True,646241,Enmanuel De Jesus,Enmanuel,De Jesus,37,1996-12-10,29,"6' 3""",190,1,Pitcher,L,Left,L,Left,,,,,,,,,,,,,,,,,,,,,,,,,,
2026-06-25,824258,,/api/v1.1/game/824258/feed/live,R,2026,2026-06-25,,night,P,N,N,Regular Season,1,4,1,Final,Final,2394,Comerica Park,116,Detroit Tigers,DET,1,False,117,Houston Astros,HOU,2,True,681546,James Outman,James,Outman,43,1997-05-14,29,"6' 2""",215,8,Outfielder,L,Left,R,Right,0-3 | 2 K,,3,0,0,0,0,0,0,2,0,0,0,0,3,0,,,,,,,,,,
2026-06-25,824258,,/api/v1.1/game/824258/feed/live,R,2026,2026-06-25,,night,P,N,N,Regular Season,1,4,1,Final,Final,2394,Comerica Park,116,Detroit Tigers,DET,1,False,117,Houston Astros,HOU,2,True,663837,Matt Vierling,Matthew,Vierling,8,1996-09-16,29,"6' 1""",205,8,Outfielder,R,Right,R,Right,,,,,,,,,,,,,,,,,,,,,,,,,,
2026-06-25,824258,,/api/v1.1/game/824258/feed/live,R,2026,2026-06-25,,night,P,N,N,Regular Season,1,4,1,Final,Final,2394,Comerica Park,116,Detroit Tigers,DET,1,False,117,Houston Astros,HOU,2,True,693307,Dillon Dingler,Francis,Dingler,13,1998-09-17,27,"6' 1""",210,2,Catcher,R,Right,R,Right,"1-3 | HR, BB, 2 K",,3,1,0,0,1,1,1,2,1,0,0,0,4,4,,,,,,,,,,
2026-06-25,824258,,/api/v1.1/game/824258/feed/live,R,2026,2026-06-25,,night,P,N,N,Regular Season,1,4,1,Final,Final,2394,Comerica Park,116,Detroit Tigers,DET,1,False,117,Houston Astros,HOU,2,True,676684,Will Vest,William,Vest,19,1995-06-06,31,"6' 0""",180,1,Pitcher,R,Right,R,Right,,,,,,,,,,,,,,,,,,,,,,,,,,
2026-06-25,824258,,/api/v1.1/game/824258/feed/live,R,2026,2026-06-25,,night,P,N,N,Regular Season,1,4,1,Final,Final,2394,Comerica Park,116,Detroit Tigers,DET,1,False,117,Houston Astros,HOU,2,True,690993,Colt Keith,Colten,Keith,33,2001-08-14,24,"6' 2""",211,5,Third Base,L,Left,R,Right,0-4 | K,,4,0,0,0,0,0,0,1,0,0,0,1,4,0,,,,,,,,,,
2026-06-25,824258,,/api/v1.1/game/824258/feed/live,R,2026,2026-06-25,,night,P,N,N,Regular Season,1,4,1,Final,Final,2394,Comerica Park,116,Detroit Tigers,DET,1,False,117,Houston Astros,HOU,2,True,675512,Troy Melton,Troy,Melton,52,2000-12-03,25,"6' 4""",210,1,Pitcher,R,Right,R,Right,"6.0 IP, ER, 6 K, 0 BB",,,,,,,,,,,,,,,,6.0,1,2,1,6,0,88,0,1,0
2026-06-25,824258,,/api/v1.1/game/824258/feed/live,R,2026,2026-06-25,,night,P,N,N,Regular Season,1,4,1,Final,Final,2394,Comerica Park,116,Detroit Tigers,DET,1,False,117,Houston Astros,HOU,2,True,670623,Isaac Paredes,Isaac,Paredes,15,1999-02-18,27,"5' 11""",213,5,Third Base,R,Right,R,Right,0-3 | RBI,,3,0,0,0,0,1,0,0,0,0,0,0,4,0,,,,,,,,,,
2026-06-25,824258,,/api/v1.1/game/824258/feed/live,R,2026,2026-06-25,,night,P,N,N,Regular Season,1,4,1,Final,Final,2394,Comerica Park,116,Detroit Tigers,DET,1,False,117,Houston Astros,HOU,2,True,650556,Bryan Abreu,Bryan,Abreu,52,1997-04-22,29,"6' 1""",230,1,Pitcher,R,Right,R,Right,,,,,,,,,,,,,,,,,,,,,,,,,,
2026-06-25,824258,,/api/v1.1/game/824258/feed/live,R,2026,2026-06-25,,night,P,N,N,Regular Season,1,4,1,Final,Final,2394,Comerica Park,116,Detroit Tigers,DET,1,False,117,Houston Astros,HOU,2,True,678906,Kai-Wei Teng,Kai-Wei,Teng,17,1998-12-01,27,"6' 4""",241,1,Pitcher,R,Right,R,Right,,,,,,,,,,,,,,,,,,,,,,,,,,
2026-06-25,824258,,/api/v1.1/game/824258/feed/live,R,2026,2026-06-25,,night,P,N,N,Regular Season,1,4,1,Final,Final,2394,Comerica Park,116,Detroit Tigers,DET,1,False,117,Houston Astros,HOU,2,True,701358,Cam Smith,Cameron,Smith,11,2003-02-22,23,"6' 3""",224,9,Outfielder,R,Right,R,Right,1-3,,3,1,0,0,0,0,0,0,0,0,0,0,3,1,,,,,,,,,,
2026-06-25,824258,,/api/v1.1/game/824258/feed/live,R,2026,2026-06-25,,night,P,N,N,Regular Season,1,4,1,Final,Final,2394,Comerica Park,116,Detroit Tigers,DET,1,False,117,Houston Astros,HOU,2,True,686613,Hunter Brown,Hunter,Brown,58,1998-08-29,27,"6' 2""",220,1,Pitcher,R,Right,R,Right,,,,,,,,,,,,,,,,,,,,,,,,,,
2026-06-25,824258,,/api/v1.1/game/824258/feed/live,R,2026,2026-06-25,,night,P,N,N,Regular Season,1,4,1,Final,Final,2394,Comerica Park,116,Detroit Tigers,DET,1,False,117,Houston Astros,HOU,2,True,623352,Josh Hader,Josh,Hader,71,1994-04-07,32,"6' 3""",188,1,Pitcher,L,Left,L,Left,,,,,,,,,,,,,,,,,,,,,,,,,,
2026-06-25,824258,,/api/v1.1/game/824258/feed/live,R,2026,2026-06-25,,night,P,N,N,Regular Season,1,4,1,Final,Final,2394,Comerica Park,116,Detroit Tigers,DET,1,False,117,Houston Astros,HOU,2,True,660853,Enyel De Los Santos,Enyel,De Los Santos,65,1995-12-25,30,"6' 3""",235,1,Pitcher,R,Right,R,Right,"1.0 IP, ER, 0 K, 0 BB",,,,,,,,,,,,,,,,1.0,1,2,1,0,0,10,0,0,1
2026-06-25,824258,,/api/v1.1/game/824258/feed/live,R,2026,2026-06-25,,night,P,N,N,Regular Season,1,4,1,Final,Final,2394,Comerica Park,116,Detroit Tigers,DET,1,False,117,Houston Astros,HOU,2,True,676694,Jake Meyers,Jacob,Meyers,6,1996-06-18,30,"6' 0""",200,8,Outfielder,R,Right,L,Left,0-1,,1,0,0,0,0,0,0,0,0,0,0,0,1,0,,,,,,,,,,
2026-06-25,824258,,/api/v1.1/game/824258/feed/live,R,2026,2026-06-25,,night,P,N,N,Regular Season,1,4,1,Final,Final,2394,Comerica Park,116,Detroit Tigers,DET,1,False,117,Houston Astros,HOU,2,True,595345,Steven Okert,Steven,Okert,48,1991-07-09,34,"6' 2""",202,1,Pitcher,L,Left,L,Left,,,,,,,,,,,,,,,,,,,,,,,,,,
2026-06-25,824258,,/api/v1.1/game/824258/feed/live,R,2026,2026-06-25,,night,P,N,N,Regular Season,1,4,1,Final,Final,2394,Comerica Park,116,Detroit Tigers,DET,1,False,117,Houston Astros,HOU,2,True,694728,Brice Matthews,Brice,Matthews,0,2002-03-16,24,"5' 10""",190,8,Outfielder,R,Right,R,Right,0-1,,1,0,0,0,0,0,0,0,0,0,0,0,1,0,,,,,,,,,,
2026-06-25,824258,,/api/v1.1/game/824258/feed/live,R,2026,2026-06-25,,night,P,N,N,Regular Season,1,4,1,Final,Final,2394,Comerica Park,116,Detroit Tigers,DET,1,False,117,Houston Astros,HOU,2,True,805123,AJ Blubaugh,Alan,Blubaugh,69,2000-07-04,25,"6' 2""",190,1,Pitcher,R,Right,R,Right,"2.0 IP, 0 ER, 3 K, 0 BB",,,,,,,,,,,,,,,,2.0,0,1,0,3,0,25,0,0,0
2026-06-25,824258,,/api/v1.1/game/824258/feed/live,R,2026,2026-06-25,,night,P,N,N,Regular Season,1,4,1,Final,Final,2394,Comerica Park,116,Detroit Tigers,DET,1,False,117,Houston Astros,HOU,2,True,514888,Jose Altuve,Jose,Altuve,27,1990-05-06,36,"5' 6""",167,4,Second Base,R,Right,R,Right,0-4 | 2 K,,4,0,0,0,0,0,0,2,0,0,0,0,4,0,,,,,,,,,,
2026-06-25,824258,,/api/v1.1/game/824258/feed/live,R,2026,2026-06-25,,night,P,N,N,Regular Season,1,4,1,Final,Final,2394,Comerica Park,116,Detroit Tigers,DET,1,False,117,Houston Astros,HOU,2,True,666211,Taylor Trammell,Taylor,Trammell,26,1997-09-13,28,"6' 1""",220,8,Outfielder,L,Left,L,Left,"1-2 | HR, RBI, R",,2,1,0,0,1,1,1,0,0,0,0,0,2,4,,,,,,,,,,
2026-06-25,824258,,/api/v1.1/game/824258/feed/live,R,2026,2026-06-25,,night,P,N,N,Regular Season,1,4,1,Final,Final,2394,Comerica Park,116,Detroit Tigers,DET,1,False,117,Houston Astros,HOU,2,True,694388,Joey Loperfido,Mario,Loperfido,10,1999-05-11,27,"6' 3""",220,7,Outfielder,L,Left,R,Right,0-2 | K,,2,0,0,0,0,0,0,1,0,0,0,0,2,0,,,,,,,,,,
2026-06-25,824258,,/api/v1.1/game/824258/feed/live,R,2026,2026-06-25,,night,P,N,N,Regular Season,1,4,1,Final,Final,2394,Comerica Park,116,Detroit Tigers,DET,1,False,117,Houston Astros,HOU,2,True,837227,Tatsuya Imai,Tatsuya,Imai,45,1998-05-09,28,"5' 11""",176,1,Pitcher,R,Right,R,Right,"6.0 IP, 0 ER, 10 K, BB",,,,,,,,,,,,,,,,6.0,0,2,0,10,1,96,1,0,0
2026-06-25,824258,,/api/v1.1/game/824258/feed/live,R,2026,2026-06-25,,night,P,N,N,Regular Season,1,4,1,Final,Final,2394,Comerica Park,116,Detroit Tigers,DET,1,False,117,Houston Astros,HOU,2,True,665161,Jeremy Peña,Jeremy,Peña,3,1997-09-22,28,"6' 0""",202,6,Shortstop,R,Right,R,Right,"2-4 | K, R, SB",,4,2,0,0,0,0,1,1,0,1,0,0,4,2,,,,,,,,,,
2026-06-25,824258,,/api/v1.1/game/824258/feed/live,R,2026,2026-06-25,,night,P,N,N,Regular Season,1,4,1,Final,Final,2394,Comerica Park,116,Detroit Tigers,DET,1,False,117,Houston Astros,HOU,2,True,669384,Raynel Delgado,Raynel,Delgado,29,2000-04-04,26,"6' 0""",210,4,Second Base,L,Left,R,Right,0-0,,0,0,0,0,0,0,0,0,0,0,0,0,0,0,,,,,,,,,,
2026-06-25,824258,,/api/v1.1/game/824258/feed/live,R,2026,2026-06-25,,night,P,N,N,Regular Season,1,4,1,Final,Final,2394,Comerica Park,116,Detroit Tigers,DET,1,False,117,Houston Astros,HOU,2,True,663567,Peter Lambert,Peter,Lambert,38,1997-04-18,29,"6' 2""",208,1,Pitcher,R,Right,R,Right,,,,,,,,,,,,,,,,,,,,,,,,,,
2026-06-25,824258,,/api/v1.1/game/824258/feed/live,R,2026,2026-06-25,,night,P,N,N,Regular Season,1,4,1,Final,Final,2394,Comerica Park,116,Detroit Tigers,DET,1,False,117,Houston Astros,HOU,2,True,681347,Mike Burrows,Michael,Burrows,50,1999-11-08,26,"6' 1""",200,1,Pitcher,R,Right,R,Right,,,,,,,,,,,,,,,,,,,,,,,,,,
2026-06-25,824258,,/api/v1.1/game/824258/feed/live,R,2026,2026-06-25,,night,P,N,N,Regular Season,1,4,1,Final,Final,2394,Comerica Park,116,Detroit Tigers,DET,1,False,117,Houston Astros,HOU,2,True,687911,Bryan King,Bryan,King,74,1996-11-05,29,"6' 1""",205,1,Pitcher,R,Right,L,Left,,,,,,,,,,,,,,,,,,,,,,,,,,
2026-06-25,824258,,/api/v1.1/game/824258/feed/live,R,2026,2026-06-25,,night,P,N,N,Regular Season,1,4,1,Final,Final,2394,Comerica Park,116,Detroit Tigers,DET,1,False,117,Houston Astros,HOU,2,True,572233,Christian Walker,Christian,Walker,8,1991-03-28,35,"5' 11""",208,3,First Base,R,Right,R,Right,1-4 | K,,4,1,0,0,0,0,0,1,0,0,0,0,4,1,,,,,,,,,,
2026-06-25,824258,,/api/v1.1/game/824258/feed/live,R,2026,2026-06-25,,night,P,N,N,Regular Season,1,4,1,Final,Final,2394,Comerica Park,116,Detroit Tigers,DET,1,False,117,Houston Astros,HOU,2,True,663878,Nate Pearson,Nathan,Pearson,55,1996-08-20,29,"6' 6""",255,1,Pitcher,R,Right,R,Right,,,,,,,,,,,,,,,,,,,,,,,,,,
2026-06-25,824258,,/api/v1.1/game/824258/feed/live,R,2026,2026-06-25,,night,P,N,N,Regular Season,1,4,1,Final,Final,2394,Comerica Park,116,Detroit Tigers,DET,1,False,117,Houston Astros,HOU,2,True,681293,Spencer Arrighetti,Spencer,Arrighetti,41,2000-01-02,26,"6' 2""",186,1,Pitcher,R,Right,R,Right,,,,,,,,,,,,,,,,,,,,,,,,,,
2026-06-25,824258,,/api/v1.1/game/824258/feed/live,R,2026,2026-06-25,,night,P,N,N,Regular Season,1,4,1,Final,Final,2394,Comerica Park,116,Detroit Tigers,DET,1,False,117,Houston Astros,HOU,2,True,543877,Christian Vázquez,Christian,Vázquez,2,1990-08-21,35,"5' 8""",205,2,Catcher,R,Right,R,Right,0-3 | K,,3,0,0,0,0,0,0,1,0,0,0,0,3,0,,,,,,,,,,
2026-06-25,824258,,/api/v1.1/game/824258/feed/live,R,2026,2026-06-25,,night,P,N,N,Regular Season,1,4,1,Final,Final,2394,Comerica Park,116,Detroit Tigers,DET,1,False,117,Houston Astros,HOU,2,True,673237,Yainer Diaz,Yainer,Diaz,21,1998-09-21,27,"5' 11""",195,2,Catcher,R,Right,R,Right,,,,,,,,,,,,,,,,,,,,,,,,,,
2026-06-25,824258,,/api/v1.1/game/824258/feed/live,R,2026,2026-06-25,,night,P,N,N,Regular Season,1,4,1,Final,Final,2394,Comerica Park,116,Detroit Tigers,DET,1,False,117,Houston Astros,HOU,2,True,670541,Yordan Alvarez,Yordan,Alvarez,44,1997-06-27,28,"6' 4""",237,10,Designated Hitter,L,Left,R,Right,0-4 | K,,4,0,0,0,0,0,0,1,0,0,0,0,4,0,,,,,,,,,,
2026-06-25,822717,,/api/v1.1/game/822717/feed/live,R,2026,2026-06-25,,night,P,N,N,Regular Season,4,4,1,Final,Final,3309,Nationals Park,120,Washington Nationals,WSH,5,False,143,Philadelphia Phillies,PHI,10,True,682928,CJ Abrams,Paul,Abrams,5,2000-10-03,25,"6' 0""",191,6,Shortstop,L,Left,R,Right,0-1 | K,,1,0,0,0,0,0,0,1,0,0,0,0,1,0,,,,,,,,,,
2026-06-25,822717,,/api/v1.1/game/822717/feed/live,R,2026,2026-06-25,,night,P,N,N,Regular Season,4,4,1,Final,Final,3309,Nationals Park,120,Washington Nationals,WSH,5,False,143,Philadelphia Phillies,PHI,10,True,683083,Nasim Nuñez,Nasim,Nuñez,26,2000-08-18,25,"5' 8""",165,4,Second Base,S,Switch,R,Right,"1-2 | BB, K, RBI",,2,1,0,0,0,1,0,1,1,0,0,0,3,1,,,,,,,,,,
2026-06-25,822717,,/api/v1.1/game/822717/feed/live,R,2026,2026-06-25,,night,P,N,N,Regular Season,4,4,1,Final,Final,3309,Nationals Park,120,Washington Nationals,WSH,5,False,143,Philadelphia Phillies,PHI,10,True,665953,Andrés Chaparro,Andrés,Chaparro,87,1999-05-04,27,"6' 0""",200,3,First Base,R,Right,R,Right,"0-3 | HBP, K, R",,3,0,0,0,0,0,1,1,0,0,0,0,4,0,,,,,,,,,,
2026-06-25,822717,,/api/v1.1/game/822717/feed/live,R,2026,2026-06-25,,night,P,N,N,Regular Season,4,4,1,Final,Final,3309,Nationals Park,120,Washington Nationals,WSH,5,False,143,Philadelphia Phillies,PHI,10,True,686452,Drew Millas,Andrew,Millas,14,1998-01-15,28,"6' 0""",204,2,Catcher,S,Switch,R,Right,,,,,,,,,,,,,,,,,,,,,,,,,,
2026-06-25,822717,,/api/v1.1/game/822717/feed/live,R,2026,2026-06-25,,night,P,N,N,Regular Season,4,4,1,Final,Final,3309,Nationals Park,120,Washington Nationals,WSH,5,False,143,Philadelphia Phillies,PHI,10,True,571945,Miles Mikolas,Miles,Mikolas,36,1988-08-23,37,"6' 4""",230,1,Pitcher,R,Right,R,Right,,,,,,,,,,,,,,,,,,,,,,,,,,
2026-06-25,822717,,/api/v1.1/game/822717/feed/live,R,2026,2026-06-25,,night,P,N,N,Regular Season,4,4,1,Final,Final,3309,Nationals Park,120,Washington Nationals,WSH,5,False,143,Philadelphia Phillies,PHI,10,True,678391,Jorbit Vivas,Jorbit,Vivas,84,2001-03-09,25,"5' 9""",171,5,Third Base,L,Left,R,Right,0-4 | K,,4,0,0,0,0,0,0,1,0,0,0,0,4,0,,,,,,,,,,
2026-06-25,822717,,/api/v1.1/game/822717/feed/live,R,2026,2026-06-25,,night,P,N,N,Regular Season,4,4,1,Final,Final,3309,Nationals Park,120,Washington Nationals,WSH,5,False,143,Philadelphia Phillies,PHI,10,True,686611,Dylan Crews,Dylan,Crews,3,2002-02-26,24,"5' 11""",203,9,Outfielder,R,Right,R,Right,"3-4 | K, 2 R, SB",,4,3,0,0,0,0,2,1,0,1,0,0,4,3,,,,,,,,,,
2026-06-25,822717,,/api/v1.1/game/822717/feed/live,R,2026,2026-06-25,,night,P,N,N,Regular Season,4,4,1,Final,Final,3309,Nationals Park,120,Washington Nationals,WSH,5,False,143,Philadelphia Phillies,PHI,10,True,663992,Richard Lovelady,Richard,Lovelady,55,1995-07-07,30,"6' 0""",185,1,Pitcher,L,Left,L,Left,,,,,,,,,,,,,,,,,,,,,,,,,,
2026-06-25,822717,,/api/v1.1/game/822717/feed/live,R,2026,2026-06-25,,night,P,N,N,Regular Season,4,4,1,Final,Final,3309,Nationals Park,120,Washington Nationals,WSH,5,False,143,Philadelphia Phillies,PHI,10,True,676571,PJ Poulin,Peter,Poulin,50,1996-07-25,29,"6' 1""",195,1,Pitcher,R,Right,L,Left,,,,,,,,,,,,,,,,,,,,,,,,,,
2026-06-25,822717,,/api/v1.1/game/822717/feed/live,R,2026,2026-06-25,,night,P,N,N,Regular Season,4,4,1,Final,Final,3309,Nationals Park,120,Washington Nationals,WSH,5,False,143,Philadelphia Phillies,PHI,10,True,690925,Clayton Beeter,Clayton,Beeter,39,1998-10-09,27,"6' 2""",220,1,Pitcher,R,Right,R,Right,"0.2 IP, 0 ER, 0 K, 2 BB",,,,,,,,,,,,,,,,0.2,0,0,0,0,2,18,0,0,0
2026-06-25,822717,,/api/v1.1/game/822717/feed/live,R,2026,2026-06-25,,night,P,N,N,Regular Season,4,4,1,Final,Final,3309,Nationals Park,120,Washington Nationals,WSH,5,False,143,Philadelphia Phillies,PHI,10,True,695418,Brad Lord,Bradley,Lord,41,2000-02-14,26,"6' 3""",210,1,Pitcher,R,Right,R,Right,,,,,,,,,,,,,,,,,,,,,,,,,,
2026-06-25,822717,,/api/v1.1/game/822717/feed/live,R,2026,2026-06-25,,night,P,N,N,Regular Season,4,4,1,Final,Final,3309,Nationals Park,120,Washington Nationals,WSH,5,False,143,Philadelphia Phillies,PHI,10,True,678554,Curtis Mead,Curtis,Mead,45,2000-10-26,25,"6' 1""",225,3,First Base,R,Right,R,Right,"1-5 | HR, K, RBI",,5,1,0,0,1,1,1,1,0,0,0,0,5,4,,,,,,,,,,
2026-06-25,822717,,/api/v1.1/game/822717/feed/live,R,2026,2026-06-25,,night,P,N,N,Regular Season,4,4,1,Final,Final,3309,Nationals Park,120,Washington Nationals,WSH,5,False,143,Philadelphia Phillies,PHI,10,True,695734,Daylen Lile,Daylen,Lile,4,2002-11-30,23,"5' 11""",195,7,Outfielder,L,Left,R,Right,"2-4 | 2B, K, RBI",,4,2,1,0,0,1,1,1,0,0,0,0,4,3,,,,,,,,,,
2026-06-25,822717,,/api/v1.1/game/822717/feed/live,R,2026,2026-06-25,,night,P,N,N,Regular Season,4,4,1,Final,Final,3309,Nationals Park,120,Washington Nationals,WSH,5,False,143,Philadelphia Phillies,PHI,10,True,677588,José Tena,José,Tena,8,2001-03-20,25,"5' 10""",195,10,Designated Hitter,L,Left,R,Right,0-1 | K,,1,0,0,0,0,0,0,1,0,0,0,0,1,0,,,,,,,,,,
2026-06-25,822717,,/api/v1.1/game/822717/feed/live,R,2026,2026-06-25,,night,P,N,N,Regular Season,4,4,1,Final,Final,3309,Nationals Park,120,Washington Nationals,WSH,5,False,143,Philadelphia Phillies,PHI,10,True,695578,James Wood,James,Wood,29,2002-09-17,23,"6' 6""",234,9,Outfielder,L,Left,R,Right,0-5 | 2 K,,5,0,0,0,0,0,0,2,0,0,0,0,5,0,,,,,,,,,,
2026-06-25,822717,,/api/v1.1/game/822717/feed/live,R,2026,2026-06-25,,night,P,N,N,Regular Season,4,4,1,Final,Final,3309,Nationals Park,120,Washington Nationals,WSH,5,False,143,Philadelphia Phillies,PHI,10,True,676917,Cade Cavalli,Steven,Cavalli,24,1998-08-14,27,"6' 4""",223,1,Pitcher,R,Right,R,Right,"6.0 IP, 2 ER, 7 K, BB",,,,,,,,,,,,,,,,6.0,2,5,1,7,1,97,0,0,0
2026-06-25,822717,,/api/v1.1/game/822717/feed/live,R,2026,2026-06-25,,night,P,N,N,Regular Season,4,4,1,Final,Final,3309,Nationals Park,120,Washington Nationals,WSH,5,False,143,Philadelphia Phillies,PHI,10,True,696285,Jacob Young,Jacob,Young,30,1999-07-27,26,"5' 11""",192,8,Outfielder,R,Right,R,Right,"1-3 | 2 RBI, SB",,3,1,0,0,0,2,0,0,0,1,0,0,3,1,,,,,,,,,,
2026-06-25,822717,,/api/v1.1/game/822717/feed/live,R,2026,2026-06-25,,night,P,N,N,Regular Season,4,4,1,Final,Final,3309,Nationals Park,120,Washington Nationals,WSH,5,False,143,Philadelphia Phillies,PHI,10,True,664875,Justin Lawrence,Justin,Lawrence,44,1994-11-25,31,"6' 3""",211,1,Pitcher,R,Right,R,Right,,,,,,,,,,,,,,,,,,,,,,,,,,
2026-06-25,822717,,/api/v1.1/game/822717/feed/live,R,2026,2026-06-25,,night,P,N,N,Regular Season,4,4,1,Final,Final,3309,Nationals Park,120,Washington Nationals,WSH,5,False,143,Philadelphia Phillies,PHI,10,True,687377,Orlando Ribalta,Orlando,Ribalta,64,1998-03-05,28,"6' 7""",245,1,Pitcher,R,Right,R,Right,,,,,,,,,,,,,,,,,,,,,,,,,,
2026-06-25,822717,,/api/v1.1/game/822717/feed/live,R,2026,2026-06-25,,night,P,N,N,Regular Season,4,4,1,Final,Final,3309,Nationals Park,120,Washington Nationals,WSH,5,False,143,Philadelphia Phillies,PHI,10,True,681402,Gus Varland,Augustus,Varland,47,1996-11-06,29,"6' 1""",225,1,Pitcher,L,Left,R,Right,"2.0 IP, 5 ER, 2 K, 0 BB",,,,,,,,,,,,,,,,2.0,5,6,2,2,0,28,0,1,0
2026-06-25,822717,,/api/v1.1/game/822717/feed/live,R,2026,2026-06-25,,night,P,N,N,Regular Season,4,4,1,Final,Final,3309,Nationals Park,120,Washington Nationals,WSH,5,False,143,Philadelphia Phillies,PHI,10,True,641793,Zack Littell,Zack,Littell,18,1995-10-05,30,"6' 4""",250,1,Pitcher,R,Right,R,Right,,,,,,,,,,,,,,,,,,,,,,,,,,
2026-06-25,822717,,/api/v1.1/game/822717/feed/live,R,2026,2026-06-25,,night,P,N,N,Regular Season,4,4,1,Final,Final,3309,Nationals Park,120,Washington Nationals,WSH,5,False,143,Philadelphia Phillies,PHI,10,True,680730,Mitchell Parker,Mitchell,Parker,70,1999-09-27,26,"6' 4""",239,1,Pitcher,L,Left,L,Left,"0.1 IP, 3 ER, K, 2 BB",,,,,,,,,,,,,,,,0.1,3,2,0,1,2,18,0,0,0
2026-06-25,822717,,/api/v1.1/game/822717/feed/live,R,2026,2026-06-25,,night,P,N,N,Regular Season,4,4,1,Final,Final,3309,Nationals Park,120,Washington Nationals,WSH,5,False,143,Philadelphia Phillies,PHI,10,True,660688,Keibert Ruiz,Keibert,Ruiz,20,1998-07-20,27,"5' 11""",238,2,Catcher,S,Switch,R,Right,0-4 | 2 K,,4,0,0,0,0,0,0,2,0,0,0,0,4,0,,,,,,,,,,
2026-06-25,822717,,/api/v1.1/game/822717/feed/live,R,2026,2026-06-25,,night,P,N,N,Regular Season,4,4,1,Final,Final,3309,Nationals Park,120,Washington Nationals,WSH,5,False,143,Philadelphia Phillies,PHI,10,True,656492,Foster Griffin,Fred,Griffin,22,1995-07-27,30,"6' 3""",225,1,Pitcher,R,Right,L,Left,,,,,,,,,,,,,,,,,,,,,,,,,,
2026-06-25,822717,,/api/v1.1/game/822717/feed/live,R,2026,2026-06-25,,night,P,N,N,Regular Season,4,4,1,Final,Final,3309,Nationals Park,120,Washington Nationals,WSH,5,False,143,Philadelphia Phillies,PHI,10,True,671277,Luis García Jr.,Luis,García,2,2000-05-16,26,"6' 1""",216,3,First Base,L,Left,R,Right,,,,,,,,,,,,,,,,,,,,,,,,,,
2026-06-25,822717,,/api/v1.1/game/822717/feed/live,R,2026,2026-06-25,,night,P,N,N,Regular Season,4,4,1,Final,Final,3309,Nationals Park,120,Washington Nationals,WSH,5,False,143,Philadelphia Phillies,PHI,10,True,674841,Andrew Alvarez,Michael,Alvarez,54,1999-06-13,27,"6' 3""",215,1,Pitcher,L,Left,L,Left,,,,,,,,,,,,,,,,,,,,,,,,,,
2026-06-25,822717,,/api/v1.1/game/822717/feed/live,R,2026,2026-06-25,,night,P,N,N,Regular Season,4,4,1,Final,Final,3309,Nationals Park,120,Washington Nationals,WSH,5,False,143,Philadelphia Phillies,PHI,10,True,687282,Gabriel Rincones Jr.,Gabriel,Rincones,17,2001-03-03,25,"6' 3""",225,9,Outfielder,L,Left,R,Right,0-2,,2,0,0,0,0,0,0,0,0,0,0,0,2,0,,,,,,,,,,
2026-06-25,822717,,/api/v1.1/game/822717/feed/live,R,2026,2026-06-25,,night,P,N,N,Regular Season,4,4,1,Final,Final,3309,Nationals Park,120,Washington Nationals,WSH,5,False,143,Philadelphia Phillies,PHI,10,True,669016,Brandon Marsh,Brandon,Marsh,16,1997-12-18,28,"6' 2""",215,7,Outfielder,L,Left,R,Right,"2-4 | HR, BB, 3 RBI",,4,2,0,0,1,3,2,0,1,1,0,0,5,5,,,,,,,,,,
2026-06-25,822717,,/api/v1.1/game/822717/feed/live,R,2026,2026-06-25,,night,P,N,N,Regular Season,4,4,1,Final,Final,3309,Nationals Park,120,Washington Nationals,WSH,5,False,143,Philadelphia Phillies,PHI,10,True,666200,Jesús Luzardo,Jesús,Luzardo,44,1997-09-30,28,"6' 0""",218,1,Pitcher,L,Left,L,Left,,,,,,,,,,,,,,,,,,,,,,,,,,
2026-06-25,822717,,/api/v1.1/game/822717/feed/live,R,2026,2026-06-25,,night,P,N,N,Regular Season,4,4,1,Final,Final,3309,Nationals Park,120,Washington Nationals,WSH,5,False,143,Philadelphia Phillies,PHI,10,True,621237,José Alvarado,José,Alvarado,46,1995-05-21,31,"6' 2""",245,1,Pitcher,L,Left,L,Left,"1.0 IP, 0 ER, 2 K, 0 BB",,,,,,,,,,,,,,,,1.0,0,0,0,2,0,12,0,0,0
2026-06-25,822717,,/api/v1.1/game/822717/feed/live,R,2026,2026-06-25,,night,P,N,N,Regular Season,4,4,1,Final,Final,3309,Nationals Park,120,Washington Nationals,WSH,5,False,143,Philadelphia Phillies,PHI,10,True,702222,Justin Crawford,Justin,Crawford,2,2004-01-13,22,"6' 2""",188,8,Outfielder,L,Left,R,Right,"2-5 | K, R, CS",,5,2,0,0,0,0,1,1,0,0,1,0,5,2,,,,,,,,,,
2026-06-25,822717,,/api/v1.1/game/822717/feed/live,R,2026,2026-06-25,,night,P,N,N,Regular Season,4,4,1,Final,Final,3309,Nationals Park,120,Washington Nationals,WSH,5,False,143,Philadelphia Phillies,PHI,10,True,650911,Cristopher Sánchez,Cristopher,Sánchez,61,1996-12-12,29,"6' 6""",200,1,Pitcher,L,Left,L,Left,"5.0 IP, 5 ER, 6 K, BB",,,,,,,,,,,,,,,,5.0,5,7,1,6,1,92,0,0,0
2026-06-25,822717,,/api/v1.1/game/822717/feed/live,R,2026,2026-06-25,,night,P,N,N,Regular Season,4,4,1,Final,Final,3309,Nationals Park,120,Washington Nationals,WSH,5,False,143,Philadelphia Phillies,PHI,10,True,547180,Bryce Harper,Bryce,Harper,3,1992-10-16,33,"6' 1""",210,3,First Base,L,Left,R,Right,"2-3 | HR, 2 BB, 3 RBI",,3,2,0,0,1,3,2,0,2,0,0,0,5,5,,,,,,,,,,
2026-06-25,822717,,/api/v1.1/game/822717/feed/live,R,2026,2026-06-25,,night,P,N,N,Regular Season,4,4,1,Final,Final,3309,Nationals Park,120,Washington Nationals,WSH,5,False,143,Philadelphia Phillies,PHI,10,True,592663,J.T. Realmuto,Jacob,Realmuto,10,1991-03-18,35,"6' 0""",212,2,Catcher,R,Right,R,Right,"1-5 | 2B, RBI, R",,5,1,1,0,0,1,1,0,0,0,0,0,5,2,,,,,,,,,,
2026-06-25,822717,,/api/v1.1/game/822717/feed/live,R,2026,2026-06-25,,night,P,N,N,Regular Season,4,4,1,Final,Final,3309,Nationals Park,120,Washington Nationals,WSH,5,False,143,Philadelphia Phillies,PHI,10,True,554430,Zack Wheeler,Zachary,Wheeler,45,1990-05-30,36,"6' 4""",195,1,Pitcher,L,Left,R,Right,,,,,,,,,,,,,,,,,,,,,,,,,,
2026-06-25,822717,,/api/v1.1/game/822717/feed/live,R,2026,2026-06-25,,night,P,N,N,Regular Season,4,4,1,Final,Final,3309,Nationals Park,120,Washington Nationals,WSH,5,False,143,Philadelphia Phillies,PHI,10,True,661395,Jhoan Duran,Jhoan,Duran,59,1998-01-08,28,"6' 5""",230,1,Pitcher,R,Right,R,Right,,,,,,,,,,,,,,,,,,,,,,,,,,
2026-06-25,822717,,/api/v1.1/game/822717/feed/live,R,2026,2026-06-25,,night,P,N,N,Regular Season,4,4,1,Final,Final,3309,Nationals Park,120,Washington Nationals,WSH,5,False,143,Philadelphia Phillies,PHI,10,True,624641,Edmundo Sosa,Edmundo,Sosa,33,1996-03-06,30,"5' 11""",210,4,Second Base,R,Right,R,Right,,,,,,,,,,,,,,,,,,,,,,,,,,
2026-06-25,822717,,/api/v1.1/game/822717/feed/live,R,2026,2026-06-25,,night,P,N,N,Regular Season,4,4,1,Final,Final,3309,Nationals Park,120,Washington Nationals,WSH,5,False,143,Philadelphia Phillies,PHI,10,True,686751,Seth Johnson,Seth,Johnson,51,1998-09-19,27,"6' 1""",205,1,Pitcher,R,Right,R,Right,,,,,,,,,,,,,,,,,,,,,,,,,,
2026-06-25,822717,,/api/v1.1/game/822717/feed/live,R,2026,2026-06-25,,night,P,N,N,Regular Season,4,4,1,Final,Final,3309,Nationals Park,120,Washington Nationals,WSH,5,False,143,Philadelphia Phillies,PHI,10,True,689147,Orion Kerkering,Richard,Kerkering,50,2001-04-04,25,"6' 2""",204,1,Pitcher,R,Right,R,Right,"1.0 IP, 0 ER, 2 K, 0 BB",,,,,,,,,,,,,,,,1.0,0,1,0,2,0,11,1,0,0
2026-06-25,822717,,/api/v1.1/game/822717/feed/live,R,2026,2026-06-25,,night,P,N,N,Regular Season,4,4,1,Final,Final,3309,Nationals Park,120,Washington Nationals,WSH,5,False,143,Philadelphia Phillies,PHI,10,True,664761,Alec Bohm,Alec,Bohm,28,1996-08-03,29,"6' 4""",218,5,Third Base,R,Right,R,Right,"0-4 | HBP, 2 K, RBI",,4,0,0,0,0,1,0,2,0,0,0,0,5,0,,,,,,,,,,
2026-06-25,822717,,/api/v1.1/game/822717/feed/live,R,2026,2026-06-25,,night,P,N,N,Regular Season,4,4,1,Final,Final,3309,Nationals Park,120,Washington Nationals,WSH,5,False,143,Philadelphia Phillies,PHI,10,True,680742,Jonathan Bowlan,Jonathan,Bowlan,52,1996-12-01,29,"6' 6""",240,1,Pitcher,R,Right,R,Right,,,,,,,,,,,,,,,,,,,,,,,,,,
2026-06-25,822717,,/api/v1.1/game/822717/feed/live,R,2026,2026-06-25,,night,P,N,N,Regular Season,4,4,1,Final,Final,3309,Nationals Park,120,Washington Nationals,WSH,5,False,143,Philadelphia Phillies,PHI,10,True,663767,Chase Shugart,Chase,Shugart,55,1996-10-24,29,"5' 11""",200,1,Pitcher,L,Left,R,Right,"1.0 IP, 0 ER, 2 K, 0 BB",,,,,,,,,,,,,,,,1.0,0,0,0,2,0,18,0,0,0
2026-06-25,822717,,/api/v1.1/game/822717/feed/live,R,2026,2026-06-25,,night,P,N,N,Regular Season,4,4,1,Final,Final,3309,Nationals Park,120,Washington Nationals,WSH,5,False,143,Philadelphia Phillies,PHI,10,True,641835,Tim Mayza,Timothy,Mayza,37,1992-01-15,34,"6' 3""",215,1,Pitcher,L,Left,L,Left,"1.0 IP, 0 ER, 0 K, 0 BB",,,,,,,,,,,,,,,,1.0,0,0,0,0,0,12,0,0,0
2026-06-25,822717,,/api/v1.1/game/822717/feed/live,R,2026,2026-06-25,,night,P,N,N,Regular Season,4,4,1,Final,Final,3309,Nationals Park,120,Washington Nationals,WSH,5,False,143,Philadelphia Phillies,PHI,10,True,681082,Bryson Stott,Bryson,Stott,5,1997-10-06,28,"6' 0""",200,4,Second Base,L,Left,R,Right,"0-4 | BB, 2 K",,4,0,0,0,0,0,0,2,1,0,0,0,5,0,,,,,,,,,,
2026-06-25,822717,,/api/v1.1/game/822717/feed/live,R,2026,2026-06-25,,night,P,N,N,Regular Season,4,4,1,Final,Final,3309,Nationals Park,120,Washington Nationals,WSH,5,False,143,Philadelphia Phillies,PHI,10,True,656941,Kyle Schwarber,Kyle,Schwarber,12,1993-03-05,33,"5' 11""",229,10,Designated Hitter,L,Left,R,Right,"2-4 | BB, 2 K, R",,4,2,0,0,0,0,1,2,1,0,0,0,5,2,,,,,,,,,,
2026-06-25,822717,,/api/v1.1/game/822717/feed/live,R,2026,2026-06-25,,night,P,N,N,Regular Season,4,4,1,Final,Final,3309,Nationals Park,120,Washington Nationals,WSH,5,False,143,Philadelphia Phillies,PHI,10,True,665561,Rafael Marchán,Rafael,Marchán,13,1999-02-25,27,"5' 9""",170,2,Catcher,S,Switch,R,Right,,,,,,,,,,,,,,,,,,,,,,,,,,
2026-06-25,822717,,/api/v1.1/game/822717/feed/live,R,2026,2026-06-25,,night,P,N,N,Regular Season,4,4,1,Final,Final,3309,Nationals Park,120,Washington Nationals,WSH,5,False,143,Philadelphia Phillies,PHI,10,True,596117,Garrett Stubbs,Garrett,Stubbs,21,1993-05-26,33,"5' 9""",170,2,Catcher,L,Left,R,Right,0-0 | R,,0,0,0,0,0,0,1,0,0,0,0,0,0,0,,,,,,,,,,
2026-06-25,822717,,/api/v1.1/game/822717/feed/live,R,2026,2026-06-25,,night,P,N,N,Regular Season,4,4,1,Final,Final,3309,Nationals Park,120,Washington Nationals,WSH,5,False,143,Philadelphia Phillies,PHI,10,True,605400,Aaron Nola,Aaron,Nola,27,1993-06-04,33,"6' 2""",200,1,Pitcher,R,Right,R,Right,,,,,,,,,,,,,,,,,,,,,,,,,,
2026-06-25,822717,,/api/v1.1/game/822717/feed/live,R,2026,2026-06-25,,night,P,N,N,Regular Season,4,4,1,Final,Final,3309,Nationals Park,120,Washington Nationals,WSH,5,False,143,Philadelphia Phillies,PHI,10,True,660604,Alan Rangel,Alan,Rangel,57,1997-08-21,28,"6' 2""",170,1,Pitcher,R,Right,R,Right,,,,,,,,,,,,,,,,,,,,,,,,,,
2026-06-25,822717,,/api/v1.1/game/822717/feed/live,R,2026,2026-06-25,,night,P,N,N,Regular Season,4,4,1,Final,Final,3309,Nationals Park,120,Washington Nationals,WSH,5,False,143,Philadelphia Phillies,PHI,10,True,607208,Trea Turner,Trea,Turner,7,1993-06-30,32,"6' 1""",185,6,Shortstop,R,Right,R,Right,"2-5 | 2 K, R",,5,2,0,0,0,0,1,2,0,0,0,0,5,2,,,,,,,,,,
2026-06-25,822717,,/api/v1.1/game/822717/feed/live,R,2026,2026-06-25,,night,P,N,N,Regular Season,4,4,1,Final,Final,3309,Nationals Park,120,Washington Nationals,WSH,5,False,143,Philadelphia Phillies,PHI,10,True,656537,Derek Hill,Derek,Hill,49,1995-12-30,30,"6' 0""",206,9,Outfielder,R,Right,R,Right,"2-3 | HR, K, 2 RBI",,3,2,0,0,1,2,1,1,0,0,0,0,3,5,,,,,,,,,,
2026-06-25,822717,,/api/v1.1/game/822717/feed/live,R,2026,2026-06-25,,night,P,N,N,Regular Season,4,4,1,Final,Final,3309,Nationals Park,120,Washington Nationals,WSH,5,False,143,Philadelphia Phillies,PHI,10,True,679775,Kyle Backhus,Kyle,Backhus,19,1998-01-31,28,"6' 4""",185,1,Pitcher,L,Left,L,Left,,,,,,,,,,,,,,,,,,,,,,,,,,
2026-06-25,822797,,/api/v1.1/game/822797/feed/live,R,2026,2026-06-25,,night,P,N,N,Regular Season,1,4,1,Final,Final,14,Rogers Centre,141,Toronto Blue Jays,TOR,5,False,140,Texas Rangers,TEX,6,True,669456,Shane Bieber,Shane,Bieber,57,1995-05-31,31,"6' 3""",200,1,Pitcher,R,Right,R,Right,,,,,,,,,,,,,,,,,,,,,,,,,,
2026-06-25,822797,,/api/v1.1/game/822797/feed/live,R,2026,2026-06-25,,night,P,N,N,Regular Season,1,4,1,Final,Final,14,Rogers Centre,141,Toronto Blue Jays,TOR,5,False,140,Texas Rangers,TEX,6,True,693686,Spencer Miles,Spencer,Miles,62,2000-07-26,25,"6' 3""",180,1,Pitcher,L,Left,R,Right,,,,,,,,,,,,,,,,,,,,,,,,,,
2026-06-25,822797,,/api/v1.1/game/822797/feed/live,R,2026,2026-06-25,,night,P,N,N,Regular Season,1,4,1,Final,Final,14,Rogers Centre,141,Toronto Blue Jays,TOR,5,False,140,Texas Rangers,TEX,6,True,667297,Tommy Nance,Thomas,Nance,45,1991-03-19,35,"6' 6""",235,1,Pitcher,R,Right,R,Right,,,,,,,,,,,,,,,,,,,,,,,,,,
2026-06-25,822797,,/api/v1.1/game/822797/feed/live,R,2026,2026-06-25,,night,P,N,N,Regular Season,1,4,1,Final,Final,14,Rogers Centre,141,Toronto Blue Jays,TOR,5,False,140,Texas Rangers,TEX,6,True,649966,Luis Urías,Luis,Urías,48,1997-06-03,29,"5' 9""",202,6,Shortstop,R,Right,R,Right,0-2,,2,0,0,0,0,0,0,0,0,0,0,0,2,0,,,,,,,,,,
2026-06-25,822797,,/api/v1.1/game/822797/feed/live,R,2026,2026-06-25,,night,P,N,N,Regular Season,1,4,1,Final,Final,14,Rogers Centre,141,Toronto Blue Jays,TOR,5,False,140,Texas Rangers,TEX,6,True,686973,Louis Varland,Louis,Varland,77,1997-12-09,28,"6' 1""",205,1,Pitcher,L,Left,R,Right,,,,,,,,,,,,,,,,,,,,,,,,,,
2026-06-25,822797,,/api/v1.1/game/822797/feed/live,R,2026,2026-06-25,,night,P,N,N,Regular Season,1,4,1,Final,Final,14,Rogers Centre,141,Toronto Blue Jays,TOR,5,False,140,Texas Rangers,TEX,6,True,680573,Simeon Woods Richardson,Simeon,Woods Richardson,10,2000-09-27,25,"6' 3""",210,1,Pitcher,R,Right,R,Right,"3.0 IP, 0 ER, K, 4 BB",,,,,,,,,,,,,,,,3.0,0,0,0,1,4,43,0,0,0
2026-06-25,822797,,/api/v1.1/game/822797/feed/live,R,2026,2026-06-25,,night,P,N,N,Regular Season,1,4,1,Final,Final,14,Rogers Centre,141,Toronto Blue Jays,TOR,5,False,140,Texas Rangers,TEX,6,True,676391,Ernie Clement,Ernie,Clement,22,1996-03-22,30,"6' 0""",170,4,Second Base,R,Right,R,Right,2-4 | R,,4,2,0,0,0,0,1,0,0,0,0,0,4,2,,,,,,,,,,
2026-06-25,822797,,/api/v1.1/game/822797/feed/live,R,2026,2026-06-25,,night,P,N,N,Regular Season,1,4,1,Final,Final,14,Rogers Centre,141,Toronto Blue Jays,TOR,5,False,140,Texas Rangers,TEX,6,True,662139,Daulton Varsho,Daulton,Varsho,5,1996-07-02,29,"5' 8""",207,8,Outfielder,L,Left,R,Right,,,,,,,,,,,,,,,,,,,,,,,,,,
2026-06-25,822797,,/api/v1.1/game/822797/feed/live,R,2026,2026-06-25,,night,P,N,N,Regular Season,1,4,1,Final,Final,14,Rogers Centre,141,Toronto Blue Jays,TOR,5,False,140,Texas Rangers,TEX,6,True,665926,Andrés Giménez,Andrés,Giménez,0,1998-09-04,27,"5' 11""",161,6,Shortstop,L,Left,R,Right,0-1,,1,0,0,0,0,0,0,0,0,0,0,0,1,0,,,,,,,,,,
2026-06-25,822797,,/api/v1.1/game/822797/feed/live,R,2026,2026-06-25,,night,P,N,N,Regular Season,1,4,1,Final,Final,14,Rogers Centre,141,Toronto Blue Jays,TOR,5,False,140,Texas Rangers,TEX,6,True,592332,Kevin Gausman,Kevin,Gausman,34,1991-01-06,35,"6' 2""",205,1,Pitcher,L,Left,R,Right,"6.0 IP, 6 ER, 4 K, 2 BB",,,,,,,,,,,,,,,,6.0,6,10,3,4,2,99,0,1,0
2026-06-25,822797,,/api/v1.1/game/822797/feed/live,R,2026,2026-06-25,,night,P,N,N,Regular Season,1,4,1,Final,Final,14,Rogers Centre,141,Toronto Blue Jays,TOR,5,False,140,Texas Rangers,TEX,6,True,678218,Brandon Valenzuela,Brandon,Valenzuela,59,2000-10-02,25,"6' 0""",225,2,Catcher,S,Switch,R,Right,0-1 | K,,1,0,0,0,0,0,0,1,0,0,0,0,1,0,,,,,,,,,,
2026-06-25,822797,,/api/v1.1/game/822797/feed/live,R,2026,2026-06-25,,night,P,N,N,Regular Season,1,4,1,Final,Final,14,Rogers Centre,141,Toronto Blue Jays,TOR,5,False,140,Texas Rangers,TEX,6,True,656546,Jeff Hoffman,Jeffrey,Hoffman,23,1993-01-08,33,"6' 5""",235,1,Pitcher,R,Right,R,Right,,,,,,,,,,,,,,,,,,,,,,,,,,
2026-06-25,822797,,/api/v1.1/game/822797/feed/live,R,2026,2026-06-25,,night,P,N,N,Regular Season,1,4,1,Final,Final,14,Rogers Centre,141,Toronto Blue Jays,TOR,5,False,140,Texas Rangers,TEX,6,True,656302,Dylan Cease,Dylan,Cease,84,1995-12-28,30,"6' 2""",200,1,Pitcher,R,Right,R,Right,,,,,,,,,,,,,,,,,,,,,,,,,,
2026-06-25,822797,,/api/v1.1/game/822797/feed/live,R,2026,2026-06-25,,night,P,N,N,Regular Season,1,4,1,Final,Final,14,Rogers Centre,141,Toronto Blue Jays,TOR,5,False,140,Texas Rangers,TEX,6,True,702056,Trey Yesavage,Trey,Yesavage,39,2003-07-28,22,"6' 4""",225,1,Pitcher,R,Right,R,Right,,,,,,,,,,,,,,,,,,,,,,,,,,
2026-06-25,822797,,/api/v1.1/game/822797/feed/live,R,2026,2026-06-25,,night,P,N,N,Regular Season,1,4,1,Final,Final,14,Rogers Centre,141,Toronto Blue Jays,TOR,5,False,140,Texas Rangers,TEX,6,True,676914,Davis Schneider,Davis,Schneider,36,1999-01-26,27,"5' 8""",190,7,Outfielder,R,Right,R,Right,"0-2 | 2 K, RBI",,2,0,0,0,0,1,0,2,0,0,0,0,3,0,,,,,,,,,,
2026-06-25,822797,,/api/v1.1/game/822797/feed/live,R,2026,2026-06-25,,night,P,N,N,Regular Season,1,4,1,Final,Final,14,Rogers Centre,141,Toronto Blue Jays,TOR,5,False,140,Texas Rangers,TEX,6,True,664770,Nathan Lukes,Nathan,Lukes,38,1994-07-12,31,"5' 11""",180,9,Outfielder,L,Left,R,Right,"0-2 | BB, K, R",,2,0,0,0,0,0,1,1,1,0,0,0,3,0,,,,,,,,,,
2026-06-25,822797,,/api/v1.1/game/822797/feed/live,R,2026,2026-06-25,,night,P,N,N,Regular Season,1,4,1,Final,Final,14,Rogers Centre,141,Toronto Blue Jays,TOR,5,False,140,Texas Rangers,TEX,6,True,543807,George Springer,George,Springer,4,1989-09-19,36,"6' 1""",220,10,Designated Hitter,R,Right,R,Right,0-4 | K,,4,0,0,0,0,0,0,1,0,0,0,0,4,0,,,,,,,,,,
2026-06-25,822797,,/api/v1.1/game/822797/feed/live,R,2026,2026-06-25,,night,P,N,N,Regular Season,1,4,1,Final,Final,14,Rogers Centre,141,Toronto Blue Jays,TOR,5,False,140,Texas Rangers,TEX,6,True,689254,Mason Fluharty,Mason,Fluharty,68,2001-08-13,24,"6' 2""",215,1,Pitcher,R,Right,L,Left,,,,,,,,,,,,,,,,,,,,,,,,,,
2026-06-25,822797,,/api/v1.1/game/822797/feed/live,R,2026,2026-06-25,,night,P,N,N,Regular Season,1,4,1,Final,Final,14,Rogers Centre,141,Toronto Blue Jays,TOR,5,False,140,Texas Rangers,TEX,6,True,680755,Braydon Fisher,Braydon,Fisher,63,2000-07-26,25,"6' 4""",180,1,Pitcher,R,Right,R,Right,,,,,,,,,,,,,,,,,,,,,,,,,,
2026-06-25,822797,,/api/v1.1/game/822797/feed/live,R,2026,2026-06-25,,night,P,N,N,Regular Season,1,4,1,Final,Final,14,Rogers Centre,141,Toronto Blue Jays,TOR,5,False,140,Texas Rangers,TEX,6,True,643511,Tyler Rogers,Tyler,Rogers,71,1990-12-17,35,"6' 3""",180,1,Pitcher,R,Right,R,Right,,,,,,,,,,,,,,,,,,,,,,,,,,
2026-06-25,822797,,/api/v1.1/game/822797/feed/live,R,2026,2026-06-25,,night,P,N,N,Regular Season,1,4,1,Final,Final,14,Rogers Centre,141,Toronto Blue Jays,TOR,5,False,140,Texas Rangers,TEX,6,True,665489,Vladimir Guerrero Jr.,Vladimir,Guerrero,27,1999-03-16,27,"6' 0""",245,3,First Base,R,Right,R,Right,0-4 | 2 K,,4,0,0,0,0,0,0,2,0,0,0,1,4,0,,,,,,,,,,
2026-06-25,822797,,/api/v1.1/game/822797/feed/live,R,2026,2026-06-25,,night,P,N,N,Regular Season,1,4,1,Final,Final,14,Rogers Centre,141,Toronto Blue Jays,TOR,5,False,140,Texas Rangers,TEX,6,True,571578,Patrick Corbin,Patrick,Corbin,46,1989-07-19,36,"6' 4""",225,1,Pitcher,L,Left,L,Left,,,,,,,,,,,,,,,,,,,,,,,,,,
2026-06-25,822797,,/api/v1.1/game/822797/feed/live,R,2026,2026-06-25,,night,P,N,N,Regular Season,1,4,1,Final,Final,14,Rogers Centre,141,Toronto Blue Jays,TOR,5,False,140,Texas Rangers,TEX,6,True,660821,Jesús Sánchez,Jesús,Sánchez,12,1997-10-07,28,"6' 3""",222,9,Outfielder,L,Left,R,Right,0-1 | K,,1,0,0,0,0,0,0,1,0,0,0,0,1,0,,,,,,,,,,
2026-06-25,822797,,/api/v1.1/game/822797/feed/live,R,2026,2026-06-25,,night,P,N,N,Regular Season,1,4,1,Final,Final,14,Rogers Centre,141,Toronto Blue Jays,TOR,5,False,140,Texas Rangers,TEX,6,True,664702,Myles Straw,Myles,Straw,3,1994-10-17,31,"5' 9""",178,9,Outfielder,R,Right,R,Right,"1-2 | 2B, 2 RBI",,2,1,1,0,0,2,0,0,0,0,0,0,2,2,,,,,,,,,,
2026-06-25,822797,,/api/v1.1/game/822797/feed/live,R,2026,2026-06-25,,night,P,N,N,Regular Season,1,4,1,Final,Final,14,Rogers Centre,141,Toronto Blue Jays,TOR,5,False,140,Texas Rangers,TEX,6,True,672386,Alejandro Kirk,Alejandro,Kirk,30,1998-11-06,27,"5' 8""",245,2,Catcher,R,Right,R,Right,1-4 | R,,4,1,0,0,0,0,1,0,0,0,0,0,4,1,,,,,,,,,,
2026-06-25,822797,,/api/v1.1/game/822797/feed/live,R,2026,2026-06-25,,night,P,N,N,Regular Season,1,4,1,Final,Final,14,Rogers Centre,141,Toronto Blue Jays,TOR,5,False,140,Texas Rangers,TEX,6,True,672960,Kazuma Okamoto,Kazuma,Okamoto,7,1996-06-30,29,"6' 1""",220,5,Third Base,R,Right,R,Right,"2-4 | HR, 2 RBI, 2 R",,4,2,0,0,1,2,2,0,0,0,0,0,4,5,,,,,,,,,,
2026-06-25,822797,,/api/v1.1/game/822797/feed/live,R,2026,2026-06-25,,night,P,N,N,Regular Season,1,4,1,Final,Final,14,Rogers Centre,141,Toronto Blue Jays,TOR,5,False,140,Texas Rangers,TEX,6,True,694671,Wyatt Langford,Wyatt,Langford,36,2001-11-15,24,"6' 0""",225,7,Outfielder,R,Right,R,Right,"1-5 | HR, K, 3 RBI",,5,1,0,0,1,3,1,1,0,0,0,1,5,4,,,,,,,,,,
2026-06-25,822797,,/api/v1.1/game/822797/feed/live,R,2026,2026-06-25,,night,P,N,N,Regular Season,1,4,1,Final,Final,14,Rogers Centre,141,Toronto Blue Jays,TOR,5,False,140,Texas Rangers,TEX,6,True,677958,Kumar Rocker,Kumar,Rocker,80,1999-11-22,26,"6' 5""",245,1,Pitcher,R,Right,R,Right,,,,,,,,,,,,,,,,,,,,,,,,,,
2026-06-25,822797,,/api/v1.1/game/822797/feed/live,R,2026,2026-06-25,,night,P,N,N,Regular Season,1,4,1,Final,Final,14,Rogers Centre,141,Toronto Blue Jays,TOR,5,False,140,Texas Rangers,TEX,6,True,669394,Jake Burger,Jacob,Burger,21,1996-04-10,30,"6' 0""",230,3,First Base,R,Right,R,Right,"2-4 | HR, K, 2 RBI",,4,2,0,0,1,2,1,1,0,0,0,0,4,5,,,,,,,,,,
2026-06-25,822797,,/api/v1.1/game/822797/feed/live,R,2026,2026-06-25,,night,P,N,N,Regular Season,1,4,1,Final,Final,14,Rogers Centre,141,Toronto Blue Jays,TOR,5,False,140,Texas Rangers,TEX,6,True,682608,Peyton Gray,Peyton,Gray,75,1995-06-02,31,"6' 4""",235,1,Pitcher,R,Right,R,Right,,,,,,,,,,,,,,,,,,,,,,,,,,
2026-06-25,822797,,/api/v1.1/game/822797/feed/live,R,2026,2026-06-25,,night,P,N,N,Regular Season,1,4,1,Final,Final,14,Rogers Centre,141,Toronto Blue Jays,TOR,5,False,140,Texas Rangers,TEX,6,True,696030,Alejandro Osuna,Tadeo,Osuna,19,2002-10-10,23,"5' 9""",185,7,Outfielder,L,Left,L,Left,1-4,,4,1,0,0,0,0,0,0,0,0,0,0,4,1,,,,,,,,,,
2026-06-25,822797,,/api/v1.1/game/822797/feed/live,R,2026,2026-06-25,,night,P,N,N,Regular Season,1,4,1,Final,Final,14,Rogers Centre,141,Toronto Blue Jays,TOR,5,False,140,Texas Rangers,TEX,6,True,641302,Tyler Alexander,Tyler,Alexander,13,1994-07-14,31,"6' 1""",214,1,Pitcher,R,Right,L,Left,,,,,,,,,,,,,,,,,,,,,,,,,,
2026-06-25,822797,,/api/v1.1/game/822797/feed/live,R,2026,2026-06-25,,night,P,N,N,Regular Season,1,4,1,Final,Final,14,Rogers Centre,141,Toronto Blue Jays,TOR,5,False,140,Texas Rangers,TEX,6,True,592626,Joc Pederson,Joc,Pederson,3,1992-04-21,34,"6' 1""",220,10,Designated Hitter,L,Left,L,Left,"2-3 | HR, 2 BB, RBI",,3,2,0,0,1,1,2,0,2,0,0,0,5,5,,,,,,,,,,
2026-06-25,822797,,/api/v1.1/game/822797/feed/live,R,2026,2026-06-25,,night,P,N,N,Regular Season,1,4,1,Final,Final,14,Rogers Centre,141,Toronto Blue Jays,TOR,5,False,140,Texas Rangers,TEX,6,True,656641,Jacob Latz,Jacob,Latz,67,1996-04-08,30,"6' 2""",185,1,Pitcher,R,Right,L,Left,"1.0 IP, 2 ER, 2 K, 0 BB",,,,,,,,,,,,,,,,1.0,2,2,1,2,0,25,0,0,1
2026-06-25,822797,,/api/v1.1/game/822797/feed/live,R,2026,2026-06-25,,night,P,N,N,Regular Season,1,4,1,Final,Final,14,Rogers Centre,141,Toronto Blue Jays,TOR,5,False,140,Texas Rangers,TEX,6,True,605452,Joe Ross,Joseph,Ross,41,1993-05-21,33,"6' 4""",243,1,Pitcher,R,Right,R,Right,,,,,,,,,,,,,,,,,,,,,,,,,,
2026-06-25,822797,,/api/v1.1/game/822797/feed/live,R,2026,2026-06-25,,night,P,N,N,Regular Season,1,4,1,Final,Final,14,Rogers Centre,141,Toronto Blue Jays,TOR,5,False,140,Texas Rangers,TEX,6,True,608369,Corey Seager,Corey,Seager,5,1994-04-27,32,"6' 4""",215,6,Shortstop,L,Left,R,Right,"0-3 | 2 BB, R",,3,0,0,0,0,0,1,0,2,0,0,0,5,0,,,,,,,,,,
2026-06-25,822797,,/api/v1.1/game/822797/feed/live,R,2026,2026-06-25,,night,P,N,N,Regular Season,1,4,1,Final,Final,14,Rogers Centre,141,Toronto Blue Jays,TOR,5,False,140,Texas Rangers,TEX,6,True,615698,Cal Quantrill,Cal,Quantrill,44,1995-02-10,31,"6' 3""",195,1,Pitcher,L,Left,R,Right,,,,,,,,,,,,,,,,,,,,,,,,,,
2026-06-25,822797,,/api/v1.1/game/822797/feed/live,R,2026,2026-06-25,,night,P,N,N,Regular Season,1,4,1,Final,Final,14,Rogers Centre,141,Toronto Blue Jays,TOR,5,False,140,Texas Rangers,TEX,6,True,670032,Nicky Lopez,Nicholas,Lopez,33,1995-03-13,31,"5' 10""",186,4,Second Base,L,Left,R,Right,2-4 | R,,4,2,0,0,0,0,1,0,0,0,0,1,4,2,,,,,,,,,,
2026-06-25,822797,,/api/v1.1/game/822797/feed/live,R,2026,2026-06-25,,night,P,N,N,Regular Season,1,4,1,Final,Final,14,Rogers Centre,141,Toronto Blue Jays,TOR,5,False,140,Texas Rangers,TEX,6,True,673962,Josh Jung,Joshua,Jung,6,1998-02-12,28,"6' 1""",214,5,Third Base,R,Right,R,Right,,,,,,,,,,,,,,,,,,,,,,,,,,
2026-06-25,822797,,/api/v1.1/game/822797/feed/live,R,2026,2026-06-25,,night,P,N,N,Regular Season,1,4,1,Final,Final,14,Rogers Centre,141,Toronto Blue Jays,TOR,5,False,140,Texas Rangers,TEX,6,True,695239,Robby Ahlstrom,Robert,Ahlstrom,54,1999-06-18,27,"6' 3""",195,1,Pitcher,L,Left,L,Left,,,,,,,,,,,,,,,,,,,,,,,,,,
2026-06-25,822797,,/api/v1.1/game/822797/feed/live,R,2026,2026-06-25,,night,P,N,N,Regular Season,1,4,1,Final,Final,14,Rogers Centre,141,Toronto Blue Jays,TOR,5,False,140,Texas Rangers,TEX,6,True,679822,Justin Foscue,Justin,Foscue,14,1999-03-02,27,"5' 11""",205,4,Second Base,R,Right,R,Right,,,,,,,,,,,,,,,,,,,,,,,,,,
2026-06-25,822797,,/api/v1.1/game/822797/feed/live,R,2026,2026-06-25,,night,P,N,N,Regular Season,1,4,1,Final,Final,14,Rogers Centre,141,Toronto Blue Jays,TOR,5,False,140,Texas Rangers,TEX,6,True,543309,Kyle Higashioka,Kyle,Higashioka,11,1990-04-20,36,"6' 1""",202,2,Catcher,R,Right,R,Right,2-3 | BB,,3,2,0,0,0,0,0,0,1,0,0,0,4,2,,,,,,,,,,
2026-06-25,822797,,/api/v1.1/game/822797/feed/live,R,2026,2026-06-25,,night,P,N,N,Regular Season,1,4,1,Final,Final,14,Rogers Centre,141,Toronto Blue Jays,TOR,5,False,140,Texas Rangers,TEX,6,True,677649,Ezequiel Duran,Ezequiel,Duran,20,1999-05-22,27,"5' 10""",185,6,Shortstop,R,Right,R,Right,0-4 | 2 K,,4,0,0,0,0,0,0,2,0,0,0,0,4,0,,,,,,,,,,
2026-06-25,822797,,/api/v1.1/game/822797/feed/live,R,2026,2026-06-25,,night,P,N,N,Regular Season,1,4,1,Final,Final,14,Rogers Centre,141,Toronto Blue Jays,TOR,5,False,140,Texas Rangers,TEX,6,True,669022,MacKenzie Gore,MacKenzie,Gore,1,1999-02-24,27,"6' 2""",193,1,Pitcher,L,Left,L,Left,"7.0 IP, 3 ER, 5 K, BB",,,,,,,,,,,,,,,,7.0,3,4,0,5,1,98,1,0,0
2026-06-25,822797,,/api/v1.1/game/822797/feed/live,R,2026,2026-06-25,,night,P,N,N,Regular Season,1,4,1,Final,Final,14,Rogers Centre,141,Toronto Blue Jays,TOR,5,False,140,Texas Rangers,TEX,6,True,594798,Jacob deGrom,Jacob,deGrom,48,1988-06-19,38,"6' 4""",180,1,Pitcher,L,Left,R,Right,,,,,,,,,,,,,,,,,,,,,,,,,,
2026-06-25,822797,,/api/v1.1/game/822797/feed/live,R,2026,2026-06-25,,night,P,N,N,Regular Season,1,4,1,Final,Final,14,Rogers Centre,141,Toronto Blue Jays,TOR,5,False,140,Texas Rangers,TEX,6,True,607043,Brandon Nimmo,Brandon,Nimmo,24,1993-03-27,33,"6' 1""",206,9,Outfielder,L,Left,R,Right,"0-3 | BB, K",,3,0,0,0,0,0,0,1,1,0,0,0,4,0,,,,,,,,,,
2026-06-25,822797,,/api/v1.1/game/822797/feed/live,R,2026,2026-06-25,,night,P,N,N,Regular Season,1,4,1,Final,Final,14,Rogers Centre,141,Toronto Blue Jays,TOR,5,False,140,Texas Rangers,TEX,6,True,596001,Jakob Junis,Jakob,Junis,16,1992-09-16,33,"6' 3""",238,1,Pitcher,R,Right,R,Right,"1.0 IP, 0 ER, K, 0 BB",,,,,,,,,,,,,,,,1.0,0,0,0,1,0,18,0,0,0
2026-06-25,822797,,/api/v1.1/game/822797/feed/live,R,2026,2026-06-25,,night,P,N,N,Regular Season,1,4,1,Final,Final,14,Rogers Centre,141,Toronto Blue Jays,TOR,5,False,140,Texas Rangers,TEX,6,True,553869,Elias Díaz,Elias,Díaz,35,1990-11-17,35,"6' 1""",223,2,Catcher,R,Right,R,Right,,,,,,,,,,,,,,,,,,,,,,,,,,
2026-06-25,822797,,/api/v1.1/game/822797/feed/live,R,2026,2026-06-25,,night,P,N,N,Regular Season,1,4,1,Final,Final,14,Rogers Centre,141,Toronto Blue Jays,TOR,5,False,140,Texas Rangers,TEX,6,True,543135,Nathan Eovaldi,Nathan,Eovaldi,17,1990-02-13,36,"6' 2""",217,1,Pitcher,R,Right,R,Right,,,,,,,,,,,,,,,,,,,,,,,,,,
2026-06-25,822797,,/api/v1.1/game/822797/feed/live,R,2026,2026-06-25,,night,P,N,N,Regular Season,1,4,1,Final,Final,14,Rogers Centre,141,Toronto Blue Jays,TOR,5,False,140,Texas Rangers,TEX,6,True,672284,Jarred Kelenic,Jarred,Kelenic,25,1999-07-16,26,"5' 11""",206,9,Outfielder,L,Left,L,Left,,,,,,,,,,,,,,,,,,,,,,,,,,
2026-06-25,822797,,/api/v1.1/game/822797/feed/live,R,2026,2026-06-25,,night,P,N,N,Regular Season,1,4,1,Final,Final,14,Rogers Centre,141,Toronto Blue Jays,TOR,5,False,140,Texas Rangers,TEX,6,True,692437,Winston Santos,Winston,Santos,84,2002-04-15,24,"6' 0""",160,1,Pitcher,R,Right,R,Right,,,,,,,,,,,,,,,,,,,,,,,,,,
2026-06-25,822797,,/api/v1.1/game/822797/feed/live,R,2026,2026-06-25,,night,P,N,N,Regular Season,1,4,1,Final,Final,14,Rogers Centre,141,Toronto Blue Jays,TOR,5,False,140,Texas Rangers,TEX,6,True,668390,Cole Winn,Cole,Winn,60,1999-11-25,26,"6' 2""",190,1,Pitcher,R,Right,R,Right,,,,,,,,,,,,,,,,,,,,,,,,,,
2026-06-25,823612,,/api/v1.1/game/823612/feed/live,R,2026,2026-06-25,,night,P,N,N,Regular Season,4,4,1,Final,Final,3289,Citi Field,121,New York Mets,NYM,3,False,112,Chicago Cubs,CHC,4,True,620443,Luis Torrens,Luis,Torrens,13,1996-05-02,30,"5' 11""",217,2,Catcher,R,Right,R,Right,,,,,,,,,,,,,,,,,,,,,,,,,,
2026-06-25,823612,,/api/v1.1/game/823612/feed/live,R,2026,2026-06-25,,night,P,N,N,Regular Season,4,4,1,Final,Final,3289,Citi Field,121,New York Mets,NYM,3,False,112,Chicago Cubs,CHC,4,True,666182,Bo Bichette,Bo,Bichette,19,1998-03-05,28,"5' 11""",190,6,Shortstop,R,Right,R,Right,"1-4 | HBP, 3 K",,4,1,0,0,0,0,0,3,0,0,0,0,5,1,,,,,,,,,,
2026-06-25,823612,,/api/v1.1/game/823612/feed/live,R,2026,2026-06-25,,night,P,N,N,Regular Season,4,4,1,Final,Final,3289,Citi Field,121,New York Mets,NYM,3,False,112,Chicago Cubs,CHC,4,True,682626,Francisco Alvarez,Francisco,Alvarez,4,2001-11-19,24,"5' 10""",233,2,Catcher,R,Right,R,Right,"0-4 | BB, K",,4,0,0,0,0,0,0,1,1,0,0,0,5,0,,,,,,,,,,
2026-06-25,823612,,/api/v1.1/game/823612/feed/live,R,2026,2026-06-25,,night,P,N,N,Regular Season,4,4,1,Final,Final,3289,Citi Field,121,New York Mets,NYM,3,False,112,Chicago Cubs,CHC,4,True,668901,Mark Vientos,Mark,Vientos,27,1999-12-11,26,"6' 3""",185,3,First Base,R,Right,R,Right,0-3,,3,0,0,0,0,0,0,0,0,0,0,0,3,0,,,,,,,,,,
2026-06-25,823612,,/api/v1.1/game/823612/feed/live,R,2026,2026-06-25,,night,P,N,N,Regular Season,4,4,1,Final,Final,3289,Citi Field,121,New York Mets,NYM,3,False,112,Chicago Cubs,CHC,4,True,640455,Sean Manaea,Sean,Manaea,59,1992-02-01,34,"6' 5""",245,1,Pitcher,R,Right,L,Left,,,,,,,,,,,,,,,,,,,,,,,,,,
2026-06-25,823612,,/api/v1.1/game/823612/feed/live,R,2026,2026-06-25,,night,P,N,N,Regular Season,4,4,1,Final,Final,3289,Citi Field,121,New York Mets,NYM,3,False,112,Chicago Cubs,CHC,4,True,668964,Tobias Myers,Tobias,Myers,32,1998-08-05,27,"6' 1""",223,1,Pitcher,R,Right,R,Right,,,,,,,,,,,,,,,,,,,,,,,,,,
2026-06-25,823612,,/api/v1.1/game/823612/feed/live,R,2026,2026-06-25,,night,P,N,N,Regular Season,4,4,1,Final,Final,3289,Citi Field,121,New York Mets,NYM,3,False,112,Chicago Cubs,CHC,4,True,681810,Austin Warren,Austin,Warren,44,1996-02-05,30,"6' 0""",170,1,Pitcher,R,Right,R,Right,"1.1 IP, 0 ER, 2 K, BB",,,,,,,,,,,,,,,,1.1,0,0,0,2,1,25,0,0,0
2026-06-25,823612,,/api/v1.1/game/823612/feed/live,R,2026,2026-06-25,,night,P,N,N,Regular Season,4,4,1,Final,Final,3289,Citi Field,121,New York Mets,NYM,3,False,112,Chicago Cubs,CHC,4,True,683146,Brett Baty,Brett,Baty,7,1999-11-13,26,"6' 3""",210,5,Third Base,L,Left,R,Right,1-5 | 2 K,,5,1,0,0,0,0,0,2,0,0,0,0,5,1,,,,,,,,,,
2026-06-25,823612,,/api/v1.1/game/823612/feed/live,R,2026,2026-06-25,,night,P,N,N,Regular Season,4,4,1,Final,Final,3289,Citi Field,121,New York Mets,NYM,3,False,112,Chicago Cubs,CHC,4,True,623211,Huascar Brazobán,Huascar,Brazobán,43,1989-10-15,36,"6' 3""",155,1,Pitcher,R,Right,R,Right,,,,,,,,,,,,,,,,,,,,,,,,,,
2026-06-25,823612,,/api/v1.1/game/823612/feed/live,R,2026,2026-06-25,,night,P,N,N,Regular Season,4,4,1,Final,Final,3289,Citi Field,121,New York Mets,NYM,3,False,112,Chicago Cubs,CHC,4,True,596133,Luke Weaver,Luke,Weaver,30,1993-08-21,32,"6' 2""",180,1,Pitcher,R,Right,R,Right,"1.0 IP, 0 ER, 3 K, 0 BB",,,,,,,,,,,,,,,,1.0,0,0,0,3,0,11,0,0,0
2026-06-25,823612,,/api/v1.1/game/823612/feed/live,R,2026,2026-06-25,,night,P,N,N,Regular Season,4,4,1,Final,Final,3289,Citi Field,121,New York Mets,NYM,3,False,112,Chicago Cubs,CHC,4,True,701807,Carson Benge,Carson,Benge,3,2003-01-20,23,"6' 1""",184,9,Outfielder,L,Left,R,Right,"1-5 | BB, K",,5,1,0,0,0,0,0,1,1,0,0,0,6,1,,,,,,,,,,
2026-06-25,823612,,/api/v1.1/game/823612/feed/live,R,2026,2026-06-25,,night,P,N,N,Regular Season,4,4,1,Final,Final,3289,Citi Field,121,New York Mets,NYM,3,False,112,Chicago Cubs,CHC,4,True,676572,Eric Wagaman,Eric,Wagaman,39,1997-08-14,28,"6' 4""",210,3,First Base,R,Right,R,Right,"1-3 | HR, 2 RBI, R",,3,1,0,0,1,2,1,0,0,0,0,0,3,4,,,,,,,,,,
2026-06-25,823612,,/api/v1.1/game/823612/feed/live,R,2026,2026-06-25,,night,P,N,N,Regular Season,4,4,1,Final,Final,3289,Citi Field,121,New York Mets,NYM,3,False,112,Chicago Cubs,CHC,4,True,642207,Devin Williams,Devin,Williams,38,1994-09-21,31,"6' 2""",193,1,Pitcher,R,Right,R,Right,"1.0 IP, 0 ER, K, 0 BB",,,,,,,,,,,,,,,,1.0,0,0,0,1,0,12,0,0,0
2026-06-25,823612,,/api/v1.1/game/823612/feed/live,R,2026,2026-06-25,,night,P,N,N,Regular Season,4,4,1,Final,Final,3289,Citi Field,121,New York Mets,NYM,3,False,112,Chicago Cubs,CHC,4,True,673540,Kodai Senga,Kodai,Senga,34,1993-01-30,33,"6' 1""",202,1,Pitcher,L,Left,R,Right,,,,,,,,,,,,,,,,,,,,,,,,,,
2026-06-25,823612,,/api/v1.1/game/823612/feed/live,R,2026,2026-06-25,,night,P,N,N,Regular Season,4,4,1,Final,Final,3289,Citi Field,121,New York Mets,NYM,3,False,112,Chicago Cubs,CHC,4,True,650960,Daniel Duarte,Daniel,Duarte,54,1996-12-04,29,"6' 0""",235,1,Pitcher,R,Right,R,Right,,,,,,,,,,,,,,,,,,,,,,,,,,
2026-06-25,823612,,/api/v1.1/game/823612/feed/live,R,2026,2026-06-25,,night,P,N,N,Regular Season,4,4,1,Final,Final,3289,Citi Field,121,New York Mets,NYM,3,False,112,Chicago Cubs,CHC,4,True,672335,Cionel Pérez,Cionel,Pérez,52,1996-04-21,30,"6' 0""",175,1,Pitcher,R,Right,L,Left,,,,,,,,,,,,,,,,,,,,,,,,,,
2026-06-25,823612,,/api/v1.1/game/823612/feed/live,R,2026,2026-06-25,,night,P,N,N,Regular Season,4,4,1,Final,Final,3289,Citi Field,121,New York Mets,NYM,3,False,112,Chicago Cubs,CHC,4,True,669004,MJ Melendez,Mervyl,Melendez,1,1998-11-29,27,"6' 0""",190,10,Designated Hitter,L,Left,R,Right,1-2,,2,1,0,0,0,0,0,0,0,0,0,0,2,1,,,,,,,,,,
2026-06-25,823612,,/api/v1.1/game/823612/feed/live,R,2026,2026-06-25,,night,P,N,N,Regular Season,4,4,1,Final,Final,3289,Citi Field,121,New York Mets,NYM,3,False,112,Chicago Cubs,CHC,4,True,621345,A.J. Minter,Alex,Minter,33,1993-09-02,32,"6' 0""",215,1,Pitcher,L,Left,L,Left,,,,,,,,,,,,,,,,,,,,,,,,,,
2026-06-25,823612,,/api/v1.1/game/823612/feed/live,R,2026,2026-06-25,,night,P,N,N,Regular Season,4,4,1,Final,Final,3289,Citi Field,121,New York Mets,NYM,3,False,112,Chicago Cubs,CHC,4,True,642547,Freddy Peralta,Freddy,Peralta,51,1996-06-04,30,"6' 0""",198,1,Pitcher,R,Right,R,Right,"5.2 IP, 0 ER, 5 K, BB",,,,,,,,,,,,,,,,5.2,0,5,0,5,1,98,0,0,0
2026-06-25,823612,,/api/v1.1/game/823612/feed/live,R,2026,2026-06-25,,night,P,N,N,Regular Season,4,4,1,Final,Final,3289,Citi Field,121,New York Mets,NYM,3,False,112,Chicago Cubs,CHC,4,True,596019,Francisco Lindor,Francisco,Lindor,12,1993-11-14,32,"5' 10""",190,6,Shortstop,S,Switch,R,Right,,,,,,,,,,,,,,,,,,,,,,,,,,
2026-06-25,823612,,/api/v1.1/game/823612/feed/live,R,2026,2026-06-25,,night,P,N,N,Regular Season,4,4,1,Final,Final,3289,Citi Field,121,New York Mets,NYM,3,False,112,Chicago Cubs,CHC,4,True,665742,Juan Soto,Juan,Soto,22,1998-10-25,27,"6' 1""",224,7,Outfielder,L,Left,L,Left,1-3 | 2 BB,,3,1,0,0,0,0,0,0,2,0,0,0,5,1,,,,,,,,,,
2026-06-25,823612,,/api/v1.1/game/823612/feed/live,R,2026,2026-06-25,,night,P,N,N,Regular Season,4,4,1,Final,Final,3289,Citi Field,121,New York Mets,NYM,3,False,112,Chicago Cubs,CHC,4,True,677595,Ronny Mauricio,Ronny,Mauricio,0,2001-04-04,25,"6' 3""",166,6,Shortstop,S,Switch,R,Right,"1-5 | 2B, K",,5,1,1,0,0,0,0,1,0,0,0,0,5,2,,,,,,,,,,
2026-06-25,823612,,/api/v1.1/game/823612/feed/live,R,2026,2026-06-25,,night,P,N,N,Regular Season,4,4,1,Final,Final,3289,Citi Field,121,New York Mets,NYM,3,False,112,Chicago Cubs,CHC,4,True,548384,Brooks Raley,Brooks,Raley,25,1988-06-29,37,"6' 3""",200,1,Pitcher,L,Left,L,Left,"1.0 IP, 0 ER, K, 0 BB",,,,,,,,,,,,,,,,1.0,0,1,0,1,0,17,0,1,0
2026-06-25,823612,,/api/v1.1/game/823612/feed/live,R,2026,2026-06-25,,night,P,N,N,Regular Season,4,4,1,Final,Final,3289,Citi Field,121,New York Mets,NYM,3,False,112,Chicago Cubs,CHC,4,True,690997,Nolan McLean,Nolan,McLean,26,2001-07-24,24,"6' 2""",214,1,Pitcher,R,Right,R,Right,,,,,,,,,,,,,,,,,,,,,,,,,,
2026-06-25,823612,,/api/v1.1/game/823612/feed/live,R,2026,2026-06-25,,night,P,N,N,Regular Season,4,4,1,Final,Final,3289,Citi Field,121,New York Mets,NYM,3,False,112,Chicago Cubs,CHC,4,True,676724,Jared Young,Jared,Young,29,1995-07-09,30,"6' 2""",200,3,First Base,L,Left,R,Right,"1-1 | HR, BB, RBI",,1,1,0,0,1,1,1,0,1,0,0,0,2,4,,,,,,,,,,
2026-06-25,823612,,/api/v1.1/game/823612/feed/live,R,2026,2026-06-25,,night,P,N,N,Regular Season,4,4,1,Final,Final,3289,Citi Field,121,New York Mets,NYM,3,False,112,Chicago Cubs,CHC,4,True,805999,A.J. Ewing,Andrew,Ewing,9,2004-08-10,21,"5' 10""",160,8,Outfielder,L,Left,R,Right,"1-4 | BB, R, SB",,4,1,0,0,0,0,1,0,1,1,0,1,5,1,,,,,,,,,,
2026-06-25,823612,,/api/v1.1/game/823612/feed/live,R,2026,2026-06-25,,night,P,N,N,Regular Season,4,4,1,Final,Final,3289,Citi Field,121,New York Mets,NYM,3,False,112,Chicago Cubs,CHC,4,True,592826,Vince Velasquez,Vincent,Velasquez,56,1992-06-07,34,"6' 3""",210,1,Pitcher,R,Right,R,Right,,,,,,,,,,,,,,,,,,,,,,,,,,
2026-06-25,823612,,/api/v1.1/game/823612/feed/live,R,2026,2026-06-25,,night,P,N,N,Regular Season,4,4,1,Final,Final,3289,Citi Field,121,New York Mets,NYM,3,False,112,Chicago Cubs,CHC,4,True,624424,Michael Conforto,Michael,Conforto,20,1993-03-01,33,"5' 11""",215,10,Designated Hitter,L,Left,R,Right,"1-4 | K, RBI, R",,4,1,0,0,0,1,1,1,0,0,0,0,4,1,,,,,,,,,,
2026-06-25,823612,,/api/v1.1/game/823612/feed/live,R,2026,2026-06-25,,night,P,N,N,Regular Season,4,4,1,Final,Final,3289,Citi Field,121,New York Mets,NYM,3,False,112,Chicago Cubs,CHC,4,True,571948,Hoby Milner,Hoby,Milner,41,1991-01-13,35,"6' 3""",187,1,Pitcher,L,Left,L,Left,"0.0 IP, ER, 0 K, 0 BB",,,,,,,,,,,,,,,,0.0,1,3,1,0,0,13,0,0,0
2026-06-25,823612,,/api/v1.1/game/823612/feed/live,R,2026,2026-06-25,,night,P,N,N,Regular Season,4,4,1,Final,Final,3289,Citi Field,121,New York Mets,NYM,3,False,112,Chicago Cubs,CHC,4,True,664023,Ian Happ,Ian,Happ,8,1994-08-12,31,"5' 10""",205,7,Outfielder,S,Switch,R,Right,"1-4 | 2 K, RBI",,4,1,0,0,0,1,0,2,0,0,0,0,4,1,,,,,,,,,,
2026-06-25,823612,,/api/v1.1/game/823612/feed/live,R,2026,2026-06-25,,night,P,N,N,Regular Season,4,4,1,Final,Final,3289,Citi Field,121,New York Mets,NYM,3,False,112,Chicago Cubs,CHC,4,True,681799,Ethan Roberts,Ethan,Roberts,39,1997-07-04,28,"5' 10""",180,1,Pitcher,R,Right,R,Right,"1.0 IP, ER, 0 K, BB",,,,,,,,,,,,,,,,1.0,1,0,0,0,1,15,0,0,0
2026-06-25,823612,,/api/v1.1/game/823612/feed/live,R,2026,2026-06-25,,night,P,N,N,Regular Season,4,4,1,Final,Final,3289,Citi Field,121,New York Mets,NYM,3,False,112,Chicago Cubs,CHC,4,True,665871,Javier Assad,Javier,Assad,72,1997-07-30,28,"6' 1""",200,1,Pitcher,R,Right,R,Right,,,,,,,,,,,,,,,,,,,,,,,,,,
2026-06-25,823612,,/api/v1.1/game/823612/feed/live,R,2026,2026-06-25,,night,P,N,N,Regular Season,4,4,1,Final,Final,3289,Citi Field,121,New York Mets,NYM,3,False,112,Chicago Cubs,CHC,4,True,573204,Caleb Thielbar,Caleb,Thielbar,24,1987-01-31,39,"6' 0""",205,1,Pitcher,R,Right,L,Left,"1.0 IP, 0 ER, 2 K, 0 BB",,,,,,,,,,,,,,,,1.0,0,0,0,2,0,12,0,0,0
2026-06-25,823612,,/api/v1.1/game/823612/feed/live,R,2026,2026-06-25,,night,P,N,N,Regular Season,4,4,1,Final,Final,3289,Citi Field,121,New York Mets,NYM,3,False,112,Chicago Cubs,CHC,4,True,684007,Shota Imanaga,Shota,Imanaga,18,1993-09-01,32,"5' 10""",175,1,Pitcher,L,Left,L,Left,,,,,,,,,,,,,,,,,,,,,,,,,,
2026-06-25,823612,,/api/v1.1/game/823612/feed/live,R,2026,2026-06-25,,night,P,N,N,Regular Season,4,4,1,Final,Final,3289,Citi Field,121,New York Mets,NYM,3,False,112,Chicago Cubs,CHC,4,True,608324,Alex Bregman,Alexander,Bregman,3,1994-03-30,32,"5' 10""",190,5,Third Base,R,Right,R,Right,"1-4 | 2B, K, RBI",,4,1,1,0,0,1,1,1,0,0,0,0,4,2,,,,,,,,,,
2026-06-25,823612,,/api/v1.1/game/823612/feed/live,R,2026,2026-06-25,,night,P,N,N,Regular Season,4,4,1,Final,Final,3289,Citi Field,121,New York Mets,NYM,3,False,112,Chicago Cubs,CHC,4,True,699393,Pedro Ramírez,Pedro,Ramírez,75,2004-04-01,22,"5' 9""",165,4,Second Base,S,Switch,R,Right,0-4 | 3 K,,4,0,0,0,0,0,0,3,0,0,0,0,4,0,,,,,,,,,,
2026-06-25,823612,,/api/v1.1/game/823612/feed/live,R,2026,2026-06-25,,night,P,N,N,Regular Season,4,4,1,Final,Final,3289,Citi Field,121,New York Mets,NYM,3,False,112,Chicago Cubs,CHC,4,True,608348,Carson Kelly,Carson,Kelly,15,1994-07-14,31,"6' 1""",212,2,Catcher,R,Right,R,Right,0-1,,1,0,0,0,0,0,0,0,0,0,0,0,1,0,,,,,,,,,,
2026-06-25,823612,,/api/v1.1/game/823612/feed/live,R,2026,2026-06-25,,night,P,N,N,Regular Season,4,4,1,Final,Final,3289,Citi Field,121,New York Mets,NYM,3,False,112,Chicago Cubs,CHC,4,True,683737,Michael Busch,Michael,Busch,29,1997-11-09,28,"5' 11""",210,3,First Base,L,Left,R,Right,1-5 | K,,5,1,0,0,0,0,0,1,0,0,0,0,5,1,,,,,,,,,,
2026-06-25,823612,,/api/v1.1/game/823612/feed/live,R,2026,2026-06-25,,night,P,N,N,Regular Season,4,4,1,Final,Final,3289,Citi Field,121,New York Mets,NYM,3,False,112,Chicago Cubs,CHC,4,True,691718,Pete Crow-Armstrong,Pete,Crow-Armstrong,4,2002-03-25,24,"6' 0""",184,8,Outfielder,L,Left,L,Left,"2-5 | 2B, K, RBI",,5,2,1,0,0,1,0,1,0,0,0,0,5,3,,,,,,,,,,
2026-06-25,823612,,/api/v1.1/game/823612/feed/live,R,2026,2026-06-25,,night,P,N,N,Regular Season,4,4,1,Final,Final,3289,Citi Field,121,New York Mets,NYM,3,False,112,Chicago Cubs,CHC,4,True,657097,Jacob Webb,Jacob,Webb,71,1993-08-15,32,"6' 2""",210,1,Pitcher,R,Right,R,Right,"1.0 IP, 0 ER, 0 K, BB",,,,,,,,,,,,,,,,1.0,0,0,0,0,1,20,1,0,0
2026-06-25,823612,,/api/v1.1/game/823612/feed/live,R,2026,2026-06-25,,night,P,N,N,Regular Season,4,4,1,Final,Final,3289,Citi Field,121,New York Mets,NYM,3,False,112,Chicago Cubs,CHC,4,True,665804,Miguel Amaya,Miguel,Amaya,9,1999-03-09,27,"6' 1""",230,2,Catcher,R,Right,R,Right,"0-3 | BB, K",,3,0,0,0,0,0,0,1,1,0,0,0,4,0,,,,,,,,,,
2026-06-25,823612,,/api/v1.1/game/823612/feed/live,R,2026,2026-06-25,,night,P,N,N,Regular Season,4,4,1,Final,Final,3289,Citi Field,121,New York Mets,NYM,3,False,112,Chicago Cubs,CHC,4,True,673548,Seiya Suzuki,Seiya,Suzuki,27,1994-08-18,31,"5' 11""",182,9,Outfielder,R,Right,R,Right,,,,,,,,,,,,,,,,,,,,,,,,,,
2026-06-25,823612,,/api/v1.1/game/823612/feed/live,R,2026,2026-06-25,,night,P,N,N,Regular Season,4,4,1,Final,Final,3289,Citi Field,121,New York Mets,NYM,3,False,112,Chicago Cubs,CHC,4,True,681909,Justin Dean,Justin,Dean,1,1996-12-06,29,"5' 8""",185,8,Outfielder,R,Right,R,Right,0-0,,0,0,0,0,0,0,0,0,0,0,0,0,0,0,,,,,,,,,,
2026-06-25,823612,,/api/v1.1/game/823612/feed/live,R,2026,2026-06-25,,night,P,N,N,Regular Season,4,4,1,Final,Final,3289,Citi Field,121,New York Mets,NYM,3,False,112,Chicago Cubs,CHC,4,True,669020,Ryan Rolison,Ryan,Rolison,33,1997-07-11,28,"6' 2""",213,1,Pitcher,R,Right,L,Left,,,,,,,,,,,,,,,,,,,,,,,,,,
2026-06-25,823612,,/api/v1.1/game/823612/feed/live,R,2026,2026-06-25,,night,P,N,N,Regular Season,4,4,1,Final,Final,3289,Citi Field,121,New York Mets,NYM,3,False,112,Chicago Cubs,CHC,4,True,663423,Trent Thornton,Trent,Thornton,49,1993-09-30,32,"6' 0""",190,1,Pitcher,R,Right,R,Right,"1.0 IP, 0 ER, 0 K, 0 BB",,,,,,,,,,,,,,,,1.0,0,0,0,0,0,10,0,0,1
2026-06-25,823612,,/api/v1.1/game/823612/feed/live,R,2026,2026-06-25,,night,P,N,N,Regular Season,4,4,1,Final,Final,3289,Citi Field,121,New York Mets,NYM,3,False,112,Chicago Cubs,CHC,4,True,571510,Matthew Boyd,Matthew,Boyd,16,1991-02-02,35,"6' 3""",223,1,Pitcher,L,Left,L,Left,"4.2 IP, 0 ER, 4 K, 4 BB",,,,,,,,,,,,,,,,4.2,0,4,0,4,4,76,0,0,0
2026-06-25,823612,,/api/v1.1/game/823612/feed/live,R,2026,2026-06-25,,night,P,N,N,Regular Season,4,4,1,Final,Final,3289,Citi Field,121,New York Mets,NYM,3,False,112,Chicago Cubs,CHC,4,True,621020,Dansby Swanson,James,Swanson,7,1994-02-11,32,"6' 0""",190,6,Shortstop,R,Right,R,Right,"0-4 | 2 K, R",,4,0,0,0,0,0,1,2,0,0,0,0,4,0,,,,,,,,,,
2026-06-25,823612,,/api/v1.1/game/823612/feed/live,R,2026,2026-06-25,,night,P,N,N,Regular Season,4,4,1,Final,Final,3289,Citi Field,121,New York Mets,NYM,3,False,112,Chicago Cubs,CHC,4,True,607067,Colin Rea,Colin,Rea,53,1990-07-01,35,"6' 5""",220,1,Pitcher,R,Right,R,Right,,,,,,,,,,,,,,,,,,,,,,,,,,
2026-06-25,823612,,/api/v1.1/game/823612/feed/live,R,2026,2026-06-25,,night,P,N,N,Regular Season,4,4,1,Final,Final,3289,Citi Field,121,New York Mets,NYM,3,False,112,Chicago Cubs,CHC,4,True,664208,Phil Maton,Phillip,Maton,88,1993-03-25,33,"6' 2""",206,1,Pitcher,R,Right,R,Right,"1.1 IP, ER, 2 K, 0 BB",,,,,,,,,,,,,,,,1.1,1,2,1,2,0,23,0,0,0
2026-06-25,823612,,/api/v1.1/game/823612/feed/live,R,2026,2026-06-25,,night,P,N,N,Regular Season,4,4,1,Final,Final,3289,Citi Field,121,New York Mets,NYM,3,False,112,Chicago Cubs,CHC,4,True,663538,Nico Hoerner,Nicholas,Hoerner,2,1997-05-13,29,"5' 11""",200,4,Second Base,R,Right,R,Right,0-3 | BB,,3,0,0,0,0,0,0,0,1,0,0,0,4,0,,,,,,,,,,
2026-06-25,823612,,/api/v1.1/game/823612/feed/live,R,2026,2026-06-25,,night,P,N,N,Regular Season,4,4,1,Final,Final,3289,Citi Field,121,New York Mets,NYM,3,False,112,Chicago Cubs,CHC,4,True,681151,Jayden Murray,Jayden,Murray,70,1997-04-11,29,"6' 1""",190,1,Pitcher,R,Right,R,Right,,,,,,,,,,,,,,,,,,,,,,,,,,
2026-06-25,823612,,/api/v1.1/game/823612/feed/live,R,2026,2026-06-25,,night,P,N,N,Regular Season,4,4,1,Final,Final,3289,Citi Field,121,New York Mets,NYM,3,False,112,Chicago Cubs,CHC,4,True,807713,Matt Shaw,Matthew,Shaw,6,2001-11-06,24,"5' 10""",185,9,Outfielder,R,Right,R,Right,0-0 | R,,0,0,0,0,0,0,1,0,0,0,0,0,0,0,,,,,,,,,,
2026-06-25,824747,,/api/v1.1/game/824747/feed/live,R,2026,2026-06-25,,night,P,N,N,Regular Season,1,4,1,Final,Final,3,Fenway Park,111,Boston Red Sox,BOS,6,True,147,New York Yankees,NYY,3,False,687562,Jake Bennett,William,Bennett,64,2000-12-02,25,"6' 6""",234,1,Pitcher,L,Left,L,Left,,,,,,,,,,,,,,,,,,,,,,,,,,
2026-06-25,824747,,/api/v1.1/game/824747/feed/live,R,2026,2026-06-25,,night,P,N,N,Regular Season,1,4,1,Final,Final,3,Fenway Park,111,Boston Red Sox,BOS,6,True,147,New York Yankees,NYY,3,False,575929,Willson Contreras,Willson,Contreras,40,1992-05-13,34,"6' 0""",240,3,First Base,R,Right,R,Right,"0-4 | K, R",,4,0,0,0,0,0,1,1,0,0,0,0,4,0,,,,,,,,,,
2026-06-25,824747,,/api/v1.1/game/824747/feed/live,R,2026,2026-06-25,,night,P,N,N,Regular Season,1,4,1,Final,Final,3,Fenway Park,111,Boston Red Sox,BOS,6,True,147,New York Yankees,NYY,3,False,594027,Tyron Guerrero,Tayron,Guerrero,41,1991-01-09,35,"6' 8""",225,1,Pitcher,R,Right,R,Right,,,,,,,,,,,,,,,,,,,,,,,,,,
2026-06-25,824747,,/api/v1.1/game/824747/feed/live,R,2026,2026-06-25,,night,P,N,N,Regular Season,1,4,1,Final,Final,3,Fenway Park,111,Boston Red Sox,BOS,6,True,147,New York Yankees,NYY,3,False,813349,Connelly Early,Todd,Early,71,2002-04-03,24,"6' 3""",195,1,Pitcher,L,Left,L,Left,"6.0 IP, 2 ER, 9 K, BB",,,,,,,,,,,,,,,,6.0,2,5,1,9,1,98,1,0,0
2026-06-25,824747,,/api/v1.1/game/824747/feed/live,R,2026,2026-06-25,,night,P,N,N,Regular Season,1,4,1,Final,Final,3,Fenway Park,111,Boston Red Sox,BOS,6,True,147,New York Yankees,NYY,3,False,669711,Greg Weissert,Gregory,Weissert,57,1995-02-04,31,"6' 2""",235,1,Pitcher,R,Right,R,Right,"0.2 IP, ER, 0 K, BB",,,,,,,,,,,,,,,,0.2,1,1,0,0,1,21,0,0,0
2026-06-25,824747,,/api/v1.1/game/824747/feed/live,R,2026,2026-06-25,,night,P,N,N,Regular Season,1,4,1,Final,Final,3,Fenway Park,111,Boston Red Sox,BOS,6,True,147,New York Yankees,NYY,3,False,678011,Anthony Seigler,Anthony,Seigler,48,1999-06-20,27,"5' 9""",192,4,Second Base,S,Switch,S,Switch,"2-4 | 2B, K",,4,2,1,0,0,0,0,1,0,0,0,0,4,3,,,,,,,,,,
2026-06-25,824747,,/api/v1.1/game/824747/feed/live,R,2026,2026-06-25,,night,P,N,N,Regular Season,1,4,1,Final,Final,3,Fenway Park,111,Boston Red Sox,BOS,6,True,147,New York Yankees,NYY,3,False,657136,Connor Wong,Connor,Wong,12,1996-05-19,30,"5' 10""",190,2,Catcher,R,Right,R,Right,,,,,,,,,,,,,,,,,,,,,,,,,,
2026-06-25,824747,,/api/v1.1/game/824747/feed/live,R,2026,2026-06-25,,night,P,N,N,Regular Season,1,4,1,Final,Final,3,Fenway Park,111,Boston Red Sox,BOS,6,True,147,New York Yankees,NYY,3,False,677800,Wilyer Abreu,Wilyer,Abreu,52,1999-06-24,27,"5' 10""",215,9,Outfielder,L,Left,L,Left,0-4 | 2 K,,4,0,0,0,0,0,0,2,0,0,0,0,5,0,,,,,,,,,,
2026-06-25,824747,,/api/v1.1/game/824747/feed/live,R,2026,2026-06-25,,night,P,N,N,Regular Season,1,4,1,Final,Final,3,Fenway Park,111,Boston Red Sox,BOS,6,True,147,New York Yankees,NYY,3,False,676477,Garrett Whitlock,Garrett,Whitlock,22,1996-06-11,30,"6' 5""",222,1,Pitcher,R,Right,R,Right,"1.0 IP, 0 ER, K, 0 BB",,,,,,,,,,,,,,,,1.0,0,0,0,1,0,10,0,0,0
2026-06-25,824747,,/api/v1.1/game/824747/feed/live,R,2026,2026-06-25,,night,P,N,N,Regular Season,1,4,1,Final,Final,3,Fenway Park,111,Boston Red Sox,BOS,6,True,147,New York Yankees,NYY,3,False,655316,Andruw Monasterio,Andruw,Monasterio,32,1997-05-30,29,"5' 11""",195,6,Shortstop,R,Right,R,Right,0-0 | R,,0,0,0,0,0,0,1,0,0,0,0,0,0,0,,,,,,,,,,
2026-06-25,824747,,/api/v1.1/game/824747/feed/live,R,2026,2026-06-25,,night,P,N,N,Regular Season,1,4,1,Final,Final,3,Fenway Park,111,Boston Red Sox,BOS,6,True,147,New York Yankees,NYY,3,False,543243,Sonny Gray,Sonny,Gray,54,1989-11-07,36,"5' 10""",190,1,Pitcher,R,Right,R,Right,,,,,,,,,,,,,,,,,,,,,,,,,,
2026-06-25,824747,,/api/v1.1/game/824747/feed/live,R,2026,2026-06-25,,night,P,N,N,Regular Season,1,4,1,Final,Final,3,Fenway Park,111,Boston Red Sox,BOS,6,True,147,New York Yankees,NYY,3,False,686580,Justin Slaten,Justin,Slaten,63,1997-09-15,28,"6' 4""",222,1,Pitcher,R,Right,R,Right,,,,,,,,,,,,,,,,,,,,,,,,,,
2026-06-25,824747,,/api/v1.1/game/824747/feed/live,R,2026,2026-06-25,,night,P,N,N,Regular Season,1,4,1,Final,Final,3,Fenway Park,111,Boston Red Sox,BOS,6,True,147,New York Yankees,NYY,3,False,681508,Mickey Gasper,Michael,Gasper,30,1995-10-11,30,"5' 9""",205,2,Catcher,S,Switch,R,Right,,,,,,,,,,,,,,,,,,,,,,,,,,
2026-06-25,824747,,/api/v1.1/game/824747/feed/live,R,2026,2026-06-25,,night,P,N,N,Regular Season,1,4,1,Final,Final,3,Fenway Park,111,Boston Red Sox,BOS,6,True,147,New York Yankees,NYY,3,False,702332,Caleb Durbin,Caleb,Durbin,5,2000-02-22,26,"5' 6""",183,5,Third Base,R,Right,R,Right,"2-3 | HR, BB, K",,3,2,0,0,1,2,2,1,1,0,0,0,4,5,,,,,,,,,,
2026-06-25,824747,,/api/v1.1/game/824747/feed/live,R,2026,2026-06-25,,night,P,N,N,Regular Season,1,4,1,Final,Final,3,Fenway Park,111,Boston Red Sox,BOS,6,True,147,New York Yankees,NYY,3,False,624133,Ranger Suarez,Ranger,Suarez,55,1995-08-26,30,"6' 1""",217,1,Pitcher,L,Left,L,Left,,,,,,,,,,,,,,,,,,,,,,,,,,
2026-06-25,824747,,/api/v1.1/game/824747/feed/live,R,2026,2026-06-25,,night,P,N,N,Regular Season,1,4,1,Final,Final,3,Fenway Park,111,Boston Red Sox,BOS,6,True,147,New York Yankees,NYY,3,False,592454,Tommy Kahnle,Thomas,Kahnle,46,1989-08-07,36,"6' 1""",230,1,Pitcher,R,Right,R,Right,,,,,,,,,,,,,,,,,,,,,,,,,,
2026-06-25,824747,,/api/v1.1/game/824747/feed/live,R,2026,2026-06-25,,night,P,N,N,Regular Season,1,4,1,Final,Final,3,Fenway Park,111,Boston Red Sox,BOS,6,True,147,New York Yankees,NYY,3,False,665966,Carlos Narváez,Carlos,Narváez,75,1998-11-26,27,"5' 11""",190,2,Catcher,R,Right,R,Right,"1-2 | HBP, K",,2,1,0,0,0,0,0,1,0,0,0,0,4,1,,,,,,,,,,
2026-06-25,824747,,/api/v1.1/game/824747/feed/live,R,2026,2026-06-25,,night,P,N,N,Regular Season,1,4,1,Final,Final,3,Fenway Park,111,Boston Red Sox,BOS,6,True,147,New York Yankees,NYY,3,False,681987,Nate Eaton,Nathan,Eaton,18,1996-12-22,29,"5' 11""",200,O,Outfield,R,Right,R,Right,"0-0 | HBP, RBI",,0,0,0,0,0,1,0,0,0,0,0,0,1,0,,,,,,,,,,
2026-06-25,824747,,/api/v1.1/game/824747/feed/live,R,2026,2026-06-25,,night,P,N,N,Regular Season,1,4,1,Final,Final,3,Fenway Park,111,Boston Red Sox,BOS,6,True,147,New York Yankees,NYY,3,False,680776,Jarren Duran,Jarren,Duran,16,1996-09-05,29,"6' 0""",205,7,Outfielder,L,Left,R,Right,1-3 | RBI,,3,1,0,0,0,1,0,0,0,0,0,0,4,1,,,,,,,,,,
2026-06-25,824747,,/api/v1.1/game/824747/feed/live,R,2026,2026-06-25,,night,P,N,N,Regular Season,1,4,1,Final,Final,3,Fenway Park,111,Boston Red Sox,BOS,6,True,147,New York Yankees,NYY,3,False,801139,Payton Tolle,Payton,Tolle,70,2002-11-01,23,"6' 6""",250,1,Pitcher,L,Left,L,Left,,,,,,,,,,,,,,,,,,,,,,,,,,
2026-06-25,824747,,/api/v1.1/game/824747/feed/live,R,2026,2026-06-25,,night,P,N,N,Regular Season,1,4,1,Final,Final,3,Fenway Park,111,Boston Red Sox,BOS,6,True,147,New York Yankees,NYY,3,False,678882,Ceddanne Rafaela,Ceddanne,Rafaela,3,2000-09-18,25,"5' 10""",165,8,Outfielder,R,Right,R,Right,"1-4 | BB, K, RBI",,4,1,0,0,0,1,1,1,1,1,0,0,5,1,,,,,,,,,,
2026-06-25,824747,,/api/v1.1/game/824747/feed/live,R,2026,2026-06-25,,night,P,N,N,Regular Season,1,4,1,Final,Final,3,Fenway Park,111,Boston Red Sox,BOS,6,True,147,New York Yankees,NYY,3,False,807799,Masataka Yoshida,Masataka,Yoshida,7,1993-07-15,32,"5' 8""",192,10,Designated Hitter,L,Left,R,Right,"0-3 | BB, K, R",,3,0,0,0,0,0,1,1,1,0,0,0,4,0,,,,,,,,,,
2026-06-25,824747,,/api/v1.1/game/824747/feed/live,R,2026,2026-06-25,,night,P,N,N,Regular Season,1,4,1,Final,Final,3,Fenway Park,111,Boston Red Sox,BOS,6,True,147,New York Yankees,NYY,3,False,543056,Danny Coulombe,Daniel,Coulombe,67,1989-10-26,36,"5' 10""",190,1,Pitcher,L,Left,L,Left,"0.1 IP, 0 ER, 0 K, 0 BB",,,,,,,,,,,,,,,,0.1,0,0,0,0,0,3,0,0,0
2026-06-25,824747,,/api/v1.1/game/824747/feed/live,R,2026,2026-06-25,,night,P,N,N,Regular Season,1,4,1,Final,Final,3,Fenway Park,111,Boston Red Sox,BOS,6,True,147,New York Yankees,NYY,3,False,691785,Marcelo Mayer,Marcelo,Mayer,11,2002-12-12,23,"6' 3""",188,4,Second Base,L,Left,R,Right,0-4 | 2 K,,4,0,0,0,0,0,0,2,0,0,0,0,4,0,,,,,,,,,,
2026-06-25,824747,,/api/v1.1/game/824747/feed/live,R,2026,2026-06-25,,night,P,N,N,Regular Season,1,4,1,Final,Final,3,Fenway Park,111,Boston Red Sox,BOS,6,True,147,New York Yankees,NYY,3,False,547973,Aroldis Chapman,Albertin,Chapman,44,1988-02-28,38,"6' 4""",235,1,Pitcher,L,Left,L,Left,"1.0 IP, 0 ER, 0 K, BB",,,,,,,,,,,,,,,,1.0,0,2,0,0,1,23,0,0,1
2026-06-25,824747,,/api/v1.1/game/824747/feed/live,R,2026,2026-06-25,,night,P,N,N,Regular Season,1,4,1,Final,Final,3,Fenway Park,111,Boston Red Sox,BOS,6,True,147,New York Yankees,NYY,3,False,670245,Ryan Watson,Ryan,Watson,56,1997-11-15,28,"6' 5""",225,1,Pitcher,R,Right,R,Right,,,,,,,,,,,,,,,,,,,,,,,,,,
2026-06-25,824747,,/api/v1.1/game/824747/feed/live,R,2026,2026-06-25,,night,P,N,N,Regular Season,1,4,1,Final,Final,3,Fenway Park,111,Boston Red Sox,BOS,6,True,147,New York Yankees,NYY,3,False,621112,Paul Blackburn,Paul,Blackburn,58,1993-12-04,32,"6' 1""",196,1,Pitcher,R,Right,R,Right,"1.0 IP, 0 ER, K, 0 BB",,,,,,,,,,,,,,,,1.0,0,1,0,1,0,17,0,0,0
2026-06-25,824747,,/api/v1.1/game/824747/feed/live,R,2026,2026-06-25,,night,P,N,N,Regular Season,1,4,1,Final,Final,3,Fenway Park,111,Boston Red Sox,BOS,6,True,147,New York Yankees,NYY,3,False,676609,José Caballero,José,Caballero,72,1996-08-30,29,"5' 9""",190,6,Shortstop,R,Right,R,Right,"2-4 | HR, RBI, R",,4,2,0,0,1,1,1,0,0,1,0,0,4,5,,,,,,,,,,
2026-06-25,824747,,/api/v1.1/game/824747/feed/live,R,2026,2026-06-25,,night,P,N,N,Regular Season,1,4,1,Final,Final,3,Fenway Park,111,Boston Red Sox,BOS,6,True,147,New York Yankees,NYY,3,False,607074,Carlos Rodón,Carlos,Rodón,55,1992-12-10,33,"6' 2""",255,1,Pitcher,L,Left,L,Left,,,,,,,,,,,,,,,,,,,,,,,,,,
2026-06-25,824747,,/api/v1.1/game/824747/feed/live,R,2026,2026-06-25,,night,P,N,N,Regular Season,1,4,1,Final,Final,3,Fenway Park,111,Boston Red Sox,BOS,6,True,147,New York Yankees,NYY,3,False,682987,Spencer Jones,Spencer,Jones,78,2001-05-14,25,"6' 7""",240,9,Outfielder,L,Left,L,Left,0-0,,0,0,0,0,0,0,0,0,0,0,0,0,0,0,,,,,,,,,,
2026-06-25,824747,,/api/v1.1/game/824747/feed/live,R,2026,2026-06-25,,night,P,N,N,Regular Season,1,4,1,Final,Final,3,Fenway Park,111,Boston Red Sox,BOS,6,True,147,New York Yankees,NYY,3,False,642232,Ryan Yarbrough,Ryan,Yarbrough,33,1991-12-31,34,"6' 5""",205,1,Pitcher,R,Right,L,Left,"0.2 IP, 0 ER, 0 K, 0 BB",,,,,,,,,,,,,,,,0.2,0,0,0,0,0,9,0,0,0
2026-06-25,824747,,/api/v1.1/game/824747/feed/live,R,2026,2026-06-25,,night,P,N,N,Regular Season,1,4,1,Final,Final,3,Fenway Park,111,Boston Red Sox,BOS,6,True,147,New York Yankees,NYY,3,False,680474,Max Schuemann,Maxwell,Schuemann,30,1997-06-11,29,"6' 0""",198,6,Shortstop,R,Right,R,Right,0-1,,1,0,0,0,0,0,0,0,0,0,0,0,1,0,,,,,,,,,,
2026-06-25,824747,,/api/v1.1/game/824747/feed/live,R,2026,2026-06-25,,night,P,N,N,Regular Season,1,4,1,Final,Final,3,Fenway Park,111,Boston Red Sox,BOS,6,True,147,New York Yankees,NYY,3,False,642708,Amed Rosario,German,Rosario,14,1995-11-20,30,"6' 1""",227,5,Third Base,R,Right,R,Right,1-4 | 2 K,,4,1,0,0,0,0,0,2,0,0,0,0,4,1,,,,,,,,,,
2026-06-25,824747,,/api/v1.1/game/824747/feed/live,R,2026,2026-06-25,,night,P,N,N,Regular Season,1,4,1,Final,Final,3,Fenway Park,111,Boston Red Sox,BOS,6,True,147,New York Yankees,NYY,3,False,665828,Oswaldo Cabrera,Oswaldo,Cabrera,95,1999-03-01,27,"6' 0""",200,5,Third Base,S,Switch,R,Right,,,,,,,,,,,,,,,,,,,,,,,,,,
2026-06-25,824747,,/api/v1.1/game/824747/feed/live,R,2026,2026-06-25,,night,P,N,N,Regular Season,1,4,1,Final,Final,3,Fenway Park,111,Boston Red Sox,BOS,6,True,147,New York Yankees,NYY,3,False,677960,Ryan Weathers,Ryan,Weathers,40,1999-12-17,26,"6' 1""",230,1,Pitcher,R,Right,L,Left,,,,,,,,,,,,,,,,,,,,,,,,,,
2026-06-25,824747,,/api/v1.1/game/824747/feed/live,R,2026,2026-06-25,,night,P,N,N,Regular Season,1,4,1,Final,Final,3,Fenway Park,111,Boston Red Sox,BOS,6,True,147,New York Yankees,NYY,3,False,657612,Tim Hill,Timothy,Hill,41,1990-02-10,36,"6' 4""",210,1,Pitcher,R,Right,L,Left,"1.0 IP, 0 ER, 0 K, 0 BB",,,,,,,,,,,,,,,,1.0,0,0,0,0,0,8,0,0,0
2026-06-25,824747,,/api/v1.1/game/824747/feed/live,R,2026,2026-06-25,,night,P,N,N,Regular Season,1,4,1,Final,Final,3,Fenway Park,111,Boston Red Sox,BOS,6,True,147,New York Yankees,NYY,3,False,502671,Paul Goldschmidt,Paul,Goldschmidt,48,1987-09-10,38,"6' 2""",225,3,First Base,R,Right,R,Right,"2-4 | 2B, BB, K",,4,2,1,0,0,1,1,1,1,0,0,0,5,3,,,,,,,,,,
2026-06-25,824747,,/api/v1.1/game/824747/feed/live,R,2026,2026-06-25,,night,P,N,N,Regular Season,1,4,1,Final,Final,3,Fenway Park,111,Boston Red Sox,BOS,6,True,147,New York Yankees,NYY,3,False,691176,Jasson Domínguez,Jasson,Domínguez,24,2003-02-07,23,"5' 9""",218,10,Designated Hitter,S,Switch,R,Right,"1-4 | K, RBI",,4,1,0,0,0,1,0,1,0,0,0,0,4,1,,,,,,,,,,
2026-06-25,824747,,/api/v1.1/game/824747/feed/live,R,2026,2026-06-25,,night,P,N,N,Regular Season,1,4,1,Final,Final,3,Fenway Park,111,Boston Red Sox,BOS,6,True,147,New York Yankees,NYY,3,False,669224,Austin Wells,Austin,Wells,28,1999-07-12,26,"6' 1""",220,2,Catcher,L,Left,R,Right,1-3 | 2 K,,3,1,0,0,0,0,0,2,0,0,0,0,3,1,,,,,,,,,,
2026-06-25,824747,,/api/v1.1/game/824747/feed/live,R,2026,2026-06-25,,night,P,N,N,Regular Season,1,4,1,Final,Final,3,Fenway Park,111,Boston Red Sox,BOS,6,True,147,New York Yankees,NYY,3,False,700250,Ben Rice,Benjamin,Rice,22,1999-02-22,27,"6' 2""",228,3,First Base,L,Left,R,Right,0-5,,5,0,0,0,0,0,0,0,0,0,0,0,5,0,,,,,,,,,,
2026-06-25,824747,,/api/v1.1/game/824747/feed/live,R,2026,2026-06-25,,night,P,N,N,Regular Season,1,4,1,Final,Final,3,Fenway Park,111,Boston Red Sox,BOS,6,True,147,New York Yankees,NYY,3,False,687396,Brent Headrick,Brent,Headrick,47,1997-12-17,28,"6' 6""",235,1,Pitcher,L,Left,L,Left,,,,,,,,,,,,,,,,,,,,,,,,,,
2026-06-25,824747,,/api/v1.1/game/824747/feed/live,R,2026,2026-06-25,,night,P,N,N,Regular Season,1,4,1,Final,Final,3,Fenway Park,111,Boston Red Sox,BOS,6,True,147,New York Yankees,NYY,3,False,701542,Will Warren,William,Warren,29,1999-06-16,27,"6' 2""",200,1,Pitcher,R,Right,R,Right,,,,,,,,,,,,,,,,,,,,,,,,,,
2026-06-25,824747,,/api/v1.1/game/824747/feed/live,R,2026,2026-06-25,,night,P,N,N,Regular Season,1,4,1,Final,Final,3,Fenway Park,111,Boston Red Sox,BOS,6,True,147,New York Yankees,NYY,3,False,683011,Anthony Volpe,Anthony,Volpe,11,2001-04-28,25,"5' 10""",197,6,Shortstop,R,Right,R,Right,"0-3 | BB, 2 K",,3,0,0,0,0,0,0,2,1,0,0,0,4,0,,,,,,,,,,
2026-06-25,824747,,/api/v1.1/game/824747/feed/live,R,2026,2026-06-25,,night,P,N,N,Regular Season,1,4,1,Final,Final,3,Fenway Park,111,Boston Red Sox,BOS,6,True,147,New York Yankees,NYY,3,False,518585,Fernando Cruz,Fernando,Cruz,63,1990-03-28,36,"6' 2""",237,1,Pitcher,R,Right,R,Right,,,,,,,,,,,,,,,,,,,,,,,,,,
2026-06-25,824747,,/api/v1.1/game/824747/feed/live,R,2026,2026-06-25,,night,P,N,N,Regular Season,1,4,1,Final,Final,3,Fenway Park,111,Boston Red Sox,BOS,6,True,147,New York Yankees,NYY,3,False,641555,J.C. Escarra,Juan,Escarra,25,1995-04-24,31,"6' 2""",220,2,Catcher,L,Left,R,Right,,,,,,,,,,,,,,,,,,,,,,,,,,
2026-06-25,824747,,/api/v1.1/game/824747/feed/live,R,2026,2026-06-25,,night,P,N,N,Regular Season,1,4,1,Final,Final,3,Fenway Park,111,Boston Red Sox,BOS,6,True,147,New York Yankees,NYY,3,False,641355,Cody Bellinger,Cody,Bellinger,35,1995-07-13,30,"6' 3""",204,7,Outfielder,L,Left,L,Left,0-4 | 2 K,,4,0,0,0,0,0,0,2,0,0,0,0,4,0,,,,,,,,,,
2026-06-25,824747,,/api/v1.1/game/824747/feed/live,R,2026,2026-06-25,,night,P,N,N,Regular Season,1,4,1,Final,Final,3,Fenway Park,111,Boston Red Sox,BOS,6,True,147,New York Yankees,NYY,3,False,665862,Jazz Chisholm Jr.,Jasrado,Chisholm,13,1998-02-01,28,"5' 11""",184,4,Second Base,L,Left,R,Right,"1-3 | BB, R, SB",,3,1,0,0,0,0,1,0,1,1,0,0,4,1,,,,,,,,,,
2026-06-25,824747,,/api/v1.1/game/824747/feed/live,R,2026,2026-06-25,,night,P,N,N,Regular Season,1,4,1,Final,Final,3,Fenway Park,111,Boston Red Sox,BOS,6,True,147,New York Yankees,NYY,3,False,666808,Camilo Doval,Camilo,Doval,75,1997-07-04,28,"6' 2""",205,1,Pitcher,R,Right,R,Right,,,,,,,,,,,,,,,,,,,,,,,,,,
2026-06-25,824747,,/api/v1.1/game/824747/feed/live,R,2026,2026-06-25,,night,P,N,N,Regular Season,1,4,1,Final,Final,3,Fenway Park,111,Boston Red Sox,BOS,6,True,147,New York Yankees,NYY,3,False,660787,Yerry De los Santos,Yerry,De los Santos,73,1997-12-12,28,"6' 3""",230,1,Pitcher,R,Right,R,Right,"0.1 IP, 0 ER, 0 K, BB",,,,,,,,,,,,,,,,0.1,0,1,0,0,1,11,0,0,0
2026-06-25,824747,,/api/v1.1/game/824747/feed/live,R,2026,2026-06-25,,night,P,N,N,Regular Season,1,4,1,Final,Final,3,Fenway Park,111,Boston Red Sox,BOS,6,True,147,New York Yankees,NYY,3,False,670280,David Bednar,David,Bednar,53,1994-10-10,31,"6' 1""",250,1,Pitcher,L,Left,R,Right,,,,,,,,,,,,,,,,,,,,,,,,,,
2026-06-25,824747,,/api/v1.1/game/824747/feed/live,R,2026,2026-06-25,,night,P,N,N,Regular Season,1,4,1,Final,Final,3,Fenway Park,111,Boston Red Sox,BOS,6,True,147,New York Yankees,NYY,3,False,543037,Gerrit Cole,Gerrit,Cole,45,1990-09-08,35,"6' 4""",220,1,Pitcher,R,Right,R,Right,,,,,,,,,,,,,,,,,,,,,,,,,,
2026-06-25,824747,,/api/v1.1/game/824747/feed/live,R,2026,2026-06-25,,night,P,N,N,Regular Season,1,4,1,Final,Final,3,Fenway Park,111,Boston Red Sox,BOS,6,True,147,New York Yankees,NYY,3,False,693645,Cam Schlittler,Cameron,Schlittler,31,2001-02-05,25,"6' 6""",215,1,Pitcher,R,Right,R,Right,"5.0 IP, 0 ER, 9 K, 2 BB",,,,,,,,,,,,,,,,5.0,0,5,1,9,2,92,0,1,0
2026-06-25,823042,,/api/v1.1/game/823042/feed/live,R,2026,2026-07-23,,night,P,N,N,Regular Season,4,4,1,Final,Postponed,2889,Busch Stadium,138,St. Louis Cardinals,STL,,,109,Arizona Diamondbacks,AZ,,,700241,Michael McGreevy,Michael,McGreevy,36,2000-07-08,25,"6' 4""",220,1,Pitcher,L,Left,R,Right,,,,,,,,,,,,,,,,,,,,,,,,,,
2026-06-25,823042,,/api/v1.1/game/823042/feed/live,R,2026,2026-07-23,,night,P,N,N,Regular Season,4,4,1,Final,Postponed,2889,Busch Stadium,138,St. Louis Cardinals,STL,,,109,Arizona Diamondbacks,AZ,,,694335,Matt Svanson,Matthew,Svanson,49,1999-01-31,27,"6' 5""",235,1,Pitcher,R,Right,R,Right,,,,,,,,,,,,,,,,,,,,,,,,,,
2026-06-25,823042,,/api/v1.1/game/823042/feed/live,R,2026,2026-07-23,,night,P,N,N,Regular Season,4,4,1,Final,Postponed,2889,Busch Stadium,138,St. Louis Cardinals,STL,,,109,Arizona Diamondbacks,AZ,,,663494,Bryan Torres,Bryan,Torres,39,1997-07-02,28,"5' 7""",165,7,Outfielder,L,Left,R,Right,,,,,,,,,,,,,,,,,,,,,,,,,,
2026-06-25,823042,,/api/v1.1/game/823042/feed/live,R,2026,2026-07-23,,night,P,N,N,Regular Season,4,4,1,Final,Postponed,2889,Busch Stadium,138,St. Louis Cardinals,STL,,,109,Arizona Diamondbacks,AZ,,,691023,Jordan Walker,Jordan,Walker,18,2002-05-22,24,"6' 6""",250,9,Outfielder,R,Right,R,Right,,,,,,,,,,,,,,,,,,,,,,,,,,
2026-06-25,823042,,/api/v1.1/game/823042/feed/live,R,2026,2026-07-23,,night,P,N,N,Regular Season,4,4,1,Final,Postponed,2889,Busch Stadium,138,St. Louis Cardinals,STL,,,109,Arizona Diamondbacks,AZ,,,701675,Nathan Church,Nathan,Church,27,2000-07-12,25,"5' 10""",180,7,Outfielder,L,Left,L,Left,,,,,,,,,,,,,,,,,,,,,,,,,,
2026-06-25,823042,,/api/v1.1/game/823042/feed/live,R,2026,2026-07-23,,night,P,N,N,Regular Season,4,4,1,Final,Postponed,2889,Busch Stadium,138,St. Louis Cardinals,STL,,,109,Arizona Diamondbacks,AZ,,,681517,Kyle Leahy,Kyle,Leahy,62,1997-06-04,29,"6' 5""",225,1,Pitcher,S,Switch,R,Right,,,,,,,,,,,,,,,,,,,,,,,,,,
2026-06-25,823042,,/api/v1.1/game/823042/feed/live,R,2026,2026-07-23,,night,P,N,N,Regular Season,4,4,1,Final,Postponed,2889,Busch Stadium,138,St. Louis Cardinals,STL,,,109,Arizona Diamondbacks,AZ,,,663457,Lars Nootbaar,Lars,Nootbaar,21,1997-09-08,28,"6' 1""",205,7,Outfielder,L,Left,R,Right,,,,,,,,,,,,,,,,,,,,,,,,,,
2026-06-25,823042,,/api/v1.1/game/823042/feed/live,R,2026,2026-07-23,,night,P,N,N,Regular Season,4,4,1,Final,Postponed,2889,Busch Stadium,138,St. Louis Cardinals,STL,,,109,Arizona Diamondbacks,AZ,,,665877,José Fermín,José,Fermín,15,1999-03-29,27,"5' 10""",198,7,Outfielder,R,Right,R,Right,,,,,,,,,,,,,,,,,,,,,,,,,,
2026-06-25,823042,,/api/v1.1/game/823042/feed/live,R,2026,2026-07-23,,night,P,N,N,Regular Season,4,4,1,Final,Postponed,2889,Busch Stadium,138,St. Louis Cardinals,STL,,,109,Arizona Diamondbacks,AZ,,,700669,Gordon Graceffo,Gordon,Graceffo,44,2000-03-17,26,"6' 4""",220,1,Pitcher,R,Right,R,Right,,,,,,,,,,,,,,,,,,,,,,,,,,
2026-06-25,823042,,/api/v1.1/game/823042/feed/live,R,2026,2026-07-23,,night,P,N,N,Regular Season,4,4,1,Final,Postponed,2889,Busch Stadium,138,St. Louis Cardinals,STL,,,109,Arizona Diamondbacks,AZ,,,668941,JoJo Romero,Joseph,Romero,59,1996-09-09,29,"5' 11""",215,1,Pitcher,L,Left,L,Left,,,,,,,,,,,,,,,,,,,,,,,,,,
2026-06-25,823042,,/api/v1.1/game/823042/feed/live,R,2026,2026-07-23,,night,P,N,N,Regular Season,4,4,1,Final,Postponed,2889,Busch Stadium,138,St. Louis Cardinals,STL,,,109,Arizona Diamondbacks,AZ,,,802139,JJ Wetherholt,Jonathan,Wetherholt,26,2002-09-10,23,"5' 9""",190,4,Second Base,L,Left,R,Right,,,,,,,,,,,,,,,,,,,,,,,,,,
2026-06-25,823042,,/api/v1.1/game/823042/feed/live,R,2026,2026-07-23,,night,P,N,N,Regular Season,4,4,1,Final,Postponed,2889,Busch Stadium,138,St. Louis Cardinals,STL,,,109,Arizona Diamondbacks,AZ,,,677865,Justin Bruihl,Justin,Bruihl,47,1997-06-26,29,"6' 2""",215,1,Pitcher,L,Left,L,Left,,,,,,,,,,,,,,,,,,,,,,,,,,
2026-06-25,823042,,/api/v1.1/game/823042/feed/live,R,2026,2026-07-23,,night,P,N,N,Regular Season,4,4,1,Final,Postponed,2889,Busch Stadium,138,St. Louis Cardinals,STL,,,109,Arizona Diamondbacks,AZ,,,691458,Blaze Jordan,Blaze,Jordan,33,2002-12-19,23,"6' 1""",220,5,Third Base,R,Right,R,Right,,,,,,,,,,,,,,,,,,,,,,,,,,
2026-06-25,823042,,/api/v1.1/game/823042/feed/live,R,2026,2026-07-23,,night,P,N,N,Regular Season,4,4,1,Final,Postponed,2889,Busch Stadium,138,St. Louis Cardinals,STL,,,109,Arizona Diamondbacks,AZ,,,676475,Alec Burleson,Alec,Burleson,41,1998-11-25,27,"6' 0""",225,3,First Base,L,Left,L,Left,,,,,,,,,,,,,,,,,,,,,,,,,,
2026-06-25,823042,,/api/v1.1/game/823042/feed/live,R,2026,2026-07-23,,night,P,N,N,Regular Season,4,4,1,Final,Postponed,2889,Busch Stadium,138,St. Louis Cardinals,STL,,,109,Arizona Diamondbacks,AZ,,,676617,Riley O'Brien,Riley,O'Brien,61,1995-02-06,31,"6' 4""",180,1,Pitcher,R,Right,R,Right,,,,,,,,,,,,,,,,,,,,,,,,,,
2026-06-25,823042,,/api/v1.1/game/823042/feed/live,R,2026,2026-07-23,,night,P,N,N,Regular Season,4,4,1,Final,Postponed,2889,Busch Stadium,138,St. Louis Cardinals,STL,,,109,Arizona Diamondbacks,AZ,,,669467,Andre Pallante,Neil,Pallante,53,1998-09-18,27,"6' 0""",215,1,Pitcher,R,Right,R,Right,,,,,,,,,,,,,,,,,,,,,,,,,,
2026-06-25,823042,,/api/v1.1/game/823042/feed/live,R,2026,2026-07-23,,night,P,N,N,Regular Season,4,4,1,Final,Postponed,2889,Busch Stadium,138,St. Louis Cardinals,STL,,,109,Arizona Diamondbacks,AZ,,,666277,George Soriano,George,Soriano,65,1999-03-24,27,"6' 2""",210,1,Pitcher,R,Right,R,Right,,,,,,,,,,,,,,,,,,,,,,,,,,
2026-06-25,823042,,/api/v1.1/game/823042/feed/live,R,2026,2026-07-23,,night,P,N,N,Regular Season,4,4,1,Final,Postponed,2889,Busch Stadium,138,St. Louis Cardinals,STL,,,109,Arizona Diamondbacks,AZ,,,669461,Matthew Liberatore,Matthew,Liberatore,32,1999-11-06,26,"6' 4""",215,1,Pitcher,L,Left,L,Left,,,,,,,,,,,,,,,,,,,,,,,,,,
2026-06-25,823042,,/api/v1.1/game/823042/feed/live,R,2026,2026-07-23,,night,P,N,N,Regular Season,4,4,1,Final,Postponed,2889,Busch Stadium,138,St. Louis Cardinals,STL,,,109,Arizona Diamondbacks,AZ,,,686780,Pedro Pagés,Pedro,Pagés,43,1998-09-17,27,"5' 11""",245,2,Catcher,R,Right,R,Right,,,,,,,,,,,,,,,,,,,,,,,,,,
2026-06-25,823042,,/api/v1.1/game/823042/feed/live,R,2026,2026-07-23,,night,P,N,N,Regular Season,4,4,1,Final,Postponed,2889,Busch Stadium,138,St. Louis Cardinals,STL,,,109,Arizona Diamondbacks,AZ,,,592773,Ryne Stanek,Ryne,Stanek,55,1991-07-26,34,"6' 4""",226,1,Pitcher,R,Right,R,Right,,,,,,,,,,,,,,,,,,,,,,,,,,
2026-06-25,823042,,/api/v1.1/game/823042/feed/live,R,2026,2026-07-23,,night,P,N,N,Regular Season,4,4,1,Final,Postponed,2889,Busch Stadium,138,St. Louis Cardinals,STL,,,109,Arizona Diamondbacks,AZ,,,691008,Max Rajcic,Maxwel,Rajcic,71,2001-08-03,24,"6' 0""",240,1,Pitcher,R,Right,R,Right,,,,,,,,,,,,,,,,,,,,,,,,,,
2026-06-25,823042,,/api/v1.1/game/823042/feed/live,R,2026,2026-07-23,,night,P,N,N,Regular Season,4,4,1,Final,Postponed,2889,Busch Stadium,138,St. Louis Cardinals,STL,,,109,Arizona Diamondbacks,AZ,,,669160,Dustin May,Dustin,May,3,1997-09-06,28,"6' 6""",180,1,Pitcher,R,Right,R,Right,,,,,,,,,,,,,,,,,,,,,,,,,,
2026-06-25,823042,,/api/v1.1/game/823042/feed/live,R,2026,2026-07-23,,night,P,N,N,Regular Season,4,4,1,Final,Postponed,2889,Busch Stadium,138,St. Louis Cardinals,STL,,,109,Arizona Diamondbacks,AZ,,,691026,Masyn Winn,Masyn,Winn,0,2002-03-21,24,"5' 9""",185,6,Shortstop,R,Right,R,Right,,,,,,,,,,,,,,,,,,,,,,,,,,
2026-06-25,823042,,/api/v1.1/game/823042/feed/live,R,2026,2026-07-23,,night,P,N,N,Regular Season,4,4,1,Final,Postponed,2889,Busch Stadium,138,St. Louis Cardinals,STL,,,109,Arizona Diamondbacks,AZ,,,671056,Iván Herrera,Ivan,Herrera,48,2000-06-01,26,"5' 11""",220,10,Designated Hitter,R,Right,R,Right,,,,,,,,,,,,,,,,,,,,,,,,,,
2026-06-25,823042,,/api/v1.1/game/823042/feed/live,R,2026,2026-07-23,,night,P,N,N,Regular Season,4,4,1,Final,Postponed,2889,Busch Stadium,138,St. Louis Cardinals,STL,,,109,Arizona Diamondbacks,AZ,,,699625,Jimmy Crooks,James,Crooks,8,2001-07-19,24,"6' 0""",230,2,Catcher,L,Left,R,Right,,,,,,,,,,,,,,,,,,,,,,,,,,
2026-06-25,823042,,/api/v1.1/game/823042/feed/live,R,2026,2026-07-23,,night,P,N,N,Regular Season,4,4,1,Final,Postponed,2889,Busch Stadium,138,St. Louis Cardinals,STL,,,109,Arizona Diamondbacks,AZ,,,676369,Nelson Velázquez,Nelson,Velázquez,38,1998-12-26,27,"5' 11""",190,7,Outfielder,R,Right,R,Right,,,,,,,,,,,,,,,,,,,,,,,,,,
2026-06-25,823042,,/api/v1.1/game/823042/feed/live,R,2026,2026-07-23,,night,P,N,N,Regular Season,4,4,1,Final,Postponed,2889,Busch Stadium,138,St. Louis Cardinals,STL,,,109,Arizona Diamondbacks,AZ,,,593958,Eduardo Rodriguez,Eduardo,Rodriguez,57,1993-04-07,33,"6' 2""",231,1,Pitcher,L,Left,L,Left,,,,,,,,,,,,,,,,,,,,,,,,,,
2026-06-25,823042,,/api/v1.1/game/823042/feed/live,R,2026,2026-07-23,,night,P,N,N,Regular Season,4,4,1,Final,Postponed,2889,Busch Stadium,138,St. Louis Cardinals,STL,,,109,Arizona Diamondbacks,AZ,,,694410,LuJames Groover,LuJames,Groover,16,2002-04-16,24,"6' 2""",212,3,First Base,R,Right,R,Right,,,,,,,,,,,,,,,,,,,,,,,,,,
2026-06-25,823042,,/api/v1.1/game/823042/feed/live,R,2026,2026-07-23,,night,P,N,N,Regular Season,4,4,1,Final,Postponed,2889,Busch Stadium,138,St. Louis Cardinals,STL,,,109,Arizona Diamondbacks,AZ,,,666661,Juan Morillo,Juan,Morillo,62,1999-03-19,27,"6' 1""",150,1,Pitcher,R,Right,R,Right,,,,,,,,,,,,,,,,,,,,,,,,,,
2026-06-25,823042,,/api/v1.1/game/823042/feed/live,R,2026,2026-07-23,,night,P,N,N,Regular Season,4,4,1,Final,Postponed,2889,Busch Stadium,138,St. Louis Cardinals,STL,,,109,Arizona Diamondbacks,AZ,,,680728,Adrian Del Castillo,Adrian,Del Castillo,25,1999-09-27,26,"5' 9""",208,10,Designated Hitter,L,Left,R,Right,,,,,,,,,,,,,,,,,,,,,,,,,,
2026-06-25,823042,,/api/v1.1/game/823042/feed/live,R,2026,2026-07-23,,night,P,N,N,Regular Season,4,4,1,Final,Postponed,2889,Busch Stadium,138,St. Louis Cardinals,STL,,,109,Arizona Diamondbacks,AZ,,,571448,Nolan Arenado,Nolan,Arenado,28,1991-04-16,35,"6' 2""",215,5,Third Base,R,Right,R,Right,,,,,,,,,,,,,,,,,,,,,,,,,,
2026-06-25,823042,,/api/v1.1/game/823042/feed/live,R,2026,2026-07-23,,night,P,N,N,Regular Season,4,4,1,Final,Postponed,2889,Busch Stadium,138,St. Louis Cardinals,STL,,,109,Arizona Diamondbacks,AZ,,,694371,Tommy Troy,Thomas,Troy,9,2002-01-17,24,"5' 9""",197,7,Outfielder,R,Right,R,Right,,,,,,,,,,,,,,,,,,,,,,,,,,
2026-06-25,823042,,/api/v1.1/game/823042/feed/live,R,2026,2026-07-23,,night,P,N,N,Regular Season,4,4,1,Final,Postponed,2889,Busch Stadium,138,St. Louis Cardinals,STL,,,109,Arizona Diamondbacks,AZ,,,686753,Drey Jameson,Drey,Jameson,99,1997-08-17,28,"6' 0""",165,1,Pitcher,R,Right,R,Right,,,,,,,,,,,,,,,,,,,,,,,,,,
2026-06-25,823042,,/api/v1.1/game/823042/feed/live,R,2026,2026-07-23,,night,P,N,N,Regular Season,4,4,1,Final,Postponed,2889,Busch Stadium,138,St. Louis Cardinals,STL,,,109,Arizona Diamondbacks,AZ,,,518876,Merrill Kelly,Kenneth,Kelly,29,1988-10-14,37,"6' 2""",202,1,Pitcher,R,Right,R,Right,,,,,,,,,,,,,,,,,,,,,,,,,,
2026-06-25,823042,,/api/v1.1/game/823042/feed/live,R,2026,2026-07-23,,night,P,N,N,Regular Season,4,4,1,Final,Postponed,2889,Busch Stadium,138,St. Louis Cardinals,STL,,,109,Arizona Diamondbacks,AZ,,,703615,Jose Cabrera,Jose,Cabrera,53,2002-05-30,24,"6' 3""",190,1,Pitcher,R,Right,R,Right,,,,,,,,,,,,,,,,,,,,,,,,,,
2026-06-25,823042,,/api/v1.1/game/823042/feed/live,R,2026,2026-07-23,,night,P,N,N,Regular Season,4,4,1,Final,Postponed,2889,Busch Stadium,138,St. Louis Cardinals,STL,,,109,Arizona Diamondbacks,AZ,,,656464,Kevin Ginkel,Kevin,Ginkel,37,1994-03-24,32,"6' 4""",235,1,Pitcher,L,Left,R,Right,,,,,,,,,,,,,,,,,,,,,,,,,,
2026-06-25,823042,,/api/v1.1/game/823042/feed/live,R,2026,2026-07-23,,night,P,N,N,Regular Season,4,4,1,Final,Postponed,2889,Busch Stadium,138,St. Louis Cardinals,STL,,,109,Arizona Diamondbacks,AZ,,,606466,Ketel Marte,Ketel,Marte,4,1993-10-12,32,"6' 0""",210,4,Second Base,S,Switch,R,Right,,,,,,,,,,,,,,,,,,,,,,,,,,
2026-06-25,823042,,/api/v1.1/game/823042/feed/live,R,2026,2026-07-23,,night,P,N,N,Regular Season,4,4,1,Final,Postponed,2889,Busch Stadium,138,St. Louis Cardinals,STL,,,109,Arizona Diamondbacks,AZ,,,642528,Jonathan Loáisiga,Jonathan,Loáisiga,43,1994-11-02,31,"5' 11""",195,1,Pitcher,R,Right,R,Right,,,,,,,,,,,,,,,,,,,,,,,,,,
2026-06-25,823042,,/api/v1.1/game/823042/feed/live,R,2026,2026-07-23,,night,P,N,N,Regular Season,4,4,1,Final,Postponed,2889,Busch Stadium,138,St. Louis Cardinals,STL,,,109,Arizona Diamondbacks,AZ,,,545121,Ildemaro Vargas,Ildemaro,Vargas,6,1991-07-16,34,"5' 11""",202,3,First Base,S,Switch,R,Right,,,,,,,,,,,,,,,,,,,,,,,,,,
2026-06-25,823042,,/api/v1.1/game/823042/feed/live,R,2026,2026-07-23,,night,P,N,N,Regular Season,4,4,1,Final,Postponed,2889,Busch Stadium,138,St. Louis Cardinals,STL,,,109,Arizona Diamondbacks,AZ,,,672695,Geraldo Perdomo,Geraldo,Perdomo,2,1999-10-22,26,"6' 2""",203,6,Shortstop,S,Switch,R,Right,,,,,,,,,,,,,,,,,,,,,,,,,,
2026-06-25,823042,,/api/v1.1/game/823042/feed/live,R,2026,2026-07-23,,night,P,N,N,Regular Season,4,4,1,Final,Postponed,2889,Busch Stadium,138,St. Louis Cardinals,STL,,,109,Arizona Diamondbacks,AZ,,,623149,Paul Sewald,Paul,Sewald,38,1990-05-26,36,"6' 3""",219,1,Pitcher,R,Right,R,Right,,,,,,,,,,,,,,,,,,,,,,,,,,
2026-06-25,823042,,/api/v1.1/game/823042/feed/live,R,2026,2026-07-23,,night,P,N,N,Regular Season,4,4,1,Final,Postponed,2889,Busch Stadium,138,St. Louis Cardinals,STL,,,109,Arizona Diamondbacks,AZ,,,672515,Gabriel Moreno,Gabriel,Moreno,14,2000-02-14,26,"5' 9""",195,2,Catcher,R,Right,R,Right,,,,,,,,,,,,,,,,,,,,,,,,,,
2026-06-25,823042,,/api/v1.1/game/823042/feed/live,R,2026,2026-07-23,,night,P,N,N,Regular Season,4,4,1,Final,Postponed,2889,Busch Stadium,138,St. Louis Cardinals,STL,,,109,Arizona Diamondbacks,AZ,,,682998,Corbin Carroll,Corbin,Carroll,7,2000-08-21,25,"5' 10""",165,9,Outfielder,L,Left,L,Left,,,,,,,,,,,,,,,,,,,,,,,,,,
2026-06-25,823042,,/api/v1.1/game/823042/feed/live,R,2026,2026-07-23,,night,P,N,N,Regular Season,4,4,1,Final,Postponed,2889,Busch Stadium,138,St. Louis Cardinals,STL,,,109,Arizona Diamondbacks,AZ,,,664199,Taylor Clarke,Taylor,Clarke,45,1993-05-13,33,"6' 3""",210,1,Pitcher,R,Right,R,Right,,,,,,,,,,,,,,,,,,,,,,,,,,
2026-06-25,823042,,/api/v1.1/game/823042/feed/live,R,2026,2026-07-23,,night,P,N,N,Regular Season,4,4,1,Final,Postponed,2889,Busch Stadium,138,St. Louis Cardinals,STL,,,109,Arizona Diamondbacks,AZ,,,668678,Zac Gallen,Zachary,Gallen,23,1995-08-03,30,"6' 2""",189,1,Pitcher,R,Right,R,Right,,,,,,,,,,,,,,,,,,,,,,,,,,
2026-06-25,823042,,/api/v1.1/game/823042/feed/live,R,2026,2026-07-23,,night,P,N,N,Regular Season,4,4,1,Final,Postponed,2889,Busch Stadium,138,St. Louis Cardinals,STL,,,109,Arizona Diamondbacks,AZ,,,666971,Lourdes Gurriel Jr.,Lourdes,Gurriel,12,1993-10-10,32,"6' 3""",215,7,Outfielder,R,Right,R,Right,,,,,,,,,,,,,,,,,,,,,,,,,,
2026-06-25,823042,,/api/v1.1/game/823042/feed/live,R,2026,2026-07-23,,night,P,N,N,Regular Season,4,4,1,Final,Postponed,2889,Busch Stadium,138,St. Louis Cardinals,STL,,,109,Arizona Diamondbacks,AZ,,,686228,Juan Burgos,Juan,Burgos,52,1999-12-22,26,"6' 0""",185,1,Pitcher,R,Right,R,Right,,,,,,,,,,,,,,,,,,,,,,,,,,
2026-06-25,823042,,/api/v1.1/game/823042/feed/live,R,2026,2026-07-23,,night,P,N,N,Regular Season,4,4,1,Final,Postponed,2889,Busch Stadium,138,St. Louis Cardinals,STL,,,109,Arizona Diamondbacks,AZ,,,657044,Ryan Thompson,Ryan,Thompson,81,1992-06-26,34,"6' 5""",210,1,Pitcher,R,Right,R,Right,,,,,,,,,,,,,,,,,,,,,,,,,,
2026-06-25,823042,,/api/v1.1/game/823042/feed/live,R,2026,2026-07-23,,night,P,N,N,Regular Season,4,4,1,Final,Postponed,2889,Busch Stadium,138,St. Louis Cardinals,STL,,,109,Arizona Diamondbacks,AZ,,,596146,Max Kepler,Maximilian,Kepler,22,1993-02-10,33,"6' 4""",225,7,Outfielder,L,Left,L,Left,,,,,,,,,,,,,,,,,,,,,,,,,,
2026-06-25,823042,,/api/v1.1/game/823042/feed/live,R,2026,2026-07-23,,night,P,N,N,Regular Season,4,4,1,Final,Postponed,2889,Busch Stadium,138,St. Louis Cardinals,STL,,,109,Arizona Diamondbacks,AZ,,,805299,Brandyn Garcia,Brandyn,Garcia,55,2000-05-27,26,"6' 4""",235,1,Pitcher,L,Left,L,Left,,,,,,,,,,,,,,,,,,,,,,,,,,
2026-06-25,823042,,/api/v1.1/game/823042/feed/live,R,2026,2026-07-23,,night,P,N,N,Regular Season,4,4,1,Final,Postponed,2889,Busch Stadium,138,St. Louis Cardinals,STL,,,109,Arizona Diamondbacks,AZ,,,656976,Pavin Smith,Pavin,Smith,26,1996-02-06,30,"6' 2""",208,10,Designated Hitter,L,Left,L,Left,,,,,,,,,,,,,,,,,,,,,,,,,,
2026-06-25,823042,,/api/v1.1/game/823042/feed/live,R,2026,2026-07-23,,night,P,N,N,Regular Season,4,4,1,Final,Postponed,2889,Busch Stadium,138,St. Louis Cardinals,STL,,,109,Arizona Diamondbacks,AZ,,,678489,Jorge Barrosa,Jorge,Barrosa,1,2001-02-17,25,"5' 6""",165,8,Outfielder,S,Switch,L,Left,,,,,,,,,,,,,,,,,,,,,,,,,,
