gameDate,gamePk,gameGuid,link,gameType,season,officialDate,description,dayNight,gamedayType,doubleHeader,tiebreaker,seriesDescription,seriesGameNumber,gamesInSeries,gameNumber,status_abstractGameState,status_detailedState,venue_id,venue_name,home_team_id,home_team_name,home_team_abbreviation,home_score,home_isWinner,away_team_id,away_team_name,away_team_abbreviation,away_score,away_isWinner,playerId,fullName,firstName,lastName,primaryNumber,birthDate,currentAge,height,weight,primaryPosition_code,primaryPosition_name,batSide_code,batSide_description,pitchHand_code,pitchHand_description,gameLogSummary,note,atBats,hits,doubles,triples,homeRuns,rbi,runs,strikeOuts,baseOnBalls,stolenBases,caughtStealing,groundIntoDoublePlay,plateAppearances,totalBases,inningsPitched,earnedRuns,hitsAllowed,homeRunsAllowed,strikeOutsPitching,baseOnBallsPitching,pitchesThrown,wins,losses,saves
2026-06-28,824821,,/api/v1.1/game/824821/feed/live,R,2026,2026-06-28,,day,P,N,N,Regular Season,3,3,1,Final,Final,2,Oriole Park at Camden Yards,110,Baltimore Orioles,BAL,4,False,120,Washington Nationals,WSH,6,True,644433,Chadwick Tromp,Chadwick,Tromp,41,1995-03-21,31,"5' 8""",221,2,Catcher,R,Right,R,Right,,,,,,,,,,,,,,,,,,,,,,,,,,
2026-06-28,824821,,/api/v1.1/game/824821/feed/live,R,2026,2026-06-28,,day,P,N,N,Regular Season,3,3,1,Final,Final,2,Oriole Park at Camden Yards,110,Baltimore Orioles,BAL,4,False,120,Washington Nationals,WSH,6,True,669211,Keegan Akin,Keegan,Akin,45,1995-04-01,31,"6' 0""",235,1,Pitcher,L,Left,L,Left,,,,,,,,,,,,,,,,,,,,,,,,,,
2026-06-28,824821,,/api/v1.1/game/824821/feed/live,R,2026,2026-06-28,,day,P,N,N,Regular Season,3,3,1,Final,Final,2,Oriole Park at Camden Yards,110,Baltimore Orioles,BAL,4,False,120,Washington Nationals,WSH,6,True,694212,Samuel Basallo,Samuel,Basallo,29,2004-08-13,21,"6' 4""",250,2,Catcher,L,Left,R,Right,0-3,,3,0,0,0,0,0,0,0,0,0,0,0,3,0,,,,,,,,,,
2026-06-28,824821,,/api/v1.1/game/824821/feed/live,R,2026,2026-06-28,,day,P,N,N,Regular Season,3,3,1,Final,Final,2,Oriole Park at Camden Yards,110,Baltimore Orioles,BAL,4,False,120,Washington Nationals,WSH,6,True,669432,Trevor Rogers,Trevor,Rogers,28,1997-11-13,28,"6' 5""",230,1,Pitcher,L,Left,L,Left,,,,,,,,,,,,,,,,,,,,,,,,,,
2026-06-28,824821,,/api/v1.1/game/824821/feed/live,R,2026,2026-06-28,,day,P,N,N,Regular Season,3,3,1,Final,Final,2,Oriole Park at Camden Yards,110,Baltimore Orioles,BAL,4,False,120,Washington Nationals,WSH,6,True,669330,Tyler Wells,Tyler,Wells,68,1994-08-26,31,"6' 8""",270,1,Pitcher,R,Right,R,Right,"1.0 IP, ER, K, 0 BB",,,,,,,,,,,,,,,,1.0,1,2,1,1,0,16,0,0,0
2026-06-28,824821,,/api/v1.1/game/824821/feed/live,R,2026,2026-06-28,,day,P,N,N,Regular Season,3,3,1,Final,Final,2,Oriole Park at Camden Yards,110,Baltimore Orioles,BAL,4,False,120,Washington Nationals,WSH,6,True,670329,Rico Garcia,Joshua,Garcia,50,1994-01-10,32,"5' 9""",215,1,Pitcher,R,Right,R,Right,,,,,,,,,,,,,,,,,,,,,,,,,,
2026-06-28,824821,,/api/v1.1/game/824821/feed/live,R,2026,2026-06-28,,day,P,N,N,Regular Season,3,3,1,Final,Final,2,Oriole Park at Camden Yards,110,Baltimore Orioles,BAL,4,False,120,Washington Nationals,WSH,6,True,687064,Brandon Young,Brandon,Young,63,1998-08-19,27,"6' 6""",230,1,Pitcher,R,Right,R,Right,,,,,,,,,,,,,,,,,,,,,,,,,,
2026-06-28,824821,,/api/v1.1/game/824821/feed/live,R,2026,2026-06-28,,day,P,N,N,Regular Season,3,3,1,Final,Final,2,Oriole Park at Camden Yards,110,Baltimore Orioles,BAL,4,False,120,Washington Nationals,WSH,6,True,683002,Gunnar Henderson,Gunnar,Henderson,2,2001-06-29,25,"6' 3""",230,6,Shortstop,L,Left,R,Right,0-4,,4,0,0,0,0,0,0,0,0,0,0,0,4,0,,,,,,,,,,
2026-06-28,824821,,/api/v1.1/game/824821/feed/live,R,2026,2026-06-28,,day,P,N,N,Regular Season,3,3,1,Final,Final,2,Oriole Park at Camden Yards,110,Baltimore Orioles,BAL,4,False,120,Washington Nationals,WSH,6,True,665750,Leody Taveras,Leody,Taveras,30,1998-09-08,27,"6' 2""",210,8,Outfielder,S,Switch,R,Right,0-1,,1,0,0,0,0,0,0,0,0,0,0,1,1,0,,,,,,,,,,
2026-06-28,824821,,/api/v1.1/game/824821/feed/live,R,2026,2026-06-28,,day,P,N,N,Regular Season,3,3,1,Final,Final,2,Oriole Park at Camden Yards,110,Baltimore Orioles,BAL,4,False,120,Washington Nationals,WSH,6,True,621493,Taylor Ward,Joseph,Ward,3,1993-12-14,32,"6' 0""",205,7,Outfielder,R,Right,R,Right,"0-3 | BB, K",,3,0,0,0,0,0,0,1,1,0,0,0,4,0,,,,,,,,,,
2026-06-28,824821,,/api/v1.1/game/824821/feed/live,R,2026,2026-06-28,,day,P,N,N,Regular Season,3,3,1,Final,Final,2,Oriole Park at Camden Yards,110,Baltimore Orioles,BAL,4,False,120,Washington Nationals,WSH,6,True,669358,Shane Baz,Shane,Baz,34,1999-06-17,27,"6' 3""",200,1,Pitcher,R,Right,R,Right,,,,,,,,,,,,,,,,,,,,,,,,,,
2026-06-28,824821,,/api/v1.1/game/824821/feed/live,R,2026,2026-06-28,,day,P,N,N,Regular Season,3,3,1,Final,Final,2,Oriole Park at Camden Yards,110,Baltimore Orioles,BAL,4,False,120,Washington Nationals,WSH,6,True,680694,Kyle Bradish,Kyle,Bradish,38,1996-09-12,29,"6' 3""",215,1,Pitcher,R,Right,R,Right,"4.0 IP, 3 ER, 2 K, 5 BB",,,,,,,,,,,,,,,,4.0,3,1,0,2,5,85,0,1,0
2026-06-28,824821,,/api/v1.1/game/824821/feed/live,R,2026,2026-06-28,,day,P,N,N,Regular Season,3,3,1,Final,Final,2,Oriole Park at Camden Yards,110,Baltimore Orioles,BAL,4,False,120,Washington Nationals,WSH,6,True,544150,Albert Suárez,Albert,Suárez,49,1989-10-08,36,"6' 3""",235,1,Pitcher,R,Right,R,Right,"3.0 IP, ER, 2 K, 0 BB",,,,,,,,,,,,,,,,3.0,1,3,1,2,0,37,0,0,0
2026-06-28,824821,,/api/v1.1/game/824821/feed/live,R,2026,2026-06-28,,day,P,N,N,Regular Season,3,3,1,Final,Final,2,Oriole Park at Camden Yards,110,Baltimore Orioles,BAL,4,False,120,Washington Nationals,WSH,6,True,687637,Dylan Beavers,Dylan,Beavers,12,2001-08-11,24,"6' 5""",220,9,Outfielder,L,Left,R,Right,"0-2 | BB, 2 K",,2,0,0,0,0,0,0,2,1,0,0,0,3,0,,,,,,,,,,
2026-06-28,824821,,/api/v1.1/game/824821/feed/live,R,2026,2026-06-28,,day,P,N,N,Regular Season,3,3,1,Final,Final,2,Oriole Park at Camden Yards,110,Baltimore Orioles,BAL,4,False,120,Washington Nationals,WSH,6,True,668939,Adley Rutschman,Adley,Rutschman,35,1998-02-06,28,"6' 1""",230,2,Catcher,S,Switch,R,Right,"1-3 | BB, R",,3,1,0,0,0,0,1,0,1,0,0,0,4,1,,,,,,,,,,
2026-06-28,824821,,/api/v1.1/game/824821/feed/live,R,2026,2026-06-28,,day,P,N,N,Regular Season,3,3,1,Final,Final,2,Oriole Park at Camden Yards,110,Baltimore Orioles,BAL,4,False,120,Washington Nationals,WSH,6,True,641933,Tyler O'Neill,Tyler,O'Neill,9,1995-06-22,31,"5' 9""",200,9,Outfielder,R,Right,R,Right,0-1,,1,0,0,0,0,0,0,0,0,0,0,0,1,0,,,,,,,,,,
2026-06-28,824821,,/api/v1.1/game/824821/feed/live,R,2026,2026-06-28,,day,P,N,N,Regular Season,3,3,1,Final,Final,2,Oriole Park at Camden Yards,110,Baltimore Orioles,BAL,4,False,120,Washington Nationals,WSH,6,True,677942,Blaze Alexander,Blaze,Alexander,23,1999-06-11,27,"5' 11""",200,5,Third Base,R,Right,R,Right,0-1,,1,0,0,0,0,0,0,0,0,0,0,0,1,0,,,,,,,,,,
2026-06-28,824821,,/api/v1.1/game/824821/feed/live,R,2026,2026-06-28,,day,P,N,N,Regular Season,3,3,1,Final,Final,2,Oriole Park at Camden Yards,110,Baltimore Orioles,BAL,4,False,120,Washington Nationals,WSH,6,True,694346,Trey Gibson,Richard,Gibson,43,2002-05-18,24,"6' 5""",240,1,Pitcher,R,Right,R,Right,,,,,,,,,,,,,,,,,,,,,,,,,,
2026-06-28,824821,,/api/v1.1/game/824821/feed/live,R,2026,2026-06-28,,day,P,N,N,Regular Season,3,3,1,Final,Final,2,Oriole Park at Camden Yards,110,Baltimore Orioles,BAL,4,False,120,Washington Nationals,WSH,6,True,624413,Pete Alonso,Peter,Alonso,25,1994-12-07,31,"6' 3""",245,3,First Base,R,Right,R,Right,"1-4 | HR, K, 2 RBI",,4,1,0,0,1,2,1,1,0,0,0,0,4,4,,,,,,,,,,
2026-06-28,824821,,/api/v1.1/game/824821/feed/live,R,2026,2026-06-28,,day,P,N,N,Regular Season,3,3,1,Final,Final,2,Oriole Park at Camden Yards,110,Baltimore Orioles,BAL,4,False,120,Washington Nationals,WSH,6,True,702616,Jackson Holliday,Jackson,Holliday,7,2003-12-04,22,"5' 11""",200,4,Second Base,L,Left,R,Right,"1-3 | HR, 2 RBI, R",,3,1,0,0,1,2,1,0,0,0,0,0,3,4,,,,,,,,,,
2026-06-28,824821,,/api/v1.1/game/824821/feed/live,R,2026,2026-06-28,,day,P,N,N,Regular Season,3,3,1,Final,Final,2,Oriole Park at Camden Yards,110,Baltimore Orioles,BAL,4,False,120,Washington Nationals,WSH,6,True,664854,Ryan Helsley,Ryan,Helsley,21,1994-07-18,31,"6' 2""",235,1,Pitcher,R,Right,R,Right,,,,,,,,,,,,,,,,,,,,,,,,,,
2026-06-28,824821,,/api/v1.1/game/824821/feed/live,R,2026,2026-06-28,,day,P,N,N,Regular Season,3,3,1,Final,Final,2,Oriole Park at Camden Yards,110,Baltimore Orioles,BAL,4,False,120,Washington Nationals,WSH,6,True,552640,Andrew Kittredge,Andrew,Kittredge,39,1990-03-17,36,"6' 1""",235,1,Pitcher,R,Right,R,Right,,,,,,,,,,,,,,,,,,,,,,,,,,
2026-06-28,824821,,/api/v1.1/game/824821/feed/live,R,2026,2026-06-28,,day,P,N,N,Regular Season,3,3,1,Final,Final,2,Oriole Park at Camden Yards,110,Baltimore Orioles,BAL,4,False,120,Washington Nationals,WSH,6,True,664991,Grant Wolfram,Grant,Wolfram,48,1996-12-12,29,"6' 7""",250,1,Pitcher,L,Left,L,Left,"1.0 IP, 0 ER, K, 0 BB",,,,,,,,,,,,,,,,1.0,0,1,0,1,0,9,0,0,0
2026-06-28,824821,,/api/v1.1/game/824821/feed/live,R,2026,2026-06-28,,day,P,N,N,Regular Season,3,3,1,Final,Final,2,Oriole Park at Camden Yards,110,Baltimore Orioles,BAL,4,False,120,Washington Nationals,WSH,6,True,666974,Yennier Cano,Yennier,Cano,78,1994-03-09,32,"6' 4""",245,1,Pitcher,R,Right,R,Right,,,,,,,,,,,,,,,,,,,,,,,,,,
2026-06-28,824821,,/api/v1.1/game/824821/feed/live,R,2026,2026-06-28,,day,P,N,N,Regular Season,3,3,1,Final,Final,2,Oriole Park at Camden Yards,110,Baltimore Orioles,BAL,4,False,120,Washington Nationals,WSH,6,True,681297,Colton Cowser,Colton,Cowser,17,2000-03-20,26,"6' 3""",220,9,Outfielder,L,Left,R,Right,"2-3 | R, SB",,3,2,0,0,0,0,1,0,0,1,0,0,3,2,,,,,,,,,,
2026-06-28,824821,,/api/v1.1/game/824821/feed/live,R,2026,2026-06-28,,day,P,N,N,Regular Season,3,3,1,Final,Final,2,Oriole Park at Camden Yards,110,Baltimore Orioles,BAL,4,False,120,Washington Nationals,WSH,6,True,691723,Coby Mayo,Coby,Mayo,16,2001-12-10,24,"6' 5""",225,5,Third Base,R,Right,R,Right,"0-3 | BB, K",,3,0,0,0,0,0,0,1,1,0,0,0,4,0,,,,,,,,,,
2026-06-28,824821,,/api/v1.1/game/824821/feed/live,R,2026,2026-06-28,,day,P,N,N,Regular Season,3,3,1,Final,Final,2,Oriole Park at Camden Yards,110,Baltimore Orioles,BAL,4,False,120,Washington Nationals,WSH,6,True,682928,CJ Abrams,Paul,Abrams,5,2000-10-03,25,"6' 0""",191,6,Shortstop,L,Left,R,Right,0-4 | K,,4,0,0,0,0,0,0,1,0,0,0,0,4,0,,,,,,,,,,
2026-06-28,824821,,/api/v1.1/game/824821/feed/live,R,2026,2026-06-28,,day,P,N,N,Regular Season,3,3,1,Final,Final,2,Oriole Park at Camden Yards,110,Baltimore Orioles,BAL,4,False,120,Washington Nationals,WSH,6,True,683083,Nasim Nuñez,Nasim,Nuñez,26,2000-08-18,25,"5' 8""",165,4,Second Base,S,Switch,R,Right,0-0,,0,0,0,0,0,0,0,0,0,0,0,0,0,0,,,,,,,,,,
2026-06-28,824821,,/api/v1.1/game/824821/feed/live,R,2026,2026-06-28,,day,P,N,N,Regular Season,3,3,1,Final,Final,2,Oriole Park at Camden Yards,110,Baltimore Orioles,BAL,4,False,120,Washington Nationals,WSH,6,True,665953,Andrés Chaparro,Andrés,Chaparro,87,1999-05-04,27,"6' 0""",200,3,First Base,R,Right,R,Right,,,,,,,,,,,,,,,,,,,,,,,,,,
2026-06-28,824821,,/api/v1.1/game/824821/feed/live,R,2026,2026-06-28,,day,P,N,N,Regular Season,3,3,1,Final,Final,2,Oriole Park at Camden Yards,110,Baltimore Orioles,BAL,4,False,120,Washington Nationals,WSH,6,True,686452,Drew Millas,Andrew,Millas,14,1998-01-15,28,"6' 0""",204,2,Catcher,S,Switch,R,Right,,,,,,,,,,,,,,,,,,,,,,,,,,
2026-06-28,824821,,/api/v1.1/game/824821/feed/live,R,2026,2026-06-28,,day,P,N,N,Regular Season,3,3,1,Final,Final,2,Oriole Park at Camden Yards,110,Baltimore Orioles,BAL,4,False,120,Washington Nationals,WSH,6,True,571945,Miles Mikolas,Miles,Mikolas,36,1988-08-23,37,"6' 4""",230,1,Pitcher,R,Right,R,Right,,,,,,,,,,,,,,,,,,,,,,,,,,
2026-06-28,824821,,/api/v1.1/game/824821/feed/live,R,2026,2026-06-28,,day,P,N,N,Regular Season,3,3,1,Final,Final,2,Oriole Park at Camden Yards,110,Baltimore Orioles,BAL,4,False,120,Washington Nationals,WSH,6,True,678391,Jorbit Vivas,Jorbit,Vivas,84,2001-03-09,25,"5' 9""",171,5,Third Base,L,Left,R,Right,0-3 | BB,,3,0,0,0,0,0,0,0,1,0,0,0,4,0,,,,,,,,,,
2026-06-28,824821,,/api/v1.1/game/824821/feed/live,R,2026,2026-06-28,,day,P,N,N,Regular Season,3,3,1,Final,Final,2,Oriole Park at Camden Yards,110,Baltimore Orioles,BAL,4,False,120,Washington Nationals,WSH,6,True,686611,Dylan Crews,Dylan,Crews,3,2002-02-26,24,"5' 11""",203,9,Outfielder,R,Right,R,Right,"1-3 | BB, K",,3,1,0,0,0,0,0,1,1,0,0,0,4,1,,,,,,,,,,
2026-06-28,824821,,/api/v1.1/game/824821/feed/live,R,2026,2026-06-28,,day,P,N,N,Regular Season,3,3,1,Final,Final,2,Oriole Park at Camden Yards,110,Baltimore Orioles,BAL,4,False,120,Washington Nationals,WSH,6,True,663992,Richard Lovelady,Richard,Lovelady,55,1995-07-07,30,"6' 0""",185,1,Pitcher,L,Left,L,Left,"0.1 IP, 0 ER, 0 K, 0 BB",,,,,,,,,,,,,,,,0.1,0,0,0,0,0,6,0,0,0
2026-06-28,824821,,/api/v1.1/game/824821/feed/live,R,2026,2026-06-28,,day,P,N,N,Regular Season,3,3,1,Final,Final,2,Oriole Park at Camden Yards,110,Baltimore Orioles,BAL,4,False,120,Washington Nationals,WSH,6,True,676571,PJ Poulin,Peter,Poulin,50,1996-07-25,29,"6' 1""",195,1,Pitcher,R,Right,L,Left,"2.0 IP, 0 ER, 0 K, BB",,,,,,,,,,,,,,,,2.0,0,0,0,0,1,25,0,0,1
2026-06-28,824821,,/api/v1.1/game/824821/feed/live,R,2026,2026-06-28,,day,P,N,N,Regular Season,3,3,1,Final,Final,2,Oriole Park at Camden Yards,110,Baltimore Orioles,BAL,4,False,120,Washington Nationals,WSH,6,True,690925,Clayton Beeter,Clayton,Beeter,39,1998-10-09,27,"6' 2""",220,1,Pitcher,R,Right,R,Right,,,,,,,,,,,,,,,,,,,,,,,,,,
2026-06-28,824821,,/api/v1.1/game/824821/feed/live,R,2026,2026-06-28,,day,P,N,N,Regular Season,3,3,1,Final,Final,2,Oriole Park at Camden Yards,110,Baltimore Orioles,BAL,4,False,120,Washington Nationals,WSH,6,True,695418,Brad Lord,Bradley,Lord,41,2000-02-14,26,"6' 3""",210,1,Pitcher,R,Right,R,Right,,,,,,,,,,,,,,,,,,,,,,,,,,
2026-06-28,824821,,/api/v1.1/game/824821/feed/live,R,2026,2026-06-28,,day,P,N,N,Regular Season,3,3,1,Final,Final,2,Oriole Park at Camden Yards,110,Baltimore Orioles,BAL,4,False,120,Washington Nationals,WSH,6,True,678554,Curtis Mead,Curtis,Mead,45,2000-10-26,25,"6' 1""",225,5,Third Base,R,Right,R,Right,1-4 | 2B,,4,1,1,0,0,0,0,0,0,0,0,0,4,2,,,,,,,,,,
2026-06-28,824821,,/api/v1.1/game/824821/feed/live,R,2026,2026-06-28,,day,P,N,N,Regular Season,3,3,1,Final,Final,2,Oriole Park at Camden Yards,110,Baltimore Orioles,BAL,4,False,120,Washington Nationals,WSH,6,True,695734,Daylen Lile,Daylen,Lile,4,2002-11-30,23,"5' 11""",195,7,Outfielder,L,Left,R,Right,0-4 | K,,4,0,0,0,0,0,0,1,0,0,0,0,4,0,,,,,,,,,,
2026-06-28,824821,,/api/v1.1/game/824821/feed/live,R,2026,2026-06-28,,day,P,N,N,Regular Season,3,3,1,Final,Final,2,Oriole Park at Camden Yards,110,Baltimore Orioles,BAL,4,False,120,Washington Nationals,WSH,6,True,677588,José Tena,José,Tena,8,2001-03-20,25,"5' 10""",195,10,Designated Hitter,L,Left,R,Right,,,,,,,,,,,,,,,,,,,,,,,,,,
2026-06-28,824821,,/api/v1.1/game/824821/feed/live,R,2026,2026-06-28,,day,P,N,N,Regular Season,3,3,1,Final,Final,2,Oriole Park at Camden Yards,110,Baltimore Orioles,BAL,4,False,120,Washington Nationals,WSH,6,True,695578,James Wood,James,Wood,29,2002-09-17,23,"6' 6""",234,9,Outfielder,L,Left,R,Right,"1-3 | 2 BB, K, 2 R",,3,1,0,0,0,0,2,1,2,0,1,0,5,1,,,,,,,,,,
2026-06-28,824821,,/api/v1.1/game/824821/feed/live,R,2026,2026-06-28,,day,P,N,N,Regular Season,3,3,1,Final,Final,2,Oriole Park at Camden Yards,110,Baltimore Orioles,BAL,4,False,120,Washington Nationals,WSH,6,True,676917,Cade Cavalli,Steven,Cavalli,24,1998-08-14,27,"6' 4""",223,1,Pitcher,R,Right,R,Right,,,,,,,,,,,,,,,,,,,,,,,,,,
2026-06-28,824821,,/api/v1.1/game/824821/feed/live,R,2026,2026-06-28,,day,P,N,N,Regular Season,3,3,1,Final,Final,2,Oriole Park at Camden Yards,110,Baltimore Orioles,BAL,4,False,120,Washington Nationals,WSH,6,True,696285,Jacob Young,Jacob,Young,30,1999-07-27,26,"5' 11""",192,8,Outfielder,R,Right,R,Right,0-4 | K,,4,0,0,0,0,0,0,1,0,0,0,0,4,0,,,,,,,,,,
2026-06-28,824821,,/api/v1.1/game/824821/feed/live,R,2026,2026-06-28,,day,P,N,N,Regular Season,3,3,1,Final,Final,2,Oriole Park at Camden Yards,110,Baltimore Orioles,BAL,4,False,120,Washington Nationals,WSH,6,True,664875,Justin Lawrence,Justin,Lawrence,44,1994-11-25,31,"6' 3""",211,1,Pitcher,R,Right,R,Right,,,,,,,,,,,,,,,,,,,,,,,,,,
2026-06-28,824821,,/api/v1.1/game/824821/feed/live,R,2026,2026-06-28,,day,P,N,N,Regular Season,3,3,1,Final,Final,2,Oriole Park at Camden Yards,110,Baltimore Orioles,BAL,4,False,120,Washington Nationals,WSH,6,True,687377,Orlando Ribalta,Orlando,Ribalta,64,1998-03-05,28,"6' 7""",245,1,Pitcher,R,Right,R,Right,,,,,,,,,,,,,,,,,,,,,,,,,,
2026-06-28,824821,,/api/v1.1/game/824821/feed/live,R,2026,2026-06-28,,day,P,N,N,Regular Season,3,3,1,Final,Final,2,Oriole Park at Camden Yards,110,Baltimore Orioles,BAL,4,False,120,Washington Nationals,WSH,6,True,641793,Zack Littell,Zack,Littell,18,1995-10-05,30,"6' 4""",250,1,Pitcher,R,Right,R,Right,"5.0 IP, 2 ER, 3 K, 2 BB",,,,,,,,,,,,,,,,5.0,2,3,1,3,2,82,1,0,0
2026-06-28,824821,,/api/v1.1/game/824821/feed/live,R,2026,2026-06-28,,day,P,N,N,Regular Season,3,3,1,Final,Final,2,Oriole Park at Camden Yards,110,Baltimore Orioles,BAL,4,False,120,Washington Nationals,WSH,6,True,680730,Mitchell Parker,Mitchell,Parker,70,1999-09-27,26,"6' 4""",239,1,Pitcher,L,Left,L,Left,"1.2 IP, 2 ER, 2 K, BB",,,,,,,,,,,,,,,,1.2,2,2,1,2,1,29,0,0,0
2026-06-28,824821,,/api/v1.1/game/824821/feed/live,R,2026,2026-06-28,,day,P,N,N,Regular Season,3,3,1,Final,Final,2,Oriole Park at Camden Yards,110,Baltimore Orioles,BAL,4,False,120,Washington Nationals,WSH,6,True,687849,Zak Kent,Zachary,Kent,57,1998-02-24,28,"6' 3""",208,1,Pitcher,R,Right,R,Right,,,,,,,,,,,,,,,,,,,,,,,,,,
2026-06-28,824821,,/api/v1.1/game/824821/feed/live,R,2026,2026-06-28,,day,P,N,N,Regular Season,3,3,1,Final,Final,2,Oriole Park at Camden Yards,110,Baltimore Orioles,BAL,4,False,120,Washington Nationals,WSH,6,True,660688,Keibert Ruiz,Keibert,Ruiz,20,1998-07-20,27,"5' 11""",238,2,Catcher,S,Switch,R,Right,"1-3 | BB, K, R",,3,1,0,0,0,0,1,1,1,0,0,0,4,1,,,,,,,,,,
2026-06-28,824821,,/api/v1.1/game/824821/feed/live,R,2026,2026-06-28,,day,P,N,N,Regular Season,3,3,1,Final,Final,2,Oriole Park at Camden Yards,110,Baltimore Orioles,BAL,4,False,120,Washington Nationals,WSH,6,True,656492,Foster Griffin,Fred,Griffin,22,1995-07-27,30,"6' 3""",225,1,Pitcher,R,Right,L,Left,,,,,,,,,,,,,,,,,,,,,,,,,,
2026-06-28,824821,,/api/v1.1/game/824821/feed/live,R,2026,2026-06-28,,day,P,N,N,Regular Season,3,3,1,Final,Final,2,Oriole Park at Camden Yards,110,Baltimore Orioles,BAL,4,False,120,Washington Nationals,WSH,6,True,671277,Luis García Jr.,Luis,García,2,2000-05-16,26,"6' 1""",216,3,First Base,L,Left,R,Right,"3-5 | 2 HR, 2B, 5 RBI",,5,3,1,0,2,5,3,0,0,0,0,0,5,10,,,,,,,,,,
2026-06-28,824821,,/api/v1.1/game/824821/feed/live,R,2026,2026-06-28,,day,P,N,N,Regular Season,3,3,1,Final,Final,2,Oriole Park at Camden Yards,110,Baltimore Orioles,BAL,4,False,120,Washington Nationals,WSH,6,True,674841,Andrew Alvarez,Michael,Alvarez,54,1999-06-13,27,"6' 3""",215,1,Pitcher,L,Left,L,Left,,,,,,,,,,,,,,,,,,,,,,,,,,
2026-06-28,823362,,/api/v1.1/game/823362/feed/live,R,2026,2026-06-28,,day,P,N,N,Regular Season,3,3,1,Final,Final,31,PNC Park,134,Pittsburgh Pirates,PIT,9,True,113,Cincinnati Reds,CIN,4,False,694973,Paul Skenes,Paul,Skenes,30,2002-05-29,24,"6' 6""",260,1,Pitcher,R,Right,R,Right,,,,,,,,,,,,,,,,,,,,,,,,,,
2026-06-28,823362,,/api/v1.1/game/823362/feed/live,R,2026,2026-06-28,,day,P,N,N,Regular Season,3,3,1,Final,Final,31,PNC Park,134,Pittsburgh Pirates,PIT,9,True,113,Cincinnati Reds,CIN,4,False,664040,Brandon Lowe,Brandon,Lowe,5,1994-07-06,31,"5' 9""",181,4,Second Base,L,Left,R,Right,"0-4 | BB, 3 K",,4,0,0,0,0,0,0,3,1,0,0,0,5,0,,,,,,,,,,
2026-06-28,823362,,/api/v1.1/game/823362/feed/live,R,2026,2026-06-28,,day,P,N,N,Regular Season,3,3,1,Final,Final,31,PNC Park,134,Pittsburgh Pirates,PIT,9,True,113,Cincinnati Reds,CIN,4,False,682848,Endy Rodríguez,Endy,Rodríguez,13,2000-05-26,26,"6' 0""",207,2,Catcher,S,Switch,R,Right,,,,,,,,,,,,,,,,,,,,,,,,,,
2026-06-28,823362,,/api/v1.1/game/823362/feed/live,R,2026,2026-06-28,,day,P,N,N,Regular Season,3,3,1,Final,Final,31,PNC Park,134,Pittsburgh Pirates,PIT,9,True,113,Cincinnati Reds,CIN,4,False,668804,Bryan Reynolds,Bryan,Reynolds,10,1995-01-27,31,"6' 2""",210,7,Outfielder,S,Switch,R,Right,"0-3 | 2 BB, K, R",,3,0,0,0,0,0,1,1,2,0,0,0,5,0,,,,,,,,,,
2026-06-28,823362,,/api/v1.1/game/823362/feed/live,R,2026,2026-06-28,,day,P,N,N,Regular Season,3,3,1,Final,Final,31,PNC Park,134,Pittsburgh Pirates,PIT,9,True,113,Cincinnati Reds,CIN,4,False,683003,Jared Jones,Jared,Jones,17,2001-08-06,24,"6' 0""",211,1,Pitcher,L,Left,R,Right,,,,,,,,,,,,,,,,,,,,,,,,,,
2026-06-28,823362,,/api/v1.1/game/823362/feed/live,R,2026,2026-06-28,,day,P,N,N,Regular Season,3,3,1,Final,Final,31,PNC Park,134,Pittsburgh Pirates,PIT,9,True,113,Cincinnati Reds,CIN,4,False,681895,Evan Sisk,Samuel,Sisk,48,1997-04-23,29,"6' 2""",214,1,Pitcher,L,Left,L,Left,,,,,,,,,,,,,,,,,,,,,,,,,,
2026-06-28,823362,,/api/v1.1/game/823362/feed/live,R,2026,2026-06-28,,day,P,N,N,Regular Season,3,3,1,Final,Final,31,PNC Park,134,Pittsburgh Pirates,PIT,9,True,113,Cincinnati Reds,CIN,4,False,642397,Gregory Soto,Gregory,Soto,31,1995-02-11,31,"6' 1""",247,1,Pitcher,L,Left,L,Left,,,,,,,,,,,,,,,,,,,,,,,,,,
2026-06-28,823362,,/api/v1.1/game/823362/feed/live,R,2026,2026-06-28,,day,P,N,N,Regular Season,3,3,1,Final,Final,31,PNC Park,134,Pittsburgh Pirates,PIT,9,True,113,Cincinnati Reds,CIN,4,False,682254,Mason Montgomery,Mason,Montgomery,46,2000-06-17,26,"6' 2""",205,1,Pitcher,L,Left,L,Left,,,,,,,,,,,,,,,,,,,,,,,,,,
2026-06-28,823362,,/api/v1.1/game/823362/feed/live,R,2026,2026-06-28,,day,P,N,N,Regular Season,3,3,1,Final,Final,31,PNC Park,134,Pittsburgh Pirates,PIT,9,True,113,Cincinnati Reds,CIN,4,False,669707,Jared Triolo,Jared,Triolo,19,1998-02-08,28,"6' 3""",212,6,Shortstop,R,Right,R,Right,0-0,,0,0,0,0,0,0,0,0,0,0,0,0,0,0,,,,,,,,,,
2026-06-28,823362,,/api/v1.1/game/823362/feed/live,R,2026,2026-06-28,,day,P,N,N,Regular Season,3,3,1,Final,Final,31,PNC Park,134,Pittsburgh Pirates,PIT,9,True,113,Cincinnati Reds,CIN,4,False,699013,Esmerlyn Valdez,Esmerlyn,Valdez,55,2004-01-27,22,"6' 2""",234,9,Outfielder,R,Right,R,Right,"3-4 | HR, 2B, BB",,4,3,1,0,1,2,2,0,1,0,0,0,5,7,,,,,,,,,,
2026-06-28,823362,,/api/v1.1/game/823362/feed/live,R,2026,2026-06-28,,day,P,N,N,Regular Season,3,3,1,Final,Final,31,PNC Park,134,Pittsburgh Pirates,PIT,9,True,113,Cincinnati Reds,CIN,4,False,663968,Jake Mangum,Jake,Mangum,28,1996-03-08,30,"5' 11""",191,7,Outfielder,S,Switch,L,Left,"0-4 | BB, 2 K",,4,0,0,0,0,0,0,2,1,0,0,0,5,0,,,,,,,,,,
2026-06-28,823362,,/api/v1.1/game/823362/feed/live,R,2026,2026-06-28,,day,P,N,N,Regular Season,3,3,1,Final,Final,31,PNC Park,134,Pittsburgh Pirates,PIT,9,True,113,Cincinnati Reds,CIN,4,False,656605,Mitch Keller,Mitch,Keller,23,1996-04-04,30,"6' 3""",213,1,Pitcher,R,Right,R,Right,"6.0 IP, 3 ER, 4 K, BB",,,,,,,,,,,,,,,,6.0,3,5,0,4,1,79,1,0,0
2026-06-28,823362,,/api/v1.1/game/823362/feed/live,R,2026,2026-06-28,,day,P,N,N,Regular Season,3,3,1,Final,Final,31,PNC Park,134,Pittsburgh Pirates,PIT,9,True,113,Cincinnati Reds,CIN,4,False,670990,Yohan Ramírez,Yohan,Ramírez,49,1995-05-06,31,"6' 3""",205,1,Pitcher,R,Right,R,Right,,,,,,,,,,,,,,,,,,,,,,,,,,
2026-06-28,823362,,/api/v1.1/game/823362/feed/live,R,2026,2026-06-28,,day,P,N,N,Regular Season,3,3,1,Final,Final,31,PNC Park,134,Pittsburgh Pirates,PIT,9,True,113,Cincinnati Reds,CIN,4,False,676755,Isaac Mattson,Isaac,Mattson,72,1995-07-14,30,"6' 2""",214,1,Pitcher,R,Right,R,Right,,,,,,,,,,,,,,,,,,,,,,,,,,
2026-06-28,823362,,/api/v1.1/game/823362/feed/live,R,2026,2026-06-28,,day,P,N,N,Regular Season,3,3,1,Final,Final,31,PNC Park,134,Pittsburgh Pirates,PIT,9,True,113,Cincinnati Reds,CIN,4,False,696149,Bubba Chandler,Roy,Chandler,36,2002-09-14,23,"6' 3""",206,1,Pitcher,S,Switch,R,Right,,,,,,,,,,,,,,,,,,,,,,,,,,
2026-06-28,823362,,/api/v1.1/game/823362/feed/live,R,2026,2026-06-28,,day,P,N,N,Regular Season,3,3,1,Final,Final,31,PNC Park,134,Pittsburgh Pirates,PIT,9,True,113,Cincinnati Reds,CIN,4,False,695257,Billy Cook,William,Cook,25,1999-01-07,27,"6' 0""",204,9,Outfielder,R,Right,R,Right,0-0,,0,0,0,0,0,0,0,0,0,0,0,0,0,0,,,,,,,,,,
2026-06-28,823362,,/api/v1.1/game/823362/feed/live,R,2026,2026-06-28,,day,P,N,N,Regular Season,3,3,1,Final,Final,31,PNC Park,134,Pittsburgh Pirates,PIT,9,True,113,Cincinnati Reds,CIN,4,False,669387,Carmen Mlodzinski,Carmen,Mlodzinski,50,1999-02-19,27,"6' 2""",210,1,Pitcher,R,Right,R,Right,"2.0 IP, 0 ER, K, BB",,,,,,,,,,,,,,,,2.0,0,3,0,1,1,42,0,0,0
2026-06-28,823362,,/api/v1.1/game/823362/feed/live,R,2026,2026-06-28,,day,P,N,N,Regular Season,3,3,1,Final,Final,31,PNC Park,134,Pittsburgh Pirates,PIT,9,True,113,Cincinnati Reds,CIN,4,False,642701,Dennis Santana,Dennis,Santana,60,1996-04-12,30,"6' 2""",202,1,Pitcher,R,Right,R,Right,"1.0 IP, 0 ER, K, 2 BB",,,,,,,,,,,,,,,,1.0,0,0,0,1,2,23,0,0,0
2026-06-28,823362,,/api/v1.1/game/823362/feed/live,R,2026,2026-06-28,,day,P,N,N,Regular Season,3,3,1,Final,Final,31,PNC Park,134,Pittsburgh Pirates,PIT,9,True,113,Cincinnati Reds,CIN,4,False,680779,Henry Davis,Henry,Davis,32,1999-09-21,26,"5' 11""",225,2,Catcher,R,Right,R,Right,1-4 | 2 K,,4,1,0,0,0,0,0,2,0,0,0,0,4,1,,,,,,,,,,
2026-06-28,823362,,/api/v1.1/game/823362/feed/live,R,2026,2026-06-28,,day,P,N,N,Regular Season,3,3,1,Final,Final,31,PNC Park,134,Pittsburgh Pirates,PIT,9,True,113,Cincinnati Reds,CIN,4,False,682997,Tyler Callihan,Tyler,Callihan,37,2000-06-22,26,"5' 11""",205,7,Outfielder,L,Left,R,Right,"2-4 | HR, BB, K",,4,2,0,0,1,3,1,1,1,0,0,0,5,5,,,,,,,,,,
2026-06-28,823362,,/api/v1.1/game/823362/feed/live,R,2026,2026-06-28,,day,P,N,N,Regular Season,3,3,1,Final,Final,31,PNC Park,134,Pittsburgh Pirates,PIT,9,True,113,Cincinnati Reds,CIN,4,False,684049,Brandan Bidois,Brandan,Bidois,77,2001-06-21,25,"6' 2""",174,1,Pitcher,R,Right,R,Right,,,,,,,,,,,,,,,,,,,,,,,,,,
2026-06-28,823362,,/api/v1.1/game/823362/feed/live,R,2026,2026-06-28,,day,P,N,N,Regular Season,3,3,1,Final,Final,31,PNC Park,134,Pittsburgh Pirates,PIT,9,True,113,Cincinnati Reds,CIN,4,False,804606,Konnor Griffin,Konnor,Griffin,6,2006-04-24,20,"6' 3""",222,6,Shortstop,R,Right,R,Right,1-5 | K,,5,1,0,0,0,0,0,1,0,0,0,1,5,1,,,,,,,,,,
2026-06-28,823362,,/api/v1.1/game/823362/feed/live,R,2026,2026-06-28,,day,P,N,N,Regular Season,3,3,1,Final,Final,31,PNC Park,134,Pittsburgh Pirates,PIT,9,True,113,Cincinnati Reds,CIN,4,False,656811,Ryan O'Hearn,Ryan,O'Hearn,29,1993-07-26,32,"6' 2""",220,9,Outfielder,L,Left,L,Left,"3-5 | 2 HR, K, 4 RBI",,5,3,0,0,2,4,3,1,0,0,0,0,5,9,,,,,,,,,,
2026-06-28,823362,,/api/v1.1/game/823362/feed/live,R,2026,2026-06-28,,day,P,N,N,Regular Season,3,3,1,Final,Final,31,PNC Park,134,Pittsburgh Pirates,PIT,9,True,113,Cincinnati Reds,CIN,4,False,693304,Nick Gonzales,Nicholas,Gonzales,3,1999-05-27,27,"5' 8""",193,5,Third Base,R,Right,R,Right,"1-2 | 2 BB, HBP, 2 R",,2,1,0,0,0,0,2,0,2,0,0,0,5,1,,,,,,,,,,
2026-06-28,823362,,/api/v1.1/game/823362/feed/live,R,2026,2026-06-28,,day,P,N,N,Regular Season,3,3,1,Final,Final,31,PNC Park,134,Pittsburgh Pirates,PIT,9,True,113,Cincinnati Reds,CIN,4,False,542303,Marcell Ozuna,Marcell,Ozuna,24,1990-11-12,35,"6' 1""",251,10,Designated Hitter,R,Right,R,Right,,,,,,,,,,,,,,,,,,,,,,,,,,
2026-06-28,823362,,/api/v1.1/game/823362/feed/live,R,2026,2026-06-28,,day,P,N,N,Regular Season,3,3,1,Final,Final,31,PNC Park,134,Pittsburgh Pirates,PIT,9,True,113,Cincinnati Reds,CIN,4,False,677952,Braxton Ashcraft,Braxton,Ashcraft,35,1999-10-05,26,"6' 5""",218,1,Pitcher,L,Left,R,Right,,,,,,,,,,,,,,,,,,,,,,,,,,
2026-06-28,823362,,/api/v1.1/game/823362/feed/live,R,2026,2026-06-28,,day,P,N,N,Regular Season,3,3,1,Final,Final,31,PNC Park,134,Pittsburgh Pirates,PIT,9,True,113,Cincinnati Reds,CIN,4,False,682829,Elly De La Cruz,Elly,De La Cruz,44,2002-01-11,24,"6' 6""",200,6,Shortstop,S,Switch,R,Right,"1-4 | BB, R",,4,1,0,0,0,0,1,0,1,0,0,1,5,1,,,,,,,,,,
2026-06-28,823362,,/api/v1.1/game/823362/feed/live,R,2026,2026-06-28,,day,P,N,N,Regular Season,3,3,1,Final,Final,31,PNC Park,134,Pittsburgh Pirates,PIT,9,True,113,Cincinnati Reds,CIN,4,False,701398,Sal Stewart,Sal,Stewart,27,2003-12-07,22,"6' 1""",224,3,First Base,R,Right,R,Right,"2-5 | 2B, R",,5,2,1,0,0,0,1,0,0,0,0,0,5,3,,,,,,,,,,
2026-06-28,823362,,/api/v1.1/game/823362/feed/live,R,2026,2026-06-28,,day,P,N,N,Regular Season,3,3,1,Final,Final,31,PNC Park,134,Pittsburgh Pirates,PIT,9,True,113,Cincinnati Reds,CIN,4,False,667472,Dane Myers,Dane,Myers,17,1996-03-08,30,"6' 0""",205,8,Outfielder,R,Right,R,Right,,,,,,,,,,,,,,,,,,,,,,,,,,
2026-06-28,823362,,/api/v1.1/game/823362/feed/live,R,2026,2026-06-28,,day,P,N,N,Regular Season,3,3,1,Final,Final,31,PNC Park,134,Pittsburgh Pirates,PIT,9,True,113,Cincinnati Reds,CIN,4,False,572955,Pierce Johnson,Pierce,Johnson,52,1991-05-10,35,"6' 2""",202,1,Pitcher,R,Right,R,Right,"0.2 IP, 4 ER, 2 K, 2 BB",,,,,,,,,,,,,,,,0.2,4,2,2,2,2,27,0,0,0
2026-06-28,823362,,/api/v1.1/game/823362/feed/live,R,2026,2026-06-28,,day,P,N,N,Regular Season,3,3,1,Final,Final,31,PNC Park,134,Pittsburgh Pirates,PIT,9,True,113,Cincinnati Reds,CIN,4,False,682622,Noelvi Marte,Noelvi,Marte,4,2001-10-16,24,"6' 2""",216,9,Outfielder,R,Right,R,Right,"0-3 | BB, K, R",,3,0,0,0,0,0,1,1,1,0,0,0,4,0,,,,,,,,,,
2026-06-28,823362,,/api/v1.1/game/823362/feed/live,R,2026,2026-06-28,,day,P,N,N,Regular Season,3,3,1,Final,Final,31,PNC Park,134,Pittsburgh Pirates,PIT,9,True,113,Cincinnati Reds,CIN,4,False,622088,Tejay Antone,Tejay,Antone,70,1993-12-05,32,"6' 4""",230,1,Pitcher,R,Right,R,Right,,,,,,,,,,,,,,,,,,,,,,,,,,
2026-06-28,823362,,/api/v1.1/game/823362/feed/live,R,2026,2026-06-28,,day,P,N,N,Regular Season,3,3,1,Final,Final,31,PNC Park,134,Pittsburgh Pirates,PIT,9,True,113,Cincinnati Reds,CIN,4,False,663993,Nathaniel Lowe,David,Lowe,31,1995-07-07,30,"6' 4""",220,10,Designated Hitter,L,Left,R,Right,0-1,,1,0,0,0,0,0,0,0,0,0,0,0,1,0,,,,,,,,,,
2026-06-28,823362,,/api/v1.1/game/823362/feed/live,R,2026,2026-06-28,,day,P,N,N,Regular Season,3,3,1,Final,Final,31,PNC Park,134,Pittsburgh Pirates,PIT,9,True,113,Cincinnati Reds,CIN,4,False,663903,Brady Singer,Brady,Singer,51,1996-08-04,29,"6' 5""",215,1,Pitcher,R,Right,R,Right,"4.1 IP, 5 ER, 6 K, 0 BB",,,,,,,,,,,,,,,,4.1,5,9,2,6,0,98,0,1,0
2026-06-28,823362,,/api/v1.1/game/823362/feed/live,R,2026,2026-06-28,,day,P,N,N,Regular Season,3,3,1,Final,Final,31,PNC Park,134,Pittsburgh Pirates,PIT,9,True,113,Cincinnati Reds,CIN,4,False,680574,Matt McLain,Matthew,McLain,9,1999-08-06,26,"5' 8""",180,4,Second Base,R,Right,R,Right,,,,,,,,,,,,,,,,,,,,,,,,,,
2026-06-28,823362,,/api/v1.1/game/823362/feed/live,R,2026,2026-06-28,,day,P,N,N,Regular Season,3,3,1,Final,Final,31,PNC Park,134,Pittsburgh Pirates,PIT,9,True,113,Cincinnati Reds,CIN,4,False,657571,Caleb Ferguson,Caleb,Ferguson,46,1996-07-02,29,"6' 3""",225,1,Pitcher,R,Right,L,Left,,,,,,,,,,,,,,,,,,,,,,,,,,
2026-06-28,823362,,/api/v1.1/game/823362/feed/live,R,2026,2026-06-28,,day,P,N,N,Regular Season,3,3,1,Final,Final,31,PNC Park,134,Pittsburgh Pirates,PIT,9,True,113,Cincinnati Reds,CIN,4,False,670770,TJ Friedl,Terry,Friedl,29,1995-08-14,30,"5' 8""",180,8,Outfielder,L,Left,L,Left,0-4,,4,0,0,0,0,0,0,0,0,0,0,0,4,0,,,,,,,,,,
2026-06-28,823362,,/api/v1.1/game/823362/feed/live,R,2026,2026-06-28,,day,P,N,N,Regular Season,3,3,1,Final,Final,31,PNC Park,134,Pittsburgh Pirates,PIT,9,True,113,Cincinnati Reds,CIN,4,False,695534,Chase Petty,Chase,Petty,61,2003-04-04,23,"6' 1""",190,1,Pitcher,R,Right,R,Right,,,,,,,,,,,,,,,,,,,,,,,,,,
2026-06-28,823362,,/api/v1.1/game/823362/feed/live,R,2026,2026-06-28,,day,P,N,N,Regular Season,3,3,1,Final,Final,31,PNC Park,134,Pittsburgh Pirates,PIT,9,True,113,Cincinnati Reds,CIN,4,False,695076,Rhett Lowder,Rhett,Lowder,25,2002-03-08,24,"6' 1""",200,1,Pitcher,R,Right,R,Right,,,,,,,,,,,,,,,,,,,,,,,,,,
2026-06-28,823362,,/api/v1.1/game/823362/feed/live,R,2026,2026-06-28,,day,P,N,N,Regular Season,3,3,1,Final,Final,31,PNC Park,134,Pittsburgh Pirates,PIT,9,True,113,Cincinnati Reds,CIN,4,False,668715,Spencer Steer,Spencer,Steer,7,1997-12-07,28,"5' 9""",185,7,Outfielder,R,Right,R,Right,0-4 | 2 K,,4,0,0,0,0,0,0,2,0,0,0,0,4,0,,,,,,,,,,
2026-06-28,823362,,/api/v1.1/game/823362/feed/live,R,2026,2026-06-28,,day,P,N,N,Regular Season,3,3,1,Final,Final,31,PNC Park,134,Pittsburgh Pirates,PIT,9,True,113,Cincinnati Reds,CIN,4,False,624431,Jose Trevino,Jose,Trevino,35,1992-11-28,33,"5' 9""",215,2,Catcher,R,Right,R,Right,,,,,,,,,,,,,,,,,,,,,,,,,,
2026-06-28,823362,,/api/v1.1/game/823362/feed/live,R,2026,2026-06-28,,day,P,N,N,Regular Season,3,3,1,Final,Final,31,PNC Park,134,Pittsburgh Pirates,PIT,9,True,113,Cincinnati Reds,CIN,4,False,553993,Eugenio Suárez,Eugenio,Suárez,28,1991-07-18,34,"5' 11""",213,10,Designated Hitter,R,Right,R,Right,"0-2 | HBP, K",,2,0,0,0,0,0,0,1,0,0,0,0,3,0,,,,,,,,,,
2026-06-28,823362,,/api/v1.1/game/823362/feed/live,R,2026,2026-06-28,,day,P,N,N,Regular Season,3,3,1,Final,Final,31,PNC Park,134,Pittsburgh Pirates,PIT,9,True,113,Cincinnati Reds,CIN,4,False,663886,Tyler Stephenson,Tyler,Stephenson,37,1996-08-16,29,"6' 3""",225,2,Catcher,R,Right,R,Right,"2-3 | 2B, BB, RBI",,3,2,1,0,0,1,1,0,1,0,0,0,4,3,,,,,,,,,,
2026-06-28,823362,,/api/v1.1/game/823362/feed/live,R,2026,2026-06-28,,day,P,N,N,Regular Season,3,3,1,Final,Final,31,PNC Park,134,Pittsburgh Pirates,PIT,9,True,113,Cincinnati Reds,CIN,4,False,695490,Edwin Arroyo,Edwin,Arroyo,2,2003-08-25,22,"5' 11""",173,4,Second Base,S,Switch,R,Right,"2-4 | 2 K, RBI",,4,2,0,0,0,1,0,2,0,0,0,0,4,2,,,,,,,,,,
2026-06-28,823362,,/api/v1.1/game/823362/feed/live,R,2026,2026-06-28,,day,P,N,N,Regular Season,3,3,1,Final,Final,31,PNC Park,134,Pittsburgh Pirates,PIT,9,True,113,Cincinnati Reds,CIN,4,False,685112,Zach McCambley,Zachary,McCambley,62,1999-05-04,27,"6' 2""",225,1,Pitcher,L,Left,R,Right,"0.1 IP, 0 ER, 0 K, 3 BB",,,,,,,,,,,,,,,,0.1,0,0,0,0,3,15,0,0,0
2026-06-28,823362,,/api/v1.1/game/823362/feed/live,R,2026,2026-06-28,,day,P,N,N,Regular Season,3,3,1,Final,Final,31,PNC Park,134,Pittsburgh Pirates,PIT,9,True,113,Cincinnati Reds,CIN,4,False,666157,Nick Lodolo,Nicholas,Lodolo,40,1998-02-05,28,"6' 6""",216,1,Pitcher,L,Left,L,Left,,,,,,,,,,,,,,,,,,,,,,,,,,
2026-06-28,823362,,/api/v1.1/game/823362/feed/live,R,2026,2026-06-28,,day,P,N,N,Regular Season,3,3,1,Final,Final,31,PNC Park,134,Pittsburgh Pirates,PIT,9,True,113,Cincinnati Reds,CIN,4,False,594580,Sam Moll,Samuel,Moll,50,1992-01-03,34,"5' 9""",190,1,Pitcher,L,Left,L,Left,,,,,,,,,,,,,,,,,,,,,,,,,,
2026-06-28,823362,,/api/v1.1/game/823362/feed/live,R,2026,2026-06-28,,day,P,N,N,Regular Season,3,3,1,Final,Final,31,PNC Park,134,Pittsburgh Pirates,PIT,9,True,113,Cincinnati Reds,CIN,4,False,668709,JJ Bleday,Jeffrey,Bleday,22,1997-11-10,28,"6' 2""",205,7,Outfielder,L,Left,L,Left,"1-3 | BB, 2 RBI, CS",,3,1,0,0,0,2,0,0,1,0,1,1,4,1,,,,,,,,,,
2026-06-28,823362,,/api/v1.1/game/823362/feed/live,R,2026,2026-06-28,,day,P,N,N,Regular Season,3,3,1,Final,Final,31,PNC Park,134,Pittsburgh Pirates,PIT,9,True,113,Cincinnati Reds,CIN,4,False,656271,Brock Burke,Brock,Burke,49,1996-08-04,29,"6' 4""",210,1,Pitcher,L,Left,L,Left,"1.1 IP, 0 ER, K, 0 BB",,,,,,,,,,,,,,,,1.1,0,0,0,1,0,9,0,0,0
2026-06-28,823362,,/api/v1.1/game/823362/feed/live,R,2026,2026-06-28,,day,P,N,N,Regular Season,3,3,1,Final,Final,31,PNC Park,134,Pittsburgh Pirates,PIT,9,True,113,Cincinnati Reds,CIN,4,False,670062,Julian Garcia,Julian,Garcia,57,1995-05-13,31,"6' 3""",206,1,Pitcher,L,Left,R,Right,"1.1 IP, 0 ER, 2 K, 3 BB",,,,,,,,,,,,,,,,1.1,0,0,0,2,3,30,0,0,0
2026-06-28,823362,,/api/v1.1/game/823362/feed/live,R,2026,2026-06-28,,day,P,N,N,Regular Season,3,3,1,Final,Final,31,PNC Park,134,Pittsburgh Pirates,PIT,9,True,113,Cincinnati Reds,CIN,4,False,671096,Andrew Abbott,Andrew,Abbott,41,1999-06-01,27,"6' 0""",192,1,Pitcher,L,Left,L,Left,,,,,,,,,,,,,,,,,,,,,,,,,,
2026-06-28,823362,,/api/v1.1/game/823362/feed/live,R,2026,2026-06-28,,day,P,N,N,Regular Season,3,3,1,Final,Final,31,PNC Park,134,Pittsburgh Pirates,PIT,9,True,113,Cincinnati Reds,CIN,4,False,695505,Chase Burns,Chase,Burns,26,2003-01-16,23,"6' 3""",210,1,Pitcher,R,Right,R,Right,,,,,,,,,,,,,,,,,,,,,,,,,,
2026-06-28,822795,,/api/v1.1/game/822795/feed/live,R,2026,2026-06-28,,day,P,N,N,Regular Season,4,4,1,Final,Final,14,Rogers Centre,141,Toronto Blue Jays,TOR,2,False,140,Texas Rangers,TEX,3,True,669456,Shane Bieber,Shane,Bieber,57,1995-05-31,31,"6' 3""",200,1,Pitcher,R,Right,R,Right,"5.1 IP, 2 ER, 4 K, 4 BB",,,,,,,,,,,,,,,,5.1,2,5,1,4,4,92,0,0,0
2026-06-28,822795,,/api/v1.1/game/822795/feed/live,R,2026,2026-06-28,,day,P,N,N,Regular Season,4,4,1,Final,Final,14,Rogers Centre,141,Toronto Blue Jays,TOR,2,False,140,Texas Rangers,TEX,3,True,693686,Spencer Miles,Spencer,Miles,62,2000-07-26,25,"6' 3""",180,1,Pitcher,L,Left,R,Right,,,,,,,,,,,,,,,,,,,,,,,,,,
2026-06-28,822795,,/api/v1.1/game/822795/feed/live,R,2026,2026-06-28,,day,P,N,N,Regular Season,4,4,1,Final,Final,14,Rogers Centre,141,Toronto Blue Jays,TOR,2,False,140,Texas Rangers,TEX,3,True,667297,Tommy Nance,Thomas,Nance,45,1991-03-19,35,"6' 6""",235,1,Pitcher,R,Right,R,Right,,,,,,,,,,,,,,,,,,,,,,,,,,
2026-06-28,822795,,/api/v1.1/game/822795/feed/live,R,2026,2026-06-28,,day,P,N,N,Regular Season,4,4,1,Final,Final,14,Rogers Centre,141,Toronto Blue Jays,TOR,2,False,140,Texas Rangers,TEX,3,True,649966,Luis Urías,Luis,Urías,48,1997-06-03,29,"5' 9""",202,6,Shortstop,R,Right,R,Right,,,,,,,,,,,,,,,,,,,,,,,,,,
2026-06-28,822795,,/api/v1.1/game/822795/feed/live,R,2026,2026-06-28,,day,P,N,N,Regular Season,4,4,1,Final,Final,14,Rogers Centre,141,Toronto Blue Jays,TOR,2,False,140,Texas Rangers,TEX,3,True,671936,Adam Macko,Adam,Macko,64,2000-12-30,25,"6' 0""",170,1,Pitcher,L,Left,L,Left,"1.1 IP, 0 ER, K, 2 BB",,,,,,,,,,,,,,,,1.1,0,1,0,1,2,25,0,0,0
2026-06-28,822795,,/api/v1.1/game/822795/feed/live,R,2026,2026-06-28,,day,P,N,N,Regular Season,4,4,1,Final,Final,14,Rogers Centre,141,Toronto Blue Jays,TOR,2,False,140,Texas Rangers,TEX,3,True,686973,Louis Varland,Louis,Varland,77,1997-12-09,28,"6' 1""",205,1,Pitcher,L,Left,R,Right,"1.0 IP, ER, 3 K, 0 BB",,,,,,,,,,,,,,,,1.0,1,1,0,3,0,23,0,1,0
2026-06-28,822795,,/api/v1.1/game/822795/feed/live,R,2026,2026-06-28,,day,P,N,N,Regular Season,4,4,1,Final,Final,14,Rogers Centre,141,Toronto Blue Jays,TOR,2,False,140,Texas Rangers,TEX,3,True,676391,Ernie Clement,Ernie,Clement,22,1996-03-22,30,"6' 0""",170,4,Second Base,R,Right,R,Right,0-4 | K,,4,0,0,0,0,0,0,1,0,0,0,0,4,0,,,,,,,,,,
2026-06-28,822795,,/api/v1.1/game/822795/feed/live,R,2026,2026-06-28,,day,P,N,N,Regular Season,4,4,1,Final,Final,14,Rogers Centre,141,Toronto Blue Jays,TOR,2,False,140,Texas Rangers,TEX,3,True,662139,Daulton Varsho,Daulton,Varsho,5,1996-07-02,29,"5' 8""",207,8,Outfielder,L,Left,R,Right,1-4 | 2 K,,4,1,0,0,0,0,0,2,0,0,0,0,4,1,,,,,,,,,,
2026-06-28,822795,,/api/v1.1/game/822795/feed/live,R,2026,2026-06-28,,day,P,N,N,Regular Season,4,4,1,Final,Final,14,Rogers Centre,141,Toronto Blue Jays,TOR,2,False,140,Texas Rangers,TEX,3,True,665926,Andrés Giménez,Andrés,Giménez,0,1998-09-04,27,"5' 11""",161,6,Shortstop,L,Left,R,Right,"1-2 | BB, K",,2,1,0,0,0,0,0,1,1,0,0,0,3,1,,,,,,,,,,
2026-06-28,822795,,/api/v1.1/game/822795/feed/live,R,2026,2026-06-28,,day,P,N,N,Regular Season,4,4,1,Final,Final,14,Rogers Centre,141,Toronto Blue Jays,TOR,2,False,140,Texas Rangers,TEX,3,True,592332,Kevin Gausman,Kevin,Gausman,34,1991-01-06,35,"6' 2""",205,1,Pitcher,L,Left,R,Right,,,,,,,,,,,,,,,,,,,,,,,,,,
2026-06-28,822795,,/api/v1.1/game/822795/feed/live,R,2026,2026-06-28,,day,P,N,N,Regular Season,4,4,1,Final,Final,14,Rogers Centre,141,Toronto Blue Jays,TOR,2,False,140,Texas Rangers,TEX,3,True,678218,Brandon Valenzuela,Brandon,Valenzuela,59,2000-10-02,25,"6' 0""",225,2,Catcher,S,Switch,R,Right,,,,,,,,,,,,,,,,,,,,,,,,,,
2026-06-28,822795,,/api/v1.1/game/822795/feed/live,R,2026,2026-06-28,,day,P,N,N,Regular Season,4,4,1,Final,Final,14,Rogers Centre,141,Toronto Blue Jays,TOR,2,False,140,Texas Rangers,TEX,3,True,656546,Jeff Hoffman,Jeffrey,Hoffman,23,1993-01-08,33,"6' 5""",235,1,Pitcher,R,Right,R,Right,"1.1 IP, 0 ER, 2 K, 0 BB",,,,,,,,,,,,,,,,1.1,0,1,0,2,0,24,0,0,0
2026-06-28,822795,,/api/v1.1/game/822795/feed/live,R,2026,2026-06-28,,day,P,N,N,Regular Season,4,4,1,Final,Final,14,Rogers Centre,141,Toronto Blue Jays,TOR,2,False,140,Texas Rangers,TEX,3,True,656302,Dylan Cease,Dylan,Cease,84,1995-12-28,30,"6' 2""",200,1,Pitcher,R,Right,R,Right,,,,,,,,,,,,,,,,,,,,,,,,,,
2026-06-28,822795,,/api/v1.1/game/822795/feed/live,R,2026,2026-06-28,,day,P,N,N,Regular Season,4,4,1,Final,Final,14,Rogers Centre,141,Toronto Blue Jays,TOR,2,False,140,Texas Rangers,TEX,3,True,702056,Trey Yesavage,Trey,Yesavage,39,2003-07-28,22,"6' 4""",225,1,Pitcher,R,Right,R,Right,,,,,,,,,,,,,,,,,,,,,,,,,,
2026-06-28,822795,,/api/v1.1/game/822795/feed/live,R,2026,2026-06-28,,day,P,N,N,Regular Season,4,4,1,Final,Final,14,Rogers Centre,141,Toronto Blue Jays,TOR,2,False,140,Texas Rangers,TEX,3,True,664770,Nathan Lukes,Nathan,Lukes,38,1994-07-12,31,"5' 11""",180,9,Outfielder,L,Left,R,Right,"2-4 | HR, K, 2 RBI",,4,2,0,0,1,2,1,1,0,0,0,0,4,5,,,,,,,,,,
2026-06-28,822795,,/api/v1.1/game/822795/feed/live,R,2026,2026-06-28,,day,P,N,N,Regular Season,4,4,1,Final,Final,14,Rogers Centre,141,Toronto Blue Jays,TOR,2,False,140,Texas Rangers,TEX,3,True,543807,George Springer,George,Springer,4,1989-09-19,36,"6' 1""",220,10,Designated Hitter,R,Right,R,Right,2-4 | R,,4,2,0,0,0,0,1,0,0,0,0,1,4,2,,,,,,,,,,
2026-06-28,822795,,/api/v1.1/game/822795/feed/live,R,2026,2026-06-28,,day,P,N,N,Regular Season,4,4,1,Final,Final,14,Rogers Centre,141,Toronto Blue Jays,TOR,2,False,140,Texas Rangers,TEX,3,True,682818,Yohendrick Piñango,Yohendrick,Pinango,24,2002-05-07,24,"5' 10""",170,7,Outfielder,L,Left,L,Left,0-3 | 2 K,,3,0,0,0,0,0,0,2,0,0,0,0,3,0,,,,,,,,,,
2026-06-28,822795,,/api/v1.1/game/822795/feed/live,R,2026,2026-06-28,,day,P,N,N,Regular Season,4,4,1,Final,Final,14,Rogers Centre,141,Toronto Blue Jays,TOR,2,False,140,Texas Rangers,TEX,3,True,689254,Mason Fluharty,Mason,Fluharty,68,2001-08-13,24,"6' 2""",215,1,Pitcher,R,Right,L,Left,,,,,,,,,,,,,,,,,,,,,,,,,,
2026-06-28,822795,,/api/v1.1/game/822795/feed/live,R,2026,2026-06-28,,day,P,N,N,Regular Season,4,4,1,Final,Final,14,Rogers Centre,141,Toronto Blue Jays,TOR,2,False,140,Texas Rangers,TEX,3,True,680755,Braydon Fisher,Braydon,Fisher,63,2000-07-26,25,"6' 4""",180,1,Pitcher,R,Right,R,Right,,,,,,,,,,,,,,,,,,,,,,,,,,
2026-06-28,822795,,/api/v1.1/game/822795/feed/live,R,2026,2026-06-28,,day,P,N,N,Regular Season,4,4,1,Final,Final,14,Rogers Centre,141,Toronto Blue Jays,TOR,2,False,140,Texas Rangers,TEX,3,True,815873,Sean Keys,Sean,Keys,20,2003-05-26,23,"6' 1""",232,5,Third Base,L,Left,R,Right,,,,,,,,,,,,,,,,,,,,,,,,,,
2026-06-28,822795,,/api/v1.1/game/822795/feed/live,R,2026,2026-06-28,,day,P,N,N,Regular Season,4,4,1,Final,Final,14,Rogers Centre,141,Toronto Blue Jays,TOR,2,False,140,Texas Rangers,TEX,3,True,643511,Tyler Rogers,Tyler,Rogers,71,1990-12-17,35,"6' 3""",180,1,Pitcher,R,Right,R,Right,,,,,,,,,,,,,,,,,,,,,,,,,,
2026-06-28,822795,,/api/v1.1/game/822795/feed/live,R,2026,2026-06-28,,day,P,N,N,Regular Season,4,4,1,Final,Final,14,Rogers Centre,141,Toronto Blue Jays,TOR,2,False,140,Texas Rangers,TEX,3,True,665489,Vladimir Guerrero Jr.,Vladimir,Guerrero,27,1999-03-16,27,"6' 0""",245,3,First Base,R,Right,R,Right,0-4 | K,,4,0,0,0,0,0,0,1,0,0,0,0,4,0,,,,,,,,,,
2026-06-28,822795,,/api/v1.1/game/822795/feed/live,R,2026,2026-06-28,,day,P,N,N,Regular Season,4,4,1,Final,Final,14,Rogers Centre,141,Toronto Blue Jays,TOR,2,False,140,Texas Rangers,TEX,3,True,571578,Patrick Corbin,Patrick,Corbin,46,1989-07-19,36,"6' 4""",225,1,Pitcher,L,Left,L,Left,,,,,,,,,,,,,,,,,,,,,,,,,,
2026-06-28,822795,,/api/v1.1/game/822795/feed/live,R,2026,2026-06-28,,day,P,N,N,Regular Season,4,4,1,Final,Final,14,Rogers Centre,141,Toronto Blue Jays,TOR,2,False,140,Texas Rangers,TEX,3,True,664702,Myles Straw,Myles,Straw,3,1994-10-17,31,"5' 9""",178,9,Outfielder,R,Right,R,Right,,,,,,,,,,,,,,,,,,,,,,,,,,
2026-06-28,822795,,/api/v1.1/game/822795/feed/live,R,2026,2026-06-28,,day,P,N,N,Regular Season,4,4,1,Final,Final,14,Rogers Centre,141,Toronto Blue Jays,TOR,2,False,140,Texas Rangers,TEX,3,True,672386,Alejandro Kirk,Alejandro,Kirk,30,1998-11-06,27,"5' 8""",245,2,Catcher,R,Right,R,Right,0-4,,4,0,0,0,0,0,0,0,0,0,0,0,4,0,,,,,,,,,,
2026-06-28,822795,,/api/v1.1/game/822795/feed/live,R,2026,2026-06-28,,day,P,N,N,Regular Season,4,4,1,Final,Final,14,Rogers Centre,141,Toronto Blue Jays,TOR,2,False,140,Texas Rangers,TEX,3,True,672960,Kazuma Okamoto,Kazuma,Okamoto,7,1996-06-30,29,"6' 1""",220,5,Third Base,R,Right,R,Right,0-4,,4,0,0,0,0,0,0,0,0,0,0,0,4,0,,,,,,,,,,
2026-06-28,822795,,/api/v1.1/game/822795/feed/live,R,2026,2026-06-28,,day,P,N,N,Regular Season,4,4,1,Final,Final,14,Rogers Centre,141,Toronto Blue Jays,TOR,2,False,140,Texas Rangers,TEX,3,True,694497,Evan Carter,Evan,Carter,32,2002-08-29,23,"6' 2""",190,8,Outfielder,L,Left,R,Right,0-2 | K,,2,0,0,0,0,0,0,1,0,0,0,0,2,0,,,,,,,,,,
2026-06-28,822795,,/api/v1.1/game/822795/feed/live,R,2026,2026-06-28,,day,P,N,N,Regular Season,4,4,1,Final,Final,14,Rogers Centre,141,Toronto Blue Jays,TOR,2,False,140,Texas Rangers,TEX,3,True,677958,Kumar Rocker,Kumar,Rocker,80,1999-11-22,26,"6' 5""",245,1,Pitcher,R,Right,R,Right,"6.0 IP, 0 ER, 5 K, BB",,,,,,,,,,,,,,,,6.0,0,4,0,5,1,92,0,0,0
2026-06-28,822795,,/api/v1.1/game/822795/feed/live,R,2026,2026-06-28,,day,P,N,N,Regular Season,4,4,1,Final,Final,14,Rogers Centre,141,Toronto Blue Jays,TOR,2,False,140,Texas Rangers,TEX,3,True,669394,Jake Burger,Jacob,Burger,21,1996-04-10,30,"6' 0""",230,3,First Base,R,Right,R,Right,"0-3 | BB, K",,3,0,0,0,0,0,0,1,1,0,0,0,4,0,,,,,,,,,,
2026-06-28,822795,,/api/v1.1/game/822795/feed/live,R,2026,2026-06-28,,day,P,N,N,Regular Season,4,4,1,Final,Final,14,Rogers Centre,141,Toronto Blue Jays,TOR,2,False,140,Texas Rangers,TEX,3,True,682608,Peyton Gray,Peyton,Gray,75,1995-06-02,31,"6' 4""",235,1,Pitcher,R,Right,R,Right,,,,,,,,,,,,,,,,,,,,,,,,,,
2026-06-28,822795,,/api/v1.1/game/822795/feed/live,R,2026,2026-06-28,,day,P,N,N,Regular Season,4,4,1,Final,Final,14,Rogers Centre,141,Toronto Blue Jays,TOR,2,False,140,Texas Rangers,TEX,3,True,696030,Alejandro Osuna,Tadeo,Osuna,19,2002-10-10,23,"5' 9""",185,7,Outfielder,L,Left,L,Left,0-4 | K,,4,0,0,0,0,0,0,1,0,0,0,1,4,0,,,,,,,,,,
2026-06-28,822795,,/api/v1.1/game/822795/feed/live,R,2026,2026-06-28,,day,P,N,N,Regular Season,4,4,1,Final,Final,14,Rogers Centre,141,Toronto Blue Jays,TOR,2,False,140,Texas Rangers,TEX,3,True,641302,Tyler Alexander,Tyler,Alexander,13,1994-07-14,31,"6' 1""",214,1,Pitcher,R,Right,L,Left,"1.0 IP, 0 ER, K, 0 BB",,,,,,,,,,,,,,,,1.0,0,0,0,1,0,10,0,0,1
2026-06-28,822795,,/api/v1.1/game/822795/feed/live,R,2026,2026-06-28,,day,P,N,N,Regular Season,4,4,1,Final,Final,14,Rogers Centre,141,Toronto Blue Jays,TOR,2,False,140,Texas Rangers,TEX,3,True,592626,Joc Pederson,Joc,Pederson,3,1992-04-21,34,"6' 1""",220,10,Designated Hitter,L,Left,L,Left,"1-5 | HR, 3 K, RBI",,5,1,0,0,1,1,1,3,0,0,0,0,5,4,,,,,,,,,,
2026-06-28,822795,,/api/v1.1/game/822795/feed/live,R,2026,2026-06-28,,day,P,N,N,Regular Season,4,4,1,Final,Final,14,Rogers Centre,141,Toronto Blue Jays,TOR,2,False,140,Texas Rangers,TEX,3,True,656641,Jacob Latz,Jacob,Latz,67,1996-04-08,30,"6' 2""",185,1,Pitcher,R,Right,L,Left,,,,,,,,,,,,,,,,,,,,,,,,,,
2026-06-28,822795,,/api/v1.1/game/822795/feed/live,R,2026,2026-06-28,,day,P,N,N,Regular Season,4,4,1,Final,Final,14,Rogers Centre,141,Toronto Blue Jays,TOR,2,False,140,Texas Rangers,TEX,3,True,605452,Joe Ross,Joseph,Ross,41,1993-05-21,33,"6' 4""",243,1,Pitcher,R,Right,R,Right,,,,,,,,,,,,,,,,,,,,,,,,,,
2026-06-28,822795,,/api/v1.1/game/822795/feed/live,R,2026,2026-06-28,,day,P,N,N,Regular Season,4,4,1,Final,Final,14,Rogers Centre,141,Toronto Blue Jays,TOR,2,False,140,Texas Rangers,TEX,3,True,608369,Corey Seager,Corey,Seager,5,1994-04-27,32,"6' 4""",215,6,Shortstop,L,Left,R,Right,"0-3 | 2 BB, 2 K",,3,0,0,0,0,0,0,2,2,0,0,0,5,0,,,,,,,,,,
2026-06-28,822795,,/api/v1.1/game/822795/feed/live,R,2026,2026-06-28,,day,P,N,N,Regular Season,4,4,1,Final,Final,14,Rogers Centre,141,Toronto Blue Jays,TOR,2,False,140,Texas Rangers,TEX,3,True,615698,Cal Quantrill,Cal,Quantrill,44,1995-02-10,31,"6' 3""",195,1,Pitcher,L,Left,R,Right,,,,,,,,,,,,,,,,,,,,,,,,,,
2026-06-28,822795,,/api/v1.1/game/822795/feed/live,R,2026,2026-06-28,,day,P,N,N,Regular Season,4,4,1,Final,Final,14,Rogers Centre,141,Toronto Blue Jays,TOR,2,False,140,Texas Rangers,TEX,3,True,670032,Nicky Lopez,Nicholas,Lopez,33,1995-03-13,31,"5' 10""",186,4,Second Base,L,Left,R,Right,1-1 | CS,,1,1,0,0,0,0,0,0,0,0,1,0,1,1,,,,,,,,,,
2026-06-28,822795,,/api/v1.1/game/822795/feed/live,R,2026,2026-06-28,,day,P,N,N,Regular Season,4,4,1,Final,Final,14,Rogers Centre,141,Toronto Blue Jays,TOR,2,False,140,Texas Rangers,TEX,3,True,673962,Josh Jung,Joshua,Jung,6,1998-02-12,28,"6' 1""",214,5,Third Base,R,Right,R,Right,"2-5 | 2B, K",,5,2,1,0,0,0,0,1,0,0,0,0,5,3,,,,,,,,,,
2026-06-28,822795,,/api/v1.1/game/822795/feed/live,R,2026,2026-06-28,,day,P,N,N,Regular Season,4,4,1,Final,Final,14,Rogers Centre,141,Toronto Blue Jays,TOR,2,False,140,Texas Rangers,TEX,3,True,679822,Justin Foscue,Justin,Foscue,14,1999-03-02,27,"5' 11""",205,4,Second Base,R,Right,R,Right,0-0 | BB,,0,0,0,0,0,0,0,0,1,0,0,0,1,0,,,,,,,,,,
2026-06-28,822795,,/api/v1.1/game/822795/feed/live,R,2026,2026-06-28,,day,P,N,N,Regular Season,4,4,1,Final,Final,14,Rogers Centre,141,Toronto Blue Jays,TOR,2,False,140,Texas Rangers,TEX,3,True,695239,Robby Ahlstrom,Robert,Ahlstrom,54,1999-06-18,27,"6' 3""",195,1,Pitcher,L,Left,L,Left,,,,,,,,,,,,,,,,,,,,,,,,,,
2026-06-28,822795,,/api/v1.1/game/822795/feed/live,R,2026,2026-06-28,,day,P,N,N,Regular Season,4,4,1,Final,Final,14,Rogers Centre,141,Toronto Blue Jays,TOR,2,False,140,Texas Rangers,TEX,3,True,543309,Kyle Higashioka,Kyle,Higashioka,11,1990-04-20,36,"6' 1""",202,2,Catcher,R,Right,R,Right,,,,,,,,,,,,,,,,,,,,,,,,,,
2026-06-28,822795,,/api/v1.1/game/822795/feed/live,R,2026,2026-06-28,,day,P,N,N,Regular Season,4,4,1,Final,Final,14,Rogers Centre,141,Toronto Blue Jays,TOR,2,False,140,Texas Rangers,TEX,3,True,677649,Ezequiel Duran,Ezequiel,Duran,20,1999-05-22,27,"5' 10""",185,6,Shortstop,R,Right,R,Right,2-4,,4,2,0,0,0,0,0,0,0,0,0,0,4,2,,,,,,,,,,
2026-06-28,822795,,/api/v1.1/game/822795/feed/live,R,2026,2026-06-28,,day,P,N,N,Regular Season,4,4,1,Final,Final,14,Rogers Centre,141,Toronto Blue Jays,TOR,2,False,140,Texas Rangers,TEX,3,True,669022,MacKenzie Gore,MacKenzie,Gore,1,1999-02-24,27,"6' 2""",193,1,Pitcher,L,Left,L,Left,,,,,,,,,,,,,,,,,,,,,,,,,,
2026-06-28,822795,,/api/v1.1/game/822795/feed/live,R,2026,2026-06-28,,day,P,N,N,Regular Season,4,4,1,Final,Final,14,Rogers Centre,141,Toronto Blue Jays,TOR,2,False,140,Texas Rangers,TEX,3,True,594798,Jacob deGrom,Jacob,deGrom,48,1988-06-19,38,"6' 4""",180,1,Pitcher,L,Left,R,Right,,,,,,,,,,,,,,,,,,,,,,,,,,
2026-06-28,822795,,/api/v1.1/game/822795/feed/live,R,2026,2026-06-28,,day,P,N,N,Regular Season,4,4,1,Final,Final,14,Rogers Centre,141,Toronto Blue Jays,TOR,2,False,140,Texas Rangers,TEX,3,True,607043,Brandon Nimmo,Brandon,Nimmo,24,1993-03-27,33,"6' 1""",206,9,Outfielder,L,Left,R,Right,"0-2 | 2 BB, R",,2,0,0,0,0,0,1,0,2,0,0,0,4,0,,,,,,,,,,
2026-06-28,822795,,/api/v1.1/game/822795/feed/live,R,2026,2026-06-28,,day,P,N,N,Regular Season,4,4,1,Final,Final,14,Rogers Centre,141,Toronto Blue Jays,TOR,2,False,140,Texas Rangers,TEX,3,True,596001,Jakob Junis,Jakob,Junis,16,1992-09-16,33,"6' 3""",238,1,Pitcher,R,Right,R,Right,,,,,,,,,,,,,,,,,,,,,,,,,,
2026-06-28,822795,,/api/v1.1/game/822795/feed/live,R,2026,2026-06-28,,day,P,N,N,Regular Season,4,4,1,Final,Final,14,Rogers Centre,141,Toronto Blue Jays,TOR,2,False,140,Texas Rangers,TEX,3,True,553869,Elias Díaz,Elias,Díaz,35,1990-11-17,35,"6' 1""",223,2,Catcher,R,Right,R,Right,"2-4 | K, RBI",,4,2,0,0,0,1,0,1,0,0,0,0,4,2,,,,,,,,,,
2026-06-28,822795,,/api/v1.1/game/822795/feed/live,R,2026,2026-06-28,,day,P,N,N,Regular Season,4,4,1,Final,Final,14,Rogers Centre,141,Toronto Blue Jays,TOR,2,False,140,Texas Rangers,TEX,3,True,672284,Jarred Kelenic,Jarred,Kelenic,25,1999-07-16,26,"5' 11""",206,9,Outfielder,L,Left,L,Left,0-0 | R,,0,0,0,0,0,0,1,0,0,0,0,0,0,0,,,,,,,,,,
2026-06-28,822795,,/api/v1.1/game/822795/feed/live,R,2026,2026-06-28,,day,P,N,N,Regular Season,4,4,1,Final,Final,14,Rogers Centre,141,Toronto Blue Jays,TOR,2,False,140,Texas Rangers,TEX,3,True,543135,Nathan Eovaldi,Nathan,Eovaldi,17,1990-02-13,36,"6' 2""",217,1,Pitcher,R,Right,R,Right,,,,,,,,,,,,,,,,,,,,,,,,,,
2026-06-28,822795,,/api/v1.1/game/822795/feed/live,R,2026,2026-06-28,,day,P,N,N,Regular Season,4,4,1,Final,Final,14,Rogers Centre,141,Toronto Blue Jays,TOR,2,False,140,Texas Rangers,TEX,3,True,692437,Winston Santos,Winston,Santos,84,2002-04-15,24,"6' 0""",160,1,Pitcher,R,Right,R,Right,,,,,,,,,,,,,,,,,,,,,,,,,,
2026-06-28,822795,,/api/v1.1/game/822795/feed/live,R,2026,2026-06-28,,day,P,N,N,Regular Season,4,4,1,Final,Final,14,Rogers Centre,141,Toronto Blue Jays,TOR,2,False,140,Texas Rangers,TEX,3,True,668390,Cole Winn,Cole,Winn,60,1999-11-25,26,"6' 2""",190,1,Pitcher,R,Right,R,Right,"2.0 IP, 2 ER, 2 K, 0 BB",,,,,,,,,,,,,,,,2.0,2,2,1,2,0,28,1,0,0
2026-06-28,824256,,/api/v1.1/game/824256/feed/live,R,2026,2026-06-28,,day,P,N,N,Regular Season,4,4,1,Final,Final,2394,Comerica Park,116,Detroit Tigers,DET,5,False,117,Houston Astros,HOU,7,True,664285,Framber Valdez,Framber,Valdez,59,1993-11-19,32,"5' 11""",230,1,Pitcher,R,Right,L,Left,,,,,,,,,,,,,,,,,,,,,,,,,,
2026-06-28,824256,,/api/v1.1/game/824256/feed/live,R,2026,2026-06-28,,day,P,N,N,Regular Season,4,4,1,Final,Final,2394,Comerica Park,116,Detroit Tigers,DET,5,False,117,Houston Astros,HOU,7,True,656716,Zach McKinstry,Zachary,McKinstry,39,1995-04-29,31,"5' 11""",180,4,Second Base,L,Left,R,Right,"2-5 | HR, 2 RBI, R",,5,2,0,0,1,2,1,0,0,0,0,1,5,5,,,,,,,,,,
2026-06-28,824256,,/api/v1.1/game/824256/feed/live,R,2026,2026-06-28,,day,P,N,N,Regular Season,4,4,1,Final,Final,2394,Comerica Park,116,Detroit Tigers,DET,5,False,117,Houston Astros,HOU,7,True,669373,Tarik Skubal,Tarik,Skubal,29,1996-11-20,29,"6' 3""",240,1,Pitcher,R,Right,L,Left,,,,,,,,,,,,,,,,,,,,,,,,,,
2026-06-28,824256,,/api/v1.1/game/824256/feed/live,R,2026,2026-06-28,,day,P,N,N,Regular Season,4,4,1,Final,Final,2394,Comerica Park,116,Detroit Tigers,DET,5,False,117,Houston Astros,HOU,7,True,663554,Casey Mize,Casey,Mize,12,1997-05-01,29,"6' 3""",212,1,Pitcher,R,Right,R,Right,,,,,,,,,,,,,,,,,,,,,,,,,,
2026-06-28,824256,,/api/v1.1/game/824256/feed/live,R,2026,2026-06-28,,day,P,N,N,Regular Season,4,4,1,Final,Final,2394,Comerica Park,116,Detroit Tigers,DET,5,False,117,Houston Astros,HOU,7,True,701678,Hao-Yu Lee,Hao-Yu,Lee,50,2003-02-03,23,"5' 9""",190,4,Second Base,R,Right,R,Right,"0-4 | BB, K, CS",,4,0,0,0,0,0,0,1,1,0,1,0,5,0,,,,,,,,,,
2026-06-28,824256,,/api/v1.1/game/824256/feed/live,R,2026,2026-06-28,,day,P,N,N,Regular Season,4,4,1,Final,Final,2394,Comerica Park,116,Detroit Tigers,DET,5,False,117,Houston Astros,HOU,7,True,663330,Jahmai Jones,Jahmai,Jones,18,1997-08-04,28,"5' 10""",210,10,Designated Hitter,R,Right,R,Right,0-0 | BB,,0,0,0,0,0,0,0,0,1,0,0,0,1,0,,,,,,,,,,
2026-06-28,824256,,/api/v1.1/game/824256/feed/live,R,2026,2026-06-28,,day,P,N,N,Regular Season,4,4,1,Final,Final,2394,Comerica Park,116,Detroit Tigers,DET,5,False,117,Houston Astros,HOU,7,True,623454,Drew Anderson,Andrew,Anderson,38,1994-03-22,32,"6' 3""",205,1,Pitcher,R,Right,R,Right,,,,,,,,,,,,,,,,,,,,,,,,,,
2026-06-28,824256,,/api/v1.1/game/824256/feed/live,R,2026,2026-06-28,,day,P,N,N,Regular Season,4,4,1,Final,Final,2394,Comerica Park,116,Detroit Tigers,DET,5,False,117,Houston Astros,HOU,7,True,621097,Jacob Waguespack,Jacob,Waguespack,58,1993-11-05,32,"6' 6""",228,1,Pitcher,R,Right,R,Right,0-0,,0,0,0,0,0,0,0,0,0,0,0,0,0,0,0.2,0,0,0,0,0,5,0,0,0
2026-06-28,824256,,/api/v1.1/game/824256/feed/live,R,2026,2026-06-28,,day,P,N,N,Regular Season,4,4,1,Final,Final,2394,Comerica Park,116,Detroit Tigers,DET,5,False,117,Houston Astros,HOU,7,True,682985,Riley Greene,Riley,Greene,31,2000-09-28,25,"6' 2""",200,7,Outfielder,L,Left,L,Left,"0-5 | 2 K, R",,5,0,0,0,0,0,1,2,0,0,0,0,5,0,,,,,,,,,,
2026-06-28,824256,,/api/v1.1/game/824256/feed/live,R,2026,2026-06-28,,day,P,N,N,Regular Season,4,4,1,Final,Final,2394,Comerica Park,116,Detroit Tigers,DET,5,False,117,Houston Astros,HOU,7,True,663947,Tyler Holton,Weston,Holton,87,1996-06-13,30,"6' 2""",200,1,Pitcher,L,Left,L,Left,"1.2 IP, 0 ER, 0 K, 0 BB",,,,,,,,,,,,,,,,1.2,0,1,1,0,0,21,0,0,0
2026-06-28,824256,,/api/v1.1/game/824256/feed/live,R,2026,2026-06-28,,day,P,N,N,Regular Season,4,4,1,Final,Final,2394,Comerica Park,116,Detroit Tigers,DET,5,False,117,Houston Astros,HOU,7,True,805808,Kevin McGonigle,Kevin,McGonigle,7,2004-08-18,21,"5' 9""",187,6,Shortstop,L,Left,R,Right,"0-2 | 3 BB, K, R",,2,0,0,0,0,0,1,1,3,0,0,0,5,0,,,,,,,,,,
2026-06-28,824256,,/api/v1.1/game/824256/feed/live,R,2026,2026-06-28,,day,P,N,N,Regular Season,4,4,1,Final,Final,2394,Comerica Park,116,Detroit Tigers,DET,5,False,117,Houston Astros,HOU,7,True,681481,Kerry Carpenter,Kerry,Carpenter,30,1997-09-02,28,"6' 1""",220,9,Outfielder,L,Left,R,Right,"2-3 | K, R",,3,2,0,0,0,0,1,1,0,0,0,0,3,2,,,,,,,,,,
2026-06-28,824256,,/api/v1.1/game/824256/feed/live,R,2026,2026-06-28,,day,P,N,N,Regular Season,4,4,1,Final,Final,2394,Comerica Park,116,Detroit Tigers,DET,5,False,117,Houston Astros,HOU,7,True,640448,Kyle Finnegan,Kyle,Finnegan,67,1991-09-04,34,"6' 2""",198,1,Pitcher,R,Right,R,Right,"1.1 IP, ER, 3 K, BB",,,,,,,,,,,,,,,,1.1,1,2,1,3,1,27,0,0,0
2026-06-28,824256,,/api/v1.1/game/824256/feed/live,R,2026,2026-06-28,,day,P,N,N,Regular Season,4,4,1,Final,Final,2394,Comerica Park,116,Detroit Tigers,DET,5,False,117,Houston Astros,HOU,7,True,445276,Kenley Jansen,Kenley,Jansen,74,1987-09-30,38,"6' 5""",265,1,Pitcher,S,Switch,R,Right,0-0,,0,0,0,0,0,0,0,0,0,0,0,0,0,0,1.1,3,2,1,1,1,28,0,1,0
2026-06-28,824256,,/api/v1.1/game/824256/feed/live,R,2026,2026-06-28,,day,P,N,N,Regular Season,4,4,1,Final,Final,2394,Comerica Park,116,Detroit Tigers,DET,5,False,117,Houston Astros,HOU,7,True,656427,Jack Flaherty,Jack,Flaherty,9,1995-10-15,30,"6' 4""",225,1,Pitcher,R,Right,R,Right,"5.0 IP, 0 ER, 9 K, 3 BB",,,,,,,,,,,,,,,,5.0,0,2,0,9,3,94,0,0,0
2026-06-28,824256,,/api/v1.1/game/824256/feed/live,R,2026,2026-06-28,,day,P,N,N,Regular Season,4,4,1,Final,Final,2394,Comerica Park,116,Detroit Tigers,DET,5,False,117,Houston Astros,HOU,7,True,679529,Spencer Torkelson,Spencer,Torkelson,20,1999-08-26,26,"6' 1""",220,3,First Base,R,Right,R,Right,"2-2 | HR, 2 RBI, R",,2,2,0,0,1,2,1,0,0,0,0,0,2,5,,,,,,,,,,
2026-06-28,824256,,/api/v1.1/game/824256/feed/live,R,2026,2026-06-28,,day,P,N,N,Regular Season,4,4,1,Final,Final,2394,Comerica Park,116,Detroit Tigers,DET,5,False,117,Houston Astros,HOU,7,True,805427,Drew Sommers,Drew,Sommers,51,2000-08-14,25,"6' 3""",250,1,Pitcher,L,Left,L,Left,,,,,,,,,,,,,,,,,,,,,,,,,,
2026-06-28,824256,,/api/v1.1/game/824256/feed/live,R,2026,2026-06-28,,day,P,N,N,Regular Season,4,4,1,Final,Final,2394,Comerica Park,116,Detroit Tigers,DET,5,False,117,Houston Astros,HOU,7,True,672456,Keider Montero,Keider,Montero,54,2000-07-06,25,"6' 1""",145,1,Pitcher,R,Right,R,Right,,,,,,,,,,,,,,,,,,,,,,,,,,
2026-06-28,824256,,/api/v1.1/game/824256/feed/live,R,2026,2026-06-28,,day,P,N,N,Regular Season,4,4,1,Final,Final,2394,Comerica Park,116,Detroit Tigers,DET,5,False,117,Houston Astros,HOU,7,True,701162,Ben Malgeri,Benjamin,Malgeri,53,2000-01-12,26,"6' 1""",215,8,Outfielder,R,Right,R,Right,0-0 | 2 BB,,0,0,0,0,0,0,0,0,2,0,0,0,2,0,,,,,,,,,,
2026-06-28,824256,,/api/v1.1/game/824256/feed/live,R,2026,2026-06-28,,day,P,N,N,Regular Season,4,4,1,Final,Final,2394,Comerica Park,116,Detroit Tigers,DET,5,False,117,Houston Astros,HOU,7,True,668670,Jake Rogers,Jacob,Rogers,34,1995-04-18,31,"5' 11""",201,2,Catcher,R,Right,R,Right,,,,,,,,,,,,,,,,,,,,,,,,,,
2026-06-28,824256,,/api/v1.1/game/824256/feed/live,R,2026,2026-06-28,,day,P,N,N,Regular Season,4,4,1,Final,Final,2394,Comerica Park,116,Detroit Tigers,DET,5,False,117,Houston Astros,HOU,7,True,681546,James Outman,James,Outman,43,1997-05-14,29,"6' 2""",215,8,Outfielder,L,Left,R,Right,1-3 | K,,3,1,0,0,0,0,0,1,0,0,0,0,3,1,,,,,,,,,,
2026-06-28,824256,,/api/v1.1/game/824256/feed/live,R,2026,2026-06-28,,day,P,N,N,Regular Season,4,4,1,Final,Final,2394,Comerica Park,116,Detroit Tigers,DET,5,False,117,Houston Astros,HOU,7,True,663837,Matt Vierling,Matthew,Vierling,8,1996-09-16,29,"6' 1""",205,8,Outfielder,R,Right,R,Right,1-4 | SB,,4,1,0,0,0,0,0,0,0,1,0,0,5,1,,,,,,,,,,
2026-06-28,824256,,/api/v1.1/game/824256/feed/live,R,2026,2026-06-28,,day,P,N,N,Regular Season,4,4,1,Final,Final,2394,Comerica Park,116,Detroit Tigers,DET,5,False,117,Houston Astros,HOU,7,True,693307,Dillon Dingler,Francis,Dingler,13,1998-09-17,27,"6' 1""",210,2,Catcher,R,Right,R,Right,0-5 | K,,5,0,0,0,0,0,0,1,0,0,0,0,5,0,,,,,,,,,,
2026-06-28,824256,,/api/v1.1/game/824256/feed/live,R,2026,2026-06-28,,day,P,N,N,Regular Season,4,4,1,Final,Final,2394,Comerica Park,116,Detroit Tigers,DET,5,False,117,Houston Astros,HOU,7,True,676684,Will Vest,William,Vest,19,1995-06-06,31,"6' 0""",180,1,Pitcher,R,Right,R,Right,,,,,,,,,,,,,,,,,,,,,,,,,,
2026-06-28,824256,,/api/v1.1/game/824256/feed/live,R,2026,2026-06-28,,day,P,N,N,Regular Season,4,4,1,Final,Final,2394,Comerica Park,116,Detroit Tigers,DET,5,False,117,Houston Astros,HOU,7,True,690993,Colt Keith,Colten,Keith,33,2001-08-14,24,"6' 2""",211,5,Third Base,L,Left,R,Right,1-4 | 2B,,4,1,1,0,0,0,0,0,0,0,0,0,4,2,,,,,,,,,,
2026-06-28,824256,,/api/v1.1/game/824256/feed/live,R,2026,2026-06-28,,day,P,N,N,Regular Season,4,4,1,Final,Final,2394,Comerica Park,116,Detroit Tigers,DET,5,False,117,Houston Astros,HOU,7,True,675512,Troy Melton,Troy,Melton,52,2000-12-03,25,"6' 4""",210,1,Pitcher,R,Right,R,Right,,,,,,,,,,,,,,,,,,,,,,,,,,
2026-06-28,824256,,/api/v1.1/game/824256/feed/live,R,2026,2026-06-28,,day,P,N,N,Regular Season,4,4,1,Final,Final,2394,Comerica Park,116,Detroit Tigers,DET,5,False,117,Houston Astros,HOU,7,True,670623,Isaac Paredes,Isaac,Paredes,15,1999-02-18,27,"5' 11""",213,5,Third Base,R,Right,R,Right,"3-5 | HR, 2 RBI, 2 R",,5,3,0,0,1,2,2,0,0,0,0,0,5,6,,,,,,,,,,
2026-06-28,824256,,/api/v1.1/game/824256/feed/live,R,2026,2026-06-28,,day,P,N,N,Regular Season,4,4,1,Final,Final,2394,Comerica Park,116,Detroit Tigers,DET,5,False,117,Houston Astros,HOU,7,True,650556,Bryan Abreu,Bryan,Abreu,52,1997-04-22,29,"6' 1""",230,1,Pitcher,R,Right,R,Right,"0.2 IP, 0 ER, 0 K, BB",,,,,,,,,,,,,,,,0.2,0,1,0,0,1,15,0,0,0
2026-06-28,824256,,/api/v1.1/game/824256/feed/live,R,2026,2026-06-28,,day,P,N,N,Regular Season,4,4,1,Final,Final,2394,Comerica Park,116,Detroit Tigers,DET,5,False,117,Houston Astros,HOU,7,True,701358,Cam Smith,Cameron,Smith,11,2003-02-22,23,"6' 3""",224,9,Outfielder,R,Right,R,Right,0-3 | K,,3,0,0,0,0,0,0,1,0,0,0,0,3,0,,,,,,,,,,
2026-06-28,824256,,/api/v1.1/game/824256/feed/live,R,2026,2026-06-28,,day,P,N,N,Regular Season,4,4,1,Final,Final,2394,Comerica Park,116,Detroit Tigers,DET,5,False,117,Houston Astros,HOU,7,True,686613,Hunter Brown,Hunter,Brown,58,1998-08-29,27,"6' 2""",220,1,Pitcher,R,Right,R,Right,"6.0 IP, 2 ER, 4 K, 2 BB",,,,,,,,,,,,,,,,6.0,2,5,1,4,2,103,0,0,0
2026-06-28,824256,,/api/v1.1/game/824256/feed/live,R,2026,2026-06-28,,day,P,N,N,Regular Season,4,4,1,Final,Final,2394,Comerica Park,116,Detroit Tigers,DET,5,False,117,Houston Astros,HOU,7,True,623352,Josh Hader,Josh,Hader,71,1994-04-07,32,"6' 3""",188,1,Pitcher,L,Left,L,Left,"1.0 IP, 0 ER, 2 K, 3 BB",,,,,,,,,,,,,,,,1.0,0,0,0,2,3,29,1,0,0
2026-06-28,824256,,/api/v1.1/game/824256/feed/live,R,2026,2026-06-28,,day,P,N,N,Regular Season,4,4,1,Final,Final,2394,Comerica Park,116,Detroit Tigers,DET,5,False,117,Houston Astros,HOU,7,True,660853,Enyel De Los Santos,Enyel,De Los Santos,65,1995-12-25,30,"6' 3""",235,1,Pitcher,R,Right,R,Right,"1.0 IP, ER, K, BB",,,,,,,,,,,,,,,,1.0,1,2,1,1,1,25,0,0,0
2026-06-28,824256,,/api/v1.1/game/824256/feed/live,R,2026,2026-06-28,,day,P,N,N,Regular Season,4,4,1,Final,Final,2394,Comerica Park,116,Detroit Tigers,DET,5,False,117,Houston Astros,HOU,7,True,676694,Jake Meyers,Jacob,Meyers,6,1996-06-18,30,"6' 0""",200,8,Outfielder,R,Right,L,Left,"1-4 | 2B, K, R",,4,1,1,0,0,0,1,1,0,0,0,0,4,2,,,,,,,,,,
2026-06-28,824256,,/api/v1.1/game/824256/feed/live,R,2026,2026-06-28,,day,P,N,N,Regular Season,4,4,1,Final,Final,2394,Comerica Park,116,Detroit Tigers,DET,5,False,117,Houston Astros,HOU,7,True,595345,Steven Okert,Steven,Okert,48,1991-07-09,34,"6' 2""",202,1,Pitcher,L,Left,L,Left,"0.1 IP, 0 ER, 0 K, 0 BB",,,,,,,,,,,,,,,,0.1,0,0,0,0,0,3,0,0,0
2026-06-28,824256,,/api/v1.1/game/824256/feed/live,R,2026,2026-06-28,,day,P,N,N,Regular Season,4,4,1,Final,Final,2394,Comerica Park,116,Detroit Tigers,DET,5,False,117,Houston Astros,HOU,7,True,694728,Brice Matthews,Brice,Matthews,0,2002-03-16,24,"5' 10""",190,8,Outfielder,R,Right,R,Right,0-3 | K,,3,0,0,0,0,0,0,1,0,0,0,0,3,0,,,,,,,,,,
2026-06-28,824256,,/api/v1.1/game/824256/feed/live,R,2026,2026-06-28,,day,P,N,N,Regular Season,4,4,1,Final,Final,2394,Comerica Park,116,Detroit Tigers,DET,5,False,117,Houston Astros,HOU,7,True,805123,AJ Blubaugh,Alan,Blubaugh,69,2000-07-04,25,"6' 2""",190,1,Pitcher,R,Right,R,Right,,,,,,,,,,,,,,,,,,,,,,,,,,
2026-06-28,824256,,/api/v1.1/game/824256/feed/live,R,2026,2026-06-28,,day,P,N,N,Regular Season,4,4,1,Final,Final,2394,Comerica Park,116,Detroit Tigers,DET,5,False,117,Houston Astros,HOU,7,True,666211,Taylor Trammell,Taylor,Trammell,26,1997-09-13,28,"6' 1""",220,8,Outfielder,L,Left,L,Left,0-1 | BB,,1,0,0,0,0,0,0,0,1,0,0,0,2,0,,,,,,,,,,
2026-06-28,824256,,/api/v1.1/game/824256/feed/live,R,2026,2026-06-28,,day,P,N,N,Regular Season,4,4,1,Final,Final,2394,Comerica Park,116,Detroit Tigers,DET,5,False,117,Houston Astros,HOU,7,True,514888,Jose Altuve,Jose,Altuve,27,1990-05-06,36,"5' 6""",167,4,Second Base,R,Right,R,Right,,,,,,,,,,,,,,,,,,,,,,,,,,
2026-06-28,824256,,/api/v1.1/game/824256/feed/live,R,2026,2026-06-28,,day,P,N,N,Regular Season,4,4,1,Final,Final,2394,Comerica Park,116,Detroit Tigers,DET,5,False,117,Houston Astros,HOU,7,True,694388,Joey Loperfido,Mario,Loperfido,10,1999-05-11,27,"6' 3""",220,7,Outfielder,L,Left,R,Right,"0-1 | BB, K",,1,0,0,0,0,0,0,1,1,0,0,0,2,0,,,,,,,,,,
2026-06-28,824256,,/api/v1.1/game/824256/feed/live,R,2026,2026-06-28,,day,P,N,N,Regular Season,4,4,1,Final,Final,2394,Comerica Park,116,Detroit Tigers,DET,5,False,117,Houston Astros,HOU,7,True,837227,Tatsuya Imai,Tatsuya,Imai,45,1998-05-09,28,"5' 11""",176,1,Pitcher,R,Right,R,Right,,,,,,,,,,,,,,,,,,,,,,,,,,
2026-06-28,824256,,/api/v1.1/game/824256/feed/live,R,2026,2026-06-28,,day,P,N,N,Regular Season,4,4,1,Final,Final,2394,Comerica Park,116,Detroit Tigers,DET,5,False,117,Houston Astros,HOU,7,True,665161,Jeremy Peña,Jeremy,Peña,3,1997-09-22,28,"6' 0""",202,6,Shortstop,R,Right,R,Right,"1-5 | 4 K, R",,5,1,0,0,0,0,1,4,0,0,0,0,5,1,,,,,,,,,,
2026-06-28,824256,,/api/v1.1/game/824256/feed/live,R,2026,2026-06-28,,day,P,N,N,Regular Season,4,4,1,Final,Final,2394,Comerica Park,116,Detroit Tigers,DET,5,False,117,Houston Astros,HOU,7,True,669384,Raynel Delgado,Raynel,Delgado,29,2000-04-04,26,"6' 0""",210,4,Second Base,L,Left,R,Right,"1-4 | HR, K, 2 RBI",,4,1,0,0,1,2,1,1,0,0,0,0,4,4,,,,,,,,,,
2026-06-28,824256,,/api/v1.1/game/824256/feed/live,R,2026,2026-06-28,,day,P,N,N,Regular Season,4,4,1,Final,Final,2394,Comerica Park,116,Detroit Tigers,DET,5,False,117,Houston Astros,HOU,7,True,663567,Peter Lambert,Peter,Lambert,38,1997-04-18,29,"6' 2""",208,1,Pitcher,R,Right,R,Right,,,,,,,,,,,,,,,,,,,,,,,,,,
2026-06-28,824256,,/api/v1.1/game/824256/feed/live,R,2026,2026-06-28,,day,P,N,N,Regular Season,4,4,1,Final,Final,2394,Comerica Park,116,Detroit Tigers,DET,5,False,117,Houston Astros,HOU,7,True,681347,Mike Burrows,Michael,Burrows,50,1999-11-08,26,"6' 1""",200,1,Pitcher,R,Right,R,Right,,,,,,,,,,,,,,,,,,,,,,,,,,
2026-06-28,824256,,/api/v1.1/game/824256/feed/live,R,2026,2026-06-28,,day,P,N,N,Regular Season,4,4,1,Final,Final,2394,Comerica Park,116,Detroit Tigers,DET,5,False,117,Houston Astros,HOU,7,True,687911,Bryan King,Bryan,King,74,1996-11-05,29,"6' 1""",205,1,Pitcher,R,Right,L,Left,"1.0 IP, 0 ER, 0 K, 0 BB",,,,,,,,,,,,,,,,1.0,0,1,0,0,0,8,0,0,0
2026-06-28,824256,,/api/v1.1/game/824256/feed/live,R,2026,2026-06-28,,day,P,N,N,Regular Season,4,4,1,Final,Final,2394,Comerica Park,116,Detroit Tigers,DET,5,False,117,Houston Astros,HOU,7,True,572233,Christian Walker,Christian,Walker,8,1991-03-28,35,"5' 11""",208,3,First Base,R,Right,R,Right,"1-4 | HR, BB, K",,4,1,0,0,1,3,1,1,1,0,0,0,5,4,,,,,,,,,,
2026-06-28,824256,,/api/v1.1/game/824256/feed/live,R,2026,2026-06-28,,day,P,N,N,Regular Season,4,4,1,Final,Final,2394,Comerica Park,116,Detroit Tigers,DET,5,False,117,Houston Astros,HOU,7,True,699044,Miguel Ullola,Miguel,Ullola,66,2002-06-19,24,"6' 1""",205,1,Pitcher,R,Right,R,Right,,,,,,,,,,,,,,,,,,,,,,,,,,
2026-06-28,824256,,/api/v1.1/game/824256/feed/live,R,2026,2026-06-28,,day,P,N,N,Regular Season,4,4,1,Final,Final,2394,Comerica Park,116,Detroit Tigers,DET,5,False,117,Houston Astros,HOU,7,True,663878,Nate Pearson,Nathan,Pearson,55,1996-08-20,29,"6' 6""",255,1,Pitcher,R,Right,R,Right,,,,,,,,,,,,,,,,,,,,,,,,,,
2026-06-28,824256,,/api/v1.1/game/824256/feed/live,R,2026,2026-06-28,,day,P,N,N,Regular Season,4,4,1,Final,Final,2394,Comerica Park,116,Detroit Tigers,DET,5,False,117,Houston Astros,HOU,7,True,681293,Spencer Arrighetti,Spencer,Arrighetti,41,2000-01-02,26,"6' 2""",186,1,Pitcher,R,Right,R,Right,,,,,,,,,,,,,,,,,,,,,,,,,,
2026-06-28,824256,,/api/v1.1/game/824256/feed/live,R,2026,2026-06-28,,day,P,N,N,Regular Season,4,4,1,Final,Final,2394,Comerica Park,116,Detroit Tigers,DET,5,False,117,Houston Astros,HOU,7,True,543877,Christian Vázquez,Christian,Vázquez,2,1990-08-21,35,"5' 8""",205,2,Catcher,R,Right,R,Right,,,,,,,,,,,,,,,,,,,,,,,,,,
2026-06-28,824256,,/api/v1.1/game/824256/feed/live,R,2026,2026-06-28,,day,P,N,N,Regular Season,4,4,1,Final,Final,2394,Comerica Park,116,Detroit Tigers,DET,5,False,117,Houston Astros,HOU,7,True,673237,Yainer Diaz,Yainer,Diaz,21,1998-09-21,27,"5' 11""",195,2,Catcher,R,Right,R,Right,0-5 | 2 K,,5,0,0,0,0,0,0,2,0,0,0,0,5,0,,,,,,,,,,
2026-06-28,824256,,/api/v1.1/game/824256/feed/live,R,2026,2026-06-28,,day,P,N,N,Regular Season,4,4,1,Final,Final,2394,Comerica Park,116,Detroit Tigers,DET,5,False,117,Houston Astros,HOU,7,True,670541,Yordan Alvarez,Yordan,Alvarez,44,1997-06-27,29,"6' 4""",237,10,Designated Hitter,L,Left,R,Right,"0-3 | 2 BB, K, R",,3,0,0,0,0,0,1,1,2,0,0,0,5,0,,,,,,,,,,
2026-06-28,824422,,/api/v1.1/game/824422/feed/live,R,2026,2026-06-28,,day,P,N,N,Regular Season,3,3,1,Final,Final,5,Progressive Field,114,Cleveland Guardians,CLE,6,True,136,Seattle Mariners,SEA,5,False,542888,Shawn Armstrong,Shawn,Armstrong,43,1990-09-11,35,"6' 2""",225,1,Pitcher,R,Right,R,Right,"0.2 IP, ER, 2 K, 0 BB",,,,,,,,,,,,,,,,0.2,1,2,0,2,0,18,0,0,0
2026-06-28,824422,,/api/v1.1/game/824422/feed/live,R,2026,2026-06-28,,day,P,N,N,Regular Season,3,3,1,Final,Final,5,Progressive Field,114,Cleveland Guardians,CLE,6,True,136,Seattle Mariners,SEA,5,False,696135,Kahlil Watson,Kahlil,Watson,31,2003-04-16,23,"5' 9""",178,9,Outfielder,L,Left,R,Right,"2-3 | K, SB",,3,2,0,0,0,0,0,1,0,1,0,0,3,2,,,,,,,,,,
2026-06-28,824422,,/api/v1.1/game/824422/feed/live,R,2026,2026-06-28,,day,P,N,N,Regular Season,3,3,1,Final,Final,5,Progressive Field,114,Cleveland Guardians,CLE,6,True,136,Seattle Mariners,SEA,5,False,800050,Chase DeLauter,Chase,DeLauter,24,2001-10-08,24,"6' 3""",235,9,Outfielder,L,Left,L,Left,"2-5 | K, 2 RBI, R",,5,2,0,0,0,2,1,1,0,0,0,0,5,2,,,,,,,,,,
2026-06-28,824422,,/api/v1.1/game/824422/feed/live,R,2026,2026-06-28,,day,P,N,N,Regular Season,3,3,1,Final,Final,5,Progressive Field,114,Cleveland Guardians,CLE,6,True,136,Seattle Mariners,SEA,5,False,595978,Austin Hedges,Austin,Hedges,27,1992-08-18,33,"6' 0""",220,2,Catcher,R,Right,R,Right,1-2,,2,1,0,0,0,0,0,0,0,0,0,0,2,1,,,,,,,,,,
2026-06-28,824422,,/api/v1.1/game/824422/feed/live,R,2026,2026-06-28,,day,P,N,N,Regular Season,3,3,1,Final,Final,5,Progressive Field,114,Cleveland Guardians,CLE,6,True,136,Seattle Mariners,SEA,5,False,683953,Travis Bazzana,Travis,Bazzana,37,2002-08-28,23,"5' 11""",199,4,Second Base,L,Left,R,Right,"0-3 | BB, K, RBI",,3,0,0,0,0,1,0,1,1,0,0,0,5,0,,,,,,,,,,
2026-06-28,824422,,/api/v1.1/game/824422/feed/live,R,2026,2026-06-28,,day,P,N,N,Regular Season,3,3,1,Final,Final,5,Progressive Field,114,Cleveland Guardians,CLE,6,True,136,Seattle Mariners,SEA,5,False,682177,Daniel Schneemann,Daniel,Schneemann,10,1997-01-23,29,"6' 0""",185,8,Outfielder,L,Left,R,Right,"2-2 | 2B, RBI, R",,2,2,1,0,0,1,1,0,0,0,0,0,2,3,,,,,,,,,,
2026-06-28,824422,,/api/v1.1/game/824422/feed/live,R,2026,2026-06-28,,day,P,N,N,Regular Season,3,3,1,Final,Final,5,Progressive Field,114,Cleveland Guardians,CLE,6,True,136,Seattle Mariners,SEA,5,False,677944,Slade Cecconi,Slade,Cecconi,44,1999-06-24,27,"6' 4""",219,1,Pitcher,R,Right,R,Right,,,,,,,,,,,,,,,,,,,,,,,,,,
2026-06-28,824422,,/api/v1.1/game/824422/feed/live,R,2026,2026-06-28,,day,P,N,N,Regular Season,3,3,1,Final,Final,5,Progressive Field,114,Cleveland Guardians,CLE,6,True,136,Seattle Mariners,SEA,5,False,672275,Patrick Bailey,Patrick,Bailey,16,1999-05-29,27,"6' 0""",223,2,Catcher,S,Switch,R,Right,0-1 | K,,1,0,0,0,0,0,0,1,0,0,0,0,2,0,,,,,,,,,,
2026-06-28,824422,,/api/v1.1/game/824422/feed/live,R,2026,2026-06-28,,day,P,N,N,Regular Season,3,3,1,Final,Final,5,Progressive Field,114,Cleveland Guardians,CLE,6,True,136,Seattle Mariners,SEA,5,False,677587,Brayan Rocchio,Brayan,Rocchio,4,2001-01-13,25,"5' 9""",170,6,Shortstop,S,Switch,R,Right,"1-4 | BB, R, SB",,4,1,0,0,0,0,1,0,1,1,0,0,5,1,,,,,,,,,,
2026-06-28,824422,,/api/v1.1/game/824422/feed/live,R,2026,2026-06-28,,day,P,N,N,Regular Season,3,3,1,Final,Final,5,Progressive Field,114,Cleveland Guardians,CLE,6,True,136,Seattle Mariners,SEA,5,False,672356,Gabriel Arias,Gabriel,Arias,13,2000-02-27,26,"6' 1""",217,6,Shortstop,R,Right,R,Right,1-2 | R,,2,1,0,0,0,0,1,0,0,0,0,0,2,1,,,,,,,,,,
2026-06-28,824422,,/api/v1.1/game/824422/feed/live,R,2026,2026-06-28,,day,P,N,N,Regular Season,3,3,1,Final,Final,5,Progressive Field,114,Cleveland Guardians,CLE,6,True,136,Seattle Mariners,SEA,5,False,670036,Matt Festa,Matthew,Festa,52,1993-03-11,33,"6' 1""",195,1,Pitcher,R,Right,R,Right,"1.1 IP, 0 ER, 0 K, BB",,,,,,,,,,,,,,,,1.1,0,2,0,0,1,20,1,0,0
2026-06-28,824422,,/api/v1.1/game/824422/feed/live,R,2026,2026-06-28,,day,P,N,N,Regular Season,3,3,1,Final,Final,5,Progressive Field,114,Cleveland Guardians,CLE,6,True,136,Seattle Mariners,SEA,5,False,670059,Colin Holderman,Colin,Holderman,35,1995-10-08,30,"6' 6""",230,1,Pitcher,R,Right,R,Right,,,,,,,,,,,,,,,,,,,,,,,,,,
2026-06-28,824422,,/api/v1.1/game/824422/feed/live,R,2026,2026-06-28,,day,P,N,N,Regular Season,3,3,1,Final,Final,5,Progressive Field,114,Cleveland Guardians,CLE,6,True,136,Seattle Mariners,SEA,5,False,681807,David Fry,David,Fry,6,1995-11-20,30,"6' 1""",215,9,Outfielder,R,Right,R,Right,0-1 | BB,,1,0,0,0,0,0,0,0,1,0,0,0,2,0,,,,,,,,,,
2026-06-28,824422,,/api/v1.1/game/824422/feed/live,R,2026,2026-06-28,,day,P,N,N,Regular Season,3,3,1,Final,Final,5,Progressive Field,114,Cleveland Guardians,CLE,6,True,136,Seattle Mariners,SEA,5,False,671922,Cade Smith,Cade,Smith,36,1999-05-09,27,"6' 5""",230,1,Pitcher,R,Right,R,Right,"1.0 IP, 0 ER, K, 0 BB",,,,,,,,,,,,,,,,1.0,0,2,0,1,0,21,0,0,1
2026-06-28,824422,,/api/v1.1/game/824422/feed/live,R,2026,2026-06-28,,day,P,N,N,Regular Season,3,3,1,Final,Final,5,Progressive Field,114,Cleveland Guardians,CLE,6,True,136,Seattle Mariners,SEA,5,False,680757,Steven Kwan,Steven,Kwan,38,1997-09-05,28,"5' 8""",170,8,Outfielder,L,Left,L,Left,"1-4 | BB, R",,4,1,0,0,0,0,1,0,1,0,0,0,5,1,,,,,,,,,,
2026-06-28,824422,,/api/v1.1/game/824422/feed/live,R,2026,2026-06-28,,day,P,N,N,Regular Season,3,3,1,Final,Final,5,Progressive Field,114,Cleveland Guardians,CLE,6,True,136,Seattle Mariners,SEA,5,False,700932,Kyle Manzardo,Kyle,Manzardo,9,2000-07-18,25,"5' 11""",205,3,First Base,L,Left,R,Right,0-3 | K,,3,0,0,0,0,0,0,1,0,0,0,0,3,0,,,,,,,,,,
2026-06-28,824422,,/api/v1.1/game/824422/feed/live,R,2026,2026-06-28,,day,P,N,N,Regular Season,3,3,1,Final,Final,5,Progressive Field,114,Cleveland Guardians,CLE,6,True,136,Seattle Mariners,SEA,5,False,800048,Parker Messick,Parker,Messick,77,2000-10-26,25,"6' 0""",225,1,Pitcher,L,Left,L,Left,,,,,,,,,,,,,,,,,,,,,,,,,,
2026-06-28,824422,,/api/v1.1/game/824422/feed/live,R,2026,2026-06-28,,day,P,N,N,Regular Season,3,3,1,Final,Final,5,Progressive Field,114,Cleveland Guardians,CLE,6,True,136,Seattle Mariners,SEA,5,False,676282,Joey Cantillo,Joseph,Cantillo,54,1999-12-18,26,"6' 4""",225,1,Pitcher,L,Left,L,Left,,,,,,,,,,,,,,,,,,,,,,,,,,
2026-06-28,824422,,/api/v1.1/game/824422/feed/live,R,2026,2026-06-28,,day,P,N,N,Regular Season,3,3,1,Final,Final,5,Progressive Field,114,Cleveland Guardians,CLE,6,True,136,Seattle Mariners,SEA,5,False,682982,Daniel Espino,Daniel,Espino,41,2001-01-05,25,"6' 0""",225,1,Pitcher,R,Right,R,Right,,,,,,,,,,,,,,,,,,,,,,,,,,
2026-06-28,824422,,/api/v1.1/game/824422/feed/live,R,2026,2026-06-28,,day,P,N,N,Regular Season,3,3,1,Final,Final,5,Progressive Field,114,Cleveland Guardians,CLE,6,True,136,Seattle Mariners,SEA,5,False,681870,Erik Sabrowski,Erik,Sabrowski,62,1997-10-31,28,"6' 4""",230,1,Pitcher,R,Right,L,Left,,,,,,,,,,,,,,,,,,,,,,,,,,
2026-06-28,824422,,/api/v1.1/game/824422/feed/live,R,2026,2026-06-28,,day,P,N,N,Regular Season,3,3,1,Final,Final,5,Progressive Field,114,Cleveland Guardians,CLE,6,True,136,Seattle Mariners,SEA,5,False,668909,Gavin Williams,Gavin,Williams,32,1999-07-26,26,"6' 6""",250,1,Pitcher,L,Left,R,Right,"5.0 IP, 2 ER, 6 K, 3 BB",,,,,,,,,,,,,,,,5.0,2,6,0,6,3,103,0,0,0
2026-06-28,824422,,/api/v1.1/game/824422/feed/live,R,2026,2026-06-28,,day,P,N,N,Regular Season,3,3,1,Final,Final,5,Progressive Field,114,Cleveland Guardians,CLE,6,True,136,Seattle Mariners,SEA,5,False,683769,Hunter Gaddis,Hunter,Gaddis,33,1998-04-09,28,"6' 6""",260,1,Pitcher,R,Right,R,Right,,,,,,,,,,,,,,,,,,,,,,,,,,
2026-06-28,824422,,/api/v1.1/game/824422/feed/live,R,2026,2026-06-28,,day,P,N,N,Regular Season,3,3,1,Final,Final,5,Progressive Field,114,Cleveland Guardians,CLE,6,True,136,Seattle Mariners,SEA,5,False,676440,Tanner Bibee,Tanner,Bibee,28,1999-03-05,27,"6' 2""",205,1,Pitcher,R,Right,R,Right,,,,,,,,,,,,,,,,,,,,,,,,,,
2026-06-28,824422,,/api/v1.1/game/824422/feed/live,R,2026,2026-06-28,,day,P,N,N,Regular Season,3,3,1,Final,Final,5,Progressive Field,114,Cleveland Guardians,CLE,6,True,136,Seattle Mariners,SEA,5,False,682120,Tim Herrin,Tim,Herrin,29,1996-10-08,29,"6' 6""",230,1,Pitcher,L,Left,L,Left,"1.0 IP, 0 ER, 0 K, 0 BB",,,,,,,,,,,,,,,,1.0,0,1,0,0,0,16,0,0,0
2026-06-28,824422,,/api/v1.1/game/824422/feed/live,R,2026,2026-06-28,,day,P,N,N,Regular Season,3,3,1,Final,Final,5,Progressive Field,114,Cleveland Guardians,CLE,6,True,136,Seattle Mariners,SEA,5,False,656555,Rhys Hoskins,Rhys,Hoskins,8,1993-03-17,33,"6' 3""",241,3,First Base,R,Right,R,Right,"2-2 | 2B, 2 RBI",,2,2,1,0,0,2,0,0,0,0,0,0,2,3,,,,,,,,,,
2026-06-28,824422,,/api/v1.1/game/824422/feed/live,R,2026,2026-06-28,,day,P,N,N,Regular Season,3,3,1,Final,Final,5,Progressive Field,114,Cleveland Guardians,CLE,6,True,136,Seattle Mariners,SEA,5,False,694876,Cooper Ingle,John,Ingle,30,2002-02-23,24,"5' 8""",190,2,Catcher,L,Left,R,Right,"0-2 | 2 BB, 2 K, R",,2,0,0,0,0,0,1,2,2,0,0,0,4,0,,,,,,,,,,
2026-06-28,824422,,/api/v1.1/game/824422/feed/live,R,2026,2026-06-28,,day,P,N,N,Regular Season,3,3,1,Final,Final,5,Progressive Field,114,Cleveland Guardians,CLE,6,True,136,Seattle Mariners,SEA,5,False,647304,Josh Naylor,Joshua-Douglas,Naylor,12,1997-06-22,29,"5' 10""",235,3,First Base,L,Left,L,Left,"2-4 | 2B, HBP, RBI",,4,2,1,0,0,1,1,0,0,0,0,0,5,3,,,,,,,,,,
2026-06-28,824422,,/api/v1.1/game/824422/feed/live,R,2026,2026-06-28,,day,P,N,N,Regular Season,3,3,1,Final,Final,5,Progressive Field,114,Cleveland Guardians,CLE,6,True,136,Seattle Mariners,SEA,5,False,645302,Victor Robles,Victor,Robles,10,1997-05-19,29,"6' 0""",193,9,Outfielder,R,Right,R,Right,"2-5 | K, R, 3 SB",,5,2,0,0,0,0,1,1,0,3,0,0,5,2,,,,,,,,,,
2026-06-28,824422,,/api/v1.1/game/824422/feed/live,R,2026,2026-06-28,,day,P,N,N,Regular Season,3,3,1,Final,Final,5,Progressive Field,114,Cleveland Guardians,CLE,6,True,136,Seattle Mariners,SEA,5,False,702284,Cole Young,Cole,Young,2,2003-07-29,22,"5' 10""",180,4,Second Base,L,Left,R,Right,2-5 | R,,5,2,0,0,0,0,1,0,0,0,0,0,5,2,,,,,,,,,,
2026-06-28,824422,,/api/v1.1/game/824422/feed/live,R,2026,2026-06-28,,day,P,N,N,Regular Season,3,3,1,Final,Final,5,Progressive Field,114,Cleveland Guardians,CLE,6,True,136,Seattle Mariners,SEA,5,False,678606,José A. Ferrer,José,Ferrer,45,2000-03-03,26,"6' 1""",233,1,Pitcher,L,Left,L,Left,,,,,,,,,,,,,,,,,,,,,,,,,,
2026-06-28,824422,,/api/v1.1/game/824422/feed/live,R,2026,2026-06-28,,day,P,N,N,Regular Season,3,3,1,Final,Final,5,Progressive Field,114,Cleveland Guardians,CLE,6,True,136,Seattle Mariners,SEA,5,False,689546,Nick Davila,Nicholas,Davila,82,1998-11-21,27,"6' 3""",230,1,Pitcher,R,Right,R,Right,,,,,,,,,,,,,,,,,,,,,,,,,,
2026-06-28,824422,,/api/v1.1/game/824422/feed/live,R,2026,2026-06-28,,day,P,N,N,Regular Season,3,3,1,Final,Final,5,Progressive Field,114,Cleveland Guardians,CLE,6,True,136,Seattle Mariners,SEA,5,False,621074,Michael Rucker,Michael,Rucker,38,1994-04-27,32,"6' 1""",195,1,Pitcher,R,Right,R,Right,"0.1 IP, 4 ER, 0 K, 2 BB",,,,,,,,,,,,,,,,0.1,4,2,0,0,2,21,0,1,0
2026-06-28,824422,,/api/v1.1/game/824422/feed/live,R,2026,2026-06-28,,day,P,N,N,Regular Season,3,3,1,Final,Final,5,Progressive Field,114,Cleveland Guardians,CLE,6,True,136,Seattle Mariners,SEA,5,False,642215,Weston Wilson,Weston,Wilson,31,1994-09-11,31,"6' 3""",215,5,Third Base,R,Right,R,Right,,,,,,,,,,,,,,,,,,,,,,,,,,
2026-06-28,824422,,/api/v1.1/game/824422/feed/live,R,2026,2026-06-28,,day,P,N,N,Regular Season,3,3,1,Final,Final,5,Progressive Field,114,Cleveland Guardians,CLE,6,True,136,Seattle Mariners,SEA,5,False,641487,J.P. Crawford,John,Crawford,3,1995-01-11,31,"6' 0""",202,6,Shortstop,L,Left,R,Right,2-6 | K,,6,2,0,0,0,0,0,1,0,0,0,0,6,2,,,,,,,,,,
2026-06-28,824422,,/api/v1.1/game/824422/feed/live,R,2026,2026-06-28,,day,P,N,N,Regular Season,3,3,1,Final,Final,5,Progressive Field,114,Cleveland Guardians,CLE,6,True,136,Seattle Mariners,SEA,5,False,668227,Randy Arozarena,Randy,Arozarena,56,1995-02-28,31,"5' 10""",185,7,Outfielder,R,Right,R,Right,0-5 | K,,5,0,0,0,0,0,0,1,0,0,0,1,5,0,,,,,,,,,,
2026-06-28,824422,,/api/v1.1/game/824422/feed/live,R,2026,2026-06-28,,day,P,N,N,Regular Season,3,3,1,Final,Final,5,Progressive Field,114,Cleveland Guardians,CLE,6,True,136,Seattle Mariners,SEA,5,False,686527,Dominic Canzone,Dominic,Canzone,8,1997-08-16,28,"6' 0""",190,10,Designated Hitter,L,Left,R,Right,0-1 | K,,1,0,0,0,0,0,0,1,0,0,0,0,1,0,,,,,,,,,,
2026-06-28,824422,,/api/v1.1/game/824422/feed/live,R,2026,2026-06-28,,day,P,N,N,Regular Season,3,3,1,Final,Final,5,Progressive Field,114,Cleveland Guardians,CLE,6,True,136,Seattle Mariners,SEA,5,False,663728,Cal Raleigh,Caleb,Raleigh,29,1996-11-26,29,"6' 2""",235,2,Catcher,S,Switch,R,Right,"1-3 | 2 BB, R",,3,1,0,0,0,0,1,0,2,0,0,0,5,1,,,,,,,,,,
2026-06-28,824422,,/api/v1.1/game/824422/feed/live,R,2026,2026-06-28,,day,P,N,N,Regular Season,3,3,1,Final,Final,5,Progressive Field,114,Cleveland Guardians,CLE,6,True,136,Seattle Mariners,SEA,5,False,608701,Rob Refsnyder,Robert,Refsnyder,30,1991-03-26,35,"5' 11""",215,10,Designated Hitter,R,Right,R,Right,,,,,,,,,,,,,,,,,,,,,,,,,,
2026-06-28,824422,,/api/v1.1/game/824422/feed/live,R,2026,2026-06-28,,day,P,N,N,Regular Season,3,3,1,Final,Final,5,Progressive Field,114,Cleveland Guardians,CLE,6,True,136,Seattle Mariners,SEA,5,False,669302,Logan Gilbert,Logan,Gilbert,36,1997-05-05,29,"6' 6""",215,1,Pitcher,R,Right,R,Right,,,,,,,,,,,,,,,,,,,,,,,,,,
2026-06-28,824422,,/api/v1.1/game/824422/feed/live,R,2026,2026-06-28,,day,P,N,N,Regular Season,3,3,1,Final,Final,5,Progressive Field,114,Cleveland Guardians,CLE,6,True,136,Seattle Mariners,SEA,5,False,693433,Bryan Woo,Bryan,Woo,22,2000-01-30,26,"6' 2""",205,1,Pitcher,R,Right,R,Right,,,,,,,,,,,,,,,,,,,,,,,,,,
2026-06-28,824422,,/api/v1.1/game/824422/feed/live,R,2026,2026-06-28,,day,P,N,N,Regular Season,3,3,1,Final,Final,5,Progressive Field,114,Cleveland Guardians,CLE,6,True,136,Seattle Mariners,SEA,5,False,806068,Colt Emerson,Colt,Emerson,4,2005-07-20,20,"6' 0""",195,5,Third Base,L,Left,R,Right,1-5 | K,,5,1,0,0,0,0,0,1,0,0,0,0,5,1,,,,,,,,,,
2026-06-28,824422,,/api/v1.1/game/824422/feed/live,R,2026,2026-06-28,,day,P,N,N,Regular Season,3,3,1,Final,Final,5,Progressive Field,114,Cleveland Guardians,CLE,6,True,136,Seattle Mariners,SEA,5,False,622491,Luis Castillo,Luis,Castillo,58,1992-12-12,33,"6' 2""",200,1,Pitcher,R,Right,R,Right,,,,,,,,,,,,,,,,,,,,,,,,,,
2026-06-28,824422,,/api/v1.1/game/824422/feed/live,R,2026,2026-06-28,,day,P,N,N,Regular Season,3,3,1,Final,Final,5,Progressive Field,114,Cleveland Guardians,CLE,6,True,136,Seattle Mariners,SEA,5,False,669923,George Kirby,George,Kirby,68,1998-02-04,28,"6' 4""",215,1,Pitcher,R,Right,R,Right,,,,,,,,,,,,,,,,,,,,,,,,,,
2026-06-28,824422,,/api/v1.1/game/824422/feed/live,R,2026,2026-06-28,,day,P,N,N,Regular Season,3,3,1,Final,Final,5,Progressive Field,114,Cleveland Guardians,CLE,6,True,136,Seattle Mariners,SEA,5,False,662253,Andrés Muñoz,Andrés,Muñoz,75,1999-01-16,27,"6' 2""",222,1,Pitcher,R,Right,R,Right,,,,,,,,,,,,,,,,,,,,,,,,,,
2026-06-28,824422,,/api/v1.1/game/824422/feed/live,R,2026,2026-06-28,,day,P,N,N,Regular Season,3,3,1,Final,Final,5,Progressive Field,114,Cleveland Guardians,CLE,6,True,136,Seattle Mariners,SEA,5,False,641598,Mitch Garver,Mitchell,Garver,18,1991-01-15,35,"6' 1""",220,2,Catcher,R,Right,R,Right,"1-3 | BB, 2 K, RBI",,3,1,0,0,0,1,0,2,1,0,0,0,4,1,,,,,,,,,,
2026-06-28,824422,,/api/v1.1/game/824422/feed/live,R,2026,2026-06-28,,day,P,N,N,Regular Season,3,3,1,Final,Final,5,Progressive Field,114,Cleveland Guardians,CLE,6,True,136,Seattle Mariners,SEA,5,False,681006,Josh Simpson,Joshua,Simpson,37,1997-08-19,28,"6' 2""",190,1,Pitcher,L,Left,L,Left,"0.2 IP, ER, 0 K, BB",,,,,,,,,,,,,,,,0.2,1,2,0,0,1,18,0,0,0
2026-06-28,824422,,/api/v1.1/game/824422/feed/live,R,2026,2026-06-28,,day,P,N,N,Regular Season,3,3,1,Final,Final,5,Progressive Field,114,Cleveland Guardians,CLE,6,True,136,Seattle Mariners,SEA,5,False,642100,Gabe Speier,Gabriel,Speier,55,1995-04-12,31,"5' 11""",200,1,Pitcher,L,Left,L,Left,"1.0 IP, 0 ER, 0 K, 0 BB",,,,,,,,,,,,,,,,1.0,0,2,0,0,0,13,0,0,0
2026-06-28,824422,,/api/v1.1/game/824422/feed/live,R,2026,2026-06-28,,day,P,N,N,Regular Season,3,3,1,Final,Final,5,Progressive Field,114,Cleveland Guardians,CLE,6,True,136,Seattle Mariners,SEA,5,False,677594,Julio Rodríguez,Julio,Rodríguez,44,2000-12-29,25,"6' 4""",228,8,Outfielder,R,Right,R,Right,"2-4 | BB, 2 K, RBI",,4,2,0,0,0,1,1,2,1,1,0,0,5,2,,,,,,,,,,
2026-06-28,824422,,/api/v1.1/game/824422/feed/live,R,2026,2026-06-28,,day,P,N,N,Regular Season,3,3,1,Final,Final,5,Progressive Field,114,Cleveland Guardians,CLE,6,True,136,Seattle Mariners,SEA,5,False,682243,Bryce Miller,Bryce,Miller,50,1998-08-23,27,"6' 2""",200,1,Pitcher,R,Right,R,Right,,,,,,,,,,,,,,,,,,,,,,,,,,
2026-06-28,824422,,/api/v1.1/game/824422/feed/live,R,2026,2026-06-28,,day,P,N,N,Regular Season,3,3,1,Final,Final,5,Progressive Field,114,Cleveland Guardians,CLE,6,True,136,Seattle Mariners,SEA,5,False,660825,Eduard Bazardo,Eduard,Bazardo,83,1995-09-01,30,"6' 0""",190,1,Pitcher,R,Right,R,Right,"0.1 IP, 0 ER, K, 0 BB",,,,,,,,,,,,,,,,0.1,0,1,0,1,0,10,0,0,0
2026-06-28,824422,,/api/v1.1/game/824422/feed/live,R,2026,2026-06-28,,day,P,N,N,Regular Season,3,3,1,Final,Final,5,Progressive Field,114,Cleveland Guardians,CLE,6,True,136,Seattle Mariners,SEA,5,False,670042,Luke Raley,Lucas,Raley,20,1994-09-19,31,"6' 3""",235,9,Outfielder,L,Left,R,Right,,,,,,,,,,,,,,,,,,,,,,,,,,
2026-06-28,824422,,/api/v1.1/game/824422/feed/live,R,2026,2026-06-28,,day,P,N,N,Regular Season,3,3,1,Final,Final,5,Progressive Field,114,Cleveland Guardians,CLE,6,True,136,Seattle Mariners,SEA,5,False,676106,Emerson Hancock,Emerson,Hancock,26,1999-05-31,27,"6' 4""",213,1,Pitcher,R,Right,R,Right,"5.2 IP, ER, 6 K, 3 BB",,,,,,,,,,,,,,,,5.2,1,5,0,6,3,98,0,0,0
2026-06-28,822959,,/api/v1.1/game/822959/feed/live,R,2026,2026-06-28,,day,P,N,N,Regular Season,3,3,1,Final,Final,12,Tropicana Field,139,Tampa Bay Rays,TB,5,True,109,Arizona Diamondbacks,AZ,1,False,670764,Taylor Walls,Taylor,Walls,6,1996-07-10,29,"5' 9""",185,6,Shortstop,S,Switch,R,Right,1-3 | R,,3,1,0,0,0,0,1,0,0,0,0,0,3,1,,,,,,,,,,
2026-06-28,822959,,/api/v1.1/game/822959/feed/live,R,2026,2026-06-28,,day,P,N,N,Regular Season,3,3,1,Final,Final,12,Tropicana Field,139,Tampa Bay Rays,TB,5,True,109,Arizona Diamondbacks,AZ,1,False,663556,Shane McClanahan,Shane,McClanahan,18,1997-04-28,29,"6' 3""",210,1,Pitcher,L,Left,L,Left,,,,,,,,,,,,,,,,,,,,,,,,,,
2026-06-28,822959,,/api/v1.1/game/822959/feed/live,R,2026,2026-06-28,,day,P,N,N,Regular Season,3,3,1,Final,Final,12,Tropicana Field,139,Tampa Bay Rays,TB,5,True,109,Arizona Diamondbacks,AZ,1,False,680700,Richie Palacios,Richard,Palacios,1,1997-05-16,29,"5' 8""",185,4,Second Base,L,Left,R,Right,0-1,,1,0,0,0,0,0,0,0,0,0,0,0,1,0,,,,,,,,,,
2026-06-28,822959,,/api/v1.1/game/822959/feed/live,R,2026,2026-06-28,,day,P,N,N,Regular Season,3,3,1,Final,Final,12,Tropicana Field,139,Tampa Bay Rays,TB,5,True,109,Arizona Diamondbacks,AZ,1,False,668723,Ryan Vilade,Ryan,Vilade,26,1999-02-18,27,"6' 1""",226,9,Outfielder,R,Right,R,Right,,,,,,,,,,,,,,,,,,,,,,,,,,
2026-06-28,822959,,/api/v1.1/game/822959/feed/live,R,2026,2026-06-28,,day,P,N,N,Regular Season,3,3,1,Final,Final,12,Tropicana Field,139,Tampa Bay Rays,TB,5,True,109,Arizona Diamondbacks,AZ,1,False,668984,Casey Legumina,Casey,Legumina,67,1997-06-19,29,"6' 2""",195,1,Pitcher,R,Right,R,Right,,,,,,,,,,,,,,,,,,,,,,,,,,
2026-06-28,822959,,/api/v1.1/game/822959/feed/live,R,2026,2026-06-28,,day,P,N,N,Regular Season,3,3,1,Final,Final,12,Tropicana Field,139,Tampa Bay Rays,TB,5,True,109,Arizona Diamondbacks,AZ,1,False,802415,Chandler Simpson,Chandler,Simpson,14,2000-11-18,25,"5' 11""",170,7,Outfielder,L,Left,R,Right,"1-4 | 2B, CS",,4,1,1,0,0,0,0,0,0,0,1,1,4,2,,,,,,,,,,
2026-06-28,822959,,/api/v1.1/game/822959/feed/live,R,2026,2026-06-28,,day,P,N,N,Regular Season,3,3,1,Final,Final,12,Tropicana Field,139,Tampa Bay Rays,TB,5,True,109,Arizona Diamondbacks,AZ,1,False,607259,Nick Martinez,Nicholas,Martinez,28,1990-08-05,35,"6' 1""",200,1,Pitcher,L,Left,R,Right,,,,,,,,,,,,,,,,,,,,,,,,,,
2026-06-28,822959,,/api/v1.1/game/822959/feed/live,R,2026,2026-06-28,,day,P,N,N,Regular Season,3,3,1,Final,Final,12,Tropicana Field,139,Tampa Bay Rays,TB,5,True,109,Arizona Diamondbacks,AZ,1,False,592155,Cam Booser,Cameron,Booser,62,1992-05-04,34,"6' 3""",230,1,Pitcher,L,Left,L,Left,,,,,,,,,,,,,,,,,,,,,,,,,,
2026-06-28,822959,,/api/v1.1/game/822959/feed/live,R,2026,2026-06-28,,day,P,N,N,Regular Season,3,3,1,Final,Final,12,Tropicana Field,139,Tampa Bay Rays,TB,5,True,109,Arizona Diamondbacks,AZ,1,False,676356,Jonny DeLuca,Jonathan,DeLuca,21,1998-07-10,27,"5' 10""",195,9,Outfielder,R,Right,R,Right,,,,,,,,,,,,,,,,,,,,,,,,,,
2026-06-28,822959,,/api/v1.1/game/822959/feed/live,R,2026,2026-06-28,,day,P,N,N,Regular Season,3,3,1,Final,Final,12,Tropicana Field,139,Tampa Bay Rays,TB,5,True,109,Arizona Diamondbacks,AZ,1,False,693855,Ian Seymour,Ian,Seymour,61,1998-12-13,27,"6' 0""",215,1,Pitcher,L,Left,L,Left,,,,,,,,,,,,,,,,,,,,,,,,,,
2026-06-28,822959,,/api/v1.1/game/822959/feed/live,R,2026,2026-06-28,,day,P,N,N,Regular Season,3,3,1,Final,Final,12,Tropicana Field,139,Tampa Bay Rays,TB,5,True,109,Arizona Diamondbacks,AZ,1,False,642121,Cole Sulser,Cole,Sulser,71,1990-03-12,36,"6' 0""",200,1,Pitcher,R,Right,R,Right,,,,,,,,,,,,,,,,,,,,,,,,,,
2026-06-28,822959,,/api/v1.1/game/822959/feed/live,R,2026,2026-06-28,,day,P,N,N,Regular Season,3,3,1,Final,Final,12,Tropicana Field,139,Tampa Bay Rays,TB,5,True,109,Arizona Diamondbacks,AZ,1,False,664076,Garrett Cleavinger,Garrett,Cleavinger,60,1994-04-23,32,"6' 1""",225,1,Pitcher,R,Right,L,Left,"1.0 IP, ER, 2 K, 0 BB",,,,,,,,,,,,,,,,1.0,1,1,1,2,0,16,0,0,0
2026-06-28,822959,,/api/v1.1/game/822959/feed/live,R,2026,2026-06-28,,day,P,N,N,Regular Season,3,3,1,Final,Final,12,Tropicana Field,139,Tampa Bay Rays,TB,5,True,109,Arizona Diamondbacks,AZ,1,False,676439,Hunter Feduccia,Hunter,Feduccia,9,1997-06-05,29,"6' 1""",215,2,Catcher,L,Left,R,Right,,,,,,,,,,,,,,,,,,,,,,,,,,
2026-06-28,822959,,/api/v1.1/game/822959/feed/live,R,2026,2026-06-28,,day,P,N,N,Regular Season,3,3,1,Final,Final,12,Tropicana Field,139,Tampa Bay Rays,TB,5,True,109,Arizona Diamondbacks,AZ,1,False,687330,Kevin Kelly,Kevin,Kelly,49,1997-11-28,28,"6' 2""",195,1,Pitcher,R,Right,R,Right,,,,,,,,,,,,,,,,,,,,,,,,,,
2026-06-28,822959,,/api/v1.1/game/822959/feed/live,R,2026,2026-06-28,,day,P,N,N,Regular Season,3,3,1,Final,Final,12,Tropicana Field,139,Tampa Bay Rays,TB,5,True,109,Arizona Diamondbacks,AZ,1,False,694680,Trevor Martin,Trevor,Martin,70,2000-12-15,25,"6' 5""",238,1,Pitcher,R,Right,R,Right,"1.0 IP, 0 ER, K, 0 BB",,,,,,,,,,,,,,,,1.0,0,1,0,1,0,14,0,0,0
2026-06-28,822959,,/api/v1.1/game/822959/feed/live,R,2026,2026-06-28,,day,P,N,N,Regular Season,3,3,1,Final,Final,12,Tropicana Field,139,Tampa Bay Rays,TB,5,True,109,Arizona Diamondbacks,AZ,1,False,666018,Jonathan Aranda,Jonathan,Aranda,8,1998-05-23,28,"6' 0""",215,3,First Base,L,Left,R,Right,0-3 | BB,,3,0,0,0,0,0,0,0,1,0,0,0,4,0,,,,,,,,,,
2026-06-28,822959,,/api/v1.1/game/822959/feed/live,R,2026,2026-06-28,,day,P,N,N,Regular Season,3,3,1,Final,Final,12,Tropicana Field,139,Tampa Bay Rays,TB,5,True,109,Arizona Diamondbacks,AZ,1,False,663743,Nick Fortes,Nicholas,Fortes,40,1996-11-11,29,"5' 11""",198,2,Catcher,R,Right,R,Right,1-3 | K,,3,1,0,0,0,0,0,1,0,0,0,0,3,1,,,,,,,,,,
2026-06-28,822959,,/api/v1.1/game/822959/feed/live,R,2026,2026-06-28,,day,P,N,N,Regular Season,3,3,1,Final,Final,12,Tropicana Field,139,Tampa Bay Rays,TB,5,True,109,Arizona Diamondbacks,AZ,1,False,643377,Griffin Jax,James,Jax,22,1994-11-22,31,"6' 2""",195,1,Pitcher,R,Right,R,Right,,,,,,,,,,,,,,,,,,,,,,,,,,
2026-06-28,822959,,/api/v1.1/game/822959/feed/live,R,2026,2026-06-28,,day,P,N,N,Regular Season,3,3,1,Final,Final,12,Tropicana Field,139,Tampa Bay Rays,TB,5,True,109,Arizona Diamondbacks,AZ,1,False,518886,Craig Kimbrel,Craig,Kimbrel,46,1988-05-28,38,"6' 0""",215,1,Pitcher,R,Right,R,Right,"1.0 IP, 0 ER, K, 0 BB",,,,,,,,,,,,,,,,1.0,0,0,0,1,0,10,0,0,0
2026-06-28,822959,,/api/v1.1/game/822959/feed/live,R,2026,2026-06-28,,day,P,N,N,Regular Season,3,3,1,Final,Final,12,Tropicana Field,139,Tampa Bay Rays,TB,5,True,109,Arizona Diamondbacks,AZ,1,False,650490,Yandy Díaz,Yandy,Díaz,2,1991-08-08,34,"6' 0""",235,10,Designated Hitter,R,Right,R,Right,"1-2 | RBI, R",,2,1,0,0,0,1,1,0,0,0,0,0,3,1,,,,,,,,,,
2026-06-28,822959,,/api/v1.1/game/822959/feed/live,R,2026,2026-06-28,,day,P,N,N,Regular Season,3,3,1,Final,Final,12,Tropicana Field,139,Tampa Bay Rays,TB,5,True,109,Arizona Diamondbacks,AZ,1,False,810938,Ben Williamson,Benjamin,Williamson,15,2000-11-05,25,"6' 0""",210,4,Second Base,R,Right,R,Right,"1-4 | HR, K, RBI",,4,1,0,0,1,1,1,1,0,0,0,0,4,4,,,,,,,,,,
2026-06-28,822959,,/api/v1.1/game/822959/feed/live,R,2026,2026-06-28,,day,P,N,N,Regular Season,3,3,1,Final,Final,12,Tropicana Field,139,Tampa Bay Rays,TB,5,True,109,Arizona Diamondbacks,AZ,1,False,683748,Victor Mesa Jr.,Victor,Mesa,25,2001-09-08,24,"5' 11""",195,9,Outfielder,L,Left,L,Left,"1-4 | 2 K, SB",,4,1,0,0,0,0,0,2,0,1,0,0,4,1,,,,,,,,,,
2026-06-28,822959,,/api/v1.1/game/822959/feed/live,R,2026,2026-06-28,,day,P,N,N,Regular Season,3,3,1,Final,Final,12,Tropicana Field,139,Tampa Bay Rays,TB,5,True,109,Arizona Diamondbacks,AZ,1,False,641329,Bryan Baker,Bryan,Baker,47,1994-12-02,31,"6' 6""",235,1,Pitcher,R,Right,R,Right,,,,,,,,,,,,,,,,,,,,,,,,,,
2026-06-28,822959,,/api/v1.1/game/822959/feed/live,R,2026,2026-06-28,,day,P,N,N,Regular Season,3,3,1,Final,Final,12,Tropicana Field,139,Tampa Bay Rays,TB,5,True,109,Arizona Diamondbacks,AZ,1,False,691406,Junior Caminero,Junior,Caminero,13,2003-07-05,22,"6' 1""",220,5,Third Base,R,Right,R,Right,"3-3 | HR, BB, 2 RBI",,3,3,0,0,1,2,1,0,1,0,0,0,4,6,,,,,,,,,,
2026-06-28,822959,,/api/v1.1/game/822959/feed/live,R,2026,2026-06-28,,day,P,N,N,Regular Season,3,3,1,Final,Final,12,Tropicana Field,139,Tampa Bay Rays,TB,5,True,109,Arizona Diamondbacks,AZ,1,False,656876,Drew Rasmussen,Drew,Rasmussen,57,1995-07-27,30,"6' 1""",240,1,Pitcher,R,Right,R,Right,"6.0 IP, 0 ER, 5 K, BB",,,,,,,,,,,,,,,,6.0,0,3,0,5,1,99,1,0,0
2026-06-28,822959,,/api/v1.1/game/822959/feed/live,R,2026,2026-06-28,,day,P,N,N,Regular Season,3,3,1,Final,Final,12,Tropicana Field,139,Tampa Bay Rays,TB,5,True,109,Arizona Diamondbacks,AZ,1,False,656775,Cedric Mullins,Boyce,Mullins,31,1994-10-01,31,"5' 7""",175,8,Outfielder,L,Left,L,Left,"1-4 | HR, K, RBI",,4,1,0,0,1,1,1,1,0,0,0,0,4,4,,,,,,,,,,
2026-06-28,822959,,/api/v1.1/game/822959/feed/live,R,2026,2026-06-28,,day,P,N,N,Regular Season,3,3,1,Final,Final,12,Tropicana Field,139,Tampa Bay Rays,TB,5,True,109,Arizona Diamondbacks,AZ,1,False,593958,Eduardo Rodriguez,Eduardo,Rodriguez,57,1993-04-07,33,"6' 2""",231,1,Pitcher,L,Left,L,Left,,,,,,,,,,,,,,,,,,,,,,,,,,
2026-06-28,822959,,/api/v1.1/game/822959/feed/live,R,2026,2026-06-28,,day,P,N,N,Regular Season,3,3,1,Final,Final,12,Tropicana Field,139,Tampa Bay Rays,TB,5,True,109,Arizona Diamondbacks,AZ,1,False,694410,LuJames Groover,LuJames,Groover,16,2002-04-16,24,"6' 2""",212,3,First Base,R,Right,R,Right,,,,,,,,,,,,,,,,,,,,,,,,,,
2026-06-28,822959,,/api/v1.1/game/822959/feed/live,R,2026,2026-06-28,,day,P,N,N,Regular Season,3,3,1,Final,Final,12,Tropicana Field,139,Tampa Bay Rays,TB,5,True,109,Arizona Diamondbacks,AZ,1,False,666661,Juan Morillo,Juan,Morillo,62,1999-03-19,27,"6' 1""",150,1,Pitcher,R,Right,R,Right,,,,,,,,,,,,,,,,,,,,,,,,,,
2026-06-28,822959,,/api/v1.1/game/822959/feed/live,R,2026,2026-06-28,,day,P,N,N,Regular Season,3,3,1,Final,Final,12,Tropicana Field,139,Tampa Bay Rays,TB,5,True,109,Arizona Diamondbacks,AZ,1,False,680728,Adrian Del Castillo,Adrian,Del Castillo,25,1999-09-27,26,"5' 9""",208,10,Designated Hitter,L,Left,R,Right,1-3,,3,1,0,0,0,0,0,0,0,0,0,0,3,1,,,,,,,,,,
2026-06-28,822959,,/api/v1.1/game/822959/feed/live,R,2026,2026-06-28,,day,P,N,N,Regular Season,3,3,1,Final,Final,12,Tropicana Field,139,Tampa Bay Rays,TB,5,True,109,Arizona Diamondbacks,AZ,1,False,571448,Nolan Arenado,Nolan,Arenado,28,1991-04-16,35,"6' 2""",215,5,Third Base,R,Right,R,Right,0-4 | 3 K,,4,0,0,0,0,0,0,3,0,0,0,0,4,0,,,,,,,,,,
2026-06-28,822959,,/api/v1.1/game/822959/feed/live,R,2026,2026-06-28,,day,P,N,N,Regular Season,3,3,1,Final,Final,12,Tropicana Field,139,Tampa Bay Rays,TB,5,True,109,Arizona Diamondbacks,AZ,1,False,694371,Tommy Troy,Thomas,Troy,9,2002-01-17,24,"5' 9""",197,7,Outfielder,R,Right,R,Right,0-3 | K,,3,0,0,0,0,0,0,1,0,0,0,0,3,0,,,,,,,,,,
2026-06-28,822959,,/api/v1.1/game/822959/feed/live,R,2026,2026-06-28,,day,P,N,N,Regular Season,3,3,1,Final,Final,12,Tropicana Field,139,Tampa Bay Rays,TB,5,True,109,Arizona Diamondbacks,AZ,1,False,686753,Drey Jameson,Drey,Jameson,99,1997-08-17,28,"6' 0""",165,1,Pitcher,R,Right,R,Right,"1.0 IP, 0 ER, K, 0 BB",,,,,,,,,,,,,,,,1.0,0,1,0,1,0,14,0,0,0
2026-06-28,822959,,/api/v1.1/game/822959/feed/live,R,2026,2026-06-28,,day,P,N,N,Regular Season,3,3,1,Final,Final,12,Tropicana Field,139,Tampa Bay Rays,TB,5,True,109,Arizona Diamondbacks,AZ,1,False,518876,Merrill Kelly,Kenneth,Kelly,29,1988-10-14,37,"6' 2""",202,1,Pitcher,R,Right,R,Right,"6.0 IP, 5 ER, 3 K, 2 BB",,,,,,,,,,,,,,,,6.0,5,8,3,3,2,93,0,1,0
2026-06-28,822959,,/api/v1.1/game/822959/feed/live,R,2026,2026-06-28,,day,P,N,N,Regular Season,3,3,1,Final,Final,12,Tropicana Field,139,Tampa Bay Rays,TB,5,True,109,Arizona Diamondbacks,AZ,1,False,703615,Jose Cabrera,Jose,Cabrera,53,2002-05-30,24,"6' 3""",190,1,Pitcher,R,Right,R,Right,,,,,,,,,,,,,,,,,,,,,,,,,,
2026-06-28,822959,,/api/v1.1/game/822959/feed/live,R,2026,2026-06-28,,day,P,N,N,Regular Season,3,3,1,Final,Final,12,Tropicana Field,139,Tampa Bay Rays,TB,5,True,109,Arizona Diamondbacks,AZ,1,False,656464,Kevin Ginkel,Kevin,Ginkel,37,1994-03-24,32,"6' 4""",235,1,Pitcher,L,Left,R,Right,,,,,,,,,,,,,,,,,,,,,,,,,,
2026-06-28,822959,,/api/v1.1/game/822959/feed/live,R,2026,2026-06-28,,day,P,N,N,Regular Season,3,3,1,Final,Final,12,Tropicana Field,139,Tampa Bay Rays,TB,5,True,109,Arizona Diamondbacks,AZ,1,False,606466,Ketel Marte,Ketel,Marte,4,1993-10-12,32,"6' 0""",210,4,Second Base,S,Switch,R,Right,"1-3 | HR, HBP, RBI",,3,1,0,0,1,1,1,0,0,0,0,0,4,4,,,,,,,,,,
2026-06-28,822959,,/api/v1.1/game/822959/feed/live,R,2026,2026-06-28,,day,P,N,N,Regular Season,3,3,1,Final,Final,12,Tropicana Field,139,Tampa Bay Rays,TB,5,True,109,Arizona Diamondbacks,AZ,1,False,642528,Jonathan Loáisiga,Jonathan,Loáisiga,43,1994-11-02,31,"5' 11""",195,1,Pitcher,R,Right,R,Right,"1.0 IP, 0 ER, K, 0 BB",,,,,,,,,,,,,,,,1.0,0,1,0,1,0,12,0,0,0
2026-06-28,822959,,/api/v1.1/game/822959/feed/live,R,2026,2026-06-28,,day,P,N,N,Regular Season,3,3,1,Final,Final,12,Tropicana Field,139,Tampa Bay Rays,TB,5,True,109,Arizona Diamondbacks,AZ,1,False,545121,Ildemaro Vargas,Ildemaro,Vargas,6,1991-07-16,34,"5' 11""",202,3,First Base,S,Switch,R,Right,0-4 | K,,4,0,0,0,0,0,0,1,0,0,0,0,4,0,,,,,,,,,,
2026-06-28,822959,,/api/v1.1/game/822959/feed/live,R,2026,2026-06-28,,day,P,N,N,Regular Season,3,3,1,Final,Final,12,Tropicana Field,139,Tampa Bay Rays,TB,5,True,109,Arizona Diamondbacks,AZ,1,False,672695,Geraldo Perdomo,Geraldo,Perdomo,2,1999-10-22,26,"6' 2""",203,6,Shortstop,S,Switch,R,Right,"1-3 | BB, K",,3,1,0,0,0,0,0,1,1,0,0,0,4,1,,,,,,,,,,
2026-06-28,822959,,/api/v1.1/game/822959/feed/live,R,2026,2026-06-28,,day,P,N,N,Regular Season,3,3,1,Final,Final,12,Tropicana Field,139,Tampa Bay Rays,TB,5,True,109,Arizona Diamondbacks,AZ,1,False,623149,Paul Sewald,Paul,Sewald,38,1990-05-26,36,"6' 3""",219,1,Pitcher,R,Right,R,Right,,,,,,,,,,,,,,,,,,,,,,,,,,
2026-06-28,822959,,/api/v1.1/game/822959/feed/live,R,2026,2026-06-28,,day,P,N,N,Regular Season,3,3,1,Final,Final,12,Tropicana Field,139,Tampa Bay Rays,TB,5,True,109,Arizona Diamondbacks,AZ,1,False,672515,Gabriel Moreno,Gabriel,Moreno,14,2000-02-14,26,"5' 9""",195,2,Catcher,R,Right,R,Right,0-1 | K,,1,0,0,0,0,0,0,1,0,0,0,0,1,0,,,,,,,,,,
2026-06-28,822959,,/api/v1.1/game/822959/feed/live,R,2026,2026-06-28,,day,P,N,N,Regular Season,3,3,1,Final,Final,12,Tropicana Field,139,Tampa Bay Rays,TB,5,True,109,Arizona Diamondbacks,AZ,1,False,682998,Corbin Carroll,Corbin,Carroll,7,2000-08-21,25,"5' 10""",165,9,Outfielder,L,Left,L,Left,0-4 | K,,4,0,0,0,0,0,0,1,0,0,0,0,4,0,,,,,,,,,,
2026-06-28,822959,,/api/v1.1/game/822959/feed/live,R,2026,2026-06-28,,day,P,N,N,Regular Season,3,3,1,Final,Final,12,Tropicana Field,139,Tampa Bay Rays,TB,5,True,109,Arizona Diamondbacks,AZ,1,False,664199,Taylor Clarke,Taylor,Clarke,45,1993-05-13,33,"6' 3""",210,1,Pitcher,R,Right,R,Right,,,,,,,,,,,,,,,,,,,,,,,,,,
2026-06-28,822959,,/api/v1.1/game/822959/feed/live,R,2026,2026-06-28,,day,P,N,N,Regular Season,3,3,1,Final,Final,12,Tropicana Field,139,Tampa Bay Rays,TB,5,True,109,Arizona Diamondbacks,AZ,1,False,668678,Zac Gallen,Zachary,Gallen,23,1995-08-03,30,"6' 2""",189,1,Pitcher,R,Right,R,Right,,,,,,,,,,,,,,,,,,,,,,,,,,
2026-06-28,822959,,/api/v1.1/game/822959/feed/live,R,2026,2026-06-28,,day,P,N,N,Regular Season,3,3,1,Final,Final,12,Tropicana Field,139,Tampa Bay Rays,TB,5,True,109,Arizona Diamondbacks,AZ,1,False,666971,Lourdes Gurriel Jr.,Lourdes,Gurriel,12,1993-10-10,32,"6' 3""",215,7,Outfielder,R,Right,R,Right,"1-3 | HBP, K",,3,1,0,0,0,0,0,1,0,0,0,0,4,1,,,,,,,,,,
2026-06-28,822959,,/api/v1.1/game/822959/feed/live,R,2026,2026-06-28,,day,P,N,N,Regular Season,3,3,1,Final,Final,12,Tropicana Field,139,Tampa Bay Rays,TB,5,True,109,Arizona Diamondbacks,AZ,1,False,686228,Juan Burgos,Juan,Burgos,52,1999-12-22,26,"6' 0""",185,1,Pitcher,R,Right,R,Right,,,,,,,,,,,,,,,,,,,,,,,,,,
2026-06-28,822959,,/api/v1.1/game/822959/feed/live,R,2026,2026-06-28,,day,P,N,N,Regular Season,3,3,1,Final,Final,12,Tropicana Field,139,Tampa Bay Rays,TB,5,True,109,Arizona Diamondbacks,AZ,1,False,657044,Ryan Thompson,Ryan,Thompson,81,1992-06-26,34,"6' 5""",210,1,Pitcher,R,Right,R,Right,,,,,,,,,,,,,,,,,,,,,,,,,,
2026-06-28,822959,,/api/v1.1/game/822959/feed/live,R,2026,2026-06-28,,day,P,N,N,Regular Season,3,3,1,Final,Final,12,Tropicana Field,139,Tampa Bay Rays,TB,5,True,109,Arizona Diamondbacks,AZ,1,False,596146,Max Kepler,Maximilian,Kepler,22,1993-02-10,33,"6' 4""",225,7,Outfielder,L,Left,L,Left,,,,,,,,,,,,,,,,,,,,,,,,,,
2026-06-28,822959,,/api/v1.1/game/822959/feed/live,R,2026,2026-06-28,,day,P,N,N,Regular Season,3,3,1,Final,Final,12,Tropicana Field,139,Tampa Bay Rays,TB,5,True,109,Arizona Diamondbacks,AZ,1,False,805299,Brandyn Garcia,Brandyn,Garcia,55,2000-05-27,26,"6' 4""",235,1,Pitcher,L,Left,L,Left,,,,,,,,,,,,,,,,,,,,,,,,,,
2026-06-28,822959,,/api/v1.1/game/822959/feed/live,R,2026,2026-06-28,,day,P,N,N,Regular Season,3,3,1,Final,Final,12,Tropicana Field,139,Tampa Bay Rays,TB,5,True,109,Arizona Diamondbacks,AZ,1,False,656976,Pavin Smith,Pavin,Smith,26,1996-02-06,30,"6' 2""",208,10,Designated Hitter,L,Left,L,Left,1-4 | 2B,,4,1,1,0,0,0,0,0,0,0,0,0,4,2,,,,,,,,,,
2026-06-28,822959,,/api/v1.1/game/822959/feed/live,R,2026,2026-06-28,,day,P,N,N,Regular Season,3,3,1,Final,Final,12,Tropicana Field,139,Tampa Bay Rays,TB,5,True,109,Arizona Diamondbacks,AZ,1,False,678489,Jorge Barrosa,Jorge,Barrosa,1,2001-02-17,25,"5' 6""",165,8,Outfielder,S,Switch,L,Left,,,,,,,,,,,,,,,,,,,,,,,,,,
2026-06-28,823608,,/api/v1.1/game/823608/feed/live,R,2026,2026-06-28,,day,P,N,N,Regular Season,3,3,1,Final,Final,3289,Citi Field,121,New York Mets,NYM,4,False,143,Philadelphia Phillies,PHI,5,True,620443,Luis Torrens,Luis,Torrens,13,1996-05-02,30,"5' 11""",217,2,Catcher,R,Right,R,Right,1-4 | BB,,4,1,0,0,0,0,0,0,1,0,0,0,5,1,,,,,,,,,,
2026-06-28,823608,,/api/v1.1/game/823608/feed/live,R,2026,2026-06-28,,day,P,N,N,Regular Season,3,3,1,Final,Final,3289,Citi Field,121,New York Mets,NYM,4,False,143,Philadelphia Phillies,PHI,5,True,666182,Bo Bichette,Bo,Bichette,19,1998-03-05,28,"5' 11""",190,6,Shortstop,R,Right,R,Right,"1-4 | BB, 2 K",,4,1,0,0,0,0,0,2,1,0,0,0,5,1,,,,,,,,,,
2026-06-28,823608,,/api/v1.1/game/823608/feed/live,R,2026,2026-06-28,,day,P,N,N,Regular Season,3,3,1,Final,Final,3289,Citi Field,121,New York Mets,NYM,4,False,143,Philadelphia Phillies,PHI,5,True,621438,Tyrone Taylor,Tyrone,Taylor,28,1994-01-22,32,"6' 0""",218,8,Outfielder,R,Right,R,Right,2-2 | R,,2,2,0,0,0,0,1,0,0,0,0,0,2,2,,,,,,,,,,
2026-06-28,823608,,/api/v1.1/game/823608/feed/live,R,2026,2026-06-28,,day,P,N,N,Regular Season,3,3,1,Final,Final,3289,Citi Field,121,New York Mets,NYM,4,False,143,Philadelphia Phillies,PHI,5,True,682626,Francisco Alvarez,Francisco,Alvarez,4,2001-11-19,24,"5' 10""",233,2,Catcher,R,Right,R,Right,"1-5 | 2B, 3 K, R",,5,1,1,0,0,0,1,3,0,0,0,0,5,2,,,,,,,,,,
2026-06-28,823608,,/api/v1.1/game/823608/feed/live,R,2026,2026-06-28,,day,P,N,N,Regular Season,3,3,1,Final,Final,3289,Citi Field,121,New York Mets,NYM,4,False,143,Philadelphia Phillies,PHI,5,True,668901,Mark Vientos,Mark,Vientos,27,1999-12-11,26,"6' 3""",185,3,First Base,R,Right,R,Right,0-2 | K,,2,0,0,0,0,0,0,1,0,0,0,0,2,0,,,,,,,,,,
2026-06-28,823608,,/api/v1.1/game/823608/feed/live,R,2026,2026-06-28,,day,P,N,N,Regular Season,3,3,1,Final,Final,3289,Citi Field,121,New York Mets,NYM,4,False,143,Philadelphia Phillies,PHI,5,True,640455,Sean Manaea,Sean,Manaea,59,1992-02-01,34,"6' 5""",245,1,Pitcher,R,Right,L,Left,,,,,,,,,,,,,,,,,,,,,,,,,,
2026-06-28,823608,,/api/v1.1/game/823608/feed/live,R,2026,2026-06-28,,day,P,N,N,Regular Season,3,3,1,Final,Final,3289,Citi Field,121,New York Mets,NYM,4,False,143,Philadelphia Phillies,PHI,5,True,668964,Tobias Myers,Tobias,Myers,32,1998-08-05,27,"6' 1""",223,1,Pitcher,R,Right,R,Right,"3.0 IP, 3 ER, 3 K, 0 BB",,,,,,,,,,,,,,,,3.0,3,6,0,3,0,59,0,0,0
2026-06-28,823608,,/api/v1.1/game/823608/feed/live,R,2026,2026-06-28,,day,P,N,N,Regular Season,3,3,1,Final,Final,3289,Citi Field,121,New York Mets,NYM,4,False,143,Philadelphia Phillies,PHI,5,True,681810,Austin Warren,Austin,Warren,44,1996-02-05,30,"6' 0""",170,1,Pitcher,R,Right,R,Right,,,,,,,,,,,,,,,,,,,,,,,,,,
2026-06-28,823608,,/api/v1.1/game/823608/feed/live,R,2026,2026-06-28,,day,P,N,N,Regular Season,3,3,1,Final,Final,3289,Citi Field,121,New York Mets,NYM,4,False,143,Philadelphia Phillies,PHI,5,True,683146,Brett Baty,Brett,Baty,7,1999-11-13,26,"6' 3""",210,5,Third Base,L,Left,R,Right,"0-2 | 3 BB, R",,2,0,0,0,0,0,1,0,3,0,0,0,5,0,,,,,,,,,,
2026-06-28,823608,,/api/v1.1/game/823608/feed/live,R,2026,2026-06-28,,day,P,N,N,Regular Season,3,3,1,Final,Final,3289,Citi Field,121,New York Mets,NYM,4,False,143,Philadelphia Phillies,PHI,5,True,623211,Huascar Brazobán,Huascar,Brazobán,43,1989-10-15,36,"6' 3""",155,1,Pitcher,R,Right,R,Right,,,,,,,,,,,,,,,,,,,,,,,,,,
2026-06-28,823608,,/api/v1.1/game/823608/feed/live,R,2026,2026-06-28,,day,P,N,N,Regular Season,3,3,1,Final,Final,3289,Citi Field,121,New York Mets,NYM,4,False,143,Philadelphia Phillies,PHI,5,True,596133,Luke Weaver,Luke,Weaver,30,1993-08-21,32,"6' 2""",180,1,Pitcher,R,Right,R,Right,,,,,,,,,,,,,,,,,,,,,,,,,,
2026-06-28,823608,,/api/v1.1/game/823608/feed/live,R,2026,2026-06-28,,day,P,N,N,Regular Season,3,3,1,Final,Final,3289,Citi Field,121,New York Mets,NYM,4,False,143,Philadelphia Phillies,PHI,5,True,701807,Carson Benge,Carson,Benge,3,2003-01-20,23,"6' 1""",184,9,Outfielder,L,Left,R,Right,"1-5 | K, 2 RBI",,5,1,0,0,0,2,0,1,0,0,0,0,5,1,,,,,,,,,,
2026-06-28,823608,,/api/v1.1/game/823608/feed/live,R,2026,2026-06-28,,day,P,N,N,Regular Season,3,3,1,Final,Final,3289,Citi Field,121,New York Mets,NYM,4,False,143,Philadelphia Phillies,PHI,5,True,676572,Eric Wagaman,Eric,Wagaman,39,1997-08-14,28,"6' 4""",210,3,First Base,R,Right,R,Right,0-3 | K,,3,0,0,0,0,0,0,1,0,0,0,0,3,0,,,,,,,,,,
2026-06-28,823608,,/api/v1.1/game/823608/feed/live,R,2026,2026-06-28,,day,P,N,N,Regular Season,3,3,1,Final,Final,3289,Citi Field,121,New York Mets,NYM,4,False,143,Philadelphia Phillies,PHI,5,True,642207,Devin Williams,Devin,Williams,38,1994-09-21,31,"6' 2""",193,1,Pitcher,R,Right,R,Right,,,,,,,,,,,,,,,,,,,,,,,,,,
2026-06-28,823608,,/api/v1.1/game/823608/feed/live,R,2026,2026-06-28,,day,P,N,N,Regular Season,3,3,1,Final,Final,3289,Citi Field,121,New York Mets,NYM,4,False,143,Philadelphia Phillies,PHI,5,True,673540,Kodai Senga,Kodai,Senga,34,1993-01-30,33,"6' 1""",202,1,Pitcher,L,Left,R,Right,"5.0 IP, 2 ER, 4 K, BB",,,,,,,,,,,,,,,,5.0,2,4,1,4,1,80,0,1,0
2026-06-28,823608,,/api/v1.1/game/823608/feed/live,R,2026,2026-06-28,,day,P,N,N,Regular Season,3,3,1,Final,Final,3289,Citi Field,121,New York Mets,NYM,4,False,143,Philadelphia Phillies,PHI,5,True,672335,Cionel Pérez,Cionel,Pérez,52,1996-04-21,30,"6' 0""",175,1,Pitcher,R,Right,L,Left,"1.0 IP, 0 ER, 2 K, 0 BB",,,,,,,,,,,,,,,,1.0,0,0,0,2,0,9,0,0,0
2026-06-28,823608,,/api/v1.1/game/823608/feed/live,R,2026,2026-06-28,,day,P,N,N,Regular Season,3,3,1,Final,Final,3289,Citi Field,121,New York Mets,NYM,4,False,143,Philadelphia Phillies,PHI,5,True,621345,A.J. Minter,Alex,Minter,33,1993-09-02,32,"6' 0""",215,1,Pitcher,L,Left,L,Left,,,,,,,,,,,,,,,,,,,,,,,,,,
2026-06-28,823608,,/api/v1.1/game/823608/feed/live,R,2026,2026-06-28,,day,P,N,N,Regular Season,3,3,1,Final,Final,3289,Citi Field,121,New York Mets,NYM,4,False,143,Philadelphia Phillies,PHI,5,True,642547,Freddy Peralta,Freddy,Peralta,51,1996-06-04,30,"6' 0""",198,1,Pitcher,R,Right,R,Right,,,,,,,,,,,,,,,,,,,,,,,,,,
2026-06-28,823608,,/api/v1.1/game/823608/feed/live,R,2026,2026-06-28,,day,P,N,N,Regular Season,3,3,1,Final,Final,3289,Citi Field,121,New York Mets,NYM,4,False,143,Philadelphia Phillies,PHI,5,True,596019,Francisco Lindor,Francisco,Lindor,12,1993-11-14,32,"5' 10""",190,6,Shortstop,S,Switch,R,Right,,,,,,,,,,,,,,,,,,,,,,,,,,
2026-06-28,823608,,/api/v1.1/game/823608/feed/live,R,2026,2026-06-28,,day,P,N,N,Regular Season,3,3,1,Final,Final,3289,Citi Field,121,New York Mets,NYM,4,False,143,Philadelphia Phillies,PHI,5,True,665742,Juan Soto,Juan,Soto,22,1998-10-25,27,"6' 1""",224,7,Outfielder,L,Left,L,Left,1-2 | 3 BB,,2,1,0,0,0,0,0,0,3,0,0,0,5,1,,,,,,,,,,
2026-06-28,823608,,/api/v1.1/game/823608/feed/live,R,2026,2026-06-28,,day,P,N,N,Regular Season,3,3,1,Final,Final,3289,Citi Field,121,New York Mets,NYM,4,False,143,Philadelphia Phillies,PHI,5,True,681035,Christian Scott,Christian,Scott,45,1999-06-15,27,"6' 4""",215,1,Pitcher,R,Right,R,Right,,,,,,,,,,,,,,,,,,,,,,,,,,
2026-06-28,823608,,/api/v1.1/game/823608/feed/live,R,2026,2026-06-28,,day,P,N,N,Regular Season,3,3,1,Final,Final,3289,Citi Field,121,New York Mets,NYM,4,False,143,Philadelphia Phillies,PHI,5,True,677595,Ronny Mauricio,Ronny,Mauricio,0,2001-04-04,25,"6' 3""",166,6,Shortstop,S,Switch,R,Right,0-2 | K,,2,0,0,0,0,0,0,1,0,0,0,0,2,0,,,,,,,,,,
2026-06-28,823608,,/api/v1.1/game/823608/feed/live,R,2026,2026-06-28,,day,P,N,N,Regular Season,3,3,1,Final,Final,3289,Citi Field,121,New York Mets,NYM,4,False,143,Philadelphia Phillies,PHI,5,True,548384,Brooks Raley,Brooks,Raley,25,1988-06-29,38,"6' 3""",200,1,Pitcher,L,Left,L,Left,,,,,,,,,,,,,,,,,,,,,,,,,,
2026-06-28,823608,,/api/v1.1/game/823608/feed/live,R,2026,2026-06-28,,day,P,N,N,Regular Season,3,3,1,Final,Final,3289,Citi Field,121,New York Mets,NYM,4,False,143,Philadelphia Phillies,PHI,5,True,690997,Nolan McLean,Nolan,McLean,26,2001-07-24,24,"6' 2""",214,1,Pitcher,R,Right,R,Right,,,,,,,,,,,,,,,,,,,,,,,,,,
2026-06-28,823608,,/api/v1.1/game/823608/feed/live,R,2026,2026-06-28,,day,P,N,N,Regular Season,3,3,1,Final,Final,3289,Citi Field,121,New York Mets,NYM,4,False,143,Philadelphia Phillies,PHI,5,True,676724,Jared Young,Jared,Young,29,1995-07-09,30,"6' 2""",200,3,First Base,L,Left,R,Right,"0-2 | HBP, K",,2,0,0,0,0,0,0,1,0,0,0,0,3,0,,,,,,,,,,
2026-06-28,823608,,/api/v1.1/game/823608/feed/live,R,2026,2026-06-28,,day,P,N,N,Regular Season,3,3,1,Final,Final,3289,Citi Field,121,New York Mets,NYM,4,False,143,Philadelphia Phillies,PHI,5,True,805999,A.J. Ewing,Andrew,Ewing,9,2004-08-10,21,"5' 10""",160,8,Outfielder,L,Left,R,Right,"2-3 | HR, 2 RBI, R",,3,2,0,0,1,2,1,0,0,0,0,0,3,5,,,,,,,,,,
2026-06-28,823608,,/api/v1.1/game/823608/feed/live,R,2026,2026-06-28,,day,P,N,N,Regular Season,3,3,1,Final,Final,3289,Citi Field,121,New York Mets,NYM,4,False,143,Philadelphia Phillies,PHI,5,True,687282,Gabriel Rincones Jr.,Gabriel,Rincones,17,2001-03-03,25,"6' 3""",225,9,Outfielder,L,Left,R,Right,,,,,,,,,,,,,,,,,,,,,,,,,,
2026-06-28,823608,,/api/v1.1/game/823608/feed/live,R,2026,2026-06-28,,day,P,N,N,Regular Season,3,3,1,Final,Final,3289,Citi Field,121,New York Mets,NYM,4,False,143,Philadelphia Phillies,PHI,5,True,669016,Brandon Marsh,Brandon,Marsh,16,1997-12-18,28,"6' 2""",215,7,Outfielder,L,Left,R,Right,"2-4 | 2B, K, RBI",,4,2,1,0,0,1,0,1,0,0,0,0,4,3,,,,,,,,,,
2026-06-28,823608,,/api/v1.1/game/823608/feed/live,R,2026,2026-06-28,,day,P,N,N,Regular Season,3,3,1,Final,Final,3289,Citi Field,121,New York Mets,NYM,4,False,143,Philadelphia Phillies,PHI,5,True,666200,Jesús Luzardo,Jesús,Luzardo,44,1997-09-30,28,"6' 0""",218,1,Pitcher,L,Left,L,Left,"5.0 IP, ER, 6 K, 3 BB",,,,,,,,,,,,,,,,5.0,1,4,0,6,3,96,0,0,0
2026-06-28,823608,,/api/v1.1/game/823608/feed/live,R,2026,2026-06-28,,day,P,N,N,Regular Season,3,3,1,Final,Final,3289,Citi Field,121,New York Mets,NYM,4,False,143,Philadelphia Phillies,PHI,5,True,621237,José Alvarado,José,Alvarado,46,1995-05-21,31,"6' 2""",245,1,Pitcher,L,Left,L,Left,"1.0 IP, 0 ER, 2 K, 0 BB",,,,,,,,,,,,,,,,1.0,0,1,0,2,0,24,0,0,0
2026-06-28,823608,,/api/v1.1/game/823608/feed/live,R,2026,2026-06-28,,day,P,N,N,Regular Season,3,3,1,Final,Final,3289,Citi Field,121,New York Mets,NYM,4,False,143,Philadelphia Phillies,PHI,5,True,702222,Justin Crawford,Justin,Crawford,2,2004-01-13,22,"6' 2""",188,8,Outfielder,L,Left,R,Right,1-4 | R,,4,1,0,0,0,0,1,0,0,0,0,0,4,1,,,,,,,,,,
2026-06-28,823608,,/api/v1.1/game/823608/feed/live,R,2026,2026-06-28,,day,P,N,N,Regular Season,3,3,1,Final,Final,3289,Citi Field,121,New York Mets,NYM,4,False,143,Philadelphia Phillies,PHI,5,True,650911,Cristopher Sánchez,Cristopher,Sánchez,61,1996-12-12,29,"6' 6""",200,1,Pitcher,L,Left,L,Left,,,,,,,,,,,,,,,,,,,,,,,,,,
2026-06-28,823608,,/api/v1.1/game/823608/feed/live,R,2026,2026-06-28,,day,P,N,N,Regular Season,3,3,1,Final,Final,3289,Citi Field,121,New York Mets,NYM,4,False,143,Philadelphia Phillies,PHI,5,True,547180,Bryce Harper,Bryce,Harper,3,1992-10-16,33,"6' 1""",210,3,First Base,L,Left,R,Right,"0-3 | K, RBI",,3,0,0,0,0,1,0,1,0,0,0,0,4,0,,,,,,,,,,
2026-06-28,823608,,/api/v1.1/game/823608/feed/live,R,2026,2026-06-28,,day,P,N,N,Regular Season,3,3,1,Final,Final,3289,Citi Field,121,New York Mets,NYM,4,False,143,Philadelphia Phillies,PHI,5,True,592663,J.T. Realmuto,Jacob,Realmuto,10,1991-03-18,35,"6' 0""",212,2,Catcher,R,Right,R,Right,1-4 | 2 K,,4,1,0,0,0,0,0,2,0,0,0,0,4,1,,,,,,,,,,
2026-06-28,823608,,/api/v1.1/game/823608/feed/live,R,2026,2026-06-28,,day,P,N,N,Regular Season,3,3,1,Final,Final,3289,Citi Field,121,New York Mets,NYM,4,False,143,Philadelphia Phillies,PHI,5,True,554430,Zack Wheeler,Zachary,Wheeler,45,1990-05-30,36,"6' 4""",195,1,Pitcher,L,Left,R,Right,,,,,,,,,,,,,,,,,,,,,,,,,,
2026-06-28,823608,,/api/v1.1/game/823608/feed/live,R,2026,2026-06-28,,day,P,N,N,Regular Season,3,3,1,Final,Final,3289,Citi Field,121,New York Mets,NYM,4,False,143,Philadelphia Phillies,PHI,5,True,661395,Jhoan Duran,Jhoan,Duran,59,1998-01-08,28,"6' 5""",230,1,Pitcher,R,Right,R,Right,"1.0 IP, 0 ER, 0 K, BB",,,,,,,,,,,,,,,,1.0,0,0,0,0,1,20,0,0,1
2026-06-28,823608,,/api/v1.1/game/823608/feed/live,R,2026,2026-06-28,,day,P,N,N,Regular Season,3,3,1,Final,Final,3289,Citi Field,121,New York Mets,NYM,4,False,143,Philadelphia Phillies,PHI,5,True,624641,Edmundo Sosa,Edmundo,Sosa,33,1996-03-06,30,"5' 11""",210,4,Second Base,R,Right,R,Right,,,,,,,,,,,,,,,,,,,,,,,,,,
2026-06-28,823608,,/api/v1.1/game/823608/feed/live,R,2026,2026-06-28,,day,P,N,N,Regular Season,3,3,1,Final,Final,3289,Citi Field,121,New York Mets,NYM,4,False,143,Philadelphia Phillies,PHI,5,True,686751,Seth Johnson,Seth,Johnson,51,1998-09-19,27,"6' 1""",205,1,Pitcher,R,Right,R,Right,,,,,,,,,,,,,,,,,,,,,,,,,,
2026-06-28,823608,,/api/v1.1/game/823608/feed/live,R,2026,2026-06-28,,day,P,N,N,Regular Season,3,3,1,Final,Final,3289,Citi Field,121,New York Mets,NYM,4,False,143,Philadelphia Phillies,PHI,5,True,689147,Orion Kerkering,Richard,Kerkering,50,2001-04-04,25,"6' 2""",204,1,Pitcher,R,Right,R,Right,"1.0 IP, 0 ER, K, 3 BB",,,,,,,,,,,,,,,,1.0,0,0,0,1,3,27,0,0,0
2026-06-28,823608,,/api/v1.1/game/823608/feed/live,R,2026,2026-06-28,,day,P,N,N,Regular Season,3,3,1,Final,Final,3289,Citi Field,121,New York Mets,NYM,4,False,143,Philadelphia Phillies,PHI,5,True,664761,Alec Bohm,Alec,Bohm,28,1996-08-03,29,"6' 4""",218,5,Third Base,R,Right,R,Right,"2-3 | 2B, BB, RBI",,3,2,1,0,0,1,1,0,1,0,0,0,4,3,,,,,,,,,,
2026-06-28,823608,,/api/v1.1/game/823608/feed/live,R,2026,2026-06-28,,day,P,N,N,Regular Season,3,3,1,Final,Final,3289,Citi Field,121,New York Mets,NYM,4,False,143,Philadelphia Phillies,PHI,5,True,680742,Jonathan Bowlan,Jonathan,Bowlan,52,1996-12-01,29,"6' 6""",240,1,Pitcher,R,Right,R,Right,,,,,,,,,,,,,,,,,,,,,,,,,,
2026-06-28,823608,,/api/v1.1/game/823608/feed/live,R,2026,2026-06-28,,day,P,N,N,Regular Season,3,3,1,Final,Final,3289,Citi Field,121,New York Mets,NYM,4,False,143,Philadelphia Phillies,PHI,5,True,663767,Chase Shugart,Chase,Shugart,55,1996-10-24,29,"5' 11""",200,1,Pitcher,L,Left,R,Right,"0.1 IP, 3 ER, K, BB",,,,,,,,,,,,,,,,0.1,3,3,1,1,1,20,0,0,0
2026-06-28,823608,,/api/v1.1/game/823608/feed/live,R,2026,2026-06-28,,day,P,N,N,Regular Season,3,3,1,Final,Final,3289,Citi Field,121,New York Mets,NYM,4,False,143,Philadelphia Phillies,PHI,5,True,641835,Tim Mayza,Timothy,Mayza,37,1992-01-15,34,"6' 3""",215,1,Pitcher,L,Left,L,Left,,,,,,,,,,,,,,,,,,,,,,,,,,
2026-06-28,823608,,/api/v1.1/game/823608/feed/live,R,2026,2026-06-28,,day,P,N,N,Regular Season,3,3,1,Final,Final,3289,Citi Field,121,New York Mets,NYM,4,False,143,Philadelphia Phillies,PHI,5,True,681082,Bryson Stott,Bryson,Stott,5,1997-10-06,28,"6' 0""",200,4,Second Base,L,Left,R,Right,1-4 | 2 K,,4,1,0,0,0,0,0,2,0,0,0,0,4,1,,,,,,,,,,
2026-06-28,823608,,/api/v1.1/game/823608/feed/live,R,2026,2026-06-28,,day,P,N,N,Regular Season,3,3,1,Final,Final,3289,Citi Field,121,New York Mets,NYM,4,False,143,Philadelphia Phillies,PHI,5,True,656941,Kyle Schwarber,Kyle,Schwarber,12,1993-03-05,33,"5' 11""",229,10,Designated Hitter,L,Left,R,Right,"2-5 | HR, 2 K, 2 RBI",,5,2,0,0,1,2,2,2,0,1,0,0,5,5,,,,,,,,,,
2026-06-28,823608,,/api/v1.1/game/823608/feed/live,R,2026,2026-06-28,,day,P,N,N,Regular Season,3,3,1,Final,Final,3289,Citi Field,121,New York Mets,NYM,4,False,143,Philadelphia Phillies,PHI,5,True,665561,Rafael Marchán,Rafael,Marchán,13,1999-02-25,27,"5' 9""",170,2,Catcher,S,Switch,R,Right,,,,,,,,,,,,,,,,,,,,,,,,,,
2026-06-28,823608,,/api/v1.1/game/823608/feed/live,R,2026,2026-06-28,,day,P,N,N,Regular Season,3,3,1,Final,Final,3289,Citi Field,121,New York Mets,NYM,4,False,143,Philadelphia Phillies,PHI,5,True,596117,Garrett Stubbs,Garrett,Stubbs,21,1993-05-26,33,"5' 9""",170,2,Catcher,L,Left,R,Right,,,,,,,,,,,,,,,,,,,,,,,,,,
2026-06-28,823608,,/api/v1.1/game/823608/feed/live,R,2026,2026-06-28,,day,P,N,N,Regular Season,3,3,1,Final,Final,3289,Citi Field,121,New York Mets,NYM,4,False,143,Philadelphia Phillies,PHI,5,True,605400,Aaron Nola,Aaron,Nola,27,1993-06-04,33,"6' 2""",200,1,Pitcher,R,Right,R,Right,,,,,,,,,,,,,,,,,,,,,,,,,,
2026-06-28,823608,,/api/v1.1/game/823608/feed/live,R,2026,2026-06-28,,day,P,N,N,Regular Season,3,3,1,Final,Final,3289,Citi Field,121,New York Mets,NYM,4,False,143,Philadelphia Phillies,PHI,5,True,660604,Alan Rangel,Alan,Rangel,57,1997-08-21,28,"6' 2""",170,1,Pitcher,R,Right,R,Right,,,,,,,,,,,,,,,,,,,,,,,,,,
2026-06-28,823608,,/api/v1.1/game/823608/feed/live,R,2026,2026-06-28,,day,P,N,N,Regular Season,3,3,1,Final,Final,3289,Citi Field,121,New York Mets,NYM,4,False,143,Philadelphia Phillies,PHI,5,True,607208,Trea Turner,Trea,Turner,7,1993-06-30,32,"6' 1""",185,6,Shortstop,R,Right,R,Right,"1-5 | R, SB",,5,1,0,0,0,0,1,0,0,1,0,0,5,1,,,,,,,,,,
2026-06-28,823608,,/api/v1.1/game/823608/feed/live,R,2026,2026-06-28,,day,P,N,N,Regular Season,3,3,1,Final,Final,3289,Citi Field,121,New York Mets,NYM,4,False,143,Philadelphia Phillies,PHI,5,True,656537,Derek Hill,Derek,Hill,49,1995-12-30,30,"6' 0""",206,9,Outfielder,R,Right,R,Right,0-4 | K,,4,0,0,0,0,0,0,1,0,0,0,0,4,0,,,,,,,,,,
2026-06-28,823608,,/api/v1.1/game/823608/feed/live,R,2026,2026-06-28,,day,P,N,N,Regular Season,3,3,1,Final,Final,3289,Citi Field,121,New York Mets,NYM,4,False,143,Philadelphia Phillies,PHI,5,True,679775,Kyle Backhus,Kyle,Backhus,19,1998-01-31,28,"6' 4""",185,1,Pitcher,L,Left,L,Left,"0.2 IP, 0 ER, 0 K, 0 BB",,,,,,,,,,,,,,,,0.2,0,1,0,0,0,8,1,0,0
2026-06-28,823686,,/api/v1.1/game/823686/feed/live,R,2026,2026-06-28,,day,P,N,N,Regular Season,3,3,1,Final,Final,3312,Target Field,142,Minnesota Twins,MIN,3,True,115,Colorado Rockies,COL,2,False,694397,Marco Raya,Marco,Raya,54,2002-08-07,23,"6' 1""",170,1,Pitcher,R,Right,R,Right,,,,,,,,,,,,,,,,,,,,,,,,,,
2026-06-28,823686,,/api/v1.1/game/823686/feed/live,R,2026,2026-06-28,,day,P,N,N,Regular Season,3,3,1,Final,Final,3312,Target Field,142,Minnesota Twins,MIN,3,True,115,Colorado Rockies,COL,2,False,671737,Taj Bradley,Taj,Bradley,26,2001-03-20,25,"6' 2""",220,1,Pitcher,R,Right,R,Right,,,,,,,,,,,,,,,,,,,,,,,,,,
2026-06-28,823686,,/api/v1.1/game/823686/feed/live,R,2026,2026-06-28,,day,P,N,N,Regular Season,3,3,1,Final,Final,3312,Target Field,142,Minnesota Twins,MIN,3,True,115,Colorado Rockies,COL,2,False,605170,Victor Caratini,Victor,Caratini,37,1993-08-17,32,"6' 0""",225,2,Catcher,S,Switch,R,Right,,,,,,,,,,,,,,,,,,,,,,,,,,
2026-06-28,823686,,/api/v1.1/game/823686/feed/live,R,2026,2026-06-28,,day,P,N,N,Regular Season,3,3,1,Final,Final,3312,Target Field,142,Minnesota Twins,MIN,3,True,115,Colorado Rockies,COL,2,False,665019,Kody Clemens,Kody,Clemens,2,1996-05-15,30,"6' 0""",200,3,First Base,L,Left,R,Right,"1-4 | HR, RBI, R",,4,1,0,0,1,1,1,0,0,0,0,0,4,4,,,,,,,,,,
2026-06-28,823686,,/api/v1.1/game/823686/feed/live,R,2026,2026-06-28,,day,P,N,N,Regular Season,3,3,1,Final,Final,3312,Target Field,142,Minnesota Twins,MIN,3,True,115,Colorado Rockies,COL,2,False,686797,Brooks Lee,Brooks,Lee,22,2001-02-14,25,"6' 0""",205,6,Shortstop,S,Switch,R,Right,2-3 | SB,,3,2,0,0,0,0,0,0,0,1,0,0,3,2,,,,,,,,,,
2026-06-28,823686,,/api/v1.1/game/823686/feed/live,R,2026,2026-06-28,,day,P,N,N,Regular Season,3,3,1,Final,Final,3312,Target Field,142,Minnesota Twins,MIN,3,True,115,Colorado Rockies,COL,2,False,668885,Austin Martin,Christopher,Martin,16,1999-03-23,27,"5' 10""",185,9,Outfielder,R,Right,R,Right,1-3,,3,1,0,0,0,0,0,0,0,0,0,0,3,1,,,,,,,,,,
2026-06-28,823686,,/api/v1.1/game/823686/feed/live,R,2026,2026-06-28,,day,P,N,N,Regular Season,3,3,1,Final,Final,3312,Target Field,142,Minnesota Twins,MIN,3,True,115,Colorado Rockies,COL,2,False,607455,Anthony Banda,Frank,Banda,43,1993-08-10,32,"6' 2""",221,1,Pitcher,L,Left,L,Left,"0.2 IP, 0 ER, 2 K, BB",,,,,,,,,,,,,,,,0.2,0,1,0,2,1,14,0,0,0
2026-06-28,823686,,/api/v1.1/game/823686/feed/live,R,2026,2026-06-28,,day,P,N,N,Regular Season,3,3,1,Final,Final,3312,Target Field,142,Minnesota Twins,MIN,3,True,115,Colorado Rockies,COL,2,False,656484,Tristan Gray,Tristan,Gray,4,1996-03-22,30,"6' 1""",215,6,Shortstop,L,Left,R,Right,,,,,,,,,,,,,,,,,,,,,,,,,,
2026-06-28,823686,,/api/v1.1/game/823686/feed/live,R,2026,2026-06-28,,day,P,N,N,Regular Season,3,3,1,Final,Final,3312,Target Field,142,Minnesota Twins,MIN,3,True,115,Colorado Rockies,COL,2,False,605137,Josh Bell,Joshua,Bell,56,1992-08-14,33,"6' 3""",261,10,Designated Hitter,S,Switch,R,Right,0-1,,1,0,0,0,0,0,0,0,0,0,0,0,1,0,,,,,,,,,,
2026-06-28,823686,,/api/v1.1/game/823686/feed/live,R,2026,2026-06-28,,day,P,N,N,Regular Season,3,3,1,Final,Final,3312,Target Field,142,Minnesota Twins,MIN,3,True,115,Colorado Rockies,COL,2,False,693459,Kyler Fedko,Kyler,Fedko,51,1999-09-21,26,"6' 0""",215,7,Outfielder,R,Right,R,Right,0-0,,0,0,0,0,0,0,0,0,0,0,0,0,0,0,,,,,,,,,,
2026-06-28,823686,,/api/v1.1/game/823686/feed/live,R,2026,2026-06-28,,day,P,N,N,Regular Season,3,3,1,Final,Final,3312,Target Field,142,Minnesota Twins,MIN,3,True,115,Colorado Rockies,COL,2,False,702474,Mike Paredes,Michael,Paredes,53,2000-07-27,25,"5' 11""",185,1,Pitcher,R,Right,R,Right,,,,,,,,,,,,,,,,,,,,,,,,,,
2026-06-28,823686,,/api/v1.1/game/823686/feed/live,R,2026,2026-06-28,,day,P,N,N,Regular Season,3,3,1,Final,Final,3312,Target Field,142,Minnesota Twins,MIN,3,True,115,Colorado Rockies,COL,2,False,687570,Connor Prielipp,Connor,Prielipp,61,2001-01-10,25,"6' 2""",210,1,Pitcher,L,Left,L,Left,"6.0 IP, 2 ER, 10 K, 0 BB",,,,,,,,,,,,,,,,6.0,2,6,0,10,0,93,0,0,0
2026-06-28,823686,,/api/v1.1/game/823686/feed/live,R,2026,2026-06-28,,day,P,N,N,Regular Season,3,3,1,Final,Final,3312,Target Field,142,Minnesota Twins,MIN,3,True,115,Colorado Rockies,COL,2,False,668952,Ryan Kreidler,Ryan,Kreidler,5,1997-11-12,28,"6' 3""",208,8,Outfielder,R,Right,R,Right,"1-3 | HR, RBI, R",,3,1,0,0,1,1,1,0,0,0,0,0,3,4,,,,,,,,,,
2026-06-28,823686,,/api/v1.1/game/823686/feed/live,R,2026,2026-06-28,,day,P,N,N,Regular Season,3,3,1,Final,Final,3312,Target Field,142,Minnesota Twins,MIN,3,True,115,Colorado Rockies,COL,2,False,573124,Taylor Rogers,Taylor,Rogers,55,1990-12-17,35,"6' 3""",190,1,Pitcher,L,Left,L,Left,,,,,,,,,,,,,,,,,,,,,,,,,,
2026-06-28,823686,,/api/v1.1/game/823686/feed/live,R,2026,2026-06-28,,day,P,N,N,Regular Season,3,3,1,Final,Final,3312,Target Field,142,Minnesota Twins,MIN,3,True,115,Colorado Rockies,COL,2,False,681892,Kody Funderburk,Kody,Funderburk,57,1996-11-27,29,"6' 4""",230,1,Pitcher,L,Left,L,Left,,,,,,,,,,,,,,,,,,,,,,,,,,
2026-06-28,823686,,/api/v1.1/game/823686/feed/live,R,2026,2026-06-28,,day,P,N,N,Regular Season,3,3,1,Final,Final,3312,Target Field,142,Minnesota Twins,MIN,3,True,115,Colorado Rockies,COL,2,False,701519,Travis Adams,Travis,Adams,45,2000-01-19,26,"6' 1""",197,1,Pitcher,R,Right,R,Right,,,,,,,,,,,,,,,,,,,,,,,,,,
2026-06-28,823686,,/api/v1.1/game/823686/feed/live,R,2026,2026-06-28,,day,P,N,N,Regular Season,3,3,1,Final,Final,3312,Target Field,142,Minnesota Twins,MIN,3,True,115,Colorado Rockies,COL,2,False,668904,Royce Lewis,Royce,Lewis,23,1999-06-05,27,"6' 0""",200,5,Third Base,R,Right,R,Right,"1-4 | 2B, R",,4,1,1,0,0,0,1,0,0,0,0,0,4,2,,,,,,,,,,
2026-06-28,823686,,/api/v1.1/game/823686/feed/live,R,2026,2026-06-28,,day,P,N,N,Regular Season,3,3,1,Final,Final,3312,Target Field,142,Minnesota Twins,MIN,3,True,115,Colorado Rockies,COL,2,False,663616,Trevor Larnach,Trevor,Larnach,9,1997-02-26,29,"6' 3""",223,7,Outfielder,L,Left,R,Right,1-3 | 2B,,3,1,1,0,0,0,0,0,0,0,0,0,3,2,,,,,,,,,,
2026-06-28,823686,,/api/v1.1/game/823686/feed/live,R,2026,2026-06-28,,day,P,N,N,Regular Season,3,3,1,Final,Final,3312,Target Field,142,Minnesota Twins,MIN,3,True,115,Colorado Rockies,COL,2,False,621439,Byron Buxton,Byron,Buxton,25,1993-12-18,32,"6' 1""",190,8,Outfielder,R,Right,R,Right,0-4 | K,,4,0,0,0,0,0,0,1,0,0,0,0,4,0,,,,,,,,,,
2026-06-28,823686,,/api/v1.1/game/823686/feed/live,R,2026,2026-06-28,,day,P,N,N,Regular Season,3,3,1,Final,Final,3312,Target Field,142,Minnesota Twins,MIN,3,True,115,Colorado Rockies,COL,2,False,672782,Yoendrys Gómez,Yoendrys,Gómez,94,1999-10-15,26,"6' 3""",212,1,Pitcher,R,Right,R,Right,"1.0 IP, 0 ER, 0 K, 0 BB",,,,,,,,,,,,,,,,1.0,0,0,0,0,0,4,0,0,1
2026-06-28,823686,,/api/v1.1/game/823686/feed/live,R,2026,2026-06-28,,day,P,N,N,Regular Season,3,3,1,Final,Final,3312,Target Field,142,Minnesota Twins,MIN,3,True,115,Colorado Rockies,COL,2,False,805673,Zebby Matthews,Daniel,Matthews,52,2000-05-22,26,"6' 5""",225,1,Pitcher,R,Right,R,Right,,,,,,,,,,,,,,,,,,,,,,,,,,
2026-06-28,823686,,/api/v1.1/game/823686/feed/live,R,2026,2026-06-28,,day,P,N,N,Regular Season,3,3,1,Final,Final,3312,Target Field,142,Minnesota Twins,MIN,3,True,115,Colorado Rockies,COL,2,False,657746,Joe Ryan,Joseph,Ryan,41,1996-06-05,30,"6' 2""",205,1,Pitcher,R,Right,R,Right,,,,,,,,,,,,,,,,,,,,,,,,,,
2026-06-28,823686,,/api/v1.1/game/823686/feed/live,R,2026,2026-06-28,,day,P,N,N,Regular Season,3,3,1,Final,Final,3312,Target Field,142,Minnesota Twins,MIN,3,True,115,Colorado Rockies,COL,2,False,679358,Eric Orze,Eric,Orze,19,1997-08-21,28,"6' 4""",205,1,Pitcher,R,Right,R,Right,,,,,,,,,,,,,,,,,,,,,,,,,,
2026-06-28,823686,,/api/v1.1/game/823686/feed/live,R,2026,2026-06-28,,day,P,N,N,Regular Season,3,3,1,Final,Final,3312,Target Field,142,Minnesota Twins,MIN,3,True,115,Colorado Rockies,COL,2,False,656577,Alex Jackson,Alexander,Jackson,70,1995-12-25,30,"6' 1""",238,2,Catcher,R,Right,R,Right,1-3,,3,1,0,0,0,0,0,0,0,0,0,0,3,1,,,,,,,,,,
2026-06-28,823686,,/api/v1.1/game/823686/feed/live,R,2026,2026-06-28,,day,P,N,N,Regular Season,3,3,1,Final,Final,3312,Target Field,142,Minnesota Twins,MIN,3,True,115,Colorado Rockies,COL,2,False,702193,Andrew Morris,Andrew,Morris,78,2001-09-01,24,"6' 0""",195,1,Pitcher,R,Right,R,Right,"1.1 IP, 0 ER, 2 K, 0 BB",,,,,,,,,,,,,,,,1.1,0,0,0,2,0,15,1,0,0
2026-06-28,823686,,/api/v1.1/game/823686/feed/live,R,2026,2026-06-28,,day,P,N,N,Regular Season,3,3,1,Final,Final,3312,Target Field,142,Minnesota Twins,MIN,3,True,115,Colorado Rockies,COL,2,False,807712,Luke Keaschall,Luke,Keaschall,15,2002-08-15,23,"6' 0""",190,4,Second Base,R,Right,R,Right,0-3,,3,0,0,0,0,0,0,0,0,0,0,0,3,0,,,,,,,,,,
2026-06-28,823686,,/api/v1.1/game/823686/feed/live,R,2026,2026-06-28,,day,P,N,N,Regular Season,3,3,1,Final,Final,3312,Target Field,142,Minnesota Twins,MIN,3,True,115,Colorado Rockies,COL,2,False,663372,Ryan Feltner,Ryan,Feltner,18,1996-09-02,29,"6' 4""",200,1,Pitcher,R,Right,R,Right,"6.0 IP, ER, 0 K, 0 BB",,,,,,,,,,,,,,,,6.0,1,5,1,0,0,82,0,0,0
2026-06-28,823686,,/api/v1.1/game/823686/feed/live,R,2026,2026-06-28,,day,P,N,N,Regular Season,3,3,1,Final,Final,3312,Target Field,142,Minnesota Twins,MIN,3,True,115,Colorado Rockies,COL,2,False,666160,Mickey Moniak,McKenzie,Moniak,22,1998-05-13,28,"6' 1""",209,7,Outfielder,L,Left,R,Right,0-1,,1,0,0,0,0,0,0,0,0,0,0,0,1,0,,,,,,,,,,
2026-06-28,823686,,/api/v1.1/game/823686/feed/live,R,2026,2026-06-28,,day,P,N,N,Regular Season,3,3,1,Final,Final,3312,Target Field,142,Minnesota Twins,MIN,3,True,115,Colorado Rockies,COL,2,False,680767,Victor Vodnik,Victor,Vodnik,38,1999-10-09,26,"6' 0""",216,1,Pitcher,R,Right,R,Right,,,,,,,,,,,,,,,,,,,,,,,,,,
2026-06-28,823686,,/api/v1.1/game/823686/feed/live,R,2026,2026-06-28,,day,P,N,N,Regular Season,3,3,1,Final,Final,3312,Target Field,142,Minnesota Twins,MIN,3,True,115,Colorado Rockies,COL,2,False,623474,Jimmy Herget,Jimmy,Herget,44,1993-09-09,32,"6' 3""",183,1,Pitcher,R,Right,R,Right,,,,,,,,,,,,,,,,,,,,,,,,,,
2026-06-28,823686,,/api/v1.1/game/823686/feed/live,R,2026,2026-06-28,,day,P,N,N,Regular Season,3,3,1,Final,Final,3312,Target Field,142,Minnesota Twins,MIN,3,True,115,Colorado Rockies,COL,2,False,664983,Jake McCarthy,Jacob,McCarthy,31,1997-07-30,28,"6' 0""",213,8,Outfielder,L,Left,L,Left,0-1,,1,0,0,0,0,0,0,0,0,0,0,0,1,0,,,,,,,,,,
2026-06-28,823686,,/api/v1.1/game/823686/feed/live,R,2026,2026-06-28,,day,P,N,N,Regular Season,3,3,1,Final,Final,3312,Target Field,142,Minnesota Twins,MIN,3,True,115,Colorado Rockies,COL,2,False,687859,Troy Johnston,Troy,Johnston,20,1997-06-22,29,"5' 11""",206,9,Outfielder,L,Left,L,Left,"2-4 | 2 K, RBI",,4,2,0,0,0,1,0,2,0,0,0,0,4,2,,,,,,,,,,
2026-06-28,823686,,/api/v1.1/game/823686/feed/live,R,2026,2026-06-28,,day,P,N,N,Regular Season,3,3,1,Final,Final,3312,Target Field,142,Minnesota Twins,MIN,3,True,115,Colorado Rockies,COL,2,False,605154,John Brebbia,John,Brebbia,60,1990-05-30,36,"6' 1""",219,1,Pitcher,L,Left,R,Right,,,,,,,,,,,,,,,,,,,,,,,,,,
2026-06-28,823686,,/api/v1.1/game/823686/feed/live,R,2026,2026-06-28,,day,P,N,N,Regular Season,3,3,1,Final,Final,3312,Target Field,142,Minnesota Twins,MIN,3,True,115,Colorado Rockies,COL,2,False,690924,Braxton Fulford,Braxton,Fulford,37,1998-12-09,27,"5' 10""",205,10,Designated Hitter,R,Right,R,Right,"0-3 | HBP, 2 K",,3,0,0,0,0,0,0,2,0,0,0,0,4,0,,,,,,,,,,
2026-06-28,823686,,/api/v1.1/game/823686/feed/live,R,2026,2026-06-28,,day,P,N,N,Regular Season,3,3,1,Final,Final,3312,Target Field,142,Minnesota Twins,MIN,3,True,115,Colorado Rockies,COL,2,False,607536,Kyle Freeland,Kyle,Freeland,21,1993-05-14,33,"6' 4""",202,1,Pitcher,L,Left,L,Left,,,,,,,,,,,,,,,,,,,,,,,,,,
2026-06-28,823686,,/api/v1.1/game/823686/feed/live,R,2026,2026-06-28,,day,P,N,N,Regular Season,3,3,1,Final,Final,3312,Target Field,142,Minnesota Twins,MIN,3,True,115,Colorado Rockies,COL,2,False,807743,Sean Sullivan,Sean,Sullivan,45,2002-07-22,23,"6' 4""",200,1,Pitcher,R,Right,L,Left,,,,,,,,,,,,,,,,,,,,,,,,,,
2026-06-28,823686,,/api/v1.1/game/823686/feed/live,R,2026,2026-06-28,,day,P,N,N,Regular Season,3,3,1,Final,Final,3312,Target Field,142,Minnesota Twins,MIN,3,True,115,Colorado Rockies,COL,2,False,650489,Willi Castro,Willi,Castro,3,1997-04-24,29,"6' 0""",209,4,Second Base,S,Switch,R,Right,"1-5 | 3 K, R",,5,1,0,0,0,0,1,3,0,0,0,0,5,1,,,,,,,,,,
2026-06-28,823686,,/api/v1.1/game/823686/feed/live,R,2026,2026-06-28,,day,P,N,N,Regular Season,3,3,1,Final,Final,3312,Target Field,142,Minnesota Twins,MIN,3,True,115,Colorado Rockies,COL,2,False,657514,Brennan Bernardino,Brennan,Bernardino,83,1992-01-15,34,"6' 4""",216,1,Pitcher,L,Left,L,Left,"0.1 IP, 0 ER, 0 K, 0 BB",,,,,,,,,,,,,,,,0.1,0,0,0,0,0,3,0,0,0
2026-06-28,823686,,/api/v1.1/game/823686/feed/live,R,2026,2026-06-28,,day,P,N,N,Regular Season,3,3,1,Final,Final,3312,Target Field,142,Minnesota Twins,MIN,3,True,115,Colorado Rockies,COL,2,False,671289,Tyler Freeman,Tyler,Freeman,2,1999-05-21,27,"5' 11""",200,9,Outfielder,R,Right,R,Right,"0-3 | HBP, 2 K",,3,0,0,0,0,0,0,2,0,0,0,0,4,0,,,,,,,,,,
2026-06-28,823686,,/api/v1.1/game/823686/feed/live,R,2026,2026-06-28,,day,P,N,N,Regular Season,3,3,1,Final,Final,3312,Target Field,142,Minnesota Twins,MIN,3,True,115,Colorado Rockies,COL,2,False,694249,Cole Carrigg,Cole,Carrigg,16,2002-05-08,24,"6' 2""",204,8,Outfielder,S,Switch,R,Right,"2-3 | 2B, SB",,3,2,1,0,0,0,0,0,0,1,0,0,4,3,,,,,,,,,,
2026-06-28,823686,,/api/v1.1/game/823686/feed/live,R,2026,2026-06-28,,day,P,N,N,Regular Season,3,3,1,Final,Final,3312,Target Field,142,Minnesota Twins,MIN,3,True,115,Colorado Rockies,COL,2,False,675848,Juan Mejia,Juan,Mejia,47,2000-07-04,25,"6' 3""",210,1,Pitcher,R,Right,R,Right,"1.0 IP, 0 ER, K, 0 BB",,,,,,,,,,,,,,,,1.0,0,0,0,1,0,16,0,0,0
2026-06-28,823686,,/api/v1.1/game/823686/feed/live,R,2026,2026-06-28,,day,P,N,N,Regular Season,3,3,1,Final,Final,3312,Target Field,142,Minnesota Twins,MIN,3,True,115,Colorado Rockies,COL,2,False,666397,Edouard Julien,Edouard,Julien,6,1999-04-30,27,"6' 1""",195,4,Second Base,L,Left,R,Right,,,,,,,,,,,,,,,,,,,,,,,,,,
2026-06-28,823686,,/api/v1.1/game/823686/feed/live,R,2026,2026-06-28,,day,P,N,N,Regular Season,3,3,1,Final,Final,3312,Target Field,142,Minnesota Twins,MIN,3,True,115,Colorado Rockies,COL,2,False,696100,Hunter Goodman,Hunter,Goodman,15,1999-10-08,26,"5' 11""",220,2,Catcher,R,Right,R,Right,0-4 | K,,4,0,0,0,0,0,0,1,0,0,0,0,4,0,,,,,,,,,,
2026-06-28,823686,,/api/v1.1/game/823686/feed/live,R,2026,2026-06-28,,day,P,N,N,Regular Season,3,3,1,Final,Final,3312,Target Field,142,Minnesota Twins,MIN,3,True,115,Colorado Rockies,COL,2,False,608372,Tomoyuki Sugano,Tomoyuki,Sugano,11,1989-10-11,36,"6' 1""",227,1,Pitcher,R,Right,R,Right,,,,,,,,,,,,,,,,,,,,,,,,,,
2026-06-28,823686,,/api/v1.1/game/823686/feed/live,R,2026,2026-06-28,,day,P,N,N,Regular Season,3,3,1,Final,Final,3312,Target Field,142,Minnesota Twins,MIN,3,True,115,Colorado Rockies,COL,2,False,688642,Zach Agnos,Zachary,Agnos,36,2000-08-15,25,"6' 0""",225,1,Pitcher,R,Right,R,Right,,,,,,,,,,,,,,,,,,,,,,,,,,
2026-06-28,823686,,/api/v1.1/game/823686/feed/live,R,2026,2026-06-28,,day,P,N,N,Regular Season,3,3,1,Final,Final,3312,Target Field,142,Minnesota Twins,MIN,3,True,115,Colorado Rockies,COL,2,False,664954,Brett Sullivan,Brett,Sullivan,26,1994-02-22,32,"5' 11""",190,2,Catcher,L,Left,R,Right,,,,,,,,,,,,,,,,,,,,,,,,,,
2026-06-28,823686,,/api/v1.1/game/823686/feed/live,R,2026,2026-06-28,,day,P,N,N,Regular Season,3,3,1,Final,Final,3312,Target Field,142,Minnesota Twins,MIN,3,True,115,Colorado Rockies,COL,2,False,678662,Ezequiel Tovar,Ezequiel,Tovar,14,2001-08-01,24,"6' 0""",192,6,Shortstop,R,Right,R,Right,0-3 | K,,3,0,0,0,0,0,0,1,0,0,0,0,3,0,,,,,,,,,,
2026-06-28,823686,,/api/v1.1/game/823686/feed/live,R,2026,2026-06-28,,day,P,N,N,Regular Season,3,3,1,Final,Final,3312,Target Field,142,Minnesota Twins,MIN,3,True,115,Colorado Rockies,COL,2,False,547179,Michael Lorenzen,Michael,Lorenzen,24,1992-01-04,34,"6' 1""",210,1,Pitcher,R,Right,R,Right,,,,,,,,,,,,,,,,,,,,,,,,,,
2026-06-28,823686,,/api/v1.1/game/823686/feed/live,R,2026,2026-06-28,,day,P,N,N,Regular Season,3,3,1,Final,Final,3312,Target Field,142,Minnesota Twins,MIN,3,True,115,Colorado Rockies,COL,2,False,681198,TJ Rumfield,Toby,Rumfield,7,2000-05-17,26,"6' 5""",238,3,First Base,L,Left,R,Right,"2-4 | K, RBI, R",,4,2,0,0,0,1,1,1,0,0,0,0,4,2,,,,,,,,,,
2026-06-28,823686,,/api/v1.1/game/823686/feed/live,R,2026,2026-06-28,,day,P,N,N,Regular Season,3,3,1,Final,Final,3312,Target Field,142,Minnesota Twins,MIN,3,True,115,Colorado Rockies,COL,2,False,678020,Seth Halvorsen,Seth,Halvorsen,54,2000-02-18,26,"6' 2""",243,1,Pitcher,R,Right,R,Right,"0.2 IP, ER, 0 K, 0 BB",,,,,,,,,,,,,,,,0.2,1,3,1,0,0,15,0,1,0
2026-06-28,823686,,/api/v1.1/game/823686/feed/live,R,2026,2026-06-28,,day,P,N,N,Regular Season,3,3,1,Final,Final,3312,Target Field,142,Minnesota Twins,MIN,3,True,115,Colorado Rockies,COL,2,False,622608,Antonio Senzatela,Antonio,Senzatela,49,1995-01-21,31,"6' 1""",235,1,Pitcher,R,Right,R,Right,,,,,,,,,,,,,,,,,,,,,,,,,,
2026-06-28,823686,,/api/v1.1/game/823686/feed/live,R,2026,2026-06-28,,day,P,N,N,Regular Season,3,3,1,Final,Final,3312,Target Field,142,Minnesota Twins,MIN,3,True,115,Colorado Rockies,COL,2,False,691720,Kyle Karros,Kyle,Karros,12,2002-07-26,23,"6' 5""",225,5,Third Base,R,Right,R,Right,"0-2 | BB, HBP, 2 K",,2,0,0,0,0,0,0,2,1,0,0,0,4,0,,,,,,,,,,
2026-06-28,824580,,/api/v1.1/game/824580/feed/live,R,2026,2026-06-28,,day,P,N,N,Regular Season,3,3,1,Final,Final,4,Rate Field,145,Chicago White Sox,CWS,4,False,118,Kansas City Royals,KC,5,True,694378,Jacob Gonzalez,Jacob,Gonzalez,7,2002-05-30,24,"6' 2""",205,3,First Base,L,Left,R,Right,0-3 | BB,,3,0,0,0,0,0,0,0,1,0,0,0,4,0,,,,,,,,,,
2026-06-28,824580,,/api/v1.1/game/824580/feed/live,R,2026,2026-06-28,,day,P,N,N,Regular Season,3,3,1,Final,Final,4,Rate Field,145,Chicago White Sox,CWS,4,False,118,Kansas City Royals,KC,5,True,671976,Tristan Peters,Tristan,Peters,29,2000-02-29,26,"6' 0""",180,8,Outfielder,L,Left,R,Right,1-4 | SB,,4,1,0,0,0,0,0,0,0,1,0,0,4,1,,,,,,,,,,
2026-06-28,824580,,/api/v1.1/game/824580/feed/live,R,2026,2026-06-28,,day,P,N,N,Regular Season,3,3,1,Final,Final,4,Rate Field,145,Chicago White Sox,CWS,4,False,118,Kansas City Royals,KC,5,True,641743,Anthony Kay,Anthony,Kay,18,1995-03-21,31,"6' 0""",225,1,Pitcher,L,Left,L,Left,"3.2 IP, 4 ER, 2 K, BB",,,,,,,,,,,,,,,,3.2,4,7,0,2,1,73,0,1,0
2026-06-28,824580,,/api/v1.1/game/824580/feed/live,R,2026,2026-06-28,,day,P,N,N,Regular Season,3,3,1,Final,Final,4,Rate Field,145,Chicago White Sox,CWS,4,False,118,Kansas City Royals,KC,5,True,663436,Davis Martin,Davis,Martin,65,1997-01-04,29,"6' 2""",215,1,Pitcher,L,Left,R,Right,,,,,,,,,,,,,,,,,,,,,,,,,,
2026-06-28,824580,,/api/v1.1/game/824580/feed/live,R,2026,2026-06-28,,day,P,N,N,Regular Season,3,3,1,Final,Final,4,Rate Field,145,Chicago White Sox,CWS,4,False,118,Kansas City Royals,KC,5,True,682668,Luisangel Acuña,Luisangel,Acuña,0,2002-03-12,24,"5' 7""",181,8,Outfielder,R,Right,R,Right,,,,,,,,,,,,,,,,,,,,,,,,,,
2026-06-28,824580,,/api/v1.1/game/824580/feed/live,R,2026,2026-06-28,,day,P,N,N,Regular Season,3,3,1,Final,Final,4,Rate Field,145,Chicago White Sox,CWS,4,False,118,Kansas City Royals,KC,5,True,685126,Brandon Eisert,Brandon,Eisert,53,1998-01-19,28,"6' 2""",210,1,Pitcher,L,Left,L,Left,,,,,,,,,,,,,,,,,,,,,,,,,,
2026-06-28,824580,,/api/v1.1/game/824580/feed/live,R,2026,2026-06-28,,day,P,N,N,Regular Season,3,3,1,Final,Final,4,Rate Field,145,Chicago White Sox,CWS,4,False,118,Kansas City Royals,KC,5,True,545341,Randal Grichuk,Randal,Grichuk,34,1991-08-13,34,"6' 0""",210,10,Designated Hitter,R,Right,R,Right,,,,,,,,,,,,,,,,,,,,,,,,,,
2026-06-28,824580,,/api/v1.1/game/824580/feed/live,R,2026,2026-06-28,,day,P,N,N,Regular Season,3,3,1,Final,Final,4,Rate Field,145,Chicago White Sox,CWS,4,False,118,Kansas City Royals,KC,5,True,691019,Kyle Teel,Kyle,Teel,8,2002-02-15,24,"5' 11""",210,2,Catcher,L,Left,R,Right,"1-4 | 2 K, 2 RBI",,4,1,0,0,0,2,0,2,0,0,0,0,4,1,,,,,,,,,,
2026-06-28,824580,,/api/v1.1/game/824580/feed/live,R,2026,2026-06-28,,day,P,N,N,Regular Season,3,3,1,Final,Final,4,Rate Field,145,Chicago White Sox,CWS,4,False,118,Kansas City Royals,KC,5,True,805367,Chase Meidroth,Chase,Meidroth,10,2001-07-23,24,"5' 9""",190,4,Second Base,R,Right,R,Right,"0-3 | BB, K",,3,0,0,0,0,0,0,1,1,0,0,0,4,0,,,,,,,,,,
2026-06-28,824580,,/api/v1.1/game/824580/feed/live,R,2026,2026-06-28,,day,P,N,N,Regular Season,3,3,1,Final,Final,4,Rate Field,145,Chicago White Sox,CWS,4,False,118,Kansas City Royals,KC,5,True,691799,Grant Taylor,Grant,Taylor,31,2002-05-20,24,"6' 3""",230,1,Pitcher,R,Right,R,Right,,,,,,,,,,,,,,,,,,,,,,,,,,
2026-06-28,824580,,/api/v1.1/game/824580/feed/live,R,2026,2026-06-28,,day,P,N,N,Regular Season,3,3,1,Final,Final,4,Rate Field,145,Chicago White Sox,CWS,4,False,118,Kansas City Royals,KC,5,True,678577,Junior Perez,Junior,Perez,37,2001-07-04,24,"6' 0""",165,8,Outfielder,R,Right,R,Right,,,,,,,,,,,,,,,,,,,,,,,,,,
2026-06-28,824580,,/api/v1.1/game/824580/feed/live,R,2026,2026-06-28,,day,P,N,N,Regular Season,3,3,1,Final,Final,4,Rate Field,145,Chicago White Sox,CWS,4,False,118,Kansas City Royals,KC,5,True,695657,Colson Montgomery,Colson,Montgomery,12,2002-02-27,24,"6' 3""",230,6,Shortstop,L,Left,R,Right,0-4 | 2 K,,4,0,0,0,0,0,0,2,0,0,0,0,4,0,,,,,,,,,,
2026-06-28,824580,,/api/v1.1/game/824580/feed/live,R,2026,2026-06-28,,day,P,N,N,Regular Season,3,3,1,Final,Final,4,Rate Field,145,Chicago White Sox,CWS,4,False,118,Kansas City Royals,KC,5,True,805326,Tyler Schweitzer,Tyler,Schweitzer,62,2000-09-19,25,"6' 0""",185,1,Pitcher,L,Left,L,Left,,,,,,,,,,,,,,,,,,,,,,,,,,
2026-06-28,824580,,/api/v1.1/game/824580/feed/live,R,2026,2026-06-28,,day,P,N,N,Regular Season,3,3,1,Final,Final,4,Rate Field,145,Chicago White Sox,CWS,4,False,118,Kansas City Royals,KC,5,True,670950,Trevor Richards,Trevor,Richards,43,1993-05-15,33,"6' 2""",205,1,Pitcher,R,Right,R,Right,"1.1 IP, 0 ER, K, 0 BB",,,,,,,,,,,,,,,,1.1,0,0,0,1,0,16,0,0,0
2026-06-28,824580,,/api/v1.1/game/824580/feed/live,R,2026,2026-06-28,,day,P,N,N,Regular Season,3,3,1,Final,Final,4,Rate Field,145,Chicago White Sox,CWS,4,False,118,Kansas City Royals,KC,5,True,691011,Drew Romo,Drew,Romo,36,2001-08-29,24,"6' 0""",205,2,Catcher,S,Switch,R,Right,,,,,,,,,,,,,,,,,,,,,,,,,,
2026-06-28,824580,,/api/v1.1/game/824580/feed/live,R,2026,2026-06-28,,day,P,N,N,Regular Season,3,3,1,Final,Final,4,Rate Field,145,Chicago White Sox,CWS,4,False,118,Kansas City Royals,KC,5,True,695731,Braden Montgomery,Braden,Montgomery,24,2003-04-16,23,"6' 2""",220,9,Outfielder,S,Switch,R,Right,1-4,,4,1,0,0,0,0,0,0,0,0,0,0,4,1,,,,,,,,,,
2026-06-28,824580,,/api/v1.1/game/824580/feed/live,R,2026,2026-06-28,,day,P,N,N,Regular Season,3,3,1,Final,Final,4,Rate Field,145,Chicago White Sox,CWS,4,False,118,Kansas City Royals,KC,5,True,622554,Seranthony Domínguez,Seranthony,Domínguez,58,1994-11-25,31,"6' 1""",225,1,Pitcher,R,Right,R,Right,"1.0 IP, 0 ER, 2 K, 0 BB",,,,,,,,,,,,,,,,1.0,0,1,0,2,0,18,0,0,0
2026-06-28,824580,,/api/v1.1/game/824580/feed/live,R,2026,2026-06-28,,day,P,N,N,Regular Season,3,3,1,Final,Final,4,Rate Field,145,Chicago White Sox,CWS,4,False,118,Kansas City Royals,KC,5,True,669684,Chris Murphy,Christopher,Murphy,38,1998-06-05,28,"6' 1""",186,1,Pitcher,L,Left,L,Left,"0.2 IP, 0 ER, 0 K, 0 BB",,,,,,,,,,,,,,,,0.2,0,1,0,0,0,7,0,0,0
2026-06-28,824580,,/api/v1.1/game/824580/feed/live,R,2026,2026-06-28,,day,P,N,N,Regular Season,3,3,1,Final,Final,4,Rate Field,145,Chicago White Sox,CWS,4,False,118,Kansas City Royals,KC,5,True,643217,Andrew Benintendi,Andrew,Benintendi,23,1994-07-06,31,"5' 9""",185,10,Designated Hitter,L,Left,L,Left,1-4,,4,1,0,0,0,0,0,0,0,0,0,1,4,1,,,,,,,,,,
2026-06-28,824580,,/api/v1.1/game/824580/feed/live,R,2026,2026-06-28,,day,P,N,N,Regular Season,3,3,1,Final,Final,4,Rate Field,145,Chicago White Sox,CWS,4,False,118,Kansas City Royals,KC,5,True,680732,Sean Burke,Sean,Burke,59,1999-12-18,26,"6' 6""",240,1,Pitcher,R,Right,R,Right,,,,,,,,,,,,,,,,,,,,,,,,,,
2026-06-28,824580,,/api/v1.1/game/824580/feed/live,R,2026,2026-06-28,,day,P,N,N,Regular Season,3,3,1,Final,Final,4,Rate Field,145,Chicago White Sox,CWS,4,False,118,Kansas City Royals,KC,5,True,663542,Bryan Hudson,Bryan,Hudson,60,1997-05-08,29,"6' 8""",248,1,Pitcher,L,Left,L,Left,"1.0 IP, 0 ER, K, BB",,,,,,,,,,,,,,,,1.0,0,2,0,1,1,15,0,0,0
2026-06-28,824580,,/api/v1.1/game/824580/feed/live,R,2026,2026-06-28,,day,P,N,N,Regular Season,3,3,1,Final,Final,4,Rate Field,145,Chicago White Sox,CWS,4,False,118,Kansas City Royals,KC,5,True,607200,Erick Fedde,Erick,Fedde,47,1993-02-25,33,"6' 4""",205,1,Pitcher,R,Right,R,Right,,,,,,,,,,,,,,,,,,,,,,,,,,
2026-06-28,824580,,/api/v1.1/game/824580/feed/live,R,2026,2026-06-28,,day,P,N,N,Regular Season,3,3,1,Final,Final,4,Rate Field,145,Chicago White Sox,CWS,4,False,118,Kansas City Royals,KC,5,True,656794,Sean Newcomb,Sean,Newcomb,15,1993-06-12,33,"6' 5""",255,1,Pitcher,L,Left,L,Left,,,,,,,,,,,,,,,,,,,,,,,,,,
2026-06-28,824580,,/api/v1.1/game/824580/feed/live,R,2026,2026-06-28,,day,P,N,N,Regular Season,3,3,1,Final,Final,4,Rate Field,145,Chicago White Sox,CWS,4,False,118,Kansas City Royals,KC,5,True,663855,Jordan Hicks,Jordan,Hicks,44,1996-09-06,29,"6' 2""",217,1,Pitcher,R,Right,R,Right,"1.1 IP, 0 ER, 2 K, 0 BB",,,,,,,,,,,,,,,,1.1,0,0,0,2,0,13,0,0,0
2026-06-28,824580,,/api/v1.1/game/824580/feed/live,R,2026,2026-06-28,,day,P,N,N,Regular Season,3,3,1,Final,Final,4,Rate Field,145,Chicago White Sox,CWS,4,False,118,Kansas City Royals,KC,5,True,803011,Sam Antonacci,Samuel,Antonacci,17,2003-02-06,23,"5' 11""",193,7,Outfielder,L,Left,R,Right,"1-4 | BB, K, 2 R",,4,1,0,0,0,0,2,1,1,0,0,0,5,1,,,,,,,,,,
2026-06-28,824580,,/api/v1.1/game/824580/feed/live,R,2026,2026-06-28,,day,P,N,N,Regular Season,3,3,1,Final,Final,4,Rate Field,145,Chicago White Sox,CWS,4,False,118,Kansas City Royals,KC,5,True,678246,Miguel Vargas,Miguel,Vargas,20,1999-11-17,26,"6' 2""",225,5,Third Base,R,Right,R,Right,"2-2 | HR, 2B, 2 BB",,2,2,1,0,1,2,2,0,2,0,0,0,4,6,,,,,,,,,,
2026-06-28,824580,,/api/v1.1/game/824580/feed/live,R,2026,2026-06-28,,day,P,N,N,Regular Season,3,3,1,Final,Final,4,Rate Field,145,Chicago White Sox,CWS,4,False,118,Kansas City Royals,KC,5,True,695600,Carter Jensen,Carter,Jensen,22,2003-07-03,22,"6' 0""",210,2,Catcher,L,Left,R,Right,"3-5 | 2B, K, 2 RBI",,5,3,1,0,0,2,0,1,0,0,0,0,5,4,,,,,,,,,,
2026-06-28,824580,,/api/v1.1/game/824580/feed/live,R,2026,2026-06-28,,day,P,N,N,Regular Season,3,3,1,Final,Final,4,Rate Field,145,Chicago White Sox,CWS,4,False,118,Kansas City Royals,KC,5,True,670224,Kameron Misner,Kameron,Misner,26,1998-01-09,28,"6' 3""",220,8,Outfielder,L,Left,L,Left,"1-4 | K, SB",,4,1,0,0,0,0,0,1,0,1,0,0,4,1,,,,,,,,,,
2026-06-28,824580,,/api/v1.1/game/824580/feed/live,R,2026,2026-06-28,,day,P,N,N,Regular Season,3,3,1,Final,Final,4,Rate Field,145,Chicago White Sox,CWS,4,False,118,Kansas City Royals,KC,5,True,686475,Tyler Tolbert,Tyler,Tolbert,2,1998-01-27,28,"5' 10""",185,4,Second Base,R,Right,R,Right,0-3 | R,,3,0,0,0,0,0,1,0,0,0,0,0,3,0,,,,,,,,,,
2026-06-28,824580,,/api/v1.1/game/824580/feed/live,R,2026,2026-06-28,,day,P,N,N,Regular Season,3,3,1,Final,Final,4,Rate Field,145,Chicago White Sox,CWS,4,False,118,Kansas City Royals,KC,5,True,668942,Josh Rojas,Joshua,Rojas,40,1994-06-30,31,"6' 1""",200,5,Third Base,L,Left,R,Right,0-1,,1,0,0,0,0,0,0,0,0,0,0,0,1,0,,,,,,,,,,
2026-06-28,824580,,/api/v1.1/game/824580/feed/live,R,2026,2026-06-28,,day,P,N,N,Regular Season,3,3,1,Final,Final,4,Rate Field,145,Chicago White Sox,CWS,4,False,118,Kansas City Royals,KC,5,True,686555,Isaac Collins,Isaac,Collins,1,1997-07-22,28,"5' 8""",188,7,Outfielder,S,Switch,R,Right,"1-3 | 2B, HBP, RBI",,3,1,1,0,0,1,1,0,0,0,0,0,4,2,,,,,,,,,,
2026-06-28,824580,,/api/v1.1/game/824580/feed/live,R,2026,2026-06-28,,day,P,N,N,Regular Season,3,3,1,Final,Final,4,Rate Field,145,Chicago White Sox,CWS,4,False,118,Kansas City Royals,KC,5,True,521692,Salvador Perez,Salvador,Perez,13,1990-05-10,36,"6' 2""",255,2,Catcher,R,Right,R,Right,2-5 | 2 K,,5,2,0,0,0,0,0,2,0,0,0,0,5,2,,,,,,,,,,
2026-06-28,824580,,/api/v1.1/game/824580/feed/live,R,2026,2026-06-28,,day,P,N,N,Regular Season,3,3,1,Final,Final,4,Rate Field,145,Chicago White Sox,CWS,4,False,118,Kansas City Royals,KC,5,True,679883,Luinder Avila,Luinder,Avila,58,2001-08-21,24,"6' 3""",195,1,Pitcher,R,Right,R,Right,"4.0 IP, 4 ER, 4 K, 3 BB",,,,,,,,,,,,,,,,4.0,4,6,1,4,3,86,0,0,0
2026-06-28,824580,,/api/v1.1/game/824580/feed/live,R,2026,2026-06-28,,day,P,N,N,Regular Season,3,3,1,Final,Final,4,Rate Field,145,Chicago White Sox,CWS,4,False,118,Kansas City Royals,KC,5,True,679845,Nick Loftin,Nicholas,Loftin,12,1998-09-25,27,"5' 11""",180,4,Second Base,R,Right,R,Right,,,,,,,,,,,,,,,,,,,,,,,,,,
2026-06-28,824580,,/api/v1.1/game/824580/feed/live,R,2026,2026-06-28,,day,P,N,N,Regular Season,3,3,1,Final,Final,4,Rate Field,145,Chicago White Sox,CWS,4,False,118,Kansas City Royals,KC,5,True,670231,John Rave,John,Rave,16,1997-12-30,28,"5' 10""",194,9,Outfielder,L,Left,L,Left,,,,,,,,,,,,,,,,,,,,,,,,,,
2026-06-28,824580,,/api/v1.1/game/824580/feed/live,R,2026,2026-06-28,,day,P,N,N,Regular Season,3,3,1,Final,Final,4,Rate Field,145,Chicago White Sox,CWS,4,False,118,Kansas City Royals,KC,5,True,657756,Connor Seabold,Connor,Seabold,43,1996-01-24,30,"6' 2""",190,1,Pitcher,R,Right,R,Right,,,,,,,,,,,,,,,,,,,,,,,,,,
2026-06-28,824580,,/api/v1.1/game/824580/feed/live,R,2026,2026-06-28,,day,P,N,N,Regular Season,3,3,1,Final,Final,4,Rate Field,145,Chicago White Sox,CWS,4,False,118,Kansas City Royals,KC,5,True,668674,Lucas Erceg,Lucas,Erceg,60,1995-05-01,31,"6' 2""",214,1,Pitcher,L,Left,R,Right,"1.0 IP, 0 ER, 0 K, BB",,,,,,,,,,,,,,,,1.0,0,0,0,0,1,18,0,0,0
2026-06-28,824580,,/api/v1.1/game/824580/feed/live,R,2026,2026-06-28,,day,P,N,N,Regular Season,3,3,1,Final,Final,4,Rate Field,145,Chicago White Sox,CWS,4,False,118,Kansas City Royals,KC,5,True,686681,Michael Massey,Michael,Massey,19,1998-03-22,28,"6' 0""",195,4,Second Base,L,Left,R,Right,0-3 | BB,,3,0,0,0,0,0,0,0,1,0,0,0,4,0,,,,,,,,,,
2026-06-28,824580,,/api/v1.1/game/824580/feed/live,R,2026,2026-06-28,,day,P,N,N,Regular Season,3,3,1,Final,Final,4,Rate Field,145,Chicago White Sox,CWS,4,False,118,Kansas City Royals,KC,5,True,516782,Starling Marte,Starling,Marte,0,1988-10-09,37,"6' 0""",195,9,Outfielder,R,Right,R,Right,"2-5 | K, R, SB",,5,2,0,0,0,0,1,1,0,1,0,0,5,2,,,,,,,,,,
2026-06-28,824580,,/api/v1.1/game/824580/feed/live,R,2026,2026-06-28,,day,P,N,N,Regular Season,3,3,1,Final,Final,4,Rate Field,145,Chicago White Sox,CWS,4,False,118,Kansas City Royals,KC,5,True,621381,Matt Strahm,Matthew,Strahm,25,1991-11-12,34,"6' 2""",190,1,Pitcher,R,Right,L,Left,"1.0 IP, 0 ER, 0 K, 0 BB",,,,,,,,,,,,,,,,1.0,0,0,0,0,0,9,0,0,0
2026-06-28,824580,,/api/v1.1/game/824580/feed/live,R,2026,2026-06-28,,day,P,N,N,Regular Season,3,3,1,Final,Final,4,Rate Field,145,Chicago White Sox,CWS,4,False,118,Kansas City Royals,KC,5,True,694360,Beck Way,Beck,Way,44,1999-08-06,26,"6' 4""",200,1,Pitcher,R,Right,R,Right,"1.0 IP, 0 ER, K, BB",,,,,,,,,,,,,,,,1.0,0,1,0,1,1,21,0,0,0
2026-06-28,824580,,/api/v1.1/game/824580/feed/live,R,2026,2026-06-28,,day,P,N,N,Regular Season,3,3,1,Final,Final,4,Rate Field,145,Chicago White Sox,CWS,4,False,118,Kansas City Royals,KC,5,True,663738,Daniel Lynch IV,Daniel,Lynch,41,1996-11-17,29,"6' 6""",200,1,Pitcher,L,Left,L,Left,,,,,,,,,,,,,,,,,,,,,,,,,,
2026-06-28,824580,,/api/v1.1/game/824580/feed/live,R,2026,2026-06-28,,day,P,N,N,Regular Season,3,3,1,Final,Final,4,Rate Field,145,Chicago White Sox,CWS,4,False,118,Kansas City Royals,KC,5,True,608379,Michael Wacha,Michael,Wacha,52,1991-07-01,34,"6' 6""",215,1,Pitcher,R,Right,R,Right,,,,,,,,,,,,,,,,,,,,,,,,,,
2026-06-28,824580,,/api/v1.1/game/824580/feed/live,R,2026,2026-06-28,,day,P,N,N,Regular Season,3,3,1,Final,Final,4,Rate Field,145,Chicago White Sox,CWS,4,False,118,Kansas City Royals,KC,5,True,607625,Seth Lugo,Jacob,Lugo,67,1989-11-17,36,"6' 4""",225,1,Pitcher,R,Right,R,Right,,,,,,,,,,,,,,,,,,,,,,,,,,
2026-06-28,824580,,/api/v1.1/game/824580/feed/live,R,2026,2026-06-28,,day,P,N,N,Regular Season,3,3,1,Final,Final,4,Rate Field,145,Chicago White Sox,CWS,4,False,118,Kansas City Royals,KC,5,True,657041,Lane Thomas,Lane,Thomas,15,1995-08-23,30,"5' 11""",195,8,Outfielder,R,Right,R,Right,"2-5 | K, RBI, R",,5,2,0,0,0,1,1,1,0,1,0,0,5,2,,,,,,,,,,
2026-06-28,824580,,/api/v1.1/game/824580/feed/live,R,2026,2026-06-28,,day,P,N,N,Regular Season,3,3,1,Final,Final,4,Rate Field,145,Chicago White Sox,CWS,4,False,118,Kansas City Royals,KC,5,True,702070,Noah Cameron,Noah,Cameron,65,1999-07-17,26,"6' 3""",220,1,Pitcher,L,Left,L,Left,,,,,,,,,,,,,,,,,,,,,,,,,,
2026-06-28,824580,,/api/v1.1/game/824580/feed/live,R,2026,2026-06-28,,day,P,N,N,Regular Season,3,3,1,Final,Final,4,Rate Field,145,Chicago White Sox,CWS,4,False,118,Kansas City Royals,KC,5,True,672021,Eric Cerantola,Eric,Cerantola,61,2000-05-02,26,"6' 5""",225,1,Pitcher,R,Right,R,Right,,,,,,,,,,,,,,,,,,,,,,,,,,
2026-06-28,824580,,/api/v1.1/game/824580/feed/live,R,2026,2026-06-28,,day,P,N,N,Regular Season,3,3,1,Final,Final,4,Rate Field,145,Chicago White Sox,CWS,4,False,118,Kansas City Royals,KC,5,True,656638,Alex Lange,Alexander,Lange,56,1995-10-02,30,"6' 3""",202,1,Pitcher,R,Right,R,Right,"1.0 IP, 0 ER, 0 K, 0 BB",,,,,,,,,,,,,,,,1.0,0,0,0,0,0,10,0,0,1
2026-06-28,824580,,/api/v1.1/game/824580/feed/live,R,2026,2026-06-28,,day,P,N,N,Regular Season,3,3,1,Final,Final,4,Rate Field,145,Chicago White Sox,CWS,4,False,118,Kansas City Royals,KC,5,True,695506,Jac Caglianone,Jeffrey,Caglianone,14,2003-02-09,23,"6' 4""",250,9,Outfielder,L,Left,L,Left,,,,,,,,,,,,,,,,,,,,,,,,,,
2026-06-28,824580,,/api/v1.1/game/824580/feed/live,R,2026,2026-06-28,,day,P,N,N,Regular Season,3,3,1,Final,Final,4,Rate Field,145,Chicago White Sox,CWS,4,False,118,Kansas City Royals,KC,5,True,677951,Bobby Witt Jr.,Robert,Witt,7,2000-06-14,26,"6' 1""",200,6,Shortstop,R,Right,R,Right,"0-3 | BB, 2 K, RBI",,3,0,0,0,0,1,1,2,1,0,0,0,5,0,,,,,,,,,,
2026-06-28,824580,,/api/v1.1/game/824580/feed/live,R,2026,2026-06-28,,day,P,N,N,Regular Season,3,3,1,Final,Final,4,Rate Field,145,Chicago White Sox,CWS,4,False,118,Kansas City Royals,KC,5,True,674444,Steven Cruz,Steven,Cruz,64,1999-06-15,27,"6' 7""",225,1,Pitcher,R,Right,R,Right,"1.0 IP, 0 ER, K, 0 BB",,,,,,,,,,,,,,,,1.0,0,0,0,1,0,11,1,0,0
2026-06-28,824580,,/api/v1.1/game/824580/feed/live,R,2026,2026-06-28,,day,P,N,N,Regular Season,3,3,1,Final,Final,4,Rate Field,145,Chicago White Sox,CWS,4,False,118,Kansas City Royals,KC,5,True,670167,John Schreiber,John,Schreiber,46,1994-03-05,32,"6' 2""",224,1,Pitcher,R,Right,R,Right,,,,,,,,,,,,,,,,,,,,,,,,,,
2026-06-28,823769,,/api/v1.1/game/823769/feed/live,R,2026,2026-06-28,,day,P,N,N,Regular Season,3,3,1,Final,Final,32,American Family Field,158,Milwaukee Brewers,MIL,3,False,112,Chicago Cubs,CHC,4,True,694477,Chad Patrick,Chandler,Patrick,39,1998-08-14,27,"6' 1""",217,1,Pitcher,R,Right,R,Right,,,,,,,,,,,,,,,,,,,,,,,,,,
2026-06-28,823769,,/api/v1.1/game/823769/feed/live,R,2026,2026-06-28,,day,P,N,N,Regular Season,3,3,1,Final,Final,32,American Family Field,158,Milwaukee Brewers,MIL,3,False,112,Chicago Cubs,CHC,4,True,806198,Cooper Pratt,Cooper,Pratt,12,2004-08-18,21,"6' 4""",210,6,Shortstop,R,Right,R,Right,0-4 | 3 K,,4,0,0,0,0,0,0,3,0,0,0,0,4,0,,,,,,,,,,
2026-06-28,823769,,/api/v1.1/game/823769/feed/live,R,2026,2026-06-28,,day,P,N,N,Regular Season,3,3,1,Final,Final,32,American Family Field,158,Milwaukee Brewers,MIL,3,False,112,Chicago Cubs,CHC,4,True,687401,Joey Ortiz,Joseph,Ortiz,3,1998-07-14,27,"5' 10""",192,6,Shortstop,R,Right,R,Right,"0-1 | K, R",,1,0,0,0,0,0,1,1,0,0,0,0,1,0,,,,,,,,,,
2026-06-28,823769,,/api/v1.1/game/823769/feed/live,R,2026,2026-06-28,,day,P,N,N,Regular Season,3,3,1,Final,Final,32,American Family Field,158,Milwaukee Brewers,MIL,3,False,112,Chicago Cubs,CHC,4,True,694192,Jackson Chourio,Jackson,Chourio,11,2004-03-11,22,"6' 1""",199,7,Outfielder,R,Right,R,Right,"1-4 | BB, 2 K",,4,1,0,0,0,0,0,2,1,0,0,0,5,1,,,,,,,,,,
2026-06-28,823769,,/api/v1.1/game/823769/feed/live,R,2026,2026-06-28,,day,P,N,N,Regular Season,3,3,1,Final,Final,32,American Family Field,158,Milwaukee Brewers,MIL,3,False,112,Chicago Cubs,CHC,4,True,592885,Christian Yelich,Christian,Yelich,22,1991-12-05,34,"6' 4""",220,10,Designated Hitter,L,Left,R,Right,"2-5 | 3 K, RBI, R",,5,2,0,0,0,1,1,3,0,0,0,0,5,2,,,,,,,,,,
2026-06-28,823769,,/api/v1.1/game/823769/feed/live,R,2026,2026-06-28,,day,P,N,N,Regular Season,3,3,1,Final,Final,32,American Family Field,158,Milwaukee Brewers,MIL,3,False,112,Chicago Cubs,CHC,4,True,641343,Jake Bauers,Jakob,Bauers,9,1995-10-06,30,"6' 0""",216,3,First Base,L,Left,L,Left,0-5 | 2 K,,5,0,0,0,0,0,0,2,0,0,0,0,5,0,,,,,,,,,,
2026-06-28,823769,,/api/v1.1/game/823769/feed/live,R,2026,2026-06-28,,day,P,N,N,Regular Season,3,3,1,Final,Final,32,American Family Field,158,Milwaukee Brewers,MIL,3,False,112,Chicago Cubs,CHC,4,True,686217,Sal Frelick,Salvatore,Frelick,10,2000-04-19,26,"5' 9""",191,9,Outfielder,L,Left,R,Right,1-3 | BB,,3,1,0,0,0,0,0,0,1,0,0,0,4,1,,,,,,,,,,
2026-06-28,823769,,/api/v1.1/game/823769/feed/live,R,2026,2026-06-28,,day,P,N,N,Regular Season,3,3,1,Final,Final,32,American Family Field,158,Milwaukee Brewers,MIL,3,False,112,Chicago Cubs,CHC,4,True,682842,Abner Uribe,Abner,Uribe,45,2000-06-20,26,"6' 3""",205,1,Pitcher,R,Right,R,Right,"1.2 IP, 0 ER, K, 0 BB",,,,,,,,,,,,,,,,1.2,0,0,0,1,0,14,0,0,0
2026-06-28,823769,,/api/v1.1/game/823769/feed/live,R,2026,2026-06-28,,day,P,N,N,Regular Season,3,3,1,Final,Final,32,American Family Field,158,Milwaukee Brewers,MIL,3,False,112,Chicago Cubs,CHC,4,True,681982,Grant Anderson,Grant,Anderson,56,1997-06-21,29,"6' 0""",213,1,Pitcher,R,Right,R,Right,,,,,,,,,,,,,,,,,,,,,,,,,,
2026-06-28,823769,,/api/v1.1/game/823769/feed/live,R,2026,2026-06-28,,day,P,N,N,Regular Season,3,3,1,Final,Final,32,American Family Field,158,Milwaukee Brewers,MIL,3,False,112,Chicago Cubs,CHC,4,True,683734,Andrew Vaughn,Andrew,Vaughn,28,1998-04-03,28,"5' 10""",215,3,First Base,R,Right,R,Right,1-4 | 3B,,4,1,0,1,0,0,0,0,0,0,0,0,4,3,,,,,,,,,,
2026-06-28,823769,,/api/v1.1/game/823769/feed/live,R,2026,2026-06-28,,day,P,N,N,Regular Season,3,3,1,Final,Final,32,American Family Field,158,Milwaukee Brewers,MIL,3,False,112,Chicago Cubs,CHC,4,True,675660,Shane Drohan,Shane,Drohan,55,1999-01-07,27,"6' 2""",202,1,Pitcher,L,Left,L,Left,,,,,,,,,,,,,,,,,,,,,,,,,,
2026-06-28,823769,,/api/v1.1/game/823769/feed/live,R,2026,2026-06-28,,day,P,N,N,Regular Season,3,3,1,Final,Final,32,American Family Field,158,Milwaukee Brewers,MIL,3,False,112,Chicago Cubs,CHC,4,True,690986,Kyle Harrison,Kyle,Harrison,52,2001-08-12,24,"6' 2""",216,1,Pitcher,R,Right,L,Left,,,,,,,,,,,,,,,,,,,,,,,,,,
2026-06-28,823769,,/api/v1.1/game/823769/feed/live,R,2026,2026-06-28,,day,P,N,N,Regular Season,3,3,1,Final,Final,32,American Family Field,158,Milwaukee Brewers,MIL,3,False,112,Chicago Cubs,CHC,4,True,669270,Joel Kuhnel,Joel,Kuhnel,59,1995-02-19,31,"6' 5""",290,1,Pitcher,R,Right,R,Right,"1.0 IP, 2 ER, K, 2 BB",,,,,,,,,,,,,,,,1.0,2,1,0,1,2,26,0,1,0
2026-06-28,823769,,/api/v1.1/game/823769/feed/live,R,2026,2026-06-28,,day,P,N,N,Regular Season,3,3,1,Final,Final,32,American Family Field,158,Milwaukee Brewers,MIL,3,False,112,Chicago Cubs,CHC,4,True,669003,Garrett Mitchell,Garrett,Mitchell,5,1998-09-04,27,"6' 2""",229,8,Outfielder,L,Left,R,Right,"0-0 | BB, RBI",,0,0,0,0,0,1,0,0,1,0,0,0,1,0,,,,,,,,,,
2026-06-28,823769,,/api/v1.1/game/823769/feed/live,R,2026,2026-06-28,,day,P,N,N,Regular Season,3,3,1,Final,Final,32,American Family Field,158,Milwaukee Brewers,MIL,3,False,112,Chicago Cubs,CHC,4,True,676879,Aaron Ashby,Aaron,Ashby,26,1998-05-24,28,"6' 0""",194,1,Pitcher,R,Right,L,Left,"0.2 IP, ER, K, 2 BB",,,,,,,,,,,,,,,,0.2,1,1,0,1,2,24,0,0,0
2026-06-28,823769,,/api/v1.1/game/823769/feed/live,R,2026,2026-06-28,,day,P,N,N,Regular Season,3,3,1,Final,Final,32,American Family Field,158,Milwaukee Brewers,MIL,3,False,112,Chicago Cubs,CHC,4,True,666152,David Hamilton,David,Hamilton,6,1997-09-29,28,"5' 10""",192,5,Third Base,L,Left,R,Right,1-2,,2,1,0,0,0,0,0,0,0,0,0,0,2,1,,,,,,,,,,
2026-06-28,823769,,/api/v1.1/game/823769/feed/live,R,2026,2026-06-28,,day,P,N,N,Regular Season,3,3,1,Final,Final,32,American Family Field,158,Milwaukee Brewers,MIL,3,False,112,Chicago Cubs,CHC,4,True,687075,Brandon Sproat,Brandon,Sproat,23,2000-09-17,25,"6' 3""",205,1,Pitcher,R,Right,R,Right,,,,,,,,,,,,,,,,,,,,,,,,,,
2026-06-28,823769,,/api/v1.1/game/823769/feed/live,R,2026,2026-06-28,,day,P,N,N,Regular Season,3,3,1,Final,Final,32,American Family Field,158,Milwaukee Brewers,MIL,3,False,112,Chicago Cubs,CHC,4,True,663368,Blake Perkins,Blake,Perkins,16,1996-09-10,29,"6' 0""",185,8,Outfielder,S,Switch,R,Right,0-0,,0,0,0,0,0,0,0,0,0,0,0,0,0,0,,,,,,,,,,
2026-06-28,823769,,/api/v1.1/game/823769/feed/live,R,2026,2026-06-28,,day,P,N,N,Regular Season,3,3,1,Final,Final,32,American Family Field,158,Milwaukee Brewers,MIL,3,False,112,Chicago Cubs,CHC,4,True,661388,William Contreras,William,Contreras,24,1997-12-24,28,"5' 10""",217,2,Catcher,R,Right,R,Right,0-1,,1,0,0,0,0,0,0,0,0,0,0,0,1,0,,,,,,,,,,
2026-06-28,823769,,/api/v1.1/game/823769/feed/live,R,2026,2026-06-28,,day,P,N,N,Regular Season,3,3,1,Final,Final,32,American Family Field,158,Milwaukee Brewers,MIL,3,False,112,Chicago Cubs,CHC,4,True,668930,Brice Turang,Brice,Turang,2,1999-11-21,26,"6' 0""",190,4,Second Base,L,Left,R,Right,3-5 | K,,5,3,0,0,0,0,0,1,0,0,0,1,5,3,,,,,,,,,,
2026-06-28,823769,,/api/v1.1/game/823769/feed/live,R,2026,2026-06-28,,day,P,N,N,Regular Season,3,3,1,Final,Final,32,American Family Field,158,Milwaukee Brewers,MIL,3,False,112,Chicago Cubs,CHC,4,True,688107,Robert Gasser,Robert,Gasser,54,1999-05-31,27,"6' 0""",197,1,Pitcher,L,Left,L,Left,,,,,,,,,,,,,,,,,,,,,,,,,,
2026-06-28,823769,,/api/v1.1/game/823769/feed/live,R,2026,2026-06-28,,day,P,N,N,Regular Season,3,3,1,Final,Final,32,American Family Field,158,Milwaukee Brewers,MIL,3,False,112,Chicago Cubs,CHC,4,True,605540,Brandon Woodruff,Brandon,Woodruff,53,1993-02-10,33,"6' 4""",241,1,Pitcher,L,Left,R,Right,"5.2 IP, 0 ER, 6 K, 2 BB",,,,,,,,,,,,,,,,5.2,0,1,0,6,2,84,0,0,0
2026-06-28,823769,,/api/v1.1/game/823769/feed/live,R,2026,2026-06-28,,day,P,N,N,Regular Season,3,3,1,Final,Final,32,American Family Field,158,Milwaukee Brewers,MIL,3,False,112,Chicago Cubs,CHC,4,True,596142,Gary Sánchez,Gary,Sánchez,99,1992-12-02,33,"6' 2""",251,2,Catcher,R,Right,R,Right,"1-4 | HR, BB, RBI",,4,1,0,0,1,1,1,0,1,0,0,1,5,4,,,,,,,,,,
2026-06-28,823769,,/api/v1.1/game/823769/feed/live,R,2026,2026-06-28,,day,P,N,N,Regular Season,3,3,1,Final,Final,32,American Family Field,158,Milwaukee Brewers,MIL,3,False,112,Chicago Cubs,CHC,4,True,694819,Jacob Misiorowski,Jacob,Misiorowski,32,2002-04-03,24,"6' 7""",201,1,Pitcher,R,Right,R,Right,,,,,,,,,,,,,,,,,,,,,,,,,,
2026-06-28,823769,,/api/v1.1/game/823769/feed/live,R,2026,2026-06-28,,day,P,N,N,Regular Season,3,3,1,Final,Final,32,American Family Field,158,Milwaukee Brewers,MIL,3,False,112,Chicago Cubs,CHC,4,True,657649,Jared Koenig,Jared,Koenig,47,1994-01-24,32,"6' 5""",244,1,Pitcher,R,Right,L,Left,,,,,,,,,,,,,,,,,,,,,,,,,,
2026-06-28,823769,,/api/v1.1/game/823769/feed/live,R,2026,2026-06-28,,day,P,N,N,Regular Season,3,3,1,Final,Final,32,American Family Field,158,Milwaukee Brewers,MIL,3,False,112,Chicago Cubs,CHC,4,True,656730,Trevor Megill,Trevor,Megill,29,1993-12-05,32,"6' 8""",253,1,Pitcher,L,Left,R,Right,"1.0 IP, 0 ER, 3 K, 0 BB",,,,,,,,,,,,,,,,1.0,0,1,0,3,0,19,0,0,0
2026-06-28,823769,,/api/v1.1/game/823769/feed/live,R,2026,2026-06-28,,day,P,N,N,Regular Season,3,3,1,Final,Final,32,American Family Field,158,Milwaukee Brewers,MIL,3,False,112,Chicago Cubs,CHC,4,True,696136,Jordan Wicks,Jordan,Wicks,36,1999-09-01,26,"6' 3""",220,1,Pitcher,L,Left,L,Left,"1.0 IP, 0 ER, 0 K, BB",,,,,,,,,,,,,,,,1.0,0,0,0,0,1,11,0,0,1
2026-06-28,823769,,/api/v1.1/game/823769/feed/live,R,2026,2026-06-28,,day,P,N,N,Regular Season,3,3,1,Final,Final,32,American Family Field,158,Milwaukee Brewers,MIL,3,False,112,Chicago Cubs,CHC,4,True,624424,Michael Conforto,Michael,Conforto,20,1993-03-01,33,"5' 11""",215,10,Designated Hitter,L,Left,R,Right,0-2,,2,0,0,0,0,0,0,0,0,0,0,0,2,0,,,,,,,,,,
2026-06-28,823769,,/api/v1.1/game/823769/feed/live,R,2026,2026-06-28,,day,P,N,N,Regular Season,3,3,1,Final,Final,32,American Family Field,158,Milwaukee Brewers,MIL,3,False,112,Chicago Cubs,CHC,4,True,664023,Ian Happ,Ian,Happ,8,1994-08-12,31,"5' 10""",205,7,Outfielder,S,Switch,R,Right,"0-4 | BB, 2 K, R",,4,0,0,0,0,0,1,2,1,0,0,0,5,0,,,,,,,,,,
2026-06-28,823769,,/api/v1.1/game/823769/feed/live,R,2026,2026-06-28,,day,P,N,N,Regular Season,3,3,1,Final,Final,32,American Family Field,158,Milwaukee Brewers,MIL,3,False,112,Chicago Cubs,CHC,4,True,681799,Ethan Roberts,Ethan,Roberts,39,1997-07-04,28,"5' 10""",180,1,Pitcher,R,Right,R,Right,"0.0 IP, ER, 0 K, BB",,,,,,,,,,,,,,,,0.0,1,2,0,0,1,9,0,0,0
2026-06-28,823769,,/api/v1.1/game/823769/feed/live,R,2026,2026-06-28,,day,P,N,N,Regular Season,3,3,1,Final,Final,32,American Family Field,158,Milwaukee Brewers,MIL,3,False,112,Chicago Cubs,CHC,4,True,665871,Javier Assad,Javier,Assad,72,1997-07-30,28,"6' 1""",200,1,Pitcher,R,Right,R,Right,,,,,,,,,,,,,,,,,,,,,,,,,,
2026-06-28,823769,,/api/v1.1/game/823769/feed/live,R,2026,2026-06-28,,day,P,N,N,Regular Season,3,3,1,Final,Final,32,American Family Field,158,Milwaukee Brewers,MIL,3,False,112,Chicago Cubs,CHC,4,True,573204,Caleb Thielbar,Caleb,Thielbar,24,1987-01-31,39,"6' 0""",205,1,Pitcher,R,Right,L,Left,"1.0 IP, 0 ER, 2 K, BB",,,,,,,,,,,,,,,,1.0,0,0,0,2,1,16,0,0,0
2026-06-28,823769,,/api/v1.1/game/823769/feed/live,R,2026,2026-06-28,,day,P,N,N,Regular Season,3,3,1,Final,Final,32,American Family Field,158,Milwaukee Brewers,MIL,3,False,112,Chicago Cubs,CHC,4,True,621053,Tyler Ferguson,Tyler,Ferguson,64,1993-10-05,32,"6' 4""",225,1,Pitcher,R,Right,R,Right,"0.2 IP, 0 ER, K, 0 BB",,,,,,,,,,,,,,,,0.2,0,1,0,1,0,8,0,0,0
2026-06-28,823769,,/api/v1.1/game/823769/feed/live,R,2026,2026-06-28,,day,P,N,N,Regular Season,3,3,1,Final,Final,32,American Family Field,158,Milwaukee Brewers,MIL,3,False,112,Chicago Cubs,CHC,4,True,684007,Shota Imanaga,Shota,Imanaga,18,1993-09-01,32,"5' 10""",175,1,Pitcher,L,Left,L,Left,,,,,,,,,,,,,,,,,,,,,,,,,,
2026-06-28,823769,,/api/v1.1/game/823769/feed/live,R,2026,2026-06-28,,day,P,N,N,Regular Season,3,3,1,Final,Final,32,American Family Field,158,Milwaukee Brewers,MIL,3,False,112,Chicago Cubs,CHC,4,True,608324,Alex Bregman,Alexander,Bregman,3,1994-03-30,32,"5' 10""",190,5,Third Base,R,Right,R,Right,"0-4 | HBP, K, R",,4,0,0,0,0,0,1,1,0,0,0,0,5,0,,,,,,,,,,
2026-06-28,823769,,/api/v1.1/game/823769/feed/live,R,2026,2026-06-28,,day,P,N,N,Regular Season,3,3,1,Final,Final,32,American Family Field,158,Milwaukee Brewers,MIL,3,False,112,Chicago Cubs,CHC,4,True,699393,Pedro Ramírez,Pedro,Ramírez,75,2004-04-01,22,"5' 9""",165,4,Second Base,S,Switch,R,Right,0-1 | K,,1,0,0,0,0,0,0,1,0,0,0,0,1,0,,,,,,,,,,
2026-06-28,823769,,/api/v1.1/game/823769/feed/live,R,2026,2026-06-28,,day,P,N,N,Regular Season,3,3,1,Final,Final,32,American Family Field,158,Milwaukee Brewers,MIL,3,False,112,Chicago Cubs,CHC,4,True,683737,Michael Busch,Michael,Busch,29,1997-11-09,28,"5' 11""",210,3,First Base,L,Left,R,Right,"0-4 | BB, 2 K, RBI",,4,0,0,0,0,1,0,2,1,0,0,0,5,0,,,,,,,,,,
2026-06-28,823769,,/api/v1.1/game/823769/feed/live,R,2026,2026-06-28,,day,P,N,N,Regular Season,3,3,1,Final,Final,32,American Family Field,158,Milwaukee Brewers,MIL,3,False,112,Chicago Cubs,CHC,4,True,608348,Carson Kelly,Carson,Kelly,15,1994-07-14,31,"6' 1""",212,2,Catcher,R,Right,R,Right,0-1,,1,0,0,0,0,0,0,0,0,0,0,0,1,0,,,,,,,,,,
2026-06-28,823769,,/api/v1.1/game/823769/feed/live,R,2026,2026-06-28,,day,P,N,N,Regular Season,3,3,1,Final,Final,32,American Family Field,158,Milwaukee Brewers,MIL,3,False,112,Chicago Cubs,CHC,4,True,691718,Pete Crow-Armstrong,Pete,Crow-Armstrong,4,2002-03-25,24,"6' 0""",184,8,Outfielder,L,Left,L,Left,"0-2 | 3 BB, K, R",,2,0,0,0,0,0,1,1,3,2,0,0,5,0,,,,,,,,,,
2026-06-28,823769,,/api/v1.1/game/823769/feed/live,R,2026,2026-06-28,,day,P,N,N,Regular Season,3,3,1,Final,Final,32,American Family Field,158,Milwaukee Brewers,MIL,3,False,112,Chicago Cubs,CHC,4,True,657097,Jacob Webb,Jacob,Webb,71,1993-08-15,32,"6' 2""",210,1,Pitcher,R,Right,R,Right,"1.0 IP, 0 ER, 3 K, BB",,,,,,,,,,,,,,,,1.0,0,1,0,3,1,21,1,0,0
2026-06-28,823769,,/api/v1.1/game/823769/feed/live,R,2026,2026-06-28,,day,P,N,N,Regular Season,3,3,1,Final,Final,32,American Family Field,158,Milwaukee Brewers,MIL,3,False,112,Chicago Cubs,CHC,4,True,665804,Miguel Amaya,Miguel,Amaya,9,1999-03-09,27,"6' 1""",230,2,Catcher,R,Right,R,Right,"1-2 | 2B, K",,2,1,1,0,0,0,0,1,0,0,0,0,2,2,,,,,,,,,,
2026-06-28,823769,,/api/v1.1/game/823769/feed/live,R,2026,2026-06-28,,day,P,N,N,Regular Season,3,3,1,Final,Final,32,American Family Field,158,Milwaukee Brewers,MIL,3,False,112,Chicago Cubs,CHC,4,True,673548,Seiya Suzuki,Seiya,Suzuki,27,1994-08-18,31,"5' 11""",182,9,Outfielder,R,Right,R,Right,"1-5 | 2 K, 2 RBI",,5,1,0,0,0,2,0,2,0,0,0,0,5,1,,,,,,,,,,
2026-06-28,823769,,/api/v1.1/game/823769/feed/live,R,2026,2026-06-28,,day,P,N,N,Regular Season,3,3,1,Final,Final,32,American Family Field,158,Milwaukee Brewers,MIL,3,False,112,Chicago Cubs,CHC,4,True,681909,Justin Dean,Justin,Dean,1,1996-12-06,29,"5' 8""",185,8,Outfielder,R,Right,R,Right,"0-1 | K, R",,1,0,0,0,0,0,1,1,0,0,0,0,1,0,,,,,,,,,,
2026-06-28,823769,,/api/v1.1/game/823769/feed/live,R,2026,2026-06-28,,day,P,N,N,Regular Season,3,3,1,Final,Final,32,American Family Field,158,Milwaukee Brewers,MIL,3,False,112,Chicago Cubs,CHC,4,True,656849,David Peterson,David,Peterson,19,1995-09-03,30,"6' 6""",240,1,Pitcher,L,Left,L,Left,,,,,,,,,,,,,,,,,,,,,,,,,,
2026-06-28,823769,,/api/v1.1/game/823769/feed/live,R,2026,2026-06-28,,day,P,N,N,Regular Season,3,3,1,Final,Final,32,American Family Field,158,Milwaukee Brewers,MIL,3,False,112,Chicago Cubs,CHC,4,True,669020,Ryan Rolison,Ryan,Rolison,33,1997-07-11,28,"6' 2""",213,1,Pitcher,R,Right,L,Left,"2.0 IP, ER, 2 K, 0 BB",,,,,,,,,,,,,,,,2.0,1,2,1,2,0,23,0,0,0
2026-06-28,823769,,/api/v1.1/game/823769/feed/live,R,2026,2026-06-28,,day,P,N,N,Regular Season,3,3,1,Final,Final,32,American Family Field,158,Milwaukee Brewers,MIL,3,False,112,Chicago Cubs,CHC,4,True,663423,Trent Thornton,Trent,Thornton,49,1993-09-30,32,"6' 0""",190,1,Pitcher,R,Right,R,Right,,,,,,,,,,,,,,,,,,,,,,,,,,
2026-06-28,823769,,/api/v1.1/game/823769/feed/live,R,2026,2026-06-28,,day,P,N,N,Regular Season,3,3,1,Final,Final,32,American Family Field,158,Milwaukee Brewers,MIL,3,False,112,Chicago Cubs,CHC,4,True,571510,Matthew Boyd,Matthew,Boyd,16,1991-02-02,35,"6' 3""",223,1,Pitcher,L,Left,L,Left,,,,,,,,,,,,,,,,,,,,,,,,,,
2026-06-28,823769,,/api/v1.1/game/823769/feed/live,R,2026,2026-06-28,,day,P,N,N,Regular Season,3,3,1,Final,Final,32,American Family Field,158,Milwaukee Brewers,MIL,3,False,112,Chicago Cubs,CHC,4,True,621020,Dansby Swanson,James,Swanson,7,1994-02-11,32,"6' 0""",190,6,Shortstop,R,Right,R,Right,0-4 | K,,4,0,0,0,0,0,0,1,0,0,0,0,4,0,,,,,,,,,,
2026-06-28,823769,,/api/v1.1/game/823769/feed/live,R,2026,2026-06-28,,day,P,N,N,Regular Season,3,3,1,Final,Final,32,American Family Field,158,Milwaukee Brewers,MIL,3,False,112,Chicago Cubs,CHC,4,True,607067,Colin Rea,Colin,Rea,53,1990-07-01,35,"6' 5""",220,1,Pitcher,R,Right,R,Right,,,,,,,,,,,,,,,,,,,,,,,,,,
2026-06-28,823769,,/api/v1.1/game/823769/feed/live,R,2026,2026-06-28,,day,P,N,N,Regular Season,3,3,1,Final,Final,32,American Family Field,158,Milwaukee Brewers,MIL,3,False,112,Chicago Cubs,CHC,4,True,663538,Nico Hoerner,Nicholas,Hoerner,2,1997-05-13,29,"5' 11""",200,4,Second Base,R,Right,R,Right,2-4,,4,2,0,0,0,0,0,0,0,0,0,0,4,2,,,,,,,,,,
2026-06-28,823769,,/api/v1.1/game/823769/feed/live,R,2026,2026-06-28,,day,P,N,N,Regular Season,3,3,1,Final,Final,32,American Family Field,158,Milwaukee Brewers,MIL,3,False,112,Chicago Cubs,CHC,4,True,669060,Bryse Wilson,Bryse,Wilson,55,1997-12-20,28,"6' 2""",255,1,Pitcher,R,Right,R,Right,"4.1 IP, 0 ER, 4 K, 0 BB",,,,,,,,,,,,,,,,4.1,0,4,0,4,0,61,0,0,0
2026-06-28,823769,,/api/v1.1/game/823769/feed/live,R,2026,2026-06-28,,day,P,N,N,Regular Season,3,3,1,Final,Final,32,American Family Field,158,Milwaukee Brewers,MIL,3,False,112,Chicago Cubs,CHC,4,True,807713,Matt Shaw,Matthew,Shaw,6,2001-11-06,24,"5' 10""",185,9,Outfielder,R,Right,R,Right,0-0 | BB,,0,0,0,0,0,0,0,0,1,0,0,0,1,0,,,,,,,,,,
2026-06-28,823037,,/api/v1.1/game/823037/feed/live,R,2026,2026-06-28,,day,P,N,N,Regular Season,3,3,1,Final,Final,2889,Busch Stadium,138,St. Louis Cardinals,STL,2,True,146,Miami Marlins,MIA,1,False,700241,Michael McGreevy,Michael,McGreevy,36,2000-07-08,25,"6' 4""",220,1,Pitcher,L,Left,R,Right,,,,,,,,,,,,,,,,,,,,,,,,,,
2026-06-28,823037,,/api/v1.1/game/823037/feed/live,R,2026,2026-06-28,,day,P,N,N,Regular Season,3,3,1,Final,Final,2889,Busch Stadium,138,St. Louis Cardinals,STL,2,True,146,Miami Marlins,MIA,1,False,694335,Matt Svanson,Matthew,Svanson,49,1999-01-31,27,"6' 5""",235,1,Pitcher,R,Right,R,Right,,,,,,,,,,,,,,,,,,,,,,,,,,
2026-06-28,823037,,/api/v1.1/game/823037/feed/live,R,2026,2026-06-28,,day,P,N,N,Regular Season,3,3,1,Final,Final,2889,Busch Stadium,138,St. Louis Cardinals,STL,2,True,146,Miami Marlins,MIA,1,False,663494,Bryan Torres,Bryan,Torres,39,1997-07-02,28,"5' 7""",165,7,Outfielder,L,Left,R,Right,"1-3 | HR, 2 RBI, R",,3,1,0,0,1,2,1,0,0,0,0,0,3,4,,,,,,,,,,
2026-06-28,823037,,/api/v1.1/game/823037/feed/live,R,2026,2026-06-28,,day,P,N,N,Regular Season,3,3,1,Final,Final,2889,Busch Stadium,138,St. Louis Cardinals,STL,2,True,146,Miami Marlins,MIA,1,False,691023,Jordan Walker,Jordan,Walker,18,2002-05-22,24,"6' 6""",250,9,Outfielder,R,Right,R,Right,,,,,,,,,,,,,,,,,,,,,,,,,,
2026-06-28,823037,,/api/v1.1/game/823037/feed/live,R,2026,2026-06-28,,day,P,N,N,Regular Season,3,3,1,Final,Final,2889,Busch Stadium,138,St. Louis Cardinals,STL,2,True,146,Miami Marlins,MIA,1,False,701675,Nathan Church,Nathan,Church,27,2000-07-12,25,"5' 10""",180,7,Outfielder,L,Left,L,Left,1-3,,3,1,0,0,0,0,0,0,0,0,0,0,3,1,,,,,,,,,,
2026-06-28,823037,,/api/v1.1/game/823037/feed/live,R,2026,2026-06-28,,day,P,N,N,Regular Season,3,3,1,Final,Final,2889,Busch Stadium,138,St. Louis Cardinals,STL,2,True,146,Miami Marlins,MIA,1,False,681517,Kyle Leahy,Kyle,Leahy,62,1997-06-04,29,"6' 5""",225,1,Pitcher,S,Switch,R,Right,"5.0 IP, ER, 5 K, 3 BB",,,,,,,,,,,,,,,,5.0,1,2,0,5,3,87,1,0,0
2026-06-28,823037,,/api/v1.1/game/823037/feed/live,R,2026,2026-06-28,,day,P,N,N,Regular Season,3,3,1,Final,Final,2889,Busch Stadium,138,St. Louis Cardinals,STL,2,True,146,Miami Marlins,MIA,1,False,663457,Lars Nootbaar,Lars,Nootbaar,21,1997-09-08,28,"6' 1""",205,7,Outfielder,L,Left,R,Right,0-3,,3,0,0,0,0,0,0,0,0,0,0,0,3,0,,,,,,,,,,
2026-06-28,823037,,/api/v1.1/game/823037/feed/live,R,2026,2026-06-28,,day,P,N,N,Regular Season,3,3,1,Final,Final,2889,Busch Stadium,138,St. Louis Cardinals,STL,2,True,146,Miami Marlins,MIA,1,False,665877,José Fermín,José,Fermín,15,1999-03-29,27,"5' 10""",198,7,Outfielder,R,Right,R,Right,,,,,,,,,,,,,,,,,,,,,,,,,,
2026-06-28,823037,,/api/v1.1/game/823037/feed/live,R,2026,2026-06-28,,day,P,N,N,Regular Season,3,3,1,Final,Final,2889,Busch Stadium,138,St. Louis Cardinals,STL,2,True,146,Miami Marlins,MIA,1,False,700669,Gordon Graceffo,Gordon,Graceffo,44,2000-03-17,26,"6' 4""",220,1,Pitcher,R,Right,R,Right,,,,,,,,,,,,,,,,,,,,,,,,,,
2026-06-28,823037,,/api/v1.1/game/823037/feed/live,R,2026,2026-06-28,,day,P,N,N,Regular Season,3,3,1,Final,Final,2889,Busch Stadium,138,St. Louis Cardinals,STL,2,True,146,Miami Marlins,MIA,1,False,668941,JoJo Romero,Joseph,Romero,59,1996-09-09,29,"5' 11""",215,1,Pitcher,L,Left,L,Left,"1.1 IP, 0 ER, K, 0 BB",,,,,,,,,,,,,,,,1.1,0,1,0,1,0,17,0,0,0
2026-06-28,823037,,/api/v1.1/game/823037/feed/live,R,2026,2026-06-28,,day,P,N,N,Regular Season,3,3,1,Final,Final,2889,Busch Stadium,138,St. Louis Cardinals,STL,2,True,146,Miami Marlins,MIA,1,False,802139,JJ Wetherholt,Jonathan,Wetherholt,26,2002-09-10,23,"5' 9""",190,4,Second Base,L,Left,R,Right,"2-4 | 2 K, SB",,4,2,0,0,0,0,0,2,0,1,0,0,4,2,,,,,,,,,,
2026-06-28,823037,,/api/v1.1/game/823037/feed/live,R,2026,2026-06-28,,day,P,N,N,Regular Season,3,3,1,Final,Final,2889,Busch Stadium,138,St. Louis Cardinals,STL,2,True,146,Miami Marlins,MIA,1,False,677865,Justin Bruihl,Justin,Bruihl,47,1997-06-26,29,"6' 2""",215,1,Pitcher,L,Left,L,Left,,,,,,,,,,,,,,,,,,,,,,,,,,
2026-06-28,823037,,/api/v1.1/game/823037/feed/live,R,2026,2026-06-28,,day,P,N,N,Regular Season,3,3,1,Final,Final,2889,Busch Stadium,138,St. Louis Cardinals,STL,2,True,146,Miami Marlins,MIA,1,False,691458,Blaze Jordan,Blaze,Jordan,33,2002-12-19,23,"6' 1""",220,5,Third Base,R,Right,R,Right,0-3,,3,0,0,0,0,0,0,0,0,0,0,0,3,0,,,,,,,,,,
2026-06-28,823037,,/api/v1.1/game/823037/feed/live,R,2026,2026-06-28,,day,P,N,N,Regular Season,3,3,1,Final,Final,2889,Busch Stadium,138,St. Louis Cardinals,STL,2,True,146,Miami Marlins,MIA,1,False,676475,Alec Burleson,Alec,Burleson,41,1998-11-25,27,"6' 0""",225,3,First Base,L,Left,L,Left,0-3,,3,0,0,0,0,0,0,0,0,0,0,0,3,0,,,,,,,,,,
2026-06-28,823037,,/api/v1.1/game/823037/feed/live,R,2026,2026-06-28,,day,P,N,N,Regular Season,3,3,1,Final,Final,2889,Busch Stadium,138,St. Louis Cardinals,STL,2,True,146,Miami Marlins,MIA,1,False,676617,Riley O'Brien,Riley,O'Brien,61,1995-02-06,31,"6' 4""",180,1,Pitcher,R,Right,R,Right,"1.0 IP, 0 ER, K, 0 BB",,,,,,,,,,,,,,,,1.0,0,0,0,1,0,15,0,0,1
2026-06-28,823037,,/api/v1.1/game/823037/feed/live,R,2026,2026-06-28,,day,P,N,N,Regular Season,3,3,1,Final,Final,2889,Busch Stadium,138,St. Louis Cardinals,STL,2,True,146,Miami Marlins,MIA,1,False,669467,Andre Pallante,Neil,Pallante,53,1998-09-18,27,"6' 0""",215,1,Pitcher,R,Right,R,Right,,,,,,,,,,,,,,,,,,,,,,,,,,
2026-06-28,823037,,/api/v1.1/game/823037/feed/live,R,2026,2026-06-28,,day,P,N,N,Regular Season,3,3,1,Final,Final,2889,Busch Stadium,138,St. Louis Cardinals,STL,2,True,146,Miami Marlins,MIA,1,False,666277,George Soriano,George,Soriano,65,1999-03-24,27,"6' 2""",210,1,Pitcher,R,Right,R,Right,"1.0 IP, 0 ER, 2 K, 0 BB",,,,,,,,,,,,,,,,1.0,0,0,0,2,0,12,0,0,0
2026-06-28,823037,,/api/v1.1/game/823037/feed/live,R,2026,2026-06-28,,day,P,N,N,Regular Season,3,3,1,Final,Final,2889,Busch Stadium,138,St. Louis Cardinals,STL,2,True,146,Miami Marlins,MIA,1,False,686780,Pedro Pagés,Pedro,Pagés,43,1998-09-17,27,"5' 11""",245,2,Catcher,R,Right,R,Right,1-3,,3,1,0,0,0,0,0,0,0,0,0,0,3,1,,,,,,,,,,
2026-06-28,823037,,/api/v1.1/game/823037/feed/live,R,2026,2026-06-28,,day,P,N,N,Regular Season,3,3,1,Final,Final,2889,Busch Stadium,138,St. Louis Cardinals,STL,2,True,146,Miami Marlins,MIA,1,False,669461,Matthew Liberatore,Matthew,Liberatore,32,1999-11-06,26,"6' 4""",215,1,Pitcher,L,Left,L,Left,,,,,,,,,,,,,,,,,,,,,,,,,,
2026-06-28,823037,,/api/v1.1/game/823037/feed/live,R,2026,2026-06-28,,day,P,N,N,Regular Season,3,3,1,Final,Final,2889,Busch Stadium,138,St. Louis Cardinals,STL,2,True,146,Miami Marlins,MIA,1,False,592773,Ryne Stanek,Ryne,Stanek,55,1991-07-26,34,"6' 4""",226,1,Pitcher,R,Right,R,Right,"0.2 IP, 0 ER, 0 K, 0 BB",,,,,,,,,,,,,,,,0.2,0,1,0,0,0,10,0,0,0
2026-06-28,823037,,/api/v1.1/game/823037/feed/live,R,2026,2026-06-28,,day,P,N,N,Regular Season,3,3,1,Final,Final,2889,Busch Stadium,138,St. Louis Cardinals,STL,2,True,146,Miami Marlins,MIA,1,False,691008,Max Rajcic,Maxwel,Rajcic,71,2001-08-03,24,"6' 0""",240,1,Pitcher,R,Right,R,Right,,,,,,,,,,,,,,,,,,,,,,,,,,
2026-06-28,823037,,/api/v1.1/game/823037/feed/live,R,2026,2026-06-28,,day,P,N,N,Regular Season,3,3,1,Final,Final,2889,Busch Stadium,138,St. Louis Cardinals,STL,2,True,146,Miami Marlins,MIA,1,False,669160,Dustin May,Dustin,May,3,1997-09-06,28,"6' 6""",180,1,Pitcher,R,Right,R,Right,,,,,,,,,,,,,,,,,,,,,,,,,,
2026-06-28,823037,,/api/v1.1/game/823037/feed/live,R,2026,2026-06-28,,day,P,N,N,Regular Season,3,3,1,Final,Final,2889,Busch Stadium,138,St. Louis Cardinals,STL,2,True,146,Miami Marlins,MIA,1,False,691026,Masyn Winn,Masyn,Winn,0,2002-03-21,24,"5' 9""",185,6,Shortstop,R,Right,R,Right,1-3 | R,,3,1,0,0,0,0,1,0,0,0,0,0,3,1,,,,,,,,,,
2026-06-28,823037,,/api/v1.1/game/823037/feed/live,R,2026,2026-06-28,,day,P,N,N,Regular Season,3,3,1,Final,Final,2889,Busch Stadium,138,St. Louis Cardinals,STL,2,True,146,Miami Marlins,MIA,1,False,671056,Iván Herrera,Ivan,Herrera,48,2000-06-01,26,"5' 11""",220,10,Designated Hitter,R,Right,R,Right,0-3,,3,0,0,0,0,0,0,0,0,0,0,1,3,0,,,,,,,,,,
2026-06-28,823037,,/api/v1.1/game/823037/feed/live,R,2026,2026-06-28,,day,P,N,N,Regular Season,3,3,1,Final,Final,2889,Busch Stadium,138,St. Louis Cardinals,STL,2,True,146,Miami Marlins,MIA,1,False,699625,Jimmy Crooks,James,Crooks,8,2001-07-19,24,"6' 0""",230,2,Catcher,L,Left,R,Right,,,,,,,,,,,,,,,,,,,,,,,,,,
2026-06-28,823037,,/api/v1.1/game/823037/feed/live,R,2026,2026-06-28,,day,P,N,N,Regular Season,3,3,1,Final,Final,2889,Busch Stadium,138,St. Louis Cardinals,STL,2,True,146,Miami Marlins,MIA,1,False,676369,Nelson Velázquez,Nelson,Velázquez,38,1998-12-26,27,"5' 11""",190,7,Outfielder,R,Right,R,Right,,,,,,,,,,,,,,,,,,,,,,,,,,
2026-06-28,823037,,/api/v1.1/game/823037/feed/live,R,2026,2026-06-28,,day,P,N,N,Regular Season,3,3,1,Final,Final,2889,Busch Stadium,138,St. Louis Cardinals,STL,2,True,146,Miami Marlins,MIA,1,False,676604,Tyler Zuber,Tyler,Zuber,55,1995-06-16,31,"5' 11""",195,1,Pitcher,R,Right,R,Right,,,,,,,,,,,,,,,,,,,,,,,,,,
2026-06-28,823037,,/api/v1.1/game/823037/feed/live,R,2026,2026-06-28,,day,P,N,N,Regular Season,3,3,1,Final,Final,2889,Busch Stadium,138,St. Louis Cardinals,STL,2,True,146,Miami Marlins,MIA,1,False,669199,Lake Bachar,Lake,Bachar,84,1995-06-03,31,"6' 2""",219,1,Pitcher,R,Right,R,Right,,,,,,,,,,,,,,,,,,,,,,,,,,
2026-06-28,823037,,/api/v1.1/game/823037/feed/live,R,2026,2026-06-28,,day,P,N,N,Regular Season,3,3,1,Final,Final,2889,Busch Stadium,138,St. Louis Cardinals,STL,2,True,146,Miami Marlins,MIA,1,False,665052,Griffin Conine,Griffin,Conine,18,1997-07-11,28,"6' 1""",210,7,Outfielder,L,Left,R,Right,0-2 | K,,2,0,0,0,0,0,0,1,0,0,0,0,2,0,,,,,,,,,,
2026-06-28,823037,,/api/v1.1/game/823037/feed/live,R,2026,2026-06-28,,day,P,N,N,Regular Season,3,3,1,Final,Final,2889,Busch Stadium,138,St. Louis Cardinals,STL,2,True,146,Miami Marlins,MIA,1,False,681715,Heriberto Hernández,Heriberto,Hernandez,13,1999-12-16,26,"5' 11""",195,7,Outfielder,R,Right,R,Right,0-4 | 2 K,,4,0,0,0,0,0,0,2,0,0,0,0,4,0,,,,,,,,,,
2026-06-28,823037,,/api/v1.1/game/823037/feed/live,R,2026,2026-06-28,,day,P,N,N,Regular Season,3,3,1,Final,Final,2889,Busch Stadium,138,St. Louis Cardinals,STL,2,True,146,Miami Marlins,MIA,1,False,664126,Pete Fairbanks,Peter,Fairbanks,29,1993-12-16,32,"6' 6""",235,1,Pitcher,R,Right,R,Right,,,,,,,,,,,,,,,,,,,,,,,,,,
2026-06-28,823037,,/api/v1.1/game/823037/feed/live,R,2026,2026-06-28,,day,P,N,N,Regular Season,3,3,1,Final,Final,2889,Busch Stadium,138,St. Louis Cardinals,STL,2,True,146,Miami Marlins,MIA,1,False,645261,Sandy Alcantara,Sandy,Alcantara,22,1995-09-07,30,"6' 5""",200,1,Pitcher,R,Right,R,Right,,,,,,,,,,,,,,,,,,,,,,,,,,
2026-06-28,823037,,/api/v1.1/game/823037/feed/live,R,2026,2026-06-28,,day,P,N,N,Regular Season,3,3,1,Final,Final,2889,Busch Stadium,138,St. Louis Cardinals,STL,2,True,146,Miami Marlins,MIA,1,False,663969,Tyler Phillips,Tyler,Phillips,30,1997-10-27,28,"6' 5""",225,1,Pitcher,R,Right,R,Right,"7.1 IP, 2 ER, K, 0 BB",,,,,,,,,,,,,,,,7.1,2,6,1,1,0,97,0,1,0
2026-06-28,823037,,/api/v1.1/game/823037/feed/live,R,2026,2026-06-28,,day,P,N,N,Regular Season,3,3,1,Final,Final,2889,Busch Stadium,138,St. Louis Cardinals,STL,2,True,146,Miami Marlins,MIA,1,False,665923,Esteury Ruiz,Esteury,Ruiz,3,1999-02-15,27,"5' 11""",169,9,Outfielder,R,Right,R,Right,0-1,,1,0,0,0,0,0,0,0,0,0,0,0,1,0,,,,,,,,,,
2026-06-28,823037,,/api/v1.1/game/823037/feed/live,R,2026,2026-06-28,,day,P,N,N,Regular Season,3,3,1,Final,Final,2889,Busch Stadium,138,St. Louis Cardinals,STL,2,True,146,Miami Marlins,MIA,1,False,805300,Jakob Marsee,Jakob,Marsee,87,2001-06-28,25,"6' 0""",180,8,Outfielder,L,Left,L,Left,"0-3 | BB, K",,3,0,0,0,0,0,0,1,1,0,0,0,4,0,,,,,,,,,,
2026-06-28,823037,,/api/v1.1/game/823037/feed/live,R,2026,2026-06-28,,day,P,N,N,Regular Season,3,3,1,Final,Final,2889,Busch Stadium,138,St. Louis Cardinals,STL,2,True,146,Miami Marlins,MIA,1,False,676534,Calvin Faucher,Calvin,Faucher,53,1995-09-22,30,"6' 1""",190,1,Pitcher,R,Right,R,Right,,,,,,,,,,,,,,,,,,,,,,,,,,
2026-06-28,823037,,/api/v1.1/game/823037/feed/live,R,2026,2026-06-28,,day,P,N,N,Regular Season,3,3,1,Final,Final,2889,Busch Stadium,138,St. Louis Cardinals,STL,2,True,146,Miami Marlins,MIA,1,False,676974,Max Meyer,Max,Meyer,23,1999-03-12,27,"6' 0""",196,1,Pitcher,L,Left,R,Right,,,,,,,,,,,,,,,,,,,,,,,,,,
2026-06-28,823037,,/api/v1.1/game/823037/feed/live,R,2026,2026-06-28,,day,P,N,N,Regular Season,3,3,1,Final,Final,2889,Busch Stadium,138,St. Louis Cardinals,STL,2,True,146,Miami Marlins,MIA,1,False,691594,Javier Sanoja,Javier,Sanoja,8,2002-09-03,23,"5' 7""",150,5,Third Base,R,Right,R,Right,0-2 | K,,2,0,0,0,0,0,0,1,0,0,0,0,2,0,,,,,,,,,,
2026-06-28,823037,,/api/v1.1/game/823037/feed/live,R,2026,2026-06-28,,day,P,N,N,Regular Season,3,3,1,Final,Final,2889,Busch Stadium,138,St. Louis Cardinals,STL,2,True,146,Miami Marlins,MIA,1,False,667463,John King,John,King,47,1994-09-14,31,"6' 2""",215,1,Pitcher,L,Left,L,Left,,,,,,,,,,,,,,,,,,,,,,,,,,
2026-06-28,823037,,/api/v1.1/game/823037/feed/live,R,2026,2026-06-28,,day,P,N,N,Regular Season,3,3,1,Final,Final,2889,Busch Stadium,138,St. Louis Cardinals,STL,2,True,146,Miami Marlins,MIA,1,False,806188,Cade Gibson,Cade,Gibson,58,1998-02-18,28,"6' 2""",195,1,Pitcher,L,Left,L,Left,"0.2 IP, 0 ER, K, 0 BB",,,,,,,,,,,,,,,,0.2,0,0,0,1,0,7,0,0,0
2026-06-28,823037,,/api/v1.1/game/823037/feed/live,R,2026,2026-06-28,,day,P,N,N,Regular Season,3,3,1,Final,Final,2889,Busch Stadium,138,St. Louis Cardinals,STL,2,True,146,Miami Marlins,MIA,1,False,687473,Ryan Gusto,Ryan,Gusto,65,1999-03-11,27,"6' 4""",232,1,Pitcher,R,Right,R,Right,,,,,,,,,,,,,,,,,,,,,,,,,,
2026-06-28,823037,,/api/v1.1/game/823037/feed/live,R,2026,2026-06-28,,day,P,N,N,Regular Season,3,3,1,Final,Final,2889,Busch Stadium,138,St. Louis Cardinals,STL,2,True,146,Miami Marlins,MIA,1,False,669364,Xavier Edwards,Xavier,Edwards,9,1999-08-09,26,"5' 9""",175,4,Second Base,S,Switch,R,Right,"1-3 | BB, SB",,3,1,0,0,0,0,0,0,1,1,0,0,4,1,,,,,,,,,,
2026-06-28,823037,,/api/v1.1/game/823037/feed/live,R,2026,2026-06-28,,day,P,N,N,Regular Season,3,3,1,Final,Final,2889,Busch Stadium,138,St. Louis Cardinals,STL,2,True,146,Miami Marlins,MIA,1,False,669065,Kyle Stowers,Kyle,Stowers,28,1998-01-02,28,"6' 2""",215,7,Outfielder,L,Left,L,Left,0-4 | 2 K,,4,0,0,0,0,0,0,2,0,0,0,0,4,0,,,,,,,,,,
2026-06-28,823037,,/api/v1.1/game/823037/feed/live,R,2026,2026-06-28,,day,P,N,N,Regular Season,3,3,1,Final,Final,2889,Busch Stadium,138,St. Louis Cardinals,STL,2,True,146,Miami Marlins,MIA,1,False,688363,Graham Pauley,Graham,Pauley,21,2000-09-24,25,"6' 1""",200,5,Third Base,L,Left,R,Right,"1-2 | 2B, RBI",,2,1,1,0,0,1,0,0,0,0,0,0,2,2,,,,,,,,,,
2026-06-28,823037,,/api/v1.1/game/823037/feed/live,R,2026,2026-06-28,,day,P,N,N,Regular Season,3,3,1,Final,Final,2889,Busch Stadium,138,St. Louis Cardinals,STL,2,True,146,Miami Marlins,MIA,1,False,656848,Michael Petersen,Michael,Petersen,49,1994-05-16,32,"6' 7""",195,1,Pitcher,R,Right,R,Right,,,,,,,,,,,,,,,,,,,,,,,,,,
2026-06-28,823037,,/api/v1.1/game/823037/feed/live,R,2026,2026-06-28,,day,P,N,N,Regular Season,3,3,1,Final,Final,2889,Busch Stadium,138,St. Louis Cardinals,STL,2,True,146,Miami Marlins,MIA,1,False,669622,Anthony Bender,Anthony,Bender,37,1995-02-03,31,"6' 4""",205,1,Pitcher,R,Right,R,Right,,,,,,,,,,,,,,,,,,,,,,,,,,
2026-06-28,823037,,/api/v1.1/game/823037/feed/live,R,2026,2026-06-28,,day,P,N,N,Regular Season,3,3,1,Final,Final,2889,Busch Stadium,138,St. Louis Cardinals,STL,2,True,146,Miami Marlins,MIA,1,False,683357,Owen Caissie,Owen,Caissie,17,2002-07-08,23,"6' 4""",190,9,Outfielder,L,Left,R,Right,"1-1 | 2B, BB, R",,1,1,1,0,0,0,1,0,1,0,0,0,2,2,,,,,,,,,,
2026-06-28,823037,,/api/v1.1/game/823037/feed/live,R,2026,2026-06-28,,day,P,N,N,Regular Season,3,3,1,Final,Final,2889,Busch Stadium,138,St. Louis Cardinals,STL,2,True,146,Miami Marlins,MIA,1,False,677870,Leo Jiménez,Leonardo,Jimenez,19,2001-05-17,25,"5' 10""",215,5,Third Base,R,Right,R,Right,1-1,,1,1,0,0,0,0,0,0,0,0,0,0,1,1,,,,,,,,,,
2026-06-28,823037,,/api/v1.1/game/823037/feed/live,R,2026,2026-06-28,,day,P,N,N,Regular Season,3,3,1,Final,Final,2889,Busch Stadium,138,St. Louis Cardinals,STL,2,True,146,Miami Marlins,MIA,1,False,640459,Brian Navarreto,Brian,Navarreto,64,1994-12-29,31,"6' 1""",233,2,Catcher,R,Right,R,Right,0-1,,1,0,0,0,0,0,0,0,0,0,0,0,2,0,,,,,,,,,,
2026-06-28,823037,,/api/v1.1/game/823037/feed/live,R,2026,2026-06-28,,day,P,N,N,Regular Season,3,3,1,Final,Final,2889,Busch Stadium,138,St. Louis Cardinals,STL,2,True,146,Miami Marlins,MIA,1,False,691788,Joe Mack,Joseph,Mack,80,2002-12-27,23,"6' 0""",210,2,Catcher,L,Left,R,Right,0-1,,1,0,0,0,0,0,0,0,0,0,0,1,1,0,,,,,,,,,,
2026-06-28,823037,,/api/v1.1/game/823037/feed/live,R,2026,2026-06-28,,day,P,N,N,Regular Season,3,3,1,Final,Final,2889,Busch Stadium,138,St. Louis Cardinals,STL,2,True,146,Miami Marlins,MIA,1,False,691587,Eury Pérez,Eury,Pérez,39,2003-04-15,23,"6' 8""",220,1,Pitcher,R,Right,R,Right,,,,,,,,,,,,,,,,,,,,,,,,,,
2026-06-28,823037,,/api/v1.1/game/823037/feed/live,R,2026,2026-06-28,,day,P,N,N,Regular Season,3,3,1,Final,Final,2889,Busch Stadium,138,St. Louis Cardinals,STL,2,True,146,Miami Marlins,MIA,1,False,672640,Otto Lopez,Otto,Lopez,6,1998-10-01,27,"5' 10""",185,6,Shortstop,R,Right,R,Right,0-4 | 2 K,,4,0,0,0,0,0,0,2,0,0,0,0,4,0,,,,,,,,,,
2026-06-28,824011,,/api/v1.1/game/824011/feed/live,R,2026,2026-06-28,,day,P,N,N,Regular Season,3,3,1,Final,Final,1,Angel Stadium,108,Los Angeles Angels,LAA,4,True,133,Athletics,ATH,1,False,672724,Oswald Peraza,Oswald,Peraza,2,2000-06-15,26,"5' 11""",200,4,Second Base,R,Right,R,Right,1-3 | R,,3,1,0,0,0,0,1,0,0,0,0,0,3,1,,,,,,,,,,
2026-06-28,824011,,/api/v1.1/game/824011/feed/live,R,2026,2026-06-28,,day,P,N,N,Regular Season,3,3,1,Final,Final,1,Angel Stadium,108,Los Angeles Angels,LAA,4,True,133,Athletics,ATH,1,False,642350,Jose Siri,Jose,Siri,28,1995-07-22,30,"6' 2""",210,7,Outfielder,R,Right,R,Right,0-1 | K,,1,0,0,0,0,0,0,1,0,0,0,0,1,0,,,,,,,,,,
2026-06-28,824011,,/api/v1.1/game/824011/feed/live,R,2026,2026-06-28,,day,P,N,N,Regular Season,3,3,1,Final,Final,1,Angel Stadium,108,Los Angeles Angels,LAA,4,True,133,Athletics,ATH,1,False,622268,Donovan Walton,Donovan,Walton,35,1994-05-25,32,"5' 9""",190,5,Third Base,L,Left,R,Right,,,,,,,,,,,,,,,,,,,,,,,,,,
2026-06-28,824011,,/api/v1.1/game/824011/feed/live,R,2026,2026-06-28,,day,P,N,N,Regular Season,3,3,1,Final,Final,1,Angel Stadium,108,Los Angeles Angels,LAA,4,True,133,Athletics,ATH,1,False,687263,Zach Neto,Zachary,Neto,9,2001-01-31,25,"5' 11""",185,6,Shortstop,R,Right,R,Right,0-4 | K,,4,0,0,0,0,0,0,1,0,0,0,0,4,0,,,,,,,,,,
2026-06-28,824011,,/api/v1.1/game/824011/feed/live,R,2026,2026-06-28,,day,P,N,N,Regular Season,3,3,1,Final,Final,1,Angel Stadium,108,Los Angeles Angels,LAA,4,True,133,Athletics,ATH,1,False,624585,Jorge Soler,Jorge,Soler,12,1992-02-25,34,"6' 3""",235,10,Designated Hitter,R,Right,R,Right,,,,,,,,,,,,,,,,,,,,,,,,,,
2026-06-28,824011,,/api/v1.1/game/824011/feed/live,R,2026,2026-06-28,,day,P,N,N,Regular Season,3,3,1,Final,Final,1,Angel Stadium,108,Los Angeles Angels,LAA,4,True,133,Athletics,ATH,1,False,681217,Chase Silseth,Chase,Silseth,63,2000-05-18,26,"6' 0""",217,1,Pitcher,R,Right,R,Right,,,,,,,,,,,,,,,,,,,,,,,,,,
2026-06-28,824011,,/api/v1.1/game/824011/feed/live,R,2026,2026-06-28,,day,P,N,N,Regular Season,3,3,1,Final,Final,1,Angel Stadium,108,Los Angeles Angels,LAA,4,True,133,Athletics,ATH,1,False,696270,Ryan Johnson,Ryan,Johnson,32,2002-08-05,23,"6' 6""",215,1,Pitcher,S,Switch,R,Right,,,,,,,,,,,,,,,,,,,,,,,,,,
2026-06-28,824011,,/api/v1.1/game/824011/feed/live,R,2026,2026-06-28,,day,P,N,N,Regular Season,3,3,1,Final,Final,1,Angel Stadium,108,Los Angeles Angels,LAA,4,True,133,Athletics,ATH,1,False,667755,José Soriano,José,Soriano,59,1998-10-20,27,"6' 3""",220,1,Pitcher,R,Right,R,Right,,,,,,,,,,,,,,,,,,,,,,,,,,
2026-06-28,824011,,/api/v1.1/game/824011/feed/live,R,2026,2026-06-28,,day,P,N,N,Regular Season,3,3,1,Final,Final,1,Angel Stadium,108,Los Angeles Angels,LAA,4,True,133,Athletics,ATH,1,False,815083,Mitch Farris,Mitchell,Farris,70,2001-02-14,25,"6' 2""",195,1,Pitcher,L,Left,L,Left,,,,,,,,,,,,,,,,,,,,,,,,,,
2026-06-28,824011,,/api/v1.1/game/824011/feed/live,R,2026,2026-06-28,,day,P,N,N,Regular Season,3,3,1,Final,Final,1,Angel Stadium,108,Los Angeles Angels,LAA,4,True,133,Athletics,ATH,1,False,820862,José Fermin,Jose,Fermin,65,2001-11-28,24,"6' 3""",242,1,Pitcher,R,Right,R,Right,"2.0 IP, 0 ER, K, 0 BB",,,,,,,,,,,,,,,,2.0,0,0,0,1,0,26,0,0,0
2026-06-28,824011,,/api/v1.1/game/824011/feed/live,R,2026,2026-06-28,,day,P,N,N,Regular Season,3,3,1,Final,Final,1,Angel Stadium,108,Los Angeles Angels,LAA,4,True,133,Athletics,ATH,1,False,691951,Sam Aldegheri,Samuel,Aldegheri,61,2001-09-19,24,"6' 1""",210,1,Pitcher,L,Left,L,Left,"5.0 IP, ER, 4 K, BB",,,,,,,,,,,,,,,,5.0,1,5,0,4,1,81,1,0,0
2026-06-28,824011,,/api/v1.1/game/824011/feed/live,R,2026,2026-06-28,,day,P,N,N,Regular Season,3,3,1,Final,Final,1,Angel Stadium,108,Los Angeles Angels,LAA,4,True,133,Athletics,ATH,1,False,666176,Jo Adell,Jordon,Adell,7,1999-04-08,27,"6' 2""",215,9,Outfielder,R,Right,R,Right,0-4 | K,,4,0,0,0,0,0,0,1,0,0,0,0,4,0,,,,,,,,,,
2026-06-28,824011,,/api/v1.1/game/824011/feed/live,R,2026,2026-06-28,,day,P,N,N,Regular Season,3,3,1,Final,Final,1,Angel Stadium,108,Los Angeles Angels,LAA,4,True,133,Athletics,ATH,1,False,694203,Denzer Guzman,Denzer,Guzman,23,2004-02-08,22,"6' 1""",190,5,Third Base,R,Right,R,Right,1-4 | K,,4,1,0,0,0,0,0,1,0,0,0,0,4,1,,,,,,,,,,
2026-06-28,824011,,/api/v1.1/game/824011/feed/live,R,2026,2026-06-28,,day,P,N,N,Regular Season,3,3,1,Final,Final,1,Angel Stadium,108,Los Angeles Angels,LAA,4,True,133,Athletics,ATH,1,False,687093,Vaughn Grissom,Vaughn,Grissom,5,2001-01-05,25,"6' 2""",210,4,Second Base,R,Right,R,Right,"1-3 | K, R",,3,1,0,0,0,0,1,1,0,0,0,0,3,1,,,,,,,,,,
2026-06-28,824011,,/api/v1.1/game/824011/feed/live,R,2026,2026-06-28,,day,P,N,N,Regular Season,3,3,1,Final,Final,1,Angel Stadium,108,Los Angeles Angels,LAA,4,True,133,Athletics,ATH,1,False,696147,Sam Bachman,Samuel,Bachman,40,1999-09-30,26,"6' 1""",235,1,Pitcher,R,Right,R,Right,,,,,,,,,,,,,,,,,,,,,,,,,,
2026-06-28,824011,,/api/v1.1/game/824011/feed/live,R,2026,2026-06-28,,day,P,N,N,Regular Season,3,3,1,Final,Final,1,Angel Stadium,108,Los Angeles Angels,LAA,4,True,133,Athletics,ATH,1,False,666171,Ryan Zeferjahn,Ryan,Zeferjahn,56,1998-02-28,28,"6' 5""",209,1,Pitcher,R,Right,R,Right,"0.2 IP, 0 ER, 2 K, 2 BB",,,,,,,,,,,,,,,,0.2,0,0,0,2,2,19,0,0,0
2026-06-28,824011,,/api/v1.1/game/824011/feed/live,R,2026,2026-06-28,,day,P,N,N,Regular Season,3,3,1,Final,Final,1,Angel Stadium,108,Los Angeles Angels,LAA,4,True,133,Athletics,ATH,1,False,694384,Nolan Schanuel,Nolan,Schanuel,18,2002-02-14,24,"6' 2""",220,3,First Base,L,Left,R,Right,1-4,,4,1,0,0,0,0,0,0,0,0,0,0,4,1,,,,,,,,,,
2026-06-28,824011,,/api/v1.1/game/824011/feed/live,R,2026,2026-06-28,,day,P,N,N,Regular Season,3,3,1,Final,Final,1,Angel Stadium,108,Los Angeles Angels,LAA,4,True,133,Athletics,ATH,1,False,685133,Wade Meckler,Wade,Meckler,53,2000-04-21,26,"5' 9""",190,7,Outfielder,L,Left,R,Right,"1-2 | BB, R",,2,1,0,0,0,0,1,0,1,0,0,0,3,1,,,,,,,,,,
2026-06-28,824011,,/api/v1.1/game/824011/feed/live,R,2026,2026-06-28,,day,P,N,N,Regular Season,3,3,1,Final,Final,1,Angel Stadium,108,Los Angeles Angels,LAA,4,True,133,Athletics,ATH,1,False,666139,Josh Lowe,Joshua,Lowe,3,1998-02-02,28,"6' 3""",220,7,Outfielder,L,Left,R,Right,"1-2 | HR, 4 RBI, R",,2,1,0,0,1,4,1,0,0,0,0,0,2,4,,,,,,,,,,
2026-06-28,824011,,/api/v1.1/game/824011/feed/live,R,2026,2026-06-28,,day,P,N,N,Regular Season,3,3,1,Final,Final,1,Angel Stadium,108,Los Angeles Angels,LAA,4,True,133,Athletics,ATH,1,False,623168,Tyler Heineman,Tyler,Heineman,31,1991-06-19,35,"5' 10""",190,2,Catcher,S,Switch,R,Right,1-3,,3,1,0,0,0,0,0,0,0,0,0,0,3,1,,,,,,,,,,
2026-06-28,824011,,/api/v1.1/game/824011/feed/live,R,2026,2026-06-28,,day,P,N,N,Regular Season,3,3,1,Final,Final,1,Angel Stadium,108,Los Angeles Angels,LAA,4,True,133,Athletics,ATH,1,False,700712,Walbert Ureña,Walbert,Ureña,57,2004-01-25,22,"6' 0""",210,1,Pitcher,R,Right,R,Right,,,,,,,,,,,,,,,,,,,,,,,,,,
2026-06-28,824011,,/api/v1.1/game/824011/feed/live,R,2026,2026-06-28,,day,P,N,N,Regular Season,3,3,1,Final,Final,1,Angel Stadium,108,Los Angeles Angels,LAA,4,True,133,Athletics,ATH,1,False,681351,Logan O'Hoppe,Logan,O'Hoppe,14,2000-02-09,26,"6' 2""",225,2,Catcher,R,Right,R,Right,,,,,,,,,,,,,,,,,,,,,,,,,,
2026-06-28,824011,,/api/v1.1/game/824011/feed/live,R,2026,2026-06-28,,day,P,N,N,Regular Season,3,3,1,Final,Final,1,Angel Stadium,108,Los Angeles Angels,LAA,4,True,133,Athletics,ATH,1,False,489446,Kirby Yates,Kirby,Yates,39,1987-03-25,39,"5' 10""",205,1,Pitcher,L,Left,R,Right,,,,,,,,,,,,,,,,,,,,,,,,,,
2026-06-28,824011,,/api/v1.1/game/824011/feed/live,R,2026,2026-06-28,,day,P,N,N,Regular Season,3,3,1,Final,Final,1,Angel Stadium,108,Los Angeles Angels,LAA,4,True,133,Athletics,ATH,1,False,672282,Reid Detmers,Reid,Detmers,48,1999-07-08,26,"6' 2""",210,1,Pitcher,L,Left,L,Left,,,,,,,,,,,,,,,,,,,,,,,,,,
2026-06-28,824011,,/api/v1.1/game/824011/feed/live,R,2026,2026-06-28,,day,P,N,N,Regular Season,3,3,1,Final,Final,1,Angel Stadium,108,Los Angeles Angels,LAA,4,True,133,Athletics,ATH,1,False,696519,Samy Natera Jr.,Samuel,Natera,52,1999-11-05,26,"6' 4""",230,1,Pitcher,L,Left,L,Left,"1.1 IP, 0 ER, 2 K, 0 BB",,,,,,,,,,,,,,,,1.1,0,1,0,2,0,24,0,0,1
2026-06-28,824011,,/api/v1.1/game/824011/feed/live,R,2026,2026-06-28,,day,P,N,N,Regular Season,3,3,1,Final,Final,1,Angel Stadium,108,Los Angeles Angels,LAA,4,True,133,Athletics,ATH,1,False,608718,Brent Suter,Brent,Suter,37,1989-08-29,36,"6' 4""",213,1,Pitcher,L,Left,L,Left,,,,,,,,,,,,,,,,,,,,,,,,,,
2026-06-28,824011,,/api/v1.1/game/824011/feed/live,R,2026,2026-06-28,,day,P,N,N,Regular Season,3,3,1,Final,Final,1,Angel Stadium,108,Los Angeles Angels,LAA,4,True,133,Athletics,ATH,1,False,671732,Lawrence Butler,Lawrence,Butler,4,2000-07-10,25,"6' 3""",210,9,Outfielder,L,Left,R,Right,2-4 | K,,4,2,0,0,0,0,0,1,0,0,0,0,4,2,,,,,,,,,,
2026-06-28,824011,,/api/v1.1/game/824011/feed/live,R,2026,2026-06-28,,day,P,N,N,Regular Season,3,3,1,Final,Final,1,Angel Stadium,108,Los Angeles Angels,LAA,4,True,133,Athletics,ATH,1,False,641680,Jonah Heim,Jonah,Heim,15,1995-06-27,31,"6' 4""",220,2,Catcher,S,Switch,R,Right,0-4 | K,,4,0,0,0,0,0,0,1,0,0,0,0,4,0,,,,,,,,,,
2026-06-28,824011,,/api/v1.1/game/824011/feed/live,R,2026,2026-06-28,,day,P,N,N,Regular Season,3,3,1,Final,Final,1,Angel Stadium,108,Los Angeles Angels,LAA,4,True,133,Athletics,ATH,1,False,669372,J.T. Ginn,John,Ginn,35,1999-05-20,27,"6' 2""",200,1,Pitcher,R,Right,R,Right,,,,,,,,,,,,,,,,,,,,,,,,,,
2026-06-28,824011,,/api/v1.1/game/824011/feed/live,R,2026,2026-06-28,,day,P,N,N,Regular Season,3,3,1,Final,Final,1,Angel Stadium,108,Los Angeles Angels,LAA,4,True,133,Athletics,ATH,1,False,640454,Matt Krook,Matthew,Krook,65,1994-10-21,31,"6' 4""",225,1,Pitcher,L,Left,L,Left,,,,,,,,,,,,,,,,,,,,,,,,,,
2026-06-28,824011,,/api/v1.1/game/824011/feed/live,R,2026,2026-06-28,,day,P,N,N,Regular Season,3,3,1,Final,Final,1,Angel Stadium,108,Los Angeles Angels,LAA,4,True,133,Athletics,ATH,1,False,643446,Jeff McNeil,Jeffrey,McNeil,22,1992-04-08,34,"6' 0""",195,4,Second Base,L,Left,R,Right,1-4 | R,,4,1,0,0,0,0,1,0,0,0,0,0,4,1,,,,,,,,,,
2026-06-28,824011,,/api/v1.1/game/824011/feed/live,R,2026,2026-06-28,,day,P,N,N,Regular Season,3,3,1,Final,Final,1,Angel Stadium,108,Los Angeles Angels,LAA,4,True,133,Athletics,ATH,1,False,664129,Geoff Hartlieb,Geoffery,Hartlieb,31,1993-12-09,32,"6' 5""",240,1,Pitcher,R,Right,R,Right,,,,,,,,,,,,,,,,,,,,,,,,,,
2026-06-28,824011,,/api/v1.1/game/824011/feed/live,R,2026,2026-06-28,,day,P,N,N,Regular Season,3,3,1,Final,Final,1,Angel Stadium,108,Los Angeles Angels,LAA,4,True,133,Athletics,ATH,1,False,686993,Justin Sterner,Justin,Sterner,60,1996-08-29,29,"6' 1""",215,1,Pitcher,R,Right,R,Right,,,,,,,,,,,,,,,,,,,,,,,,,,
2026-06-28,824011,,/api/v1.1/game/824011/feed/live,R,2026,2026-06-28,,day,P,N,N,Regular Season,3,3,1,Final,Final,1,Angel Stadium,108,Los Angeles Angels,LAA,4,True,133,Athletics,ATH,1,False,686930,Mason Barnett,Mason,Barnett,63,2000-11-07,25,"6' 0""",218,1,Pitcher,R,Right,R,Right,,,,,,,,,,,,,,,,,,,,,,,,,,
2026-06-28,824011,,/api/v1.1/game/824011/feed/live,R,2026,2026-06-28,,day,P,N,N,Regular Season,3,3,1,Final,Final,1,Angel Stadium,108,Los Angeles Angels,LAA,4,True,133,Athletics,ATH,1,False,666126,Carlos Cortes,Carlos,Cortes,26,1997-06-30,28,"5' 7""",197,9,Outfielder,L,Left,S,Switch,0-0,,0,0,0,0,0,0,0,0,0,0,0,0,0,0,,,,,,,,,,
2026-06-28,824011,,/api/v1.1/game/824011/feed/live,R,2026,2026-06-28,,day,P,N,N,Regular Season,3,3,1,Final,Final,1,Angel Stadium,108,Los Angeles Angels,LAA,4,True,133,Athletics,ATH,1,False,660761,José Suarez,José,Suarez,54,1998-01-03,28,"5' 10""",225,1,Pitcher,L,Left,L,Left,"2.0 IP, 0 ER, 2 K, 0 BB",,,,,,,,,,,,,,,,2.0,0,0,0,2,0,21,0,0,0
2026-06-28,824011,,/api/v1.1/game/824011/feed/live,R,2026,2026-06-28,,day,P,N,N,Regular Season,3,3,1,Final,Final,1,Angel Stadium,108,Los Angeles Angels,LAA,4,True,133,Athletics,ATH,1,False,608841,Joey Meneses,Joey,Meneses,13,1992-05-06,34,"6' 4""",235,3,First Base,R,Right,R,Right,"0-2 | BB, RBI",,2,0,0,0,0,1,0,0,1,0,0,0,4,0,,,,,,,,,,
2026-06-28,824011,,/api/v1.1/game/824011/feed/live,R,2026,2026-06-28,,day,P,N,N,Regular Season,3,3,1,Final,Final,1,Angel Stadium,108,Los Angeles Angels,LAA,4,True,133,Athletics,ATH,1,False,675961,Alika Williams,Alexander,Williams,12,1999-03-12,27,"6' 1""",183,6,Shortstop,R,Right,R,Right,1-4 | K,,4,1,0,0,0,0,0,1,0,0,0,0,4,1,,,,,,,,,,
2026-06-28,824011,,/api/v1.1/game/824011/feed/live,R,2026,2026-06-28,,day,P,N,N,Regular Season,3,3,1,Final,Final,1,Angel Stadium,108,Los Angeles Angels,LAA,4,True,133,Athletics,ATH,1,False,691777,Max Muncy,Maxwell,Muncy,3,2002-08-25,23,"6' 0""",180,5,Third Base,R,Right,R,Right,1-4 | K,,4,1,0,0,0,0,0,1,0,0,0,0,4,1,,,,,,,,,,
2026-06-28,824011,,/api/v1.1/game/824011/feed/live,R,2026,2026-06-28,,day,P,N,N,Regular Season,3,3,1,Final,Final,1,Angel Stadium,108,Los Angeles Angels,LAA,4,True,133,Athletics,ATH,1,False,691016,Tyler Soderstrom,Tyler,Soderstrom,21,2001-11-24,24,"6' 2""",200,7,Outfielder,L,Left,R,Right,,,,,,,,,,,,,,,,,,,,,,,,,,
2026-06-28,824011,,/api/v1.1/game/824011/feed/live,R,2026,2026-06-28,,day,P,N,N,Regular Season,3,3,1,Final,Final,1,Angel Stadium,108,Los Angeles Angels,LAA,4,True,133,Athletics,ATH,1,False,695611,Gage Jump,Gage,Jump,61,2003-04-12,23,"6' 0""",200,1,Pitcher,L,Left,L,Left,,,,,,,,,,,,,,,,,,,,,,,,,,
2026-06-28,824011,,/api/v1.1/game/824011/feed/live,R,2026,2026-06-28,,day,P,N,N,Regular Season,3,3,1,Final,Final,1,Angel Stadium,108,Los Angeles Angels,LAA,4,True,133,Athletics,ATH,1,False,665660,Elvis Alvarado,Elvis,Alvarado,37,1999-02-23,27,"6' 6""",253,1,Pitcher,R,Right,R,Right,"1.0 IP, 0 ER, K, 0 BB",,,,,,,,,,,,,,,,1.0,0,0,0,1,0,10,0,0,0
2026-06-28,824011,,/api/v1.1/game/824011/feed/live,R,2026,2026-06-28,,day,P,N,N,Regular Season,3,3,1,Final,Final,1,Angel Stadium,108,Los Angeles Angels,LAA,4,True,133,Athletics,ATH,1,False,650644,Aaron Civale,Aaron,Civale,45,1995-06-12,31,"6' 1""",245,1,Pitcher,R,Right,R,Right,"5.0 IP, 4 ER, 2 K, BB",,,,,,,,,,,,,,,,5.0,4,7,1,2,1,90,0,1,0
2026-06-28,824011,,/api/v1.1/game/824011/feed/live,R,2026,2026-06-28,,day,P,N,N,Regular Season,3,3,1,Final,Final,1,Angel Stadium,108,Los Angeles Angels,LAA,4,True,133,Athletics,ATH,1,False,701762,Nick Kurtz,Nicholas,Kurtz,16,2003-03-12,23,"6' 5""",240,3,First Base,L,Left,L,Left,0-1,,1,0,0,0,0,0,0,0,0,0,0,0,1,0,,,,,,,,,,
2026-06-28,824011,,/api/v1.1/game/824011/feed/live,R,2026,2026-06-28,,day,P,N,N,Regular Season,3,3,1,Final,Final,1,Angel Stadium,108,Los Angeles Angels,LAA,4,True,133,Athletics,ATH,1,False,663687,Hogan Harris,Hogan,Harris,36,1996-12-26,29,"6' 3""",230,1,Pitcher,R,Right,L,Left,,,,,,,,,,,,,,,,,,,,,,,,,,
2026-06-28,824011,,/api/v1.1/game/824011/feed/live,R,2026,2026-06-28,,day,P,N,N,Regular Season,3,3,1,Final,Final,1,Angel Stadium,108,Los Angeles Angels,LAA,4,True,133,Athletics,ATH,1,False,665622,Luis Medina,Luis,Medina,46,1999-05-03,27,"6' 1""",175,1,Pitcher,R,Right,R,Right,,,,,,,,,,,,,,,,,,,,,,,,,,
2026-06-28,824011,,/api/v1.1/game/824011/feed/live,R,2026,2026-06-28,,day,P,N,N,Regular Season,3,3,1,Final,Final,1,Angel Stadium,108,Los Angeles Angels,LAA,4,True,133,Athletics,ATH,1,False,703607,Henry Bolte,Henry,Bolte,33,2003-08-04,22,"6' 3""",195,8,Outfielder,R,Right,R,Right,"0-3 | BB, K",,3,0,0,0,0,0,0,1,1,0,0,0,4,0,,,,,,,,,,
2026-06-28,824011,,/api/v1.1/game/824011/feed/live,R,2026,2026-06-28,,day,P,N,N,Regular Season,3,3,1,Final,Final,1,Angel Stadium,108,Los Angeles Angels,LAA,4,True,133,Athletics,ATH,1,False,687515,Colby Thomas,Colby,Thomas,32,2001-01-26,25,"5' 10""",190,9,Outfielder,R,Right,R,Right,0-3 | 2 K,,3,0,0,0,0,0,0,2,0,0,0,0,3,0,,,,,,,,,,
2026-06-28,824011,,/api/v1.1/game/824011/feed/live,R,2026,2026-06-28,,day,P,N,N,Regular Season,3,3,1,Final,Final,1,Angel Stadium,108,Los Angeles Angels,LAA,4,True,133,Athletics,ATH,1,False,669127,Shea Langeliers,Shea,Langeliers,23,1997-11-18,28,"5' 11""",205,2,Catcher,R,Right,R,Right,"1-3 | BB, 2 K",,3,1,0,0,0,0,0,2,1,0,0,0,4,1,,,,,,,,,,
2026-06-28,824011,,/api/v1.1/game/824011/feed/live,R,2026,2026-06-28,,day,P,N,N,Regular Season,3,3,1,Final,Final,1,Angel Stadium,108,Los Angeles Angels,LAA,4,True,133,Athletics,ATH,1,False,678022,Jack Perkins,Jackson,Perkins,50,1999-12-26,26,"6' 1""",220,1,Pitcher,R,Right,R,Right,,,,,,,,,,,,,,,,,,,,,,,,,,
2026-06-28,824011,,/api/v1.1/game/824011/feed/live,R,2026,2026-06-28,,day,P,N,N,Regular Season,3,3,1,Final,Final,1,Angel Stadium,108,Los Angeles Angels,LAA,4,True,133,Athletics,ATH,1,False,605488,Jeffrey Springs,Jeffrey,Springs,59,1992-09-20,33,"6' 3""",218,1,Pitcher,L,Left,L,Left,,,,,,,,,,,,,,,,,,,,,,,,,,
2026-06-28,824011,,/api/v1.1/game/824011/feed/live,R,2026,2026-06-28,,day,P,N,N,Regular Season,3,3,1,Final,Final,1,Angel Stadium,108,Los Angeles Angels,LAA,4,True,133,Athletics,ATH,1,False,805779,Jacob Wilson,Jacob,Wilson,5,2002-03-30,24,"6' 2""",190,6,Shortstop,R,Right,R,Right,,,,,,,,,,,,,,,,,,,,,,,,,,
2026-06-28,823204,,/api/v1.1/game/823204/feed/live,R,2026,2026-06-28,,day,P,N,N,Regular Season,3,3,1,Final,Final,2395,Oracle Park,137,San Francisco Giants,SF,3,True,144,Atlanta Braves,ATL,2,False,669477,Casey Schmitt,Casey,Schmitt,10,1999-03-01,27,"6' 0""",215,7,Outfielder,R,Right,R,Right,0-0,,0,0,0,0,0,0,0,0,0,0,0,0,0,0,,,,,,,,,,
2026-06-28,823204,,/api/v1.1/game/823204/feed/live,R,2026,2026-06-28,,day,P,N,N,Regular Season,3,3,1,Final,Final,2395,Oracle Park,137,San Francisco Giants,SF,3,True,144,Atlanta Braves,ATL,2,False,813841,Jonah Cox,Jonah,Cox,53,2001-08-04,24,"6' 2""",204,8,Outfielder,R,Right,R,Right,0-2 | 2 K,,2,0,0,0,0,0,0,2,0,0,0,0,2,0,,,,,,,,,,
2026-06-28,823204,,/api/v1.1/game/823204/feed/live,R,2026,2026-06-28,,day,P,N,N,Regular Season,3,3,1,Final,Final,2395,Oracle Park,137,San Francisco Giants,SF,3,True,144,Atlanta Braves,ATL,2,False,664141,JT Brubaker,Jonathan,Brubaker,34,1993-11-17,32,"6' 4""",197,1,Pitcher,R,Right,R,Right,,,,,,,,,,,,,,,,,,,,,,,,,,
2026-06-28,823204,,/api/v1.1/game/823204/feed/live,R,2026,2026-06-28,,day,P,N,N,Regular Season,3,3,1,Final,Final,2395,Oracle Park,137,San Francisco Giants,SF,3,True,144,Atlanta Braves,ATL,2,False,686790,Trevor McDonald,Trevor,McDonald,72,2001-02-26,25,"6' 0""",205,1,Pitcher,R,Right,R,Right,,,,,,,,,,,,,,,,,,,,,,,,,,
2026-06-28,823204,,/api/v1.1/game/823204/feed/live,R,2026,2026-06-28,,day,P,N,N,Regular Season,3,3,1,Final,Final,2395,Oracle Park,137,San Francisco Giants,SF,3,True,144,Atlanta Braves,ATL,2,False,671218,Heliot Ramos,Heliot,Ramos,17,1999-09-07,26,"5' 11""",235,7,Outfielder,R,Right,R,Right,"1-3 | BB, K, R",,3,1,0,0,0,0,1,1,1,0,0,0,4,1,,,,,,,,,,
2026-06-28,823204,,/api/v1.1/game/823204/feed/live,R,2026,2026-06-28,,day,P,N,N,Regular Season,3,3,1,Final,Final,2395,Oracle Park,137,San Francisco Giants,SF,3,True,144,Atlanta Braves,ATL,2,False,681916,Dylan Smith,Dylan,Smith,66,2000-05-28,26,"6' 2""",180,1,Pitcher,R,Right,R,Right,,,,,,,,,,,,,,,,,,,,,,,,,,
2026-06-28,823204,,/api/v1.1/game/823204/feed/live,R,2026,2026-06-28,,day,P,N,N,Regular Season,3,3,1,Final,Final,2395,Oracle Park,137,San Francisco Giants,SF,3,True,144,Atlanta Braves,ATL,2,False,701852,Drew Cavanaugh,Drew,Cavanaugh,61,2002-01-27,24,"6' 0""",219,2,Catcher,L,Left,R,Right,,,,,,,,,,,,,,,,,,,,,,,,,,
2026-06-28,823204,,/api/v1.1/game/823204/feed/live,R,2026,2026-06-28,,day,P,N,N,Regular Season,3,3,1,Final,Final,2395,Oracle Park,137,San Francisco Giants,SF,3,True,144,Atlanta Braves,ATL,2,False,682674,Victor Bericoto,Victor,Bericoto,78,2001-12-03,24,"6' 1""",210,9,Outfielder,R,Right,R,Right,1-4 | K,,4,1,0,0,0,0,0,1,0,0,0,0,4,1,,,,,,,,,,
2026-06-28,823204,,/api/v1.1/game/823204/feed/live,R,2026,2026-06-28,,day,P,N,N,Regular Season,3,3,1,Final,Final,2395,Oracle Park,137,San Francisco Giants,SF,3,True,144,Atlanta Braves,ATL,2,False,641816,Tyler Mahle,Tyler,Mahle,54,1994-09-29,31,"6' 3""",212,1,Pitcher,R,Right,R,Right,,,,,,,,,,,,,,,,,,,,,,,,,,
2026-06-28,823204,,/api/v1.1/game/823204/feed/live,R,2026,2026-06-28,,day,P,N,N,Regular Season,3,3,1,Final,Final,2395,Oracle Park,137,San Francisco Giants,SF,3,True,144,Atlanta Braves,ATL,2,False,657277,Logan Webb,Logan,Webb,62,1996-11-18,29,"6' 2""",221,1,Pitcher,R,Right,R,Right,,,,,,,,,,,,,,,,,,,,,,,,,,
2026-06-28,823204,,/api/v1.1/game/823204/feed/live,R,2026,2026-06-28,,day,P,N,N,Regular Season,3,3,1,Final,Final,2395,Oracle Park,137,San Francisco Giants,SF,3,True,144,Atlanta Braves,ATL,2,False,676254,Ryan Walker,Ryan,Walker,74,1995-11-26,30,"6' 2""",215,1,Pitcher,R,Right,R,Right,,,,,,,,,,,,,,,,,,,,,,,,,,
2026-06-28,823204,,/api/v1.1/game/823204/feed/live,R,2026,2026-06-28,,day,P,N,N,Regular Season,3,3,1,Final,Final,2395,Oracle Park,137,San Francisco Giants,SF,3,True,144,Atlanta Braves,ATL,2,False,656305,Matt Chapman,Matt,Chapman,26,1993-04-28,33,"6' 1""",220,5,Third Base,R,Right,R,Right,"2-4 | 2B, K",,4,2,1,0,0,0,0,1,0,0,0,0,4,3,,,,,,,,,,
2026-06-28,823204,,/api/v1.1/game/823204/feed/live,R,2026,2026-06-28,,day,P,N,N,Regular Season,3,3,1,Final,Final,2395,Oracle Park,137,San Francisco Giants,SF,3,True,144,Atlanta Braves,ATL,2,False,668873,Caleb Kilian,Caleb,Kilian,45,1997-06-02,29,"6' 4""",206,1,Pitcher,R,Right,R,Right,"1.0 IP, ER, K, 0 BB",,,,,,,,,,,,,,,,1.0,1,2,0,1,0,18,0,0,1
2026-06-28,823204,,/api/v1.1/game/823204/feed/live,R,2026,2026-06-28,,day,P,N,N,Regular Season,3,3,1,Final,Final,2395,Oracle Park,137,San Francisco Giants,SF,3,True,144,Atlanta Braves,ATL,2,False,808982,Jung Hoo Lee,Jung Hoo,Lee,51,1998-08-20,27,"6' 0""",196,9,Outfielder,L,Left,R,Right,1-4 | RBI,,4,1,0,0,0,1,0,0,0,0,0,1,4,1,,,,,,,,,,
2026-06-28,823204,,/api/v1.1/game/823204/feed/live,R,2026,2026-06-28,,day,P,N,N,Regular Season,3,3,1,Final,Final,2395,Oracle Park,137,San Francisco Giants,SF,3,True,144,Atlanta Braves,ATL,2,False,687551,Drew Gilbert,Andrew,Gilbert,0,2000-09-27,25,"5' 9""",195,8,Outfielder,L,Left,L,Left,1-1 | R,,1,1,0,0,0,0,1,0,0,0,0,0,1,1,,,,,,,,,,
2026-06-28,823204,,/api/v1.1/game/823204/feed/live,R,2026,2026-06-28,,day,P,N,N,Regular Season,3,3,1,Final,Final,2395,Oracle Park,137,San Francisco Giants,SF,3,True,144,Atlanta Braves,ATL,2,False,656529,Sam Hentges,Sam,Hentges,31,1996-07-18,29,"6' 8""",255,1,Pitcher,L,Left,L,Left,,,,,,,,,,,,,,,,,,,,,,,,,,
2026-06-28,823204,,/api/v1.1/game/823204/feed/live,R,2026,2026-06-28,,day,P,N,N,Regular Season,3,3,1,Final,Final,2395,Oracle Park,137,San Francisco Giants,SF,3,True,144,Atlanta Braves,ATL,2,False,646240,Rafael Devers,Rafael,Devers,16,1996-10-24,29,"6' 0""",235,3,First Base,L,Left,R,Right,1-4 | 2 K,,4,1,0,0,0,0,0,2,0,0,0,0,4,1,,,,,,,,,,
2026-06-28,823204,,/api/v1.1/game/823204/feed/live,R,2026,2026-06-28,,day,P,N,N,Regular Season,3,3,1,Final,Final,2395,Oracle Park,137,San Francisco Giants,SF,3,True,144,Atlanta Braves,ATL,2,False,606992,Eric Haase,Eric,Haase,18,1992-12-18,33,"5' 10""",201,2,Catcher,R,Right,R,Right,"0-3 | BB, 2 K",,3,0,0,0,0,0,0,2,1,0,0,0,4,0,,,,,,,,,,
2026-06-28,823204,,/api/v1.1/game/823204/feed/live,R,2026,2026-06-28,,day,P,N,N,Regular Season,3,3,1,Final,Final,2395,Oracle Park,137,San Francisco Giants,SF,3,True,144,Atlanta Braves,ATL,2,False,605288,Adrian Houser,Adrian,Houser,12,1993-02-02,33,"6' 4""",227,1,Pitcher,R,Right,R,Right,,,,,,,,,,,,,,,,,,,,,,,,,,
2026-06-28,823204,,/api/v1.1/game/823204/feed/live,R,2026,2026-06-28,,day,P,N,N,Regular Season,3,3,1,Final,Final,2395,Oracle Park,137,San Francisco Giants,SF,3,True,144,Atlanta Braves,ATL,2,False,642715,Willy Adames,Willy,Adames,2,1995-09-02,30,"6' 0""",216,6,Shortstop,R,Right,R,Right,1-4 | 3 K,,4,1,0,0,0,0,0,3,0,0,0,0,4,1,,,,,,,,,,
2026-06-28,823204,,/api/v1.1/game/823204/feed/live,R,2026,2026-06-28,,day,P,N,N,Regular Season,3,3,1,Final,Final,2395,Oracle Park,137,San Francisco Giants,SF,3,True,144,Atlanta Braves,ATL,2,False,592662,Robbie Ray,Robert,Ray,38,1991-10-01,34,"6' 2""",220,1,Pitcher,L,Left,L,Left,"8.0 IP, 0 ER, 2 K, BB",,,,,,,,,,,,,,,,8.0,0,4,0,2,1,95,1,0,0
2026-06-28,823204,,/api/v1.1/game/823204/feed/live,R,2026,2026-06-28,,day,P,N,N,Regular Season,3,3,1,Final,Final,2395,Oracle Park,137,San Francisco Giants,SF,3,True,144,Atlanta Braves,ATL,2,False,669062,Erik Miller,Erik,Miller,68,1998-02-13,28,"6' 5""",269,1,Pitcher,L,Left,L,Left,,,,,,,,,,,,,,,,,,,,,,,,,,
2026-06-28,823204,,/api/v1.1/game/823204/feed/live,R,2026,2026-06-28,,day,P,N,N,Regular Season,3,3,1,Final,Final,2395,Oracle Park,137,San Francisco Giants,SF,3,True,144,Atlanta Braves,ATL,2,False,694738,Landen Roupp,Landen,Roupp,65,1998-09-10,27,"6' 2""",220,1,Pitcher,R,Right,R,Right,,,,,,,,,,,,,,,,,,,,,,,,,,
2026-06-28,823204,,/api/v1.1/game/823204/feed/live,R,2026,2026-06-28,,day,P,N,N,Regular Season,3,3,1,Final,Final,2395,Oracle Park,137,San Francisco Giants,SF,3,True,144,Atlanta Braves,ATL,2,False,650333,Luis Arraez,Luis,Arraez,1,1997-04-09,29,"5' 10""",186,4,Second Base,L,Left,R,Right,"2-3 | RBI, R",,3,2,0,0,0,1,1,0,0,0,0,0,4,2,,,,,,,,,,
2026-06-28,823204,,/api/v1.1/game/823204/feed/live,R,2026,2026-06-28,,day,P,N,N,Regular Season,3,3,1,Final,Final,2395,Oracle Park,137,San Francisco Giants,SF,3,True,144,Atlanta Braves,ATL,2,False,805811,Bryce Eldridge,Bryson,Eldridge,8,2004-10-20,21,"6' 7""",251,10,Designated Hitter,L,Left,R,Right,,,,,,,,,,,,,,,,,,,,,,,,,,
2026-06-28,823204,,/api/v1.1/game/823204/feed/live,R,2026,2026-06-28,,day,P,N,N,Regular Season,3,3,1,Final,Final,2395,Oracle Park,137,San Francisco Giants,SF,3,True,144,Atlanta Braves,ATL,2,False,657424,Matt Gage,Matthew,Gage,93,1993-02-11,33,"6' 4""",261,1,Pitcher,L,Left,L,Left,,,,,,,,,,,,,,,,,,,,,,,,,,
2026-06-28,823204,,/api/v1.1/game/823204/feed/live,R,2026,2026-06-28,,day,P,N,N,Regular Season,3,3,1,Final,Final,2395,Oracle Park,137,San Francisco Giants,SF,3,True,144,Atlanta Braves,ATL,2,False,689266,Dylan Dodd,Dylan,Dodd,46,1998-06-06,28,"6' 2""",210,1,Pitcher,L,Left,L,Left,,,,,,,,,,,,,,,,,,,,,,,,,,
2026-06-28,823204,,/api/v1.1/game/823204/feed/live,R,2026,2026-06-28,,day,P,N,N,Regular Season,3,3,1,Final,Final,2395,Oracle Park,137,San Francisco Giants,SF,3,True,144,Atlanta Braves,ATL,2,False,669276,Dylan Lee,Dylan,Lee,52,1994-08-01,31,"6' 3""",214,1,Pitcher,L,Left,L,Left,"0.2 IP, 0 ER, 2 K, 0 BB",,,,,,,,,,,,,,,,0.2,0,0,0,2,0,7,0,0,0
2026-06-28,823204,,/api/v1.1/game/823204/feed/live,R,2026,2026-06-28,,day,P,N,N,Regular Season,3,3,1,Final,Final,2395,Oracle Park,137,San Francisco Giants,SF,3,True,144,Atlanta Braves,ATL,2,False,675916,James Karinchak,James,Karinchak,00,1995-09-22,30,"6' 3""",215,1,Pitcher,R,Right,R,Right,,,,,,,,,,,,,,,,,,,,,,,,,,
2026-06-28,823204,,/api/v1.1/game/823204/feed/live,R,2026,2026-06-28,,day,P,N,N,Regular Season,3,3,1,Final,Final,2395,Oracle Park,137,San Francisco Giants,SF,3,True,144,Atlanta Braves,ATL,2,False,671739,Michael Harris II,Michael,Harris,23,2001-03-07,25,"5' 11""",195,8,Outfielder,L,Left,L,Left,0-3 | RBI,,3,0,0,0,0,1,0,0,0,0,0,0,4,0,,,,,,,,,,
2026-06-28,823204,,/api/v1.1/game/823204/feed/live,R,2026,2026-06-28,,day,P,N,N,Regular Season,3,3,1,Final,Final,2395,Oracle Park,137,San Francisco Giants,SF,3,True,144,Atlanta Braves,ATL,2,False,663698,Joey Bart,Joseph,Bart,16,1996-12-15,29,"6' 2""",242,2,Catcher,R,Right,R,Right,0-3,,3,0,0,0,0,0,0,0,0,0,0,0,3,0,,,,,,,,,,
2026-06-28,823204,,/api/v1.1/game/823204/feed/live,R,2026,2026-06-28,,day,P,N,N,Regular Season,3,3,1,Final,Final,2395,Oracle Park,137,San Francisco Giants,SF,3,True,144,Atlanta Braves,ATL,2,False,622761,Jorge Mateo,Jorge,Mateo,2,1995-06-23,31,"6' 0""",200,6,Shortstop,R,Right,R,Right,0-0 | SB,,0,0,0,0,0,0,0,0,0,1,0,0,0,0,,,,,,,,,,
2026-06-28,823204,,/api/v1.1/game/823204/feed/live,R,2026,2026-06-28,,day,P,N,N,Regular Season,3,3,1,Final,Final,2395,Oracle Park,137,San Francisco Giants,SF,3,True,144,Atlanta Braves,ATL,2,False,643289,Mauricio Dubón,Mauricio,Dubón,14,1994-07-19,31,"5' 11""",173,6,Shortstop,R,Right,R,Right,1-4 | 2B,,4,1,1,0,0,0,0,0,0,0,0,0,4,2,,,,,,,,,,
2026-06-28,823204,,/api/v1.1/game/823204/feed/live,R,2026,2026-06-28,,day,P,N,N,Regular Season,3,3,1,Final,Final,2395,Oracle Park,137,San Francisco Giants,SF,3,True,144,Atlanta Braves,ATL,2,False,642133,Rowdy Tellez,Ryan,Tellez,11,1995-03-16,31,"6' 3""",273,3,First Base,L,Left,L,Left,,,,,,,,,,,,,,,,,,,,,,,,,,
2026-06-28,823204,,/api/v1.1/game/823204/feed/live,R,2026,2026-06-28,,day,P,N,N,Regular Season,3,3,1,Final,Final,2395,Oracle Park,137,San Francisco Giants,SF,3,True,144,Atlanta Braves,ATL,2,False,800311,Didier Fuentes,Didier,Fuentes,72,2005-06-17,21,"6' 0""",170,1,Pitcher,R,Right,R,Right,"0.1 IP, ER, 0 K, BB",,,,,,,,,,,,,,,,0.1,1,2,0,0,1,16,0,0,0
2026-06-28,823204,,/api/v1.1/game/823204/feed/live,R,2026,2026-06-28,,day,P,N,N,Regular Season,3,3,1,Final,Final,2395,Oracle Park,137,San Francisco Giants,SF,3,True,144,Atlanta Braves,ATL,2,False,686948,Drake Baldwin,Drake,Baldwin,30,2001-03-28,25,"6' 0""",225,2,Catcher,L,Left,R,Right,0-4,,4,0,0,0,0,0,0,0,0,0,0,0,4,0,,,,,,,,,,
2026-06-28,823204,,/api/v1.1/game/823204/feed/live,R,2026,2026-06-28,,day,P,N,N,Regular Season,3,3,1,Final,Final,2395,Oracle Park,137,San Francisco Giants,SF,3,True,144,Atlanta Braves,ATL,2,False,519242,Chris Sale,Christopher,Sale,51,1989-03-30,37,"6' 6""",180,1,Pitcher,L,Left,L,Left,"6.0 IP, ER, 10 K, BB",,,,,,,,,,,,,,,,6.0,1,8,0,10,1,94,0,1,0
2026-06-28,823204,,/api/v1.1/game/823204/feed/live,R,2026,2026-06-28,,day,P,N,N,Regular Season,3,3,1,Final,Final,2395,Oracle Park,137,San Francisco Giants,SF,3,True,144,Atlanta Braves,ATL,2,False,621566,Matt Olson,Matthew,Olson,28,1994-03-29,32,"6' 4""",225,3,First Base,L,Left,R,Right,"3-4 | 2B, K, R",,4,3,1,0,0,0,1,1,0,0,0,0,4,4,,,,,,,,,,
2026-06-28,823204,,/api/v1.1/game/823204/feed/live,R,2026,2026-06-28,,day,P,N,N,Regular Season,3,3,1,Final,Final,2395,Oracle Park,137,San Francisco Giants,SF,3,True,144,Atlanta Braves,ATL,2,False,642086,Dominic Smith,Dominic,Smith,8,1995-06-15,31,"5' 11""",224,10,Designated Hitter,L,Left,L,Left,1-1,,1,1,0,0,0,0,0,0,0,0,0,0,1,1,,,,,,,,,,
2026-06-28,823204,,/api/v1.1/game/823204/feed/live,R,2026,2026-06-28,,day,P,N,N,Regular Season,3,3,1,Final,Final,2395,Oracle Park,137,San Francisco Giants,SF,3,True,144,Atlanta Braves,ATL,2,False,694462,Hurston Waldrep,Hurston,Waldrep,64,2002-03-01,24,"6' 2""",210,1,Pitcher,R,Right,R,Right,,,,,,,,,,,,,,,,,,,,,,,,,,
2026-06-28,823204,,/api/v1.1/game/823204/feed/live,R,2026,2026-06-28,,day,P,N,N,Regular Season,3,3,1,Final,Final,2395,Oracle Park,137,San Francisco Giants,SF,3,True,144,Atlanta Braves,ATL,2,False,641656,Ian Hamilton,Ian,Hamilton,71,1995-06-16,31,"6' 1""",200,1,Pitcher,R,Right,R,Right,,,,,,,,,,,,,,,,,,,,,,,,,,
2026-06-28,823204,,/api/v1.1/game/823204/feed/live,R,2026,2026-06-28,,day,P,N,N,Regular Season,3,3,1,Final,Final,2395,Oracle Park,137,San Francisco Giants,SF,3,True,144,Atlanta Braves,ATL,2,False,641755,Tyler Kinley,Tyler,Kinley,45,1991-01-31,35,"6' 4""",220,1,Pitcher,R,Right,R,Right,"1.0 IP, 0 ER, 0 K, 0 BB",,,,,,,,,,,,,,,,1.0,0,0,0,0,0,12,0,0,0
2026-06-28,823204,,/api/v1.1/game/823204/feed/live,R,2026,2026-06-28,,day,P,N,N,Regular Season,3,3,1,Final,Final,2395,Oracle Park,137,San Francisco Giants,SF,3,True,144,Atlanta Braves,ATL,2,False,625643,Reynaldo López,Reynaldo,López,40,1994-01-04,32,"6' 1""",225,1,Pitcher,R,Right,R,Right,,,,,,,,,,,,,,,,,,,,,,,,,,
2026-06-28,823204,,/api/v1.1/game/823204/feed/live,R,2026,2026-06-28,,day,P,N,N,Regular Season,3,3,1,Final,Final,2395,Oracle Park,137,San Francisco Giants,SF,3,True,144,Atlanta Braves,ATL,2,False,642201,Eli White,Elijah,White,36,1994-06-26,32,"6' 2""",195,9,Outfielder,R,Right,R,Right,"1-3 | R, SB",,3,1,0,0,0,0,1,0,0,1,0,0,3,1,,,,,,,,,,
2026-06-28,823204,,/api/v1.1/game/823204/feed/live,R,2026,2026-06-28,,day,P,N,N,Regular Season,3,3,1,Final,Final,2395,Oracle Park,137,San Francisco Giants,SF,3,True,144,Atlanta Braves,ATL,2,False,645277,Ozzie Albies,Ozhaino,Albies,1,1997-01-07,29,"5' 7""",165,4,Second Base,S,Switch,R,Right,0-4 | K,,4,0,0,0,0,0,0,1,0,0,0,0,4,0,,,,,,,,,,
2026-06-28,823204,,/api/v1.1/game/823204/feed/live,R,2026,2026-06-28,,day,P,N,N,Regular Season,3,3,1,Final,Final,2395,Oracle Park,137,San Francisco Giants,SF,3,True,144,Atlanta Braves,ATL,2,False,628452,Raisel Iglesias,Raisel,Iglesias,26,1990-01-04,36,"6' 2""",190,1,Pitcher,R,Right,R,Right,,,,,,,,,,,,,,,,,,,,,,,,,,
2026-06-28,823204,,/api/v1.1/game/823204/feed/live,R,2026,2026-06-28,,day,P,N,N,Regular Season,3,3,1,Final,Final,2395,Oracle Park,137,San Francisco Giants,SF,3,True,144,Atlanta Braves,ATL,2,False,663586,Austin Riley,Michael,Riley,27,1997-04-02,29,"6' 1""",225,5,Third Base,R,Right,R,Right,0-4 | RBI,,4,0,0,0,0,1,0,0,0,0,0,0,4,0,,,,,,,,,,
2026-06-28,823204,,/api/v1.1/game/823204/feed/live,R,2026,2026-06-28,,day,P,N,N,Regular Season,3,3,1,Final,Final,2395,Oracle Park,137,San Francisco Giants,SF,3,True,144,Atlanta Braves,ATL,2,False,656550,Grant Holmes,Harrison,Holmes,66,1996-03-22,30,"6' 0""",226,1,Pitcher,L,Left,R,Right,,,,,,,,,,,,,,,,,,,,,,,,,,
2026-06-28,823204,,/api/v1.1/game/823204/feed/live,R,2026,2026-06-28,,day,P,N,N,Regular Season,3,3,1,Final,Final,2395,Oracle Park,137,San Francisco Giants,SF,3,True,144,Atlanta Braves,ATL,2,False,573262,Mike Yastrzemski,Michael,Yastrzemski,18,1990-08-23,35,"5' 10""",180,7,Outfielder,L,Left,L,Left,0-1 | K,,1,0,0,0,0,0,0,1,0,0,0,0,1,0,,,,,,,,,,
2026-06-28,823204,,/api/v1.1/game/823204/feed/live,R,2026,2026-06-28,,day,P,N,N,Regular Season,3,3,1,Final,Final,2395,Oracle Park,137,San Francisco Giants,SF,3,True,144,Atlanta Braves,ATL,2,False,673490,Ha-Seong Kim,Ha-Seong,Kim,7,1995-10-17,30,"5' 10""",200,6,Shortstop,R,Right,R,Right,0-2 | BB,,2,0,0,0,0,0,0,0,1,0,0,0,3,0,,,,,,,,,,
2026-06-28,823204,,/api/v1.1/game/823204/feed/live,R,2026,2026-06-28,,day,P,N,N,Regular Season,3,3,1,Final,Final,2395,Oracle Park,137,San Francisco Giants,SF,3,True,144,Atlanta Braves,ATL,2,False,693821,Bryce Elder,Bryce,Elder,55,1999-05-19,27,"6' 2""",220,1,Pitcher,R,Right,R,Right,,,,,,,,,,,,,,,,,,,,,,,,,,
2026-06-28,823204,,/api/v1.1/game/823204/feed/live,R,2026,2026-06-28,,day,P,N,N,Regular Season,3,3,1,Final,Final,2395,Oracle Park,137,San Francisco Giants,SF,3,True,144,Atlanta Braves,ATL,2,False,527048,Martín Pérez,Martín,Pérez,33,1991-04-04,35,"6' 0""",210,1,Pitcher,L,Left,L,Left,,,,,,,,,,,,,,,,,,,,,,,,,,
2026-06-28,823281,,/api/v1.1/game/823281/feed/live,R,2026,2026-06-28,,day,P,N,N,Regular Season,3,3,1,Final,Final,2680,Petco Park,135,San Diego Padres,SD,2,False,119,Los Angeles Dodgers,LAD,4,True,673513,Yuki Matsui,Yuki,Matsui,1,1995-10-30,30,"5' 8""",165,1,Pitcher,L,Left,L,Left,"1.2 IP, 0 ER, 2 K, 0 BB",,,,,,,,,,,,,,,,1.2,0,1,0,2,0,28,0,0,0
2026-06-28,823281,,/api/v1.1/game/823281/feed/live,R,2026,2026-06-28,,day,P,N,N,Regular Season,3,3,1,Final,Final,2680,Petco Park,135,San Diego Padres,SD,2,False,119,Los Angeles Dodgers,LAD,4,True,666023,Freddy Fermin,Freddy,Fermin,54,1995-05-16,31,"5' 10""",200,2,Catcher,R,Right,R,Right,0-0 | BB,,0,0,0,0,0,0,0,0,1,0,0,0,1,0,,,,,,,,,,
2026-06-28,823281,,/api/v1.1/game/823281/feed/live,R,2026,2026-06-28,,day,P,N,N,Regular Season,3,3,1,Final,Final,2680,Petco Park,135,San Diego Padres,SD,2,False,119,Los Angeles Dodgers,LAD,4,True,650633,Michael King,Michael,King,34,1995-05-25,31,"6' 3""",210,1,Pitcher,R,Right,R,Right,"4.1 IP, 4 ER, 5 K, 4 BB",,,,,,,,,,,,,,,,4.1,4,3,0,5,4,90,0,1,0
2026-06-28,823281,,/api/v1.1/game/823281/feed/live,R,2026,2026-06-28,,day,P,N,N,Regular Season,3,3,1,Final,Final,2680,Petco Park,135,San Diego Padres,SD,2,False,119,Los Angeles Dodgers,LAD,4,True,695243,Mason Miller,Mason,Miller,22,1998-08-24,27,"6' 5""",200,1,Pitcher,R,Right,R,Right,,,,,,,,,,,,,,,,,,,,,,,,,,
2026-06-28,823281,,/api/v1.1/game/823281/feed/live,R,2026,2026-06-28,,day,P,N,N,Regular Season,3,3,1,Final,Final,2680,Petco Park,135,San Diego Padres,SD,2,False,119,Los Angeles Dodgers,LAD,4,True,688158,David Morgan,David,Morgan,66,1999-10-26,26,"6' 0""",185,1,Pitcher,R,Right,R,Right,,,,,,,,,,,,,,,,,,,,,,,,,,
2026-06-28,823281,,/api/v1.1/game/823281/feed/live,R,2026,2026-06-28,,day,P,N,N,Regular Season,3,3,1,Final,Final,2680,Petco Park,135,San Diego Padres,SD,2,False,119,Los Angeles Dodgers,LAD,4,True,593974,Wandy Peralta,Wandy,Peralta,58,1991-07-27,34,"6' 0""",227,1,Pitcher,L,Left,L,Left,"2.0 IP, 0 ER, 2 K, 0 BB",,,,,,,,,,,,,,,,2.0,0,0,0,2,0,22,0,0,0
2026-06-28,823281,,/api/v1.1/game/823281/feed/live,R,2026,2026-06-28,,day,P,N,N,Regular Season,3,3,1,Final,Final,2680,Petco Park,135,San Diego Padres,SD,2,False,119,Los Angeles Dodgers,LAD,4,True,621111,Walker Buehler,Walker,Buehler,10,1994-07-28,31,"6' 2""",185,1,Pitcher,R,Right,R,Right,,,,,,,,,,,,,,,,,,,,,,,,,,
2026-06-28,823281,,/api/v1.1/game/823281/feed/live,R,2026,2026-06-28,,day,P,N,N,Regular Season,3,3,1,Final,Final,2680,Petco Park,135,San Diego Padres,SD,2,False,119,Los Angeles Dodgers,LAD,4,True,701538,Jackson Merrill,Jackson,Merrill,3,2003-04-19,23,"6' 2""",195,8,Outfielder,L,Left,R,Right,"1-4 | 2 K, R, SB",,4,1,0,0,0,0,1,2,0,1,0,0,4,1,,,,,,,,,,
2026-06-28,823281,,/api/v1.1/game/823281/feed/live,R,2026,2026-06-28,,day,P,N,N,Regular Season,3,3,1,Final,Final,2680,Petco Park,135,San Diego Padres,SD,2,False,119,Los Angeles Dodgers,LAD,4,True,592094,Jason Adam,Jason,Adam,40,1991-08-04,34,"6' 3""",229,1,Pitcher,R,Right,R,Right,"1.0 IP, 0 ER, 0 K, 0 BB",,,,,,,,,,,,,,,,1.0,0,1,0,0,0,15,0,0,0
2026-06-28,823281,,/api/v1.1/game/823281/feed/live,R,2026,2026-06-28,,day,P,N,N,Regular Season,3,3,1,Final,Final,2680,Petco Park,135,San Diego Padres,SD,2,False,119,Los Angeles Dodgers,LAD,4,True,656288,Griffin Canning,Griffin,Canning,17,1996-05-11,30,"6' 2""",180,1,Pitcher,R,Right,R,Right,,,,,,,,,,,,,,,,,,,,,,,,,,
2026-06-28,823281,,/api/v1.1/game/823281/feed/live,R,2026,2026-06-28,,day,P,N,N,Regular Season,3,3,1,Final,Final,2680,Petco Park,135,San Diego Padres,SD,2,False,119,Los Angeles Dodgers,LAD,4,True,660710,Rodolfo Durán,Rodolfo,Durán,48,1998-02-19,28,"5' 8""",181,2,Catcher,R,Right,R,Right,0-1 | K,,1,0,0,0,0,0,0,1,0,0,0,0,2,0,,,,,,,,,,
2026-06-28,823281,,/api/v1.1/game/823281/feed/live,R,2026,2026-06-28,,day,P,N,N,Regular Season,3,3,1,Final,Final,2680,Petco Park,135,San Diego Padres,SD,2,False,119,Los Angeles Dodgers,LAD,4,True,823550,Sung-Mun Song,Sung-Mun,Song,24,1996-08-29,29,"6' 0""",194,4,Second Base,L,Left,R,Right,"0-2 | 2 BB, K",,2,0,0,0,0,0,0,1,2,0,0,0,4,0,,,,,,,,,,
2026-06-28,823281,,/api/v1.1/game/823281/feed/live,R,2026,2026-06-28,,day,P,N,N,Regular Season,3,3,1,Final,Final,2680,Petco Park,135,San Diego Padres,SD,2,False,119,Los Angeles Dodgers,LAD,4,True,669392,Samad Taylor,Samad,Taylor,0,1998-07-11,27,"5' 8""",160,7,Outfielder,R,Right,R,Right,0-4 | 4 K,,4,0,0,0,0,0,0,4,0,0,0,0,4,0,,,,,,,,,,
2026-06-28,823281,,/api/v1.1/game/823281/feed/live,R,2026,2026-06-28,,day,P,N,N,Regular Season,3,3,1,Final,Final,2680,Petco Park,135,San Diego Padres,SD,2,False,119,Los Angeles Dodgers,LAD,4,True,657757,Gavin Sheets,Gavin,Sheets,30,1996-04-23,30,"6' 3""",235,3,First Base,L,Left,L,Left,0-3 | K,,3,0,0,0,0,0,0,1,0,0,0,0,3,0,,,,,,,,,,
2026-06-28,823281,,/api/v1.1/game/823281/feed/live,R,2026,2026-06-28,,day,P,N,N,Regular Season,3,3,1,Final,Final,2680,Petco Park,135,San Diego Padres,SD,2,False,119,Los Angeles Dodgers,LAD,4,True,670970,Adrian Morejon,Adrian,Morejon,50,1999-02-27,27,"5' 11""",224,1,Pitcher,L,Left,L,Left,,,,,,,,,,,,,,,,,,,,,,,,,,
2026-06-28,823281,,/api/v1.1/game/823281/feed/live,R,2026,2026-06-28,,day,P,N,N,Regular Season,3,3,1,Final,Final,2680,Petco Park,135,San Diego Padres,SD,2,False,119,Los Angeles Dodgers,LAD,4,True,695238,Will Wagner,William,Wagner,7,1998-07-29,27,"6' 0""",210,10,Designated Hitter,L,Left,R,Right,0-1,,1,0,0,0,0,0,0,0,0,0,0,0,1,0,,,,,,,,,,
2026-06-28,823281,,/api/v1.1/game/823281/feed/live,R,2026,2026-06-28,,day,P,N,N,Regular Season,3,3,1,Final,Final,2680,Petco Park,135,San Diego Padres,SD,2,False,119,Los Angeles Dodgers,LAD,4,True,592518,Manny Machado,Manuel,Machado,13,1992-07-06,33,"6' 2""",218,5,Third Base,R,Right,R,Right,"2-4 | HR, 2B, RBI",,4,2,1,0,1,1,1,0,0,0,0,0,4,6,,,,,,,,,,
2026-06-28,823281,,/api/v1.1/game/823281/feed/live,R,2026,2026-06-28,,day,P,N,N,Regular Season,3,3,1,Final,Final,2680,Petco Park,135,San Diego Padres,SD,2,False,119,Los Angeles Dodgers,LAD,4,True,609280,Miguel Andujar,Miguel,Andujar,41,1995-03-02,31,"6' 0""",211,10,Designated Hitter,R,Right,R,Right,0-3 | HBP,,3,0,0,0,0,0,0,0,0,0,0,1,4,0,,,,,,,,,,
2026-06-28,823281,,/api/v1.1/game/823281/feed/live,R,2026,2026-06-28,,day,P,N,N,Regular Season,3,3,1,Final,Final,2680,Petco Park,135,San Diego Padres,SD,2,False,119,Los Angeles Dodgers,LAD,4,True,665487,Fernando Tatis Jr.,Fernando,Tatis,23,1999-01-02,27,"6' 3""",217,9,Outfielder,R,Right,R,Right,1-4 | HBP,,4,1,0,0,0,0,0,0,0,0,0,1,5,1,,,,,,,,,,
2026-06-28,823281,,/api/v1.1/game/823281/feed/live,R,2026,2026-06-28,,day,P,N,N,Regular Season,3,3,1,Final,Final,2680,Petco Park,135,San Diego Padres,SD,2,False,119,Los Angeles Dodgers,LAD,4,True,664034,Ty France,Tyler,France,25,1994-07-13,31,"5' 10""",215,3,First Base,R,Right,R,Right,0-0 | HBP,,0,0,0,0,0,0,0,0,0,0,0,0,1,0,,,,,,,,,,
2026-06-28,823281,,/api/v1.1/game/823281/feed/live,R,2026,2026-06-28,,day,P,N,N,Regular Season,3,3,1,Final,Final,2680,Petco Park,135,San Diego Padres,SD,2,False,119,Los Angeles Dodgers,LAD,4,True,593428,Xander Bogaerts,Xander,Bogaerts,2,1992-10-01,33,"6' 2""",218,6,Shortstop,R,Right,R,Right,"2-4 | K, RBI",,4,2,0,0,0,1,0,1,0,0,0,0,4,2,,,,,,,,,,
2026-06-28,823281,,/api/v1.1/game/823281/feed/live,R,2026,2026-06-28,,day,P,N,N,Regular Season,3,3,1,Final,Final,2680,Petco Park,135,San Diego Padres,SD,2,False,119,Los Angeles Dodgers,LAD,4,True,687749,Jase Bowen,Jase,Bowen,4,2000-09-02,25,"6' 0""",215,9,Outfielder,R,Right,R,Right,,,,,,,,,,,,,,,,,,,,,,,,,,
2026-06-28,823281,,/api/v1.1/game/823281/feed/live,R,2026,2026-06-28,,day,P,N,N,Regular Season,3,3,1,Final,Final,2680,Petco Park,135,San Diego Padres,SD,2,False,119,Los Angeles Dodgers,LAD,4,True,606996,Kyle Hart,Kyle,Hart,68,1992-11-23,33,"6' 5""",200,1,Pitcher,L,Left,L,Left,,,,,,,,,,,,,,,,,,,,,,,,,,
2026-06-28,823281,,/api/v1.1/game/823281/feed/live,R,2026,2026-06-28,,day,P,N,N,Regular Season,3,3,1,Final,Final,2680,Petco Park,135,San Diego Padres,SD,2,False,119,Los Angeles Dodgers,LAD,4,True,676760,Ron Marinaccio,Ronald,Marinaccio,97,1995-07-01,30,"6' 2""",205,1,Pitcher,R,Right,R,Right,,,,,,,,,,,,,,,,,,,,,,,,,,
2026-06-28,823281,,/api/v1.1/game/823281/feed/live,R,2026,2026-06-28,,day,P,N,N,Regular Season,3,3,1,Final,Final,2680,Petco Park,135,San Diego Padres,SD,2,False,119,Los Angeles Dodgers,LAD,4,True,676664,JP Sears,John,Sears,38,1996-02-19,30,"5' 11""",180,1,Pitcher,R,Right,L,Left,,,,,,,,,,,,,,,,,,,,,,,,,,
2026-06-28,823281,,/api/v1.1/game/823281/feed/live,R,2026,2026-06-28,,day,P,N,N,Regular Season,3,3,1,Final,Final,2680,Petco Park,135,San Diego Padres,SD,2,False,119,Los Angeles Dodgers,LAD,4,True,681190,Randy Vásquez,Randy,Vásquez,98,1998-11-03,27,"6' 0""",165,1,Pitcher,R,Right,R,Right,,,,,,,,,,,,,,,,,,,,,,,,,,
2026-06-28,823281,,/api/v1.1/game/823281/feed/live,R,2026,2026-06-28,,day,P,N,N,Regular Season,3,3,1,Final,Final,2680,Petco Park,135,San Diego Padres,SD,2,False,119,Los Angeles Dodgers,LAD,4,True,687221,Dalton Rushing,Dalton,Rushing,68,2001-02-21,25,"6' 0""",220,2,Catcher,L,Left,R,Right,,,,,,,,,,,,,,,,,,,,,,,,,,
2026-06-28,823281,,/api/v1.1/game/823281/feed/live,R,2026,2026-06-28,,day,P,N,N,Regular Season,3,3,1,Final,Final,2680,Petco Park,135,San Diego Padres,SD,2,False,119,Los Angeles Dodgers,LAD,4,True,681911,Alex Vesia,Alexander,Vesia,51,1996-04-11,30,"6' 1""",209,1,Pitcher,L,Left,L,Left,"0.2 IP, ER, K, 0 BB",,,,,,,,,,,,,,,,0.2,1,1,0,1,0,12,0,0,0
2026-06-28,823281,,/api/v1.1/game/823281/feed/live,R,2026,2026-06-28,,day,P,N,N,Regular Season,3,3,1,Final,Final,2680,Petco Park,135,San Diego Padres,SD,2,False,119,Los Angeles Dodgers,LAD,4,True,663656,Kyle Tucker,Kyle,Tucker,23,1997-01-17,29,"6' 3""",212,9,Outfielder,L,Left,R,Right,1-4 | 2 K,,4,1,0,0,0,0,0,2,0,0,0,0,4,1,,,,,,,,,,
2026-06-28,823281,,/api/v1.1/game/823281/feed/live,R,2026,2026-06-28,,day,P,N,N,Regular Season,3,3,1,Final,Final,2680,Petco Park,135,San Diego Padres,SD,2,False,119,Los Angeles Dodgers,LAD,4,True,669899,Ryan Ward,Ryan,Ward,67,1998-02-23,28,"5' 10""",200,7,Outfielder,L,Left,R,Right,,,,,,,,,,,,,,,,,,,,,,,,,,
2026-06-28,823281,,/api/v1.1/game/823281/feed/live,R,2026,2026-06-28,,day,P,N,N,Regular Season,3,3,1,Final,Final,2680,Petco Park,135,San Diego Padres,SD,2,False,119,Los Angeles Dodgers,LAD,4,True,571970,Max Muncy,Maxwell,Muncy,13,1990-08-25,35,"5' 10""",215,5,Third Base,L,Left,R,Right,0-3 | BB,,3,0,0,0,0,0,0,0,1,0,0,0,4,0,,,,,,,,,,
2026-06-28,823281,,/api/v1.1/game/823281/feed/live,R,2026,2026-06-28,,day,P,N,N,Regular Season,3,3,1,Final,Final,2680,Petco Park,135,San Diego Padres,SD,2,False,119,Los Angeles Dodgers,LAD,4,True,518692,Freddie Freeman,Frederick,Freeman,5,1989-09-12,36,"6' 4""",220,3,First Base,L,Left,R,Right,"0-3 | BB, K, RBI",,3,0,0,0,0,1,0,1,1,0,0,0,4,0,,,,,,,,,,
2026-06-28,823281,,/api/v1.1/game/823281/feed/live,R,2026,2026-06-28,,day,P,N,N,Regular Season,3,3,1,Final,Final,2680,Petco Park,135,San Diego Padres,SD,2,False,119,Los Angeles Dodgers,LAD,4,True,683618,Edgardo Henriquez,Edgardo,Henriquez,60,2002-06-24,24,"6' 4""",200,1,Pitcher,R,Right,R,Right,"1.0 IP, 0 ER, 0 K, BB",,,,,,,,,,,,,,,,1.0,0,0,0,0,1,11,0,0,1
2026-06-28,823281,,/api/v1.1/game/823281/feed/live,R,2026,2026-06-28,,day,P,N,N,Regular Season,3,3,1,Final,Final,2680,Petco Park,135,San Diego Padres,SD,2,False,119,Los Angeles Dodgers,LAD,4,True,641778,Eric Lauer,Eric,Lauer,33,1995-06-03,31,"6' 3""",209,1,Pitcher,R,Right,L,Left,,,,,,,,,,,,,,,,,,,,,,,,,,
2026-06-28,823281,,/api/v1.1/game/823281/feed/live,R,2026,2026-06-28,,day,P,N,N,Regular Season,3,3,1,Final,Final,2680,Petco Park,135,San Diego Padres,SD,2,False,119,Los Angeles Dodgers,LAD,4,True,656945,Tanner Scott,Tanner,Scott,66,1994-07-22,31,"6' 0""",235,1,Pitcher,R,Right,L,Left,"1.1 IP, 0 ER, 2 K, 0 BB",,,,,,,,,,,,,,,,1.1,0,1,0,2,0,17,0,0,0
2026-06-28,823281,,/api/v1.1/game/823281/feed/live,R,2026,2026-06-28,,day,P,N,N,Regular Season,3,3,1,Final,Final,2680,Petco Park,135,San Diego Padres,SD,2,False,119,Los Angeles Dodgers,LAD,4,True,642020,Chuckie Robinson,Charles,Robinson,52,1994-12-14,31,"6' 0""",215,2,Catcher,R,Right,R,Right,0-3,,3,0,0,0,0,0,0,0,0,0,0,0,4,0,,,,,,,,,,
2026-06-28,823281,,/api/v1.1/game/823281/feed/live,R,2026,2026-06-28,,day,P,N,N,Regular Season,3,3,1,Final,Final,2680,Petco Park,135,San Diego Padres,SD,2,False,119,Los Angeles Dodgers,LAD,4,True,669242,Tommy Edman,Thomas,Edman,25,1995-05-09,31,"5' 10""",193,4,Second Base,S,Switch,R,Right,0-4 | 2 K,,4,0,0,0,0,0,0,2,0,0,0,0,4,0,,,,,,,,,,
2026-06-28,823281,,/api/v1.1/game/823281/feed/live,R,2026,2026-06-28,,day,P,N,N,Regular Season,3,3,1,Final,Final,2680,Petco Park,135,San Diego Padres,SD,2,False,119,Los Angeles Dodgers,LAD,4,True,669165,Kyle Hurt,Kyle,Hurt,63,1998-05-30,28,"6' 3""",240,1,Pitcher,R,Right,R,Right,,,,,,,,,,,,,,,,,,,,,,,,,,
2026-06-28,823281,,/api/v1.1/game/823281/feed/live,R,2026,2026-06-28,,day,P,N,N,Regular Season,3,3,1,Final,Final,2680,Petco Park,135,San Diego Padres,SD,2,False,119,Los Angeles Dodgers,LAD,4,True,660271,Shohei Ohtani,Shohei,Ohtani,17,1994-07-05,31,"6' 4""",210,Y,Two-Way Player,L,Left,R,Right,"1-4 | BB, 2 K, RBI",,4,1,0,0,0,1,1,2,1,0,0,0,5,1,,,,,,,,,,
2026-06-28,823281,,/api/v1.1/game/823281/feed/live,R,2026,2026-06-28,,day,P,N,N,Regular Season,3,3,1,Final,Final,2680,Petco Park,135,San Diego Padres,SD,2,False,119,Los Angeles Dodgers,LAD,4,True,694361,Will Klein,William,Klein,61,1999-11-28,26,"6' 5""",230,1,Pitcher,R,Right,R,Right,"1.0 IP, 0 ER, 2 K, 0 BB",,,,,,,,,,,,,,,,1.0,0,2,0,2,0,22,0,0,0
2026-06-28,823281,,/api/v1.1/game/823281/feed/live,R,2026,2026-06-28,,day,P,N,N,Regular Season,3,3,1,Final,Final,2680,Petco Park,135,San Diego Padres,SD,2,False,119,Los Angeles Dodgers,LAD,4,True,680736,Justin Wrobleski,Justin,Wrobleski,70,2000-07-14,25,"6' 1""",194,1,Pitcher,L,Left,L,Left,,,,,,,,,,,,,,,,,,,,,,,,,,
2026-06-28,823281,,/api/v1.1/game/823281/feed/live,R,2026,2026-06-28,,day,P,N,N,Regular Season,3,3,1,Final,Final,2680,Petco Park,135,San Diego Padres,SD,2,False,119,Los Angeles Dodgers,LAD,4,True,642546,Jonathan Hernández,Jonathan,Hernández,29,1996-07-06,29,"6' 3""",190,1,Pitcher,R,Right,R,Right,,,,,,,,,,,,,,,,,,,,,,,,,,
2026-06-28,823281,,/api/v1.1/game/823281/feed/live,R,2026,2026-06-28,,day,P,N,N,Regular Season,3,3,1,Final,Final,2680,Petco Park,135,San Diego Padres,SD,2,False,119,Los Angeles Dodgers,LAD,4,True,681624,Andy Pages,Andy,Pages,44,2000-12-08,25,"6' 1""",212,8,Outfielder,R,Right,R,Right,"0-3 | 2 HBP, K, R",,3,0,0,0,0,0,1,1,0,0,0,0,5,0,,,,,,,,,,
2026-06-28,823281,,/api/v1.1/game/823281/feed/live,R,2026,2026-06-28,,day,P,N,N,Regular Season,3,3,1,Final,Final,2680,Petco Park,135,San Diego Padres,SD,2,False,119,Los Angeles Dodgers,LAD,4,True,605141,Mookie Betts,Markus,Betts,50,1992-10-07,33,"5' 9""",180,6,Shortstop,R,Right,R,Right,2-4 | 2 RBI,,4,2,0,0,0,2,0,0,0,0,0,0,4,2,,,,,,,,,,
2026-06-28,823281,,/api/v1.1/game/823281/feed/live,R,2026,2026-06-28,,day,P,N,N,Regular Season,3,3,1,Final,Final,2680,Petco Park,135,San Diego Padres,SD,2,False,119,Los Angeles Dodgers,LAD,4,True,669743,Alex Call,Alex,Call,12,1994-09-27,31,"5' 11""",189,7,Outfielder,R,Right,R,Right,,,,,,,,,,,,,,,,,,,,,,,,,,
2026-06-28,823281,,/api/v1.1/game/823281/feed/live,R,2026,2026-06-28,,day,P,N,N,Regular Season,3,3,1,Final,Final,2680,Petco Park,135,San Diego Padres,SD,2,False,119,Los Angeles Dodgers,LAD,4,True,592779,Brock Stewart,Brock,Stewart,41,1991-10-03,34,"6' 3""",220,1,Pitcher,L,Left,R,Right,,,,,,,,,,,,,,,,,,,,,,,,,,
2026-06-28,823281,,/api/v1.1/game/823281/feed/live,R,2026,2026-06-28,,day,P,N,N,Regular Season,3,3,1,Final,Final,2680,Petco Park,135,San Diego Padres,SD,2,False,119,Los Angeles Dodgers,LAD,4,True,686218,Emmet Sheehan,George,Sheehan,80,1999-11-15,26,"6' 5""",220,1,Pitcher,R,Right,R,Right,"5.0 IP, ER, 5 K, 2 BB",,,,,,,,,,,,,,,,5.0,1,2,1,5,2,84,1,0,0
2026-06-28,823281,,/api/v1.1/game/823281/feed/live,R,2026,2026-06-28,,day,P,N,N,Regular Season,3,3,1,Final,Final,2680,Petco Park,135,San Diego Padres,SD,2,False,119,Los Angeles Dodgers,LAD,4,True,500743,Miguel Rojas,Miguel,Rojas,72,1989-02-24,37,"5' 10""",188,6,Shortstop,R,Right,R,Right,0-1,,1,0,0,0,0,0,0,0,0,0,0,0,1,0,,,,,,,,,,
2026-06-28,823281,,/api/v1.1/game/823281/feed/live,R,2026,2026-06-28,,day,P,N,N,Regular Season,3,3,1,Final,Final,2680,Petco Park,135,San Diego Padres,SD,2,False,119,Los Angeles Dodgers,LAD,4,True,676263,Jack Dreyer,Jacob,Dreyer,86,1999-02-27,27,"6' 2""",205,1,Pitcher,R,Right,L,Left,,,,,,,,,,,,,,,,,,,,,,,,,,
2026-06-28,823281,,/api/v1.1/game/823281/feed/live,R,2026,2026-06-28,,day,P,N,N,Regular Season,3,3,1,Final,Final,2680,Petco Park,135,San Diego Padres,SD,2,False,119,Los Angeles Dodgers,LAD,4,True,808963,Roki Sasaki,Roki,Sasaki,11,2001-11-03,24,"6' 2""",187,1,Pitcher,R,Right,R,Right,,,,,,,,,,,,,,,,,,,,,,,,,,
2026-06-28,823281,,/api/v1.1/game/823281/feed/live,R,2026,2026-06-28,,day,P,N,N,Regular Season,3,3,1,Final,Final,2680,Petco Park,135,San Diego Padres,SD,2,False,119,Los Angeles Dodgers,LAD,4,True,690976,Alex Freeland,Alexander,Freeland,76,2001-08-24,24,"5' 11""",200,4,Second Base,S,Switch,R,Right,"1-2 | BB, K, 2 R",,2,1,0,0,0,0,2,1,1,0,0,0,3,1,,,,,,,,,,
2026-06-28,823281,,/api/v1.1/game/823281/feed/live,R,2026,2026-06-28,,day,P,N,N,Regular Season,3,3,1,Final,Final,2680,Petco Park,135,San Diego Padres,SD,2,False,119,Los Angeles Dodgers,LAD,4,True,808967,Yoshinobu Yamamoto,Yoshinobu,Yamamoto,18,1998-08-17,27,"5' 10""",176,1,Pitcher,R,Right,R,Right,,,,,,,,,,,,,,,,,,,,,,,,,,
2026-06-28,824744,,/api/v1.1/game/824744/feed/live,R,2026,2026-06-28,,night,P,N,N,Regular Season,4,4,1,Final,Final,3,Fenway Park,111,Boston Red Sox,BOS,5,True,147,New York Yankees,NYY,4,False,687562,Jake Bennett,William,Bennett,64,2000-12-02,25,"6' 6""",234,1,Pitcher,L,Left,L,Left,,,,,,,,,,,,,,,,,,,,,,,,,,
2026-06-28,824744,,/api/v1.1/game/824744/feed/live,R,2026,2026-06-28,,night,P,N,N,Regular Season,4,4,1,Final,Final,3,Fenway Park,111,Boston Red Sox,BOS,5,True,147,New York Yankees,NYY,4,False,575929,Willson Contreras,Willson,Contreras,40,1992-05-13,34,"6' 0""",240,3,First Base,R,Right,R,Right,"1-4 | 2 K, R",,4,1,0,0,0,0,1,2,0,0,0,0,4,1,,,,,,,,,,
2026-06-28,824744,,/api/v1.1/game/824744/feed/live,R,2026,2026-06-28,,night,P,N,N,Regular Season,4,4,1,Final,Final,3,Fenway Park,111,Boston Red Sox,BOS,5,True,147,New York Yankees,NYY,4,False,594027,Tyron Guerrero,Tayron,Guerrero,41,1991-01-09,35,"6' 8""",225,1,Pitcher,R,Right,R,Right,"0.2 IP, 0 ER, 0 K, 0 BB",,,,,,,,,,,,,,,,0.2,0,0,0,0,0,9,0,0,0
2026-06-28,824744,,/api/v1.1/game/824744/feed/live,R,2026,2026-06-28,,night,P,N,N,Regular Season,4,4,1,Final,Final,3,Fenway Park,111,Boston Red Sox,BOS,5,True,147,New York Yankees,NYY,4,False,663853,Romy Gonzalez,Roman,Gonzalez,23,1996-09-06,29,"6' 0""",215,3,First Base,R,Right,R,Right,0-4,,4,0,0,0,0,0,0,0,0,0,0,1,4,0,,,,,,,,,,
2026-06-28,824744,,/api/v1.1/game/824744/feed/live,R,2026,2026-06-28,,night,P,N,N,Regular Season,4,4,1,Final,Final,3,Fenway Park,111,Boston Red Sox,BOS,5,True,147,New York Yankees,NYY,4,False,813349,Connelly Early,Todd,Early,71,2002-04-03,24,"6' 3""",195,1,Pitcher,L,Left,L,Left,,,,,,,,,,,,,,,,,,,,,,,,,,
2026-06-28,824744,,/api/v1.1/game/824744/feed/live,R,2026,2026-06-28,,night,P,N,N,Regular Season,4,4,1,Final,Final,3,Fenway Park,111,Boston Red Sox,BOS,5,True,147,New York Yankees,NYY,4,False,669711,Greg Weissert,Gregory,Weissert,57,1995-02-04,31,"6' 2""",235,1,Pitcher,R,Right,R,Right,,,,,,,,,,,,,,,,,,,,,,,,,,
2026-06-28,824744,,/api/v1.1/game/824744/feed/live,R,2026,2026-06-28,,night,P,N,N,Regular Season,4,4,1,Final,Final,3,Fenway Park,111,Boston Red Sox,BOS,5,True,147,New York Yankees,NYY,4,False,678011,Anthony Seigler,Anthony,Seigler,48,1999-06-20,27,"5' 9""",192,4,Second Base,S,Switch,S,Switch,"1-3 | BB, RBI",,3,1,0,0,0,1,0,0,1,0,0,0,4,1,,,,,,,,,,
2026-06-28,824744,,/api/v1.1/game/824744/feed/live,R,2026,2026-06-28,,night,P,N,N,Regular Season,4,4,1,Final,Final,3,Fenway Park,111,Boston Red Sox,BOS,5,True,147,New York Yankees,NYY,4,False,657136,Connor Wong,Connor,Wong,12,1996-05-19,30,"5' 10""",190,2,Catcher,R,Right,R,Right,"1-2 | BB, K",,2,1,0,0,0,0,0,1,1,0,0,0,3,1,,,,,,,,,,
2026-06-28,824744,,/api/v1.1/game/824744/feed/live,R,2026,2026-06-28,,night,P,N,N,Regular Season,4,4,1,Final,Final,3,Fenway Park,111,Boston Red Sox,BOS,5,True,147,New York Yankees,NYY,4,False,677800,Wilyer Abreu,Wilyer,Abreu,52,1999-06-24,27,"5' 10""",215,9,Outfielder,L,Left,L,Left,"0-2 | 2 BB, R",,2,0,0,0,0,0,1,0,2,0,0,0,4,0,,,,,,,,,,
2026-06-28,824744,,/api/v1.1/game/824744/feed/live,R,2026,2026-06-28,,night,P,N,N,Regular Season,4,4,1,Final,Final,3,Fenway Park,111,Boston Red Sox,BOS,5,True,147,New York Yankees,NYY,4,False,676477,Garrett Whitlock,Garrett,Whitlock,22,1996-06-11,30,"6' 5""",222,1,Pitcher,R,Right,R,Right,,,,,,,,,,,,,,,,,,,,,,,,,,
2026-06-28,824744,,/api/v1.1/game/824744/feed/live,R,2026,2026-06-28,,night,P,N,N,Regular Season,4,4,1,Final,Final,3,Fenway Park,111,Boston Red Sox,BOS,5,True,147,New York Yankees,NYY,4,False,655316,Andruw Monasterio,Andruw,Monasterio,32,1997-05-30,29,"5' 11""",195,6,Shortstop,R,Right,R,Right,0-0 | R,,0,0,0,0,0,0,1,0,0,0,0,0,0,0,,,,,,,,,,
2026-06-28,824744,,/api/v1.1/game/824744/feed/live,R,2026,2026-06-28,,night,P,N,N,Regular Season,4,4,1,Final,Final,3,Fenway Park,111,Boston Red Sox,BOS,5,True,147,New York Yankees,NYY,4,False,543243,Sonny Gray,Sonny,Gray,54,1989-11-07,36,"5' 10""",190,1,Pitcher,R,Right,R,Right,"7.1 IP, 0 ER, 9 K, BB",,,,,,,,,,,,,,,,7.1,0,1,0,9,1,97,0,0,0
2026-06-28,824744,,/api/v1.1/game/824744/feed/live,R,2026,2026-06-28,,night,P,N,N,Regular Season,4,4,1,Final,Final,3,Fenway Park,111,Boston Red Sox,BOS,5,True,147,New York Yankees,NYY,4,False,686580,Justin Slaten,Justin,Slaten,63,1997-09-15,28,"6' 4""",222,1,Pitcher,R,Right,R,Right,"1.0 IP, 0 ER, K, 0 BB",,,,,,,,,,,,,,,,1.0,0,1,0,1,0,16,1,0,0
2026-06-28,824744,,/api/v1.1/game/824744/feed/live,R,2026,2026-06-28,,night,P,N,N,Regular Season,4,4,1,Final,Final,3,Fenway Park,111,Boston Red Sox,BOS,5,True,147,New York Yankees,NYY,4,False,702332,Caleb Durbin,Caleb,Durbin,5,2000-02-22,26,"5' 6""",183,5,Third Base,R,Right,R,Right,"1-4 | K, 2 RBI, R",,4,1,0,0,0,2,1,1,0,2,0,0,4,1,,,,,,,,,,
2026-06-28,824744,,/api/v1.1/game/824744/feed/live,R,2026,2026-06-28,,night,P,N,N,Regular Season,4,4,1,Final,Final,3,Fenway Park,111,Boston Red Sox,BOS,5,True,147,New York Yankees,NYY,4,False,624133,Ranger Suarez,Ranger,Suarez,55,1995-08-26,30,"6' 1""",217,1,Pitcher,L,Left,L,Left,,,,,,,,,,,,,,,,,,,,,,,,,,
2026-06-28,824744,,/api/v1.1/game/824744/feed/live,R,2026,2026-06-28,,night,P,N,N,Regular Season,4,4,1,Final,Final,3,Fenway Park,111,Boston Red Sox,BOS,5,True,147,New York Yankees,NYY,4,False,592454,Tommy Kahnle,Thomas,Kahnle,46,1989-08-07,36,"6' 1""",230,1,Pitcher,R,Right,R,Right,,,,,,,,,,,,,,,,,,,,,,,,,,
2026-06-28,824744,,/api/v1.1/game/824744/feed/live,R,2026,2026-06-28,,night,P,N,N,Regular Season,4,4,1,Final,Final,3,Fenway Park,111,Boston Red Sox,BOS,5,True,147,New York Yankees,NYY,4,False,665966,Carlos Narváez,Carlos,Narváez,75,1998-11-26,27,"5' 11""",190,2,Catcher,R,Right,R,Right,,,,,,,,,,,,,,,,,,,,,,,,,,
2026-06-28,824744,,/api/v1.1/game/824744/feed/live,R,2026,2026-06-28,,night,P,N,N,Regular Season,4,4,1,Final,Final,3,Fenway Park,111,Boston Red Sox,BOS,5,True,147,New York Yankees,NYY,4,False,681987,Nate Eaton,Nathan,Eaton,18,1996-12-22,29,"5' 11""",200,O,Outfield,R,Right,R,Right,0-3 | K,,3,0,0,0,0,0,0,1,0,0,0,0,3,0,,,,,,,,,,
2026-06-28,824744,,/api/v1.1/game/824744/feed/live,R,2026,2026-06-28,,night,P,N,N,Regular Season,4,4,1,Final,Final,3,Fenway Park,111,Boston Red Sox,BOS,5,True,147,New York Yankees,NYY,4,False,680776,Jarren Duran,Jarren,Duran,16,1996-09-05,29,"6' 0""",205,7,Outfielder,L,Left,R,Right,"1-2 | K, RBI",,2,1,0,0,0,1,0,1,0,0,0,0,2,1,,,,,,,,,,
2026-06-28,824744,,/api/v1.1/game/824744/feed/live,R,2026,2026-06-28,,night,P,N,N,Regular Season,4,4,1,Final,Final,3,Fenway Park,111,Boston Red Sox,BOS,5,True,147,New York Yankees,NYY,4,False,691907,Tsung-Che Cheng,Tsung-Che,Cheng,39,2001-07-26,24,"5' 8""",180,6,Shortstop,L,Left,R,Right,"0-3 | 2 K, RBI",,3,0,0,0,0,1,0,2,0,0,0,1,4,0,,,,,,,,,,
2026-06-28,824744,,/api/v1.1/game/824744/feed/live,R,2026,2026-06-28,,night,P,N,N,Regular Season,4,4,1,Final,Final,3,Fenway Park,111,Boston Red Sox,BOS,5,True,147,New York Yankees,NYY,4,False,801139,Payton Tolle,Payton,Tolle,70,2002-11-01,23,"6' 6""",250,1,Pitcher,L,Left,L,Left,,,,,,,,,,,,,,,,,,,,,,,,,,
2026-06-28,824744,,/api/v1.1/game/824744/feed/live,R,2026,2026-06-28,,night,P,N,N,Regular Season,4,4,1,Final,Final,3,Fenway Park,111,Boston Red Sox,BOS,5,True,147,New York Yankees,NYY,4,False,678882,Ceddanne Rafaela,Ceddanne,Rafaela,3,2000-09-18,25,"5' 10""",165,8,Outfielder,R,Right,R,Right,0-4,,4,0,0,0,0,0,0,0,0,0,0,0,4,0,,,,,,,,,,
2026-06-28,824744,,/api/v1.1/game/824744/feed/live,R,2026,2026-06-28,,night,P,N,N,Regular Season,4,4,1,Final,Final,3,Fenway Park,111,Boston Red Sox,BOS,5,True,147,New York Yankees,NYY,4,False,807799,Masataka Yoshida,Masataka,Yoshida,7,1993-07-15,32,"5' 8""",192,10,Designated Hitter,L,Left,R,Right,"1-1 | 2B, R",,1,1,1,0,0,0,1,0,0,0,0,0,1,2,,,,,,,,,,
2026-06-28,824744,,/api/v1.1/game/824744/feed/live,R,2026,2026-06-28,,night,P,N,N,Regular Season,4,4,1,Final,Final,3,Fenway Park,111,Boston Red Sox,BOS,5,True,147,New York Yankees,NYY,4,False,543056,Danny Coulombe,Daniel,Coulombe,67,1989-10-26,36,"5' 10""",190,1,Pitcher,L,Left,L,Left,,,,,,,,,,,,,,,,,,,,,,,,,,
2026-06-28,824744,,/api/v1.1/game/824744/feed/live,R,2026,2026-06-28,,night,P,N,N,Regular Season,4,4,1,Final,Final,3,Fenway Park,111,Boston Red Sox,BOS,5,True,147,New York Yankees,NYY,4,False,547973,Aroldis Chapman,Albertin,Chapman,44,1988-02-28,38,"6' 4""",235,1,Pitcher,L,Left,L,Left,"1.0 IP, ER, 2 K, BB",,,,,,,,,,,,,,,,1.0,1,1,0,2,1,23,0,0,0
2026-06-28,824744,,/api/v1.1/game/824744/feed/live,R,2026,2026-06-28,,night,P,N,N,Regular Season,4,4,1,Final,Final,3,Fenway Park,111,Boston Red Sox,BOS,5,True,147,New York Yankees,NYY,4,False,670245,Ryan Watson,Ryan,Watson,56,1997-11-15,28,"6' 5""",225,1,Pitcher,R,Right,R,Right,,,,,,,,,,,,,,,,,,,,,,,,,,
2026-06-28,824744,,/api/v1.1/game/824744/feed/live,R,2026,2026-06-28,,night,P,N,N,Regular Season,4,4,1,Final,Final,3,Fenway Park,111,Boston Red Sox,BOS,5,True,147,New York Yankees,NYY,4,False,621112,Paul Blackburn,Paul,Blackburn,58,1993-12-04,32,"6' 1""",196,1,Pitcher,R,Right,R,Right,"2.0 IP, 0 ER, K, 0 BB",,,,,,,,,,,,,,,,2.0,0,1,0,1,0,14,0,0,0
2026-06-28,824744,,/api/v1.1/game/824744/feed/live,R,2026,2026-06-28,,night,P,N,N,Regular Season,4,4,1,Final,Final,3,Fenway Park,111,Boston Red Sox,BOS,5,True,147,New York Yankees,NYY,4,False,645305,Ali Sánchez,Ali,Sánchez,39,1997-01-20,29,"6' 0""",200,2,Catcher,R,Right,R,Right,,,,,,,,,,,,,,,,,,,,,,,,,,
2026-06-28,824744,,/api/v1.1/game/824744/feed/live,R,2026,2026-06-28,,night,P,N,N,Regular Season,4,4,1,Final,Final,3,Fenway Park,111,Boston Red Sox,BOS,5,True,147,New York Yankees,NYY,4,False,676609,José Caballero,José,Caballero,72,1996-08-30,29,"5' 9""",190,6,Shortstop,R,Right,R,Right,"1-4 | K, R, SB",,4,1,0,0,0,0,1,1,0,1,0,0,4,1,,,,,,,,,,
2026-06-28,824744,,/api/v1.1/game/824744/feed/live,R,2026,2026-06-28,,night,P,N,N,Regular Season,4,4,1,Final,Final,3,Fenway Park,111,Boston Red Sox,BOS,5,True,147,New York Yankees,NYY,4,False,607074,Carlos Rodón,Carlos,Rodón,55,1992-12-10,33,"6' 2""",255,1,Pitcher,L,Left,L,Left,"5.0 IP, 0 ER, 6 K, 4 BB",,,,,,,,,,,,,,,,5.0,0,1,0,6,4,96,0,0,0
2026-06-28,824744,,/api/v1.1/game/824744/feed/live,R,2026,2026-06-28,,night,P,N,N,Regular Season,4,4,1,Final,Final,3,Fenway Park,111,Boston Red Sox,BOS,5,True,147,New York Yankees,NYY,4,False,682987,Spencer Jones,Spencer,Jones,78,2001-05-14,25,"6' 7""",240,9,Outfielder,L,Left,L,Left,0-3 | 3 K,,3,0,0,0,0,0,0,3,0,0,0,0,3,0,,,,,,,,,,
2026-06-28,824744,,/api/v1.1/game/824744/feed/live,R,2026,2026-06-28,,night,P,N,N,Regular Season,4,4,1,Final,Final,3,Fenway Park,111,Boston Red Sox,BOS,5,True,147,New York Yankees,NYY,4,False,642232,Ryan Yarbrough,Ryan,Yarbrough,33,1991-12-31,34,"6' 5""",205,1,Pitcher,R,Right,L,Left,,,,,,,,,,,,,,,,,,,,,,,,,,
2026-06-28,824744,,/api/v1.1/game/824744/feed/live,R,2026,2026-06-28,,night,P,N,N,Regular Season,4,4,1,Final,Final,3,Fenway Park,111,Boston Red Sox,BOS,5,True,147,New York Yankees,NYY,4,False,680474,Max Schuemann,Maxwell,Schuemann,30,1997-06-11,29,"6' 0""",198,6,Shortstop,R,Right,R,Right,"0-1 | K, R",,1,0,0,0,0,0,1,1,0,0,0,0,1,0,,,,,,,,,,
2026-06-28,824744,,/api/v1.1/game/824744/feed/live,R,2026,2026-06-28,,night,P,N,N,Regular Season,4,4,1,Final,Final,3,Fenway Park,111,Boston Red Sox,BOS,5,True,147,New York Yankees,NYY,4,False,642708,Amed Rosario,German,Rosario,14,1995-11-20,30,"6' 1""",227,5,Third Base,R,Right,R,Right,"2-3 | BB, RBI, R",,3,2,0,0,0,1,1,0,1,0,0,0,4,2,,,,,,,,,,
2026-06-28,824744,,/api/v1.1/game/824744/feed/live,R,2026,2026-06-28,,night,P,N,N,Regular Season,4,4,1,Final,Final,3,Fenway Park,111,Boston Red Sox,BOS,5,True,147,New York Yankees,NYY,4,False,665828,Oswaldo Cabrera,Oswaldo,Cabrera,95,1999-03-01,27,"6' 0""",200,5,Third Base,S,Switch,R,Right,0-3 | K,,3,0,0,0,0,0,0,1,0,0,0,0,4,0,,,,,,,,,,
2026-06-28,824744,,/api/v1.1/game/824744/feed/live,R,2026,2026-06-28,,night,P,N,N,Regular Season,4,4,1,Final,Final,3,Fenway Park,111,Boston Red Sox,BOS,5,True,147,New York Yankees,NYY,4,False,677960,Ryan Weathers,Ryan,Weathers,40,1999-12-17,26,"6' 1""",230,1,Pitcher,R,Right,L,Left,,,,,,,,,,,,,,,,,,,,,,,,,,
2026-06-28,824744,,/api/v1.1/game/824744/feed/live,R,2026,2026-06-28,,night,P,N,N,Regular Season,4,4,1,Final,Final,3,Fenway Park,111,Boston Red Sox,BOS,5,True,147,New York Yankees,NYY,4,False,657612,Tim Hill,Timothy,Hill,41,1990-02-10,36,"6' 4""",210,1,Pitcher,R,Right,L,Left,,,,,,,,,,,,,,,,,,,,,,,,,,
2026-06-28,824744,,/api/v1.1/game/824744/feed/live,R,2026,2026-06-28,,night,P,N,N,Regular Season,4,4,1,Final,Final,3,Fenway Park,111,Boston Red Sox,BOS,5,True,147,New York Yankees,NYY,4,False,502671,Paul Goldschmidt,Paul,Goldschmidt,48,1987-09-10,38,"6' 2""",225,3,First Base,R,Right,R,Right,0-1 | RBI,,1,0,0,0,0,1,0,0,0,0,0,0,1,0,,,,,,,,,,
2026-06-28,824744,,/api/v1.1/game/824744/feed/live,R,2026,2026-06-28,,night,P,N,N,Regular Season,4,4,1,Final,Final,3,Fenway Park,111,Boston Red Sox,BOS,5,True,147,New York Yankees,NYY,4,False,691176,Jasson Domínguez,Jasson,Domínguez,24,2003-02-07,23,"5' 9""",218,9,Outfielder,S,Switch,R,Right,0-3 | 2 K,,3,0,0,0,0,0,0,2,0,0,0,0,3,0,,,,,,,,,,
2026-06-28,824744,,/api/v1.1/game/824744/feed/live,R,2026,2026-06-28,,night,P,N,N,Regular Season,4,4,1,Final,Final,3,Fenway Park,111,Boston Red Sox,BOS,5,True,147,New York Yankees,NYY,4,False,669224,Austin Wells,Austin,Wells,28,1999-07-12,26,"6' 1""",220,2,Catcher,L,Left,R,Right,"0-4 | RBI, SB",,4,0,0,0,0,1,0,0,0,1,0,0,4,0,,,,,,,,,,
2026-06-28,824744,,/api/v1.1/game/824744/feed/live,R,2026,2026-06-28,,night,P,N,N,Regular Season,4,4,1,Final,Final,3,Fenway Park,111,Boston Red Sox,BOS,5,True,147,New York Yankees,NYY,4,False,700250,Ben Rice,Benjamin,Rice,22,1999-02-22,27,"6' 2""",228,3,First Base,L,Left,R,Right,0-4,,4,0,0,0,0,0,0,0,0,0,0,0,4,0,,,,,,,,,,
2026-06-28,824744,,/api/v1.1/game/824744/feed/live,R,2026,2026-06-28,,night,P,N,N,Regular Season,4,4,1,Final,Final,3,Fenway Park,111,Boston Red Sox,BOS,5,True,147,New York Yankees,NYY,4,False,687396,Brent Headrick,Brent,Headrick,47,1997-12-17,28,"6' 6""",235,1,Pitcher,L,Left,L,Left,,,,,,,,,,,,,,,,,,,,,,,,,,
2026-06-28,824744,,/api/v1.1/game/824744/feed/live,R,2026,2026-06-28,,night,P,N,N,Regular Season,4,4,1,Final,Final,3,Fenway Park,111,Boston Red Sox,BOS,5,True,147,New York Yankees,NYY,4,False,701542,Will Warren,William,Warren,29,1999-06-16,27,"6' 2""",200,1,Pitcher,R,Right,R,Right,,,,,,,,,,,,,,,,,,,,,,,,,,
2026-06-28,824744,,/api/v1.1/game/824744/feed/live,R,2026,2026-06-28,,night,P,N,N,Regular Season,4,4,1,Final,Final,3,Fenway Park,111,Boston Red Sox,BOS,5,True,147,New York Yankees,NYY,4,False,683011,Anthony Volpe,Anthony,Volpe,11,2001-04-28,25,"5' 10""",197,6,Shortstop,R,Right,R,Right,"0-1 | BB, R",,1,0,0,0,0,0,1,0,1,0,0,0,2,0,,,,,,,,,,
2026-06-28,824744,,/api/v1.1/game/824744/feed/live,R,2026,2026-06-28,,night,P,N,N,Regular Season,4,4,1,Final,Final,3,Fenway Park,111,Boston Red Sox,BOS,5,True,147,New York Yankees,NYY,4,False,518585,Fernando Cruz,Fernando,Cruz,63,1990-03-28,36,"6' 2""",237,1,Pitcher,R,Right,R,Right,0-0,,0,0,0,0,0,0,0,0,0,0,0,0,0,0,0.1,2,3,0,0,0,10,0,1,0
2026-06-28,824744,,/api/v1.1/game/824744/feed/live,R,2026,2026-06-28,,night,P,N,N,Regular Season,4,4,1,Final,Final,3,Fenway Park,111,Boston Red Sox,BOS,5,True,147,New York Yankees,NYY,4,False,641355,Cody Bellinger,Cody,Bellinger,35,1995-07-13,30,"6' 3""",204,7,Outfielder,L,Left,L,Left,0-4 | 2 K,,4,0,0,0,0,0,0,2,0,0,0,0,4,0,,,,,,,,,,
2026-06-28,824744,,/api/v1.1/game/824744/feed/live,R,2026,2026-06-28,,night,P,N,N,Regular Season,4,4,1,Final,Final,3,Fenway Park,111,Boston Red Sox,BOS,5,True,147,New York Yankees,NYY,4,False,665862,Jazz Chisholm Jr.,Jasrado,Chisholm,13,1998-02-01,28,"5' 11""",184,4,Second Base,L,Left,R,Right,0-3 | 2 K,,3,0,0,0,0,0,0,2,0,0,0,0,3,0,,,,,,,,,,
2026-06-28,824744,,/api/v1.1/game/824744/feed/live,R,2026,2026-06-28,,night,P,N,N,Regular Season,4,4,1,Final,Final,3,Fenway Park,111,Boston Red Sox,BOS,5,True,147,New York Yankees,NYY,4,False,666808,Camilo Doval,Camilo,Doval,75,1997-07-04,28,"6' 2""",205,1,Pitcher,R,Right,R,Right,,,,,,,,,,,,,,,,,,,,,,,,,,
2026-06-28,824744,,/api/v1.1/game/824744/feed/live,R,2026,2026-06-28,,night,P,N,N,Regular Season,4,4,1,Final,Final,3,Fenway Park,111,Boston Red Sox,BOS,5,True,147,New York Yankees,NYY,4,False,660787,Yerry De los Santos,Yerry,De los Santos,73,1997-12-12,28,"6' 3""",230,1,Pitcher,R,Right,R,Right,,,,,,,,,,,,,,,,,,,,,,,,,,
2026-06-28,824744,,/api/v1.1/game/824744/feed/live,R,2026,2026-06-28,,night,P,N,N,Regular Season,4,4,1,Final,Final,3,Fenway Park,111,Boston Red Sox,BOS,5,True,147,New York Yankees,NYY,4,False,670280,David Bednar,David,Bednar,53,1994-10-10,31,"6' 1""",250,1,Pitcher,L,Left,R,Right,0-0,,0,0,0,0,0,0,0,0,0,0,0,0,0,0,2.0,0,1,0,1,0,33,0,0,0
2026-06-28,824744,,/api/v1.1/game/824744/feed/live,R,2026,2026-06-28,,night,P,N,N,Regular Season,4,4,1,Final,Final,3,Fenway Park,111,Boston Red Sox,BOS,5,True,147,New York Yankees,NYY,4,False,543037,Gerrit Cole,Gerrit,Cole,45,1990-09-08,35,"6' 4""",220,1,Pitcher,R,Right,R,Right,,,,,,,,,,,,,,,,,,,,,,,,,,
2026-06-28,824744,,/api/v1.1/game/824744/feed/live,R,2026,2026-06-28,,night,P,N,N,Regular Season,4,4,1,Final,Final,3,Fenway Park,111,Boston Red Sox,BOS,5,True,147,New York Yankees,NYY,4,False,693645,Cam Schlittler,Cameron,Schlittler,31,2001-02-05,25,"6' 6""",215,1,Pitcher,R,Right,R,Right,,,,,,,,,,,,,,,,,,,,,,,,,,
