gameDate,gamePk,gameGuid,link,gameType,season,officialDate,description,dayNight,gamedayType,doubleHeader,tiebreaker,seriesDescription,seriesGameNumber,gamesInSeries,gameNumber,status_abstractGameState,status_detailedState,venue_id,venue_name,home_team_id,home_team_name,home_team_abbreviation,home_score,home_isWinner,away_team_id,away_team_name,away_team_abbreviation,away_score,away_isWinner,playerId,fullName,firstName,lastName,primaryNumber,birthDate,currentAge,height,weight,primaryPosition_code,primaryPosition_name,batSide_code,batSide_description,pitchHand_code,pitchHand_description,gameLogSummary,note,atBats,hits,doubles,triples,homeRuns,rbi,runs,strikeOuts,baseOnBalls,stolenBases,caughtStealing,groundIntoDoublePlay,plateAppearances,totalBases,inningsPitched,earnedRuns,hitsAllowed,homeRunsAllowed,strikeOutsPitching,baseOnBallsPitching,pitchesThrown,wins,losses,saves
2026-09-24,823326,,/api/v1.1/game/823326/feed/live,R,2026,2026-09-24,,day,P,N,N,Regular Season,3,3,1,Final,Final,31,PNC Park,134,Pittsburgh Pirates,PIT,2,True,138,St. Louis Cardinals,STL,1,False,694378,Jacob Gonzalez,Jacob,Gonzalez,26,2002-05-30,24,"6' 2""",205,6,Shortstop,L,Left,R,Right,,,,,,,,,,,,,,,,,,,,,,,,,,
2026-09-24,823326,,/api/v1.1/game/823326/feed/live,R,2026,2026-09-24,,day,P,N,N,Regular Season,3,3,1,Final,Final,31,PNC Park,134,Pittsburgh Pirates,PIT,2,True,138,St. Louis Cardinals,STL,1,False,694973,Paul Skenes,Paul,Skenes,30,2002-05-29,24,"6' 6""",260,1,Pitcher,R,Right,R,Right,"6.1 IP, ER, 8 K, 2 BB",,,,,,,,,,,,,,,,6.1,1,3,1,8,2,96,0,0,0
2026-09-24,823326,,/api/v1.1/game/823326/feed/live,R,2026,2026-09-24,,day,P,N,N,Regular Season,3,3,1,Final,Final,31,PNC Park,134,Pittsburgh Pirates,PIT,2,True,138,St. Louis Cardinals,STL,1,False,687462,Spencer Horwitz,Spencer,Horwitz,2,1997-11-14,28,"5' 10""",204,3,First Base,L,Left,R,Right,0-3 | RBI,,3,0,0,0,0,1,0,0,0,0,0,0,4,0,,,,,,,,,,
2026-09-24,823326,,/api/v1.1/game/823326/feed/live,R,2026,2026-09-24,,day,P,N,N,Regular Season,3,3,1,Final,Final,31,PNC Park,134,Pittsburgh Pirates,PIT,2,True,138,St. Louis Cardinals,STL,1,False,669199,Lake Bachar,Lake,Bachar,71,1995-06-03,31,"6' 2""",219,1,Pitcher,R,Right,R,Right,,,,,,,,,,,,,,,,,,,,,,,,,,
2026-09-24,823326,,/api/v1.1/game/823326/feed/live,R,2026,2026-09-24,,day,P,N,N,Regular Season,3,3,1,Final,Final,31,PNC Park,134,Pittsburgh Pirates,PIT,2,True,138,St. Louis Cardinals,STL,1,False,682927,Ronny Simon,Ronny,Simon,63,2000-04-17,26,"5' 8""",196,9,Outfielder,S,Switch,R,Right,"1-3 | BB, K, R",,3,1,0,0,0,0,1,1,1,1,0,0,4,1,,,,,,,,,,
2026-09-24,823326,,/api/v1.1/game/823326/feed/live,R,2026,2026-09-24,,day,P,N,N,Regular Season,3,3,1,Final,Final,31,PNC Park,134,Pittsburgh Pirates,PIT,2,True,138,St. Louis Cardinals,STL,1,False,664040,Brandon Lowe,Brandon,Lowe,5,1994-07-06,32,"5' 9""",181,4,Second Base,L,Left,R,Right,"1-3 | BB, 2 K, RBI",,3,1,0,0,0,1,0,2,1,0,0,0,4,1,,,,,,,,,,
2026-09-24,823326,,/api/v1.1/game/823326/feed/live,R,2026,2026-09-24,,day,P,N,N,Regular Season,3,3,1,Final,Final,31,PNC Park,134,Pittsburgh Pirates,PIT,2,True,138,St. Louis Cardinals,STL,1,False,668804,Bryan Reynolds,Bryan,Reynolds,10,1995-01-27,31,"6' 2""",210,7,Outfielder,S,Switch,R,Right,0-0 | BB,,0,0,0,0,0,0,0,0,1,0,0,0,1,0,,,,,,,,,,
2026-09-24,823326,,/api/v1.1/game/823326/feed/live,R,2026,2026-09-24,,day,P,N,N,Regular Season,3,3,1,Final,Final,31,PNC Park,134,Pittsburgh Pirates,PIT,2,True,138,St. Louis Cardinals,STL,1,False,665833,Oneil Cruz,Oneil,Cruz,15,1998-10-04,27,"6' 7""",248,8,Outfielder,L,Left,R,Right,"2-4 | 2B, R, SB",,4,2,1,0,0,0,1,0,0,1,0,0,4,3,,,,,,,,,,
2026-09-24,823326,,/api/v1.1/game/823326/feed/live,R,2026,2026-09-24,,day,P,N,N,Regular Season,3,3,1,Final,Final,31,PNC Park,134,Pittsburgh Pirates,PIT,2,True,138,St. Louis Cardinals,STL,1,False,685126,Brandon Eisert,Brandon,Eisert,14,1998-01-19,28,"6' 2""",210,1,Pitcher,L,Left,L,Left,,,,,,,,,,,,,,,,,,,,,,,,,,
2026-09-24,823326,,/api/v1.1/game/823326/feed/live,R,2026,2026-09-24,,day,P,N,N,Regular Season,3,3,1,Final,Final,31,PNC Park,134,Pittsburgh Pirates,PIT,2,True,138,St. Louis Cardinals,STL,1,False,683003,Jared Jones,Jared,Jones,17,2001-08-06,25,"6' 0""",211,1,Pitcher,L,Left,R,Right,,,,,,,,,,,,,,,,,,,,,,,,,,
2026-09-24,823326,,/api/v1.1/game/823326/feed/live,R,2026,2026-09-24,,day,P,N,N,Regular Season,3,3,1,Final,Final,31,PNC Park,134,Pittsburgh Pirates,PIT,2,True,138,St. Louis Cardinals,STL,1,False,681895,Evan Sisk,Samuel,Sisk,48,1997-04-23,29,"6' 2""",214,1,Pitcher,L,Left,L,Left,,,,,,,,,,,,,,,,,,,,,,,,,,
2026-09-24,823326,,/api/v1.1/game/823326/feed/live,R,2026,2026-09-24,,day,P,N,N,Regular Season,3,3,1,Final,Final,31,PNC Park,134,Pittsburgh Pirates,PIT,2,True,138,St. Louis Cardinals,STL,1,False,642397,Gregory Soto,Gregory,Soto,31,1995-02-11,31,"6' 1""",247,1,Pitcher,L,Left,L,Left,"0.2 IP, 0 ER, K, 0 BB",,,,,,,,,,,,,,,,0.2,0,2,0,1,0,18,0,0,0
2026-09-24,823326,,/api/v1.1/game/823326/feed/live,R,2026,2026-09-24,,day,P,N,N,Regular Season,3,3,1,Final,Final,31,PNC Park,134,Pittsburgh Pirates,PIT,2,True,138,St. Louis Cardinals,STL,1,False,596133,Luke Weaver,Luke,Weaver,18,1993-08-21,33,"6' 2""",180,1,Pitcher,R,Right,R,Right,"0.1 IP, 0 ER, K, 0 BB",,,,,,,,,,,,,,,,0.1,0,0,0,1,0,5,1,0,0
2026-09-24,823326,,/api/v1.1/game/823326/feed/live,R,2026,2026-09-24,,day,P,N,N,Regular Season,3,3,1,Final,Final,31,PNC Park,134,Pittsburgh Pirates,PIT,2,True,138,St. Louis Cardinals,STL,1,False,682254,Mason Montgomery,Mason,Montgomery,46,2000-06-17,26,"6' 2""",205,1,Pitcher,L,Left,L,Left,"1.0 IP, 0 ER, 3 K, 0 BB",,,,,,,,,,,,,,,,1.0,0,0,0,3,0,17,0,0,1
2026-09-24,823326,,/api/v1.1/game/823326/feed/live,R,2026,2026-09-24,,day,P,N,N,Regular Season,3,3,1,Final,Final,31,PNC Park,134,Pittsburgh Pirates,PIT,2,True,138,St. Louis Cardinals,STL,1,False,669707,Jared Triolo,Jared,Triolo,19,1998-02-08,28,"6' 3""",212,6,Shortstop,R,Right,R,Right,0-0,,0,0,0,0,0,0,0,0,0,0,0,0,0,0,,,,,,,,,,
2026-09-24,823326,,/api/v1.1/game/823326/feed/live,R,2026,2026-09-24,,day,P,N,N,Regular Season,3,3,1,Final,Final,31,PNC Park,134,Pittsburgh Pirates,PIT,2,True,138,St. Louis Cardinals,STL,1,False,663968,Jake Mangum,Jake,Mangum,28,1996-03-08,30,"5' 11""",191,8,Outfielder,S,Switch,L,Left,0-3 | K,,3,0,0,0,0,0,0,1,0,0,0,0,3,0,,,,,,,,,,
2026-09-24,823326,,/api/v1.1/game/823326/feed/live,R,2026,2026-09-24,,day,P,N,N,Regular Season,3,3,1,Final,Final,31,PNC Park,134,Pittsburgh Pirates,PIT,2,True,138,St. Louis Cardinals,STL,1,False,670990,Yohan Ramírez,Yohan,Ramírez,49,1995-05-06,31,"6' 3""",205,1,Pitcher,R,Right,R,Right,"0.2 IP, 0 ER, 0 K, 0 BB",,,,,,,,,,,,,,,,0.2,0,0,0,0,0,6,0,0,0
2026-09-24,823326,,/api/v1.1/game/823326/feed/live,R,2026,2026-09-24,,day,P,N,N,Regular Season,3,3,1,Final,Final,31,PNC Park,134,Pittsburgh Pirates,PIT,2,True,138,St. Louis Cardinals,STL,1,False,696149,Bubba Chandler,Roy,Chandler,36,2002-09-14,24,"6' 3""",206,1,Pitcher,S,Switch,R,Right,,,,,,,,,,,,,,,,,,,,,,,,,,
2026-09-24,823326,,/api/v1.1/game/823326/feed/live,R,2026,2026-09-24,,day,P,N,N,Regular Season,3,3,1,Final,Final,31,PNC Park,134,Pittsburgh Pirates,PIT,2,True,138,St. Louis Cardinals,STL,1,False,695257,Billy Cook,William,Cook,25,1999-01-07,27,"6' 0""",204,8,Outfielder,R,Right,R,Right,0-0,,0,0,0,0,0,0,0,0,0,0,0,0,0,0,,,,,,,,,,
2026-09-24,823326,,/api/v1.1/game/823326/feed/live,R,2026,2026-09-24,,day,P,N,N,Regular Season,3,3,1,Final,Final,31,PNC Park,134,Pittsburgh Pirates,PIT,2,True,138,St. Louis Cardinals,STL,1,False,669387,Carmen Mlodzinski,Carmen,Mlodzinski,50,1999-02-19,27,"6' 2""",210,1,Pitcher,R,Right,R,Right,,,,,,,,,,,,,,,,,,,,,,,,,,
2026-09-24,823326,,/api/v1.1/game/823326/feed/live,R,2026,2026-09-24,,day,P,N,N,Regular Season,3,3,1,Final,Final,31,PNC Park,134,Pittsburgh Pirates,PIT,2,True,138,St. Louis Cardinals,STL,1,False,680779,Henry Davis,Henry,Davis,32,1999-09-21,27,"5' 11""",225,2,Catcher,R,Right,R,Right,0-4 | 2 K,,4,0,0,0,0,0,0,2,0,0,0,0,4,0,,,,,,,,,,
2026-09-24,823326,,/api/v1.1/game/823326/feed/live,R,2026,2026-09-24,,day,P,N,N,Regular Season,3,3,1,Final,Final,31,PNC Park,134,Pittsburgh Pirates,PIT,2,True,138,St. Louis Cardinals,STL,1,False,696062,Wilber Dotel,Wilber,Dotel,66,2002-09-25,24,"6' 3""",245,1,Pitcher,R,Right,R,Right,,,,,,,,,,,,,,,,,,,,,,,,,,
2026-09-24,823326,,/api/v1.1/game/823326/feed/live,R,2026,2026-09-24,,day,P,N,N,Regular Season,3,3,1,Final,Final,31,PNC Park,134,Pittsburgh Pirates,PIT,2,True,138,St. Louis Cardinals,STL,1,False,804606,Konnor Griffin,Konnor,Griffin,6,2006-04-24,20,"6' 3""",222,6,Shortstop,R,Right,R,Right,2-4 | K,,4,2,0,0,0,0,0,1,0,0,0,0,4,2,,,,,,,,,,
2026-09-24,823326,,/api/v1.1/game/823326/feed/live,R,2026,2026-09-24,,day,P,N,N,Regular Season,3,3,1,Final,Final,31,PNC Park,134,Pittsburgh Pirates,PIT,2,True,138,St. Louis Cardinals,STL,1,False,489446,Kirby Yates,Kirby,Yates,54,1987-03-25,39,"5' 10""",205,1,Pitcher,L,Left,R,Right,,,,,,,,,,,,,,,,,,,,,,,,,,
2026-09-24,823326,,/api/v1.1/game/823326/feed/live,R,2026,2026-09-24,,day,P,N,N,Regular Season,3,3,1,Final,Final,31,PNC Park,134,Pittsburgh Pirates,PIT,2,True,138,St. Louis Cardinals,STL,1,False,656811,Ryan O'Hearn,Ryan,O'Hearn,29,1993-07-26,33,"6' 2""",220,9,Outfielder,L,Left,L,Left,"0-3 | BB, K",,3,0,0,0,0,0,0,1,1,0,0,0,4,0,,,,,,,,,,
2026-09-24,823326,,/api/v1.1/game/823326/feed/live,R,2026,2026-09-24,,day,P,N,N,Regular Season,3,3,1,Final,Final,31,PNC Park,134,Pittsburgh Pirates,PIT,2,True,138,St. Louis Cardinals,STL,1,False,693304,Nick Gonzales,Nicholas,Gonzales,3,1999-05-27,27,"5' 8""",193,5,Third Base,R,Right,R,Right,1-3 | BB,,3,1,0,0,0,0,0,0,1,0,0,0,4,1,,,,,,,,,,
2026-09-24,823326,,/api/v1.1/game/823326/feed/live,R,2026,2026-09-24,,day,P,N,N,Regular Season,3,3,1,Final,Final,31,PNC Park,134,Pittsburgh Pirates,PIT,2,True,138,St. Louis Cardinals,STL,1,False,699008,Antwone Kelly,Antwone,Kelly,62,2003-09-01,23,"5' 10""",238,1,Pitcher,R,Right,R,Right,,,,,,,,,,,,,,,,,,,,,,,,,,
2026-09-24,823326,,/api/v1.1/game/823326/feed/live,R,2026,2026-09-24,,day,P,N,N,Regular Season,3,3,1,Final,Final,31,PNC Park,134,Pittsburgh Pirates,PIT,2,True,138,St. Louis Cardinals,STL,1,False,804668,Rafael Flores Jr.,Rafael,Flores,43,2000-11-07,25,"6' 3""",232,2,Catcher,R,Right,R,Right,,,,,,,,,,,,,,,,,,,,,,,,,,
2026-09-24,823326,,/api/v1.1/game/823326/feed/live,R,2026,2026-09-24,,day,P,N,N,Regular Season,3,3,1,Final,Final,31,PNC Park,134,Pittsburgh Pirates,PIT,2,True,138,St. Louis Cardinals,STL,1,False,700241,Michael McGreevy,Michael,McGreevy,36,2000-07-08,26,"6' 4""",220,1,Pitcher,L,Left,R,Right,,,,,,,,,,,,,,,,,,,,,,,,,,
2026-09-24,823326,,/api/v1.1/game/823326/feed/live,R,2026,2026-09-24,,day,P,N,N,Regular Season,3,3,1,Final,Final,31,PNC Park,134,Pittsburgh Pirates,PIT,2,True,138,St. Louis Cardinals,STL,1,False,669357,Nolan Gorman,Nolan,Gorman,16,2000-05-10,26,"6' 0""",225,5,Third Base,L,Left,R,Right,,,,,,,,,,,,,,,,,,,,,,,,,,
2026-09-24,823326,,/api/v1.1/game/823326/feed/live,R,2026,2026-09-24,,day,P,N,N,Regular Season,3,3,1,Final,Final,31,PNC Park,134,Pittsburgh Pirates,PIT,2,True,138,St. Louis Cardinals,STL,1,False,691023,Jordan Walker,Jordan,Walker,18,2002-05-22,24,"6' 6""",250,9,Outfielder,R,Right,R,Right,"0-3 | BB, 2 K",,3,0,0,0,0,0,0,2,1,0,0,0,4,0,,,,,,,,,,
2026-09-24,823326,,/api/v1.1/game/823326/feed/live,R,2026,2026-09-24,,day,P,N,N,Regular Season,3,3,1,Final,Final,31,PNC Park,134,Pittsburgh Pirates,PIT,2,True,138,St. Louis Cardinals,STL,1,False,663494,Bryan Torres,Bryan,Torres,39,1997-07-02,29,"5' 7""",165,7,Outfielder,L,Left,R,Right,0-2 | BB,,2,0,0,0,0,0,0,0,1,0,0,0,3,0,,,,,,,,,,
2026-09-24,823326,,/api/v1.1/game/823326/feed/live,R,2026,2026-09-24,,day,P,N,N,Regular Season,3,3,1,Final,Final,31,PNC Park,134,Pittsburgh Pirates,PIT,2,True,138,St. Louis Cardinals,STL,1,False,701675,Nathan Church,Nathan,Church,27,2000-07-12,26,"5' 10""",180,8,Outfielder,L,Left,L,Left,1-3,,3,1,0,0,0,0,0,0,0,0,0,0,3,1,,,,,,,,,,
2026-09-24,823326,,/api/v1.1/game/823326/feed/live,R,2026,2026-09-24,,day,P,N,N,Regular Season,3,3,1,Final,Final,31,PNC Park,134,Pittsburgh Pirates,PIT,2,True,138,St. Louis Cardinals,STL,1,False,687363,Victor Scott II,Victor,Scott,11,2001-02-12,25,"5' 10""",190,8,Outfielder,L,Left,L,Left,,,,,,,,,,,,,,,,,,,,,,,,,,
2026-09-24,823326,,/api/v1.1/game/823326/feed/live,R,2026,2026-09-24,,day,P,N,N,Regular Season,3,3,1,Final,Final,31,PNC Park,134,Pittsburgh Pirates,PIT,2,True,138,St. Louis Cardinals,STL,1,False,681517,Kyle Leahy,Kyle,Leahy,62,1997-06-04,29,"6' 5""",225,1,Pitcher,S,Switch,R,Right,"2.0 IP, ER, 3 K, 0 BB",,,,,,,,,,,,,,,,2.0,1,3,0,3,0,37,0,0,0
2026-09-24,823326,,/api/v1.1/game/823326/feed/live,R,2026,2026-09-24,,day,P,N,N,Regular Season,3,3,1,Final,Final,31,PNC Park,134,Pittsburgh Pirates,PIT,2,True,138,St. Louis Cardinals,STL,1,False,665877,José Fermín,José,Fermín,15,1999-03-29,27,"5' 10""",198,7,Outfielder,R,Right,R,Right,0-1 | K,,1,0,0,0,0,0,0,1,0,0,0,0,1,0,,,,,,,,,,
2026-09-24,823326,,/api/v1.1/game/823326/feed/live,R,2026,2026-09-24,,day,P,N,N,Regular Season,3,3,1,Final,Final,31,PNC Park,134,Pittsburgh Pirates,PIT,2,True,138,St. Louis Cardinals,STL,1,False,685464,Cade Winquest,Cade,Winquest,63,2000-04-30,26,"6' 1""",217,1,Pitcher,R,Right,R,Right,,,,,,,,,,,,,,,,,,,,,,,,,,
2026-09-24,823326,,/api/v1.1/game/823326/feed/live,R,2026,2026-09-24,,day,P,N,N,Regular Season,3,3,1,Final,Final,31,PNC Park,134,Pittsburgh Pirates,PIT,2,True,138,St. Louis Cardinals,STL,1,False,700669,Gordon Graceffo,Gordon,Graceffo,44,2000-03-17,26,"6' 4""",220,1,Pitcher,R,Right,R,Right,"0.2 IP, 0 ER, K, 0 BB",,,,,,,,,,,,,,,,0.2,0,0,0,1,0,4,0,0,0
2026-09-24,823326,,/api/v1.1/game/823326/feed/live,R,2026,2026-09-24,,day,P,N,N,Regular Season,3,3,1,Final,Final,31,PNC Park,134,Pittsburgh Pirates,PIT,2,True,138,St. Louis Cardinals,STL,1,False,802139,JJ Wetherholt,Jonathan,Wetherholt,26,2002-09-10,24,"5' 9""",190,4,Second Base,L,Left,R,Right,2-4 | 2B,,4,2,1,0,0,0,0,0,0,0,0,1,4,3,,,,,,,,,,
2026-09-24,823326,,/api/v1.1/game/823326/feed/live,R,2026,2026-09-24,,day,P,N,N,Regular Season,3,3,1,Final,Final,31,PNC Park,134,Pittsburgh Pirates,PIT,2,True,138,St. Louis Cardinals,STL,1,False,677865,Justin Bruihl,Justin,Bruihl,47,1997-06-26,29,"6' 2""",215,1,Pitcher,L,Left,L,Left,,,,,,,,,,,,,,,,,,,,,,,,,,
2026-09-24,823326,,/api/v1.1/game/823326/feed/live,R,2026,2026-09-24,,day,P,N,N,Regular Season,3,3,1,Final,Final,31,PNC Park,134,Pittsburgh Pirates,PIT,2,True,138,St. Louis Cardinals,STL,1,False,676475,Alec Burleson,Alec,Burleson,41,1998-11-25,27,"6' 0""",225,3,First Base,L,Left,L,Left,"1-4 | HR, K, RBI",,4,1,0,0,1,1,1,1,0,0,0,0,4,4,,,,,,,,,,
2026-09-24,823326,,/api/v1.1/game/823326/feed/live,R,2026,2026-09-24,,day,P,N,N,Regular Season,3,3,1,Final,Final,31,PNC Park,134,Pittsburgh Pirates,PIT,2,True,138,St. Louis Cardinals,STL,1,False,695336,Thomas Saggese,Thomas,Saggese,25,2002-04-10,24,"5' 10""",185,6,Shortstop,R,Right,R,Right,"0-3 | HBP, 2 K",,3,0,0,0,0,0,0,2,0,0,0,0,4,0,,,,,,,,,,
2026-09-24,823326,,/api/v1.1/game/823326/feed/live,R,2026,2026-09-24,,day,P,N,N,Regular Season,3,3,1,Final,Final,31,PNC Park,134,Pittsburgh Pirates,PIT,2,True,138,St. Louis Cardinals,STL,1,False,676617,Riley O'Brien,Riley,O'Brien,61,1995-02-06,31,"6' 4""",180,1,Pitcher,R,Right,R,Right,,,,,,,,,,,,,,,,,,,,,,,,,,
2026-09-24,823326,,/api/v1.1/game/823326/feed/live,R,2026,2026-09-24,,day,P,N,N,Regular Season,3,3,1,Final,Final,31,PNC Park,134,Pittsburgh Pirates,PIT,2,True,138,St. Louis Cardinals,STL,1,False,669467,Andre Pallante,Neil,Pallante,53,1998-09-18,28,"6' 0""",215,1,Pitcher,R,Right,R,Right,,,,,,,,,,,,,,,,,,,,,,,,,,
2026-09-24,823326,,/api/v1.1/game/823326/feed/live,R,2026,2026-09-24,,day,P,N,N,Regular Season,3,3,1,Final,Final,31,PNC Park,134,Pittsburgh Pirates,PIT,2,True,138,St. Louis Cardinals,STL,1,False,666277,George Soriano,George,Soriano,65,1999-03-24,27,"6' 2""",210,1,Pitcher,R,Right,R,Right,,,,,,,,,,,,,,,,,,,,,,,,,,
2026-09-24,823326,,/api/v1.1/game/823326/feed/live,R,2026,2026-09-24,,day,P,N,N,Regular Season,3,3,1,Final,Final,31,PNC Park,134,Pittsburgh Pirates,PIT,2,True,138,St. Louis Cardinals,STL,1,False,687273,Quinn Mathews,Quinn,Mathews,60,2000-10-04,25,"6' 5""",188,1,Pitcher,L,Left,L,Left,,,,,,,,,,,,,,,,,,,,,,,,,,
2026-09-24,823326,,/api/v1.1/game/823326/feed/live,R,2026,2026-09-24,,day,P,N,N,Regular Season,3,3,1,Final,Final,31,PNC Park,134,Pittsburgh Pirates,PIT,2,True,138,St. Louis Cardinals,STL,1,False,669461,Matthew Liberatore,Matthew,Liberatore,32,1999-11-06,26,"6' 4""",215,1,Pitcher,L,Left,L,Left,,,,,,,,,,,,,,,,,,,,,,,,,,
2026-09-24,823326,,/api/v1.1/game/823326/feed/live,R,2026,2026-09-24,,day,P,N,N,Regular Season,3,3,1,Final,Final,31,PNC Park,134,Pittsburgh Pirates,PIT,2,True,138,St. Louis Cardinals,STL,1,False,686780,Pedro Pagés,Pedro,Pagés,43,1998-09-17,28,"5' 11""",245,2,Catcher,R,Right,R,Right,,,,,,,,,,,,,,,,,,,,,,,,,,
2026-09-24,823326,,/api/v1.1/game/823326/feed/live,R,2026,2026-09-24,,day,P,N,N,Regular Season,3,3,1,Final,Final,31,PNC Park,134,Pittsburgh Pirates,PIT,2,True,138,St. Louis Cardinals,STL,1,False,592773,Ryne Stanek,Ryne,Stanek,55,1991-07-26,35,"6' 4""",226,1,Pitcher,R,Right,R,Right,"1.0 IP, 0 ER, 0 K, 2 BB",,,,,,,,,,,,,,,,1.0,0,0,0,0,2,21,0,1,0
2026-09-24,823326,,/api/v1.1/game/823326/feed/live,R,2026,2026-09-24,,day,P,N,N,Regular Season,3,3,1,Final,Final,31,PNC Park,134,Pittsburgh Pirates,PIT,2,True,138,St. Louis Cardinals,STL,1,False,703725,Luis Gastelum,Luis,Gastelum,72,2001-09-27,24,"6' 2""",175,1,Pitcher,R,Right,R,Right,,,,,,,,,,,,,,,,,,,,,,,,,,
2026-09-24,823326,,/api/v1.1/game/823326/feed/live,R,2026,2026-09-24,,day,P,N,N,Regular Season,3,3,1,Final,Final,31,PNC Park,134,Pittsburgh Pirates,PIT,2,True,138,St. Louis Cardinals,STL,1,False,687309,Cooper Hjerpe,Cooper,Hjerpe,56,2001-03-16,25,"6' 3""",200,1,Pitcher,L,Left,L,Left,"3.1 IP, 0 ER, 3 K, 3 BB",,,,,,,,,,,,,,,,3.1,0,3,0,3,3,74,0,0,0
2026-09-24,823326,,/api/v1.1/game/823326/feed/live,R,2026,2026-09-24,,day,P,N,N,Regular Season,3,3,1,Final,Final,31,PNC Park,134,Pittsburgh Pirates,PIT,2,True,138,St. Louis Cardinals,STL,1,False,802408,Brycen Mautz,Brycen,Mautz,52,2001-07-17,25,"6' 3""",190,1,Pitcher,L,Left,L,Left,"1.0 IP, 0 ER, K, 0 BB",,,,,,,,,,,,,,,,1.0,0,1,0,1,0,17,0,0,0
2026-09-24,823326,,/api/v1.1/game/823326/feed/live,R,2026,2026-09-24,,day,P,N,N,Regular Season,3,3,1,Final,Final,31,PNC Park,134,Pittsburgh Pirates,PIT,2,True,138,St. Louis Cardinals,STL,1,False,699024,Leo Bernal,Leonardo,Bernal,13,2004-02-13,22,"6' 0""",245,2,Catcher,S,Switch,R,Right,0-4 | 3 K,,4,0,0,0,0,0,0,3,0,0,0,0,4,0,,,,,,,,,,
2026-09-24,823326,,/api/v1.1/game/823326/feed/live,R,2026,2026-09-24,,day,P,N,N,Regular Season,3,3,1,Final,Final,31,PNC Park,134,Pittsburgh Pirates,PIT,2,True,138,St. Louis Cardinals,STL,1,False,693409,César Prieto,Cesar,Prieto,31,1999-05-10,27,"5' 9""",195,5,Third Base,L,Left,R,Right,,,,,,,,,,,,,,,,,,,,,,,,,,
2026-09-24,823326,,/api/v1.1/game/823326/feed/live,R,2026,2026-09-24,,day,P,N,N,Regular Season,3,3,1,Final,Final,31,PNC Park,134,Pittsburgh Pirates,PIT,2,True,138,St. Louis Cardinals,STL,1,False,691026,Masyn Winn,Masyn,Winn,0,2002-03-21,24,"5' 9""",185,6,Shortstop,R,Right,R,Right,0-3 | 2 K,,3,0,0,0,0,0,0,2,0,0,0,0,3,0,,,,,,,,,,
2026-09-24,823326,,/api/v1.1/game/823326/feed/live,R,2026,2026-09-24,,day,P,N,N,Regular Season,3,3,1,Final,Final,31,PNC Park,134,Pittsburgh Pirates,PIT,2,True,138,St. Louis Cardinals,STL,1,False,671056,Iván Herrera,Ivan,Herrera,48,2000-06-01,26,"5' 11""",220,10,Designated Hitter,R,Right,R,Right,1-4 | 2 K,,4,1,0,0,0,0,0,2,0,0,0,0,4,1,,,,,,,,,,
2026-09-24,824059,,/api/v1.1/game/824059/feed/live,R,2026,2026-09-24,,day,P,N,N,Regular Season,3,3,1,Final,Final,7,Kauffman Stadium,118,Kansas City Royals,KC,1,False,145,Chicago White Sox,CWS,9,True,695600,Carter Jensen,Carter,Jensen,22,2003-07-03,23,"6' 0""",210,2,Catcher,L,Left,R,Right,0-4 | 2 K,,4,0,0,0,0,0,0,2,0,0,0,0,4,0,,,,,,,,,,
2026-09-24,824059,,/api/v1.1/game/824059/feed/live,R,2026,2026-09-24,,day,P,N,N,Regular Season,3,3,1,Final,Final,7,Kauffman Stadium,118,Kansas City Royals,KC,1,False,145,Chicago White Sox,CWS,9,True,621016,Jose Cuas,Jose,Cuas,74,1994-06-28,32,"6' 3""",195,1,Pitcher,R,Right,R,Right,"2.0 IP, ER, 2 K, 3 BB",,,,,,,,,,,,,,,,2.0,1,1,0,2,3,42,0,0,0
2026-09-24,824059,,/api/v1.1/game/824059/feed/live,R,2026,2026-09-24,,day,P,N,N,Regular Season,3,3,1,Final,Final,7,Kauffman Stadium,118,Kansas City Royals,KC,1,False,145,Chicago White Sox,CWS,9,True,664062,Tony Gonsolin,Anthony,Gonsolin,36,1994-05-14,32,"6' 3""",205,1,Pitcher,R,Right,R,Right,,,,,,,,,,,,,,,,,,,,,,,,,,
2026-09-24,824059,,/api/v1.1/game/824059/feed/live,R,2026,2026-09-24,,day,P,N,N,Regular Season,3,3,1,Final,Final,7,Kauffman Stadium,118,Kansas City Royals,KC,1,False,145,Chicago White Sox,CWS,9,True,686475,Tyler Tolbert,Tyler,Tolbert,2,1998-01-27,28,"5' 10""",185,6,Shortstop,R,Right,R,Right,,,,,,,,,,,,,,,,,,,,,,,,,,
2026-09-24,824059,,/api/v1.1/game/824059/feed/live,R,2026,2026-09-24,,day,P,N,N,Regular Season,3,3,1,Final,Final,7,Kauffman Stadium,118,Kansas City Royals,KC,1,False,145,Chicago White Sox,CWS,9,True,668942,Josh Rojas,Joshua,Rojas,40,1994-06-30,32,"6' 1""",200,5,Third Base,L,Left,R,Right,,,,,,,,,,,,,,,,,,,,,,,,,,
2026-09-24,824059,,/api/v1.1/game/824059/feed/live,R,2026,2026-09-24,,day,P,N,N,Regular Season,3,3,1,Final,Final,7,Kauffman Stadium,118,Kansas City Royals,KC,1,False,145,Chicago White Sox,CWS,9,True,686555,Isaac Collins,Isaac,Collins,1,1997-07-22,29,"5' 8""",188,7,Outfielder,S,Switch,R,Right,0-3 | 2 K,,3,0,0,0,0,0,0,2,0,0,0,1,3,0,,,,,,,,,,
2026-09-24,824059,,/api/v1.1/game/824059/feed/live,R,2026,2026-09-24,,day,P,N,N,Regular Season,3,3,1,Final,Final,7,Kauffman Stadium,118,Kansas City Royals,KC,1,False,145,Chicago White Sox,CWS,9,True,521692,Salvador Perez,Salvador,Perez,13,1990-05-10,36,"6' 2""",255,10,Designated Hitter,R,Right,R,Right,"1-3 | HR, BB, K",,3,1,0,0,1,1,1,1,1,0,0,0,4,4,,,,,,,,,,
2026-09-24,824059,,/api/v1.1/game/824059/feed/live,R,2026,2026-09-24,,day,P,N,N,Regular Season,3,3,1,Final,Final,7,Kauffman Stadium,118,Kansas City Royals,KC,1,False,145,Chicago White Sox,CWS,9,True,679845,Nick Loftin,Nicholas,Loftin,12,1998-09-25,28,"5' 11""",180,5,Third Base,R,Right,R,Right,"1-4 | 2B, 2 K",,4,1,1,0,0,0,0,2,0,0,0,0,4,2,,,,,,,,,,
2026-09-24,824059,,/api/v1.1/game/824059/feed/live,R,2026,2026-09-24,,day,P,N,N,Regular Season,3,3,1,Final,Final,7,Kauffman Stadium,118,Kansas City Royals,KC,1,False,145,Chicago White Sox,CWS,9,True,676510,Nolan Hoffman,Nolan,Hoffman,35,1997-08-09,29,"6' 4""",190,1,Pitcher,R,Right,R,Right,"1.0 IP, 0 ER, K, 0 BB",,,,,,,,,,,,,,,,1.0,0,1,0,1,0,16,0,0,0
2026-09-24,824059,,/api/v1.1/game/824059/feed/live,R,2026,2026-09-24,,day,P,N,N,Regular Season,3,3,1,Final,Final,7,Kauffman Stadium,118,Kansas City Royals,KC,1,False,145,Chicago White Sox,CWS,9,True,671162,Connor Thomas,Sidney,Thomas,50,1998-05-29,28,"6' 0""",200,1,Pitcher,L,Left,L,Left,,,,,,,,,,,,,,,,,,,,,,,,,,
2026-09-24,824059,,/api/v1.1/game/824059/feed/live,R,2026,2026-09-24,,day,P,N,N,Regular Season,3,3,1,Final,Final,7,Kauffman Stadium,118,Kansas City Royals,KC,1,False,145,Chicago White Sox,CWS,9,True,670231,John Rave,John,Rave,16,1997-12-30,28,"5' 10""",194,9,Outfielder,L,Left,L,Left,"2-4 | 2B, K",,4,2,1,0,0,0,0,1,0,0,0,0,4,3,,,,,,,,,,
2026-09-24,824059,,/api/v1.1/game/824059/feed/live,R,2026,2026-09-24,,day,P,N,N,Regular Season,3,3,1,Final,Final,7,Kauffman Stadium,118,Kansas City Royals,KC,1,False,145,Chicago White Sox,CWS,9,True,668674,Lucas Erceg,Lucas,Erceg,60,1995-05-01,31,"6' 2""",214,1,Pitcher,L,Left,R,Right,,,,,,,,,,,,,,,,,,,,,,,,,,
2026-09-24,824059,,/api/v1.1/game/824059/feed/live,R,2026,2026-09-24,,day,P,N,N,Regular Season,3,3,1,Final,Final,7,Kauffman Stadium,118,Kansas City Royals,KC,1,False,145,Chicago White Sox,CWS,9,True,702352,Spencer Bivens,Spencer,Bivens,76,1994-06-28,32,"6' 4""",220,1,Pitcher,R,Right,R,Right,"2.0 IP, 0 ER, 4 K, 0 BB",,,,,,,,,,,,,,,,2.0,0,1,0,4,0,32,0,0,0
2026-09-24,824059,,/api/v1.1/game/824059/feed/live,R,2026,2026-09-24,,day,P,N,N,Regular Season,3,3,1,Final,Final,7,Kauffman Stadium,118,Kansas City Royals,KC,1,False,145,Chicago White Sox,CWS,9,True,686681,Michael Massey,Michael,Massey,19,1998-03-22,28,"6' 0""",195,4,Second Base,L,Left,R,Right,0-4 | K,,4,0,0,0,0,0,0,1,0,0,0,0,4,0,,,,,,,,,,
2026-09-24,824059,,/api/v1.1/game/824059/feed/live,R,2026,2026-09-24,,day,P,N,N,Regular Season,3,3,1,Final,Final,7,Kauffman Stadium,118,Kansas City Royals,KC,1,False,145,Chicago White Sox,CWS,9,True,571912,Luke Maile,Luke,Maile,18,1991-02-06,35,"6' 3""",225,2,Catcher,R,Right,R,Right,0-0,,0,0,0,0,0,0,0,0,0,0,0,0,0,0,,,,,,,,,,
2026-09-24,824059,,/api/v1.1/game/824059/feed/live,R,2026,2026-09-24,,day,P,N,N,Regular Season,3,3,1,Final,Final,7,Kauffman Stadium,118,Kansas City Royals,KC,1,False,145,Chicago White Sox,CWS,9,True,686469,Vinnie Pasquantino,Vincent,Pasquantino,9,1997-10-10,28,"6' 3""",245,3,First Base,L,Left,L,Left,0-4,,4,0,0,0,0,0,0,0,0,0,0,0,4,0,,,,,,,,,,
2026-09-24,824059,,/api/v1.1/game/824059/feed/live,R,2026,2026-09-24,,day,P,N,N,Regular Season,3,3,1,Final,Final,7,Kauffman Stadium,118,Kansas City Royals,KC,1,False,145,Chicago White Sox,CWS,9,True,664728,Kyle Isbel,Kyle,Isbel,28,1997-03-03,29,"5' 10""",190,8,Outfielder,L,Left,R,Right,2-3 | K,,3,2,0,0,0,0,0,1,0,0,0,0,3,2,,,,,,,,,,
2026-09-24,824059,,/api/v1.1/game/824059/feed/live,R,2026,2026-09-24,,day,P,N,N,Regular Season,3,3,1,Final,Final,7,Kauffman Stadium,118,Kansas City Royals,KC,1,False,145,Chicago White Sox,CWS,9,True,663738,Daniel Lynch IV,Daniel,Lynch,41,1996-11-17,29,"6' 6""",200,1,Pitcher,L,Left,L,Left,,,,,,,,,,,,,,,,,,,,,,,,,,
2026-09-24,824059,,/api/v1.1/game/824059/feed/live,R,2026,2026-09-24,,day,P,N,N,Regular Season,3,3,1,Final,Final,7,Kauffman Stadium,118,Kansas City Royals,KC,1,False,145,Chicago White Sox,CWS,9,True,608379,Michael Wacha,Michael,Wacha,52,1991-07-01,35,"6' 6""",215,1,Pitcher,R,Right,R,Right,,,,,,,,,,,,,,,,,,,,,,,,,,
2026-09-24,824059,,/api/v1.1/game/824059/feed/live,R,2026,2026-09-24,,day,P,N,N,Regular Season,3,3,1,Final,Final,7,Kauffman Stadium,118,Kansas City Royals,KC,1,False,145,Chicago White Sox,CWS,9,True,663878,Nate Pearson,Nathan,Pearson,61,1996-08-20,30,"6' 6""",255,1,Pitcher,R,Right,R,Right,,,,,,,,,,,,,,,,,,,,,,,,,,
2026-09-24,824059,,/api/v1.1/game/824059/feed/live,R,2026,2026-09-24,,day,P,N,N,Regular Season,3,3,1,Final,Final,7,Kauffman Stadium,118,Kansas City Royals,KC,1,False,145,Chicago White Sox,CWS,9,True,672580,Maikel Garcia,Maikel,Garcia,11,2000-03-03,26,"6' 1""",180,5,Third Base,R,Right,R,Right,,,,,,,,,,,,,,,,,,,,,,,,,,
2026-09-24,824059,,/api/v1.1/game/824059/feed/live,R,2026,2026-09-24,,day,P,N,N,Regular Season,3,3,1,Final,Final,7,Kauffman Stadium,118,Kansas City Royals,KC,1,False,145,Chicago White Sox,CWS,9,True,607625,Seth Lugo,Jacob,Lugo,67,1989-11-17,36,"6' 4""",225,1,Pitcher,R,Right,R,Right,,,,,,,,,,,,,,,,,,,,,,,,,,
2026-09-24,824059,,/api/v1.1/game/824059/feed/live,R,2026,2026-09-24,,day,P,N,N,Regular Season,3,3,1,Final,Final,7,Kauffman Stadium,118,Kansas City Royals,KC,1,False,145,Chicago White Sox,CWS,9,True,702070,Noah Cameron,Noah,Cameron,65,1999-07-17,27,"6' 3""",220,1,Pitcher,L,Left,L,Left,,,,,,,,,,,,,,,,,,,,,,,,,,
2026-09-24,824059,,/api/v1.1/game/824059/feed/live,R,2026,2026-09-24,,day,P,N,N,Regular Season,3,3,1,Final,Final,7,Kauffman Stadium,118,Kansas City Royals,KC,1,False,145,Chicago White Sox,CWS,9,True,656638,Alex Lange,Alexander,Lange,56,1995-10-02,30,"6' 3""",202,1,Pitcher,R,Right,R,Right,"1.0 IP, 2 ER, K, 2 BB",,,,,,,,,,,,,,,,1.0,2,2,1,1,2,20,0,0,0
2026-09-24,824059,,/api/v1.1/game/824059/feed/live,R,2026,2026-09-24,,day,P,N,N,Regular Season,3,3,1,Final,Final,7,Kauffman Stadium,118,Kansas City Royals,KC,1,False,145,Chicago White Sox,CWS,9,True,677976,Randy Dobnak,Randy,Dobnak,62,1995-01-17,31,"6' 1""",230,1,Pitcher,R,Right,R,Right,"1.1 IP, 4 ER, K, BB",,,,,,,,,,,,,,,,1.1,4,6,0,1,1,42,0,1,0
2026-09-24,824059,,/api/v1.1/game/824059/feed/live,R,2026,2026-09-24,,day,P,N,N,Regular Season,3,3,1,Final,Final,7,Kauffman Stadium,118,Kansas City Royals,KC,1,False,145,Chicago White Sox,CWS,9,True,695506,Jac Caglianone,Jeffrey,Caglianone,14,2003-02-09,23,"6' 4""",250,9,Outfielder,L,Left,L,Left,,,,,,,,,,,,,,,,,,,,,,,,,,
2026-09-24,824059,,/api/v1.1/game/824059/feed/live,R,2026,2026-09-24,,day,P,N,N,Regular Season,3,3,1,Final,Final,7,Kauffman Stadium,118,Kansas City Royals,KC,1,False,145,Chicago White Sox,CWS,9,True,543238,Anthony Gose,Anthony,Gose,34,1990-08-10,36,"6' 0""",200,1,Pitcher,L,Left,L,Left,"1.2 IP, 0 ER, 3 K, 0 BB",,,,,,,,,,,,,,,,1.2,0,1,0,3,0,28,0,0,0
2026-09-24,824059,,/api/v1.1/game/824059/feed/live,R,2026,2026-09-24,,day,P,N,N,Regular Season,3,3,1,Final,Final,7,Kauffman Stadium,118,Kansas City Royals,KC,1,False,145,Chicago White Sox,CWS,9,True,677951,Bobby Witt Jr.,Robert,Witt,7,2000-06-14,26,"6' 1""",200,6,Shortstop,R,Right,R,Right,1-4 | 2B,,4,1,1,0,0,0,0,0,0,0,0,0,4,2,,,,,,,,,,
2026-09-24,824059,,/api/v1.1/game/824059/feed/live,R,2026,2026-09-24,,day,P,N,N,Regular Season,3,3,1,Final,Final,7,Kauffman Stadium,118,Kansas City Royals,KC,1,False,145,Chicago White Sox,CWS,9,True,671976,Tristan Peters,Tristan,Peters,29,2000-02-29,26,"6' 0""",180,8,Outfielder,L,Left,R,Right,"1-5 | K, 2 RBI",,5,1,0,0,0,2,0,1,0,0,0,0,5,1,,,,,,,,,,
2026-09-24,824059,,/api/v1.1/game/824059/feed/live,R,2026,2026-09-24,,day,P,N,N,Regular Season,3,3,1,Final,Final,7,Kauffman Stadium,118,Kansas City Royals,KC,1,False,145,Chicago White Sox,CWS,9,True,641743,Anthony Kay,Anthony,Kay,18,1995-03-21,31,"6' 0""",225,1,Pitcher,L,Left,L,Left,,,,,,,,,,,,,,,,,,,,,,,,,,
2026-09-24,824059,,/api/v1.1/game/824059/feed/live,R,2026,2026-09-24,,day,P,N,N,Regular Season,3,3,1,Final,Final,7,Kauffman Stadium,118,Kansas City Royals,KC,1,False,145,Chicago White Sox,CWS,9,True,663436,Davis Martin,Davis,Martin,65,1997-01-04,29,"6' 2""",215,1,Pitcher,L,Left,R,Right,,,,,,,,,,,,,,,,,,,,,,,,,,
2026-09-24,824059,,/api/v1.1/game/824059/feed/live,R,2026,2026-09-24,,day,P,N,N,Regular Season,3,3,1,Final,Final,7,Kauffman Stadium,118,Kansas City Royals,KC,1,False,145,Chicago White Sox,CWS,9,True,682668,Luisangel Acuña,Luisangel,Acuña,0,2002-03-12,24,"5' 7""",181,6,Shortstop,R,Right,R,Right,0-1,,1,0,0,0,0,0,0,0,0,0,0,0,1,0,,,,,,,,,,
2026-09-24,824059,,/api/v1.1/game/824059/feed/live,R,2026,2026-09-24,,day,P,N,N,Regular Season,3,3,1,Final,Final,7,Kauffman Stadium,118,Kansas City Royals,KC,1,False,145,Chicago White Sox,CWS,9,True,623211,Huascar Brazobán,Huascar,Brazobán,50,1989-10-15,36,"6' 3""",155,1,Pitcher,R,Right,R,Right,"1.0 IP, 0 ER, 2 K, 0 BB",,,,,,,,,,,,,,,,1.0,0,1,0,2,0,16,0,0,0
2026-09-24,824059,,/api/v1.1/game/824059/feed/live,R,2026,2026-09-24,,day,P,N,N,Regular Season,3,3,1,Final,Final,7,Kauffman Stadium,118,Kansas City Royals,KC,1,False,145,Chicago White Sox,CWS,9,True,689818,David Sandlin,David,Sandlin,54,2001-02-21,25,"6' 4""",215,1,Pitcher,R,Right,R,Right,"6.0 IP, ER, 7 K, 0 BB",,,,,,,,,,,,,,,,6.0,1,5,1,7,0,85,1,0,0
2026-09-24,824059,,/api/v1.1/game/824059/feed/live,R,2026,2026-09-24,,day,P,N,N,Regular Season,3,3,1,Final,Final,7,Kauffman Stadium,118,Kansas City Royals,KC,1,False,145,Chicago White Sox,CWS,9,True,545341,Randal Grichuk,Randal,Grichuk,34,1991-08-13,35,"6' 0""",210,10,Designated Hitter,R,Right,R,Right,,,,,,,,,,,,,,,,,,,,,,,,,,
2026-09-24,824059,,/api/v1.1/game/824059/feed/live,R,2026,2026-09-24,,day,P,N,N,Regular Season,3,3,1,Final,Final,7,Kauffman Stadium,118,Kansas City Royals,KC,1,False,145,Chicago White Sox,CWS,9,True,808959,Munetaka Murakami,Munetaka,Murakami,5,2000-02-02,26,"6' 2""",213,3,First Base,L,Left,R,Right,"1-4 | BB, 2 K, RBI",,4,1,0,0,0,1,0,2,1,0,0,0,5,1,,,,,,,,,,
2026-09-24,824059,,/api/v1.1/game/824059/feed/live,R,2026,2026-09-24,,day,P,N,N,Regular Season,3,3,1,Final,Final,7,Kauffman Stadium,118,Kansas City Royals,KC,1,False,145,Chicago White Sox,CWS,9,True,691019,Kyle Teel,Kyle,Teel,8,2002-02-15,24,"5' 11""",210,2,Catcher,L,Left,R,Right,"2-2 | HR, BB, 2 HBP",,2,2,0,0,1,1,3,0,1,0,0,0,6,5,,,,,,,,,,
2026-09-24,824059,,/api/v1.1/game/824059/feed/live,R,2026,2026-09-24,,day,P,N,N,Regular Season,3,3,1,Final,Final,7,Kauffman Stadium,118,Kansas City Royals,KC,1,False,145,Chicago White Sox,CWS,9,True,805367,Chase Meidroth,Chase,Meidroth,10,2001-07-23,25,"5' 9""",190,4,Second Base,R,Right,R,Right,"2-3 | 2B, K",,3,2,1,0,0,0,0,1,0,0,0,0,3,3,,,,,,,,,,
2026-09-24,824059,,/api/v1.1/game/824059/feed/live,R,2026,2026-09-24,,day,P,N,N,Regular Season,3,3,1,Final,Final,7,Kauffman Stadium,118,Kansas City Royals,KC,1,False,145,Chicago White Sox,CWS,9,True,502054,Tommy Pham,Thomas,Pham,21,1988-03-08,38,"6' 1""",225,7,Outfielder,R,Right,R,Right,,,,,,,,,,,,,,,,,,,,,,,,,,
2026-09-24,824059,,/api/v1.1/game/824059/feed/live,R,2026,2026-09-24,,day,P,N,N,Regular Season,3,3,1,Final,Final,7,Kauffman Stadium,118,Kansas City Royals,KC,1,False,145,Chicago White Sox,CWS,9,True,691799,Grant Taylor,Grant,Taylor,31,2002-05-20,24,"6' 3""",230,1,Pitcher,R,Right,R,Right,,,,,,,,,,,,,,,,,,,,,,,,,,
2026-09-24,824059,,/api/v1.1/game/824059/feed/live,R,2026,2026-09-24,,day,P,N,N,Regular Season,3,3,1,Final,Final,7,Kauffman Stadium,118,Kansas City Royals,KC,1,False,145,Chicago White Sox,CWS,9,True,695657,Colson Montgomery,Colson,Montgomery,12,2002-02-27,24,"6' 3""",230,6,Shortstop,L,Left,R,Right,0-4 | K,,4,0,0,0,0,0,0,1,0,0,0,0,4,0,,,,,,,,,,
2026-09-24,824059,,/api/v1.1/game/824059/feed/live,R,2026,2026-09-24,,day,P,N,N,Regular Season,3,3,1,Final,Final,7,Kauffman Stadium,118,Kansas City Royals,KC,1,False,145,Chicago White Sox,CWS,9,True,670950,Trevor Richards,Trevor,Richards,43,1993-05-15,33,"6' 2""",205,1,Pitcher,R,Right,R,Right,"1.0 IP, 0 ER, 0 K, BB",,,,,,,,,,,,,,,,1.0,0,1,0,0,1,18,0,0,0
2026-09-24,824059,,/api/v1.1/game/824059/feed/live,R,2026,2026-09-24,,day,P,N,N,Regular Season,3,3,1,Final,Final,7,Kauffman Stadium,118,Kansas City Royals,KC,1,False,145,Chicago White Sox,CWS,9,True,695731,Braden Montgomery,Braden,Montgomery,24,2003-04-16,23,"6' 2""",220,9,Outfielder,S,Switch,R,Right,"2-5 | 2B, K, R",,5,2,1,0,0,0,1,1,0,0,0,0,5,3,,,,,,,,,,
2026-09-24,824059,,/api/v1.1/game/824059/feed/live,R,2026,2026-09-24,,day,P,N,N,Regular Season,3,3,1,Final,Final,7,Kauffman Stadium,118,Kansas City Royals,KC,1,False,145,Chicago White Sox,CWS,9,True,702273,Noah Schultz,Noah,Schultz,22,2003-08-05,23,"6' 10""",240,1,Pitcher,L,Left,L,Left,,,,,,,,,,,,,,,,,,,,,,,,,,
2026-09-24,824059,,/api/v1.1/game/824059/feed/live,R,2026,2026-09-24,,day,P,N,N,Regular Season,3,3,1,Final,Final,7,Kauffman Stadium,118,Kansas City Royals,KC,1,False,145,Chicago White Sox,CWS,9,True,668670,Jake Rogers,Jacob,Rogers,28,1995-04-18,31,"5' 11""",201,2,Catcher,R,Right,R,Right,,,,,,,,,,,,,,,,,,,,,,,,,,
2026-09-24,824059,,/api/v1.1/game/824059/feed/live,R,2026,2026-09-24,,day,P,N,N,Regular Season,3,3,1,Final,Final,7,Kauffman Stadium,118,Kansas City Royals,KC,1,False,145,Chicago White Sox,CWS,9,True,696146,Hagen Smith,Hagen,Smith,32,2003-08-19,23,"6' 3""",235,1,Pitcher,L,Left,L,Left,,,,,,,,,,,,,,,,,,,,,,,,,,
2026-09-24,824059,,/api/v1.1/game/824059/feed/live,R,2026,2026-09-24,,day,P,N,N,Regular Season,3,3,1,Final,Final,7,Kauffman Stadium,118,Kansas City Royals,KC,1,False,145,Chicago White Sox,CWS,9,True,643217,Andrew Benintendi,Andrew,Benintendi,23,1994-07-06,32,"5' 9""",185,10,Designated Hitter,L,Left,L,Left,"0-2 | 2 BB, 2 K, 2 RBI",,2,0,0,0,0,2,0,2,2,0,0,0,5,0,,,,,,,,,,
2026-09-24,824059,,/api/v1.1/game/824059/feed/live,R,2026,2026-09-24,,day,P,N,N,Regular Season,3,3,1,Final,Final,7,Kauffman Stadium,118,Kansas City Royals,KC,1,False,145,Chicago White Sox,CWS,9,True,680732,Sean Burke,Sean,Burke,59,1999-12-18,26,"6' 6""",240,1,Pitcher,R,Right,R,Right,,,,,,,,,,,,,,,,,,,,,,,,,,
2026-09-24,824059,,/api/v1.1/game/824059/feed/live,R,2026,2026-09-24,,day,P,N,N,Regular Season,3,3,1,Final,Final,7,Kauffman Stadium,118,Kansas City Royals,KC,1,False,145,Chicago White Sox,CWS,9,True,686668,Brenton Doyle,Brenton,Doyle,7,1998-05-14,28,"6' 3""",223,8,Outfielder,R,Right,R,Right,0-2 | K,,2,0,0,0,0,0,0,1,0,0,0,0,2,0,,,,,,,,,,
2026-09-24,824059,,/api/v1.1/game/824059/feed/live,R,2026,2026-09-24,,day,P,N,N,Regular Season,3,3,1,Final,Final,7,Kauffman Stadium,118,Kansas City Royals,KC,1,False,145,Chicago White Sox,CWS,9,True,663542,Bryan Hudson,Bryan,Hudson,60,1997-05-08,29,"6' 8""",248,1,Pitcher,L,Left,L,Left,,,,,,,,,,,,,,,,,,,,,,,,,,
2026-09-24,824059,,/api/v1.1/game/824059/feed/live,R,2026,2026-09-24,,day,P,N,N,Regular Season,3,3,1,Final,Final,7,Kauffman Stadium,118,Kansas City Royals,KC,1,False,145,Chicago White Sox,CWS,9,True,607200,Erick Fedde,Erick,Fedde,47,1993-02-25,33,"6' 4""",205,1,Pitcher,R,Right,R,Right,,,,,,,,,,,,,,,,,,,,,,,,,,
2026-09-24,824059,,/api/v1.1/game/824059/feed/live,R,2026,2026-09-24,,day,P,N,N,Regular Season,3,3,1,Final,Final,7,Kauffman Stadium,118,Kansas City Royals,KC,1,False,145,Chicago White Sox,CWS,9,True,656794,Sean Newcomb,Sean,Newcomb,15,1993-06-12,33,"6' 5""",255,1,Pitcher,L,Left,L,Left,,,,,,,,,,,,,,,,,,,,,,,,,,
2026-09-24,824059,,/api/v1.1/game/824059/feed/live,R,2026,2026-09-24,,day,P,N,N,Regular Season,3,3,1,Final,Final,7,Kauffman Stadium,118,Kansas City Royals,KC,1,False,145,Chicago White Sox,CWS,9,True,663855,Jordan Hicks,Jordan,Hicks,44,1996-09-06,30,"6' 2""",217,1,Pitcher,R,Right,R,Right,,,,,,,,,,,,,,,,,,,,,,,,,,
2026-09-24,824059,,/api/v1.1/game/824059/feed/live,R,2026,2026-09-24,,day,P,N,N,Regular Season,3,3,1,Final,Final,7,Kauffman Stadium,118,Kansas City Royals,KC,1,False,145,Chicago White Sox,CWS,9,True,803011,Sam Antonacci,Samuel,Antonacci,17,2003-02-06,23,"5' 11""",193,7,Outfielder,L,Left,R,Right,"2-5 | BB, 3 R",,5,2,0,0,0,0,3,0,1,0,0,0,6,2,,,,,,,,,,
2026-09-24,824059,,/api/v1.1/game/824059/feed/live,R,2026,2026-09-24,,day,P,N,N,Regular Season,3,3,1,Final,Final,7,Kauffman Stadium,118,Kansas City Royals,KC,1,False,145,Chicago White Sox,CWS,9,True,678246,Miguel Vargas,Miguel,Vargas,20,1999-11-17,26,"6' 2""",225,5,Third Base,R,Right,R,Right,"2-5 | BB, 3 K, 2 RBI",,5,2,0,0,0,2,2,3,1,1,0,0,6,2,,,,,,,,,,
2026-09-24,824059,,/api/v1.1/game/824059/feed/live,R,2026,2026-09-24,,day,P,N,N,Regular Season,3,3,1,Final,Final,7,Kauffman Stadium,118,Kansas City Royals,KC,1,False,145,Chicago White Sox,CWS,9,True,699823,Tyler Davis,Tyler,Davis,63,1998-10-03,27,"6' 2""",210,1,Pitcher,R,Right,R,Right,"1.0 IP, 0 ER, K, 0 BB",,,,,,,,,,,,,,,,1.0,0,0,0,1,0,15,0,0,0
2026-09-24,824623,,/api/v1.1/game/824623/feed/live,R,2026,2026-09-24,,day,P,N,N,Regular Season,3,3,1,Final,Final,17,Wrigley Field,112,Chicago Cubs,CHC,2,True,146,Miami Marlins,MIA,1,False,694037,Daniel Palencia,Daniel,Palencia,48,2000-02-05,26,"5' 11""",160,1,Pitcher,R,Right,R,Right,"1.0 IP, 0 ER, 0 K, BB",,,,,,,,,,,,,,,,1.0,0,0,0,0,1,15,0,0,0
2026-09-24,824623,,/api/v1.1/game/824623/feed/live,R,2026,2026-09-24,,day,P,N,N,Regular Season,3,3,1,Final,Final,17,Wrigley Field,112,Chicago Cubs,CHC,2,True,146,Miami Marlins,MIA,1,False,624424,Michael Conforto,Michael,Conforto,20,1993-03-01,33,"5' 11""",215,10,Designated Hitter,L,Left,R,Right,0-3 | BB,,3,0,0,0,0,0,0,0,1,0,0,0,4,0,,,,,,,,,,
2026-09-24,824623,,/api/v1.1/game/824623/feed/live,R,2026,2026-09-24,,day,P,N,N,Regular Season,3,3,1,Final,Final,17,Wrigley Field,112,Chicago Cubs,CHC,2,True,146,Miami Marlins,MIA,1,False,621438,Tyrone Taylor,Tyrone,Taylor,55,1994-01-22,32,"6' 0""",218,7,Outfielder,R,Right,R,Right,,,,,,,,,,,,,,,,,,,,,,,,,,
2026-09-24,824623,,/api/v1.1/game/824623/feed/live,R,2026,2026-09-24,,day,P,N,N,Regular Season,3,3,1,Final,Final,17,Wrigley Field,112,Chicago Cubs,CHC,2,True,146,Miami Marlins,MIA,1,False,664023,Ian Happ,Ian,Happ,8,1994-08-12,32,"5' 10""",205,7,Outfielder,S,Switch,R,Right,"1-3 | 3B, BB, R",,3,1,0,1,0,0,1,0,1,0,0,0,4,3,,,,,,,,,,
2026-09-24,824623,,/api/v1.1/game/824623/feed/live,R,2026,2026-09-24,,day,P,N,N,Regular Season,3,3,1,Final,Final,17,Wrigley Field,112,Chicago Cubs,CHC,2,True,146,Miami Marlins,MIA,1,False,665795,Edward Cabrera,Edward,Cabrera,30,1998-04-13,28,"6' 5""",217,1,Pitcher,R,Right,R,Right,,,,,,,,,,,,,,,,,,,,,,,,,,
2026-09-24,824623,,/api/v1.1/game/824623/feed/live,R,2026,2026-09-24,,day,P,N,N,Regular Season,3,3,1,Final,Final,17,Wrigley Field,112,Chicago Cubs,CHC,2,True,146,Miami Marlins,MIA,1,False,665871,Javier Assad,Javier,Assad,72,1997-07-30,29,"6' 1""",200,1,Pitcher,R,Right,R,Right,,,,,,,,,,,,,,,,,,,,,,,,,,
2026-09-24,824623,,/api/v1.1/game/824623/feed/live,R,2026,2026-09-24,,day,P,N,N,Regular Season,3,3,1,Final,Final,17,Wrigley Field,112,Chicago Cubs,CHC,2,True,146,Miami Marlins,MIA,1,False,573204,Caleb Thielbar,Caleb,Thielbar,24,1987-01-31,39,"6' 0""",205,1,Pitcher,R,Right,L,Left,,,,,,,,,,,,,,,,,,,,,,,,,,
2026-09-24,824623,,/api/v1.1/game/824623/feed/live,R,2026,2026-09-24,,day,P,N,N,Regular Season,3,3,1,Final,Final,17,Wrigley Field,112,Chicago Cubs,CHC,2,True,146,Miami Marlins,MIA,1,False,684007,Shota Imanaga,Shota,Imanaga,18,1993-09-01,33,"5' 10""",175,1,Pitcher,L,Left,L,Left,,,,,,,,,,,,,,,,,,,,,,,,,,
2026-09-24,824623,,/api/v1.1/game/824623/feed/live,R,2026,2026-09-24,,day,P,N,N,Regular Season,3,3,1,Final,Final,17,Wrigley Field,112,Chicago Cubs,CHC,2,True,146,Miami Marlins,MIA,1,False,699393,Pedro Ramírez,Pedro,Ramírez,75,2004-04-01,22,"5' 9""",165,4,Second Base,S,Switch,R,Right,"1-3 | BB, K, 2 SB",,3,1,0,0,0,0,0,1,1,2,0,0,4,1,,,,,,,,,,
2026-09-24,824623,,/api/v1.1/game/824623/feed/live,R,2026,2026-09-24,,day,P,N,N,Regular Season,3,3,1,Final,Final,17,Wrigley Field,112,Chicago Cubs,CHC,2,True,146,Miami Marlins,MIA,1,False,608324,Alex Bregman,Alexander,Bregman,3,1994-03-30,32,"5' 10""",190,5,Third Base,R,Right,R,Right,,,,,,,,,,,,,,,,,,,,,,,,,,
2026-09-24,824623,,/api/v1.1/game/824623/feed/live,R,2026,2026-09-24,,day,P,N,N,Regular Season,3,3,1,Final,Final,17,Wrigley Field,112,Chicago Cubs,CHC,2,True,146,Miami Marlins,MIA,1,False,683737,Michael Busch,Michael,Busch,29,1997-11-09,28,"5' 11""",210,3,First Base,L,Left,R,Right,0-4 | K,,4,0,0,0,0,0,0,1,0,0,0,0,4,0,,,,,,,,,,
2026-09-24,824623,,/api/v1.1/game/824623/feed/live,R,2026,2026-09-24,,day,P,N,N,Regular Season,3,3,1,Final,Final,17,Wrigley Field,112,Chicago Cubs,CHC,2,True,146,Miami Marlins,MIA,1,False,608348,Carson Kelly,Carson,Kelly,15,1994-07-14,32,"6' 1""",212,2,Catcher,R,Right,R,Right,0-3,,3,0,0,0,0,0,0,0,0,0,0,0,3,0,,,,,,,,,,
2026-09-24,824623,,/api/v1.1/game/824623/feed/live,R,2026,2026-09-24,,day,P,N,N,Regular Season,3,3,1,Final,Final,17,Wrigley Field,112,Chicago Cubs,CHC,2,True,146,Miami Marlins,MIA,1,False,691718,Pete Crow-Armstrong,Pete,Crow-Armstrong,4,2002-03-25,24,"6' 0""",184,8,Outfielder,L,Left,L,Left,"1-3 | BB, K, SB",,3,1,0,0,0,0,0,1,1,1,0,0,4,1,,,,,,,,,,
2026-09-24,824623,,/api/v1.1/game/824623/feed/live,R,2026,2026-09-24,,day,P,N,N,Regular Season,3,3,1,Final,Final,17,Wrigley Field,112,Chicago Cubs,CHC,2,True,146,Miami Marlins,MIA,1,False,592332,Kevin Gausman,Kevin,Gausman,12,1991-01-06,35,"6' 2""",205,1,Pitcher,L,Left,R,Right,,,,,,,,,,,,,,,,,,,,,,,,,,
2026-09-24,824623,,/api/v1.1/game/824623/feed/live,R,2026,2026-09-24,,day,P,N,N,Regular Season,3,3,1,Final,Final,17,Wrigley Field,112,Chicago Cubs,CHC,2,True,146,Miami Marlins,MIA,1,False,657097,Jacob Webb,Jacob,Webb,71,1993-08-15,33,"6' 2""",210,1,Pitcher,R,Right,R,Right,,,,,,,,,,,,,,,,,,,,,,,,,,
2026-09-24,824623,,/api/v1.1/game/824623/feed/live,R,2026,2026-09-24,,day,P,N,N,Regular Season,3,3,1,Final,Final,17,Wrigley Field,112,Chicago Cubs,CHC,2,True,146,Miami Marlins,MIA,1,False,665804,Miguel Amaya,Miguel,Amaya,9,1999-03-09,27,"6' 1""",230,2,Catcher,R,Right,R,Right,,,,,,,,,,,,,,,,,,,,,,,,,,
2026-09-24,824623,,/api/v1.1/game/824623/feed/live,R,2026,2026-09-24,,day,P,N,N,Regular Season,3,3,1,Final,Final,17,Wrigley Field,112,Chicago Cubs,CHC,2,True,146,Miami Marlins,MIA,1,False,672356,Gabriel Arias,Gabriel,Arias,43,2000-02-27,26,"6' 1""",217,5,Third Base,R,Right,R,Right,,,,,,,,,,,,,,,,,,,,,,,,,,
2026-09-24,824623,,/api/v1.1/game/824623/feed/live,R,2026,2026-09-24,,day,P,N,N,Regular Season,3,3,1,Final,Final,17,Wrigley Field,112,Chicago Cubs,CHC,2,True,146,Miami Marlins,MIA,1,False,673548,Seiya Suzuki,Seiya,Suzuki,27,1994-08-18,32,"5' 11""",182,9,Outfielder,R,Right,R,Right,"2-3 | HR, BB, K",,3,2,0,0,1,1,1,1,1,0,0,0,4,5,,,,,,,,,,
2026-09-24,824623,,/api/v1.1/game/824623/feed/live,R,2026,2026-09-24,,day,P,N,N,Regular Season,3,3,1,Final,Final,17,Wrigley Field,112,Chicago Cubs,CHC,2,True,146,Miami Marlins,MIA,1,False,650644,Aaron Civale,Aaron,Civale,38,1995-06-12,31,"6' 1""",245,1,Pitcher,R,Right,R,Right,,,,,,,,,,,,,,,,,,,,,,,,,,
2026-09-24,824623,,/api/v1.1/game/824623/feed/live,R,2026,2026-09-24,,day,P,N,N,Regular Season,3,3,1,Final,Final,17,Wrigley Field,112,Chicago Cubs,CHC,2,True,146,Miami Marlins,MIA,1,False,666171,Ryan Zeferjahn,Ryan,Zeferjahn,56,1998-02-28,28,"6' 5""",209,1,Pitcher,R,Right,R,Right,"1.0 IP, 0 ER, 0 K, 0 BB",,,,,,,,,,,,,,,,1.0,0,0,0,0,0,9,0,0,1
2026-09-24,824623,,/api/v1.1/game/824623/feed/live,R,2026,2026-09-24,,day,P,N,N,Regular Season,3,3,1,Final,Final,17,Wrigley Field,112,Chicago Cubs,CHC,2,True,146,Miami Marlins,MIA,1,False,656849,David Peterson,David,Peterson,19,1995-09-03,31,"6' 6""",240,1,Pitcher,L,Left,L,Left,,,,,,,,,,,,,,,,,,,,,,,,,,
2026-09-24,824623,,/api/v1.1/game/824623/feed/live,R,2026,2026-09-24,,day,P,N,N,Regular Season,3,3,1,Final,Final,17,Wrigley Field,112,Chicago Cubs,CHC,2,True,146,Miami Marlins,MIA,1,False,669020,Ryan Rolison,Ryan,Rolison,33,1997-07-11,29,"6' 2""",213,1,Pitcher,R,Right,L,Left,,,,,,,,,,,,,,,,,,,,,,,,,,
2026-09-24,824623,,/api/v1.1/game/824623/feed/live,R,2026,2026-09-24,,day,P,N,N,Regular Season,3,3,1,Final,Final,17,Wrigley Field,112,Chicago Cubs,CHC,2,True,146,Miami Marlins,MIA,1,False,605280,Clay Holmes,Clayton,Holmes,25,1993-03-27,33,"6' 5""",245,1,Pitcher,R,Right,R,Right,,,,,,,,,,,,,,,,,,,,,,,,,,
2026-09-24,824623,,/api/v1.1/game/824623/feed/live,R,2026,2026-09-24,,day,P,N,N,Regular Season,3,3,1,Final,Final,17,Wrigley Field,112,Chicago Cubs,CHC,2,True,146,Miami Marlins,MIA,1,False,571510,Matthew Boyd,Matthew,Boyd,16,1991-02-02,35,"6' 3""",223,1,Pitcher,L,Left,L,Left,"7.0 IP, ER, 3 K, 2 BB",,,,,,,,,,,,,,,,7.0,1,5,0,3,2,90,1,0,0
2026-09-24,824623,,/api/v1.1/game/824623/feed/live,R,2026,2026-09-24,,day,P,N,N,Regular Season,3,3,1,Final,Final,17,Wrigley Field,112,Chicago Cubs,CHC,2,True,146,Miami Marlins,MIA,1,False,621020,Dansby Swanson,James,Swanson,7,1994-02-11,32,"6' 0""",190,6,Shortstop,R,Right,R,Right,0-3 | K,,3,0,0,0,0,0,0,1,0,0,0,0,3,0,,,,,,,,,,
2026-09-24,824623,,/api/v1.1/game/824623/feed/live,R,2026,2026-09-24,,day,P,N,N,Regular Season,3,3,1,Final,Final,17,Wrigley Field,112,Chicago Cubs,CHC,2,True,146,Miami Marlins,MIA,1,False,607067,Colin Rea,Colin,Rea,53,1990-07-01,36,"6' 5""",220,1,Pitcher,R,Right,R,Right,,,,,,,,,,,,,,,,,,,,,,,,,,
2026-09-24,824623,,/api/v1.1/game/824623/feed/live,R,2026,2026-09-24,,day,P,N,N,Regular Season,3,3,1,Final,Final,17,Wrigley Field,112,Chicago Cubs,CHC,2,True,146,Miami Marlins,MIA,1,False,663538,Nico Hoerner,Nicholas,Hoerner,2,1997-05-13,29,"5' 11""",200,4,Second Base,R,Right,R,Right,"1-4 | RBI, SB",,4,1,0,0,0,1,0,0,0,1,0,1,4,1,,,,,,,,,,
2026-09-24,824623,,/api/v1.1/game/824623/feed/live,R,2026,2026-09-24,,day,P,N,N,Regular Season,3,3,1,Final,Final,17,Wrigley Field,112,Chicago Cubs,CHC,2,True,146,Miami Marlins,MIA,1,False,807713,Matt Shaw,Matthew,Shaw,6,2001-11-06,24,"5' 10""",185,9,Outfielder,R,Right,R,Right,,,,,,,,,,,,,,,,,,,,,,,,,,
2026-09-24,824623,,/api/v1.1/game/824623/feed/live,R,2026,2026-09-24,,day,P,N,N,Regular Season,3,3,1,Final,Final,17,Wrigley Field,112,Chicago Cubs,CHC,2,True,146,Miami Marlins,MIA,1,False,667652,Jack Ralston,Jack,Ralston,79,1997-08-13,29,"6' 6""",231,1,Pitcher,R,Right,R,Right,"1.1 IP, 2 ER, 2 K, 0 BB",,,,,,,,,,,,,,,,1.1,2,3,1,2,0,24,0,1,0
2026-09-24,824623,,/api/v1.1/game/824623/feed/live,R,2026,2026-09-24,,day,P,N,N,Regular Season,3,3,1,Final,Final,17,Wrigley Field,112,Chicago Cubs,CHC,2,True,146,Miami Marlins,MIA,1,False,694795,Josh Ekness,Joshua,Ekness,95,2002-02-07,24,"6' 4""",225,1,Pitcher,R,Right,R,Right,"1.2 IP, 0 ER, 0 K, BB",,,,,,,,,,,,,,,,1.2,0,0,0,0,1,25,0,0,0
2026-09-24,824623,,/api/v1.1/game/824623/feed/live,R,2026,2026-09-24,,day,P,N,N,Regular Season,3,3,1,Final,Final,17,Wrigley Field,112,Chicago Cubs,CHC,2,True,146,Miami Marlins,MIA,1,False,676604,Tyler Zuber,Tyler,Zuber,55,1995-06-16,31,"5' 11""",195,1,Pitcher,R,Right,R,Right,,,,,,,,,,,,,,,,,,,,,,,,,,
2026-09-24,824623,,/api/v1.1/game/824623/feed/live,R,2026,2026-09-24,,day,P,N,N,Regular Season,3,3,1,Final,Final,17,Wrigley Field,112,Chicago Cubs,CHC,2,True,146,Miami Marlins,MIA,1,False,665052,Griffin Conine,Griffin,Conine,18,1997-07-11,29,"6' 1""",210,9,Outfielder,L,Left,R,Right,0-1,,1,0,0,0,0,0,0,0,0,0,0,0,1,0,,,,,,,,,,
2026-09-24,824623,,/api/v1.1/game/824623/feed/live,R,2026,2026-09-24,,day,P,N,N,Regular Season,3,3,1,Final,Final,17,Wrigley Field,112,Chicago Cubs,CHC,2,True,146,Miami Marlins,MIA,1,False,681715,Heriberto Hernández,Heriberto,Hernandez,13,1999-12-16,26,"5' 11""",195,7,Outfielder,R,Right,R,Right,"0-4 | K, SB",,4,0,0,0,0,0,0,1,0,1,0,1,4,0,,,,,,,,,,
2026-09-24,824623,,/api/v1.1/game/824623/feed/live,R,2026,2026-09-24,,day,P,N,N,Regular Season,3,3,1,Final,Final,17,Wrigley Field,112,Chicago Cubs,CHC,2,True,146,Miami Marlins,MIA,1,False,645261,Sandy Alcantara,Sandy,Alcantara,22,1995-09-07,31,"6' 5""",200,1,Pitcher,R,Right,R,Right,,,,,,,,,,,,,,,,,,,,,,,,,,
2026-09-24,824623,,/api/v1.1/game/824623/feed/live,R,2026,2026-09-24,,day,P,N,N,Regular Season,3,3,1,Final,Final,17,Wrigley Field,112,Chicago Cubs,CHC,2,True,146,Miami Marlins,MIA,1,False,680767,Victor Vodnik,Victor,Vodnik,38,1999-10-09,26,"6' 0""",216,1,Pitcher,R,Right,R,Right,"1.0 IP, 0 ER, K, 0 BB",,,,,,,,,,,,,,,,1.0,0,0,0,1,0,12,0,0,0
2026-09-24,824623,,/api/v1.1/game/824623/feed/live,R,2026,2026-09-24,,day,P,N,N,Regular Season,3,3,1,Final,Final,17,Wrigley Field,112,Chicago Cubs,CHC,2,True,146,Miami Marlins,MIA,1,False,663969,Tyler Phillips,Tyler,Phillips,30,1997-10-27,28,"6' 5""",225,1,Pitcher,R,Right,R,Right,"4.0 IP, 0 ER, 2 K, 4 BB",,,,,,,,,,,,,,,,4.0,0,3,0,2,4,73,0,0,0
2026-09-24,824623,,/api/v1.1/game/824623/feed/live,R,2026,2026-09-24,,day,P,N,N,Regular Season,3,3,1,Final,Final,17,Wrigley Field,112,Chicago Cubs,CHC,2,True,146,Miami Marlins,MIA,1,False,665923,Esteury Ruiz,Esteury,Ruiz,3,1999-02-15,27,"5' 11""",169,9,Outfielder,R,Right,R,Right,0-2 | BB,,2,0,0,0,0,0,0,0,1,0,0,0,3,0,,,,,,,,,,
2026-09-24,824623,,/api/v1.1/game/824623/feed/live,R,2026,2026-09-24,,day,P,N,N,Regular Season,3,3,1,Final,Final,17,Wrigley Field,112,Chicago Cubs,CHC,2,True,146,Miami Marlins,MIA,1,False,691858,Jared Serna,Jared,Serna,68,2002-06-01,24,"5' 7""",174,4,Second Base,R,Right,R,Right,0-3,,3,0,0,0,0,0,0,0,0,0,0,1,3,0,,,,,,,,,,
2026-09-24,824623,,/api/v1.1/game/824623/feed/live,R,2026,2026-09-24,,day,P,N,N,Regular Season,3,3,1,Final,Final,17,Wrigley Field,112,Chicago Cubs,CHC,2,True,146,Miami Marlins,MIA,1,False,805300,Jakob Marsee,Jakob,Marsee,87,2001-06-28,25,"6' 0""",180,8,Outfielder,L,Left,L,Left,"1-3 | BB, RBI",,3,1,0,0,0,1,0,0,1,0,0,0,4,1,,,,,,,,,,
2026-09-24,824623,,/api/v1.1/game/824623/feed/live,R,2026,2026-09-24,,day,P,N,N,Regular Season,3,3,1,Final,Final,17,Wrigley Field,112,Chicago Cubs,CHC,2,True,146,Miami Marlins,MIA,1,False,676534,Calvin Faucher,Calvin,Faucher,53,1995-09-22,31,"6' 1""",190,1,Pitcher,R,Right,R,Right,,,,,,,,,,,,,,,,,,,,,,,,,,
2026-09-24,824623,,/api/v1.1/game/824623/feed/live,R,2026,2026-09-24,,day,P,N,N,Regular Season,3,3,1,Final,Final,17,Wrigley Field,112,Chicago Cubs,CHC,2,True,146,Miami Marlins,MIA,1,False,691594,Javier Sanoja,Javier,Sanoja,8,2002-09-03,24,"5' 7""",150,5,Third Base,R,Right,R,Right,1-4,,4,1,0,0,0,0,0,0,0,0,0,0,4,1,,,,,,,,,,
2026-09-24,824623,,/api/v1.1/game/824623/feed/live,R,2026,2026-09-24,,day,P,N,N,Regular Season,3,3,1,Final,Final,17,Wrigley Field,112,Chicago Cubs,CHC,2,True,146,Miami Marlins,MIA,1,False,691277,Deyvison De Los Santos,Deyvison,De Los Santos,63,2003-06-21,23,"6' 1""",185,3,First Base,R,Right,R,Right,0-3,,3,0,0,0,0,0,0,0,0,0,0,0,3,0,,,,,,,,,,
2026-09-24,824623,,/api/v1.1/game/824623/feed/live,R,2026,2026-09-24,,day,P,N,N,Regular Season,3,3,1,Final,Final,17,Wrigley Field,112,Chicago Cubs,CHC,2,True,146,Miami Marlins,MIA,1,False,806188,Cade Gibson,Cade,Gibson,58,1998-02-18,28,"6' 2""",195,1,Pitcher,L,Left,L,Left,,,,,,,,,,,,,,,,,,,,,,,,,,
2026-09-24,824623,,/api/v1.1/game/824623/feed/live,R,2026,2026-09-24,,day,P,N,N,Regular Season,3,3,1,Final,Final,17,Wrigley Field,112,Chicago Cubs,CHC,2,True,146,Miami Marlins,MIA,1,False,687473,Ryan Gusto,Ryan,Gusto,65,1999-03-11,27,"6' 4""",232,1,Pitcher,R,Right,R,Right,,,,,,,,,,,,,,,,,,,,,,,,,,
2026-09-24,824623,,/api/v1.1/game/824623/feed/live,R,2026,2026-09-24,,day,P,N,N,Regular Season,3,3,1,Final,Final,17,Wrigley Field,112,Chicago Cubs,CHC,2,True,146,Miami Marlins,MIA,1,False,669364,Xavier Edwards,Xavier,Edwards,9,1999-08-09,27,"5' 9""",175,4,Second Base,S,Switch,R,Right,,,,,,,,,,,,,,,,,,,,,,,,,,
2026-09-24,824623,,/api/v1.1/game/824623/feed/live,R,2026,2026-09-24,,day,P,N,N,Regular Season,3,3,1,Final,Final,17,Wrigley Field,112,Chicago Cubs,CHC,2,True,146,Miami Marlins,MIA,1,False,669065,Kyle Stowers,Kyle,Stowers,28,1998-01-02,28,"6' 2""",215,3,First Base,L,Left,L,Left,0-1,,1,0,0,0,0,0,0,0,0,0,0,0,1,0,,,,,,,,,,
2026-09-24,824623,,/api/v1.1/game/824623/feed/live,R,2026,2026-09-24,,day,P,N,N,Regular Season,3,3,1,Final,Final,17,Wrigley Field,112,Chicago Cubs,CHC,2,True,146,Miami Marlins,MIA,1,False,688363,Graham Pauley,Graham,Pauley,21,2000-09-24,26,"6' 1""",200,5,Third Base,L,Left,R,Right,,,,,,,,,,,,,,,,,,,,,,,,,,
2026-09-24,824623,,/api/v1.1/game/824623/feed/live,R,2026,2026-09-24,,day,P,N,N,Regular Season,3,3,1,Final,Final,17,Wrigley Field,112,Chicago Cubs,CHC,2,True,146,Miami Marlins,MIA,1,False,656848,Michael Petersen,Michael,Petersen,49,1994-05-16,32,"6' 7""",195,1,Pitcher,R,Right,R,Right,,,,,,,,,,,,,,,,,,,,,,,,,,
2026-09-24,824623,,/api/v1.1/game/824623/feed/live,R,2026,2026-09-24,,day,P,N,N,Regular Season,3,3,1,Final,Final,17,Wrigley Field,112,Chicago Cubs,CHC,2,True,146,Miami Marlins,MIA,1,False,687134,Bradley Blalock,Bradley,Blalock,31,2000-12-25,25,"6' 2""",213,1,Pitcher,R,Right,R,Right,,,,,,,,,,,,,,,,,,,,,,,,,,
2026-09-24,824623,,/api/v1.1/game/824623/feed/live,R,2026,2026-09-24,,day,P,N,N,Regular Season,3,3,1,Final,Final,17,Wrigley Field,112,Chicago Cubs,CHC,2,True,146,Miami Marlins,MIA,1,False,682663,Agustín Ramírez,Agustín,Ramírez,50,2001-09-10,25,"6' 1""",210,10,Designated Hitter,R,Right,R,Right,1-4 | K,,4,1,0,0,0,0,0,1,0,0,0,0,4,1,,,,,,,,,,
2026-09-24,824623,,/api/v1.1/game/824623/feed/live,R,2026,2026-09-24,,day,P,N,N,Regular Season,3,3,1,Final,Final,17,Wrigley Field,112,Chicago Cubs,CHC,2,True,146,Miami Marlins,MIA,1,False,676083,Janson Junk,Janson,Junk,26,1996-01-15,30,"6' 2""",197,1,Pitcher,R,Right,R,Right,,,,,,,,,,,,,,,,,,,,,,,,,,
2026-09-24,824623,,/api/v1.1/game/824623/feed/live,R,2026,2026-09-24,,day,P,N,N,Regular Season,3,3,1,Final,Final,17,Wrigley Field,112,Chicago Cubs,CHC,2,True,146,Miami Marlins,MIA,1,False,690978,Dax Fulton,Daxton,Fulton,90,2001-10-16,24,"6' 7""",245,1,Pitcher,L,Left,L,Left,,,,,,,,,,,,,,,,,,,,,,,,,,
2026-09-24,824623,,/api/v1.1/game/824623/feed/live,R,2026,2026-09-24,,day,P,N,N,Regular Season,3,3,1,Final,Final,17,Wrigley Field,112,Chicago Cubs,CHC,2,True,146,Miami Marlins,MIA,1,False,640459,Brian Navarreto,Brian,Navarreto,64,1994-12-29,31,"6' 1""",233,2,Catcher,R,Right,R,Right,"1-3 | 2B, K, R",,3,1,1,0,0,0,1,1,0,0,0,0,3,2,,,,,,,,,,
2026-09-24,824623,,/api/v1.1/game/824623/feed/live,R,2026,2026-09-24,,day,P,N,N,Regular Season,3,3,1,Final,Final,17,Wrigley Field,112,Chicago Cubs,CHC,2,True,146,Miami Marlins,MIA,1,False,691788,Joe Mack,Joseph,Mack,80,2002-12-27,23,"6' 0""",210,2,Catcher,L,Left,R,Right,,,,,,,,,,,,,,,,,,,,,,,,,,
2026-09-24,824623,,/api/v1.1/game/824623/feed/live,R,2026,2026-09-24,,day,P,N,N,Regular Season,3,3,1,Final,Final,17,Wrigley Field,112,Chicago Cubs,CHC,2,True,146,Miami Marlins,MIA,1,False,691587,Eury Pérez,Eury,Pérez,39,2003-04-15,23,"6' 8""",220,1,Pitcher,R,Right,R,Right,,,,,,,,,,,,,,,,,,,,,,,,,,
2026-09-24,824623,,/api/v1.1/game/824623/feed/live,R,2026,2026-09-24,,day,P,N,N,Regular Season,3,3,1,Final,Final,17,Wrigley Field,112,Chicago Cubs,CHC,2,True,146,Miami Marlins,MIA,1,False,672640,Otto Lopez,Otto,Lopez,6,1998-10-01,27,"5' 10""",185,6,Shortstop,R,Right,R,Right,1-3 | BB,,3,1,0,0,0,0,0,0,1,0,0,0,4,1,,,,,,,,,,
2026-09-24,822842,,/api/v1.1/game/822842/feed/live,R,2026,2026-09-24,,day,P,N,N,Regular Season,3,3,1,Final,Final,5325,Globe Life Field,140,Texas Rangers,TEX,3,True,121,New York Mets,NYM,1,False,694497,Evan Carter,Evan,Carter,32,2002-08-29,24,"6' 2""",190,8,Outfielder,L,Left,R,Right,0-0 | BB,,0,0,0,0,0,0,0,0,1,0,0,0,1,0,,,,,,,,,,
2026-09-24,822842,,/api/v1.1/game/822842/feed/live,R,2026,2026-09-24,,day,P,N,N,Regular Season,3,3,1,Final,Final,5325,Globe Life Field,140,Texas Rangers,TEX,3,True,121,New York Mets,NYM,1,False,694671,Wyatt Langford,Wyatt,Langford,36,2001-11-15,24,"6' 0""",225,7,Outfielder,R,Right,R,Right,"2-3 | K, CS",,3,2,0,0,0,0,0,1,0,0,1,0,3,2,,,,,,,,,,
2026-09-24,822842,,/api/v1.1/game/822842/feed/live,R,2026,2026-09-24,,day,P,N,N,Regular Season,3,3,1,Final,Final,5325,Globe Life Field,140,Texas Rangers,TEX,3,True,121,New York Mets,NYM,1,False,677958,Kumar Rocker,Kumar,Rocker,80,1999-11-22,26,"6' 5""",245,1,Pitcher,R,Right,R,Right,"5.0 IP, ER, 4 K, 2 BB",,,,,,,,,,,,,,,,5.0,1,3,0,4,2,74,1,0,0
2026-09-24,822842,,/api/v1.1/game/822842/feed/live,R,2026,2026-09-24,,day,P,N,N,Regular Season,3,3,1,Final,Final,5325,Globe Life Field,140,Texas Rangers,TEX,3,True,121,New York Mets,NYM,1,False,669394,Jake Burger,Jacob,Burger,21,1996-04-10,30,"6' 0""",230,3,First Base,R,Right,R,Right,0-4 | CS,,4,0,0,0,0,0,0,0,0,0,1,1,4,0,,,,,,,,,,
2026-09-24,822842,,/api/v1.1/game/822842/feed/live,R,2026,2026-09-24,,day,P,N,N,Regular Season,3,3,1,Final,Final,5325,Globe Life Field,140,Texas Rangers,TEX,3,True,121,New York Mets,NYM,1,False,682608,Peyton Gray,Peyton,Gray,75,1995-06-02,31,"6' 4""",235,1,Pitcher,R,Right,R,Right,,,,,,,,,,,,,,,,,,,,,,,,,,
2026-09-24,822842,,/api/v1.1/game/822842/feed/live,R,2026,2026-09-24,,day,P,N,N,Regular Season,3,3,1,Final,Final,5325,Globe Life Field,140,Texas Rangers,TEX,3,True,121,New York Mets,NYM,1,False,641302,Tyler Alexander,Tyler,Alexander,13,1994-07-14,32,"6' 1""",214,1,Pitcher,R,Right,L,Left,"1.0 IP, 0 ER, 0 K, 0 BB",,,,,,,,,,,,,,,,1.0,0,1,0,0,0,20,0,0,0
2026-09-24,822842,,/api/v1.1/game/822842/feed/live,R,2026,2026-09-24,,day,P,N,N,Regular Season,3,3,1,Final,Final,5325,Globe Life Field,140,Texas Rangers,TEX,3,True,121,New York Mets,NYM,1,False,696030,Alejandro Osuna,Tadeo,Osuna,19,2002-10-10,23,"5' 9""",185,7,Outfielder,L,Left,L,Left,,,,,,,,,,,,,,,,,,,,,,,,,,
2026-09-24,822842,,/api/v1.1/game/822842/feed/live,R,2026,2026-09-24,,day,P,N,N,Regular Season,3,3,1,Final,Final,5325,Globe Life Field,140,Texas Rangers,TEX,3,True,121,New York Mets,NYM,1,False,681217,Chase Silseth,Chase,Silseth,63,2000-05-18,26,"6' 0""",217,1,Pitcher,R,Right,R,Right,"1.0 IP, 0 ER, 2 K, 0 BB",,,,,,,,,,,,,,,,1.0,0,0,0,2,0,14,0,0,0
2026-09-24,822842,,/api/v1.1/game/822842/feed/live,R,2026,2026-09-24,,day,P,N,N,Regular Season,3,3,1,Final,Final,5325,Globe Life Field,140,Texas Rangers,TEX,3,True,121,New York Mets,NYM,1,False,592866,Trevor Williams,Trevor,Williams,51,1992-04-25,34,"6' 3""",231,1,Pitcher,R,Right,R,Right,,,,,,,,,,,,,,,,,,,,,,,,,,
2026-09-24,822842,,/api/v1.1/game/822842/feed/live,R,2026,2026-09-24,,day,P,N,N,Regular Season,3,3,1,Final,Final,5325,Globe Life Field,140,Texas Rangers,TEX,3,True,121,New York Mets,NYM,1,False,656641,Jacob Latz,Jacob,Latz,67,1996-04-08,30,"6' 2""",185,1,Pitcher,R,Right,L,Left,,,,,,,,,,,,,,,,,,,,,,,,,,
2026-09-24,822842,,/api/v1.1/game/822842/feed/live,R,2026,2026-09-24,,day,P,N,N,Regular Season,3,3,1,Final,Final,5325,Globe Life Field,140,Texas Rangers,TEX,3,True,121,New York Mets,NYM,1,False,608369,Corey Seager,Corey,Seager,5,1994-04-27,32,"6' 4""",215,6,Shortstop,L,Left,R,Right,"1-4 | HR, 2 K, RBI",,4,1,0,0,1,1,1,2,0,0,0,0,4,4,,,,,,,,,,
2026-09-24,822842,,/api/v1.1/game/822842/feed/live,R,2026,2026-09-24,,day,P,N,N,Regular Season,3,3,1,Final,Final,5325,Globe Life Field,140,Texas Rangers,TEX,3,True,121,New York Mets,NYM,1,False,676395,Robert Garcia,Robert,Garcia,62,1996-06-14,30,"6' 4""",236,1,Pitcher,R,Right,L,Left,"1.0 IP, 0 ER, 0 K, 0 BB",,,,,,,,,,,,,,,,1.0,0,0,0,0,0,10,0,0,0
2026-09-24,822842,,/api/v1.1/game/822842/feed/live,R,2026,2026-09-24,,day,P,N,N,Regular Season,3,3,1,Final,Final,5325,Globe Life Field,140,Texas Rangers,TEX,3,True,121,New York Mets,NYM,1,False,670032,Nicky Lopez,Nicholas,Lopez,33,1995-03-13,31,"5' 10""",186,4,Second Base,L,Left,R,Right,0-0,,0,0,0,0,0,0,0,0,0,0,0,0,0,0,,,,,,,,,,
2026-09-24,822842,,/api/v1.1/game/822842/feed/live,R,2026,2026-09-24,,day,P,N,N,Regular Season,3,3,1,Final,Final,5325,Globe Life Field,140,Texas Rangers,TEX,3,True,121,New York Mets,NYM,1,False,673962,Josh Jung,Joshua,Jung,6,1998-02-12,28,"6' 1""",214,5,Third Base,R,Right,R,Right,"3-3 | HR, 2B, BB",,3,3,1,0,1,2,1,0,1,0,0,0,4,7,,,,,,,,,,
2026-09-24,822842,,/api/v1.1/game/822842/feed/live,R,2026,2026-09-24,,day,P,N,N,Regular Season,3,3,1,Final,Final,5325,Globe Life Field,140,Texas Rangers,TEX,3,True,121,New York Mets,NYM,1,False,679822,Justin Foscue,Justin,Foscue,14,1999-03-02,27,"5' 11""",205,4,Second Base,R,Right,R,Right,1-3 | R,,3,1,0,0,0,0,1,0,0,0,0,0,3,1,,,,,,,,,,
2026-09-24,822842,,/api/v1.1/game/822842/feed/live,R,2026,2026-09-24,,day,P,N,N,Regular Season,3,3,1,Final,Final,5325,Globe Life Field,140,Texas Rangers,TEX,3,True,121,New York Mets,NYM,1,False,677649,Ezequiel Duran,Ezequiel,Duran,20,1999-05-22,27,"5' 10""",185,6,Shortstop,R,Right,R,Right,0-3 | 2 K,,3,0,0,0,0,0,0,2,0,0,0,0,3,0,,,,,,,,,,
2026-09-24,822842,,/api/v1.1/game/822842/feed/live,R,2026,2026-09-24,,day,P,N,N,Regular Season,3,3,1,Final,Final,5325,Globe Life Field,140,Texas Rangers,TEX,3,True,121,New York Mets,NYM,1,False,669022,MacKenzie Gore,MacKenzie,Gore,1,1999-02-24,27,"6' 2""",193,1,Pitcher,L,Left,L,Left,,,,,,,,,,,,,,,,,,,,,,,,,,
2026-09-24,822842,,/api/v1.1/game/822842/feed/live,R,2026,2026-09-24,,day,P,N,N,Regular Season,3,3,1,Final,Final,5325,Globe Life Field,140,Texas Rangers,TEX,3,True,121,New York Mets,NYM,1,False,686560,Gavin Collyer,Gavin,Collyer,65,2001-05-12,25,"6' 1""",165,1,Pitcher,R,Right,R,Right,,,,,,,,,,,,,,,,,,,,,,,,,,
2026-09-24,822842,,/api/v1.1/game/822842/feed/live,R,2026,2026-09-24,,day,P,N,N,Regular Season,3,3,1,Final,Final,5325,Globe Life Field,140,Texas Rangers,TEX,3,True,121,New York Mets,NYM,1,False,680737,Michael Helman,Michael,Helman,23,1996-05-23,30,"6' 0""",195,8,Outfielder,R,Right,R,Right,,,,,,,,,,,,,,,,,,,,,,,,,,
2026-09-24,822842,,/api/v1.1/game/822842/feed/live,R,2026,2026-09-24,,day,P,N,N,Regular Season,3,3,1,Final,Final,5325,Globe Life Field,140,Texas Rangers,TEX,3,True,121,New York Mets,NYM,1,False,594798,Jacob deGrom,Jacob,deGrom,48,1988-06-19,38,"6' 4""",180,1,Pitcher,L,Left,R,Right,,,,,,,,,,,,,,,,,,,,,,,,,,
2026-09-24,822842,,/api/v1.1/game/822842/feed/live,R,2026,2026-09-24,,day,P,N,N,Regular Season,3,3,1,Final,Final,5325,Globe Life Field,140,Texas Rangers,TEX,3,True,121,New York Mets,NYM,1,False,607043,Brandon Nimmo,Brandon,Nimmo,24,1993-03-27,33,"6' 1""",206,9,Outfielder,L,Left,R,Right,"0-2 | BB, K",,2,0,0,0,0,0,0,1,1,0,0,0,3,0,,,,,,,,,,
2026-09-24,822842,,/api/v1.1/game/822842/feed/live,R,2026,2026-09-24,,day,P,N,N,Regular Season,3,3,1,Final,Final,5325,Globe Life Field,140,Texas Rangers,TEX,3,True,121,New York Mets,NYM,1,False,643376,Danny Jansen,Daniel,Jansen,9,1995-04-15,31,"6' 2""",240,2,Catcher,R,Right,R,Right,0-3 | K,,3,0,0,0,0,0,0,1,0,0,0,0,3,0,,,,,,,,,,
2026-09-24,822842,,/api/v1.1/game/822842/feed/live,R,2026,2026-09-24,,day,P,N,N,Regular Season,3,3,1,Final,Final,5325,Globe Life Field,140,Texas Rangers,TEX,3,True,121,New York Mets,NYM,1,False,596001,Jakob Junis,Jakob,Junis,16,1992-09-16,34,"6' 3""",238,1,Pitcher,R,Right,R,Right,,,,,,,,,,,,,,,,,,,,,,,,,,
2026-09-24,822842,,/api/v1.1/game/822842/feed/live,R,2026,2026-09-24,,day,P,N,N,Regular Season,3,3,1,Final,Final,5325,Globe Life Field,140,Texas Rangers,TEX,3,True,121,New York Mets,NYM,1,False,683227,Cody Freeman,Cody,Freeman,39,2001-01-05,25,"5' 9""",180,5,Third Base,R,Right,R,Right,,,,,,,,,,,,,,,,,,,,,,,,,,
2026-09-24,822842,,/api/v1.1/game/822842/feed/live,R,2026,2026-09-24,,day,P,N,N,Regular Season,3,3,1,Final,Final,5325,Globe Life Field,140,Texas Rangers,TEX,3,True,121,New York Mets,NYM,1,False,553869,Elias Díaz,Elias,Díaz,35,1990-11-17,35,"6' 1""",223,2,Catcher,R,Right,R,Right,0-3 | K,,3,0,0,0,0,0,0,1,0,0,0,0,3,0,,,,,,,,,,
2026-09-24,822842,,/api/v1.1/game/822842/feed/live,R,2026,2026-09-24,,day,P,N,N,Regular Season,3,3,1,Final,Final,5325,Globe Life Field,140,Texas Rangers,TEX,3,True,121,New York Mets,NYM,1,False,674003,Cody Bradford,Cody,Bradford,61,1998-02-22,28,"6' 4""",197,1,Pitcher,L,Left,L,Left,,,,,,,,,,,,,,,,,,,,,,,,,,
2026-09-24,822842,,/api/v1.1/game/822842/feed/live,R,2026,2026-09-24,,day,P,N,N,Regular Season,3,3,1,Final,Final,5325,Globe Life Field,140,Texas Rangers,TEX,3,True,121,New York Mets,NYM,1,False,543135,Nathan Eovaldi,Nathan,Eovaldi,17,1990-02-13,36,"6' 2""",217,1,Pitcher,R,Right,R,Right,,,,,,,,,,,,,,,,,,,,,,,,,,
2026-09-24,822842,,/api/v1.1/game/822842/feed/live,R,2026,2026-09-24,,day,P,N,N,Regular Season,3,3,1,Final,Final,5325,Globe Life Field,140,Texas Rangers,TEX,3,True,121,New York Mets,NYM,1,False,656756,Jordan Montgomery,Jordan,Montgomery,52,1992-12-27,33,"6' 6""",228,1,Pitcher,L,Left,L,Left,"1.0 IP, 0 ER, K, 0 BB",,,,,,,,,,,,,,,,1.0,0,0,0,1,0,8,0,0,1
2026-09-24,822842,,/api/v1.1/game/822842/feed/live,R,2026,2026-09-24,,day,P,N,N,Regular Season,3,3,1,Final,Final,5325,Globe Life Field,140,Texas Rangers,TEX,3,True,121,New York Mets,NYM,1,False,620443,Luis Torrens,Luis,Torrens,13,1996-05-02,30,"5' 11""",217,2,Catcher,R,Right,R,Right,0-3 | 2 K,,3,0,0,0,0,0,0,2,0,0,0,0,3,0,,,,,,,,,,
2026-09-24,822842,,/api/v1.1/game/822842/feed/live,R,2026,2026-09-24,,day,P,N,N,Regular Season,3,3,1,Final,Final,5325,Globe Life Field,140,Texas Rangers,TEX,3,True,121,New York Mets,NYM,1,False,666182,Bo Bichette,Bo,Bichette,19,1998-03-05,28,"5' 11""",190,5,Third Base,R,Right,R,Right,0-4,,4,0,0,0,0,0,0,0,0,0,0,1,4,0,,,,,,,,,,
2026-09-24,822842,,/api/v1.1/game/822842/feed/live,R,2026,2026-09-24,,day,P,N,N,Regular Season,3,3,1,Final,Final,5325,Globe Life Field,140,Texas Rangers,TEX,3,True,121,New York Mets,NYM,1,False,666624,Christopher Morel,Christopher,Morel,28,1999-06-24,27,"6' 0""",200,3,First Base,R,Right,R,Right,,,,,,,,,,,,,,,,,,,,,,,,,,
2026-09-24,822842,,/api/v1.1/game/822842/feed/live,R,2026,2026-09-24,,day,P,N,N,Regular Season,3,3,1,Final,Final,5325,Globe Life Field,140,Texas Rangers,TEX,3,True,121,New York Mets,NYM,1,False,682626,Francisco Alvarez,Francisco,Alvarez,4,2001-11-19,24,"5' 10""",233,2,Catcher,R,Right,R,Right,,,,,,,,,,,,,,,,,,,,,,,,,,
2026-09-24,822842,,/api/v1.1/game/822842/feed/live,R,2026,2026-09-24,,day,P,N,N,Regular Season,3,3,1,Final,Final,5325,Globe Life Field,140,Texas Rangers,TEX,3,True,121,New York Mets,NYM,1,False,640455,Sean Manaea,Sean,Manaea,59,1992-02-01,34,"6' 5""",245,1,Pitcher,R,Right,L,Left,,,,,,,,,,,,,,,,,,,,,,,,,,
2026-09-24,822842,,/api/v1.1/game/822842/feed/live,R,2026,2026-09-24,,day,P,N,N,Regular Season,3,3,1,Final,Final,5325,Globe Life Field,140,Texas Rangers,TEX,3,True,121,New York Mets,NYM,1,False,668901,Mark Vientos,Mark,Vientos,27,1999-12-11,26,"6' 3""",185,3,First Base,R,Right,R,Right,,,,,,,,,,,,,,,,,,,,,,,,,,
2026-09-24,822842,,/api/v1.1/game/822842/feed/live,R,2026,2026-09-24,,day,P,N,N,Regular Season,3,3,1,Final,Final,5325,Globe Life Field,140,Texas Rangers,TEX,3,True,121,New York Mets,NYM,1,False,668964,Tobias Myers,Tobias,Myers,32,1998-08-05,28,"6' 1""",223,1,Pitcher,R,Right,R,Right,,,,,,,,,,,,,,,,,,,,,,,,,,
2026-09-24,822842,,/api/v1.1/game/822842/feed/live,R,2026,2026-09-24,,day,P,N,N,Regular Season,3,3,1,Final,Final,5325,Globe Life Field,140,Texas Rangers,TEX,3,True,121,New York Mets,NYM,1,False,681810,Austin Warren,Austin,Warren,44,1996-02-05,30,"6' 0""",170,1,Pitcher,R,Right,R,Right,"1.1 IP, 0 ER, 2 K, 0 BB",,,,,,,,,,,,,,,,1.1,0,0,0,2,0,20,0,0,0
2026-09-24,822842,,/api/v1.1/game/822842/feed/live,R,2026,2026-09-24,,day,P,N,N,Regular Season,3,3,1,Final,Final,5325,Globe Life Field,140,Texas Rangers,TEX,3,True,121,New York Mets,NYM,1,False,683146,Brett Baty,Brett,Baty,7,1999-11-13,26,"6' 3""",210,5,Third Base,L,Left,R,Right,1-3,,3,1,0,0,0,0,0,0,0,0,0,0,3,1,,,,,,,,,,
2026-09-24,822842,,/api/v1.1/game/822842/feed/live,R,2026,2026-09-24,,day,P,N,N,Regular Season,3,3,1,Final,Final,5325,Globe Life Field,140,Texas Rangers,TEX,3,True,121,New York Mets,NYM,1,False,642376,Jefry Yan,Jefry,Yan,84,1996-08-17,30,"6' 3""",185,1,Pitcher,L,Left,L,Left,"0.2 IP, ER, K, BB",,,,,,,,,,,,,,,,0.2,1,2,1,1,1,16,0,0,0
2026-09-24,822842,,/api/v1.1/game/822842/feed/live,R,2026,2026-09-24,,day,P,N,N,Regular Season,3,3,1,Final,Final,5325,Globe Life Field,140,Texas Rangers,TEX,3,True,121,New York Mets,NYM,1,False,701807,Carson Benge,Carson,Benge,3,2003-01-20,23,"6' 1""",184,9,Outfielder,L,Left,R,Right,"1-4 | K, RBI",,4,1,0,0,0,1,0,1,0,0,0,0,4,1,,,,,,,,,,
2026-09-24,822842,,/api/v1.1/game/822842/feed/live,R,2026,2026-09-24,,day,P,N,N,Regular Season,3,3,1,Final,Final,5325,Globe Life Field,140,Texas Rangers,TEX,3,True,121,New York Mets,NYM,1,False,804636,Jonah Tong,Jonah,Tong,21,2003-06-19,23,"6' 1""",180,1,Pitcher,R,Right,R,Right,,,,,,,,,,,,,,,,,,,,,,,,,,
2026-09-24,822842,,/api/v1.1/game/822842/feed/live,R,2026,2026-09-24,,day,P,N,N,Regular Season,3,3,1,Final,Final,5325,Globe Life Field,140,Texas Rangers,TEX,3,True,121,New York Mets,NYM,1,False,681320,Nate Lavender,Nathan,Lavender,94,2000-01-20,26,"6' 2""",215,1,Pitcher,L,Left,L,Left,,,,,,,,,,,,,,,,,,,,,,,,,,
2026-09-24,822842,,/api/v1.1/game/822842/feed/live,R,2026,2026-09-24,,day,P,N,N,Regular Season,3,3,1,Final,Final,5325,Globe Life Field,140,Texas Rangers,TEX,3,True,121,New York Mets,NYM,1,False,665506,Cristian Pache,Cristian,Pache,71,1998-11-19,27,"6' 2""",215,O,Outfield,R,Right,R,Right,,,,,,,,,,,,,,,,,,,,,,,,,,
2026-09-24,822842,,/api/v1.1/game/822842/feed/live,R,2026,2026-09-24,,day,P,N,N,Regular Season,3,3,1,Final,Final,5325,Globe Life Field,140,Texas Rangers,TEX,3,True,121,New York Mets,NYM,1,False,673380,Dedniel Núñez,Dedniel,Núñez,72,1996-06-05,30,"6' 2""",180,1,Pitcher,R,Right,R,Right,,,,,,,,,,,,,,,,,,,,,,,,,,
2026-09-24,822842,,/api/v1.1/game/822842/feed/live,R,2026,2026-09-24,,day,P,N,N,Regular Season,3,3,1,Final,Final,5325,Globe Life Field,140,Texas Rangers,TEX,3,True,121,New York Mets,NYM,1,False,674073,Jack Weisenburger,John,Weisenburger,82,1997-10-08,28,"6' 3""",220,1,Pitcher,R,Right,R,Right,"1.0 IP, 0 ER, K, BB",,,,,,,,,,,,,,,,1.0,0,1,0,1,1,20,0,0,0
2026-09-24,822842,,/api/v1.1/game/822842/feed/live,R,2026,2026-09-24,,day,P,N,N,Regular Season,3,3,1,Final,Final,5325,Globe Life Field,140,Texas Rangers,TEX,3,True,121,New York Mets,NYM,1,False,642207,Devin Williams,Devin,Williams,38,1994-09-21,32,"6' 2""",193,1,Pitcher,R,Right,R,Right,,,,,,,,,,,,,,,,,,,,,,,,,,
2026-09-24,822842,,/api/v1.1/game/822842/feed/live,R,2026,2026-09-24,,day,P,N,N,Regular Season,3,3,1,Final,Final,5325,Globe Life Field,140,Texas Rangers,TEX,3,True,121,New York Mets,NYM,1,False,673540,Kodai Senga,Kodai,Senga,34,1993-01-30,33,"6' 1""",202,1,Pitcher,L,Left,R,Right,,,,,,,,,,,,,,,,,,,,,,,,,,
2026-09-24,822842,,/api/v1.1/game/822842/feed/live,R,2026,2026-09-24,,day,P,N,N,Regular Season,3,3,1,Final,Final,5325,Globe Life Field,140,Texas Rangers,TEX,3,True,121,New York Mets,NYM,1,False,703492,Nick Morabito,Nicholas,Morabito,55,2003-05-07,23,"5' 10""",185,7,Outfielder,R,Right,R,Right,"1-3 | 2B, 2 K",,3,1,1,0,0,0,0,2,0,0,0,0,3,2,,,,,,,,,,
2026-09-24,822842,,/api/v1.1/game/822842/feed/live,R,2026,2026-09-24,,day,P,N,N,Regular Season,3,3,1,Final,Final,5325,Globe Life Field,140,Texas Rangers,TEX,3,True,121,New York Mets,NYM,1,False,543760,Marcus Semien,Marcus,Semien,10,1990-09-17,36,"6' 0""",195,4,Second Base,R,Right,R,Right,"0-2 | BB, K, CS",,2,0,0,0,0,0,0,1,1,0,1,0,3,0,,,,,,,,,,
2026-09-24,822842,,/api/v1.1/game/822842/feed/live,R,2026,2026-09-24,,day,P,N,N,Regular Season,3,3,1,Final,Final,5325,Globe Life Field,140,Texas Rangers,TEX,3,True,121,New York Mets,NYM,1,False,672335,Cionel Pérez,Cionel,Pérez,52,1996-04-21,30,"6' 0""",175,1,Pitcher,R,Right,L,Left,,,,,,,,,,,,,,,,,,,,,,,,,,
2026-09-24,822842,,/api/v1.1/game/822842/feed/live,R,2026,2026-09-24,,day,P,N,N,Regular Season,3,3,1,Final,Final,5325,Globe Life Field,140,Texas Rangers,TEX,3,True,121,New York Mets,NYM,1,False,702752,Jonathan Pintaro,Jonathan,Pintaro,91,1997-11-07,28,"6' 2""",235,1,Pitcher,R,Right,R,Right,,,,,,,,,,,,,,,,,,,,,,,,,,
2026-09-24,822842,,/api/v1.1/game/822842/feed/live,R,2026,2026-09-24,,day,P,N,N,Regular Season,3,3,1,Final,Final,5325,Globe Life Field,140,Texas Rangers,TEX,3,True,121,New York Mets,NYM,1,False,596019,Francisco Lindor,Francisco,Lindor,12,1993-11-14,32,"5' 10""",190,6,Shortstop,S,Switch,R,Right,"1-4 | 2B, K, R",,4,1,1,0,0,0,1,1,0,0,0,0,4,2,,,,,,,,,,
2026-09-24,822842,,/api/v1.1/game/822842/feed/live,R,2026,2026-09-24,,day,P,N,N,Regular Season,3,3,1,Final,Final,5325,Globe Life Field,140,Texas Rangers,TEX,3,True,121,New York Mets,NYM,1,False,665742,Juan Soto,Juan,Soto,22,1998-10-25,27,"6' 1""",224,7,Outfielder,L,Left,L,Left,0-3 | BB,,3,0,0,0,0,0,0,0,1,0,0,0,4,0,,,,,,,,,,
2026-09-24,822842,,/api/v1.1/game/822842/feed/live,R,2026,2026-09-24,,day,P,N,N,Regular Season,3,3,1,Final,Final,5325,Globe Life Field,140,Texas Rangers,TEX,3,True,121,New York Mets,NYM,1,False,677595,Ronny Mauricio,Ronny,Mauricio,0,2001-04-04,25,"6' 3""",166,6,Shortstop,S,Switch,R,Right,,,,,,,,,,,,,,,,,,,,,,,,,,
2026-09-24,822842,,/api/v1.1/game/822842/feed/live,R,2026,2026-09-24,,day,P,N,N,Regular Season,3,3,1,Final,Final,5325,Globe Life Field,140,Texas Rangers,TEX,3,True,121,New York Mets,NYM,1,False,690997,Nolan McLean,Nolan,McLean,26,2001-07-24,25,"6' 2""",214,1,Pitcher,R,Right,R,Right,,,,,,,,,,,,,,,,,,,,,,,,,,
2026-09-24,822842,,/api/v1.1/game/822842/feed/live,R,2026,2026-09-24,,day,P,N,N,Regular Season,3,3,1,Final,Final,5325,Globe Life Field,140,Texas Rangers,TEX,3,True,121,New York Mets,NYM,1,False,804267,Zac Thornton,Zachary,Thornton,49,2002-01-17,24,"6' 3""",170,1,Pitcher,L,Left,L,Left,"5.0 IP, 2 ER, 4 K, BB",,,,,,,,,,,,,,,,5.0,2,4,1,4,1,83,0,1,0
2026-09-24,822842,,/api/v1.1/game/822842/feed/live,R,2026,2026-09-24,,day,P,N,N,Regular Season,3,3,1,Final,Final,5325,Globe Life Field,140,Texas Rangers,TEX,3,True,121,New York Mets,NYM,1,False,805999,A.J. Ewing,Andrew,Ewing,9,2004-08-10,22,"5' 10""",160,8,Outfielder,L,Left,R,Right,0-3,,3,0,0,0,0,0,0,0,0,0,0,0,3,0,,,,,,,,,,
2026-09-24,824298,,/api/v1.1/game/824298/feed/live,R,2026,2026-09-24,,day,P,N,N,Regular Season,3,3,1,Final,Final,19,Coors Field,115,Colorado Rockies,COL,8,False,109,Arizona Diamondbacks,AZ,12,True,663372,Ryan Feltner,Ryan,Feltner,18,1996-09-02,30,"6' 4""",200,1,Pitcher,R,Right,R,Right,,,,,,,,,,,,,,,,,,,,,,,,,,
2026-09-24,824298,,/api/v1.1/game/824298/feed/live,R,2026,2026-09-24,,day,P,N,N,Regular Season,3,3,1,Final,Final,19,Coors Field,115,Colorado Rockies,COL,8,False,109,Arizona Diamondbacks,AZ,12,True,691182,Adael Amador,Adael,Amador,1,2003-04-11,23,"5' 11""",209,4,Second Base,S,Switch,R,Right,"1-2 | 2B, R",,2,1,1,0,0,0,1,0,0,0,0,0,2,2,,,,,,,,,,
2026-09-24,824298,,/api/v1.1/game/824298/feed/live,R,2026,2026-09-24,,day,P,N,N,Regular Season,3,3,1,Final,Final,19,Coors Field,115,Colorado Rockies,COL,8,False,109,Arizona Diamondbacks,AZ,12,True,666160,Mickey Moniak,McKenzie,Moniak,22,1998-05-13,28,"6' 1""",209,7,Outfielder,L,Left,R,Right,,,,,,,,,,,,,,,,,,,,,,,,,,
2026-09-24,824298,,/api/v1.1/game/824298/feed/live,R,2026,2026-09-24,,day,P,N,N,Regular Season,3,3,1,Final,Final,19,Coors Field,115,Colorado Rockies,COL,8,False,109,Arizona Diamondbacks,AZ,12,True,623474,Jimmy Herget,Jimmy,Herget,44,1993-09-09,33,"6' 3""",183,1,Pitcher,R,Right,R,Right,"2.2 IP, 2 ER, 4 K, BB",,,,,,,,,,,,,,,,2.2,2,4,1,4,1,49,0,0,0
2026-09-24,824298,,/api/v1.1/game/824298/feed/live,R,2026,2026-09-24,,day,P,N,N,Regular Season,3,3,1,Final,Final,19,Coors Field,115,Colorado Rockies,COL,8,False,109,Arizona Diamondbacks,AZ,12,True,664983,Jake McCarthy,Jacob,McCarthy,31,1997-07-30,29,"6' 0""",213,7,Outfielder,L,Left,L,Left,1-3,,3,1,0,0,0,0,0,0,0,0,0,0,3,1,,,,,,,,,,
2026-09-24,824298,,/api/v1.1/game/824298/feed/live,R,2026,2026-09-24,,day,P,N,N,Regular Season,3,3,1,Final,Final,19,Coors Field,115,Colorado Rockies,COL,8,False,109,Arizona Diamondbacks,AZ,12,True,687859,Troy Johnston,Troy,Johnston,20,1997-06-22,29,"5' 11""",206,9,Outfielder,L,Left,L,Left,,,,,,,,,,,,,,,,,,,,,,,,,,
2026-09-24,824298,,/api/v1.1/game/824298/feed/live,R,2026,2026-09-24,,day,P,N,N,Regular Season,3,3,1,Final,Final,19,Coors Field,115,Colorado Rockies,COL,8,False,109,Arizona Diamondbacks,AZ,12,True,815081,Mark Manfredi,Mark,Manfredi,54,2000-01-28,26,"6' 4""",210,1,Pitcher,R,Right,L,Left,,,,,,,,,,,,,,,,,,,,,,,,,,
2026-09-24,824298,,/api/v1.1/game/824298/feed/live,R,2026,2026-09-24,,day,P,N,N,Regular Season,3,3,1,Final,Final,19,Coors Field,115,Colorado Rockies,COL,8,False,109,Arizona Diamondbacks,AZ,12,True,690924,Braxton Fulford,Braxton,Fulford,37,1998-12-09,27,"5' 10""",205,10,Designated Hitter,R,Right,R,Right,1-2 | K,,2,1,0,0,0,0,0,1,0,0,0,0,2,1,,,,,,,,,,
2026-09-24,824298,,/api/v1.1/game/824298/feed/live,R,2026,2026-09-24,,day,P,N,N,Regular Season,3,3,1,Final,Final,19,Coors Field,115,Colorado Rockies,COL,8,False,109,Arizona Diamondbacks,AZ,12,True,500779,Jose Quintana,Jose,Quintana,62,1989-01-24,37,"6' 2""",224,1,Pitcher,R,Right,L,Left,,,,,,,,,,,,,,,,,,,,,,,,,,
2026-09-24,824298,,/api/v1.1/game/824298/feed/live,R,2026,2026-09-24,,day,P,N,N,Regular Season,3,3,1,Final,Final,19,Coors Field,115,Colorado Rockies,COL,8,False,109,Arizona Diamondbacks,AZ,12,True,607536,Kyle Freeland,Kyle,Freeland,21,1993-05-14,33,"6' 4""",202,1,Pitcher,L,Left,L,Left,,,,,,,,,,,,,,,,,,,,,,,,,,
2026-09-24,824298,,/api/v1.1/game/824298/feed/live,R,2026,2026-09-24,,day,P,N,N,Regular Season,3,3,1,Final,Final,19,Coors Field,115,Colorado Rockies,COL,8,False,109,Arizona Diamondbacks,AZ,12,True,657514,Brennan Bernardino,Brennan,Bernardino,83,1992-01-15,34,"6' 4""",216,1,Pitcher,L,Left,L,Left,,,,,,,,,,,,,,,,,,,,,,,,,,
2026-09-24,824298,,/api/v1.1/game/824298/feed/live,R,2026,2026-09-24,,day,P,N,N,Regular Season,3,3,1,Final,Final,19,Coors Field,115,Colorado Rockies,COL,8,False,109,Arizona Diamondbacks,AZ,12,True,694249,Cole Carrigg,Cole,Carrigg,16,2002-05-08,24,"6' 2""",204,8,Outfielder,S,Switch,R,Right,"4-5 | HR, 3 RBI, R",,5,4,0,0,1,3,1,0,0,0,0,0,5,7,,,,,,,,,,
2026-09-24,824298,,/api/v1.1/game/824298/feed/live,R,2026,2026-09-24,,day,P,N,N,Regular Season,3,3,1,Final,Final,19,Coors Field,115,Colorado Rockies,COL,8,False,109,Arizona Diamondbacks,AZ,12,True,675848,Juan Mejia,Juan,Mejia,47,2000-07-04,26,"6' 3""",210,1,Pitcher,R,Right,R,Right,"1.0 IP, 0 ER, K, 0 BB",,,,,,,,,,,,,,,,1.0,0,0,0,1,0,10,0,0,0
2026-09-24,824298,,/api/v1.1/game/824298/feed/live,R,2026,2026-09-24,,day,P,N,N,Regular Season,3,3,1,Final,Final,19,Coors Field,115,Colorado Rockies,COL,8,False,109,Arizona Diamondbacks,AZ,12,True,696100,Hunter Goodman,Hunter,Goodman,15,1999-10-08,26,"5' 11""",220,2,Catcher,R,Right,R,Right,"1-5 | RBI, R",,5,1,0,0,0,1,1,0,0,0,0,0,5,1,,,,,,,,,,
2026-09-24,824298,,/api/v1.1/game/824298/feed/live,R,2026,2026-09-24,,day,P,N,N,Regular Season,3,3,1,Final,Final,19,Coors Field,115,Colorado Rockies,COL,8,False,109,Arizona Diamondbacks,AZ,12,True,608372,Tomoyuki Sugano,Tomoyuki,Sugano,11,1989-10-11,36,"6' 1""",227,1,Pitcher,R,Right,R,Right,,,,,,,,,,,,,,,,,,,,,,,,,,
2026-09-24,824298,,/api/v1.1/game/824298/feed/live,R,2026,2026-09-24,,day,P,N,N,Regular Season,3,3,1,Final,Final,19,Coors Field,115,Colorado Rockies,COL,8,False,109,Arizona Diamondbacks,AZ,12,True,664954,Brett Sullivan,Brett,Sullivan,26,1994-02-22,32,"5' 11""",190,2,Catcher,L,Left,R,Right,0-3 | RBI,,3,0,0,0,0,1,0,0,0,0,0,0,3,0,,,,,,,,,,
2026-09-24,824298,,/api/v1.1/game/824298/feed/live,R,2026,2026-09-24,,day,P,N,N,Regular Season,3,3,1,Final,Final,19,Coors Field,115,Colorado Rockies,COL,8,False,109,Arizona Diamondbacks,AZ,12,True,687597,Jordan Beck,Jordan,Beck,27,2001-04-19,25,"6' 2""",227,7,Outfielder,R,Right,R,Right,1-5 | 4 K,,5,1,0,0,0,0,0,4,0,0,0,0,5,1,,,,,,,,,,
2026-09-24,824298,,/api/v1.1/game/824298/feed/live,R,2026,2026-09-24,,day,P,N,N,Regular Season,3,3,1,Final,Final,19,Coors Field,115,Colorado Rockies,COL,8,False,109,Arizona Diamondbacks,AZ,12,True,688642,Zach Agnos,Zachary,Agnos,36,2000-08-15,26,"6' 0""",225,1,Pitcher,R,Right,R,Right,,,,,,,,,,,,,,,,,,,,,,,,,,
2026-09-24,824298,,/api/v1.1/game/824298/feed/live,R,2026,2026-09-24,,day,P,N,N,Regular Season,3,3,1,Final,Final,19,Coors Field,115,Colorado Rockies,COL,8,False,109,Arizona Diamondbacks,AZ,12,True,685299,Tanner Gordon,Tanner,Gordon,29,1997-10-26,28,"6' 5""",220,1,Pitcher,L,Left,R,Right,"3.1 IP, 10 ER, K, 4 BB",,,,,,,,,,,,,,,,3.1,10,12,2,1,4,96,0,1,0
2026-09-24,824298,,/api/v1.1/game/824298/feed/live,R,2026,2026-09-24,,day,P,N,N,Regular Season,3,3,1,Final,Final,19,Coors Field,115,Colorado Rockies,COL,8,False,109,Arizona Diamondbacks,AZ,12,True,678662,Ezequiel Tovar,Ezequiel,Tovar,14,2001-08-01,25,"6' 0""",192,6,Shortstop,R,Right,R,Right,0-5 | 2 K,,5,0,0,0,0,0,0,2,0,0,0,0,5,0,,,,,,,,,,
2026-09-24,824298,,/api/v1.1/game/824298/feed/live,R,2026,2026-09-24,,day,P,N,N,Regular Season,3,3,1,Final,Final,19,Coors Field,115,Colorado Rockies,COL,8,False,109,Arizona Diamondbacks,AZ,12,True,681198,TJ Rumfield,Toby,Rumfield,7,2000-05-17,26,"6' 5""",238,3,First Base,L,Left,R,Right,"2-4 | 2B, BB, RBI",,4,2,1,0,0,1,2,0,1,0,0,0,5,3,,,,,,,,,,
2026-09-24,824298,,/api/v1.1/game/824298/feed/live,R,2026,2026-09-24,,day,P,N,N,Regular Season,3,3,1,Final,Final,19,Coors Field,115,Colorado Rockies,COL,8,False,109,Arizona Diamondbacks,AZ,12,True,681393,Connor Norby,Connor,Norby,35,2000-06-08,26,"5' 10""",180,4,Second Base,R,Right,R,Right,2-3 | 2B,,3,2,1,0,0,0,0,0,0,0,0,0,3,3,,,,,,,,,,
2026-09-24,824298,,/api/v1.1/game/824298/feed/live,R,2026,2026-09-24,,day,P,N,N,Regular Season,3,3,1,Final,Final,19,Coors Field,115,Colorado Rockies,COL,8,False,109,Arizona Diamondbacks,AZ,12,True,691728,Zac Veen,Zachary,Veen,13,2001-12-12,24,"6' 3""",243,7,Outfielder,L,Left,R,Right,"2-2 | HR, 2B, RBI",,2,2,1,0,1,1,2,0,0,0,0,0,2,6,,,,,,,,,,
2026-09-24,824298,,/api/v1.1/game/824298/feed/live,R,2026,2026-09-24,,day,P,N,N,Regular Season,3,3,1,Final,Final,19,Coors Field,115,Colorado Rockies,COL,8,False,109,Arizona Diamondbacks,AZ,12,True,605447,Jordan Romano,Jordan,Romano,68,1993-04-21,33,"6' 5""",210,1,Pitcher,R,Right,R,Right,"1.0 IP, 0 ER, K, 0 BB",,,,,,,,,,,,,,,,1.0,0,1,0,1,0,23,0,0,0
2026-09-24,824298,,/api/v1.1/game/824298/feed/live,R,2026,2026-09-24,,day,P,N,N,Regular Season,3,3,1,Final,Final,19,Coors Field,115,Colorado Rockies,COL,8,False,109,Arizona Diamondbacks,AZ,12,True,693308,Nick Frasso,Nicholas,Frasso,41,1998-10-18,27,"6' 5""",200,1,Pitcher,R,Right,R,Right,"1.0 IP, 0 ER, 0 K, 0 BB",,,,,,,,,,,,,,,,1.0,0,1,0,0,0,12,0,0,0
2026-09-24,824298,,/api/v1.1/game/824298/feed/live,R,2026,2026-09-24,,day,P,N,N,Regular Season,3,3,1,Final,Final,19,Coors Field,115,Colorado Rockies,COL,8,False,109,Arizona Diamondbacks,AZ,12,True,677955,Jaden Hill,Kenneth,Hill,0,1999-12-22,26,"6' 4""",260,1,Pitcher,R,Right,R,Right,,,,,,,,,,,,,,,,,,,,,,,,,,
2026-09-24,824298,,/api/v1.1/game/824298/feed/live,R,2026,2026-09-24,,day,P,N,N,Regular Season,3,3,1,Final,Final,19,Coors Field,115,Colorado Rockies,COL,8,False,109,Arizona Diamondbacks,AZ,12,True,691720,Kyle Karros,Kyle,Karros,12,2002-07-26,24,"6' 5""",225,5,Third Base,R,Right,R,Right,"2-5 | HR, K, RBI",,5,2,0,0,1,1,1,1,0,0,0,0,5,5,,,,,,,,,,
2026-09-24,824298,,/api/v1.1/game/824298/feed/live,R,2026,2026-09-24,,day,P,N,N,Regular Season,3,3,1,Final,Final,19,Coors Field,115,Colorado Rockies,COL,8,False,109,Arizona Diamondbacks,AZ,12,True,690279,Mason Adams,Mason,Adams,38,2000-02-23,26,"6' 1""",190,1,Pitcher,R,Right,R,Right,,,,,,,,,,,,,,,,,,,,,,,,,,
2026-09-24,824298,,/api/v1.1/game/824298/feed/live,R,2026,2026-09-24,,day,P,N,N,Regular Season,3,3,1,Final,Final,19,Coors Field,115,Colorado Rockies,COL,8,False,109,Arizona Diamondbacks,AZ,12,True,593958,Eduardo Rodriguez,Eduardo,Rodriguez,57,1993-04-07,33,"6' 2""",231,1,Pitcher,L,Left,L,Left,"6.0 IP, 2 ER, 3 K, 0 BB",,,,,,,,,,,,,,,,6.0,2,9,1,3,0,92,1,0,0
2026-09-24,824298,,/api/v1.1/game/824298/feed/live,R,2026,2026-09-24,,day,P,N,N,Regular Season,3,3,1,Final,Final,19,Coors Field,115,Colorado Rockies,COL,8,False,109,Arizona Diamondbacks,AZ,12,True,691783,Jordan Lawlar,Jordan,Lawlar,10,2002-07-17,24,"6' 0""",195,8,Outfielder,R,Right,R,Right,0-0,,0,0,0,0,0,0,0,0,0,0,0,0,0,0,,,,,,,,,,
2026-09-24,824298,,/api/v1.1/game/824298/feed/live,R,2026,2026-09-24,,day,P,N,N,Regular Season,3,3,1,Final,Final,19,Coors Field,115,Colorado Rockies,COL,8,False,109,Arizona Diamondbacks,AZ,12,True,666661,Juan Morillo,Juan,Morillo,62,1999-03-19,27,"6' 1""",215,1,Pitcher,R,Right,R,Right,,,,,,,,,,,,,,,,,,,,,,,,,,
2026-09-24,824298,,/api/v1.1/game/824298/feed/live,R,2026,2026-09-24,,day,P,N,N,Regular Season,3,3,1,Final,Final,19,Coors Field,115,Colorado Rockies,COL,8,False,109,Arizona Diamondbacks,AZ,12,True,694374,Tim Tawa,Timothy,Tawa,13,1999-04-07,27,"5' 11""",205,3,First Base,R,Right,R,Right,0-5 | 2 K,,5,0,0,0,0,0,0,2,0,0,0,0,5,0,,,,,,,,,,
2026-09-24,824298,,/api/v1.1/game/824298/feed/live,R,2026,2026-09-24,,day,P,N,N,Regular Season,3,3,1,Final,Final,19,Coors Field,115,Colorado Rockies,COL,8,False,109,Arizona Diamondbacks,AZ,12,True,694297,Brandon Pfaadt,Brandon,Pfaadt,32,1998-10-15,27,"6' 4""",220,1,Pitcher,R,Right,R,Right,,,,,,,,,,,,,,,,,,,,,,,,,,
2026-09-24,824298,,/api/v1.1/game/824298/feed/live,R,2026,2026-09-24,,day,P,N,N,Regular Season,3,3,1,Final,Final,19,Coors Field,115,Colorado Rockies,COL,8,False,109,Arizona Diamondbacks,AZ,12,True,571448,Nolan Arenado,Nolan,Arenado,28,1991-04-16,35,"6' 2""",215,5,Third Base,R,Right,R,Right,"3-5 | HR, K, 3 RBI",,5,3,0,0,1,3,1,1,0,0,0,0,5,6,,,,,,,,,,
2026-09-24,824298,,/api/v1.1/game/824298/feed/live,R,2026,2026-09-24,,day,P,N,N,Regular Season,3,3,1,Final,Final,19,Coors Field,115,Colorado Rockies,COL,8,False,109,Arizona Diamondbacks,AZ,12,True,663457,Lars Nootbaar,Lars,Nootbaar,21,1997-09-08,29,"6' 1""",205,10,Designated Hitter,L,Left,R,Right,3-6 | 2 R,,6,3,0,0,0,0,2,0,0,0,0,0,6,3,,,,,,,,,,
2026-09-24,824298,,/api/v1.1/game/824298/feed/live,R,2026,2026-09-24,,day,P,N,N,Regular Season,3,3,1,Final,Final,19,Coors Field,115,Colorado Rockies,COL,8,False,109,Arizona Diamondbacks,AZ,12,True,814439,Ryan Waldschmidt,Ryan,Waldschmidt,15,2002-10-07,23,"6' 0""",205,8,Outfielder,R,Right,R,Right,"1-2 | 3B, K",,2,1,0,1,0,0,0,1,0,0,0,0,2,3,,,,,,,,,,
2026-09-24,824298,,/api/v1.1/game/824298/feed/live,R,2026,2026-09-24,,day,P,N,N,Regular Season,3,3,1,Final,Final,19,Coors Field,115,Colorado Rockies,COL,8,False,109,Arizona Diamondbacks,AZ,12,True,518876,Merrill Kelly,Kenneth,Kelly,29,1988-10-14,37,"6' 2""",210,1,Pitcher,R,Right,R,Right,,,,,,,,,,,,,,,,,,,,,,,,,,
2026-09-24,824298,,/api/v1.1/game/824298/feed/live,R,2026,2026-09-24,,day,P,N,N,Regular Season,3,3,1,Final,Final,19,Coors Field,115,Colorado Rockies,COL,8,False,109,Arizona Diamondbacks,AZ,12,True,656464,Kevin Ginkel,Kevin,Ginkel,37,1994-03-24,32,"6' 4""",235,1,Pitcher,L,Left,R,Right,"1.0 IP, 0 ER, 3 K, 0 BB",,,,,,,,,,,,,,,,1.0,0,0,0,3,0,16,0,0,0
2026-09-24,824298,,/api/v1.1/game/824298/feed/live,R,2026,2026-09-24,,day,P,N,N,Regular Season,3,3,1,Final,Final,19,Coors Field,115,Colorado Rockies,COL,8,False,109,Arizona Diamondbacks,AZ,12,True,606466,Ketel Marte,Ketel,Marte,4,1993-10-12,32,"6' 0""",210,4,Second Base,S,Switch,R,Right,"1-2 | 2B, 2 BB, RBI",,2,1,1,0,0,1,2,0,2,0,0,0,4,2,,,,,,,,,,
2026-09-24,824298,,/api/v1.1/game/824298/feed/live,R,2026,2026-09-24,,day,P,N,N,Regular Season,3,3,1,Final,Final,19,Coors Field,115,Colorado Rockies,COL,8,False,109,Arizona Diamondbacks,AZ,12,True,642528,Jonathan Loáisiga,Jonathan,Loáisiga,43,1994-11-02,31,"5' 11""",195,1,Pitcher,R,Right,R,Right,,,,,,,,,,,,,,,,,,,,,,,,,,
2026-09-24,824298,,/api/v1.1/game/824298/feed/live,R,2026,2026-09-24,,day,P,N,N,Regular Season,3,3,1,Final,Final,19,Coors Field,115,Colorado Rockies,COL,8,False,109,Arizona Diamondbacks,AZ,12,True,545121,Ildemaro Vargas,Ildemaro,Vargas,6,1991-07-16,35,"5' 11""",202,3,First Base,S,Switch,R,Right,0-1,,1,0,0,0,0,0,0,0,0,0,0,0,1,0,,,,,,,,,,
2026-09-24,824298,,/api/v1.1/game/824298/feed/live,R,2026,2026-09-24,,day,P,N,N,Regular Season,3,3,1,Final,Final,19,Coors Field,115,Colorado Rockies,COL,8,False,109,Arizona Diamondbacks,AZ,12,True,669194,Ryne Nelson,Ryne,Nelson,19,1998-02-01,28,"6' 3""",210,1,Pitcher,R,Right,R,Right,,,,,,,,,,,,,,,,,,,,,,,,,,
2026-09-24,824298,,/api/v1.1/game/824298/feed/live,R,2026,2026-09-24,,day,P,N,N,Regular Season,3,3,1,Final,Final,19,Coors Field,115,Colorado Rockies,COL,8,False,109,Arizona Diamondbacks,AZ,12,True,672695,Geraldo Perdomo,Geraldo,Perdomo,2,1999-10-22,26,"6' 2""",210,6,Shortstop,S,Switch,R,Right,"3-5 | 3B, BB, K",,5,3,0,1,0,1,3,1,1,0,0,0,6,5,,,,,,,,,,
2026-09-24,824298,,/api/v1.1/game/824298/feed/live,R,2026,2026-09-24,,day,P,N,N,Regular Season,3,3,1,Final,Final,19,Coors Field,115,Colorado Rockies,COL,8,False,109,Arizona Diamondbacks,AZ,12,True,679885,Justin Martinez,Justin,Martinez,63,2001-07-30,25,"6' 3""",225,1,Pitcher,R,Right,R,Right,,,,,,,,,,,,,,,,,,,,,,,,,,
2026-09-24,824298,,/api/v1.1/game/824298/feed/live,R,2026,2026-09-24,,day,P,N,N,Regular Season,3,3,1,Final,Final,19,Coors Field,115,Colorado Rockies,COL,8,False,109,Arizona Diamondbacks,AZ,12,True,699912,Jose Fernandez,Jose,Fernandez,11,2003-09-22,23,"6' 3""",215,10,Designated Hitter,R,Right,R,Right,1-1,,1,1,0,0,0,0,0,0,0,0,0,0,1,1,,,,,,,,,,
2026-09-24,824298,,/api/v1.1/game/824298/feed/live,R,2026,2026-09-24,,day,P,N,N,Regular Season,3,3,1,Final,Final,19,Coors Field,115,Colorado Rockies,COL,8,False,109,Arizona Diamondbacks,AZ,12,True,669203,Corbin Burnes,Corbin,Burnes,39,1994-10-22,31,"6' 3""",245,1,Pitcher,R,Right,R,Right,,,,,,,,,,,,,,,,,,,,,,,,,,
2026-09-24,824298,,/api/v1.1/game/824298/feed/live,R,2026,2026-09-24,,day,P,N,N,Regular Season,3,3,1,Final,Final,19,Coors Field,115,Colorado Rockies,COL,8,False,109,Arizona Diamondbacks,AZ,12,True,647336,Michael Soroka,Michael,Soroka,34,1997-08-04,29,"6' 5""",250,1,Pitcher,R,Right,R,Right,,,,,,,,,,,,,,,,,,,,,,,,,,
2026-09-24,824298,,/api/v1.1/game/824298/feed/live,R,2026,2026-09-24,,day,P,N,N,Regular Season,3,3,1,Final,Final,19,Coors Field,115,Colorado Rockies,COL,8,False,109,Arizona Diamondbacks,AZ,12,True,672515,Gabriel Moreno,Gabriel,Moreno,14,2000-02-14,26,"5' 9""",200,2,Catcher,R,Right,R,Right,"1-6 | HR, K, 3 RBI",,6,1,0,0,1,3,1,1,0,0,0,0,6,4,,,,,,,,,,
2026-09-24,824298,,/api/v1.1/game/824298/feed/live,R,2026,2026-09-24,,day,P,N,N,Regular Season,3,3,1,Final,Final,19,Coors Field,115,Colorado Rockies,COL,8,False,109,Arizona Diamondbacks,AZ,12,True,642701,Dennis Santana,Dennis,Santana,59,1996-04-12,30,"6' 2""",202,1,Pitcher,R,Right,R,Right,"1.0 IP, 4 ER, K, BB",,,,,,,,,,,,,,,,1.0,4,4,1,1,1,27,0,0,0
2026-09-24,824298,,/api/v1.1/game/824298/feed/live,R,2026,2026-09-24,,day,P,N,N,Regular Season,3,3,1,Final,Final,19,Coors Field,115,Colorado Rockies,COL,8,False,109,Arizona Diamondbacks,AZ,12,True,682998,Corbin Carroll,Corbin,Carroll,7,2000-08-21,26,"5' 10""",180,9,Outfielder,L,Left,L,Left,"1-3 | BB, K",,3,1,0,0,0,0,0,1,1,0,0,0,4,1,,,,,,,,,,
2026-09-24,824298,,/api/v1.1/game/824298/feed/live,R,2026,2026-09-24,,day,P,N,N,Regular Season,3,3,1,Final,Final,19,Coors Field,115,Colorado Rockies,COL,8,False,109,Arizona Diamondbacks,AZ,12,True,664199,Taylor Clarke,Taylor,Clarke,45,1993-05-13,33,"6' 3""",210,1,Pitcher,R,Right,R,Right,"1.0 IP, 2 ER, K, 0 BB",,,,,,,,,,,,,,,,1.0,2,4,1,1,0,34,0,0,0
2026-09-24,824298,,/api/v1.1/game/824298/feed/live,R,2026,2026-09-24,,day,P,N,N,Regular Season,3,3,1,Final,Final,19,Coors Field,115,Colorado Rockies,COL,8,False,109,Arizona Diamondbacks,AZ,12,True,668678,Zac Gallen,Zachary,Gallen,23,1995-08-03,31,"6' 2""",189,1,Pitcher,R,Right,R,Right,,,,,,,,,,,,,,,,,,,,,,,,,,
2026-09-24,824298,,/api/v1.1/game/824298/feed/live,R,2026,2026-09-24,,day,P,N,N,Regular Season,3,3,1,Final,Final,19,Coors Field,115,Colorado Rockies,COL,8,False,109,Arizona Diamondbacks,AZ,12,True,660821,Jesús Sánchez,Jesús,Sánchez,18,1997-10-07,28,"6' 3""",222,10,Designated Hitter,L,Left,R,Right,,,,,,,,,,,,,,,,,,,,,,,,,,
2026-09-24,824298,,/api/v1.1/game/824298/feed/live,R,2026,2026-09-24,,day,P,N,N,Regular Season,3,3,1,Final,Final,19,Coors Field,115,Colorado Rockies,COL,8,False,109,Arizona Diamondbacks,AZ,12,True,543510,James McCann,James,McCann,8,1990-06-13,36,"6' 2""",235,2,Catcher,R,Right,R,Right,"2-5 | HR, 2 RBI, R",,5,2,0,0,1,2,1,0,0,0,0,1,5,5,,,,,,,,,,
2026-09-24,824298,,/api/v1.1/game/824298/feed/live,R,2026,2026-09-24,,day,P,N,N,Regular Season,3,3,1,Final,Final,19,Coors Field,115,Colorado Rockies,COL,8,False,109,Arizona Diamondbacks,AZ,12,True,805299,Brandyn Garcia,Brandyn,Garcia,55,2000-05-27,26,"6' 4""",235,1,Pitcher,L,Left,L,Left,,,,,,,,,,,,,,,,,,,,,,,,,,
2026-09-24,824298,,/api/v1.1/game/824298/feed/live,R,2026,2026-09-24,,day,P,N,N,Regular Season,3,3,1,Final,Final,19,Coors Field,115,Colorado Rockies,COL,8,False,109,Arizona Diamondbacks,AZ,12,True,656976,Pavin Smith,Pavin,Smith,26,1996-02-06,30,"6' 2""",208,3,First Base,L,Left,L,Left,"2-3 | 2B, BB, 2 RBI",,3,2,1,0,0,2,2,0,1,0,0,0,4,3,,,,,,,,,,
2026-09-24,823411,,/api/v1.1/game/823411/feed/live,R,2026,2026-09-24,,night,P,N,N,Regular Season,3,3,1,Final,Final,2681,Citizens Bank Park,143,Philadelphia Phillies,PHI,1,False,158,Milwaukee Brewers,MIL,5,True,669016,Brandon Marsh,Brandon,Marsh,16,1997-12-18,28,"6' 2""",215,7,Outfielder,L,Left,R,Right,0-1,,1,0,0,0,0,0,0,0,0,0,0,0,1,0,,,,,,,,,,
2026-09-24,823411,,/api/v1.1/game/823411/feed/live,R,2026,2026-09-24,,night,P,N,N,Regular Season,3,3,1,Final,Final,2681,Citizens Bank Park,143,Philadelphia Phillies,PHI,1,False,158,Milwaukee Brewers,MIL,5,True,621237,José Alvarado,José,Alvarado,46,1995-05-21,31,"6' 2""",245,1,Pitcher,L,Left,L,Left,"0.1 IP, 3 ER, 0 K, BB",,,,,,,,,,,,,,,,0.1,3,2,0,0,1,21,0,1,0
2026-09-24,823411,,/api/v1.1/game/823411/feed/live,R,2026,2026-09-24,,night,P,N,N,Regular Season,3,3,1,Final,Final,2681,Citizens Bank Park,143,Philadelphia Phillies,PHI,1,False,158,Milwaukee Brewers,MIL,5,True,650559,Bryan De La Cruz,Bryan,De La Cruz,41,1996-12-16,29,"6' 0""",175,9,Outfielder,R,Right,R,Right,"0-3 | BB, K",,3,0,0,0,0,0,0,1,1,0,0,0,4,0,,,,,,,,,,
2026-09-24,823411,,/api/v1.1/game/823411/feed/live,R,2026,2026-09-24,,night,P,N,N,Regular Season,3,3,1,Final,Final,2681,Citizens Bank Park,143,Philadelphia Phillies,PHI,1,False,158,Milwaukee Brewers,MIL,5,True,702222,Justin Crawford,Justin,Crawford,2,2004-01-13,22,"6' 2""",188,8,Outfielder,L,Left,R,Right,0-2 | K,,2,0,0,0,0,0,0,1,0,0,0,0,2,0,,,,,,,,,,
2026-09-24,823411,,/api/v1.1/game/823411/feed/live,R,2026,2026-09-24,,night,P,N,N,Regular Season,3,3,1,Final,Final,2681,Citizens Bank Park,143,Philadelphia Phillies,PHI,1,False,158,Milwaukee Brewers,MIL,5,True,650911,Cristopher Sánchez,Cristopher,Sánchez,61,1996-12-12,29,"6' 6""",200,1,Pitcher,L,Left,L,Left,,,,,,,,,,,,,,,,,,,,,,,,,,
2026-09-24,823411,,/api/v1.1/game/823411/feed/live,R,2026,2026-09-24,,night,P,N,N,Regular Season,3,3,1,Final,Final,2681,Citizens Bank Park,143,Philadelphia Phillies,PHI,1,False,158,Milwaukee Brewers,MIL,5,True,547180,Bryce Harper,Bryce,Harper,3,1992-10-16,33,"6' 1""",210,3,First Base,L,Left,R,Right,2-4 | RBI,,4,2,0,0,0,1,0,0,0,0,0,0,4,2,,,,,,,,,,
2026-09-24,823411,,/api/v1.1/game/823411/feed/live,R,2026,2026-09-24,,night,P,N,N,Regular Season,3,3,1,Final,Final,2681,Citizens Bank Park,143,Philadelphia Phillies,PHI,1,False,158,Milwaukee Brewers,MIL,5,True,592663,J.T. Realmuto,Jacob,Realmuto,10,1991-03-18,35,"6' 0""",212,2,Catcher,R,Right,R,Right,"0-3 | BB, K",,3,0,0,0,0,0,0,1,1,0,0,0,4,0,,,,,,,,,,
2026-09-24,823411,,/api/v1.1/game/823411/feed/live,R,2026,2026-09-24,,night,P,N,N,Regular Season,3,3,1,Final,Final,2681,Citizens Bank Park,143,Philadelphia Phillies,PHI,1,False,158,Milwaukee Brewers,MIL,5,True,554430,Zack Wheeler,Zachary,Wheeler,45,1990-05-30,36,"6' 4""",195,1,Pitcher,L,Left,R,Right,,,,,,,,,,,,,,,,,,,,,,,,,,
2026-09-24,823411,,/api/v1.1/game/823411/feed/live,R,2026,2026-09-24,,night,P,N,N,Regular Season,3,3,1,Final,Final,2681,Citizens Bank Park,143,Philadelphia Phillies,PHI,1,False,158,Milwaukee Brewers,MIL,5,True,624641,Edmundo Sosa,Edmundo,Sosa,33,1996-03-06,30,"5' 11""",210,7,Outfielder,R,Right,R,Right,0-1,,1,0,0,0,0,0,0,0,0,0,0,0,1,0,,,,,,,,,,
2026-09-24,823411,,/api/v1.1/game/823411/feed/live,R,2026,2026-09-24,,night,P,N,N,Regular Season,3,3,1,Final,Final,2681,Citizens Bank Park,143,Philadelphia Phillies,PHI,1,False,158,Milwaukee Brewers,MIL,5,True,661395,Jhoan Duran,Jhoan,Duran,59,1998-01-08,28,"6' 5""",230,1,Pitcher,R,Right,R,Right,,,,,,,,,,,,,,,,,,,,,,,,,,
2026-09-24,823411,,/api/v1.1/game/823411/feed/live,R,2026,2026-09-24,,night,P,N,N,Regular Season,3,3,1,Final,Final,2681,Citizens Bank Park,143,Philadelphia Phillies,PHI,1,False,158,Milwaukee Brewers,MIL,5,True,664761,Alec Bohm,Alec,Bohm,28,1996-08-03,30,"6' 4""",218,5,Third Base,R,Right,R,Right,"0-3 | BB, K",,3,0,0,0,0,0,0,1,1,0,0,0,4,0,,,,,,,,,,
2026-09-24,823411,,/api/v1.1/game/823411/feed/live,R,2026,2026-09-24,,night,P,N,N,Regular Season,3,3,1,Final,Final,2681,Citizens Bank Park,143,Philadelphia Phillies,PHI,1,False,158,Milwaukee Brewers,MIL,5,True,680742,Jonathan Bowlan,Jonathan,Bowlan,52,1996-12-01,29,"6' 6""",240,1,Pitcher,R,Right,R,Right,,,,,,,,,,,,,,,,,,,,,,,,,,
2026-09-24,823411,,/api/v1.1/game/823411/feed/live,R,2026,2026-09-24,,night,P,N,N,Regular Season,3,3,1,Final,Final,2681,Citizens Bank Park,143,Philadelphia Phillies,PHI,1,False,158,Milwaukee Brewers,MIL,5,True,663767,Chase Shugart,Chase,Shugart,55,1996-10-24,29,"5' 11""",200,1,Pitcher,L,Left,R,Right,"0.2 IP, 0 ER, K, 0 BB",,,,,,,,,,,,,,,,0.2,0,2,0,1,0,11,0,0,0
2026-09-24,823411,,/api/v1.1/game/823411/feed/live,R,2026,2026-09-24,,night,P,N,N,Regular Season,3,3,1,Final,Final,2681,Citizens Bank Park,143,Philadelphia Phillies,PHI,1,False,158,Milwaukee Brewers,MIL,5,True,641835,Tim Mayza,Timothy,Mayza,37,1992-01-15,34,"6' 3""",215,1,Pitcher,L,Left,L,Left,"1.0 IP, ER, 0 K, 0 BB",,,,,,,,,,,,,,,,1.0,1,2,1,0,0,15,0,0,0
2026-09-24,823411,,/api/v1.1/game/823411/feed/live,R,2026,2026-09-24,,night,P,N,N,Regular Season,3,3,1,Final,Final,2681,Citizens Bank Park,143,Philadelphia Phillies,PHI,1,False,158,Milwaukee Brewers,MIL,5,True,681082,Bryson Stott,Bryson,Stott,5,1997-10-06,28,"6' 0""",200,4,Second Base,L,Left,R,Right,"0-3 | BB, K",,3,0,0,0,0,0,0,1,1,0,0,0,4,0,,,,,,,,,,
2026-09-24,823411,,/api/v1.1/game/823411/feed/live,R,2026,2026-09-24,,night,P,N,N,Regular Season,3,3,1,Final,Final,2681,Citizens Bank Park,143,Philadelphia Phillies,PHI,1,False,158,Milwaukee Brewers,MIL,5,True,656941,Kyle Schwarber,Kyle,Schwarber,12,1993-03-05,33,"5' 11""",229,10,Designated Hitter,L,Left,R,Right,"2-4 | 2B, R",,4,2,1,0,0,0,1,0,0,0,0,0,4,3,,,,,,,,,,
2026-09-24,823411,,/api/v1.1/game/823411/feed/live,R,2026,2026-09-24,,night,P,N,N,Regular Season,3,3,1,Final,Final,2681,Citizens Bank Park,143,Philadelphia Phillies,PHI,1,False,158,Milwaukee Brewers,MIL,5,True,665561,Rafael Marchán,Rafael,Marchán,13,1999-02-25,27,"5' 9""",170,2,Catcher,S,Switch,R,Right,,,,,,,,,,,,,,,,,,,,,,,,,,
2026-09-24,823411,,/api/v1.1/game/823411/feed/live,R,2026,2026-09-24,,night,P,N,N,Regular Season,3,3,1,Final,Final,2681,Citizens Bank Park,143,Philadelphia Phillies,PHI,1,False,158,Milwaukee Brewers,MIL,5,True,596117,Garrett Stubbs,Garrett,Stubbs,21,1993-05-26,33,"5' 9""",170,2,Catcher,L,Left,R,Right,,,,,,,,,,,,,,,,,,,,,,,,,,
2026-09-24,823411,,/api/v1.1/game/823411/feed/live,R,2026,2026-09-24,,night,P,N,N,Regular Season,3,3,1,Final,Final,2681,Citizens Bank Park,143,Philadelphia Phillies,PHI,1,False,158,Milwaukee Brewers,MIL,5,True,664353,José Urquidy,José,Urquidy,70,1995-05-01,31,"6' 0""",225,1,Pitcher,R,Right,R,Right,,,,,,,,,,,,,,,,,,,,,,,,,,
2026-09-24,823411,,/api/v1.1/game/823411/feed/live,R,2026,2026-09-24,,night,P,N,N,Regular Season,3,3,1,Final,Final,2681,Citizens Bank Park,143,Philadelphia Phillies,PHI,1,False,158,Milwaukee Brewers,MIL,5,True,621383,Tanner Banks,Tanner,Banks,58,1991-10-24,34,"6' 1""",205,1,Pitcher,R,Right,L,Left,,,,,,,,,,,,,,,,,,,,,,,,,,
2026-09-24,823411,,/api/v1.1/game/823411/feed/live,R,2026,2026-09-24,,night,P,N,N,Regular Season,3,3,1,Final,Final,2681,Citizens Bank Park,143,Philadelphia Phillies,PHI,1,False,158,Milwaukee Brewers,MIL,5,True,686934,Alex McFarlane,Alexander,McFarlane,71,2001-06-09,25,"6' 3""",215,1,Pitcher,R,Right,R,Right,"1.0 IP, 0 ER, 3 K, 2 BB",,,,,,,,,,,,,,,,1.0,0,0,0,3,2,27,0,0,0
2026-09-24,823411,,/api/v1.1/game/823411/feed/live,R,2026,2026-09-24,,night,P,N,N,Regular Season,3,3,1,Final,Final,2681,Citizens Bank Park,143,Philadelphia Phillies,PHI,1,False,158,Milwaukee Brewers,MIL,5,True,676661,Max Lazar,Max,Lazar,60,1999-06-03,27,"6' 1""",200,1,Pitcher,R,Right,R,Right,,,,,,,,,,,,,,,,,,,,,,,,,,
2026-09-24,823411,,/api/v1.1/game/823411/feed/live,R,2026,2026-09-24,,night,P,N,N,Regular Season,3,3,1,Final,Final,2681,Citizens Bank Park,143,Philadelphia Phillies,PHI,1,False,158,Milwaukee Brewers,MIL,5,True,605400,Aaron Nola,Aaron,Nola,27,1993-06-04,33,"6' 2""",200,1,Pitcher,R,Right,R,Right,,,,,,,,,,,,,,,,,,,,,,,,,,
2026-09-24,823411,,/api/v1.1/game/823411/feed/live,R,2026,2026-09-24,,night,P,N,N,Regular Season,3,3,1,Final,Final,2681,Citizens Bank Park,143,Philadelphia Phillies,PHI,1,False,158,Milwaukee Brewers,MIL,5,True,548384,Brooks Raley,Brooks,Raley,30,1988-06-29,38,"6' 3""",200,1,Pitcher,L,Left,L,Left,,,,,,,,,,,,,,,,,,,,,,,,,,
2026-09-24,823411,,/api/v1.1/game/823411/feed/live,R,2026,2026-09-24,,night,P,N,N,Regular Season,3,3,1,Final,Final,2681,Citizens Bank Park,143,Philadelphia Phillies,PHI,1,False,158,Milwaukee Brewers,MIL,5,True,607208,Trea Turner,Trea,Turner,7,1993-06-30,33,"6' 1""",185,6,Shortstop,R,Right,R,Right,0-4 | K,,4,0,0,0,0,0,0,1,0,0,0,0,4,0,,,,,,,,,,
2026-09-24,823411,,/api/v1.1/game/823411/feed/live,R,2026,2026-09-24,,night,P,N,N,Regular Season,3,3,1,Final,Final,2681,Citizens Bank Park,143,Philadelphia Phillies,PHI,1,False,158,Milwaukee Brewers,MIL,5,True,650333,Luis Arraez,Luis,Arraez,4,1997-04-09,29,"5' 10""",186,4,Second Base,L,Left,R,Right,0-3,,3,0,0,0,0,0,0,0,0,0,0,0,3,0,,,,,,,,,,
2026-09-24,823411,,/api/v1.1/game/823411/feed/live,R,2026,2026-09-24,,night,P,N,N,Regular Season,3,3,1,Final,Final,2681,Citizens Bank Park,143,Philadelphia Phillies,PHI,1,False,158,Milwaukee Brewers,MIL,5,True,656537,Derek Hill,Derek,Hill,49,1995-12-30,30,"6' 0""",206,8,Outfielder,R,Right,R,Right,0-1,,1,0,0,0,0,0,0,0,0,0,0,0,1,0,,,,,,,,,,
2026-09-24,823411,,/api/v1.1/game/823411/feed/live,R,2026,2026-09-24,,night,P,N,N,Regular Season,3,3,1,Final,Final,2681,Citizens Bank Park,143,Philadelphia Phillies,PHI,1,False,158,Milwaukee Brewers,MIL,5,True,691725,Andrew Painter,Andrew,Painter,24,2003-04-10,23,"6' 7""",215,1,Pitcher,R,Right,R,Right,"6.0 IP, ER, 8 K, 3 BB",,,,,,,,,,,,,,,,6.0,1,5,0,8,3,93,0,0,0
2026-09-24,823411,,/api/v1.1/game/823411/feed/live,R,2026,2026-09-24,,night,P,N,N,Regular Season,3,3,1,Final,Final,2681,Citizens Bank Park,143,Philadelphia Phillies,PHI,1,False,158,Milwaukee Brewers,MIL,5,True,694477,Chad Patrick,Chandler,Patrick,39,1998-08-14,28,"6' 1""",217,1,Pitcher,R,Right,R,Right,"1.1 IP, 0 ER, 0 K, BB",,,,,,,,,,,,,,,,1.1,0,0,0,0,1,16,0,0,0
2026-09-24,823411,,/api/v1.1/game/823411/feed/live,R,2026,2026-09-24,,night,P,N,N,Regular Season,3,3,1,Final,Final,2681,Citizens Bank Park,143,Philadelphia Phillies,PHI,1,False,158,Milwaukee Brewers,MIL,5,True,806198,Cooper Pratt,Cooper,Pratt,12,2004-08-18,22,"6' 4""",210,6,Shortstop,R,Right,R,Right,"2-3 | BB, RBI, SB",,3,2,0,0,0,1,0,0,1,1,0,0,4,2,,,,,,,,,,
2026-09-24,823411,,/api/v1.1/game/823411/feed/live,R,2026,2026-09-24,,night,P,N,N,Regular Season,3,3,1,Final,Final,2681,Citizens Bank Park,143,Philadelphia Phillies,PHI,1,False,158,Milwaukee Brewers,MIL,5,True,687401,Joey Ortiz,Joseph,Ortiz,3,1998-07-14,28,"5' 10""",192,6,Shortstop,R,Right,R,Right,"1-4 | 2 K, RBI",,4,1,0,0,0,1,0,2,0,0,0,0,4,1,,,,,,,,,,
2026-09-24,823411,,/api/v1.1/game/823411/feed/live,R,2026,2026-09-24,,night,P,N,N,Regular Season,3,3,1,Final,Final,2681,Citizens Bank Park,143,Philadelphia Phillies,PHI,1,False,158,Milwaukee Brewers,MIL,5,True,701656,Logan Henderson,Logan,Henderson,43,2002-03-02,24,"6' 0""",209,1,Pitcher,R,Right,R,Right,,,,,,,,,,,,,,,,,,,,,,,,,,
2026-09-24,823411,,/api/v1.1/game/823411/feed/live,R,2026,2026-09-24,,night,P,N,N,Regular Season,3,3,1,Final,Final,2681,Citizens Bank Park,143,Philadelphia Phillies,PHI,1,False,158,Milwaukee Brewers,MIL,5,True,694192,Jackson Chourio,Jackson,Chourio,11,2004-03-11,22,"6' 1""",199,7,Outfielder,R,Right,R,Right,"1-1 | HR, BB, RBI",,1,1,0,0,1,1,2,0,1,1,0,0,2,4,,,,,,,,,,
2026-09-24,823411,,/api/v1.1/game/823411/feed/live,R,2026,2026-09-24,,night,P,N,N,Regular Season,3,3,1,Final,Final,2681,Citizens Bank Park,143,Philadelphia Phillies,PHI,1,False,158,Milwaukee Brewers,MIL,5,True,680689,Lyon Richardson,Lyon,Richardson,48,2000-01-18,26,"6' 2""",207,1,Pitcher,S,Switch,R,Right,,,,,,,,,,,,,,,,,,,,,,,,,,
2026-09-24,823411,,/api/v1.1/game/823411/feed/live,R,2026,2026-09-24,,night,P,N,N,Regular Season,3,3,1,Final,Final,2681,Citizens Bank Park,143,Philadelphia Phillies,PHI,1,False,158,Milwaukee Brewers,MIL,5,True,592885,Christian Yelich,Christian,Yelich,22,1991-12-05,34,"6' 4""",220,10,Designated Hitter,L,Left,R,Right,,,,,,,,,,,,,,,,,,,,,,,,,,
2026-09-24,823411,,/api/v1.1/game/823411/feed/live,R,2026,2026-09-24,,night,P,N,N,Regular Season,3,3,1,Final,Final,2681,Citizens Bank Park,143,Philadelphia Phillies,PHI,1,False,158,Milwaukee Brewers,MIL,5,True,641343,Jake Bauers,Jakob,Bauers,9,1995-10-06,30,"6' 0""",216,3,First Base,L,Left,L,Left,"2-5 | 2B, 2 K, RBI",,5,2,1,0,0,1,1,2,0,0,0,0,5,3,,,,,,,,,,
2026-09-24,823411,,/api/v1.1/game/823411/feed/live,R,2026,2026-09-24,,night,P,N,N,Regular Season,3,3,1,Final,Final,2681,Citizens Bank Park,143,Philadelphia Phillies,PHI,1,False,158,Milwaukee Brewers,MIL,5,True,686217,Sal Frelick,Salvatore,Frelick,10,2000-04-19,26,"5' 9""",191,9,Outfielder,L,Left,R,Right,"1-2 | 2B, 2 BB, RBI",,2,1,1,0,0,1,0,0,2,0,0,0,4,2,,,,,,,,,,
2026-09-24,823411,,/api/v1.1/game/823411/feed/live,R,2026,2026-09-24,,night,P,N,N,Regular Season,3,3,1,Final,Final,2681,Citizens Bank Park,143,Philadelphia Phillies,PHI,1,False,158,Milwaukee Brewers,MIL,5,True,682842,Abner Uribe,Abner,Uribe,45,2000-06-20,26,"6' 3""",205,1,Pitcher,R,Right,R,Right,,,,,,,,,,,,,,,,,,,,,,,,,,
2026-09-24,823411,,/api/v1.1/game/823411/feed/live,R,2026,2026-09-24,,night,P,N,N,Regular Season,3,3,1,Final,Final,2681,Citizens Bank Park,143,Philadelphia Phillies,PHI,1,False,158,Milwaukee Brewers,MIL,5,True,668941,JoJo Romero,Joseph,Romero,33,1996-09-09,30,"5' 11""",215,1,Pitcher,L,Left,L,Left,"1.1 IP, 0 ER, K, 0 BB",,,,,,,,,,,,,,,,1.1,0,1,0,1,0,17,1,0,0
2026-09-24,823411,,/api/v1.1/game/823411/feed/live,R,2026,2026-09-24,,night,P,N,N,Regular Season,3,3,1,Final,Final,2681,Citizens Bank Park,143,Philadelphia Phillies,PHI,1,False,158,Milwaukee Brewers,MIL,5,True,683734,Andrew Vaughn,Andrew,Vaughn,28,1998-04-03,28,"5' 10""",215,3,First Base,R,Right,R,Right,,,,,,,,,,,,,,,,,,,,,,,,,,
2026-09-24,823411,,/api/v1.1/game/823411/feed/live,R,2026,2026-09-24,,night,P,N,N,Regular Season,3,3,1,Final,Final,2681,Citizens Bank Park,143,Philadelphia Phillies,PHI,1,False,158,Milwaukee Brewers,MIL,5,True,675660,Shane Drohan,Shane,Drohan,55,1999-01-07,27,"6' 2""",202,1,Pitcher,L,Left,L,Left,"2.2 IP, ER, 2 K, 2 BB",,,,,,,,,,,,,,,,2.2,1,3,0,2,2,47,0,0,0
2026-09-24,823411,,/api/v1.1/game/823411/feed/live,R,2026,2026-09-24,,night,P,N,N,Regular Season,3,3,1,Final,Final,2681,Citizens Bank Park,143,Philadelphia Phillies,PHI,1,False,158,Milwaukee Brewers,MIL,5,True,690986,Kyle Harrison,Kyle,Harrison,52,2001-08-12,25,"6' 2""",216,1,Pitcher,R,Right,L,Left,,,,,,,,,,,,,,,,,,,,,,,,,,
2026-09-24,823411,,/api/v1.1/game/823411/feed/live,R,2026,2026-09-24,,night,P,N,N,Regular Season,3,3,1,Final,Final,2681,Citizens Bank Park,143,Philadelphia Phillies,PHI,1,False,158,Milwaukee Brewers,MIL,5,True,666310,Bo Naylor,Noah,Naylor,14,2000-02-21,26,"5' 9""",205,2,Catcher,L,Left,R,Right,,,,,,,,,,,,,,,,,,,,,,,,,,
2026-09-24,823411,,/api/v1.1/game/823411/feed/live,R,2026,2026-09-24,,night,P,N,N,Regular Season,3,3,1,Final,Final,2681,Citizens Bank Park,143,Philadelphia Phillies,PHI,1,False,158,Milwaukee Brewers,MIL,5,True,669003,Garrett Mitchell,Garrett,Mitchell,5,1998-09-04,28,"6' 2""",229,8,Outfielder,L,Left,R,Right,1-5 | 4 K,,5,1,0,0,0,0,0,4,0,0,0,0,5,1,,,,,,,,,,
2026-09-24,823411,,/api/v1.1/game/823411/feed/live,R,2026,2026-09-24,,night,P,N,N,Regular Season,3,3,1,Final,Final,2681,Citizens Bank Park,143,Philadelphia Phillies,PHI,1,False,158,Milwaukee Brewers,MIL,5,True,676879,Aaron Ashby,Aaron,Ashby,26,1998-05-24,28,"6' 0""",194,1,Pitcher,R,Right,L,Left,"2.0 IP, 0 ER, 2 K, 0 BB",,,,,,,,,,,,,,,,2.0,0,0,0,2,0,33,0,0,0
2026-09-24,823411,,/api/v1.1/game/823411/feed/live,R,2026,2026-09-24,,night,P,N,N,Regular Season,3,3,1,Final,Final,2681,Citizens Bank Park,143,Philadelphia Phillies,PHI,1,False,158,Milwaukee Brewers,MIL,5,True,666152,David Hamilton,David,Hamilton,6,1997-09-29,28,"5' 10""",192,5,Third Base,L,Left,R,Right,,,,,,,,,,,,,,,,,,,,,,,,,,
2026-09-24,823411,,/api/v1.1/game/823411/feed/live,R,2026,2026-09-24,,night,P,N,N,Regular Season,3,3,1,Final,Final,2681,Citizens Bank Park,143,Philadelphia Phillies,PHI,1,False,158,Milwaukee Brewers,MIL,5,True,661388,William Contreras,William,Contreras,24,1997-12-24,28,"5' 10""",217,2,Catcher,R,Right,R,Right,0-2 | BB,,2,0,0,0,0,0,0,0,1,0,0,0,3,0,,,,,,,,,,
2026-09-24,823411,,/api/v1.1/game/823411/feed/live,R,2026,2026-09-24,,night,P,N,N,Regular Season,3,3,1,Final,Final,2681,Citizens Bank Park,143,Philadelphia Phillies,PHI,1,False,158,Milwaukee Brewers,MIL,5,True,668930,Brice Turang,Brice,Turang,2,1999-11-21,26,"6' 0""",190,4,Second Base,L,Left,R,Right,1-5 | 2 K,,5,1,0,0,0,0,0,2,0,0,0,1,5,1,,,,,,,,,,
2026-09-24,823411,,/api/v1.1/game/823411/feed/live,R,2026,2026-09-24,,night,P,N,N,Regular Season,3,3,1,Final,Final,2681,Citizens Bank Park,143,Philadelphia Phillies,PHI,1,False,158,Milwaukee Brewers,MIL,5,True,688107,Robert Gasser,Robert,Gasser,54,1999-05-31,27,"6' 0""",197,1,Pitcher,L,Left,L,Left,,,,,,,,,,,,,,,,,,,,,,,,,,
2026-09-24,823411,,/api/v1.1/game/823411/feed/live,R,2026,2026-09-24,,night,P,N,N,Regular Season,3,3,1,Final,Final,2681,Citizens Bank Park,143,Philadelphia Phillies,PHI,1,False,158,Milwaukee Brewers,MIL,5,True,596142,Gary Sánchez,Gary,Sánchez,99,1992-12-02,33,"6' 2""",251,2,Catcher,R,Right,R,Right,"1-4 | BB, 2 K, 2 R",,4,1,0,0,0,0,2,2,1,0,0,0,5,1,,,,,,,,,,
2026-09-24,823411,,/api/v1.1/game/823411/feed/live,R,2026,2026-09-24,,night,P,N,N,Regular Season,3,3,1,Final,Final,2681,Citizens Bank Park,143,Philadelphia Phillies,PHI,1,False,158,Milwaukee Brewers,MIL,5,True,694819,Jacob Misiorowski,Jacob,Misiorowski,32,2002-04-03,24,"6' 7""",201,1,Pitcher,R,Right,R,Right,,,,,,,,,,,,,,,,,,,,,,,,,,
2026-09-24,823411,,/api/v1.1/game/823411/feed/live,R,2026,2026-09-24,,night,P,N,N,Regular Season,3,3,1,Final,Final,2681,Citizens Bank Park,143,Philadelphia Phillies,PHI,1,False,158,Milwaukee Brewers,MIL,5,True,669084,DL Hall,Dayton,Hall,37,1998-09-19,28,"6' 1""",209,1,Pitcher,L,Left,L,Left,,,,,,,,,,,,,,,,,,,,,,,,,,
2026-09-24,823411,,/api/v1.1/game/823411/feed/live,R,2026,2026-09-24,,night,P,N,N,Regular Season,3,3,1,Final,Final,2681,Citizens Bank Park,143,Philadelphia Phillies,PHI,1,False,158,Milwaukee Brewers,MIL,5,True,622608,Antonio Senzatela,Antonio,Senzatela,49,1995-01-21,31,"6' 1""",235,1,Pitcher,R,Right,R,Right,"1.2 IP, 0 ER, K, BB",,,,,,,,,,,,,,,,1.2,0,0,0,1,1,19,0,0,1
2026-09-24,823411,,/api/v1.1/game/823411/feed/live,R,2026,2026-09-24,,night,P,N,N,Regular Season,3,3,1,Final,Final,2681,Citizens Bank Park,143,Philadelphia Phillies,PHI,1,False,158,Milwaukee Brewers,MIL,5,True,669160,Dustin May,Dustin,May,21,1997-09-06,29,"6' 6""",180,1,Pitcher,R,Right,R,Right,,,,,,,,,,,,,,,,,,,,,,,,,,
2026-09-24,823411,,/api/v1.1/game/823411/feed/live,R,2026,2026-09-24,,night,P,N,N,Regular Season,3,3,1,Final,Final,2681,Citizens Bank Park,143,Philadelphia Phillies,PHI,1,False,158,Milwaukee Brewers,MIL,5,True,800325,Luis Lara,Luis,Lara,18,2004-11-17,21,"5' 7""",169,9,Outfielder,S,Switch,R,Right,1-5 | CS,,5,1,0,0,0,0,0,0,0,0,1,0,5,1,,,,,,,,,,
2026-09-24,823411,,/api/v1.1/game/823411/feed/live,R,2026,2026-09-24,,night,P,N,N,Regular Season,3,3,1,Final,Final,2681,Citizens Bank Park,143,Philadelphia Phillies,PHI,1,False,158,Milwaukee Brewers,MIL,5,True,656730,Trevor Megill,Trevor,Megill,29,1993-12-05,32,"6' 8""",253,1,Pitcher,L,Left,R,Right,,,,,,,,,,,,,,,,,,,,,,,,,,
2026-09-24,824707,,/api/v1.1/game/824707/feed/live,R,2026,2026-09-24,,night,P,N,N,Regular Season,3,3,1,Final,Final,3,Fenway Park,111,Boston Red Sox,BOS,0,False,114,Cleveland Guardians,CLE,1,True,670103,Raymond Burgos,Raymond,Burgos,79,1998-11-29,27,"6' 5""",209,1,Pitcher,L,Left,L,Left,"2.0 IP, 0 ER, K, 0 BB",,,,,,,,,,,,,,,,2.0,0,0,0,1,0,28,0,0,0
2026-09-24,824707,,/api/v1.1/game/824707/feed/live,R,2026,2026-09-24,,night,P,N,N,Regular Season,3,3,1,Final,Final,3,Fenway Park,111,Boston Red Sox,BOS,0,False,114,Cleveland Guardians,CLE,1,True,701350,Roman Anthony,Roman,Anthony,19,2004-05-13,22,"6' 3""",200,7,Outfielder,L,Left,R,Right,,,,,,,,,,,,,,,,,,,,,,,,,,
2026-09-24,824707,,/api/v1.1/game/824707/feed/live,R,2026,2026-09-24,,night,P,N,N,Regular Season,3,3,1,Final,Final,3,Fenway Park,111,Boston Red Sox,BOS,0,False,114,Cleveland Guardians,CLE,1,True,687562,Jake Bennett,William,Bennett,64,2000-12-02,25,"6' 6""",234,1,Pitcher,L,Left,L,Left,,,,,,,,,,,,,,,,,,,,,,,,,,
2026-09-24,824707,,/api/v1.1/game/824707/feed/live,R,2026,2026-09-24,,night,P,N,N,Regular Season,3,3,1,Final,Final,3,Fenway Park,111,Boston Red Sox,BOS,0,False,114,Cleveland Guardians,CLE,1,True,575929,Willson Contreras,Willson,Contreras,40,1992-05-13,34,"6' 0""",240,3,First Base,R,Right,R,Right,,,,,,,,,,,,,,,,,,,,,,,,,,
2026-09-24,824707,,/api/v1.1/game/824707/feed/live,R,2026,2026-09-24,,night,P,N,N,Regular Season,3,3,1,Final,Final,3,Fenway Park,111,Boston Red Sox,BOS,0,False,114,Cleveland Guardians,CLE,1,True,594027,Tyron Guerrero,Tayron,Guerrero,41,1991-01-09,35,"6' 8""",225,1,Pitcher,R,Right,R,Right,,,,,,,,,,,,,,,,,,,,,,,,,,
2026-09-24,824707,,/api/v1.1/game/824707/feed/live,R,2026,2026-09-24,,night,P,N,N,Regular Season,3,3,1,Final,Final,3,Fenway Park,111,Boston Red Sox,BOS,0,False,114,Cleveland Guardians,CLE,1,True,663776,Patrick Sandoval,Patrick,Sandoval,43,1996-10-18,29,"6' 3""",190,1,Pitcher,L,Left,L,Left,"1.0 IP, 0 ER, K, 0 BB",,,,,,,,,,,,,,,,1.0,0,1,0,1,0,12,0,0,0
2026-09-24,824707,,/api/v1.1/game/824707/feed/live,R,2026,2026-09-24,,night,P,N,N,Regular Season,3,3,1,Final,Final,3,Fenway Park,111,Boston Red Sox,BOS,0,False,114,Cleveland Guardians,CLE,1,True,663330,Jahmai Jones,Jahmai,Jones,37,1997-08-04,29,"5' 10""",210,10,Designated Hitter,R,Right,R,Right,,,,,,,,,,,,,,,,,,,,,,,,,,
2026-09-24,824707,,/api/v1.1/game/824707/feed/live,R,2026,2026-09-24,,night,P,N,N,Regular Season,3,3,1,Final,Final,3,Fenway Park,111,Boston Red Sox,BOS,0,False,114,Cleveland Guardians,CLE,1,True,687941,Alec Gamboa,Alec,Gamboa,68,1997-01-17,29,"6' 1""",205,1,Pitcher,S,Switch,L,Left,,,,,,,,,,,,,,,,,,,,,,,,,,
2026-09-24,824707,,/api/v1.1/game/824707/feed/live,R,2026,2026-09-24,,night,P,N,N,Regular Season,3,3,1,Final,Final,3,Fenway Park,111,Boston Red Sox,BOS,0,False,114,Cleveland Guardians,CLE,1,True,669711,Greg Weissert,Gregory,Weissert,57,1995-02-04,31,"6' 2""",235,1,Pitcher,R,Right,R,Right,,,,,,,,,,,,,,,,,,,,,,,,,,
2026-09-24,824707,,/api/v1.1/game/824707/feed/live,R,2026,2026-09-24,,night,P,N,N,Regular Season,3,3,1,Final,Final,3,Fenway Park,111,Boston Red Sox,BOS,0,False,114,Cleveland Guardians,CLE,1,True,657136,Connor Wong,Connor,Wong,12,1996-05-19,30,"5' 10""",190,2,Catcher,R,Right,R,Right,,,,,,,,,,,,,,,,,,,,,,,,,,
2026-09-24,824707,,/api/v1.1/game/824707/feed/live,R,2026,2026-09-24,,night,P,N,N,Regular Season,3,3,1,Final,Final,3,Fenway Park,111,Boston Red Sox,BOS,0,False,114,Cleveland Guardians,CLE,1,True,668939,Adley Rutschman,Adley,Rutschman,31,1998-02-06,28,"6' 1""",230,2,Catcher,S,Switch,R,Right,0-4 | 3 K,,4,0,0,0,0,0,0,3,0,0,0,0,4,0,,,,,,,,,,
2026-09-24,824707,,/api/v1.1/game/824707/feed/live,R,2026,2026-09-24,,night,P,N,N,Regular Season,3,3,1,Final,Final,3,Fenway Park,111,Boston Red Sox,BOS,0,False,114,Cleveland Guardians,CLE,1,True,596115,Trevor Story,Trevor,Story,10,1992-11-15,33,"6' 1""",209,6,Shortstop,R,Right,R,Right,0-3 | 2 K,,3,0,0,0,0,0,0,2,0,0,0,0,3,0,,,,,,,,,,
2026-09-24,824707,,/api/v1.1/game/824707/feed/live,R,2026,2026-09-24,,night,P,N,N,Regular Season,3,3,1,Final,Final,3,Fenway Park,111,Boston Red Sox,BOS,0,False,114,Cleveland Guardians,CLE,1,True,678394,Brayan Bello,Brayan,Bello,66,1999-05-17,27,"6' 1""",195,1,Pitcher,R,Right,R,Right,,,,,,,,,,,,,,,,,,,,,,,,,,
2026-09-24,824707,,/api/v1.1/game/824707/feed/live,R,2026,2026-09-24,,night,P,N,N,Regular Season,3,3,1,Final,Final,3,Fenway Park,111,Boston Red Sox,BOS,0,False,114,Cleveland Guardians,CLE,1,True,677800,Wilyer Abreu,Wilyer,Abreu,52,1999-06-24,27,"5' 10""",215,9,Outfielder,L,Left,L,Left,0-4 | K,,4,0,0,0,0,0,0,1,0,0,0,0,4,0,,,,,,,,,,
2026-09-24,824707,,/api/v1.1/game/824707/feed/live,R,2026,2026-09-24,,night,P,N,N,Regular Season,3,3,1,Final,Final,3,Fenway Park,111,Boston Red Sox,BOS,0,False,114,Cleveland Guardians,CLE,1,True,676477,Garrett Whitlock,Garrett,Whitlock,22,1996-06-11,30,"6' 5""",222,1,Pitcher,R,Right,R,Right,,,,,,,,,,,,,,,,,,,,,,,,,,
2026-09-24,824707,,/api/v1.1/game/824707/feed/live,R,2026,2026-09-24,,night,P,N,N,Regular Season,3,3,1,Final,Final,3,Fenway Park,111,Boston Red Sox,BOS,0,False,114,Cleveland Guardians,CLE,1,True,655316,Andruw Monasterio,Andruw,Monasterio,32,1997-05-30,29,"5' 11""",195,6,Shortstop,R,Right,R,Right,0-0 | BB,,0,0,0,0,0,0,0,0,1,0,0,0,1,0,,,,,,,,,,
2026-09-24,824707,,/api/v1.1/game/824707/feed/live,R,2026,2026-09-24,,night,P,N,N,Regular Season,3,3,1,Final,Final,3,Fenway Park,111,Boston Red Sox,BOS,0,False,114,Cleveland Guardians,CLE,1,True,543243,Sonny Gray,Sonny,Gray,54,1989-11-07,36,"5' 10""",190,1,Pitcher,R,Right,R,Right,,,,,,,,,,,,,,,,,,,,,,,,,,
2026-09-24,824707,,/api/v1.1/game/824707/feed/live,R,2026,2026-09-24,,night,P,N,N,Regular Season,3,3,1,Final,Final,3,Fenway Park,111,Boston Red Sox,BOS,0,False,114,Cleveland Guardians,CLE,1,True,643396,Isiah Kiner-Falefa,Isiah,Kiner-Falefa,2,1995-03-23,31,"5' 10""",195,4,Second Base,R,Right,R,Right,0-3 | 2 K,,3,0,0,0,0,0,0,2,0,0,0,0,3,0,,,,,,,,,,
2026-09-24,824707,,/api/v1.1/game/824707/feed/live,R,2026,2026-09-24,,night,P,N,N,Regular Season,3,3,1,Final,Final,3,Fenway Park,111,Boston Red Sox,BOS,0,False,114,Cleveland Guardians,CLE,1,True,681508,Mickey Gasper,Michael,Gasper,30,1995-10-11,30,"5' 9""",205,10,Designated Hitter,S,Switch,R,Right,"0-2 | BB, K",,2,0,0,0,0,0,0,1,1,0,0,0,3,0,,,,,,,,,,
2026-09-24,824707,,/api/v1.1/game/824707/feed/live,R,2026,2026-09-24,,night,P,N,N,Regular Season,3,3,1,Final,Final,3,Fenway Park,111,Boston Red Sox,BOS,0,False,114,Cleveland Guardians,CLE,1,True,702332,Caleb Durbin,Caleb,Durbin,5,2000-02-22,26,"5' 6""",183,5,Third Base,R,Right,R,Right,"0-3 | BB, K",,3,0,0,0,0,0,0,1,1,0,0,0,4,0,,,,,,,,,,
2026-09-24,824707,,/api/v1.1/game/824707/feed/live,R,2026,2026-09-24,,night,P,N,N,Regular Season,3,3,1,Final,Final,3,Fenway Park,111,Boston Red Sox,BOS,0,False,114,Cleveland Guardians,CLE,1,True,624133,Ranger Suarez,Ranger,Suarez,55,1995-08-26,31,"6' 1""",217,1,Pitcher,L,Left,L,Left,"5.0 IP, ER, 5 K, BB",,,,,,,,,,,,,,,,5.0,1,3,1,5,1,86,0,1,0
2026-09-24,824707,,/api/v1.1/game/824707/feed/live,R,2026,2026-09-24,,night,P,N,N,Regular Season,3,3,1,Final,Final,3,Fenway Park,111,Boston Red Sox,BOS,0,False,114,Cleveland Guardians,CLE,1,True,686765,Nick Sogard,Nicholas,Sogard,20,1997-09-09,29,"6' 1""",189,4,Second Base,S,Switch,R,Right,1-4 | K,,4,1,0,0,0,0,0,1,0,0,0,0,4,1,,,,,,,,,,
2026-09-24,824707,,/api/v1.1/game/824707/feed/live,R,2026,2026-09-24,,night,P,N,N,Regular Season,3,3,1,Final,Final,3,Fenway Park,111,Boston Red Sox,BOS,0,False,114,Cleveland Guardians,CLE,1,True,680776,Jarren Duran,Jarren,Duran,16,1996-09-05,30,"6' 0""",205,7,Outfielder,L,Left,R,Right,1-3 | SB,,3,1,0,0,0,0,0,0,0,1,0,0,3,1,,,,,,,,,,
2026-09-24,824707,,/api/v1.1/game/824707/feed/live,R,2026,2026-09-24,,night,P,N,N,Regular Season,3,3,1,Final,Final,3,Fenway Park,111,Boston Red Sox,BOS,0,False,114,Cleveland Guardians,CLE,1,True,801139,Payton Tolle,Payton,Tolle,70,2002-11-01,23,"6' 6""",250,1,Pitcher,L,Left,L,Left,,,,,,,,,,,,,,,,,,,,,,,,,,
2026-09-24,824707,,/api/v1.1/game/824707/feed/live,R,2026,2026-09-24,,night,P,N,N,Regular Season,3,3,1,Final,Final,3,Fenway Park,111,Boston Red Sox,BOS,0,False,114,Cleveland Guardians,CLE,1,True,678882,Ceddanne Rafaela,Ceddanne,Rafaela,3,2000-09-18,26,"5' 10""",165,8,Outfielder,R,Right,R,Right,"0-3 | BB, K",,3,0,0,0,0,0,0,1,1,0,0,1,4,0,,,,,,,,,,
2026-09-24,824707,,/api/v1.1/game/824707/feed/live,R,2026,2026-09-24,,night,P,N,N,Regular Season,3,3,1,Final,Final,3,Fenway Park,111,Boston Red Sox,BOS,0,False,114,Cleveland Guardians,CLE,1,True,663558,Jovani Morán,Jovani,Moran,47,1997-04-24,29,"6' 1""",167,1,Pitcher,L,Left,L,Left,,,,,,,,,,,,,,,,,,,,,,,,,,
2026-09-24,824707,,/api/v1.1/game/824707/feed/live,R,2026,2026-09-24,,night,P,N,N,Regular Season,3,3,1,Final,Final,3,Fenway Park,111,Boston Red Sox,BOS,0,False,114,Cleveland Guardians,CLE,1,True,669062,Erik Miller,Erik,Miller,67,1998-02-13,28,"6' 5""",269,1,Pitcher,L,Left,L,Left,"1.0 IP, 0 ER, K, 0 BB",,,,,,,,,,,,,,,,1.0,0,0,0,1,0,8,0,0,0
2026-09-24,824707,,/api/v1.1/game/824707/feed/live,R,2026,2026-09-24,,night,P,N,N,Regular Season,3,3,1,Final,Final,3,Fenway Park,111,Boston Red Sox,BOS,0,False,114,Cleveland Guardians,CLE,1,True,547973,Aroldis Chapman,Albertin,Chapman,44,1988-02-28,38,"6' 4""",235,1,Pitcher,L,Left,L,Left,,,,,,,,,,,,,,,,,,,,,,,,,,
2026-09-24,824707,,/api/v1.1/game/824707/feed/live,R,2026,2026-09-24,,night,P,N,N,Regular Season,3,3,1,Final,Final,3,Fenway Park,111,Boston Red Sox,BOS,0,False,114,Cleveland Guardians,CLE,1,True,542888,Shawn Armstrong,Shawn,Armstrong,43,1990-09-11,36,"6' 2""",225,1,Pitcher,R,Right,R,Right,,,,,,,,,,,,,,,,,,,,,,,,,,
2026-09-24,824707,,/api/v1.1/game/824707/feed/live,R,2026,2026-09-24,,night,P,N,N,Regular Season,3,3,1,Final,Final,3,Fenway Park,111,Boston Red Sox,BOS,0,False,114,Cleveland Guardians,CLE,1,True,694197,Angel Genao,Angel,Genao,17,2004-05-19,22,"5' 11""",150,4,Second Base,S,Switch,R,Right,0-0,,0,0,0,0,0,0,0,0,0,0,0,0,0,0,,,,,,,,,,
2026-09-24,824707,,/api/v1.1/game/824707/feed/live,R,2026,2026-09-24,,night,P,N,N,Regular Season,3,3,1,Final,Final,3,Fenway Park,111,Boston Red Sox,BOS,0,False,114,Cleveland Guardians,CLE,1,True,800050,Chase DeLauter,Chase,DeLauter,24,2001-10-08,24,"6' 3""",235,9,Outfielder,L,Left,L,Left,0-4 | 3 K,,4,0,0,0,0,0,0,3,0,0,0,0,4,0,,,,,,,,,,
2026-09-24,824707,,/api/v1.1/game/824707/feed/live,R,2026,2026-09-24,,night,P,N,N,Regular Season,3,3,1,Final,Final,3,Fenway Park,111,Boston Red Sox,BOS,0,False,114,Cleveland Guardians,CLE,1,True,595978,Austin Hedges,Austin,Hedges,27,1992-08-18,34,"6' 0""",220,2,Catcher,R,Right,R,Right,,,,,,,,,,,,,,,,,,,,,,,,,,
2026-09-24,824707,,/api/v1.1/game/824707/feed/live,R,2026,2026-09-24,,night,P,N,N,Regular Season,3,3,1,Final,Final,3,Fenway Park,111,Boston Red Sox,BOS,0,False,114,Cleveland Guardians,CLE,1,True,663993,Nathaniel Lowe,David,Lowe,46,1995-07-07,31,"6' 4""",220,3,First Base,L,Left,R,Right,,,,,,,,,,,,,,,,,,,,,,,,,,
2026-09-24,824707,,/api/v1.1/game/824707/feed/live,R,2026,2026-09-24,,night,P,N,N,Regular Season,3,3,1,Final,Final,3,Fenway Park,111,Boston Red Sox,BOS,0,False,114,Cleveland Guardians,CLE,1,True,684974,Craig Yoho,Craig,Yoho,23,1999-10-23,26,"6' 2""",237,1,Pitcher,R,Right,R,Right,,,,,,,,,,,,,,,,,,,,,,,,,,
2026-09-24,824707,,/api/v1.1/game/824707/feed/live,R,2026,2026-09-24,,night,P,N,N,Regular Season,3,3,1,Final,Final,3,Fenway Park,111,Boston Red Sox,BOS,0,False,114,Cleveland Guardians,CLE,1,True,683953,Travis Bazzana,Travis,Bazzana,37,2002-08-28,24,"5' 11""",199,4,Second Base,L,Left,R,Right,0-3 | K,,3,0,0,0,0,0,0,1,0,0,0,0,3,0,,,,,,,,,,
2026-09-24,824707,,/api/v1.1/game/824707/feed/live,R,2026,2026-09-24,,night,P,N,N,Regular Season,3,3,1,Final,Final,3,Fenway Park,111,Boston Red Sox,BOS,0,False,114,Cleveland Guardians,CLE,1,True,682177,Daniel Schneemann,Daniel,Schneemann,10,1997-01-23,29,"6' 0""",185,8,Outfielder,L,Left,R,Right,,,,,,,,,,,,,,,,,,,,,,,,,,
2026-09-24,824707,,/api/v1.1/game/824707/feed/live,R,2026,2026-09-24,,night,P,N,N,Regular Season,3,3,1,Final,Final,3,Fenway Park,111,Boston Red Sox,BOS,0,False,114,Cleveland Guardians,CLE,1,True,677944,Slade Cecconi,Slade,Cecconi,44,1999-06-24,27,"6' 4""",219,1,Pitcher,R,Right,R,Right,,,,,,,,,,,,,,,,,,,,,,,,,,
2026-09-24,824707,,/api/v1.1/game/824707/feed/live,R,2026,2026-09-24,,night,P,N,N,Regular Season,3,3,1,Final,Final,3,Fenway Park,111,Boston Red Sox,BOS,0,False,114,Cleveland Guardians,CLE,1,True,672275,Patrick Bailey,Patrick,Bailey,16,1999-05-29,27,"6' 0""",223,2,Catcher,S,Switch,R,Right,0-3,,3,0,0,0,0,0,0,0,0,0,0,0,3,0,,,,,,,,,,
2026-09-24,824707,,/api/v1.1/game/824707/feed/live,R,2026,2026-09-24,,night,P,N,N,Regular Season,3,3,1,Final,Final,3,Fenway Park,111,Boston Red Sox,BOS,0,False,114,Cleveland Guardians,CLE,1,True,677587,Brayan Rocchio,Brayan,Rocchio,4,2001-01-13,25,"5' 9""",170,6,Shortstop,S,Switch,R,Right,0-3 | K,,3,0,0,0,0,0,0,1,0,0,0,0,3,0,,,,,,,,,,
2026-09-24,824707,,/api/v1.1/game/824707/feed/live,R,2026,2026-09-24,,night,P,N,N,Regular Season,3,3,1,Final,Final,3,Fenway Park,111,Boston Red Sox,BOS,0,False,114,Cleveland Guardians,CLE,1,True,690984,Petey Halpin,Peter,Halpin,0,2002-05-26,24,"5' 11""",200,8,Outfielder,L,Left,R,Right,0-0,,0,0,0,0,0,0,0,0,0,0,0,0,0,0,,,,,,,,,,
2026-09-24,824707,,/api/v1.1/game/824707/feed/live,R,2026,2026-09-24,,night,P,N,N,Regular Season,3,3,1,Final,Final,3,Fenway Park,111,Boston Red Sox,BOS,0,False,114,Cleveland Guardians,CLE,1,True,670036,Matt Festa,Matthew,Festa,52,1993-03-11,33,"6' 1""",195,1,Pitcher,R,Right,R,Right,,,,,,,,,,,,,,,,,,,,,,,,,,
2026-09-24,824707,,/api/v1.1/game/824707/feed/live,R,2026,2026-09-24,,night,P,N,N,Regular Season,3,3,1,Final,Final,3,Fenway Park,111,Boston Red Sox,BOS,0,False,114,Cleveland Guardians,CLE,1,True,666176,Jo Adell,Jordon,Adell,7,1999-04-08,27,"6' 2""",215,9,Outfielder,R,Right,R,Right,0-4 | K,,4,0,0,0,0,0,0,1,0,0,0,0,4,0,,,,,,,,,,
2026-09-24,824707,,/api/v1.1/game/824707/feed/live,R,2026,2026-09-24,,night,P,N,N,Regular Season,3,3,1,Final,Final,3,Fenway Park,111,Boston Red Sox,BOS,0,False,114,Cleveland Guardians,CLE,1,True,681807,David Fry,David,Fry,6,1995-11-20,30,"6' 1""",215,9,Outfielder,R,Right,R,Right,1-4 | K,,4,1,0,0,0,0,0,1,0,0,0,0,4,1,,,,,,,,,,
2026-09-24,824707,,/api/v1.1/game/824707/feed/live,R,2026,2026-09-24,,night,P,N,N,Regular Season,3,3,1,Final,Final,3,Fenway Park,111,Boston Red Sox,BOS,0,False,114,Cleveland Guardians,CLE,1,True,671922,Cade Smith,Cade,Smith,36,1999-05-09,27,"6' 5""",230,1,Pitcher,R,Right,R,Right,"1.0 IP, 0 ER, 3 K, 0 BB",,,,,,,,,,,,,,,,1.0,0,0,0,3,0,15,0,0,1
2026-09-24,824707,,/api/v1.1/game/824707/feed/live,R,2026,2026-09-24,,night,P,N,N,Regular Season,3,3,1,Final,Final,3,Fenway Park,111,Boston Red Sox,BOS,0,False,114,Cleveland Guardians,CLE,1,True,608070,José Ramírez,José,Ramírez,11,1992-09-17,34,"5' 8""",190,5,Third Base,S,Switch,R,Right,"2-4 | K, SB",,4,2,0,0,0,0,0,1,0,1,0,0,4,2,,,,,,,,,,
2026-09-24,824707,,/api/v1.1/game/824707/feed/live,R,2026,2026-09-24,,night,P,N,N,Regular Season,3,3,1,Final,Final,3,Fenway Park,111,Boston Red Sox,BOS,0,False,114,Cleveland Guardians,CLE,1,True,680757,Steven Kwan,Steven,Kwan,38,1997-09-05,29,"5' 8""",170,7,Outfielder,L,Left,L,Left,0-3 | BB,,3,0,0,0,0,0,0,0,1,0,0,0,4,0,,,,,,,,,,
2026-09-24,824707,,/api/v1.1/game/824707/feed/live,R,2026,2026-09-24,,night,P,N,N,Regular Season,3,3,1,Final,Final,3,Fenway Park,111,Boston Red Sox,BOS,0,False,114,Cleveland Guardians,CLE,1,True,682657,Angel Martínez,Angel,Martínez,1,2002-01-27,24,"5' 11""",200,7,Outfielder,S,Switch,R,Right,"1-4 | HR, RBI, R",,4,1,0,0,1,1,1,0,0,0,0,0,4,4,,,,,,,,,,
2026-09-24,824707,,/api/v1.1/game/824707/feed/live,R,2026,2026-09-24,,night,P,N,N,Regular Season,3,3,1,Final,Final,3,Fenway Park,111,Boston Red Sox,BOS,0,False,114,Cleveland Guardians,CLE,1,True,800048,Parker Messick,Parker,Messick,77,2000-10-26,25,"6' 0""",225,1,Pitcher,L,Left,L,Left,,,,,,,,,,,,,,,,,,,,,,,,,,
2026-09-24,824707,,/api/v1.1/game/824707/feed/live,R,2026,2026-09-24,,night,P,N,N,Regular Season,3,3,1,Final,Final,3,Fenway Park,111,Boston Red Sox,BOS,0,False,114,Cleveland Guardians,CLE,1,True,676282,Joey Cantillo,Joseph,Cantillo,54,1999-12-18,26,"6' 4""",225,1,Pitcher,L,Left,L,Left,"5.0 IP, 0 ER, 4 K, 2 BB",,,,,,,,,,,,,,,,5.0,0,1,0,4,2,80,1,0,0
2026-09-24,824707,,/api/v1.1/game/824707/feed/live,R,2026,2026-09-24,,night,P,N,N,Regular Season,3,3,1,Final,Final,3,Fenway Park,111,Boston Red Sox,BOS,0,False,114,Cleveland Guardians,CLE,1,True,682982,Daniel Espino,Daniel,Espino,41,2001-01-05,25,"6' 0""",225,1,Pitcher,R,Right,R,Right,"1.0 IP, 0 ER, 2 K, 0 BB",,,,,,,,,,,,,,,,1.0,0,0,0,2,0,17,0,0,0
2026-09-24,824707,,/api/v1.1/game/824707/feed/live,R,2026,2026-09-24,,night,P,N,N,Regular Season,3,3,1,Final,Final,3,Fenway Park,111,Boston Red Sox,BOS,0,False,114,Cleveland Guardians,CLE,1,True,681870,Erik Sabrowski,Erik,Sabrowski,62,1997-10-31,28,"6' 4""",230,1,Pitcher,R,Right,L,Left,"1.0 IP, 0 ER, 2 K, BB",,,,,,,,,,,,,,,,1.0,0,0,0,2,1,14,0,0,0
2026-09-24,824707,,/api/v1.1/game/824707/feed/live,R,2026,2026-09-24,,night,P,N,N,Regular Season,3,3,1,Final,Final,3,Fenway Park,111,Boston Red Sox,BOS,0,False,114,Cleveland Guardians,CLE,1,True,668909,Gavin Williams,Gavin,Williams,32,1999-07-26,27,"6' 6""",250,1,Pitcher,L,Left,R,Right,,,,,,,,,,,,,,,,,,,,,,,,,,
2026-09-24,824707,,/api/v1.1/game/824707/feed/live,R,2026,2026-09-24,,night,P,N,N,Regular Season,3,3,1,Final,Final,3,Fenway Park,111,Boston Red Sox,BOS,0,False,114,Cleveland Guardians,CLE,1,True,683769,Hunter Gaddis,Hunter,Gaddis,33,1998-04-09,28,"6' 6""",260,1,Pitcher,R,Right,R,Right,"1.0 IP, 0 ER, K, BB",,,,,,,,,,,,,,,,1.0,0,1,0,1,1,22,0,0,0
2026-09-24,824707,,/api/v1.1/game/824707/feed/live,R,2026,2026-09-24,,night,P,N,N,Regular Season,3,3,1,Final,Final,3,Fenway Park,111,Boston Red Sox,BOS,0,False,114,Cleveland Guardians,CLE,1,True,676440,Tanner Bibee,Tanner,Bibee,28,1999-03-05,27,"6' 2""",205,1,Pitcher,R,Right,R,Right,,,,,,,,,,,,,,,,,,,,,,,,,,
2026-09-24,824707,,/api/v1.1/game/824707/feed/live,R,2026,2026-09-24,,night,P,N,N,Regular Season,3,3,1,Final,Final,3,Fenway Park,111,Boston Red Sox,BOS,0,False,114,Cleveland Guardians,CLE,1,True,682120,Tim Herrin,Tim,Herrin,29,1996-10-08,29,"6' 6""",230,1,Pitcher,L,Left,L,Left,,,,,,,,,,,,,,,,,,,,,,,,,,
2026-09-24,824707,,/api/v1.1/game/824707/feed/live,R,2026,2026-09-24,,night,P,N,N,Regular Season,3,3,1,Final,Final,3,Fenway Park,111,Boston Red Sox,BOS,0,False,114,Cleveland Guardians,CLE,1,True,656492,Foster Griffin,Fred,Griffin,22,1995-07-27,31,"6' 3""",225,1,Pitcher,R,Right,L,Left,,,,,,,,,,,,,,,,,,,,,,,,,,
2026-09-24,823493,,/api/v1.1/game/823493/feed/live,R,2026,2026-09-24,,night,P,N,N,Regular Season,4,4,1,Final,Final,3313,Yankee Stadium,147,New York Yankees,NYY,6,True,139,Tampa Bay Rays,TB,4,False,621112,Paul Blackburn,Paul,Blackburn,58,1993-12-04,32,"6' 1""",196,1,Pitcher,R,Right,R,Right,,,,,,,,,,,,,,,,,,,,,,,,,,
2026-09-24,823493,,/api/v1.1/game/823493/feed/live,R,2026,2026-09-24,,night,P,N,N,Regular Season,4,4,1,Final,Final,3313,Yankee Stadium,147,New York Yankees,NYY,6,True,139,Tampa Bay Rays,TB,4,False,645305,Ali Sánchez,Ali,Sánchez,39,1997-01-20,29,"6' 0""",200,2,Catcher,R,Right,R,Right,,,,,,,,,,,,,,,,,,,,,,,,,,
2026-09-24,823493,,/api/v1.1/game/823493/feed/live,R,2026,2026-09-24,,night,P,N,N,Regular Season,4,4,1,Final,Final,3313,Yankee Stadium,147,New York Yankees,NYY,6,True,139,Tampa Bay Rays,TB,4,False,671218,Heliot Ramos,Heliot,Ramos,34,1999-09-07,27,"5' 11""",235,7,Outfielder,R,Right,R,Right,1-4 | 2 K,,4,1,0,0,0,0,0,2,0,0,0,0,4,1,,,,,,,,,,
2026-09-24,823493,,/api/v1.1/game/823493/feed/live,R,2026,2026-09-24,,night,P,N,N,Regular Season,4,4,1,Final,Final,3313,Yankee Stadium,147,New York Yankees,NYY,6,True,139,Tampa Bay Rays,TB,4,False,676609,José Caballero,José,Caballero,72,1996-08-30,30,"5' 9""",190,6,Shortstop,R,Right,R,Right,0-3 | 2 K,,3,0,0,0,0,0,0,2,0,0,0,0,3,0,,,,,,,,,,
2026-09-24,823493,,/api/v1.1/game/823493/feed/live,R,2026,2026-09-24,,night,P,N,N,Regular Season,4,4,1,Final,Final,3313,Yankee Stadium,147,New York Yankees,NYY,6,True,139,Tampa Bay Rays,TB,4,False,607074,Carlos Rodón,Carlos,Rodón,55,1992-12-10,33,"6' 2""",255,1,Pitcher,L,Left,L,Left,,,,,,,,,,,,,,,,,,,,,,,,,,
2026-09-24,823493,,/api/v1.1/game/823493/feed/live,R,2026,2026-09-24,,night,P,N,N,Regular Season,4,4,1,Final,Final,3313,Yankee Stadium,147,New York Yankees,NYY,6,True,139,Tampa Bay Rays,TB,4,False,682987,Spencer Jones,Spencer,Jones,78,2001-05-14,25,"6' 7""",240,9,Outfielder,L,Left,L,Left,,,,,,,,,,,,,,,,,,,,,,,,,,
2026-09-24,823493,,/api/v1.1/game/823493/feed/live,R,2026,2026-09-24,,night,P,N,N,Regular Season,4,4,1,Final,Final,3313,Yankee Stadium,147,New York Yankees,NYY,6,True,139,Tampa Bay Rays,TB,4,False,642232,Ryan Yarbrough,Ryan,Yarbrough,33,1991-12-31,34,"6' 5""",205,1,Pitcher,R,Right,L,Left,,,,,,,,,,,,,,,,,,,,,,,,,,
2026-09-24,823493,,/api/v1.1/game/823493/feed/live,R,2026,2026-09-24,,night,P,N,N,Regular Season,4,4,1,Final,Final,3313,Yankee Stadium,147,New York Yankees,NYY,6,True,139,Tampa Bay Rays,TB,4,False,642708,Amed Rosario,German,Rosario,14,1995-11-20,30,"6' 1""",227,5,Third Base,R,Right,R,Right,"1-4 | R, SB",,4,1,0,0,0,0,1,0,0,1,0,0,4,1,,,,,,,,,,
2026-09-24,823493,,/api/v1.1/game/823493/feed/live,R,2026,2026-09-24,,night,P,N,N,Regular Season,4,4,1,Final,Final,3313,Yankee Stadium,147,New York Yankees,NYY,6,True,139,Tampa Bay Rays,TB,4,False,641857,Ryan McMahon,Ryan,McMahon,19,1994-12-14,31,"6' 2""",211,5,Third Base,L,Left,R,Right,0-0,,0,0,0,0,0,0,0,0,0,0,0,0,0,0,,,,,,,,,,
2026-09-24,823493,,/api/v1.1/game/823493/feed/live,R,2026,2026-09-24,,night,P,N,N,Regular Season,4,4,1,Final,Final,3313,Yankee Stadium,147,New York Yankees,NYY,6,True,139,Tampa Bay Rays,TB,4,False,657612,Tim Hill,Timothy,Hill,41,1990-02-10,36,"6' 4""",210,1,Pitcher,R,Right,L,Left,"0.2 IP, 0 ER, 0 K, 0 BB",,,,,,,,,,,,,,,,0.2,0,2,0,0,0,12,0,0,0
2026-09-24,823493,,/api/v1.1/game/823493/feed/live,R,2026,2026-09-24,,night,P,N,N,Regular Season,4,4,1,Final,Final,3313,Yankee Stadium,147,New York Yankees,NYY,6,True,139,Tampa Bay Rays,TB,4,False,502671,Paul Goldschmidt,Paul,Goldschmidt,48,1987-09-10,39,"6' 2""",225,3,First Base,R,Right,R,Right,"2-4 | 2B, K, RBI",,4,2,1,0,0,1,0,1,0,0,0,0,4,3,,,,,,,,,,
2026-09-24,823493,,/api/v1.1/game/823493/feed/live,R,2026,2026-09-24,,night,P,N,N,Regular Season,4,4,1,Final,Final,3313,Yankee Stadium,147,New York Yankees,NYY,6,True,139,Tampa Bay Rays,TB,4,False,669224,Austin Wells,Austin,Wells,28,1999-07-12,27,"6' 1""",220,2,Catcher,L,Left,R,Right,"1-2 | HR, BB, RBI",,2,1,0,0,1,1,2,0,1,1,0,0,3,4,,,,,,,,,,
2026-09-24,823493,,/api/v1.1/game/823493/feed/live,R,2026,2026-09-24,,night,P,N,N,Regular Season,4,4,1,Final,Final,3313,Yankee Stadium,147,New York Yankees,NYY,6,True,139,Tampa Bay Rays,TB,4,False,700250,Ben Rice,Benjamin,Rice,22,1999-02-22,27,"6' 2""",228,10,Designated Hitter,L,Left,R,Right,"0-3 | BB, K, R",,3,0,0,0,0,0,1,1,1,0,0,0,4,0,,,,,,,,,,
2026-09-24,823493,,/api/v1.1/game/823493/feed/live,R,2026,2026-09-24,,night,P,N,N,Regular Season,4,4,1,Final,Final,3313,Yankee Stadium,147,New York Yankees,NYY,6,True,139,Tampa Bay Rays,TB,4,False,690440,Bradley Hanner,Bradley,Hanner,93,1999-02-10,27,"6' 4""",210,1,Pitcher,R,Right,R,Right,"2.0 IP, 0 ER, 0 K, 0 BB",,,,,,,,,,,,,,,,2.0,0,2,0,0,0,30,1,0,0
2026-09-24,823493,,/api/v1.1/game/823493/feed/live,R,2026,2026-09-24,,night,P,N,N,Regular Season,4,4,1,Final,Final,3313,Yankee Stadium,147,New York Yankees,NYY,6,True,139,Tampa Bay Rays,TB,4,False,687396,Brent Headrick,Brent,Headrick,47,1997-12-17,28,"6' 6""",235,1,Pitcher,L,Left,L,Left,,,,,,,,,,,,,,,,,,,,,,,,,,
2026-09-24,823493,,/api/v1.1/game/823493/feed/live,R,2026,2026-09-24,,night,P,N,N,Regular Season,4,4,1,Final,Final,3313,Yankee Stadium,147,New York Yankees,NYY,6,True,139,Tampa Bay Rays,TB,4,False,701542,Will Warren,William,Warren,29,1999-06-16,27,"6' 2""",200,1,Pitcher,R,Right,R,Right,,,,,,,,,,,,,,,,,,,,,,,,,,
2026-09-24,823493,,/api/v1.1/game/823493/feed/live,R,2026,2026-09-24,,night,P,N,N,Regular Season,4,4,1,Final,Final,3313,Yankee Stadium,147,New York Yankees,NYY,6,True,139,Tampa Bay Rays,TB,4,False,683011,Anthony Volpe,Anthony,Volpe,11,2001-04-28,25,"5' 10""",197,6,Shortstop,R,Right,R,Right,"0-3 | BB, K, SB",,3,0,0,0,0,0,0,1,1,1,0,0,4,0,,,,,,,,,,
2026-09-24,823493,,/api/v1.1/game/823493/feed/live,R,2026,2026-09-24,,night,P,N,N,Regular Season,4,4,1,Final,Final,3313,Yankee Stadium,147,New York Yankees,NYY,6,True,139,Tampa Bay Rays,TB,4,False,641355,Cody Bellinger,Cody,Bellinger,35,1995-07-13,31,"6' 3""",204,7,Outfielder,L,Left,L,Left,0-4,,4,0,0,0,0,0,0,0,0,0,0,0,4,0,,,,,,,,,,
2026-09-24,823493,,/api/v1.1/game/823493/feed/live,R,2026,2026-09-24,,night,P,N,N,Regular Season,4,4,1,Final,Final,3313,Yankee Stadium,147,New York Yankees,NYY,6,True,139,Tampa Bay Rays,TB,4,False,665862,Jazz Chisholm Jr.,Jasrado,Chisholm,13,1998-02-01,28,"5' 11""",184,4,Second Base,L,Left,R,Right,,,,,,,,,,,,,,,,,,,,,,,,,,
2026-09-24,823493,,/api/v1.1/game/823493/feed/live,R,2026,2026-09-24,,night,P,N,N,Regular Season,4,4,1,Final,Final,3313,Yankee Stadium,147,New York Yankees,NYY,6,True,139,Tampa Bay Rays,TB,4,False,608331,Max Fried,Max,Fried,54,1994-01-18,32,"6' 4""",190,1,Pitcher,L,Left,L,Left,,,,,,,,,,,,,,,,,,,,,,,,,,
2026-09-24,823493,,/api/v1.1/game/823493/feed/live,R,2026,2026-09-24,,night,P,N,N,Regular Season,4,4,1,Final,Final,3313,Yankee Stadium,147,New York Yankees,NYY,6,True,139,Tampa Bay Rays,TB,4,False,661563,Luis Gil,Luis,Gil,81,1998-06-03,28,"6' 3""",215,1,Pitcher,R,Right,R,Right,"2.0 IP, 0 ER, 0 K, 4 BB",,,,,,,,,,,,,,,,2.0,0,0,0,0,4,41,0,0,0
2026-09-24,823493,,/api/v1.1/game/823493/feed/live,R,2026,2026-09-24,,night,P,N,N,Regular Season,4,4,1,Final,Final,3313,Yankee Stadium,147,New York Yankees,NYY,6,True,139,Tampa Bay Rays,TB,4,False,605242,Michael Fulmer,Michael,Fulmer,43,1993-03-15,33,"6' 2""",221,1,Pitcher,R,Right,R,Right,"1.1 IP, ER, 3 K, BB",,,,,,,,,,,,,,,,1.1,1,2,0,3,1,28,0,0,0
2026-09-24,823493,,/api/v1.1/game/823493/feed/live,R,2026,2026-09-24,,night,P,N,N,Regular Season,4,4,1,Final,Final,3313,Yankee Stadium,147,New York Yankees,NYY,6,True,139,Tampa Bay Rays,TB,4,False,670280,David Bednar,David,Bednar,53,1994-10-10,31,"6' 1""",250,1,Pitcher,L,Left,R,Right,,,,,,,,,,,,,,,,,,,,,,,,,,
2026-09-24,823493,,/api/v1.1/game/823493/feed/live,R,2026,2026-09-24,,night,P,N,N,Regular Season,4,4,1,Final,Final,3313,Yankee Stadium,147,New York Yankees,NYY,6,True,139,Tampa Bay Rays,TB,4,False,543037,Gerrit Cole,Gerrit,Cole,45,1990-09-08,36,"6' 4""",220,1,Pitcher,R,Right,R,Right,,,,,,,,,,,,,,,,,,,,,,,,,,
2026-09-24,823493,,/api/v1.1/game/823493/feed/live,R,2026,2026-09-24,,night,P,N,N,Regular Season,4,4,1,Final,Final,3313,Yankee Stadium,147,New York Yankees,NYY,6,True,139,Tampa Bay Rays,TB,4,False,806146,George Lombard Jr.,George,Lombard,96,2005-06-02,21,"6' 2""",190,6,Shortstop,R,Right,R,Right,"2-4 | HR, 2B, 3 RBI",,4,2,1,0,1,3,2,0,0,0,0,0,4,6,,,,,,,,,,
2026-09-24,823493,,/api/v1.1/game/823493/feed/live,R,2026,2026-09-24,,night,P,N,N,Regular Season,4,4,1,Final,Final,3313,Yankee Stadium,147,New York Yankees,NYY,6,True,139,Tampa Bay Rays,TB,4,False,671277,Luis García Jr.,Luis,García,26,2000-05-16,26,"6' 1""",216,3,First Base,L,Left,R,Right,,,,,,,,,,,,,,,,,,,,,,,,,,
2026-09-24,823493,,/api/v1.1/game/823493/feed/live,R,2026,2026-09-24,,night,P,N,N,Regular Season,4,4,1,Final,Final,3313,Yankee Stadium,147,New York Yankees,NYY,6,True,139,Tampa Bay Rays,TB,4,False,693645,Cam Schlittler,Cameron,Schlittler,31,2001-02-05,25,"6' 6""",215,1,Pitcher,R,Right,R,Right,"3.0 IP, ER, 5 K, 2 BB",,,,,,,,,,,,,,,,3.0,1,3,0,5,2,70,0,0,0
2026-09-24,823493,,/api/v1.1/game/823493/feed/live,R,2026,2026-09-24,,night,P,N,N,Regular Season,4,4,1,Final,Final,3313,Yankee Stadium,147,New York Yankees,NYY,6,True,139,Tampa Bay Rays,TB,4,False,670167,John Schreiber,John,Schreiber,56,1994-03-05,32,"6' 2""",224,1,Pitcher,R,Right,R,Right,,,,,,,,,,,,,,,,,,,,,,,,,,
2026-09-24,823493,,/api/v1.1/game/823493/feed/live,R,2026,2026-09-24,,night,P,N,N,Regular Season,4,4,1,Final,Final,3313,Yankee Stadium,147,New York Yankees,NYY,6,True,139,Tampa Bay Rays,TB,4,False,670764,Taylor Walls,Taylor,Walls,6,1996-07-10,30,"5' 9""",185,6,Shortstop,S,Switch,R,Right,"1-3 | 2B, BB, K",,3,1,1,0,0,0,1,1,1,0,0,0,4,2,,,,,,,,,,
2026-09-24,823493,,/api/v1.1/game/823493/feed/live,R,2026,2026-09-24,,night,P,N,N,Regular Season,4,4,1,Final,Final,3313,Yankee Stadium,147,New York Yankees,NYY,6,True,139,Tampa Bay Rays,TB,4,False,571927,Steven Matz,Steven,Matz,32,1991-05-29,35,"6' 2""",205,1,Pitcher,R,Right,L,Left,"1.1 IP, 2 ER, 2 K, 0 BB",,,,,,,,,,,,,,,,1.1,2,2,1,2,0,23,0,1,0
2026-09-24,823493,,/api/v1.1/game/823493/feed/live,R,2026,2026-09-24,,night,P,N,N,Regular Season,4,4,1,Final,Final,3313,Yankee Stadium,147,New York Yankees,NYY,6,True,139,Tampa Bay Rays,TB,4,False,694494,Ty Johnson,Ty,Johnson,55,2001-09-25,25,"6' 6""",205,1,Pitcher,L,Left,R,Right,,,,,,,,,,,,,,,,,,,,,,,,,,
2026-09-24,823493,,/api/v1.1/game/823493/feed/live,R,2026,2026-09-24,,night,P,N,N,Regular Season,4,4,1,Final,Final,3313,Yankee Stadium,147,New York Yankees,NYY,6,True,139,Tampa Bay Rays,TB,4,False,680700,Richie Palacios,Richard,Palacios,1,1997-05-16,29,"5' 8""",185,4,Second Base,L,Left,R,Right,"1-1 | BB, 2 SB",,1,1,0,0,0,0,0,0,1,2,0,0,2,1,,,,,,,,,,
2026-09-24,823493,,/api/v1.1/game/823493/feed/live,R,2026,2026-09-24,,night,P,N,N,Regular Season,4,4,1,Final,Final,3313,Yankee Stadium,147,New York Yankees,NYY,6,True,139,Tampa Bay Rays,TB,4,False,622761,Jorge Mateo,Jorge,Mateo,9,1995-06-23,31,"6' 0""",200,6,Shortstop,R,Right,R,Right,0-0,,0,0,0,0,0,0,0,0,0,0,0,0,0,0,,,,,,,,,,
2026-09-24,823493,,/api/v1.1/game/823493/feed/live,R,2026,2026-09-24,,night,P,N,N,Regular Season,4,4,1,Final,Final,3313,Yankee Stadium,147,New York Yankees,NYY,6,True,139,Tampa Bay Rays,TB,4,False,668723,Ryan Vilade,Ryan,Vilade,26,1999-02-18,27,"6' 1""",226,9,Outfielder,R,Right,R,Right,"0-3 | BB, 2 K, R",,3,0,0,0,0,0,1,2,1,0,0,0,4,0,,,,,,,,,,
2026-09-24,823493,,/api/v1.1/game/823493/feed/live,R,2026,2026-09-24,,night,P,N,N,Regular Season,4,4,1,Final,Final,3313,Yankee Stadium,147,New York Yankees,NYY,6,True,139,Tampa Bay Rays,TB,4,False,668984,Casey Legumina,Casey,Legumina,67,1997-06-19,29,"6' 2""",195,1,Pitcher,R,Right,R,Right,,,,,,,,,,,,,,,,,,,,,,,,,,
2026-09-24,823493,,/api/v1.1/game/823493/feed/live,R,2026,2026-09-24,,night,P,N,N,Regular Season,4,4,1,Final,Final,3313,Yankee Stadium,147,New York Yankees,NYY,6,True,139,Tampa Bay Rays,TB,4,False,802415,Chandler Simpson,Chandler,Simpson,14,2000-11-18,25,"5' 11""",170,7,Outfielder,L,Left,R,Right,1-5,,5,1,0,0,0,0,0,0,0,0,0,0,5,1,,,,,,,,,,
2026-09-24,823493,,/api/v1.1/game/823493/feed/live,R,2026,2026-09-24,,night,P,N,N,Regular Season,4,4,1,Final,Final,3313,Yankee Stadium,147,New York Yankees,NYY,6,True,139,Tampa Bay Rays,TB,4,False,607259,Nick Martinez,Nicholas,Martinez,28,1990-08-05,36,"6' 1""",200,1,Pitcher,L,Left,R,Right,,,,,,,,,,,,,,,,,,,,,,,,,,
2026-09-24,823493,,/api/v1.1/game/823493/feed/live,R,2026,2026-09-24,,night,P,N,N,Regular Season,4,4,1,Final,Final,3313,Yankee Stadium,147,New York Yankees,NYY,6,True,139,Tampa Bay Rays,TB,4,False,592155,Cam Booser,Cameron,Booser,62,1992-05-04,34,"6' 3""",230,1,Pitcher,L,Left,L,Left,,,,,,,,,,,,,,,,,,,,,,,,,,
2026-09-24,823493,,/api/v1.1/game/823493/feed/live,R,2026,2026-09-24,,night,P,N,N,Regular Season,4,4,1,Final,Final,3313,Yankee Stadium,147,New York Yankees,NYY,6,True,139,Tampa Bay Rays,TB,4,False,676356,Jonny DeLuca,Jonathan,DeLuca,21,1998-07-10,28,"5' 10""",195,9,Outfielder,R,Right,R,Right,"1-3 | 2 BB, K",,3,1,0,0,0,0,0,1,2,0,0,0,5,1,,,,,,,,,,
2026-09-24,823493,,/api/v1.1/game/823493/feed/live,R,2026,2026-09-24,,night,P,N,N,Regular Season,4,4,1,Final,Final,3313,Yankee Stadium,147,New York Yankees,NYY,6,True,139,Tampa Bay Rays,TB,4,False,693855,Ian Seymour,Ian,Seymour,61,1998-12-13,27,"6' 0""",215,1,Pitcher,L,Left,L,Left,"5.0 IP, 0 ER, 3 K, 0 BB",,,,,,,,,,,,,,,,5.0,0,1,0,3,0,58,0,0,0
2026-09-24,823493,,/api/v1.1/game/823493/feed/live,R,2026,2026-09-24,,night,P,N,N,Regular Season,4,4,1,Final,Final,3313,Yankee Stadium,147,New York Yankees,NYY,6,True,139,Tampa Bay Rays,TB,4,False,642121,Cole Sulser,Cole,Sulser,71,1990-03-12,36,"6' 0""",200,1,Pitcher,R,Right,R,Right,,,,,,,,,,,,,,,,,,,,,,,,,,
2026-09-24,823493,,/api/v1.1/game/823493/feed/live,R,2026,2026-09-24,,night,P,N,N,Regular Season,4,4,1,Final,Final,3313,Yankee Stadium,147,New York Yankees,NYY,6,True,139,Tampa Bay Rays,TB,4,False,687330,Kevin Kelly,Kevin,Kelly,49,1997-11-28,28,"6' 2""",195,1,Pitcher,R,Right,R,Right,,,,,,,,,,,,,,,,,,,,,,,,,,
2026-09-24,823493,,/api/v1.1/game/823493/feed/live,R,2026,2026-09-24,,night,P,N,N,Regular Season,4,4,1,Final,Final,3313,Yankee Stadium,147,New York Yankees,NYY,6,True,139,Tampa Bay Rays,TB,4,False,689414,Liam Hicks,Liam,Hicks,34,1999-06-02,27,"5' 9""",185,2,Catcher,L,Left,R,Right,"0-5 | 2 K, RBI",,5,0,0,0,0,1,0,2,0,0,0,0,5,0,,,,,,,,,,
2026-09-24,823493,,/api/v1.1/game/823493/feed/live,R,2026,2026-09-24,,night,P,N,N,Regular Season,4,4,1,Final,Final,3313,Yankee Stadium,147,New York Yankees,NYY,6,True,139,Tampa Bay Rays,TB,4,False,642547,Freddy Peralta,Freddy,Peralta,51,1996-06-04,30,"6' 0""",198,1,Pitcher,R,Right,R,Right,,,,,,,,,,,,,,,,,,,,,,,,,,
2026-09-24,823493,,/api/v1.1/game/823493/feed/live,R,2026,2026-09-24,,night,P,N,N,Regular Season,4,4,1,Final,Final,3313,Yankee Stadium,147,New York Yankees,NYY,6,True,139,Tampa Bay Rays,TB,4,False,666018,Jonathan Aranda,Jonathan,Aranda,8,1998-05-23,28,"6' 0""",215,3,First Base,L,Left,R,Right,,,,,,,,,,,,,,,,,,,,,,,,,,
2026-09-24,823493,,/api/v1.1/game/823493/feed/live,R,2026,2026-09-24,,night,P,N,N,Regular Season,4,4,1,Final,Final,3313,Yankee Stadium,147,New York Yankees,NYY,6,True,139,Tampa Bay Rays,TB,4,False,663743,Nick Fortes,Nicholas,Fortes,40,1996-11-11,29,"5' 11""",198,2,Catcher,R,Right,R,Right,0-0,,0,0,0,0,0,0,0,0,0,0,0,0,0,0,,,,,,,,,,
2026-09-24,823493,,/api/v1.1/game/823493/feed/live,R,2026,2026-09-24,,night,P,N,N,Regular Season,4,4,1,Final,Final,3313,Yankee Stadium,147,New York Yankees,NYY,6,True,139,Tampa Bay Rays,TB,4,False,663765,Jake Woodford,Jacob,Woodford,41,1996-10-28,29,"6' 4""",215,1,Pitcher,R,Right,R,Right,"1.1 IP, 3 ER, 2 K, BB",,,,,,,,,,,,,,,,1.1,3,3,1,2,1,28,0,0,0
2026-09-24,823493,,/api/v1.1/game/823493/feed/live,R,2026,2026-09-24,,night,P,N,N,Regular Season,4,4,1,Final,Final,3313,Yankee Stadium,147,New York Yankees,NYY,6,True,139,Tampa Bay Rays,TB,4,False,811315,Brody Hopkins,William,Hopkins,88,2002-01-18,24,"6' 4""",200,1,Pitcher,R,Right,R,Right,"0.1 IP, ER, 0 K, 2 BB",,,,,,,,,,,,,,,,0.1,1,1,0,0,2,18,0,0,0
2026-09-24,823493,,/api/v1.1/game/823493/feed/live,R,2026,2026-09-24,,night,P,N,N,Regular Season,4,4,1,Final,Final,3313,Yankee Stadium,147,New York Yankees,NYY,6,True,139,Tampa Bay Rays,TB,4,False,643377,Griffin Jax,James,Jax,22,1994-11-22,31,"6' 2""",195,1,Pitcher,R,Right,R,Right,,,,,,,,,,,,,,,,,,,,,,,,,,
2026-09-24,823493,,/api/v1.1/game/823493/feed/live,R,2026,2026-09-24,,night,P,N,N,Regular Season,4,4,1,Final,Final,3313,Yankee Stadium,147,New York Yankees,NYY,6,True,139,Tampa Bay Rays,TB,4,False,650490,Yandy Díaz,Yandy,Díaz,2,1991-08-08,35,"6' 0""",235,10,Designated Hitter,R,Right,R,Right,"2-4 | BB, 2 R",,4,2,0,0,0,0,2,0,1,0,0,0,5,2,,,,,,,,,,
2026-09-24,823493,,/api/v1.1/game/823493/feed/live,R,2026,2026-09-24,,night,P,N,N,Regular Season,4,4,1,Final,Final,3313,Yankee Stadium,147,New York Yankees,NYY,6,True,139,Tampa Bay Rays,TB,4,False,810938,Ben Williamson,Benjamin,Williamson,15,2000-11-05,25,"6' 0""",210,4,Second Base,R,Right,R,Right,0-2 | BB,,2,0,0,0,0,0,0,0,1,0,0,0,3,0,,,,,,,,,,
2026-09-24,823493,,/api/v1.1/game/823493/feed/live,R,2026,2026-09-24,,night,P,N,N,Regular Season,4,4,1,Final,Final,3313,Yankee Stadium,147,New York Yankees,NYY,6,True,139,Tampa Bay Rays,TB,4,False,683748,Victor Mesa Jr.,Victor,Mesa,25,2001-09-08,25,"5' 11""",195,9,Outfielder,L,Left,L,Left,1-5 | 2 K,,5,1,0,0,0,0,0,2,0,0,0,0,5,1,,,,,,,,,,
2026-09-24,823493,,/api/v1.1/game/823493/feed/live,R,2026,2026-09-24,,night,P,N,N,Regular Season,4,4,1,Final,Final,3313,Yankee Stadium,147,New York Yankees,NYY,6,True,139,Tampa Bay Rays,TB,4,False,641329,Bryan Baker,Bryan,Baker,47,1994-12-02,31,"6' 6""",235,1,Pitcher,R,Right,R,Right,,,,,,,,,,,,,,,,,,,,,,,,,,
2026-09-24,823493,,/api/v1.1/game/823493/feed/live,R,2026,2026-09-24,,night,P,N,N,Regular Season,4,4,1,Final,Final,3313,Yankee Stadium,147,New York Yankees,NYY,6,True,139,Tampa Bay Rays,TB,4,False,691406,Junior Caminero,Junior,Caminero,13,2003-07-05,23,"6' 1""",220,5,Third Base,R,Right,R,Right,2-5 | 2 RBI,,5,2,0,0,0,2,0,0,0,0,0,0,5,2,,,,,,,,,,
2026-09-24,823493,,/api/v1.1/game/823493/feed/live,R,2026,2026-09-24,,night,P,N,N,Regular Season,4,4,1,Final,Final,3313,Yankee Stadium,147,New York Yankees,NYY,6,True,139,Tampa Bay Rays,TB,4,False,656876,Drew Rasmussen,Drew,Rasmussen,57,1995-07-27,31,"6' 1""",240,1,Pitcher,R,Right,R,Right,,,,,,,,,,,,,,,,,,,,,,,,,,
2026-09-24,823493,,/api/v1.1/game/823493/feed/live,R,2026,2026-09-24,,night,P,N,N,Regular Season,4,4,1,Final,Final,3313,Yankee Stadium,147,New York Yankees,NYY,6,True,139,Tampa Bay Rays,TB,4,False,656775,Cedric Mullins,Boyce,Mullins,31,1994-10-01,31,"5' 7""",175,8,Outfielder,L,Left,L,Left,,,,,,,,,,,,,,,,,,,,,,,,,,
2026-09-24,824866,,/api/v1.1/game/824866/feed/live,R,2026,2026-09-24,,night,P,N,N,Regular Season,3,3,1,Final,Final,4705,Truist Park,144,Atlanta Braves,ATL,6,False,113,Cincinnati Reds,CIN,7,True,689266,Dylan Dodd,Dylan,Dodd,46,1998-06-06,28,"6' 2""",210,1,Pitcher,L,Left,L,Left,"2.0 IP, 0 ER, 3 K, 0 BB",,,,,,,,,,,,,,,,2.0,0,0,0,3,0,21,0,0,0
2026-09-24,824866,,/api/v1.1/game/824866/feed/live,R,2026,2026-09-24,,night,P,N,N,Regular Season,3,3,1,Final,Final,4705,Truist Park,144,Atlanta Braves,ATL,6,False,113,Cincinnati Reds,CIN,7,True,669276,Dylan Lee,Dylan,Lee,52,1994-08-01,32,"6' 3""",214,1,Pitcher,L,Left,L,Left,,,,,,,,,,,,,,,,,,,,,,,,,,
2026-09-24,824866,,/api/v1.1/game/824866/feed/live,R,2026,2026-09-24,,night,P,N,N,Regular Season,3,3,1,Final,Final,4705,Truist Park,144,Atlanta Braves,ATL,6,False,113,Cincinnati Reds,CIN,7,True,700363,AJ Smith-Shawver,AJ,Smith-Shawver,32,2002-11-20,23,"6' 3""",205,1,Pitcher,R,Right,R,Right,"2.0 IP, 2 ER, 0 K, 0 BB",,,,,,,,,,,,,,,,2.0,2,1,1,0,0,41,0,1,0
2026-09-24,824866,,/api/v1.1/game/824866/feed/live,R,2026,2026-09-24,,night,P,N,N,Regular Season,3,3,1,Final,Final,4705,Truist Park,144,Atlanta Braves,ATL,6,False,113,Cincinnati Reds,CIN,7,True,663158,Robert Suarez,Robert,Suarez,75,1991-03-01,35,"6' 2""",210,1,Pitcher,R,Right,R,Right,,,,,,,,,,,,,,,,,,,,,,,,,,
2026-09-24,824866,,/api/v1.1/game/824866/feed/live,R,2026,2026-09-24,,night,P,N,N,Regular Season,3,3,1,Final,Final,4705,Truist Park,144,Atlanta Braves,ATL,6,False,113,Cincinnati Reds,CIN,7,True,671739,Michael Harris II,Michael,Harris,23,2001-03-07,25,"5' 11""",195,8,Outfielder,L,Left,L,Left,"3-5 | 2B, RBI, R",,5,3,1,0,0,1,1,0,0,0,0,0,5,4,,,,,,,,,,
2026-09-24,824866,,/api/v1.1/game/824866/feed/live,R,2026,2026-09-24,,night,P,N,N,Regular Season,3,3,1,Final,Final,4705,Truist Park,144,Atlanta Braves,ATL,6,False,113,Cincinnati Reds,CIN,7,True,682989,Victor Mederos,Victor,Mederos,58,2001-06-08,25,"6' 2""",222,1,Pitcher,R,Right,R,Right,,,,,,,,,,,,,,,,,,,,,,,,,,
2026-09-24,824866,,/api/v1.1/game/824866/feed/live,R,2026,2026-09-24,,night,P,N,N,Regular Season,3,3,1,Final,Final,4705,Truist Park,144,Atlanta Braves,ATL,6,False,113,Cincinnati Reds,CIN,7,True,643289,Mauricio Dubón,Mauricio,Dubón,14,1994-07-19,32,"5' 11""",173,7,Outfielder,R,Right,R,Right,"2-4 | 2 R, SB",,4,2,0,0,0,0,2,0,0,1,0,0,5,2,,,,,,,,,,
2026-09-24,824866,,/api/v1.1/game/824866/feed/live,R,2026,2026-09-24,,night,P,N,N,Regular Season,3,3,1,Final,Final,4705,Truist Park,144,Atlanta Braves,ATL,6,False,113,Cincinnati Reds,CIN,7,True,800311,Didier Fuentes,Didier,Fuentes,72,2005-06-17,21,"6' 0""",170,1,Pitcher,R,Right,R,Right,,,,,,,,,,,,,,,,,,,,,,,,,,
2026-09-24,824866,,/api/v1.1/game/824866/feed/live,R,2026,2026-09-24,,night,P,N,N,Regular Season,3,3,1,Final,Final,4705,Truist Park,144,Atlanta Braves,ATL,6,False,113,Cincinnati Reds,CIN,7,True,641816,Tyler Mahle,Tyler,Mahle,54,1994-09-29,31,"6' 3""",212,1,Pitcher,R,Right,R,Right,"5.0 IP, 5 ER, 4 K, 2 BB",,,,,,,,,,,,,,,,5.0,5,6,2,4,2,91,0,0,0
2026-09-24,824866,,/api/v1.1/game/824866/feed/live,R,2026,2026-09-24,,night,P,N,N,Regular Season,3,3,1,Final,Final,4705,Truist Park,144,Atlanta Braves,ATL,6,False,113,Cincinnati Reds,CIN,7,True,676551,Brewer Hicklen,Charles,Hicklen,53,1996-02-09,30,"6' 2""",215,9,Outfielder,R,Right,R,Right,,,,,,,,,,,,,,,,,,,,,,,,,,
2026-09-24,824866,,/api/v1.1/game/824866/feed/live,R,2026,2026-09-24,,night,P,N,N,Regular Season,3,3,1,Final,Final,4705,Truist Park,144,Atlanta Braves,ATL,6,False,113,Cincinnati Reds,CIN,7,True,686948,Drake Baldwin,Drake,Baldwin,30,2001-03-28,25,"6' 0""",225,2,Catcher,L,Left,R,Right,"2-5 | 2B, R",,5,2,1,0,0,0,1,0,0,0,0,0,5,3,,,,,,,,,,
2026-09-24,824866,,/api/v1.1/game/824866/feed/live,R,2026,2026-09-24,,night,P,N,N,Regular Season,3,3,1,Final,Final,4705,Truist Park,144,Atlanta Braves,ATL,6,False,113,Cincinnati Reds,CIN,7,True,519242,Chris Sale,Christopher,Sale,51,1989-03-30,37,"6' 6""",180,1,Pitcher,L,Left,L,Left,,,,,,,,,,,,,,,,,,,,,,,,,,
2026-09-24,824866,,/api/v1.1/game/824866/feed/live,R,2026,2026-09-24,,night,P,N,N,Regular Season,3,3,1,Final,Final,4705,Truist Park,144,Atlanta Braves,ATL,6,False,113,Cincinnati Reds,CIN,7,True,621566,Matt Olson,Matthew,Olson,28,1994-03-29,32,"6' 4""",225,3,First Base,L,Left,R,Right,0-4 | RBI,,4,0,0,0,0,1,0,0,0,0,0,0,5,0,,,,,,,,,,
2026-09-24,824866,,/api/v1.1/game/824866/feed/live,R,2026,2026-09-24,,night,P,N,N,Regular Season,3,3,1,Final,Final,4705,Truist Park,144,Atlanta Braves,ATL,6,False,113,Cincinnati Reds,CIN,7,True,702275,JR Ritchie,Ian,Ritchie,60,2003-06-26,23,"6' 2""",185,1,Pitcher,R,Right,R,Right,,,,,,,,,,,,,,,,,,,,,,,,,,
2026-09-24,824866,,/api/v1.1/game/824866/feed/live,R,2026,2026-09-24,,night,P,N,N,Regular Season,3,3,1,Final,Final,4705,Truist Park,144,Atlanta Braves,ATL,6,False,113,Cincinnati Reds,CIN,7,True,642086,Dominic Smith,Dominic,Smith,8,1995-06-15,31,"5' 11""",224,10,Designated Hitter,L,Left,L,Left,,,,,,,,,,,,,,,,,,,,,,,,,,
2026-09-24,824866,,/api/v1.1/game/824866/feed/live,R,2026,2026-09-24,,night,P,N,N,Regular Season,3,3,1,Final,Final,4705,Truist Park,144,Atlanta Braves,ATL,6,False,113,Cincinnati Reds,CIN,7,True,669221,Sean Murphy,Sean,Murphy,12,1994-10-04,31,"6' 3""",228,2,Catcher,R,Right,R,Right,0-2 | 2 BB,,2,0,0,0,0,0,0,0,2,0,0,0,4,0,,,,,,,,,,
2026-09-24,824866,,/api/v1.1/game/824866/feed/live,R,2026,2026-09-24,,night,P,N,N,Regular Season,3,3,1,Final,Final,4705,Truist Park,144,Atlanta Braves,ATL,6,False,113,Cincinnati Reds,CIN,7,True,660670,Ronald Acuña Jr.,Ronald,Acuña,13,1997-12-18,28,"6' 0""",205,9,Outfielder,R,Right,R,Right,"2-5 | R, SB",,5,2,0,0,0,0,1,0,0,1,0,0,5,2,,,,,,,,,,
2026-09-24,824866,,/api/v1.1/game/824866/feed/live,R,2026,2026-09-24,,night,P,N,N,Regular Season,3,3,1,Final,Final,4705,Truist Park,144,Atlanta Braves,ATL,6,False,113,Cincinnati Reds,CIN,7,True,571657,Kyle Farmer,James,Farmer,15,1990-08-17,36,"5' 11""",205,10,Designated Hitter,R,Right,R,Right,,,,,,,,,,,,,,,,,,,,,,,,,,
2026-09-24,824866,,/api/v1.1/game/824866/feed/live,R,2026,2026-09-24,,night,P,N,N,Regular Season,3,3,1,Final,Final,4705,Truist Park,144,Atlanta Braves,ATL,6,False,113,Cincinnati Reds,CIN,7,True,678061,Ray Kerr,Raymond,Kerr,62,1994-09-10,32,"6' 3""",185,1,Pitcher,L,Left,L,Left,,,,,,,,,,,,,,,,,,,,,,,,,,
2026-09-24,824866,,/api/v1.1/game/824866/feed/live,R,2026,2026-09-24,,night,P,N,N,Regular Season,3,3,1,Final,Final,4705,Truist Park,144,Atlanta Braves,ATL,6,False,113,Cincinnati Reds,CIN,7,True,680577,DaShawn Keirsey Jr.,DaShawn,Keirsey,49,1997-05-13,29,"6' 0""",195,8,Outfielder,L,Left,L,Left,,,,,,,,,,,,,,,,,,,,,,,,,,
2026-09-24,824866,,/api/v1.1/game/824866/feed/live,R,2026,2026-09-24,,night,P,N,N,Regular Season,3,3,1,Final,Final,4705,Truist Park,144,Atlanta Braves,ATL,6,False,113,Cincinnati Reds,CIN,7,True,622694,Elieser Hernández,Elieser,Hernández,57,1995-05-03,31,"6' 1""",214,1,Pitcher,R,Right,R,Right,,,,,,,,,,,,,,,,,,,,,,,,,,
2026-09-24,824866,,/api/v1.1/game/824866/feed/live,R,2026,2026-09-24,,night,P,N,N,Regular Season,3,3,1,Final,Final,4705,Truist Park,144,Atlanta Braves,ATL,6,False,113,Cincinnati Reds,CIN,7,True,645277,Ozzie Albies,Ozhaino,Albies,1,1997-01-07,29,"5' 7""",165,4,Second Base,S,Switch,R,Right,"1-5 | 3 K, RBI",,5,1,0,0,0,1,0,3,0,0,0,0,5,1,,,,,,,,,,
2026-09-24,824866,,/api/v1.1/game/824866/feed/live,R,2026,2026-09-24,,night,P,N,N,Regular Season,3,3,1,Final,Final,4705,Truist Park,144,Atlanta Braves,ATL,6,False,113,Cincinnati Reds,CIN,7,True,628452,Raisel Iglesias,Raisel,Iglesias,26,1990-01-04,36,"6' 2""",190,1,Pitcher,R,Right,R,Right,,,,,,,,,,,,,,,,,,,,,,,,,,
2026-09-24,824866,,/api/v1.1/game/824866/feed/live,R,2026,2026-09-24,,night,P,N,N,Regular Season,3,3,1,Final,Final,4705,Truist Park,144,Atlanta Braves,ATL,6,False,113,Cincinnati Reds,CIN,7,True,663586,Austin Riley,Michael,Riley,27,1997-04-02,29,"6' 1""",225,5,Third Base,R,Right,R,Right,"1-2 | HR, BB, 2 RBI",,2,1,0,0,1,2,1,0,1,0,0,0,4,4,,,,,,,,,,
2026-09-24,824866,,/api/v1.1/game/824866/feed/live,R,2026,2026-09-24,,night,P,N,N,Regular Season,3,3,1,Final,Final,4705,Truist Park,144,Atlanta Braves,ATL,6,False,113,Cincinnati Reds,CIN,7,True,656550,Grant Holmes,Harrison,Holmes,66,1996-03-22,30,"6' 0""",226,1,Pitcher,L,Left,R,Right,,,,,,,,,,,,,,,,,,,,,,,,,,
2026-09-24,824866,,/api/v1.1/game/824866/feed/live,R,2026,2026-09-24,,night,P,N,N,Regular Season,3,3,1,Final,Final,4705,Truist Park,144,Atlanta Braves,ATL,6,False,113,Cincinnati Reds,CIN,7,True,573262,Mike Yastrzemski,Michael,Yastrzemski,18,1990-08-23,36,"5' 10""",180,7,Outfielder,L,Left,L,Left,"1-4 | BB, K, RBI",,4,1,0,0,0,1,0,1,1,0,0,0,5,1,,,,,,,,,,
2026-09-24,824866,,/api/v1.1/game/824866/feed/live,R,2026,2026-09-24,,night,P,N,N,Regular Season,3,3,1,Final,Final,4705,Truist Park,144,Atlanta Braves,ATL,6,False,113,Cincinnati Reds,CIN,7,True,673490,Ha-Seong Kim,Ha-Seong,Kim,7,1995-10-17,30,"5' 10""",200,6,Shortstop,R,Right,R,Right,,,,,,,,,,,,,,,,,,,,,,,,,,
2026-09-24,824866,,/api/v1.1/game/824866/feed/live,R,2026,2026-09-24,,night,P,N,N,Regular Season,3,3,1,Final,Final,4705,Truist Park,144,Atlanta Braves,ATL,6,False,113,Cincinnati Reds,CIN,7,True,608718,Brent Suter,Brent,Suter,39,1989-08-29,37,"6' 4""",213,1,Pitcher,L,Left,L,Left,,,,,,,,,,,,,,,,,,,,,,,,,,
2026-09-24,824866,,/api/v1.1/game/824866/feed/live,R,2026,2026-09-24,,night,P,N,N,Regular Season,3,3,1,Final,Final,4705,Truist Park,144,Atlanta Braves,ATL,6,False,113,Cincinnati Reds,CIN,7,True,682829,Elly De La Cruz,Elly,De La Cruz,44,2002-01-11,24,"6' 6""",200,6,Shortstop,S,Switch,R,Right,"1-4 | HR, 2 K, RBI",,4,1,0,0,1,1,1,2,0,0,0,0,4,4,,,,,,,,,,
2026-09-24,824866,,/api/v1.1/game/824866/feed/live,R,2026,2026-09-24,,night,P,N,N,Regular Season,3,3,1,Final,Final,4705,Truist Park,144,Atlanta Braves,ATL,6,False,113,Cincinnati Reds,CIN,7,True,701398,Sal Stewart,Sal,Stewart,27,2003-12-07,22,"6' 1""",224,3,First Base,R,Right,R,Right,"1-3 | BB, R, CS",,3,1,0,0,0,0,1,0,1,0,1,0,4,1,,,,,,,,,,
2026-09-24,824866,,/api/v1.1/game/824866/feed/live,R,2026,2026-09-24,,night,P,N,N,Regular Season,3,3,1,Final,Final,4705,Truist Park,144,Atlanta Braves,ATL,6,False,113,Cincinnati Reds,CIN,7,True,667472,Dane Myers,Dane,Myers,17,1996-03-08,30,"6' 0""",205,8,Outfielder,R,Right,R,Right,,,,,,,,,,,,,,,,,,,,,,,,,,
2026-09-24,824866,,/api/v1.1/game/824866/feed/live,R,2026,2026-09-24,,night,P,N,N,Regular Season,3,3,1,Final,Final,4705,Truist Park,144,Atlanta Braves,ATL,6,False,113,Cincinnati Reds,CIN,7,True,572955,Pierce Johnson,Pierce,Johnson,52,1991-05-10,35,"6' 2""",202,1,Pitcher,R,Right,R,Right,,,,,,,,,,,,,,,,,,,,,,,,,,
2026-09-24,824866,,/api/v1.1/game/824866/feed/live,R,2026,2026-09-24,,night,P,N,N,Regular Season,3,3,1,Final,Final,4705,Truist Park,144,Atlanta Braves,ATL,6,False,113,Cincinnati Reds,CIN,7,True,682825,Luis Mey,Luis,Mey,47,2001-06-24,25,"6' 5""",235,1,Pitcher,R,Right,R,Right,,,,,,,,,,,,,,,,,,,,,,,,,,
2026-09-24,824866,,/api/v1.1/game/824866/feed/live,R,2026,2026-09-24,,night,P,N,N,Regular Season,3,3,1,Final,Final,4705,Truist Park,144,Atlanta Braves,ATL,6,False,113,Cincinnati Reds,CIN,7,True,641941,Emilio Pagán,Emilio,Pagán,15,1991-05-07,35,"6' 2""",208,1,Pitcher,L,Left,R,Right,"1.0 IP, 0 ER, K, 0 BB",,,,,,,,,,,,,,,,1.0,0,1,0,1,0,14,0,0,1
2026-09-24,824866,,/api/v1.1/game/824866/feed/live,R,2026,2026-09-24,,night,P,N,N,Regular Season,3,3,1,Final,Final,4705,Truist Park,144,Atlanta Braves,ATL,6,False,113,Cincinnati Reds,CIN,7,True,686730,Carson Spiers,William,Spiers,68,1997-11-11,28,"6' 3""",205,1,Pitcher,R,Right,R,Right,,,,,,,,,,,,,,,,,,,,,,,,,,
2026-09-24,824866,,/api/v1.1/game/824866/feed/live,R,2026,2026-09-24,,night,P,N,N,Regular Season,3,3,1,Final,Final,4705,Truist Park,144,Atlanta Braves,ATL,6,False,113,Cincinnati Reds,CIN,7,True,682227,Brandon Williamson,Brandon,Williamson,55,1998-04-02,28,"6' 6""",210,1,Pitcher,R,Right,L,Left,,,,,,,,,,,,,,,,,,,,,,,,,,
2026-09-24,824866,,/api/v1.1/game/824866/feed/live,R,2026,2026-09-24,,night,P,N,N,Regular Season,3,3,1,Final,Final,4705,Truist Park,144,Atlanta Braves,ATL,6,False,113,Cincinnati Reds,CIN,7,True,622088,Tejay Antone,Tejay,Antone,70,1993-12-05,32,"6' 4""",230,1,Pitcher,R,Right,R,Right,"1.0 IP, 0 ER, K, 0 BB",,,,,,,,,,,,,,,,1.0,0,0,0,1,0,15,0,0,0
2026-09-24,824866,,/api/v1.1/game/824866/feed/live,R,2026,2026-09-24,,night,P,N,N,Regular Season,3,3,1,Final,Final,4705,Truist Park,144,Atlanta Braves,ATL,6,False,113,Cincinnati Reds,CIN,7,True,663903,Brady Singer,Brady,Singer,51,1996-08-04,30,"6' 5""",215,1,Pitcher,R,Right,R,Right,"3.0 IP, 5 ER, K, 2 BB",,,,,,,,,,,,,,,,3.0,5,7,1,1,2,63,0,0,0
2026-09-24,824866,,/api/v1.1/game/824866/feed/live,R,2026,2026-09-24,,night,P,N,N,Regular Season,3,3,1,Final,Final,4705,Truist Park,144,Atlanta Braves,ATL,6,False,113,Cincinnati Reds,CIN,7,True,680574,Matt McLain,Matthew,McLain,9,1999-08-06,27,"5' 8""",180,4,Second Base,R,Right,R,Right,"1-4 | K, RBI",,4,1,0,0,0,1,0,1,0,0,0,0,4,1,,,,,,,,,,
2026-09-24,824866,,/api/v1.1/game/824866/feed/live,R,2026,2026-09-24,,night,P,N,N,Regular Season,3,3,1,Final,Final,4705,Truist Park,144,Atlanta Braves,ATL,6,False,113,Cincinnati Reds,CIN,7,True,665828,Oswaldo Cabrera,Oswaldo,Cabrera,16,1999-03-01,27,"6' 0""",200,5,Third Base,S,Switch,R,Right,,,,,,,,,,,,,,,,,,,,,,,,,,
2026-09-24,824866,,/api/v1.1/game/824866/feed/live,R,2026,2026-09-24,,night,P,N,N,Regular Season,3,3,1,Final,Final,4705,Truist Park,144,Atlanta Braves,ATL,6,False,113,Cincinnati Reds,CIN,7,True,663647,Ke'Bryan Hayes,Ke'Bryan,Hayes,3,1997-01-28,29,"5' 11""",215,5,Third Base,R,Right,R,Right,0-4,,4,0,0,0,0,0,0,0,0,0,0,0,4,0,,,,,,,,,,
2026-09-24,824866,,/api/v1.1/game/824866/feed/live,R,2026,2026-09-24,,night,P,N,N,Regular Season,3,3,1,Final,Final,4705,Truist Park,144,Atlanta Braves,ATL,6,False,113,Cincinnati Reds,CIN,7,True,677943,Will Banfield,William,Banfield,60,1999-11-18,26,"6' 0""",215,2,Catcher,R,Right,R,Right,,,,,,,,,,,,,,,,,,,,,,,,,,
2026-09-24,824866,,/api/v1.1/game/824866/feed/live,R,2026,2026-09-24,,night,P,N,N,Regular Season,3,3,1,Final,Final,4705,Truist Park,144,Atlanta Braves,ATL,6,False,113,Cincinnati Reds,CIN,7,True,699115,Carlos Jorge,Carlos,Jorge,38,2003-09-22,23,"5' 9""",160,8,Outfielder,L,Left,R,Right,"1-4 | HR, K, RBI",,4,1,0,0,1,1,1,1,0,0,0,0,4,4,,,,,,,,,,
2026-09-24,824866,,/api/v1.1/game/824866/feed/live,R,2026,2026-09-24,,night,P,N,N,Regular Season,3,3,1,Final,Final,4705,Truist Park,144,Atlanta Braves,ATL,6,False,113,Cincinnati Reds,CIN,7,True,695076,Rhett Lowder,Rhett,Lowder,25,2002-03-08,24,"6' 1""",200,1,Pitcher,R,Right,R,Right,,,,,,,,,,,,,,,,,,,,,,,,,,
2026-09-24,824866,,/api/v1.1/game/824866/feed/live,R,2026,2026-09-24,,night,P,N,N,Regular Season,3,3,1,Final,Final,4705,Truist Park,144,Atlanta Braves,ATL,6,False,113,Cincinnati Reds,CIN,7,True,683175,Connor Phillips,Connor,Phillips,34,2001-05-04,25,"6' 2""",209,1,Pitcher,R,Right,R,Right,"1.1 IP, 0 ER, 0 K, 2 BB",,,,,,,,,,,,,,,,1.1,0,1,0,0,2,23,1,0,0
2026-09-24,824866,,/api/v1.1/game/824866/feed/live,R,2026,2026-09-24,,night,P,N,N,Regular Season,3,3,1,Final,Final,4705,Truist Park,144,Atlanta Braves,ATL,6,False,113,Cincinnati Reds,CIN,7,True,624431,Jose Trevino,Jose,Trevino,35,1992-11-28,33,"5' 9""",215,2,Catcher,R,Right,R,Right,,,,,,,,,,,,,,,,,,,,,,,,,,
2026-09-24,824866,,/api/v1.1/game/824866/feed/live,R,2026,2026-09-24,,night,P,N,N,Regular Season,3,3,1,Final,Final,4705,Truist Park,144,Atlanta Braves,ATL,6,False,113,Cincinnati Reds,CIN,7,True,663886,Tyler Stephenson,Tyler,Stephenson,37,1996-08-16,30,"6' 3""",225,2,Catcher,R,Right,R,Right,"0-3 | BB, K, R",,3,0,0,0,0,0,1,1,1,0,0,0,4,0,,,,,,,,,,
2026-09-24,824866,,/api/v1.1/game/824866/feed/live,R,2026,2026-09-24,,night,P,N,N,Regular Season,3,3,1,Final,Final,4705,Truist Park,144,Atlanta Braves,ATL,6,False,113,Cincinnati Reds,CIN,7,True,553993,Eugenio Suárez,Eugenio,Suárez,28,1991-07-18,35,"5' 11""",213,10,Designated Hitter,R,Right,R,Right,"1-3 | HBP, K, 2 RBI",,3,1,0,0,0,2,1,1,0,0,0,0,4,1,,,,,,,,,,
2026-09-24,824866,,/api/v1.1/game/824866/feed/live,R,2026,2026-09-24,,night,P,N,N,Regular Season,3,3,1,Final,Final,4705,Truist Park,144,Atlanta Braves,ATL,6,False,113,Cincinnati Reds,CIN,7,True,668933,Graham Ashcraft,Douglas,Ashcraft,23,1998-02-11,28,"6' 2""",248,1,Pitcher,L,Left,R,Right,,,,,,,,,,,,,,,,,,,,,,,,,,
2026-09-24,824866,,/api/v1.1/game/824866/feed/live,R,2026,2026-09-24,,night,P,N,N,Regular Season,3,3,1,Final,Final,4705,Truist Park,144,Atlanta Braves,ATL,6,False,113,Cincinnati Reds,CIN,7,True,685112,Zach McCambley,Zachary,McCambley,62,1999-05-04,27,"6' 2""",225,1,Pitcher,L,Left,R,Right,"1.2 IP, ER, K, 0 BB",,,,,,,,,,,,,,,,1.2,1,2,0,1,0,25,0,0,0
2026-09-24,824866,,/api/v1.1/game/824866/feed/live,R,2026,2026-09-24,,night,P,N,N,Regular Season,3,3,1,Final,Final,4705,Truist Park,144,Atlanta Braves,ATL,6,False,113,Cincinnati Reds,CIN,7,True,682877,Juan Brito,Juan,Brito,46,2001-09-24,25,"6' 0""",202,4,Second Base,S,Switch,R,Right,,,,,,,,,,,,,,,,,,,,,,,,,,
2026-09-24,824866,,/api/v1.1/game/824866/feed/live,R,2026,2026-09-24,,night,P,N,N,Regular Season,3,3,1,Final,Final,4705,Truist Park,144,Atlanta Braves,ATL,6,False,113,Cincinnati Reds,CIN,7,True,666157,Nick Lodolo,Nicholas,Lodolo,40,1998-02-05,28,"6' 6""",216,1,Pitcher,L,Left,L,Left,,,,,,,,,,,,,,,,,,,,,,,,,,
2026-09-24,824866,,/api/v1.1/game/824866/feed/live,R,2026,2026-09-24,,night,P,N,N,Regular Season,3,3,1,Final,Final,4705,Truist Park,144,Atlanta Braves,ATL,6,False,113,Cincinnati Reds,CIN,7,True,668709,JJ Bleday,Jeffrey,Bleday,22,1997-11-10,28,"6' 2""",205,7,Outfielder,L,Left,L,Left,0-4,,4,0,0,0,0,0,0,0,0,0,0,0,4,0,,,,,,,,,,
2026-09-24,824866,,/api/v1.1/game/824866/feed/live,R,2026,2026-09-24,,night,P,N,N,Regular Season,3,3,1,Final,Final,4705,Truist Park,144,Atlanta Braves,ATL,6,False,113,Cincinnati Reds,CIN,7,True,656271,Brock Burke,Brock,Burke,49,1996-08-04,30,"6' 4""",210,1,Pitcher,L,Left,L,Left,"1.0 IP, 0 ER, 0 K, 0 BB",,,,,,,,,,,,,,,,1.0,0,1,0,0,0,8,0,0,0
2026-09-24,824866,,/api/v1.1/game/824866/feed/live,R,2026,2026-09-24,,night,P,N,N,Regular Season,3,3,1,Final,Final,4705,Truist Park,144,Atlanta Braves,ATL,6,False,113,Cincinnati Reds,CIN,7,True,671096,Andrew Abbott,Andrew,Abbott,41,1999-06-01,27,"6' 0""",192,1,Pitcher,L,Left,L,Left,,,,,,,,,,,,,,,,,,,,,,,,,,
2026-09-24,824866,,/api/v1.1/game/824866/feed/live,R,2026,2026-09-24,,night,P,N,N,Regular Season,3,3,1,Final,Final,4705,Truist Park,144,Atlanta Braves,ATL,6,False,113,Cincinnati Reds,CIN,7,True,699302,Héctor Rodríguez,Héctor,Rodríguez,43,2004-03-11,22,"5' 10""",200,9,Outfielder,L,Left,R,Right,"2-4 | HR, 2B, K",,4,2,1,0,1,2,2,1,0,0,0,0,4,6,,,,,,,,,,
2026-09-24,824950,,/api/v1.1/game/824950/feed/live,R,2026,2026-09-24,,night,P,N,N,Regular Season,1,4,1,Final,Final,2529,Sutter Health Park,133,Athletics,ATH,5,False,117,Houston Astros,HOU,7,True,671732,Lawrence Butler,Lawrence,Butler,4,2000-07-10,26,"6' 3""",210,9,Outfielder,L,Left,R,Right,"3-5 | 2B, 2 K",,5,3,1,0,0,0,0,2,0,0,0,0,5,4,,,,,,,,,,
2026-09-24,824950,,/api/v1.1/game/824950/feed/live,R,2026,2026-09-24,,night,P,N,N,Regular Season,1,4,1,Final,Final,2529,Sutter Health Park,133,Athletics,ATH,5,False,117,Houston Astros,HOU,7,True,695720,Tommy White,Thomas,White,47,2003-03-02,23,"6' 0""",220,5,Third Base,R,Right,R,Right,0-1 | K,,1,0,0,0,0,0,0,1,0,0,0,0,1,0,,,,,,,,,,
2026-09-24,824950,,/api/v1.1/game/824950/feed/live,R,2026,2026-09-24,,night,P,N,N,Regular Season,1,4,1,Final,Final,2529,Sutter Health Park,133,Athletics,ATH,5,False,117,Houston Astros,HOU,7,True,641680,Jonah Heim,Jonah,Heim,15,1995-06-27,31,"6' 4""",220,2,Catcher,S,Switch,R,Right,"1-3 | 2B, BB, R",,3,1,1,0,0,0,1,0,1,0,0,0,4,2,,,,,,,,,,
2026-09-24,824950,,/api/v1.1/game/824950/feed/live,R,2026,2026-09-24,,night,P,N,N,Regular Season,1,4,1,Final,Final,2529,Sutter Health Park,133,Athletics,ATH,5,False,117,Houston Astros,HOU,7,True,622268,Donovan Walton,Donovan,Walton,29,1994-05-25,32,"5' 9""",190,4,Second Base,L,Left,R,Right,1-3 | K,,3,1,0,0,0,0,0,1,0,0,0,0,3,1,,,,,,,,,,
2026-09-24,824950,,/api/v1.1/game/824950/feed/live,R,2026,2026-09-24,,night,P,N,N,Regular Season,1,4,1,Final,Final,2529,Sutter Health Park,133,Athletics,ATH,5,False,117,Houston Astros,HOU,7,True,680869,Zack Gelof,Zachary,Gelof,20,1999-10-19,26,"6' 2""",205,5,Third Base,R,Right,R,Right,"2-3 | 2 HR, BB, 2 RBI",,3,2,0,0,2,2,2,0,1,0,0,0,4,8,,,,,,,,,,
2026-09-24,824950,,/api/v1.1/game/824950/feed/live,R,2026,2026-09-24,,night,P,N,N,Regular Season,1,4,1,Final,Final,2529,Sutter Health Park,133,Athletics,ATH,5,False,117,Houston Astros,HOU,7,True,688297,Chris Roycroft,Chris,Roycroft,56,1997-06-21,29,"6' 8""",230,1,Pitcher,R,Right,R,Right,"1.0 IP, ER, 2 K, 0 BB",,,,,,,,,,,,,,,,1.0,1,1,1,2,0,14,0,0,0
2026-09-24,824950,,/api/v1.1/game/824950/feed/live,R,2026,2026-09-24,,night,P,N,N,Regular Season,1,4,1,Final,Final,2529,Sutter Health Park,133,Athletics,ATH,5,False,117,Houston Astros,HOU,7,True,683021,Michael Stefanic,Michael,Stefanic,17,1996-02-24,30,"5' 9""",180,4,Second Base,R,Right,R,Right,1-1,,1,1,0,0,0,0,0,0,0,0,0,0,1,1,,,,,,,,,,
2026-09-24,824950,,/api/v1.1/game/824950/feed/live,R,2026,2026-09-24,,night,P,N,N,Regular Season,1,4,1,Final,Final,2529,Sutter Health Park,133,Athletics,ATH,5,False,117,Houston Astros,HOU,7,True,680723,Drew Rom,Drew,Rom,39,1999-12-15,26,"6' 1""",225,1,Pitcher,L,Left,L,Left,,,,,,,,,,,,,,,,,,,,,,,,,,
2026-09-24,824950,,/api/v1.1/game/824950/feed/live,R,2026,2026-09-24,,night,P,N,N,Regular Season,1,4,1,Final,Final,2529,Sutter Health Park,133,Athletics,ATH,5,False,117,Houston Astros,HOU,7,True,643446,Jeff McNeil,Jeffrey,McNeil,22,1992-04-08,34,"6' 0""",195,4,Second Base,L,Left,R,Right,"2-4 | HR, 2B, K",,4,2,1,0,1,3,1,1,0,0,0,0,4,6,,,,,,,,,,
2026-09-24,824950,,/api/v1.1/game/824950/feed/live,R,2026,2026-09-24,,night,P,N,N,Regular Season,1,4,1,Final,Final,2529,Sutter Health Park,133,Athletics,ATH,5,False,117,Houston Astros,HOU,7,True,664129,Geoff Hartlieb,Geoffery,Hartlieb,31,1993-12-09,32,"6' 5""",240,1,Pitcher,R,Right,R,Right,,,,,,,,,,,,,,,,,,,,,,,,,,
2026-09-24,824950,,/api/v1.1/game/824950/feed/live,R,2026,2026-09-24,,night,P,N,N,Regular Season,1,4,1,Final,Final,2529,Sutter Health Park,133,Athletics,ATH,5,False,117,Houston Astros,HOU,7,True,686751,Seth Johnson,Seth,Johnson,52,1998-09-19,28,"6' 1""",205,1,Pitcher,R,Right,R,Right,,,,,,,,,,,,,,,,,,,,,,,,,,
2026-09-24,824950,,/api/v1.1/game/824950/feed/live,R,2026,2026-09-24,,night,P,N,N,Regular Season,1,4,1,Final,Final,2529,Sutter Health Park,133,Athletics,ATH,5,False,117,Houston Astros,HOU,7,True,686930,Mason Barnett,Mason,Barnett,63,2000-11-07,25,"6' 0""",218,1,Pitcher,R,Right,R,Right,"6.0 IP, 4 ER, 8 K, 2 BB",,,,,,,,,,,,,,,,6.0,4,4,2,8,2,87,0,0,0
2026-09-24,824950,,/api/v1.1/game/824950/feed/live,R,2026,2026-09-24,,night,P,N,N,Regular Season,1,4,1,Final,Final,2529,Sutter Health Park,133,Athletics,ATH,5,False,117,Houston Astros,HOU,7,True,811965,Joshua Kuroda-Grauer,Joshua,Kuroda-Grauer,44,2003-01-31,23,"5' 10""",205,5,Third Base,R,Right,R,Right,"0-3 | BB, 2 K",,3,0,0,0,0,0,0,2,1,0,0,0,4,0,,,,,,,,,,
2026-09-24,824950,,/api/v1.1/game/824950/feed/live,R,2026,2026-09-24,,night,P,N,N,Regular Season,1,4,1,Final,Final,2529,Sutter Health Park,133,Athletics,ATH,5,False,117,Houston Astros,HOU,7,True,661531,Brian Serven,Brian,Serven,10,1995-05-05,31,"6' 0""",207,2,Catcher,R,Right,R,Right,,,,,,,,,,,,,,,,,,,,,,,,,,
2026-09-24,824950,,/api/v1.1/game/824950/feed/live,R,2026,2026-09-24,,night,P,N,N,Regular Season,1,4,1,Final,Final,2529,Sutter Health Park,133,Athletics,ATH,5,False,117,Houston Astros,HOU,7,True,666126,Carlos Cortes,Carlos,Cortes,26,1997-06-30,29,"5' 7""",197,9,Outfielder,L,Left,S,Switch,0-3 | 2 K,,3,0,0,0,0,0,0,2,0,0,0,0,3,0,,,,,,,,,,
2026-09-24,824950,,/api/v1.1/game/824950/feed/live,R,2026,2026-09-24,,night,P,N,N,Regular Season,1,4,1,Final,Final,2529,Sutter Health Park,133,Athletics,ATH,5,False,117,Houston Astros,HOU,7,True,656240,Scott Blewett,Scott,Blewett,49,1996-04-10,30,"6' 6""",245,1,Pitcher,R,Right,R,Right,"1.0 IP, ER, 0 K, 0 BB",,,,,,,,,,,,,,,,1.0,1,3,1,0,0,18,0,1,0
2026-09-24,824950,,/api/v1.1/game/824950/feed/live,R,2026,2026-09-24,,night,P,N,N,Regular Season,1,4,1,Final,Final,2529,Sutter Health Park,133,Athletics,ATH,5,False,117,Houston Astros,HOU,7,True,682052,Jacob Lopez,Jacob,Lopez,57,1998-03-11,28,"6' 4""",220,1,Pitcher,L,Left,L,Left,,,,,,,,,,,,,,,,,,,,,,,,,,
2026-09-24,824950,,/api/v1.1/game/824950/feed/live,R,2026,2026-09-24,,night,P,N,N,Regular Season,1,4,1,Final,Final,2529,Sutter Health Park,133,Athletics,ATH,5,False,117,Houston Astros,HOU,7,True,675961,Alika Williams,Alexander,Williams,12,1999-03-12,27,"6' 1""",183,6,Shortstop,R,Right,R,Right,,,,,,,,,,,,,,,,,,,,,,,,,,
2026-09-24,824950,,/api/v1.1/game/824950/feed/live,R,2026,2026-09-24,,night,P,N,N,Regular Season,1,4,1,Final,Final,2529,Sutter Health Park,133,Athletics,ATH,5,False,117,Houston Astros,HOU,7,True,672016,Denzel Clarke,Denzel,Clarke,1,2000-05-01,26,"6' 3""",220,8,Outfielder,R,Right,R,Right,0-0,,0,0,0,0,0,0,0,0,0,0,0,0,0,0,,,,,,,,,,
2026-09-24,824950,,/api/v1.1/game/824950/feed/live,R,2026,2026-09-24,,night,P,N,N,Regular Season,1,4,1,Final,Final,2529,Sutter Health Park,133,Athletics,ATH,5,False,117,Houston Astros,HOU,7,True,669620,Brady Basso,Brady,Basso,66,1997-10-08,28,"6' 2""",213,1,Pitcher,R,Right,L,Left,,,,,,,,,,,,,,,,,,,,,,,,,,
2026-09-24,824950,,/api/v1.1/game/824950/feed/live,R,2026,2026-09-24,,night,P,N,N,Regular Season,1,4,1,Final,Final,2529,Sutter Health Park,133,Athletics,ATH,5,False,117,Houston Astros,HOU,7,True,665660,Elvis Alvarado,Elvis,Alvarado,37,1999-02-23,27,"6' 6""",253,1,Pitcher,R,Right,R,Right,"1.0 IP, ER, 0 K, 0 BB",,,,,,,,,,,,,,,,1.0,1,2,1,0,0,20,0,0,0
2026-09-24,824950,,/api/v1.1/game/824950/feed/live,R,2026,2026-09-24,,night,P,N,N,Regular Season,1,4,1,Final,Final,2529,Sutter Health Park,133,Athletics,ATH,5,False,117,Houston Astros,HOU,7,True,663687,Hogan Harris,Hogan,Harris,36,1996-12-26,29,"6' 3""",230,1,Pitcher,R,Right,L,Left,,,,,,,,,,,,,,,,,,,,,,,,,,
2026-09-24,824950,,/api/v1.1/game/824950/feed/live,R,2026,2026-09-24,,night,P,N,N,Regular Season,1,4,1,Final,Final,2529,Sutter Health Park,133,Athletics,ATH,5,False,117,Houston Astros,HOU,7,True,665622,Luis Medina,Luis,Medina,46,1999-05-03,27,"6' 1""",175,1,Pitcher,R,Right,R,Right,,,,,,,,,,,,,,,,,,,,,,,,,,
2026-09-24,824950,,/api/v1.1/game/824950/feed/live,R,2026,2026-09-24,,night,P,N,N,Regular Season,1,4,1,Final,Final,2529,Sutter Health Park,133,Athletics,ATH,5,False,117,Houston Astros,HOU,7,True,703607,Henry Bolte,Henry,Bolte,33,2003-08-04,23,"6' 3""",195,8,Outfielder,R,Right,R,Right,0-5 | 4 K,,5,0,0,0,0,0,0,4,0,0,0,0,5,0,,,,,,,,,,
2026-09-24,824950,,/api/v1.1/game/824950/feed/live,R,2026,2026-09-24,,night,P,N,N,Regular Season,1,4,1,Final,Final,2529,Sutter Health Park,133,Athletics,ATH,5,False,117,Houston Astros,HOU,7,True,669127,Shea Langeliers,Shea,Langeliers,23,1997-11-18,28,"5' 11""",205,2,Catcher,R,Right,R,Right,"1-5 | K, R",,5,1,0,0,0,0,1,1,0,0,0,2,5,1,,,,,,,,,,
2026-09-24,824950,,/api/v1.1/game/824950/feed/live,R,2026,2026-09-24,,night,P,N,N,Regular Season,1,4,1,Final,Final,2529,Sutter Health Park,133,Athletics,ATH,5,False,117,Houston Astros,HOU,7,True,814305,Yunior Tur,Yunior,Tur,70,1999-08-09,27,"6' 6""",208,1,Pitcher,R,Right,R,Right,,,,,,,,,,,,,,,,,,,,,,,,,,
2026-09-24,824950,,/api/v1.1/game/824950/feed/live,R,2026,2026-09-24,,night,P,N,N,Regular Season,1,4,1,Final,Final,2529,Sutter Health Park,133,Athletics,ATH,5,False,117,Houston Astros,HOU,7,True,678022,Jack Perkins,Jackson,Perkins,50,1999-12-26,26,"6' 1""",220,1,Pitcher,R,Right,R,Right,,,,,,,,,,,,,,,,,,,,,,,,,,
2026-09-24,824950,,/api/v1.1/game/824950/feed/live,R,2026,2026-09-24,,night,P,N,N,Regular Season,1,4,1,Final,Final,2529,Sutter Health Park,133,Athletics,ATH,5,False,117,Houston Astros,HOU,7,True,605488,Jeffrey Springs,Jeffrey,Springs,59,1992-09-20,34,"6' 3""",218,1,Pitcher,L,Left,L,Left,,,,,,,,,,,,,,,,,,,,,,,,,,
2026-09-24,824950,,/api/v1.1/game/824950/feed/live,R,2026,2026-09-24,,night,P,N,N,Regular Season,1,4,1,Final,Final,2529,Sutter Health Park,133,Athletics,ATH,5,False,117,Houston Astros,HOU,7,True,670623,Isaac Paredes,Isaac,Paredes,15,1999-02-18,27,"5' 11""",213,5,Third Base,R,Right,R,Right,"1-4 | HR, BB, RBI",,4,1,0,0,1,1,1,0,1,0,0,0,5,4,,,,,,,,,,
2026-09-24,824950,,/api/v1.1/game/824950/feed/live,R,2026,2026-09-24,,night,P,N,N,Regular Season,1,4,1,Final,Final,2529,Sutter Health Park,133,Athletics,ATH,5,False,117,Houston Astros,HOU,7,True,650556,Bryan Abreu,Bryan,Abreu,52,1997-04-22,29,"6' 1""",230,1,Pitcher,R,Right,R,Right,"1.1 IP, 0 ER, 0 K, BB",,,,,,,,,,,,,,,,1.1,0,1,0,0,1,14,0,0,1
2026-09-24,824950,,/api/v1.1/game/824950/feed/live,R,2026,2026-09-24,,night,P,N,N,Regular Season,1,4,1,Final,Final,2529,Sutter Health Park,133,Athletics,ATH,5,False,117,Houston Astros,HOU,7,True,669397,Nick Allen,Nicholas,Allen,20,1998-10-08,27,"5' 7""",166,6,Shortstop,R,Right,R,Right,,,,,,,,,,,,,,,,,,,,,,,,,,
2026-09-24,824950,,/api/v1.1/game/824950/feed/live,R,2026,2026-09-24,,night,P,N,N,Regular Season,1,4,1,Final,Final,2529,Sutter Health Park,133,Athletics,ATH,5,False,117,Houston Astros,HOU,7,True,701358,Cam Smith,Cameron,Smith,11,2003-02-22,23,"6' 3""",224,9,Outfielder,R,Right,R,Right,"1-4 | 2 K, R",,4,1,0,0,0,0,1,2,0,0,0,0,4,1,,,,,,,,,,
2026-09-24,824950,,/api/v1.1/game/824950/feed/live,R,2026,2026-09-24,,night,P,N,N,Regular Season,1,4,1,Final,Final,2529,Sutter Health Park,133,Athletics,ATH,5,False,117,Houston Astros,HOU,7,True,669713,Hayden Wesneski,Hayden,Wesneski,39,1997-12-05,28,"6' 3""",210,1,Pitcher,R,Right,R,Right,,,,,,,,,,,,,,,,,,,,,,,,,,
2026-09-24,824950,,/api/v1.1/game/824950/feed/live,R,2026,2026-09-24,,night,P,N,N,Regular Season,1,4,1,Final,Final,2529,Sutter Health Park,133,Athletics,ATH,5,False,117,Houston Astros,HOU,7,True,686613,Hunter Brown,Hunter,Brown,58,1998-08-29,28,"6' 2""",220,1,Pitcher,R,Right,R,Right,,,,,,,,,,,,,,,,,,,,,,,,,,
2026-09-24,824950,,/api/v1.1/game/824950/feed/live,R,2026,2026-09-24,,night,P,N,N,Regular Season,1,4,1,Final,Final,2529,Sutter Health Park,133,Athletics,ATH,5,False,117,Houston Astros,HOU,7,True,681973,Josh Hendrickson,Joshua,Hendrickson,61,1997-09-18,29,"6' 4""",215,1,Pitcher,L,Left,L,Left,,,,,,,,,,,,,,,,,,,,,,,,,,
2026-09-24,824950,,/api/v1.1/game/824950/feed/live,R,2026,2026-09-24,,night,P,N,N,Regular Season,1,4,1,Final,Final,2529,Sutter Health Park,133,Athletics,ATH,5,False,117,Houston Astros,HOU,7,True,669854,Ronel Blanco,Ronel,Blanco,56,1993-08-31,33,"6' 3""",265,1,Pitcher,R,Right,R,Right,,,,,,,,,,,,,,,,,,,,,,,,,,
2026-09-24,824950,,/api/v1.1/game/824950/feed/live,R,2026,2026-09-24,,night,P,N,N,Regular Season,1,4,1,Final,Final,2529,Sutter Health Park,133,Athletics,ATH,5,False,117,Houston Astros,HOU,7,True,623352,Josh Hader,Josh,Hader,71,1994-04-07,32,"6' 3""",188,1,Pitcher,L,Left,L,Left,,,,,,,,,,,,,,,,,,,,,,,,,,
2026-09-24,824950,,/api/v1.1/game/824950/feed/live,R,2026,2026-09-24,,night,P,N,N,Regular Season,1,4,1,Final,Final,2529,Sutter Health Park,133,Athletics,ATH,5,False,117,Houston Astros,HOU,7,True,805123,AJ Blubaugh,Alan,Blubaugh,69,2000-07-04,26,"6' 2""",190,1,Pitcher,R,Right,R,Right,,,,,,,,,,,,,,,,,,,,,,,,,,
2026-09-24,824950,,/api/v1.1/game/824950/feed/live,R,2026,2026-09-24,,night,P,N,N,Regular Season,1,4,1,Final,Final,2529,Sutter Health Park,133,Athletics,ATH,5,False,117,Houston Astros,HOU,7,True,814490,Ethan Pecko,Ethan,Pecko,70,2002-08-25,24,"6' 2""",195,1,Pitcher,R,Right,R,Right,,,,,,,,,,,,,,,,,,,,,,,,,,
2026-09-24,824950,,/api/v1.1/game/824950/feed/live,R,2026,2026-09-24,,night,P,N,N,Regular Season,1,4,1,Final,Final,2529,Sutter Health Park,133,Athletics,ATH,5,False,117,Houston Astros,HOU,7,True,656986,Bennett Sousa,John,Sousa,62,1995-04-06,31,"6' 3""",220,1,Pitcher,L,Left,L,Left,"0.2 IP, ER, 2 K, 0 BB",,,,,,,,,,,,,,,,0.2,1,2,1,2,0,13,0,0,0
2026-09-24,824950,,/api/v1.1/game/824950/feed/live,R,2026,2026-09-24,,night,P,N,N,Regular Season,1,4,1,Final,Final,2529,Sutter Health Park,133,Athletics,ATH,5,False,117,Houston Astros,HOU,7,True,701121,Logan VanWey,Logan,VanWey,64,1999-02-14,27,"6' 2""",205,1,Pitcher,R,Right,R,Right,,,,,,,,,,,,,,,,,,,,,,,,,,
2026-09-24,824950,,/api/v1.1/game/824950/feed/live,R,2026,2026-09-24,,night,P,N,N,Regular Season,1,4,1,Final,Final,2529,Sutter Health Park,133,Athletics,ATH,5,False,117,Houston Astros,HOU,7,True,514888,Jose Altuve,Jose,Altuve,27,1990-05-06,36,"5' 6""",167,4,Second Base,R,Right,R,Right,0-4 | 2 K,,4,0,0,0,0,0,0,2,0,0,0,0,4,0,,,,,,,,,,
2026-09-24,824950,,/api/v1.1/game/824950/feed/live,R,2026,2026-09-24,,night,P,N,N,Regular Season,1,4,1,Final,Final,2529,Sutter Health Park,133,Athletics,ATH,5,False,117,Houston Astros,HOU,7,True,666211,Taylor Trammell,Taylor,Trammell,26,1997-09-13,29,"6' 1""",220,7,Outfielder,L,Left,L,Left,,,,,,,,,,,,,,,,,,,,,,,,,,
2026-09-24,824950,,/api/v1.1/game/824950/feed/live,R,2026,2026-09-24,,night,P,N,N,Regular Season,1,4,1,Final,Final,2529,Sutter Health Park,133,Athletics,ATH,5,False,117,Houston Astros,HOU,7,True,837227,Tatsuya Imai,Tatsuya,Imai,45,1998-05-09,28,"5' 11""",176,1,Pitcher,R,Right,R,Right,,,,,,,,,,,,,,,,,,,,,,,,,,
2026-09-24,824950,,/api/v1.1/game/824950/feed/live,R,2026,2026-09-24,,night,P,N,N,Regular Season,1,4,1,Final,Final,2529,Sutter Health Park,133,Athletics,ATH,5,False,117,Houston Astros,HOU,7,True,665161,Jeremy Peña,Jeremy,Peña,3,1997-09-22,29,"6' 0""",202,6,Shortstop,R,Right,R,Right,"1-5 | K, SB",,5,1,0,0,0,0,0,1,0,1,0,0,5,1,,,,,,,,,,
2026-09-24,824950,,/api/v1.1/game/824950/feed/live,R,2026,2026-09-24,,night,P,N,N,Regular Season,1,4,1,Final,Final,2529,Sutter Health Park,133,Athletics,ATH,5,False,117,Houston Astros,HOU,7,True,663567,Peter Lambert,Peter,Lambert,38,1997-04-18,29,"6' 2""",208,1,Pitcher,R,Right,R,Right,"2.2 IP, 4 ER, 6 K, 2 BB",,,,,,,,,,,,,,,,2.2,4,6,2,6,2,62,0,0,0
2026-09-24,824950,,/api/v1.1/game/824950/feed/live,R,2026,2026-09-24,,night,P,N,N,Regular Season,1,4,1,Final,Final,2529,Sutter Health Park,133,Athletics,ATH,5,False,117,Houston Astros,HOU,7,True,687911,Bryan King,Bryan,King,74,1996-11-05,29,"6' 1""",205,1,Pitcher,R,Right,L,Left,"1.1 IP, 0 ER, 3 K, 0 BB",,,,,,,,,,,,,,,,1.1,0,1,0,3,0,23,0,0,0
2026-09-24,824950,,/api/v1.1/game/824950/feed/live,R,2026,2026-09-24,,night,P,N,N,Regular Season,1,4,1,Final,Final,2529,Sutter Health Park,133,Athletics,ATH,5,False,117,Houston Astros,HOU,7,True,664774,LaMonte Wade Jr.,LaMonte,Wade,31,1994-01-01,32,"5' 11""",215,7,Outfielder,L,Left,L,Left,,,,,,,,,,,,,,,,,,,,,,,,,,
2026-09-24,824950,,/api/v1.1/game/824950/feed/live,R,2026,2026-09-24,,night,P,N,N,Regular Season,1,4,1,Final,Final,2529,Sutter Health Park,133,Athletics,ATH,5,False,117,Houston Astros,HOU,7,True,572233,Christian Walker,Christian,Walker,8,1991-03-28,35,"5' 11""",208,3,First Base,R,Right,R,Right,"2-4 | HR, K, RBI",,4,2,0,0,1,1,2,1,0,0,0,0,4,5,,,,,,,,,,
2026-09-24,824950,,/api/v1.1/game/824950/feed/live,R,2026,2026-09-24,,night,P,N,N,Regular Season,1,4,1,Final,Final,2529,Sutter Health Park,133,Athletics,ATH,5,False,117,Houston Astros,HOU,7,True,699044,Miguel Ullola,Miguel,Ullola,66,2002-06-19,24,"6' 1""",205,1,Pitcher,R,Right,R,Right,"3.0 IP, 0 ER, 3 K, 0 BB",,,,,,,,,,,,,,,,3.0,0,1,0,3,0,35,1,0,0
2026-09-24,824950,,/api/v1.1/game/824950/feed/live,R,2026,2026-09-24,,night,P,N,N,Regular Season,1,4,1,Final,Final,2529,Sutter Health Park,133,Athletics,ATH,5,False,117,Houston Astros,HOU,7,True,828599,Lucas Spence,Lucas,Spence,28,2003-01-27,23,"6' 0""",195,8,Outfielder,L,Left,L,Left,"3-4 | 3 HR, 5 RBI, 3 R",,4,3,0,0,3,5,3,0,0,0,0,0,4,12,,,,,,,,,,
2026-09-24,824950,,/api/v1.1/game/824950/feed/live,R,2026,2026-09-24,,night,P,N,N,Regular Season,1,4,1,Final,Final,2529,Sutter Health Park,133,Athletics,ATH,5,False,117,Houston Astros,HOU,7,True,543877,Christian Vázquez,Christian,Vázquez,2,1990-08-21,36,"5' 8""",205,2,Catcher,R,Right,R,Right,1-4 | K,,4,1,0,0,0,0,0,1,0,0,0,0,4,1,,,,,,,,,,
2026-09-24,824950,,/api/v1.1/game/824950/feed/live,R,2026,2026-09-24,,night,P,N,N,Regular Season,1,4,1,Final,Final,2529,Sutter Health Park,133,Athletics,ATH,5,False,117,Houston Astros,HOU,7,True,678489,Jorge Barrosa,Jorge,Barrosa,14,2001-02-17,25,"5' 6""",175,8,Outfielder,S,Switch,L,Left,0-0,,0,0,0,0,0,0,0,0,0,0,0,0,0,0,,,,,,,,,,
2026-09-24,824950,,/api/v1.1/game/824950/feed/live,R,2026,2026-09-24,,night,P,N,N,Regular Season,1,4,1,Final,Final,2529,Sutter Health Park,133,Athletics,ATH,5,False,117,Houston Astros,HOU,7,True,673237,Yainer Diaz,Yainer,Diaz,21,1998-09-21,28,"5' 11""",195,2,Catcher,R,Right,R,Right,0-4 | 2 K,,4,0,0,0,0,0,0,2,0,0,0,0,4,0,,,,,,,,,,
2026-09-24,824950,,/api/v1.1/game/824950/feed/live,R,2026,2026-09-24,,night,P,N,N,Regular Season,1,4,1,Final,Final,2529,Sutter Health Park,133,Athletics,ATH,5,False,117,Houston Astros,HOU,7,True,670541,Yordan Alvarez,Yordan,Alvarez,44,1997-06-27,29,"6' 4""",237,10,Designated Hitter,L,Left,R,Right,"1-4 | BB, K",,4,1,0,0,0,0,0,1,1,0,0,0,5,1,,,,,,,,,,
2026-09-24,824950,,/api/v1.1/game/824950/feed/live,R,2026,2026-09-24,,night,P,N,N,Regular Season,1,4,1,Final,Final,2529,Sutter Health Park,133,Athletics,ATH,5,False,117,Houston Astros,HOU,7,True,676369,Nelson Velázquez,Nelson,Velázquez,30,1998-12-26,27,"5' 11""",190,7,Outfielder,R,Right,R,Right,,,,,,,,,,,,,,,,,,,,,,,,,,
2026-09-24,823087,,/api/v1.1/game/823087/feed/live,R,2026,2026-09-24,,night,P,N,N,Regular Season,1,4,1,Final,Final,680,T-Mobile Park,136,Seattle Mariners,SEA,4,False,108,Los Angeles Angels,LAA,6,True,647304,Josh Naylor,Joshua-Douglas,Naylor,12,1997-06-22,29,"5' 10""",235,3,First Base,L,Left,L,Left,"0-3 | BB, R",,3,0,0,0,0,0,1,0,1,0,0,0,4,0,,,,,,,,,,
2026-09-24,823087,,/api/v1.1/game/823087/feed/live,R,2026,2026-09-24,,night,P,N,N,Regular Season,1,4,1,Final,Final,680,T-Mobile Park,136,Seattle Mariners,SEA,4,False,108,Los Angeles Angels,LAA,6,True,645302,Victor Robles,Victor,Robles,10,1997-05-19,29,"6' 0""",193,9,Outfielder,R,Right,R,Right,,,,,,,,,,,,,,,,,,,,,,,,,,
2026-09-24,823087,,/api/v1.1/game/823087/feed/live,R,2026,2026-09-24,,night,P,N,N,Regular Season,1,4,1,Final,Final,680,T-Mobile Park,136,Seattle Mariners,SEA,4,False,108,Los Angeles Angels,LAA,6,True,702284,Cole Young,Cole,Young,2,2003-07-29,23,"5' 10""",180,4,Second Base,L,Left,R,Right,1-3 | BB,,3,1,0,0,0,0,0,0,1,0,0,0,4,1,,,,,,,,,,
2026-09-24,823087,,/api/v1.1/game/823087/feed/live,R,2026,2026-09-24,,night,P,N,N,Regular Season,1,4,1,Final,Final,680,T-Mobile Park,136,Seattle Mariners,SEA,4,False,108,Los Angeles Angels,LAA,6,True,703197,Michael Arroyo,Michael,Arroyo,96,2004-11-03,21,"5' 10""",160,6,Shortstop,R,Right,R,Right,0-2,,2,0,0,0,0,0,0,0,0,0,0,0,2,0,,,,,,,,,,
2026-09-24,823087,,/api/v1.1/game/823087/feed/live,R,2026,2026-09-24,,night,P,N,N,Regular Season,1,4,1,Final,Final,680,T-Mobile Park,136,Seattle Mariners,SEA,4,False,108,Los Angeles Angels,LAA,6,True,678606,José A. Ferrer,José,Ferrer,45,2000-03-03,26,"6' 1""",233,1,Pitcher,L,Left,L,Left,,,,,,,,,,,,,,,,,,,,,,,,,,
2026-09-24,823087,,/api/v1.1/game/823087/feed/live,R,2026,2026-09-24,,night,P,N,N,Regular Season,1,4,1,Final,Final,680,T-Mobile Park,136,Seattle Mariners,SEA,4,False,108,Los Angeles Angels,LAA,6,True,571948,Hoby Milner,Hoby,Milner,41,1991-01-13,35,"6' 3""",187,1,Pitcher,L,Left,L,Left,"1.0 IP, 0 ER, 3 K, 0 BB",,,,,,,,,,,,,,,,1.0,0,1,0,3,0,16,0,0,0
2026-09-24,823087,,/api/v1.1/game/823087/feed/live,R,2026,2026-09-24,,night,P,N,N,Regular Season,1,4,1,Final,Final,680,T-Mobile Park,136,Seattle Mariners,SEA,4,False,108,Los Angeles Angels,LAA,6,True,703155,Lazaro Montes,Lazaro,Montes,99,2004-10-22,21,"6' 5""",250,9,Outfielder,L,Left,R,Right,2-4 | K,,4,2,0,0,0,0,0,1,0,0,0,1,4,2,,,,,,,,,,
2026-09-24,823087,,/api/v1.1/game/823087/feed/live,R,2026,2026-09-24,,night,P,N,N,Regular Season,1,4,1,Final,Final,680,T-Mobile Park,136,Seattle Mariners,SEA,4,False,108,Los Angeles Angels,LAA,6,True,621074,Michael Rucker,Michael,Rucker,38,1994-04-27,32,"6' 1""",195,1,Pitcher,R,Right,R,Right,"1.2 IP, 0 ER, 2 K, BB",,,,,,,,,,,,,,,,1.2,0,0,0,2,1,21,0,0,0
2026-09-24,823087,,/api/v1.1/game/823087/feed/live,R,2026,2026-09-24,,night,P,N,N,Regular Season,1,4,1,Final,Final,680,T-Mobile Park,136,Seattle Mariners,SEA,4,False,108,Los Angeles Angels,LAA,6,True,642215,Weston Wilson,Weston,Wilson,31,1994-09-11,32,"6' 3""",215,5,Third Base,R,Right,R,Right,,,,,,,,,,,,,,,,,,,,,,,,,,
2026-09-24,823087,,/api/v1.1/game/823087/feed/live,R,2026,2026-09-24,,night,P,N,N,Regular Season,1,4,1,Final,Final,680,T-Mobile Park,136,Seattle Mariners,SEA,4,False,108,Los Angeles Angels,LAA,6,True,641487,J.P. Crawford,John,Crawford,3,1995-01-11,31,"6' 0""",202,6,Shortstop,L,Left,R,Right,"0-4 | BB, K, R",,4,0,0,0,0,0,1,1,1,0,0,0,5,0,,,,,,,,,,
2026-09-24,823087,,/api/v1.1/game/823087/feed/live,R,2026,2026-09-24,,night,P,N,N,Regular Season,1,4,1,Final,Final,680,T-Mobile Park,136,Seattle Mariners,SEA,4,False,108,Los Angeles Angels,LAA,6,True,668227,Randy Arozarena,Randy,Arozarena,56,1995-02-28,31,"5' 10""",185,7,Outfielder,R,Right,R,Right,"1-4 | 2B, K",,4,1,1,0,0,0,0,1,0,0,0,0,4,2,,,,,,,,,,
2026-09-24,823087,,/api/v1.1/game/823087/feed/live,R,2026,2026-09-24,,night,P,N,N,Regular Season,1,4,1,Final,Final,680,T-Mobile Park,136,Seattle Mariners,SEA,4,False,108,Los Angeles Angels,LAA,6,True,621493,Taylor Ward,Joseph,Ward,27,1993-12-14,32,"6' 0""",205,10,Designated Hitter,R,Right,R,Right,,,,,,,,,,,,,,,,,,,,,,,,,,
2026-09-24,823087,,/api/v1.1/game/823087/feed/live,R,2026,2026-09-24,,night,P,N,N,Regular Season,1,4,1,Final,Final,680,T-Mobile Park,136,Seattle Mariners,SEA,4,False,108,Los Angeles Angels,LAA,6,True,686527,Dominic Canzone,Dominic,Canzone,8,1997-08-16,29,"6' 0""",190,10,Designated Hitter,L,Left,R,Right,0-4 | K,,4,0,0,0,0,0,0,1,0,0,0,0,4,0,,,,,,,,,,
2026-09-24,823087,,/api/v1.1/game/823087/feed/live,R,2026,2026-09-24,,night,P,N,N,Regular Season,1,4,1,Final,Final,680,T-Mobile Park,136,Seattle Mariners,SEA,4,False,108,Los Angeles Angels,LAA,6,True,663728,Cal Raleigh,Caleb,Raleigh,29,1996-11-26,29,"6' 2""",235,2,Catcher,S,Switch,R,Right,"0-2 | 2 BB, R",,2,0,0,0,0,0,1,0,2,0,0,0,4,0,,,,,,,,,,
2026-09-24,823087,,/api/v1.1/game/823087/feed/live,R,2026,2026-09-24,,night,P,N,N,Regular Season,1,4,1,Final,Final,680,T-Mobile Park,136,Seattle Mariners,SEA,4,False,108,Los Angeles Angels,LAA,6,True,640902,Jhonny Pereda,Jhonny,Pereda,5,1996-04-18,30,"6' 1""",202,2,Catcher,R,Right,R,Right,,,,,,,,,,,,,,,,,,,,,,,,,,
2026-09-24,823087,,/api/v1.1/game/823087/feed/live,R,2026,2026-09-24,,night,P,N,N,Regular Season,1,4,1,Final,Final,680,T-Mobile Park,136,Seattle Mariners,SEA,4,False,108,Los Angeles Angels,LAA,6,True,669302,Logan Gilbert,Logan,Gilbert,36,1997-05-05,29,"6' 6""",215,1,Pitcher,R,Right,R,Right,,,,,,,,,,,,,,,,,,,,,,,,,,
2026-09-24,823087,,/api/v1.1/game/823087/feed/live,R,2026,2026-09-24,,night,P,N,N,Regular Season,1,4,1,Final,Final,680,T-Mobile Park,136,Seattle Mariners,SEA,4,False,108,Los Angeles Angels,LAA,6,True,693433,Bryan Woo,Bryan,Woo,22,2000-01-30,26,"6' 2""",205,1,Pitcher,R,Right,R,Right,"5.1 IP, 4 ER, 8 K, 3 BB",,,,,,,,,,,,,,,,5.1,4,7,0,8,3,106,0,1,0
2026-09-24,823087,,/api/v1.1/game/823087/feed/live,R,2026,2026-09-24,,night,P,N,N,Regular Season,1,4,1,Final,Final,680,T-Mobile Park,136,Seattle Mariners,SEA,4,False,108,Los Angeles Angels,LAA,6,True,622554,Seranthony Domínguez,Seranthony,Domínguez,58,1994-11-25,31,"6' 1""",225,1,Pitcher,R,Right,R,Right,,,,,,,,,,,,,,,,,,,,,,,,,,
2026-09-24,823087,,/api/v1.1/game/823087/feed/live,R,2026,2026-09-24,,night,P,N,N,Regular Season,1,4,1,Final,Final,680,T-Mobile Park,136,Seattle Mariners,SEA,4,False,108,Los Angeles Angels,LAA,6,True,681867,Cooper Criswell,Cooper,Criswell,88,1996-07-24,30,"6' 6""",200,1,Pitcher,R,Right,R,Right,"1.0 IP, ER, 0 K, 2 BB",,,,,,,,,,,,,,,,1.0,1,1,0,0,2,22,0,0,0
2026-09-24,823087,,/api/v1.1/game/823087/feed/live,R,2026,2026-09-24,,night,P,N,N,Regular Season,1,4,1,Final,Final,680,T-Mobile Park,136,Seattle Mariners,SEA,4,False,108,Los Angeles Angels,LAA,6,True,669923,George Kirby,George,Kirby,68,1998-02-04,28,"6' 4""",215,1,Pitcher,R,Right,R,Right,,,,,,,,,,,,,,,,,,,,,,,,,,
2026-09-24,823087,,/api/v1.1/game/823087/feed/live,R,2026,2026-09-24,,night,P,N,N,Regular Season,1,4,1,Final,Final,680,T-Mobile Park,136,Seattle Mariners,SEA,4,False,108,Los Angeles Angels,LAA,6,True,662253,Andrés Muñoz,Andrés,Muñoz,75,1999-01-16,27,"6' 2""",222,1,Pitcher,R,Right,R,Right,,,,,,,,,,,,,,,,,,,,,,,,,,
2026-09-24,823087,,/api/v1.1/game/823087/feed/live,R,2026,2026-09-24,,night,P,N,N,Regular Season,1,4,1,Final,Final,680,T-Mobile Park,136,Seattle Mariners,SEA,4,False,108,Los Angeles Angels,LAA,6,True,642100,Gabe Speier,Gabriel,Speier,55,1995-04-12,31,"5' 11""",200,1,Pitcher,L,Left,L,Left,,,,,,,,,,,,,,,,,,,,,,,,,,
2026-09-24,823087,,/api/v1.1/game/823087/feed/live,R,2026,2026-09-24,,night,P,N,N,Regular Season,1,4,1,Final,Final,680,T-Mobile Park,136,Seattle Mariners,SEA,4,False,108,Los Angeles Angels,LAA,6,True,677594,Julio Rodríguez,Julio,Rodríguez,44,2000-12-29,25,"6' 4""",228,8,Outfielder,R,Right,R,Right,"2-4 | HR, K, 2 RBI",,4,2,0,0,1,2,1,1,0,0,0,0,4,5,,,,,,,,,,
2026-09-24,823087,,/api/v1.1/game/823087/feed/live,R,2026,2026-09-24,,night,P,N,N,Regular Season,1,4,1,Final,Final,680,T-Mobile Park,136,Seattle Mariners,SEA,4,False,108,Los Angeles Angels,LAA,6,True,660844,Leo Rivas,Leonardo,Rivas,76,1997-10-10,28,"5' 7""",150,5,Third Base,S,Switch,R,Right,1-2 | RBI,,2,1,0,0,0,1,0,0,0,0,0,1,2,1,,,,,,,,,,
2026-09-24,823087,,/api/v1.1/game/823087/feed/live,R,2026,2026-09-24,,night,P,N,N,Regular Season,1,4,1,Final,Final,680,T-Mobile Park,136,Seattle Mariners,SEA,4,False,108,Los Angeles Angels,LAA,6,True,807739,Kade Anderson,Kade,Anderson,13,2004-07-06,22,"6' 2""",179,1,Pitcher,L,Left,L,Left,,,,,,,,,,,,,,,,,,,,,,,,,,
2026-09-24,823087,,/api/v1.1/game/823087/feed/live,R,2026,2026-09-24,,night,P,N,N,Regular Season,1,4,1,Final,Final,680,T-Mobile Park,136,Seattle Mariners,SEA,4,False,108,Los Angeles Angels,LAA,6,True,682243,Bryce Miller,Bryce,Miller,50,1998-08-23,28,"6' 2""",200,1,Pitcher,R,Right,R,Right,,,,,,,,,,,,,,,,,,,,,,,,,,
2026-09-24,823087,,/api/v1.1/game/823087/feed/live,R,2026,2026-09-24,,night,P,N,N,Regular Season,1,4,1,Final,Final,680,T-Mobile Park,136,Seattle Mariners,SEA,4,False,108,Los Angeles Angels,LAA,6,True,660825,Eduard Bazardo,Eduard,Bazardo,83,1995-09-01,31,"6' 0""",190,1,Pitcher,R,Right,R,Right,,,,,,,,,,,,,,,,,,,,,,,,,,
2026-09-24,823087,,/api/v1.1/game/823087/feed/live,R,2026,2026-09-24,,night,P,N,N,Regular Season,1,4,1,Final,Final,680,T-Mobile Park,136,Seattle Mariners,SEA,4,False,108,Los Angeles Angels,LAA,6,True,672841,Carlos Vargas,Carlos ,Vargas,54,1999-10-13,26,"6' 4""",210,1,Pitcher,R,Right,R,Right,,,,,,,,,,,,,,,,,,,,,,,,,,
2026-09-24,823087,,/api/v1.1/game/823087/feed/live,R,2026,2026-09-24,,night,P,N,N,Regular Season,1,4,1,Final,Final,680,T-Mobile Park,136,Seattle Mariners,SEA,4,False,108,Los Angeles Angels,LAA,6,True,624428,Adam Frazier,Adam,Frazier,20,1991-12-14,34,"5' 10""",190,4,Second Base,L,Left,R,Right,,,,,,,,,,,,,,,,,,,,,,,,,,
2026-09-24,823087,,/api/v1.1/game/823087/feed/live,R,2026,2026-09-24,,night,P,N,N,Regular Season,1,4,1,Final,Final,680,T-Mobile Park,136,Seattle Mariners,SEA,4,False,108,Los Angeles Angels,LAA,6,True,642350,Jose Siri,Jose,Siri,28,1995-07-22,31,"6' 2""",210,7,Outfielder,R,Right,R,Right,0-0,,0,0,0,0,0,0,0,0,0,0,0,0,0,0,,,,,,,,,,
2026-09-24,823087,,/api/v1.1/game/823087/feed/live,R,2026,2026-09-24,,night,P,N,N,Regular Season,1,4,1,Final,Final,680,T-Mobile Park,136,Seattle Mariners,SEA,4,False,108,Los Angeles Angels,LAA,6,True,672724,Oswald Peraza,Oswald,Peraza,2,2000-06-15,26,"5' 11""",200,4,Second Base,R,Right,R,Right,,,,,,,,,,,,,,,,,,,,,,,,,,
2026-09-24,823087,,/api/v1.1/game/823087/feed/live,R,2026,2026-09-24,,night,P,N,N,Regular Season,1,4,1,Final,Final,680,T-Mobile Park,136,Seattle Mariners,SEA,4,False,108,Los Angeles Angels,LAA,6,True,687263,Zach Neto,Zachary,Neto,9,2001-01-31,25,"5' 11""",185,6,Shortstop,R,Right,R,Right,"1-4 | BB, 2 K, RBI",,4,1,0,0,0,1,0,2,1,0,0,0,5,1,,,,,,,,,,
2026-09-24,823087,,/api/v1.1/game/823087/feed/live,R,2026,2026-09-24,,night,P,N,N,Regular Season,1,4,1,Final,Final,680,T-Mobile Park,136,Seattle Mariners,SEA,4,False,108,Los Angeles Angels,LAA,6,True,695681,Christian Moore,Christian,Moore,4,2002-10-21,23,"6' 0""",210,4,Second Base,R,Right,R,Right,"2-4 | 2B, K, 3 RBI",,4,2,1,0,0,3,1,1,0,0,0,0,4,3,,,,,,,,,,
2026-09-24,823087,,/api/v1.1/game/823087/feed/live,R,2026,2026-09-24,,night,P,N,N,Regular Season,1,4,1,Final,Final,680,T-Mobile Park,136,Seattle Mariners,SEA,4,False,108,Los Angeles Angels,LAA,6,True,518595,Travis d'Arnaud,Travis,d'Arnaud,25,1989-02-10,37,"6' 0""",210,2,Catcher,R,Right,R,Right,,,,,,,,,,,,,,,,,,,,,,,,,,
2026-09-24,823087,,/api/v1.1/game/823087/feed/live,R,2026,2026-09-24,,night,P,N,N,Regular Season,1,4,1,Final,Final,680,T-Mobile Park,136,Seattle Mariners,SEA,4,False,108,Los Angeles Angels,LAA,6,True,696270,Ryan Johnson,Ryan,Johnson,32,2002-08-05,24,"6' 6""",215,1,Pitcher,S,Switch,R,Right,,,,,,,,,,,,,,,,,,,,,,,,,,
2026-09-24,823087,,/api/v1.1/game/823087/feed/live,R,2026,2026-09-24,,night,P,N,N,Regular Season,1,4,1,Final,Final,680,T-Mobile Park,136,Seattle Mariners,SEA,4,False,108,Los Angeles Angels,LAA,6,True,815083,Mitch Farris,Mitchell,Farris,70,2001-02-14,25,"6' 2""",195,1,Pitcher,L,Left,L,Left,,,,,,,,,,,,,,,,,,,,,,,,,,
2026-09-24,823087,,/api/v1.1/game/823087/feed/live,R,2026,2026-09-24,,night,P,N,N,Regular Season,1,4,1,Final,Final,680,T-Mobile Park,136,Seattle Mariners,SEA,4,False,108,Los Angeles Angels,LAA,6,True,680570,Grayson Rodriguez,Grayson,Rodriguez,21,1999-11-16,26,"6' 5""",230,1,Pitcher,L,Left,R,Right,"5.0 IP, 4 ER, 2 K, 5 BB",,,,,,,,,,,,,,,,5.0,4,5,1,2,5,104,1,0,0
2026-09-24,823087,,/api/v1.1/game/823087/feed/live,R,2026,2026-09-24,,night,P,N,N,Regular Season,1,4,1,Final,Final,680,T-Mobile Park,136,Seattle Mariners,SEA,4,False,108,Los Angeles Angels,LAA,6,True,545361,Mike Trout,Michael,Trout,27,1991-08-07,35,"6' 1""",235,8,Outfielder,R,Right,R,Right,"0-3 | 2 BB, K, CS",,3,0,0,0,0,0,0,1,2,0,1,0,5,0,,,,,,,,,,
2026-09-24,823087,,/api/v1.1/game/823087/feed/live,R,2026,2026-09-24,,night,P,N,N,Regular Season,1,4,1,Final,Final,680,T-Mobile Park,136,Seattle Mariners,SEA,4,False,108,Los Angeles Angels,LAA,6,True,694208,Moisés Ballesteros,Moisés,Ballesteros,13,2003-11-08,22,"5' 8""",195,10,Designated Hitter,L,Left,R,Right,"1-4 | BB, 3 K, R",,4,1,0,0,0,0,1,3,1,0,0,0,5,1,,,,,,,,,,
2026-09-24,823087,,/api/v1.1/game/823087/feed/live,R,2026,2026-09-24,,night,P,N,N,Regular Season,1,4,1,Final,Final,680,T-Mobile Park,136,Seattle Mariners,SEA,4,False,108,Los Angeles Angels,LAA,6,True,820862,José Fermin,Jose,Fermin,65,2001-11-28,24,"6' 3""",242,1,Pitcher,R,Right,R,Right,,,,,,,,,,,,,,,,,,,,,,,,,,
2026-09-24,823087,,/api/v1.1/game/823087/feed/live,R,2026,2026-09-24,,night,P,N,N,Regular Season,1,4,1,Final,Final,680,T-Mobile Park,136,Seattle Mariners,SEA,4,False,108,Los Angeles Angels,LAA,6,True,694203,Denzer Guzman,Denzer,Guzman,23,2004-02-08,22,"6' 1""",190,5,Third Base,R,Right,R,Right,"0-4 | BB, 2 K, R",,4,0,0,0,0,0,1,2,1,0,0,0,5,0,,,,,,,,,,
2026-09-24,823087,,/api/v1.1/game/823087/feed/live,R,2026,2026-09-24,,night,P,N,N,Regular Season,1,4,1,Final,Final,680,T-Mobile Park,136,Seattle Mariners,SEA,4,False,108,Los Angeles Angels,LAA,6,True,687093,Vaughn Grissom,Vaughn,Grissom,5,2001-01-05,25,"6' 2""",210,3,First Base,R,Right,R,Right,0-5 | K,,5,0,0,0,0,0,0,1,0,0,0,1,5,0,,,,,,,,,,
2026-09-24,823087,,/api/v1.1/game/823087/feed/live,R,2026,2026-09-24,,night,P,N,N,Regular Season,1,4,1,Final,Final,680,T-Mobile Park,136,Seattle Mariners,SEA,4,False,108,Los Angeles Angels,LAA,6,True,696147,Sam Bachman,Samuel,Bachman,40,1999-09-30,26,"6' 1""",235,1,Pitcher,R,Right,R,Right,,,,,,,,,,,,,,,,,,,,,,,,,,
2026-09-24,823087,,/api/v1.1/game/823087/feed/live,R,2026,2026-09-24,,night,P,N,N,Regular Season,1,4,1,Final,Final,680,T-Mobile Park,136,Seattle Mariners,SEA,4,False,108,Los Angeles Angels,LAA,6,True,694680,Trevor Martin,Trevor,Martin,54,2000-12-15,25,"6' 5""",238,1,Pitcher,R,Right,R,Right,,,,,,,,,,,,,,,,,,,,,,,,,,
2026-09-24,823087,,/api/v1.1/game/823087/feed/live,R,2026,2026-09-24,,night,P,N,N,Regular Season,1,4,1,Final,Final,680,T-Mobile Park,136,Seattle Mariners,SEA,4,False,108,Los Angeles Angels,LAA,6,True,685133,Wade Meckler,Wade,Meckler,53,2000-04-21,26,"5' 9""",190,7,Outfielder,L,Left,R,Right,"2-4 | BB, 2 K",,4,2,0,0,0,0,0,2,1,0,0,0,5,2,,,,,,,,,,
2026-09-24,823087,,/api/v1.1/game/823087/feed/live,R,2026,2026-09-24,,night,P,N,N,Regular Season,1,4,1,Final,Final,680,T-Mobile Park,136,Seattle Mariners,SEA,4,False,108,Los Angeles Angels,LAA,6,True,666139,Josh Lowe,Joshua,Lowe,3,1998-02-02,28,"6' 3""",220,7,Outfielder,L,Left,R,Right,"2-3 | 2B, HBP, 3 R",,3,2,1,0,0,0,3,0,0,0,0,0,4,3,,,,,,,,,,
2026-09-24,823087,,/api/v1.1/game/823087/feed/live,R,2026,2026-09-24,,night,P,N,N,Regular Season,1,4,1,Final,Final,680,T-Mobile Park,136,Seattle Mariners,SEA,4,False,108,Los Angeles Angels,LAA,6,True,623168,Tyler Heineman,Tyler,Heineman,31,1991-06-19,35,"5' 10""",190,2,Catcher,S,Switch,R,Right,,,,,,,,,,,,,,,,,,,,,,,,,,
2026-09-24,823087,,/api/v1.1/game/823087/feed/live,R,2026,2026-09-24,,night,P,N,N,Regular Season,1,4,1,Final,Final,680,T-Mobile Park,136,Seattle Mariners,SEA,4,False,108,Los Angeles Angels,LAA,6,True,642048,Tayler Saucedo,Tayler,Saucedo,55,1993-06-18,33,"6' 4""",205,1,Pitcher,L,Left,L,Left,,,,,,,,,,,,,,,,,,,,,,,,,,
2026-09-24,823087,,/api/v1.1/game/823087/feed/live,R,2026,2026-09-24,,night,P,N,N,Regular Season,1,4,1,Final,Final,680,T-Mobile Park,136,Seattle Mariners,SEA,4,False,108,Los Angeles Angels,LAA,6,True,579328,Yusei Kikuchi,Yusei,Kikuchi,16,1991-06-17,35,"6' 0""",210,1,Pitcher,L,Left,L,Left,,,,,,,,,,,,,,,,,,,,,,,,,,
2026-09-24,823087,,/api/v1.1/game/823087/feed/live,R,2026,2026-09-24,,night,P,N,N,Regular Season,1,4,1,Final,Final,680,T-Mobile Park,136,Seattle Mariners,SEA,4,False,108,Los Angeles Angels,LAA,6,True,684665,Luke Murphy,Luke,Murphy,72,1999-11-05,26,"6' 5""",190,1,Pitcher,R,Right,R,Right,,,,,,,,,,,,,,,,,,,,,,,,,,
2026-09-24,823087,,/api/v1.1/game/823087/feed/live,R,2026,2026-09-24,,night,P,N,N,Regular Season,1,4,1,Final,Final,680,T-Mobile Park,136,Seattle Mariners,SEA,4,False,108,Los Angeles Angels,LAA,6,True,669326,Bryce Teodosio,Bryce,Teodosio,22,1999-06-18,27,"6' 2""",220,7,Outfielder,R,Right,L,Left,"1-4 | K, 2 RBI",,4,1,0,0,0,2,0,1,0,0,0,0,4,1,,,,,,,,,,
2026-09-24,823087,,/api/v1.1/game/823087/feed/live,R,2026,2026-09-24,,night,P,N,N,Regular Season,1,4,1,Final,Final,680,T-Mobile Park,136,Seattle Mariners,SEA,4,False,108,Los Angeles Angels,LAA,6,True,700712,Walbert Ureña,Walbert,Ureña,57,2004-01-25,22,"6' 0""",210,1,Pitcher,R,Right,R,Right,,,,,,,,,,,,,,,,,,,,,,,,,,
2026-09-24,823087,,/api/v1.1/game/823087/feed/live,R,2026,2026-09-24,,night,P,N,N,Regular Season,1,4,1,Final,Final,680,T-Mobile Park,136,Seattle Mariners,SEA,4,False,108,Los Angeles Angels,LAA,6,True,672282,Reid Detmers,Reid,Detmers,48,1999-07-08,27,"6' 2""",210,1,Pitcher,L,Left,L,Left,,,,,,,,,,,,,,,,,,,,,,,,,,
2026-09-24,823087,,/api/v1.1/game/823087/feed/live,R,2026,2026-09-24,,night,P,N,N,Regular Season,1,4,1,Final,Final,680,T-Mobile Park,136,Seattle Mariners,SEA,4,False,108,Los Angeles Angels,LAA,6,True,676620,Blake Weiman,Blake,Weiman,68,1995-11-05,30,"6' 3""",225,1,Pitcher,R,Right,L,Left,,,,,,,,,,,,,,,,,,,,,,,,,,
2026-09-24,823087,,/api/v1.1/game/823087/feed/live,R,2026,2026-09-24,,night,P,N,N,Regular Season,1,4,1,Final,Final,680,T-Mobile Park,136,Seattle Mariners,SEA,4,False,108,Los Angeles Angels,LAA,6,True,671111,Sammy Peralta,Samuel,Peralta,67,1998-05-10,28,"6' 1""",214,1,Pitcher,L,Left,L,Left,"3.0 IP, 0 ER, K, 0 BB",,,,,,,,,,,,,,,,3.0,0,2,0,1,0,35,0,0,0
2026-09-24,823087,,/api/v1.1/game/823087/feed/live,R,2026,2026-09-24,,night,P,N,N,Regular Season,1,4,1,Final,Final,680,T-Mobile Park,136,Seattle Mariners,SEA,4,False,108,Los Angeles Angels,LAA,6,True,670245,Ryan Watson,Ryan,Watson,56,1997-11-15,28,"6' 5""",225,1,Pitcher,R,Right,R,Right,"1.0 IP, 0 ER, 2 K, 0 BB",,,,,,,,,,,,,,,,1.0,0,0,0,2,0,9,0,0,1
2026-09-24,823895,,/api/v1.1/game/823895/feed/live,R,2026,2026-09-24,,night,P,N,N,Regular Season,3,3,1,Final,Final,22,UNIQLO Field at Dodger Stadium,119,Los Angeles Dodgers,LAD,2,False,135,San Diego Padres,SD,4,True,669257,Will Smith,William,Smith,16,1995-03-28,31,"5' 10""",195,2,Catcher,R,Right,R,Right,,,,,,,,,,,,,,,,,,,,,,,,,,
2026-09-24,823895,,/api/v1.1/game/823895/feed/live,R,2026,2026-09-24,,night,P,N,N,Regular Season,3,3,1,Final,Final,22,UNIQLO Field at Dodger Stadium,119,Los Angeles Dodgers,LAD,2,False,135,San Diego Padres,SD,4,True,669373,Tarik Skubal,Tarik,Skubal,29,1996-11-20,29,"6' 3""",240,1,Pitcher,R,Right,L,Left,,,,,,,,,,,,,,,,,,,,,,,,,,
2026-09-24,823895,,/api/v1.1/game/823895/feed/live,R,2026,2026-09-24,,night,P,N,N,Regular Season,3,3,1,Final,Final,22,UNIQLO Field at Dodger Stadium,119,Los Angeles Dodgers,LAD,2,False,135,San Diego Padres,SD,4,True,607192,Tyler Glasnow,Tyler,Glasnow,31,1993-08-23,33,"6' 8""",225,1,Pitcher,L,Left,R,Right,"6.1 IP, 3 ER, 11 K, 2 BB",,,,,,,,,,,,,,,,6.1,3,3,0,11,2,91,0,1,0
2026-09-24,823895,,/api/v1.1/game/823895/feed/live,R,2026,2026-09-24,,night,P,N,N,Regular Season,3,3,1,Final,Final,22,UNIQLO Field at Dodger Stadium,119,Los Angeles Dodgers,LAD,2,False,135,San Diego Padres,SD,4,True,681911,Alex Vesia,Alexander,Vesia,51,1996-04-11,30,"6' 1""",209,1,Pitcher,L,Left,L,Left,,,,,,,,,,,,,,,,,,,,,,,,,,
2026-09-24,823895,,/api/v1.1/game/823895/feed/live,R,2026,2026-09-24,,night,P,N,N,Regular Season,3,3,1,Final,Final,22,UNIQLO Field at Dodger Stadium,119,Los Angeles Dodgers,LAD,2,False,135,San Diego Padres,SD,4,True,663656,Kyle Tucker,Kyle,Tucker,23,1997-01-17,29,"6' 3""",212,9,Outfielder,L,Left,R,Right,0-4 | K,,4,0,0,0,0,0,0,1,0,0,0,0,4,0,,,,,,,,,,
2026-09-24,823895,,/api/v1.1/game/823895/feed/live,R,2026,2026-09-24,,night,P,N,N,Regular Season,3,3,1,Final,Final,22,UNIQLO Field at Dodger Stadium,119,Los Angeles Dodgers,LAD,2,False,135,San Diego Padres,SD,4,True,571771,Enrique Hernández,Enrique,Hernández,8,1991-08-24,35,"5' 10""",195,5,Third Base,R,Right,R,Right,,,,,,,,,,,,,,,,,,,,,,,,,,
2026-09-24,823895,,/api/v1.1/game/823895/feed/live,R,2026,2026-09-24,,night,P,N,N,Regular Season,3,3,1,Final,Final,22,UNIQLO Field at Dodger Stadium,119,Los Angeles Dodgers,LAD,2,False,135,San Diego Padres,SD,4,True,571970,Max Muncy,Maxwell,Muncy,13,1990-08-25,36,"5' 10""",215,5,Third Base,L,Left,R,Right,0-3 | 2 K,,3,0,0,0,0,0,0,2,0,0,0,0,3,0,,,,,,,,,,
2026-09-24,823895,,/api/v1.1/game/823895/feed/live,R,2026,2026-09-24,,night,P,N,N,Regular Season,3,3,1,Final,Final,22,UNIQLO Field at Dodger Stadium,119,Los Angeles Dodgers,LAD,2,False,135,San Diego Padres,SD,4,True,518692,Freddie Freeman,Frederick,Freeman,5,1989-09-12,37,"6' 4""",220,3,First Base,L,Left,R,Right,2-4 | K,,4,2,0,0,0,0,0,1,0,0,0,0,4,2,,,,,,,,,,
2026-09-24,823895,,/api/v1.1/game/823895/feed/live,R,2026,2026-09-24,,night,P,N,N,Regular Season,3,3,1,Final,Final,22,UNIQLO Field at Dodger Stadium,119,Los Angeles Dodgers,LAD,2,False,135,San Diego Padres,SD,4,True,656945,Tanner Scott,Tanner,Scott,66,1994-07-22,32,"6' 0""",235,1,Pitcher,R,Right,L,Left,,,,,,,,,,,,,,,,,,,,,,,,,,
2026-09-24,823895,,/api/v1.1/game/823895/feed/live,R,2026,2026-09-24,,night,P,N,N,Regular Season,3,3,1,Final,Final,22,UNIQLO Field at Dodger Stadium,119,Los Angeles Dodgers,LAD,2,False,135,San Diego Padres,SD,4,True,663460,Kris Bubic,Kristofer,Bubic,40,1997-08-19,29,"6' 3""",220,1,Pitcher,L,Left,L,Left,,,,,,,,,,,,,,,,,,,,,,,,,,
2026-09-24,823895,,/api/v1.1/game/823895/feed/live,R,2026,2026-09-24,,night,P,N,N,Regular Season,3,3,1,Final,Final,22,UNIQLO Field at Dodger Stadium,119,Los Angeles Dodgers,LAD,2,False,135,San Diego Padres,SD,4,True,676439,Hunter Feduccia,Hunter,Feduccia,46,1997-06-05,29,"6' 1""",215,2,Catcher,L,Left,R,Right,0-4,,4,0,0,0,0,0,0,0,0,0,0,0,4,0,,,,,,,,,,
2026-09-24,823895,,/api/v1.1/game/823895/feed/live,R,2026,2026-09-24,,night,P,N,N,Regular Season,3,3,1,Final,Final,22,UNIQLO Field at Dodger Stadium,119,Los Angeles Dodgers,LAD,2,False,135,San Diego Padres,SD,4,True,669242,Tommy Edman,Thomas,Edman,25,1995-05-09,31,"5' 10""",193,4,Second Base,S,Switch,R,Right,"0-4 | 2 K, R",,4,0,0,0,0,0,1,2,0,0,0,0,4,0,,,,,,,,,,
2026-09-24,823895,,/api/v1.1/game/823895/feed/live,R,2026,2026-09-24,,night,P,N,N,Regular Season,3,3,1,Final,Final,22,UNIQLO Field at Dodger Stadium,119,Los Angeles Dodgers,LAD,2,False,135,San Diego Padres,SD,4,True,660271,Shohei Ohtani,Shohei,Ohtani,17,1994-07-05,32,"6' 4""",210,Y,Two-Way Player,L,Left,R,Right,"2-5 | 2B, K, RBI",,5,2,1,0,0,1,0,1,0,0,0,0,5,3,,,,,,,,,,
2026-09-24,823895,,/api/v1.1/game/823895/feed/live,R,2026,2026-09-24,,night,P,N,N,Regular Season,3,3,1,Final,Final,22,UNIQLO Field at Dodger Stadium,119,Los Angeles Dodgers,LAD,2,False,135,San Diego Padres,SD,4,True,680736,Justin Wrobleski,Justin,Wrobleski,70,2000-07-14,26,"6' 1""",194,1,Pitcher,L,Left,L,Left,"0.2 IP, ER, K, 0 BB",,,,,,,,,,,,,,,,0.2,1,3,0,1,0,19,0,0,0
2026-09-24,823895,,/api/v1.1/game/823895/feed/live,R,2026,2026-09-24,,night,P,N,N,Regular Season,3,3,1,Final,Final,22,UNIQLO Field at Dodger Stadium,119,Los Angeles Dodgers,LAD,2,False,135,San Diego Padres,SD,4,True,606192,Teoscar Hernández,Teoscar,Hernández,37,1992-10-15,33,"6' 0""",215,7,Outfielder,R,Right,R,Right,"0-3 | HBP, 3 K",,3,0,0,0,0,0,0,3,0,0,0,0,4,0,,,,,,,,,,
2026-09-24,823895,,/api/v1.1/game/823895/feed/live,R,2026,2026-09-24,,night,P,N,N,Regular Season,3,3,1,Final,Final,22,UNIQLO Field at Dodger Stadium,119,Los Angeles Dodgers,LAD,2,False,135,San Diego Padres,SD,4,True,681624,Andy Pages,Andy,Pages,44,2000-12-08,25,"6' 1""",212,8,Outfielder,R,Right,R,Right,"0-3 | BB, 2 K",,3,0,0,0,0,0,0,2,1,0,0,0,4,0,,,,,,,,,,
2026-09-24,823895,,/api/v1.1/game/823895/feed/live,R,2026,2026-09-24,,night,P,N,N,Regular Season,3,3,1,Final,Final,22,UNIQLO Field at Dodger Stadium,119,Los Angeles Dodgers,LAD,2,False,135,San Diego Padres,SD,4,True,621242,Edwin Díaz,Edwin,Díaz,3,1994-03-22,32,"6' 3""",165,1,Pitcher,R,Right,R,Right,"1.0 IP, 0 ER, 2 K, 0 BB",,,,,,,,,,,,,,,,1.0,0,0,0,2,0,11,0,0,0
2026-09-24,823895,,/api/v1.1/game/823895/feed/live,R,2026,2026-09-24,,night,P,N,N,Regular Season,3,3,1,Final,Final,22,UNIQLO Field at Dodger Stadium,119,Los Angeles Dodgers,LAD,2,False,135,San Diego Padres,SD,4,True,623465,Evan Phillips,Evan,Phillips,59,1994-09-11,32,"6' 2""",215,1,Pitcher,R,Right,R,Right,"1.0 IP, 0 ER, 2 K, 0 BB",,,,,,,,,,,,,,,,1.0,0,0,0,2,0,11,0,0,0
2026-09-24,823895,,/api/v1.1/game/823895/feed/live,R,2026,2026-09-24,,night,P,N,N,Regular Season,3,3,1,Final,Final,22,UNIQLO Field at Dodger Stadium,119,Los Angeles Dodgers,LAD,2,False,135,San Diego Padres,SD,4,True,605141,Mookie Betts,Markus,Betts,50,1992-10-07,33,"5' 9""",180,6,Shortstop,R,Right,R,Right,"3-4 | 2B, BB, R",,4,3,1,0,0,0,1,0,1,0,0,0,5,4,,,,,,,,,,
2026-09-24,823895,,/api/v1.1/game/823895/feed/live,R,2026,2026-09-24,,night,P,N,N,Regular Season,3,3,1,Final,Final,22,UNIQLO Field at Dodger Stadium,119,Los Angeles Dodgers,LAD,2,False,135,San Diego Padres,SD,4,True,669743,Alex Call,Alex,Call,12,1994-09-27,31,"5' 11""",189,7,Outfielder,R,Right,R,Right,,,,,,,,,,,,,,,,,,,,,,,,,,
2026-09-24,823895,,/api/v1.1/game/823895/feed/live,R,2026,2026-09-24,,night,P,N,N,Regular Season,3,3,1,Final,Final,22,UNIQLO Field at Dodger Stadium,119,Los Angeles Dodgers,LAD,2,False,135,San Diego Padres,SD,4,True,605483,Blake Snell,Blake,Snell,7,1992-12-04,33,"6' 4""",225,1,Pitcher,L,Left,L,Left,,,,,,,,,,,,,,,,,,,,,,,,,,
2026-09-24,823895,,/api/v1.1/game/823895/feed/live,R,2026,2026-09-24,,night,P,N,N,Regular Season,3,3,1,Final,Final,22,UNIQLO Field at Dodger Stadium,119,Los Angeles Dodgers,LAD,2,False,135,San Diego Padres,SD,4,True,592779,Brock Stewart,Brock,Stewart,41,1991-10-03,34,"6' 3""",220,1,Pitcher,L,Left,R,Right,,,,,,,,,,,,,,,,,,,,,,,,,,
2026-09-24,823895,,/api/v1.1/game/823895/feed/live,R,2026,2026-09-24,,night,P,N,N,Regular Season,3,3,1,Final,Final,22,UNIQLO Field at Dodger Stadium,119,Los Angeles Dodgers,LAD,2,False,135,San Diego Padres,SD,4,True,500743,Miguel Rojas,Miguel,Rojas,72,1989-02-24,37,"5' 10""",188,4,Second Base,R,Right,R,Right,0-1,,1,0,0,0,0,0,0,0,0,0,0,0,1,0,,,,,,,,,,
2026-09-24,823895,,/api/v1.1/game/823895/feed/live,R,2026,2026-09-24,,night,P,N,N,Regular Season,3,3,1,Final,Final,22,UNIQLO Field at Dodger Stadium,119,Los Angeles Dodgers,LAD,2,False,135,San Diego Padres,SD,4,True,676263,Jack Dreyer,Jacob,Dreyer,86,1999-02-27,27,"6' 2""",205,1,Pitcher,R,Right,L,Left,,,,,,,,,,,,,,,,,,,,,,,,,,
2026-09-24,823895,,/api/v1.1/game/823895/feed/live,R,2026,2026-09-24,,night,P,N,N,Regular Season,3,3,1,Final,Final,22,UNIQLO Field at Dodger Stadium,119,Los Angeles Dodgers,LAD,2,False,135,San Diego Padres,SD,4,True,595014,Blake Treinen,Blake,Treinen,49,1988-06-30,38,"6' 5""",225,1,Pitcher,R,Right,R,Right,,,,,,,,,,,,,,,,,,,,,,,,,,
2026-09-24,823895,,/api/v1.1/game/823895/feed/live,R,2026,2026-09-24,,night,P,N,N,Regular Season,3,3,1,Final,Final,22,UNIQLO Field at Dodger Stadium,119,Los Angeles Dodgers,LAD,2,False,135,San Diego Padres,SD,4,True,808963,Roki Sasaki,Roki,Sasaki,11,2001-11-03,24,"6' 2""",187,1,Pitcher,R,Right,R,Right,,,,,,,,,,,,,,,,,,,,,,,,,,
2026-09-24,823895,,/api/v1.1/game/823895/feed/live,R,2026,2026-09-24,,night,P,N,N,Regular Season,3,3,1,Final,Final,22,UNIQLO Field at Dodger Stadium,119,Los Angeles Dodgers,LAD,2,False,135,San Diego Padres,SD,4,True,690976,Alex Freeland,Alexander,Freeland,76,2001-08-24,25,"5' 11""",200,4,Second Base,S,Switch,R,Right,,,,,,,,,,,,,,,,,,,,,,,,,,
2026-09-24,823895,,/api/v1.1/game/823895/feed/live,R,2026,2026-09-24,,night,P,N,N,Regular Season,3,3,1,Final,Final,22,UNIQLO Field at Dodger Stadium,119,Los Angeles Dodgers,LAD,2,False,135,San Diego Padres,SD,4,True,808967,Yoshinobu Yamamoto,Yoshinobu,Yamamoto,18,1998-08-17,28,"5' 10""",176,1,Pitcher,R,Right,R,Right,,,,,,,,,,,,,,,,,,,,,,,,,,
2026-09-24,823895,,/api/v1.1/game/823895/feed/live,R,2026,2026-09-24,,night,P,N,N,Regular Season,3,3,1,Final,Final,22,UNIQLO Field at Dodger Stadium,119,Los Angeles Dodgers,LAD,2,False,135,San Diego Padres,SD,4,True,669134,Luis Campusano,Luis,Campusano,12,1998-09-29,27,"5' 10""",232,2,Catcher,R,Right,R,Right,,,,,,,,,,,,,,,,,,,,,,,,,,
2026-09-24,823895,,/api/v1.1/game/823895/feed/live,R,2026,2026-09-24,,night,P,N,N,Regular Season,3,3,1,Final,Final,22,UNIQLO Field at Dodger Stadium,119,Los Angeles Dodgers,LAD,2,False,135,San Diego Padres,SD,4,True,673513,Yuki Matsui,Yuki,Matsui,1,1995-10-30,30,"5' 8""",165,1,Pitcher,L,Left,L,Left,"1.0 IP, 0 ER, K, 0 BB",,,,,,,,,,,,,,,,1.0,0,1,0,1,0,20,1,0,0
2026-09-24,823895,,/api/v1.1/game/823895/feed/live,R,2026,2026-09-24,,night,P,N,N,Regular Season,3,3,1,Final,Final,22,UNIQLO Field at Dodger Stadium,119,Los Angeles Dodgers,LAD,2,False,135,San Diego Padres,SD,4,True,666023,Freddy Fermin,Freddy,Fermin,54,1995-05-16,31,"5' 10""",200,2,Catcher,R,Right,R,Right,,,,,,,,,,,,,,,,,,,,,,,,,,
2026-09-24,823895,,/api/v1.1/game/823895/feed/live,R,2026,2026-09-24,,night,P,N,N,Regular Season,3,3,1,Final,Final,22,UNIQLO Field at Dodger Stadium,119,Los Angeles Dodgers,LAD,2,False,135,San Diego Padres,SD,4,True,650633,Michael King,Michael,King,34,1995-05-25,31,"6' 3""",210,1,Pitcher,R,Right,R,Right,,,,,,,,,,,,,,,,,,,,,,,,,,
2026-09-24,823895,,/api/v1.1/game/823895/feed/live,R,2026,2026-09-24,,night,P,N,N,Regular Season,3,3,1,Final,Final,22,UNIQLO Field at Dodger Stadium,119,Los Angeles Dodgers,LAD,2,False,135,San Diego Padres,SD,4,True,695243,Mason Miller,Mason,Miller,22,1998-08-24,28,"6' 5""",200,1,Pitcher,R,Right,R,Right,"1.0 IP, ER, 2 K, 0 BB",,,,,,,,,,,,,,,,1.0,1,1,0,2,0,17,0,0,1
2026-09-24,823895,,/api/v1.1/game/823895/feed/live,R,2026,2026-09-24,,night,P,N,N,Regular Season,3,3,1,Final,Final,22,UNIQLO Field at Dodger Stadium,119,Los Angeles Dodgers,LAD,2,False,135,San Diego Padres,SD,4,True,663554,Casey Mize,Casey,Mize,32,1997-05-01,29,"6' 3""",212,1,Pitcher,R,Right,R,Right,,,,,,,,,,,,,,,,,,,,,,,,,,
2026-09-24,823895,,/api/v1.1/game/823895/feed/live,R,2026,2026-09-24,,night,P,N,N,Regular Season,3,3,1,Final,Final,22,UNIQLO Field at Dodger Stadium,119,Los Angeles Dodgers,LAD,2,False,135,San Diego Padres,SD,4,True,688158,David Morgan,David,Morgan,66,1999-10-26,26,"6' 0""",185,1,Pitcher,R,Right,R,Right,,,,,,,,,,,,,,,,,,,,,,,,,,
2026-09-24,823895,,/api/v1.1/game/823895/feed/live,R,2026,2026-09-24,,night,P,N,N,Regular Season,3,3,1,Final,Final,22,UNIQLO Field at Dodger Stadium,119,Los Angeles Dodgers,LAD,2,False,135,San Diego Padres,SD,4,True,593974,Wandy Peralta,Wandy,Peralta,58,1991-07-27,35,"6' 0""",227,1,Pitcher,L,Left,L,Left,,,,,,,,,,,,,,,,,,,,,,,,,,
2026-09-24,823895,,/api/v1.1/game/823895/feed/live,R,2026,2026-09-24,,night,P,N,N,Regular Season,3,3,1,Final,Final,22,UNIQLO Field at Dodger Stadium,119,Los Angeles Dodgers,LAD,2,False,135,San Diego Padres,SD,4,True,621111,Walker Buehler,Walker,Buehler,10,1994-07-28,32,"6' 2""",185,1,Pitcher,R,Right,R,Right,,,,,,,,,,,,,,,,,,,,,,,,,,
2026-09-24,823895,,/api/v1.1/game/823895/feed/live,R,2026,2026-09-24,,night,P,N,N,Regular Season,3,3,1,Final,Final,22,UNIQLO Field at Dodger Stadium,119,Los Angeles Dodgers,LAD,2,False,135,San Diego Padres,SD,4,True,701538,Jackson Merrill,Jackson,Merrill,3,2003-04-19,23,"6' 2""",195,8,Outfielder,L,Left,R,Right,"1-4 | 2B, 2 K, R",,4,1,1,0,0,0,1,2,0,0,0,0,4,2,,,,,,,,,,
2026-09-24,823895,,/api/v1.1/game/823895/feed/live,R,2026,2026-09-24,,night,P,N,N,Regular Season,3,3,1,Final,Final,22,UNIQLO Field at Dodger Stadium,119,Los Angeles Dodgers,LAD,2,False,135,San Diego Padres,SD,4,True,592094,Jason Adam,Jason,Adam,40,1991-08-04,35,"6' 3""",229,1,Pitcher,R,Right,R,Right,"1.0 IP, 0 ER, 0 K, 0 BB",,,,,,,,,,,,,,,,1.0,0,0,0,0,0,5,0,0,0
2026-09-24,823895,,/api/v1.1/game/823895/feed/live,R,2026,2026-09-24,,night,P,N,N,Regular Season,3,3,1,Final,Final,22,UNIQLO Field at Dodger Stadium,119,Los Angeles Dodgers,LAD,2,False,135,San Diego Padres,SD,4,True,687957,Dustin Harris,Dustin,Harris,29,1999-07-08,27,"6' 2""",185,7,Outfielder,L,Left,R,Right,"0-3 | 2 K, RBI",,3,0,0,0,0,1,0,2,0,0,0,0,4,0,,,,,,,,,,
2026-09-24,823895,,/api/v1.1/game/823895/feed/live,R,2026,2026-09-24,,night,P,N,N,Regular Season,3,3,1,Final,Final,22,UNIQLO Field at Dodger Stadium,119,Los Angeles Dodgers,LAD,2,False,135,San Diego Padres,SD,4,True,699134,Bradgley Rodriguez,Bradgley,Rodriguez,72,2003-11-16,22,"6' 1""",160,1,Pitcher,R,Right,R,Right,,,,,,,,,,,,,,,,,,,,,,,,,,
2026-09-24,823895,,/api/v1.1/game/823895/feed/live,R,2026,2026-09-24,,night,P,N,N,Regular Season,3,3,1,Final,Final,22,UNIQLO Field at Dodger Stadium,119,Los Angeles Dodgers,LAD,2,False,135,San Diego Padres,SD,4,True,823550,Sung-Mun Song,Sung-Mun,Song,24,1996-08-29,30,"6' 0""",194,4,Second Base,L,Left,R,Right,"0-1 | K, R",,1,0,0,0,0,0,1,1,0,0,0,0,1,0,,,,,,,,,,
2026-09-24,823895,,/api/v1.1/game/823895/feed/live,R,2026,2026-09-24,,night,P,N,N,Regular Season,3,3,1,Final,Final,22,UNIQLO Field at Dodger Stadium,119,Los Angeles Dodgers,LAD,2,False,135,San Diego Padres,SD,4,True,669392,Samad Taylor,Samad,Taylor,0,1998-07-11,28,"5' 8""",160,7,Outfielder,R,Right,R,Right,0-4 | 3 K,,4,0,0,0,0,0,0,3,0,0,0,0,4,0,,,,,,,,,,
2026-09-24,823895,,/api/v1.1/game/823895/feed/live,R,2026,2026-09-24,,night,P,N,N,Regular Season,3,3,1,Final,Final,22,UNIQLO Field at Dodger Stadium,119,Los Angeles Dodgers,LAD,2,False,135,San Diego Padres,SD,4,True,806956,Ethan Salas,Ethan,Salas,8,2006-06-01,20,"6' 1""",185,2,Catcher,L,Left,R,Right,"2-3 | K, RBI, R",,3,2,0,0,0,1,1,1,0,0,0,0,3,2,,,,,,,,,,
2026-09-24,823895,,/api/v1.1/game/823895/feed/live,R,2026,2026-09-24,,night,P,N,N,Regular Season,3,3,1,Final,Final,22,UNIQLO Field at Dodger Stadium,119,Los Angeles Dodgers,LAD,2,False,135,San Diego Padres,SD,4,True,670970,Adrian Morejon,Adrian,Morejon,50,1999-02-27,27,"5' 11""",224,1,Pitcher,L,Left,L,Left,"1.1 IP, ER, 2 K, BB",,,,,,,,,,,,,,,,1.1,1,1,0,2,1,16,0,0,0
2026-09-24,823895,,/api/v1.1/game/823895/feed/live,R,2026,2026-09-24,,night,P,N,N,Regular Season,3,3,1,Final,Final,22,UNIQLO Field at Dodger Stadium,119,Los Angeles Dodgers,LAD,2,False,135,San Diego Padres,SD,4,True,592518,Manny Machado,Manuel,Machado,13,1992-07-06,34,"6' 2""",218,5,Third Base,R,Right,R,Right,0-4 | 2 K,,4,0,0,0,0,0,0,2,0,0,0,0,4,0,,,,,,,,,,
2026-09-24,823895,,/api/v1.1/game/823895/feed/live,R,2026,2026-09-24,,night,P,N,N,Regular Season,3,3,1,Final,Final,22,UNIQLO Field at Dodger Stadium,119,Los Angeles Dodgers,LAD,2,False,135,San Diego Padres,SD,4,True,669720,Austin Hays,Austin,Hays,15,1995-07-05,31,"5' 10""",200,10,Designated Hitter,R,Right,R,Right,1-1 | RBI,,1,1,0,0,0,1,0,0,0,0,0,0,1,1,,,,,,,,,,
2026-09-24,823895,,/api/v1.1/game/823895/feed/live,R,2026,2026-09-24,,night,P,N,N,Regular Season,3,3,1,Final,Final,22,UNIQLO Field at Dodger Stadium,119,Los Angeles Dodgers,LAD,2,False,135,San Diego Padres,SD,4,True,601713,Nick Pivetta,Nicholas,Pivetta,27,1993-02-14,33,"6' 5""",210,1,Pitcher,R,Right,R,Right,"4.2 IP, 0 ER, 7 K, BB",,,,,,,,,,,,,,,,4.2,0,4,0,7,1,87,0,0,0
2026-09-24,823895,,/api/v1.1/game/823895/feed/live,R,2026,2026-09-24,,night,P,N,N,Regular Season,3,3,1,Final,Final,22,UNIQLO Field at Dodger Stadium,119,Los Angeles Dodgers,LAD,2,False,135,San Diego Padres,SD,4,True,665487,Fernando Tatis Jr.,Fernando,Tatis,23,1999-01-02,27,"6' 3""",217,9,Outfielder,R,Right,R,Right,"2-3 | BB, K, RBI",,3,2,0,0,0,1,0,1,1,2,0,0,4,2,,,,,,,,,,
2026-09-24,823895,,/api/v1.1/game/823895/feed/live,R,2026,2026-09-24,,night,P,N,N,Regular Season,3,3,1,Final,Final,22,UNIQLO Field at Dodger Stadium,119,Los Angeles Dodgers,LAD,2,False,135,San Diego Padres,SD,4,True,664034,Ty France,Tyler,France,25,1994-07-13,32,"5' 10""",215,3,First Base,R,Right,R,Right,0-4 | 2 K,,4,0,0,0,0,0,0,2,0,0,0,0,4,0,,,,,,,,,,
2026-09-24,823895,,/api/v1.1/game/823895/feed/live,R,2026,2026-09-24,,night,P,N,N,Regular Season,3,3,1,Final,Final,22,UNIQLO Field at Dodger Stadium,119,Los Angeles Dodgers,LAD,2,False,135,San Diego Padres,SD,4,True,593428,Xander Bogaerts,Xander,Bogaerts,2,1992-10-01,33,"6' 2""",218,6,Shortstop,R,Right,R,Right,"0-3 | BB, R",,3,0,0,0,0,0,1,0,1,0,0,0,4,0,,,,,,,,,,
2026-09-24,823895,,/api/v1.1/game/823895/feed/live,R,2026,2026-09-24,,night,P,N,N,Regular Season,3,3,1,Final,Final,22,UNIQLO Field at Dodger Stadium,119,Los Angeles Dodgers,LAD,2,False,135,San Diego Padres,SD,4,True,687749,Jase Bowen,Jase,Bowen,4,2000-09-02,26,"6' 0""",215,9,Outfielder,R,Right,R,Right,0-0,,0,0,0,0,0,0,0,0,0,0,0,0,0,0,,,,,,,,,,
2026-09-24,823895,,/api/v1.1/game/823895/feed/live,R,2026,2026-09-24,,night,P,N,N,Regular Season,3,3,1,Final,Final,22,UNIQLO Field at Dodger Stadium,119,Los Angeles Dodgers,LAD,2,False,135,San Diego Padres,SD,4,True,606996,Kyle Hart,Kyle,Hart,68,1992-11-23,33,"6' 5""",200,1,Pitcher,L,Left,L,Left,,,,,,,,,,,,,,,,,,,,,,,,,,
2026-09-24,823895,,/api/v1.1/game/823895/feed/live,R,2026,2026-09-24,,night,P,N,N,Regular Season,3,3,1,Final,Final,22,UNIQLO Field at Dodger Stadium,119,Los Angeles Dodgers,LAD,2,False,135,San Diego Padres,SD,4,True,630105,Jake Cronenworth,Jacob,Cronenworth,9,1994-01-21,32,"5' 11""",187,4,Second Base,L,Left,R,Right,0-2 | 2 K,,2,0,0,0,0,0,0,2,0,0,0,0,2,0,,,,,,,,,,
2026-09-24,823895,,/api/v1.1/game/823895/feed/live,R,2026,2026-09-24,,night,P,N,N,Regular Season,3,3,1,Final,Final,22,UNIQLO Field at Dodger Stadium,119,Los Angeles Dodgers,LAD,2,False,135,San Diego Padres,SD,4,True,592662,Robbie Ray,Robert,Ray,38,1991-10-01,34,"6' 2""",220,1,Pitcher,L,Left,L,Left,,,,,,,,,,,,,,,,,,,,,,,,,,
2026-09-24,823895,,/api/v1.1/game/823895/feed/live,R,2026,2026-09-24,,night,P,N,N,Regular Season,3,3,1,Final,Final,22,UNIQLO Field at Dodger Stadium,119,Los Angeles Dodgers,LAD,2,False,135,San Diego Padres,SD,4,True,681190,Randy Vásquez,Randy,Vásquez,98,1998-11-03,27,"6' 0""",165,1,Pitcher,R,Right,R,Right,,,,,,,,,,,,,,,,,,,,,,,,,,
