gameDate,gamePk,gameGuid,link,gameType,season,officialDate,description,dayNight,gamedayType,doubleHeader,tiebreaker,seriesDescription,seriesGameNumber,gamesInSeries,gameNumber,status_abstractGameState,status_detailedState,venue_id,venue_name,home_team_id,home_team_name,home_team_abbreviation,home_score,home_isWinner,away_team_id,away_team_name,away_team_abbreviation,away_score,away_isWinner,playerId,fullName,firstName,lastName,primaryNumber,birthDate,currentAge,height,weight,primaryPosition_code,primaryPosition_name,batSide_code,batSide_description,pitchHand_code,pitchHand_description,gameLogSummary,note,atBats,hits,doubles,triples,homeRuns,rbi,runs,strikeOuts,baseOnBalls,stolenBases,caughtStealing,groundIntoDoublePlay,plateAppearances,totalBases,inningsPitched,earnedRuns,hitsAllowed,homeRunsAllowed,strikeOutsPitching,baseOnBallsPitching,pitchesThrown,wins,losses,saves
2026-08-13,824238,,/api/v1.1/game/824238/feed/live,R,2026,2026-08-13,,day,P,N,N,Regular Season,3,3,1,Final,Final,2394,Comerica Park,116,Detroit Tigers,DET,3,True,114,Cleveland Guardians,CLE,0,False,667452,Corey Julks,Corey,Julks,44,1996-02-27,30,"5' 11""",220,7,Outfielder,R,Right,R,Right,,,,,,,,,,,,,,,,,,,,,,,,,,
2026-08-13,824238,,/api/v1.1/game/824238/feed/live,R,2026,2026-08-13,,day,P,N,N,Regular Season,3,3,1,Final,Final,2394,Comerica Park,116,Detroit Tigers,DET,3,True,114,Cleveland Guardians,CLE,0,False,664285,Framber Valdez,Framber,Valdez,59,1993-11-19,32,"5' 11""",230,1,Pitcher,R,Right,L,Left,,,,,,,,,,,,,,,,,,,,,,,,,,
2026-08-13,824238,,/api/v1.1/game/824238/feed/live,R,2026,2026-08-13,,day,P,N,N,Regular Season,3,3,1,Final,Final,2394,Comerica Park,116,Detroit Tigers,DET,3,True,114,Cleveland Guardians,CLE,0,False,656716,Zach McKinstry,Zachary,McKinstry,39,1995-04-29,31,"5' 11""",180,4,Second Base,L,Left,R,Right,0-2,,2,0,0,0,0,0,0,0,0,0,0,0,2,0,,,,,,,,,,
2026-08-13,824238,,/api/v1.1/game/824238/feed/live,R,2026,2026-08-13,,day,P,N,N,Regular Season,3,3,1,Final,Final,2394,Comerica Park,116,Detroit Tigers,DET,3,True,114,Cleveland Guardians,CLE,0,False,701678,Hao-Yu Lee,Hao-Yu,Lee,50,2003-02-03,23,"5' 9""",190,4,Second Base,R,Right,R,Right,0-2 | K,,2,0,0,0,0,0,0,1,0,0,0,0,2,0,,,,,,,,,,
2026-08-13,824238,,/api/v1.1/game/824238/feed/live,R,2026,2026-08-13,,day,P,N,N,Regular Season,3,3,1,Final,Final,2394,Comerica Park,116,Detroit Tigers,DET,3,True,114,Cleveland Guardians,CLE,0,False,680744,Ty Madden,Tyler,Madden,36,2000-02-21,26,"6' 3""",215,1,Pitcher,R,Right,R,Right,,,,,,,,,,,,,,,,,,,,,,,,,,
2026-08-13,824238,,/api/v1.1/game/824238/feed/live,R,2026,2026-08-13,,day,P,N,N,Regular Season,3,3,1,Final,Final,2394,Comerica Park,116,Detroit Tigers,DET,3,True,114,Cleveland Guardians,CLE,0,False,623454,Drew Anderson,Andrew,Anderson,38,1994-03-22,32,"6' 3""",205,1,Pitcher,R,Right,R,Right,,,,,,,,,,,,,,,,,,,,,,,,,,
2026-08-13,824238,,/api/v1.1/game/824238/feed/live,R,2026,2026-08-13,,day,P,N,N,Regular Season,3,3,1,Final,Final,2394,Comerica Park,116,Detroit Tigers,DET,3,True,114,Cleveland Guardians,CLE,0,False,680664,Eduardo Valencia,Eduardo,Valencia,32,2000-01-25,26,"6' 1""",180,2,Catcher,R,Right,R,Right,"1-3 | HR, K, RBI",,3,1,0,0,1,1,1,1,0,0,0,0,3,4,,,,,,,,,,
2026-08-13,824238,,/api/v1.1/game/824238/feed/live,R,2026,2026-08-13,,day,P,N,N,Regular Season,3,3,1,Final,Final,2394,Comerica Park,116,Detroit Tigers,DET,3,True,114,Cleveland Guardians,CLE,0,False,595879,Javier Báez,Ednel,Báez,28,1992-12-01,33,"5' 11""",190,6,Shortstop,R,Right,R,Right,"1-3 | 2B, K, R",,3,1,1,0,0,0,1,1,0,0,0,0,3,2,,,,,,,,,,
2026-08-13,824238,,/api/v1.1/game/824238/feed/live,R,2026,2026-08-13,,day,P,N,N,Regular Season,3,3,1,Final,Final,2394,Comerica Park,116,Detroit Tigers,DET,3,True,114,Cleveland Guardians,CLE,0,False,621097,Jacob Waguespack,Jacob,Waguespack,58,1993-11-05,32,"6' 6""",228,1,Pitcher,R,Right,R,Right,,,,,,,,,,,,,,,,,,,,,,,,,,
2026-08-13,824238,,/api/v1.1/game/824238/feed/live,R,2026,2026-08-13,,day,P,N,N,Regular Season,3,3,1,Final,Final,2394,Comerica Park,116,Detroit Tigers,DET,3,True,114,Cleveland Guardians,CLE,0,False,663432,Tanner Rainey,Tanner,Rainey,56,1992-12-25,33,"6' 3""",245,1,Pitcher,R,Right,R,Right,,,,,,,,,,,,,,,,,,,,,,,,,,
2026-08-13,824238,,/api/v1.1/game/824238/feed/live,R,2026,2026-08-13,,day,P,N,N,Regular Season,3,3,1,Final,Final,2394,Comerica Park,116,Detroit Tigers,DET,3,True,114,Cleveland Guardians,CLE,0,False,663947,Tyler Holton,Weston,Holton,87,1996-06-13,30,"6' 2""",200,1,Pitcher,L,Left,L,Left,"1.2 IP, 0 ER, 0 K, 0 BB",,,,,,,,,,,,,,,,1.2,0,1,0,0,0,19,0,0,0
2026-08-13,824238,,/api/v1.1/game/824238/feed/live,R,2026,2026-08-13,,day,P,N,N,Regular Season,3,3,1,Final,Final,2394,Comerica Park,116,Detroit Tigers,DET,3,True,114,Cleveland Guardians,CLE,0,False,805808,Kevin McGonigle,Kevin,McGonigle,7,2004-08-18,21,"5' 9""",187,6,Shortstop,L,Left,R,Right,"1-4 | 2 K, R, SB",,4,1,0,0,0,0,1,2,0,1,0,0,4,1,,,,,,,,,,
2026-08-13,824238,,/api/v1.1/game/824238/feed/live,R,2026,2026-08-13,,day,P,N,N,Regular Season,3,3,1,Final,Final,2394,Comerica Park,116,Detroit Tigers,DET,3,True,114,Cleveland Guardians,CLE,0,False,640448,Kyle Finnegan,Kyle,Finnegan,67,1991-09-04,34,"6' 2""",198,1,Pitcher,R,Right,R,Right,,,,,,,,,,,,,,,,,,,,,,,,,,
2026-08-13,824238,,/api/v1.1/game/824238/feed/live,R,2026,2026-08-13,,day,P,N,N,Regular Season,3,3,1,Final,Final,2394,Comerica Park,116,Detroit Tigers,DET,3,True,114,Cleveland Guardians,CLE,0,False,445276,Kenley Jansen,Kenley,Jansen,74,1987-09-30,38,"6' 5""",265,1,Pitcher,S,Switch,R,Right,"1.0 IP, 0 ER, 0 K, 0 BB",,,,,,,,,,,,,,,,1.0,0,0,0,0,0,10,0,0,1
2026-08-13,824238,,/api/v1.1/game/824238/feed/live,R,2026,2026-08-13,,day,P,N,N,Regular Season,3,3,1,Final,Final,2394,Comerica Park,116,Detroit Tigers,DET,3,True,114,Cleveland Guardians,CLE,0,False,679529,Spencer Torkelson,Spencer,Torkelson,20,1999-08-26,26,"6' 1""",220,3,First Base,R,Right,R,Right,"2-3 | BB, K, RBI",,3,2,0,0,0,1,0,1,1,0,0,0,4,2,,,,,,,,,,
2026-08-13,824238,,/api/v1.1/game/824238/feed/live,R,2026,2026-08-13,,day,P,N,N,Regular Season,3,3,1,Final,Final,2394,Comerica Park,116,Detroit Tigers,DET,3,True,114,Cleveland Guardians,CLE,0,False,805427,Drew Sommers,Drew,Sommers,51,2000-08-14,26,"6' 3""",250,1,Pitcher,L,Left,L,Left,,,,,,,,,,,,,,,,,,,,,,,,,,
2026-08-13,824238,,/api/v1.1/game/824238/feed/live,R,2026,2026-08-13,,day,P,N,N,Regular Season,3,3,1,Final,Final,2394,Comerica Park,116,Detroit Tigers,DET,3,True,114,Cleveland Guardians,CLE,0,False,672456,Keider Montero,Keider,Montero,54,2000-07-06,26,"6' 1""",145,1,Pitcher,R,Right,R,Right,"6.1 IP, 0 ER, 0 K, BB",,,,,,,,,,,,,,,,6.1,0,3,0,0,1,88,1,0,0
2026-08-13,824238,,/api/v1.1/game/824238/feed/live,R,2026,2026-08-13,,day,P,N,N,Regular Season,3,3,1,Final,Final,2394,Comerica Park,116,Detroit Tigers,DET,3,True,114,Cleveland Guardians,CLE,0,False,701162,Ben Malgeri,Benjamin,Malgeri,53,2000-01-12,26,"6' 1""",215,9,Outfielder,R,Right,R,Right,1-2 | HBP,,2,1,0,0,0,0,0,0,0,0,0,0,3,1,,,,,,,,,,
2026-08-13,824238,,/api/v1.1/game/824238/feed/live,R,2026,2026-08-13,,day,P,N,N,Regular Season,3,3,1,Final,Final,2394,Comerica Park,116,Detroit Tigers,DET,3,True,114,Cleveland Guardians,CLE,0,False,650402,Gleyber Torres,Gleyber,Torres,25,1996-12-13,29,"5' 10""",205,4,Second Base,R,Right,R,Right,"0-3 | BB, K",,3,0,0,0,0,0,0,1,1,0,0,0,4,0,,,,,,,,,,
2026-08-13,824238,,/api/v1.1/game/824238/feed/live,R,2026,2026-08-13,,day,P,N,N,Regular Season,3,3,1,Final,Final,2394,Comerica Park,116,Detroit Tigers,DET,3,True,114,Cleveland Guardians,CLE,0,False,646241,Enmanuel De Jesus,Enmanuel,De Jesus,37,1996-12-10,29,"6' 3""",190,1,Pitcher,L,Left,L,Left,,,,,,,,,,,,,,,,,,,,,,,,,,
2026-08-13,824238,,/api/v1.1/game/824238/feed/live,R,2026,2026-08-13,,day,P,N,N,Regular Season,3,3,1,Final,Final,2394,Comerica Park,116,Detroit Tigers,DET,3,True,114,Cleveland Guardians,CLE,0,False,703601,Max Clark,Maxwell,Clark,15,2004-12-21,21,"5' 11""",205,8,Outfielder,L,Left,L,Left,0-4,,4,0,0,0,0,0,0,0,0,0,0,0,4,0,,,,,,,,,,
2026-08-13,824238,,/api/v1.1/game/824238/feed/live,R,2026,2026-08-13,,day,P,N,N,Regular Season,3,3,1,Final,Final,2394,Comerica Park,116,Detroit Tigers,DET,3,True,114,Cleveland Guardians,CLE,0,False,669360,Trei Cruz,Trei,Cruz,40,1998-07-05,28,"6' 0""",204,8,Outfielder,S,Switch,R,Right,,,,,,,,,,,,,,,,,,,,,,,,,,
2026-08-13,824238,,/api/v1.1/game/824238/feed/live,R,2026,2026-08-13,,day,P,N,N,Regular Season,3,3,1,Final,Final,2394,Comerica Park,116,Detroit Tigers,DET,3,True,114,Cleveland Guardians,CLE,0,False,693307,Dillon Dingler,Francis,Dingler,13,1998-09-17,27,"6' 1""",210,2,Catcher,R,Right,R,Right,"0-4 | K, RBI",,4,0,0,0,0,1,0,1,0,0,0,0,4,0,,,,,,,,,,
2026-08-13,824238,,/api/v1.1/game/824238/feed/live,R,2026,2026-08-13,,day,P,N,N,Regular Season,3,3,1,Final,Final,2394,Comerica Park,116,Detroit Tigers,DET,3,True,114,Cleveland Guardians,CLE,0,False,690993,Colt Keith,Colten,Keith,33,2001-08-14,25,"6' 2""",211,5,Third Base,L,Left,R,Right,0-0 | BB,,0,0,0,0,0,0,0,0,1,0,0,0,1,0,,,,,,,,,,
2026-08-13,824238,,/api/v1.1/game/824238/feed/live,R,2026,2026-08-13,,day,P,N,N,Regular Season,3,3,1,Final,Final,2394,Comerica Park,116,Detroit Tigers,DET,3,True,114,Cleveland Guardians,CLE,0,False,695549,Jackson Jobe,Jackson,Jobe,21,2002-07-30,24,"6' 2""",190,1,Pitcher,R,Right,R,Right,,,,,,,,,,,,,,,,,,,,,,,,,,
2026-08-13,824238,,/api/v1.1/game/824238/feed/live,R,2026,2026-08-13,,day,P,N,N,Regular Season,3,3,1,Final,Final,2394,Comerica Park,116,Detroit Tigers,DET,3,True,114,Cleveland Guardians,CLE,0,False,675512,Troy Melton,Troy,Melton,52,2000-12-03,25,"6' 4""",210,1,Pitcher,R,Right,R,Right,,,,,,,,,,,,,,,,,,,,,,,,,,
2026-08-13,824238,,/api/v1.1/game/824238/feed/live,R,2026,2026-08-13,,day,P,N,N,Regular Season,3,3,1,Final,Final,2394,Comerica Park,116,Detroit Tigers,DET,3,True,114,Cleveland Guardians,CLE,0,False,694197,Angel Genao,Angel,Genao,17,2004-05-19,22,"5' 11""",150,4,Second Base,S,Switch,R,Right,0-3,,3,0,0,0,0,0,0,0,0,0,0,0,3,0,,,,,,,,,,
2026-08-13,824238,,/api/v1.1/game/824238/feed/live,R,2026,2026-08-13,,day,P,N,N,Regular Season,3,3,1,Final,Final,2394,Comerica Park,116,Detroit Tigers,DET,3,True,114,Cleveland Guardians,CLE,0,False,800050,Chase DeLauter,Chase,DeLauter,24,2001-10-08,24,"6' 3""",235,9,Outfielder,L,Left,L,Left,2-4 | SB,,4,2,0,0,0,0,0,0,0,1,0,0,4,2,,,,,,,,,,
2026-08-13,824238,,/api/v1.1/game/824238/feed/live,R,2026,2026-08-13,,day,P,N,N,Regular Season,3,3,1,Final,Final,2394,Comerica Park,116,Detroit Tigers,DET,3,True,114,Cleveland Guardians,CLE,0,False,595978,Austin Hedges,Austin,Hedges,27,1992-08-18,33,"6' 0""",220,2,Catcher,R,Right,R,Right,0-2,,2,0,0,0,0,0,0,0,0,0,0,0,2,0,,,,,,,,,,
2026-08-13,824238,,/api/v1.1/game/824238/feed/live,R,2026,2026-08-13,,day,P,N,N,Regular Season,3,3,1,Final,Final,2394,Comerica Park,116,Detroit Tigers,DET,3,True,114,Cleveland Guardians,CLE,0,False,663993,Nathaniel Lowe,David,Lowe,46,1995-07-07,31,"6' 4""",220,3,First Base,L,Left,R,Right,0-4,,4,0,0,0,0,0,0,0,0,0,0,0,4,0,,,,,,,,,,
2026-08-13,824238,,/api/v1.1/game/824238/feed/live,R,2026,2026-08-13,,day,P,N,N,Regular Season,3,3,1,Final,Final,2394,Comerica Park,116,Detroit Tigers,DET,3,True,114,Cleveland Guardians,CLE,0,False,684974,Craig Yoho,Craig,Yoho,23,1999-10-23,26,"6' 2""",237,1,Pitcher,R,Right,R,Right,"1.1 IP, 0 ER, 2 K, 0 BB",,,,,,,,,,,,,,,,1.1,0,1,0,2,0,20,0,0,0
2026-08-13,824238,,/api/v1.1/game/824238/feed/live,R,2026,2026-08-13,,day,P,N,N,Regular Season,3,3,1,Final,Final,2394,Comerica Park,116,Detroit Tigers,DET,3,True,114,Cleveland Guardians,CLE,0,False,683953,Travis Bazzana,Travis,Bazzana,37,2002-08-28,23,"5' 11""",199,4,Second Base,L,Left,R,Right,0-3,,3,0,0,0,0,0,0,0,0,0,0,0,3,0,,,,,,,,,,
2026-08-13,824238,,/api/v1.1/game/824238/feed/live,R,2026,2026-08-13,,day,P,N,N,Regular Season,3,3,1,Final,Final,2394,Comerica Park,116,Detroit Tigers,DET,3,True,114,Cleveland Guardians,CLE,0,False,672275,Patrick Bailey,Patrick,Bailey,16,1999-05-29,27,"6' 0""",223,2,Catcher,S,Switch,R,Right,0-0,,0,0,0,0,0,0,0,0,0,0,0,0,0,0,,,,,,,,,,
2026-08-13,824238,,/api/v1.1/game/824238/feed/live,R,2026,2026-08-13,,day,P,N,N,Regular Season,3,3,1,Final,Final,2394,Comerica Park,116,Detroit Tigers,DET,3,True,114,Cleveland Guardians,CLE,0,False,677587,Brayan Rocchio,Brayan,Rocchio,4,2001-01-13,25,"5' 9""",170,6,Shortstop,S,Switch,R,Right,1-3,,3,1,0,0,0,0,0,0,0,0,0,0,3,1,,,,,,,,,,
2026-08-13,824238,,/api/v1.1/game/824238/feed/live,R,2026,2026-08-13,,day,P,N,N,Regular Season,3,3,1,Final,Final,2394,Comerica Park,116,Detroit Tigers,DET,3,True,114,Cleveland Guardians,CLE,0,False,690984,Petey Halpin,Peter,Halpin,0,2002-05-26,24,"5' 11""",200,8,Outfielder,L,Left,R,Right,,,,,,,,,,,,,,,,,,,,,,,,,,
2026-08-13,824238,,/api/v1.1/game/824238/feed/live,R,2026,2026-08-13,,day,P,N,N,Regular Season,3,3,1,Final,Final,2394,Comerica Park,116,Detroit Tigers,DET,3,True,114,Cleveland Guardians,CLE,0,False,670036,Matt Festa,Matthew,Festa,52,1993-03-11,33,"6' 1""",195,1,Pitcher,R,Right,R,Right,,,,,,,,,,,,,,,,,,,,,,,,,,
2026-08-13,824238,,/api/v1.1/game/824238/feed/live,R,2026,2026-08-13,,day,P,N,N,Regular Season,3,3,1,Final,Final,2394,Comerica Park,116,Detroit Tigers,DET,3,True,114,Cleveland Guardians,CLE,0,False,666176,Jo Adell,Jordon,Adell,7,1999-04-08,27,"6' 2""",215,9,Outfielder,R,Right,R,Right,0-4,,4,0,0,0,0,0,0,0,0,0,0,0,4,0,,,,,,,,,,
2026-08-13,824238,,/api/v1.1/game/824238/feed/live,R,2026,2026-08-13,,day,P,N,N,Regular Season,3,3,1,Final,Final,2394,Comerica Park,116,Detroit Tigers,DET,3,True,114,Cleveland Guardians,CLE,0,False,670059,Colin Holderman,Colin,Holderman,35,1995-10-08,30,"6' 6""",230,1,Pitcher,R,Right,R,Right,,,,,,,,,,,,,,,,,,,,,,,,,,
2026-08-13,824238,,/api/v1.1/game/824238/feed/live,R,2026,2026-08-13,,day,P,N,N,Regular Season,3,3,1,Final,Final,2394,Comerica Park,116,Detroit Tigers,DET,3,True,114,Cleveland Guardians,CLE,0,False,680916,Franco Aleman,Franco,Aleman,55,2000-06-26,26,"6' 6""",235,1,Pitcher,R,Right,R,Right,"0.1 IP, ER, 0 K, BB",,,,,,,,,,,,,,,,0.1,1,2,0,0,1,21,0,0,0
2026-08-13,824238,,/api/v1.1/game/824238/feed/live,R,2026,2026-08-13,,day,P,N,N,Regular Season,3,3,1,Final,Final,2394,Comerica Park,116,Detroit Tigers,DET,3,True,114,Cleveland Guardians,CLE,0,False,671922,Cade Smith,Cade,Smith,36,1999-05-09,27,"6' 5""",230,1,Pitcher,R,Right,R,Right,,,,,,,,,,,,,,,,,,,,,,,,,,
2026-08-13,824238,,/api/v1.1/game/824238/feed/live,R,2026,2026-08-13,,day,P,N,N,Regular Season,3,3,1,Final,Final,2394,Comerica Park,116,Detroit Tigers,DET,3,True,114,Cleveland Guardians,CLE,0,False,608070,José Ramírez,José,Ramírez,11,1992-09-17,33,"5' 8""",190,5,Third Base,S,Switch,R,Right,0-3 | BB,,3,0,0,0,0,0,0,0,1,0,0,0,4,0,,,,,,,,,,
2026-08-13,824238,,/api/v1.1/game/824238/feed/live,R,2026,2026-08-13,,day,P,N,N,Regular Season,3,3,1,Final,Final,2394,Comerica Park,116,Detroit Tigers,DET,3,True,114,Cleveland Guardians,CLE,0,False,680757,Steven Kwan,Steven,Kwan,38,1997-09-05,28,"5' 8""",170,7,Outfielder,L,Left,L,Left,0-4,,4,0,0,0,0,0,0,0,0,0,0,0,4,0,,,,,,,,,,
2026-08-13,824238,,/api/v1.1/game/824238/feed/live,R,2026,2026-08-13,,day,P,N,N,Regular Season,3,3,1,Final,Final,2394,Comerica Park,116,Detroit Tigers,DET,3,True,114,Cleveland Guardians,CLE,0,False,682657,Angel Martínez,Angel,Martínez,1,2002-01-27,24,"5' 11""",200,7,Outfielder,S,Switch,R,Right,1-1,,1,1,0,0,0,0,0,0,0,0,0,0,1,1,,,,,,,,,,
2026-08-13,824238,,/api/v1.1/game/824238/feed/live,R,2026,2026-08-13,,day,P,N,N,Regular Season,3,3,1,Final,Final,2394,Comerica Park,116,Detroit Tigers,DET,3,True,114,Cleveland Guardians,CLE,0,False,800048,Parker Messick,Parker,Messick,77,2000-10-26,25,"6' 0""",225,1,Pitcher,L,Left,L,Left,"5.2 IP, 2 ER, 6 K, 2 BB",,,,,,,,,,,,,,,,5.2,2,3,1,6,2,102,0,1,0
2026-08-13,824238,,/api/v1.1/game/824238/feed/live,R,2026,2026-08-13,,day,P,N,N,Regular Season,3,3,1,Final,Final,2394,Comerica Park,116,Detroit Tigers,DET,3,True,114,Cleveland Guardians,CLE,0,False,676282,Joey Cantillo,Joseph,Cantillo,54,1999-12-18,26,"6' 4""",225,1,Pitcher,L,Left,L,Left,,,,,,,,,,,,,,,,,,,,,,,,,,
2026-08-13,824238,,/api/v1.1/game/824238/feed/live,R,2026,2026-08-13,,day,P,N,N,Regular Season,3,3,1,Final,Final,2394,Comerica Park,116,Detroit Tigers,DET,3,True,114,Cleveland Guardians,CLE,0,False,681870,Erik Sabrowski,Erik,Sabrowski,62,1997-10-31,28,"6' 4""",230,1,Pitcher,R,Right,L,Left,,,,,,,,,,,,,,,,,,,,,,,,,,
2026-08-13,824238,,/api/v1.1/game/824238/feed/live,R,2026,2026-08-13,,day,P,N,N,Regular Season,3,3,1,Final,Final,2394,Comerica Park,116,Detroit Tigers,DET,3,True,114,Cleveland Guardians,CLE,0,False,668909,Gavin Williams,Gavin,Williams,32,1999-07-26,27,"6' 6""",250,1,Pitcher,L,Left,R,Right,,,,,,,,,,,,,,,,,,,,,,,,,,
2026-08-13,824238,,/api/v1.1/game/824238/feed/live,R,2026,2026-08-13,,day,P,N,N,Regular Season,3,3,1,Final,Final,2394,Comerica Park,116,Detroit Tigers,DET,3,True,114,Cleveland Guardians,CLE,0,False,683769,Hunter Gaddis,Hunter,Gaddis,33,1998-04-09,28,"6' 6""",260,1,Pitcher,R,Right,R,Right,,,,,,,,,,,,,,,,,,,,,,,,,,
2026-08-13,824238,,/api/v1.1/game/824238/feed/live,R,2026,2026-08-13,,day,P,N,N,Regular Season,3,3,1,Final,Final,2394,Comerica Park,116,Detroit Tigers,DET,3,True,114,Cleveland Guardians,CLE,0,False,676440,Tanner Bibee,Tanner,Bibee,28,1999-03-05,27,"6' 2""",205,1,Pitcher,R,Right,R,Right,,,,,,,,,,,,,,,,,,,,,,,,,,
2026-08-13,824238,,/api/v1.1/game/824238/feed/live,R,2026,2026-08-13,,day,P,N,N,Regular Season,3,3,1,Final,Final,2394,Comerica Park,116,Detroit Tigers,DET,3,True,114,Cleveland Guardians,CLE,0,False,682120,Tim Herrin,Tim,Herrin,29,1996-10-08,29,"6' 6""",230,1,Pitcher,L,Left,L,Left,"0.2 IP, 0 ER, 0 K, 0 BB",,,,,,,,,,,,,,,,0.2,0,0,0,0,0,10,0,0,0
2026-08-13,824238,,/api/v1.1/game/824238/feed/live,R,2026,2026-08-13,,day,P,N,N,Regular Season,3,3,1,Final,Final,2394,Comerica Park,116,Detroit Tigers,DET,3,True,114,Cleveland Guardians,CLE,0,False,656492,Foster Griffin,Fred,Griffin,22,1995-07-27,31,"6' 3""",225,1,Pitcher,R,Right,L,Left,,,,,,,,,,,,,,,,,,,,,,,,,,
2026-08-13,824238,,/api/v1.1/game/824238/feed/live,R,2026,2026-08-13,,day,P,N,N,Regular Season,3,3,1,Final,Final,2394,Comerica Park,116,Detroit Tigers,DET,3,True,114,Cleveland Guardians,CLE,0,False,656555,Rhys Hoskins,Rhys,Hoskins,8,1993-03-17,33,"6' 3""",241,3,First Base,R,Right,R,Right,,,,,,,,,,,,,,,,,,,,,,,,,,
2026-08-13,824561,,/api/v1.1/game/824561/feed/live,R,2026,2026-08-13,,day,P,N,N,Regular Season,3,3,1,Final,Final,4,Rate Field,145,Chicago White Sox,CWS,8,False,113,Cincinnati Reds,CIN,9,True,671976,Tristan Peters,Tristan,Peters,29,2000-02-29,26,"6' 0""",180,8,Outfielder,L,Left,R,Right,0-2 | 2 K,,2,0,0,0,0,0,0,2,0,0,0,0,2,0,,,,,,,,,,
2026-08-13,824561,,/api/v1.1/game/824561/feed/live,R,2026,2026-08-13,,day,P,N,N,Regular Season,3,3,1,Final,Final,4,Rate Field,145,Chicago White Sox,CWS,8,False,113,Cincinnati Reds,CIN,9,True,641743,Anthony Kay,Anthony,Kay,18,1995-03-21,31,"6' 0""",225,1,Pitcher,L,Left,L,Left,,,,,,,,,,,,,,,,,,,,,,,,,,
2026-08-13,824561,,/api/v1.1/game/824561/feed/live,R,2026,2026-08-13,,day,P,N,N,Regular Season,3,3,1,Final,Final,4,Rate Field,145,Chicago White Sox,CWS,8,False,113,Cincinnati Reds,CIN,9,True,663436,Davis Martin,Davis,Martin,65,1997-01-04,29,"6' 2""",215,1,Pitcher,L,Left,R,Right,"2.0 IP, 3 ER, 3 K, BB",,,,,,,,,,,,,,,,2.0,3,2,2,3,1,35,0,0,0
2026-08-13,824561,,/api/v1.1/game/824561/feed/live,R,2026,2026-08-13,,day,P,N,N,Regular Season,3,3,1,Final,Final,4,Rate Field,145,Chicago White Sox,CWS,8,False,113,Cincinnati Reds,CIN,9,True,682668,Luisangel Acuña,Luisangel,Acuña,0,2002-03-12,24,"5' 7""",181,6,Shortstop,R,Right,R,Right,"1-2 | K, R",,2,1,0,0,0,0,1,1,0,0,0,0,2,1,,,,,,,,,,
2026-08-13,824561,,/api/v1.1/game/824561/feed/live,R,2026,2026-08-13,,day,P,N,N,Regular Season,3,3,1,Final,Final,4,Rate Field,145,Chicago White Sox,CWS,8,False,113,Cincinnati Reds,CIN,9,True,623211,Huascar Brazobán,Huascar,Brazobán,50,1989-10-15,36,"6' 3""",155,1,Pitcher,R,Right,R,Right,,,,,,,,,,,,,,,,,,,,,,,,,,
2026-08-13,824561,,/api/v1.1/game/824561/feed/live,R,2026,2026-08-13,,day,P,N,N,Regular Season,3,3,1,Final,Final,4,Rate Field,145,Chicago White Sox,CWS,8,False,113,Cincinnati Reds,CIN,9,True,545341,Randal Grichuk,Randal,Grichuk,34,1991-08-13,35,"6' 0""",210,10,Designated Hitter,R,Right,R,Right,"2-3 | 2 2B, 3 RBI",,3,2,2,0,0,3,0,0,0,0,0,0,3,4,,,,,,,,,,
2026-08-13,824561,,/api/v1.1/game/824561/feed/live,R,2026,2026-08-13,,day,P,N,N,Regular Season,3,3,1,Final,Final,4,Rate Field,145,Chicago White Sox,CWS,8,False,113,Cincinnati Reds,CIN,9,True,808959,Munetaka Murakami,Munetaka,Murakami,5,2000-02-02,26,"6' 2""",213,3,First Base,L,Left,R,Right,0-1 | K,,1,0,0,0,0,0,0,1,0,0,0,0,1,0,,,,,,,,,,
2026-08-13,824561,,/api/v1.1/game/824561/feed/live,R,2026,2026-08-13,,day,P,N,N,Regular Season,3,3,1,Final,Final,4,Rate Field,145,Chicago White Sox,CWS,8,False,113,Cincinnati Reds,CIN,9,True,805367,Chase Meidroth,Chase,Meidroth,10,2001-07-23,25,"5' 9""",190,4,Second Base,R,Right,R,Right,"2-3 | 2 2B, 2 BB, K",,3,2,2,0,0,1,2,1,2,0,0,0,5,4,,,,,,,,,,
2026-08-13,824561,,/api/v1.1/game/824561/feed/live,R,2026,2026-08-13,,day,P,N,N,Regular Season,3,3,1,Final,Final,4,Rate Field,145,Chicago White Sox,CWS,8,False,113,Cincinnati Reds,CIN,9,True,691799,Grant Taylor,Grant,Taylor,31,2002-05-20,24,"6' 3""",230,1,Pitcher,R,Right,R,Right,,,,,,,,,,,,,,,,,,,,,,,,,,
2026-08-13,824561,,/api/v1.1/game/824561/feed/live,R,2026,2026-08-13,,day,P,N,N,Regular Season,3,3,1,Final,Final,4,Rate Field,145,Chicago White Sox,CWS,8,False,113,Cincinnati Reds,CIN,9,True,695657,Colson Montgomery,Colson,Montgomery,12,2002-02-27,24,"6' 3""",230,6,Shortstop,L,Left,R,Right,0-5,,5,0,0,0,0,0,0,0,0,0,0,0,5,0,,,,,,,,,,
2026-08-13,824561,,/api/v1.1/game/824561/feed/live,R,2026,2026-08-13,,day,P,N,N,Regular Season,3,3,1,Final,Final,4,Rate Field,145,Chicago White Sox,CWS,8,False,113,Cincinnati Reds,CIN,9,True,691011,Drew Romo,Drew,Romo,36,2001-08-29,24,"6' 0""",205,2,Catcher,S,Switch,R,Right,0-0,,0,0,0,0,0,0,0,0,0,0,0,0,0,0,,,,,,,,,,
2026-08-13,824561,,/api/v1.1/game/824561/feed/live,R,2026,2026-08-13,,day,P,N,N,Regular Season,3,3,1,Final,Final,4,Rate Field,145,Chicago White Sox,CWS,8,False,113,Cincinnati Reds,CIN,9,True,670950,Trevor Richards,Trevor,Richards,43,1993-05-15,33,"6' 2""",205,1,Pitcher,R,Right,R,Right,"2.2 IP, 0 ER, 2 K, 0 BB",,,,,,,,,,,,,,,,2.2,0,1,0,2,0,28,0,0,0
2026-08-13,824561,,/api/v1.1/game/824561/feed/live,R,2026,2026-08-13,,day,P,N,N,Regular Season,3,3,1,Final,Final,4,Rate Field,145,Chicago White Sox,CWS,8,False,113,Cincinnati Reds,CIN,9,True,695731,Braden Montgomery,Braden,Montgomery,24,2003-04-16,23,"6' 2""",220,9,Outfielder,S,Switch,R,Right,"0-2 | 3 BB, 2 K, 2 R",,2,0,0,0,0,0,2,2,3,0,0,0,5,0,,,,,,,,,,
2026-08-13,824561,,/api/v1.1/game/824561/feed/live,R,2026,2026-08-13,,day,P,N,N,Regular Season,3,3,1,Final,Final,4,Rate Field,145,Chicago White Sox,CWS,8,False,113,Cincinnati Reds,CIN,9,True,701780,Tanner McDougal,Tanner,McDougal,55,2003-04-09,23,"6' 5""",185,1,Pitcher,R,Right,R,Right,"0.1 IP, ER, 0 K, 3 BB",,,,,,,,,,,,,,,,0.1,1,0,0,0,3,25,0,0,0
2026-08-13,824561,,/api/v1.1/game/824561/feed/live,R,2026,2026-08-13,,day,P,N,N,Regular Season,3,3,1,Final,Final,4,Rate Field,145,Chicago White Sox,CWS,8,False,113,Cincinnati Reds,CIN,9,True,696146,Hagen Smith,Hagen,Smith,32,2003-08-19,22,"6' 3""",235,1,Pitcher,L,Left,L,Left,,,,,,,,,,,,,,,,,,,,,,,,,,
2026-08-13,824561,,/api/v1.1/game/824561/feed/live,R,2026,2026-08-13,,day,P,N,N,Regular Season,3,3,1,Final,Final,4,Rate Field,145,Chicago White Sox,CWS,8,False,113,Cincinnati Reds,CIN,9,True,700337,Edgar Quero,Edgar,Quero,26,2003-04-06,23,"5' 10""",205,2,Catcher,S,Switch,R,Right,"3-5 | 2 RBI, R",,5,3,0,0,0,2,1,0,0,0,0,0,5,3,,,,,,,,,,
2026-08-13,824561,,/api/v1.1/game/824561/feed/live,R,2026,2026-08-13,,day,P,N,N,Regular Season,3,3,1,Final,Final,4,Rate Field,145,Chicago White Sox,CWS,8,False,113,Cincinnati Reds,CIN,9,True,643217,Andrew Benintendi,Andrew,Benintendi,23,1994-07-06,32,"5' 9""",185,10,Designated Hitter,L,Left,L,Left,"1-2 | K, 2 RBI",,2,1,0,0,0,2,0,1,0,0,0,0,2,1,,,,,,,,,,
2026-08-13,824561,,/api/v1.1/game/824561/feed/live,R,2026,2026-08-13,,day,P,N,N,Regular Season,3,3,1,Final,Final,4,Rate Field,145,Chicago White Sox,CWS,8,False,113,Cincinnati Reds,CIN,9,True,622491,Luis Castillo,Luis,Castillo,58,1992-12-12,33,"6' 2""",200,1,Pitcher,R,Right,R,Right,,,,,,,,,,,,,,,,,,,,,,,,,,
2026-08-13,824561,,/api/v1.1/game/824561/feed/live,R,2026,2026-08-13,,day,P,N,N,Regular Season,3,3,1,Final,Final,4,Rate Field,145,Chicago White Sox,CWS,8,False,113,Cincinnati Reds,CIN,9,True,680732,Sean Burke,Sean,Burke,59,1999-12-18,26,"6' 6""",240,1,Pitcher,R,Right,R,Right,,,,,,,,,,,,,,,,,,,,,,,,,,
2026-08-13,824561,,/api/v1.1/game/824561/feed/live,R,2026,2026-08-13,,day,P,N,N,Regular Season,3,3,1,Final,Final,4,Rate Field,145,Chicago White Sox,CWS,8,False,113,Cincinnati Reds,CIN,9,True,686668,Brenton Doyle,Brenton,Doyle,7,1998-05-14,28,"6' 3""",223,8,Outfielder,R,Right,R,Right,1-4 | K,,4,1,0,0,0,0,0,1,0,0,0,0,4,1,,,,,,,,,,
2026-08-13,824561,,/api/v1.1/game/824561/feed/live,R,2026,2026-08-13,,day,P,N,N,Regular Season,3,3,1,Final,Final,4,Rate Field,145,Chicago White Sox,CWS,8,False,113,Cincinnati Reds,CIN,9,True,663542,Bryan Hudson,Bryan,Hudson,60,1997-05-08,29,"6' 8""",248,1,Pitcher,L,Left,L,Left,,,,,,,,,,,,,,,,,,,,,,,,,,
2026-08-13,824561,,/api/v1.1/game/824561/feed/live,R,2026,2026-08-13,,day,P,N,N,Regular Season,3,3,1,Final,Final,4,Rate Field,145,Chicago White Sox,CWS,8,False,113,Cincinnati Reds,CIN,9,True,607200,Erick Fedde,Erick,Fedde,47,1993-02-25,33,"6' 4""",205,1,Pitcher,R,Right,R,Right,"3.0 IP, 4 ER, K, 2 BB",,,,,,,,,,,,,,,,3.0,4,5,1,1,2,51,0,1,0
2026-08-13,824561,,/api/v1.1/game/824561/feed/live,R,2026,2026-08-13,,day,P,N,N,Regular Season,3,3,1,Final,Final,4,Rate Field,145,Chicago White Sox,CWS,8,False,113,Cincinnati Reds,CIN,9,True,656794,Sean Newcomb,Sean,Newcomb,15,1993-06-12,33,"6' 5""",255,1,Pitcher,L,Left,L,Left,,,,,,,,,,,,,,,,,,,,,,,,,,
2026-08-13,824561,,/api/v1.1/game/824561/feed/live,R,2026,2026-08-13,,day,P,N,N,Regular Season,3,3,1,Final,Final,4,Rate Field,145,Chicago White Sox,CWS,8,False,113,Cincinnati Reds,CIN,9,True,663855,Jordan Hicks,Jordan,Hicks,44,1996-09-06,29,"6' 2""",217,1,Pitcher,R,Right,R,Right,"1.0 IP, 0 ER, 0 K, 0 BB",,,,,,,,,,,,,,,,1.0,0,0,0,0,0,13,0,0,0
2026-08-13,824561,,/api/v1.1/game/824561/feed/live,R,2026,2026-08-13,,day,P,N,N,Regular Season,3,3,1,Final,Final,4,Rate Field,145,Chicago White Sox,CWS,8,False,113,Cincinnati Reds,CIN,9,True,803011,Sam Antonacci,Samuel,Antonacci,17,2003-02-06,23,"5' 11""",193,7,Outfielder,L,Left,R,Right,"2-5 | 2 K, 2 R",,5,2,0,0,0,0,2,2,0,0,0,0,5,2,,,,,,,,,,
2026-08-13,824561,,/api/v1.1/game/824561/feed/live,R,2026,2026-08-13,,day,P,N,N,Regular Season,3,3,1,Final,Final,4,Rate Field,145,Chicago White Sox,CWS,8,False,113,Cincinnati Reds,CIN,9,True,678246,Miguel Vargas,Miguel,Vargas,20,1999-11-17,26,"6' 2""",225,5,Third Base,R,Right,R,Right,0-5 | K,,5,0,0,0,0,0,0,1,0,0,0,0,5,0,,,,,,,,,,
2026-08-13,824561,,/api/v1.1/game/824561/feed/live,R,2026,2026-08-13,,day,P,N,N,Regular Season,3,3,1,Final,Final,4,Rate Field,145,Chicago White Sox,CWS,8,False,113,Cincinnati Reds,CIN,9,True,682829,Elly De La Cruz,Elly,De La Cruz,44,2002-01-11,24,"6' 6""",200,6,Shortstop,S,Switch,R,Right,"1-4 | BB, 2 K, R",,4,1,0,0,0,0,1,2,1,0,0,0,5,1,,,,,,,,,,
2026-08-13,824561,,/api/v1.1/game/824561/feed/live,R,2026,2026-08-13,,day,P,N,N,Regular Season,3,3,1,Final,Final,4,Rate Field,145,Chicago White Sox,CWS,8,False,113,Cincinnati Reds,CIN,9,True,701398,Sal Stewart,Sal,Stewart,27,2003-12-07,22,"6' 1""",224,3,First Base,R,Right,R,Right,"2-3 | HR, BB, HBP",,3,2,0,0,1,2,4,1,1,0,0,0,5,5,,,,,,,,,,
2026-08-13,824561,,/api/v1.1/game/824561/feed/live,R,2026,2026-08-13,,day,P,N,N,Regular Season,3,3,1,Final,Final,4,Rate Field,145,Chicago White Sox,CWS,8,False,113,Cincinnati Reds,CIN,9,True,667472,Dane Myers,Dane,Myers,17,1996-03-08,30,"6' 0""",205,8,Outfielder,R,Right,R,Right,"1-3 | 2 BB, K, SB",,3,1,0,0,0,0,0,1,2,1,0,0,5,1,,,,,,,,,,
2026-08-13,824561,,/api/v1.1/game/824561/feed/live,R,2026,2026-08-13,,day,P,N,N,Regular Season,3,3,1,Final,Final,4,Rate Field,145,Chicago White Sox,CWS,8,False,113,Cincinnati Reds,CIN,9,True,572955,Pierce Johnson,Pierce,Johnson,52,1991-05-10,35,"6' 2""",202,1,Pitcher,R,Right,R,Right,"0.1 IP, 0 ER, K, 0 BB",,,,,,,,,,,,,,,,0.1,0,0,0,1,0,9,0,0,0
2026-08-13,824561,,/api/v1.1/game/824561/feed/live,R,2026,2026-08-13,,day,P,N,N,Regular Season,3,3,1,Final,Final,4,Rate Field,145,Chicago White Sox,CWS,8,False,113,Cincinnati Reds,CIN,9,True,682825,Luis Mey,Luis,Mey,47,2001-06-24,25,"6' 5""",235,1,Pitcher,R,Right,R,Right,"1.0 IP, 0 ER, 2 K, 0 BB",,,,,,,,,,,,,,,,1.0,0,0,0,2,0,12,0,0,0
2026-08-13,824561,,/api/v1.1/game/824561/feed/live,R,2026,2026-08-13,,day,P,N,N,Regular Season,3,3,1,Final,Final,4,Rate Field,145,Chicago White Sox,CWS,8,False,113,Cincinnati Reds,CIN,9,True,641941,Emilio Pagán,Emilio,Pagán,15,1991-05-07,35,"6' 2""",208,1,Pitcher,L,Left,R,Right,,,,,,,,,,,,,,,,,,,,,,,,,,
2026-08-13,824561,,/api/v1.1/game/824561/feed/live,R,2026,2026-08-13,,day,P,N,N,Regular Season,3,3,1,Final,Final,4,Rate Field,145,Chicago White Sox,CWS,8,False,113,Cincinnati Reds,CIN,9,True,669911,Michael Toglia,Michael,Toglia,48,1998-08-16,27,"6' 5""",226,3,First Base,S,Switch,L,Left,,,,,,,,,,,,,,,,,,,,,,,,,,
2026-08-13,824561,,/api/v1.1/game/824561/feed/live,R,2026,2026-08-13,,day,P,N,N,Regular Season,3,3,1,Final,Final,4,Rate Field,145,Chicago White Sox,CWS,8,False,113,Cincinnati Reds,CIN,9,True,622088,Tejay Antone,Tejay,Antone,70,1993-12-05,32,"6' 4""",230,1,Pitcher,R,Right,R,Right,"1.0 IP, 0 ER, 3 K, 0 BB",,,,,,,,,,,,,,,,1.0,0,0,0,3,0,16,1,0,0
2026-08-13,824561,,/api/v1.1/game/824561/feed/live,R,2026,2026-08-13,,day,P,N,N,Regular Season,3,3,1,Final,Final,4,Rate Field,145,Chicago White Sox,CWS,8,False,113,Cincinnati Reds,CIN,9,True,682622,Noelvi Marte,Noelvi,Marte,4,2001-10-16,24,"6' 2""",216,9,Outfielder,R,Right,R,Right,,,,,,,,,,,,,,,,,,,,,,,,,,
2026-08-13,824561,,/api/v1.1/game/824561/feed/live,R,2026,2026-08-13,,day,P,N,N,Regular Season,3,3,1,Final,Final,4,Rate Field,145,Chicago White Sox,CWS,8,False,113,Cincinnati Reds,CIN,9,True,663903,Brady Singer,Brady,Singer,51,1996-08-04,30,"6' 5""",215,1,Pitcher,R,Right,R,Right,,,,,,,,,,,,,,,,,,,,,,,,,,
2026-08-13,824561,,/api/v1.1/game/824561/feed/live,R,2026,2026-08-13,,day,P,N,N,Regular Season,3,3,1,Final,Final,4,Rate Field,145,Chicago White Sox,CWS,8,False,113,Cincinnati Reds,CIN,9,True,680574,Matt McLain,Matthew,McLain,9,1999-08-06,27,"5' 8""",180,4,Second Base,R,Right,R,Right,0-5 | 2 K,,5,0,0,0,0,0,0,2,0,0,0,0,5,0,,,,,,,,,,
2026-08-13,824561,,/api/v1.1/game/824561/feed/live,R,2026,2026-08-13,,day,P,N,N,Regular Season,3,3,1,Final,Final,4,Rate Field,145,Chicago White Sox,CWS,8,False,113,Cincinnati Reds,CIN,9,True,663647,Ke'Bryan Hayes,Ke'Bryan,Hayes,3,1997-01-28,29,"5' 11""",215,5,Third Base,R,Right,R,Right,1-4 | R,,4,1,0,0,0,0,1,0,0,0,0,0,4,1,,,,,,,,,,
2026-08-13,824561,,/api/v1.1/game/824561/feed/live,R,2026,2026-08-13,,day,P,N,N,Regular Season,3,3,1,Final,Final,4,Rate Field,145,Chicago White Sox,CWS,8,False,113,Cincinnati Reds,CIN,9,True,670770,TJ Friedl,Terry,Friedl,29,1995-08-14,31,"5' 8""",180,8,Outfielder,L,Left,L,Left,0-0,,0,0,0,0,0,0,0,0,0,0,0,0,0,0,,,,,,,,,,
2026-08-13,824561,,/api/v1.1/game/824561/feed/live,R,2026,2026-08-13,,day,P,N,N,Regular Season,3,3,1,Final,Final,4,Rate Field,145,Chicago White Sox,CWS,8,False,113,Cincinnati Reds,CIN,9,True,695076,Rhett Lowder,Rhett,Lowder,25,2002-03-08,24,"6' 1""",200,1,Pitcher,R,Right,R,Right,,,,,,,,,,,,,,,,,,,,,,,,,,
2026-08-13,824561,,/api/v1.1/game/824561/feed/live,R,2026,2026-08-13,,day,P,N,N,Regular Season,3,3,1,Final,Final,4,Rate Field,145,Chicago White Sox,CWS,8,False,113,Cincinnati Reds,CIN,9,True,624431,Jose Trevino,Jose,Trevino,35,1992-11-28,33,"5' 9""",215,2,Catcher,R,Right,R,Right,,,,,,,,,,,,,,,,,,,,,,,,,,
2026-08-13,824561,,/api/v1.1/game/824561/feed/live,R,2026,2026-08-13,,day,P,N,N,Regular Season,3,3,1,Final,Final,4,Rate Field,145,Chicago White Sox,CWS,8,False,113,Cincinnati Reds,CIN,9,True,663886,Tyler Stephenson,Tyler,Stephenson,37,1996-08-16,29,"6' 3""",225,2,Catcher,R,Right,R,Right,"2-3 | HR, BB, HBP",,3,2,0,0,1,3,2,0,1,0,0,0,5,5,,,,,,,,,,
2026-08-13,824561,,/api/v1.1/game/824561/feed/live,R,2026,2026-08-13,,day,P,N,N,Regular Season,3,3,1,Final,Final,4,Rate Field,145,Chicago White Sox,CWS,8,False,113,Cincinnati Reds,CIN,9,True,553993,Eugenio Suárez,Eugenio,Suárez,28,1991-07-18,35,"5' 11""",213,10,Designated Hitter,R,Right,R,Right,"1-3 | HR, HBP, 4 RBI",,3,1,0,0,1,4,1,0,0,0,0,0,5,4,,,,,,,,,,
2026-08-13,824561,,/api/v1.1/game/824561/feed/live,R,2026,2026-08-13,,day,P,N,N,Regular Season,3,3,1,Final,Final,4,Rate Field,145,Chicago White Sox,CWS,8,False,113,Cincinnati Reds,CIN,9,True,666157,Nick Lodolo,Nicholas,Lodolo,40,1998-02-05,28,"6' 6""",216,1,Pitcher,L,Left,L,Left,,,,,,,,,,,,,,,,,,,,,,,,,,
2026-08-13,824561,,/api/v1.1/game/824561/feed/live,R,2026,2026-08-13,,day,P,N,N,Regular Season,3,3,1,Final,Final,4,Rate Field,145,Chicago White Sox,CWS,8,False,113,Cincinnati Reds,CIN,9,True,594580,Sam Moll,Samuel,Moll,50,1992-01-03,34,"5' 9""",190,1,Pitcher,L,Left,L,Left,"0.2 IP, 2 ER, K, BB",,,,,,,,,,,,,,,,0.2,2,3,0,1,1,26,0,0,0
2026-08-13,824561,,/api/v1.1/game/824561/feed/live,R,2026,2026-08-13,,day,P,N,N,Regular Season,3,3,1,Final,Final,4,Rate Field,145,Chicago White Sox,CWS,8,False,113,Cincinnati Reds,CIN,9,True,676760,Ron Marinaccio,Ronald,Marinaccio,97,1995-07-01,31,"6' 2""",205,1,Pitcher,R,Right,R,Right,,,,,,,,,,,,,,,,,,,,,,,,,,
2026-08-13,824561,,/api/v1.1/game/824561/feed/live,R,2026,2026-08-13,,day,P,N,N,Regular Season,3,3,1,Final,Final,4,Rate Field,145,Chicago White Sox,CWS,8,False,113,Cincinnati Reds,CIN,9,True,668709,JJ Bleday,Jeffrey,Bleday,22,1997-11-10,28,"6' 2""",205,7,Outfielder,L,Left,L,Left,0-4 | BB,,4,0,0,0,0,0,0,0,1,0,0,0,5,0,,,,,,,,,,
2026-08-13,824561,,/api/v1.1/game/824561/feed/live,R,2026,2026-08-13,,day,P,N,N,Regular Season,3,3,1,Final,Final,4,Rate Field,145,Chicago White Sox,CWS,8,False,113,Cincinnati Reds,CIN,9,True,656271,Brock Burke,Brock,Burke,49,1996-08-04,30,"6' 4""",210,1,Pitcher,L,Left,L,Left,"0.2 IP, 0 ER, K, 0 BB",,,,,,,,,,,,,,,,0.2,0,1,0,1,0,12,0,0,0
2026-08-13,824561,,/api/v1.1/game/824561/feed/live,R,2026,2026-08-13,,day,P,N,N,Regular Season,3,3,1,Final,Final,4,Rate Field,145,Chicago White Sox,CWS,8,False,113,Cincinnati Reds,CIN,9,True,670062,Julian Garcia,Julian,Garcia,57,1995-05-13,31,"6' 3""",206,1,Pitcher,L,Left,R,Right,"1.0 IP, ER, K, BB",,,,,,,,,,,,,,,,1.0,1,1,0,1,1,23,0,0,1
2026-08-13,824561,,/api/v1.1/game/824561/feed/live,R,2026,2026-08-13,,day,P,N,N,Regular Season,3,3,1,Final,Final,4,Rate Field,145,Chicago White Sox,CWS,8,False,113,Cincinnati Reds,CIN,9,True,671096,Andrew Abbott,Andrew,Abbott,41,1999-06-01,27,"6' 0""",192,1,Pitcher,L,Left,L,Left,"4.1 IP, 5 ER, 3 K, 3 BB",,,,,,,,,,,,,,,,4.1,5,7,0,3,3,93,0,0,0
2026-08-13,824561,,/api/v1.1/game/824561/feed/live,R,2026,2026-08-13,,day,P,N,N,Regular Season,3,3,1,Final,Final,4,Rate Field,145,Chicago White Sox,CWS,8,False,113,Cincinnati Reds,CIN,9,True,699302,Héctor Rodríguez,Héctor,Rodríguez,43,2004-03-11,22,"5' 10""",200,9,Outfielder,L,Left,R,Right,0-5,,5,0,0,0,0,0,0,0,0,0,0,0,5,0,,,,,,,,,,
2026-08-13,824561,,/api/v1.1/game/824561/feed/live,R,2026,2026-08-13,,day,P,N,N,Regular Season,3,3,1,Final,Final,4,Rate Field,145,Chicago White Sox,CWS,8,False,113,Cincinnati Reds,CIN,9,True,695505,Chase Burns,Chase,Burns,26,2003-01-16,23,"6' 3""",210,1,Pitcher,R,Right,R,Right,,,,,,,,,,,,,,,,,,,,,,,,,,
2026-08-13,823829,,/api/v1.1/game/823829/feed/live,R,2026,2026-08-13,,day,P,N,N,Regular Season,3,3,1,Final,Final,4169,loanDepot park,146,Miami Marlins,MIA,1,False,134,Pittsburgh Pirates,PIT,13,True,694795,Josh Ekness,Joshua,Ekness,95,2002-02-07,24,"6' 4""",225,1,Pitcher,R,Right,R,Right,,,,,,,,,,,,,,,,,,,,,,,,,,
2026-08-13,823829,,/api/v1.1/game/823829/feed/live,R,2026,2026-08-13,,day,P,N,N,Regular Season,3,3,1,Final,Final,4169,loanDepot park,146,Miami Marlins,MIA,1,False,134,Pittsburgh Pirates,PIT,13,True,676604,Tyler Zuber,Tyler,Zuber,55,1995-06-16,31,"5' 11""",195,1,Pitcher,R,Right,R,Right,,,,,,,,,,,,,,,,,,,,,,,,,,
2026-08-13,823829,,/api/v1.1/game/823829/feed/live,R,2026,2026-08-13,,day,P,N,N,Regular Season,3,3,1,Final,Final,4169,loanDepot park,146,Miami Marlins,MIA,1,False,134,Pittsburgh Pirates,PIT,13,True,665052,Griffin Conine,Griffin,Conine,18,1997-07-11,29,"6' 1""",210,9,Outfielder,L,Left,R,Right,1-2 | K,,2,1,0,0,0,0,0,1,0,0,0,0,2,1,,,,,,,,,,
2026-08-13,823829,,/api/v1.1/game/823829/feed/live,R,2026,2026-08-13,,day,P,N,N,Regular Season,3,3,1,Final,Final,4169,loanDepot park,146,Miami Marlins,MIA,1,False,134,Pittsburgh Pirates,PIT,13,True,664126,Pete Fairbanks,Peter,Fairbanks,29,1993-12-16,32,"6' 6""",235,1,Pitcher,R,Right,R,Right,,,,,,,,,,,,,,,,,,,,,,,,,,
2026-08-13,823829,,/api/v1.1/game/823829/feed/live,R,2026,2026-08-13,,day,P,N,N,Regular Season,3,3,1,Final,Final,4169,loanDepot park,146,Miami Marlins,MIA,1,False,134,Pittsburgh Pirates,PIT,13,True,681715,Heriberto Hernández,Heriberto,Hernandez,13,1999-12-16,26,"5' 11""",195,7,Outfielder,R,Right,R,Right,,,,,,,,,,,,,,,,,,,,,,,,,,
2026-08-13,823829,,/api/v1.1/game/823829/feed/live,R,2026,2026-08-13,,day,P,N,N,Regular Season,3,3,1,Final,Final,4169,loanDepot park,146,Miami Marlins,MIA,1,False,134,Pittsburgh Pirates,PIT,13,True,645261,Sandy Alcantara,Sandy,Alcantara,22,1995-09-07,30,"6' 5""",200,1,Pitcher,R,Right,R,Right,,,,,,,,,,,,,,,,,,,,,,,,,,
2026-08-13,823829,,/api/v1.1/game/823829/feed/live,R,2026,2026-08-13,,day,P,N,N,Regular Season,3,3,1,Final,Final,4169,loanDepot park,146,Miami Marlins,MIA,1,False,134,Pittsburgh Pirates,PIT,13,True,680767,Victor Vodnik,Victor,Vodnik,38,1999-10-09,26,"6' 0""",216,1,Pitcher,R,Right,R,Right,,,,,,,,,,,,,,,,,,,,,,,,,,
2026-08-13,823829,,/api/v1.1/game/823829/feed/live,R,2026,2026-08-13,,day,P,N,N,Regular Season,3,3,1,Final,Final,4169,loanDepot park,146,Miami Marlins,MIA,1,False,134,Pittsburgh Pirates,PIT,13,True,663969,Tyler Phillips,Tyler,Phillips,30,1997-10-27,28,"6' 5""",225,1,Pitcher,R,Right,R,Right,"5.1 IP, 4 ER, 6 K, BB",,,,,,,,,,,,,,,,5.1,4,6,1,6,1,92,0,1,0
2026-08-13,823829,,/api/v1.1/game/823829/feed/live,R,2026,2026-08-13,,day,P,N,N,Regular Season,3,3,1,Final,Final,4169,loanDepot park,146,Miami Marlins,MIA,1,False,134,Pittsburgh Pirates,PIT,13,True,665923,Esteury Ruiz,Esteury,Ruiz,3,1999-02-15,27,"5' 11""",169,9,Outfielder,R,Right,R,Right,"0-3 | K, CS",,3,0,0,0,0,0,0,1,0,0,1,0,3,0,,,,,,,,,,
2026-08-13,823829,,/api/v1.1/game/823829/feed/live,R,2026,2026-08-13,,day,P,N,N,Regular Season,3,3,1,Final,Final,4169,loanDepot park,146,Miami Marlins,MIA,1,False,134,Pittsburgh Pirates,PIT,13,True,805300,Jakob Marsee,Jakob,Marsee,87,2001-06-28,25,"6' 0""",180,8,Outfielder,L,Left,L,Left,1-4 | K,,4,1,0,0,0,0,0,1,0,0,0,0,4,1,,,,,,,,,,
2026-08-13,823829,,/api/v1.1/game/823829/feed/live,R,2026,2026-08-13,,day,P,N,N,Regular Season,3,3,1,Final,Final,4169,loanDepot park,146,Miami Marlins,MIA,1,False,134,Pittsburgh Pirates,PIT,13,True,676534,Calvin Faucher,Calvin,Faucher,53,1995-09-22,30,"6' 1""",190,1,Pitcher,R,Right,R,Right,,,,,,,,,,,,,,,,,,,,,,,,,,
2026-08-13,823829,,/api/v1.1/game/823829/feed/live,R,2026,2026-08-13,,day,P,N,N,Regular Season,3,3,1,Final,Final,4169,loanDepot park,146,Miami Marlins,MIA,1,False,134,Pittsburgh Pirates,PIT,13,True,691594,Javier Sanoja,Javier,Sanoja,8,2002-09-03,23,"5' 7""",150,5,Third Base,R,Right,R,Right,0-3,,3,0,0,0,0,0,0,0,0,0,0,0,3,0,1.1,5,7,2,0,0,29,0,0,0
2026-08-13,823829,,/api/v1.1/game/823829/feed/live,R,2026,2026-08-13,,day,P,N,N,Regular Season,3,3,1,Final,Final,4169,loanDepot park,146,Miami Marlins,MIA,1,False,134,Pittsburgh Pirates,PIT,13,True,667463,John King,John,King,47,1994-09-14,31,"6' 2""",215,1,Pitcher,L,Left,L,Left,"0.2 IP, 3 ER, 0 K, BB",,,,,,,,,,,,,,,,0.2,3,2,1,0,1,21,0,0,0
2026-08-13,823829,,/api/v1.1/game/823829/feed/live,R,2026,2026-08-13,,day,P,N,N,Regular Season,3,3,1,Final,Final,4169,loanDepot park,146,Miami Marlins,MIA,1,False,134,Pittsburgh Pirates,PIT,13,True,806188,Cade Gibson,Cade,Gibson,58,1998-02-18,28,"6' 2""",195,1,Pitcher,L,Left,L,Left,"1.2 IP, ER, 3 K, 2 BB",,,,,,,,,,,,,,,,1.2,1,1,0,3,2,37,0,0,0
2026-08-13,823829,,/api/v1.1/game/823829/feed/live,R,2026,2026-08-13,,day,P,N,N,Regular Season,3,3,1,Final,Final,4169,loanDepot park,146,Miami Marlins,MIA,1,False,134,Pittsburgh Pirates,PIT,13,True,687473,Ryan Gusto,Ryan,Gusto,65,1999-03-11,27,"6' 4""",232,1,Pitcher,R,Right,R,Right,,,,,,,,,,,,,,,,,,,,,,,,,,
2026-08-13,823829,,/api/v1.1/game/823829/feed/live,R,2026,2026-08-13,,day,P,N,N,Regular Season,3,3,1,Final,Final,4169,loanDepot park,146,Miami Marlins,MIA,1,False,134,Pittsburgh Pirates,PIT,13,True,669364,Xavier Edwards,Xavier,Edwards,9,1999-08-09,27,"5' 9""",175,4,Second Base,S,Switch,R,Right,0-2 | BB,,2,0,0,0,0,0,0,0,1,0,0,1,3,0,,,,,,,,,,
2026-08-13,823829,,/api/v1.1/game/823829/feed/live,R,2026,2026-08-13,,day,P,N,N,Regular Season,3,3,1,Final,Final,4169,loanDepot park,146,Miami Marlins,MIA,1,False,134,Pittsburgh Pirates,PIT,13,True,688363,Graham Pauley,Graham,Pauley,21,2000-09-24,25,"6' 1""",200,5,Third Base,L,Left,R,Right,0-1 | K,,1,0,0,0,0,0,0,1,0,0,0,0,1,0,,,,,,,,,,
2026-08-13,823829,,/api/v1.1/game/823829/feed/live,R,2026,2026-08-13,,day,P,N,N,Regular Season,3,3,1,Final,Final,4169,loanDepot park,146,Miami Marlins,MIA,1,False,134,Pittsburgh Pirates,PIT,13,True,656848,Michael Petersen,Michael,Petersen,49,1994-05-16,32,"6' 7""",195,1,Pitcher,R,Right,R,Right,,,,,,,,,,,,,,,,,,,,,,,,,,
2026-08-13,823829,,/api/v1.1/game/823829/feed/live,R,2026,2026-08-13,,day,P,N,N,Regular Season,3,3,1,Final,Final,4169,loanDepot park,146,Miami Marlins,MIA,1,False,134,Pittsburgh Pirates,PIT,13,True,683357,Owen Caissie,Owen,Caissie,17,2002-07-08,24,"6' 4""",190,9,Outfielder,L,Left,R,Right,"1-3 | HR, 2 K, RBI",,3,1,0,0,1,1,1,2,0,0,0,0,3,4,,,,,,,,,,
2026-08-13,823829,,/api/v1.1/game/823829/feed/live,R,2026,2026-08-13,,day,P,N,N,Regular Season,3,3,1,Final,Final,4169,loanDepot park,146,Miami Marlins,MIA,1,False,134,Pittsburgh Pirates,PIT,13,True,682663,Agustín Ramírez,Agustín,Ramírez,50,2001-09-10,24,"6' 1""",210,2,Catcher,R,Right,R,Right,0-3 | K,,3,0,0,0,0,0,0,1,0,0,0,1,3,0,,,,,,,,,,
2026-08-13,823829,,/api/v1.1/game/823829/feed/live,R,2026,2026-08-13,,day,P,N,N,Regular Season,3,3,1,Final,Final,4169,loanDepot park,146,Miami Marlins,MIA,1,False,134,Pittsburgh Pirates,PIT,13,True,677870,Leo Jiménez,Leonardo,Jimenez,19,2001-05-17,25,"5' 10""",215,5,Third Base,R,Right,R,Right,0-3 | 2 K,,3,0,0,0,0,0,0,2,0,0,0,0,3,0,,,,,,,,,,
2026-08-13,823829,,/api/v1.1/game/823829/feed/live,R,2026,2026-08-13,,day,P,N,N,Regular Season,3,3,1,Final,Final,4169,loanDepot park,146,Miami Marlins,MIA,1,False,134,Pittsburgh Pirates,PIT,13,True,676083,Janson Junk,Janson,Junk,26,1996-01-15,30,"6' 2""",197,1,Pitcher,R,Right,R,Right,,,,,,,,,,,,,,,,,,,,,,,,,,
2026-08-13,823829,,/api/v1.1/game/823829/feed/live,R,2026,2026-08-13,,day,P,N,N,Regular Season,3,3,1,Final,Final,4169,loanDepot park,146,Miami Marlins,MIA,1,False,134,Pittsburgh Pirates,PIT,13,True,640459,Brian Navarreto,Brian,Navarreto,64,1994-12-29,31,"6' 1""",233,2,Catcher,R,Right,R,Right,,,,,,,,,,,,,,,,,,,,,,,,,,
2026-08-13,823829,,/api/v1.1/game/823829/feed/live,R,2026,2026-08-13,,day,P,N,N,Regular Season,3,3,1,Final,Final,4169,loanDepot park,146,Miami Marlins,MIA,1,False,134,Pittsburgh Pirates,PIT,13,True,691788,Joe Mack,Joseph,Mack,80,2002-12-27,23,"6' 0""",210,2,Catcher,L,Left,R,Right,,,,,,,,,,,,,,,,,,,,,,,,,,
2026-08-13,823829,,/api/v1.1/game/823829/feed/live,R,2026,2026-08-13,,day,P,N,N,Regular Season,3,3,1,Final,Final,4169,loanDepot park,146,Miami Marlins,MIA,1,False,134,Pittsburgh Pirates,PIT,13,True,691587,Eury Pérez,Eury,Pérez,39,2003-04-15,23,"6' 8""",220,1,Pitcher,R,Right,R,Right,,,,,,,,,,,,,,,,,,,,,,,,,,
2026-08-13,823829,,/api/v1.1/game/823829/feed/live,R,2026,2026-08-13,,day,P,N,N,Regular Season,3,3,1,Final,Final,4169,loanDepot park,146,Miami Marlins,MIA,1,False,134,Pittsburgh Pirates,PIT,13,True,672640,Otto Lopez,Otto,Lopez,6,1998-10-01,27,"5' 10""",185,6,Shortstop,R,Right,R,Right,0-3 | K,,3,0,0,0,0,0,0,1,0,0,0,1,3,0,,,,,,,,,,
2026-08-13,823829,,/api/v1.1/game/823829/feed/live,R,2026,2026-08-13,,day,P,N,N,Regular Season,3,3,1,Final,Final,4169,loanDepot park,146,Miami Marlins,MIA,1,False,134,Pittsburgh Pirates,PIT,13,True,694378,Jacob Gonzalez,Jacob,Gonzalez,26,2002-05-30,24,"6' 2""",205,6,Shortstop,L,Left,R,Right,"1-4 | HR, BB, 2 RBI",,4,1,0,0,1,2,2,0,1,0,0,0,5,4,,,,,,,,,,
2026-08-13,823829,,/api/v1.1/game/823829/feed/live,R,2026,2026-08-13,,day,P,N,N,Regular Season,3,3,1,Final,Final,4169,loanDepot park,146,Miami Marlins,MIA,1,False,134,Pittsburgh Pirates,PIT,13,True,694973,Paul Skenes,Paul,Skenes,30,2002-05-29,24,"6' 6""",260,1,Pitcher,R,Right,R,Right,,,,,,,,,,,,,,,,,,,,,,,,,,
2026-08-13,823829,,/api/v1.1/game/823829/feed/live,R,2026,2026-08-13,,day,P,N,N,Regular Season,3,3,1,Final,Final,4169,loanDepot park,146,Miami Marlins,MIA,1,False,134,Pittsburgh Pirates,PIT,13,True,687462,Spencer Horwitz,Spencer,Horwitz,2,1997-11-14,28,"5' 10""",204,3,First Base,L,Left,R,Right,2-6 | K,,6,2,0,0,0,0,0,1,0,0,0,0,6,2,,,,,,,,,,
2026-08-13,823829,,/api/v1.1/game/823829/feed/live,R,2026,2026-08-13,,day,P,N,N,Regular Season,3,3,1,Final,Final,4169,loanDepot park,146,Miami Marlins,MIA,1,False,134,Pittsburgh Pirates,PIT,13,True,669199,Lake Bachar,Lake,Bachar,71,1995-06-03,31,"6' 2""",219,1,Pitcher,R,Right,R,Right,,,,,,,,,,,,,,,,,,,,,,,,,,
2026-08-13,823829,,/api/v1.1/game/823829/feed/live,R,2026,2026-08-13,,day,P,N,N,Regular Season,3,3,1,Final,Final,4169,loanDepot park,146,Miami Marlins,MIA,1,False,134,Pittsburgh Pirates,PIT,13,True,682927,Ronny Simon,Ronny,Simon,63,2000-04-17,26,"5' 8""",196,4,Second Base,S,Switch,R,Right,,,,,,,,,,,,,,,,,,,,,,,,,,
2026-08-13,823829,,/api/v1.1/game/823829/feed/live,R,2026,2026-08-13,,day,P,N,N,Regular Season,3,3,1,Final,Final,4169,loanDepot park,146,Miami Marlins,MIA,1,False,134,Pittsburgh Pirates,PIT,13,True,664040,Brandon Lowe,Brandon,Lowe,5,1994-07-06,32,"5' 9""",181,4,Second Base,L,Left,R,Right,1-6 | 3 K,,6,1,0,0,0,0,0,3,0,0,0,0,6,1,,,,,,,,,,
2026-08-13,823829,,/api/v1.1/game/823829/feed/live,R,2026,2026-08-13,,day,P,N,N,Regular Season,3,3,1,Final,Final,4169,loanDepot park,146,Miami Marlins,MIA,1,False,134,Pittsburgh Pirates,PIT,13,True,668804,Bryan Reynolds,Bryan,Reynolds,10,1995-01-27,31,"6' 2""",210,7,Outfielder,S,Switch,R,Right,"0-4 | BB, K, SB",,4,0,0,0,0,0,0,1,1,1,0,0,5,0,,,,,,,,,,
2026-08-13,823829,,/api/v1.1/game/823829/feed/live,R,2026,2026-08-13,,day,P,N,N,Regular Season,3,3,1,Final,Final,4169,loanDepot park,146,Miami Marlins,MIA,1,False,134,Pittsburgh Pirates,PIT,13,True,683003,Jared Jones,Jared,Jones,17,2001-08-06,25,"6' 0""",211,1,Pitcher,L,Left,R,Right,,,,,,,,,,,,,,,,,,,,,,,,,,
2026-08-13,823829,,/api/v1.1/game/823829/feed/live,R,2026,2026-08-13,,day,P,N,N,Regular Season,3,3,1,Final,Final,4169,loanDepot park,146,Miami Marlins,MIA,1,False,134,Pittsburgh Pirates,PIT,13,True,642397,Gregory Soto,Gregory,Soto,31,1995-02-11,31,"6' 1""",247,1,Pitcher,L,Left,L,Left,,,,,,,,,,,,,,,,,,,,,,,,,,
2026-08-13,823829,,/api/v1.1/game/823829/feed/live,R,2026,2026-08-13,,day,P,N,N,Regular Season,3,3,1,Final,Final,4169,loanDepot park,146,Miami Marlins,MIA,1,False,134,Pittsburgh Pirates,PIT,13,True,596133,Luke Weaver,Luke,Weaver,18,1993-08-21,32,"6' 2""",180,1,Pitcher,R,Right,R,Right,,,,,,,,,,,,,,,,,,,,,,,,,,
2026-08-13,823829,,/api/v1.1/game/823829/feed/live,R,2026,2026-08-13,,day,P,N,N,Regular Season,3,3,1,Final,Final,4169,loanDepot park,146,Miami Marlins,MIA,1,False,134,Pittsburgh Pirates,PIT,13,True,682254,Mason Montgomery,Mason,Montgomery,46,2000-06-17,26,"6' 2""",205,1,Pitcher,L,Left,L,Left,,,,,,,,,,,,,,,,,,,,,,,,,,
2026-08-13,823829,,/api/v1.1/game/823829/feed/live,R,2026,2026-08-13,,day,P,N,N,Regular Season,3,3,1,Final,Final,4169,loanDepot park,146,Miami Marlins,MIA,1,False,134,Pittsburgh Pirates,PIT,13,True,699013,Esmerlyn Valdez,Esmerlyn,Valdez,55,2004-01-27,22,"6' 2""",234,9,Outfielder,R,Right,R,Right,"2-5 | K, 2 R",,5,2,0,0,0,0,2,1,0,0,0,0,5,2,,,,,,,,,,
2026-08-13,823829,,/api/v1.1/game/823829/feed/live,R,2026,2026-08-13,,day,P,N,N,Regular Season,3,3,1,Final,Final,4169,loanDepot park,146,Miami Marlins,MIA,1,False,134,Pittsburgh Pirates,PIT,13,True,669707,Jared Triolo,Jared,Triolo,19,1998-02-08,28,"6' 3""",212,6,Shortstop,R,Right,R,Right,"3-4 | HR, BB, K",,4,3,0,0,1,3,3,1,1,0,0,0,5,6,,,,,,,,,,
2026-08-13,823829,,/api/v1.1/game/823829/feed/live,R,2026,2026-08-13,,day,P,N,N,Regular Season,3,3,1,Final,Final,4169,loanDepot park,146,Miami Marlins,MIA,1,False,134,Pittsburgh Pirates,PIT,13,True,663968,Jake Mangum,Jake,Mangum,28,1996-03-08,30,"5' 11""",191,8,Outfielder,S,Switch,L,Left,"3-4 | 3B, 2B, HBP",,4,3,1,1,0,1,3,0,0,0,0,0,5,6,,,,,,,,,,
2026-08-13,823829,,/api/v1.1/game/823829/feed/live,R,2026,2026-08-13,,day,P,N,N,Regular Season,3,3,1,Final,Final,4169,loanDepot park,146,Miami Marlins,MIA,1,False,134,Pittsburgh Pirates,PIT,13,True,670990,Yohan Ramírez,Yohan,Ramírez,49,1995-05-06,31,"6' 3""",205,1,Pitcher,R,Right,R,Right,,,,,,,,,,,,,,,,,,,,,,,,,,
2026-08-13,823829,,/api/v1.1/game/823829/feed/live,R,2026,2026-08-13,,day,P,N,N,Regular Season,3,3,1,Final,Final,4169,loanDepot park,146,Miami Marlins,MIA,1,False,134,Pittsburgh Pirates,PIT,13,True,676755,Isaac Mattson,Isaac,Mattson,72,1995-07-14,31,"6' 2""",214,1,Pitcher,R,Right,R,Right,,,,,,,,,,,,,,,,,,,,,,,,,,
2026-08-13,823829,,/api/v1.1/game/823829/feed/live,R,2026,2026-08-13,,day,P,N,N,Regular Season,3,3,1,Final,Final,4169,loanDepot park,146,Miami Marlins,MIA,1,False,134,Pittsburgh Pirates,PIT,13,True,691373,Jhostynxon Garcia,Jhostynxon,Garcia,34,2002-12-11,23,"6' 0""",224,9,Outfielder,R,Right,R,Right,0-1,,1,0,0,0,0,0,0,0,0,0,0,0,1,0,,,,,,,,,,
2026-08-13,823829,,/api/v1.1/game/823829/feed/live,R,2026,2026-08-13,,day,P,N,N,Regular Season,3,3,1,Final,Final,4169,loanDepot park,146,Miami Marlins,MIA,1,False,134,Pittsburgh Pirates,PIT,13,True,696149,Bubba Chandler,Roy,Chandler,36,2002-09-14,23,"6' 3""",206,1,Pitcher,S,Switch,R,Right,,,,,,,,,,,,,,,,,,,,,,,,,,
2026-08-13,823829,,/api/v1.1/game/823829/feed/live,R,2026,2026-08-13,,day,P,N,N,Regular Season,3,3,1,Final,Final,4169,loanDepot park,146,Miami Marlins,MIA,1,False,134,Pittsburgh Pirates,PIT,13,True,669387,Carmen Mlodzinski,Carmen,Mlodzinski,50,1999-02-19,27,"6' 2""",210,1,Pitcher,R,Right,R,Right,,,,,,,,,,,,,,,,,,,,,,,,,,
2026-08-13,823829,,/api/v1.1/game/823829/feed/live,R,2026,2026-08-13,,day,P,N,N,Regular Season,3,3,1,Final,Final,4169,loanDepot park,146,Miami Marlins,MIA,1,False,134,Pittsburgh Pirates,PIT,13,True,687394,Jack Brannigan,Jack,Brannigan,76,2001-03-11,25,"6' 0""",201,6,Shortstop,R,Right,R,Right,0-0,,0,0,0,0,0,0,0,0,0,0,0,0,0,0,,,,,,,,,,
2026-08-13,823829,,/api/v1.1/game/823829/feed/live,R,2026,2026-08-13,,day,P,N,N,Regular Season,3,3,1,Final,Final,4169,loanDepot park,146,Miami Marlins,MIA,1,False,134,Pittsburgh Pirates,PIT,13,True,680779,Henry Davis,Henry,Davis,32,1999-09-21,26,"5' 11""",225,2,Catcher,R,Right,R,Right,,,,,,,,,,,,,,,,,,,,,,,,,,
2026-08-13,823829,,/api/v1.1/game/823829/feed/live,R,2026,2026-08-13,,day,P,N,N,Regular Season,3,3,1,Final,Final,4169,loanDepot park,146,Miami Marlins,MIA,1,False,134,Pittsburgh Pirates,PIT,13,True,666808,Camilo Doval,Camilo,Doval,75,1997-07-04,29,"6' 2""",205,1,Pitcher,R,Right,R,Right,,,,,,,,,,,,,,,,,,,,,,,,,,
2026-08-13,823829,,/api/v1.1/game/823829/feed/live,R,2026,2026-08-13,,day,P,N,N,Regular Season,3,3,1,Final,Final,4169,loanDepot park,146,Miami Marlins,MIA,1,False,134,Pittsburgh Pirates,PIT,13,True,489446,Kirby Yates,Kirby,Yates,54,1987-03-25,39,"5' 10""",205,1,Pitcher,L,Left,R,Right,,,,,,,,,,,,,,,,,,,,,,,,,,
2026-08-13,823829,,/api/v1.1/game/823829/feed/live,R,2026,2026-08-13,,day,P,N,N,Regular Season,3,3,1,Final,Final,4169,loanDepot park,146,Miami Marlins,MIA,1,False,134,Pittsburgh Pirates,PIT,13,True,693304,Nick Gonzales,Nicholas,Gonzales,3,1999-05-27,27,"5' 8""",193,5,Third Base,R,Right,R,Right,"2-4 | BB, R",,4,2,0,0,0,0,1,0,1,0,0,0,5,2,,,,,,,,,,
2026-08-13,823829,,/api/v1.1/game/823829/feed/live,R,2026,2026-08-13,,day,P,N,N,Regular Season,3,3,1,Final,Final,4169,loanDepot park,146,Miami Marlins,MIA,1,False,134,Pittsburgh Pirates,PIT,13,True,804668,Rafael Flores Jr.,Rafael,Flores,43,2000-11-07,25,"6' 3""",232,2,Catcher,R,Right,R,Right,"2-5 | 2 HR, 2 K, 6 RBI",,5,2,0,0,2,6,2,2,0,0,0,0,5,8,,,,,,,,,,
2026-08-13,823829,,/api/v1.1/game/823829/feed/live,R,2026,2026-08-13,,day,P,N,N,Regular Season,3,3,1,Final,Final,4169,loanDepot park,146,Miami Marlins,MIA,1,False,134,Pittsburgh Pirates,PIT,13,True,677952,Braxton Ashcraft,Braxton,Ashcraft,35,1999-10-05,26,"6' 5""",218,1,Pitcher,L,Left,R,Right,"9.0 IP, ER, 10 K, BB",,,,,,,,,,,,,,,,9.0,1,3,1,10,1,85,1,0,0
2026-08-13,823508,,/api/v1.1/game/823508/feed/live,R,2026,2026-08-13,,day,P,N,N,Regular Season,3,3,1,Final,Final,3313,Yankee Stadium,147,New York Yankees,NYY,0,False,136,Seattle Mariners,SEA,1,True,621112,Paul Blackburn,Paul,Blackburn,58,1993-12-04,32,"6' 1""",196,1,Pitcher,R,Right,R,Right,,,,,,,,,,,,,,,,,,,,,,,,,,
2026-08-13,823508,,/api/v1.1/game/823508/feed/live,R,2026,2026-08-13,,day,P,N,N,Regular Season,3,3,1,Final,Final,3313,Yankee Stadium,147,New York Yankees,NYY,0,False,136,Seattle Mariners,SEA,1,True,645305,Ali Sánchez,Ali,Sánchez,39,1997-01-20,29,"6' 0""",200,2,Catcher,R,Right,R,Right,1-2,,2,1,0,0,0,0,0,0,0,0,0,0,2,1,,,,,,,,,,
2026-08-13,823508,,/api/v1.1/game/823508/feed/live,R,2026,2026-08-13,,day,P,N,N,Regular Season,3,3,1,Final,Final,3313,Yankee Stadium,147,New York Yankees,NYY,0,False,136,Seattle Mariners,SEA,1,True,671218,Heliot Ramos,Heliot,Ramos,34,1999-09-07,26,"5' 11""",235,7,Outfielder,R,Right,R,Right,0-1,,1,0,0,0,0,0,0,0,0,0,0,0,1,0,,,,,,,,,,
2026-08-13,823508,,/api/v1.1/game/823508/feed/live,R,2026,2026-08-13,,day,P,N,N,Regular Season,3,3,1,Final,Final,3313,Yankee Stadium,147,New York Yankees,NYY,0,False,136,Seattle Mariners,SEA,1,True,676609,José Caballero,José,Caballero,72,1996-08-30,29,"5' 9""",190,6,Shortstop,R,Right,R,Right,"0-2 | BB, SB, CS",,2,0,0,0,0,0,0,0,1,1,1,0,3,0,,,,,,,,,,
2026-08-13,823508,,/api/v1.1/game/823508/feed/live,R,2026,2026-08-13,,day,P,N,N,Regular Season,3,3,1,Final,Final,3313,Yankee Stadium,147,New York Yankees,NYY,0,False,136,Seattle Mariners,SEA,1,True,682987,Spencer Jones,Spencer,Jones,78,2001-05-14,25,"6' 7""",240,8,Outfielder,L,Left,L,Left,0-3 | 2 K,,3,0,0,0,0,0,0,2,0,0,0,0,3,0,,,,,,,,,,
2026-08-13,823508,,/api/v1.1/game/823508/feed/live,R,2026,2026-08-13,,day,P,N,N,Regular Season,3,3,1,Final,Final,3313,Yankee Stadium,147,New York Yankees,NYY,0,False,136,Seattle Mariners,SEA,1,True,642232,Ryan Yarbrough,Ryan,Yarbrough,33,1991-12-31,34,"6' 5""",205,1,Pitcher,R,Right,L,Left,"1.1 IP, 0 ER, 2 K, BB",,,,,,,,,,,,,,,,1.1,0,0,0,2,1,28,0,0,0
2026-08-13,823508,,/api/v1.1/game/823508/feed/live,R,2026,2026-08-13,,day,P,N,N,Regular Season,3,3,1,Final,Final,3313,Yankee Stadium,147,New York Yankees,NYY,0,False,136,Seattle Mariners,SEA,1,True,642708,Amed Rosario,German,Rosario,14,1995-11-20,30,"6' 1""",227,5,Third Base,R,Right,R,Right,0-1 | K,,1,0,0,0,0,0,0,1,0,0,0,0,1,0,,,,,,,,,,
2026-08-13,823508,,/api/v1.1/game/823508/feed/live,R,2026,2026-08-13,,day,P,N,N,Regular Season,3,3,1,Final,Final,3313,Yankee Stadium,147,New York Yankees,NYY,0,False,136,Seattle Mariners,SEA,1,True,641857,Ryan McMahon,Ryan,McMahon,19,1994-12-14,31,"6' 2""",211,5,Third Base,L,Left,R,Right,0-2 | BB,,2,0,0,0,0,0,0,0,1,0,0,0,3,0,,,,,,,,,,
2026-08-13,823508,,/api/v1.1/game/823508/feed/live,R,2026,2026-08-13,,day,P,N,N,Regular Season,3,3,1,Final,Final,3313,Yankee Stadium,147,New York Yankees,NYY,0,False,136,Seattle Mariners,SEA,1,True,677960,Ryan Weathers,Ryan,Weathers,40,1999-12-17,26,"6' 1""",230,1,Pitcher,R,Right,L,Left,,,,,,,,,,,,,,,,,,,,,,,,,,
2026-08-13,823508,,/api/v1.1/game/823508/feed/live,R,2026,2026-08-13,,day,P,N,N,Regular Season,3,3,1,Final,Final,3313,Yankee Stadium,147,New York Yankees,NYY,0,False,136,Seattle Mariners,SEA,1,True,657612,Tim Hill,Timothy,Hill,41,1990-02-10,36,"6' 4""",210,1,Pitcher,R,Right,L,Left,,,,,,,,,,,,,,,,,,,,,,,,,,
2026-08-13,823508,,/api/v1.1/game/823508/feed/live,R,2026,2026-08-13,,day,P,N,N,Regular Season,3,3,1,Final,Final,3313,Yankee Stadium,147,New York Yankees,NYY,0,False,136,Seattle Mariners,SEA,1,True,502671,Paul Goldschmidt,Paul,Goldschmidt,48,1987-09-10,38,"6' 2""",225,3,First Base,R,Right,R,Right,,,,,,,,,,,,,,,,,,,,,,,,,,
2026-08-13,823508,,/api/v1.1/game/823508/feed/live,R,2026,2026-08-13,,day,P,N,N,Regular Season,3,3,1,Final,Final,3313,Yankee Stadium,147,New York Yankees,NYY,0,False,136,Seattle Mariners,SEA,1,True,669224,Austin Wells,Austin,Wells,28,1999-07-12,27,"6' 1""",220,2,Catcher,L,Left,R,Right,0-0,,0,0,0,0,0,0,0,0,0,0,0,0,0,0,,,,,,,,,,
2026-08-13,823508,,/api/v1.1/game/823508/feed/live,R,2026,2026-08-13,,day,P,N,N,Regular Season,3,3,1,Final,Final,3313,Yankee Stadium,147,New York Yankees,NYY,0,False,136,Seattle Mariners,SEA,1,True,700250,Ben Rice,Benjamin,Rice,22,1999-02-22,27,"6' 2""",228,3,First Base,L,Left,R,Right,"0-3 | BB, K",,3,0,0,0,0,0,0,1,1,0,0,0,4,0,,,,,,,,,,
2026-08-13,823508,,/api/v1.1/game/823508/feed/live,R,2026,2026-08-13,,day,P,N,N,Regular Season,3,3,1,Final,Final,3313,Yankee Stadium,147,New York Yankees,NYY,0,False,136,Seattle Mariners,SEA,1,True,690440,Bradley Hanner,Bradley,Hanner,93,1999-02-10,27,"6' 4""",210,1,Pitcher,R,Right,R,Right,,,,,,,,,,,,,,,,,,,,,,,,,,
2026-08-13,823508,,/api/v1.1/game/823508/feed/live,R,2026,2026-08-13,,day,P,N,N,Regular Season,3,3,1,Final,Final,3313,Yankee Stadium,147,New York Yankees,NYY,0,False,136,Seattle Mariners,SEA,1,True,687396,Brent Headrick,Brent,Headrick,47,1997-12-17,28,"6' 6""",235,1,Pitcher,L,Left,L,Left,,,,,,,,,,,,,,,,,,,,,,,,,,
2026-08-13,823508,,/api/v1.1/game/823508/feed/live,R,2026,2026-08-13,,day,P,N,N,Regular Season,3,3,1,Final,Final,3313,Yankee Stadium,147,New York Yankees,NYY,0,False,136,Seattle Mariners,SEA,1,True,701542,Will Warren,William,Warren,29,1999-06-16,27,"6' 2""",200,1,Pitcher,R,Right,R,Right,,,,,,,,,,,,,,,,,,,,,,,,,,
2026-08-13,823508,,/api/v1.1/game/823508/feed/live,R,2026,2026-08-13,,day,P,N,N,Regular Season,3,3,1,Final,Final,3313,Yankee Stadium,147,New York Yankees,NYY,0,False,136,Seattle Mariners,SEA,1,True,518585,Fernando Cruz,Fernando,Cruz,63,1990-03-28,36,"6' 2""",237,1,Pitcher,R,Right,R,Right,"1.0 IP, 0 ER, K, 0 BB",,,,,,,,,,,,,,,,1.0,0,0,0,1,0,8,0,0,0
2026-08-13,823508,,/api/v1.1/game/823508/feed/live,R,2026,2026-08-13,,day,P,N,N,Regular Season,3,3,1,Final,Final,3313,Yankee Stadium,147,New York Yankees,NYY,0,False,136,Seattle Mariners,SEA,1,True,665862,Jazz Chisholm Jr.,Jasrado,Chisholm,13,1998-02-01,28,"5' 11""",184,4,Second Base,L,Left,R,Right,0-4 | 3 K,,4,0,0,0,0,0,0,3,0,0,0,0,4,0,,,,,,,,,,
2026-08-13,823508,,/api/v1.1/game/823508/feed/live,R,2026,2026-08-13,,day,P,N,N,Regular Season,3,3,1,Final,Final,3313,Yankee Stadium,147,New York Yankees,NYY,0,False,136,Seattle Mariners,SEA,1,True,608331,Max Fried,Max,Fried,54,1994-01-18,32,"6' 4""",190,1,Pitcher,L,Left,L,Left,"5.0 IP, ER, 4 K, 2 BB",,,,,,,,,,,,,,,,5.0,1,5,1,4,2,88,0,1,0
2026-08-13,823508,,/api/v1.1/game/823508/feed/live,R,2026,2026-08-13,,day,P,N,N,Regular Season,3,3,1,Final,Final,3313,Yankee Stadium,147,New York Yankees,NYY,0,False,136,Seattle Mariners,SEA,1,True,660787,Yerry De los Santos,Yerry,De los Santos,73,1997-12-12,28,"6' 3""",230,1,Pitcher,R,Right,R,Right,"1.2 IP, 0 ER, 3 K, 0 BB",,,,,,,,,,,,,,,,1.2,0,0,0,3,0,21,0,0,0
2026-08-13,823508,,/api/v1.1/game/823508/feed/live,R,2026,2026-08-13,,day,P,N,N,Regular Season,3,3,1,Final,Final,3313,Yankee Stadium,147,New York Yankees,NYY,0,False,136,Seattle Mariners,SEA,1,True,663757,Trent Grisham,Trenton,Grisham,12,1996-11-01,29,"5' 10""",221,8,Outfielder,L,Left,L,Left,1-4 | K,,4,1,0,0,0,0,0,1,0,0,0,0,4,1,,,,,,,,,,
2026-08-13,823508,,/api/v1.1/game/823508/feed/live,R,2026,2026-08-13,,day,P,N,N,Regular Season,3,3,1,Final,Final,3313,Yankee Stadium,147,New York Yankees,NYY,0,False,136,Seattle Mariners,SEA,1,True,670280,David Bednar,David,Bednar,53,1994-10-10,31,"6' 1""",250,1,Pitcher,L,Left,R,Right,,,,,,,,,,,,,,,,,,,,,,,,,,
2026-08-13,823508,,/api/v1.1/game/823508/feed/live,R,2026,2026-08-13,,day,P,N,N,Regular Season,3,3,1,Final,Final,3313,Yankee Stadium,147,New York Yankees,NYY,0,False,136,Seattle Mariners,SEA,1,True,543037,Gerrit Cole,Gerrit,Cole,45,1990-09-08,35,"6' 4""",220,1,Pitcher,R,Right,R,Right,,,,,,,,,,,,,,,,,,,,,,,,,,
2026-08-13,823508,,/api/v1.1/game/823508/feed/live,R,2026,2026-08-13,,day,P,N,N,Regular Season,3,3,1,Final,Final,3313,Yankee Stadium,147,New York Yankees,NYY,0,False,136,Seattle Mariners,SEA,1,True,806146,George Lombard Jr.,George,Lombard,96,2005-06-02,21,"6' 2""",190,6,Shortstop,R,Right,R,Right,0-4 | K,,4,0,0,0,0,0,0,1,0,0,0,0,4,0,,,,,,,,,,
2026-08-13,823508,,/api/v1.1/game/823508/feed/live,R,2026,2026-08-13,,day,P,N,N,Regular Season,3,3,1,Final,Final,3313,Yankee Stadium,147,New York Yankees,NYY,0,False,136,Seattle Mariners,SEA,1,True,671277,Luis García Jr.,Luis,García,26,2000-05-16,26,"6' 1""",216,3,First Base,L,Left,R,Right,"2-4 | 2B, K",,4,2,1,0,0,0,0,1,0,0,0,0,4,3,,,,,,,,,,
2026-08-13,823508,,/api/v1.1/game/823508/feed/live,R,2026,2026-08-13,,day,P,N,N,Regular Season,3,3,1,Final,Final,3313,Yankee Stadium,147,New York Yankees,NYY,0,False,136,Seattle Mariners,SEA,1,True,693645,Cam Schlittler,Cameron,Schlittler,31,2001-02-05,25,"6' 6""",215,1,Pitcher,R,Right,R,Right,,,,,,,,,,,,,,,,,,,,,,,,,,
2026-08-13,823508,,/api/v1.1/game/823508/feed/live,R,2026,2026-08-13,,day,P,N,N,Regular Season,3,3,1,Final,Final,3313,Yankee Stadium,147,New York Yankees,NYY,0,False,136,Seattle Mariners,SEA,1,True,647304,Josh Naylor,Joshua-Douglas,Naylor,12,1997-06-22,29,"5' 10""",235,3,First Base,L,Left,L,Left,1-4 | K,,4,1,0,0,0,0,0,1,0,0,0,0,4,1,,,,,,,,,,
2026-08-13,823508,,/api/v1.1/game/823508/feed/live,R,2026,2026-08-13,,day,P,N,N,Regular Season,3,3,1,Final,Final,3313,Yankee Stadium,147,New York Yankees,NYY,0,False,136,Seattle Mariners,SEA,1,True,645302,Victor Robles,Victor,Robles,10,1997-05-19,29,"6' 0""",193,9,Outfielder,R,Right,R,Right,0-0,,0,0,0,0,0,0,0,0,0,0,0,0,0,0,,,,,,,,,,
2026-08-13,823508,,/api/v1.1/game/823508/feed/live,R,2026,2026-08-13,,day,P,N,N,Regular Season,3,3,1,Final,Final,3313,Yankee Stadium,147,New York Yankees,NYY,0,False,136,Seattle Mariners,SEA,1,True,702284,Cole Young,Cole,Young,2,2003-07-29,23,"5' 10""",180,4,Second Base,L,Left,R,Right,0-1,,1,0,0,0,0,0,0,0,0,0,0,0,1,0,,,,,,,,,,
2026-08-13,823508,,/api/v1.1/game/823508/feed/live,R,2026,2026-08-13,,day,P,N,N,Regular Season,3,3,1,Final,Final,3313,Yankee Stadium,147,New York Yankees,NYY,0,False,136,Seattle Mariners,SEA,1,True,678606,José A. Ferrer,José,Ferrer,45,2000-03-03,26,"6' 1""",233,1,Pitcher,L,Left,L,Left,"1.0 IP, 0 ER, 0 K, 0 BB",,,,,,,,,,,,,,,,1.0,0,0,0,0,0,15,0,0,0
2026-08-13,823508,,/api/v1.1/game/823508/feed/live,R,2026,2026-08-13,,day,P,N,N,Regular Season,3,3,1,Final,Final,3313,Yankee Stadium,147,New York Yankees,NYY,0,False,136,Seattle Mariners,SEA,1,True,689546,Nick Davila,Nicholas,Davila,82,1998-11-21,27,"6' 3""",230,1,Pitcher,R,Right,R,Right,,,,,,,,,,,,,,,,,,,,,,,,,,
2026-08-13,823508,,/api/v1.1/game/823508/feed/live,R,2026,2026-08-13,,day,P,N,N,Regular Season,3,3,1,Final,Final,3313,Yankee Stadium,147,New York Yankees,NYY,0,False,136,Seattle Mariners,SEA,1,True,621074,Michael Rucker,Michael,Rucker,38,1994-04-27,32,"6' 1""",195,1,Pitcher,R,Right,R,Right,,,,,,,,,,,,,,,,,,,,,,,,,,
2026-08-13,823508,,/api/v1.1/game/823508/feed/live,R,2026,2026-08-13,,day,P,N,N,Regular Season,3,3,1,Final,Final,3313,Yankee Stadium,147,New York Yankees,NYY,0,False,136,Seattle Mariners,SEA,1,True,642215,Weston Wilson,Weston,Wilson,31,1994-09-11,31,"6' 3""",215,5,Third Base,R,Right,R,Right,"1-2 | HR, BB, RBI",,2,1,0,0,1,1,1,0,1,1,0,0,3,4,,,,,,,,,,
2026-08-13,823508,,/api/v1.1/game/823508/feed/live,R,2026,2026-08-13,,day,P,N,N,Regular Season,3,3,1,Final,Final,3313,Yankee Stadium,147,New York Yankees,NYY,0,False,136,Seattle Mariners,SEA,1,True,668227,Randy Arozarena,Randy,Arozarena,56,1995-02-28,31,"5' 10""",185,7,Outfielder,R,Right,R,Right,"1-3 | BB, 2 K",,3,1,0,0,0,0,0,2,1,0,0,0,4,1,,,,,,,,,,
2026-08-13,823508,,/api/v1.1/game/823508/feed/live,R,2026,2026-08-13,,day,P,N,N,Regular Season,3,3,1,Final,Final,3313,Yankee Stadium,147,New York Yankees,NYY,0,False,136,Seattle Mariners,SEA,1,True,621493,Taylor Ward,Joseph,Ward,27,1993-12-14,32,"6' 0""",205,7,Outfielder,R,Right,R,Right,,,,,,,,,,,,,,,,,,,,,,,,,,
2026-08-13,823508,,/api/v1.1/game/823508/feed/live,R,2026,2026-08-13,,day,P,N,N,Regular Season,3,3,1,Final,Final,3313,Yankee Stadium,147,New York Yankees,NYY,0,False,136,Seattle Mariners,SEA,1,True,686527,Dominic Canzone,Dominic,Canzone,8,1997-08-16,28,"6' 0""",190,10,Designated Hitter,L,Left,R,Right,"0-3 | BB, 2 K",,3,0,0,0,0,0,0,2,1,0,0,0,4,0,,,,,,,,,,
2026-08-13,823508,,/api/v1.1/game/823508/feed/live,R,2026,2026-08-13,,day,P,N,N,Regular Season,3,3,1,Final,Final,3313,Yankee Stadium,147,New York Yankees,NYY,0,False,136,Seattle Mariners,SEA,1,True,663728,Cal Raleigh,Caleb,Raleigh,29,1996-11-26,29,"6' 2""",235,2,Catcher,S,Switch,R,Right,0-4 | 2 K,,4,0,0,0,0,0,0,2,0,0,0,0,4,0,,,,,,,,,,
2026-08-13,823508,,/api/v1.1/game/823508/feed/live,R,2026,2026-08-13,,day,P,N,N,Regular Season,3,3,1,Final,Final,3313,Yankee Stadium,147,New York Yankees,NYY,0,False,136,Seattle Mariners,SEA,1,True,640902,Jhonny Pereda,Jhonny,Pereda,5,1996-04-18,30,"6' 1""",202,2,Catcher,R,Right,R,Right,1-3 | K,,3,1,0,0,0,0,0,1,0,0,0,0,3,1,,,,,,,,,,
2026-08-13,823508,,/api/v1.1/game/823508/feed/live,R,2026,2026-08-13,,day,P,N,N,Regular Season,3,3,1,Final,Final,3313,Yankee Stadium,147,New York Yankees,NYY,0,False,136,Seattle Mariners,SEA,1,True,669302,Logan Gilbert,Logan,Gilbert,36,1997-05-05,29,"6' 6""",215,1,Pitcher,R,Right,R,Right,"6.0 IP, 0 ER, 7 K, BB",,,,,,,,,,,,,,,,6.0,0,4,0,7,1,95,1,0,0
2026-08-13,823508,,/api/v1.1/game/823508/feed/live,R,2026,2026-08-13,,day,P,N,N,Regular Season,3,3,1,Final,Final,3313,Yankee Stadium,147,New York Yankees,NYY,0,False,136,Seattle Mariners,SEA,1,True,693433,Bryan Woo,Bryan,Woo,22,2000-01-30,26,"6' 2""",205,1,Pitcher,R,Right,R,Right,,,,,,,,,,,,,,,,,,,,,,,,,,
2026-08-13,823508,,/api/v1.1/game/823508/feed/live,R,2026,2026-08-13,,day,P,N,N,Regular Season,3,3,1,Final,Final,3313,Yankee Stadium,147,New York Yankees,NYY,0,False,136,Seattle Mariners,SEA,1,True,622554,Seranthony Domínguez,Seranthony,Domínguez,58,1994-11-25,31,"6' 1""",225,1,Pitcher,R,Right,R,Right,,,,,,,,,,,,,,,,,,,,,,,,,,
2026-08-13,823508,,/api/v1.1/game/823508/feed/live,R,2026,2026-08-13,,day,P,N,N,Regular Season,3,3,1,Final,Final,3313,Yankee Stadium,147,New York Yankees,NYY,0,False,136,Seattle Mariners,SEA,1,True,806068,Colt Emerson,Colt,Emerson,4,2005-07-20,21,"6' 0""",195,6,Shortstop,L,Left,R,Right,0-0,,0,0,0,0,0,0,0,0,0,0,0,0,0,0,,,,,,,,,,
2026-08-13,823508,,/api/v1.1/game/823508/feed/live,R,2026,2026-08-13,,day,P,N,N,Regular Season,3,3,1,Final,Final,3313,Yankee Stadium,147,New York Yankees,NYY,0,False,136,Seattle Mariners,SEA,1,True,680977,Brendan Donovan,Brendan,Donovan,33,1997-01-16,29,"5' 11""",210,5,Third Base,L,Left,R,Right,0-4,,4,0,0,0,0,0,0,0,0,0,0,1,4,0,,,,,,,,,,
2026-08-13,823508,,/api/v1.1/game/823508/feed/live,R,2026,2026-08-13,,day,P,N,N,Regular Season,3,3,1,Final,Final,3313,Yankee Stadium,147,New York Yankees,NYY,0,False,136,Seattle Mariners,SEA,1,True,669923,George Kirby,George,Kirby,68,1998-02-04,28,"6' 4""",215,1,Pitcher,R,Right,R,Right,,,,,,,,,,,,,,,,,,,,,,,,,,
2026-08-13,823508,,/api/v1.1/game/823508/feed/live,R,2026,2026-08-13,,day,P,N,N,Regular Season,3,3,1,Final,Final,3313,Yankee Stadium,147,New York Yankees,NYY,0,False,136,Seattle Mariners,SEA,1,True,662253,Andrés Muñoz,Andrés,Muñoz,75,1999-01-16,27,"6' 2""",222,1,Pitcher,R,Right,R,Right,"1.0 IP, 0 ER, 2 K, 0 BB",,,,,,,,,,,,,,,,1.0,0,0,0,2,0,11,0,0,1
2026-08-13,823508,,/api/v1.1/game/823508/feed/live,R,2026,2026-08-13,,day,P,N,N,Regular Season,3,3,1,Final,Final,3313,Yankee Stadium,147,New York Yankees,NYY,0,False,136,Seattle Mariners,SEA,1,True,681006,Josh Simpson,Joshua,Simpson,37,1997-08-19,28,"6' 2""",190,1,Pitcher,L,Left,L,Left,,,,,,,,,,,,,,,,,,,,,,,,,,
2026-08-13,823508,,/api/v1.1/game/823508/feed/live,R,2026,2026-08-13,,day,P,N,N,Regular Season,3,3,1,Final,Final,3313,Yankee Stadium,147,New York Yankees,NYY,0,False,136,Seattle Mariners,SEA,1,True,642100,Gabe Speier,Gabriel,Speier,55,1995-04-12,31,"5' 11""",200,1,Pitcher,L,Left,L,Left,,,,,,,,,,,,,,,,,,,,,,,,,,
2026-08-13,823508,,/api/v1.1/game/823508/feed/live,R,2026,2026-08-13,,day,P,N,N,Regular Season,3,3,1,Final,Final,3313,Yankee Stadium,147,New York Yankees,NYY,0,False,136,Seattle Mariners,SEA,1,True,677594,Julio Rodríguez,Julio,Rodríguez,44,2000-12-29,25,"6' 4""",228,8,Outfielder,R,Right,R,Right,1-4 | 2 K,,4,1,0,0,0,0,0,2,0,0,0,0,4,1,,,,,,,,,,
2026-08-13,823508,,/api/v1.1/game/823508/feed/live,R,2026,2026-08-13,,day,P,N,N,Regular Season,3,3,1,Final,Final,3313,Yankee Stadium,147,New York Yankees,NYY,0,False,136,Seattle Mariners,SEA,1,True,660844,Leo Rivas,Leonardo,Rivas,76,1997-10-10,28,"5' 7""",150,5,Third Base,S,Switch,R,Right,0-2,,2,0,0,0,0,0,0,0,0,0,0,1,2,0,,,,,,,,,,
2026-08-13,823508,,/api/v1.1/game/823508/feed/live,R,2026,2026-08-13,,day,P,N,N,Regular Season,3,3,1,Final,Final,3313,Yankee Stadium,147,New York Yankees,NYY,0,False,136,Seattle Mariners,SEA,1,True,682243,Bryce Miller,Bryce,Miller,50,1998-08-23,27,"6' 2""",200,1,Pitcher,R,Right,R,Right,,,,,,,,,,,,,,,,,,,,,,,,,,
2026-08-13,823508,,/api/v1.1/game/823508/feed/live,R,2026,2026-08-13,,day,P,N,N,Regular Season,3,3,1,Final,Final,3313,Yankee Stadium,147,New York Yankees,NYY,0,False,136,Seattle Mariners,SEA,1,True,660825,Eduard Bazardo,Eduard,Bazardo,83,1995-09-01,30,"6' 0""",190,1,Pitcher,R,Right,R,Right,"1.0 IP, 0 ER, K, 2 BB",,,,,,,,,,,,,,,,1.0,0,0,0,1,2,20,0,0,0
2026-08-13,823508,,/api/v1.1/game/823508/feed/live,R,2026,2026-08-13,,day,P,N,N,Regular Season,3,3,1,Final,Final,3313,Yankee Stadium,147,New York Yankees,NYY,0,False,136,Seattle Mariners,SEA,1,True,676106,Emerson Hancock,Emerson,Hancock,26,1999-05-31,27,"6' 4""",213,1,Pitcher,R,Right,R,Right,,,,,,,,,,,,,,,,,,,,,,,,,,
2026-08-13,822776,,/api/v1.1/game/822776/feed/live,R,2026,2026-08-13,,day,P,N,N,Regular Season,4,4,1,Final,Final,14,Rogers Centre,141,Toronto Blue Jays,TOR,0,False,111,Boston Red Sox,BOS,7,True,669456,Shane Bieber,Shane,Bieber,57,1995-05-31,31,"6' 3""",200,1,Pitcher,R,Right,R,Right,,,,,,,,,,,,,,,,,,,,,,,,,,
2026-08-13,822776,,/api/v1.1/game/822776/feed/live,R,2026,2026-08-13,,day,P,N,N,Regular Season,4,4,1,Final,Final,14,Rogers Centre,141,Toronto Blue Jays,TOR,0,False,111,Boston Red Sox,BOS,7,True,695445,Chase Lee,Chase,Lee,52,1998-08-13,28,"6' 0""",170,1,Pitcher,R,Right,R,Right,"1.0 IP, 4 ER, 0 K, BB",,,,,,,,,,,,,,,,1.0,4,4,1,0,1,31,0,0,0
2026-08-13,822776,,/api/v1.1/game/822776/feed/live,R,2026,2026-08-13,,day,P,N,N,Regular Season,4,4,1,Final,Final,14,Rogers Centre,141,Toronto Blue Jays,TOR,0,False,111,Boston Red Sox,BOS,7,True,693686,Spencer Miles,Spencer,Miles,62,2000-07-26,26,"6' 3""",180,1,Pitcher,L,Left,R,Right,"1.0 IP, 0 ER, 0 K, 0 BB",,,,,,,,,,,,,,,,1.0,0,2,0,0,0,15,0,0,0
2026-08-13,822776,,/api/v1.1/game/822776/feed/live,R,2026,2026-08-13,,day,P,N,N,Regular Season,4,4,1,Final,Final,14,Rogers Centre,141,Toronto Blue Jays,TOR,0,False,111,Boston Red Sox,BOS,7,True,667755,José Soriano,José,Soriano,40,1998-10-20,27,"6' 3""",220,1,Pitcher,R,Right,R,Right,,,,,,,,,,,,,,,,,,,,,,,,,,
2026-08-13,822776,,/api/v1.1/game/822776/feed/live,R,2026,2026-08-13,,day,P,N,N,Regular Season,4,4,1,Final,Final,14,Rogers Centre,141,Toronto Blue Jays,TOR,0,False,111,Boston Red Sox,BOS,7,True,686973,Louis Varland,Louis,Varland,77,1997-12-09,28,"6' 1""",205,1,Pitcher,L,Left,R,Right,,,,,,,,,,,,,,,,,,,,,,,,,,
2026-08-13,822776,,/api/v1.1/game/822776/feed/live,R,2026,2026-08-13,,day,P,N,N,Regular Season,4,4,1,Final,Final,14,Rogers Centre,141,Toronto Blue Jays,TOR,0,False,111,Boston Red Sox,BOS,7,True,680573,Simeon Woods Richardson,Simeon,Woods Richardson,10,2000-09-27,25,"6' 3""",210,1,Pitcher,R,Right,R,Right,,,,,,,,,,,,,,,,,,,,,,,,,,
2026-08-13,822776,,/api/v1.1/game/822776/feed/live,R,2026,2026-08-13,,day,P,N,N,Regular Season,4,4,1,Final,Final,14,Rogers Centre,141,Toronto Blue Jays,TOR,0,False,111,Boston Red Sox,BOS,7,True,676391,Ernie Clement,Ernie,Clement,22,1996-03-22,30,"6' 0""",170,4,Second Base,R,Right,R,Right,0-3 | BB,,3,0,0,0,0,0,0,0,1,0,0,1,4,0,,,,,,,,,,
2026-08-13,822776,,/api/v1.1/game/822776/feed/live,R,2026,2026-08-13,,day,P,N,N,Regular Season,4,4,1,Final,Final,14,Rogers Centre,141,Toronto Blue Jays,TOR,0,False,111,Boston Red Sox,BOS,7,True,807727,Charles McAdoo,Charles,McAdoo,26,2002-03-06,24,"6' 0""",210,4,Second Base,R,Right,R,Right,"0-2 | BB, K",,2,0,0,0,0,0,0,1,1,0,0,0,3,0,,,,,,,,,,
2026-08-13,822776,,/api/v1.1/game/822776/feed/live,R,2026,2026-08-13,,day,P,N,N,Regular Season,4,4,1,Final,Final,14,Rogers Centre,141,Toronto Blue Jays,TOR,0,False,111,Boston Red Sox,BOS,7,True,665926,Andrés Giménez,Andrés,Giménez,0,1998-09-04,27,"5' 11""",161,6,Shortstop,L,Left,R,Right,0-2 | BB,,2,0,0,0,0,0,0,0,1,0,0,0,3,0,,,,,,,,,,
2026-08-13,822776,,/api/v1.1/game/822776/feed/live,R,2026,2026-08-13,,day,P,N,N,Regular Season,4,4,1,Final,Final,14,Rogers Centre,141,Toronto Blue Jays,TOR,0,False,111,Boston Red Sox,BOS,7,True,678218,Brandon Valenzuela,Brandon,Valenzuela,59,2000-10-02,25,"6' 0""",225,2,Catcher,S,Switch,R,Right,0-3,,3,0,0,0,0,0,0,0,0,0,0,1,3,0,,,,,,,,,,
2026-08-13,822776,,/api/v1.1/game/822776/feed/live,R,2026,2026-08-13,,day,P,N,N,Regular Season,4,4,1,Final,Final,14,Rogers Centre,141,Toronto Blue Jays,TOR,0,False,111,Boston Red Sox,BOS,7,True,656302,Dylan Cease,Dylan,Cease,84,1995-12-28,30,"6' 2""",200,1,Pitcher,R,Right,R,Right,,,,,,,,,,,,,,,,,,,,,,,,,,
2026-08-13,822776,,/api/v1.1/game/822776/feed/live,R,2026,2026-08-13,,day,P,N,N,Regular Season,4,4,1,Final,Final,14,Rogers Centre,141,Toronto Blue Jays,TOR,0,False,111,Boston Red Sox,BOS,7,True,703520,Brett Bateman,Brett,Bateman,21,2002-03-19,24,"5' 10""",170,8,Outfielder,L,Left,L,Left,,,,,,,,,,,,,,,,,,,,,,,,,,
2026-08-13,822776,,/api/v1.1/game/822776/feed/live,R,2026,2026-08-13,,day,P,N,N,Regular Season,4,4,1,Final,Final,14,Rogers Centre,141,Toronto Blue Jays,TOR,0,False,111,Boston Red Sox,BOS,7,True,664770,Nathan Lukes,Nathan,Lukes,38,1994-07-12,32,"5' 11""",180,9,Outfielder,L,Left,R,Right,1-3,,3,1,0,0,0,0,0,0,0,0,0,0,3,1,,,,,,,,,,
2026-08-13,822776,,/api/v1.1/game/822776/feed/live,R,2026,2026-08-13,,day,P,N,N,Regular Season,4,4,1,Final,Final,14,Rogers Centre,141,Toronto Blue Jays,TOR,0,False,111,Boston Red Sox,BOS,7,True,663362,Matt Waldron,Matthew,Waldron,64,1996-09-26,29,"6' 2""",185,1,Pitcher,R,Right,R,Right,,,,,,,,,,,,,,,,,,,,,,,,,,
2026-08-13,822776,,/api/v1.1/game/822776/feed/live,R,2026,2026-08-13,,day,P,N,N,Regular Season,4,4,1,Final,Final,14,Rogers Centre,141,Toronto Blue Jays,TOR,0,False,111,Boston Red Sox,BOS,7,True,543807,George Springer,George,Springer,4,1989-09-19,36,"6' 1""",220,10,Designated Hitter,R,Right,R,Right,0-3 | K,,3,0,0,0,0,0,0,1,0,0,0,0,3,0,,,,,,,,,,
2026-08-13,822776,,/api/v1.1/game/822776/feed/live,R,2026,2026-08-13,,day,P,N,N,Regular Season,4,4,1,Final,Final,14,Rogers Centre,141,Toronto Blue Jays,TOR,0,False,111,Boston Red Sox,BOS,7,True,453286,Max Scherzer,Maxwell,Scherzer,31,1984-07-27,42,"6' 3""",208,1,Pitcher,R,Right,R,Right,"5.0 IP, ER, 4 K, 2 BB",,,,,,,,,,,,,,,,5.0,1,3,0,4,2,92,0,1,0
2026-08-13,822776,,/api/v1.1/game/822776/feed/live,R,2026,2026-08-13,,day,P,N,N,Regular Season,4,4,1,Final,Final,14,Rogers Centre,141,Toronto Blue Jays,TOR,0,False,111,Boston Red Sox,BOS,7,True,689254,Mason Fluharty,Mason,Fluharty,68,2001-08-13,25,"6' 2""",215,1,Pitcher,R,Right,L,Left,,,,,,,,,,,,,,,,,,,,,,,,,,
2026-08-13,822776,,/api/v1.1/game/822776/feed/live,R,2026,2026-08-13,,day,P,N,N,Regular Season,4,4,1,Final,Final,14,Rogers Centre,141,Toronto Blue Jays,TOR,0,False,111,Boston Red Sox,BOS,7,True,680755,Braydon Fisher,Braydon,Fisher,63,2000-07-26,26,"6' 4""",180,1,Pitcher,R,Right,R,Right,"1.0 IP, 0 ER, K, 0 BB",,,,,,,,,,,,,,,,1.0,0,0,0,1,0,8,0,0,0
2026-08-13,822776,,/api/v1.1/game/822776/feed/live,R,2026,2026-08-13,,day,P,N,N,Regular Season,4,4,1,Final,Final,14,Rogers Centre,141,Toronto Blue Jays,TOR,0,False,111,Boston Red Sox,BOS,7,True,669701,Josh Smith,Josh,Smith,9,1997-08-07,29,"5' 9""",172,4,Second Base,L,Left,R,Right,0-1,,1,0,0,0,0,0,0,0,0,0,0,0,1,0,,,,,,,,,,
2026-08-13,822776,,/api/v1.1/game/822776/feed/live,R,2026,2026-08-13,,day,P,N,N,Regular Season,4,4,1,Final,Final,14,Rogers Centre,141,Toronto Blue Jays,TOR,0,False,111,Boston Red Sox,BOS,7,True,643511,Tyler Rogers,Tyler,Rogers,71,1990-12-17,35,"6' 3""",180,1,Pitcher,R,Right,R,Right,,,,,,,,,,,,,,,,,,,,,,,,,,
2026-08-13,822776,,/api/v1.1/game/822776/feed/live,R,2026,2026-08-13,,day,P,N,N,Regular Season,4,4,1,Final,Final,14,Rogers Centre,141,Toronto Blue Jays,TOR,0,False,111,Boston Red Sox,BOS,7,True,665489,Vladimir Guerrero Jr.,Vladimir,Guerrero,27,1999-03-16,27,"6' 0""",245,3,First Base,R,Right,R,Right,1-4 | K,,4,1,0,0,0,0,0,1,0,0,0,0,4,1,,,,,,,,,,
2026-08-13,822776,,/api/v1.1/game/822776/feed/live,R,2026,2026-08-13,,day,P,N,N,Regular Season,4,4,1,Final,Final,14,Rogers Centre,141,Toronto Blue Jays,TOR,0,False,111,Boston Red Sox,BOS,7,True,681751,Lazaro Estrada,Lazaro,Estrada,60,1999-04-24,27,"5' 10""",180,1,Pitcher,R,Right,R,Right,"1.0 IP, 2 ER, K, 2 BB",,,,,,,,,,,,,,,,1.0,2,1,0,1,2,29,0,0,0
2026-08-13,822776,,/api/v1.1/game/822776/feed/live,R,2026,2026-08-13,,day,P,N,N,Regular Season,4,4,1,Final,Final,14,Rogers Centre,141,Toronto Blue Jays,TOR,0,False,111,Boston Red Sox,BOS,7,True,660821,Jesús Sánchez,Jesús,Sánchez,12,1997-10-07,28,"6' 3""",222,9,Outfielder,L,Left,R,Right,,,,,,,,,,,,,,,,,,,,,,,,,,
2026-08-13,822776,,/api/v1.1/game/822776/feed/live,R,2026,2026-08-13,,day,P,N,N,Regular Season,4,4,1,Final,Final,14,Rogers Centre,141,Toronto Blue Jays,TOR,0,False,111,Boston Red Sox,BOS,7,True,664702,Myles Straw,Myles,Straw,3,1994-10-17,31,"5' 9""",178,9,Outfielder,R,Right,R,Right,0-3 | K,,3,0,0,0,0,0,0,1,0,0,0,0,3,0,,,,,,,,,,
2026-08-13,822776,,/api/v1.1/game/822776/feed/live,R,2026,2026-08-13,,day,P,N,N,Regular Season,4,4,1,Final,Final,14,Rogers Centre,141,Toronto Blue Jays,TOR,0,False,111,Boston Red Sox,BOS,7,True,672386,Alejandro Kirk,Alejandro,Kirk,30,1998-11-06,27,"5' 8""",245,2,Catcher,R,Right,R,Right,,,,,,,,,,,,,,,,,,,,,,,,,,
2026-08-13,822776,,/api/v1.1/game/822776/feed/live,R,2026,2026-08-13,,day,P,N,N,Regular Season,4,4,1,Final,Final,14,Rogers Centre,141,Toronto Blue Jays,TOR,0,False,111,Boston Red Sox,BOS,7,True,672960,Kazuma Okamoto,Kazuma,Okamoto,7,1996-06-30,30,"6' 1""",220,5,Third Base,R,Right,R,Right,0-3 | K,,3,0,0,0,0,0,0,1,0,0,0,0,3,0,,,,,,,,,,
2026-08-13,822776,,/api/v1.1/game/822776/feed/live,R,2026,2026-08-13,,day,P,N,N,Regular Season,4,4,1,Final,Final,14,Rogers Centre,141,Toronto Blue Jays,TOR,0,False,111,Boston Red Sox,BOS,7,True,687562,Jake Bennett,William,Bennett,64,2000-12-02,25,"6' 6""",234,1,Pitcher,L,Left,L,Left,,,,,,,,,,,,,,,,,,,,,,,,,,
2026-08-13,822776,,/api/v1.1/game/822776/feed/live,R,2026,2026-08-13,,day,P,N,N,Regular Season,4,4,1,Final,Final,14,Rogers Centre,141,Toronto Blue Jays,TOR,0,False,111,Boston Red Sox,BOS,7,True,575929,Willson Contreras,Willson,Contreras,40,1992-05-13,34,"6' 0""",240,3,First Base,R,Right,R,Right,"1-4 | 2B, K, RBI",,4,1,1,0,0,1,0,1,0,0,0,0,5,2,,,,,,,,,,
2026-08-13,822776,,/api/v1.1/game/822776/feed/live,R,2026,2026-08-13,,day,P,N,N,Regular Season,4,4,1,Final,Final,14,Rogers Centre,141,Toronto Blue Jays,TOR,0,False,111,Boston Red Sox,BOS,7,True,594027,Tyron Guerrero,Tayron,Guerrero,41,1991-01-09,35,"6' 8""",225,1,Pitcher,R,Right,R,Right,,,,,,,,,,,,,,,,,,,,,,,,,,
2026-08-13,822776,,/api/v1.1/game/822776/feed/live,R,2026,2026-08-13,,day,P,N,N,Regular Season,4,4,1,Final,Final,14,Rogers Centre,141,Toronto Blue Jays,TOR,0,False,111,Boston Red Sox,BOS,7,True,663776,Patrick Sandoval,Patrick,Sandoval,43,1996-10-18,29,"6' 3""",190,1,Pitcher,L,Left,L,Left,,,,,,,,,,,,,,,,,,,,,,,,,,
2026-08-13,822776,,/api/v1.1/game/822776/feed/live,R,2026,2026-08-13,,day,P,N,N,Regular Season,4,4,1,Final,Final,14,Rogers Centre,141,Toronto Blue Jays,TOR,0,False,111,Boston Red Sox,BOS,7,True,663330,Jahmai Jones,Jahmai,Jones,37,1997-08-04,29,"5' 10""",210,10,Designated Hitter,R,Right,R,Right,,,,,,,,,,,,,,,,,,,,,,,,,,
2026-08-13,822776,,/api/v1.1/game/822776/feed/live,R,2026,2026-08-13,,day,P,N,N,Regular Season,4,4,1,Final,Final,14,Rogers Centre,141,Toronto Blue Jays,TOR,0,False,111,Boston Red Sox,BOS,7,True,687941,Alec Gamboa,Alec,Gamboa,68,1997-01-17,29,"6' 1""",205,1,Pitcher,S,Switch,L,Left,,,,,,,,,,,,,,,,,,,,,,,,,,
2026-08-13,822776,,/api/v1.1/game/822776/feed/live,R,2026,2026-08-13,,day,P,N,N,Regular Season,4,4,1,Final,Final,14,Rogers Centre,141,Toronto Blue Jays,TOR,0,False,111,Boston Red Sox,BOS,7,True,669711,Greg Weissert,Gregory,Weissert,57,1995-02-04,31,"6' 2""",235,1,Pitcher,R,Right,R,Right,"1.0 IP, 0 ER, K, BB",,,,,,,,,,,,,,,,1.0,0,0,0,1,1,17,0,0,0
2026-08-13,822776,,/api/v1.1/game/822776/feed/live,R,2026,2026-08-13,,day,P,N,N,Regular Season,4,4,1,Final,Final,14,Rogers Centre,141,Toronto Blue Jays,TOR,0,False,111,Boston Red Sox,BOS,7,True,657136,Connor Wong,Connor,Wong,12,1996-05-19,30,"5' 10""",190,2,Catcher,R,Right,R,Right,0-4 | 2 K,,4,0,0,0,0,0,0,2,0,0,0,0,4,0,,,,,,,,,,
2026-08-13,822776,,/api/v1.1/game/822776/feed/live,R,2026,2026-08-13,,day,P,N,N,Regular Season,4,4,1,Final,Final,14,Rogers Centre,141,Toronto Blue Jays,TOR,0,False,111,Boston Red Sox,BOS,7,True,678011,Anthony Seigler,Anthony,Seigler,48,1999-06-20,27,"5' 9""",192,4,Second Base,S,Switch,S,Switch,,,,,,,,,,,,,,,,,,,,,,,,,,
2026-08-13,822776,,/api/v1.1/game/822776/feed/live,R,2026,2026-08-13,,day,P,N,N,Regular Season,4,4,1,Final,Final,14,Rogers Centre,141,Toronto Blue Jays,TOR,0,False,111,Boston Red Sox,BOS,7,True,668939,Adley Rutschman,Adley,Rutschman,31,1998-02-06,28,"6' 1""",230,2,Catcher,S,Switch,R,Right,,,,,,,,,,,,,,,,,,,,,,,,,,
2026-08-13,822776,,/api/v1.1/game/822776/feed/live,R,2026,2026-08-13,,day,P,N,N,Regular Season,4,4,1,Final,Final,14,Rogers Centre,141,Toronto Blue Jays,TOR,0,False,111,Boston Red Sox,BOS,7,True,678394,Brayan Bello,Brayan,Bello,66,1999-05-17,27,"6' 1""",195,1,Pitcher,R,Right,R,Right,,,,,,,,,,,,,,,,,,,,,,,,,,
2026-08-13,822776,,/api/v1.1/game/822776/feed/live,R,2026,2026-08-13,,day,P,N,N,Regular Season,4,4,1,Final,Final,14,Rogers Centre,141,Toronto Blue Jays,TOR,0,False,111,Boston Red Sox,BOS,7,True,677800,Wilyer Abreu,Wilyer,Abreu,52,1999-06-24,27,"5' 10""",215,9,Outfielder,L,Left,L,Left,"1-3 | 2 BB, 2 R",,3,1,0,0,0,0,2,0,2,0,0,0,5,1,,,,,,,,,,
2026-08-13,822776,,/api/v1.1/game/822776/feed/live,R,2026,2026-08-13,,day,P,N,N,Regular Season,4,4,1,Final,Final,14,Rogers Centre,141,Toronto Blue Jays,TOR,0,False,111,Boston Red Sox,BOS,7,True,655316,Andruw Monasterio,Andruw,Monasterio,32,1997-05-30,29,"5' 11""",195,6,Shortstop,R,Right,R,Right,1-4 | K,,4,1,0,0,0,0,0,1,0,0,0,0,4,1,,,,,,,,,,
2026-08-13,822776,,/api/v1.1/game/822776/feed/live,R,2026,2026-08-13,,day,P,N,N,Regular Season,4,4,1,Final,Final,14,Rogers Centre,141,Toronto Blue Jays,TOR,0,False,111,Boston Red Sox,BOS,7,True,543243,Sonny Gray,Sonny,Gray,54,1989-11-07,36,"5' 10""",190,1,Pitcher,R,Right,R,Right,,,,,,,,,,,,,,,,,,,,,,,,,,
2026-08-13,822776,,/api/v1.1/game/822776/feed/live,R,2026,2026-08-13,,day,P,N,N,Regular Season,4,4,1,Final,Final,14,Rogers Centre,141,Toronto Blue Jays,TOR,0,False,111,Boston Red Sox,BOS,7,True,686580,Justin Slaten,Justin,Slaten,63,1997-09-15,28,"6' 4""",222,1,Pitcher,R,Right,R,Right,,,,,,,,,,,,,,,,,,,,,,,,,,
2026-08-13,822776,,/api/v1.1/game/822776/feed/live,R,2026,2026-08-13,,day,P,N,N,Regular Season,4,4,1,Final,Final,14,Rogers Centre,141,Toronto Blue Jays,TOR,0,False,111,Boston Red Sox,BOS,7,True,702332,Caleb Durbin,Caleb,Durbin,5,2000-02-22,26,"5' 6""",183,5,Third Base,R,Right,R,Right,"3-5 | HR, 5 RBI, R",,5,3,0,0,1,5,1,0,0,0,0,0,5,6,,,,,,,,,,
2026-08-13,822776,,/api/v1.1/game/822776/feed/live,R,2026,2026-08-13,,day,P,N,N,Regular Season,4,4,1,Final,Final,14,Rogers Centre,141,Toronto Blue Jays,TOR,0,False,111,Boston Red Sox,BOS,7,True,624133,Ranger Suarez,Ranger,Suarez,55,1995-08-26,30,"6' 1""",217,1,Pitcher,L,Left,L,Left,,,,,,,,,,,,,,,,,,,,,,,,,,
2026-08-13,822776,,/api/v1.1/game/822776/feed/live,R,2026,2026-08-13,,day,P,N,N,Regular Season,4,4,1,Final,Final,14,Rogers Centre,141,Toronto Blue Jays,TOR,0,False,111,Boston Red Sox,BOS,7,True,686765,Nick Sogard,Nicholas,Sogard,20,1997-09-09,28,"6' 1""",189,4,Second Base,S,Switch,R,Right,"0-4 | BB, R",,4,0,0,0,0,0,1,0,1,0,0,0,5,0,,,,,,,,,,
2026-08-13,822776,,/api/v1.1/game/822776/feed/live,R,2026,2026-08-13,,day,P,N,N,Regular Season,4,4,1,Final,Final,14,Rogers Centre,141,Toronto Blue Jays,TOR,0,False,111,Boston Red Sox,BOS,7,True,680776,Jarren Duran,Jarren,Duran,16,1996-09-05,29,"6' 0""",205,7,Outfielder,L,Left,R,Right,"0-4 | BB, K",,4,0,0,0,0,0,0,1,1,0,0,0,5,0,,,,,,,,,,
2026-08-13,822776,,/api/v1.1/game/822776/feed/live,R,2026,2026-08-13,,day,P,N,N,Regular Season,4,4,1,Final,Final,14,Rogers Centre,141,Toronto Blue Jays,TOR,0,False,111,Boston Red Sox,BOS,7,True,642201,Eli White,Elijah,White,38,1994-06-26,32,"6' 2""",195,9,Outfielder,R,Right,R,Right,,,,,,,,,,,,,,,,,,,,,,,,,,
2026-08-13,822776,,/api/v1.1/game/822776/feed/live,R,2026,2026-08-13,,day,P,N,N,Regular Season,4,4,1,Final,Final,14,Rogers Centre,141,Toronto Blue Jays,TOR,0,False,111,Boston Red Sox,BOS,7,True,801139,Payton Tolle,Payton,Tolle,70,2002-11-01,23,"6' 6""",250,1,Pitcher,L,Left,L,Left,"8.0 IP, 0 ER, 4 K, 2 BB",,,,,,,,,,,,,,,,8.0,0,2,0,4,2,91,1,0,0
2026-08-13,822776,,/api/v1.1/game/822776/feed/live,R,2026,2026-08-13,,day,P,N,N,Regular Season,4,4,1,Final,Final,14,Rogers Centre,141,Toronto Blue Jays,TOR,0,False,111,Boston Red Sox,BOS,7,True,678882,Ceddanne Rafaela,Ceddanne,Rafaela,3,2000-09-18,25,"5' 10""",165,8,Outfielder,R,Right,R,Right,"2-4 | HBP, K, 2 R",,4,2,0,0,0,0,2,1,0,0,0,0,5,2,,,,,,,,,,
2026-08-13,822776,,/api/v1.1/game/822776/feed/live,R,2026,2026-08-13,,day,P,N,N,Regular Season,4,4,1,Final,Final,14,Rogers Centre,141,Toronto Blue Jays,TOR,0,False,111,Boston Red Sox,BOS,7,True,663558,Jovani Morán,Jovani,Moran,47,1997-04-24,29,"6' 1""",167,1,Pitcher,L,Left,L,Left,,,,,,,,,,,,,,,,,,,,,,,,,,
2026-08-13,822776,,/api/v1.1/game/822776/feed/live,R,2026,2026-08-13,,day,P,N,N,Regular Season,4,4,1,Final,Final,14,Rogers Centre,141,Toronto Blue Jays,TOR,0,False,111,Boston Red Sox,BOS,7,True,807799,Masataka Yoshida,Masataka,Yoshida,7,1993-07-15,33,"5' 8""",192,10,Designated Hitter,L,Left,R,Right,"2-3 | BB, RBI, R",,3,2,0,0,0,1,1,0,1,0,0,0,5,2,,,,,,,,,,
2026-08-13,822776,,/api/v1.1/game/822776/feed/live,R,2026,2026-08-13,,day,P,N,N,Regular Season,4,4,1,Final,Final,14,Rogers Centre,141,Toronto Blue Jays,TOR,0,False,111,Boston Red Sox,BOS,7,True,669062,Erik Miller,Erik,Miller,67,1998-02-13,28,"6' 5""",269,1,Pitcher,L,Left,L,Left,,,,,,,,,,,,,,,,,,,,,,,,,,
2026-08-13,822776,,/api/v1.1/game/822776/feed/live,R,2026,2026-08-13,,day,P,N,N,Regular Season,4,4,1,Final,Final,14,Rogers Centre,141,Toronto Blue Jays,TOR,0,False,111,Boston Red Sox,BOS,7,True,547973,Aroldis Chapman,Albertin,Chapman,44,1988-02-28,38,"6' 4""",235,1,Pitcher,L,Left,L,Left,,,,,,,,,,,,,,,,,,,,,,,,,,
2026-08-13,822696,,/api/v1.1/game/822696/feed/live,R,2026,2026-08-13,,day,P,N,N,Regular Season,3,3,1,Final,Final,3309,Nationals Park,120,Washington Nationals,WSH,7,True,112,Chicago Cubs,CHC,0,False,691781,Brady House,Brady,House,12,2003-06-04,23,"6' 4""",208,5,Third Base,R,Right,R,Right,1-4 | K,,4,1,0,0,0,0,0,1,0,0,0,0,4,1,,,,,,,,,,
2026-08-13,822696,,/api/v1.1/game/822696/feed/live,R,2026,2026-08-13,,day,P,N,N,Regular Season,3,3,1,Final,Final,3309,Nationals Park,120,Washington Nationals,WSH,7,True,112,Chicago Cubs,CHC,0,False,694673,Abimelec Ortiz,Abimelec,Ortiz,81,2002-02-22,24,"5' 10""",230,3,First Base,L,Left,L,Left,"2-4 | HR, K, 3 RBI",,4,2,0,0,1,3,2,1,0,0,0,0,4,5,,,,,,,,,,
2026-08-13,822696,,/api/v1.1/game/822696/feed/live,R,2026,2026-08-13,,day,P,N,N,Regular Season,3,3,1,Final,Final,3309,Nationals Park,120,Washington Nationals,WSH,7,True,112,Chicago Cubs,CHC,0,False,702021,Will Dion,William,Dion,76,2000-04-17,26,"5' 10""",180,1,Pitcher,L,Left,L,Left,,,,,,,,,,,,,,,,,,,,,,,,,,
2026-08-13,822696,,/api/v1.1/game/822696/feed/live,R,2026,2026-08-13,,day,P,N,N,Regular Season,3,3,1,Final,Final,3309,Nationals Park,120,Washington Nationals,WSH,7,True,112,Chicago Cubs,CHC,0,False,682928,CJ Abrams,Paul,Abrams,5,2000-10-03,25,"6' 0""",191,6,Shortstop,L,Left,R,Right,"1-4 | K, R",,4,1,0,0,0,0,1,1,0,0,0,0,4,1,,,,,,,,,,
2026-08-13,822696,,/api/v1.1/game/822696/feed/live,R,2026,2026-08-13,,day,P,N,N,Regular Season,3,3,1,Final,Final,3309,Nationals Park,120,Washington Nationals,WSH,7,True,112,Chicago Cubs,CHC,0,False,683083,Nasim Nuñez,Nasim,Nuñez,26,2000-08-18,25,"5' 8""",165,4,Second Base,S,Switch,R,Right,,,,,,,,,,,,,,,,,,,,,,,,,,
2026-08-13,822696,,/api/v1.1/game/822696/feed/live,R,2026,2026-08-13,,day,P,N,N,Regular Season,3,3,1,Final,Final,3309,Nationals Park,120,Washington Nationals,WSH,7,True,112,Chicago Cubs,CHC,0,False,665953,Andrés Chaparro,Andrés,Chaparro,87,1999-05-04,27,"6' 0""",200,3,First Base,R,Right,R,Right,"1-4 | K, R",,4,1,0,0,0,0,1,1,0,0,0,0,4,1,,,,,,,,,,
2026-08-13,822696,,/api/v1.1/game/822696/feed/live,R,2026,2026-08-13,,day,P,N,N,Regular Season,3,3,1,Final,Final,3309,Nationals Park,120,Washington Nationals,WSH,7,True,112,Chicago Cubs,CHC,0,False,678391,Jorbit Vivas,Jorbit,Vivas,84,2001-03-09,25,"5' 9""",171,5,Third Base,L,Left,R,Right,"1-3 | BB, K, RBI",,3,1,0,0,0,1,1,1,1,0,0,0,4,1,,,,,,,,,,
2026-08-13,822696,,/api/v1.1/game/822696/feed/live,R,2026,2026-08-13,,day,P,N,N,Regular Season,3,3,1,Final,Final,3309,Nationals Park,120,Washington Nationals,WSH,7,True,112,Chicago Cubs,CHC,0,False,686611,Dylan Crews,Dylan,Crews,3,2002-02-26,24,"5' 11""",203,9,Outfielder,R,Right,R,Right,"2-4 | 2B, K, RBI",,4,2,1,0,0,1,1,1,0,1,0,0,4,3,,,,,,,,,,
2026-08-13,822696,,/api/v1.1/game/822696/feed/live,R,2026,2026-08-13,,day,P,N,N,Regular Season,3,3,1,Final,Final,3309,Nationals Park,120,Washington Nationals,WSH,7,True,112,Chicago Cubs,CHC,0,False,592866,Trevor Williams,Trevor,Williams,32,1992-04-25,34,"6' 3""",231,1,Pitcher,R,Right,R,Right,,,,,,,,,,,,,,,,,,,,,,,,,,
2026-08-13,822696,,/api/v1.1/game/822696/feed/live,R,2026,2026-08-13,,day,P,N,N,Regular Season,3,3,1,Final,Final,3309,Nationals Park,120,Washington Nationals,WSH,7,True,112,Chicago Cubs,CHC,0,False,668820,Max Kranick,Max,Kranick,35,1997-07-21,29,"6' 3""",220,1,Pitcher,R,Right,R,Right,,,,,,,,,,,,,,,,,,,,,,,,,,
2026-08-13,822696,,/api/v1.1/game/822696/feed/live,R,2026,2026-08-13,,day,P,N,N,Regular Season,3,3,1,Final,Final,3309,Nationals Park,120,Washington Nationals,WSH,7,True,112,Chicago Cubs,CHC,0,False,690925,Clayton Beeter,Clayton,Beeter,39,1998-10-09,27,"6' 2""",220,1,Pitcher,R,Right,R,Right,"1.0 IP, 0 ER, K, 0 BB",,,,,,,,,,,,,,,,1.0,0,0,0,1,0,11,0,0,0
2026-08-13,822696,,/api/v1.1/game/822696/feed/live,R,2026,2026-08-13,,day,P,N,N,Regular Season,3,3,1,Final,Final,3309,Nationals Park,120,Washington Nationals,WSH,7,True,112,Chicago Cubs,CHC,0,False,695418,Brad Lord,Bradley,Lord,41,2000-02-14,26,"6' 3""",210,1,Pitcher,R,Right,R,Right,,,,,,,,,,,,,,,,,,,,,,,,,,
2026-08-13,822696,,/api/v1.1/game/822696/feed/live,R,2026,2026-08-13,,day,P,N,N,Regular Season,3,3,1,Final,Final,3309,Nationals Park,120,Washington Nationals,WSH,7,True,112,Chicago Cubs,CHC,0,False,695734,Daylen Lile,Daylen,Lile,4,2002-11-30,23,"5' 11""",195,7,Outfielder,L,Left,R,Right,"2-4 | RBI, R",,4,2,0,0,0,1,1,0,0,0,0,0,4,2,,,,,,,,,,
2026-08-13,822696,,/api/v1.1/game/822696/feed/live,R,2026,2026-08-13,,day,P,N,N,Regular Season,3,3,1,Final,Final,3309,Nationals Park,120,Washington Nationals,WSH,7,True,112,Chicago Cubs,CHC,0,False,677588,José Tena,José,Tena,8,2001-03-20,25,"5' 10""",195,10,Designated Hitter,L,Left,R,Right,,,,,,,,,,,,,,,,,,,,,,,,,,
2026-08-13,822696,,/api/v1.1/game/822696/feed/live,R,2026,2026-08-13,,day,P,N,N,Regular Season,3,3,1,Final,Final,3309,Nationals Park,120,Washington Nationals,WSH,7,True,112,Chicago Cubs,CHC,0,False,676917,Cade Cavalli,Steven,Cavalli,24,1998-08-14,28,"6' 4""",223,1,Pitcher,R,Right,R,Right,"8.0 IP, 0 ER, 10 K, 2 BB",,,,,,,,,,,,,,,,8.0,0,1,0,10,2,103,1,0,0
2026-08-13,822696,,/api/v1.1/game/822696/feed/live,R,2026,2026-08-13,,day,P,N,N,Regular Season,3,3,1,Final,Final,3309,Nationals Park,120,Washington Nationals,WSH,7,True,112,Chicago Cubs,CHC,0,False,695670,Harry Ford,Harrison,Ford,17,2003-02-21,23,"5' 10""",200,2,Catcher,R,Right,R,Right,,,,,,,,,,,,,,,,,,,,,,,,,,
2026-08-13,822696,,/api/v1.1/game/822696/feed/live,R,2026,2026-08-13,,day,P,N,N,Regular Season,3,3,1,Final,Final,3309,Nationals Park,120,Washington Nationals,WSH,7,True,112,Chicago Cubs,CHC,0,False,696285,Jacob Young,Jacob,Young,30,1999-07-27,27,"5' 11""",192,8,Outfielder,R,Right,R,Right,,,,,,,,,,,,,,,,,,,,,,,,,,
2026-08-13,822696,,/api/v1.1/game/822696/feed/live,R,2026,2026-08-13,,day,P,N,N,Regular Season,3,3,1,Final,Final,3309,Nationals Park,120,Washington Nationals,WSH,7,True,112,Chicago Cubs,CHC,0,False,663623,Jake Irvin,Jacob,Irvin,27,1997-02-18,29,"6' 6""",234,1,Pitcher,R,Right,R,Right,,,,,,,,,,,,,,,,,,,,,,,,,,
2026-08-13,822696,,/api/v1.1/game/822696/feed/live,R,2026,2026-08-13,,day,P,N,N,Regular Season,3,3,1,Final,Final,3309,Nationals Park,120,Washington Nationals,WSH,7,True,112,Chicago Cubs,CHC,0,False,687377,Orlando Ribalta,Orlando,Ribalta,64,1998-03-05,28,"6' 7""",245,1,Pitcher,R,Right,R,Right,,,,,,,,,,,,,,,,,,,,,,,,,,
2026-08-13,822696,,/api/v1.1/game/822696/feed/live,R,2026,2026-08-13,,day,P,N,N,Regular Season,3,3,1,Final,Final,3309,Nationals Park,120,Washington Nationals,WSH,7,True,112,Chicago Cubs,CHC,0,False,656234,Jake Bird,Jacob,Bird,59,1995-12-04,30,"6' 3""",215,1,Pitcher,R,Right,R,Right,,,,,,,,,,,,,,,,,,,,,,,,,,
2026-08-13,822696,,/api/v1.1/game/822696/feed/live,R,2026,2026-08-13,,day,P,N,N,Regular Season,3,3,1,Final,Final,3309,Nationals Park,120,Washington Nationals,WSH,7,True,112,Chicago Cubs,CHC,0,False,660688,Keibert Ruiz,Keibert,Ruiz,20,1998-07-20,28,"5' 11""",238,2,Catcher,S,Switch,R,Right,0-4 | K,,4,0,0,0,0,0,0,1,0,0,0,0,4,0,,,,,,,,,,
2026-08-13,822696,,/api/v1.1/game/822696/feed/live,R,2026,2026-08-13,,day,P,N,N,Regular Season,3,3,1,Final,Final,3309,Nationals Park,120,Washington Nationals,WSH,7,True,112,Chicago Cubs,CHC,0,False,687605,Andrew Pinckney,Andrew,Pinckney,45,2000-12-07,25,"6' 4""",215,7,Outfielder,R,Right,R,Right,"0-2 | K, RBI",,2,0,0,0,0,1,0,1,0,0,0,0,3,0,,,,,,,,,,
2026-08-13,822696,,/api/v1.1/game/822696/feed/live,R,2026,2026-08-13,,day,P,N,N,Regular Season,3,3,1,Final,Final,3309,Nationals Park,120,Washington Nationals,WSH,7,True,112,Chicago Cubs,CHC,0,False,676680,Tom Cosgrove,Thomas,Cosgrove,34,1996-06-14,30,"6' 2""",190,1,Pitcher,L,Left,L,Left,,,,,,,,,,,,,,,,,,,,,,,,,,
2026-08-13,822696,,/api/v1.1/game/822696/feed/live,R,2026,2026-08-13,,day,P,N,N,Regular Season,3,3,1,Final,Final,3309,Nationals Park,120,Washington Nationals,WSH,7,True,112,Chicago Cubs,CHC,0,False,672442,Yovanny Cruz,Yovanny,Cruz,48,1999-08-23,26,"6' 0""",180,1,Pitcher,R,Right,R,Right,,,,,,,,,,,,,,,,,,,,,,,,,,
2026-08-13,822696,,/api/v1.1/game/822696/feed/live,R,2026,2026-08-13,,day,P,N,N,Regular Season,3,3,1,Final,Final,3309,Nationals Park,120,Washington Nationals,WSH,7,True,112,Chicago Cubs,CHC,0,False,800600,Jackson Kent,Jackson,Kent,25,2003-02-10,23,"6' 3""",219,1,Pitcher,L,Left,L,Left,,,,,,,,,,,,,,,,,,,,,,,,,,
2026-08-13,822696,,/api/v1.1/game/822696/feed/live,R,2026,2026-08-13,,day,P,N,N,Regular Season,3,3,1,Final,Final,3309,Nationals Park,120,Washington Nationals,WSH,7,True,112,Chicago Cubs,CHC,0,False,674841,Andrew Alvarez,Michael,Alvarez,54,1999-06-13,27,"6' 3""",215,1,Pitcher,L,Left,L,Left,,,,,,,,,,,,,,,,,,,,,,,,,,
2026-08-13,822696,,/api/v1.1/game/822696/feed/live,R,2026,2026-08-13,,day,P,N,N,Regular Season,3,3,1,Final,Final,3309,Nationals Park,120,Washington Nationals,WSH,7,True,112,Chicago Cubs,CHC,0,False,621438,Tyrone Taylor,Tyrone,Taylor,55,1994-01-22,32,"6' 0""",218,7,Outfielder,R,Right,R,Right,0-1,,1,0,0,0,0,0,0,0,0,0,0,0,1,0,,,,,,,,,,
2026-08-13,822696,,/api/v1.1/game/822696/feed/live,R,2026,2026-08-13,,day,P,N,N,Regular Season,3,3,1,Final,Final,3309,Nationals Park,120,Washington Nationals,WSH,7,True,112,Chicago Cubs,CHC,0,False,624424,Michael Conforto,Michael,Conforto,20,1993-03-01,33,"5' 11""",215,10,Designated Hitter,L,Left,R,Right,0-3 | 2 K,,3,0,0,0,0,0,0,2,0,0,0,1,3,0,,,,,,,,,,
2026-08-13,822696,,/api/v1.1/game/822696/feed/live,R,2026,2026-08-13,,day,P,N,N,Regular Season,3,3,1,Final,Final,3309,Nationals Park,120,Washington Nationals,WSH,7,True,112,Chicago Cubs,CHC,0,False,664023,Ian Happ,Ian,Happ,8,1994-08-12,32,"5' 10""",205,7,Outfielder,S,Switch,R,Right,0-3 | K,,3,0,0,0,0,0,0,1,0,0,0,0,3,0,,,,,,,,,,
2026-08-13,822696,,/api/v1.1/game/822696/feed/live,R,2026,2026-08-13,,day,P,N,N,Regular Season,3,3,1,Final,Final,3309,Nationals Park,120,Washington Nationals,WSH,7,True,112,Chicago Cubs,CHC,0,False,665871,Javier Assad,Javier,Assad,72,1997-07-30,29,"6' 1""",200,1,Pitcher,R,Right,R,Right,,,,,,,,,,,,,,,,,,,,,,,,,,
2026-08-13,822696,,/api/v1.1/game/822696/feed/live,R,2026,2026-08-13,,day,P,N,N,Regular Season,3,3,1,Final,Final,3309,Nationals Park,120,Washington Nationals,WSH,7,True,112,Chicago Cubs,CHC,0,False,573204,Caleb Thielbar,Caleb,Thielbar,24,1987-01-31,39,"6' 0""",205,1,Pitcher,R,Right,L,Left,,,,,,,,,,,,,,,,,,,,,,,,,,
2026-08-13,822696,,/api/v1.1/game/822696/feed/live,R,2026,2026-08-13,,day,P,N,N,Regular Season,3,3,1,Final,Final,3309,Nationals Park,120,Washington Nationals,WSH,7,True,112,Chicago Cubs,CHC,0,False,684007,Shota Imanaga,Shota,Imanaga,18,1993-09-01,32,"5' 10""",175,1,Pitcher,L,Left,L,Left,,,,,,,,,,,,,,,,,,,,,,,,,,
2026-08-13,822696,,/api/v1.1/game/822696/feed/live,R,2026,2026-08-13,,day,P,N,N,Regular Season,3,3,1,Final,Final,3309,Nationals Park,120,Washington Nationals,WSH,7,True,112,Chicago Cubs,CHC,0,False,608324,Alex Bregman,Alexander,Bregman,3,1994-03-30,32,"5' 10""",190,5,Third Base,R,Right,R,Right,0-3 | K,,3,0,0,0,0,0,0,1,0,0,0,0,3,0,,,,,,,,,,
2026-08-13,822696,,/api/v1.1/game/822696/feed/live,R,2026,2026-08-13,,day,P,N,N,Regular Season,3,3,1,Final,Final,3309,Nationals Park,120,Washington Nationals,WSH,7,True,112,Chicago Cubs,CHC,0,False,699393,Pedro Ramírez,Pedro,Ramírez,75,2004-04-01,22,"5' 9""",165,4,Second Base,S,Switch,R,Right,0-3 | K,,3,0,0,0,0,0,0,1,0,0,0,0,3,0,,,,,,,,,,
2026-08-13,822696,,/api/v1.1/game/822696/feed/live,R,2026,2026-08-13,,day,P,N,N,Regular Season,3,3,1,Final,Final,3309,Nationals Park,120,Washington Nationals,WSH,7,True,112,Chicago Cubs,CHC,0,False,683737,Michael Busch,Michael,Busch,29,1997-11-09,28,"5' 11""",210,3,First Base,L,Left,R,Right,1-3,,3,1,0,0,0,0,0,0,0,0,0,0,3,1,,,,,,,,,,
2026-08-13,822696,,/api/v1.1/game/822696/feed/live,R,2026,2026-08-13,,day,P,N,N,Regular Season,3,3,1,Final,Final,3309,Nationals Park,120,Washington Nationals,WSH,7,True,112,Chicago Cubs,CHC,0,False,608348,Carson Kelly,Carson,Kelly,15,1994-07-14,32,"6' 1""",212,2,Catcher,R,Right,R,Right,,,,,,,,,,,,,,,,,,,,,,,,,,
2026-08-13,822696,,/api/v1.1/game/822696/feed/live,R,2026,2026-08-13,,day,P,N,N,Regular Season,3,3,1,Final,Final,3309,Nationals Park,120,Washington Nationals,WSH,7,True,112,Chicago Cubs,CHC,0,False,691718,Pete Crow-Armstrong,Pete,Crow-Armstrong,4,2002-03-25,24,"6' 0""",184,8,Outfielder,L,Left,L,Left,0-4 | 3 K,,4,0,0,0,0,0,0,3,0,0,0,0,4,0,,,,,,,,,,
2026-08-13,822696,,/api/v1.1/game/822696/feed/live,R,2026,2026-08-13,,day,P,N,N,Regular Season,3,3,1,Final,Final,3309,Nationals Park,120,Washington Nationals,WSH,7,True,112,Chicago Cubs,CHC,0,False,592332,Kevin Gausman,Kevin,Gausman,12,1991-01-06,35,"6' 2""",205,1,Pitcher,L,Left,R,Right,"4.2 IP, 6 ER, 7 K, BB",,,,,,,,,,,,,,,,4.2,6,7,1,7,1,93,0,1,0
2026-08-13,822696,,/api/v1.1/game/822696/feed/live,R,2026,2026-08-13,,day,P,N,N,Regular Season,3,3,1,Final,Final,3309,Nationals Park,120,Washington Nationals,WSH,7,True,112,Chicago Cubs,CHC,0,False,657097,Jacob Webb,Jacob,Webb,71,1993-08-15,32,"6' 2""",210,1,Pitcher,R,Right,R,Right,,,,,,,,,,,,,,,,,,,,,,,,,,
2026-08-13,822696,,/api/v1.1/game/822696/feed/live,R,2026,2026-08-13,,day,P,N,N,Regular Season,3,3,1,Final,Final,3309,Nationals Park,120,Washington Nationals,WSH,7,True,112,Chicago Cubs,CHC,0,False,665804,Miguel Amaya,Miguel,Amaya,9,1999-03-09,27,"6' 1""",230,2,Catcher,R,Right,R,Right,0-3 | K,,3,0,0,0,0,0,0,1,0,0,0,0,3,0,,,,,,,,,,
2026-08-13,822696,,/api/v1.1/game/822696/feed/live,R,2026,2026-08-13,,day,P,N,N,Regular Season,3,3,1,Final,Final,3309,Nationals Park,120,Washington Nationals,WSH,7,True,112,Chicago Cubs,CHC,0,False,673548,Seiya Suzuki,Seiya,Suzuki,27,1994-08-18,31,"5' 11""",182,9,Outfielder,R,Right,R,Right,0-3 | K,,3,0,0,0,0,0,0,1,0,0,0,0,3,0,,,,,,,,,,
2026-08-13,822696,,/api/v1.1/game/822696/feed/live,R,2026,2026-08-13,,day,P,N,N,Regular Season,3,3,1,Final,Final,3309,Nationals Park,120,Washington Nationals,WSH,7,True,112,Chicago Cubs,CHC,0,False,650644,Aaron Civale,Aaron,Civale,38,1995-06-12,31,"6' 1""",245,1,Pitcher,R,Right,R,Right,"3.1 IP, ER, K, 0 BB",,,,,,,,,,,,,,,,3.1,1,3,0,1,0,37,0,0,0
2026-08-13,822696,,/api/v1.1/game/822696/feed/live,R,2026,2026-08-13,,day,P,N,N,Regular Season,3,3,1,Final,Final,3309,Nationals Park,120,Washington Nationals,WSH,7,True,112,Chicago Cubs,CHC,0,False,666171,Ryan Zeferjahn,Ryan,Zeferjahn,56,1998-02-28,28,"6' 5""",209,1,Pitcher,R,Right,R,Right,,,,,,,,,,,,,,,,,,,,,,,,,,
2026-08-13,822696,,/api/v1.1/game/822696/feed/live,R,2026,2026-08-13,,day,P,N,N,Regular Season,3,3,1,Final,Final,3309,Nationals Park,120,Washington Nationals,WSH,7,True,112,Chicago Cubs,CHC,0,False,656849,David Peterson,David,Peterson,19,1995-09-03,30,"6' 6""",240,1,Pitcher,L,Left,L,Left,,,,,,,,,,,,,,,,,,,,,,,,,,
2026-08-13,822696,,/api/v1.1/game/822696/feed/live,R,2026,2026-08-13,,day,P,N,N,Regular Season,3,3,1,Final,Final,3309,Nationals Park,120,Washington Nationals,WSH,7,True,112,Chicago Cubs,CHC,0,False,669020,Ryan Rolison,Ryan,Rolison,33,1997-07-11,29,"6' 2""",213,1,Pitcher,R,Right,L,Left,,,,,,,,,,,,,,,,,,,,,,,,,,
2026-08-13,822696,,/api/v1.1/game/822696/feed/live,R,2026,2026-08-13,,day,P,N,N,Regular Season,3,3,1,Final,Final,3309,Nationals Park,120,Washington Nationals,WSH,7,True,112,Chicago Cubs,CHC,0,False,663423,Trent Thornton,Trent,Thornton,49,1993-09-30,32,"6' 0""",190,1,Pitcher,R,Right,R,Right,,,,,,,,,,,,,,,,,,,,,,,,,,
2026-08-13,822696,,/api/v1.1/game/822696/feed/live,R,2026,2026-08-13,,day,P,N,N,Regular Season,3,3,1,Final,Final,3309,Nationals Park,120,Washington Nationals,WSH,7,True,112,Chicago Cubs,CHC,0,False,605280,Clay Holmes,Clayton,Holmes,25,1993-03-27,33,"6' 5""",245,1,Pitcher,R,Right,R,Right,,,,,,,,,,,,,,,,,,,,,,,,,,
2026-08-13,822696,,/api/v1.1/game/822696/feed/live,R,2026,2026-08-13,,day,P,N,N,Regular Season,3,3,1,Final,Final,3309,Nationals Park,120,Washington Nationals,WSH,7,True,112,Chicago Cubs,CHC,0,False,571510,Matthew Boyd,Matthew,Boyd,16,1991-02-02,35,"6' 3""",223,1,Pitcher,L,Left,L,Left,,,,,,,,,,,,,,,,,,,,,,,,,,
2026-08-13,822696,,/api/v1.1/game/822696/feed/live,R,2026,2026-08-13,,day,P,N,N,Regular Season,3,3,1,Final,Final,3309,Nationals Park,120,Washington Nationals,WSH,7,True,112,Chicago Cubs,CHC,0,False,701649,James Triantos,James,Triantos,5,2003-01-29,23,"5' 11""",195,4,Second Base,R,Right,R,Right,0-0,,0,0,0,0,0,0,0,0,0,0,0,0,0,0,,,,,,,,,,
2026-08-13,822696,,/api/v1.1/game/822696/feed/live,R,2026,2026-08-13,,day,P,N,N,Regular Season,3,3,1,Final,Final,3309,Nationals Park,120,Washington Nationals,WSH,7,True,112,Chicago Cubs,CHC,0,False,621020,Dansby Swanson,James,Swanson,7,1994-02-11,32,"6' 0""",190,6,Shortstop,R,Right,R,Right,"0-1 | 2 BB, K",,1,0,0,0,0,0,0,1,2,0,0,0,3,0,,,,,,,,,,
2026-08-13,822696,,/api/v1.1/game/822696/feed/live,R,2026,2026-08-13,,day,P,N,N,Regular Season,3,3,1,Final,Final,3309,Nationals Park,120,Washington Nationals,WSH,7,True,112,Chicago Cubs,CHC,0,False,607067,Colin Rea,Colin,Rea,53,1990-07-01,36,"6' 5""",220,1,Pitcher,R,Right,R,Right,,,,,,,,,,,,,,,,,,,,,,,,,,
2026-08-13,822696,,/api/v1.1/game/822696/feed/live,R,2026,2026-08-13,,day,P,N,N,Regular Season,3,3,1,Final,Final,3309,Nationals Park,120,Washington Nationals,WSH,7,True,112,Chicago Cubs,CHC,0,False,663538,Nico Hoerner,Nicholas,Hoerner,2,1997-05-13,29,"5' 11""",200,4,Second Base,R,Right,R,Right,,,,,,,,,,,,,,,,,,,,,,,,,,
2026-08-13,823669,,/api/v1.1/game/823669/feed/live,R,2026,2026-08-13,MLB at Field of Dreams,night,Y,N,N,Regular Season,1,3,1,Final,Final,5445,Field of Dreams,142,Minnesota Twins,MIN,1,False,143,Philadelphia Phillies,PHI,7,True,665152,Dean Kremer,Dean,Kremer,13,1996-01-07,30,"6' 2""",210,1,Pitcher,R,Right,R,Right,,,,,,,,,,,,,,,,,,,,,,,,,,
2026-08-13,823669,,/api/v1.1/game/823669/feed/live,R,2026,2026-08-13,MLB at Field of Dreams,night,Y,N,N,Regular Season,1,3,1,Final,Final,5445,Field of Dreams,142,Minnesota Twins,MIN,1,False,143,Philadelphia Phillies,PHI,7,True,667297,Tommy Nance,Thomas,Nance,35,1991-03-19,35,"6' 6""",235,1,Pitcher,R,Right,R,Right,"1.0 IP, 0 ER, K, 0 BB",,,,,,,,,,,,,,,,1.0,0,1,0,1,0,16,0,0,0
2026-08-13,823669,,/api/v1.1/game/823669/feed/live,R,2026,2026-08-13,MLB at Field of Dreams,night,Y,N,N,Regular Season,1,3,1,Final,Final,5445,Field of Dreams,142,Minnesota Twins,MIN,1,False,143,Philadelphia Phillies,PHI,7,True,671737,Taj Bradley,Taj,Bradley,26,2001-03-20,25,"6' 2""",220,1,Pitcher,R,Right,R,Right,"4.0 IP, 5 ER, 3 K, 4 BB",,,,,,,,,,,,,,,,4.0,5,7,2,3,4,89,0,1,0
2026-08-13,823669,,/api/v1.1/game/823669/feed/live,R,2026,2026-08-13,MLB at Field of Dreams,night,Y,N,N,Regular Season,1,3,1,Final,Final,5445,Field of Dreams,142,Minnesota Twins,MIN,1,False,143,Philadelphia Phillies,PHI,7,True,605170,Victor Caratini,Victor,Caratini,37,1993-08-17,32,"6' 0""",225,2,Catcher,S,Switch,R,Right,,,,,,,,,,,,,,,,,,,,,,,,,,
2026-08-13,823669,,/api/v1.1/game/823669/feed/live,R,2026,2026-08-13,MLB at Field of Dreams,night,Y,N,N,Regular Season,1,3,1,Final,Final,5445,Field of Dreams,142,Minnesota Twins,MIN,1,False,143,Philadelphia Phillies,PHI,7,True,665019,Kody Clemens,Kody,Clemens,2,1996-05-15,30,"6' 0""",200,3,First Base,L,Left,R,Right,0-4 | 3 K,,4,0,0,0,0,0,0,3,0,0,0,0,4,0,,,,,,,,,,
2026-08-13,823669,,/api/v1.1/game/823669/feed/live,R,2026,2026-08-13,MLB at Field of Dreams,night,Y,N,N,Regular Season,1,3,1,Final,Final,5445,Field of Dreams,142,Minnesota Twins,MIN,1,False,143,Philadelphia Phillies,PHI,7,True,686797,Brooks Lee,Brooks,Lee,22,2001-02-14,25,"6' 0""",205,5,Third Base,S,Switch,R,Right,0-4 | K,,4,0,0,0,0,0,0,1,0,0,0,0,4,0,,,,,,,,,,
2026-08-13,823669,,/api/v1.1/game/823669/feed/live,R,2026,2026-08-13,MLB at Field of Dreams,night,Y,N,N,Regular Season,1,3,1,Final,Final,5445,Field of Dreams,142,Minnesota Twins,MIN,1,False,143,Philadelphia Phillies,PHI,7,True,668885,Austin Martin,Christopher,Martin,16,1999-03-23,27,"5' 10""",185,9,Outfielder,R,Right,R,Right,,,,,,,,,,,,,,,,,,,,,,,,,,
2026-08-13,823669,,/api/v1.1/game/823669/feed/live,R,2026,2026-08-13,MLB at Field of Dreams,night,Y,N,N,Regular Season,1,3,1,Final,Final,5445,Field of Dreams,142,Minnesota Twins,MIN,1,False,143,Philadelphia Phillies,PHI,7,True,605137,Josh Bell,Joshua,Bell,56,1992-08-14,34,"6' 3""",261,10,Designated Hitter,S,Switch,R,Right,"0-3 | BB, K",,3,0,0,0,0,0,0,1,1,0,0,0,4,0,,,,,,,,,,
2026-08-13,823669,,/api/v1.1/game/823669/feed/live,R,2026,2026-08-13,MLB at Field of Dreams,night,Y,N,N,Regular Season,1,3,1,Final,Final,5445,Field of Dreams,142,Minnesota Twins,MIN,1,False,143,Philadelphia Phillies,PHI,7,True,656546,Jeff Hoffman,Jeffrey,Hoffman,24,1993-01-08,33,"6' 5""",235,1,Pitcher,R,Right,R,Right,,,,,,,,,,,,,,,,,,,,,,,,,,
2026-08-13,823669,,/api/v1.1/game/823669/feed/live,R,2026,2026-08-13,MLB at Field of Dreams,night,Y,N,N,Regular Season,1,3,1,Final,Final,5445,Field of Dreams,142,Minnesota Twins,MIN,1,False,143,Philadelphia Phillies,PHI,7,True,621345,A.J. Minter,Alex,Minter,33,1993-09-02,32,"6' 0""",215,1,Pitcher,L,Left,L,Left,,,,,,,,,,,,,,,,,,,,,,,,,,
2026-08-13,823669,,/api/v1.1/game/823669/feed/live,R,2026,2026-08-13,MLB at Field of Dreams,night,Y,N,N,Regular Season,1,3,1,Final,Final,5445,Field of Dreams,142,Minnesota Twins,MIN,1,False,143,Philadelphia Phillies,PHI,7,True,702176,Alan Roden,Alan,Roden,18,1999-12-22,26,"5' 11""",215,9,Outfielder,L,Left,R,Right,,,,,,,,,,,,,,,,,,,,,,,,,,
2026-08-13,823669,,/api/v1.1/game/823669/feed/live,R,2026,2026-08-13,MLB at Field of Dreams,night,Y,N,N,Regular Season,1,3,1,Final,Final,5445,Field of Dreams,142,Minnesota Twins,MIN,1,False,143,Philadelphia Phillies,PHI,7,True,701785,Kaelen Culpepper,Kaelen,Culpepper,12,2002-12-29,23,"5' 10""",185,6,Shortstop,R,Right,R,Right,1-4 | 2 K,,4,1,0,0,0,0,0,2,0,0,0,0,4,1,,,,,,,,,,
2026-08-13,823669,,/api/v1.1/game/823669/feed/live,R,2026,2026-08-13,MLB at Field of Dreams,night,Y,N,N,Regular Season,1,3,1,Final,Final,5445,Field of Dreams,142,Minnesota Twins,MIN,1,False,143,Philadelphia Phillies,PHI,7,True,687570,Connor Prielipp,Connor,Prielipp,61,2001-01-10,25,"6' 2""",210,1,Pitcher,L,Left,L,Left,,,,,,,,,,,,,,,,,,,,,,,,,,
2026-08-13,823669,,/api/v1.1/game/823669/feed/live,R,2026,2026-08-13,MLB at Field of Dreams,night,Y,N,N,Regular Season,1,3,1,Final,Final,5445,Field of Dreams,142,Minnesota Twins,MIN,1,False,143,Philadelphia Phillies,PHI,7,True,680777,Ryan Jeffers,Ryan,Jeffers,27,1997-06-03,29,"6' 2""",235,2,Catcher,R,Right,R,Right,"2-3 | BB, K",,3,2,0,0,0,0,0,1,1,0,0,0,4,2,,,,,,,,,,
2026-08-13,823669,,/api/v1.1/game/823669/feed/live,R,2026,2026-08-13,MLB at Field of Dreams,night,Y,N,N,Regular Season,1,3,1,Final,Final,5445,Field of Dreams,142,Minnesota Twins,MIN,1,False,143,Philadelphia Phillies,PHI,7,True,668952,Ryan Kreidler,Ryan,Kreidler,5,1997-11-12,28,"6' 3""",208,6,Shortstop,R,Right,R,Right,,,,,,,,,,,,,,,,,,,,,,,,,,
2026-08-13,823669,,/api/v1.1/game/823669/feed/live,R,2026,2026-08-13,MLB at Field of Dreams,night,Y,N,N,Regular Season,1,3,1,Final,Final,5445,Field of Dreams,142,Minnesota Twins,MIN,1,False,143,Philadelphia Phillies,PHI,7,True,573124,Taylor Rogers,Taylor,Rogers,55,1990-12-17,35,"6' 3""",190,1,Pitcher,L,Left,L,Left,"1.1 IP, 0 ER, 2 K, 0 BB",,,,,,,,,,,,,,,,1.1,0,0,0,2,0,10,0,0,0
2026-08-13,823669,,/api/v1.1/game/823669/feed/live,R,2026,2026-08-13,MLB at Field of Dreams,night,Y,N,N,Regular Season,1,3,1,Final,Final,5445,Field of Dreams,142,Minnesota Twins,MIN,1,False,143,Philadelphia Phillies,PHI,7,True,641927,Bailey Ober,John,Ober,17,1995-07-12,31,"6' 9""",260,1,Pitcher,R,Right,R,Right,,,,,,,,,,,,,,,,,,,,,,,,,,
2026-08-13,823669,,/api/v1.1/game/823669/feed/live,R,2026,2026-08-13,MLB at Field of Dreams,night,Y,N,N,Regular Season,1,3,1,Final,Final,5445,Field of Dreams,142,Minnesota Twins,MIN,1,False,143,Philadelphia Phillies,PHI,7,True,681892,Kody Funderburk,Kody,Funderburk,57,1996-11-27,29,"6' 4""",230,1,Pitcher,L,Left,L,Left,,,,,,,,,,,,,,,,,,,,,,,,,,
2026-08-13,823669,,/api/v1.1/game/823669/feed/live,R,2026,2026-08-13,MLB at Field of Dreams,night,Y,N,N,Regular Season,1,3,1,Final,Final,5445,Field of Dreams,142,Minnesota Twins,MIN,1,False,143,Philadelphia Phillies,PHI,7,True,701519,Travis Adams,Travis,Adams,45,2000-01-19,26,"6' 1""",197,1,Pitcher,R,Right,R,Right,"2.2 IP, 2 ER, K, 0 BB",,,,,,,,,,,,,,,,2.2,2,4,1,1,0,42,0,0,0
2026-08-13,823669,,/api/v1.1/game/823669/feed/live,R,2026,2026-08-13,MLB at Field of Dreams,night,Y,N,N,Regular Season,1,3,1,Final,Final,5445,Field of Dreams,142,Minnesota Twins,MIN,1,False,143,Philadelphia Phillies,PHI,7,True,668904,Royce Lewis,Royce,Lewis,23,1999-06-05,27,"6' 0""",200,3,First Base,R,Right,R,Right,0-4 | 2 K,,4,0,0,0,0,0,0,2,0,0,0,0,4,0,,,,,,,,,,
2026-08-13,823669,,/api/v1.1/game/823669/feed/live,R,2026,2026-08-13,MLB at Field of Dreams,night,Y,N,N,Regular Season,1,3,1,Final,Final,5445,Field of Dreams,142,Minnesota Twins,MIN,1,False,143,Philadelphia Phillies,PHI,7,True,663616,Trevor Larnach,Trevor,Larnach,9,1997-02-26,29,"6' 3""",223,7,Outfielder,L,Left,R,Right,2-5 | K,,5,2,0,0,0,0,0,1,0,0,0,0,5,2,,,,,,,,,,
2026-08-13,823669,,/api/v1.1/game/823669/feed/live,R,2026,2026-08-13,MLB at Field of Dreams,night,Y,N,N,Regular Season,1,3,1,Final,Final,5445,Field of Dreams,142,Minnesota Twins,MIN,1,False,143,Philadelphia Phillies,PHI,7,True,621439,Byron Buxton,Byron,Buxton,25,1993-12-18,32,"6' 1""",190,8,Outfielder,R,Right,R,Right,1-4 | 2B,,4,1,1,0,0,0,0,0,0,0,0,0,4,2,,,,,,,,,,
2026-08-13,823669,,/api/v1.1/game/823669/feed/live,R,2026,2026-08-13,MLB at Field of Dreams,night,Y,N,N,Regular Season,1,3,1,Final,Final,5445,Field of Dreams,142,Minnesota Twins,MIN,1,False,143,Philadelphia Phillies,PHI,7,True,672782,Yoendrys Gómez,Yoendrys,Gómez,94,1999-10-15,26,"6' 3""",212,1,Pitcher,R,Right,R,Right,,,,,,,,,,,,,,,,,,,,,,,,,,
2026-08-13,823669,,/api/v1.1/game/823669/feed/live,R,2026,2026-08-13,MLB at Field of Dreams,night,Y,N,N,Regular Season,1,3,1,Final,Final,5445,Field of Dreams,142,Minnesota Twins,MIN,1,False,143,Philadelphia Phillies,PHI,7,True,805673,Zebby Matthews,Daniel,Matthews,52,2000-05-22,26,"6' 5""",225,1,Pitcher,R,Right,R,Right,,,,,,,,,,,,,,,,,,,,,,,,,,
2026-08-13,823669,,/api/v1.1/game/823669/feed/live,R,2026,2026-08-13,MLB at Field of Dreams,night,Y,N,N,Regular Season,1,3,1,Final,Final,5445,Field of Dreams,142,Minnesota Twins,MIN,1,False,143,Philadelphia Phillies,PHI,7,True,656577,Alex Jackson,Alexander,Jackson,70,1995-12-25,30,"6' 1""",238,2,Catcher,R,Right,R,Right,,,,,,,,,,,,,,,,,,,,,,,,,,
2026-08-13,823669,,/api/v1.1/game/823669/feed/live,R,2026,2026-08-13,MLB at Field of Dreams,night,Y,N,N,Regular Season,1,3,1,Final,Final,5445,Field of Dreams,142,Minnesota Twins,MIN,1,False,143,Philadelphia Phillies,PHI,7,True,702193,Andrew Morris,Andrew,Morris,78,2001-09-01,24,"6' 0""",195,1,Pitcher,R,Right,R,Right,,,,,,,,,,,,,,,,,,,,,,,,,,
2026-08-13,823669,,/api/v1.1/game/823669/feed/live,R,2026,2026-08-13,MLB at Field of Dreams,night,Y,N,N,Regular Season,1,3,1,Final,Final,5445,Field of Dreams,142,Minnesota Twins,MIN,1,False,143,Philadelphia Phillies,PHI,7,True,807712,Luke Keaschall,Luke,Keaschall,15,2002-08-15,23,"6' 0""",190,4,Second Base,R,Right,R,Right,"2-3 | HR, 2B, BB",,3,2,1,0,1,1,1,1,1,0,0,0,4,6,,,,,,,,,,
2026-08-13,823669,,/api/v1.1/game/823669/feed/live,R,2026,2026-08-13,MLB at Field of Dreams,night,Y,N,N,Regular Season,1,3,1,Final,Final,5445,Field of Dreams,142,Minnesota Twins,MIN,1,False,143,Philadelphia Phillies,PHI,7,True,670224,Kameron Misner,Kameron,Misner,18,1998-01-09,28,"6' 3""",220,8,Outfielder,L,Left,L,Left,,,,,,,,,,,,,,,,,,,,,,,,,,
2026-08-13,823669,,/api/v1.1/game/823669/feed/live,R,2026,2026-08-13,MLB at Field of Dreams,night,Y,N,N,Regular Season,1,3,1,Final,Final,5445,Field of Dreams,142,Minnesota Twins,MIN,1,False,143,Philadelphia Phillies,PHI,7,True,669016,Brandon Marsh,Brandon,Marsh,16,1997-12-18,28,"6' 2""",215,7,Outfielder,L,Left,R,Right,"2-2 | HR, 2 BB, 2 RBI",,2,2,0,0,1,2,2,0,2,1,0,0,4,5,,,,,,,,,,
2026-08-13,823669,,/api/v1.1/game/823669/feed/live,R,2026,2026-08-13,MLB at Field of Dreams,night,Y,N,N,Regular Season,1,3,1,Final,Final,5445,Field of Dreams,142,Minnesota Twins,MIN,1,False,143,Philadelphia Phillies,PHI,7,True,666200,Jesús Luzardo,Jesús,Luzardo,44,1997-09-30,28,"6' 0""",218,1,Pitcher,L,Left,L,Left,,,,,,,,,,,,,,,,,,,,,,,,,,
2026-08-13,823669,,/api/v1.1/game/823669/feed/live,R,2026,2026-08-13,MLB at Field of Dreams,night,Y,N,N,Regular Season,1,3,1,Final,Final,5445,Field of Dreams,142,Minnesota Twins,MIN,1,False,143,Philadelphia Phillies,PHI,7,True,621237,José Alvarado,José,Alvarado,46,1995-05-21,31,"6' 2""",245,1,Pitcher,L,Left,L,Left,,,,,,,,,,,,,,,,,,,,,,,,,,
2026-08-13,823669,,/api/v1.1/game/823669/feed/live,R,2026,2026-08-13,MLB at Field of Dreams,night,Y,N,N,Regular Season,1,3,1,Final,Final,5445,Field of Dreams,142,Minnesota Twins,MIN,1,False,143,Philadelphia Phillies,PHI,7,True,702222,Justin Crawford,Justin,Crawford,2,2004-01-13,22,"6' 2""",188,8,Outfielder,L,Left,R,Right,1-4 | K,,4,1,0,0,0,0,0,1,0,0,0,0,4,1,,,,,,,,,,
2026-08-13,823669,,/api/v1.1/game/823669/feed/live,R,2026,2026-08-13,MLB at Field of Dreams,night,Y,N,N,Regular Season,1,3,1,Final,Final,5445,Field of Dreams,142,Minnesota Twins,MIN,1,False,143,Philadelphia Phillies,PHI,7,True,650559,Bryan De La Cruz,Bryan,De La Cruz,41,1996-12-16,29,"6' 0""",175,9,Outfielder,R,Right,R,Right,,,,,,,,,,,,,,,,,,,,,,,,,,
2026-08-13,823669,,/api/v1.1/game/823669/feed/live,R,2026,2026-08-13,MLB at Field of Dreams,night,Y,N,N,Regular Season,1,3,1,Final,Final,5445,Field of Dreams,142,Minnesota Twins,MIN,1,False,143,Philadelphia Phillies,PHI,7,True,650911,Cristopher Sánchez,Cristopher,Sánchez,61,1996-12-12,29,"6' 6""",200,1,Pitcher,L,Left,L,Left,,,,,,,,,,,,,,,,,,,,,,,,,,
2026-08-13,823669,,/api/v1.1/game/823669/feed/live,R,2026,2026-08-13,MLB at Field of Dreams,night,Y,N,N,Regular Season,1,3,1,Final,Final,5445,Field of Dreams,142,Minnesota Twins,MIN,1,False,143,Philadelphia Phillies,PHI,7,True,547180,Bryce Harper,Bryce,Harper,3,1992-10-16,33,"6' 1""",210,3,First Base,L,Left,R,Right,"1-4 | BB, 2 K, RBI",,4,1,0,0,0,1,1,2,1,0,0,0,5,1,,,,,,,,,,
2026-08-13,823669,,/api/v1.1/game/823669/feed/live,R,2026,2026-08-13,MLB at Field of Dreams,night,Y,N,N,Regular Season,1,3,1,Final,Final,5445,Field of Dreams,142,Minnesota Twins,MIN,1,False,143,Philadelphia Phillies,PHI,7,True,592663,J.T. Realmuto,Jacob,Realmuto,10,1991-03-18,35,"6' 0""",212,2,Catcher,R,Right,R,Right,0-4 | K,,4,0,0,0,0,0,0,1,0,0,0,0,4,0,,,,,,,,,,
2026-08-13,823669,,/api/v1.1/game/823669/feed/live,R,2026,2026-08-13,MLB at Field of Dreams,night,Y,N,N,Regular Season,1,3,1,Final,Final,5445,Field of Dreams,142,Minnesota Twins,MIN,1,False,143,Philadelphia Phillies,PHI,7,True,554430,Zack Wheeler,Zachary,Wheeler,45,1990-05-30,36,"6' 4""",195,1,Pitcher,L,Left,R,Right,,,,,,,,,,,,,,,,,,,,,,,,,,
2026-08-13,823669,,/api/v1.1/game/823669/feed/live,R,2026,2026-08-13,MLB at Field of Dreams,night,Y,N,N,Regular Season,1,3,1,Final,Final,5445,Field of Dreams,142,Minnesota Twins,MIN,1,False,143,Philadelphia Phillies,PHI,7,True,661395,Jhoan Duran,Jhoan,Duran,59,1998-01-08,28,"6' 5""",230,1,Pitcher,R,Right,R,Right,"1.0 IP, 0 ER, 0 K, 0 BB",,,,,,,,,,,,,,,,1.0,0,1,0,0,0,9,0,0,0
2026-08-13,823669,,/api/v1.1/game/823669/feed/live,R,2026,2026-08-13,MLB at Field of Dreams,night,Y,N,N,Regular Season,1,3,1,Final,Final,5445,Field of Dreams,142,Minnesota Twins,MIN,1,False,143,Philadelphia Phillies,PHI,7,True,624641,Edmundo Sosa,Edmundo,Sosa,33,1996-03-06,30,"5' 11""",210,7,Outfielder,R,Right,R,Right,,,,,,,,,,,,,,,,,,,,,,,,,,
2026-08-13,823669,,/api/v1.1/game/823669/feed/live,R,2026,2026-08-13,MLB at Field of Dreams,night,Y,N,N,Regular Season,1,3,1,Final,Final,5445,Field of Dreams,142,Minnesota Twins,MIN,1,False,143,Philadelphia Phillies,PHI,7,True,689147,Orion Kerkering,Richard,Kerkering,50,2001-04-04,25,"6' 2""",204,1,Pitcher,R,Right,R,Right,"1.0 IP, 0 ER, K, 0 BB",,,,,,,,,,,,,,,,1.0,0,0,0,1,0,16,0,0,0
2026-08-13,823669,,/api/v1.1/game/823669/feed/live,R,2026,2026-08-13,MLB at Field of Dreams,night,Y,N,N,Regular Season,1,3,1,Final,Final,5445,Field of Dreams,142,Minnesota Twins,MIN,1,False,143,Philadelphia Phillies,PHI,7,True,664761,Alec Bohm,Alec,Bohm,28,1996-08-03,30,"6' 4""",218,5,Third Base,R,Right,R,Right,"1-5 | 2B, 2 K, R",,5,1,1,0,0,0,1,2,0,0,0,0,5,2,,,,,,,,,,
2026-08-13,823669,,/api/v1.1/game/823669/feed/live,R,2026,2026-08-13,MLB at Field of Dreams,night,Y,N,N,Regular Season,1,3,1,Final,Final,5445,Field of Dreams,142,Minnesota Twins,MIN,1,False,143,Philadelphia Phillies,PHI,7,True,680742,Jonathan Bowlan,Jonathan,Bowlan,52,1996-12-01,29,"6' 6""",240,1,Pitcher,R,Right,R,Right,"1.0 IP, 0 ER, 0 K, 0 BB",,,,,,,,,,,,,,,,1.0,0,1,0,0,0,12,0,0,0
2026-08-13,823669,,/api/v1.1/game/823669/feed/live,R,2026,2026-08-13,MLB at Field of Dreams,night,Y,N,N,Regular Season,1,3,1,Final,Final,5445,Field of Dreams,142,Minnesota Twins,MIN,1,False,143,Philadelphia Phillies,PHI,7,True,663767,Chase Shugart,Chase,Shugart,55,1996-10-24,29,"5' 11""",200,1,Pitcher,L,Left,R,Right,,,,,,,,,,,,,,,,,,,,,,,,,,
2026-08-13,823669,,/api/v1.1/game/823669/feed/live,R,2026,2026-08-13,MLB at Field of Dreams,night,Y,N,N,Regular Season,1,3,1,Final,Final,5445,Field of Dreams,142,Minnesota Twins,MIN,1,False,143,Philadelphia Phillies,PHI,7,True,641835,Tim Mayza,Timothy,Mayza,37,1992-01-15,34,"6' 3""",215,1,Pitcher,L,Left,L,Left,,,,,,,,,,,,,,,,,,,,,,,,,,
2026-08-13,823669,,/api/v1.1/game/823669/feed/live,R,2026,2026-08-13,MLB at Field of Dreams,night,Y,N,N,Regular Season,1,3,1,Final,Final,5445,Field of Dreams,142,Minnesota Twins,MIN,1,False,143,Philadelphia Phillies,PHI,7,True,681082,Bryson Stott,Bryson,Stott,5,1997-10-06,28,"6' 0""",200,4,Second Base,L,Left,R,Right,1-5 | RBI,,5,1,0,0,0,1,0,0,0,0,0,1,5,1,,,,,,,,,,
2026-08-13,823669,,/api/v1.1/game/823669/feed/live,R,2026,2026-08-13,MLB at Field of Dreams,night,Y,N,N,Regular Season,1,3,1,Final,Final,5445,Field of Dreams,142,Minnesota Twins,MIN,1,False,143,Philadelphia Phillies,PHI,7,True,656941,Kyle Schwarber,Kyle,Schwarber,12,1993-03-05,33,"5' 11""",229,10,Designated Hitter,L,Left,R,Right,"2-5 | 2 HR, K, 3 RBI",,5,2,0,0,2,3,2,1,0,0,0,0,5,8,,,,,,,,,,
2026-08-13,823669,,/api/v1.1/game/823669/feed/live,R,2026,2026-08-13,MLB at Field of Dreams,night,Y,N,N,Regular Season,1,3,1,Final,Final,5445,Field of Dreams,142,Minnesota Twins,MIN,1,False,143,Philadelphia Phillies,PHI,7,True,596117,Garrett Stubbs,Garrett,Stubbs,21,1993-05-26,33,"5' 9""",170,2,Catcher,L,Left,R,Right,,,,,,,,,,,,,,,,,,,,,,,,,,
2026-08-13,823669,,/api/v1.1/game/823669/feed/live,R,2026,2026-08-13,MLB at Field of Dreams,night,Y,N,N,Regular Season,1,3,1,Final,Final,5445,Field of Dreams,142,Minnesota Twins,MIN,1,False,143,Philadelphia Phillies,PHI,7,True,686934,Alex McFarlane,Alexander,McFarlane,71,2001-06-09,25,"6' 3""",215,1,Pitcher,R,Right,R,Right,,,,,,,,,,,,,,,,,,,,,,,,,,
2026-08-13,823669,,/api/v1.1/game/823669/feed/live,R,2026,2026-08-13,MLB at Field of Dreams,night,Y,N,N,Regular Season,1,3,1,Final,Final,5445,Field of Dreams,142,Minnesota Twins,MIN,1,False,143,Philadelphia Phillies,PHI,7,True,605400,Aaron Nola,Aaron,Nola,27,1993-06-04,33,"6' 2""",200,1,Pitcher,R,Right,R,Right,"5.0 IP, ER, 9 K, 3 BB",,,,,,,,,,,,,,,,5.0,1,5,1,9,3,97,1,0,0
2026-08-13,823669,,/api/v1.1/game/823669/feed/live,R,2026,2026-08-13,MLB at Field of Dreams,night,Y,N,N,Regular Season,1,3,1,Final,Final,5445,Field of Dreams,142,Minnesota Twins,MIN,1,False,143,Philadelphia Phillies,PHI,7,True,548384,Brooks Raley,Brooks,Raley,30,1988-06-29,38,"6' 3""",200,1,Pitcher,L,Left,L,Left,"1.0 IP, 0 ER, 2 K, 0 BB",,,,,,,,,,,,,,,,1.0,0,1,0,2,0,14,0,0,0
2026-08-13,823669,,/api/v1.1/game/823669/feed/live,R,2026,2026-08-13,MLB at Field of Dreams,night,Y,N,N,Regular Season,1,3,1,Final,Final,5445,Field of Dreams,142,Minnesota Twins,MIN,1,False,143,Philadelphia Phillies,PHI,7,True,607208,Trea Turner,Trea,Turner,7,1993-06-30,33,"6' 1""",185,6,Shortstop,R,Right,R,Right,"1-4 | 2B, BB, R",,4,1,1,0,0,0,1,0,1,0,0,0,5,2,,,,,,,,,,
2026-08-13,823669,,/api/v1.1/game/823669/feed/live,R,2026,2026-08-13,MLB at Field of Dreams,night,Y,N,N,Regular Season,1,3,1,Final,Final,5445,Field of Dreams,142,Minnesota Twins,MIN,1,False,143,Philadelphia Phillies,PHI,7,True,650333,Luis Arraez,Luis,Arraez,4,1997-04-09,29,"5' 10""",186,4,Second Base,L,Left,R,Right,3-5,,5,3,0,0,0,0,0,0,0,0,0,0,5,3,,,,,,,,,,
2026-08-13,823669,,/api/v1.1/game/823669/feed/live,R,2026,2026-08-13,MLB at Field of Dreams,night,Y,N,N,Regular Season,1,3,1,Final,Final,5445,Field of Dreams,142,Minnesota Twins,MIN,1,False,143,Philadelphia Phillies,PHI,7,True,656537,Derek Hill,Derek,Hill,49,1995-12-30,30,"6' 0""",206,8,Outfielder,R,Right,R,Right,0-0,,0,0,0,0,0,0,0,0,0,0,0,0,0,0,,,,,,,,,,
2026-08-13,823669,,/api/v1.1/game/823669/feed/live,R,2026,2026-08-13,MLB at Field of Dreams,night,Y,N,N,Regular Season,1,3,1,Final,Final,5445,Field of Dreams,142,Minnesota Twins,MIN,1,False,143,Philadelphia Phillies,PHI,7,True,691725,Andrew Painter,Andrew,Painter,24,2003-04-10,23,"6' 7""",215,1,Pitcher,R,Right,R,Right,,,,,,,,,,,,,,,,,,,,,,,,,,
2026-08-13,823995,,/api/v1.1/game/823995/feed/live,R,2026,2026-08-13,,night,P,N,N,Regular Season,4,4,1,Final,Final,1,Angel Stadium,108,Los Angeles Angels,LAA,7,True,140,Texas Rangers,TEX,0,False,624428,Adam Frazier,Adam,Frazier,20,1991-12-14,34,"5' 10""",190,4,Second Base,L,Left,R,Right,"2-4 | K, RBI, R",,4,2,0,0,0,1,1,1,0,1,0,0,4,2,,,,,,,,,,
2026-08-13,823995,,/api/v1.1/game/823995/feed/live,R,2026,2026-08-13,,night,P,N,N,Regular Season,4,4,1,Final,Final,1,Angel Stadium,108,Los Angeles Angels,LAA,7,True,140,Texas Rangers,TEX,0,False,642350,Jose Siri,Jose,Siri,28,1995-07-22,31,"6' 2""",210,8,Outfielder,R,Right,R,Right,"1-4 | 2 K, 2 RBI",,4,1,0,0,0,2,0,2,0,0,0,0,4,1,,,,,,,,,,
2026-08-13,823995,,/api/v1.1/game/823995/feed/live,R,2026,2026-08-13,,night,P,N,N,Regular Season,4,4,1,Final,Final,1,Angel Stadium,108,Los Angeles Angels,LAA,7,True,140,Texas Rangers,TEX,0,False,672724,Oswald Peraza,Oswald,Peraza,2,2000-06-15,26,"5' 11""",200,4,Second Base,R,Right,R,Right,,,,,,,,,,,,,,,,,,,,,,,,,,
2026-08-13,823995,,/api/v1.1/game/823995/feed/live,R,2026,2026-08-13,,night,P,N,N,Regular Season,4,4,1,Final,Final,1,Angel Stadium,108,Los Angeles Angels,LAA,7,True,140,Texas Rangers,TEX,0,False,687263,Zach Neto,Zachary,Neto,9,2001-01-31,25,"5' 11""",185,6,Shortstop,R,Right,R,Right,,,,,,,,,,,,,,,,,,,,,,,,,,
2026-08-13,823995,,/api/v1.1/game/823995/feed/live,R,2026,2026-08-13,,night,P,N,N,Regular Season,4,4,1,Final,Final,1,Angel Stadium,108,Los Angeles Angels,LAA,7,True,140,Texas Rangers,TEX,0,False,518595,Travis d'Arnaud,Travis,d'Arnaud,25,1989-02-10,37,"6' 0""",210,2,Catcher,R,Right,R,Right,,,,,,,,,,,,,,,,,,,,,,,,,,
2026-08-13,823995,,/api/v1.1/game/823995/feed/live,R,2026,2026-08-13,,night,P,N,N,Regular Season,4,4,1,Final,Final,1,Angel Stadium,108,Los Angeles Angels,LAA,7,True,140,Texas Rangers,TEX,0,False,696270,Ryan Johnson,Ryan,Johnson,32,2002-08-05,24,"6' 6""",215,1,Pitcher,S,Switch,R,Right,,,,,,,,,,,,,,,,,,,,,,,,,,
2026-08-13,823995,,/api/v1.1/game/823995/feed/live,R,2026,2026-08-13,,night,P,N,N,Regular Season,4,4,1,Final,Final,1,Angel Stadium,108,Los Angeles Angels,LAA,7,True,140,Texas Rangers,TEX,0,False,690829,Ben Joyce,Benjamin,Joyce,44,2000-09-17,25,"6' 5""",225,1,Pitcher,R,Right,R,Right,,,,,,,,,,,,,,,,,,,,,,,,,,
2026-08-13,823995,,/api/v1.1/game/823995/feed/live,R,2026,2026-08-13,,night,P,N,N,Regular Season,4,4,1,Final,Final,1,Angel Stadium,108,Los Angeles Angels,LAA,7,True,140,Texas Rangers,TEX,0,False,680570,Grayson Rodriguez,Grayson,Rodriguez,21,1999-11-16,26,"6' 5""",230,1,Pitcher,L,Left,R,Right,,,,,,,,,,,,,,,,,,,,,,,,,,
2026-08-13,823995,,/api/v1.1/game/823995/feed/live,R,2026,2026-08-13,,night,P,N,N,Regular Season,4,4,1,Final,Final,1,Angel Stadium,108,Los Angeles Angels,LAA,7,True,140,Texas Rangers,TEX,0,False,545361,Mike Trout,Michael,Trout,27,1991-08-07,35,"6' 1""",235,8,Outfielder,R,Right,R,Right,"3-5 | K, RBI, R",,5,3,0,0,0,1,1,1,0,0,0,0,5,3,,,,,,,,,,
2026-08-13,823995,,/api/v1.1/game/823995/feed/live,R,2026,2026-08-13,,night,P,N,N,Regular Season,4,4,1,Final,Final,1,Angel Stadium,108,Los Angeles Angels,LAA,7,True,140,Texas Rangers,TEX,0,False,694208,Moisés Ballesteros,Moisés,Ballesteros,13,2003-11-08,22,"5' 8""",195,2,Catcher,L,Left,R,Right,"1-5 | K, R",,5,1,0,0,0,0,1,1,0,0,0,0,5,1,,,,,,,,,,
2026-08-13,823995,,/api/v1.1/game/823995/feed/live,R,2026,2026-08-13,,night,P,N,N,Regular Season,4,4,1,Final,Final,1,Angel Stadium,108,Los Angeles Angels,LAA,7,True,140,Texas Rangers,TEX,0,False,820862,José Fermin,Jose,Fermin,65,2001-11-28,24,"6' 3""",242,1,Pitcher,R,Right,R,Right,"1.0 IP, 0 ER, K, 0 BB",,,,,,,,,,,,,,,,1.0,0,1,0,1,0,15,0,0,0
2026-08-13,823995,,/api/v1.1/game/823995/feed/live,R,2026,2026-08-13,,night,P,N,N,Regular Season,4,4,1,Final,Final,1,Angel Stadium,108,Los Angeles Angels,LAA,7,True,140,Texas Rangers,TEX,0,False,694203,Denzer Guzman,Denzer,Guzman,23,2004-02-08,22,"6' 1""",190,5,Third Base,R,Right,R,Right,"3-4 | K, RBI, 2 R",,4,3,0,0,0,1,2,1,0,0,0,0,4,3,,,,,,,,,,
2026-08-13,823995,,/api/v1.1/game/823995/feed/live,R,2026,2026-08-13,,night,P,N,N,Regular Season,4,4,1,Final,Final,1,Angel Stadium,108,Los Angeles Angels,LAA,7,True,140,Texas Rangers,TEX,0,False,687093,Vaughn Grissom,Vaughn,Grissom,5,2001-01-05,25,"6' 2""",210,4,Second Base,R,Right,R,Right,"1-5 | K, R, SB",,5,1,0,0,0,0,1,1,0,1,0,1,5,1,,,,,,,,,,
2026-08-13,823995,,/api/v1.1/game/823995/feed/live,R,2026,2026-08-13,,night,P,N,N,Regular Season,4,4,1,Final,Final,1,Angel Stadium,108,Los Angeles Angels,LAA,7,True,140,Texas Rangers,TEX,0,False,694384,Nolan Schanuel,Nolan,Schanuel,18,2002-02-14,24,"6' 2""",220,3,First Base,L,Left,R,Right,"1-3 | 2 BB, R",,3,1,0,0,0,0,1,0,2,0,0,0,5,1,,,,,,,,,,
2026-08-13,823995,,/api/v1.1/game/823995/feed/live,R,2026,2026-08-13,,night,P,N,N,Regular Season,4,4,1,Final,Final,1,Angel Stadium,108,Los Angeles Angels,LAA,7,True,140,Texas Rangers,TEX,0,False,685133,Wade Meckler,Wade,Meckler,53,2000-04-21,26,"5' 9""",190,7,Outfielder,L,Left,R,Right,"1-4 | BB, K",,4,1,0,0,0,0,0,1,1,0,0,0,5,1,,,,,,,,,,
2026-08-13,823995,,/api/v1.1/game/823995/feed/live,R,2026,2026-08-13,,night,P,N,N,Regular Season,4,4,1,Final,Final,1,Angel Stadium,108,Los Angeles Angels,LAA,7,True,140,Texas Rangers,TEX,0,False,666139,Josh Lowe,Joshua,Lowe,3,1998-02-02,28,"6' 3""",220,7,Outfielder,L,Left,R,Right,"2-4 | 2B, 2 K, 2 RBI",,4,2,1,0,0,2,0,2,0,0,0,0,4,3,,,,,,,,,,
2026-08-13,823995,,/api/v1.1/game/823995/feed/live,R,2026,2026-08-13,,night,P,N,N,Regular Season,4,4,1,Final,Final,1,Angel Stadium,108,Los Angeles Angels,LAA,7,True,140,Texas Rangers,TEX,0,False,623168,Tyler Heineman,Tyler,Heineman,31,1991-06-19,35,"5' 10""",190,2,Catcher,S,Switch,R,Right,,,,,,,,,,,,,,,,,,,,,,,,,,
2026-08-13,823995,,/api/v1.1/game/823995/feed/live,R,2026,2026-08-13,,night,P,N,N,Regular Season,4,4,1,Final,Final,1,Angel Stadium,108,Los Angeles Angels,LAA,7,True,140,Texas Rangers,TEX,0,False,642048,Tayler Saucedo,Tayler,Saucedo,55,1993-06-18,33,"6' 4""",205,1,Pitcher,L,Left,L,Left,"1.0 IP, 0 ER, 0 K, 0 BB",,,,,,,,,,,,,,,,1.0,0,2,0,0,0,12,0,0,0
2026-08-13,823995,,/api/v1.1/game/823995/feed/live,R,2026,2026-08-13,,night,P,N,N,Regular Season,4,4,1,Final,Final,1,Angel Stadium,108,Los Angeles Angels,LAA,7,True,140,Texas Rangers,TEX,0,False,684665,Luke Murphy,Luke,Murphy,72,1999-11-05,26,"6' 5""",190,1,Pitcher,R,Right,R,Right,,,,,,,,,,,,,,,,,,,,,,,,,,
2026-08-13,823995,,/api/v1.1/game/823995/feed/live,R,2026,2026-08-13,,night,P,N,N,Regular Season,4,4,1,Final,Final,1,Angel Stadium,108,Los Angeles Angels,LAA,7,True,140,Texas Rangers,TEX,0,False,700712,Walbert Ureña,Walbert,Ureña,57,2004-01-25,22,"6' 0""",210,1,Pitcher,R,Right,R,Right,"6.0 IP, 0 ER, 5 K, 2 BB",,,,,,,,,,,,,,,,6.0,0,2,0,5,2,100,1,0,0
2026-08-13,823995,,/api/v1.1/game/823995/feed/live,R,2026,2026-08-13,,night,P,N,N,Regular Season,4,4,1,Final,Final,1,Angel Stadium,108,Los Angeles Angels,LAA,7,True,140,Texas Rangers,TEX,0,False,691946,George Klassen,George,Klassen,58,2002-01-26,24,"6' 2""",195,1,Pitcher,R,Right,R,Right,,,,,,,,,,,,,,,,,,,,,,,,,,
2026-08-13,823995,,/api/v1.1/game/823995/feed/live,R,2026,2026-08-13,,night,P,N,N,Regular Season,4,4,1,Final,Final,1,Angel Stadium,108,Los Angeles Angels,LAA,7,True,140,Texas Rangers,TEX,0,False,672282,Reid Detmers,Reid,Detmers,48,1999-07-08,27,"6' 2""",210,1,Pitcher,L,Left,L,Left,,,,,,,,,,,,,,,,,,,,,,,,,,
2026-08-13,823995,,/api/v1.1/game/823995/feed/live,R,2026,2026-08-13,,night,P,N,N,Regular Season,4,4,1,Final,Final,1,Angel Stadium,108,Los Angeles Angels,LAA,7,True,140,Texas Rangers,TEX,0,False,676620,Blake Weiman,Blake,Weiman,68,1995-11-05,30,"6' 3""",225,1,Pitcher,R,Right,L,Left,,,,,,,,,,,,,,,,,,,,,,,,,,
2026-08-13,823995,,/api/v1.1/game/823995/feed/live,R,2026,2026-08-13,,night,P,N,N,Regular Season,4,4,1,Final,Final,1,Angel Stadium,108,Los Angeles Angels,LAA,7,True,140,Texas Rangers,TEX,0,False,696519,Samy Natera Jr.,Samuel,Natera,52,1999-11-05,26,"6' 4""",230,1,Pitcher,L,Left,L,Left,,,,,,,,,,,,,,,,,,,,,,,,,,
2026-08-13,823995,,/api/v1.1/game/823995/feed/live,R,2026,2026-08-13,,night,P,N,N,Regular Season,4,4,1,Final,Final,1,Angel Stadium,108,Los Angeles Angels,LAA,7,True,140,Texas Rangers,TEX,0,False,671111,Sammy Peralta,Samuel,Peralta,67,1998-05-10,28,"6' 1""",214,1,Pitcher,L,Left,L,Left,"1.0 IP, 0 ER, 2 K, 0 BB",,,,,,,,,,,,,,,,1.0,0,0,0,2,0,10,0,0,0
2026-08-13,823995,,/api/v1.1/game/823995/feed/live,R,2026,2026-08-13,,night,P,N,N,Regular Season,4,4,1,Final,Final,1,Angel Stadium,108,Los Angeles Angels,LAA,7,True,140,Texas Rangers,TEX,0,False,670245,Ryan Watson,Ryan,Watson,56,1997-11-15,28,"6' 5""",225,1,Pitcher,R,Right,R,Right,,,,,,,,,,,,,,,,,,,,,,,,,,
2026-08-13,823995,,/api/v1.1/game/823995/feed/live,R,2026,2026-08-13,,night,P,N,N,Regular Season,4,4,1,Final,Final,1,Angel Stadium,108,Los Angeles Angels,LAA,7,True,140,Texas Rangers,TEX,0,False,694497,Evan Carter,Evan,Carter,32,2002-08-29,23,"6' 2""",190,8,Outfielder,L,Left,R,Right,1-4 | K,,4,1,0,0,0,0,0,1,0,0,0,0,4,1,,,,,,,,,,
2026-08-13,823995,,/api/v1.1/game/823995/feed/live,R,2026,2026-08-13,,night,P,N,N,Regular Season,4,4,1,Final,Final,1,Angel Stadium,108,Los Angeles Angels,LAA,7,True,140,Texas Rangers,TEX,0,False,694671,Wyatt Langford,Wyatt,Langford,36,2001-11-15,24,"6' 0""",225,7,Outfielder,R,Right,R,Right,1-4 | 2 K,,4,1,0,0,0,0,0,2,0,0,0,0,4,1,,,,,,,,,,
2026-08-13,823995,,/api/v1.1/game/823995/feed/live,R,2026,2026-08-13,,night,P,N,N,Regular Season,4,4,1,Final,Final,1,Angel Stadium,108,Los Angeles Angels,LAA,7,True,140,Texas Rangers,TEX,0,False,677958,Kumar Rocker,Kumar,Rocker,80,1999-11-22,26,"6' 5""",245,1,Pitcher,R,Right,R,Right,,,,,,,,,,,,,,,,,,,,,,,,,,
2026-08-13,823995,,/api/v1.1/game/823995/feed/live,R,2026,2026-08-13,,night,P,N,N,Regular Season,4,4,1,Final,Final,1,Angel Stadium,108,Los Angeles Angels,LAA,7,True,140,Texas Rangers,TEX,0,False,669394,Jake Burger,Jacob,Burger,21,1996-04-10,30,"6' 0""",230,3,First Base,R,Right,R,Right,,,,,,,,,,,,,,,,,,,,,,,,,,
2026-08-13,823995,,/api/v1.1/game/823995/feed/live,R,2026,2026-08-13,,night,P,N,N,Regular Season,4,4,1,Final,Final,1,Angel Stadium,108,Los Angeles Angels,LAA,7,True,140,Texas Rangers,TEX,0,False,682608,Peyton Gray,Peyton,Gray,75,1995-06-02,31,"6' 4""",235,1,Pitcher,R,Right,R,Right,"1.0 IP, 0 ER, 2 K, 0 BB",,,,,,,,,,,,,,,,1.0,0,0,0,2,0,16,0,0,0
2026-08-13,823995,,/api/v1.1/game/823995/feed/live,R,2026,2026-08-13,,night,P,N,N,Regular Season,4,4,1,Final,Final,1,Angel Stadium,108,Los Angeles Angels,LAA,7,True,140,Texas Rangers,TEX,0,False,641302,Tyler Alexander,Tyler,Alexander,13,1994-07-14,32,"6' 1""",214,1,Pitcher,R,Right,L,Left,"1.0 IP, 0 ER, 0 K, 0 BB",,,,,,,,,,,,,,,,1.0,0,0,0,0,0,17,0,0,0
2026-08-13,823995,,/api/v1.1/game/823995/feed/live,R,2026,2026-08-13,,night,P,N,N,Regular Season,4,4,1,Final,Final,1,Angel Stadium,108,Los Angeles Angels,LAA,7,True,140,Texas Rangers,TEX,0,False,681217,Chase Silseth,Chase,Silseth,63,2000-05-18,26,"6' 0""",217,1,Pitcher,R,Right,R,Right,,,,,,,,,,,,,,,,,,,,,,,,,,
2026-08-13,823995,,/api/v1.1/game/823995/feed/live,R,2026,2026-08-13,,night,P,N,N,Regular Season,4,4,1,Final,Final,1,Angel Stadium,108,Los Angeles Angels,LAA,7,True,140,Texas Rangers,TEX,0,False,642851,Austin Wynns,Robert,Wynns,38,1990-12-10,35,"6' 1""",190,2,Catcher,R,Right,R,Right,1-4 | 2 K,,4,1,0,0,0,0,0,2,0,0,0,0,4,1,,,,,,,,,,
2026-08-13,823995,,/api/v1.1/game/823995/feed/live,R,2026,2026-08-13,,night,P,N,N,Regular Season,4,4,1,Final,Final,1,Angel Stadium,108,Los Angeles Angels,LAA,7,True,140,Texas Rangers,TEX,0,False,592626,Joc Pederson,Joc,Pederson,3,1992-04-21,34,"6' 1""",220,10,Designated Hitter,L,Left,L,Left,0-3 | K,,3,0,0,0,0,0,0,1,0,0,0,0,3,0,,,,,,,,,,
2026-08-13,823995,,/api/v1.1/game/823995/feed/live,R,2026,2026-08-13,,night,P,N,N,Regular Season,4,4,1,Final,Final,1,Angel Stadium,108,Los Angeles Angels,LAA,7,True,140,Texas Rangers,TEX,0,False,656641,Jacob Latz,Jacob,Latz,67,1996-04-08,30,"6' 2""",185,1,Pitcher,R,Right,L,Left,,,,,,,,,,,,,,,,,,,,,,,,,,
2026-08-13,823995,,/api/v1.1/game/823995/feed/live,R,2026,2026-08-13,,night,P,N,N,Regular Season,4,4,1,Final,Final,1,Angel Stadium,108,Los Angeles Angels,LAA,7,True,140,Texas Rangers,TEX,0,False,608369,Corey Seager,Corey,Seager,5,1994-04-27,32,"6' 4""",215,6,Shortstop,L,Left,R,Right,0-2 | BB,,2,0,0,0,0,0,0,0,1,0,0,0,3,0,,,,,,,,,,
2026-08-13,823995,,/api/v1.1/game/823995/feed/live,R,2026,2026-08-13,,night,P,N,N,Regular Season,4,4,1,Final,Final,1,Angel Stadium,108,Los Angeles Angels,LAA,7,True,140,Texas Rangers,TEX,0,False,615698,Cal Quantrill,Cal,Quantrill,44,1995-02-10,31,"6' 3""",195,1,Pitcher,L,Left,R,Right,,,,,,,,,,,,,,,,,,,,,,,,,,
2026-08-13,823995,,/api/v1.1/game/823995/feed/live,R,2026,2026-08-13,,night,P,N,N,Regular Season,4,4,1,Final,Final,1,Angel Stadium,108,Los Angeles Angels,LAA,7,True,140,Texas Rangers,TEX,0,False,670032,Nicky Lopez,Nicholas,Lopez,33,1995-03-13,31,"5' 10""",186,4,Second Base,L,Left,R,Right,"1-4 | 2 K, SB",,4,1,0,0,0,0,0,2,0,1,0,0,4,1,,,,,,,,,,
2026-08-13,823995,,/api/v1.1/game/823995/feed/live,R,2026,2026-08-13,,night,P,N,N,Regular Season,4,4,1,Final,Final,1,Angel Stadium,108,Los Angeles Angels,LAA,7,True,140,Texas Rangers,TEX,0,False,679822,Justin Foscue,Justin,Foscue,14,1999-03-02,27,"5' 11""",205,4,Second Base,R,Right,R,Right,0-3,,3,0,0,0,0,0,0,0,0,0,0,0,3,0,,,,,,,,,,
2026-08-13,823995,,/api/v1.1/game/823995/feed/live,R,2026,2026-08-13,,night,P,N,N,Regular Season,4,4,1,Final,Final,1,Angel Stadium,108,Los Angeles Angels,LAA,7,True,140,Texas Rangers,TEX,0,False,695239,Robby Ahlstrom,Robert,Ahlstrom,54,1999-06-18,27,"6' 3""",195,1,Pitcher,L,Left,L,Left,,,,,,,,,,,,,,,,,,,,,,,,,,
2026-08-13,823995,,/api/v1.1/game/823995/feed/live,R,2026,2026-08-13,,night,P,N,N,Regular Season,4,4,1,Final,Final,1,Angel Stadium,108,Los Angeles Angels,LAA,7,True,140,Texas Rangers,TEX,0,False,677649,Ezequiel Duran,Ezequiel,Duran,20,1999-05-22,27,"5' 10""",185,6,Shortstop,R,Right,R,Right,0-4,,4,0,0,0,0,0,0,0,0,0,0,0,4,0,,,,,,,,,,
2026-08-13,823995,,/api/v1.1/game/823995/feed/live,R,2026,2026-08-13,,night,P,N,N,Regular Season,4,4,1,Final,Final,1,Angel Stadium,108,Los Angeles Angels,LAA,7,True,140,Texas Rangers,TEX,0,False,669022,MacKenzie Gore,MacKenzie,Gore,1,1999-02-24,27,"6' 2""",193,1,Pitcher,L,Left,L,Left,,,,,,,,,,,,,,,,,,,,,,,,,,
2026-08-13,823995,,/api/v1.1/game/823995/feed/live,R,2026,2026-08-13,,night,P,N,N,Regular Season,4,4,1,Final,Final,1,Angel Stadium,108,Los Angeles Angels,LAA,7,True,140,Texas Rangers,TEX,0,False,594798,Jacob deGrom,Jacob,deGrom,48,1988-06-19,38,"6' 4""",180,1,Pitcher,L,Left,R,Right,"2.0 IP, 2 ER, 3 K, BB",,,,,,,,,,,,,,,,2.0,2,6,0,3,1,53,0,1,0
2026-08-13,823995,,/api/v1.1/game/823995/feed/live,R,2026,2026-08-13,,night,P,N,N,Regular Season,4,4,1,Final,Final,1,Angel Stadium,108,Los Angeles Angels,LAA,7,True,140,Texas Rangers,TEX,0,False,607043,Brandon Nimmo,Brandon,Nimmo,24,1993-03-27,33,"6' 1""",206,9,Outfielder,L,Left,R,Right,0-2 | BB,,2,0,0,0,0,0,0,0,1,0,0,1,3,0,,,,,,,,,,
2026-08-13,823995,,/api/v1.1/game/823995/feed/live,R,2026,2026-08-13,,night,P,N,N,Regular Season,4,4,1,Final,Final,1,Angel Stadium,108,Los Angeles Angels,LAA,7,True,140,Texas Rangers,TEX,0,False,687239,Ben Peoples,Benjamin,Peoples,70,2001-05-01,25,"6' 1""",175,1,Pitcher,L,Left,R,Right,"1.0 IP, 0 ER, K, BB",,,,,,,,,,,,,,,,1.0,0,0,0,1,1,13,0,0,0
2026-08-13,823995,,/api/v1.1/game/823995/feed/live,R,2026,2026-08-13,,night,P,N,N,Regular Season,4,4,1,Final,Final,1,Angel Stadium,108,Los Angeles Angels,LAA,7,True,140,Texas Rangers,TEX,0,False,553869,Elias Díaz,Elias,Díaz,35,1990-11-17,35,"6' 1""",223,2,Catcher,R,Right,R,Right,0-1,,1,0,0,0,0,0,0,0,0,0,0,0,1,0,,,,,,,,,,
2026-08-13,823995,,/api/v1.1/game/823995/feed/live,R,2026,2026-08-13,,night,P,N,N,Regular Season,4,4,1,Final,Final,1,Angel Stadium,108,Los Angeles Angels,LAA,7,True,140,Texas Rangers,TEX,0,False,695508,Cam Cauley,Cameron,Cauley,27,2003-02-06,23,"5' 9""",170,8,Outfielder,R,Right,R,Right,0-1,,1,0,0,0,0,0,0,0,0,0,0,0,1,0,,,,,,,,,,
2026-08-13,823995,,/api/v1.1/game/823995/feed/live,R,2026,2026-08-13,,night,P,N,N,Regular Season,4,4,1,Final,Final,1,Angel Stadium,108,Los Angeles Angels,LAA,7,True,140,Texas Rangers,TEX,0,False,672284,Jarred Kelenic,Jarred,Kelenic,25,1999-07-16,27,"5' 11""",206,9,Outfielder,L,Left,L,Left,1-1,,1,1,0,0,0,0,0,0,0,0,0,0,1,1,,,,,,,,,,
2026-08-13,823995,,/api/v1.1/game/823995/feed/live,R,2026,2026-08-13,,night,P,N,N,Regular Season,4,4,1,Final,Final,1,Angel Stadium,108,Los Angeles Angels,LAA,7,True,140,Texas Rangers,TEX,0,False,674003,Cody Bradford,Cody,Bradford,61,1998-02-22,28,"6' 4""",197,1,Pitcher,L,Left,L,Left,,,,,,,,,,,,,,,,,,,,,,,,,,
2026-08-13,823995,,/api/v1.1/game/823995/feed/live,R,2026,2026-08-13,,night,P,N,N,Regular Season,4,4,1,Final,Final,1,Angel Stadium,108,Los Angeles Angels,LAA,7,True,140,Texas Rangers,TEX,0,False,656756,Jordan Montgomery,Jordan,Montgomery,52,1992-12-27,33,"6' 6""",228,1,Pitcher,L,Left,L,Left,"2.0 IP, 4 ER, 2 K, 0 BB",,,,,,,,,,,,,,,,2.0,4,6,0,2,0,52,0,0,0
2026-08-13,823995,,/api/v1.1/game/823995/feed/live,R,2026,2026-08-13,,night,P,N,N,Regular Season,4,4,1,Final,Final,1,Angel Stadium,108,Los Angeles Angels,LAA,7,True,140,Texas Rangers,TEX,0,False,668390,Cole Winn,Cole,Winn,60,1999-11-25,26,"6' 2""",190,1,Pitcher,R,Right,R,Right,"1.0 IP, ER, 2 K, BB",,,,,,,,,,,,,,,,1.0,1,3,0,2,1,22,0,0,0
2026-08-13,823915,,/api/v1.1/game/823915/feed/live,R,2026,2026-08-13,,night,P,N,N,Regular Season,1,4,1,Final,Final,22,UNIQLO Field at Dodger Stadium,119,Los Angeles Dodgers,LAD,4,False,158,Milwaukee Brewers,MIL,5,True,666163,Ben Rortvedt,Benjamin,Rortvedt,47,1997-09-25,28,"5' 10""",210,2,Catcher,L,Left,R,Right,"1-3 | K, RBI",,3,1,0,0,0,1,0,1,0,0,0,0,3,1,,,,,,,,,,
2026-08-13,823915,,/api/v1.1/game/823915/feed/live,R,2026,2026-08-13,,night,P,N,N,Regular Season,1,4,1,Final,Final,22,UNIQLO Field at Dodger Stadium,119,Los Angeles Dodgers,LAD,4,False,158,Milwaukee Brewers,MIL,5,True,669373,Tarik Skubal,Tarik,Skubal,29,1996-11-20,29,"6' 3""",240,1,Pitcher,R,Right,L,Left,,,,,,,,,,,,,,,,,,,,,,,,,,
2026-08-13,823915,,/api/v1.1/game/823915/feed/live,R,2026,2026-08-13,,night,P,N,N,Regular Season,1,4,1,Final,Final,22,UNIQLO Field at Dodger Stadium,119,Los Angeles Dodgers,LAD,4,False,158,Milwaukee Brewers,MIL,5,True,681911,Alex Vesia,Alexander,Vesia,51,1996-04-11,30,"6' 1""",209,1,Pitcher,L,Left,L,Left,"0.1 IP, 0 ER, 0 K, BB",,,,,,,,,,,,,,,,0.1,0,1,0,0,1,17,0,0,0
2026-08-13,823915,,/api/v1.1/game/823915/feed/live,R,2026,2026-08-13,,night,P,N,N,Regular Season,1,4,1,Final,Final,22,UNIQLO Field at Dodger Stadium,119,Los Angeles Dodgers,LAD,4,False,158,Milwaukee Brewers,MIL,5,True,663656,Kyle Tucker,Kyle,Tucker,23,1997-01-17,29,"6' 3""",212,9,Outfielder,L,Left,R,Right,0-4 | K,,4,0,0,0,0,0,0,1,0,0,0,0,4,0,,,,,,,,,,
2026-08-13,823915,,/api/v1.1/game/823915/feed/live,R,2026,2026-08-13,,night,P,N,N,Regular Season,1,4,1,Final,Final,22,UNIQLO Field at Dodger Stadium,119,Los Angeles Dodgers,LAD,4,False,158,Milwaukee Brewers,MIL,5,True,571771,Enrique Hernández,Enrique,Hernández,8,1991-08-24,34,"5' 10""",195,3,First Base,R,Right,R,Right,0-3 | 3 K,,3,0,0,0,0,0,0,3,0,0,0,0,3,0,,,,,,,,,,
2026-08-13,823915,,/api/v1.1/game/823915/feed/live,R,2026,2026-08-13,,night,P,N,N,Regular Season,1,4,1,Final,Final,22,UNIQLO Field at Dodger Stadium,119,Los Angeles Dodgers,LAD,4,False,158,Milwaukee Brewers,MIL,5,True,571970,Max Muncy,Maxwell,Muncy,13,1990-08-25,35,"5' 10""",215,5,Third Base,L,Left,R,Right,"1-2 | HR, K, 3 RBI",,2,1,0,0,1,3,1,1,0,0,0,0,2,4,,,,,,,,,,
2026-08-13,823915,,/api/v1.1/game/823915/feed/live,R,2026,2026-08-13,,night,P,N,N,Regular Season,1,4,1,Final,Final,22,UNIQLO Field at Dodger Stadium,119,Los Angeles Dodgers,LAD,4,False,158,Milwaukee Brewers,MIL,5,True,518692,Freddie Freeman,Frederick,Freeman,5,1989-09-12,36,"6' 4""",220,3,First Base,L,Left,R,Right,"0-3 | BB, R",,3,0,0,0,0,0,1,0,1,0,0,0,4,0,,,,,,,,,,
2026-08-13,823915,,/api/v1.1/game/823915/feed/live,R,2026,2026-08-13,,night,P,N,N,Regular Season,1,4,1,Final,Final,22,UNIQLO Field at Dodger Stadium,119,Los Angeles Dodgers,LAD,4,False,158,Milwaukee Brewers,MIL,5,True,683618,Edgardo Henriquez,Edgardo,Henriquez,60,2002-06-24,24,"6' 4""",200,1,Pitcher,R,Right,R,Right,"0.2 IP, 0 ER, K, BB",,,,,,,,,,,,,,,,0.2,0,0,0,1,1,17,0,0,0
2026-08-13,823915,,/api/v1.1/game/823915/feed/live,R,2026,2026-08-13,,night,P,N,N,Regular Season,1,4,1,Final,Final,22,UNIQLO Field at Dodger Stadium,119,Los Angeles Dodgers,LAD,4,False,158,Milwaukee Brewers,MIL,5,True,641778,Eric Lauer,Eric,Lauer,33,1995-06-03,31,"6' 3""",209,1,Pitcher,R,Right,L,Left,,,,,,,,,,,,,,,,,,,,,,,,,,
2026-08-13,823915,,/api/v1.1/game/823915/feed/live,R,2026,2026-08-13,,night,P,N,N,Regular Season,1,4,1,Final,Final,22,UNIQLO Field at Dodger Stadium,119,Los Angeles Dodgers,LAD,4,False,158,Milwaukee Brewers,MIL,5,True,656945,Tanner Scott,Tanner,Scott,66,1994-07-22,32,"6' 0""",235,1,Pitcher,R,Right,L,Left,"0.1 IP, 0 ER, 0 K, 0 BB",,,,,,,,,,,,,,,,0.1,0,0,0,0,0,5,0,0,0
2026-08-13,823915,,/api/v1.1/game/823915/feed/live,R,2026,2026-08-13,,night,P,N,N,Regular Season,1,4,1,Final,Final,22,UNIQLO Field at Dodger Stadium,119,Los Angeles Dodgers,LAD,4,False,158,Milwaukee Brewers,MIL,5,True,676439,Hunter Feduccia,Hunter,Feduccia,46,1997-06-05,29,"6' 1""",215,2,Catcher,L,Left,R,Right,,,,,,,,,,,,,,,,,,,,,,,,,,
2026-08-13,823915,,/api/v1.1/game/823915/feed/live,R,2026,2026-08-13,,night,P,N,N,Regular Season,1,4,1,Final,Final,22,UNIQLO Field at Dodger Stadium,119,Los Angeles Dodgers,LAD,4,False,158,Milwaukee Brewers,MIL,5,True,669242,Tommy Edman,Thomas,Edman,25,1995-05-09,31,"5' 10""",193,4,Second Base,S,Switch,R,Right,"0-3 | BB, 2 K, R",,3,0,0,0,0,0,1,2,1,1,0,0,4,0,,,,,,,,,,
2026-08-13,823915,,/api/v1.1/game/823915/feed/live,R,2026,2026-08-13,,night,P,N,N,Regular Season,1,4,1,Final,Final,22,UNIQLO Field at Dodger Stadium,119,Los Angeles Dodgers,LAD,4,False,158,Milwaukee Brewers,MIL,5,True,660271,Shohei Ohtani,Shohei,Ohtani,17,1994-07-05,32,"6' 4""",210,Y,Two-Way Player,L,Left,R,Right,"1-4 | 2B, K",,4,1,1,0,0,0,0,1,0,0,0,0,4,2,,,,,,,,,,
2026-08-13,823915,,/api/v1.1/game/823915/feed/live,R,2026,2026-08-13,,night,P,N,N,Regular Season,1,4,1,Final,Final,22,UNIQLO Field at Dodger Stadium,119,Los Angeles Dodgers,LAD,4,False,158,Milwaukee Brewers,MIL,5,True,680736,Justin Wrobleski,Justin,Wrobleski,70,2000-07-14,26,"6' 1""",194,1,Pitcher,L,Left,L,Left,,,,,,,,,,,,,,,,,,,,,,,,,,
2026-08-13,823915,,/api/v1.1/game/823915/feed/live,R,2026,2026-08-13,,night,P,N,N,Regular Season,1,4,1,Final,Final,22,UNIQLO Field at Dodger Stadium,119,Los Angeles Dodgers,LAD,4,False,158,Milwaukee Brewers,MIL,5,True,606192,Teoscar Hernández,Teoscar,Hernández,37,1992-10-15,33,"6' 0""",215,7,Outfielder,R,Right,R,Right,1-3 | K,,3,1,0,0,0,0,0,1,0,0,0,0,3,1,,,,,,,,,,
2026-08-13,823915,,/api/v1.1/game/823915/feed/live,R,2026,2026-08-13,,night,P,N,N,Regular Season,1,4,1,Final,Final,22,UNIQLO Field at Dodger Stadium,119,Los Angeles Dodgers,LAD,4,False,158,Milwaukee Brewers,MIL,5,True,642546,Jonathan Hernández,Jonathan,Hernández,26,1996-07-06,30,"6' 3""",190,1,Pitcher,R,Right,R,Right,,,,,,,,,,,,,,,,,,,,,,,,,,
2026-08-13,823915,,/api/v1.1/game/823915/feed/live,R,2026,2026-08-13,,night,P,N,N,Regular Season,1,4,1,Final,Final,22,UNIQLO Field at Dodger Stadium,119,Los Angeles Dodgers,LAD,4,False,158,Milwaukee Brewers,MIL,5,True,681624,Andy Pages,Andy,Pages,44,2000-12-08,25,"6' 1""",212,8,Outfielder,R,Right,R,Right,0-4,,4,0,0,0,0,0,0,0,0,0,0,0,4,0,,,,,,,,,,
2026-08-13,823915,,/api/v1.1/game/823915/feed/live,R,2026,2026-08-13,,night,P,N,N,Regular Season,1,4,1,Final,Final,22,UNIQLO Field at Dodger Stadium,119,Los Angeles Dodgers,LAD,4,False,158,Milwaukee Brewers,MIL,5,True,621242,Edwin Díaz,Edwin,Díaz,3,1994-03-22,32,"6' 3""",165,1,Pitcher,R,Right,R,Right,"0.2 IP, 3 ER, 2 K, 0 BB",,,,,,,,,,,,,,,,0.2,3,4,0,2,0,24,0,1,0
2026-08-13,823915,,/api/v1.1/game/823915/feed/live,R,2026,2026-08-13,,night,P,N,N,Regular Season,1,4,1,Final,Final,22,UNIQLO Field at Dodger Stadium,119,Los Angeles Dodgers,LAD,4,False,158,Milwaukee Brewers,MIL,5,True,623465,Evan Phillips,Evan,Phillips,59,1994-09-11,31,"6' 2""",215,1,Pitcher,R,Right,R,Right,,,,,,,,,,,,,,,,,,,,,,,,,,
2026-08-13,823915,,/api/v1.1/game/823915/feed/live,R,2026,2026-08-13,,night,P,N,N,Regular Season,1,4,1,Final,Final,22,UNIQLO Field at Dodger Stadium,119,Los Angeles Dodgers,LAD,4,False,158,Milwaukee Brewers,MIL,5,True,605141,Mookie Betts,Markus,Betts,50,1992-10-07,33,"5' 9""",180,6,Shortstop,R,Right,R,Right,0-1,,1,0,0,0,0,0,0,0,0,0,0,0,1,0,,,,,,,,,,
2026-08-13,823915,,/api/v1.1/game/823915/feed/live,R,2026,2026-08-13,,night,P,N,N,Regular Season,1,4,1,Final,Final,22,UNIQLO Field at Dodger Stadium,119,Los Angeles Dodgers,LAD,4,False,158,Milwaukee Brewers,MIL,5,True,669743,Alex Call,Alex,Call,12,1994-09-27,31,"5' 11""",189,7,Outfielder,R,Right,R,Right,,,,,,,,,,,,,,,,,,,,,,,,,,
2026-08-13,823915,,/api/v1.1/game/823915/feed/live,R,2026,2026-08-13,,night,P,N,N,Regular Season,1,4,1,Final,Final,22,UNIQLO Field at Dodger Stadium,119,Los Angeles Dodgers,LAD,4,False,158,Milwaukee Brewers,MIL,5,True,605483,Blake Snell,Blake,Snell,7,1992-12-04,33,"6' 4""",225,1,Pitcher,L,Left,L,Left,,,,,,,,,,,,,,,,,,,,,,,,,,
2026-08-13,823915,,/api/v1.1/game/823915/feed/live,R,2026,2026-08-13,,night,P,N,N,Regular Season,1,4,1,Final,Final,22,UNIQLO Field at Dodger Stadium,119,Los Angeles Dodgers,LAD,4,False,158,Milwaukee Brewers,MIL,5,True,500743,Miguel Rojas,Miguel,Rojas,72,1989-02-24,37,"5' 10""",188,4,Second Base,R,Right,R,Right,"0-1 | BB, R",,1,0,0,0,0,0,1,0,1,0,0,1,2,0,,,,,,,,,,
2026-08-13,823915,,/api/v1.1/game/823915/feed/live,R,2026,2026-08-13,,night,P,N,N,Regular Season,1,4,1,Final,Final,22,UNIQLO Field at Dodger Stadium,119,Los Angeles Dodgers,LAD,4,False,158,Milwaukee Brewers,MIL,5,True,676263,Jack Dreyer,Jacob,Dreyer,86,1999-02-27,27,"6' 2""",205,1,Pitcher,R,Right,L,Left,"1.0 IP, 0 ER, 2 K, 0 BB",,,,,,,,,,,,,,,,1.0,0,1,0,2,0,17,0,0,0
2026-08-13,823915,,/api/v1.1/game/823915/feed/live,R,2026,2026-08-13,,night,P,N,N,Regular Season,1,4,1,Final,Final,22,UNIQLO Field at Dodger Stadium,119,Los Angeles Dodgers,LAD,4,False,158,Milwaukee Brewers,MIL,5,True,808963,Roki Sasaki,Roki,Sasaki,11,2001-11-03,24,"6' 2""",187,1,Pitcher,R,Right,R,Right,"6.0 IP, 2 ER, 2 K, 5 BB",,,,,,,,,,,,,,,,6.0,2,4,0,2,5,101,0,0,0
2026-08-13,823915,,/api/v1.1/game/823915/feed/live,R,2026,2026-08-13,,night,P,N,N,Regular Season,1,4,1,Final,Final,22,UNIQLO Field at Dodger Stadium,119,Los Angeles Dodgers,LAD,4,False,158,Milwaukee Brewers,MIL,5,True,808967,Yoshinobu Yamamoto,Yoshinobu,Yamamoto,18,1998-08-17,27,"5' 10""",176,1,Pitcher,R,Right,R,Right,,,,,,,,,,,,,,,,,,,,,,,,,,
2026-08-13,823915,,/api/v1.1/game/823915/feed/live,R,2026,2026-08-13,,night,P,N,N,Regular Season,1,4,1,Final,Final,22,UNIQLO Field at Dodger Stadium,119,Los Angeles Dodgers,LAD,4,False,158,Milwaukee Brewers,MIL,5,True,694477,Chad Patrick,Chandler,Patrick,39,1998-08-14,28,"6' 1""",217,1,Pitcher,R,Right,R,Right,,,,,,,,,,,,,,,,,,,,,,,,,,
2026-08-13,823915,,/api/v1.1/game/823915/feed/live,R,2026,2026-08-13,,night,P,N,N,Regular Season,1,4,1,Final,Final,22,UNIQLO Field at Dodger Stadium,119,Los Angeles Dodgers,LAD,4,False,158,Milwaukee Brewers,MIL,5,True,687401,Joey Ortiz,Joseph,Ortiz,3,1998-07-14,28,"5' 10""",192,6,Shortstop,R,Right,R,Right,"2-3 | BB, RBI, R",,3,2,0,0,0,1,1,0,1,0,0,0,4,2,,,,,,,,,,
2026-08-13,823915,,/api/v1.1/game/823915/feed/live,R,2026,2026-08-13,,night,P,N,N,Regular Season,1,4,1,Final,Final,22,UNIQLO Field at Dodger Stadium,119,Los Angeles Dodgers,LAD,4,False,158,Milwaukee Brewers,MIL,5,True,701656,Logan Henderson,Logan,Henderson,43,2002-03-02,24,"6' 0""",209,1,Pitcher,R,Right,R,Right,,,,,,,,,,,,,,,,,,,,,,,,,,
2026-08-13,823915,,/api/v1.1/game/823915/feed/live,R,2026,2026-08-13,,night,P,N,N,Regular Season,1,4,1,Final,Final,22,UNIQLO Field at Dodger Stadium,119,Los Angeles Dodgers,LAD,4,False,158,Milwaukee Brewers,MIL,5,True,694192,Jackson Chourio,Jackson,Chourio,11,2004-03-11,22,"6' 1""",199,7,Outfielder,R,Right,R,Right,"1-4 | BB, K, RBI",,4,1,0,0,0,1,1,1,1,0,1,0,5,1,,,,,,,,,,
2026-08-13,823915,,/api/v1.1/game/823915/feed/live,R,2026,2026-08-13,,night,P,N,N,Regular Season,1,4,1,Final,Final,22,UNIQLO Field at Dodger Stadium,119,Los Angeles Dodgers,LAD,4,False,158,Milwaukee Brewers,MIL,5,True,592885,Christian Yelich,Christian,Yelich,22,1991-12-05,34,"6' 4""",220,10,Designated Hitter,L,Left,R,Right,1-5,,5,1,0,0,0,0,0,0,0,0,0,1,5,1,,,,,,,,,,
2026-08-13,823915,,/api/v1.1/game/823915/feed/live,R,2026,2026-08-13,,night,P,N,N,Regular Season,1,4,1,Final,Final,22,UNIQLO Field at Dodger Stadium,119,Los Angeles Dodgers,LAD,4,False,158,Milwaukee Brewers,MIL,5,True,641343,Jake Bauers,Jakob,Bauers,9,1995-10-06,30,"6' 0""",216,3,First Base,L,Left,L,Left,"1-4 | BB, RBI, SB",,4,1,0,0,0,1,0,0,1,1,0,0,5,1,,,,,,,,,,
2026-08-13,823915,,/api/v1.1/game/823915/feed/live,R,2026,2026-08-13,,night,P,N,N,Regular Season,1,4,1,Final,Final,22,UNIQLO Field at Dodger Stadium,119,Los Angeles Dodgers,LAD,4,False,158,Milwaukee Brewers,MIL,5,True,682842,Abner Uribe,Abner,Uribe,45,2000-06-20,26,"6' 3""",205,1,Pitcher,R,Right,R,Right,,,,,,,,,,,,,,,,,,,,,,,,,,
2026-08-13,823915,,/api/v1.1/game/823915/feed/live,R,2026,2026-08-13,,night,P,N,N,Regular Season,1,4,1,Final,Final,22,UNIQLO Field at Dodger Stadium,119,Los Angeles Dodgers,LAD,4,False,158,Milwaukee Brewers,MIL,5,True,683734,Andrew Vaughn,Andrew,Vaughn,28,1998-04-03,28,"5' 10""",215,3,First Base,R,Right,R,Right,"2-3 | 2 BB, R",,3,2,0,0,0,0,1,0,2,0,0,0,5,2,,,,,,,,,,
2026-08-13,823915,,/api/v1.1/game/823915/feed/live,R,2026,2026-08-13,,night,P,N,N,Regular Season,1,4,1,Final,Final,22,UNIQLO Field at Dodger Stadium,119,Los Angeles Dodgers,LAD,4,False,158,Milwaukee Brewers,MIL,5,True,675660,Shane Drohan,Shane,Drohan,55,1999-01-07,27,"6' 2""",202,1,Pitcher,L,Left,L,Left,"5.1 IP, 3 ER, 5 K, 3 BB",,,,,,,,,,,,,,,,5.1,3,3,0,5,3,85,0,0,0
2026-08-13,823915,,/api/v1.1/game/823915/feed/live,R,2026,2026-08-13,,night,P,N,N,Regular Season,1,4,1,Final,Final,22,UNIQLO Field at Dodger Stadium,119,Los Angeles Dodgers,LAD,4,False,158,Milwaukee Brewers,MIL,5,True,663604,Brandon Lockridge,Brandon,Lockridge,20,1997-03-14,29,"6' 0""",197,7,Outfielder,R,Right,R,Right,,,,,,,,,,,,,,,,,,,,,,,,,,
2026-08-13,823915,,/api/v1.1/game/823915/feed/live,R,2026,2026-08-13,,night,P,N,N,Regular Season,1,4,1,Final,Final,22,UNIQLO Field at Dodger Stadium,119,Los Angeles Dodgers,LAD,4,False,158,Milwaukee Brewers,MIL,5,True,690986,Kyle Harrison,Kyle,Harrison,52,2001-08-12,25,"6' 2""",216,1,Pitcher,R,Right,L,Left,,,,,,,,,,,,,,,,,,,,,,,,,,
2026-08-13,823915,,/api/v1.1/game/823915/feed/live,R,2026,2026-08-13,,night,P,N,N,Regular Season,1,4,1,Final,Final,22,UNIQLO Field at Dodger Stadium,119,Los Angeles Dodgers,LAD,4,False,158,Milwaukee Brewers,MIL,5,True,669003,Garrett Mitchell,Garrett,Mitchell,5,1998-09-04,27,"6' 2""",229,8,Outfielder,L,Left,R,Right,"1-5 | K, RBI",,5,1,0,0,0,1,0,1,0,0,0,0,5,1,,,,,,,,,,
2026-08-13,823915,,/api/v1.1/game/823915/feed/live,R,2026,2026-08-13,,night,P,N,N,Regular Season,1,4,1,Final,Final,22,UNIQLO Field at Dodger Stadium,119,Los Angeles Dodgers,LAD,4,False,158,Milwaukee Brewers,MIL,5,True,676879,Aaron Ashby,Aaron,Ashby,26,1998-05-24,28,"6' 0""",194,1,Pitcher,R,Right,L,Left,,,,,,,,,,,,,,,,,,,,,,,,,,
2026-08-13,823915,,/api/v1.1/game/823915/feed/live,R,2026,2026-08-13,,night,P,N,N,Regular Season,1,4,1,Final,Final,22,UNIQLO Field at Dodger Stadium,119,Los Angeles Dodgers,LAD,4,False,158,Milwaukee Brewers,MIL,5,True,666152,David Hamilton,David,Hamilton,6,1997-09-29,28,"5' 10""",192,5,Third Base,L,Left,R,Right,"1-3 | BB, K, RBI",,3,1,0,0,0,1,1,1,1,0,0,0,4,1,,,,,,,,,,
2026-08-13,823915,,/api/v1.1/game/823915/feed/live,R,2026,2026-08-13,,night,P,N,N,Regular Season,1,4,1,Final,Final,22,UNIQLO Field at Dodger Stadium,119,Los Angeles Dodgers,LAD,4,False,158,Milwaukee Brewers,MIL,5,True,661388,William Contreras,William,Contreras,24,1997-12-24,28,"5' 10""",217,2,Catcher,R,Right,R,Right,0-4 | 2 K,,4,0,0,0,0,0,0,2,0,0,0,0,4,0,,,,,,,,,,
2026-08-13,823915,,/api/v1.1/game/823915/feed/live,R,2026,2026-08-13,,night,P,N,N,Regular Season,1,4,1,Final,Final,22,UNIQLO Field at Dodger Stadium,119,Los Angeles Dodgers,LAD,4,False,158,Milwaukee Brewers,MIL,5,True,688107,Robert Gasser,Robert,Gasser,54,1999-05-31,27,"6' 0""",197,1,Pitcher,L,Left,L,Left,,,,,,,,,,,,,,,,,,,,,,,,,,
2026-08-13,823915,,/api/v1.1/game/823915/feed/live,R,2026,2026-08-13,,night,P,N,N,Regular Season,1,4,1,Final,Final,22,UNIQLO Field at Dodger Stadium,119,Los Angeles Dodgers,LAD,4,False,158,Milwaukee Brewers,MIL,5,True,668930,Brice Turang,Brice,Turang,2,1999-11-21,26,"6' 0""",190,4,Second Base,L,Left,R,Right,,,,,,,,,,,,,,,,,,,,,,,,,,
2026-08-13,823915,,/api/v1.1/game/823915/feed/live,R,2026,2026-08-13,,night,P,N,N,Regular Season,1,4,1,Final,Final,22,UNIQLO Field at Dodger Stadium,119,Los Angeles Dodgers,LAD,4,False,158,Milwaukee Brewers,MIL,5,True,596142,Gary Sánchez,Gary,Sánchez,99,1992-12-02,33,"6' 2""",251,2,Catcher,R,Right,R,Right,"1-4 | BB, 2 K, R",,4,1,0,0,0,0,1,2,1,0,0,0,5,1,,,,,,,,,,
2026-08-13,823915,,/api/v1.1/game/823915/feed/live,R,2026,2026-08-13,,night,P,N,N,Regular Season,1,4,1,Final,Final,22,UNIQLO Field at Dodger Stadium,119,Los Angeles Dodgers,LAD,4,False,158,Milwaukee Brewers,MIL,5,True,694819,Jacob Misiorowski,Jacob,Misiorowski,32,2002-04-03,24,"6' 7""",201,1,Pitcher,R,Right,R,Right,,,,,,,,,,,,,,,,,,,,,,,,,,
2026-08-13,823915,,/api/v1.1/game/823915/feed/live,R,2026,2026-08-13,,night,P,N,N,Regular Season,1,4,1,Final,Final,22,UNIQLO Field at Dodger Stadium,119,Los Angeles Dodgers,LAD,4,False,158,Milwaukee Brewers,MIL,5,True,669084,DL Hall,Dayton,Hall,37,1998-09-19,27,"6' 1""",209,1,Pitcher,L,Left,L,Left,"2.0 IP, 0 ER, 3 K, 0 BB",,,,,,,,,,,,,,,,2.0,0,0,0,3,0,24,1,0,0
2026-08-13,823915,,/api/v1.1/game/823915/feed/live,R,2026,2026-08-13,,night,P,N,N,Regular Season,1,4,1,Final,Final,22,UNIQLO Field at Dodger Stadium,119,Los Angeles Dodgers,LAD,4,False,158,Milwaukee Brewers,MIL,5,True,622608,Antonio Senzatela,Antonio,Senzatela,49,1995-01-21,31,"6' 1""",235,1,Pitcher,R,Right,R,Right,"0.2 IP, ER, K, 0 BB",,,,,,,,,,,,,,,,0.2,1,1,1,1,0,18,0,0,0
2026-08-13,823915,,/api/v1.1/game/823915/feed/live,R,2026,2026-08-13,,night,P,N,N,Regular Season,1,4,1,Final,Final,22,UNIQLO Field at Dodger Stadium,119,Los Angeles Dodgers,LAD,4,False,158,Milwaukee Brewers,MIL,5,True,669060,Bryse Wilson,Bryse,Wilson,41,1997-12-20,28,"6' 2""",255,1,Pitcher,R,Right,R,Right,,,,,,,,,,,,,,,,,,,,,,,,,,
2026-08-13,823915,,/api/v1.1/game/823915/feed/live,R,2026,2026-08-13,,night,P,N,N,Regular Season,1,4,1,Final,Final,22,UNIQLO Field at Dodger Stadium,119,Los Angeles Dodgers,LAD,4,False,158,Milwaukee Brewers,MIL,5,True,669160,Dustin May,Dustin,May,21,1997-09-06,28,"6' 6""",180,1,Pitcher,R,Right,R,Right,,,,,,,,,,,,,,,,,,,,,,,,,,
2026-08-13,823915,,/api/v1.1/game/823915/feed/live,R,2026,2026-08-13,,night,P,N,N,Regular Season,1,4,1,Final,Final,22,UNIQLO Field at Dodger Stadium,119,Los Angeles Dodgers,LAD,4,False,158,Milwaukee Brewers,MIL,5,True,678225,Jihwan Bae,Jihwan,Bae,0,1999-07-26,27,"5' 11""",185,8,Outfielder,L,Left,R,Right,,,,,,,,,,,,,,,,,,,,,,,,,,
2026-08-13,823915,,/api/v1.1/game/823915/feed/live,R,2026,2026-08-13,,night,P,N,N,Regular Season,1,4,1,Final,Final,22,UNIQLO Field at Dodger Stadium,119,Los Angeles Dodgers,LAD,4,False,158,Milwaukee Brewers,MIL,5,True,800325,Luis Lara,Luis,Lara,18,2004-11-17,21,"5' 7""",169,9,Outfielder,S,Switch,R,Right,0-0,,0,0,0,0,0,0,0,0,0,0,0,0,0,0,,,,,,,,,,
2026-08-13,823915,,/api/v1.1/game/823915/feed/live,R,2026,2026-08-13,,night,P,N,N,Regular Season,1,4,1,Final,Final,22,UNIQLO Field at Dodger Stadium,119,Los Angeles Dodgers,LAD,4,False,158,Milwaukee Brewers,MIL,5,True,656730,Trevor Megill,Trevor,Megill,29,1993-12-05,32,"6' 8""",253,1,Pitcher,L,Left,R,Right,"1.0 IP, 0 ER, K, 0 BB",,,,,,,,,,,,,,,,1.0,0,0,0,1,0,13,0,0,1
