gameDate,gamePk,gameGuid,link,gameType,season,officialDate,description,dayNight,gamedayType,doubleHeader,tiebreaker,seriesDescription,seriesGameNumber,gamesInSeries,gameNumber,status_abstractGameState,status_detailedState,venue_id,venue_name,home_team_id,home_team_name,home_team_abbreviation,home_score,home_isWinner,away_team_id,away_team_name,away_team_abbreviation,away_score,away_isWinner,playerId,fullName,firstName,lastName,primaryNumber,birthDate,currentAge,height,weight,primaryPosition_code,primaryPosition_name,batSide_code,batSide_description,pitchHand_code,pitchHand_description,gameLogSummary,note,atBats,hits,doubles,triples,homeRuns,rbi,runs,strikeOuts,baseOnBalls,stolenBases,caughtStealing,groundIntoDoublePlay,plateAppearances,totalBases,inningsPitched,earnedRuns,hitsAllowed,homeRunsAllowed,strikeOutsPitching,baseOnBallsPitching,pitchesThrown,wins,losses,saves
2026-06-08,824829,,/api/v1.1/game/824829/feed/live,R,2026,2026-06-08,,night,P,N,N,Regular Season,1,4,1,Final,Final,2,Oriole Park at Camden Yards,110,Baltimore Orioles,BAL,3,False,136,Seattle Mariners,SEA,6,True,669236,Jeremiah Jackson,Jeremiah,Jackson,82,2000-03-26,26,"5' 11""",200,4,Second Base,R,Right,R,Right,,,,,,,,,,,,,,,,,,,,,,,,,,
2026-06-08,824829,,/api/v1.1/game/824829/feed/live,R,2026,2026-06-08,,night,P,N,N,Regular Season,1,4,1,Final,Final,2,Oriole Park at Camden Yards,110,Baltimore Orioles,BAL,3,False,136,Seattle Mariners,SEA,6,True,669211,Keegan Akin,Keegan,Akin,45,1995-04-01,31,"6' 0""",235,1,Pitcher,L,Left,L,Left,,,,,,,,,,,,,,,,,,,,,,,,,,
2026-06-08,824829,,/api/v1.1/game/824829/feed/live,R,2026,2026-06-08,,night,P,N,N,Regular Season,1,4,1,Final,Final,2,Oriole Park at Camden Yards,110,Baltimore Orioles,BAL,3,False,136,Seattle Mariners,SEA,6,True,694212,Samuel Basallo,Samuel,Basallo,29,2004-08-13,21,"6' 4""",250,2,Catcher,L,Left,R,Right,0-1,,1,0,0,0,0,0,0,0,0,0,0,0,1,0,,,,,,,,,,
2026-06-08,824829,,/api/v1.1/game/824829/feed/live,R,2026,2026-06-08,,night,P,N,N,Regular Season,1,4,1,Final,Final,2,Oriole Park at Camden Yards,110,Baltimore Orioles,BAL,3,False,136,Seattle Mariners,SEA,6,True,669432,Trevor Rogers,Trevor,Rogers,28,1997-11-13,28,"6' 5""",230,1,Pitcher,L,Left,L,Left,,,,,,,,,,,,,,,,,,,,,,,,,,
2026-06-08,824829,,/api/v1.1/game/824829/feed/live,R,2026,2026-06-08,,night,P,N,N,Regular Season,1,4,1,Final,Final,2,Oriole Park at Camden Yards,110,Baltimore Orioles,BAL,3,False,136,Seattle Mariners,SEA,6,True,669330,Tyler Wells,Tyler,Wells,68,1994-08-26,31,"6' 8""",270,1,Pitcher,R,Right,R,Right,,,,,,,,,,,,,,,,,,,,,,,,,,
2026-06-08,824829,,/api/v1.1/game/824829/feed/live,R,2026,2026-06-08,,night,P,N,N,Regular Season,1,4,1,Final,Final,2,Oriole Park at Camden Yards,110,Baltimore Orioles,BAL,3,False,136,Seattle Mariners,SEA,6,True,670329,Rico Garcia,Joshua,Garcia,50,1994-01-10,32,"5' 9""",215,1,Pitcher,R,Right,R,Right,,,,,,,,,,,,,,,,,,,,,,,,,,
2026-06-08,824829,,/api/v1.1/game/824829/feed/live,R,2026,2026-06-08,,night,P,N,N,Regular Season,1,4,1,Final,Final,2,Oriole Park at Camden Yards,110,Baltimore Orioles,BAL,3,False,136,Seattle Mariners,SEA,6,True,687064,Brandon Young,Brandon,Young,63,1998-08-19,27,"6' 6""",230,1,Pitcher,R,Right,R,Right,,,,,,,,,,,,,,,,,,,,,,,,,,
2026-06-08,824829,,/api/v1.1/game/824829/feed/live,R,2026,2026-06-08,,night,P,N,N,Regular Season,1,4,1,Final,Final,2,Oriole Park at Camden Yards,110,Baltimore Orioles,BAL,3,False,136,Seattle Mariners,SEA,6,True,683002,Gunnar Henderson,Gunnar,Henderson,2,2001-06-29,24,"6' 3""",230,6,Shortstop,L,Left,R,Right,1-2 | 3 BB,,2,1,0,0,0,0,0,0,3,0,0,0,5,1,,,,,,,,,,
2026-06-08,824829,,/api/v1.1/game/824829/feed/live,R,2026,2026-06-08,,night,P,N,N,Regular Season,1,4,1,Final,Final,2,Oriole Park at Camden Yards,110,Baltimore Orioles,BAL,3,False,136,Seattle Mariners,SEA,6,True,665750,Leody Taveras,Leody,Taveras,30,1998-09-08,27,"6' 2""",210,8,Outfielder,S,Switch,R,Right,1-4 | R,,4,1,0,0,0,0,1,0,0,0,0,0,4,1,,,,,,,,,,
2026-06-08,824829,,/api/v1.1/game/824829/feed/live,R,2026,2026-06-08,,night,P,N,N,Regular Season,1,4,1,Final,Final,2,Oriole Park at Camden Yards,110,Baltimore Orioles,BAL,3,False,136,Seattle Mariners,SEA,6,True,621493,Taylor Ward,Joseph,Ward,3,1993-12-14,32,"6' 0""",205,7,Outfielder,R,Right,R,Right,"2-3 | BB, HBP",,3,2,0,0,0,0,0,0,1,0,0,0,5,2,,,,,,,,,,
2026-06-08,824829,,/api/v1.1/game/824829/feed/live,R,2026,2026-06-08,,night,P,N,N,Regular Season,1,4,1,Final,Final,2,Oriole Park at Camden Yards,110,Baltimore Orioles,BAL,3,False,136,Seattle Mariners,SEA,6,True,669358,Shane Baz,Shane,Baz,34,1999-06-17,26,"6' 3""",200,1,Pitcher,R,Right,R,Right,,,,,,,,,,,,,,,,,,,,,,,,,,
2026-06-08,824829,,/api/v1.1/game/824829/feed/live,R,2026,2026-06-08,,night,P,N,N,Regular Season,1,4,1,Final,Final,2,Oriole Park at Camden Yards,110,Baltimore Orioles,BAL,3,False,136,Seattle Mariners,SEA,6,True,680694,Kyle Bradish,Kyle,Bradish,38,1996-09-12,29,"6' 3""",215,1,Pitcher,R,Right,R,Right,,,,,,,,,,,,,,,,,,,,,,,,,,
2026-06-08,824829,,/api/v1.1/game/824829/feed/live,R,2026,2026-06-08,,night,P,N,N,Regular Season,1,4,1,Final,Final,2,Oriole Park at Camden Yards,110,Baltimore Orioles,BAL,3,False,136,Seattle Mariners,SEA,6,True,544150,Albert Suárez,Albert,Suárez,49,1989-10-08,36,"6' 3""",235,1,Pitcher,R,Right,R,Right,"2.0 IP, ER, 3 K, BB",,,,,,,,,,,,,,,,2.0,1,3,0,3,1,39,0,0,0
2026-06-08,824829,,/api/v1.1/game/824829/feed/live,R,2026,2026-06-08,,night,P,N,N,Regular Season,1,4,1,Final,Final,2,Oriole Park at Camden Yards,110,Baltimore Orioles,BAL,3,False,136,Seattle Mariners,SEA,6,True,668939,Adley Rutschman,Adley,Rutschman,35,1998-02-06,28,"6' 1""",230,2,Catcher,S,Switch,R,Right,,,,,,,,,,,,,,,,,,,,,,,,,,
2026-06-08,824829,,/api/v1.1/game/824829/feed/live,R,2026,2026-06-08,,night,P,N,N,Regular Season,1,4,1,Final,Final,2,Oriole Park at Camden Yards,110,Baltimore Orioles,BAL,3,False,136,Seattle Mariners,SEA,6,True,641933,Tyler O'Neill,Tyler,O'Neill,9,1995-06-22,30,"5' 9""",200,9,Outfielder,R,Right,R,Right,,,,,,,,,,,,,,,,,,,,,,,,,,
2026-06-08,824829,,/api/v1.1/game/824829/feed/live,R,2026,2026-06-08,,night,P,N,N,Regular Season,1,4,1,Final,Final,2,Oriole Park at Camden Yards,110,Baltimore Orioles,BAL,3,False,136,Seattle Mariners,SEA,6,True,677942,Blaze Alexander,Blaze,Alexander,23,1999-06-11,26,"5' 11""",200,5,Third Base,R,Right,R,Right,"2-3 | HBP, RBI, R",,3,2,0,0,0,1,1,0,0,0,0,0,4,2,,,,,,,,,,
2026-06-08,824829,,/api/v1.1/game/824829/feed/live,R,2026,2026-06-08,,night,P,N,N,Regular Season,1,4,1,Final,Final,2,Oriole Park at Camden Yards,110,Baltimore Orioles,BAL,3,False,136,Seattle Mariners,SEA,6,True,689296,Anthony Nunez,Anthony,Nunez,66,2001-07-10,24,"6' 2""",220,1,Pitcher,S,Switch,R,Right,"2.1 IP, 2 ER, 2 K, BB",,,,,,,,,,,,,,,,2.1,2,1,1,2,1,32,0,0,0
2026-06-08,824829,,/api/v1.1/game/824829/feed/live,R,2026,2026-06-08,,night,P,N,N,Regular Season,1,4,1,Final,Final,2,Oriole Park at Camden Yards,110,Baltimore Orioles,BAL,3,False,136,Seattle Mariners,SEA,6,True,694346,Trey Gibson,Richard,Gibson,43,2002-05-18,24,"6' 5""",240,1,Pitcher,R,Right,R,Right,"4.2 IP, 3 ER, 0 K, BB",,,,,,,,,,,,,,,,4.2,3,5,0,0,1,68,0,1,0
2026-06-08,824829,,/api/v1.1/game/824829/feed/live,R,2026,2026-06-08,,night,P,N,N,Regular Season,1,4,1,Final,Final,2,Oriole Park at Camden Yards,110,Baltimore Orioles,BAL,3,False,136,Seattle Mariners,SEA,6,True,624413,Pete Alonso,Peter,Alonso,25,1994-12-07,31,"6' 3""",245,3,First Base,R,Right,R,Right,"0-4 | 2 K, RBI",,4,0,0,0,0,1,0,2,0,0,0,0,5,0,,,,,,,,,,
2026-06-08,824829,,/api/v1.1/game/824829/feed/live,R,2026,2026-06-08,,night,P,N,N,Regular Season,1,4,1,Final,Final,2,Oriole Park at Camden Yards,110,Baltimore Orioles,BAL,3,False,136,Seattle Mariners,SEA,6,True,669087,Sam Huff,Samuel,Huff,31,1998-01-14,28,"6' 4""",242,2,Catcher,R,Right,R,Right,0-3 | K,,3,0,0,0,0,0,0,1,0,0,0,0,3,0,,,,,,,,,,
2026-06-08,824829,,/api/v1.1/game/824829/feed/live,R,2026,2026-06-08,,night,P,N,N,Regular Season,1,4,1,Final,Final,2,Oriole Park at Camden Yards,110,Baltimore Orioles,BAL,3,False,136,Seattle Mariners,SEA,6,True,702616,Jackson Holliday,Jackson,Holliday,7,2003-12-04,22,"5' 11""",200,4,Second Base,L,Left,R,Right,"0-3 | BB, K",,3,0,0,0,0,0,0,1,1,0,0,0,4,0,,,,,,,,,,
2026-06-08,824829,,/api/v1.1/game/824829/feed/live,R,2026,2026-06-08,,night,P,N,N,Regular Season,1,4,1,Final,Final,2,Oriole Park at Camden Yards,110,Baltimore Orioles,BAL,3,False,136,Seattle Mariners,SEA,6,True,552640,Andrew Kittredge,Andrew,Kittredge,39,1990-03-17,36,"6' 1""",235,1,Pitcher,R,Right,R,Right,,,,,,,,,,,,,,,,,,,,,,,,,,
2026-06-08,824829,,/api/v1.1/game/824829/feed/live,R,2026,2026-06-08,,night,P,N,N,Regular Season,1,4,1,Final,Final,2,Oriole Park at Camden Yards,110,Baltimore Orioles,BAL,3,False,136,Seattle Mariners,SEA,6,True,664991,Grant Wolfram,Grant,Wolfram,48,1996-12-12,29,"6' 7""",250,1,Pitcher,L,Left,L,Left,,,,,,,,,,,,,,,,,,,,,,,,,,
2026-06-08,824829,,/api/v1.1/game/824829/feed/live,R,2026,2026-06-08,,night,P,N,N,Regular Season,1,4,1,Final,Final,2,Oriole Park at Camden Yards,110,Baltimore Orioles,BAL,3,False,136,Seattle Mariners,SEA,6,True,666974,Yennier Cano,Yennier,Cano,78,1994-03-09,32,"6' 4""",245,1,Pitcher,R,Right,R,Right,,,,,,,,,,,,,,,,,,,,,,,,,,
2026-06-08,824829,,/api/v1.1/game/824829/feed/live,R,2026,2026-06-08,,night,P,N,N,Regular Season,1,4,1,Final,Final,2,Oriole Park at Camden Yards,110,Baltimore Orioles,BAL,3,False,136,Seattle Mariners,SEA,6,True,681297,Colton Cowser,Colton,Cowser,17,2000-03-20,26,"6' 3""",220,9,Outfielder,L,Left,R,Right,0-5 | K,,5,0,0,0,0,0,0,1,0,0,0,0,5,0,,,,,,,,,,
2026-06-08,824829,,/api/v1.1/game/824829/feed/live,R,2026,2026-06-08,,night,P,N,N,Regular Season,1,4,1,Final,Final,2,Oriole Park at Camden Yards,110,Baltimore Orioles,BAL,3,False,136,Seattle Mariners,SEA,6,True,691723,Coby Mayo,Coby,Mayo,16,2001-12-10,24,"6' 5""",225,5,Third Base,R,Right,R,Right,"0-3 | BB, K, R",,3,0,0,0,0,0,1,1,1,0,0,0,4,0,,,,,,,,,,
2026-06-08,824829,,/api/v1.1/game/824829/feed/live,R,2026,2026-06-08,,night,P,N,N,Regular Season,1,4,1,Final,Final,2,Oriole Park at Camden Yards,110,Baltimore Orioles,BAL,3,False,136,Seattle Mariners,SEA,6,True,647304,Josh Naylor,Joshua-Douglas,Naylor,12,1997-06-22,28,"5' 10""",235,3,First Base,L,Left,L,Left,"2-4 | HR, 4 RBI, 2 R",,4,2,0,0,1,4,2,0,0,0,0,0,4,5,,,,,,,,,,
2026-06-08,824829,,/api/v1.1/game/824829/feed/live,R,2026,2026-06-08,,night,P,N,N,Regular Season,1,4,1,Final,Final,2,Oriole Park at Camden Yards,110,Baltimore Orioles,BAL,3,False,136,Seattle Mariners,SEA,6,True,645302,Victor Robles,Victor,Robles,10,1997-05-19,29,"6' 0""",193,9,Outfielder,R,Right,R,Right,0-0,,0,0,0,0,0,0,0,0,0,0,0,0,0,0,,,,,,,,,,
2026-06-08,824829,,/api/v1.1/game/824829/feed/live,R,2026,2026-06-08,,night,P,N,N,Regular Season,1,4,1,Final,Final,2,Oriole Park at Camden Yards,110,Baltimore Orioles,BAL,3,False,136,Seattle Mariners,SEA,6,True,702284,Cole Young,Cole,Young,2,2003-07-29,22,"5' 10""",180,4,Second Base,L,Left,R,Right,"1-5 | K, R",,5,1,0,0,0,0,1,1,0,0,0,0,5,1,,,,,,,,,,
2026-06-08,824829,,/api/v1.1/game/824829/feed/live,R,2026,2026-06-08,,night,P,N,N,Regular Season,1,4,1,Final,Final,2,Oriole Park at Camden Yards,110,Baltimore Orioles,BAL,3,False,136,Seattle Mariners,SEA,6,True,678606,José A. Ferrer,José,Ferrer,45,2000-03-03,26,"6' 1""",233,1,Pitcher,L,Left,L,Left,,,,,,,,,,,,,,,,,,,,,,,,,,
2026-06-08,824829,,/api/v1.1/game/824829/feed/live,R,2026,2026-06-08,,night,P,N,N,Regular Season,1,4,1,Final,Final,2,Oriole Park at Camden Yards,110,Baltimore Orioles,BAL,3,False,136,Seattle Mariners,SEA,6,True,695380,Alex Hoppe,Alex,Hoppe,48,1998-12-17,27,"6' 1""",200,1,Pitcher,R,Right,R,Right,,,,,,,,,,,,,,,,,,,,,,,,,,
2026-06-08,824829,,/api/v1.1/game/824829/feed/live,R,2026,2026-06-08,,night,P,N,N,Regular Season,1,4,1,Final,Final,2,Oriole Park at Camden Yards,110,Baltimore Orioles,BAL,3,False,136,Seattle Mariners,SEA,6,True,668227,Randy Arozarena,Randy,Arozarena,56,1995-02-28,31,"5' 10""",185,7,Outfielder,R,Right,R,Right,"3-4 | RBI, 2 CS",,4,3,0,0,0,1,0,0,0,0,2,0,4,3,,,,,,,,,,
2026-06-08,824829,,/api/v1.1/game/824829/feed/live,R,2026,2026-06-08,,night,P,N,N,Regular Season,1,4,1,Final,Final,2,Oriole Park at Camden Yards,110,Baltimore Orioles,BAL,3,False,136,Seattle Mariners,SEA,6,True,621550,Patrick Wisdom,Patrick,Wisdom,35,1991-08-27,34,"6' 2""",220,5,Third Base,R,Right,R,Right,0-4 | K,,4,0,0,0,0,0,0,1,0,0,0,0,4,0,,,,,,,,,,
2026-06-08,824829,,/api/v1.1/game/824829/feed/live,R,2026,2026-06-08,,night,P,N,N,Regular Season,1,4,1,Final,Final,2,Oriole Park at Camden Yards,110,Baltimore Orioles,BAL,3,False,136,Seattle Mariners,SEA,6,True,686527,Dominic Canzone,Dominic,Canzone,8,1997-08-16,28,"6' 0""",190,10,Designated Hitter,L,Left,R,Right,"2-3 | 2B, BB, R",,3,2,1,0,0,0,1,0,1,0,0,0,4,3,,,,,,,,,,
2026-06-08,824829,,/api/v1.1/game/824829/feed/live,R,2026,2026-06-08,,night,P,N,N,Regular Season,1,4,1,Final,Final,2,Oriole Park at Camden Yards,110,Baltimore Orioles,BAL,3,False,136,Seattle Mariners,SEA,6,True,640902,Jhonny Pereda,Jhonny,Pereda,5,1996-04-18,30,"6' 1""",202,2,Catcher,R,Right,R,Right,"1-4 | K, R",,4,1,0,0,0,0,1,1,0,0,0,0,4,1,,,,,,,,,,
2026-06-08,824829,,/api/v1.1/game/824829/feed/live,R,2026,2026-06-08,,night,P,N,N,Regular Season,1,4,1,Final,Final,2,Oriole Park at Camden Yards,110,Baltimore Orioles,BAL,3,False,136,Seattle Mariners,SEA,6,True,608701,Rob Refsnyder,Robert,Refsnyder,30,1991-03-26,35,"5' 11""",215,10,Designated Hitter,R,Right,R,Right,,,,,,,,,,,,,,,,,,,,,,,,,,
2026-06-08,824829,,/api/v1.1/game/824829/feed/live,R,2026,2026-06-08,,night,P,N,N,Regular Season,1,4,1,Final,Final,2,Oriole Park at Camden Yards,110,Baltimore Orioles,BAL,3,False,136,Seattle Mariners,SEA,6,True,666374,Matt Brash,Matthew,Brash,47,1998-05-12,28,"6' 1""",173,1,Pitcher,R,Right,R,Right,"0.2 IP, 0 ER, K, BB",,,,,,,,,,,,,,,,0.2,0,0,0,1,1,18,0,0,0
2026-06-08,824829,,/api/v1.1/game/824829/feed/live,R,2026,2026-06-08,,night,P,N,N,Regular Season,1,4,1,Final,Final,2,Oriole Park at Camden Yards,110,Baltimore Orioles,BAL,3,False,136,Seattle Mariners,SEA,6,True,669302,Logan Gilbert,Logan,Gilbert,36,1997-05-05,29,"6' 6""",215,1,Pitcher,R,Right,R,Right,,,,,,,,,,,,,,,,,,,,,,,,,,
2026-06-08,824829,,/api/v1.1/game/824829/feed/live,R,2026,2026-06-08,,night,P,N,N,Regular Season,1,4,1,Final,Final,2,Oriole Park at Camden Yards,110,Baltimore Orioles,BAL,3,False,136,Seattle Mariners,SEA,6,True,693433,Bryan Woo,Bryan,Woo,22,2000-01-30,26,"6' 2""",205,1,Pitcher,R,Right,R,Right,,,,,,,,,,,,,,,,,,,,,,,,,,
2026-06-08,824829,,/api/v1.1/game/824829/feed/live,R,2026,2026-06-08,,night,P,N,N,Regular Season,1,4,1,Final,Final,2,Oriole Park at Camden Yards,110,Baltimore Orioles,BAL,3,False,136,Seattle Mariners,SEA,6,True,806068,Colt Emerson,Colt,Emerson,4,2005-07-20,20,"6' 0""",195,5,Third Base,L,Left,R,Right,,,,,,,,,,,,,,,,,,,,,,,,,,
2026-06-08,824829,,/api/v1.1/game/824829/feed/live,R,2026,2026-06-08,,night,P,N,N,Regular Season,1,4,1,Final,Final,2,Oriole Park at Camden Yards,110,Baltimore Orioles,BAL,3,False,136,Seattle Mariners,SEA,6,True,669208,Ryan Bliss,Ryan,Bliss,1,1999-12-13,26,"5' 7""",165,4,Second Base,R,Right,R,Right,"0-2 | BB, RBI",,2,0,0,0,0,1,0,0,1,0,0,0,4,0,,,,,,,,,,
2026-06-08,824829,,/api/v1.1/game/824829/feed/live,R,2026,2026-06-08,,night,P,N,N,Regular Season,1,4,1,Final,Final,2,Oriole Park at Camden Yards,110,Baltimore Orioles,BAL,3,False,136,Seattle Mariners,SEA,6,True,622491,Luis Castillo,Luis,Castillo,58,1992-12-12,33,"6' 2""",200,1,Pitcher,R,Right,R,Right,,,,,,,,,,,,,,,,,,,,,,,,,,
2026-06-08,824829,,/api/v1.1/game/824829/feed/live,R,2026,2026-06-08,,night,P,N,N,Regular Season,1,4,1,Final,Final,2,Oriole Park at Camden Yards,110,Baltimore Orioles,BAL,3,False,136,Seattle Mariners,SEA,6,True,681867,Cooper Criswell,Cooper,Criswell,88,1996-07-24,29,"6' 6""",200,1,Pitcher,R,Right,R,Right,"1.1 IP, ER, 0 K, BB",,,,,,,,,,,,,,,,1.1,1,1,0,0,1,19,0,0,0
2026-06-08,824829,,/api/v1.1/game/824829/feed/live,R,2026,2026-06-08,,night,P,N,N,Regular Season,1,4,1,Final,Final,2,Oriole Park at Camden Yards,110,Baltimore Orioles,BAL,3,False,136,Seattle Mariners,SEA,6,True,669923,George Kirby,George,Kirby,68,1998-02-04,28,"6' 4""",215,1,Pitcher,R,Right,R,Right,,,,,,,,,,,,,,,,,,,,,,,,,,
2026-06-08,824829,,/api/v1.1/game/824829/feed/live,R,2026,2026-06-08,,night,P,N,N,Regular Season,1,4,1,Final,Final,2,Oriole Park at Camden Yards,110,Baltimore Orioles,BAL,3,False,136,Seattle Mariners,SEA,6,True,662253,Andrés Muñoz,Andrés,Muñoz,75,1999-01-16,27,"6' 2""",222,1,Pitcher,R,Right,R,Right,"1.0 IP, 0 ER, 2 K, BB",,,,,,,,,,,,,,,,1.0,0,0,0,2,1,20,0,0,1
2026-06-08,824829,,/api/v1.1/game/824829/feed/live,R,2026,2026-06-08,,night,P,N,N,Regular Season,1,4,1,Final,Final,2,Oriole Park at Camden Yards,110,Baltimore Orioles,BAL,3,False,136,Seattle Mariners,SEA,6,True,641598,Mitch Garver,Mitchell,Garver,18,1991-01-15,35,"6' 1""",220,2,Catcher,R,Right,R,Right,,,,,,,,,,,,,,,,,,,,,,,,,,
2026-06-08,824829,,/api/v1.1/game/824829/feed/live,R,2026,2026-06-08,,night,P,N,N,Regular Season,1,4,1,Final,Final,2,Oriole Park at Camden Yards,110,Baltimore Orioles,BAL,3,False,136,Seattle Mariners,SEA,6,True,642100,Gabe Speier,Gabriel,Speier,55,1995-04-12,31,"5' 11""",200,1,Pitcher,L,Left,L,Left,,,,,,,,,,,,,,,,,,,,,,,,,,
2026-06-08,824829,,/api/v1.1/game/824829/feed/live,R,2026,2026-06-08,,night,P,N,N,Regular Season,1,4,1,Final,Final,2,Oriole Park at Camden Yards,110,Baltimore Orioles,BAL,3,False,136,Seattle Mariners,SEA,6,True,677594,Julio Rodríguez,Julio,Rodríguez,44,2000-12-29,25,"6' 4""",228,8,Outfielder,R,Right,R,Right,"0-3 | BB, R",,3,0,0,0,0,0,1,0,1,0,0,0,4,0,,,,,,,,,,
2026-06-08,824829,,/api/v1.1/game/824829/feed/live,R,2026,2026-06-08,,night,P,N,N,Regular Season,1,4,1,Final,Final,2,Oriole Park at Camden Yards,110,Baltimore Orioles,BAL,3,False,136,Seattle Mariners,SEA,6,True,682243,Bryce Miller,Bryce,Miller,50,1998-08-23,27,"6' 2""",200,1,Pitcher,R,Right,R,Right,,,,,,,,,,,,,,,,,,,,,,,,,,
2026-06-08,824829,,/api/v1.1/game/824829/feed/live,R,2026,2026-06-08,,night,P,N,N,Regular Season,1,4,1,Final,Final,2,Oriole Park at Camden Yards,110,Baltimore Orioles,BAL,3,False,136,Seattle Mariners,SEA,6,True,660825,Eduard Bazardo,Eduard,Bazardo,83,1995-09-01,30,"6' 0""",190,1,Pitcher,R,Right,R,Right,"1.0 IP, ER, 0 K, BB",,,,,,,,,,,,,,,,1.0,1,2,0,0,1,18,0,0,0
2026-06-08,824829,,/api/v1.1/game/824829/feed/live,R,2026,2026-06-08,,night,P,N,N,Regular Season,1,4,1,Final,Final,2,Oriole Park at Camden Yards,110,Baltimore Orioles,BAL,3,False,136,Seattle Mariners,SEA,6,True,670042,Luke Raley,Lucas,Raley,20,1994-09-19,31,"6' 3""",235,9,Outfielder,L,Left,R,Right,0-4 | 2 K,,4,0,0,0,0,0,0,2,0,0,0,0,4,0,,,,,,,,,,
2026-06-08,824829,,/api/v1.1/game/824829/feed/live,R,2026,2026-06-08,,night,P,N,N,Regular Season,1,4,1,Final,Final,2,Oriole Park at Camden Yards,110,Baltimore Orioles,BAL,3,False,136,Seattle Mariners,SEA,6,True,676106,Emerson Hancock,Emerson,Hancock,26,1999-05-31,27,"6' 4""",213,1,Pitcher,R,Right,R,Right,"5.0 IP, ER, 3 K, 2 BB",,,,,,,,,,,,,,,,5.0,1,3,0,3,2,92,1,0,0
2026-06-08,822972,,/api/v1.1/game/822972/feed/live,R,2026,2026-06-08,,night,P,N,N,Regular Season,1,3,1,Final,Final,12,Tropicana Field,139,Tampa Bay Rays,TB,3,True,111,Boston Red Sox,BOS,1,False,670764,Taylor Walls,Taylor,Walls,6,1996-07-10,29,"5' 9""",185,6,Shortstop,S,Switch,R,Right,"0-3 | BB, K, R",,3,0,0,0,0,0,1,1,1,1,0,0,4,0,,,,,,,,,,
2026-06-08,822972,,/api/v1.1/game/822972/feed/live,R,2026,2026-06-08,,night,P,N,N,Regular Season,1,3,1,Final,Final,12,Tropicana Field,139,Tampa Bay Rays,TB,3,True,111,Boston Red Sox,BOS,1,False,571927,Steven Matz,Steven,Matz,32,1991-05-29,35,"6' 2""",205,1,Pitcher,R,Right,L,Left,,,,,,,,,,,,,,,,,,,,,,,,,,
2026-06-08,822972,,/api/v1.1/game/822972/feed/live,R,2026,2026-06-08,,night,P,N,N,Regular Season,1,3,1,Final,Final,12,Tropicana Field,139,Tampa Bay Rays,TB,3,True,111,Boston Red Sox,BOS,1,False,663556,Shane McClanahan,Shane,McClanahan,18,1997-04-28,29,"6' 3""",210,1,Pitcher,L,Left,L,Left,,,,,,,,,,,,,,,,,,,,,,,,,,
2026-06-08,822972,,/api/v1.1/game/822972/feed/live,R,2026,2026-06-08,,night,P,N,N,Regular Season,1,3,1,Final,Final,12,Tropicana Field,139,Tampa Bay Rays,TB,3,True,111,Boston Red Sox,BOS,1,False,680700,Richie Palacios,Richard,Palacios,1,1997-05-16,29,"5' 8""",185,4,Second Base,L,Left,R,Right,0-2 | 2 K,,2,0,0,0,0,0,0,2,0,0,0,0,2,0,,,,,,,,,,
2026-06-08,822972,,/api/v1.1/game/822972/feed/live,R,2026,2026-06-08,,night,P,N,N,Regular Season,1,3,1,Final,Final,12,Tropicana Field,139,Tampa Bay Rays,TB,3,True,111,Boston Red Sox,BOS,1,False,668723,Ryan Vilade,Ryan,Vilade,26,1999-02-18,27,"6' 1""",226,9,Outfielder,R,Right,R,Right,"1-2 | BB, SB",,2,1,0,0,0,0,0,0,1,1,0,0,3,1,,,,,,,,,,
2026-06-08,822972,,/api/v1.1/game/822972/feed/live,R,2026,2026-06-08,,night,P,N,N,Regular Season,1,3,1,Final,Final,12,Tropicana Field,139,Tampa Bay Rays,TB,3,True,111,Boston Red Sox,BOS,1,False,669438,Mason Englert,Mason,Englert,59,1999-11-01,26,"6' 4""",205,1,Pitcher,S,Switch,R,Right,,,,,,,,,,,,,,,,,,,,,,,,,,
2026-06-08,822972,,/api/v1.1/game/822972/feed/live,R,2026,2026-06-08,,night,P,N,N,Regular Season,1,3,1,Final,Final,12,Tropicana Field,139,Tampa Bay Rays,TB,3,True,111,Boston Red Sox,BOS,1,False,668984,Casey Legumina,Casey,Legumina,67,1997-06-19,28,"6' 2""",195,1,Pitcher,R,Right,R,Right,"1.1 IP, 0 ER, K, 0 BB",,,,,,,,,,,,,,,,1.1,0,0,0,1,0,12,1,0,0
2026-06-08,822972,,/api/v1.1/game/822972/feed/live,R,2026,2026-06-08,,night,P,N,N,Regular Season,1,3,1,Final,Final,12,Tropicana Field,139,Tampa Bay Rays,TB,3,True,111,Boston Red Sox,BOS,1,False,802415,Chandler Simpson,Chandler,Simpson,14,2000-11-18,25,"5' 11""",170,7,Outfielder,L,Left,R,Right,0-0,,0,0,0,0,0,0,0,0,0,0,0,0,0,0,,,,,,,,,,
2026-06-08,822972,,/api/v1.1/game/822972/feed/live,R,2026,2026-06-08,,night,P,N,N,Regular Season,1,3,1,Final,Final,12,Tropicana Field,139,Tampa Bay Rays,TB,3,True,111,Boston Red Sox,BOS,1,False,607259,Nick Martinez,Nicholas,Martinez,28,1990-08-05,35,"6' 1""",200,1,Pitcher,L,Left,R,Right,,,,,,,,,,,,,,,,,,,,,,,,,,
2026-06-08,822972,,/api/v1.1/game/822972/feed/live,R,2026,2026-06-08,,night,P,N,N,Regular Season,1,3,1,Final,Final,12,Tropicana Field,139,Tampa Bay Rays,TB,3,True,111,Boston Red Sox,BOS,1,False,592155,Cam Booser,Cameron,Booser,62,1992-05-04,34,"6' 3""",230,1,Pitcher,L,Left,L,Left,"1.0 IP, 0 ER, K, 0 BB",,,,,,,,,,,,,,,,1.0,0,1,0,1,0,10,0,0,0
2026-06-08,822972,,/api/v1.1/game/822972/feed/live,R,2026,2026-06-08,,night,P,N,N,Regular Season,1,3,1,Final,Final,12,Tropicana Field,139,Tampa Bay Rays,TB,3,True,111,Boston Red Sox,BOS,1,False,693855,Ian Seymour,Ian,Seymour,61,1998-12-13,27,"6' 0""",215,1,Pitcher,L,Left,L,Left,"4.0 IP, ER, 5 K, BB",,,,,,,,,,,,,,,,4.0,1,1,1,5,1,55,0,0,0
2026-06-08,822972,,/api/v1.1/game/822972/feed/live,R,2026,2026-06-08,,night,P,N,N,Regular Season,1,3,1,Final,Final,12,Tropicana Field,139,Tampa Bay Rays,TB,3,True,111,Boston Red Sox,BOS,1,False,642121,Cole Sulser,Cole,Sulser,71,1990-03-12,36,"6' 0""",200,1,Pitcher,R,Right,R,Right,,,,,,,,,,,,,,,,,,,,,,,,,,
2026-06-08,822972,,/api/v1.1/game/822972/feed/live,R,2026,2026-06-08,,night,P,N,N,Regular Season,1,3,1,Final,Final,12,Tropicana Field,139,Tampa Bay Rays,TB,3,True,111,Boston Red Sox,BOS,1,False,664076,Garrett Cleavinger,Garrett,Cleavinger,60,1994-04-23,32,"6' 1""",225,1,Pitcher,R,Right,L,Left,"1.0 IP, 0 ER, K, 0 BB",,,,,,,,,,,,,,,,1.0,0,0,0,1,0,13,0,0,0
2026-06-08,822972,,/api/v1.1/game/822972/feed/live,R,2026,2026-06-08,,night,P,N,N,Regular Season,1,3,1,Final,Final,12,Tropicana Field,139,Tampa Bay Rays,TB,3,True,111,Boston Red Sox,BOS,1,False,676439,Hunter Feduccia,Hunter,Feduccia,9,1997-06-05,29,"6' 1""",215,2,Catcher,L,Left,R,Right,,,,,,,,,,,,,,,,,,,,,,,,,,
2026-06-08,822972,,/api/v1.1/game/822972/feed/live,R,2026,2026-06-08,,night,P,N,N,Regular Season,1,3,1,Final,Final,12,Tropicana Field,139,Tampa Bay Rays,TB,3,True,111,Boston Red Sox,BOS,1,False,687330,Kevin Kelly,Kevin,Kelly,49,1997-11-28,28,"6' 2""",195,1,Pitcher,R,Right,R,Right,"0.2 IP, 0 ER, K, 0 BB",,,,,,,,,,,,,,,,0.2,0,1,0,1,0,16,0,0,0
2026-06-08,822972,,/api/v1.1/game/822972/feed/live,R,2026,2026-06-08,,night,P,N,N,Regular Season,1,3,1,Final,Final,12,Tropicana Field,139,Tampa Bay Rays,TB,3,True,111,Boston Red Sox,BOS,1,False,666018,Jonathan Aranda,Jonathan,Aranda,8,1998-05-23,28,"6' 0""",215,3,First Base,L,Left,R,Right,"1-4 | K, RBI",,4,1,0,0,0,1,0,1,0,0,0,1,4,1,,,,,,,,,,
2026-06-08,822972,,/api/v1.1/game/822972/feed/live,R,2026,2026-06-08,,night,P,N,N,Regular Season,1,3,1,Final,Final,12,Tropicana Field,139,Tampa Bay Rays,TB,3,True,111,Boston Red Sox,BOS,1,False,663743,Nick Fortes,Nicholas,Fortes,40,1996-11-11,29,"5' 11""",198,2,Catcher,R,Right,R,Right,"1-3 | HBP, K",,3,1,0,0,0,0,0,1,0,0,0,0,4,1,,,,,,,,,,
2026-06-08,822972,,/api/v1.1/game/822972/feed/live,R,2026,2026-06-08,,night,P,N,N,Regular Season,1,3,1,Final,Final,12,Tropicana Field,139,Tampa Bay Rays,TB,3,True,111,Boston Red Sox,BOS,1,False,643377,Griffin Jax,James,Jax,22,1994-11-22,31,"6' 2""",195,1,Pitcher,R,Right,R,Right,,,,,,,,,,,,,,,,,,,,,,,,,,
2026-06-08,822972,,/api/v1.1/game/822972/feed/live,R,2026,2026-06-08,,night,P,N,N,Regular Season,1,3,1,Final,Final,12,Tropicana Field,139,Tampa Bay Rays,TB,3,True,111,Boston Red Sox,BOS,1,False,650490,Yandy Díaz,Yandy,Díaz,2,1991-08-08,34,"6' 0""",235,10,Designated Hitter,R,Right,R,Right,"1-3 | HR, BB, 2 RBI",,3,1,0,0,1,2,1,0,1,0,0,0,5,4,,,,,,,,,,
2026-06-08,822972,,/api/v1.1/game/822972/feed/live,R,2026,2026-06-08,,night,P,N,N,Regular Season,1,3,1,Final,Final,12,Tropicana Field,139,Tampa Bay Rays,TB,3,True,111,Boston Red Sox,BOS,1,False,810938,Ben Williamson,Benjamin,Williamson,15,2000-11-05,25,"6' 0""",210,4,Second Base,R,Right,R,Right,0-4 | 2 K,,4,0,0,0,0,0,0,2,0,0,0,0,4,0,,,,,,,,,,
2026-06-08,822972,,/api/v1.1/game/822972/feed/live,R,2026,2026-06-08,,night,P,N,N,Regular Season,1,3,1,Final,Final,12,Tropicana Field,139,Tampa Bay Rays,TB,3,True,111,Boston Red Sox,BOS,1,False,683748,Victor Mesa Jr.,Victor,Mesa,25,2001-09-08,24,"5' 11""",195,9,Outfielder,L,Left,L,Left,0-0 | BB,,0,0,0,0,0,0,0,0,1,0,0,0,1,0,,,,,,,,,,
2026-06-08,822972,,/api/v1.1/game/822972/feed/live,R,2026,2026-06-08,,night,P,N,N,Regular Season,1,3,1,Final,Final,12,Tropicana Field,139,Tampa Bay Rays,TB,3,True,111,Boston Red Sox,BOS,1,False,641329,Bryan Baker,Bryan,Baker,47,1994-12-02,31,"6' 6""",235,1,Pitcher,R,Right,R,Right,"1.0 IP, 0 ER, K, 0 BB",,,,,,,,,,,,,,,,1.0,0,1,0,1,0,12,0,0,1
2026-06-08,822972,,/api/v1.1/game/822972/feed/live,R,2026,2026-06-08,,night,P,N,N,Regular Season,1,3,1,Final,Final,12,Tropicana Field,139,Tampa Bay Rays,TB,3,True,111,Boston Red Sox,BOS,1,False,596103,Austin Slater,Austin,Slater,20,1992-12-13,33,"6' 1""",205,9,Outfielder,R,Right,R,Right,"1-3 | K, R, SB",,3,1,0,0,0,0,1,1,0,1,0,0,3,1,,,,,,,,,,
2026-06-08,822972,,/api/v1.1/game/822972/feed/live,R,2026,2026-06-08,,night,P,N,N,Regular Season,1,3,1,Final,Final,12,Tropicana Field,139,Tampa Bay Rays,TB,3,True,111,Boston Red Sox,BOS,1,False,691406,Junior Caminero,Junior,Caminero,13,2003-07-05,22,"6' 1""",220,5,Third Base,R,Right,R,Right,"1-3 | BB, K",,3,1,0,0,0,0,0,1,1,0,0,0,4,1,,,,,,,,,,
2026-06-08,822972,,/api/v1.1/game/822972/feed/live,R,2026,2026-06-08,,night,P,N,N,Regular Season,1,3,1,Final,Final,12,Tropicana Field,139,Tampa Bay Rays,TB,3,True,111,Boston Red Sox,BOS,1,False,656876,Drew Rasmussen,Drew,Rasmussen,57,1995-07-27,30,"6' 1""",240,1,Pitcher,R,Right,R,Right,,,,,,,,,,,,,,,,,,,,,,,,,,
2026-06-08,822972,,/api/v1.1/game/822972/feed/live,R,2026,2026-06-08,,night,P,N,N,Regular Season,1,3,1,Final,Final,12,Tropicana Field,139,Tampa Bay Rays,TB,3,True,111,Boston Red Sox,BOS,1,False,656775,Cedric Mullins,Boyce,Mullins,31,1994-10-01,31,"5' 7""",175,8,Outfielder,L,Left,L,Left,"1-2 | 2 BB, K",,2,1,0,0,0,0,0,1,2,0,0,0,4,1,,,,,,,,,,
2026-06-08,822972,,/api/v1.1/game/822972/feed/live,R,2026,2026-06-08,,night,P,N,N,Regular Season,1,3,1,Final,Final,12,Tropicana Field,139,Tampa Bay Rays,TB,3,True,111,Boston Red Sox,BOS,1,False,575929,Willson Contreras,Willson,Contreras,40,1992-05-13,34,"6' 0""",240,3,First Base,R,Right,R,Right,"0-3 | HBP, K",,3,0,0,0,0,0,0,1,0,0,0,0,4,0,,,,,,,,,,
2026-06-08,822972,,/api/v1.1/game/822972/feed/live,R,2026,2026-06-08,,night,P,N,N,Regular Season,1,3,1,Final,Final,12,Tropicana Field,139,Tampa Bay Rays,TB,3,True,111,Boston Red Sox,BOS,1,False,594027,Tyron Guerrero,Tayron,Guerrero,41,1991-01-09,35,"6' 8""",225,1,Pitcher,R,Right,R,Right,"1.1 IP, 0 ER, 2 K, 0 BB",,,,,,,,,,,,,,,,1.1,0,1,0,2,0,16,0,0,0
2026-06-08,822972,,/api/v1.1/game/822972/feed/live,R,2026,2026-06-08,,night,P,N,N,Regular Season,1,3,1,Final,Final,12,Tropicana Field,139,Tampa Bay Rays,TB,3,True,111,Boston Red Sox,BOS,1,False,813349,Connelly Early,Todd,Early,71,2002-04-03,24,"6' 3""",195,1,Pitcher,L,Left,L,Left,"4.2 IP, 2 ER, 6 K, 4 BB",,,,,,,,,,,,,,,,4.2,2,5,1,6,4,96,0,1,0
2026-06-08,822972,,/api/v1.1/game/822972/feed/live,R,2026,2026-06-08,,night,P,N,N,Regular Season,1,3,1,Final,Final,12,Tropicana Field,139,Tampa Bay Rays,TB,3,True,111,Boston Red Sox,BOS,1,False,687941,Alec Gamboa,Alec,Gamboa,68,1997-01-17,29,"6' 1""",205,1,Pitcher,S,Switch,L,Left,"0.2 IP, 0 ER, K, 0 BB",,,,,,,,,,,,,,,,0.2,0,0,0,1,0,6,0,0,0
2026-06-08,822972,,/api/v1.1/game/822972/feed/live,R,2026,2026-06-08,,night,P,N,N,Regular Season,1,3,1,Final,Final,12,Tropicana Field,139,Tampa Bay Rays,TB,3,True,111,Boston Red Sox,BOS,1,False,669711,Greg Weissert,Gregory,Weissert,57,1995-02-04,31,"6' 2""",235,1,Pitcher,R,Right,R,Right,"0.1 IP, 0 ER, K, BB",,,,,,,,,,,,,,,,0.1,0,1,0,1,1,17,0,0,0
2026-06-08,822972,,/api/v1.1/game/822972/feed/live,R,2026,2026-06-08,,night,P,N,N,Regular Season,1,3,1,Final,Final,12,Tropicana Field,139,Tampa Bay Rays,TB,3,True,111,Boston Red Sox,BOS,1,False,678011,Anthony Seigler,Anthony,Seigler,48,1999-06-20,26,"5' 9""",192,4,Second Base,L,Left,S,Switch,,,,,,,,,,,,,,,,,,,,,,,,,,
2026-06-08,822972,,/api/v1.1/game/822972/feed/live,R,2026,2026-06-08,,night,P,N,N,Regular Season,1,3,1,Final,Final,12,Tropicana Field,139,Tampa Bay Rays,TB,3,True,111,Boston Red Sox,BOS,1,False,657136,Connor Wong,Connor,Wong,12,1996-05-19,30,"5' 10""",190,2,Catcher,R,Right,R,Right,,,,,,,,,,,,,,,,,,,,,,,,,,
2026-06-08,822972,,/api/v1.1/game/822972/feed/live,R,2026,2026-06-08,,night,P,N,N,Regular Season,1,3,1,Final,Final,12,Tropicana Field,139,Tampa Bay Rays,TB,3,True,111,Boston Red Sox,BOS,1,False,677800,Wilyer Abreu,Wilyer,Abreu,52,1999-06-24,26,"5' 10""",215,9,Outfielder,L,Left,L,Left,1-4 | 2 K,,4,1,0,0,0,0,0,2,0,0,0,0,4,1,,,,,,,,,,
2026-06-08,822972,,/api/v1.1/game/822972/feed/live,R,2026,2026-06-08,,night,P,N,N,Regular Season,1,3,1,Final,Final,12,Tropicana Field,139,Tampa Bay Rays,TB,3,True,111,Boston Red Sox,BOS,1,False,655316,Andruw Monasterio,Andruw,Monasterio,32,1997-05-30,29,"5' 11""",195,6,Shortstop,R,Right,R,Right,0-1 | K,,1,0,0,0,0,0,0,1,0,0,0,0,1,0,,,,,,,,,,
2026-06-08,822972,,/api/v1.1/game/822972/feed/live,R,2026,2026-06-08,,night,P,N,N,Regular Season,1,3,1,Final,Final,12,Tropicana Field,139,Tampa Bay Rays,TB,3,True,111,Boston Red Sox,BOS,1,False,543243,Sonny Gray,Sonny,Gray,54,1989-11-07,36,"5' 10""",190,1,Pitcher,R,Right,R,Right,,,,,,,,,,,,,,,,,,,,,,,,,,
2026-06-08,822972,,/api/v1.1/game/822972/feed/live,R,2026,2026-06-08,,night,P,N,N,Regular Season,1,3,1,Final,Final,12,Tropicana Field,139,Tampa Bay Rays,TB,3,True,111,Boston Red Sox,BOS,1,False,643396,Isiah Kiner-Falefa,Isiah,Kiner-Falefa,2,1995-03-23,31,"5' 10""",195,4,Second Base,R,Right,R,Right,0-3 | K,,3,0,0,0,0,0,0,1,0,0,0,0,3,0,,,,,,,,,,
2026-06-08,822972,,/api/v1.1/game/822972/feed/live,R,2026,2026-06-08,,night,P,N,N,Regular Season,1,3,1,Final,Final,12,Tropicana Field,139,Tampa Bay Rays,TB,3,True,111,Boston Red Sox,BOS,1,False,686580,Justin Slaten,Justin,Slaten,63,1997-09-15,28,"6' 4""",222,1,Pitcher,R,Right,R,Right,,,,,,,,,,,,,,,,,,,,,,,,,,
2026-06-08,822972,,/api/v1.1/game/822972/feed/live,R,2026,2026-06-08,,night,P,N,N,Regular Season,1,3,1,Final,Final,12,Tropicana Field,139,Tampa Bay Rays,TB,3,True,111,Boston Red Sox,BOS,1,False,681508,Mickey Gasper,Michael,Gasper,30,1995-10-11,30,"5' 9""",205,2,Catcher,S,Switch,R,Right,1-4 | K,,4,1,0,0,0,0,0,1,0,0,0,0,4,1,,,,,,,,,,
2026-06-08,822972,,/api/v1.1/game/822972/feed/live,R,2026,2026-06-08,,night,P,N,N,Regular Season,1,3,1,Final,Final,12,Tropicana Field,139,Tampa Bay Rays,TB,3,True,111,Boston Red Sox,BOS,1,False,702332,Caleb Durbin,Caleb,Durbin,5,2000-02-22,26,"5' 6""",183,5,Third Base,R,Right,R,Right,"0-2 | BB, K",,2,0,0,0,0,0,0,1,1,0,0,0,3,0,,,,,,,,,,
2026-06-08,822972,,/api/v1.1/game/822972/feed/live,R,2026,2026-06-08,,night,P,N,N,Regular Season,1,3,1,Final,Final,12,Tropicana Field,139,Tampa Bay Rays,TB,3,True,111,Boston Red Sox,BOS,1,False,624133,Ranger Suarez,Ranger,Suarez,55,1995-08-26,30,"6' 1""",217,1,Pitcher,L,Left,L,Left,,,,,,,,,,,,,,,,,,,,,,,,,,
2026-06-08,822972,,/api/v1.1/game/822972/feed/live,R,2026,2026-06-08,,night,P,N,N,Regular Season,1,3,1,Final,Final,12,Tropicana Field,139,Tampa Bay Rays,TB,3,True,111,Boston Red Sox,BOS,1,False,592454,Tommy Kahnle,Thomas,Kahnle,46,1989-08-07,36,"6' 1""",230,1,Pitcher,R,Right,R,Right,,,,,,,,,,,,,,,,,,,,,,,,,,
2026-06-08,822972,,/api/v1.1/game/822972/feed/live,R,2026,2026-06-08,,night,P,N,N,Regular Season,1,3,1,Final,Final,12,Tropicana Field,139,Tampa Bay Rays,TB,3,True,111,Boston Red Sox,BOS,1,False,665966,Carlos Narváez,Carlos,Narváez,75,1998-11-26,27,"5' 11""",190,2,Catcher,R,Right,R,Right,0-3,,3,0,0,0,0,0,0,0,0,0,0,0,3,0,,,,,,,,,,
2026-06-08,822972,,/api/v1.1/game/822972/feed/live,R,2026,2026-06-08,,night,P,N,N,Regular Season,1,3,1,Final,Final,12,Tropicana Field,139,Tampa Bay Rays,TB,3,True,111,Boston Red Sox,BOS,1,False,681987,Nate Eaton,Nathan,Eaton,18,1996-12-22,29,"5' 11""",200,O,Outfield,R,Right,R,Right,,,,,,,,,,,,,,,,,,,,,,,,,,
2026-06-08,822972,,/api/v1.1/game/822972/feed/live,R,2026,2026-06-08,,night,P,N,N,Regular Season,1,3,1,Final,Final,12,Tropicana Field,139,Tampa Bay Rays,TB,3,True,111,Boston Red Sox,BOS,1,False,680776,Jarren Duran,Jarren,Duran,16,1996-09-05,29,"6' 0""",205,7,Outfielder,L,Left,R,Right,0-4 | 3 K,,4,0,0,0,0,0,0,3,0,0,0,0,4,0,,,,,,,,,,
2026-06-08,822972,,/api/v1.1/game/822972/feed/live,R,2026,2026-06-08,,night,P,N,N,Regular Season,1,3,1,Final,Final,12,Tropicana Field,139,Tampa Bay Rays,TB,3,True,111,Boston Red Sox,BOS,1,False,801139,Payton Tolle,Payton,Tolle,70,2002-11-01,23,"6' 6""",250,1,Pitcher,L,Left,L,Left,,,,,,,,,,,,,,,,,,,,,,,,,,
2026-06-08,822972,,/api/v1.1/game/822972/feed/live,R,2026,2026-06-08,,night,P,N,N,Regular Season,1,3,1,Final,Final,12,Tropicana Field,139,Tampa Bay Rays,TB,3,True,111,Boston Red Sox,BOS,1,False,678882,Ceddanne Rafaela,Ceddanne,Rafaela,3,2000-09-18,25,"5' 10""",165,8,Outfielder,R,Right,R,Right,1-4 | CS,,4,1,0,0,0,0,0,0,0,0,1,0,4,1,,,,,,,,,,
2026-06-08,822972,,/api/v1.1/game/822972/feed/live,R,2026,2026-06-08,,night,P,N,N,Regular Season,1,3,1,Final,Final,12,Tropicana Field,139,Tampa Bay Rays,TB,3,True,111,Boston Red Sox,BOS,1,False,807799,Masataka Yoshida,Masataka,Yoshida,7,1993-07-15,32,"5' 8""",192,10,Designated Hitter,L,Left,R,Right,,,,,,,,,,,,,,,,,,,,,,,,,,
2026-06-08,822972,,/api/v1.1/game/822972/feed/live,R,2026,2026-06-08,,night,P,N,N,Regular Season,1,3,1,Final,Final,12,Tropicana Field,139,Tampa Bay Rays,TB,3,True,111,Boston Red Sox,BOS,1,False,543056,Danny Coulombe,Daniel,Coulombe,67,1989-10-26,36,"5' 10""",190,1,Pitcher,L,Left,L,Left,"1.0 IP, ER, 0 K, 2 BB",,,,,,,,,,,,,,,,1.0,1,0,0,0,2,22,0,0,0
2026-06-08,822972,,/api/v1.1/game/822972/feed/live,R,2026,2026-06-08,,night,P,N,N,Regular Season,1,3,1,Final,Final,12,Tropicana Field,139,Tampa Bay Rays,TB,3,True,111,Boston Red Sox,BOS,1,False,691785,Marcelo Mayer,Marcelo,Mayer,11,2002-12-12,23,"6' 3""",188,4,Second Base,L,Left,R,Right,"1-2 | HR, RBI, R",,2,1,0,0,1,1,1,0,0,0,0,0,2,4,,,,,,,,,,
2026-06-08,822972,,/api/v1.1/game/822972/feed/live,R,2026,2026-06-08,,night,P,N,N,Regular Season,1,3,1,Final,Final,12,Tropicana Field,139,Tampa Bay Rays,TB,3,True,111,Boston Red Sox,BOS,1,False,547973,Aroldis Chapman,Albertin,Chapman,44,1988-02-28,38,"6' 4""",235,1,Pitcher,L,Left,L,Left,,,,,,,,,,,,,,,,,,,,,,,,,,
2026-06-08,822972,,/api/v1.1/game/822972/feed/live,R,2026,2026-06-08,,night,P,N,N,Regular Season,1,3,1,Final,Final,12,Tropicana Field,139,Tampa Bay Rays,TB,3,True,111,Boston Red Sox,BOS,1,False,670245,Ryan Watson,Ryan,Watson,56,1997-11-15,28,"6' 5""",225,1,Pitcher,R,Right,R,Right,,,,,,,,,,,,,,,,,,,,,,,,,,
2026-06-08,824427,,/api/v1.1/game/824427/feed/live,R,2026,2026-06-08,,night,P,N,N,Regular Season,1,3,1,Final,Final,5,Progressive Field,114,Cleveland Guardians,CLE,5,False,147,New York Yankees,NYY,7,True,542888,Shawn Armstrong,Shawn,Armstrong,43,1990-09-11,35,"6' 2""",225,1,Pitcher,R,Right,R,Right,"1.0 IP, ER, 0 K, 2 BB",,,,,,,,,,,,,,,,1.0,1,1,0,0,2,16,0,1,0
2026-06-08,824427,,/api/v1.1/game/824427/feed/live,R,2026,2026-06-08,,night,P,N,N,Regular Season,1,3,1,Final,Final,5,Progressive Field,114,Cleveland Guardians,CLE,5,False,147,New York Yankees,NYY,7,True,702021,Will Dion,William,Dion,98,2000-04-17,26,"5' 10""",180,1,Pitcher,L,Left,L,Left,,,,,,,,,,,,,,,,,,,,,,,,,,
2026-06-08,824427,,/api/v1.1/game/824427/feed/live,R,2026,2026-06-08,,night,P,N,N,Regular Season,1,3,1,Final,Final,5,Progressive Field,114,Cleveland Guardians,CLE,5,False,147,New York Yankees,NYY,7,True,800050,Chase DeLauter,Chase,DeLauter,24,2001-10-08,24,"6' 3""",235,9,Outfielder,L,Left,L,Left,1-5 | 2 K,,5,1,0,0,0,0,0,2,0,0,0,0,5,1,,,,,,,,,,
2026-06-08,824427,,/api/v1.1/game/824427/feed/live,R,2026,2026-06-08,,night,P,N,N,Regular Season,1,3,1,Final,Final,5,Progressive Field,114,Cleveland Guardians,CLE,5,False,147,New York Yankees,NYY,7,True,595978,Austin Hedges,Austin,Hedges,27,1992-08-18,33,"6' 0""",220,2,Catcher,R,Right,R,Right,,,,,,,,,,,,,,,,,,,,,,,,,,
2026-06-08,824427,,/api/v1.1/game/824427/feed/live,R,2026,2026-06-08,,night,P,N,N,Regular Season,1,3,1,Final,Final,5,Progressive Field,114,Cleveland Guardians,CLE,5,False,147,New York Yankees,NYY,7,True,683953,Travis Bazzana,Travis,Bazzana,37,2002-08-28,23,"5' 11""",199,4,Second Base,L,Left,R,Right,"0-4 | BB, 2 K",,4,0,0,0,0,0,0,2,1,0,0,0,5,0,,,,,,,,,,
2026-06-08,824427,,/api/v1.1/game/824427/feed/live,R,2026,2026-06-08,,night,P,N,N,Regular Season,1,3,1,Final,Final,5,Progressive Field,114,Cleveland Guardians,CLE,5,False,147,New York Yankees,NYY,7,True,676051,Codi Heuer,Codi,Heuer,50,1996-07-03,29,"6' 5""",200,1,Pitcher,R,Right,R,Right,,,,,,,,,,,,,,,,,,,,,,,,,,
2026-06-08,824427,,/api/v1.1/game/824427/feed/live,R,2026,2026-06-08,,night,P,N,N,Regular Season,1,3,1,Final,Final,5,Progressive Field,114,Cleveland Guardians,CLE,5,False,147,New York Yankees,NYY,7,True,682177,Daniel Schneemann,Daniel,Schneemann,10,1997-01-23,29,"6' 0""",185,8,Outfielder,L,Left,R,Right,0-2,,2,0,0,0,0,0,0,0,0,0,0,1,2,0,,,,,,,,,,
2026-06-08,824427,,/api/v1.1/game/824427/feed/live,R,2026,2026-06-08,,night,P,N,N,Regular Season,1,3,1,Final,Final,5,Progressive Field,114,Cleveland Guardians,CLE,5,False,147,New York Yankees,NYY,7,True,677944,Slade Cecconi,Slade,Cecconi,44,1999-06-24,26,"6' 4""",219,1,Pitcher,R,Right,R,Right,,,,,,,,,,,,,,,,,,,,,,,,,,
2026-06-08,824427,,/api/v1.1/game/824427/feed/live,R,2026,2026-06-08,,night,P,N,N,Regular Season,1,3,1,Final,Final,5,Progressive Field,114,Cleveland Guardians,CLE,5,False,147,New York Yankees,NYY,7,True,672275,Patrick Bailey,Patrick,Bailey,16,1999-05-29,27,"6' 0""",223,2,Catcher,S,Switch,R,Right,"2-5 | 2B, 2 K, R",,5,2,1,0,0,0,1,2,0,0,0,0,5,3,,,,,,,,,,
2026-06-08,824427,,/api/v1.1/game/824427/feed/live,R,2026,2026-06-08,,night,P,N,N,Regular Season,1,3,1,Final,Final,5,Progressive Field,114,Cleveland Guardians,CLE,5,False,147,New York Yankees,NYY,7,True,677587,Brayan Rocchio,Brayan,Rocchio,4,2001-01-13,25,"5' 9""",170,6,Shortstop,S,Switch,R,Right,"2-4 | HBP, RBI",,4,2,0,0,0,1,0,0,0,0,0,0,5,2,,,,,,,,,,
2026-06-08,824427,,/api/v1.1/game/824427/feed/live,R,2026,2026-06-08,,night,P,N,N,Regular Season,1,3,1,Final,Final,5,Progressive Field,114,Cleveland Guardians,CLE,5,False,147,New York Yankees,NYY,7,True,670036,Matt Festa,Matthew,Festa,52,1993-03-11,33,"6' 1""",195,1,Pitcher,R,Right,R,Right,,,,,,,,,,,,,,,,,,,,,,,,,,
2026-06-08,824427,,/api/v1.1/game/824427/feed/live,R,2026,2026-06-08,,night,P,N,N,Regular Season,1,3,1,Final,Final,5,Progressive Field,114,Cleveland Guardians,CLE,5,False,147,New York Yankees,NYY,7,True,670059,Colin Holderman,Colin,Holderman,35,1995-10-08,30,"6' 6""",230,1,Pitcher,R,Right,R,Right,"1.0 IP, 0 ER, K, BB",,,,,,,,,,,,,,,,1.0,0,0,0,1,1,18,0,0,0
2026-06-08,824427,,/api/v1.1/game/824427/feed/live,R,2026,2026-06-08,,night,P,N,N,Regular Season,1,3,1,Final,Final,5,Progressive Field,114,Cleveland Guardians,CLE,5,False,147,New York Yankees,NYY,7,True,681807,David Fry,David,Fry,6,1995-11-20,30,"6' 1""",215,9,Outfielder,R,Right,R,Right,"0-0 | BB, R",,0,0,0,0,0,0,1,0,1,0,0,0,1,0,,,,,,,,,,
2026-06-08,824427,,/api/v1.1/game/824427/feed/live,R,2026,2026-06-08,,night,P,N,N,Regular Season,1,3,1,Final,Final,5,Progressive Field,114,Cleveland Guardians,CLE,5,False,147,New York Yankees,NYY,7,True,671922,Cade Smith,Cade,Smith,36,1999-05-09,27,"6' 5""",230,1,Pitcher,R,Right,R,Right,"1.2 IP, 0 ER, 3 K, 0 BB",,,,,,,,,,,,,,,,1.2,0,1,0,3,0,22,0,0,0
2026-06-08,824427,,/api/v1.1/game/824427/feed/live,R,2026,2026-06-08,,night,P,N,N,Regular Season,1,3,1,Final,Final,5,Progressive Field,114,Cleveland Guardians,CLE,5,False,147,New York Yankees,NYY,7,True,608070,José Ramírez,José,Ramírez,11,1992-09-17,33,"5' 8""",190,5,Third Base,S,Switch,R,Right,"1-4 | K, R",,4,1,0,0,0,0,1,1,0,0,0,0,5,1,,,,,,,,,,
2026-06-08,824427,,/api/v1.1/game/824427/feed/live,R,2026,2026-06-08,,night,P,N,N,Regular Season,1,3,1,Final,Final,5,Progressive Field,114,Cleveland Guardians,CLE,5,False,147,New York Yankees,NYY,7,True,680757,Steven Kwan,Steven,Kwan,38,1997-09-05,28,"5' 8""",170,8,Outfielder,L,Left,L,Left,"0-4 | BB, R",,4,0,0,0,0,0,1,0,1,0,0,0,5,0,,,,,,,,,,
2026-06-08,824427,,/api/v1.1/game/824427/feed/live,R,2026,2026-06-08,,night,P,N,N,Regular Season,1,3,1,Final,Final,5,Progressive Field,114,Cleveland Guardians,CLE,5,False,147,New York Yankees,NYY,7,True,682657,Angel Martínez,Angel,Martínez,1,2002-01-27,24,"5' 11""",200,7,Outfielder,S,Switch,R,Right,"1-4 | HR, BB, 2 K",,4,1,0,0,1,2,1,2,1,0,0,0,5,4,,,,,,,,,,
2026-06-08,824427,,/api/v1.1/game/824427/feed/live,R,2026,2026-06-08,,night,P,N,N,Regular Season,1,3,1,Final,Final,5,Progressive Field,114,Cleveland Guardians,CLE,5,False,147,New York Yankees,NYY,7,True,700932,Kyle Manzardo,Kyle,Manzardo,9,2000-07-18,25,"5' 11""",205,3,First Base,L,Left,R,Right,0-1 | BB,,1,0,0,0,0,0,0,0,1,0,0,0,2,0,,,,,,,,,,
2026-06-08,824427,,/api/v1.1/game/824427/feed/live,R,2026,2026-06-08,,night,P,N,N,Regular Season,1,3,1,Final,Final,5,Progressive Field,114,Cleveland Guardians,CLE,5,False,147,New York Yankees,NYY,7,True,800048,Parker Messick,Parker,Messick,77,2000-10-26,25,"6' 0""",225,1,Pitcher,L,Left,L,Left,,,,,,,,,,,,,,,,,,,,,,,,,,
2026-06-08,824427,,/api/v1.1/game/824427/feed/live,R,2026,2026-06-08,,night,P,N,N,Regular Season,1,3,1,Final,Final,5,Progressive Field,114,Cleveland Guardians,CLE,5,False,147,New York Yankees,NYY,7,True,676282,Joey Cantillo,Joseph,Cantillo,54,1999-12-18,26,"6' 4""",225,1,Pitcher,L,Left,L,Left,,,,,,,,,,,,,,,,,,,,,,,,,,
2026-06-08,824427,,/api/v1.1/game/824427/feed/live,R,2026,2026-06-08,,night,P,N,N,Regular Season,1,3,1,Final,Final,5,Progressive Field,114,Cleveland Guardians,CLE,5,False,147,New York Yankees,NYY,7,True,668909,Gavin Williams,Gavin,Williams,32,1999-07-26,26,"6' 6""",250,1,Pitcher,L,Left,R,Right,"5.0 IP, 3 ER, 5 K, 3 BB",,,,,,,,,,,,,,,,5.0,3,4,2,5,3,90,0,0,0
2026-06-08,824427,,/api/v1.1/game/824427/feed/live,R,2026,2026-06-08,,night,P,N,N,Regular Season,1,3,1,Final,Final,5,Progressive Field,114,Cleveland Guardians,CLE,5,False,147,New York Yankees,NYY,7,True,683769,Hunter Gaddis,Hunter,Gaddis,33,1998-04-09,28,"6' 6""",260,1,Pitcher,R,Right,R,Right,"0.1 IP, ER, 0 K, 0 BB",,,,,,,,,,,,,,,,0.1,1,3,0,0,0,23,0,0,0
2026-06-08,824427,,/api/v1.1/game/824427/feed/live,R,2026,2026-06-08,,night,P,N,N,Regular Season,1,3,1,Final,Final,5,Progressive Field,114,Cleveland Guardians,CLE,5,False,147,New York Yankees,NYY,7,True,676440,Tanner Bibee,Tanner,Bibee,28,1999-03-05,27,"6' 2""",205,1,Pitcher,R,Right,R,Right,,,,,,,,,,,,,,,,,,,,,,,,,,
2026-06-08,824427,,/api/v1.1/game/824427/feed/live,R,2026,2026-06-08,,night,P,N,N,Regular Season,1,3,1,Final,Final,5,Progressive Field,114,Cleveland Guardians,CLE,5,False,147,New York Yankees,NYY,7,True,682120,Tim Herrin,Tim,Herrin,29,1996-10-08,29,"6' 6""",230,1,Pitcher,L,Left,L,Left,"1.0 IP, 0 ER, K, 0 BB",,,,,,,,,,,,,,,,1.0,0,0,0,1,0,10,0,0,0
2026-06-08,824427,,/api/v1.1/game/824427/feed/live,R,2026,2026-06-08,,night,P,N,N,Regular Season,1,3,1,Final,Final,5,Progressive Field,114,Cleveland Guardians,CLE,5,False,147,New York Yankees,NYY,7,True,656413,Stuart Fairchild,Stuart,Fairchild,17,1996-03-17,30,"5' 11""",205,9,Outfielder,R,Right,R,Right,"0-1 | BB, K",,1,0,0,0,0,0,0,1,1,0,0,0,2,0,,,,,,,,,,
2026-06-08,824427,,/api/v1.1/game/824427/feed/live,R,2026,2026-06-08,,night,P,N,N,Regular Season,1,3,1,Final,Final,5,Progressive Field,114,Cleveland Guardians,CLE,5,False,147,New York Yankees,NYY,7,True,656555,Rhys Hoskins,Rhys,Hoskins,8,1993-03-17,33,"6' 3""",241,3,First Base,R,Right,R,Right,0-3 | 2 K,,3,0,0,0,0,0,0,2,0,0,0,0,3,0,,,,,,,,,,
2026-06-08,824427,,/api/v1.1/game/824427/feed/live,R,2026,2026-06-08,,night,P,N,N,Regular Season,1,3,1,Final,Final,5,Progressive Field,114,Cleveland Guardians,CLE,5,False,147,New York Yankees,NYY,7,True,621112,Paul Blackburn,Paul,Blackburn,58,1993-12-04,32,"6' 1""",196,1,Pitcher,R,Right,R,Right,"0.2 IP, ER, K, 0 BB",,,,,,,,,,,,,,,,0.2,1,2,1,1,0,14,0,0,0
2026-06-08,824427,,/api/v1.1/game/824427/feed/live,R,2026,2026-06-08,,night,P,N,N,Regular Season,1,3,1,Final,Final,5,Progressive Field,114,Cleveland Guardians,CLE,5,False,147,New York Yankees,NYY,7,True,645305,Ali Sánchez,Ali,Sánchez,39,1997-01-20,29,"6' 0""",200,2,Catcher,R,Right,R,Right,"0-1 | K, R",,1,0,0,0,0,0,1,1,0,0,0,0,1,0,,,,,,,,,,
2026-06-08,824427,,/api/v1.1/game/824427/feed/live,R,2026,2026-06-08,,night,P,N,N,Regular Season,1,3,1,Final,Final,5,Progressive Field,114,Cleveland Guardians,CLE,5,False,147,New York Yankees,NYY,7,True,676609,José Caballero,José,Caballero,72,1996-08-30,29,"5' 9""",190,6,Shortstop,R,Right,R,Right,"0-3 | BB, K",,3,0,0,0,0,0,0,1,1,0,0,0,4,0,,,,,,,,,,
2026-06-08,824427,,/api/v1.1/game/824427/feed/live,R,2026,2026-06-08,,night,P,N,N,Regular Season,1,3,1,Final,Final,5,Progressive Field,114,Cleveland Guardians,CLE,5,False,147,New York Yankees,NYY,7,True,607074,Carlos Rodón,Carlos,Rodón,55,1992-12-10,33,"6' 2""",255,1,Pitcher,L,Left,L,Left,,,,,,,,,,,,,,,,,,,,,,,,,,
2026-06-08,824427,,/api/v1.1/game/824427/feed/live,R,2026,2026-06-08,,night,P,N,N,Regular Season,1,3,1,Final,Final,5,Progressive Field,114,Cleveland Guardians,CLE,5,False,147,New York Yankees,NYY,7,True,682987,Spencer Jones,Spencer,Jones,78,2001-05-14,25,"6' 7""",240,9,Outfielder,L,Left,L,Left,1-4 | 3 K,,4,1,0,0,0,0,0,3,0,0,0,0,4,1,,,,,,,,,,
2026-06-08,824427,,/api/v1.1/game/824427/feed/live,R,2026,2026-06-08,,night,P,N,N,Regular Season,1,3,1,Final,Final,5,Progressive Field,114,Cleveland Guardians,CLE,5,False,147,New York Yankees,NYY,7,True,642232,Ryan Yarbrough,Ryan,Yarbrough,33,1991-12-31,34,"6' 5""",205,1,Pitcher,R,Right,L,Left,"0.2 IP, 0 ER, 0 K, BB",,,,,,,,,,,,,,,,0.2,0,0,0,0,1,12,0,0,0
2026-06-08,824427,,/api/v1.1/game/824427/feed/live,R,2026,2026-06-08,,night,P,N,N,Regular Season,1,3,1,Final,Final,5,Progressive Field,114,Cleveland Guardians,CLE,5,False,147,New York Yankees,NYY,7,True,680474,Max Schuemann,Maxwell,Schuemann,30,1997-06-11,28,"6' 0""",198,6,Shortstop,R,Right,R,Right,0-0 | BB,,0,0,0,0,0,0,0,0,1,0,0,0,1,0,,,,,,,,,,
2026-06-08,824427,,/api/v1.1/game/824427/feed/live,R,2026,2026-06-08,,night,P,N,N,Regular Season,1,3,1,Final,Final,5,Progressive Field,114,Cleveland Guardians,CLE,5,False,147,New York Yankees,NYY,7,True,642708,Amed Rosario,German,Rosario,14,1995-11-20,30,"6' 1""",227,5,Third Base,R,Right,R,Right,0-1 | K,,1,0,0,0,0,0,0,1,0,0,0,0,1,0,,,,,,,,,,
2026-06-08,824427,,/api/v1.1/game/824427/feed/live,R,2026,2026-06-08,,night,P,N,N,Regular Season,1,3,1,Final,Final,5,Progressive Field,114,Cleveland Guardians,CLE,5,False,147,New York Yankees,NYY,7,True,641857,Ryan McMahon,Ryan,McMahon,19,1994-12-14,31,"6' 2""",211,5,Third Base,L,Left,R,Right,"1-2 | HR, K, RBI",,2,1,0,0,1,1,1,1,0,0,0,0,2,4,,,,,,,,,,
2026-06-08,824427,,/api/v1.1/game/824427/feed/live,R,2026,2026-06-08,,night,P,N,N,Regular Season,1,3,1,Final,Final,5,Progressive Field,114,Cleveland Guardians,CLE,5,False,147,New York Yankees,NYY,7,True,677960,Ryan Weathers,Ryan,Weathers,40,1999-12-17,26,"6' 1""",230,1,Pitcher,R,Right,L,Left,,,,,,,,,,,,,,,,,,,,,,,,,,
2026-06-08,824427,,/api/v1.1/game/824427/feed/live,R,2026,2026-06-08,,night,P,N,N,Regular Season,1,3,1,Final,Final,5,Progressive Field,114,Cleveland Guardians,CLE,5,False,147,New York Yankees,NYY,7,True,657612,Tim Hill,Timothy,Hill,41,1990-02-10,36,"6' 4""",210,1,Pitcher,R,Right,L,Left,"1.0 IP, 0 ER, 0 K, 0 BB",,,,,,,,,,,,,,,,1.0,0,0,0,0,0,10,0,0,0
2026-06-08,824427,,/api/v1.1/game/824427/feed/live,R,2026,2026-06-08,,night,P,N,N,Regular Season,1,3,1,Final,Final,5,Progressive Field,114,Cleveland Guardians,CLE,5,False,147,New York Yankees,NYY,7,True,502671,Paul Goldschmidt,Paul,Goldschmidt,48,1987-09-10,38,"6' 2""",225,3,First Base,R,Right,R,Right,"1-4 | HR, 3 RBI, R",,4,1,0,0,1,3,1,0,0,0,0,0,4,4,,,,,,,,,,
2026-06-08,824427,,/api/v1.1/game/824427/feed/live,R,2026,2026-06-08,,night,P,N,N,Regular Season,1,3,1,Final,Final,5,Progressive Field,114,Cleveland Guardians,CLE,5,False,147,New York Yankees,NYY,7,True,700250,Ben Rice,Benjamin,Rice,22,1999-02-22,27,"6' 2""",228,3,First Base,L,Left,R,Right,"2-3 | 2 BB, 2 R",,3,2,0,0,0,0,2,0,2,0,0,0,5,2,,,,,,,,,,
2026-06-08,824427,,/api/v1.1/game/824427/feed/live,R,2026,2026-06-08,,night,P,N,N,Regular Season,1,3,1,Final,Final,5,Progressive Field,114,Cleveland Guardians,CLE,5,False,147,New York Yankees,NYY,7,True,687396,Brent Headrick,Brent,Headrick,47,1997-12-17,28,"6' 6""",235,1,Pitcher,L,Left,L,Left,"0.2 IP, ER, K, BB",,,,,,,,,,,,,,,,0.2,1,0,0,1,1,17,0,0,0
2026-06-08,824427,,/api/v1.1/game/824427/feed/live,R,2026,2026-06-08,,night,P,N,N,Regular Season,1,3,1,Final,Final,5,Progressive Field,114,Cleveland Guardians,CLE,5,False,147,New York Yankees,NYY,7,True,701542,Will Warren,William,Warren,29,1999-06-16,26,"6' 2""",200,1,Pitcher,R,Right,R,Right,"4.1 IP, 2 ER, 5 K, 2 BB",,,,,,,,,,,,,,,,4.1,2,3,0,5,2,91,0,0,0
2026-06-08,824427,,/api/v1.1/game/824427/feed/live,R,2026,2026-06-08,,night,P,N,N,Regular Season,1,3,1,Final,Final,5,Progressive Field,114,Cleveland Guardians,CLE,5,False,147,New York Yankees,NYY,7,True,683011,Anthony Volpe,Anthony,Volpe,11,2001-04-28,25,"5' 10""",197,6,Shortstop,R,Right,R,Right,0-2 | K,,2,0,0,0,0,0,0,1,0,0,0,0,2,0,,,,,,,,,,
2026-06-08,824427,,/api/v1.1/game/824427/feed/live,R,2026,2026-06-08,,night,P,N,N,Regular Season,1,3,1,Final,Final,5,Progressive Field,114,Cleveland Guardians,CLE,5,False,147,New York Yankees,NYY,7,True,641555,J.C. Escarra,Juan,Escarra,25,1995-04-24,31,"6' 2""",220,2,Catcher,L,Left,R,Right,0-2,,2,0,0,0,0,0,0,0,0,0,0,0,2,0,,,,,,,,,,
2026-06-08,824427,,/api/v1.1/game/824427/feed/live,R,2026,2026-06-08,,night,P,N,N,Regular Season,1,3,1,Final,Final,5,Progressive Field,114,Cleveland Guardians,CLE,5,False,147,New York Yankees,NYY,7,True,518585,Fernando Cruz,Fernando,Cruz,63,1990-03-28,36,"6' 2""",237,1,Pitcher,R,Right,R,Right,,,,,,,,,,,,,,,,,,,,,,,,,,
2026-06-08,824427,,/api/v1.1/game/824427/feed/live,R,2026,2026-06-08,,night,P,N,N,Regular Season,1,3,1,Final,Final,5,Progressive Field,114,Cleveland Guardians,CLE,5,False,147,New York Yankees,NYY,7,True,641355,Cody Bellinger,Cody,Bellinger,35,1995-07-13,30,"6' 3""",204,7,Outfielder,L,Left,L,Left,"2-5 | K, 2 RBI, CS",,5,2,0,0,0,2,0,1,0,0,1,0,5,2,,,,,,,,,,
2026-06-08,824427,,/api/v1.1/game/824427/feed/live,R,2026,2026-06-08,,night,P,N,N,Regular Season,1,3,1,Final,Final,5,Progressive Field,114,Cleveland Guardians,CLE,5,False,147,New York Yankees,NYY,7,True,665862,Jazz Chisholm Jr.,Jasrado,Chisholm,13,1998-02-01,28,"5' 11""",184,4,Second Base,L,Left,R,Right,"0-4 | BB, CS",,4,0,0,0,0,0,0,0,1,0,1,1,5,0,,,,,,,,,,
2026-06-08,824427,,/api/v1.1/game/824427/feed/live,R,2026,2026-06-08,,night,P,N,N,Regular Season,1,3,1,Final,Final,5,Progressive Field,114,Cleveland Guardians,CLE,5,False,147,New York Yankees,NYY,7,True,656234,Jake Bird,Jacob,Bird,59,1995-12-04,30,"6' 3""",215,1,Pitcher,R,Right,R,Right,"0.2 IP, 0 ER, 2 K, BB",,,,,,,,,,,,,,,,0.2,0,0,0,2,1,17,0,0,0
2026-06-08,824427,,/api/v1.1/game/824427/feed/live,R,2026,2026-06-08,,night,P,N,N,Regular Season,1,3,1,Final,Final,5,Progressive Field,114,Cleveland Guardians,CLE,5,False,147,New York Yankees,NYY,7,True,666808,Camilo Doval,Camilo,Doval,75,1997-07-04,28,"6' 2""",205,1,Pitcher,R,Right,R,Right,"0.1 IP, 0 ER, 0 K, 0 BB",,,,,,,,,,,,,,,,0.1,0,2,0,0,0,14,0,0,0
2026-06-08,824427,,/api/v1.1/game/824427/feed/live,R,2026,2026-06-08,,night,P,N,N,Regular Season,1,3,1,Final,Final,5,Progressive Field,114,Cleveland Guardians,CLE,5,False,147,New York Yankees,NYY,7,True,663757,Trent Grisham,Trenton,Grisham,12,1996-11-01,29,"5' 10""",221,8,Outfielder,L,Left,L,Left,"2-4 | BB, K, 2 R",,4,2,0,0,0,0,2,1,1,0,0,0,5,2,,,,,,,,,,
2026-06-08,824427,,/api/v1.1/game/824427/feed/live,R,2026,2026-06-08,,night,P,N,N,Regular Season,1,3,1,Final,Final,5,Progressive Field,114,Cleveland Guardians,CLE,5,False,147,New York Yankees,NYY,7,True,670280,David Bednar,David,Bednar,53,1994-10-10,31,"6' 1""",250,1,Pitcher,L,Left,R,Right,"1.2 IP, 0 ER, 3 K, BB",,,,,,,,,,,,,,,,1.2,0,0,0,3,1,27,1,0,0
2026-06-08,824427,,/api/v1.1/game/824427/feed/live,R,2026,2026-06-08,,night,P,N,N,Regular Season,1,3,1,Final,Final,5,Progressive Field,114,Cleveland Guardians,CLE,5,False,147,New York Yankees,NYY,7,True,543037,Gerrit Cole,Gerrit,Cole,45,1990-09-08,35,"6' 4""",220,1,Pitcher,R,Right,R,Right,,,,,,,,,,,,,,,,,,,,,,,,,,
2026-06-08,824427,,/api/v1.1/game/824427/feed/live,R,2026,2026-06-08,,night,P,N,N,Regular Season,1,3,1,Final,Final,5,Progressive Field,114,Cleveland Guardians,CLE,5,False,147,New York Yankees,NYY,7,True,693645,Cam Schlittler,Cameron,Schlittler,31,2001-02-05,25,"6' 6""",215,1,Pitcher,R,Right,R,Right,,,,,,,,,,,,,,,,,,,,,,,,,,
2026-06-08,822806,,/api/v1.1/game/822806/feed/live,R,2026,2026-06-08,,night,P,N,N,Regular Season,1,3,1,Final,Final,14,Rogers Centre,141,Toronto Blue Jays,TOR,2,False,143,Philadelphia Phillies,PHI,5,True,693686,Spencer Miles,Spencer,Miles,62,2000-07-26,25,"6' 3""",180,1,Pitcher,L,Left,R,Right,,,,,,,,,,,,,,,,,,,,,,,,,,
2026-06-08,822806,,/api/v1.1/game/822806/feed/live,R,2026,2026-06-08,,night,P,N,N,Regular Season,1,3,1,Final,Final,14,Rogers Centre,141,Toronto Blue Jays,TOR,2,False,143,Philadelphia Phillies,PHI,5,True,667297,Tommy Nance,Thomas,Nance,45,1991-03-19,35,"6' 6""",235,1,Pitcher,R,Right,R,Right,"1.0 IP, 0 ER, K, 0 BB",,,,,,,,,,,,,,,,1.0,0,2,0,1,0,11,0,0,0
2026-06-08,822806,,/api/v1.1/game/822806/feed/live,R,2026,2026-06-08,,night,P,N,N,Regular Season,1,3,1,Final,Final,14,Rogers Centre,141,Toronto Blue Jays,TOR,2,False,143,Philadelphia Phillies,PHI,5,True,671936,Adam Macko,Adam,Macko,64,2000-12-30,25,"6' 0""",170,1,Pitcher,L,Left,L,Left,"1.0 IP, 0 ER, K, BB",,,,,,,,,,,,,,,,1.0,0,0,0,1,1,19,0,0,0
2026-06-08,822806,,/api/v1.1/game/822806/feed/live,R,2026,2026-06-08,,night,P,N,N,Regular Season,1,3,1,Final,Final,14,Rogers Centre,141,Toronto Blue Jays,TOR,2,False,143,Philadelphia Phillies,PHI,5,True,686973,Louis Varland,Louis,Varland,77,1997-12-09,28,"6' 1""",205,1,Pitcher,L,Left,R,Right,,,,,,,,,,,,,,,,,,,,,,,,,,
2026-06-08,822806,,/api/v1.1/game/822806/feed/live,R,2026,2026-06-08,,night,P,N,N,Regular Season,1,3,1,Final,Final,14,Rogers Centre,141,Toronto Blue Jays,TOR,2,False,143,Philadelphia Phillies,PHI,5,True,680573,Simeon Woods Richardson,Simeon,Woods Richardson,10,2000-09-27,25,"6' 3""",210,1,Pitcher,R,Right,R,Right,"4.0 IP, 0 ER, 3 K, 0 BB",,,,,,,,,,,,,,,,4.0,0,1,0,3,0,48,0,0,0
2026-06-08,822806,,/api/v1.1/game/822806/feed/live,R,2026,2026-06-08,,night,P,N,N,Regular Season,1,3,1,Final,Final,14,Rogers Centre,141,Toronto Blue Jays,TOR,2,False,143,Philadelphia Phillies,PHI,5,True,676391,Ernie Clement,Ernie,Clement,22,1996-03-22,30,"6' 0""",170,4,Second Base,R,Right,R,Right,"2-4 | HR, K, RBI",,4,2,0,0,1,1,1,1,0,0,0,0,4,5,,,,,,,,,,
2026-06-08,822806,,/api/v1.1/game/822806/feed/live,R,2026,2026-06-08,,night,P,N,N,Regular Season,1,3,1,Final,Final,14,Rogers Centre,141,Toronto Blue Jays,TOR,2,False,143,Philadelphia Phillies,PHI,5,True,807727,Charles McAdoo,Charles,McAdoo,26,2002-03-06,24,"6' 0""",210,4,Second Base,R,Right,R,Right,,,,,,,,,,,,,,,,,,,,,,,,,,
2026-06-08,822806,,/api/v1.1/game/822806/feed/live,R,2026,2026-06-08,,night,P,N,N,Regular Season,1,3,1,Final,Final,14,Rogers Centre,141,Toronto Blue Jays,TOR,2,False,143,Philadelphia Phillies,PHI,5,True,662139,Daulton Varsho,Daulton,Varsho,5,1996-07-02,29,"5' 8""",207,8,Outfielder,L,Left,R,Right,,,,,,,,,,,,,,,,,,,,,,,,,,
2026-06-08,822806,,/api/v1.1/game/822806/feed/live,R,2026,2026-06-08,,night,P,N,N,Regular Season,1,3,1,Final,Final,14,Rogers Centre,141,Toronto Blue Jays,TOR,2,False,143,Philadelphia Phillies,PHI,5,True,665926,Andrés Giménez,Andrés,Giménez,0,1998-09-04,27,"5' 11""",161,6,Shortstop,L,Left,R,Right,"1-4 | 2B, 2 K",,4,1,1,0,0,0,0,2,0,0,0,0,4,2,,,,,,,,,,
2026-06-08,822806,,/api/v1.1/game/822806/feed/live,R,2026,2026-06-08,,night,P,N,N,Regular Season,1,3,1,Final,Final,14,Rogers Centre,141,Toronto Blue Jays,TOR,2,False,143,Philadelphia Phillies,PHI,5,True,592332,Kevin Gausman,Kevin,Gausman,34,1991-01-06,35,"6' 2""",205,1,Pitcher,L,Left,R,Right,,,,,,,,,,,,,,,,,,,,,,,,,,
2026-06-08,822806,,/api/v1.1/game/822806/feed/live,R,2026,2026-06-08,,night,P,N,N,Regular Season,1,3,1,Final,Final,14,Rogers Centre,141,Toronto Blue Jays,TOR,2,False,143,Philadelphia Phillies,PHI,5,True,678218,Brandon Valenzuela,Brandon,Valenzuela,59,2000-10-02,25,"6' 0""",225,2,Catcher,S,Switch,R,Right,0-2,,2,0,0,0,0,0,0,0,0,0,0,0,2,0,,,,,,,,,,
2026-06-08,822806,,/api/v1.1/game/822806/feed/live,R,2026,2026-06-08,,night,P,N,N,Regular Season,1,3,1,Final,Final,14,Rogers Centre,141,Toronto Blue Jays,TOR,2,False,143,Philadelphia Phillies,PHI,5,True,656546,Jeff Hoffman,Jeffrey,Hoffman,23,1993-01-08,33,"6' 5""",235,1,Pitcher,R,Right,R,Right,,,,,,,,,,,,,,,,,,,,,,,,,,
2026-06-08,822806,,/api/v1.1/game/822806/feed/live,R,2026,2026-06-08,,night,P,N,N,Regular Season,1,3,1,Final,Final,14,Rogers Centre,141,Toronto Blue Jays,TOR,2,False,143,Philadelphia Phillies,PHI,5,True,657756,Connor Seabold,Connor,Seabold,40,1996-01-24,30,"6' 2""",190,1,Pitcher,R,Right,R,Right,,,,,,,,,,,,,,,,,,,,,,,,,,
2026-06-08,822806,,/api/v1.1/game/822806/feed/live,R,2026,2026-06-08,,night,P,N,N,Regular Season,1,3,1,Final,Final,14,Rogers Centre,141,Toronto Blue Jays,TOR,2,False,143,Philadelphia Phillies,PHI,5,True,702056,Trey Yesavage,Trey,Yesavage,39,2003-07-28,22,"6' 4""",225,1,Pitcher,R,Right,R,Right,,,,,,,,,,,,,,,,,,,,,,,,,,
2026-06-08,822806,,/api/v1.1/game/822806/feed/live,R,2026,2026-06-08,,night,P,N,N,Regular Season,1,3,1,Final,Final,14,Rogers Centre,141,Toronto Blue Jays,TOR,2,False,143,Philadelphia Phillies,PHI,5,True,664770,Nathan Lukes,Nathan,Lukes,38,1994-07-12,31,"5' 11""",180,9,Outfielder,L,Left,R,Right,1-4 | K,,4,1,0,0,0,0,0,1,0,0,0,0,4,1,,,,,,,,,,
2026-06-08,822806,,/api/v1.1/game/822806/feed/live,R,2026,2026-06-08,,night,P,N,N,Regular Season,1,3,1,Final,Final,14,Rogers Centre,141,Toronto Blue Jays,TOR,2,False,143,Philadelphia Phillies,PHI,5,True,543807,George Springer,George,Springer,4,1989-09-19,36,"6' 1""",220,10,Designated Hitter,R,Right,R,Right,0-4 | 3 K,,4,0,0,0,0,0,0,3,0,0,0,0,4,0,,,,,,,,,,
2026-06-08,822806,,/api/v1.1/game/822806/feed/live,R,2026,2026-06-08,,night,P,N,N,Regular Season,1,3,1,Final,Final,14,Rogers Centre,141,Toronto Blue Jays,TOR,2,False,143,Philadelphia Phillies,PHI,5,True,682818,Yohendrick Piñango,Yohendrick,Pinango,24,2002-05-07,24,"5' 10""",170,7,Outfielder,L,Left,L,Left,"1-2 | 2B, BB, RBI",,2,1,1,0,0,1,0,0,1,0,0,0,3,2,,,,,,,,,,
2026-06-08,822806,,/api/v1.1/game/822806/feed/live,R,2026,2026-06-08,,night,P,N,N,Regular Season,1,3,1,Final,Final,14,Rogers Centre,141,Toronto Blue Jays,TOR,2,False,143,Philadelphia Phillies,PHI,5,True,689254,Mason Fluharty,Mason,Fluharty,68,2001-08-13,24,"6' 2""",215,1,Pitcher,R,Right,L,Left,,,,,,,,,,,,,,,,,,,,,,,,,,
2026-06-08,822806,,/api/v1.1/game/822806/feed/live,R,2026,2026-06-08,,night,P,N,N,Regular Season,1,3,1,Final,Final,14,Rogers Centre,141,Toronto Blue Jays,TOR,2,False,143,Philadelphia Phillies,PHI,5,True,680755,Braydon Fisher,Braydon,Fisher,63,2000-07-26,25,"6' 4""",180,1,Pitcher,R,Right,R,Right,,,,,,,,,,,,,,,,,,,,,,,,,,
2026-06-08,822806,,/api/v1.1/game/822806/feed/live,R,2026,2026-06-08,,night,P,N,N,Regular Season,1,3,1,Final,Final,14,Rogers Centre,141,Toronto Blue Jays,TOR,2,False,143,Philadelphia Phillies,PHI,5,True,623168,Tyler Heineman,Tyler,Heineman,55,1991-06-19,34,"5' 10""",190,2,Catcher,S,Switch,R,Right,0-2,,2,0,0,0,0,0,0,0,0,0,0,0,2,0,,,,,,,,,,
2026-06-08,822806,,/api/v1.1/game/822806/feed/live,R,2026,2026-06-08,,night,P,N,N,Regular Season,1,3,1,Final,Final,14,Rogers Centre,141,Toronto Blue Jays,TOR,2,False,143,Philadelphia Phillies,PHI,5,True,643511,Tyler Rogers,Tyler,Rogers,71,1990-12-17,35,"6' 3""",180,1,Pitcher,R,Right,R,Right,,,,,,,,,,,,,,,,,,,,,,,,,,
2026-06-08,822806,,/api/v1.1/game/822806/feed/live,R,2026,2026-06-08,,night,P,N,N,Regular Season,1,3,1,Final,Final,14,Rogers Centre,141,Toronto Blue Jays,TOR,2,False,143,Philadelphia Phillies,PHI,5,True,665489,Vladimir Guerrero Jr.,Vladimir,Guerrero,27,1999-03-16,27,"6' 0""",245,3,First Base,R,Right,R,Right,0-4 | 2 K,,4,0,0,0,0,0,0,2,0,0,0,0,4,0,,,,,,,,,,
2026-06-08,822806,,/api/v1.1/game/822806/feed/live,R,2026,2026-06-08,,night,P,N,N,Regular Season,1,3,1,Final,Final,14,Rogers Centre,141,Toronto Blue Jays,TOR,2,False,143,Philadelphia Phillies,PHI,5,True,571578,Patrick Corbin,Patrick,Corbin,46,1989-07-19,36,"6' 4""",225,1,Pitcher,L,Left,L,Left,"3.0 IP, 5 ER, 3 K, 4 BB",,,,,,,,,,,,,,,,3.0,5,4,1,3,4,79,0,1,0
2026-06-08,822806,,/api/v1.1/game/822806/feed/live,R,2026,2026-06-08,,night,P,N,N,Regular Season,1,3,1,Final,Final,14,Rogers Centre,141,Toronto Blue Jays,TOR,2,False,143,Philadelphia Phillies,PHI,5,True,660821,Jesús Sánchez,Jesús,Sánchez,12,1997-10-07,28,"6' 3""",222,9,Outfielder,L,Left,R,Right,0-1,,1,0,0,0,0,0,0,0,0,0,0,0,1,0,,,,,,,,,,
2026-06-08,822806,,/api/v1.1/game/822806/feed/live,R,2026,2026-06-08,,night,P,N,N,Regular Season,1,3,1,Final,Final,14,Rogers Centre,141,Toronto Blue Jays,TOR,2,False,143,Philadelphia Phillies,PHI,5,True,664702,Myles Straw,Myles,Straw,3,1994-10-17,31,"5' 9""",178,9,Outfielder,R,Right,R,Right,"1-2 | 2B, BB, R",,2,1,1,0,0,0,1,0,1,0,0,0,3,2,,,,,,,,,,
2026-06-08,822806,,/api/v1.1/game/822806/feed/live,R,2026,2026-06-08,,night,P,N,N,Regular Season,1,3,1,Final,Final,14,Rogers Centre,141,Toronto Blue Jays,TOR,2,False,143,Philadelphia Phillies,PHI,5,True,672960,Kazuma Okamoto,Kazuma,Okamoto,7,1996-06-30,29,"6' 1""",220,5,Third Base,R,Right,R,Right,0-4 | 2 K,,4,0,0,0,0,0,0,2,0,0,0,0,4,0,,,,,,,,,,
2026-06-08,822806,,/api/v1.1/game/822806/feed/live,R,2026,2026-06-08,,night,P,N,N,Regular Season,1,3,1,Final,Final,14,Rogers Centre,141,Toronto Blue Jays,TOR,2,False,143,Philadelphia Phillies,PHI,5,True,669016,Brandon Marsh,Brandon,Marsh,16,1997-12-18,28,"6' 2""",215,7,Outfielder,L,Left,R,Right,"0-3 | HBP, K, R",,3,0,0,0,0,0,1,1,0,0,0,0,4,0,,,,,,,,,,
2026-06-08,822806,,/api/v1.1/game/822806/feed/live,R,2026,2026-06-08,,night,P,N,N,Regular Season,1,3,1,Final,Final,14,Rogers Centre,141,Toronto Blue Jays,TOR,2,False,143,Philadelphia Phillies,PHI,5,True,666200,Jesús Luzardo,Jesús,Luzardo,44,1997-09-30,28,"6' 0""",218,1,Pitcher,L,Left,L,Left,,,,,,,,,,,,,,,,,,,,,,,,,,
2026-06-08,822806,,/api/v1.1/game/822806/feed/live,R,2026,2026-06-08,,night,P,N,N,Regular Season,1,3,1,Final,Final,14,Rogers Centre,141,Toronto Blue Jays,TOR,2,False,143,Philadelphia Phillies,PHI,5,True,621237,José Alvarado,José,Alvarado,46,1995-05-21,31,"6' 2""",245,1,Pitcher,L,Left,L,Left,,,,,,,,,,,,,,,,,,,,,,,,,,
2026-06-08,822806,,/api/v1.1/game/822806/feed/live,R,2026,2026-06-08,,night,P,N,N,Regular Season,1,3,1,Final,Final,14,Rogers Centre,141,Toronto Blue Jays,TOR,2,False,143,Philadelphia Phillies,PHI,5,True,702222,Justin Crawford,Justin,Crawford,2,2004-01-13,22,"6' 2""",188,8,Outfielder,L,Left,R,Right,1-1,,1,1,0,0,0,0,0,0,0,0,0,0,1,1,,,,,,,,,,
2026-06-08,822806,,/api/v1.1/game/822806/feed/live,R,2026,2026-06-08,,night,P,N,N,Regular Season,1,3,1,Final,Final,14,Rogers Centre,141,Toronto Blue Jays,TOR,2,False,143,Philadelphia Phillies,PHI,5,True,650911,Cristopher Sánchez,Cristopher,Sánchez,61,1996-12-12,29,"6' 6""",200,1,Pitcher,L,Left,L,Left,"7.0 IP, 2 ER, 10 K, BB",,,,,,,,,,,,,,,,7.0,2,4,1,10,1,107,1,0,0
2026-06-08,822806,,/api/v1.1/game/822806/feed/live,R,2026,2026-06-08,,night,P,N,N,Regular Season,1,3,1,Final,Final,14,Rogers Centre,141,Toronto Blue Jays,TOR,2,False,143,Philadelphia Phillies,PHI,5,True,547180,Bryce Harper,Bryce,Harper,3,1992-10-16,33,"6' 1""",210,3,First Base,L,Left,R,Right,"0-3 | BB, K, R",,3,0,0,0,0,0,1,1,1,0,0,0,4,0,,,,,,,,,,
2026-06-08,822806,,/api/v1.1/game/822806/feed/live,R,2026,2026-06-08,,night,P,N,N,Regular Season,1,3,1,Final,Final,14,Rogers Centre,141,Toronto Blue Jays,TOR,2,False,143,Philadelphia Phillies,PHI,5,True,592663,J.T. Realmuto,Jacob,Realmuto,10,1991-03-18,35,"6' 0""",212,2,Catcher,R,Right,R,Right,"1-4 | K, RBI",,4,1,0,0,0,1,0,1,0,0,0,1,4,1,,,,,,,,,,
2026-06-08,822806,,/api/v1.1/game/822806/feed/live,R,2026,2026-06-08,,night,P,N,N,Regular Season,1,3,1,Final,Final,14,Rogers Centre,141,Toronto Blue Jays,TOR,2,False,143,Philadelphia Phillies,PHI,5,True,554430,Zack Wheeler,Zachary,Wheeler,45,1990-05-30,36,"6' 4""",195,1,Pitcher,L,Left,R,Right,,,,,,,,,,,,,,,,,,,,,,,,,,
2026-06-08,822806,,/api/v1.1/game/822806/feed/live,R,2026,2026-06-08,,night,P,N,N,Regular Season,1,3,1,Final,Final,14,Rogers Centre,141,Toronto Blue Jays,TOR,2,False,143,Philadelphia Phillies,PHI,5,True,624641,Edmundo Sosa,Edmundo,Sosa,33,1996-03-06,30,"5' 11""",210,4,Second Base,R,Right,R,Right,"1-3 | 2B, K",,3,1,1,0,0,0,0,1,0,0,0,0,3,2,,,,,,,,,,
2026-06-08,822806,,/api/v1.1/game/822806/feed/live,R,2026,2026-06-08,,night,P,N,N,Regular Season,1,3,1,Final,Final,14,Rogers Centre,141,Toronto Blue Jays,TOR,2,False,143,Philadelphia Phillies,PHI,5,True,661395,Jhoan Duran,Jhoan,Duran,59,1998-01-08,28,"6' 5""",230,1,Pitcher,R,Right,R,Right,"1.0 IP, 0 ER, 0 K, 0 BB",,,,,,,,,,,,,,,,1.0,0,1,0,0,0,9,0,0,1
2026-06-08,822806,,/api/v1.1/game/822806/feed/live,R,2026,2026-06-08,,night,P,N,N,Regular Season,1,3,1,Final,Final,14,Rogers Centre,141,Toronto Blue Jays,TOR,2,False,143,Philadelphia Phillies,PHI,5,True,689147,Orion Kerkering,Richard,Kerkering,50,2001-04-04,25,"6' 2""",204,1,Pitcher,R,Right,R,Right,,,,,,,,,,,,,,,,,,,,,,,,,,
2026-06-08,822806,,/api/v1.1/game/822806/feed/live,R,2026,2026-06-08,,night,P,N,N,Regular Season,1,3,1,Final,Final,14,Rogers Centre,141,Toronto Blue Jays,TOR,2,False,143,Philadelphia Phillies,PHI,5,True,664761,Alec Bohm,Alec,Bohm,28,1996-08-03,29,"6' 4""",218,5,Third Base,R,Right,R,Right,"1-3 | BB, RBI",,3,1,0,0,0,1,0,0,1,0,0,0,4,1,,,,,,,,,,
2026-06-08,822806,,/api/v1.1/game/822806/feed/live,R,2026,2026-06-08,,night,P,N,N,Regular Season,1,3,1,Final,Final,14,Rogers Centre,141,Toronto Blue Jays,TOR,2,False,143,Philadelphia Phillies,PHI,5,True,680742,Jonathan Bowlan,Jonathan,Bowlan,52,1996-12-01,29,"6' 6""",240,1,Pitcher,R,Right,R,Right,,,,,,,,,,,,,,,,,,,,,,,,,,
2026-06-08,822806,,/api/v1.1/game/822806/feed/live,R,2026,2026-06-08,,night,P,N,N,Regular Season,1,3,1,Final,Final,14,Rogers Centre,141,Toronto Blue Jays,TOR,2,False,143,Philadelphia Phillies,PHI,5,True,663767,Chase Shugart,Chase,Shugart,55,1996-10-24,29,"5' 11""",200,1,Pitcher,L,Left,R,Right,,,,,,,,,,,,,,,,,,,,,,,,,,
2026-06-08,822806,,/api/v1.1/game/822806/feed/live,R,2026,2026-06-08,,night,P,N,N,Regular Season,1,3,1,Final,Final,14,Rogers Centre,141,Toronto Blue Jays,TOR,2,False,143,Philadelphia Phillies,PHI,5,True,641835,Tim Mayza,Timothy,Mayza,37,1992-01-15,34,"6' 3""",215,1,Pitcher,L,Left,L,Left,,,,,,,,,,,,,,,,,,,,,,,,,,
2026-06-08,822806,,/api/v1.1/game/822806/feed/live,R,2026,2026-06-08,,night,P,N,N,Regular Season,1,3,1,Final,Final,14,Rogers Centre,141,Toronto Blue Jays,TOR,2,False,143,Philadelphia Phillies,PHI,5,True,681082,Bryson Stott,Bryson,Stott,5,1997-10-06,28,"6' 0""",200,4,Second Base,L,Left,R,Right,"1-3 | 2B, BB, K",,3,1,1,0,0,1,1,1,1,0,0,0,4,2,,,,,,,,,,
2026-06-08,822806,,/api/v1.1/game/822806/feed/live,R,2026,2026-06-08,,night,P,N,N,Regular Season,1,3,1,Final,Final,14,Rogers Centre,141,Toronto Blue Jays,TOR,2,False,143,Philadelphia Phillies,PHI,5,True,656941,Kyle Schwarber,Kyle,Schwarber,12,1993-03-05,33,"5' 11""",229,10,Designated Hitter,L,Left,R,Right,"1-4 | BB, K",,4,1,0,0,0,0,0,1,1,0,0,0,5,1,,,,,,,,,,
2026-06-08,822806,,/api/v1.1/game/822806/feed/live,R,2026,2026-06-08,,night,P,N,N,Regular Season,1,3,1,Final,Final,14,Rogers Centre,141,Toronto Blue Jays,TOR,2,False,143,Philadelphia Phillies,PHI,5,True,665561,Rafael Marchán,Rafael,Marchán,13,1999-02-25,27,"5' 9""",170,2,Catcher,S,Switch,R,Right,,,,,,,,,,,,,,,,,,,,,,,,,,
2026-06-08,822806,,/api/v1.1/game/822806/feed/live,R,2026,2026-06-08,,night,P,N,N,Regular Season,1,3,1,Final,Final,14,Rogers Centre,141,Toronto Blue Jays,TOR,2,False,143,Philadelphia Phillies,PHI,5,True,596117,Garrett Stubbs,Garrett,Stubbs,21,1993-05-26,33,"5' 9""",170,2,Catcher,L,Left,R,Right,,,,,,,,,,,,,,,,,,,,,,,,,,
2026-06-08,822806,,/api/v1.1/game/822806/feed/live,R,2026,2026-06-08,,night,P,N,N,Regular Season,1,3,1,Final,Final,14,Rogers Centre,141,Toronto Blue Jays,TOR,2,False,143,Philadelphia Phillies,PHI,5,True,621383,Tanner Banks,Tanner,Banks,58,1991-10-24,34,"6' 1""",205,1,Pitcher,R,Right,L,Left,,,,,,,,,,,,,,,,,,,,,,,,,,
2026-06-08,822806,,/api/v1.1/game/822806/feed/live,R,2026,2026-06-08,,night,P,N,N,Regular Season,1,3,1,Final,Final,14,Rogers Centre,141,Toronto Blue Jays,TOR,2,False,143,Philadelphia Phillies,PHI,5,True,666969,Adolis García,Jose,García,53,1993-03-02,33,"6' 0""",205,9,Outfielder,R,Right,R,Right,"1-4 | HR, 2 K, 2 RBI",,4,1,0,0,1,2,1,2,0,0,0,0,4,4,,,,,,,,,,
2026-06-08,822806,,/api/v1.1/game/822806/feed/live,R,2026,2026-06-08,,night,P,N,N,Regular Season,1,3,1,Final,Final,14,Rogers Centre,141,Toronto Blue Jays,TOR,2,False,143,Philadelphia Phillies,PHI,5,True,605400,Aaron Nola,Aaron,Nola,27,1993-06-04,33,"6' 2""",200,1,Pitcher,R,Right,R,Right,,,,,,,,,,,,,,,,,,,,,,,,,,
2026-06-08,822806,,/api/v1.1/game/822806/feed/live,R,2026,2026-06-08,,night,P,N,N,Regular Season,1,3,1,Final,Final,14,Rogers Centre,141,Toronto Blue Jays,TOR,2,False,143,Philadelphia Phillies,PHI,5,True,641745,Brad Keller,Brad,Keller,40,1995-07-27,30,"6' 5""",255,1,Pitcher,R,Right,R,Right,"1.0 IP, 0 ER, K, BB",,,,,,,,,,,,,,,,1.0,0,1,0,1,1,20,0,0,0
2026-06-08,822806,,/api/v1.1/game/822806/feed/live,R,2026,2026-06-08,,night,P,N,N,Regular Season,1,3,1,Final,Final,14,Rogers Centre,141,Toronto Blue Jays,TOR,2,False,143,Philadelphia Phillies,PHI,5,True,607208,Trea Turner,Trea,Turner,7,1993-06-30,32,"6' 1""",185,6,Shortstop,R,Right,R,Right,"0-4 | BB, R, SB",,4,0,0,0,0,0,1,0,1,1,1,1,5,0,,,,,,,,,,
2026-06-08,822806,,/api/v1.1/game/822806/feed/live,R,2026,2026-06-08,,night,P,N,N,Regular Season,1,3,1,Final,Final,14,Rogers Centre,141,Toronto Blue Jays,TOR,2,False,143,Philadelphia Phillies,PHI,5,True,691725,Andrew Painter,Andrew,Painter,24,2003-04-10,23,"6' 7""",215,1,Pitcher,R,Right,R,Right,,,,,,,,,,,,,,,,,,,,,,,,,,
2026-06-08,822806,,/api/v1.1/game/822806/feed/live,R,2026,2026-06-08,,night,P,N,N,Regular Season,1,3,1,Final,Final,14,Rogers Centre,141,Toronto Blue Jays,TOR,2,False,143,Philadelphia Phillies,PHI,5,True,672642,Steward Berroa,Steward,Berroa,39,1999-06-05,27,"5' 9""",193,9,Outfielder,S,Switch,R,Right,,,,,,,,,,,,,,,,,,,,,,,,,,
2026-06-08,824025,,/api/v1.1/game/824025/feed/live,R,2026,2026-06-08,,night,P,N,N,Regular Season,1,3,1,Final,Final,1,Angel Stadium,108,Los Angeles Angels,LAA,4,False,117,Houston Astros,HOU,5,True,642350,Jose Siri,Jose,Siri,28,1995-07-22,30,"6' 2""",210,7,Outfielder,R,Right,R,Right,1-1,,1,1,0,0,0,0,0,0,0,0,0,0,1,1,,,,,,,,,,
2026-06-08,824025,,/api/v1.1/game/824025/feed/live,R,2026,2026-06-08,,night,P,N,N,Regular Season,1,3,1,Final,Final,1,Angel Stadium,108,Los Angeles Angels,LAA,4,False,117,Houston Astros,HOU,5,True,622268,Donovan Walton,Donovan,Walton,35,1994-05-25,32,"5' 9""",190,5,Third Base,L,Left,R,Right,"0-2 | BB, K",,2,0,0,0,0,0,0,1,1,0,0,0,3,0,,,,,,,,,,
2026-06-08,824025,,/api/v1.1/game/824025/feed/live,R,2026,2026-06-08,,night,P,N,N,Regular Season,1,3,1,Final,Final,1,Angel Stadium,108,Los Angeles Angels,LAA,4,False,117,Houston Astros,HOU,5,True,672724,Oswald Peraza,Oswald,Peraza,2,2000-06-15,25,"5' 11""",200,4,Second Base,R,Right,R,Right,0-1,,1,0,0,0,0,0,0,0,0,0,0,0,1,0,,,,,,,,,,
2026-06-08,824025,,/api/v1.1/game/824025/feed/live,R,2026,2026-06-08,,night,P,N,N,Regular Season,1,3,1,Final,Final,1,Angel Stadium,108,Los Angeles Angels,LAA,4,False,117,Houston Astros,HOU,5,True,687263,Zach Neto,Zachary,Neto,9,2001-01-31,25,"5' 11""",185,6,Shortstop,R,Right,R,Right,"1-4 | HR, BB, 2 K",,4,1,0,0,1,1,1,2,1,0,0,0,5,4,,,,,,,,,,
2026-06-08,824025,,/api/v1.1/game/824025/feed/live,R,2026,2026-06-08,,night,P,N,N,Regular Season,1,3,1,Final,Final,1,Angel Stadium,108,Los Angeles Angels,LAA,4,False,117,Houston Astros,HOU,5,True,641820,Trey Mancini,Joseph,Mancini,34,1992-03-18,34,"6' 3""",230,3,First Base,R,Right,R,Right,"3-4 | RBI, R",,4,3,0,0,0,1,1,0,0,0,0,1,4,3,,,,,,,,,,
2026-06-08,824025,,/api/v1.1/game/824025/feed/live,R,2026,2026-06-08,,night,P,N,N,Regular Season,1,3,1,Final,Final,1,Angel Stadium,108,Los Angeles Angels,LAA,4,False,117,Houston Astros,HOU,5,True,663611,Nick Madrigal,Nicklaus,Madrigal,17,1997-03-05,29,"5' 7""",175,5,Third Base,R,Right,R,Right,"1-3 | BB, R",,3,1,0,0,0,0,1,0,1,0,0,0,4,1,,,,,,,,,,
2026-06-08,824025,,/api/v1.1/game/824025/feed/live,R,2026,2026-06-08,,night,P,N,N,Regular Season,1,3,1,Final,Final,1,Angel Stadium,108,Los Angeles Angels,LAA,4,False,117,Houston Astros,HOU,5,True,681217,Chase Silseth,Chase,Silseth,63,2000-05-18,26,"6' 0""",217,1,Pitcher,R,Right,R,Right,,,,,,,,,,,,,,,,,,,,,,,,,,
2026-06-08,824025,,/api/v1.1/game/824025/feed/live,R,2026,2026-06-08,,night,P,N,N,Regular Season,1,3,1,Final,Final,1,Angel Stadium,108,Los Angeles Angels,LAA,4,False,117,Houston Astros,HOU,5,True,667755,José Soriano,José,Soriano,59,1998-10-20,27,"6' 3""",220,1,Pitcher,R,Right,R,Right,,,,,,,,,,,,,,,,,,,,,,,,,,
2026-06-08,824025,,/api/v1.1/game/824025/feed/live,R,2026,2026-06-08,,night,P,N,N,Regular Season,1,3,1,Final,Final,1,Angel Stadium,108,Los Angeles Angels,LAA,4,False,117,Houston Astros,HOU,5,True,815083,Mitch Farris,Mitchell,Farris,70,2001-02-14,25,"6' 2""",195,1,Pitcher,L,Left,L,Left,,,,,,,,,,,,,,,,,,,,,,,,,,
2026-06-08,824025,,/api/v1.1/game/824025/feed/live,R,2026,2026-06-08,,night,P,N,N,Regular Season,1,3,1,Final,Final,1,Angel Stadium,108,Los Angeles Angels,LAA,4,False,117,Houston Astros,HOU,5,True,680570,Grayson Rodriguez,Grayson,Rodriguez,21,1999-11-16,26,"6' 5""",230,1,Pitcher,L,Left,R,Right,"5.1 IP, 2 ER, 6 K, 2 BB",,,,,,,,,,,,,,,,5.1,2,6,0,6,2,92,0,0,0
2026-06-08,824025,,/api/v1.1/game/824025/feed/live,R,2026,2026-06-08,,night,P,N,N,Regular Season,1,3,1,Final,Final,1,Angel Stadium,108,Los Angeles Angels,LAA,4,False,117,Houston Astros,HOU,5,True,545361,Mike Trout,Michael,Trout,27,1991-08-07,34,"6' 1""",235,8,Outfielder,R,Right,R,Right,"0-4 | BB, 2 K",,4,0,0,0,0,0,0,2,1,0,0,0,5,0,,,,,,,,,,
2026-06-08,824025,,/api/v1.1/game/824025/feed/live,R,2026,2026-06-08,,night,P,N,N,Regular Season,1,3,1,Final,Final,1,Angel Stadium,108,Los Angeles Angels,LAA,4,False,117,Houston Astros,HOU,5,True,519141,Drew Pomeranz,Thomas,Pomeranz,13,1988-11-22,37,"6' 5""",246,1,Pitcher,R,Right,L,Left,,,,,,,,,,,,,,,,,,,,,,,,,,
2026-06-08,824025,,/api/v1.1/game/824025/feed/live,R,2026,2026-06-08,,night,P,N,N,Regular Season,1,3,1,Final,Final,1,Angel Stadium,108,Los Angeles Angels,LAA,4,False,117,Houston Astros,HOU,5,True,691951,Sam Aldegheri,Samuel,Aldegheri,61,2001-09-19,24,"6' 1""",210,1,Pitcher,L,Left,L,Left,"1.0 IP, 0 ER, K, 0 BB",,,,,,,,,,,,,,,,1.0,0,1,0,1,0,8,0,1,0
2026-06-08,824025,,/api/v1.1/game/824025/feed/live,R,2026,2026-06-08,,night,P,N,N,Regular Season,1,3,1,Final,Final,1,Angel Stadium,108,Los Angeles Angels,LAA,4,False,117,Houston Astros,HOU,5,True,666176,Jo Adell,Jordon,Adell,7,1999-04-08,27,"6' 2""",215,9,Outfielder,R,Right,R,Right,"0-4 | HBP, 2 K, R",,4,0,0,0,0,0,1,2,0,0,0,0,5,0,,,,,,,,,,
2026-06-08,824025,,/api/v1.1/game/824025/feed/live,R,2026,2026-06-08,,night,P,N,N,Regular Season,1,3,1,Final,Final,1,Angel Stadium,108,Los Angeles Angels,LAA,4,False,117,Houston Astros,HOU,5,True,694203,Denzer Guzman,Denzer,Guzman,23,2004-02-08,22,"6' 1""",190,6,Shortstop,R,Right,R,Right,0-5 | K,,5,0,0,0,0,0,0,1,0,0,0,0,5,0,,,,,,,,,,
2026-06-08,824025,,/api/v1.1/game/824025/feed/live,R,2026,2026-06-08,,night,P,N,N,Regular Season,1,3,1,Final,Final,1,Angel Stadium,108,Los Angeles Angels,LAA,4,False,117,Houston Astros,HOU,5,True,696147,Sam Bachman,Samuel,Bachman,40,1999-09-30,26,"6' 1""",235,1,Pitcher,R,Right,R,Right,"1.0 IP, 0 ER, K, BB",,,,,,,,,,,,,,,,1.0,0,0,0,1,1,16,0,0,0
2026-06-08,824025,,/api/v1.1/game/824025/feed/live,R,2026,2026-06-08,,night,P,N,N,Regular Season,1,3,1,Final,Final,1,Angel Stadium,108,Los Angeles Angels,LAA,4,False,117,Houston Astros,HOU,5,True,666171,Ryan Zeferjahn,Ryan,Zeferjahn,56,1998-02-28,28,"6' 5""",209,1,Pitcher,R,Right,R,Right,"1.0 IP, 0 ER, 3 K, 2 BB",,,,,,,,,,,,,,,,1.0,0,0,0,3,2,25,0,0,0
2026-06-08,824025,,/api/v1.1/game/824025/feed/live,R,2026,2026-06-08,,night,P,N,N,Regular Season,1,3,1,Final,Final,1,Angel Stadium,108,Los Angeles Angels,LAA,4,False,117,Houston Astros,HOU,5,True,694384,Nolan Schanuel,Nolan,Schanuel,18,2002-02-14,24,"6' 2""",220,3,First Base,L,Left,R,Right,0-0,,0,0,0,0,0,0,0,0,0,0,0,0,0,0,,,,,,,,,,
2026-06-08,824025,,/api/v1.1/game/824025/feed/live,R,2026,2026-06-08,,night,P,N,N,Regular Season,1,3,1,Final,Final,1,Angel Stadium,108,Los Angeles Angels,LAA,4,False,117,Houston Astros,HOU,5,True,685133,Wade Meckler,Wade,Meckler,53,2000-04-21,26,"5' 9""",190,7,Outfielder,L,Left,R,Right,1-4 | 2 K,,4,1,0,0,0,0,0,2,0,0,0,0,4,1,,,,,,,,,,
2026-06-08,824025,,/api/v1.1/game/824025/feed/live,R,2026,2026-06-08,,night,P,N,N,Regular Season,1,3,1,Final,Final,1,Angel Stadium,108,Los Angeles Angels,LAA,4,False,117,Houston Astros,HOU,5,True,665861,Sebastián Rivero,Sebastián,Rivero,38,1998-11-16,27,"6' 1""",210,2,Catcher,R,Right,R,Right,,,,,,,,,,,,,,,,,,,,,,,,,,
2026-06-08,824025,,/api/v1.1/game/824025/feed/live,R,2026,2026-06-08,,night,P,N,N,Regular Season,1,3,1,Final,Final,1,Angel Stadium,108,Los Angeles Angels,LAA,4,False,117,Houston Astros,HOU,5,True,700712,Walbert Ureña,Walbert,Ureña,57,2004-01-25,22,"6' 0""",210,1,Pitcher,R,Right,R,Right,,,,,,,,,,,,,,,,,,,,,,,,,,
2026-06-08,824025,,/api/v1.1/game/824025/feed/live,R,2026,2026-06-08,,night,P,N,N,Regular Season,1,3,1,Final,Final,1,Angel Stadium,108,Los Angeles Angels,LAA,4,False,117,Houston Astros,HOU,5,True,681351,Logan O'Hoppe,Logan,O'Hoppe,14,2000-02-09,26,"6' 2""",225,2,Catcher,R,Right,R,Right,"1-4 | 2B, 2 K, 2 RBI",,4,1,1,0,0,2,0,2,0,0,0,0,4,2,,,,,,,,,,
2026-06-08,824025,,/api/v1.1/game/824025/feed/live,R,2026,2026-06-08,,night,P,N,N,Regular Season,1,3,1,Final,Final,1,Angel Stadium,108,Los Angeles Angels,LAA,4,False,117,Houston Astros,HOU,5,True,489446,Kirby Yates,Kirby,Yates,39,1987-03-25,39,"5' 10""",205,1,Pitcher,L,Left,R,Right,"1.0 IP, ER, K, BB",,,,,,,,,,,,,,,,1.0,1,1,0,1,1,24,0,0,0
2026-06-08,824025,,/api/v1.1/game/824025/feed/live,R,2026,2026-06-08,,night,P,N,N,Regular Season,1,3,1,Final,Final,1,Angel Stadium,108,Los Angeles Angels,LAA,4,False,117,Houston Astros,HOU,5,True,672282,Reid Detmers,Reid,Detmers,48,1999-07-08,26,"6' 2""",210,1,Pitcher,L,Left,L,Left,,,,,,,,,,,,,,,,,,,,,,,,,,
2026-06-08,824025,,/api/v1.1/game/824025/feed/live,R,2026,2026-06-08,,night,P,N,N,Regular Season,1,3,1,Final,Final,1,Angel Stadium,108,Los Angeles Angels,LAA,4,False,117,Houston Astros,HOU,5,True,696519,Samy Natera Jr.,Samuel,Natera,52,1999-11-05,26,"6' 4""",230,1,Pitcher,L,Left,L,Left,"0.2 IP, 0 ER, K, 0 BB",,,,,,,,,,,,,,,,0.2,0,0,0,1,0,9,0,0,0
2026-06-08,824025,,/api/v1.1/game/824025/feed/live,R,2026,2026-06-08,,night,P,N,N,Regular Season,1,3,1,Final,Final,1,Angel Stadium,108,Los Angeles Angels,LAA,4,False,117,Houston Astros,HOU,5,True,608718,Brent Suter,Brent,Suter,37,1989-08-29,36,"6' 4""",213,1,Pitcher,L,Left,L,Left,,,,,,,,,,,,,,,,,,,,,,,,,,
2026-06-08,824025,,/api/v1.1/game/824025/feed/live,R,2026,2026-06-08,,night,P,N,N,Regular Season,1,3,1,Final,Final,1,Angel Stadium,108,Los Angeles Angels,LAA,4,False,117,Houston Astros,HOU,5,True,694376,Shay Whitcomb,Shay,Whitcomb,14,1998-09-28,27,"6' 0""",202,5,Third Base,R,Right,R,Right,0-0,,0,0,0,0,0,0,0,0,0,0,0,0,0,0,,,,,,,,,,
2026-06-08,824025,,/api/v1.1/game/824025/feed/live,R,2026,2026-06-08,,night,P,N,N,Regular Season,1,3,1,Final,Final,1,Angel Stadium,108,Los Angeles Angels,LAA,4,False,117,Houston Astros,HOU,5,True,670623,Isaac Paredes,Isaac,Paredes,15,1999-02-18,27,"5' 11""",213,5,Third Base,R,Right,R,Right,"1-5 | 2B, K, R",,5,1,1,0,0,0,1,1,0,0,0,0,5,2,,,,,,,,,,
2026-06-08,824025,,/api/v1.1/game/824025/feed/live,R,2026,2026-06-08,,night,P,N,N,Regular Season,1,3,1,Final,Final,1,Angel Stadium,108,Los Angeles Angels,LAA,4,False,117,Houston Astros,HOU,5,True,650556,Bryan Abreu,Bryan,Abreu,52,1997-04-22,29,"6' 1""",230,1,Pitcher,R,Right,R,Right,"1.0 IP, 0 ER, K, 0 BB",,,,,,,,,,,,,,,,1.0,0,1,0,1,0,8,0,0,1
2026-06-08,824025,,/api/v1.1/game/824025/feed/live,R,2026,2026-06-08,,night,P,N,N,Regular Season,1,3,1,Final,Final,1,Angel Stadium,108,Los Angeles Angels,LAA,4,False,117,Houston Astros,HOU,5,True,695001,Alimber Santa,Alimber,Santa,72,2003-05-03,23,"5' 10""",228,1,Pitcher,R,Right,R,Right,,,,,,,,,,,,,,,,,,,,,,,,,,
2026-06-08,824025,,/api/v1.1/game/824025/feed/live,R,2026,2026-06-08,,night,P,N,N,Regular Season,1,3,1,Final,Final,1,Angel Stadium,108,Los Angeles Angels,LAA,4,False,117,Houston Astros,HOU,5,True,678906,Kai-Wei Teng,Kai-Wei,Teng,17,1998-12-01,27,"6' 4""",241,1,Pitcher,R,Right,R,Right,,,,,,,,,,,,,,,,,,,,,,,,,,
2026-06-08,824025,,/api/v1.1/game/824025/feed/live,R,2026,2026-06-08,,night,P,N,N,Regular Season,1,3,1,Final,Final,1,Angel Stadium,108,Los Angeles Angels,LAA,4,False,117,Houston Astros,HOU,5,True,701358,Cam Smith,Cameron,Smith,11,2003-02-22,23,"6' 3""",224,9,Outfielder,R,Right,R,Right,"2-5 | 2 2B, 2 K, RBI",,5,2,2,0,0,1,0,2,0,0,0,0,5,4,,,,,,,,,,
2026-06-08,824025,,/api/v1.1/game/824025/feed/live,R,2026,2026-06-08,,night,P,N,N,Regular Season,1,3,1,Final,Final,1,Angel Stadium,108,Los Angeles Angels,LAA,4,False,117,Houston Astros,HOU,5,True,623352,Josh Hader,Josh,Hader,71,1994-04-07,32,"6' 3""",188,1,Pitcher,L,Left,L,Left,"1.0 IP, 0 ER, 3 K, 0 BB",,,,,,,,,,,,,,,,1.0,0,0,0,3,0,12,1,0,0
2026-06-08,824025,,/api/v1.1/game/824025/feed/live,R,2026,2026-06-08,,night,P,N,N,Regular Season,1,3,1,Final,Final,1,Angel Stadium,108,Los Angeles Angels,LAA,4,False,117,Houston Astros,HOU,5,True,660853,Enyel De Los Santos,Enyel,De Los Santos,65,1995-12-25,30,"6' 3""",235,1,Pitcher,R,Right,R,Right,"1.0 IP, ER, K, 0 BB",,,,,,,,,,,,,,,,1.0,1,2,1,1,0,25,0,0,0
2026-06-08,824025,,/api/v1.1/game/824025/feed/live,R,2026,2026-06-08,,night,P,N,N,Regular Season,1,3,1,Final,Final,1,Angel Stadium,108,Los Angeles Angels,LAA,4,False,117,Houston Astros,HOU,5,True,676694,Jake Meyers,Jacob,Meyers,6,1996-06-18,29,"6' 0""",200,8,Outfielder,R,Right,L,Left,0-2 | BB,,2,0,0,0,0,0,0,0,1,0,0,0,3,0,,,,,,,,,,
2026-06-08,824025,,/api/v1.1/game/824025/feed/live,R,2026,2026-06-08,,night,P,N,N,Regular Season,1,3,1,Final,Final,1,Angel Stadium,108,Los Angeles Angels,LAA,4,False,117,Houston Astros,HOU,5,True,595345,Steven Okert,Steven,Okert,48,1991-07-09,34,"6' 2""",202,1,Pitcher,L,Left,L,Left,,,,,,,,,,,,,,,,,,,,,,,,,,
2026-06-08,824025,,/api/v1.1/game/824025/feed/live,R,2026,2026-06-08,,night,P,N,N,Regular Season,1,3,1,Final,Final,1,Angel Stadium,108,Los Angeles Angels,LAA,4,False,117,Houston Astros,HOU,5,True,694728,Brice Matthews,Brice,Matthews,0,2002-03-16,24,"5' 10""",190,8,Outfielder,R,Right,R,Right,"1-2 | R, CS",,2,1,0,0,0,0,1,0,0,0,1,0,2,1,,,,,,,,,,
2026-06-08,824025,,/api/v1.1/game/824025/feed/live,R,2026,2026-06-08,,night,P,N,N,Regular Season,1,3,1,Final,Final,1,Angel Stadium,108,Los Angeles Angels,LAA,4,False,117,Houston Astros,HOU,5,True,805123,AJ Blubaugh,Alan,Blubaugh,69,2000-07-04,25,"6' 2""",190,1,Pitcher,R,Right,R,Right,,,,,,,,,,,,,,,,,,,,,,,,,,
2026-06-08,824025,,/api/v1.1/game/824025/feed/live,R,2026,2026-06-08,,night,P,N,N,Regular Season,1,3,1,Final,Final,1,Angel Stadium,108,Los Angeles Angels,LAA,4,False,117,Houston Astros,HOU,5,True,514888,Jose Altuve,Jose,Altuve,27,1990-05-06,36,"5' 6""",167,4,Second Base,R,Right,R,Right,"0-5 | 2 K, R",,5,0,0,0,0,0,1,2,0,0,0,0,5,0,,,,,,,,,,
2026-06-08,824025,,/api/v1.1/game/824025/feed/live,R,2026,2026-06-08,,night,P,N,N,Regular Season,1,3,1,Final,Final,1,Angel Stadium,108,Los Angeles Angels,LAA,4,False,117,Houston Astros,HOU,5,True,666211,Taylor Trammell,Taylor,Trammell,26,1997-09-13,28,"6' 1""",220,8,Outfielder,L,Left,L,Left,0-2,,2,0,0,0,0,0,0,0,0,0,0,0,2,0,,,,,,,,,,
2026-06-08,824025,,/api/v1.1/game/824025/feed/live,R,2026,2026-06-08,,night,P,N,N,Regular Season,1,3,1,Final,Final,1,Angel Stadium,108,Los Angeles Angels,LAA,4,False,117,Houston Astros,HOU,5,True,837227,Tatsuya Imai,Tatsuya,Imai,45,1998-05-09,28,"5' 11""",176,1,Pitcher,R,Right,R,Right,,,,,,,,,,,,,,,,,,,,,,,,,,
2026-06-08,824025,,/api/v1.1/game/824025/feed/live,R,2026,2026-06-08,,night,P,N,N,Regular Season,1,3,1,Final,Final,1,Angel Stadium,108,Los Angeles Angels,LAA,4,False,117,Houston Astros,HOU,5,True,805672,Collin Price,Collin,Price,37,1999-11-15,26,"6' 4""",225,2,Catcher,R,Right,R,Right,"1-4 | 2B, 2 K",,4,1,1,0,0,0,0,2,0,0,0,0,4,2,,,,,,,,,,
2026-06-08,824025,,/api/v1.1/game/824025/feed/live,R,2026,2026-06-08,,night,P,N,N,Regular Season,1,3,1,Final,Final,1,Angel Stadium,108,Los Angeles Angels,LAA,4,False,117,Houston Astros,HOU,5,True,665161,Jeremy Peña,Jeremy,Peña,3,1997-09-22,28,"6' 0""",202,6,Shortstop,R,Right,R,Right,"0-3 | 2 BB, 2 K, R",,3,0,0,0,0,0,1,2,2,2,0,0,5,0,,,,,,,,,,
2026-06-08,824025,,/api/v1.1/game/824025/feed/live,R,2026,2026-06-08,,night,P,N,N,Regular Season,1,3,1,Final,Final,1,Angel Stadium,108,Los Angeles Angels,LAA,4,False,117,Houston Astros,HOU,5,True,663567,Peter Lambert,Peter,Lambert,38,1997-04-18,29,"6' 2""",208,1,Pitcher,R,Right,R,Right,,,,,,,,,,,,,,,,,,,,,,,,,,
2026-06-08,824025,,/api/v1.1/game/824025/feed/live,R,2026,2026-06-08,,night,P,N,N,Regular Season,1,3,1,Final,Final,1,Angel Stadium,108,Los Angeles Angels,LAA,4,False,117,Houston Astros,HOU,5,True,681347,Mike Burrows,Michael,Burrows,50,1999-11-08,26,"6' 1""",200,1,Pitcher,R,Right,R,Right,,,,,,,,,,,,,,,,,,,,,,,,,,
2026-06-08,824025,,/api/v1.1/game/824025/feed/live,R,2026,2026-06-08,,night,P,N,N,Regular Season,1,3,1,Final,Final,1,Angel Stadium,108,Los Angeles Angels,LAA,4,False,117,Houston Astros,HOU,5,True,687911,Bryan King,Bryan,King,74,1996-11-05,29,"6' 1""",205,1,Pitcher,R,Right,L,Left,"1.0 IP, 0 ER, 0 K, 0 BB",,,,,,,,,,,,,,,,1.0,0,1,0,0,0,12,0,0,0
2026-06-08,824025,,/api/v1.1/game/824025/feed/live,R,2026,2026-06-08,,night,P,N,N,Regular Season,1,3,1,Final,Final,1,Angel Stadium,108,Los Angeles Angels,LAA,4,False,117,Houston Astros,HOU,5,True,664774,LaMonte Wade Jr.,LaMonte,Wade,31,1994-01-01,32,"5' 11""",215,3,First Base,L,Left,L,Left,"1-2 | 2B, BB, RBI",,2,1,1,0,0,1,0,0,1,0,0,0,3,2,,,,,,,,,,
2026-06-08,824025,,/api/v1.1/game/824025/feed/live,R,2026,2026-06-08,,night,P,N,N,Regular Season,1,3,1,Final,Final,1,Angel Stadium,108,Los Angeles Angels,LAA,4,False,117,Houston Astros,HOU,5,True,572233,Christian Walker,Christian,Walker,8,1991-03-28,35,"5' 11""",208,3,First Base,R,Right,R,Right,"2-4 | 2B, BB, K",,4,2,1,0,0,2,0,1,1,0,0,0,5,3,,,,,,,,,,
2026-06-08,824025,,/api/v1.1/game/824025/feed/live,R,2026,2026-06-08,,night,P,N,N,Regular Season,1,3,1,Final,Final,1,Angel Stadium,108,Los Angeles Angels,LAA,4,False,117,Houston Astros,HOU,5,True,663878,Nate Pearson,Nathan,Pearson,55,1996-08-20,29,"6' 6""",255,1,Pitcher,R,Right,R,Right,,,,,,,,,,,,,,,,,,,,,,,,,,
2026-06-08,824025,,/api/v1.1/game/824025/feed/live,R,2026,2026-06-08,,night,P,N,N,Regular Season,1,3,1,Final,Final,1,Angel Stadium,108,Los Angeles Angels,LAA,4,False,117,Houston Astros,HOU,5,True,681293,Spencer Arrighetti,Spencer,Arrighetti,41,2000-01-02,26,"6' 2""",186,1,Pitcher,R,Right,R,Right,"6.0 IP, 3 ER, 7 K, 4 BB",,,,,,,,,,,,,,,,6.0,3,4,0,7,4,95,0,0,0
2026-06-08,824025,,/api/v1.1/game/824025/feed/live,R,2026,2026-06-08,,night,P,N,N,Regular Season,1,3,1,Final,Final,1,Angel Stadium,108,Los Angeles Angels,LAA,4,False,117,Houston Astros,HOU,5,True,543877,Christian Vázquez,Christian,Vázquez,2,1990-08-21,35,"5' 8""",205,2,Catcher,R,Right,R,Right,,,,,,,,,,,,,,,,,,,,,,,,,,
2026-06-08,824025,,/api/v1.1/game/824025/feed/live,R,2026,2026-06-08,,night,P,N,N,Regular Season,1,3,1,Final,Final,1,Angel Stadium,108,Los Angeles Angels,LAA,4,False,117,Houston Astros,HOU,5,True,670541,Yordan Alvarez,Yordan,Alvarez,44,1997-06-27,28,"6' 4""",237,10,Designated Hitter,L,Left,R,Right,"0-4 | BB, 3 K, R",,4,0,0,0,0,0,1,3,1,0,0,0,5,0,,,,,,,,,,
2026-06-08,823289,,/api/v1.1/game/823289/feed/live,R,2026,2026-06-08,,night,P,N,N,Regular Season,1,3,1,Final,Final,2680,Petco Park,135,San Diego Padres,SD,6,True,113,Cincinnati Reds,CIN,2,False,673513,Yuki Matsui,Yuki,Matsui,1,1995-10-30,30,"5' 8""",165,1,Pitcher,L,Left,L,Left,,,,,,,,,,,,,,,,,,,,,,,,,,
2026-06-08,823289,,/api/v1.1/game/823289/feed/live,R,2026,2026-06-08,,night,P,N,N,Regular Season,1,3,1,Final,Final,2680,Petco Park,135,San Diego Padres,SD,6,True,113,Cincinnati Reds,CIN,2,False,666023,Freddy Fermin,Freddy,Fermin,54,1995-05-16,31,"5' 10""",200,2,Catcher,R,Right,R,Right,"2-3 | HR, K, 2 RBI",,3,2,0,0,1,2,1,1,0,0,0,0,4,5,,,,,,,,,,
2026-06-08,823289,,/api/v1.1/game/823289/feed/live,R,2026,2026-06-08,,night,P,N,N,Regular Season,1,3,1,Final,Final,2680,Petco Park,135,San Diego Padres,SD,6,True,113,Cincinnati Reds,CIN,2,False,650633,Michael King,Michael,King,34,1995-05-25,31,"6' 3""",210,1,Pitcher,R,Right,R,Right,,,,,,,,,,,,,,,,,,,,,,,,,,
2026-06-08,823289,,/api/v1.1/game/823289/feed/live,R,2026,2026-06-08,,night,P,N,N,Regular Season,1,3,1,Final,Final,2680,Petco Park,135,San Diego Padres,SD,6,True,113,Cincinnati Reds,CIN,2,False,695243,Mason Miller,Mason,Miller,22,1998-08-24,27,"6' 5""",200,1,Pitcher,R,Right,R,Right,"1.0 IP, 0 ER, 3 K, 0 BB",,,,,,,,,,,,,,,,1.0,0,0,0,3,0,19,0,0,0
2026-06-08,823289,,/api/v1.1/game/823289/feed/live,R,2026,2026-06-08,,night,P,N,N,Regular Season,1,3,1,Final,Final,2680,Petco Park,135,San Diego Padres,SD,6,True,113,Cincinnati Reds,CIN,2,False,688158,David Morgan,David,Morgan,66,1999-10-26,26,"6' 0""",185,1,Pitcher,R,Right,R,Right,,,,,,,,,,,,,,,,,,,,,,,,,,
2026-06-08,823289,,/api/v1.1/game/823289/feed/live,R,2026,2026-06-08,,night,P,N,N,Regular Season,1,3,1,Final,Final,2680,Petco Park,135,San Diego Padres,SD,6,True,113,Cincinnati Reds,CIN,2,False,593974,Wandy Peralta,Wandy,Peralta,58,1991-07-27,34,"6' 0""",227,1,Pitcher,L,Left,L,Left,,,,,,,,,,,,,,,,,,,,,,,,,,
2026-06-08,823289,,/api/v1.1/game/823289/feed/live,R,2026,2026-06-08,,night,P,N,N,Regular Season,1,3,1,Final,Final,2680,Petco Park,135,San Diego Padres,SD,6,True,113,Cincinnati Reds,CIN,2,False,621111,Walker Buehler,Walker,Buehler,10,1994-07-28,31,"6' 2""",185,1,Pitcher,R,Right,R,Right,"4.2 IP, ER, 4 K, 2 BB",,,,,,,,,,,,,,,,4.2,1,8,0,4,2,86,0,0,0
2026-06-08,823289,,/api/v1.1/game/823289/feed/live,R,2026,2026-06-08,,night,P,N,N,Regular Season,1,3,1,Final,Final,2680,Petco Park,135,San Diego Padres,SD,6,True,113,Cincinnati Reds,CIN,2,False,701538,Jackson Merrill,Jackson,Merrill,3,2003-04-19,23,"6' 2""",195,8,Outfielder,L,Left,R,Right,0-4 | K,,4,0,0,0,0,0,0,1,0,0,0,0,4,0,,,,,,,,,,
2026-06-08,823289,,/api/v1.1/game/823289/feed/live,R,2026,2026-06-08,,night,P,N,N,Regular Season,1,3,1,Final,Final,2680,Petco Park,135,San Diego Padres,SD,6,True,113,Cincinnati Reds,CIN,2,False,592094,Jason Adam,Jason,Adam,40,1991-08-04,34,"6' 3""",229,1,Pitcher,R,Right,R,Right,"1.0 IP, 0 ER, 3 K, BB",,,,,,,,,,,,,,,,1.0,0,0,0,3,1,18,0,0,0
2026-06-08,823289,,/api/v1.1/game/823289/feed/live,R,2026,2026-06-08,,night,P,N,N,Regular Season,1,3,1,Final,Final,2680,Petco Park,135,San Diego Padres,SD,6,True,113,Cincinnati Reds,CIN,2,False,656288,Griffin Canning,Griffin,Canning,17,1996-05-11,30,"6' 2""",180,1,Pitcher,R,Right,R,Right,,,,,,,,,,,,,,,,,,,,,,,,,,
2026-06-08,823289,,/api/v1.1/game/823289/feed/live,R,2026,2026-06-08,,night,P,N,N,Regular Season,1,3,1,Final,Final,2680,Petco Park,135,San Diego Padres,SD,6,True,113,Cincinnati Reds,CIN,2,False,660710,Rodolfo Durán,Rodolfo,Durán,48,1998-02-19,28,"5' 8""",181,2,Catcher,R,Right,R,Right,,,,,,,,,,,,,,,,,,,,,,,,,,
2026-06-08,823289,,/api/v1.1/game/823289/feed/live,R,2026,2026-06-08,,night,P,N,N,Regular Season,1,3,1,Final,Final,2680,Petco Park,135,San Diego Padres,SD,6,True,113,Cincinnati Reds,CIN,2,False,699134,Bradgley Rodriguez,Bradgley,Rodriguez,72,2003-11-16,22,"6' 1""",160,1,Pitcher,R,Right,R,Right,"0.2 IP, ER, 0 K, BB",,,,,,,,,,,,,,,,0.2,1,1,0,0,1,17,0,0,0
2026-06-08,823289,,/api/v1.1/game/823289/feed/live,R,2026,2026-06-08,,night,P,N,N,Regular Season,1,3,1,Final,Final,2680,Petco Park,135,San Diego Padres,SD,6,True,113,Cincinnati Reds,CIN,2,False,823550,Sung-Mun Song,Sung-Mun,Song,24,1996-08-29,29,"6' 0""",194,4,Second Base,L,Left,R,Right,,,,,,,,,,,,,,,,,,,,,,,,,,
2026-06-08,823289,,/api/v1.1/game/823289/feed/live,R,2026,2026-06-08,,night,P,N,N,Regular Season,1,3,1,Final,Final,2680,Petco Park,135,San Diego Padres,SD,6,True,113,Cincinnati Reds,CIN,2,False,669392,Samad Taylor,Samad,Taylor,0,1998-07-11,27,"5' 8""",160,4,Second Base,R,Right,R,Right,"2-4 | 2 K, 3 RBI, R",,4,2,0,0,0,3,1,2,0,1,0,0,4,2,,,,,,,,,,
2026-06-08,823289,,/api/v1.1/game/823289/feed/live,R,2026,2026-06-08,,night,P,N,N,Regular Season,1,3,1,Final,Final,2680,Petco Park,135,San Diego Padres,SD,6,True,113,Cincinnati Reds,CIN,2,False,657757,Gavin Sheets,Gavin,Sheets,30,1996-04-23,30,"6' 3""",235,3,First Base,L,Left,L,Left,"1-4 | 2B, 2 K, RBI",,4,1,1,0,0,1,1,2,0,0,0,0,4,2,,,,,,,,,,
2026-06-08,823289,,/api/v1.1/game/823289/feed/live,R,2026,2026-06-08,,night,P,N,N,Regular Season,1,3,1,Final,Final,2680,Petco Park,135,San Diego Padres,SD,6,True,113,Cincinnati Reds,CIN,2,False,670970,Adrian Morejon,Adrian,Morejon,50,1999-02-27,27,"5' 11""",224,1,Pitcher,L,Left,L,Left,"1.2 IP, 0 ER, K, 0 BB",,,,,,,,,,,,,,,,1.2,0,0,0,1,0,13,1,0,0
2026-06-08,823289,,/api/v1.1/game/823289/feed/live,R,2026,2026-06-08,,night,P,N,N,Regular Season,1,3,1,Final,Final,2680,Petco Park,135,San Diego Padres,SD,6,True,113,Cincinnati Reds,CIN,2,False,592518,Manny Machado,Manuel,Machado,13,1992-07-06,33,"6' 2""",218,5,Third Base,R,Right,R,Right,0-4,,4,0,0,0,0,0,0,0,0,0,0,0,4,0,,,,,,,,,,
2026-06-08,823289,,/api/v1.1/game/823289/feed/live,R,2026,2026-06-08,,night,P,N,N,Regular Season,1,3,1,Final,Final,2680,Petco Park,135,San Diego Padres,SD,6,True,113,Cincinnati Reds,CIN,2,False,609280,Miguel Andujar,Miguel,Andujar,41,1995-03-02,31,"6' 0""",211,10,Designated Hitter,R,Right,R,Right,,,,,,,,,,,,,,,,,,,,,,,,,,
2026-06-08,823289,,/api/v1.1/game/823289/feed/live,R,2026,2026-06-08,,night,P,N,N,Regular Season,1,3,1,Final,Final,2680,Petco Park,135,San Diego Padres,SD,6,True,113,Cincinnati Reds,CIN,2,False,665487,Fernando Tatis Jr.,Fernando,Tatis,23,1999-01-02,27,"6' 3""",217,9,Outfielder,R,Right,R,Right,0-4 | BB,,4,0,0,0,0,0,0,0,1,0,0,0,5,0,,,,,,,,,,
2026-06-08,823289,,/api/v1.1/game/823289/feed/live,R,2026,2026-06-08,,night,P,N,N,Regular Season,1,3,1,Final,Final,2680,Petco Park,135,San Diego Padres,SD,6,True,113,Cincinnati Reds,CIN,2,False,664034,Ty France,Tyler,France,25,1994-07-13,31,"5' 10""",215,3,First Base,R,Right,R,Right,1-4,,4,1,0,0,0,0,0,0,0,0,0,0,4,1,,,,,,,,,,
2026-06-08,823289,,/api/v1.1/game/823289/feed/live,R,2026,2026-06-08,,night,P,N,N,Regular Season,1,3,1,Final,Final,2680,Petco Park,135,San Diego Padres,SD,6,True,113,Cincinnati Reds,CIN,2,False,669369,Bryce Johnson,Bryce,Johnson,29,1995-10-27,30,"5' 11""",190,9,Outfielder,S,Switch,R,Right,,,,,,,,,,,,,,,,,,,,,,,,,,
2026-06-08,823289,,/api/v1.1/game/823289/feed/live,R,2026,2026-06-08,,night,P,N,N,Regular Season,1,3,1,Final,Final,2680,Petco Park,135,San Diego Padres,SD,6,True,113,Cincinnati Reds,CIN,2,False,593428,Xander Bogaerts,Xander,Bogaerts,2,1992-10-01,33,"6' 2""",218,6,Shortstop,R,Right,R,Right,"2-4 | 2B, 2 R",,4,2,1,0,0,0,2,0,0,0,0,0,4,3,,,,,,,,,,
2026-06-08,823289,,/api/v1.1/game/823289/feed/live,R,2026,2026-06-08,,night,P,N,N,Regular Season,1,3,1,Final,Final,2680,Petco Park,135,San Diego Padres,SD,6,True,113,Cincinnati Reds,CIN,2,False,687749,Jase Bowen,Jase,Bowen,4,2000-09-02,25,"6' 0""",215,8,Outfielder,R,Right,R,Right,"2-3 | BB, R, 2 SB",,3,2,0,0,0,0,1,0,1,2,0,0,4,2,,,,,,,,,,
2026-06-08,823289,,/api/v1.1/game/823289/feed/live,R,2026,2026-06-08,,night,P,N,N,Regular Season,1,3,1,Final,Final,2680,Petco Park,135,San Diego Padres,SD,6,True,113,Cincinnati Reds,CIN,2,False,676760,Ron Marinaccio,Ronald,Marinaccio,97,1995-07-01,30,"6' 2""",205,1,Pitcher,R,Right,R,Right,,,,,,,,,,,,,,,,,,,,,,,,,,
2026-06-08,823289,,/api/v1.1/game/823289/feed/live,R,2026,2026-06-08,,night,P,N,N,Regular Season,1,3,1,Final,Final,2680,Petco Park,135,San Diego Padres,SD,6,True,113,Cincinnati Reds,CIN,2,False,608337,Lucas Giolito,Lucas,Giolito,55,1994-07-14,31,"6' 6""",245,1,Pitcher,R,Right,R,Right,,,,,,,,,,,,,,,,,,,,,,,,,,
2026-06-08,823289,,/api/v1.1/game/823289/feed/live,R,2026,2026-06-08,,night,P,N,N,Regular Season,1,3,1,Final,Final,2680,Petco Park,135,San Diego Padres,SD,6,True,113,Cincinnati Reds,CIN,2,False,681190,Randy Vásquez,Randy,Vásquez,98,1998-11-03,27,"6' 0""",165,1,Pitcher,R,Right,R,Right,,,,,,,,,,,,,,,,,,,,,,,,,,
2026-06-08,823289,,/api/v1.1/game/823289/feed/live,R,2026,2026-06-08,,night,P,N,N,Regular Season,1,3,1,Final,Final,2680,Petco Park,135,San Diego Padres,SD,6,True,113,Cincinnati Reds,CIN,2,False,701398,Sal Stewart,Sal,Stewart,27,2003-12-07,22,"6' 1""",224,3,First Base,R,Right,R,Right,"1-3 | BB, RBI",,3,1,0,0,0,1,0,0,1,0,0,0,4,1,,,,,,,,,,
2026-06-08,823289,,/api/v1.1/game/823289/feed/live,R,2026,2026-06-08,,night,P,N,N,Regular Season,1,3,1,Final,Final,2680,Petco Park,135,San Diego Padres,SD,6,True,113,Cincinnati Reds,CIN,2,False,667472,Dane Myers,Dane,Myers,17,1996-03-08,30,"6' 0""",205,8,Outfielder,R,Right,R,Right,,,,,,,,,,,,,,,,,,,,,,,,,,
2026-06-08,823289,,/api/v1.1/game/823289/feed/live,R,2026,2026-06-08,,night,P,N,N,Regular Season,1,3,1,Final,Final,2680,Petco Park,135,San Diego Padres,SD,6,True,113,Cincinnati Reds,CIN,2,False,682622,Noelvi Marte,Noelvi,Marte,4,2001-10-16,24,"6' 2""",216,9,Outfielder,R,Right,R,Right,"1-4 | 2 K, R, SB",,4,1,0,0,0,0,1,2,0,1,0,0,4,1,,,,,,,,,,
2026-06-08,823289,,/api/v1.1/game/823289/feed/live,R,2026,2026-06-08,,night,P,N,N,Regular Season,1,3,1,Final,Final,2680,Petco Park,135,San Diego Padres,SD,6,True,113,Cincinnati Reds,CIN,2,False,622088,Tejay Antone,Tejay,Antone,70,1993-12-05,32,"6' 4""",230,1,Pitcher,R,Right,R,Right,"1.0 IP, 0 ER, 0 K, 0 BB",,,,,,,,,,,,,,,,1.0,0,2,0,0,0,13,0,0,0
2026-06-08,823289,,/api/v1.1/game/823289/feed/live,R,2026,2026-06-08,,night,P,N,N,Regular Season,1,3,1,Final,Final,2680,Petco Park,135,San Diego Padres,SD,6,True,113,Cincinnati Reds,CIN,2,False,663574,Tony Santillan,Antonio,Santillan,64,1997-04-15,29,"6' 3""",285,1,Pitcher,R,Right,R,Right,,,,,,,,,,,,,,,,,,,,,,,,,,
2026-06-08,823289,,/api/v1.1/game/823289/feed/live,R,2026,2026-06-08,,night,P,N,N,Regular Season,1,3,1,Final,Final,2680,Petco Park,135,San Diego Padres,SD,6,True,113,Cincinnati Reds,CIN,2,False,663993,Nathaniel Lowe,David,Lowe,31,1995-07-07,30,"6' 4""",220,10,Designated Hitter,L,Left,R,Right,1-3 | 2 K,,3,1,0,0,0,0,0,2,0,0,0,0,3,1,,,,,,,,,,
2026-06-08,823289,,/api/v1.1/game/823289/feed/live,R,2026,2026-06-08,,night,P,N,N,Regular Season,1,3,1,Final,Final,2680,Petco Park,135,San Diego Padres,SD,6,True,113,Cincinnati Reds,CIN,2,False,663903,Brady Singer,Brady,Singer,51,1996-08-04,29,"6' 5""",215,1,Pitcher,R,Right,R,Right,,,,,,,,,,,,,,,,,,,,,,,,,,
2026-06-08,823289,,/api/v1.1/game/823289/feed/live,R,2026,2026-06-08,,night,P,N,N,Regular Season,1,3,1,Final,Final,2680,Petco Park,135,San Diego Padres,SD,6,True,113,Cincinnati Reds,CIN,2,False,680574,Matt McLain,Matthew,McLain,9,1999-08-06,26,"5' 8""",180,4,Second Base,R,Right,R,Right,"2-3 | 2B, BB",,3,2,1,0,0,0,0,0,1,0,0,0,4,3,,,,,,,,,,
2026-06-08,823289,,/api/v1.1/game/823289/feed/live,R,2026,2026-06-08,,night,P,N,N,Regular Season,1,3,1,Final,Final,2680,Petco Park,135,San Diego Padres,SD,6,True,113,Cincinnati Reds,CIN,2,False,657571,Caleb Ferguson,Caleb,Ferguson,46,1996-07-02,29,"6' 3""",225,1,Pitcher,R,Right,L,Left,,,,,,,,,,,,,,,,,,,,,,,,,,
2026-06-08,823289,,/api/v1.1/game/823289/feed/live,R,2026,2026-06-08,,night,P,N,N,Regular Season,1,3,1,Final,Final,2680,Petco Park,135,San Diego Padres,SD,6,True,113,Cincinnati Reds,CIN,2,False,666181,Will Benson,William,Benson,30,1998-06-16,27,"6' 4""",230,9,Outfielder,L,Left,L,Left,,,,,,,,,,,,,,,,,,,,,,,,,,
2026-06-08,823289,,/api/v1.1/game/823289/feed/live,R,2026,2026-06-08,,night,P,N,N,Regular Season,1,3,1,Final,Final,2680,Petco Park,135,San Diego Padres,SD,6,True,113,Cincinnati Reds,CIN,2,False,694362,Blake Dunn,Blake,Dunn,59,1998-09-05,27,"5' 9""",210,9,Outfielder,R,Right,R,Right,1-5 | 2 K,,5,1,0,0,0,0,0,2,0,0,0,0,5,1,,,,,,,,,,
2026-06-08,823289,,/api/v1.1/game/823289/feed/live,R,2026,2026-06-08,,night,P,N,N,Regular Season,1,3,1,Final,Final,2680,Petco Park,135,San Diego Padres,SD,6,True,113,Cincinnati Reds,CIN,2,False,695076,Rhett Lowder,Rhett,Lowder,25,2002-03-08,24,"6' 1""",200,1,Pitcher,R,Right,R,Right,,,,,,,,,,,,,,,,,,,,,,,,,,
2026-06-08,823289,,/api/v1.1/game/823289/feed/live,R,2026,2026-06-08,,night,P,N,N,Regular Season,1,3,1,Final,Final,2680,Petco Park,135,San Diego Padres,SD,6,True,113,Cincinnati Reds,CIN,2,False,668715,Spencer Steer,Spencer,Steer,7,1997-12-07,28,"5' 9""",185,7,Outfielder,R,Right,R,Right,0-1 | K,,1,0,0,0,0,0,0,1,0,0,0,0,1,0,,,,,,,,,,
2026-06-08,823289,,/api/v1.1/game/823289/feed/live,R,2026,2026-06-08,,night,P,N,N,Regular Season,1,3,1,Final,Final,2680,Petco Park,135,San Diego Padres,SD,6,True,113,Cincinnati Reds,CIN,2,False,664731,P.J. Higgins,Patrick,Higgins,65,1993-05-10,33,"5' 10""",195,2,Catcher,R,Right,R,Right,,,,,,,,,,,,,,,,,,,,,,,,,,
2026-06-08,823289,,/api/v1.1/game/823289/feed/live,R,2026,2026-06-08,,night,P,N,N,Regular Season,1,3,1,Final,Final,2680,Petco Park,135,San Diego Padres,SD,6,True,113,Cincinnati Reds,CIN,2,False,553993,Eugenio Suárez,Eugenio,Suárez,28,1991-07-18,34,"5' 11""",213,10,Designated Hitter,R,Right,R,Right,0-4 | K,,4,0,0,0,0,0,0,1,0,0,0,0,4,0,,,,,,,,,,
2026-06-08,823289,,/api/v1.1/game/823289/feed/live,R,2026,2026-06-08,,night,P,N,N,Regular Season,1,3,1,Final,Final,2680,Petco Park,135,San Diego Padres,SD,6,True,113,Cincinnati Reds,CIN,2,False,663886,Tyler Stephenson,Tyler,Stephenson,37,1996-08-16,29,"6' 3""",225,2,Catcher,R,Right,R,Right,"1-3 | BB, K",,3,1,0,0,0,0,0,1,1,0,0,0,4,1,,,,,,,,,,
2026-06-08,823289,,/api/v1.1/game/823289/feed/live,R,2026,2026-06-08,,night,P,N,N,Regular Season,1,3,1,Final,Final,2680,Petco Park,135,San Diego Padres,SD,6,True,113,Cincinnati Reds,CIN,2,False,695490,Edwin Arroyo,Edwin,Arroyo,2,2003-08-25,22,"5' 11""",173,6,Shortstop,S,Switch,R,Right,"1-3 | K, RBI",,3,1,0,0,0,1,0,1,0,0,0,0,4,1,,,,,,,,,,
2026-06-08,823289,,/api/v1.1/game/823289/feed/live,R,2026,2026-06-08,,night,P,N,N,Regular Season,1,3,1,Final,Final,2680,Petco Park,135,San Diego Padres,SD,6,True,113,Cincinnati Reds,CIN,2,False,685112,Zach McCambley,Zachary,McCambley,62,1999-05-04,27,"6' 2""",225,1,Pitcher,L,Left,R,Right,"1.0 IP, 3 ER, 0 K, 0 BB",,,,,,,,,,,,,,,,1.0,3,4,0,0,0,32,0,0,0
2026-06-08,823289,,/api/v1.1/game/823289/feed/live,R,2026,2026-06-08,,night,P,N,N,Regular Season,1,3,1,Final,Final,2680,Petco Park,135,San Diego Padres,SD,6,True,113,Cincinnati Reds,CIN,2,False,666157,Nick Lodolo,Nicholas,Lodolo,40,1998-02-05,28,"6' 6""",216,1,Pitcher,L,Left,L,Left,,,,,,,,,,,,,,,,,,,,,,,,,,
2026-06-08,823289,,/api/v1.1/game/823289/feed/live,R,2026,2026-06-08,,night,P,N,N,Regular Season,1,3,1,Final,Final,2680,Petco Park,135,San Diego Padres,SD,6,True,113,Cincinnati Reds,CIN,2,False,594580,Sam Moll,Samuel,Moll,50,1992-01-03,34,"5' 9""",190,1,Pitcher,L,Left,L,Left,,,,,,,,,,,,,,,,,,,,,,,,,,
2026-06-08,823289,,/api/v1.1/game/823289/feed/live,R,2026,2026-06-08,,night,P,N,N,Regular Season,1,3,1,Final,Final,2680,Petco Park,135,San Diego Padres,SD,6,True,113,Cincinnati Reds,CIN,2,False,687209,Zach Maxwell,Zachary,Maxwell,78,2001-01-26,25,"6' 6""",275,1,Pitcher,R,Right,R,Right,,,,,,,,,,,,,,,,,,,,,,,,,,
2026-06-08,823289,,/api/v1.1/game/823289/feed/live,R,2026,2026-06-08,,night,P,N,N,Regular Season,1,3,1,Final,Final,2680,Petco Park,135,San Diego Padres,SD,6,True,113,Cincinnati Reds,CIN,2,False,668709,JJ Bleday,Jeffrey,Bleday,22,1997-11-10,28,"6' 2""",205,7,Outfielder,L,Left,L,Left,"1-4 | 2B, BB, K",,4,1,1,0,0,0,1,1,1,0,0,0,5,2,,,,,,,,,,
2026-06-08,823289,,/api/v1.1/game/823289/feed/live,R,2026,2026-06-08,,night,P,N,N,Regular Season,1,3,1,Final,Final,2680,Petco Park,135,San Diego Padres,SD,6,True,113,Cincinnati Reds,CIN,2,False,663978,Chris Paddack,Christopher,Paddack,56,1996-01-08,30,"6' 5""",217,1,Pitcher,R,Right,R,Right,,,,,,,,,,,,,,,,,,,,,,,,,,
2026-06-08,823289,,/api/v1.1/game/823289/feed/live,R,2026,2026-06-08,,night,P,N,N,Regular Season,1,3,1,Final,Final,2680,Petco Park,135,San Diego Padres,SD,6,True,113,Cincinnati Reds,CIN,2,False,656271,Brock Burke,Brock,Burke,49,1996-08-04,29,"6' 4""",210,1,Pitcher,L,Left,L,Left,,,,,,,,,,,,,,,,,,,,,,,,,,
2026-06-08,823289,,/api/v1.1/game/823289/feed/live,R,2026,2026-06-08,,night,P,N,N,Regular Season,1,3,1,Final,Final,2680,Petco Park,135,San Diego Padres,SD,6,True,113,Cincinnati Reds,CIN,2,False,671096,Andrew Abbott,Andrew,Abbott,41,1999-06-01,27,"6' 0""",192,1,Pitcher,L,Left,L,Left,"6.0 IP, 3 ER, 6 K, 2 BB",,,,,,,,,,,,,,,,6.0,3,4,1,6,2,101,0,1,0
2026-06-08,823289,,/api/v1.1/game/823289/feed/live,R,2026,2026-06-08,,night,P,N,N,Regular Season,1,3,1,Final,Final,2680,Petco Park,135,San Diego Padres,SD,6,True,113,Cincinnati Reds,CIN,2,False,695505,Chase Burns,Chase,Burns,26,2003-01-16,23,"6' 3""",210,1,Pitcher,R,Right,R,Right,,,,,,,,,,,,,,,,,,,,,,,,,,
2026-06-08,823218,,/api/v1.1/game/823218/feed/live,R,2026,2026-06-08,,night,P,N,N,Regular Season,1,3,1,Final,Final,2395,Oracle Park,137,San Francisco Giants,SF,3,False,120,Washington Nationals,WSH,4,True,669477,Casey Schmitt,Casey,Schmitt,10,1999-03-01,27,"6' 0""",215,10,Designated Hitter,R,Right,R,Right,2-5,,5,2,0,0,0,0,0,0,0,0,0,1,5,2,,,,,,,,,,
2026-06-08,823218,,/api/v1.1/game/823218/feed/live,R,2026,2026-06-08,,night,P,N,N,Regular Season,1,3,1,Final,Final,2395,Oracle Park,137,San Francisco Giants,SF,3,False,120,Washington Nationals,WSH,4,True,813841,Jonah Cox,Jonah,Cox,53,2001-08-04,24,"6' 2""",204,8,Outfielder,R,Right,R,Right,"0-1 | K, RBI",,1,0,0,0,0,1,0,1,0,0,0,0,2,0,,,,,,,,,,
2026-06-08,823218,,/api/v1.1/game/823218/feed/live,R,2026,2026-06-08,,night,P,N,N,Regular Season,1,3,1,Final,Final,2395,Oracle Park,137,San Francisco Giants,SF,3,False,120,Washington Nationals,WSH,4,True,664141,JT Brubaker,Jonathan,Brubaker,34,1993-11-17,32,"6' 4""",197,1,Pitcher,R,Right,R,Right,,,,,,,,,,,,,,,,,,,,,,,,,,
2026-06-08,823218,,/api/v1.1/game/823218/feed/live,R,2026,2026-06-08,,night,P,N,N,Regular Season,1,3,1,Final,Final,2395,Oracle Park,137,San Francisco Giants,SF,3,False,120,Washington Nationals,WSH,4,True,686790,Trevor McDonald,Trevor,McDonald,72,2001-02-26,25,"6' 0""",205,1,Pitcher,R,Right,R,Right,,,,,,,,,,,,,,,,,,,,,,,,,,
2026-06-08,823218,,/api/v1.1/game/823218/feed/live,R,2026,2026-06-08,,night,P,N,N,Regular Season,1,3,1,Final,Final,2395,Oracle Park,137,San Francisco Giants,SF,3,False,120,Washington Nationals,WSH,4,True,681916,Dylan Smith,Dylan,Smith,66,2000-05-28,26,"6' 2""",180,1,Pitcher,R,Right,R,Right,"0.1 IP, 0 ER, 0 K, 0 BB",,,,,,,,,,,,,,,,0.1,0,0,0,0,0,3,0,0,0
2026-06-08,823218,,/api/v1.1/game/823218/feed/live,R,2026,2026-06-08,,night,P,N,N,Regular Season,1,3,1,Final,Final,2395,Oracle Park,137,San Francisco Giants,SF,3,False,120,Washington Nationals,WSH,4,True,682674,Victor Bericoto,Victor,Bericoto,78,2001-12-03,24,"6' 1""",210,9,Outfielder,R,Right,R,Right,,,,,,,,,,,,,,,,,,,,,,,,,,
2026-06-08,823218,,/api/v1.1/game/823218/feed/live,R,2026,2026-06-08,,night,P,N,N,Regular Season,1,3,1,Final,Final,2395,Oracle Park,137,San Francisco Giants,SF,3,False,120,Washington Nationals,WSH,4,True,657277,Logan Webb,Logan,Webb,62,1996-11-18,29,"6' 2""",221,1,Pitcher,R,Right,R,Right,"8.0 IP, ER, 7 K, 0 BB",,,,,,,,,,,,,,,,8.0,1,5,0,7,0,99,0,0,0
2026-06-08,823218,,/api/v1.1/game/823218/feed/live,R,2026,2026-06-08,,night,P,N,N,Regular Season,1,3,1,Final,Final,2395,Oracle Park,137,San Francisco Giants,SF,3,False,120,Washington Nationals,WSH,4,True,671083,Buddy Kennedy,Clifton,Kennedy,41,1998-10-05,27,"5' 10""",213,3,First Base,R,Right,R,Right,,,,,,,,,,,,,,,,,,,,,,,,,,
2026-06-08,823218,,/api/v1.1/game/823218/feed/live,R,2026,2026-06-08,,night,P,N,N,Regular Season,1,3,1,Final,Final,2395,Oracle Park,137,San Francisco Giants,SF,3,False,120,Washington Nationals,WSH,4,True,676775,Keaton Winn,Keaton,Winn,67,1998-02-20,28,"6' 4""",230,1,Pitcher,R,Right,R,Right,"0.2 IP, 3 ER, K, 0 BB",,,,,,,,,,,,,,,,0.2,3,3,0,1,0,22,0,1,0
2026-06-08,823218,,/api/v1.1/game/823218/feed/live,R,2026,2026-06-08,,night,P,N,N,Regular Season,1,3,1,Final,Final,2395,Oracle Park,137,San Francisco Giants,SF,3,False,120,Washington Nationals,WSH,4,True,656305,Matt Chapman,Matt,Chapman,26,1993-04-28,33,"6' 1""",220,5,Third Base,R,Right,R,Right,"2-3 | HBP, RBI",,3,2,0,0,0,1,0,0,0,0,0,0,4,2,,,,,,,,,,
2026-06-08,823218,,/api/v1.1/game/823218/feed/live,R,2026,2026-06-08,,night,P,N,N,Regular Season,1,3,1,Final,Final,2395,Oracle Park,137,San Francisco Giants,SF,3,False,120,Washington Nationals,WSH,4,True,693313,Carson Seymour,Carson,Seymour,77,1998-12-16,27,"6' 5""",264,1,Pitcher,R,Right,R,Right,,,,,,,,,,,,,,,,,,,,,,,,,,
2026-06-08,823218,,/api/v1.1/game/823218/feed/live,R,2026,2026-06-08,,night,P,N,N,Regular Season,1,3,1,Final,Final,2395,Oracle Park,137,San Francisco Giants,SF,3,False,120,Washington Nationals,WSH,4,True,668873,Caleb Kilian,Caleb,Kilian,45,1997-06-02,29,"6' 4""",206,1,Pitcher,R,Right,R,Right,,,,,,,,,,,,,,,,,,,,,,,,,,
2026-06-08,823218,,/api/v1.1/game/823218/feed/live,R,2026,2026-06-08,,night,P,N,N,Regular Season,1,3,1,Final,Final,2395,Oracle Park,137,San Francisco Giants,SF,3,False,120,Washington Nationals,WSH,4,True,808982,Jung Hoo Lee,Jung Hoo,Lee,51,1998-08-20,27,"6' 0""",196,9,Outfielder,L,Left,R,Right,4-5 | 2 R,,5,4,0,0,0,0,2,0,0,0,0,0,5,4,,,,,,,,,,
2026-06-08,823218,,/api/v1.1/game/823218/feed/live,R,2026,2026-06-08,,night,P,N,N,Regular Season,1,3,1,Final,Final,2395,Oracle Park,137,San Francisco Giants,SF,3,False,120,Washington Nationals,WSH,4,True,687551,Drew Gilbert,Andrew,Gilbert,0,2000-09-27,25,"5' 9""",195,8,Outfielder,L,Left,L,Left,1-2 | 2B,,2,1,1,0,0,0,0,0,0,0,0,0,2,2,,,,,,,,,,
2026-06-08,823218,,/api/v1.1/game/823218/feed/live,R,2026,2026-06-08,,night,P,N,N,Regular Season,1,3,1,Final,Final,2395,Oracle Park,137,San Francisco Giants,SF,3,False,120,Washington Nationals,WSH,4,True,656529,Sam Hentges,Sam,Hentges,31,1996-07-18,29,"6' 8""",255,1,Pitcher,L,Left,L,Left,,,,,,,,,,,,,,,,,,,,,,,,,,
2026-06-08,823218,,/api/v1.1/game/823218/feed/live,R,2026,2026-06-08,,night,P,N,N,Regular Season,1,3,1,Final,Final,2395,Oracle Park,137,San Francisco Giants,SF,3,False,120,Washington Nationals,WSH,4,True,646240,Rafael Devers,Rafael,Devers,16,1996-10-24,29,"6' 0""",235,3,First Base,L,Left,R,Right,"0-4 | BB, K",,4,0,0,0,0,0,0,1,1,0,0,0,5,0,,,,,,,,,,
2026-06-08,823218,,/api/v1.1/game/823218/feed/live,R,2026,2026-06-08,,night,P,N,N,Regular Season,1,3,1,Final,Final,2395,Oracle Park,137,San Francisco Giants,SF,3,False,120,Washington Nationals,WSH,4,True,663941,Tristan Beck,Tristan,Beck,43,1996-06-24,29,"6' 4""",200,1,Pitcher,R,Right,R,Right,,,,,,,,,,,,,,,,,,,,,,,,,,
2026-06-08,823218,,/api/v1.1/game/823218/feed/live,R,2026,2026-06-08,,night,P,N,N,Regular Season,1,3,1,Final,Final,2395,Oracle Park,137,San Francisco Giants,SF,3,False,120,Washington Nationals,WSH,4,True,606992,Eric Haase,Eric,Haase,18,1992-12-18,33,"5' 10""",201,2,Catcher,R,Right,R,Right,0-3 | K,,3,0,0,0,0,0,0,1,0,0,0,0,4,0,,,,,,,,,,
2026-06-08,823218,,/api/v1.1/game/823218/feed/live,R,2026,2026-06-08,,night,P,N,N,Regular Season,1,3,1,Final,Final,2395,Oracle Park,137,San Francisco Giants,SF,3,False,120,Washington Nationals,WSH,4,True,605288,Adrian Houser,Adrian,Houser,12,1993-02-02,33,"6' 4""",227,1,Pitcher,R,Right,R,Right,,,,,,,,,,,,,,,,,,,,,,,,,,
2026-06-08,823218,,/api/v1.1/game/823218/feed/live,R,2026,2026-06-08,,night,P,N,N,Regular Season,1,3,1,Final,Final,2395,Oracle Park,137,San Francisco Giants,SF,3,False,120,Washington Nationals,WSH,4,True,642715,Willy Adames,Willy,Adames,2,1995-09-02,30,"6' 0""",216,6,Shortstop,R,Right,R,Right,0-5 | 2 K,,5,0,0,0,0,0,0,2,0,0,0,0,5,0,,,,,,,,,,
2026-06-08,823218,,/api/v1.1/game/823218/feed/live,R,2026,2026-06-08,,night,P,N,N,Regular Season,1,3,1,Final,Final,2395,Oracle Park,137,San Francisco Giants,SF,3,False,120,Washington Nationals,WSH,4,True,592662,Robbie Ray,Robert,Ray,38,1991-10-01,34,"6' 2""",220,1,Pitcher,L,Left,L,Left,,,,,,,,,,,,,,,,,,,,,,,,,,
2026-06-08,823218,,/api/v1.1/game/823218/feed/live,R,2026,2026-06-08,,night,P,N,N,Regular Season,1,3,1,Final,Final,2395,Oracle Park,137,San Francisco Giants,SF,3,False,120,Washington Nationals,WSH,4,True,669062,Erik Miller,Erik,Miller,68,1998-02-13,28,"6' 5""",269,1,Pitcher,L,Left,L,Left,,,,,,,,,,,,,,,,,,,,,,,,,,
2026-06-08,823218,,/api/v1.1/game/823218/feed/live,R,2026,2026-06-08,,night,P,N,N,Regular Season,1,3,1,Final,Final,2395,Oracle Park,137,San Francisco Giants,SF,3,False,120,Washington Nationals,WSH,4,True,694738,Landen Roupp,Landen,Roupp,65,1998-09-10,27,"6' 2""",220,1,Pitcher,R,Right,R,Right,,,,,,,,,,,,,,,,,,,,,,,,,,
2026-06-08,823218,,/api/v1.1/game/823218/feed/live,R,2026,2026-06-08,,night,P,N,N,Regular Season,1,3,1,Final,Final,2395,Oracle Park,137,San Francisco Giants,SF,3,False,120,Washington Nationals,WSH,4,True,650333,Luis Arraez,Luis,Arraez,1,1997-04-09,29,"5' 10""",186,4,Second Base,L,Left,R,Right,2-5 | K,,5,2,0,0,0,0,0,1,0,0,0,0,5,2,,,,,,,,,,
2026-06-08,823218,,/api/v1.1/game/823218/feed/live,R,2026,2026-06-08,,night,P,N,N,Regular Season,1,3,1,Final,Final,2395,Oracle Park,137,San Francisco Giants,SF,3,False,120,Washington Nationals,WSH,4,True,805811,Bryce Eldridge,Bryson,Eldridge,8,2004-10-20,21,"6' 7""",251,10,Designated Hitter,L,Left,R,Right,"2-5 | 2B, K, RBI",,5,2,1,0,0,1,1,1,0,0,0,0,5,3,,,,,,,,,,
2026-06-08,823218,,/api/v1.1/game/823218/feed/live,R,2026,2026-06-08,,night,P,N,N,Regular Season,1,3,1,Final,Final,2395,Oracle Park,137,San Francisco Giants,SF,3,False,120,Washington Nationals,WSH,4,True,691740,Daniel Susac,Daniel,Susac,6,2001-05-14,25,"6' 5""",210,2,Catcher,R,Right,R,Right,,,,,,,,,,,,,,,,,,,,,,,,,,
2026-06-08,823218,,/api/v1.1/game/823218/feed/live,R,2026,2026-06-08,,night,P,N,N,Regular Season,1,3,1,Final,Final,2395,Oracle Park,137,San Francisco Giants,SF,3,False,120,Washington Nationals,WSH,4,True,682928,CJ Abrams,Paul,Abrams,5,2000-10-03,25,"6' 0""",191,6,Shortstop,L,Left,R,Right,"2-4 | K, 2 RBI, R",,4,2,0,0,0,2,1,1,0,1,0,0,4,2,,,,,,,,,,
2026-06-08,823218,,/api/v1.1/game/823218/feed/live,R,2026,2026-06-08,,night,P,N,N,Regular Season,1,3,1,Final,Final,2395,Oracle Park,137,San Francisco Giants,SF,3,False,120,Washington Nationals,WSH,4,True,683083,Nasim Nuñez,Nasim,Nuñez,26,2000-08-18,25,"5' 8""",165,4,Second Base,S,Switch,R,Right,1-3 | K,,3,1,0,0,0,0,0,1,0,0,0,0,3,1,,,,,,,,,,
2026-06-08,823218,,/api/v1.1/game/823218/feed/live,R,2026,2026-06-08,,night,P,N,N,Regular Season,1,3,1,Final,Final,2395,Oracle Park,137,San Francisco Giants,SF,3,False,120,Washington Nationals,WSH,4,True,665953,Andrés Chaparro,Andrés,Chaparro,87,1999-05-04,27,"6' 0""",200,3,First Base,R,Right,R,Right,0-0,,0,0,0,0,0,0,0,0,0,0,0,0,0,0,,,,,,,,,,
2026-06-08,823218,,/api/v1.1/game/823218/feed/live,R,2026,2026-06-08,,night,P,N,N,Regular Season,1,3,1,Final,Final,2395,Oracle Park,137,San Francisco Giants,SF,3,False,120,Washington Nationals,WSH,4,True,686452,Drew Millas,Andrew,Millas,14,1998-01-15,28,"6' 0""",204,2,Catcher,S,Switch,R,Right,,,,,,,,,,,,,,,,,,,,,,,,,,
2026-06-08,823218,,/api/v1.1/game/823218/feed/live,R,2026,2026-06-08,,night,P,N,N,Regular Season,1,3,1,Final,Final,2395,Oracle Park,137,San Francisco Giants,SF,3,False,120,Washington Nationals,WSH,4,True,683000,Riley Cornelio,Riley,Cornelio,74,2000-06-06,26,"6' 3""",195,1,Pitcher,R,Right,R,Right,,,,,,,,,,,,,,,,,,,,,,,,,,
2026-06-08,823218,,/api/v1.1/game/823218/feed/live,R,2026,2026-06-08,,night,P,N,N,Regular Season,1,3,1,Final,Final,2395,Oracle Park,137,San Francisco Giants,SF,3,False,120,Washington Nationals,WSH,4,True,571945,Miles Mikolas,Miles,Mikolas,36,1988-08-23,37,"6' 4""",230,1,Pitcher,R,Right,R,Right,"4.2 IP, 0 ER, 2 K, 0 BB",,,,,,,,,,,,,,,,4.2,0,3,0,2,0,54,0,0,0
2026-06-08,823218,,/api/v1.1/game/823218/feed/live,R,2026,2026-06-08,,night,P,N,N,Regular Season,1,3,1,Final,Final,2395,Oracle Park,137,San Francisco Giants,SF,3,False,120,Washington Nationals,WSH,4,True,678391,Jorbit Vivas,Jorbit,Vivas,84,2001-03-09,25,"5' 9""",171,5,Third Base,L,Left,R,Right,0-3,,3,0,0,0,0,0,0,0,0,0,0,0,3,0,,,,,,,,,,
2026-06-08,823218,,/api/v1.1/game/823218/feed/live,R,2026,2026-06-08,,night,P,N,N,Regular Season,1,3,1,Final,Final,2395,Oracle Park,137,San Francisco Giants,SF,3,False,120,Washington Nationals,WSH,4,True,686611,Dylan Crews,Dylan,Crews,3,2002-02-26,24,"5' 11""",203,9,Outfielder,R,Right,R,Right,0-4 | 3 K,,4,0,0,0,0,0,0,3,0,0,0,1,4,0,,,,,,,,,,
2026-06-08,823218,,/api/v1.1/game/823218/feed/live,R,2026,2026-06-08,,night,P,N,N,Regular Season,1,3,1,Final,Final,2395,Oracle Park,137,San Francisco Giants,SF,3,False,120,Washington Nationals,WSH,4,True,663992,Richard Lovelady,Richard,Lovelady,55,1995-07-07,30,"6' 0""",185,1,Pitcher,L,Left,L,Left,"1.0 IP, 0 ER, K, 0 BB",,,,,,,,,,,,,,,,1.0,0,2,0,1,0,14,0,0,0
2026-06-08,823218,,/api/v1.1/game/823218/feed/live,R,2026,2026-06-08,,night,P,N,N,Regular Season,1,3,1,Final,Final,2395,Oracle Park,137,San Francisco Giants,SF,3,False,120,Washington Nationals,WSH,4,True,690925,Clayton Beeter,Clayton,Beeter,39,1998-10-09,27,"6' 2""",220,1,Pitcher,R,Right,R,Right,"1.1 IP, 2 ER, 0 K, 0 BB",,,,,,,,,,,,,,,,1.1,2,2,0,0,0,16,1,0,0
2026-06-08,823218,,/api/v1.1/game/823218/feed/live,R,2026,2026-06-08,,night,P,N,N,Regular Season,1,3,1,Final,Final,2395,Oracle Park,137,San Francisco Giants,SF,3,False,120,Washington Nationals,WSH,4,True,695418,Brad Lord,Bradley,Lord,41,2000-02-14,26,"6' 3""",210,1,Pitcher,R,Right,R,Right,,,,,,,,,,,,,,,,,,,,,,,,,,
2026-06-08,823218,,/api/v1.1/game/823218/feed/live,R,2026,2026-06-08,,night,P,N,N,Regular Season,1,3,1,Final,Final,2395,Oracle Park,137,San Francisco Giants,SF,3,False,120,Washington Nationals,WSH,4,True,678554,Curtis Mead,Curtis,Mead,45,2000-10-26,25,"6' 1""",225,3,First Base,R,Right,R,Right,"0-3 | HBP, K",,3,0,0,0,0,0,0,1,0,0,0,0,4,0,,,,,,,,,,
2026-06-08,823218,,/api/v1.1/game/823218/feed/live,R,2026,2026-06-08,,night,P,N,N,Regular Season,1,3,1,Final,Final,2395,Oracle Park,137,San Francisco Giants,SF,3,False,120,Washington Nationals,WSH,4,True,677588,José Tena,José,Tena,8,2001-03-20,25,"5' 10""",195,10,Designated Hitter,L,Left,R,Right,0-0 | R,,0,0,0,0,0,0,1,0,0,0,0,0,0,0,,,,,,,,,,
2026-06-08,823218,,/api/v1.1/game/823218/feed/live,R,2026,2026-06-08,,night,P,N,N,Regular Season,1,3,1,Final,Final,2395,Oracle Park,137,San Francisco Giants,SF,3,False,120,Washington Nationals,WSH,4,True,695734,Daylen Lile,Daylen,Lile,4,2002-11-30,23,"5' 11""",195,7,Outfielder,L,Left,R,Right,1-4 | RBI,,4,1,0,0,0,1,0,0,0,0,0,0,4,1,,,,,,,,,,
2026-06-08,823218,,/api/v1.1/game/823218/feed/live,R,2026,2026-06-08,,night,P,N,N,Regular Season,1,3,1,Final,Final,2395,Oracle Park,137,San Francisco Giants,SF,3,False,120,Washington Nationals,WSH,4,True,695578,James Wood,James,Wood,29,2002-09-17,23,"6' 6""",234,9,Outfielder,L,Left,R,Right,"1-4 | K, R, SB",,4,1,0,0,0,0,1,1,0,1,0,0,4,1,,,,,,,,,,
2026-06-08,823218,,/api/v1.1/game/823218/feed/live,R,2026,2026-06-08,,night,P,N,N,Regular Season,1,3,1,Final,Final,2395,Oracle Park,137,San Francisco Giants,SF,3,False,120,Washington Nationals,WSH,4,True,676917,Cade Cavalli,Steven,Cavalli,24,1998-08-14,27,"6' 4""",223,1,Pitcher,R,Right,R,Right,,,,,,,,,,,,,,,,,,,,,,,,,,
2026-06-08,823218,,/api/v1.1/game/823218/feed/live,R,2026,2026-06-08,,night,P,N,N,Regular Season,1,3,1,Final,Final,2395,Oracle Park,137,San Francisco Giants,SF,3,False,120,Washington Nationals,WSH,4,True,696285,Jacob Young,Jacob,Young,30,1999-07-27,26,"5' 11""",192,8,Outfielder,R,Right,R,Right,0-0,,0,0,0,0,0,0,0,0,0,0,0,0,0,0,,,,,,,,,,
2026-06-08,823218,,/api/v1.1/game/823218/feed/live,R,2026,2026-06-08,,night,P,N,N,Regular Season,1,3,1,Final,Final,2395,Oracle Park,137,San Francisco Giants,SF,3,False,120,Washington Nationals,WSH,4,True,687377,Orlando Ribalta,Orlando,Ribalta,64,1998-03-05,28,"6' 7""",245,1,Pitcher,R,Right,R,Right,,,,,,,,,,,,,,,,,,,,,,,,,,
2026-06-08,823218,,/api/v1.1/game/823218/feed/live,R,2026,2026-06-08,,night,P,N,N,Regular Season,1,3,1,Final,Final,2395,Oracle Park,137,San Francisco Giants,SF,3,False,120,Washington Nationals,WSH,4,True,681402,Gus Varland,Augustus,Varland,47,1996-11-06,29,"6' 1""",225,1,Pitcher,L,Left,R,Right,"1.0 IP, 0 ER, 2 K, BB",,,,,,,,,,,,,,,,1.0,0,1,0,2,1,22,0,0,1
2026-06-08,823218,,/api/v1.1/game/823218/feed/live,R,2026,2026-06-08,,night,P,N,N,Regular Season,1,3,1,Final,Final,2395,Oracle Park,137,San Francisco Giants,SF,3,False,120,Washington Nationals,WSH,4,True,641793,Zack Littell,Zack,Littell,18,1995-10-05,30,"6' 4""",250,1,Pitcher,R,Right,R,Right,,,,,,,,,,,,,,,,,,,,,,,,,,
2026-06-08,823218,,/api/v1.1/game/823218/feed/live,R,2026,2026-06-08,,night,P,N,N,Regular Season,1,3,1,Final,Final,2395,Oracle Park,137,San Francisco Giants,SF,3,False,120,Washington Nationals,WSH,4,True,680730,Mitchell Parker,Mitchell,Parker,70,1999-09-27,26,"6' 4""",239,1,Pitcher,L,Left,L,Left,"1.0 IP, ER, 2 K, 0 BB",,,,,,,,,,,,,,,,1.0,1,5,0,2,0,26,0,0,0
2026-06-08,823218,,/api/v1.1/game/823218/feed/live,R,2026,2026-06-08,,night,P,N,N,Regular Season,1,3,1,Final,Final,2395,Oracle Park,137,San Francisco Giants,SF,3,False,120,Washington Nationals,WSH,4,True,687606,Paxton Schultz,Paxton,Schultz,75,1998-01-05,28,"6' 3""",205,1,Pitcher,L,Left,R,Right,,,,,,,,,,,,,,,,,,,,,,,,,,
2026-06-08,823218,,/api/v1.1/game/823218/feed/live,R,2026,2026-06-08,,night,P,N,N,Regular Season,1,3,1,Final,Final,2395,Oracle Park,137,San Francisco Giants,SF,3,False,120,Washington Nationals,WSH,4,True,660688,Keibert Ruiz,Keibert,Ruiz,20,1998-07-20,27,"5' 11""",238,2,Catcher,S,Switch,R,Right,1-4,,4,1,0,0,0,0,0,0,0,0,0,0,4,1,,,,,,,,,,
2026-06-08,823218,,/api/v1.1/game/823218/feed/live,R,2026,2026-06-08,,night,P,N,N,Regular Season,1,3,1,Final,Final,2395,Oracle Park,137,San Francisco Giants,SF,3,False,120,Washington Nationals,WSH,4,True,656492,Foster Griffin,Fred,Griffin,22,1995-07-27,30,"6' 3""",225,1,Pitcher,R,Right,L,Left,,,,,,,,,,,,,,,,,,,,,,,,,,
2026-06-08,823218,,/api/v1.1/game/823218/feed/live,R,2026,2026-06-08,,night,P,N,N,Regular Season,1,3,1,Final,Final,2395,Oracle Park,137,San Francisco Giants,SF,3,False,120,Washington Nationals,WSH,4,True,671277,Luis García Jr.,Luis,García,2,2000-05-16,26,"6' 1""",216,3,First Base,L,Left,R,Right,"2-4 | 2B, K, RBI",,4,2,1,0,0,1,1,1,0,0,0,0,4,3,,,,,,,,,,
2026-06-08,823218,,/api/v1.1/game/823218/feed/live,R,2026,2026-06-08,,night,P,N,N,Regular Season,1,3,1,Final,Final,2395,Oracle Park,137,San Francisco Giants,SF,3,False,120,Washington Nationals,WSH,4,True,674841,Andrew Alvarez,Michael,Alvarez,54,1999-06-13,26,"6' 3""",215,1,Pitcher,L,Left,L,Left,,,,,,,,,,,,,,,,,,,,,,,,,,
2026-06-08,824998,,/api/v1.1/game/824998/feed/live,R,2026,2026-06-08,in Las Vegas,night,E,N,N,Regular Season,1,3,1,Final,Final,5355,Las Vegas Ballpark,133,Athletics,ATH,14,False,158,Milwaukee Brewers,MIL,15,True,671732,Lawrence Butler,Lawrence,Butler,4,2000-07-10,25,"6' 3""",210,9,Outfielder,L,Left,R,Right,0-2 | K,,2,0,0,0,0,0,0,1,0,0,0,0,2,0,,,,,,,,,,
2026-06-08,824998,,/api/v1.1/game/824998/feed/live,R,2026,2026-06-08,in Las Vegas,night,E,N,N,Regular Season,1,3,1,Final,Final,5355,Las Vegas Ballpark,133,Athletics,ATH,14,False,158,Milwaukee Brewers,MIL,15,True,641680,Jonah Heim,Jonah,Heim,15,1995-06-27,30,"6' 4""",220,2,Catcher,S,Switch,R,Right,"1-1 | HR, RBI, R",,1,1,0,0,1,1,1,0,0,0,0,0,1,4,,,,,,,,,,
2026-06-08,824998,,/api/v1.1/game/824998/feed/live,R,2026,2026-06-08,in Las Vegas,night,E,N,N,Regular Season,1,3,1,Final,Final,5355,Las Vegas Ballpark,133,Athletics,ATH,14,False,158,Milwaukee Brewers,MIL,15,True,667670,Brent Rooker,Terry,Rooker,25,1994-11-01,31,"6' 3""",225,10,Designated Hitter,R,Right,R,Right,"0-5 | BB, 3 K, R",,5,0,0,0,0,0,1,3,1,0,0,0,6,0,,,,,,,,,,
2026-06-08,824998,,/api/v1.1/game/824998/feed/live,R,2026,2026-06-08,in Las Vegas,night,E,N,N,Regular Season,1,3,1,Final,Final,5355,Las Vegas Ballpark,133,Athletics,ATH,14,False,158,Milwaukee Brewers,MIL,15,True,669372,J.T. Ginn,John,Ginn,35,1999-05-20,27,"6' 2""",200,1,Pitcher,R,Right,R,Right,,,,,,,,,,,,,,,,,,,,,,,,,,
2026-06-08,824998,,/api/v1.1/game/824998/feed/live,R,2026,2026-06-08,in Las Vegas,night,E,N,N,Regular Season,1,3,1,Final,Final,5355,Las Vegas Ballpark,133,Athletics,ATH,14,False,158,Milwaukee Brewers,MIL,15,True,680869,Zack Gelof,Zachary,Gelof,20,1999-10-19,26,"6' 2""",205,5,Third Base,R,Right,R,Right,"2-6 | HR, 2B, 3 K",,6,2,1,0,1,1,2,3,0,0,0,0,6,6,,,,,,,,,,
2026-06-08,824998,,/api/v1.1/game/824998/feed/live,R,2026,2026-06-08,in Las Vegas,night,E,N,N,Regular Season,1,3,1,Final,Final,5355,Las Vegas Ballpark,133,Athletics,ATH,14,False,158,Milwaukee Brewers,MIL,15,True,643446,Jeff McNeil,Jeffrey,McNeil,22,1992-04-08,34,"6' 0""",195,4,Second Base,L,Left,R,Right,0-1 | K,,1,0,0,0,0,0,0,1,0,0,0,0,1,0,,,,,,,,,,
2026-06-08,824998,,/api/v1.1/game/824998/feed/live,R,2026,2026-06-08,in Las Vegas,night,E,N,N,Regular Season,1,3,1,Final,Final,5355,Las Vegas Ballpark,133,Athletics,ATH,14,False,158,Milwaukee Brewers,MIL,15,True,686993,Justin Sterner,Justin,Sterner,60,1996-08-29,29,"6' 1""",215,1,Pitcher,R,Right,R,Right,"0.1 IP, 0 ER, K, 0 BB",,,,,,,,,,,,,,,,0.1,0,1,0,1,0,7,0,0,0
2026-06-08,824998,,/api/v1.1/game/824998/feed/live,R,2026,2026-06-08,in Las Vegas,night,E,N,N,Regular Season,1,3,1,Final,Final,5355,Las Vegas Ballpark,133,Athletics,ATH,14,False,158,Milwaukee Brewers,MIL,15,True,686930,Mason Barnett,Mason,Barnett,63,2000-11-07,25,"6' 0""",218,1,Pitcher,R,Right,R,Right,,,,,,,,,,,,,,,,,,,,,,,,,,
2026-06-08,824998,,/api/v1.1/game/824998/feed/live,R,2026,2026-06-08,in Las Vegas,night,E,N,N,Regular Season,1,3,1,Final,Final,5355,Las Vegas Ballpark,133,Athletics,ATH,14,False,158,Milwaukee Brewers,MIL,15,True,605130,Scott Barlow,Scott,Barlow,58,1992-12-18,33,"6' 3""",210,1,Pitcher,R,Right,R,Right,"1.0 IP, 3 ER, K, BB",,,,,,,,,,,,,,,,1.0,3,3,1,1,1,18,0,0,0
2026-06-08,824998,,/api/v1.1/game/824998/feed/live,R,2026,2026-06-08,in Las Vegas,night,E,N,N,Regular Season,1,3,1,Final,Final,5355,Las Vegas Ballpark,133,Athletics,ATH,14,False,158,Milwaukee Brewers,MIL,15,True,666126,Carlos Cortes,Carlos,Cortes,26,1997-06-30,28,"5' 7""",197,9,Outfielder,L,Left,S,Switch,0-1,,1,0,0,0,0,0,0,0,0,0,0,0,1,0,,,,,,,,,,
2026-06-08,824998,,/api/v1.1/game/824998/feed/live,R,2026,2026-06-08,in Las Vegas,night,E,N,N,Regular Season,1,3,1,Final,Final,5355,Las Vegas Ballpark,133,Athletics,ATH,14,False,158,Milwaukee Brewers,MIL,15,True,660761,José Suarez,José,Suarez,54,1998-01-03,28,"5' 10""",225,1,Pitcher,L,Left,L,Left,"2.0 IP, 0 ER, 4 K, 0 BB",,,,,,,,,,,,,,,,2.0,0,0,0,4,0,27,0,1,0
2026-06-08,824998,,/api/v1.1/game/824998/feed/live,R,2026,2026-06-08,in Las Vegas,night,E,N,N,Regular Season,1,3,1,Final,Final,5355,Las Vegas Ballpark,133,Athletics,ATH,14,False,158,Milwaukee Brewers,MIL,15,True,675961,Alika Williams,Alexander,Williams,12,1999-03-12,27,"6' 1""",183,4,Second Base,R,Right,R,Right,"1-5 | 2B, K, RBI",,5,1,1,0,0,1,0,1,0,0,0,0,6,2,,,,,,,,,,
2026-06-08,824998,,/api/v1.1/game/824998/feed/live,R,2026,2026-06-08,in Las Vegas,night,E,N,N,Regular Season,1,3,1,Final,Final,5355,Las Vegas Ballpark,133,Athletics,ATH,14,False,158,Milwaukee Brewers,MIL,15,True,691777,Max Muncy,Maxwell,Muncy,3,2002-08-25,23,"6' 0""",180,5,Third Base,R,Right,R,Right,"1-5 | K, 2 RBI, R",,5,1,0,0,0,2,1,1,0,0,0,0,5,1,,,,,,,,,,
2026-06-08,824998,,/api/v1.1/game/824998/feed/live,R,2026,2026-06-08,in Las Vegas,night,E,N,N,Regular Season,1,3,1,Final,Final,5355,Las Vegas Ballpark,133,Athletics,ATH,14,False,158,Milwaukee Brewers,MIL,15,True,691016,Tyler Soderstrom,Tyler,Soderstrom,21,2001-11-24,24,"6' 2""",200,7,Outfielder,L,Left,R,Right,"3-4 | 2 HR, 2 BB, 4 RBI",,4,3,0,0,2,4,2,0,2,0,0,0,6,9,,,,,,,,,,
2026-06-08,824998,,/api/v1.1/game/824998/feed/live,R,2026,2026-06-08,in Las Vegas,night,E,N,N,Regular Season,1,3,1,Final,Final,5355,Las Vegas Ballpark,133,Athletics,ATH,14,False,158,Milwaukee Brewers,MIL,15,True,695611,Gage Jump,Gage,Jump,61,2003-04-12,23,"6' 0""",200,1,Pitcher,L,Left,L,Left,,,,,,,,,,,,,,,,,,,,,,,,,,
2026-06-08,824998,,/api/v1.1/game/824998/feed/live,R,2026,2026-06-08,in Las Vegas,night,E,N,N,Regular Season,1,3,1,Final,Final,5355,Las Vegas Ballpark,133,Athletics,ATH,14,False,158,Milwaukee Brewers,MIL,15,True,665660,Elvis Alvarado,Elvis,Alvarado,37,1999-02-23,27,"6' 6""",253,1,Pitcher,R,Right,R,Right,,,,,,,,,,,,,,,,,,,,,,,,,,
2026-06-08,824998,,/api/v1.1/game/824998/feed/live,R,2026,2026-06-08,in Las Vegas,night,E,N,N,Regular Season,1,3,1,Final,Final,5355,Las Vegas Ballpark,133,Athletics,ATH,14,False,158,Milwaukee Brewers,MIL,15,True,701762,Nick Kurtz,Nicholas,Kurtz,16,2003-03-12,23,"6' 5""",240,3,First Base,L,Left,L,Left,"3-6 | 2 HR, BB, 3 K",,6,3,0,0,2,3,3,3,1,0,0,0,7,9,,,,,,,,,,
2026-06-08,824998,,/api/v1.1/game/824998/feed/live,R,2026,2026-06-08,in Las Vegas,night,E,N,N,Regular Season,1,3,1,Final,Final,5355,Las Vegas Ballpark,133,Athletics,ATH,14,False,158,Milwaukee Brewers,MIL,15,True,695034,Kade Morris,Kade,Morris,67,2002-06-21,23,"6' 3""",190,1,Pitcher,R,Right,R,Right,,,,,,,,,,,,,,,,,,,,,,,,,,
2026-06-08,824998,,/api/v1.1/game/824998/feed/live,R,2026,2026-06-08,in Las Vegas,night,E,N,N,Regular Season,1,3,1,Final,Final,5355,Las Vegas Ballpark,133,Athletics,ATH,14,False,158,Milwaukee Brewers,MIL,15,True,663687,Hogan Harris,Hogan,Harris,36,1996-12-26,29,"6' 3""",230,1,Pitcher,R,Right,L,Left,"1.2 IP, 2 ER, 3 K, BB",,,,,,,,,,,,,,,,1.2,2,2,0,3,1,35,0,0,0
2026-06-08,824998,,/api/v1.1/game/824998/feed/live,R,2026,2026-06-08,in Las Vegas,night,E,N,N,Regular Season,1,3,1,Final,Final,5355,Las Vegas Ballpark,133,Athletics,ATH,14,False,158,Milwaukee Brewers,MIL,15,True,665622,Luis Medina,Luis,Medina,46,1999-05-03,27,"6' 1""",175,1,Pitcher,R,Right,R,Right,"1.2 IP, 2 ER, 2 K, 0 BB",,,,,,,,,,,,,,,,1.2,2,3,1,2,0,29,0,0,0
2026-06-08,824998,,/api/v1.1/game/824998/feed/live,R,2026,2026-06-08,in Las Vegas,night,E,N,N,Regular Season,1,3,1,Final,Final,5355,Las Vegas Ballpark,133,Athletics,ATH,14,False,158,Milwaukee Brewers,MIL,15,True,703607,Henry Bolte,Henry,Bolte,33,2003-08-04,22,"6' 3""",195,8,Outfielder,R,Right,R,Right,"1-6 | 4 K, R",,6,1,0,0,0,0,1,4,0,0,0,0,6,1,,,,,,,,,,
2026-06-08,824998,,/api/v1.1/game/824998/feed/live,R,2026,2026-06-08,in Las Vegas,night,E,N,N,Regular Season,1,3,1,Final,Final,5355,Las Vegas Ballpark,133,Athletics,ATH,14,False,158,Milwaukee Brewers,MIL,15,True,687515,Colby Thomas,Colby,Thomas,32,2001-01-26,25,"5' 10""",190,9,Outfielder,R,Right,R,Right,"1-2 | BB, R",,2,1,0,0,0,0,1,0,1,0,0,0,3,1,,,,,,,,,,
2026-06-08,824998,,/api/v1.1/game/824998/feed/live,R,2026,2026-06-08,in Las Vegas,night,E,N,N,Regular Season,1,3,1,Final,Final,5355,Las Vegas Ballpark,133,Athletics,ATH,14,False,158,Milwaukee Brewers,MIL,15,True,669127,Shea Langeliers,Shea,Langeliers,23,1997-11-18,28,"5' 11""",205,2,Catcher,R,Right,R,Right,"3-7 | HR, 3 K, 2 RBI",,7,3,0,0,1,2,2,3,0,0,0,0,7,6,,,,,,,,,,
2026-06-08,824998,,/api/v1.1/game/824998/feed/live,R,2026,2026-06-08,in Las Vegas,night,E,N,N,Regular Season,1,3,1,Final,Final,5355,Las Vegas Ballpark,133,Athletics,ATH,14,False,158,Milwaukee Brewers,MIL,15,True,643410,Mark Leiter Jr.,Mark,Leiter,38,1991-03-13,35,"6' 0""",210,1,Pitcher,R,Right,R,Right,"0.1 IP, ER, K, 2 BB",,,,,,,,,,,,,,,,0.1,1,1,0,1,2,23,0,0,0
2026-06-08,824998,,/api/v1.1/game/824998/feed/live,R,2026,2026-06-08,in Las Vegas,night,E,N,N,Regular Season,1,3,1,Final,Final,5355,Las Vegas Ballpark,133,Athletics,ATH,14,False,158,Milwaukee Brewers,MIL,15,True,678022,Jack Perkins,Jackson,Perkins,50,1999-12-26,26,"6' 1""",220,1,Pitcher,R,Right,R,Right,,,,,,,,,,,,,,,,,,,,,,,,,,
2026-06-08,824998,,/api/v1.1/game/824998/feed/live,R,2026,2026-06-08,in Las Vegas,night,E,N,N,Regular Season,1,3,1,Final,Final,5355,Las Vegas Ballpark,133,Athletics,ATH,14,False,158,Milwaukee Brewers,MIL,15,True,605488,Jeffrey Springs,Jeffrey,Springs,59,1992-09-20,33,"6' 3""",218,1,Pitcher,L,Left,L,Left,"5.0 IP, 5 ER, 3 K, 2 BB",,,,,,,,,,,,,,,,5.0,5,8,2,3,2,99,0,0,0
2026-06-08,824998,,/api/v1.1/game/824998/feed/live,R,2026,2026-06-08,in Las Vegas,night,E,N,N,Regular Season,1,3,1,Final,Final,5355,Las Vegas Ballpark,133,Athletics,ATH,14,False,158,Milwaukee Brewers,MIL,15,True,694477,Chad Patrick,Chandler,Patrick,39,1998-08-14,27,"6' 1""",217,1,Pitcher,R,Right,R,Right,"1.0 IP, 0 ER, 2 K, BB",,,,,,,,,,,,,,,,1.0,0,0,0,2,1,8,0,0,1
2026-06-08,824998,,/api/v1.1/game/824998/feed/live,R,2026,2026-06-08,in Las Vegas,night,E,N,N,Regular Season,1,3,1,Final,Final,5355,Las Vegas Ballpark,133,Athletics,ATH,14,False,158,Milwaukee Brewers,MIL,15,True,650859,Luis Rengifo,Luis,Rengifo,13,1997-02-26,29,"5' 9""",204,5,Third Base,S,Switch,R,Right,"0-4 | 2 BB, 4 K, R",,4,0,0,0,0,0,1,4,2,0,0,0,6,0,,,,,,,,,,
2026-06-08,824998,,/api/v1.1/game/824998/feed/live,R,2026,2026-06-08,in Las Vegas,night,E,N,N,Regular Season,1,3,1,Final,Final,5355,Las Vegas Ballpark,133,Athletics,ATH,14,False,158,Milwaukee Brewers,MIL,15,True,689441,Coleman Crow,Coleman,Crow,57,2000-12-30,25,"5' 10""",175,1,Pitcher,R,Right,R,Right,,,,,,,,,,,,,,,,,,,,,,,,,,
2026-06-08,824998,,/api/v1.1/game/824998/feed/live,R,2026,2026-06-08,in Las Vegas,night,E,N,N,Regular Season,1,3,1,Final,Final,5355,Las Vegas Ballpark,133,Athletics,ATH,14,False,158,Milwaukee Brewers,MIL,15,True,687401,Joey Ortiz,Joseph,Ortiz,3,1998-07-14,27,"5' 10""",192,6,Shortstop,R,Right,R,Right,2-3,,3,2,0,0,0,0,0,0,0,0,0,0,3,2,,,,,,,,,,
2026-06-08,824998,,/api/v1.1/game/824998/feed/live,R,2026,2026-06-08,in Las Vegas,night,E,N,N,Regular Season,1,3,1,Final,Final,5355,Las Vegas Ballpark,133,Athletics,ATH,14,False,158,Milwaukee Brewers,MIL,15,True,694192,Jackson Chourio,Jackson,Chourio,11,2004-03-11,22,"6' 1""",199,7,Outfielder,R,Right,R,Right,"3-5 | BB, K, RBI",,5,3,0,0,0,1,3,1,1,0,0,0,7,3,,,,,,,,,,
2026-06-08,824998,,/api/v1.1/game/824998/feed/live,R,2026,2026-06-08,in Las Vegas,night,E,N,N,Regular Season,1,3,1,Final,Final,5355,Las Vegas Ballpark,133,Athletics,ATH,14,False,158,Milwaukee Brewers,MIL,15,True,680723,Drew Rom,Drew,Rom,38,1999-12-15,26,"6' 1""",225,1,Pitcher,L,Left,L,Left,"1.1 IP, ER, 2 K, 0 BB",,,,,,,,,,,,,,,,1.1,1,3,1,2,0,25,0,0,0
2026-06-08,824998,,/api/v1.1/game/824998/feed/live,R,2026,2026-06-08,in Las Vegas,night,E,N,N,Regular Season,1,3,1,Final,Final,5355,Las Vegas Ballpark,133,Athletics,ATH,14,False,158,Milwaukee Brewers,MIL,15,True,592885,Christian Yelich,Christian,Yelich,22,1991-12-05,34,"6' 4""",220,10,Designated Hitter,L,Left,R,Right,"2-7 | 2 K, 2 R, SB",,7,2,0,0,0,0,2,2,0,1,0,1,7,2,,,,,,,,,,
2026-06-08,824998,,/api/v1.1/game/824998/feed/live,R,2026,2026-06-08,in Las Vegas,night,E,N,N,Regular Season,1,3,1,Final,Final,5355,Las Vegas Ballpark,133,Athletics,ATH,14,False,158,Milwaukee Brewers,MIL,15,True,641343,Jake Bauers,Jakob,Bauers,9,1995-10-06,30,"6' 0""",216,3,First Base,L,Left,L,Left,"2-4 | HR, BB, K",,4,2,0,0,1,3,1,1,1,0,0,0,5,5,,,,,,,,,,
2026-06-08,824998,,/api/v1.1/game/824998/feed/live,R,2026,2026-06-08,in Las Vegas,night,E,N,N,Regular Season,1,3,1,Final,Final,5355,Las Vegas Ballpark,133,Athletics,ATH,14,False,158,Milwaukee Brewers,MIL,15,True,686217,Sal Frelick,Salvatore,Frelick,10,2000-04-19,26,"5' 9""",191,9,Outfielder,L,Left,R,Right,0-1 | K,,1,0,0,0,0,0,0,1,0,0,0,0,1,0,,,,,,,,,,
2026-06-08,824998,,/api/v1.1/game/824998/feed/live,R,2026,2026-06-08,in Las Vegas,night,E,N,N,Regular Season,1,3,1,Final,Final,5355,Las Vegas Ballpark,133,Athletics,ATH,14,False,158,Milwaukee Brewers,MIL,15,True,682842,Abner Uribe,Abner,Uribe,45,2000-06-20,25,"6' 3""",205,1,Pitcher,R,Right,R,Right,"1.1 IP, 0 ER, 2 K, BB",,,,,,,,,,,,,,,,1.1,0,0,0,2,1,15,1,0,0
2026-06-08,824998,,/api/v1.1/game/824998/feed/live,R,2026,2026-06-08,in Las Vegas,night,E,N,N,Regular Season,1,3,1,Final,Final,5355,Las Vegas Ballpark,133,Athletics,ATH,14,False,158,Milwaukee Brewers,MIL,15,True,681982,Grant Anderson,Grant,Anderson,56,1997-06-21,28,"6' 0""",213,1,Pitcher,R,Right,R,Right,"2.2 IP, 0 ER, 3 K, BB",,,,,,,,,,,,,,,,2.2,0,0,0,3,1,28,0,0,0
2026-06-08,824998,,/api/v1.1/game/824998/feed/live,R,2026,2026-06-08,in Las Vegas,night,E,N,N,Regular Season,1,3,1,Final,Final,5355,Las Vegas Ballpark,133,Athletics,ATH,14,False,158,Milwaukee Brewers,MIL,15,True,683734,Andrew Vaughn,Andrew,Vaughn,28,1998-04-03,28,"5' 10""",215,3,First Base,R,Right,R,Right,"4-6 | HR, 2 2B, 4 RBI",,6,4,2,0,1,4,1,0,0,0,0,0,6,9,,,,,,,,,,
2026-06-08,824998,,/api/v1.1/game/824998/feed/live,R,2026,2026-06-08,in Las Vegas,night,E,N,N,Regular Season,1,3,1,Final,Final,5355,Las Vegas Ballpark,133,Athletics,ATH,14,False,158,Milwaukee Brewers,MIL,15,True,675660,Shane Drohan,Shane,Drohan,55,1999-01-07,27,"6' 2""",202,1,Pitcher,L,Left,L,Left,,,,,,,,,,,,,,,,,,,,,,,,,,
2026-06-08,824998,,/api/v1.1/game/824998/feed/live,R,2026,2026-06-08,in Las Vegas,night,E,N,N,Regular Season,1,3,1,Final,Final,5355,Las Vegas Ballpark,133,Athletics,ATH,14,False,158,Milwaukee Brewers,MIL,15,True,690986,Kyle Harrison,Kyle,Harrison,52,2001-08-12,24,"6' 2""",216,1,Pitcher,R,Right,L,Left,"2.1 IP, 8 ER, 4 K, 2 BB",,,,,,,,,,,,,,,,2.1,8,8,3,4,2,71,0,0,0
2026-06-08,824998,,/api/v1.1/game/824998/feed/live,R,2026,2026-06-08,in Las Vegas,night,E,N,N,Regular Season,1,3,1,Final,Final,5355,Las Vegas Ballpark,133,Athletics,ATH,14,False,158,Milwaukee Brewers,MIL,15,True,669270,Joel Kuhnel,Joel,Kuhnel,59,1995-02-19,31,"6' 5""",290,1,Pitcher,R,Right,R,Right,"1.2 IP, ER, 4 K, 0 BB",,,,,,,,,,,,,,,,1.2,1,1,1,4,0,20,0,0,0
2026-06-08,824998,,/api/v1.1/game/824998/feed/live,R,2026,2026-06-08,in Las Vegas,night,E,N,N,Regular Season,1,3,1,Final,Final,5355,Las Vegas Ballpark,133,Athletics,ATH,14,False,158,Milwaukee Brewers,MIL,15,True,669003,Garrett Mitchell,Garrett,Mitchell,5,1998-09-04,27,"6' 2""",229,8,Outfielder,L,Left,R,Right,0-6 | 3 K,,6,0,0,0,0,0,0,3,0,0,0,0,6,0,,,,,,,,,,
2026-06-08,824998,,/api/v1.1/game/824998/feed/live,R,2026,2026-06-08,in Las Vegas,night,E,N,N,Regular Season,1,3,1,Final,Final,5355,Las Vegas Ballpark,133,Athletics,ATH,14,False,158,Milwaukee Brewers,MIL,15,True,676879,Aaron Ashby,Aaron,Ashby,26,1998-05-24,28,"6' 0""",194,1,Pitcher,R,Right,L,Left,"1.2 IP, 3 ER, 3 K, 0 BB",,,,,,,,,,,,,,,,1.2,3,4,2,3,0,36,0,0,0
2026-06-08,824998,,/api/v1.1/game/824998/feed/live,R,2026,2026-06-08,in Las Vegas,night,E,N,N,Regular Season,1,3,1,Final,Final,5355,Las Vegas Ballpark,133,Athletics,ATH,14,False,158,Milwaukee Brewers,MIL,15,True,666152,David Hamilton,David,Hamilton,6,1997-09-29,28,"5' 10""",192,6,Shortstop,L,Left,R,Right,"0-2 | 2 K, R",,2,0,0,0,0,0,1,2,0,0,0,0,2,0,,,,,,,,,,
2026-06-08,824998,,/api/v1.1/game/824998/feed/live,R,2026,2026-06-08,in Las Vegas,night,E,N,N,Regular Season,1,3,1,Final,Final,5355,Las Vegas Ballpark,133,Athletics,ATH,14,False,158,Milwaukee Brewers,MIL,15,True,687075,Brandon Sproat,Brandon,Sproat,23,2000-09-17,25,"6' 3""",205,1,Pitcher,R,Right,R,Right,,,,,,,,,,,,,,,,,,,,,,,,,,
2026-06-08,824998,,/api/v1.1/game/824998/feed/live,R,2026,2026-06-08,in Las Vegas,night,E,N,N,Regular Season,1,3,1,Final,Final,5355,Las Vegas Ballpark,133,Athletics,ATH,14,False,158,Milwaukee Brewers,MIL,15,True,663368,Blake Perkins,Blake,Perkins,16,1996-09-10,29,"6' 0""",185,8,Outfielder,S,Switch,R,Right,1-2 | R,,2,1,0,0,0,0,1,0,0,0,0,0,2,1,,,,,,,,,,
2026-06-08,824998,,/api/v1.1/game/824998/feed/live,R,2026,2026-06-08,in Las Vegas,night,E,N,N,Regular Season,1,3,1,Final,Final,5355,Las Vegas Ballpark,133,Athletics,ATH,14,False,158,Milwaukee Brewers,MIL,15,True,661388,William Contreras,William,Contreras,24,1997-12-24,28,"5' 10""",217,2,Catcher,R,Right,R,Right,"3-6 | HR, BB, K",,6,3,0,0,1,3,3,1,1,0,0,0,7,6,,,,,,,,,,
2026-06-08,824998,,/api/v1.1/game/824998/feed/live,R,2026,2026-06-08,in Las Vegas,night,E,N,N,Regular Season,1,3,1,Final,Final,5355,Las Vegas Ballpark,133,Athletics,ATH,14,False,158,Milwaukee Brewers,MIL,15,True,668930,Brice Turang,Brice,Turang,2,1999-11-21,26,"6' 0""",190,4,Second Base,L,Left,R,Right,"1-6 | HR, BB, 3 RBI",,6,1,0,0,1,3,2,0,1,0,0,1,7,4,,,,,,,,,,
2026-06-08,824998,,/api/v1.1/game/824998/feed/live,R,2026,2026-06-08,in Las Vegas,night,E,N,N,Regular Season,1,3,1,Final,Final,5355,Las Vegas Ballpark,133,Athletics,ATH,14,False,158,Milwaukee Brewers,MIL,15,True,688107,Robert Gasser,Robert,Gasser,54,1999-05-31,27,"6' 0""",197,1,Pitcher,L,Left,L,Left,,,,,,,,,,,,,,,,,,,,,,,,,,
2026-06-08,824998,,/api/v1.1/game/824998/feed/live,R,2026,2026-06-08,in Las Vegas,night,E,N,N,Regular Season,1,3,1,Final,Final,5355,Las Vegas Ballpark,133,Athletics,ATH,14,False,158,Milwaukee Brewers,MIL,15,True,596142,Gary Sánchez,Gary,Sánchez,99,1992-12-02,33,"6' 2""",251,10,Designated Hitter,R,Right,R,Right,,,,,,,,,,,,,,,,,,,,,,,,,,
2026-06-08,824998,,/api/v1.1/game/824998/feed/live,R,2026,2026-06-08,in Las Vegas,night,E,N,N,Regular Season,1,3,1,Final,Final,5355,Las Vegas Ballpark,133,Athletics,ATH,14,False,158,Milwaukee Brewers,MIL,15,True,694819,Jacob Misiorowski,Jacob,Misiorowski,32,2002-04-03,24,"6' 7""",201,1,Pitcher,R,Right,R,Right,,,,,,,,,,,,,,,,,,,,,,,,,,
2026-06-08,824998,,/api/v1.1/game/824998/feed/live,R,2026,2026-06-08,in Las Vegas,night,E,N,N,Regular Season,1,3,1,Final,Final,5355,Las Vegas Ballpark,133,Athletics,ATH,14,False,158,Milwaukee Brewers,MIL,15,True,656730,Trevor Megill,Trevor,Megill,29,1993-12-05,32,"6' 8""",253,1,Pitcher,L,Left,R,Right,,,,,,,,,,,,,,,,,,,,,,,,,,
