gameDate,gamePk,gameGuid,link,gameType,season,officialDate,description,dayNight,gamedayType,doubleHeader,tiebreaker,seriesDescription,seriesGameNumber,gamesInSeries,gameNumber,status_abstractGameState,status_detailedState,venue_id,venue_name,home_team_id,home_team_name,home_team_abbreviation,home_score,home_isWinner,away_team_id,away_team_name,away_team_abbreviation,away_score,away_isWinner,playerId,fullName,firstName,lastName,primaryNumber,birthDate,currentAge,height,weight,primaryPosition_code,primaryPosition_name,batSide_code,batSide_description,pitchHand_code,pitchHand_description,gameLogSummary,note,atBats,hits,doubles,triples,homeRuns,rbi,runs,strikeOuts,baseOnBalls,stolenBases,caughtStealing,groundIntoDoublePlay,plateAppearances,totalBases,inningsPitched,earnedRuns,hitsAllowed,homeRunsAllowed,strikeOutsPitching,baseOnBallsPitching,pitchesThrown,wins,losses,saves
2026-05-21,824274,,/api/v1.1/game/824274/feed/live,R,2026,2026-05-21,,day,P,N,N,Regular Season,4,4,1,Final,Final,2394,Comerica Park,116,Detroit Tigers,DET,1,False,114,Cleveland Guardians,CLE,3,True,669398,Gage Workman,Gage,Workman,99,1999-10-24,26,"6' 4""",202,5,Third Base,L,Left,R,Right,0-1 | K,,1,0,0,0,0,0,0,1,0,0,0,0,1,0,,,,,,,,,,
2026-05-21,824274,,/api/v1.1/game/824274/feed/live,R,2026,2026-05-21,,day,P,N,N,Regular Season,4,4,1,Final,Final,2394,Comerica Park,116,Detroit Tigers,DET,1,False,114,Cleveland Guardians,CLE,3,True,664285,Framber Valdez,Framber,Valdez,59,1993-11-19,32,"5' 11""",230,1,Pitcher,R,Right,L,Left,,,,,,,,,,,,,,,,,,,,,,,,,,
2026-05-21,824274,,/api/v1.1/game/824274/feed/live,R,2026,2026-05-21,,day,P,N,N,Regular Season,4,4,1,Final,Final,2394,Comerica Park,116,Detroit Tigers,DET,1,False,114,Cleveland Guardians,CLE,3,True,676428,Brant Hurter,Brant,Hurter,48,1998-09-06,27,"6' 6""",250,1,Pitcher,L,Left,L,Left,,,,,,,,,,,,,,,,,,,,,,,,,,
2026-05-21,824274,,/api/v1.1/game/824274/feed/live,R,2026,2026-05-21,,day,P,N,N,Regular Season,4,4,1,Final,Final,2394,Comerica Park,116,Detroit Tigers,DET,1,False,114,Cleveland Guardians,CLE,3,True,656716,Zach McKinstry,Zachary,McKinstry,39,1995-04-29,31,"5' 11""",180,4,Second Base,L,Left,R,Right,1-2 | K,,2,1,0,0,0,0,0,1,0,0,0,0,2,1,,,,,,,,,,
2026-05-21,824274,,/api/v1.1/game/824274/feed/live,R,2026,2026-05-21,,day,P,N,N,Regular Season,4,4,1,Final,Final,2394,Comerica Park,116,Detroit Tigers,DET,1,False,114,Cleveland Guardians,CLE,3,True,663554,Casey Mize,Casey,Mize,12,1997-05-01,29,"6' 3""",212,1,Pitcher,R,Right,R,Right,"6.2 IP, 2 ER, 4 K, 0 BB",,,,,,,,,,,,,,,,6.2,2,4,0,4,0,95,0,1,0
2026-05-21,824274,,/api/v1.1/game/824274/feed/live,R,2026,2026-05-21,,day,P,N,N,Regular Season,4,4,1,Final,Final,2394,Comerica Park,116,Detroit Tigers,DET,1,False,114,Cleveland Guardians,CLE,3,True,701678,Hao-Yu  Lee,Hao-Yu ,Lee,50,2003-02-03,23,"5' 9""",190,5,Third Base,R,Right,R,Right,0-2 | K,,2,0,0,0,0,0,0,1,0,0,0,0,2,0,,,,,,,,,,
2026-05-21,824274,,/api/v1.1/game/824274/feed/live,R,2026,2026-05-21,,day,P,N,N,Regular Season,4,4,1,Final,Final,2394,Comerica Park,116,Detroit Tigers,DET,1,False,114,Cleveland Guardians,CLE,3,True,663330,Jahmai Jones,Jahmai,Jones,18,1997-08-04,28,"5' 10""",210,10,Designated Hitter,R,Right,R,Right,0-2 | BB,,2,0,0,0,0,0,0,0,1,0,0,0,3,0,,,,,,,,,,
2026-05-21,824274,,/api/v1.1/game/824274/feed/live,R,2026,2026-05-21,,day,P,N,N,Regular Season,4,4,1,Final,Final,2394,Comerica Park,116,Detroit Tigers,DET,1,False,114,Cleveland Guardians,CLE,3,True,623454,Drew Anderson,Andrew,Anderson,38,1994-03-22,32,"6' 3""",205,1,Pitcher,R,Right,R,Right,,,,,,,,,,,,,,,,,,,,,,,,,,
2026-05-21,824274,,/api/v1.1/game/824274/feed/live,R,2026,2026-05-21,,day,P,N,N,Regular Season,4,4,1,Final,Final,2394,Comerica Park,116,Detroit Tigers,DET,1,False,114,Cleveland Guardians,CLE,3,True,682985,Riley Greene,Riley,Greene,31,2000-09-28,25,"6' 2""",200,7,Outfielder,L,Left,L,Left,0-4 | 2 K,,4,0,0,0,0,0,0,2,0,0,0,0,4,0,,,,,,,,,,
2026-05-21,824274,,/api/v1.1/game/824274/feed/live,R,2026,2026-05-21,,day,P,N,N,Regular Season,4,4,1,Final,Final,2394,Comerica Park,116,Detroit Tigers,DET,1,False,114,Cleveland Guardians,CLE,3,True,663947,Tyler Holton,Weston,Holton,87,1996-06-13,29,"6' 2""",200,1,Pitcher,L,Left,L,Left,,,,,,,,,,,,,,,,,,,,,,,,,,
2026-05-21,824274,,/api/v1.1/game/824274/feed/live,R,2026,2026-05-21,,day,P,N,N,Regular Season,4,4,1,Final,Final,2394,Comerica Park,116,Detroit Tigers,DET,1,False,114,Cleveland Guardians,CLE,3,True,805808,Kevin McGonigle,Kevin,McGonigle,7,2004-08-18,21,"5' 9""",187,6,Shortstop,L,Left,R,Right,"1-3 | BB, K",,3,1,0,0,0,0,0,1,1,0,0,0,4,1,,,,,,,,,,
2026-05-21,824274,,/api/v1.1/game/824274/feed/live,R,2026,2026-05-21,,day,P,N,N,Regular Season,4,4,1,Final,Final,2394,Comerica Park,116,Detroit Tigers,DET,1,False,114,Cleveland Guardians,CLE,3,True,640448,Kyle Finnegan,Kyle,Finnegan,67,1991-09-04,34,"6' 2""",198,1,Pitcher,R,Right,R,Right,,,,,,,,,,,,,,,,,,,,,,,,,,
2026-05-21,824274,,/api/v1.1/game/824274/feed/live,R,2026,2026-05-21,,day,P,N,N,Regular Season,4,4,1,Final,Final,2394,Comerica Park,116,Detroit Tigers,DET,1,False,114,Cleveland Guardians,CLE,3,True,572143,Burch Smith,Burch,Smith,65,1990-04-12,36,"6' 4""",225,1,Pitcher,R,Right,R,Right,"0.2 IP, ER, K, BB",,,,,,,,,,,,,,,,0.2,1,2,1,1,1,27,0,0,0
2026-05-21,824274,,/api/v1.1/game/824274/feed/live,R,2026,2026-05-21,,day,P,N,N,Regular Season,4,4,1,Final,Final,2394,Comerica Park,116,Detroit Tigers,DET,1,False,114,Cleveland Guardians,CLE,3,True,445276,Kenley Jansen,Kenley,Jansen,74,1987-09-30,38,"6' 5""",265,1,Pitcher,S,Switch,R,Right,,,,,,,,,,,,,,,,,,,,,,,,,,
2026-05-21,824274,,/api/v1.1/game/824274/feed/live,R,2026,2026-05-21,,day,P,N,N,Regular Season,4,4,1,Final,Final,2394,Comerica Park,116,Detroit Tigers,DET,1,False,114,Cleveland Guardians,CLE,3,True,670097,Zack Short,Zachary,Short,15,1995-05-29,30,"5' 10""",180,6,Shortstop,R,Right,R,Right,1-2,,2,1,0,0,0,0,0,0,0,0,0,0,2,1,,,,,,,,,,
2026-05-21,824274,,/api/v1.1/game/824274/feed/live,R,2026,2026-05-21,,day,P,N,N,Regular Season,4,4,1,Final,Final,2394,Comerica Park,116,Detroit Tigers,DET,1,False,114,Cleveland Guardians,CLE,3,True,656427,Jack Flaherty,Jack,Flaherty,9,1995-10-15,30,"6' 4""",225,1,Pitcher,R,Right,R,Right,,,,,,,,,,,,,,,,,,,,,,,,,,
2026-05-21,824274,,/api/v1.1/game/824274/feed/live,R,2026,2026-05-21,,day,P,N,N,Regular Season,4,4,1,Final,Final,2394,Comerica Park,116,Detroit Tigers,DET,1,False,114,Cleveland Guardians,CLE,3,True,679529,Spencer Torkelson,Spencer,Torkelson,20,1999-08-26,26,"6' 1""",220,3,First Base,R,Right,R,Right,1-4,,4,1,0,0,0,0,0,0,0,0,0,0,4,1,,,,,,,,,,
2026-05-21,824274,,/api/v1.1/game/824274/feed/live,R,2026,2026-05-21,,day,P,N,N,Regular Season,4,4,1,Final,Final,2394,Comerica Park,116,Detroit Tigers,DET,1,False,114,Cleveland Guardians,CLE,3,True,657756,Connor Seabold,Connor,Seabold,43,1996-01-24,30,"6' 2""",190,1,Pitcher,R,Right,R,Right,,,,,,,,,,,,,,,,,,,,,,,,,,
2026-05-21,824274,,/api/v1.1/game/824274/feed/live,R,2026,2026-05-21,,day,P,N,N,Regular Season,4,4,1,Final,Final,2394,Comerica Park,116,Detroit Tigers,DET,1,False,114,Cleveland Guardians,CLE,3,True,672456,Keider Montero,Keider,Montero,54,2000-07-06,25,"6' 1""",145,1,Pitcher,R,Right,R,Right,,,,,,,,,,,,,,,,,,,,,,,,,,
2026-05-21,824274,,/api/v1.1/game/824274/feed/live,R,2026,2026-05-21,,day,P,N,N,Regular Season,4,4,1,Final,Final,2394,Comerica Park,116,Detroit Tigers,DET,1,False,114,Cleveland Guardians,CLE,3,True,668670,Jake Rogers,Jacob,Rogers,34,1995-04-18,31,"5' 11""",201,2,Catcher,R,Right,R,Right,,,,,,,,,,,,,,,,,,,,,,,,,,
2026-05-21,824274,,/api/v1.1/game/824274/feed/live,R,2026,2026-05-21,,day,P,N,N,Regular Season,4,4,1,Final,Final,2394,Comerica Park,116,Detroit Tigers,DET,1,False,114,Cleveland Guardians,CLE,3,True,646241,Enmanuel De Jesus,Enmanuel,De Jesus,37,1996-12-10,29,"6' 3""",190,1,Pitcher,L,Left,L,Left,"1.2 IP, 0 ER, 2 K, 0 BB",,,,,,,,,,,,,,,,1.2,0,0,0,2,0,25,0,0,0
2026-05-21,824274,,/api/v1.1/game/824274/feed/live,R,2026,2026-05-21,,day,P,N,N,Regular Season,4,4,1,Final,Final,2394,Comerica Park,116,Detroit Tigers,DET,1,False,114,Cleveland Guardians,CLE,3,True,663837,Matt Vierling,Matthew,Vierling,8,1996-09-16,29,"6' 1""",205,8,Outfielder,R,Right,R,Right,"0-4 | BB, 3 K",,4,0,0,0,0,0,0,3,1,0,0,0,5,0,,,,,,,,,,
2026-05-21,824274,,/api/v1.1/game/824274/feed/live,R,2026,2026-05-21,,day,P,N,N,Regular Season,4,4,1,Final,Final,2394,Comerica Park,116,Detroit Tigers,DET,1,False,114,Cleveland Guardians,CLE,3,True,693307,Dillon Dingler,Francis,Dingler,13,1998-09-17,27,"6' 1""",210,2,Catcher,R,Right,R,Right,"2-4 | HR, 2B, 2 K",,4,2,1,0,1,1,1,2,0,0,0,0,4,6,,,,,,,,,,
2026-05-21,824274,,/api/v1.1/game/824274/feed/live,R,2026,2026-05-21,,day,P,N,N,Regular Season,4,4,1,Final,Final,2394,Comerica Park,116,Detroit Tigers,DET,1,False,114,Cleveland Guardians,CLE,3,True,676684,Will Vest,William,Vest,19,1995-06-06,30,"6' 0""",180,1,Pitcher,R,Right,R,Right,,,,,,,,,,,,,,,,,,,,,,,,,,
2026-05-21,824274,,/api/v1.1/game/824274/feed/live,R,2026,2026-05-21,,day,P,N,N,Regular Season,4,4,1,Final,Final,2394,Comerica Park,116,Detroit Tigers,DET,1,False,114,Cleveland Guardians,CLE,3,True,690993,Colt Keith,Colten,Keith,33,2001-08-14,24,"6' 2""",211,5,Third Base,L,Left,R,Right,"0-1 | BB, K",,1,0,0,0,0,0,0,1,1,0,0,0,2,0,,,,,,,,,,
2026-05-21,824274,,/api/v1.1/game/824274/feed/live,R,2026,2026-05-21,,day,P,N,N,Regular Season,4,4,1,Final,Final,2394,Comerica Park,116,Detroit Tigers,DET,1,False,114,Cleveland Guardians,CLE,3,True,672761,Wenceel Pérez,Wenceel,Pérez,46,1999-10-30,26,"5' 11""",203,9,Outfielder,S,Switch,R,Right,0-4 | K,,4,0,0,0,0,0,0,1,0,0,0,0,4,0,,,,,,,,,,
2026-05-21,824274,,/api/v1.1/game/824274/feed/live,R,2026,2026-05-21,,day,P,N,N,Regular Season,4,4,1,Final,Final,2394,Comerica Park,116,Detroit Tigers,DET,1,False,114,Cleveland Guardians,CLE,3,True,542888,Shawn Armstrong,Shawn,Armstrong,43,1990-09-11,35,"6' 2""",225,1,Pitcher,R,Right,R,Right,"0.2 IP, 0 ER, 2 K, BB",,,,,,,,,,,,,,,,0.2,0,0,0,2,1,16,0,0,0
2026-05-21,824274,,/api/v1.1/game/824274/feed/live,R,2026,2026-05-21,,day,P,N,N,Regular Season,4,4,1,Final,Final,2394,Comerica Park,116,Detroit Tigers,DET,1,False,114,Cleveland Guardians,CLE,3,True,800050,Chase DeLauter,Chase,DeLauter,24,2001-10-08,24,"6' 3""",235,9,Outfielder,L,Left,L,Left,0-4 | K,,4,0,0,0,0,0,0,1,0,0,0,0,4,0,,,,,,,,,,
2026-05-21,824274,,/api/v1.1/game/824274/feed/live,R,2026,2026-05-21,,day,P,N,N,Regular Season,4,4,1,Final,Final,2394,Comerica Park,116,Detroit Tigers,DET,1,False,114,Cleveland Guardians,CLE,3,True,595978,Austin Hedges,Austin,Hedges,27,1992-08-18,33,"6' 0""",220,2,Catcher,R,Right,R,Right,,,,,,,,,,,,,,,,,,,,,,,,,,
2026-05-21,824274,,/api/v1.1/game/824274/feed/live,R,2026,2026-05-21,,day,P,N,N,Regular Season,4,4,1,Final,Final,2394,Comerica Park,116,Detroit Tigers,DET,1,False,114,Cleveland Guardians,CLE,3,True,683953,Travis Bazzana,Travis,Bazzana,37,2002-08-28,23,"5' 11""",199,4,Second Base,L,Left,R,Right,0-4 | K,,4,0,0,0,0,0,0,1,0,0,0,0,4,0,,,,,,,,,,
2026-05-21,824274,,/api/v1.1/game/824274/feed/live,R,2026,2026-05-21,,day,P,N,N,Regular Season,4,4,1,Final,Final,2394,Comerica Park,116,Detroit Tigers,DET,1,False,114,Cleveland Guardians,CLE,3,True,676051,Codi Heuer,Codi,Heuer,50,1996-07-03,29,"6' 5""",200,1,Pitcher,R,Right,R,Right,"0.2 IP, 0 ER, K, 0 BB",,,,,,,,,,,,,,,,0.2,0,0,0,1,0,9,0,0,0
2026-05-21,824274,,/api/v1.1/game/824274/feed/live,R,2026,2026-05-21,,day,P,N,N,Regular Season,4,4,1,Final,Final,2394,Comerica Park,116,Detroit Tigers,DET,1,False,114,Cleveland Guardians,CLE,3,True,682177,Daniel Schneemann,Daniel,Schneemann,10,1997-01-23,29,"6' 0""",185,8,Outfielder,L,Left,R,Right,"1-3 | 2B, BB, K",,3,1,1,0,0,1,1,1,1,0,0,0,4,2,,,,,,,,,,
2026-05-21,824274,,/api/v1.1/game/824274/feed/live,R,2026,2026-05-21,,day,P,N,N,Regular Season,4,4,1,Final,Final,2394,Comerica Park,116,Detroit Tigers,DET,1,False,114,Cleveland Guardians,CLE,3,True,677944,Slade Cecconi,Slade,Cecconi,44,1999-06-24,26,"6' 4""",219,1,Pitcher,R,Right,R,Right,,,,,,,,,,,,,,,,,,,,,,,,,,
2026-05-21,824274,,/api/v1.1/game/824274/feed/live,R,2026,2026-05-21,,day,P,N,N,Regular Season,4,4,1,Final,Final,2394,Comerica Park,116,Detroit Tigers,DET,1,False,114,Cleveland Guardians,CLE,3,True,672275,Patrick Bailey,Patrick,Bailey,16,1999-05-29,26,"6' 0""",223,2,Catcher,S,Switch,R,Right,"1-3 | HR, RBI, R",,3,1,0,0,1,1,1,0,0,0,0,0,3,4,,,,,,,,,,
2026-05-21,824274,,/api/v1.1/game/824274/feed/live,R,2026,2026-05-21,,day,P,N,N,Regular Season,4,4,1,Final,Final,2394,Comerica Park,116,Detroit Tigers,DET,1,False,114,Cleveland Guardians,CLE,3,True,677587,Brayan Rocchio,Brayan,Rocchio,4,2001-01-13,25,"5' 9""",170,6,Shortstop,S,Switch,R,Right,"3-3 | 2 2B, R, SB",,3,3,2,0,0,0,1,0,0,1,0,0,3,5,,,,,,,,,,
2026-05-21,824274,,/api/v1.1/game/824274/feed/live,R,2026,2026-05-21,,day,P,N,N,Regular Season,4,4,1,Final,Final,2394,Comerica Park,116,Detroit Tigers,DET,1,False,114,Cleveland Guardians,CLE,3,True,690984,Petey Halpin,Peter,Halpin,0,2002-05-26,23,"5' 11""",200,8,Outfielder,L,Left,R,Right,,,,,,,,,,,,,,,,,,,,,,,,,,
2026-05-21,824274,,/api/v1.1/game/824274/feed/live,R,2026,2026-05-21,,day,P,N,N,Regular Season,4,4,1,Final,Final,2394,Comerica Park,116,Detroit Tigers,DET,1,False,114,Cleveland Guardians,CLE,3,True,670036,Matt Festa,Matthew,Festa,52,1993-03-11,33,"6' 1""",195,1,Pitcher,R,Right,R,Right,"0.1 IP, 0 ER, K, 0 BB",,,,,,,,,,,,,,,,0.1,0,1,0,1,0,5,0,0,0
2026-05-21,824274,,/api/v1.1/game/824274/feed/live,R,2026,2026-05-21,,day,P,N,N,Regular Season,4,4,1,Final,Final,2394,Comerica Park,116,Detroit Tigers,DET,1,False,114,Cleveland Guardians,CLE,3,True,670059,Colin Holderman,Colin,Holderman,35,1995-10-08,30,"6' 6""",230,1,Pitcher,R,Right,R,Right,,,,,,,,,,,,,,,,,,,,,,,,,,
2026-05-21,824274,,/api/v1.1/game/824274/feed/live,R,2026,2026-05-21,,day,P,N,N,Regular Season,4,4,1,Final,Final,2394,Comerica Park,116,Detroit Tigers,DET,1,False,114,Cleveland Guardians,CLE,3,True,681807,David Fry,David,Fry,6,1995-11-20,30,"6' 1""",215,9,Outfielder,R,Right,R,Right,,,,,,,,,,,,,,,,,,,,,,,,,,
2026-05-21,824274,,/api/v1.1/game/824274/feed/live,R,2026,2026-05-21,,day,P,N,N,Regular Season,4,4,1,Final,Final,2394,Comerica Park,116,Detroit Tigers,DET,1,False,114,Cleveland Guardians,CLE,3,True,671922,Cade Smith,Cade,Smith,36,1999-05-09,27,"6' 5""",230,1,Pitcher,R,Right,R,Right,,,,,,,,,,,,,,,,,,,,,,,,,,
2026-05-21,824274,,/api/v1.1/game/824274/feed/live,R,2026,2026-05-21,,day,P,N,N,Regular Season,4,4,1,Final,Final,2394,Comerica Park,116,Detroit Tigers,DET,1,False,114,Cleveland Guardians,CLE,3,True,608070,José Ramírez,José,Ramírez,11,1992-09-17,33,"5' 8""",190,5,Third Base,S,Switch,R,Right,"1-4 | K, RBI",,4,1,0,0,0,1,0,1,0,0,0,0,4,1,,,,,,,,,,
2026-05-21,824274,,/api/v1.1/game/824274/feed/live,R,2026,2026-05-21,,day,P,N,N,Regular Season,4,4,1,Final,Final,2394,Comerica Park,116,Detroit Tigers,DET,1,False,114,Cleveland Guardians,CLE,3,True,680757,Steven Kwan,Steven,Kwan,38,1997-09-05,28,"5' 8""",170,8,Outfielder,L,Left,L,Left,0-4 | K,,4,0,0,0,0,0,0,1,0,0,0,0,4,0,,,,,,,,,,
2026-05-21,824274,,/api/v1.1/game/824274/feed/live,R,2026,2026-05-21,,day,P,N,N,Regular Season,4,4,1,Final,Final,2394,Comerica Park,116,Detroit Tigers,DET,1,False,114,Cleveland Guardians,CLE,3,True,682657,Angel Martínez,Angel,Martínez,1,2002-01-27,24,"5' 11""",200,7,Outfielder,S,Switch,R,Right,0-4 | K,,4,0,0,0,0,0,0,1,0,0,0,0,4,0,,,,,,,,,,
2026-05-21,824274,,/api/v1.1/game/824274/feed/live,R,2026,2026-05-21,,day,P,N,N,Regular Season,4,4,1,Final,Final,2394,Comerica Park,116,Detroit Tigers,DET,1,False,114,Cleveland Guardians,CLE,3,True,700932,Kyle Manzardo,Kyle,Manzardo,9,2000-07-18,25,"5' 11""",205,3,First Base,L,Left,R,Right,,,,,,,,,,,,,,,,,,,,,,,,,,
2026-05-21,824274,,/api/v1.1/game/824274/feed/live,R,2026,2026-05-21,,day,P,N,N,Regular Season,4,4,1,Final,Final,2394,Comerica Park,116,Detroit Tigers,DET,1,False,114,Cleveland Guardians,CLE,3,True,800048,Parker Messick,Parker,Messick,77,2000-10-26,25,"6' 0""",225,1,Pitcher,L,Left,L,Left,,,,,,,,,,,,,,,,,,,,,,,,,,
2026-05-21,824274,,/api/v1.1/game/824274/feed/live,R,2026,2026-05-21,,day,P,N,N,Regular Season,4,4,1,Final,Final,2394,Comerica Park,116,Detroit Tigers,DET,1,False,114,Cleveland Guardians,CLE,3,True,676282,Joey Cantillo,Joseph,Cantillo,54,1999-12-18,26,"6' 4""",225,1,Pitcher,L,Left,L,Left,"5.2 IP, 0 ER, 6 K, 3 BB",,,,,,,,,,,,,,,,5.2,0,3,0,6,3,98,1,0,0
2026-05-21,824274,,/api/v1.1/game/824274/feed/live,R,2026,2026-05-21,,day,P,N,N,Regular Season,4,4,1,Final,Final,2394,Comerica Park,116,Detroit Tigers,DET,1,False,114,Cleveland Guardians,CLE,3,True,681870,Erik Sabrowski,Erik,Sabrowski,62,1997-10-31,28,"6' 4""",230,1,Pitcher,R,Right,L,Left,,,,,,,,,,,,,,,,,,,,,,,,,,
2026-05-21,824274,,/api/v1.1/game/824274/feed/live,R,2026,2026-05-21,,day,P,N,N,Regular Season,4,4,1,Final,Final,2394,Comerica Park,116,Detroit Tigers,DET,1,False,114,Cleveland Guardians,CLE,3,True,668909,Gavin Williams,Gavin,Williams,32,1999-07-26,26,"6' 6""",250,1,Pitcher,L,Left,R,Right,,,,,,,,,,,,,,,,,,,,,,,,,,
2026-05-21,824274,,/api/v1.1/game/824274/feed/live,R,2026,2026-05-21,,day,P,N,N,Regular Season,4,4,1,Final,Final,2394,Comerica Park,116,Detroit Tigers,DET,1,False,114,Cleveland Guardians,CLE,3,True,683769,Hunter Gaddis,Hunter,Gaddis,33,1998-04-09,28,"6' 6""",260,1,Pitcher,R,Right,R,Right,"1.0 IP, 0 ER, 2 K, 0 BB",,,,,,,,,,,,,,,,1.0,0,1,0,2,0,16,0,0,1
2026-05-21,824274,,/api/v1.1/game/824274/feed/live,R,2026,2026-05-21,,day,P,N,N,Regular Season,4,4,1,Final,Final,2394,Comerica Park,116,Detroit Tigers,DET,1,False,114,Cleveland Guardians,CLE,3,True,676440,Tanner Bibee,Tanner,Bibee,28,1999-03-05,27,"6' 2""",205,1,Pitcher,R,Right,R,Right,,,,,,,,,,,,,,,,,,,,,,,,,,
2026-05-21,824274,,/api/v1.1/game/824274/feed/live,R,2026,2026-05-21,,day,P,N,N,Regular Season,4,4,1,Final,Final,2394,Comerica Park,116,Detroit Tigers,DET,1,False,114,Cleveland Guardians,CLE,3,True,682120,Tim Herrin,Tim,Herrin,29,1996-10-08,29,"6' 6""",230,1,Pitcher,L,Left,L,Left,"0.2 IP, ER, K, 0 BB",,,,,,,,,,,,,,,,0.2,1,1,1,1,0,10,0,0,0
2026-05-21,824274,,/api/v1.1/game/824274/feed/live,R,2026,2026-05-21,,day,P,N,N,Regular Season,4,4,1,Final,Final,2394,Comerica Park,116,Detroit Tigers,DET,1,False,114,Cleveland Guardians,CLE,3,True,656555,Rhys Hoskins,Rhys,Hoskins,8,1993-03-17,33,"6' 3""",241,3,First Base,R,Right,R,Right,0-4 | K,,4,0,0,0,0,0,0,1,0,0,0,0,4,0,,,,,,,,,,
2026-05-21,823056,,/api/v1.1/game/823056/feed/live,R,2026,2026-05-21,,day,P,N,N,Regular Season,3,3,1,Final,Final,2889,Busch Stadium,138,St. Louis Cardinals,STL,2,False,134,Pittsburgh Pirates,PIT,6,True,700241,Michael McGreevy,Michael,McGreevy,36,2000-07-08,25,"6' 4""",220,1,Pitcher,L,Left,R,Right,,,,,,,,,,,,,,,,,,,,,,,,,,
2026-05-21,823056,,/api/v1.1/game/823056/feed/live,R,2026,2026-05-21,,day,P,N,N,Regular Season,3,3,1,Final,Final,2889,Busch Stadium,138,St. Louis Cardinals,STL,2,False,134,Pittsburgh Pirates,PIT,6,True,669357,Nolan Gorman,Nolan,Gorman,16,2000-05-10,26,"6' 0""",225,5,Third Base,L,Left,R,Right,0-4 | 3 K,,4,0,0,0,0,0,0,3,0,0,0,0,4,0,,,,,,,,,,
2026-05-21,823056,,/api/v1.1/game/823056/feed/live,R,2026,2026-05-21,,day,P,N,N,Regular Season,3,3,1,Final,Final,2889,Busch Stadium,138,St. Louis Cardinals,STL,2,False,134,Pittsburgh Pirates,PIT,6,True,694335,Matt Svanson,Matthew,Svanson,49,1999-01-31,27,"6' 5""",235,1,Pitcher,R,Right,R,Right,"1.1 IP, 0 ER, K, 0 BB",,,,,,,,,,,,,,,,1.1,0,1,0,1,0,19,0,0,0
2026-05-21,823056,,/api/v1.1/game/823056/feed/live,R,2026,2026-05-21,,day,P,N,N,Regular Season,3,3,1,Final,Final,2889,Busch Stadium,138,St. Louis Cardinals,STL,2,False,134,Pittsburgh Pirates,PIT,6,True,690155,Matt Pushard,Matthew,Pushard,67,1997-10-27,28,"6' 4""",250,1,Pitcher,R,Right,R,Right,"1.0 IP, 0 ER, K, 0 BB",,,,,,,,,,,,,,,,1.0,0,0,0,1,0,7,0,0,0
2026-05-21,823056,,/api/v1.1/game/823056/feed/live,R,2026,2026-05-21,,day,P,N,N,Regular Season,3,3,1,Final,Final,2889,Busch Stadium,138,St. Louis Cardinals,STL,2,False,134,Pittsburgh Pirates,PIT,6,True,691023,Jordan Walker,Jordan,Walker,18,2002-05-22,24,"6' 6""",250,9,Outfielder,R,Right,R,Right,"1-4 | K, RBI",,4,1,0,0,0,1,0,1,0,0,0,0,4,1,,,,,,,,,,
2026-05-21,823056,,/api/v1.1/game/823056/feed/live,R,2026,2026-05-21,,day,P,N,N,Regular Season,3,3,1,Final,Final,2889,Busch Stadium,138,St. Louis Cardinals,STL,2,False,134,Pittsburgh Pirates,PIT,6,True,687363,Victor Scott II,Victor,Scott,11,2001-02-12,25,"5' 10""",190,8,Outfielder,L,Left,L,Left,0-3,,3,0,0,0,0,0,0,0,0,0,0,0,3,0,,,,,,,,,,
2026-05-21,823056,,/api/v1.1/game/823056/feed/live,R,2026,2026-05-21,,day,P,N,N,Regular Season,3,3,1,Final,Final,2889,Busch Stadium,138,St. Louis Cardinals,STL,2,False,134,Pittsburgh Pirates,PIT,6,True,701675,Nathan Church,Nathan,Church,27,2000-07-12,25,"5' 10""",180,7,Outfielder,L,Left,L,Left,,,,,,,,,,,,,,,,,,,,,,,,,,
2026-05-21,823056,,/api/v1.1/game/823056/feed/live,R,2026,2026-05-21,,day,P,N,N,Regular Season,3,3,1,Final,Final,2889,Busch Stadium,138,St. Louis Cardinals,STL,2,False,134,Pittsburgh Pirates,PIT,6,True,681517,Kyle Leahy,Kyle,Leahy,62,1997-06-04,28,"6' 5""",225,1,Pitcher,S,Switch,R,Right,,,,,,,,,,,,,,,,,,,,,,,,,,
2026-05-21,823056,,/api/v1.1/game/823056/feed/live,R,2026,2026-05-21,,day,P,N,N,Regular Season,3,3,1,Final,Final,2889,Busch Stadium,138,St. Louis Cardinals,STL,2,False,134,Pittsburgh Pirates,PIT,6,True,665877,José Fermín,José,Fermín,15,1999-03-29,27,"5' 10""",198,7,Outfielder,R,Right,R,Right,1-4,,4,1,0,0,0,0,0,0,0,0,0,0,4,1,,,,,,,,,,
2026-05-21,823056,,/api/v1.1/game/823056/feed/live,R,2026,2026-05-21,,day,P,N,N,Regular Season,3,3,1,Final,Final,2889,Busch Stadium,138,St. Louis Cardinals,STL,2,False,134,Pittsburgh Pirates,PIT,6,True,700669,Gordon Graceffo,Gordon,Graceffo,44,2000-03-17,26,"6' 4""",220,1,Pitcher,R,Right,R,Right,"0.2 IP, 0 ER, 0 K, 0 BB",,,,,,,,,,,,,,,,0.2,0,0,0,0,0,2,0,0,0
2026-05-21,823056,,/api/v1.1/game/823056/feed/live,R,2026,2026-05-21,,day,P,N,N,Regular Season,3,3,1,Final,Final,2889,Busch Stadium,138,St. Louis Cardinals,STL,2,False,134,Pittsburgh Pirates,PIT,6,True,668941,JoJo Romero,Joseph,Romero,59,1996-09-09,29,"5' 11""",215,1,Pitcher,L,Left,L,Left,,,,,,,,,,,,,,,,,,,,,,,,,,
2026-05-21,823056,,/api/v1.1/game/823056/feed/live,R,2026,2026-05-21,,day,P,N,N,Regular Season,3,3,1,Final,Final,2889,Busch Stadium,138,St. Louis Cardinals,STL,2,False,134,Pittsburgh Pirates,PIT,6,True,802139,JJ Wetherholt,Jonathan,Wetherholt,26,2002-09-10,23,"5' 9""",190,4,Second Base,L,Left,R,Right,0-4 | 2 K,,4,0,0,0,0,0,0,2,0,0,0,0,4,0,,,,,,,,,,
2026-05-21,823056,,/api/v1.1/game/823056/feed/live,R,2026,2026-05-21,,day,P,N,N,Regular Season,3,3,1,Final,Final,2889,Busch Stadium,138,St. Louis Cardinals,STL,2,False,134,Pittsburgh Pirates,PIT,6,True,677865,Justin Bruihl,Justin,Bruihl,47,1997-06-26,28,"6' 2""",215,1,Pitcher,L,Left,L,Left,"0.2 IP, 2 ER, 0 K, 0 BB",,,,,,,,,,,,,,,,0.2,2,3,1,0,0,16,0,0,0
2026-05-21,823056,,/api/v1.1/game/823056/feed/live,R,2026,2026-05-21,,day,P,N,N,Regular Season,3,3,1,Final,Final,2889,Busch Stadium,138,St. Louis Cardinals,STL,2,False,134,Pittsburgh Pirates,PIT,6,True,676475,Alec Burleson,Alec,Burleson,41,1998-11-25,27,"6' 0""",225,3,First Base,L,Left,L,Left,"2-4 | 2B, 2 K",,4,2,1,0,0,0,0,2,0,0,0,0,4,3,,,,,,,,,,
2026-05-21,823056,,/api/v1.1/game/823056/feed/live,R,2026,2026-05-21,,day,P,N,N,Regular Season,3,3,1,Final,Final,2889,Busch Stadium,138,St. Louis Cardinals,STL,2,False,134,Pittsburgh Pirates,PIT,6,True,695336,Thomas Saggese,Thomas,Saggese,25,2002-04-10,24,"5' 10""",185,7,Outfielder,R,Right,R,Right,,,,,,,,,,,,,,,,,,,,,,,,,,
2026-05-21,823056,,/api/v1.1/game/823056/feed/live,R,2026,2026-05-21,,day,P,N,N,Regular Season,3,3,1,Final,Final,2889,Busch Stadium,138,St. Louis Cardinals,STL,2,False,134,Pittsburgh Pirates,PIT,6,True,650968,Yohel Pozo,Yohel,Pozo,63,1997-06-14,28,"5' 11""",201,2,Catcher,R,Right,R,Right,0-1,,1,0,0,0,0,0,0,0,0,0,0,1,1,0,,,,,,,,,,
2026-05-21,823056,,/api/v1.1/game/823056/feed/live,R,2026,2026-05-21,,day,P,N,N,Regular Season,3,3,1,Final,Final,2889,Busch Stadium,138,St. Louis Cardinals,STL,2,False,134,Pittsburgh Pirates,PIT,6,True,676617,Riley O'Brien,Riley,O'Brien,61,1995-02-06,31,"6' 4""",180,1,Pitcher,R,Right,R,Right,,,,,,,,,,,,,,,,,,,,,,,,,,
2026-05-21,823056,,/api/v1.1/game/823056/feed/live,R,2026,2026-05-21,,day,P,N,N,Regular Season,3,3,1,Final,Final,2889,Busch Stadium,138,St. Louis Cardinals,STL,2,False,134,Pittsburgh Pirates,PIT,6,True,669467,Andre Pallante,Neil,Pallante,53,1998-09-18,27,"6' 0""",215,1,Pitcher,R,Right,R,Right,,,,,,,,,,,,,,,,,,,,,,,,,,
2026-05-21,823056,,/api/v1.1/game/823056/feed/live,R,2026,2026-05-21,,day,P,N,N,Regular Season,3,3,1,Final,Final,2889,Busch Stadium,138,St. Louis Cardinals,STL,2,False,134,Pittsburgh Pirates,PIT,6,True,666277,George Soriano,George,Soriano,65,1999-03-24,27,"6' 2""",210,1,Pitcher,R,Right,R,Right,,,,,,,,,,,,,,,,,,,,,,,,,,
2026-05-21,823056,,/api/v1.1/game/823056/feed/live,R,2026,2026-05-21,,day,P,N,N,Regular Season,3,3,1,Final,Final,2889,Busch Stadium,138,St. Louis Cardinals,STL,2,False,134,Pittsburgh Pirates,PIT,6,True,686780,Pedro Pagés,Pedro,Pagés,43,1998-09-17,27,"5' 11""",245,2,Catcher,R,Right,R,Right,2-4,,4,2,0,0,0,0,0,0,0,0,0,0,4,2,,,,,,,,,,
2026-05-21,823056,,/api/v1.1/game/823056/feed/live,R,2026,2026-05-21,,day,P,N,N,Regular Season,3,3,1,Final,Final,2889,Busch Stadium,138,St. Louis Cardinals,STL,2,False,134,Pittsburgh Pirates,PIT,6,True,669461,Matthew Liberatore,Matthew,Liberatore,32,1999-11-06,26,"6' 4""",215,1,Pitcher,L,Left,L,Left,,,,,,,,,,,,,,,,,,,,,,,,,,
2026-05-21,823056,,/api/v1.1/game/823056/feed/live,R,2026,2026-05-21,,day,P,N,N,Regular Season,3,3,1,Final,Final,2889,Busch Stadium,138,St. Louis Cardinals,STL,2,False,134,Pittsburgh Pirates,PIT,6,True,592773,Ryne Stanek,Ryne,Stanek,55,1991-07-26,34,"6' 4""",226,1,Pitcher,R,Right,R,Right,,,,,,,,,,,,,,,,,,,,,,,,,,
2026-05-21,823056,,/api/v1.1/game/823056/feed/live,R,2026,2026-05-21,,day,P,N,N,Regular Season,3,3,1,Final,Final,2889,Busch Stadium,138,St. Louis Cardinals,STL,2,False,134,Pittsburgh Pirates,PIT,6,True,693409,César Prieto,Cesar,Prieto,31,1999-05-10,27,"5' 9""",195,5,Third Base,L,Left,R,Right,,,,,,,,,,,,,,,,,,,,,,,,,,
2026-05-21,823056,,/api/v1.1/game/823056/feed/live,R,2026,2026-05-21,,day,P,N,N,Regular Season,3,3,1,Final,Final,2889,Busch Stadium,138,St. Louis Cardinals,STL,2,False,134,Pittsburgh Pirates,PIT,6,True,669160,Dustin May,Dustin,May,3,1997-09-06,28,"6' 6""",180,1,Pitcher,R,Right,R,Right,"5.1 IP, 4 ER, 7 K, 2 BB",,,,,,,,,,,,,,,,5.1,4,6,1,7,2,91,0,1,0
2026-05-21,823056,,/api/v1.1/game/823056/feed/live,R,2026,2026-05-21,,day,P,N,N,Regular Season,3,3,1,Final,Final,2889,Busch Stadium,138,St. Louis Cardinals,STL,2,False,134,Pittsburgh Pirates,PIT,6,True,691026,Masyn Winn,Masyn,Winn,0,2002-03-21,24,"5' 9""",185,6,Shortstop,R,Right,R,Right,"0-2 | 2 BB, K",,2,0,0,0,0,0,0,1,2,0,0,0,4,0,,,,,,,,,,
2026-05-21,823056,,/api/v1.1/game/823056/feed/live,R,2026,2026-05-21,,day,P,N,N,Regular Season,3,3,1,Final,Final,2889,Busch Stadium,138,St. Louis Cardinals,STL,2,False,134,Pittsburgh Pirates,PIT,6,True,671056,Iván Herrera,Ivan,Herrera,48,2000-06-01,25,"5' 11""",220,10,Designated Hitter,R,Right,R,Right,"2-4 | HR, 2 K, RBI",,4,2,0,0,1,1,2,2,0,0,0,0,4,5,,,,,,,,,,
2026-05-21,823056,,/api/v1.1/game/823056/feed/live,R,2026,2026-05-21,,day,P,N,N,Regular Season,3,3,1,Final,Final,2889,Busch Stadium,138,St. Louis Cardinals,STL,2,False,134,Pittsburgh Pirates,PIT,6,True,694973,Paul Skenes,Paul,Skenes,30,2002-05-29,23,"6' 6""",260,1,Pitcher,R,Right,R,Right,,,,,,,,,,,,,,,,,,,,,,,,,,
2026-05-21,823056,,/api/v1.1/game/823056/feed/live,R,2026,2026-05-21,,day,P,N,N,Regular Season,3,3,1,Final,Final,2889,Busch Stadium,138,St. Louis Cardinals,STL,2,False,134,Pittsburgh Pirates,PIT,6,True,687462,Spencer Horwitz,Spencer,Horwitz,2,1997-11-14,28,"5' 10""",204,3,First Base,L,Left,R,Right,"1-3 | BB, R",,3,1,0,0,0,0,1,0,1,0,0,0,4,1,,,,,,,,,,
2026-05-21,823056,,/api/v1.1/game/823056/feed/live,R,2026,2026-05-21,,day,P,N,N,Regular Season,3,3,1,Final,Final,2889,Busch Stadium,138,St. Louis Cardinals,STL,2,False,134,Pittsburgh Pirates,PIT,6,True,664040,Brandon Lowe,Brandon,Lowe,5,1994-07-06,31,"5' 9""",181,4,Second Base,L,Left,R,Right,"2-4 | HR, BB, RBI",,4,2,0,0,1,1,1,0,1,0,0,0,5,5,,,,,,,,,,
2026-05-21,823056,,/api/v1.1/game/823056/feed/live,R,2026,2026-05-21,,day,P,N,N,Regular Season,3,3,1,Final,Final,2889,Busch Stadium,138,St. Louis Cardinals,STL,2,False,134,Pittsburgh Pirates,PIT,6,True,682848,Endy Rodríguez,Endy,Rodríguez,13,2000-05-26,25,"6' 0""",207,2,Catcher,S,Switch,R,Right,,,,,,,,,,,,,,,,,,,,,,,,,,
2026-05-21,823056,,/api/v1.1/game/823056/feed/live,R,2026,2026-05-21,,day,P,N,N,Regular Season,3,3,1,Final,Final,2889,Busch Stadium,138,St. Louis Cardinals,STL,2,False,134,Pittsburgh Pirates,PIT,6,True,668804,Bryan Reynolds,Bryan,Reynolds,10,1995-01-27,31,"6' 2""",210,7,Outfielder,S,Switch,R,Right,"0-5 | 3 K, RBI",,5,0,0,0,0,1,0,3,0,0,0,0,5,0,,,,,,,,,,
2026-05-21,823056,,/api/v1.1/game/823056/feed/live,R,2026,2026-05-21,,day,P,N,N,Regular Season,3,3,1,Final,Final,2889,Busch Stadium,138,St. Louis Cardinals,STL,2,False,134,Pittsburgh Pirates,PIT,6,True,665833,Oneil Cruz,Oneil,Cruz,15,1998-10-04,27,"6' 7""",248,8,Outfielder,L,Left,R,Right,"1-5 | 2B, 3 K, R",,5,1,1,0,0,0,1,3,0,0,0,0,5,2,,,,,,,,,,
2026-05-21,823056,,/api/v1.1/game/823056/feed/live,R,2026,2026-05-21,,day,P,N,N,Regular Season,3,3,1,Final,Final,2889,Busch Stadium,138,St. Louis Cardinals,STL,2,False,134,Pittsburgh Pirates,PIT,6,True,681895,Evan Sisk,Samuel,Sisk,48,1997-04-23,29,"6' 2""",214,1,Pitcher,L,Left,L,Left,,,,,,,,,,,,,,,,,,,,,,,,,,
2026-05-21,823056,,/api/v1.1/game/823056/feed/live,R,2026,2026-05-21,,day,P,N,N,Regular Season,3,3,1,Final,Final,2889,Busch Stadium,138,St. Louis Cardinals,STL,2,False,134,Pittsburgh Pirates,PIT,6,True,642397,Gregory Soto,Gregory,Soto,31,1995-02-11,31,"6' 1""",247,1,Pitcher,L,Left,L,Left,,,,,,,,,,,,,,,,,,,,,,,,,,
2026-05-21,823056,,/api/v1.1/game/823056/feed/live,R,2026,2026-05-21,,day,P,N,N,Regular Season,3,3,1,Final,Final,2889,Busch Stadium,138,St. Louis Cardinals,STL,2,False,134,Pittsburgh Pirates,PIT,6,True,682254,Mason Montgomery,Mason,Montgomery,46,2000-06-17,25,"6' 2""",205,1,Pitcher,L,Left,L,Left,"1.0 IP, 0 ER, 0 K, 0 BB",,,,,,,,,,,,,,,,1.0,0,1,0,0,0,8,0,0,0
2026-05-21,823056,,/api/v1.1/game/823056/feed/live,R,2026,2026-05-21,,day,P,N,N,Regular Season,3,3,1,Final,Final,2889,Busch Stadium,138,St. Louis Cardinals,STL,2,False,134,Pittsburgh Pirates,PIT,6,True,669707,Jared Triolo,Jared,Triolo,19,1998-02-08,28,"6' 3""",212,5,Third Base,R,Right,R,Right,1-4 | K,,4,1,0,0,0,0,0,1,0,0,0,1,4,1,,,,,,,,,,
2026-05-21,823056,,/api/v1.1/game/823056/feed/live,R,2026,2026-05-21,,day,P,N,N,Regular Season,3,3,1,Final,Final,2889,Busch Stadium,138,St. Louis Cardinals,STL,2,False,134,Pittsburgh Pirates,PIT,6,True,663968,Jake Mangum,Jake,Mangum,28,1996-03-08,30,"5' 11""",191,7,Outfielder,S,Switch,L,Left,"1-4 | K, RBI",,4,1,0,0,0,1,0,1,0,0,0,0,4,1,,,,,,,,,,
2026-05-21,823056,,/api/v1.1/game/823056/feed/live,R,2026,2026-05-21,,day,P,N,N,Regular Season,3,3,1,Final,Final,2889,Busch Stadium,138,St. Louis Cardinals,STL,2,False,134,Pittsburgh Pirates,PIT,6,True,656605,Mitch Keller,Mitch,Keller,23,1996-04-04,30,"6' 3""",213,1,Pitcher,R,Right,R,Right,,,,,,,,,,,,,,,,,,,,,,,,,,
2026-05-21,823056,,/api/v1.1/game/823056/feed/live,R,2026,2026-05-21,,day,P,N,N,Regular Season,3,3,1,Final,Final,2889,Busch Stadium,138,St. Louis Cardinals,STL,2,False,134,Pittsburgh Pirates,PIT,6,True,670990,Yohan Ramírez,Yohan,Ramírez,49,1995-05-06,31,"6' 3""",205,1,Pitcher,R,Right,R,Right,,,,,,,,,,,,,,,,,,,,,,,,,,
2026-05-21,823056,,/api/v1.1/game/823056/feed/live,R,2026,2026-05-21,,day,P,N,N,Regular Season,3,3,1,Final,Final,2889,Busch Stadium,138,St. Louis Cardinals,STL,2,False,134,Pittsburgh Pirates,PIT,6,True,696149,Bubba Chandler,Roy,Chandler,36,2002-09-14,23,"6' 3""",206,1,Pitcher,S,Switch,R,Right,,,,,,,,,,,,,,,,,,,,,,,,,,
2026-05-21,823056,,/api/v1.1/game/823056/feed/live,R,2026,2026-05-21,,day,P,N,N,Regular Season,3,3,1,Final,Final,2889,Busch Stadium,138,St. Louis Cardinals,STL,2,False,134,Pittsburgh Pirates,PIT,6,True,691373,Jhostynxon Garcia,Jhostynxon,Garcia,34,2002-12-11,23,"6' 0""",224,9,Outfielder,R,Right,R,Right,,,,,,,,,,,,,,,,,,,,,,,,,,
2026-05-21,823056,,/api/v1.1/game/823056/feed/live,R,2026,2026-05-21,,day,P,N,N,Regular Season,3,3,1,Final,Final,2889,Busch Stadium,138,St. Louis Cardinals,STL,2,False,134,Pittsburgh Pirates,PIT,6,True,695257,Billy Cook,William,Cook,25,1999-01-07,27,"6' 0""",204,9,Outfielder,R,Right,R,Right,,,,,,,,,,,,,,,,,,,,,,,,,,
2026-05-21,823056,,/api/v1.1/game/823056/feed/live,R,2026,2026-05-21,,day,P,N,N,Regular Season,3,3,1,Final,Final,2889,Busch Stadium,138,St. Louis Cardinals,STL,2,False,134,Pittsburgh Pirates,PIT,6,True,669387,Carmen Mlodzinski,Carmen,Mlodzinski,50,1999-02-19,27,"6' 2""",210,1,Pitcher,R,Right,R,Right,,,,,,,,,,,,,,,,,,,,,,,,,,
2026-05-21,823056,,/api/v1.1/game/823056/feed/live,R,2026,2026-05-21,,day,P,N,N,Regular Season,3,3,1,Final,Final,2889,Busch Stadium,138,St. Louis Cardinals,STL,2,False,134,Pittsburgh Pirates,PIT,6,True,642701,Dennis Santana,Dennis,Santana,60,1996-04-12,30,"6' 2""",202,1,Pitcher,R,Right,R,Right,,,,,,,,,,,,,,,,,,,,,,,,,,
2026-05-21,823056,,/api/v1.1/game/823056/feed/live,R,2026,2026-05-21,,day,P,N,N,Regular Season,3,3,1,Final,Final,2889,Busch Stadium,138,St. Louis Cardinals,STL,2,False,134,Pittsburgh Pirates,PIT,6,True,680779,Henry Davis,Henry,Davis,32,1999-09-21,26,"5' 11""",225,2,Catcher,R,Right,R,Right,"1-3 | HR, HBP, K",,3,1,0,0,1,1,1,1,0,0,0,0,4,4,,,,,,,,,,
2026-05-21,823056,,/api/v1.1/game/823056/feed/live,R,2026,2026-05-21,,day,P,N,N,Regular Season,3,3,1,Final,Final,2889,Busch Stadium,138,St. Louis Cardinals,STL,2,False,134,Pittsburgh Pirates,PIT,6,True,664875,Justin Lawrence,Justin,Lawrence,61,1994-11-25,31,"6' 3""",211,1,Pitcher,R,Right,R,Right,,,,,,,,,,,,,,,,,,,,,,,,,,
2026-05-21,823056,,/api/v1.1/game/823056/feed/live,R,2026,2026-05-21,,day,P,N,N,Regular Season,3,3,1,Final,Final,2889,Busch Stadium,138,St. Louis Cardinals,STL,2,False,134,Pittsburgh Pirates,PIT,6,True,696062,Wilber Dotel,Wilber,Dotel,66,2002-09-25,23,"6' 3""",238,1,Pitcher,R,Right,R,Right,"1.0 IP, ER, 2 K, 0 BB",,,,,,,,,,,,,,,,1.0,1,3,0,2,0,29,0,0,0
2026-05-21,823056,,/api/v1.1/game/823056/feed/live,R,2026,2026-05-21,,day,P,N,N,Regular Season,3,3,1,Final,Final,2889,Busch Stadium,138,St. Louis Cardinals,STL,2,False,134,Pittsburgh Pirates,PIT,6,True,684049,Brandan Bidois,Brandan,Bidois,77,2001-06-21,24,"6' 2""",174,1,Pitcher,R,Right,R,Right,,,,,,,,,,,,,,,,,,,,,,,,,,
2026-05-21,823056,,/api/v1.1/game/823056/feed/live,R,2026,2026-05-21,,day,P,N,N,Regular Season,3,3,1,Final,Final,2889,Busch Stadium,138,St. Louis Cardinals,STL,2,False,134,Pittsburgh Pirates,PIT,6,True,804606,Konnor Griffin,Konnor,Griffin,6,2006-04-24,20,"6' 3""",222,6,Shortstop,R,Right,R,Right,"1-4 | 2B, 2 R, SB",,4,1,1,0,0,0,2,0,0,1,0,0,4,2,,,,,,,,,,
2026-05-21,823056,,/api/v1.1/game/823056/feed/live,R,2026,2026-05-21,,day,P,N,N,Regular Season,3,3,1,Final,Final,2889,Busch Stadium,138,St. Louis Cardinals,STL,2,False,134,Pittsburgh Pirates,PIT,6,True,542303,Marcell Ozuna,Marcell,Ozuna,24,1990-11-12,35,"6' 1""",251,10,Designated Hitter,R,Right,R,Right,2-4 | 2 RBI,,4,2,0,0,0,2,0,0,0,0,0,0,4,2,,,,,,,,,,
2026-05-21,823056,,/api/v1.1/game/823056/feed/live,R,2026,2026-05-21,,day,P,N,N,Regular Season,3,3,1,Final,Final,2889,Busch Stadium,138,St. Louis Cardinals,STL,2,False,134,Pittsburgh Pirates,PIT,6,True,693304,Nick Gonzales,Nicholas,Gonzales,3,1999-05-27,26,"5' 8""",193,5,Third Base,R,Right,R,Right,,,,,,,,,,,,,,,,,,,,,,,,,,
2026-05-21,823056,,/api/v1.1/game/823056/feed/live,R,2026,2026-05-21,,day,P,N,N,Regular Season,3,3,1,Final,Final,2889,Busch Stadium,138,St. Louis Cardinals,STL,2,False,134,Pittsburgh Pirates,PIT,6,True,677952,Braxton Ashcraft,Braxton,Ashcraft,35,1999-10-05,26,"6' 5""",218,1,Pitcher,L,Left,R,Right,"7.0 IP, ER, 9 K, 2 BB",,,,,,,,,,,,,,,,7.0,1,4,1,9,2,98,1,0,0
2026-05-21,822733,,/api/v1.1/game/822733/feed/live,R,2026,2026-05-21,,day,P,N,N,Regular Season,4,4,1,Final,Final,3309,Nationals Park,120,Washington Nationals,WSH,1,False,121,New York Mets,NYM,2,True,682928,CJ Abrams,Paul,Abrams,5,2000-10-03,25,"6' 0""",191,6,Shortstop,L,Left,R,Right,0-2 | 2 BB,,2,0,0,0,0,0,0,0,2,0,0,0,4,0,,,,,,,,,,
2026-05-21,822733,,/api/v1.1/game/822733/feed/live,R,2026,2026-05-21,,day,P,N,N,Regular Season,4,4,1,Final,Final,3309,Nationals Park,120,Washington Nationals,WSH,1,False,121,New York Mets,NYM,2,True,683083,Nasim Nuñez,Nasim,Nuñez,26,2000-08-18,25,"5' 8""",165,4,Second Base,S,Switch,R,Right,0-3 | K,,3,0,0,0,0,0,0,1,0,0,0,0,3,0,,,,,,,,,,
2026-05-21,822733,,/api/v1.1/game/822733/feed/live,R,2026,2026-05-21,,day,P,N,N,Regular Season,4,4,1,Final,Final,3309,Nationals Park,120,Washington Nationals,WSH,1,False,121,New York Mets,NYM,2,True,665953,Andrés Chaparro,Andrés,Chaparro,87,1999-05-04,27,"6' 0""",200,3,First Base,R,Right,R,Right,"0-2 | BB, RBI",,2,0,0,0,0,1,0,0,1,0,0,0,3,0,,,,,,,,,,
2026-05-21,822733,,/api/v1.1/game/822733/feed/live,R,2026,2026-05-21,,day,P,N,N,Regular Season,4,4,1,Final,Final,3309,Nationals Park,120,Washington Nationals,WSH,1,False,121,New York Mets,NYM,2,True,686452,Drew Millas,Andrew,Millas,14,1998-01-15,28,"6' 0""",204,2,Catcher,S,Switch,R,Right,,,,,,,,,,,,,,,,,,,,,,,,,,
2026-05-21,822733,,/api/v1.1/game/822733/feed/live,R,2026,2026-05-21,,day,P,N,N,Regular Season,4,4,1,Final,Final,3309,Nationals Park,120,Washington Nationals,WSH,1,False,121,New York Mets,NYM,2,True,571945,Miles Mikolas,Miles,Mikolas,36,1988-08-23,37,"6' 4""",230,1,Pitcher,R,Right,R,Right,,,,,,,,,,,,,,,,,,,,,,,,,,
2026-05-21,822733,,/api/v1.1/game/822733/feed/live,R,2026,2026-05-21,,day,P,N,N,Regular Season,4,4,1,Final,Final,3309,Nationals Park,120,Washington Nationals,WSH,1,False,121,New York Mets,NYM,2,True,678391,Jorbit Vivas,Jorbit,Vivas,84,2001-03-09,25,"5' 9""",171,5,Third Base,L,Left,R,Right,0-1 | K,,1,0,0,0,0,0,0,1,0,0,0,0,1,0,,,,,,,,,,
2026-05-21,822733,,/api/v1.1/game/822733/feed/live,R,2026,2026-05-21,,day,P,N,N,Regular Season,4,4,1,Final,Final,3309,Nationals Park,120,Washington Nationals,WSH,1,False,121,New York Mets,NYM,2,True,686611,Dylan Crews,Dylan,Crews,3,2002-02-26,24,"5' 11""",203,8,Outfielder,R,Right,R,Right,0-3 | BB,,3,0,0,0,0,0,0,0,1,0,0,0,4,0,,,,,,,,,,
2026-05-21,822733,,/api/v1.1/game/822733/feed/live,R,2026,2026-05-21,,day,P,N,N,Regular Season,4,4,1,Final,Final,3309,Nationals Park,120,Washington Nationals,WSH,1,False,121,New York Mets,NYM,2,True,663992,Richard Lovelady,Richard,Lovelady,55,1995-07-07,30,"6' 0""",185,1,Pitcher,L,Left,L,Left,,,,,,,,,,,,,,,,,,,,,,,,,,
2026-05-21,822733,,/api/v1.1/game/822733/feed/live,R,2026,2026-05-21,,day,P,N,N,Regular Season,4,4,1,Final,Final,3309,Nationals Park,120,Washington Nationals,WSH,1,False,121,New York Mets,NYM,2,True,690925,Clayton Beeter,Clayton,Beeter,39,1998-10-09,27,"6' 2""",220,1,Pitcher,R,Right,R,Right,"1.0 IP, 0 ER, 2 K, BB",,,,,,,,,,,,,,,,1.0,0,0,0,2,1,20,0,0,0
2026-05-21,822733,,/api/v1.1/game/822733/feed/live,R,2026,2026-05-21,,day,P,N,N,Regular Season,4,4,1,Final,Final,3309,Nationals Park,120,Washington Nationals,WSH,1,False,121,New York Mets,NYM,2,True,695418,Brad Lord,Bradley,Lord,41,2000-02-14,26,"6' 3""",210,1,Pitcher,R,Right,R,Right,,,,,,,,,,,,,,,,,,,,,,,,,,
2026-05-21,822733,,/api/v1.1/game/822733/feed/live,R,2026,2026-05-21,,day,P,N,N,Regular Season,4,4,1,Final,Final,3309,Nationals Park,120,Washington Nationals,WSH,1,False,121,New York Mets,NYM,2,True,678554,Curtis Mead,Curtis,Mead,45,2000-10-26,25,"6' 1""",225,3,First Base,R,Right,R,Right,0-4 | K,,4,0,0,0,0,0,0,1,0,0,0,0,4,0,,,,,,,,,,
2026-05-21,822733,,/api/v1.1/game/822733/feed/live,R,2026,2026-05-21,,day,P,N,N,Regular Season,4,4,1,Final,Final,3309,Nationals Park,120,Washington Nationals,WSH,1,False,121,New York Mets,NYM,2,True,695734,Daylen Lile,Daylen,Lile,4,2002-11-30,23,"5' 11""",195,7,Outfielder,L,Left,R,Right,"2-4 | 2B, K",,4,2,1,0,0,0,0,1,0,0,0,0,4,3,,,,,,,,,,
2026-05-21,822733,,/api/v1.1/game/822733/feed/live,R,2026,2026-05-21,,day,P,N,N,Regular Season,4,4,1,Final,Final,3309,Nationals Park,120,Washington Nationals,WSH,1,False,121,New York Mets,NYM,2,True,677588,José Tena,José,Tena,8,2001-03-20,25,"5' 10""",195,10,Designated Hitter,L,Left,R,Right,0-1 | K,,1,0,0,0,0,0,0,1,0,0,0,0,1,0,,,,,,,,,,
2026-05-21,822733,,/api/v1.1/game/822733/feed/live,R,2026,2026-05-21,,day,P,N,N,Regular Season,4,4,1,Final,Final,3309,Nationals Park,120,Washington Nationals,WSH,1,False,121,New York Mets,NYM,2,True,695578,James Wood,James,Wood,29,2002-09-17,23,"6' 6""",234,9,Outfielder,L,Left,R,Right,"1-4 | 2B, 2 K",,4,1,1,0,0,0,0,2,0,0,0,0,4,2,,,,,,,,,,
2026-05-21,822733,,/api/v1.1/game/822733/feed/live,R,2026,2026-05-21,,day,P,N,N,Regular Season,4,4,1,Final,Final,3309,Nationals Park,120,Washington Nationals,WSH,1,False,121,New York Mets,NYM,2,True,676917,Cade Cavalli,Steven,Cavalli,24,1998-08-14,27,"6' 4""",223,1,Pitcher,R,Right,R,Right,"7.0 IP, 2 ER, 9 K, BB",,,,,,,,,,,,,,,,7.0,2,4,0,9,1,84,0,1,0
2026-05-21,822733,,/api/v1.1/game/822733/feed/live,R,2026,2026-05-21,,day,P,N,N,Regular Season,4,4,1,Final,Final,3309,Nationals Park,120,Washington Nationals,WSH,1,False,121,New York Mets,NYM,2,True,696285,Jacob Young,Jacob,Young,30,1999-07-27,26,"5' 11""",192,8,Outfielder,R,Right,R,Right,0-3,,3,0,0,0,0,0,0,0,0,0,0,0,3,0,,,,,,,,,,
2026-05-21,822733,,/api/v1.1/game/822733/feed/live,R,2026,2026-05-21,,day,P,N,N,Regular Season,4,4,1,Final,Final,3309,Nationals Park,120,Washington Nationals,WSH,1,False,121,New York Mets,NYM,2,True,663623,Jake Irvin,Jacob,Irvin,27,1997-02-18,29,"6' 6""",234,1,Pitcher,R,Right,R,Right,,,,,,,,,,,,,,,,,,,,,,,,,,
2026-05-21,822733,,/api/v1.1/game/822733/feed/live,R,2026,2026-05-21,,day,P,N,N,Regular Season,4,4,1,Final,Final,3309,Nationals Park,120,Washington Nationals,WSH,1,False,121,New York Mets,NYM,2,True,687377,Orlando Ribalta,Orlando,Ribalta,64,1998-03-05,28,"6' 7""",245,1,Pitcher,R,Right,R,Right,"1.0 IP, 0 ER, K, 0 BB",,,,,,,,,,,,,,,,1.0,0,2,0,1,0,24,0,0,0
2026-05-21,822733,,/api/v1.1/game/822733/feed/live,R,2026,2026-05-21,,day,P,N,N,Regular Season,4,4,1,Final,Final,3309,Nationals Park,120,Washington Nationals,WSH,1,False,121,New York Mets,NYM,2,True,681402,Gus Varland,Augustus,Varland,47,1996-11-06,29,"6' 1""",225,1,Pitcher,L,Left,R,Right,,,,,,,,,,,,,,,,,,,,,,,,,,
2026-05-21,822733,,/api/v1.1/game/822733/feed/live,R,2026,2026-05-21,,day,P,N,N,Regular Season,4,4,1,Final,Final,3309,Nationals Park,120,Washington Nationals,WSH,1,False,121,New York Mets,NYM,2,True,641793,Zack Littell,Zack,Littell,18,1995-10-05,30,"6' 4""",250,1,Pitcher,R,Right,R,Right,,,,,,,,,,,,,,,,,,,,,,,,,,
2026-05-21,822733,,/api/v1.1/game/822733/feed/live,R,2026,2026-05-21,,day,P,N,N,Regular Season,4,4,1,Final,Final,3309,Nationals Park,120,Washington Nationals,WSH,1,False,121,New York Mets,NYM,2,True,680730,Mitchell Parker,Mitchell,Parker,70,1999-09-27,26,"6' 4""",239,1,Pitcher,L,Left,L,Left,,,,,,,,,,,,,,,,,,,,,,,,,,
2026-05-21,822733,,/api/v1.1/game/822733/feed/live,R,2026,2026-05-21,,day,P,N,N,Regular Season,4,4,1,Final,Final,3309,Nationals Park,120,Washington Nationals,WSH,1,False,121,New York Mets,NYM,2,True,687606,Paxton Schultz,Paxton,Schultz,75,1998-01-05,28,"6' 3""",205,1,Pitcher,L,Left,R,Right,,,,,,,,,,,,,,,,,,,,,,,,,,
2026-05-21,822733,,/api/v1.1/game/822733/feed/live,R,2026,2026-05-21,,day,P,N,N,Regular Season,4,4,1,Final,Final,3309,Nationals Park,120,Washington Nationals,WSH,1,False,121,New York Mets,NYM,2,True,660688,Keibert Ruiz,Keibert,Ruiz,20,1998-07-20,27,"5' 11""",238,2,Catcher,S,Switch,R,Right,"2-4 | R, CS",,4,2,0,0,0,0,1,0,0,0,1,0,4,2,,,,,,,,,,
2026-05-21,822733,,/api/v1.1/game/822733/feed/live,R,2026,2026-05-21,,day,P,N,N,Regular Season,4,4,1,Final,Final,3309,Nationals Park,120,Washington Nationals,WSH,1,False,121,New York Mets,NYM,2,True,656492,Foster Griffin,Fred,Griffin,22,1995-07-27,30,"6' 3""",225,1,Pitcher,R,Right,L,Left,,,,,,,,,,,,,,,,,,,,,,,,,,
2026-05-21,822733,,/api/v1.1/game/822733/feed/live,R,2026,2026-05-21,,day,P,N,N,Regular Season,4,4,1,Final,Final,3309,Nationals Park,120,Washington Nationals,WSH,1,False,121,New York Mets,NYM,2,True,671277,Luis García Jr.,Luis,García,2,2000-05-16,26,"6' 1""",216,3,First Base,L,Left,R,Right,0-1,,1,0,0,0,0,0,0,0,0,0,0,0,1,0,,,,,,,,,,
2026-05-21,822733,,/api/v1.1/game/822733/feed/live,R,2026,2026-05-21,,day,P,N,N,Regular Season,4,4,1,Final,Final,3309,Nationals Park,120,Washington Nationals,WSH,1,False,121,New York Mets,NYM,2,True,674841,Andrew Alvarez,Michael,Alvarez,54,1999-06-13,26,"6' 3""",215,1,Pitcher,L,Left,L,Left,,,,,,,,,,,,,,,,,,,,,,,,,,
2026-05-21,822733,,/api/v1.1/game/822733/feed/live,R,2026,2026-05-21,,day,P,N,N,Regular Season,4,4,1,Final,Final,3309,Nationals Park,120,Washington Nationals,WSH,1,False,121,New York Mets,NYM,2,True,620443,Luis Torrens,Luis,Torrens,13,1996-05-02,30,"5' 11""",217,2,Catcher,R,Right,R,Right,1-4 | R,,4,1,0,0,0,0,1,0,0,0,0,0,4,1,,,,,,,,,,
2026-05-21,822733,,/api/v1.1/game/822733/feed/live,R,2026,2026-05-21,,day,P,N,N,Regular Season,4,4,1,Final,Final,3309,Nationals Park,120,Washington Nationals,WSH,1,False,121,New York Mets,NYM,2,True,666182,Bo Bichette,Bo,Bichette,19,1998-03-05,28,"5' 11""",190,5,Third Base,R,Right,R,Right,"1-4 | 2 K, 2 RBI",,4,1,0,0,0,2,0,2,0,0,0,0,4,1,,,,,,,,,,
2026-05-21,822733,,/api/v1.1/game/822733/feed/live,R,2026,2026-05-21,,day,P,N,N,Regular Season,4,4,1,Final,Final,3309,Nationals Park,120,Washington Nationals,WSH,1,False,121,New York Mets,NYM,2,True,621438,Tyrone Taylor,Tyrone,Taylor,28,1994-01-22,32,"6' 0""",218,8,Outfielder,R,Right,R,Right,,,,,,,,,,,,,,,,,,,,,,,,,,
2026-05-21,822733,,/api/v1.1/game/822733/feed/live,R,2026,2026-05-21,,day,P,N,N,Regular Season,4,4,1,Final,Final,3309,Nationals Park,120,Washington Nationals,WSH,1,False,121,New York Mets,NYM,2,True,668901,Mark Vientos,Mark,Vientos,27,1999-12-11,26,"6' 3""",185,3,First Base,R,Right,R,Right,0-4 | 2 K,,4,0,0,0,0,0,0,2,0,0,0,0,4,0,,,,,,,,,,
2026-05-21,822733,,/api/v1.1/game/822733/feed/live,R,2026,2026-05-21,,day,P,N,N,Regular Season,4,4,1,Final,Final,3309,Nationals Park,120,Washington Nationals,WSH,1,False,121,New York Mets,NYM,2,True,640455,Sean Manaea,Sean,Manaea,59,1992-02-01,34,"6' 5""",245,1,Pitcher,R,Right,L,Left,,,,,,,,,,,,,,,,,,,,,,,,,,
2026-05-21,822733,,/api/v1.1/game/822733/feed/live,R,2026,2026-05-21,,day,P,N,N,Regular Season,4,4,1,Final,Final,3309,Nationals Park,120,Washington Nationals,WSH,1,False,121,New York Mets,NYM,2,True,668964,Tobias Myers,Tobias,Myers,32,1998-08-05,27,"6' 1""",223,1,Pitcher,R,Right,R,Right,,,,,,,,,,,,,,,,,,,,,,,,,,
2026-05-21,822733,,/api/v1.1/game/822733/feed/live,R,2026,2026-05-21,,day,P,N,N,Regular Season,4,4,1,Final,Final,3309,Nationals Park,120,Washington Nationals,WSH,1,False,121,New York Mets,NYM,2,True,681810,Austin Warren,Austin,Warren,44,1996-02-05,30,"6' 0""",170,1,Pitcher,R,Right,R,Right,,,,,,,,,,,,,,,,,,,,,,,,,,
2026-05-21,822733,,/api/v1.1/game/822733/feed/live,R,2026,2026-05-21,,day,P,N,N,Regular Season,4,4,1,Final,Final,3309,Nationals Park,120,Washington Nationals,WSH,1,False,121,New York Mets,NYM,2,True,683146,Brett Baty,Brett,Baty,7,1999-11-13,26,"6' 3""",210,5,Third Base,L,Left,R,Right,2-4,,4,2,0,0,0,0,0,0,0,0,0,0,4,2,,,,,,,,,,
2026-05-21,822733,,/api/v1.1/game/822733/feed/live,R,2026,2026-05-21,,day,P,N,N,Regular Season,4,4,1,Final,Final,3309,Nationals Park,120,Washington Nationals,WSH,1,False,121,New York Mets,NYM,2,True,623211,Huascar Brazobán,Huascar,Brazobán,43,1989-10-15,36,"6' 3""",155,1,Pitcher,R,Right,R,Right,"1.0 IP, 0 ER, 0 K, 0 BB",,,,,,,,,,,,,,,,1.0,0,0,0,0,0,9,0,0,0
2026-05-21,822733,,/api/v1.1/game/822733/feed/live,R,2026,2026-05-21,,day,P,N,N,Regular Season,4,4,1,Final,Final,3309,Nationals Park,120,Washington Nationals,WSH,1,False,121,New York Mets,NYM,2,True,596133,Luke Weaver,Luke,Weaver,30,1993-08-21,32,"6' 2""",180,1,Pitcher,R,Right,R,Right,"1.0 IP, 0 ER, K, BB",,,,,,,,,,,,,,,,1.0,0,0,0,1,1,17,0,0,0
2026-05-21,822733,,/api/v1.1/game/822733/feed/live,R,2026,2026-05-21,,day,P,N,N,Regular Season,4,4,1,Final,Final,3309,Nationals Park,120,Washington Nationals,WSH,1,False,121,New York Mets,NYM,2,True,701807,Carson Benge,Carson,Benge,3,2003-01-20,23,"6' 1""",184,9,Outfielder,L,Left,R,Right,1-5 | 2 K,,5,1,0,0,0,0,0,2,0,0,0,0,5,1,,,,,,,,,,
2026-05-21,822733,,/api/v1.1/game/822733/feed/live,R,2026,2026-05-21,,day,P,N,N,Regular Season,4,4,1,Final,Final,3309,Nationals Park,120,Washington Nationals,WSH,1,False,121,New York Mets,NYM,2,True,642207,Devin Williams,Devin,Williams,38,1994-09-21,31,"6' 2""",193,1,Pitcher,R,Right,R,Right,"1.0 IP, 0 ER, K, 0 BB",,,,,,,,,,,,,,,,1.0,0,1,0,1,0,12,0,0,1
2026-05-21,822733,,/api/v1.1/game/822733/feed/live,R,2026,2026-05-21,,day,P,N,N,Regular Season,4,4,1,Final,Final,3309,Nationals Park,120,Washington Nationals,WSH,1,False,121,New York Mets,NYM,2,True,703492,Nick Morabito,Nicholas,Morabito,55,2003-05-07,23,"5' 10""",185,7,Outfielder,R,Right,R,Right,,,,,,,,,,,,,,,,,,,,,,,,,,
2026-05-21,822733,,/api/v1.1/game/822733/feed/live,R,2026,2026-05-21,,day,P,N,N,Regular Season,4,4,1,Final,Final,3309,Nationals Park,120,Washington Nationals,WSH,1,False,121,New York Mets,NYM,2,True,543760,Marcus Semien,Marcus,Semien,10,1990-09-17,35,"6' 0""",195,4,Second Base,R,Right,R,Right,1-4 | 2 K,,4,1,0,0,0,0,0,2,0,0,0,0,4,1,,,,,,,,,,
2026-05-21,822733,,/api/v1.1/game/822733/feed/live,R,2026,2026-05-21,,day,P,N,N,Regular Season,4,4,1,Final,Final,3309,Nationals Park,120,Washington Nationals,WSH,1,False,121,New York Mets,NYM,2,True,669004,MJ Melendez,Mervyl,Melendez,1,1998-11-29,27,"6' 0""",190,10,Designated Hitter,L,Left,R,Right,"0-2 | 2 HBP, K, R",,2,0,0,0,0,0,1,1,0,0,0,0,4,0,,,,,,,,,,
2026-05-21,822733,,/api/v1.1/game/822733/feed/live,R,2026,2026-05-21,,day,P,N,N,Regular Season,4,4,1,Final,Final,3309,Nationals Park,120,Washington Nationals,WSH,1,False,121,New York Mets,NYM,2,True,656849,David Peterson,David,Peterson,23,1995-09-03,30,"6' 6""",240,1,Pitcher,L,Left,L,Left,"5.0 IP, ER, 3 K, 3 BB",,,,,,,,,,,,,,,,5.0,1,4,0,3,3,82,1,0,0
2026-05-21,822733,,/api/v1.1/game/822733/feed/live,R,2026,2026-05-21,,day,P,N,N,Regular Season,4,4,1,Final,Final,3309,Nationals Park,120,Washington Nationals,WSH,1,False,121,New York Mets,NYM,2,True,642547,Freddy Peralta,Freddy,Peralta,51,1996-06-04,29,"6' 0""",198,1,Pitcher,R,Right,R,Right,,,,,,,,,,,,,,,,,,,,,,,,,,
2026-05-21,822733,,/api/v1.1/game/822733/feed/live,R,2026,2026-05-21,,day,P,N,N,Regular Season,4,4,1,Final,Final,3309,Nationals Park,120,Washington Nationals,WSH,1,False,121,New York Mets,NYM,2,True,663584,Hayden Senger,Hayden,Senger,6,1997-04-03,29,"6' 1""",210,2,Catcher,R,Right,R,Right,,,,,,,,,,,,,,,,,,,,,,,,,,
2026-05-21,822733,,/api/v1.1/game/822733/feed/live,R,2026,2026-05-21,,day,P,N,N,Regular Season,4,4,1,Final,Final,3309,Nationals Park,120,Washington Nationals,WSH,1,False,121,New York Mets,NYM,2,True,665742,Juan Soto,Juan,Soto,22,1998-10-25,27,"6' 1""",224,7,Outfielder,L,Left,L,Left,"0-3 | BB, K, SB",,3,0,0,0,0,0,0,1,1,1,0,0,4,0,,,,,,,,,,
2026-05-21,822733,,/api/v1.1/game/822733/feed/live,R,2026,2026-05-21,,day,P,N,N,Regular Season,4,4,1,Final,Final,3309,Nationals Park,120,Washington Nationals,WSH,1,False,121,New York Mets,NYM,2,True,518886,Craig Kimbrel,Craig,Kimbrel,46,1988-05-28,37,"6' 0""",215,1,Pitcher,R,Right,R,Right,,,,,,,,,,,,,,,,,,,,,,,,,,
2026-05-21,822733,,/api/v1.1/game/822733/feed/live,R,2026,2026-05-21,,day,P,N,N,Regular Season,4,4,1,Final,Final,3309,Nationals Park,120,Washington Nationals,WSH,1,False,121,New York Mets,NYM,2,True,681035,Christian Scott,Christian,Scott,45,1999-06-15,26,"6' 4""",215,1,Pitcher,R,Right,R,Right,,,,,,,,,,,,,,,,,,,,,,,,,,
2026-05-21,822733,,/api/v1.1/game/822733/feed/live,R,2026,2026-05-21,,day,P,N,N,Regular Season,4,4,1,Final,Final,3309,Nationals Park,120,Washington Nationals,WSH,1,False,121,New York Mets,NYM,2,True,660644,Vidal Bruján,Vidal,Bruján,2,1998-02-09,28,"5' 9""",180,6,Shortstop,S,Switch,R,Right,,,,,,,,,,,,,,,,,,,,,,,,,,
2026-05-21,822733,,/api/v1.1/game/822733/feed/live,R,2026,2026-05-21,,day,P,N,N,Regular Season,4,4,1,Final,Final,3309,Nationals Park,120,Washington Nationals,WSH,1,False,121,New York Mets,NYM,2,True,548384,Brooks Raley,Brooks,Raley,25,1988-06-29,37,"6' 3""",200,1,Pitcher,L,Left,L,Left,"1.0 IP, 0 ER, 2 K, 0 BB",,,,,,,,,,,,,,,,1.0,0,0,0,2,0,14,0,0,0
2026-05-21,822733,,/api/v1.1/game/822733/feed/live,R,2026,2026-05-21,,day,P,N,N,Regular Season,4,4,1,Final,Final,3309,Nationals Park,120,Washington Nationals,WSH,1,False,121,New York Mets,NYM,2,True,690997,Nolan McLean,Nolan,McLean,26,2001-07-24,24,"6' 2""",214,1,Pitcher,R,Right,R,Right,,,,,,,,,,,,,,,,,,,,,,,,,,
2026-05-21,822733,,/api/v1.1/game/822733/feed/live,R,2026,2026-05-21,,day,P,N,N,Regular Season,4,4,1,Final,Final,3309,Nationals Park,120,Washington Nationals,WSH,1,False,121,New York Mets,NYM,2,True,804267,Zach Thornton,Zachary,Thornton,49,2002-01-17,24,"6' 3""",170,1,Pitcher,L,Left,L,Left,,,,,,,,,,,,,,,,,,,,,,,,,,
2026-05-21,822733,,/api/v1.1/game/822733/feed/live,R,2026,2026-05-21,,day,P,N,N,Regular Season,4,4,1,Final,Final,3309,Nationals Park,120,Washington Nationals,WSH,1,False,121,New York Mets,NYM,2,True,805999,A.J. Ewing,Andrew,Ewing,9,2004-08-10,21,"5' 10""",160,8,Outfielder,L,Left,R,Right,"0-2 | BB, 2 K, CS",,2,0,0,0,0,0,0,2,1,0,1,0,4,0,,,,,,,,,,
2026-05-21,823864,,/api/v1.1/game/823864/feed/live,R,2026,2026-05-21,,night,P,N,N,Regular Season,4,4,1,Final,Final,4169,loanDepot park,146,Miami Marlins,MIA,3,False,144,Atlanta Braves,ATL,9,True,669199,Lake Bachar,Lake,Bachar,84,1995-06-03,30,"6' 2""",219,1,Pitcher,R,Right,R,Right,,,,,,,,,,,,,,,,,,,,,,,,,,
2026-05-21,823864,,/api/v1.1/game/823864/feed/live,R,2026,2026-05-21,,night,P,N,N,Regular Season,4,4,1,Final,Final,4169,loanDepot park,146,Miami Marlins,MIA,3,False,144,Atlanta Braves,ATL,9,True,666624,Christopher Morel,Christopher,Morel,5,1999-06-24,26,"6' 0""",200,3,First Base,R,Right,R,Right,"1-3 | BB, 2 K",,3,1,0,0,0,0,0,2,1,0,0,0,4,1,,,,,,,,,,
2026-05-21,823864,,/api/v1.1/game/823864/feed/live,R,2026,2026-05-21,,night,P,N,N,Regular Season,4,4,1,Final,Final,4169,loanDepot park,146,Miami Marlins,MIA,3,False,144,Atlanta Braves,ATL,9,True,681715,Heriberto Hernández,Heriberto,Hernandez,13,1999-12-16,26,"5' 11""",195,7,Outfielder,R,Right,R,Right,1-2 | K,,2,1,0,0,0,0,0,1,0,0,0,0,2,1,,,,,,,,,,
2026-05-21,823864,,/api/v1.1/game/823864/feed/live,R,2026,2026-05-21,,night,P,N,N,Regular Season,4,4,1,Final,Final,4169,loanDepot park,146,Miami Marlins,MIA,3,False,144,Atlanta Braves,ATL,9,True,664126,Pete Fairbanks,Peter,Fairbanks,29,1993-12-16,32,"6' 6""",235,1,Pitcher,R,Right,R,Right,0-0,,0,0,0,0,0,0,0,0,0,0,0,0,0,0,1.0,1,1,1,2,0,20,0,0,0
2026-05-21,823864,,/api/v1.1/game/823864/feed/live,R,2026,2026-05-21,,night,P,N,N,Regular Season,4,4,1,Final,Final,4169,loanDepot park,146,Miami Marlins,MIA,3,False,144,Atlanta Braves,ATL,9,True,645261,Sandy Alcantara,Sandy,Alcantara,22,1995-09-07,30,"6' 5""",200,1,Pitcher,R,Right,R,Right,"6.0 IP, 6 ER, 3 K, 0 BB",,,,,,,,,,,,,,,,6.0,6,9,2,3,0,94,0,1,0
2026-05-21,823864,,/api/v1.1/game/823864/feed/live,R,2026,2026-05-21,,night,P,N,N,Regular Season,4,4,1,Final,Final,4169,loanDepot park,146,Miami Marlins,MIA,3,False,144,Atlanta Braves,ATL,9,True,663969,Tyler Phillips,Tyler,Phillips,30,1997-10-27,28,"6' 5""",225,1,Pitcher,R,Right,R,Right,,,,,,,,,,,,,,,,,,,,,,,,,,
2026-05-21,823864,,/api/v1.1/game/823864/feed/live,R,2026,2026-05-21,,night,P,N,N,Regular Season,4,4,1,Final,Final,4169,loanDepot park,146,Miami Marlins,MIA,3,False,144,Atlanta Braves,ATL,9,True,665923,Esteury Ruiz,Esteury,Ruiz,3,1999-02-15,27,"5' 11""",169,9,Outfielder,R,Right,R,Right,0-1 | K,,1,0,0,0,0,0,0,1,0,0,0,0,1,0,,,,,,,,,,
2026-05-21,823864,,/api/v1.1/game/823864/feed/live,R,2026,2026-05-21,,night,P,N,N,Regular Season,4,4,1,Final,Final,4169,loanDepot park,146,Miami Marlins,MIA,3,False,144,Atlanta Braves,ATL,9,True,805300,Jakob Marsee,Jakob,Marsee,87,2001-06-28,24,"6' 0""",180,8,Outfielder,L,Left,L,Left,0-4 | K,,4,0,0,0,0,0,0,1,0,0,0,0,4,0,,,,,,,,,,
2026-05-21,823864,,/api/v1.1/game/823864/feed/live,R,2026,2026-05-21,,night,P,N,N,Regular Season,4,4,1,Final,Final,4169,loanDepot park,146,Miami Marlins,MIA,3,False,144,Atlanta Braves,ATL,9,True,676534,Calvin Faucher,Calvin,Faucher,53,1995-09-22,30,"6' 1""",190,1,Pitcher,R,Right,R,Right,,,,,,,,,,,,,,,,,,,,,,,,,,
2026-05-21,823864,,/api/v1.1/game/823864/feed/live,R,2026,2026-05-21,,night,P,N,N,Regular Season,4,4,1,Final,Final,4169,loanDepot park,146,Miami Marlins,MIA,3,False,144,Atlanta Braves,ATL,9,True,676974,Max Meyer,Max,Meyer,23,1999-03-12,27,"6' 0""",196,1,Pitcher,L,Left,R,Right,,,,,,,,,,,,,,,,,,,,,,,,,,
2026-05-21,823864,,/api/v1.1/game/823864/feed/live,R,2026,2026-05-21,,night,P,N,N,Regular Season,4,4,1,Final,Final,4169,loanDepot park,146,Miami Marlins,MIA,3,False,144,Atlanta Braves,ATL,9,True,691594,Javier Sanoja,Javier,Sanoja,8,2002-09-03,23,"5' 7""",150,5,Third Base,R,Right,R,Right,0-3 | K,,3,0,0,0,0,0,0,1,0,0,0,0,3,0,,,,,,,,,,
2026-05-21,823864,,/api/v1.1/game/823864/feed/live,R,2026,2026-05-21,,night,P,N,N,Regular Season,4,4,1,Final,Final,4169,loanDepot park,146,Miami Marlins,MIA,3,False,144,Atlanta Braves,ATL,9,True,667463,John King,John,King,47,1994-09-14,31,"6' 2""",215,1,Pitcher,L,Left,L,Left,,,,,,,,,,,,,,,,,,,,,,,,,,
2026-05-21,823864,,/api/v1.1/game/823864/feed/live,R,2026,2026-05-21,,night,P,N,N,Regular Season,4,4,1,Final,Final,4169,loanDepot park,146,Miami Marlins,MIA,3,False,144,Atlanta Braves,ATL,9,True,806188,Cade Gibson,Cade,Gibson,58,1998-02-18,28,"6' 2""",195,1,Pitcher,L,Left,L,Left,0-0,,0,0,0,0,0,0,0,0,0,0,0,0,0,0,2.0,2,3,0,4,1,50,0,0,0
2026-05-21,823864,,/api/v1.1/game/823864/feed/live,R,2026,2026-05-21,,night,P,N,N,Regular Season,4,4,1,Final,Final,4169,loanDepot park,146,Miami Marlins,MIA,3,False,144,Atlanta Braves,ATL,9,True,669364,Xavier Edwards,Xavier,Edwards,9,1999-08-09,26,"5' 9""",175,4,Second Base,S,Switch,R,Right,1-4 | K,,4,1,0,0,0,0,0,1,0,0,0,0,4,1,,,,,,,,,,
2026-05-21,823864,,/api/v1.1/game/823864/feed/live,R,2026,2026-05-21,,night,P,N,N,Regular Season,4,4,1,Final,Final,4169,loanDepot park,146,Miami Marlins,MIA,3,False,144,Atlanta Braves,ATL,9,True,669065,Kyle Stowers,Kyle,Stowers,28,1998-01-02,28,"6' 2""",215,7,Outfielder,L,Left,L,Left,"2-4 | 2 HR, 2 K, 2 RBI",,4,2,0,0,2,2,2,2,0,0,0,0,4,8,,,,,,,,,,
2026-05-21,823864,,/api/v1.1/game/823864/feed/live,R,2026,2026-05-21,,night,P,N,N,Regular Season,4,4,1,Final,Final,4169,loanDepot park,146,Miami Marlins,MIA,3,False,144,Atlanta Braves,ATL,9,True,688363,Graham Pauley,Graham,Pauley,21,2000-09-24,25,"6' 1""",200,5,Third Base,L,Left,R,Right,,,,,,,,,,,,,,,,,,,,,,,,,,
2026-05-21,823864,,/api/v1.1/game/823864/feed/live,R,2026,2026-05-21,,night,P,N,N,Regular Season,4,4,1,Final,Final,4169,loanDepot park,146,Miami Marlins,MIA,3,False,144,Atlanta Braves,ATL,9,True,656848,Michael Petersen,Michael,Petersen,49,1994-05-16,32,"6' 7""",195,1,Pitcher,R,Right,R,Right,,,,,,,,,,,,,,,,,,,,,,,,,,
2026-05-21,823864,,/api/v1.1/game/823864/feed/live,R,2026,2026-05-21,,night,P,N,N,Regular Season,4,4,1,Final,Final,4169,loanDepot park,146,Miami Marlins,MIA,3,False,144,Atlanta Braves,ATL,9,True,689414,Liam Hicks,Liam,Hicks,34,1999-06-02,26,"5' 9""",185,2,Catcher,L,Left,R,Right,0-4 | K,,4,0,0,0,0,0,0,1,0,0,0,0,4,0,,,,,,,,,,
2026-05-21,823864,,/api/v1.1/game/823864/feed/live,R,2026,2026-05-21,,night,P,N,N,Regular Season,4,4,1,Final,Final,4169,loanDepot park,146,Miami Marlins,MIA,3,False,144,Atlanta Braves,ATL,9,True,669622,Anthony Bender,Anthony,Bender,37,1995-02-03,31,"6' 4""",205,1,Pitcher,R,Right,R,Right,,,,,,,,,,,,,,,,,,,,,,,,,,
2026-05-21,823864,,/api/v1.1/game/823864/feed/live,R,2026,2026-05-21,,night,P,N,N,Regular Season,4,4,1,Final,Final,4169,loanDepot park,146,Miami Marlins,MIA,3,False,144,Atlanta Braves,ATL,9,True,683357,Owen Caissie,Owen,Caissie,17,2002-07-08,23,"6' 4""",190,9,Outfielder,L,Left,R,Right,"1-2 | HR, K, RBI",,2,1,0,0,1,1,1,1,0,0,0,0,2,4,,,,,,,,,,
2026-05-21,823864,,/api/v1.1/game/823864/feed/live,R,2026,2026-05-21,,night,P,N,N,Regular Season,4,4,1,Final,Final,4169,loanDepot park,146,Miami Marlins,MIA,3,False,144,Atlanta Braves,ATL,9,True,676083,Janson Junk,Janson,Junk,26,1996-01-15,30,"6' 2""",197,1,Pitcher,R,Right,R,Right,,,,,,,,,,,,,,,,,,,,,,,,,,
2026-05-21,823864,,/api/v1.1/game/823864/feed/live,R,2026,2026-05-21,,night,P,N,N,Regular Season,4,4,1,Final,Final,4169,loanDepot park,146,Miami Marlins,MIA,3,False,144,Atlanta Braves,ATL,9,True,681393,Connor Norby,Connor,Norby,1,2000-06-08,25,"5' 10""",180,3,First Base,R,Right,R,Right,,,,,,,,,,,,,,,,,,,,,,,,,,
2026-05-21,823864,,/api/v1.1/game/823864/feed/live,R,2026,2026-05-21,,night,P,N,N,Regular Season,4,4,1,Final,Final,4169,loanDepot park,146,Miami Marlins,MIA,3,False,144,Atlanta Braves,ATL,9,True,677053,Andrew Nardi,Andrew,Nardi,43,1998-08-18,27,"6' 3""",215,1,Pitcher,L,Left,L,Left,,,,,,,,,,,,,,,,,,,,,,,,,,
2026-05-21,823864,,/api/v1.1/game/823864/feed/live,R,2026,2026-05-21,,night,P,N,N,Regular Season,4,4,1,Final,Final,4169,loanDepot park,146,Miami Marlins,MIA,3,False,144,Atlanta Braves,ATL,9,True,691788,Joe Mack,Joseph,Mack,80,2002-12-27,23,"6' 0""",210,2,Catcher,L,Left,R,Right,0-1 | BB,,1,0,0,0,0,0,0,0,1,0,0,0,2,0,,,,,,,,,,
2026-05-21,823864,,/api/v1.1/game/823864/feed/live,R,2026,2026-05-21,,night,P,N,N,Regular Season,4,4,1,Final,Final,4169,loanDepot park,146,Miami Marlins,MIA,3,False,144,Atlanta Braves,ATL,9,True,691587,Eury Pérez,Eury,Pérez,39,2003-04-15,23,"6' 8""",220,1,Pitcher,R,Right,R,Right,,,,,,,,,,,,,,,,,,,,,,,,,,
2026-05-21,823864,,/api/v1.1/game/823864/feed/live,R,2026,2026-05-21,,night,P,N,N,Regular Season,4,4,1,Final,Final,4169,loanDepot park,146,Miami Marlins,MIA,3,False,144,Atlanta Braves,ATL,9,True,672640,Otto Lopez,Otto,Lopez,6,1998-10-01,27,"5' 10""",185,6,Shortstop,R,Right,R,Right,0-4 | 2 K,,4,0,0,0,0,0,0,2,0,0,0,1,4,0,,,,,,,,,,
2026-05-21,823864,,/api/v1.1/game/823864/feed/live,R,2026,2026-05-21,,night,P,N,N,Regular Season,4,4,1,Final,Final,4169,loanDepot park,146,Miami Marlins,MIA,3,False,144,Atlanta Braves,ATL,9,True,644433,Chadwick Tromp,Chadwick,Tromp,39,1995-03-21,31,"5' 8""",221,2,Catcher,R,Right,R,Right,1-3 | K,,3,1,0,0,0,0,0,1,0,0,0,0,4,1,,,,,,,,,,
2026-05-21,823864,,/api/v1.1/game/823864/feed/live,R,2026,2026-05-21,,night,P,N,N,Regular Season,4,4,1,Final,Final,4169,loanDepot park,146,Miami Marlins,MIA,3,False,144,Atlanta Braves,ATL,9,True,675911,Spencer Strider,Spencer,Strider,99,1998-10-28,27,"6' 0""",195,1,Pitcher,R,Right,R,Right,"6.1 IP, 3 ER, 9 K, 2 BB",,,,,,,,,,,,,,,,6.1,3,4,3,9,2,100,1,0,0
2026-05-21,823864,,/api/v1.1/game/823864/feed/live,R,2026,2026-05-21,,night,P,N,N,Regular Season,4,4,1,Final,Final,4169,loanDepot park,146,Miami Marlins,MIA,3,False,144,Atlanta Braves,ATL,9,True,689266,Dylan Dodd,Dylan,Dodd,46,1998-06-06,27,"6' 2""",210,1,Pitcher,L,Left,L,Left,"1.0 IP, 0 ER, 2 K, 0 BB",,,,,,,,,,,,,,,,1.0,0,1,0,2,0,13,0,0,0
2026-05-21,823864,,/api/v1.1/game/823864/feed/live,R,2026,2026-05-21,,night,P,N,N,Regular Season,4,4,1,Final,Final,4169,loanDepot park,146,Miami Marlins,MIA,3,False,144,Atlanta Braves,ATL,9,True,669276,Dylan Lee,Dylan,Lee,52,1994-08-01,31,"6' 3""",214,1,Pitcher,L,Left,L,Left,"0.2 IP, 0 ER, K, 0 BB",,,,,,,,,,,,,,,,0.2,0,1,0,1,0,7,0,0,0
2026-05-21,823864,,/api/v1.1/game/823864/feed/live,R,2026,2026-05-21,,night,P,N,N,Regular Season,4,4,1,Final,Final,4169,loanDepot park,146,Miami Marlins,MIA,3,False,144,Atlanta Braves,ATL,9,True,663158,Robert Suarez,Robert,Suarez,75,1991-03-01,35,"6' 2""",210,1,Pitcher,R,Right,R,Right,"1.0 IP, 0 ER, K, 0 BB",,,,,,,,,,,,,,,,1.0,0,0,0,1,0,11,0,0,0
2026-05-21,823864,,/api/v1.1/game/823864/feed/live,R,2026,2026-05-21,,night,P,N,N,Regular Season,4,4,1,Final,Final,4169,loanDepot park,146,Miami Marlins,MIA,3,False,144,Atlanta Braves,ATL,9,True,671739,Michael Harris II,Michael,Harris,23,2001-03-07,25,"5' 11""",195,8,Outfielder,L,Left,L,Left,"2-5 | 2 HR, K, 3 RBI",,5,2,0,0,2,3,2,1,0,0,0,0,5,8,,,,,,,,,,
2026-05-21,823864,,/api/v1.1/game/823864/feed/live,R,2026,2026-05-21,,night,P,N,N,Regular Season,4,4,1,Final,Final,4169,loanDepot park,146,Miami Marlins,MIA,3,False,144,Atlanta Braves,ATL,9,True,622761,Jorge Mateo,Jorge,Mateo,2,1995-06-23,30,"6' 0""",200,6,Shortstop,R,Right,R,Right,,,,,,,,,,,,,,,,,,,,,,,,,,
2026-05-21,823864,,/api/v1.1/game/823864/feed/live,R,2026,2026-05-21,,night,P,N,N,Regular Season,4,4,1,Final,Final,4169,loanDepot park,146,Miami Marlins,MIA,3,False,144,Atlanta Braves,ATL,9,True,643289,Mauricio Dubón,Mauricio,Dubón,14,1994-07-19,31,"5' 11""",173,6,Shortstop,R,Right,R,Right,1-1 | 2 RBI,,1,1,0,0,0,2,0,0,0,0,0,0,1,1,,,,,,,,,,
2026-05-21,823864,,/api/v1.1/game/823864/feed/live,R,2026,2026-05-21,,night,P,N,N,Regular Season,4,4,1,Final,Final,4169,loanDepot park,146,Miami Marlins,MIA,3,False,144,Atlanta Braves,ATL,9,True,471911,Carlos Carrasco,Carlos,Carrasco,59,1987-03-21,39,"6' 4""",224,1,Pitcher,R,Right,R,Right,,,,,,,,,,,,,,,,,,,,,,,,,,
2026-05-21,823864,,/api/v1.1/game/823864/feed/live,R,2026,2026-05-21,,night,P,N,N,Regular Season,4,4,1,Final,Final,4169,loanDepot park,146,Miami Marlins,MIA,3,False,144,Atlanta Braves,ATL,9,True,800311,Didier Fuentes,Didier,Fuentes,72,2005-06-17,20,"6' 0""",170,1,Pitcher,R,Right,R,Right,,,,,,,,,,,,,,,,,,,,,,,,,,
2026-05-21,823864,,/api/v1.1/game/823864/feed/live,R,2026,2026-05-21,,night,P,N,N,Regular Season,4,4,1,Final,Final,4169,loanDepot park,146,Miami Marlins,MIA,3,False,144,Atlanta Braves,ATL,9,True,519242,Chris Sale,Christopher,Sale,51,1989-03-30,37,"6' 6""",180,1,Pitcher,L,Left,L,Left,,,,,,,,,,,,,,,,,,,,,,,,,,
2026-05-21,823864,,/api/v1.1/game/823864/feed/live,R,2026,2026-05-21,,night,P,N,N,Regular Season,4,4,1,Final,Final,4169,loanDepot park,146,Miami Marlins,MIA,3,False,144,Atlanta Braves,ATL,9,True,621566,Matt Olson,Matthew,Olson,28,1994-03-29,32,"6' 4""",225,3,First Base,L,Left,R,Right,0-5 | K,,5,0,0,0,0,0,0,1,0,0,0,0,5,0,,,,,,,,,,
2026-05-21,823864,,/api/v1.1/game/823864/feed/live,R,2026,2026-05-21,,night,P,N,N,Regular Season,4,4,1,Final,Final,4169,loanDepot park,146,Miami Marlins,MIA,3,False,144,Atlanta Braves,ATL,9,True,642086,Dominic Smith,Dominic,Smith,8,1995-06-15,30,"5' 11""",224,10,Designated Hitter,L,Left,L,Left,"2-4 | 2B, 2 R",,4,2,1,0,0,0,2,0,0,0,0,1,4,3,,,,,,,,,,
2026-05-21,823864,,/api/v1.1/game/823864/feed/live,R,2026,2026-05-21,,night,P,N,N,Regular Season,4,4,1,Final,Final,4169,loanDepot park,146,Miami Marlins,MIA,3,False,144,Atlanta Braves,ATL,9,True,660670,Ronald Acuña Jr.,Ronald,Acuña,13,1997-12-18,28,"6' 0""",205,9,Outfielder,R,Right,R,Right,"2-3 | 2 RBI, R",,3,2,0,0,0,2,1,0,0,0,0,0,3,2,,,,,,,,,,
2026-05-21,823864,,/api/v1.1/game/823864/feed/live,R,2026,2026-05-21,,night,P,N,N,Regular Season,4,4,1,Final,Final,4169,loanDepot park,146,Miami Marlins,MIA,3,False,144,Atlanta Braves,ATL,9,True,641755,Tyler Kinley,Tyler,Kinley,45,1991-01-31,35,"6' 4""",220,1,Pitcher,R,Right,R,Right,,,,,,,,,,,,,,,,,,,,,,,,,,
2026-05-21,823864,,/api/v1.1/game/823864/feed/live,R,2026,2026-05-21,,night,P,N,N,Regular Season,4,4,1,Final,Final,4169,loanDepot park,146,Miami Marlins,MIA,3,False,144,Atlanta Braves,ATL,9,True,625643,Reynaldo López,Reynaldo,López,40,1994-01-04,32,"6' 1""",225,1,Pitcher,R,Right,R,Right,,,,,,,,,,,,,,,,,,,,,,,,,,
2026-05-21,823864,,/api/v1.1/game/823864/feed/live,R,2026,2026-05-21,,night,P,N,N,Regular Season,4,4,1,Final,Final,4169,loanDepot park,146,Miami Marlins,MIA,3,False,144,Atlanta Braves,ATL,9,True,642201,Eli White,Elijah,White,36,1994-06-26,31,"6' 2""",195,8,Outfielder,R,Right,R,Right,"0-1 | HBP, K",,1,0,0,0,0,0,0,1,0,0,0,0,2,0,,,,,,,,,,
2026-05-21,823864,,/api/v1.1/game/823864/feed/live,R,2026,2026-05-21,,night,P,N,N,Regular Season,4,4,1,Final,Final,4169,loanDepot park,146,Miami Marlins,MIA,3,False,144,Atlanta Braves,ATL,9,True,645277,Ozzie Albies,Ozhaino,Albies,1,1997-01-07,29,"5' 7""",165,4,Second Base,S,Switch,R,Right,"1-4 | HBP, K, R",,4,1,0,0,0,0,1,1,0,0,0,0,5,1,,,,,,,,,,
2026-05-21,823864,,/api/v1.1/game/823864/feed/live,R,2026,2026-05-21,,night,P,N,N,Regular Season,4,4,1,Final,Final,4169,loanDepot park,146,Miami Marlins,MIA,3,False,144,Atlanta Braves,ATL,9,True,628452,Raisel Iglesias,Raisel,Iglesias,26,1990-01-04,36,"6' 2""",190,1,Pitcher,R,Right,R,Right,,,,,,,,,,,,,,,,,,,,,,,,,,
2026-05-21,823864,,/api/v1.1/game/823864/feed/live,R,2026,2026-05-21,,night,P,N,N,Regular Season,4,4,1,Final,Final,4169,loanDepot park,146,Miami Marlins,MIA,3,False,144,Atlanta Braves,ATL,9,True,663586,Austin Riley,Michael,Riley,27,1997-04-02,29,"6' 1""",225,5,Third Base,R,Right,R,Right,0-4 | 3 K,,4,0,0,0,0,0,0,3,0,0,0,0,4,0,,,,,,,,,,
2026-05-21,823864,,/api/v1.1/game/823864/feed/live,R,2026,2026-05-21,,night,P,N,N,Regular Season,4,4,1,Final,Final,4169,loanDepot park,146,Miami Marlins,MIA,3,False,144,Atlanta Braves,ATL,9,True,656550,Grant Holmes,Harrison,Holmes,66,1996-03-22,30,"6' 0""",226,1,Pitcher,L,Left,R,Right,,,,,,,,,,,,,,,,,,,,,,,,,,
2026-05-21,823864,,/api/v1.1/game/823864/feed/live,R,2026,2026-05-21,,night,P,N,N,Regular Season,4,4,1,Final,Final,4169,loanDepot park,146,Miami Marlins,MIA,3,False,144,Atlanta Braves,ATL,9,True,573262,Mike Yastrzemski,Michael,Yastrzemski,18,1990-08-23,35,"5' 10""",180,7,Outfielder,L,Left,L,Left,"3-3 | HR, 2B, 2 RBI",,3,3,1,0,1,2,2,0,0,0,0,0,3,7,,,,,,,,,,
2026-05-21,823864,,/api/v1.1/game/823864/feed/live,R,2026,2026-05-21,,night,P,N,N,Regular Season,4,4,1,Final,Final,4169,loanDepot park,146,Miami Marlins,MIA,3,False,144,Atlanta Braves,ATL,9,True,506702,Sandy León,Sandy,León,9,1989-03-13,37,"5' 9""",235,2,Catcher,S,Switch,R,Right,,,,,,,,,,,,,,,,,,,,,,,,,,
2026-05-21,823864,,/api/v1.1/game/823864/feed/live,R,2026,2026-05-21,,night,P,N,N,Regular Season,4,4,1,Final,Final,4169,loanDepot park,146,Miami Marlins,MIA,3,False,144,Atlanta Braves,ATL,9,True,673490,Ha-Seong Kim,Ha-Seong,Kim,7,1995-10-17,30,"5' 10""",200,6,Shortstop,R,Right,R,Right,"1-3 | BB, K, R",,3,1,0,0,0,0,1,1,1,1,0,0,4,1,,,,,,,,,,
2026-05-21,823864,,/api/v1.1/game/823864/feed/live,R,2026,2026-05-21,,night,P,N,N,Regular Season,4,4,1,Final,Final,4169,loanDepot park,146,Miami Marlins,MIA,3,False,144,Atlanta Braves,ATL,9,True,693821,Bryce Elder,Bryce,Elder,55,1999-05-19,27,"6' 2""",220,1,Pitcher,R,Right,R,Right,,,,,,,,,,,,,,,,,,,,,,,,,,
2026-05-21,823864,,/api/v1.1/game/823864/feed/live,R,2026,2026-05-21,,night,P,N,N,Regular Season,4,4,1,Final,Final,4169,loanDepot park,146,Miami Marlins,MIA,3,False,144,Atlanta Braves,ATL,9,True,527048,Martín Pérez,Martín,Pérez,33,1991-04-04,35,"6' 0""",210,1,Pitcher,L,Left,L,Left,,,,,,,,,,,,,,,,,,,,,,,,,,
2026-05-21,823545,,/api/v1.1/game/823545/feed/live,R,2026,2026-05-21,,night,P,N,N,Regular Season,4,4,1,Final,Final,3313,Yankee Stadium,147,New York Yankees,NYY,0,False,141,Toronto Blue Jays,TOR,2,True,621112,Paul Blackburn,Paul,Blackburn,58,1993-12-04,32,"6' 1""",196,1,Pitcher,R,Right,R,Right,"2.0 IP, 0 ER, 2 K, 0 BB",,,,,,,,,,,,,,,,2.0,0,2,0,2,0,22,0,0,0
2026-05-21,823545,,/api/v1.1/game/823545/feed/live,R,2026,2026-05-21,,night,P,N,N,Regular Season,4,4,1,Final,Final,3313,Yankee Stadium,147,New York Yankees,NYY,0,False,141,Toronto Blue Jays,TOR,2,True,607074,Carlos Rodón,Carlos,Rodón,55,1992-12-10,33,"6' 2""",255,1,Pitcher,L,Left,L,Left,"5.0 IP, ER, 7 K, 3 BB",,,,,,,,,,,,,,,,5.0,1,3,0,7,3,95,0,1,0
2026-05-21,823545,,/api/v1.1/game/823545/feed/live,R,2026,2026-05-21,,night,P,N,N,Regular Season,4,4,1,Final,Final,3313,Yankee Stadium,147,New York Yankees,NYY,0,False,141,Toronto Blue Jays,TOR,2,True,682987,Spencer Jones,Spencer,Jones,78,2001-05-14,25,"6' 7""",240,9,Outfielder,L,Left,L,Left,"1-3 | K, SB",,3,1,0,0,0,0,0,1,0,1,0,0,3,1,,,,,,,,,,
2026-05-21,823545,,/api/v1.1/game/823545/feed/live,R,2026,2026-05-21,,night,P,N,N,Regular Season,4,4,1,Final,Final,3313,Yankee Stadium,147,New York Yankees,NYY,0,False,141,Toronto Blue Jays,TOR,2,True,642232,Ryan Yarbrough,Ryan,Yarbrough,33,1991-12-31,34,"6' 5""",205,1,Pitcher,R,Right,L,Left,,,,,,,,,,,,,,,,,,,,,,,,,,
2026-05-21,823545,,/api/v1.1/game/823545/feed/live,R,2026,2026-05-21,,night,P,N,N,Regular Season,4,4,1,Final,Final,3313,Yankee Stadium,147,New York Yankees,NYY,0,False,141,Toronto Blue Jays,TOR,2,True,680474,Max Schuemann,Maxwell,Schuemann,30,1997-06-11,28,"6' 0""",198,6,Shortstop,R,Right,R,Right,,,,,,,,,,,,,,,,,,,,,,,,,,
2026-05-21,823545,,/api/v1.1/game/823545/feed/live,R,2026,2026-05-21,,night,P,N,N,Regular Season,4,4,1,Final,Final,3313,Yankee Stadium,147,New York Yankees,NYY,0,False,141,Toronto Blue Jays,TOR,2,True,642708,Amed Rosario,German,Rosario,14,1995-11-20,30,"6' 1""",227,5,Third Base,R,Right,R,Right,,,,,,,,,,,,,,,,,,,,,,,,,,
2026-05-21,823545,,/api/v1.1/game/823545/feed/live,R,2026,2026-05-21,,night,P,N,N,Regular Season,4,4,1,Final,Final,3313,Yankee Stadium,147,New York Yankees,NYY,0,False,141,Toronto Blue Jays,TOR,2,True,592450,Aaron Judge,Aaron,Judge,99,1992-04-26,34,"6' 7""",282,9,Outfielder,R,Right,R,Right,0-4 | K,,4,0,0,0,0,0,0,1,0,0,0,1,4,0,,,,,,,,,,
2026-05-21,823545,,/api/v1.1/game/823545/feed/live,R,2026,2026-05-21,,night,P,N,N,Regular Season,4,4,1,Final,Final,3313,Yankee Stadium,147,New York Yankees,NYY,0,False,141,Toronto Blue Jays,TOR,2,True,641857,Ryan McMahon,Ryan,McMahon,19,1994-12-14,31,"6' 2""",211,5,Third Base,L,Left,R,Right,"1-3 | 2B, K",,3,1,1,0,0,0,0,1,0,0,0,0,3,2,,,,,,,,,,
2026-05-21,823545,,/api/v1.1/game/823545/feed/live,R,2026,2026-05-21,,night,P,N,N,Regular Season,4,4,1,Final,Final,3313,Yankee Stadium,147,New York Yankees,NYY,0,False,141,Toronto Blue Jays,TOR,2,True,677960,Ryan Weathers,Ryan,Weathers,40,1999-12-17,26,"6' 1""",230,1,Pitcher,R,Right,L,Left,,,,,,,,,,,,,,,,,,,,,,,,,,
2026-05-21,823545,,/api/v1.1/game/823545/feed/live,R,2026,2026-05-21,,night,P,N,N,Regular Season,4,4,1,Final,Final,3313,Yankee Stadium,147,New York Yankees,NYY,0,False,141,Toronto Blue Jays,TOR,2,True,657612,Tim Hill,Timothy,Hill,41,1990-02-10,36,"6' 4""",210,1,Pitcher,R,Right,L,Left,,,,,,,,,,,,,,,,,,,,,,,,,,
2026-05-21,823545,,/api/v1.1/game/823545/feed/live,R,2026,2026-05-21,,night,P,N,N,Regular Season,4,4,1,Final,Final,3313,Yankee Stadium,147,New York Yankees,NYY,0,False,141,Toronto Blue Jays,TOR,2,True,502671,Paul Goldschmidt,Paul,Goldschmidt,48,1987-09-10,38,"6' 2""",225,3,First Base,R,Right,R,Right,0-4 | 2 K,,4,0,0,0,0,0,0,2,0,0,0,0,4,0,,,,,,,,,,
2026-05-21,823545,,/api/v1.1/game/823545/feed/live,R,2026,2026-05-21,,night,P,N,N,Regular Season,4,4,1,Final,Final,3313,Yankee Stadium,147,New York Yankees,NYY,0,False,141,Toronto Blue Jays,TOR,2,True,669224,Austin Wells,Austin,Wells,28,1999-07-12,26,"6' 1""",220,2,Catcher,L,Left,R,Right,,,,,,,,,,,,,,,,,,,,,,,,,,
2026-05-21,823545,,/api/v1.1/game/823545/feed/live,R,2026,2026-05-21,,night,P,N,N,Regular Season,4,4,1,Final,Final,3313,Yankee Stadium,147,New York Yankees,NYY,0,False,141,Toronto Blue Jays,TOR,2,True,700250,Ben Rice,Benjamin,Rice,22,1999-02-22,27,"6' 2""",228,3,First Base,L,Left,R,Right,1-4 | 2 K,,4,1,0,0,0,0,0,2,0,0,0,0,4,1,,,,,,,,,,
2026-05-21,823545,,/api/v1.1/game/823545/feed/live,R,2026,2026-05-21,,night,P,N,N,Regular Season,4,4,1,Final,Final,3313,Yankee Stadium,147,New York Yankees,NYY,0,False,141,Toronto Blue Jays,TOR,2,True,687396,Brent Headrick,Brent,Headrick,47,1997-12-17,28,"6' 6""",235,1,Pitcher,L,Left,L,Left,"1.0 IP, 0 ER, K, 0 BB",,,,,,,,,,,,,,,,1.0,0,0,0,1,0,12,0,0,0
2026-05-21,823545,,/api/v1.1/game/823545/feed/live,R,2026,2026-05-21,,night,P,N,N,Regular Season,4,4,1,Final,Final,3313,Yankee Stadium,147,New York Yankees,NYY,0,False,141,Toronto Blue Jays,TOR,2,True,701542,Will Warren,William,Warren,29,1999-06-16,26,"6' 2""",200,1,Pitcher,R,Right,R,Right,,,,,,,,,,,,,,,,,,,,,,,,,,
2026-05-21,823545,,/api/v1.1/game/823545/feed/live,R,2026,2026-05-21,,night,P,N,N,Regular Season,4,4,1,Final,Final,3313,Yankee Stadium,147,New York Yankees,NYY,0,False,141,Toronto Blue Jays,TOR,2,True,683011,Anthony Volpe,Anthony,Volpe,11,2001-04-28,25,"5' 10""",197,6,Shortstop,R,Right,R,Right,0-3 | 2 K,,3,0,0,0,0,0,0,2,0,0,0,0,3,0,,,,,,,,,,
2026-05-21,823545,,/api/v1.1/game/823545/feed/live,R,2026,2026-05-21,,night,P,N,N,Regular Season,4,4,1,Final,Final,3313,Yankee Stadium,147,New York Yankees,NYY,0,False,141,Toronto Blue Jays,TOR,2,True,641555,J.C. Escarra,Juan,Escarra,25,1995-04-24,31,"6' 2""",220,2,Catcher,L,Left,R,Right,"0-2 | BB, K",,2,0,0,0,0,0,0,1,1,0,0,0,3,0,,,,,,,,,,
2026-05-21,823545,,/api/v1.1/game/823545/feed/live,R,2026,2026-05-21,,night,P,N,N,Regular Season,4,4,1,Final,Final,3313,Yankee Stadium,147,New York Yankees,NYY,0,False,141,Toronto Blue Jays,TOR,2,True,518585,Fernando Cruz,Fernando,Cruz,63,1990-03-28,36,"6' 2""",237,1,Pitcher,R,Right,R,Right,,,,,,,,,,,,,,,,,,,,,,,,,,
2026-05-21,823545,,/api/v1.1/game/823545/feed/live,R,2026,2026-05-21,,night,P,N,N,Regular Season,4,4,1,Final,Final,3313,Yankee Stadium,147,New York Yankees,NYY,0,False,141,Toronto Blue Jays,TOR,2,True,641355,Cody Bellinger,Cody,Bellinger,35,1995-07-13,30,"6' 3""",204,7,Outfielder,L,Left,L,Left,0-2 | 2 BB,,2,0,0,0,0,0,0,0,2,0,0,0,4,0,,,,,,,,,,
2026-05-21,823545,,/api/v1.1/game/823545/feed/live,R,2026,2026-05-21,,night,P,N,N,Regular Season,4,4,1,Final,Final,3313,Yankee Stadium,147,New York Yankees,NYY,0,False,141,Toronto Blue Jays,TOR,2,True,665862,Jazz Chisholm Jr.,Jasrado,Chisholm,13,1998-02-01,28,"5' 11""",184,4,Second Base,L,Left,R,Right,0-4 | 4 K,,4,0,0,0,0,0,0,4,0,0,0,0,4,0,,,,,,,,,,
2026-05-21,823545,,/api/v1.1/game/823545/feed/live,R,2026,2026-05-21,,night,P,N,N,Regular Season,4,4,1,Final,Final,3313,Yankee Stadium,147,New York Yankees,NYY,0,False,141,Toronto Blue Jays,TOR,2,True,656234,Jake Bird,Jacob,Bird,59,1995-12-04,30,"6' 3""",215,1,Pitcher,R,Right,R,Right,,,,,,,,,,,,,,,,,,,,,,,,,,
2026-05-21,823545,,/api/v1.1/game/823545/feed/live,R,2026,2026-05-21,,night,P,N,N,Regular Season,4,4,1,Final,Final,3313,Yankee Stadium,147,New York Yankees,NYY,0,False,141,Toronto Blue Jays,TOR,2,True,666808,Camilo Doval,Camilo,Doval,75,1997-07-04,28,"6' 2""",205,1,Pitcher,R,Right,R,Right,"0.2 IP, ER, 0 K, 0 BB",,,,,,,,,,,,,,,,0.2,1,1,1,0,0,11,0,0,0
2026-05-21,823545,,/api/v1.1/game/823545/feed/live,R,2026,2026-05-21,,night,P,N,N,Regular Season,4,4,1,Final,Final,3313,Yankee Stadium,147,New York Yankees,NYY,0,False,141,Toronto Blue Jays,TOR,2,True,663757,Trent Grisham,Trenton,Grisham,12,1996-11-01,29,"5' 10""",221,8,Outfielder,L,Left,L,Left,,,,,,,,,,,,,,,,,,,,,,,,,,
2026-05-21,823545,,/api/v1.1/game/823545/feed/live,R,2026,2026-05-21,,night,P,N,N,Regular Season,4,4,1,Final,Final,3313,Yankee Stadium,147,New York Yankees,NYY,0,False,141,Toronto Blue Jays,TOR,2,True,670280,David Bednar,David,Bednar,53,1994-10-10,31,"6' 1""",250,1,Pitcher,L,Left,R,Right,,,,,,,,,,,,,,,,,,,,,,,,,,
2026-05-21,823545,,/api/v1.1/game/823545/feed/live,R,2026,2026-05-21,,night,P,N,N,Regular Season,4,4,1,Final,Final,3313,Yankee Stadium,147,New York Yankees,NYY,0,False,141,Toronto Blue Jays,TOR,2,True,693645,Cam Schlittler,Cameron,Schlittler,31,2001-02-05,25,"6' 6""",215,1,Pitcher,R,Right,R,Right,,,,,,,,,,,,,,,,,,,,,,,,,,
2026-05-21,823545,,/api/v1.1/game/823545/feed/live,R,2026,2026-05-21,,night,P,N,N,Regular Season,4,4,1,Final,Final,3313,Yankee Stadium,147,New York Yankees,NYY,0,False,141,Toronto Blue Jays,TOR,2,True,672442,Yovanny Cruz,Yovanny,Cruz,96,1999-08-23,26,"6' 0""",180,1,Pitcher,R,Right,R,Right,"0.1 IP, 0 ER, 0 K, 0 BB",,,,,,,,,,,,,,,,0.1,0,1,0,0,0,11,0,0,0
2026-05-21,823545,,/api/v1.1/game/823545/feed/live,R,2026,2026-05-21,,night,P,N,N,Regular Season,4,4,1,Final,Final,3313,Yankee Stadium,147,New York Yankees,NYY,0,False,141,Toronto Blue Jays,TOR,2,True,672820,Lenyn Sosa,Lenyn,Sosa,50,2000-01-25,26,"5' 11""",210,4,Second Base,R,Right,R,Right,0-2 | 2 K,,2,0,0,0,0,0,0,2,0,0,0,0,2,0,,,,,,,,,,
2026-05-21,823545,,/api/v1.1/game/823545/feed/live,R,2026,2026-05-21,,night,P,N,N,Regular Season,4,4,1,Final,Final,3313,Yankee Stadium,147,New York Yankees,NYY,0,False,141,Toronto Blue Jays,TOR,2,True,695445,Chase Lee,Chase,Lee,52,1998-08-13,27,"6' 0""",170,1,Pitcher,R,Right,R,Right,,,,,,,,,,,,,,,,,,,,,,,,,,
2026-05-21,823545,,/api/v1.1/game/823545/feed/live,R,2026,2026-05-21,,night,P,N,N,Regular Season,4,4,1,Final,Final,3313,Yankee Stadium,147,New York Yankees,NYY,0,False,141,Toronto Blue Jays,TOR,2,True,693686,Spencer Miles,Spencer,Miles,62,2000-07-26,25,"6' 3""",180,1,Pitcher,L,Left,R,Right,"4.1 IP, 0 ER, 6 K, BB",,,,,,,,,,,,,,,,4.1,0,2,0,6,1,63,0,0,0
2026-05-21,823545,,/api/v1.1/game/823545/feed/live,R,2026,2026-05-21,,night,P,N,N,Regular Season,4,4,1,Final,Final,3313,Yankee Stadium,147,New York Yankees,NYY,0,False,141,Toronto Blue Jays,TOR,2,True,671936,Adam Macko,Adam,Macko,64,2000-12-30,25,"6' 0""",170,1,Pitcher,L,Left,L,Left,"1.1 IP, 0 ER, 2 K, 0 BB",,,,,,,,,,,,,,,,1.1,0,1,0,2,0,20,1,0,0
2026-05-21,823545,,/api/v1.1/game/823545/feed/live,R,2026,2026-05-21,,night,P,N,N,Regular Season,4,4,1,Final,Final,3313,Yankee Stadium,147,New York Yankees,NYY,0,False,141,Toronto Blue Jays,TOR,2,True,686973,Louis Varland,Louis,Varland,77,1997-12-09,28,"6' 1""",205,1,Pitcher,L,Left,R,Right,,,,,,,,,,,,,,,,,,,,,,,,,,
2026-05-21,823545,,/api/v1.1/game/823545/feed/live,R,2026,2026-05-21,,night,P,N,N,Regular Season,4,4,1,Final,Final,3313,Yankee Stadium,147,New York Yankees,NYY,0,False,141,Toronto Blue Jays,TOR,2,True,676391,Ernie Clement,Ernie,Clement,22,1996-03-22,30,"6' 0""",170,4,Second Base,R,Right,R,Right,3-4 | 3 2B,,4,3,3,0,0,0,0,0,0,0,0,0,4,6,,,,,,,,,,
2026-05-21,823545,,/api/v1.1/game/823545/feed/live,R,2026,2026-05-21,,night,P,N,N,Regular Season,4,4,1,Final,Final,3313,Yankee Stadium,147,New York Yankees,NYY,0,False,141,Toronto Blue Jays,TOR,2,True,662139,Daulton Varsho,Daulton,Varsho,5,1996-07-02,29,"5' 8""",207,8,Outfielder,L,Left,R,Right,"1-4 | 2B, K, RBI",,4,1,1,0,0,1,0,1,0,0,0,0,4,2,,,,,,,,,,
2026-05-21,823545,,/api/v1.1/game/823545/feed/live,R,2026,2026-05-21,,night,P,N,N,Regular Season,4,4,1,Final,Final,3313,Yankee Stadium,147,New York Yankees,NYY,0,False,141,Toronto Blue Jays,TOR,2,True,665926,Andrés Giménez,Andrés,Giménez,0,1998-09-04,27,"5' 11""",161,6,Shortstop,L,Left,R,Right,0-1 | HBP,,1,0,0,0,0,0,0,0,0,0,0,0,2,0,,,,,,,,,,
2026-05-21,823545,,/api/v1.1/game/823545/feed/live,R,2026,2026-05-21,,night,P,N,N,Regular Season,4,4,1,Final,Final,3313,Yankee Stadium,147,New York Yankees,NYY,0,False,141,Toronto Blue Jays,TOR,2,True,592332,Kevin Gausman,Kevin,Gausman,34,1991-01-06,35,"6' 2""",205,1,Pitcher,L,Left,R,Right,,,,,,,,,,,,,,,,,,,,,,,,,,
2026-05-21,823545,,/api/v1.1/game/823545/feed/live,R,2026,2026-05-21,,night,P,N,N,Regular Season,4,4,1,Final,Final,3313,Yankee Stadium,147,New York Yankees,NYY,0,False,141,Toronto Blue Jays,TOR,2,True,678218,Brandon Valenzuela,Brandon,Valenzuela,59,2000-10-02,25,"6' 0""",225,2,Catcher,S,Switch,R,Right,1-4,,4,1,0,0,0,0,0,0,0,0,0,0,4,1,,,,,,,,,,
2026-05-21,823545,,/api/v1.1/game/823545/feed/live,R,2026,2026-05-21,,night,P,N,N,Regular Season,4,4,1,Final,Final,3313,Yankee Stadium,147,New York Yankees,NYY,0,False,141,Toronto Blue Jays,TOR,2,True,656546,Jeff Hoffman,Jeffrey,Hoffman,23,1993-01-08,33,"6' 5""",235,1,Pitcher,R,Right,R,Right,"1.0 IP, 0 ER, 2 K, 0 BB",,,,,,,,,,,,,,,,1.0,0,0,0,2,0,12,0,0,1
2026-05-21,823545,,/api/v1.1/game/823545/feed/live,R,2026,2026-05-21,,night,P,N,N,Regular Season,4,4,1,Final,Final,3313,Yankee Stadium,147,New York Yankees,NYY,0,False,141,Toronto Blue Jays,TOR,2,True,656302,Dylan Cease,Dylan,Cease,84,1995-12-28,30,"6' 2""",200,1,Pitcher,R,Right,R,Right,,,,,,,,,,,,,,,,,,,,,,,,,,
2026-05-21,823545,,/api/v1.1/game/823545/feed/live,R,2026,2026-05-21,,night,P,N,N,Regular Season,4,4,1,Final,Final,3313,Yankee Stadium,147,New York Yankees,NYY,0,False,141,Toronto Blue Jays,TOR,2,True,702056,Trey Yesavage,Trey,Yesavage,39,2003-07-28,22,"6' 4""",225,1,Pitcher,R,Right,R,Right,,,,,,,,,,,,,,,,,,,,,,,,,,
2026-05-21,823545,,/api/v1.1/game/823545/feed/live,R,2026,2026-05-21,,night,P,N,N,Regular Season,4,4,1,Final,Final,3313,Yankee Stadium,147,New York Yankees,NYY,0,False,141,Toronto Blue Jays,TOR,2,True,676914,Davis Schneider,Davis,Schneider,36,1999-01-26,27,"5' 8""",190,7,Outfielder,R,Right,R,Right,0-3 | K,,3,0,0,0,0,0,0,1,0,0,0,0,3,0,,,,,,,,,,
2026-05-21,823545,,/api/v1.1/game/823545/feed/live,R,2026,2026-05-21,,night,P,N,N,Regular Season,4,4,1,Final,Final,3313,Yankee Stadium,147,New York Yankees,NYY,0,False,141,Toronto Blue Jays,TOR,2,True,543807,George Springer,George,Springer,4,1989-09-19,36,"6' 1""",220,10,Designated Hitter,R,Right,R,Right,"1-4 | HR, BB, 2 K",,4,1,0,0,1,1,1,2,1,0,0,1,5,4,,,,,,,,,,
2026-05-21,823545,,/api/v1.1/game/823545/feed/live,R,2026,2026-05-21,,night,P,N,N,Regular Season,4,4,1,Final,Final,3313,Yankee Stadium,147,New York Yankees,NYY,0,False,141,Toronto Blue Jays,TOR,2,True,682818,Yohendrick Piñango,Yohendrick,Pinango,24,2002-05-07,24,"5' 10""",170,7,Outfielder,L,Left,L,Left,0-1 | K,,1,0,0,0,0,0,0,1,0,0,0,0,1,0,,,,,,,,,,
2026-05-21,823545,,/api/v1.1/game/823545/feed/live,R,2026,2026-05-21,,night,P,N,N,Regular Season,4,4,1,Final,Final,3313,Yankee Stadium,147,New York Yankees,NYY,0,False,141,Toronto Blue Jays,TOR,2,True,689254,Mason Fluharty,Mason,Fluharty,68,2001-08-13,24,"6' 2""",215,1,Pitcher,R,Right,L,Left,,,,,,,,,,,,,,,,,,,,,,,,,,
2026-05-21,823545,,/api/v1.1/game/823545/feed/live,R,2026,2026-05-21,,night,P,N,N,Regular Season,4,4,1,Final,Final,3313,Yankee Stadium,147,New York Yankees,NYY,0,False,141,Toronto Blue Jays,TOR,2,True,684320,Yariel Rodríguez,Yariel,Rodriguez,29,1997-03-10,29,"6' 0""",165,1,Pitcher,R,Right,R,Right,,,,,,,,,,,,,,,,,,,,,,,,,,
2026-05-21,823545,,/api/v1.1/game/823545/feed/live,R,2026,2026-05-21,,night,P,N,N,Regular Season,4,4,1,Final,Final,3313,Yankee Stadium,147,New York Yankees,NYY,0,False,141,Toronto Blue Jays,TOR,2,True,680755,Braydon Fisher,Braydon,Fisher,63,2000-07-26,25,"6' 4""",180,1,Pitcher,R,Right,R,Right,"1.1 IP, 0 ER, 4 K, BB",,,,,,,,,,,,,,,,1.1,0,0,0,4,1,23,0,0,0
2026-05-21,823545,,/api/v1.1/game/823545/feed/live,R,2026,2026-05-21,,night,P,N,N,Regular Season,4,4,1,Final,Final,3313,Yankee Stadium,147,New York Yankees,NYY,0,False,141,Toronto Blue Jays,TOR,2,True,623168,Tyler Heineman,Tyler,Heineman,55,1991-06-19,34,"5' 10""",190,2,Catcher,S,Switch,R,Right,,,,,,,,,,,,,,,,,,,,,,,,,,
2026-05-21,823545,,/api/v1.1/game/823545/feed/live,R,2026,2026-05-21,,night,P,N,N,Regular Season,4,4,1,Final,Final,3313,Yankee Stadium,147,New York Yankees,NYY,0,False,141,Toronto Blue Jays,TOR,2,True,643511,Tyler Rogers,Tyler,Rogers,71,1990-12-17,35,"6' 3""",180,1,Pitcher,R,Right,R,Right,"1.0 IP, 0 ER, 0 K, BB",,,,,,,,,,,,,,,,1.0,0,0,0,0,1,8,0,0,0
2026-05-21,823545,,/api/v1.1/game/823545/feed/live,R,2026,2026-05-21,,night,P,N,N,Regular Season,4,4,1,Final,Final,3313,Yankee Stadium,147,New York Yankees,NYY,0,False,141,Toronto Blue Jays,TOR,2,True,665489,Vladimir Guerrero Jr.,Vladimir,Guerrero,27,1999-03-16,27,"6' 0""",245,3,First Base,R,Right,R,Right,"1-2 | 2 BB, R, SB",,2,1,0,0,0,0,1,0,2,1,0,0,4,1,,,,,,,,,,
2026-05-21,823545,,/api/v1.1/game/823545/feed/live,R,2026,2026-05-21,,night,P,N,N,Regular Season,4,4,1,Final,Final,3313,Yankee Stadium,147,New York Yankees,NYY,0,False,141,Toronto Blue Jays,TOR,2,True,571578,Patrick Corbin,Patrick,Corbin,46,1989-07-19,36,"6' 4""",225,1,Pitcher,L,Left,L,Left,,,,,,,,,,,,,,,,,,,,,,,,,,
2026-05-21,823545,,/api/v1.1/game/823545/feed/live,R,2026,2026-05-21,,night,P,N,N,Regular Season,4,4,1,Final,Final,3313,Yankee Stadium,147,New York Yankees,NYY,0,False,141,Toronto Blue Jays,TOR,2,True,660821,Jesús Sánchez,Jesús,Sánchez,12,1997-10-07,28,"6' 3""",222,9,Outfielder,L,Left,R,Right,,,,,,,,,,,,,,,,,,,,,,,,,,
2026-05-21,823545,,/api/v1.1/game/823545/feed/live,R,2026,2026-05-21,,night,P,N,N,Regular Season,4,4,1,Final,Final,3313,Yankee Stadium,147,New York Yankees,NYY,0,False,141,Toronto Blue Jays,TOR,2,True,664702,Myles Straw,Myles,Straw,3,1994-10-17,31,"5' 9""",178,9,Outfielder,R,Right,R,Right,0-4 | K,,4,0,0,0,0,0,0,1,0,0,0,0,4,0,,,,,,,,,,
2026-05-21,823545,,/api/v1.1/game/823545/feed/live,R,2026,2026-05-21,,night,P,N,N,Regular Season,4,4,1,Final,Final,3313,Yankee Stadium,147,New York Yankees,NYY,0,False,141,Toronto Blue Jays,TOR,2,True,672960,Kazuma Okamoto,Kazuma,Okamoto,7,1996-06-30,29,"6' 1""",220,5,Third Base,R,Right,R,Right,0-4 | 2 K,,4,0,0,0,0,0,0,2,0,0,0,0,4,0,,,,,,,,,,
2026-05-21,824031,,/api/v1.1/game/824031/feed/live,R,2026,2026-05-21,,night,P,N,N,Regular Season,4,4,1,Final,Final,1,Angel Stadium,108,Los Angeles Angels,LAA,2,False,133,Athletics,ATH,3,True,624428,Adam Frazier,Adam,Frazier,20,1991-12-14,34,"5' 10""",190,4,Second Base,L,Left,R,Right,1-3 | K,,3,1,0,0,0,0,0,1,0,0,0,0,3,1,,,,,,,,,,
2026-05-21,824031,,/api/v1.1/game/824031/feed/live,R,2026,2026-05-21,,night,P,N,N,Regular Season,4,4,1,Final,Final,1,Angel Stadium,108,Los Angeles Angels,LAA,2,False,133,Athletics,ATH,3,True,642350,Jose Siri,Jose,Siri,28,1995-07-22,30,"6' 2""",210,7,Outfielder,R,Right,R,Right,0-3 | 2 K,,3,0,0,0,0,0,0,2,0,0,0,1,3,0,,,,,,,,,,
2026-05-21,824031,,/api/v1.1/game/824031/feed/live,R,2026,2026-05-21,,night,P,N,N,Regular Season,4,4,1,Final,Final,1,Angel Stadium,108,Los Angeles Angels,LAA,2,False,133,Athletics,ATH,3,True,672724,Oswald Peraza,Oswald,Peraza,2,2000-06-15,25,"5' 11""",200,4,Second Base,R,Right,R,Right,,,,,,,,,,,,,,,,,,,,,,,,,,
2026-05-21,824031,,/api/v1.1/game/824031/feed/live,R,2026,2026-05-21,,night,P,N,N,Regular Season,4,4,1,Final,Final,1,Angel Stadium,108,Los Angeles Angels,LAA,2,False,133,Athletics,ATH,3,True,687263,Zach Neto,Zachary,Neto,9,2001-01-31,25,"5' 11""",185,6,Shortstop,R,Right,R,Right,0-4 | 2 K,,4,0,0,0,0,0,0,2,0,0,0,0,4,0,,,,,,,,,,
2026-05-21,824031,,/api/v1.1/game/824031/feed/live,R,2026,2026-05-21,,night,P,N,N,Regular Season,4,4,1,Final,Final,1,Angel Stadium,108,Los Angeles Angels,LAA,2,False,133,Athletics,ATH,3,True,624585,Jorge Soler,Jorge,Soler,12,1992-02-25,34,"6' 3""",235,10,Designated Hitter,R,Right,R,Right,0-1,,1,0,0,0,0,0,0,0,0,0,0,1,1,0,,,,,,,,,,
2026-05-21,824031,,/api/v1.1/game/824031/feed/live,R,2026,2026-05-21,,night,P,N,N,Regular Season,4,4,1,Final,Final,1,Angel Stadium,108,Los Angeles Angels,LAA,2,False,133,Athletics,ATH,3,True,660162,Yoán Moncada,Yoán,Moncada,10,1995-05-27,30,"6' 0""",220,5,Third Base,S,Switch,R,Right,0-1,,1,0,0,0,0,0,0,0,0,0,0,0,1,0,,,,,,,,,,
2026-05-21,824031,,/api/v1.1/game/824031/feed/live,R,2026,2026-05-21,,night,P,N,N,Regular Season,4,4,1,Final,Final,1,Angel Stadium,108,Los Angeles Angels,LAA,2,False,133,Athletics,ATH,3,True,681217,Chase Silseth,Chase,Silseth,63,2000-05-18,26,"6' 0""",217,1,Pitcher,R,Right,R,Right,"0.1 IP, 0 ER, 0 K, 0 BB",,,,,,,,,,,,,,,,0.1,0,0,0,0,0,5,0,0,0
2026-05-21,824031,,/api/v1.1/game/824031/feed/live,R,2026,2026-05-21,,night,P,N,N,Regular Season,4,4,1,Final,Final,1,Angel Stadium,108,Los Angeles Angels,LAA,2,False,133,Athletics,ATH,3,True,667755,José Soriano,José,Soriano,59,1998-10-20,27,"6' 3""",220,1,Pitcher,R,Right,R,Right,"6.2 IP, 2 ER, 7 K, BB",,,,,,,,,,,,,,,,6.2,2,6,0,7,1,103,0,0,0
2026-05-21,824031,,/api/v1.1/game/824031/feed/live,R,2026,2026-05-21,,night,P,N,N,Regular Season,4,4,1,Final,Final,1,Angel Stadium,108,Los Angeles Angels,LAA,2,False,133,Athletics,ATH,3,True,686799,Jack Kochanowicz,Jack,Kochanowicz,41,2000-12-22,25,"6' 7""",228,1,Pitcher,L,Left,R,Right,,,,,,,,,,,,,,,,,,,,,,,,,,
2026-05-21,824031,,/api/v1.1/game/824031/feed/live,R,2026,2026-05-21,,night,P,N,N,Regular Season,4,4,1,Final,Final,1,Angel Stadium,108,Los Angeles Angels,LAA,2,False,133,Athletics,ATH,3,True,815083,Mitch Farris,Mitchell,Farris,70,2001-02-14,25,"6' 2""",195,1,Pitcher,L,Left,L,Left,,,,,,,,,,,,,,,,,,,,,,,,,,
2026-05-21,824031,,/api/v1.1/game/824031/feed/live,R,2026,2026-05-21,,night,P,N,N,Regular Season,4,4,1,Final,Final,1,Angel Stadium,108,Los Angeles Angels,LAA,2,False,133,Athletics,ATH,3,True,680570,Grayson Rodriguez,Grayson,Rodriguez,21,1999-11-16,26,"6' 5""",230,1,Pitcher,L,Left,R,Right,,,,,,,,,,,,,,,,,,,,,,,,,,
2026-05-21,824031,,/api/v1.1/game/824031/feed/live,R,2026,2026-05-21,,night,P,N,N,Regular Season,4,4,1,Final,Final,1,Angel Stadium,108,Los Angeles Angels,LAA,2,False,133,Athletics,ATH,3,True,545361,Mike Trout,Michael,Trout,27,1991-08-07,34,"6' 1""",235,8,Outfielder,R,Right,R,Right,"1-3 | BB, K, R",,3,1,0,0,0,0,1,1,1,0,0,0,4,1,,,,,,,,,,
2026-05-21,824031,,/api/v1.1/game/824031/feed/live,R,2026,2026-05-21,,night,P,N,N,Regular Season,4,4,1,Final,Final,1,Angel Stadium,108,Los Angeles Angels,LAA,2,False,133,Athletics,ATH,3,True,820862,José Fermin,Jose,Fermin,65,2001-11-28,24,"6' 3""",242,1,Pitcher,R,Right,R,Right,"1.0 IP, 0 ER, K, 2 BB",,,,,,,,,,,,,,,,1.0,0,1,0,1,2,24,0,0,0
2026-05-21,824031,,/api/v1.1/game/824031/feed/live,R,2026,2026-05-21,,night,P,N,N,Regular Season,4,4,1,Final,Final,1,Angel Stadium,108,Los Angeles Angels,LAA,2,False,133,Athletics,ATH,3,True,666176,Jo Adell,Jordon,Adell,7,1999-04-08,27,"6' 2""",215,9,Outfielder,R,Right,R,Right,1-4 | 3 K,,4,1,0,0,0,0,0,3,0,0,0,0,4,1,,,,,,,,,,
2026-05-21,824031,,/api/v1.1/game/824031/feed/live,R,2026,2026-05-21,,night,P,N,N,Regular Season,4,4,1,Final,Final,1,Angel Stadium,108,Los Angeles Angels,LAA,2,False,133,Athletics,ATH,3,True,687093,Vaughn Grissom,Vaughn,Grissom,5,2001-01-05,25,"6' 2""",210,4,Second Base,R,Right,R,Right,0-4,,4,0,0,0,0,0,0,0,0,0,0,0,4,0,,,,,,,,,,
2026-05-21,824031,,/api/v1.1/game/824031/feed/live,R,2026,2026-05-21,,night,P,N,N,Regular Season,4,4,1,Final,Final,1,Angel Stadium,108,Los Angeles Angels,LAA,2,False,133,Athletics,ATH,3,True,696147,Sam Bachman,Samuel,Bachman,40,1999-09-30,26,"6' 1""",235,1,Pitcher,R,Right,R,Right,,,,,,,,,,,,,,,,,,,,,,,,,,
2026-05-21,824031,,/api/v1.1/game/824031/feed/live,R,2026,2026-05-21,,night,P,N,N,Regular Season,4,4,1,Final,Final,1,Angel Stadium,108,Los Angeles Angels,LAA,2,False,133,Athletics,ATH,3,True,666171,Ryan Zeferjahn,Ryan,Zeferjahn,56,1998-02-28,28,"6' 5""",209,1,Pitcher,R,Right,R,Right,"1.0 IP, 0 ER, 0 K, 2 BB",,,,,,,,,,,,,,,,1.0,0,0,0,0,2,19,0,1,0
2026-05-21,824031,,/api/v1.1/game/824031/feed/live,R,2026,2026-05-21,,night,P,N,N,Regular Season,4,4,1,Final,Final,1,Angel Stadium,108,Los Angeles Angels,LAA,2,False,133,Athletics,ATH,3,True,694384,Nolan Schanuel,Nolan,Schanuel,18,2002-02-14,24,"6' 2""",220,3,First Base,L,Left,R,Right,"1-4 | HR, 2 RBI, R",,4,1,0,0,1,2,1,0,0,0,0,0,4,4,,,,,,,,,,
2026-05-21,824031,,/api/v1.1/game/824031/feed/live,R,2026,2026-05-21,,night,P,N,N,Regular Season,4,4,1,Final,Final,1,Angel Stadium,108,Los Angeles Angels,LAA,2,False,133,Athletics,ATH,3,True,666139,Josh Lowe,Joshua,Lowe,3,1998-02-02,28,"6' 3""",220,7,Outfielder,L,Left,R,Right,1-4 | K,,4,1,0,0,0,0,0,1,0,0,0,0,4,1,,,,,,,,,,
2026-05-21,824031,,/api/v1.1/game/824031/feed/live,R,2026,2026-05-21,,night,P,N,N,Regular Season,4,4,1,Final,Final,1,Angel Stadium,108,Los Angeles Angels,LAA,2,False,133,Athletics,ATH,3,True,665861,Sebastián Rivero,Sebastián,Rivero,38,1998-11-16,27,"6' 1""",210,2,Catcher,R,Right,R,Right,0-2 | 2 K,,2,0,0,0,0,0,0,2,0,0,0,0,2,0,,,,,,,,,,
2026-05-21,824031,,/api/v1.1/game/824031/feed/live,R,2026,2026-05-21,,night,P,N,N,Regular Season,4,4,1,Final,Final,1,Angel Stadium,108,Los Angeles Angels,LAA,2,False,133,Athletics,ATH,3,True,642048,Tayler Saucedo,Tayler,Saucedo,55,1993-06-18,32,"6' 4""",205,1,Pitcher,L,Left,L,Left,,,,,,,,,,,,,,,,,,,,,,,,,,
2026-05-21,824031,,/api/v1.1/game/824031/feed/live,R,2026,2026-05-21,,night,P,N,N,Regular Season,4,4,1,Final,Final,1,Angel Stadium,108,Los Angeles Angels,LAA,2,False,133,Athletics,ATH,3,True,700712,Walbert Ureña,Walbert,Ureña,57,2004-01-25,22,"6' 0""",210,1,Pitcher,R,Right,R,Right,,,,,,,,,,,,,,,,,,,,,,,,,,
2026-05-21,824031,,/api/v1.1/game/824031/feed/live,R,2026,2026-05-21,,night,P,N,N,Regular Season,4,4,1,Final,Final,1,Angel Stadium,108,Los Angeles Angels,LAA,2,False,133,Athletics,ATH,3,True,681351,Logan O'Hoppe,Logan,O'Hoppe,14,2000-02-09,26,"6' 2""",225,2,Catcher,R,Right,R,Right,0-0,,0,0,0,0,0,0,0,0,0,0,0,0,0,0,,,,,,,,,,
2026-05-21,824031,,/api/v1.1/game/824031/feed/live,R,2026,2026-05-21,,night,P,N,N,Regular Season,4,4,1,Final,Final,1,Angel Stadium,108,Los Angeles Angels,LAA,2,False,133,Athletics,ATH,3,True,489446,Kirby Yates,Kirby,Yates,39,1987-03-25,39,"5' 10""",205,1,Pitcher,L,Left,R,Right,"1.0 IP, 0 ER, K, BB",,,,,,,,,,,,,,,,1.0,0,0,0,1,1,21,0,0,0
2026-05-21,824031,,/api/v1.1/game/824031/feed/live,R,2026,2026-05-21,,night,P,N,N,Regular Season,4,4,1,Final,Final,1,Angel Stadium,108,Los Angeles Angels,LAA,2,False,133,Athletics,ATH,3,True,672282,Reid Detmers,Reid,Detmers,48,1999-07-08,26,"6' 2""",210,1,Pitcher,L,Left,L,Left,,,,,,,,,,,,,,,,,,,,,,,,,,
2026-05-21,824031,,/api/v1.1/game/824031/feed/live,R,2026,2026-05-21,,night,P,N,N,Regular Season,4,4,1,Final,Final,1,Angel Stadium,108,Los Angeles Angels,LAA,2,False,133,Athletics,ATH,3,True,608718,Brent Suter,Brent,Suter,37,1989-08-29,36,"6' 4""",213,1,Pitcher,L,Left,L,Left,,,,,,,,,,,,,,,,,,,,,,,,,,
2026-05-21,824031,,/api/v1.1/game/824031/feed/live,R,2026,2026-05-21,,night,P,N,N,Regular Season,4,4,1,Final,Final,1,Angel Stadium,108,Los Angeles Angels,LAA,2,False,133,Athletics,ATH,3,True,671732,Lawrence Butler,Lawrence,Butler,4,2000-07-10,25,"6' 3""",210,9,Outfielder,L,Left,R,Right,0-4 | K,,4,0,0,0,0,0,0,1,0,0,0,0,4,0,,,,,,,,,,
2026-05-21,824031,,/api/v1.1/game/824031/feed/live,R,2026,2026-05-21,,night,P,N,N,Regular Season,4,4,1,Final,Final,1,Angel Stadium,108,Los Angeles Angels,LAA,2,False,133,Athletics,ATH,3,True,641680,Jonah Heim,Jonah,Heim,15,1995-06-27,30,"6' 4""",220,2,Catcher,S,Switch,R,Right,,,,,,,,,,,,,,,,,,,,,,,,,,
2026-05-21,824031,,/api/v1.1/game/824031/feed/live,R,2026,2026-05-21,,night,P,N,N,Regular Season,4,4,1,Final,Final,1,Angel Stadium,108,Los Angeles Angels,LAA,2,False,133,Athletics,ATH,3,True,622663,Luis Severino,Luis,Severino,40,1994-02-20,32,"6' 2""",218,1,Pitcher,R,Right,R,Right,"7.0 IP, 2 ER, 10 K, 0 BB",,,,,,,,,,,,,,,,7.0,2,3,1,10,0,97,0,0,0
2026-05-21,824031,,/api/v1.1/game/824031/feed/live,R,2026,2026-05-21,,night,P,N,N,Regular Season,4,4,1,Final,Final,1,Angel Stadium,108,Los Angeles Angels,LAA,2,False,133,Athletics,ATH,3,True,667670,Brent Rooker,Terry,Rooker,25,1994-11-01,31,"6' 3""",225,10,Designated Hitter,R,Right,R,Right,"2-4 | HBP, K",,4,2,0,0,0,0,0,1,0,0,0,0,5,2,,,,,,,,,,
2026-05-21,824031,,/api/v1.1/game/824031/feed/live,R,2026,2026-05-21,,night,P,N,N,Regular Season,4,4,1,Final,Final,1,Angel Stadium,108,Los Angeles Angels,LAA,2,False,133,Athletics,ATH,3,True,669372,J.T. Ginn,John,Ginn,35,1999-05-20,27,"6' 2""",200,1,Pitcher,R,Right,R,Right,,,,,,,,,,,,,,,,,,,,,,,,,,
2026-05-21,824031,,/api/v1.1/game/824031/feed/live,R,2026,2026-05-21,,night,P,N,N,Regular Season,4,4,1,Final,Final,1,Angel Stadium,108,Los Angeles Angels,LAA,2,False,133,Athletics,ATH,3,True,680869,Zack Gelof,Zachary,Gelof,20,1999-10-19,26,"6' 2""",205,5,Third Base,R,Right,R,Right,"0-5 | 2 K, RBI, R",,5,0,0,0,0,1,1,2,0,2,0,0,5,0,,,,,,,,,,
2026-05-21,824031,,/api/v1.1/game/824031/feed/live,R,2026,2026-05-21,,night,P,N,N,Regular Season,4,4,1,Final,Final,1,Angel Stadium,108,Los Angeles Angels,LAA,2,False,133,Athletics,ATH,3,True,643446,Jeff McNeil,Jeffrey,McNeil,22,1992-04-08,34,"6' 0""",195,4,Second Base,L,Left,R,Right,0-4,,4,0,0,0,0,0,0,0,0,0,0,0,4,0,,,,,,,,,,
2026-05-21,824031,,/api/v1.1/game/824031/feed/live,R,2026,2026-05-21,,night,P,N,N,Regular Season,4,4,1,Final,Final,1,Angel Stadium,108,Los Angeles Angels,LAA,2,False,133,Athletics,ATH,3,True,686993,Justin Sterner,Justin,Sterner,60,1996-08-29,29,"6' 1""",215,1,Pitcher,R,Right,R,Right,"1.0 IP, 0 ER, K, 0 BB",,,,,,,,,,,,,,,,1.0,0,0,0,1,0,12,0,0,0
2026-05-21,824031,,/api/v1.1/game/824031/feed/live,R,2026,2026-05-21,,night,P,N,N,Regular Season,4,4,1,Final,Final,1,Angel Stadium,108,Los Angeles Angels,LAA,2,False,133,Athletics,ATH,3,True,605130,Scott Barlow,Scott,Barlow,58,1992-12-18,33,"6' 3""",210,1,Pitcher,R,Right,R,Right,,,,,,,,,,,,,,,,,,,,,,,,,,
2026-05-21,824031,,/api/v1.1/game/824031/feed/live,R,2026,2026-05-21,,night,P,N,N,Regular Season,4,4,1,Final,Final,1,Angel Stadium,108,Los Angeles Angels,LAA,2,False,133,Athletics,ATH,3,True,666126,Carlos Cortes,Carlos,Cortes,26,1997-06-30,28,"5' 7""",197,9,Outfielder,L,Left,S,Switch,"1-4 | BB, K",,4,1,0,0,0,0,0,1,1,0,0,0,5,1,,,,,,,,,,
2026-05-21,824031,,/api/v1.1/game/824031/feed/live,R,2026,2026-05-21,,night,P,N,N,Regular Season,4,4,1,Final,Final,1,Angel Stadium,108,Los Angeles Angels,LAA,2,False,133,Athletics,ATH,3,True,660761,José Suarez,José,Suarez,54,1998-01-03,28,"5' 10""",225,1,Pitcher,L,Left,L,Left,,,,,,,,,,,,,,,,,,,,,,,,,,
2026-05-21,824031,,/api/v1.1/game/824031/feed/live,R,2026,2026-05-21,,night,P,N,N,Regular Season,4,4,1,Final,Final,1,Angel Stadium,108,Los Angeles Angels,LAA,2,False,133,Athletics,ATH,3,True,682052,Jacob Lopez,Jacob,Lopez,57,1998-03-11,28,"6' 4""",220,1,Pitcher,L,Left,L,Left,,,,,,,,,,,,,,,,,,,,,,,,,,
2026-05-21,824031,,/api/v1.1/game/824031/feed/live,R,2026,2026-05-21,,night,P,N,N,Regular Season,4,4,1,Final,Final,1,Angel Stadium,108,Los Angeles Angels,LAA,2,False,133,Athletics,ATH,3,True,675961,Alika Williams,Alexander,Williams,12,1999-03-12,27,"6' 1""",183,4,Second Base,R,Right,R,Right,0-0,,0,0,0,0,0,0,0,0,0,0,0,0,0,0,,,,,,,,,,
2026-05-21,824031,,/api/v1.1/game/824031/feed/live,R,2026,2026-05-21,,night,P,N,N,Regular Season,4,4,1,Final,Final,1,Angel Stadium,108,Los Angeles Angels,LAA,2,False,133,Athletics,ATH,3,True,669270,Joel Kuhnel,Joel,Kuhnel,47,1995-02-19,31,"6' 5""",290,1,Pitcher,R,Right,R,Right,"1.0 IP, 0 ER, 0 K, BB",,,,,,,,,,,,,,,,1.0,0,1,0,0,1,22,1,0,0
2026-05-21,824031,,/api/v1.1/game/824031/feed/live,R,2026,2026-05-21,,night,P,N,N,Regular Season,4,4,1,Final,Final,1,Angel Stadium,108,Los Angeles Angels,LAA,2,False,133,Athletics,ATH,3,True,691016,Tyler Soderstrom,Tyler,Soderstrom,21,2001-11-24,24,"6' 2""",200,7,Outfielder,L,Left,R,Right,1-4 | BB,,4,1,0,0,0,0,0,0,1,0,0,0,5,1,,,,,,,,,,
2026-05-21,824031,,/api/v1.1/game/824031/feed/live,R,2026,2026-05-21,,night,P,N,N,Regular Season,4,4,1,Final,Final,1,Angel Stadium,108,Los Angeles Angels,LAA,2,False,133,Athletics,ATH,3,True,687231,Darell Hernaiz,Darell,Hernaiz,2,2001-08-03,24,"5' 11""",190,5,Third Base,R,Right,R,Right,"1-5 | K, RBI, SB",,5,1,0,0,0,1,0,1,0,1,0,0,5,1,,,,,,,,,,
2026-05-21,824031,,/api/v1.1/game/824031/feed/live,R,2026,2026-05-21,,night,P,N,N,Regular Season,4,4,1,Final,Final,1,Angel Stadium,108,Los Angeles Angels,LAA,2,False,133,Athletics,ATH,3,True,650644,Aaron Civale,Aaron,Civale,45,1995-06-12,30,"6' 1""",245,1,Pitcher,R,Right,R,Right,,,,,,,,,,,,,,,,,,,,,,,,,,
2026-05-21,824031,,/api/v1.1/game/824031/feed/live,R,2026,2026-05-21,,night,P,N,N,Regular Season,4,4,1,Final,Final,1,Angel Stadium,108,Los Angeles Angels,LAA,2,False,133,Athletics,ATH,3,True,701762,Nick Kurtz,Nicholas,Kurtz,16,2003-03-12,23,"6' 5""",240,3,First Base,L,Left,L,Left,"1-3 | 2 BB, K, RBI",,3,1,0,0,0,1,1,1,2,0,0,0,5,1,,,,,,,,,,
2026-05-21,824031,,/api/v1.1/game/824031/feed/live,R,2026,2026-05-21,,night,P,N,N,Regular Season,4,4,1,Final,Final,1,Angel Stadium,108,Los Angeles Angels,LAA,2,False,133,Athletics,ATH,3,True,663687,Hogan Harris,Hogan,Harris,36,1996-12-26,29,"6' 3""",230,1,Pitcher,R,Right,L,Left,,,,,,,,,,,,,,,,,,,,,,,,,,
2026-05-21,824031,,/api/v1.1/game/824031/feed/live,R,2026,2026-05-21,,night,P,N,N,Regular Season,4,4,1,Final,Final,1,Angel Stadium,108,Los Angeles Angels,LAA,2,False,133,Athletics,ATH,3,True,665622,Luis Medina,Luis,Medina,46,1999-05-03,27,"6' 1""",175,1,Pitcher,R,Right,R,Right,,,,,,,,,,,,,,,,,,,,,,,,,,
2026-05-21,824031,,/api/v1.1/game/824031/feed/live,R,2026,2026-05-21,,night,P,N,N,Regular Season,4,4,1,Final,Final,1,Angel Stadium,108,Los Angeles Angels,LAA,2,False,133,Athletics,ATH,3,True,703607,Henry Bolte,Henry,Bolte,33,2003-08-04,22,"6' 3""",195,8,Outfielder,R,Right,R,Right,"0-0 | BB, SB",,0,0,0,0,0,0,0,0,1,1,0,0,1,0,,,,,,,,,,
2026-05-21,824031,,/api/v1.1/game/824031/feed/live,R,2026,2026-05-21,,night,P,N,N,Regular Season,4,4,1,Final,Final,1,Angel Stadium,108,Los Angeles Angels,LAA,2,False,133,Athletics,ATH,3,True,687515,Colby Thomas,Colby,Thomas,32,2001-01-26,25,"5' 10""",190,9,Outfielder,R,Right,R,Right,,,,,,,,,,,,,,,,,,,,,,,,,,
2026-05-21,824031,,/api/v1.1/game/824031/feed/live,R,2026,2026-05-21,,night,P,N,N,Regular Season,4,4,1,Final,Final,1,Angel Stadium,108,Los Angeles Angels,LAA,2,False,133,Athletics,ATH,3,True,669127,Shea Langeliers,Shea,Langeliers,23,1997-11-18,28,"5' 11""",205,2,Catcher,R,Right,R,Right,"1-4 | 2B, BB, 2 K",,4,1,1,0,0,0,1,2,1,0,0,0,5,2,,,,,,,,,,
2026-05-21,824031,,/api/v1.1/game/824031/feed/live,R,2026,2026-05-21,,night,P,N,N,Regular Season,4,4,1,Final,Final,1,Angel Stadium,108,Los Angeles Angels,LAA,2,False,133,Athletics,ATH,3,True,643410,Mark Leiter Jr.,Mark,Leiter,38,1991-03-13,35,"6' 0""",210,1,Pitcher,R,Right,R,Right,"1.0 IP, 0 ER, K, 0 BB",,,,,,,,,,,,,,,,1.0,0,1,0,1,0,11,0,0,1
2026-05-21,824031,,/api/v1.1/game/824031/feed/live,R,2026,2026-05-21,,night,P,N,N,Regular Season,4,4,1,Final,Final,1,Angel Stadium,108,Los Angeles Angels,LAA,2,False,133,Athletics,ATH,3,True,678022,Jack Perkins,Jackson,Perkins,50,1999-12-26,26,"6' 1""",220,1,Pitcher,R,Right,R,Right,,,,,,,,,,,,,,,,,,,,,,,,,,
2026-05-21,824031,,/api/v1.1/game/824031/feed/live,R,2026,2026-05-21,,night,P,N,N,Regular Season,4,4,1,Final,Final,1,Angel Stadium,108,Los Angeles Angels,LAA,2,False,133,Athletics,ATH,3,True,605488,Jeffrey Springs,Jeffrey,Springs,59,1992-09-20,33,"6' 3""",218,1,Pitcher,L,Left,L,Left,,,,,,,,,,,,,,,,,,,,,,,,,,
2026-05-21,825083,,/api/v1.1/game/825083/feed/live,R,2026,2026-05-21,,night,P,N,N,Regular Season,1,4,1,Final,Final,15,Chase Field,109,Arizona Diamondbacks,AZ,2,True,115,Colorado Rockies,COL,1,False,593958,Eduardo Rodriguez,Eduardo,Rodriguez,57,1993-04-07,33,"6' 2""",231,1,Pitcher,L,Left,L,Left,"7.0 IP, 0 ER, 4 K, BB",,,,,,,,,,,,,,,,7.0,0,4,0,4,1,99,0,0,0
2026-05-21,825083,,/api/v1.1/game/825083/feed/live,R,2026,2026-05-21,,night,P,N,N,Regular Season,1,4,1,Final,Final,15,Chase Field,109,Arizona Diamondbacks,AZ,2,True,115,Colorado Rockies,COL,1,False,666661,Juan Morillo,Juan,Morillo,62,1999-03-19,27,"6' 1""",150,1,Pitcher,R,Right,R,Right,"0.1 IP, ER, K, BB",,,,,,,,,,,,,,,,0.1,1,2,0,1,1,23,0,0,0
2026-05-21,825083,,/api/v1.1/game/825083/feed/live,R,2026,2026-05-21,,night,P,N,N,Regular Season,1,4,1,Final,Final,15,Chase Field,109,Arizona Diamondbacks,AZ,2,True,115,Colorado Rockies,COL,1,False,694297,Brandon Pfaadt,Brandon,Pfaadt,32,1998-10-15,27,"6' 4""",220,1,Pitcher,R,Right,R,Right,,,,,,,,,,,,,,,,,,,,,,,,,,
2026-05-21,825083,,/api/v1.1/game/825083/feed/live,R,2026,2026-05-21,,night,P,N,N,Regular Season,1,4,1,Final,Final,15,Chase Field,109,Arizona Diamondbacks,AZ,2,True,115,Colorado Rockies,COL,1,False,694374,Tim Tawa,Timothy,Tawa,13,1999-04-07,27,"5' 11""",196,7,Outfielder,R,Right,R,Right,,,,,,,,,,,,,,,,,,,,,,,,,,
2026-05-21,825083,,/api/v1.1/game/825083/feed/live,R,2026,2026-05-21,,night,P,N,N,Regular Season,1,4,1,Final,Final,15,Chase Field,109,Arizona Diamondbacks,AZ,2,True,115,Colorado Rockies,COL,1,False,680728,Adrian Del Castillo,Adrian,Del Castillo,25,1999-09-27,26,"5' 9""",208,10,Designated Hitter,L,Left,R,Right,"0-1 | 2 BB, K",,1,0,0,0,0,0,0,1,2,0,0,0,3,0,,,,,,,,,,
2026-05-21,825083,,/api/v1.1/game/825083/feed/live,R,2026,2026-05-21,,night,P,N,N,Regular Season,1,4,1,Final,Final,15,Chase Field,109,Arizona Diamondbacks,AZ,2,True,115,Colorado Rockies,COL,1,False,571448,Nolan Arenado,Nolan,Arenado,28,1991-04-16,35,"6' 2""",215,5,Third Base,R,Right,R,Right,0-3 | HBP,,3,0,0,0,0,0,0,0,0,0,0,0,4,0,,,,,,,,,,
2026-05-21,825083,,/api/v1.1/game/825083/feed/live,R,2026,2026-05-21,,night,P,N,N,Regular Season,1,4,1,Final,Final,15,Chase Field,109,Arizona Diamondbacks,AZ,2,True,115,Colorado Rockies,COL,1,False,814439,Ryan Waldschmidt,Ryan,Waldschmidt,15,2002-10-07,23,"6' 0""",205,8,Outfielder,R,Right,R,Right,"0-3 | BB, 3 K, R",,3,0,0,0,0,0,1,3,1,0,0,0,4,0,,,,,,,,,,
2026-05-21,825083,,/api/v1.1/game/825083/feed/live,R,2026,2026-05-21,,night,P,N,N,Regular Season,1,4,1,Final,Final,15,Chase Field,109,Arizona Diamondbacks,AZ,2,True,115,Colorado Rockies,COL,1,False,518876,Merrill Kelly,Kenneth,Kelly,29,1988-10-14,37,"6' 2""",202,1,Pitcher,R,Right,R,Right,,,,,,,,,,,,,,,,,,,,,,,,,,
2026-05-21,825083,,/api/v1.1/game/825083/feed/live,R,2026,2026-05-21,,night,P,N,N,Regular Season,1,4,1,Final,Final,15,Chase Field,109,Arizona Diamondbacks,AZ,2,True,115,Colorado Rockies,COL,1,False,656464,Kevin Ginkel,Kevin,Ginkel,37,1994-03-24,32,"6' 4""",235,1,Pitcher,L,Left,R,Right,"0.2 IP, 0 ER, 0 K, 0 BB",,,,,,,,,,,,,,,,0.2,0,0,0,0,0,9,0,0,0
2026-05-21,825083,,/api/v1.1/game/825083/feed/live,R,2026,2026-05-21,,night,P,N,N,Regular Season,1,4,1,Final,Final,15,Chase Field,109,Arizona Diamondbacks,AZ,2,True,115,Colorado Rockies,COL,1,False,606466,Ketel Marte,Ketel,Marte,4,1993-10-12,32,"6' 0""",210,4,Second Base,S,Switch,R,Right,2-4 | BB,,4,2,0,0,0,0,0,0,1,0,0,0,5,2,,,,,,,,,,
2026-05-21,825083,,/api/v1.1/game/825083/feed/live,R,2026,2026-05-21,,night,P,N,N,Regular Season,1,4,1,Final,Final,15,Chase Field,109,Arizona Diamondbacks,AZ,2,True,115,Colorado Rockies,COL,1,False,642528,Jonathan Loáisiga,Jonathan,Loáisiga,43,1994-11-02,31,"5' 11""",195,1,Pitcher,R,Right,R,Right,,,,,,,,,,,,,,,,,,,,,,,,,,
2026-05-21,825083,,/api/v1.1/game/825083/feed/live,R,2026,2026-05-21,,night,P,N,N,Regular Season,1,4,1,Final,Final,15,Chase Field,109,Arizona Diamondbacks,AZ,2,True,115,Colorado Rockies,COL,1,False,545121,Ildemaro Vargas,Ildemaro,Vargas,6,1991-07-16,34,"5' 11""",202,3,First Base,S,Switch,R,Right,0-3 | BB,,3,0,0,0,0,0,0,0,1,0,0,1,4,0,,,,,,,,,,
2026-05-21,825083,,/api/v1.1/game/825083/feed/live,R,2026,2026-05-21,,night,P,N,N,Regular Season,1,4,1,Final,Final,15,Chase Field,109,Arizona Diamondbacks,AZ,2,True,115,Colorado Rockies,COL,1,False,669194,Ryne Nelson,Ryne,Nelson,19,1998-02-01,28,"6' 3""",184,1,Pitcher,R,Right,R,Right,,,,,,,,,,,,,,,,,,,,,,,,,,
2026-05-21,825083,,/api/v1.1/game/825083/feed/live,R,2026,2026-05-21,,night,P,N,N,Regular Season,1,4,1,Final,Final,15,Chase Field,109,Arizona Diamondbacks,AZ,2,True,115,Colorado Rockies,COL,1,False,672695,Geraldo Perdomo,Geraldo,Perdomo,2,1999-10-22,26,"6' 2""",203,6,Shortstop,S,Switch,R,Right,"0-2 | 2 BB, SB",,2,0,0,0,0,0,0,0,2,1,0,0,4,0,,,,,,,,,,
2026-05-21,825083,,/api/v1.1/game/825083/feed/live,R,2026,2026-05-21,,night,P,N,N,Regular Season,1,4,1,Final,Final,15,Chase Field,109,Arizona Diamondbacks,AZ,2,True,115,Colorado Rockies,COL,1,False,699912,Jose Fernandez,Jose,Fernandez,11,2003-09-22,22,"6' 3""",165,10,Designated Hitter,R,Right,R,Right,0-0,,0,0,0,0,0,0,0,0,0,0,0,0,1,0,,,,,,,,,,
2026-05-21,825083,,/api/v1.1/game/825083/feed/live,R,2026,2026-05-21,,night,P,N,N,Regular Season,1,4,1,Final,Final,15,Chase Field,109,Arizona Diamondbacks,AZ,2,True,115,Colorado Rockies,COL,1,False,623149,Paul Sewald,Paul,Sewald,38,1990-05-26,35,"6' 3""",219,1,Pitcher,R,Right,R,Right,"1.0 IP, 0 ER, K, 0 BB",,,,,,,,,,,,,,,,1.0,0,0,0,1,0,6,1,0,0
2026-05-21,825083,,/api/v1.1/game/825083/feed/live,R,2026,2026-05-21,,night,P,N,N,Regular Season,1,4,1,Final,Final,15,Chase Field,109,Arizona Diamondbacks,AZ,2,True,115,Colorado Rockies,COL,1,False,647336,Michael Soroka,Michael,Soroka,34,1997-08-04,28,"6' 5""",250,1,Pitcher,R,Right,R,Right,,,,,,,,,,,,,,,,,,,,,,,,,,
2026-05-21,825083,,/api/v1.1/game/825083/feed/live,R,2026,2026-05-21,,night,P,N,N,Regular Season,1,4,1,Final,Final,15,Chase Field,109,Arizona Diamondbacks,AZ,2,True,115,Colorado Rockies,COL,1,False,672515,Gabriel Moreno,Gabriel,Moreno,14,2000-02-14,26,"5' 9""",195,2,Catcher,R,Right,R,Right,"1-3 | BB, K, R",,3,1,0,0,0,0,1,1,1,1,0,0,4,1,,,,,,,,,,
2026-05-21,825083,,/api/v1.1/game/825083/feed/live,R,2026,2026-05-21,,night,P,N,N,Regular Season,1,4,1,Final,Final,15,Chase Field,109,Arizona Diamondbacks,AZ,2,True,115,Colorado Rockies,COL,1,False,682998,Corbin Carroll,Corbin,Carroll,7,2000-08-21,25,"5' 10""",165,9,Outfielder,L,Left,L,Left,"1-5 | 2 K, 2 RBI",,5,1,0,0,0,2,0,2,0,0,0,0,5,1,,,,,,,,,,
2026-05-21,825083,,/api/v1.1/game/825083/feed/live,R,2026,2026-05-21,,night,P,N,N,Regular Season,1,4,1,Final,Final,15,Chase Field,109,Arizona Diamondbacks,AZ,2,True,115,Colorado Rockies,COL,1,False,664199,Taylor Clarke,Taylor,Clarke,45,1993-05-13,33,"6' 3""",210,1,Pitcher,R,Right,R,Right,,,,,,,,,,,,,,,,,,,,,,,,,,
2026-05-21,825083,,/api/v1.1/game/825083/feed/live,R,2026,2026-05-21,,night,P,N,N,Regular Season,1,4,1,Final,Final,15,Chase Field,109,Arizona Diamondbacks,AZ,2,True,115,Colorado Rockies,COL,1,False,668678,Zac Gallen,Zachary,Gallen,23,1995-08-03,30,"6' 2""",189,1,Pitcher,R,Right,R,Right,,,,,,,,,,,,,,,,,,,,,,,,,,
2026-05-21,825083,,/api/v1.1/game/825083/feed/live,R,2026,2026-05-21,,night,P,N,N,Regular Season,1,4,1,Final,Final,15,Chase Field,109,Arizona Diamondbacks,AZ,2,True,115,Colorado Rockies,COL,1,False,666971,Lourdes Gurriel Jr.,Lourdes,Gurriel,12,1993-10-10,32,"6' 3""",215,7,Outfielder,R,Right,R,Right,0-4 | K,,4,0,0,0,0,0,0,1,0,0,0,0,4,0,,,,,,,,,,
2026-05-21,825083,,/api/v1.1/game/825083/feed/live,R,2026,2026-05-21,,night,P,N,N,Regular Season,1,4,1,Final,Final,15,Chase Field,109,Arizona Diamondbacks,AZ,2,True,115,Colorado Rockies,COL,1,False,605244,Aramis Garcia,Aramis,Garcia,35,1993-01-12,33,"6' 1""",228,2,Catcher,R,Right,R,Right,,,,,,,,,,,,,,,,,,,,,,,,,,
2026-05-21,825083,,/api/v1.1/game/825083/feed/live,R,2026,2026-05-21,,night,P,N,N,Regular Season,1,4,1,Final,Final,15,Chase Field,109,Arizona Diamondbacks,AZ,2,True,115,Colorado Rockies,COL,1,False,657044,Ryan Thompson,Ryan,Thompson,81,1992-06-26,33,"6' 5""",210,1,Pitcher,R,Right,R,Right,,,,,,,,,,,,,,,,,,,,,,,,,,
2026-05-21,825083,,/api/v1.1/game/825083/feed/live,R,2026,2026-05-21,,night,P,N,N,Regular Season,1,4,1,Final,Final,15,Chase Field,109,Arizona Diamondbacks,AZ,2,True,115,Colorado Rockies,COL,1,False,805299,Brandyn Garcia,Brandyn,Garcia,55,2000-05-27,25,"6' 4""",235,1,Pitcher,L,Left,L,Left,,,,,,,,,,,,,,,,,,,,,,,,,,
2026-05-21,825083,,/api/v1.1/game/825083/feed/live,R,2026,2026-05-21,,night,P,N,N,Regular Season,1,4,1,Final,Final,15,Chase Field,109,Arizona Diamondbacks,AZ,2,True,115,Colorado Rockies,COL,1,False,678489,Jorge Barrosa,Jorge,Barrosa,1,2001-02-17,25,"5' 6""",165,8,Outfielder,S,Switch,L,Left,,,,,,,,,,,,,,,,,,,,,,,,,,
2026-05-21,825083,,/api/v1.1/game/825083/feed/live,R,2026,2026-05-21,,night,P,N,N,Regular Season,1,4,1,Final,Final,15,Chase Field,109,Arizona Diamondbacks,AZ,2,True,115,Colorado Rockies,COL,1,False,624522,Keegan Thompson,Keegan,Thompson,34,1995-03-13,31,"6' 1""",197,1,Pitcher,R,Right,R,Right,,,,,,,,,,,,,,,,,,,,,,,,,,
2026-05-21,825083,,/api/v1.1/game/825083/feed/live,R,2026,2026-05-21,,night,P,N,N,Regular Season,1,4,1,Final,Final,15,Chase Field,109,Arizona Diamondbacks,AZ,2,True,115,Colorado Rockies,COL,1,False,666160,Mickey Moniak,McKenzie,Moniak,22,1998-05-13,28,"6' 1""",209,7,Outfielder,L,Left,R,Right,0-2 | K,,2,0,0,0,0,0,0,1,0,0,0,0,2,0,,,,,,,,,,
2026-05-21,825083,,/api/v1.1/game/825083/feed/live,R,2026,2026-05-21,,night,P,N,N,Regular Season,1,4,1,Final,Final,15,Chase Field,109,Arizona Diamondbacks,AZ,2,True,115,Colorado Rockies,COL,1,False,680604,Blas Castaño,Blas,Castano,63,1998-09-08,27,"5' 10""",162,1,Pitcher,R,Right,R,Right,"2.0 IP, ER, K, 3 BB",,,,,,,,,,,,,,,,2.0,1,2,0,1,3,41,0,0,0
2026-05-21,825083,,/api/v1.1/game/825083/feed/live,R,2026,2026-05-21,,night,P,N,N,Regular Season,1,4,1,Final,Final,15,Chase Field,109,Arizona Diamondbacks,AZ,2,True,115,Colorado Rockies,COL,1,False,677060,Chad Stevens,Chad,Stevens,39,1999-02-03,27,"6' 3""",218,6,Shortstop,R,Right,R,Right,0-2 | K,,2,0,0,0,0,0,0,1,0,0,0,0,2,0,,,,,,,,,,
2026-05-21,825083,,/api/v1.1/game/825083/feed/live,R,2026,2026-05-21,,night,P,N,N,Regular Season,1,4,1,Final,Final,15,Chase Field,109,Arizona Diamondbacks,AZ,2,True,115,Colorado Rockies,COL,1,False,664983,Jake McCarthy,Jacob,McCarthy,31,1997-07-30,28,"6' 0""",213,7,Outfielder,L,Left,L,Left,1-4,,4,1,0,0,0,0,0,0,0,0,0,0,4,1,,,,,,,,,,
2026-05-21,825083,,/api/v1.1/game/825083/feed/live,R,2026,2026-05-21,,night,P,N,N,Regular Season,1,4,1,Final,Final,15,Chase Field,109,Arizona Diamondbacks,AZ,2,True,115,Colorado Rockies,COL,1,False,687859,Troy Johnston,Troy,Johnston,20,1997-06-22,28,"5' 11""",206,9,Outfielder,L,Left,L,Left,1-3 | R,,3,1,0,0,0,0,1,0,0,0,0,0,3,1,,,,,,,,,,
2026-05-21,825083,,/api/v1.1/game/825083/feed/live,R,2026,2026-05-21,,night,P,N,N,Regular Season,1,4,1,Final,Final,15,Chase Field,109,Arizona Diamondbacks,AZ,2,True,115,Colorado Rockies,COL,1,False,690924,Braxton Fulford,Braxton,Fulford,37,1998-12-09,27,"5' 10""",205,2,Catcher,R,Right,R,Right,0-2,,2,0,0,0,0,0,0,0,0,0,0,0,2,0,,,,,,,,,,
2026-05-21,825083,,/api/v1.1/game/825083/feed/live,R,2026,2026-05-21,,night,P,N,N,Regular Season,1,4,1,Final,Final,15,Chase Field,109,Arizona Diamondbacks,AZ,2,True,115,Colorado Rockies,COL,1,False,500779,Jose Quintana,Jose,Quintana,62,1989-01-24,37,"6' 2""",224,1,Pitcher,R,Right,L,Left,,,,,,,,,,,,,,,,,,,,,,,,,,
2026-05-21,825083,,/api/v1.1/game/825083/feed/live,R,2026,2026-05-21,,night,P,N,N,Regular Season,1,4,1,Final,Final,15,Chase Field,109,Arizona Diamondbacks,AZ,2,True,115,Colorado Rockies,COL,1,False,607536,Kyle Freeland,Kyle,Freeland,21,1993-05-14,33,"6' 4""",202,1,Pitcher,L,Left,L,Left,,,,,,,,,,,,,,,,,,,,,,,,,,
2026-05-21,825083,,/api/v1.1/game/825083/feed/live,R,2026,2026-05-21,,night,P,N,N,Regular Season,1,4,1,Final,Final,15,Chase Field,109,Arizona Diamondbacks,AZ,2,True,115,Colorado Rockies,COL,1,False,650489,Willi Castro,Willi,Castro,3,1997-04-24,29,"6' 0""",209,4,Second Base,S,Switch,R,Right,1-2 | 2 BB,,2,1,0,0,0,0,0,0,2,0,0,0,4,1,,,,,,,,,,
2026-05-21,825083,,/api/v1.1/game/825083/feed/live,R,2026,2026-05-21,,night,P,N,N,Regular Season,1,4,1,Final,Final,15,Chase Field,109,Arizona Diamondbacks,AZ,2,True,115,Colorado Rockies,COL,1,False,657514,Brennan Bernardino,Brennan,Bernardino,83,1992-01-15,34,"6' 4""",216,1,Pitcher,L,Left,L,Left,,,,,,,,,,,,,,,,,,,,,,,,,,
2026-05-21,825083,,/api/v1.1/game/825083/feed/live,R,2026,2026-05-21,,night,P,N,N,Regular Season,1,4,1,Final,Final,15,Chase Field,109,Arizona Diamondbacks,AZ,2,True,115,Colorado Rockies,COL,1,False,671289,Tyler Freeman,Tyler,Freeman,2,1999-05-21,27,"5' 11""",200,9,Outfielder,R,Right,R,Right,"1-3 | HBP, K, RBI",,3,1,0,0,0,1,0,1,0,0,0,1,4,1,,,,,,,,,,
2026-05-21,825083,,/api/v1.1/game/825083/feed/live,R,2026,2026-05-21,,night,P,N,N,Regular Season,1,4,1,Final,Final,15,Chase Field,109,Arizona Diamondbacks,AZ,2,True,115,Colorado Rockies,COL,1,False,675848,Juan Mejia,Juan,Mejia,47,2000-07-04,25,"6' 3""",210,1,Pitcher,R,Right,R,Right,"0.2 IP, ER, K, 2 BB",,,,,,,,,,,,,,,,0.2,1,1,0,1,2,26,0,1,0
2026-05-21,825083,,/api/v1.1/game/825083/feed/live,R,2026,2026-05-21,,night,P,N,N,Regular Season,1,4,1,Final,Final,15,Chase Field,109,Arizona Diamondbacks,AZ,2,True,115,Colorado Rockies,COL,1,False,666397,Edouard Julien,Edouard,Julien,6,1999-04-30,27,"6' 1""",195,4,Second Base,L,Left,R,Right,,,,,,,,,,,,,,,,,,,,,,,,,,
2026-05-21,825083,,/api/v1.1/game/825083/feed/live,R,2026,2026-05-21,,night,P,N,N,Regular Season,1,4,1,Final,Final,15,Chase Field,109,Arizona Diamondbacks,AZ,2,True,115,Colorado Rockies,COL,1,False,696100,Hunter Goodman,Hunter,Goodman,15,1999-10-08,26,"5' 11""",220,2,Catcher,R,Right,R,Right,0-4 | 2 K,,4,0,0,0,0,0,0,2,0,0,0,1,4,0,,,,,,,,,,
2026-05-21,825083,,/api/v1.1/game/825083/feed/live,R,2026,2026-05-21,,night,P,N,N,Regular Season,1,4,1,Final,Final,15,Chase Field,109,Arizona Diamondbacks,AZ,2,True,115,Colorado Rockies,COL,1,False,608372,Tomoyuki Sugano,Tomoyuki,Sugano,11,1989-10-11,36,"6' 1""",227,1,Pitcher,R,Right,R,Right,,,,,,,,,,,,,,,,,,,,,,,,,,
2026-05-21,825083,,/api/v1.1/game/825083/feed/live,R,2026,2026-05-21,,night,P,N,N,Regular Season,1,4,1,Final,Final,15,Chase Field,109,Arizona Diamondbacks,AZ,2,True,115,Colorado Rockies,COL,1,False,688642,Zach Agnos,Zachary,Agnos,36,2000-08-15,25,"6' 0""",225,1,Pitcher,R,Right,R,Right,"5.0 IP, 0 ER, 4 K, BB",,,,,,,,,,,,,,,,5.0,0,1,0,4,1,71,0,0,0
2026-05-21,825083,,/api/v1.1/game/825083/feed/live,R,2026,2026-05-21,,night,P,N,N,Regular Season,1,4,1,Final,Final,15,Chase Field,109,Arizona Diamondbacks,AZ,2,True,115,Colorado Rockies,COL,1,False,685299,Tanner Gordon,Tanner,Gordon,29,1997-10-26,28,"6' 5""",220,1,Pitcher,L,Left,R,Right,,,,,,,,,,,,,,,,,,,,,,,,,,
2026-05-21,825083,,/api/v1.1/game/825083/feed/live,R,2026,2026-05-21,,night,P,N,N,Regular Season,1,4,1,Final,Final,15,Chase Field,109,Arizona Diamondbacks,AZ,2,True,115,Colorado Rockies,COL,1,False,664954,Brett Sullivan,Brett,Sullivan,26,1994-02-22,32,"5' 11""",190,2,Catcher,L,Left,R,Right,,,,,,,,,,,,,,,,,,,,,,,,,,
2026-05-21,825083,,/api/v1.1/game/825083/feed/live,R,2026,2026-05-21,,night,P,N,N,Regular Season,1,4,1,Final,Final,15,Chase Field,109,Arizona Diamondbacks,AZ,2,True,115,Colorado Rockies,COL,1,False,678662,Ezequiel Tovar,Ezequiel,Tovar,14,2001-08-01,24,"6' 0""",192,6,Shortstop,R,Right,R,Right,1-4 | 2B,,4,1,1,0,0,0,0,0,0,0,0,0,4,2,,,,,,,,,,
2026-05-21,825083,,/api/v1.1/game/825083/feed/live,R,2026,2026-05-21,,night,P,N,N,Regular Season,1,4,1,Final,Final,15,Chase Field,109,Arizona Diamondbacks,AZ,2,True,115,Colorado Rockies,COL,1,False,547179,Michael Lorenzen,Michael,Lorenzen,24,1992-01-04,34,"6' 1""",210,1,Pitcher,R,Right,R,Right,,,,,,,,,,,,,,,,,,,,,,,,,,
2026-05-21,825083,,/api/v1.1/game/825083/feed/live,R,2026,2026-05-21,,night,P,N,N,Regular Season,1,4,1,Final,Final,15,Chase Field,109,Arizona Diamondbacks,AZ,2,True,115,Colorado Rockies,COL,1,False,681198,TJ Rumfield,Toby,Rumfield,7,2000-05-17,26,"6' 5""",238,3,First Base,L,Left,R,Right,1-1,,1,1,0,0,0,0,0,0,0,0,0,0,1,1,,,,,,,,,,
2026-05-21,825083,,/api/v1.1/game/825083/feed/live,R,2026,2026-05-21,,night,P,N,N,Regular Season,1,4,1,Final,Final,15,Chase Field,109,Arizona Diamondbacks,AZ,2,True,115,Colorado Rockies,COL,1,False,678020,Seth Halvorsen,Seth,Halvorsen,54,2000-02-18,26,"6' 2""",243,1,Pitcher,R,Right,R,Right,"1.0 IP, 0 ER, 2 K, 2 BB",,,,,,,,,,,,,,,,1.0,0,0,0,2,2,19,0,0,0
2026-05-21,825083,,/api/v1.1/game/825083/feed/live,R,2026,2026-05-21,,night,P,N,N,Regular Season,1,4,1,Final,Final,15,Chase Field,109,Arizona Diamondbacks,AZ,2,True,115,Colorado Rockies,COL,1,False,622608,Antonio Senzatela,Antonio,Senzatela,49,1995-01-21,31,"6' 1""",235,1,Pitcher,R,Right,R,Right,,,,,,,,,,,,,,,,,,,,,,,,,,
2026-05-21,825083,,/api/v1.1/game/825083/feed/live,R,2026,2026-05-21,,night,P,N,N,Regular Season,1,4,1,Final,Final,15,Chase Field,109,Arizona Diamondbacks,AZ,2,True,115,Colorado Rockies,COL,1,False,677955,Jaden Hill,Kenneth,Hill,0,1999-12-22,26,"6' 4""",260,1,Pitcher,R,Right,R,Right,,,,,,,,,,,,,,,,,,,,,,,,,,
2026-05-21,825083,,/api/v1.1/game/825083/feed/live,R,2026,2026-05-21,,night,P,N,N,Regular Season,1,4,1,Final,Final,15,Chase Field,109,Arizona Diamondbacks,AZ,2,True,115,Colorado Rockies,COL,1,False,691720,Kyle Karros,Kyle,Karros,12,2002-07-26,23,"6' 5""",225,5,Third Base,R,Right,R,Right,0-4 | K,,4,0,0,0,0,0,0,1,0,0,0,0,4,0,,,,,,,,,,
