gameDate,gamePk,gameGuid,link,gameType,season,officialDate,description,dayNight,gamedayType,doubleHeader,tiebreaker,seriesDescription,seriesGameNumber,gamesInSeries,gameNumber,status_abstractGameState,status_detailedState,venue_id,venue_name,home_team_id,home_team_name,home_team_abbreviation,home_score,home_isWinner,away_team_id,away_team_name,away_team_abbreviation,away_score,away_isWinner,playerId,fullName,firstName,lastName,primaryNumber,birthDate,currentAge,height,weight,primaryPosition_code,primaryPosition_name,batSide_code,batSide_description,pitchHand_code,pitchHand_description,gameLogSummary,note,atBats,hits,doubles,triples,homeRuns,rbi,runs,strikeOuts,baseOnBalls,stolenBases,caughtStealing,groundIntoDoublePlay,plateAppearances,totalBases,inningsPitched,earnedRuns,hitsAllowed,homeRunsAllowed,strikeOutsPitching,baseOnBallsPitching,pitchesThrown,wins,losses,saves
2026-05-11,824441,,/api/v1.1/game/824441/feed/live,R,2026,2026-05-11,,night,P,N,N,Regular Season,1,3,1,Final,Final,5,Progressive Field,114,Cleveland Guardians,CLE,7,True,108,Los Angeles Angels,LAA,2,False,800050,Chase DeLauter,Chase,DeLauter,24,2001-10-08,24,"6' 3""",235,9,Outfielder,L,Left,L,Left,"0-3 | BB, R",,3,0,0,0,0,0,1,0,1,0,0,0,4,0,,,,,,,,,,
2026-05-11,824441,,/api/v1.1/game/824441/feed/live,R,2026,2026-05-11,,night,P,N,N,Regular Season,1,3,1,Final,Final,5,Progressive Field,114,Cleveland Guardians,CLE,7,True,108,Los Angeles Angels,LAA,2,False,595978,Austin Hedges,Austin,Hedges,27,1992-08-18,33,"6' 0""",220,2,Catcher,R,Right,R,Right,,,,,,,,,,,,,,,,,,,,,,,,,,
2026-05-11,824441,,/api/v1.1/game/824441/feed/live,R,2026,2026-05-11,,night,P,N,N,Regular Season,1,3,1,Final,Final,5,Progressive Field,114,Cleveland Guardians,CLE,7,True,108,Los Angeles Angels,LAA,2,False,683953,Travis Bazzana,Travis,Bazzana,37,2002-08-28,23,"5' 11""",199,4,Second Base,L,Left,R,Right,"1-2 | 2B, 2 BB, K",,2,1,1,0,0,2,0,1,2,0,0,0,4,2,,,,,,,,,,
2026-05-11,824441,,/api/v1.1/game/824441/feed/live,R,2026,2026-05-11,,night,P,N,N,Regular Season,1,3,1,Final,Final,5,Progressive Field,114,Cleveland Guardians,CLE,7,True,108,Los Angeles Angels,LAA,2,False,682177,Daniel Schneemann,Daniel,Schneemann,10,1997-01-23,29,"6' 0""",185,8,Outfielder,L,Left,R,Right,"1-4 | 2 RBI, 2 R, SB",,4,1,0,0,0,2,2,0,0,1,0,0,4,1,,,,,,,,,,
2026-05-11,824441,,/api/v1.1/game/824441/feed/live,R,2026,2026-05-11,,night,P,N,N,Regular Season,1,3,1,Final,Final,5,Progressive Field,114,Cleveland Guardians,CLE,7,True,108,Los Angeles Angels,LAA,2,False,677944,Slade Cecconi,Slade,Cecconi,44,1999-06-24,26,"6' 4""",219,1,Pitcher,R,Right,R,Right,,,,,,,,,,,,,,,,,,,,,,,,,,
2026-05-11,824441,,/api/v1.1/game/824441/feed/live,R,2026,2026-05-11,,night,P,N,N,Regular Season,1,3,1,Final,Final,5,Progressive Field,114,Cleveland Guardians,CLE,7,True,108,Los Angeles Angels,LAA,2,False,672275,Patrick Bailey,Patrick,Bailey,16,1999-05-29,26,"6' 0""",223,2,Catcher,S,Switch,R,Right,,,,,,,,,,,,,,,,,,,,,,,,,,
2026-05-11,824441,,/api/v1.1/game/824441/feed/live,R,2026,2026-05-11,,night,P,N,N,Regular Season,1,3,1,Final,Final,5,Progressive Field,114,Cleveland Guardians,CLE,7,True,108,Los Angeles Angels,LAA,2,False,677587,Brayan Rocchio,Brayan,Rocchio,4,2001-01-13,25,"5' 9""",170,6,Shortstop,S,Switch,R,Right,"1-4 | 2 RBI, SB",,4,1,0,0,0,2,0,0,0,1,0,0,4,1,,,,,,,,,,
2026-05-11,824441,,/api/v1.1/game/824441/feed/live,R,2026,2026-05-11,,night,P,N,N,Regular Season,1,3,1,Final,Final,5,Progressive Field,114,Cleveland Guardians,CLE,7,True,108,Los Angeles Angels,LAA,2,False,690984,Petey Halpin,Peter,Halpin,0,2002-05-26,23,"5' 11""",200,8,Outfielder,L,Left,R,Right,0-1,,1,0,0,0,0,0,0,0,0,0,0,0,1,0,,,,,,,,,,
2026-05-11,824441,,/api/v1.1/game/824441/feed/live,R,2026,2026-05-11,,night,P,N,N,Regular Season,1,3,1,Final,Final,5,Progressive Field,114,Cleveland Guardians,CLE,7,True,108,Los Angeles Angels,LAA,2,False,670036,Matt Festa,Matthew,Festa,52,1993-03-11,33,"6' 1""",195,1,Pitcher,R,Right,R,Right,"1.0 IP, 0 ER, K, BB",,,,,,,,,,,,,,,,1.0,0,1,0,1,1,28,0,0,0
2026-05-11,824441,,/api/v1.1/game/824441/feed/live,R,2026,2026-05-11,,night,P,N,N,Regular Season,1,3,1,Final,Final,5,Progressive Field,114,Cleveland Guardians,CLE,7,True,108,Los Angeles Angels,LAA,2,False,670059,Colin Holderman,Colin,Holderman,35,1995-10-08,30,"6' 6""",230,1,Pitcher,R,Right,R,Right,"1.0 IP, ER, 3 K, BB",,,,,,,,,,,,,,,,1.0,1,1,0,3,1,32,0,0,0
2026-05-11,824441,,/api/v1.1/game/824441/feed/live,R,2026,2026-05-11,,night,P,N,N,Regular Season,1,3,1,Final,Final,5,Progressive Field,114,Cleveland Guardians,CLE,7,True,108,Los Angeles Angels,LAA,2,False,681807,David Fry,David,Fry,6,1995-11-20,30,"6' 1""",215,9,Outfielder,R,Right,R,Right,"2-3 | 2B, BB, RBI",,3,2,1,0,0,1,1,0,1,0,0,0,4,3,,,,,,,,,,
2026-05-11,824441,,/api/v1.1/game/824441/feed/live,R,2026,2026-05-11,,night,P,N,N,Regular Season,1,3,1,Final,Final,5,Progressive Field,114,Cleveland Guardians,CLE,7,True,108,Los Angeles Angels,LAA,2,False,680916,Franco Aleman,Franco,Aleman,55,2000-06-26,25,"6' 6""",235,1,Pitcher,R,Right,R,Right,,,,,,,,,,,,,,,,,,,,,,,,,,
2026-05-11,824441,,/api/v1.1/game/824441/feed/live,R,2026,2026-05-11,,night,P,N,N,Regular Season,1,3,1,Final,Final,5,Progressive Field,114,Cleveland Guardians,CLE,7,True,108,Los Angeles Angels,LAA,2,False,671922,Cade Smith,Cade,Smith,36,1999-05-09,27,"6' 5""",230,1,Pitcher,R,Right,R,Right,,,,,,,,,,,,,,,,,,,,,,,,,,
2026-05-11,824441,,/api/v1.1/game/824441/feed/live,R,2026,2026-05-11,,night,P,N,N,Regular Season,1,3,1,Final,Final,5,Progressive Field,114,Cleveland Guardians,CLE,7,True,108,Los Angeles Angels,LAA,2,False,608070,José Ramírez,José,Ramírez,11,1992-09-17,33,"5' 8""",190,5,Third Base,S,Switch,R,Right,0-5 | K,,5,0,0,0,0,0,0,1,0,0,0,0,5,0,,,,,,,,,,
2026-05-11,824441,,/api/v1.1/game/824441/feed/live,R,2026,2026-05-11,,night,P,N,N,Regular Season,1,3,1,Final,Final,5,Progressive Field,114,Cleveland Guardians,CLE,7,True,108,Los Angeles Angels,LAA,2,False,680757,Steven Kwan,Steven,Kwan,38,1997-09-05,28,"5' 8""",170,8,Outfielder,L,Left,L,Left,"0-3 | 2 BB, K",,3,0,0,0,0,0,0,1,2,0,0,0,5,0,,,,,,,,,,
2026-05-11,824441,,/api/v1.1/game/824441/feed/live,R,2026,2026-05-11,,night,P,N,N,Regular Season,1,3,1,Final,Final,5,Progressive Field,114,Cleveland Guardians,CLE,7,True,108,Los Angeles Angels,LAA,2,False,688883,Peyton Pallette,Peyton,Pallette,41,2001-05-09,25,"6' 1""",190,1,Pitcher,R,Right,R,Right,"1.0 IP, ER, K, 0 BB",,,,,,,,,,,,,,,,1.0,1,2,0,1,0,17,0,0,0
2026-05-11,824441,,/api/v1.1/game/824441/feed/live,R,2026,2026-05-11,,night,P,N,N,Regular Season,1,3,1,Final,Final,5,Progressive Field,114,Cleveland Guardians,CLE,7,True,108,Los Angeles Angels,LAA,2,False,682657,Angel Martínez,Angel,Martínez,1,2002-01-27,24,"5' 11""",200,7,Outfielder,S,Switch,R,Right,0-0,,0,0,0,0,0,0,0,0,0,0,0,0,0,0,,,,,,,,,,
2026-05-11,824441,,/api/v1.1/game/824441/feed/live,R,2026,2026-05-11,,night,P,N,N,Regular Season,1,3,1,Final,Final,5,Progressive Field,114,Cleveland Guardians,CLE,7,True,108,Los Angeles Angels,LAA,2,False,700932,Kyle Manzardo,Kyle,Manzardo,9,2000-07-18,25,"5' 11""",205,3,First Base,L,Left,R,Right,"2-4 | 2B, BB, 2 R",,4,2,1,0,0,0,2,0,1,0,0,0,5,3,,,,,,,,,,
2026-05-11,824441,,/api/v1.1/game/824441/feed/live,R,2026,2026-05-11,,night,P,N,N,Regular Season,1,3,1,Final,Final,5,Progressive Field,114,Cleveland Guardians,CLE,7,True,108,Los Angeles Angels,LAA,2,False,800048,Parker Messick,Parker,Messick,77,2000-10-26,25,"6' 0""",225,1,Pitcher,L,Left,L,Left,,,,,,,,,,,,,,,,,,,,,,,,,,
2026-05-11,824441,,/api/v1.1/game/824441/feed/live,R,2026,2026-05-11,,night,P,N,N,Regular Season,1,3,1,Final,Final,5,Progressive Field,114,Cleveland Guardians,CLE,7,True,108,Los Angeles Angels,LAA,2,False,676282,Joey Cantillo,Joseph,Cantillo,54,1999-12-18,26,"6' 4""",225,1,Pitcher,L,Left,L,Left,"6.0 IP, 0 ER, 4 K, BB",,,,,,,,,,,,,,,,6.0,0,5,0,4,1,93,1,0,0
2026-05-11,824441,,/api/v1.1/game/824441/feed/live,R,2026,2026-05-11,,night,P,N,N,Regular Season,1,3,1,Final,Final,5,Progressive Field,114,Cleveland Guardians,CLE,7,True,108,Los Angeles Angels,LAA,2,False,681870,Erik Sabrowski,Erik,Sabrowski,62,1997-10-31,28,"6' 4""",230,1,Pitcher,R,Right,L,Left,,,,,,,,,,,,,,,,,,,,,,,,,,
2026-05-11,824441,,/api/v1.1/game/824441/feed/live,R,2026,2026-05-11,,night,P,N,N,Regular Season,1,3,1,Final,Final,5,Progressive Field,114,Cleveland Guardians,CLE,7,True,108,Los Angeles Angels,LAA,2,False,668909,Gavin Williams,Gavin,Williams,32,1999-07-26,26,"6' 6""",250,1,Pitcher,L,Left,R,Right,,,,,,,,,,,,,,,,,,,,,,,,,,
2026-05-11,824441,,/api/v1.1/game/824441/feed/live,R,2026,2026-05-11,,night,P,N,N,Regular Season,1,3,1,Final,Final,5,Progressive Field,114,Cleveland Guardians,CLE,7,True,108,Los Angeles Angels,LAA,2,False,683769,Hunter Gaddis,Hunter,Gaddis,33,1998-04-09,28,"6' 6""",260,1,Pitcher,R,Right,R,Right,,,,,,,,,,,,,,,,,,,,,,,,,,
2026-05-11,824441,,/api/v1.1/game/824441/feed/live,R,2026,2026-05-11,,night,P,N,N,Regular Season,1,3,1,Final,Final,5,Progressive Field,114,Cleveland Guardians,CLE,7,True,108,Los Angeles Angels,LAA,2,False,676440,Tanner Bibee,Tanner,Bibee,28,1999-03-05,27,"6' 2""",205,1,Pitcher,R,Right,R,Right,,,,,,,,,,,,,,,,,,,,,,,,,,
2026-05-11,824441,,/api/v1.1/game/824441/feed/live,R,2026,2026-05-11,,night,P,N,N,Regular Season,1,3,1,Final,Final,5,Progressive Field,114,Cleveland Guardians,CLE,7,True,108,Los Angeles Angels,LAA,2,False,682120,Tim Herrin,Tim,Herrin,29,1996-10-08,29,"6' 6""",230,1,Pitcher,L,Left,L,Left,,,,,,,,,,,,,,,,,,,,,,,,,,
2026-05-11,824441,,/api/v1.1/game/824441/feed/live,R,2026,2026-05-11,,night,P,N,N,Regular Season,1,3,1,Final,Final,5,Progressive Field,114,Cleveland Guardians,CLE,7,True,108,Los Angeles Angels,LAA,2,False,656555,Rhys Hoskins,Rhys,Hoskins,8,1993-03-17,33,"6' 3""",241,3,First Base,R,Right,R,Right,"0-2 | 3 BB, K, R",,2,0,0,0,0,0,1,1,3,0,0,0,5,0,,,,,,,,,,
2026-05-11,824441,,/api/v1.1/game/824441/feed/live,R,2026,2026-05-11,,night,P,N,N,Regular Season,1,3,1,Final,Final,5,Progressive Field,114,Cleveland Guardians,CLE,7,True,108,Los Angeles Angels,LAA,2,False,624428,Adam Frazier,Adam,Frazier,20,1991-12-14,34,"5' 10""",190,4,Second Base,L,Left,R,Right,,,,,,,,,,,,,,,,,,,,,,,,,,
2026-05-11,824441,,/api/v1.1/game/824441/feed/live,R,2026,2026-05-11,,night,P,N,N,Regular Season,1,3,1,Final,Final,5,Progressive Field,114,Cleveland Guardians,CLE,7,True,108,Los Angeles Angels,LAA,2,False,672724,Oswald Peraza,Oswald,Peraza,2,2000-06-15,25,"5' 11""",200,4,Second Base,R,Right,R,Right,"0-2 | BB, HBP, K",,2,0,0,0,0,0,0,1,1,0,0,0,4,0,,,,,,,,,,
2026-05-11,824441,,/api/v1.1/game/824441/feed/live,R,2026,2026-05-11,,night,P,N,N,Regular Season,1,3,1,Final,Final,5,Progressive Field,114,Cleveland Guardians,CLE,7,True,108,Los Angeles Angels,LAA,2,False,687263,Zach Neto,Zachary,Neto,9,2001-01-31,25,"5' 11""",185,6,Shortstop,R,Right,R,Right,"1-5 | K, R",,5,1,0,0,0,0,1,1,0,0,0,0,5,1,,,,,,,,,,
2026-05-11,824441,,/api/v1.1/game/824441/feed/live,R,2026,2026-05-11,,night,P,N,N,Regular Season,1,3,1,Final,Final,5,Progressive Field,114,Cleveland Guardians,CLE,7,True,108,Los Angeles Angels,LAA,2,False,624585,Jorge Soler,Jorge,Soler,12,1992-02-25,34,"6' 3""",235,9,Outfielder,R,Right,R,Right,"1-4 | BB, K, R",,4,1,0,0,0,0,1,1,1,0,0,0,5,1,,,,,,,,,,
2026-05-11,824441,,/api/v1.1/game/824441/feed/live,R,2026,2026-05-11,,night,P,N,N,Regular Season,1,3,1,Final,Final,5,Progressive Field,114,Cleveland Guardians,CLE,7,True,108,Los Angeles Angels,LAA,2,False,660162,Yoán Moncada,Yoán,Moncada,10,1995-05-27,30,"6' 0""",220,5,Third Base,S,Switch,R,Right,0-1 | K,,1,0,0,0,0,0,0,1,0,0,0,0,1,0,,,,,,,,,,
2026-05-11,824441,,/api/v1.1/game/824441/feed/live,R,2026,2026-05-11,,night,P,N,N,Regular Season,1,3,1,Final,Final,5,Progressive Field,114,Cleveland Guardians,CLE,7,True,108,Los Angeles Angels,LAA,2,False,681217,Chase Silseth,Chase,Silseth,63,2000-05-18,25,"6' 0""",217,1,Pitcher,R,Right,R,Right,,,,,,,,,,,,,,,,,,,,,,,,,,
2026-05-11,824441,,/api/v1.1/game/824441/feed/live,R,2026,2026-05-11,,night,P,N,N,Regular Season,1,3,1,Final,Final,5,Progressive Field,114,Cleveland Guardians,CLE,7,True,108,Los Angeles Angels,LAA,2,False,666201,Alek Manoah,Alek,Manoah,47,1998-01-09,28,"6' 6""",285,1,Pitcher,R,Right,R,Right,"5.0 IP, 0 ER, 2 K, 5 BB",,,,,,,,,,,,,,,,5.0,0,2,0,2,5,91,0,0,0
2026-05-11,824441,,/api/v1.1/game/824441/feed/live,R,2026,2026-05-11,,night,P,N,N,Regular Season,1,3,1,Final,Final,5,Progressive Field,114,Cleveland Guardians,CLE,7,True,108,Los Angeles Angels,LAA,2,False,667755,José Soriano,José,Soriano,59,1998-10-20,27,"6' 3""",220,1,Pitcher,R,Right,R,Right,,,,,,,,,,,,,,,,,,,,,,,,,,
2026-05-11,824441,,/api/v1.1/game/824441/feed/live,R,2026,2026-05-11,,night,P,N,N,Regular Season,1,3,1,Final,Final,5,Progressive Field,114,Cleveland Guardians,CLE,7,True,108,Los Angeles Angels,LAA,2,False,686799,Jack Kochanowicz,Jack,Kochanowicz,41,2000-12-22,25,"6' 7""",228,1,Pitcher,L,Left,R,Right,,,,,,,,,,,,,,,,,,,,,,,,,,
2026-05-11,824441,,/api/v1.1/game/824441/feed/live,R,2026,2026-05-11,,night,P,N,N,Regular Season,1,3,1,Final,Final,5,Progressive Field,114,Cleveland Guardians,CLE,7,True,108,Los Angeles Angels,LAA,2,False,815083,Mitch Farris,Mitchell,Farris,70,2001-02-14,25,"6' 2""",195,1,Pitcher,L,Left,L,Left,,,,,,,,,,,,,,,,,,,,,,,,,,
2026-05-11,824441,,/api/v1.1/game/824441/feed/live,R,2026,2026-05-11,,night,P,N,N,Regular Season,1,3,1,Final,Final,5,Progressive Field,114,Cleveland Guardians,CLE,7,True,108,Los Angeles Angels,LAA,2,False,545361,Mike Trout,Michael,Trout,27,1991-08-07,34,"6' 1""",235,8,Outfielder,R,Right,R,Right,"1-4 | BB, 2 K",,4,1,0,0,0,0,0,2,1,0,0,0,5,1,,,,,,,,,,
2026-05-11,824441,,/api/v1.1/game/824441/feed/live,R,2026,2026-05-11,,night,P,N,N,Regular Season,1,3,1,Final,Final,5,Progressive Field,114,Cleveland Guardians,CLE,7,True,108,Los Angeles Angels,LAA,2,False,519141,Drew Pomeranz,Thomas,Pomeranz,13,1988-11-22,37,"6' 5""",246,1,Pitcher,R,Right,L,Left,,,,,,,,,,,,,,,,,,,,,,,,,,
2026-05-11,824441,,/api/v1.1/game/824441/feed/live,R,2026,2026-05-11,,night,P,N,N,Regular Season,1,3,1,Final,Final,5,Progressive Field,114,Cleveland Guardians,CLE,7,True,108,Los Angeles Angels,LAA,2,False,820862,José Fermin,Jose,Fermin,65,2001-11-28,24,"6' 3""",242,1,Pitcher,R,Right,R,Right,"0.2 IP, 3 ER, 0 K, 3 BB",,,,,,,,,,,,,,,,0.2,3,1,0,0,3,26,0,0,0
2026-05-11,824441,,/api/v1.1/game/824441/feed/live,R,2026,2026-05-11,,night,P,N,N,Regular Season,1,3,1,Final,Final,5,Progressive Field,114,Cleveland Guardians,CLE,7,True,108,Los Angeles Angels,LAA,2,False,666176,Jo Adell,Jordon,Adell,7,1999-04-08,27,"6' 2""",215,9,Outfielder,R,Right,R,Right,"2-4 | 2B, K, RBI",,4,2,1,0,0,1,0,1,0,0,0,0,4,3,,,,,,,,,,
2026-05-11,824441,,/api/v1.1/game/824441/feed/live,R,2026,2026-05-11,,night,P,N,N,Regular Season,1,3,1,Final,Final,5,Progressive Field,114,Cleveland Guardians,CLE,7,True,108,Los Angeles Angels,LAA,2,False,687093,Vaughn Grissom,Vaughn,Grissom,5,2001-01-05,25,"6' 2""",210,4,Second Base,R,Right,R,Right,1-5 | RBI,,5,1,0,0,0,1,0,0,0,0,0,1,5,1,,,,,,,,,,
2026-05-11,824441,,/api/v1.1/game/824441/feed/live,R,2026,2026-05-11,,night,P,N,N,Regular Season,1,3,1,Final,Final,5,Progressive Field,114,Cleveland Guardians,CLE,7,True,108,Los Angeles Angels,LAA,2,False,696147,Sam Bachman,Samuel,Bachman,40,1999-09-30,26,"6' 1""",235,1,Pitcher,R,Right,R,Right,,,,,,,,,,,,,,,,,,,,,,,,,,
2026-05-11,824441,,/api/v1.1/game/824441/feed/live,R,2026,2026-05-11,,night,P,N,N,Regular Season,1,3,1,Final,Final,5,Progressive Field,114,Cleveland Guardians,CLE,7,True,108,Los Angeles Angels,LAA,2,False,666171,Ryan Zeferjahn,Ryan,Zeferjahn,56,1998-02-28,28,"6' 5""",209,1,Pitcher,R,Right,R,Right,,,,,,,,,,,,,,,,,,,,,,,,,,
2026-05-11,824441,,/api/v1.1/game/824441/feed/live,R,2026,2026-05-11,,night,P,N,N,Regular Season,1,3,1,Final,Final,5,Progressive Field,114,Cleveland Guardians,CLE,7,True,108,Los Angeles Angels,LAA,2,False,694384,Nolan Schanuel,Nolan,Schanuel,18,2002-02-14,24,"6' 2""",220,3,First Base,L,Left,R,Right,"2-4 | 2B, K",,4,2,1,0,0,0,0,1,0,0,0,0,4,3,,,,,,,,,,
2026-05-11,824441,,/api/v1.1/game/824441/feed/live,R,2026,2026-05-11,,night,P,N,N,Regular Season,1,3,1,Final,Final,5,Progressive Field,114,Cleveland Guardians,CLE,7,True,108,Los Angeles Angels,LAA,2,False,666139,Josh Lowe,Joshua,Lowe,3,1998-02-02,28,"6' 3""",220,7,Outfielder,L,Left,R,Right,1-2,,2,1,0,0,0,0,0,0,0,0,0,0,2,1,,,,,,,,,,
2026-05-11,824441,,/api/v1.1/game/824441/feed/live,R,2026,2026-05-11,,night,P,N,N,Regular Season,1,3,1,Final,Final,5,Progressive Field,114,Cleveland Guardians,CLE,7,True,108,Los Angeles Angels,LAA,2,False,665861,Sebastián Rivero,Sebastián,Rivero,38,1998-11-16,27,"6' 1""",210,2,Catcher,R,Right,R,Right,0-3 | K,,3,0,0,0,0,0,0,1,0,0,0,0,3,0,,,,,,,,,,
2026-05-11,824441,,/api/v1.1/game/824441/feed/live,R,2026,2026-05-11,,night,P,N,N,Regular Season,1,3,1,Final,Final,5,Progressive Field,114,Cleveland Guardians,CLE,7,True,108,Los Angeles Angels,LAA,2,False,683079,Omar Martinez,Omar,Martinez,66,2001-07-05,24,"5' 11""",192,2,Catcher,L,Left,R,Right,0-0,,0,0,0,0,0,0,0,0,0,0,0,0,0,0,,,,,,,,,,
2026-05-11,824441,,/api/v1.1/game/824441/feed/live,R,2026,2026-05-11,,night,P,N,N,Regular Season,1,3,1,Final,Final,5,Progressive Field,114,Cleveland Guardians,CLE,7,True,108,Los Angeles Angels,LAA,2,False,669326,Bryce Teodosio,Bryce,Teodosio,22,1999-06-18,26,"6' 2""",220,7,Outfielder,R,Right,L,Left,0-2,,2,0,0,0,0,0,0,0,0,0,0,0,2,0,,,,,,,,,,
2026-05-11,824441,,/api/v1.1/game/824441/feed/live,R,2026,2026-05-11,,night,P,N,N,Regular Season,1,3,1,Final,Final,5,Progressive Field,114,Cleveland Guardians,CLE,7,True,108,Los Angeles Angels,LAA,2,False,700712,Walbert Ureña,Walbert,Ureña,57,2004-01-25,22,"6' 0""",210,1,Pitcher,R,Right,R,Right,,,,,,,,,,,,,,,,,,,,,,,,,,
2026-05-11,824441,,/api/v1.1/game/824441/feed/live,R,2026,2026-05-11,,night,P,N,N,Regular Season,1,3,1,Final,Final,5,Progressive Field,114,Cleveland Guardians,CLE,7,True,108,Los Angeles Angels,LAA,2,False,489446,Kirby Yates,Kirby,Yates,39,1987-03-25,39,"5' 10""",205,1,Pitcher,L,Left,R,Right,"0.2 IP, 2 ER, K, BB",,,,,,,,,,,,,,,,0.2,2,2,0,1,1,22,0,0,0
2026-05-11,824441,,/api/v1.1/game/824441/feed/live,R,2026,2026-05-11,,night,P,N,N,Regular Season,1,3,1,Final,Final,5,Progressive Field,114,Cleveland Guardians,CLE,7,True,108,Los Angeles Angels,LAA,2,False,672282,Reid Detmers,Reid,Detmers,48,1999-07-08,26,"6' 2""",210,1,Pitcher,L,Left,L,Left,,,,,,,,,,,,,,,,,,,,,,,,,,
2026-05-11,824441,,/api/v1.1/game/824441/feed/live,R,2026,2026-05-11,,night,P,N,N,Regular Season,1,3,1,Final,Final,5,Progressive Field,114,Cleveland Guardians,CLE,7,True,108,Los Angeles Angels,LAA,2,False,608718,Brent Suter,Brent,Suter,37,1989-08-29,36,"6' 4""",213,1,Pitcher,L,Left,L,Left,"1.2 IP, 2 ER, K, BB",,,,,,,,,,,,,,,,1.2,2,2,0,1,1,37,0,1,0
2026-05-11,824844,,/api/v1.1/game/824844/feed/live,R,2026,2026-05-11,,night,P,N,N,Regular Season,1,3,1,Final,Final,2,Oriole Park at Camden Yards,110,Baltimore Orioles,BAL,3,True,147,New York Yankees,NYY,2,False,669236,Jeremiah Jackson,Jeremiah,Jackson,82,2000-03-26,26,"5' 11""",200,4,Second Base,R,Right,R,Right,,,,,,,,,,,,,,,,,,,,,,,,,,
2026-05-11,824844,,/api/v1.1/game/824844/feed/live,R,2026,2026-05-11,,night,P,N,N,Regular Season,1,3,1,Final,Final,2,Oriole Park at Camden Yards,110,Baltimore Orioles,BAL,3,True,147,New York Yankees,NYY,2,False,669211,Keegan Akin,Keegan,Akin,45,1995-04-01,31,"6' 0""",235,1,Pitcher,L,Left,L,Left,,,,,,,,,,,,,,,,,,,,,,,,,,
2026-05-11,824844,,/api/v1.1/game/824844/feed/live,R,2026,2026-05-11,,night,P,N,N,Regular Season,1,3,1,Final,Final,2,Oriole Park at Camden Yards,110,Baltimore Orioles,BAL,3,True,147,New York Yankees,NYY,2,False,694212,Samuel Basallo,Samuel,Basallo,29,2004-08-13,21,"6' 4""",250,2,Catcher,L,Left,R,Right,,,,,,,,,,,,,,,,,,,,,,,,,,
2026-05-11,824844,,/api/v1.1/game/824844/feed/live,R,2026,2026-05-11,,night,P,N,N,Regular Season,1,3,1,Final,Final,2,Oriole Park at Camden Yards,110,Baltimore Orioles,BAL,3,True,147,New York Yankees,NYY,2,False,670329,Rico Garcia,Joshua,Garcia,50,1994-01-10,32,"5' 9""",215,1,Pitcher,R,Right,R,Right,"1.0 IP, 0 ER, 2 K, 0 BB",,,,,,,,,,,,,,,,1.0,0,0,0,2,0,9,0,0,0
2026-05-11,824844,,/api/v1.1/game/824844/feed/live,R,2026,2026-05-11,,night,P,N,N,Regular Season,1,3,1,Final,Final,2,Oriole Park at Camden Yards,110,Baltimore Orioles,BAL,3,True,147,New York Yankees,NYY,2,False,687064,Brandon Young,Brandon,Young,63,1998-08-19,27,"6' 6""",230,1,Pitcher,R,Right,R,Right,"5.1 IP, 2 ER, 5 K, 3 BB",,,,,,,,,,,,,,,,5.1,2,3,1,5,3,97,0,0,0
2026-05-11,824844,,/api/v1.1/game/824844/feed/live,R,2026,2026-05-11,,night,P,N,N,Regular Season,1,3,1,Final,Final,2,Oriole Park at Camden Yards,110,Baltimore Orioles,BAL,3,True,147,New York Yankees,NYY,2,False,642215,Weston Wilson,Weston,Wilson,32,1994-09-11,31,"6' 3""",215,5,Third Base,R,Right,R,Right,1-3 | 2 K,,3,1,0,0,0,0,0,2,0,0,0,0,3,1,,,,,,,,,,
2026-05-11,824844,,/api/v1.1/game/824844/feed/live,R,2026,2026-05-11,,night,P,N,N,Regular Season,1,3,1,Final,Final,2,Oriole Park at Camden Yards,110,Baltimore Orioles,BAL,3,True,147,New York Yankees,NYY,2,False,664744,Jose Espada,Jose,Espada,70,1997-02-22,29,"6' 0""",185,1,Pitcher,R,Right,R,Right,,,,,,,,,,,,,,,,,,,,,,,,,,
2026-05-11,824844,,/api/v1.1/game/824844/feed/live,R,2026,2026-05-11,,night,P,N,N,Regular Season,1,3,1,Final,Final,2,Oriole Park at Camden Yards,110,Baltimore Orioles,BAL,3,True,147,New York Yankees,NYY,2,False,683002,Gunnar Henderson,Gunnar,Henderson,2,2001-06-29,24,"6' 3""",230,6,Shortstop,L,Left,R,Right,0-4 | K,,4,0,0,0,0,0,0,1,0,0,0,0,4,0,,,,,,,,,,
2026-05-11,824844,,/api/v1.1/game/824844/feed/live,R,2026,2026-05-11,,night,P,N,N,Regular Season,1,3,1,Final,Final,2,Oriole Park at Camden Yards,110,Baltimore Orioles,BAL,3,True,147,New York Yankees,NYY,2,False,665750,Leody Taveras,Leody,Taveras,30,1998-09-08,27,"6' 2""",210,8,Outfielder,S,Switch,R,Right,0-3 | 2 K,,3,0,0,0,0,0,0,2,0,0,0,0,3,0,,,,,,,,,,
2026-05-11,824844,,/api/v1.1/game/824844/feed/live,R,2026,2026-05-11,,night,P,N,N,Regular Season,1,3,1,Final,Final,2,Oriole Park at Camden Yards,110,Baltimore Orioles,BAL,3,True,147,New York Yankees,NYY,2,False,621493,Taylor Ward,Joseph,Ward,3,1993-12-14,32,"6' 0""",205,7,Outfielder,R,Right,R,Right,0-3 | BB,,3,0,0,0,0,0,0,0,1,0,0,0,4,0,,,,,,,,,,
2026-05-11,824844,,/api/v1.1/game/824844/feed/live,R,2026,2026-05-11,,night,P,N,N,Regular Season,1,3,1,Final,Final,2,Oriole Park at Camden Yards,110,Baltimore Orioles,BAL,3,True,147,New York Yankees,NYY,2,False,669358,Shane Baz,Shane,Baz,34,1999-06-17,26,"6' 3""",200,1,Pitcher,R,Right,R,Right,,,,,,,,,,,,,,,,,,,,,,,,,,
2026-05-11,824844,,/api/v1.1/game/824844/feed/live,R,2026,2026-05-11,,night,P,N,N,Regular Season,1,3,1,Final,Final,2,Oriole Park at Camden Yards,110,Baltimore Orioles,BAL,3,True,147,New York Yankees,NYY,2,False,680694,Kyle Bradish,Kyle,Bradish,38,1996-09-12,29,"6' 3""",215,1,Pitcher,R,Right,R,Right,,,,,,,,,,,,,,,,,,,,,,,,,,
2026-05-11,824844,,/api/v1.1/game/824844/feed/live,R,2026,2026-05-11,,night,P,N,N,Regular Season,1,3,1,Final,Final,2,Oriole Park at Camden Yards,110,Baltimore Orioles,BAL,3,True,147,New York Yankees,NYY,2,False,687637,Dylan Beavers,Dylan,Beavers,12,2001-08-11,24,"6' 5""",220,9,Outfielder,L,Left,R,Right,,,,,,,,,,,,,,,,,,,,,,,,,,
2026-05-11,824844,,/api/v1.1/game/824844/feed/live,R,2026,2026-05-11,,night,P,N,N,Regular Season,1,3,1,Final,Final,2,Oriole Park at Camden Yards,110,Baltimore Orioles,BAL,3,True,147,New York Yankees,NYY,2,False,605135,Chris Bassitt,Christopher,Bassitt,40,1989-02-22,37,"6' 5""",220,1,Pitcher,R,Right,R,Right,,,,,,,,,,,,,,,,,,,,,,,,,,
2026-05-11,824844,,/api/v1.1/game/824844/feed/live,R,2026,2026-05-11,,night,P,N,N,Regular Season,1,3,1,Final,Final,2,Oriole Park at Camden Yards,110,Baltimore Orioles,BAL,3,True,147,New York Yankees,NYY,2,False,668939,Adley Rutschman,Adley,Rutschman,35,1998-02-06,28,"6' 1""",230,2,Catcher,S,Switch,R,Right,"1-4 | K, R",,4,1,0,0,0,0,1,1,0,0,0,0,4,1,,,,,,,,,,
2026-05-11,824844,,/api/v1.1/game/824844/feed/live,R,2026,2026-05-11,,night,P,N,N,Regular Season,1,3,1,Final,Final,2,Oriole Park at Camden Yards,110,Baltimore Orioles,BAL,3,True,147,New York Yankees,NYY,2,False,641933,Tyler O'Neill,Tyler,O'Neill,9,1995-06-22,30,"5' 9""",200,9,Outfielder,R,Right,R,Right,"0-2 | BB, 2 K, R",,2,0,0,0,0,0,1,2,1,0,0,0,3,0,,,,,,,,,,
2026-05-11,824844,,/api/v1.1/game/824844/feed/live,R,2026,2026-05-11,,night,P,N,N,Regular Season,1,3,1,Final,Final,2,Oriole Park at Camden Yards,110,Baltimore Orioles,BAL,3,True,147,New York Yankees,NYY,2,False,677020,Josh Walker,Joshua,Walker,61,1994-12-01,31,"6' 6""",225,1,Pitcher,L,Left,L,Left,,,,,,,,,,,,,,,,,,,,,,,,,,
2026-05-11,824844,,/api/v1.1/game/824844/feed/live,R,2026,2026-05-11,,night,P,N,N,Regular Season,1,3,1,Final,Final,2,Oriole Park at Camden Yards,110,Baltimore Orioles,BAL,3,True,147,New York Yankees,NYY,2,False,677942,Blaze Alexander,Blaze,Alexander,23,1999-06-11,26,"5' 11""",200,5,Third Base,R,Right,R,Right,0-3 | 2 K,,3,0,0,0,0,0,0,2,0,0,0,0,3,0,,,,,,,,,,
2026-05-11,824844,,/api/v1.1/game/824844/feed/live,R,2026,2026-05-11,,night,P,N,N,Regular Season,1,3,1,Final,Final,2,Oriole Park at Camden Yards,110,Baltimore Orioles,BAL,3,True,147,New York Yankees,NYY,2,False,689296,Anthony Nunez,Anthony,Nunez,66,2001-07-10,24,"6' 2""",220,1,Pitcher,S,Switch,R,Right,"1.0 IP, 0 ER, K, 0 BB",,,,,,,,,,,,,,,,1.0,0,1,0,1,0,11,0,0,1
2026-05-11,824844,,/api/v1.1/game/824844/feed/live,R,2026,2026-05-11,,night,P,N,N,Regular Season,1,3,1,Final,Final,2,Oriole Park at Camden Yards,110,Baltimore Orioles,BAL,3,True,147,New York Yankees,NYY,2,False,624413,Pete Alonso,Peter,Alonso,25,1994-12-07,31,"6' 3""",245,3,First Base,R,Right,R,Right,0-3,,3,0,0,0,0,0,0,0,0,0,0,0,3,0,,,,,,,,,,
2026-05-11,824844,,/api/v1.1/game/824844/feed/live,R,2026,2026-05-11,,night,P,N,N,Regular Season,1,3,1,Final,Final,2,Oriole Park at Camden Yards,110,Baltimore Orioles,BAL,3,True,147,New York Yankees,NYY,2,False,552640,Andrew Kittredge,Andrew,Kittredge,39,1990-03-17,36,"6' 1""",235,1,Pitcher,R,Right,R,Right,,,,,,,,,,,,,,,,,,,,,,,,,,
2026-05-11,824844,,/api/v1.1/game/824844/feed/live,R,2026,2026-05-11,,night,P,N,N,Regular Season,1,3,1,Final,Final,2,Oriole Park at Camden Yards,110,Baltimore Orioles,BAL,3,True,147,New York Yankees,NYY,2,False,664991,Grant Wolfram,Grant,Wolfram,48,1996-12-12,29,"6' 7""",250,1,Pitcher,L,Left,L,Left,,,,,,,,,,,,,,,,,,,,,,,,,,
2026-05-11,824844,,/api/v1.1/game/824844/feed/live,R,2026,2026-05-11,,night,P,N,N,Regular Season,1,3,1,Final,Final,2,Oriole Park at Camden Yards,110,Baltimore Orioles,BAL,3,True,147,New York Yankees,NYY,2,False,666974,Yennier Cano,Yennier,Cano,78,1994-03-09,32,"6' 4""",245,1,Pitcher,R,Right,R,Right,,,,,,,,,,,,,,,,,,,,,,,,,,
2026-05-11,824844,,/api/v1.1/game/824844/feed/live,R,2026,2026-05-11,,night,P,N,N,Regular Season,1,3,1,Final,Final,2,Oriole Park at Camden Yards,110,Baltimore Orioles,BAL,3,True,147,New York Yankees,NYY,2,False,608650,Dietrich Enns,Dietrich,Enns,71,1991-05-16,34,"6' 1""",230,1,Pitcher,L,Left,L,Left,"1.2 IP, 0 ER, K, 0 BB",,,,,,,,,,,,,,,,1.2,0,1,0,1,0,21,1,0,0
2026-05-11,824844,,/api/v1.1/game/824844/feed/live,R,2026,2026-05-11,,night,P,N,N,Regular Season,1,3,1,Final,Final,2,Oriole Park at Camden Yards,110,Baltimore Orioles,BAL,3,True,147,New York Yankees,NYY,2,False,681297,Colton Cowser,Colton,Cowser,17,2000-03-20,26,"6' 3""",220,9,Outfielder,L,Left,R,Right,,,,,,,,,,,,,,,,,,,,,,,,,,
2026-05-11,824844,,/api/v1.1/game/824844/feed/live,R,2026,2026-05-11,,night,P,N,N,Regular Season,1,3,1,Final,Final,2,Oriole Park at Camden Yards,110,Baltimore Orioles,BAL,3,True,147,New York Yankees,NYY,2,False,691723,Coby Mayo,Coby,Mayo,16,2001-12-10,24,"6' 5""",225,5,Third Base,R,Right,R,Right,"1-2 | HR, BB, K",,2,1,0,0,1,3,1,1,1,0,0,0,3,4,,,,,,,,,,
2026-05-11,824844,,/api/v1.1/game/824844/feed/live,R,2026,2026-05-11,,night,P,N,N,Regular Season,1,3,1,Final,Final,2,Oriole Park at Camden Yards,110,Baltimore Orioles,BAL,3,True,147,New York Yankees,NYY,2,False,621112,Paul Blackburn,Paul,Blackburn,58,1993-12-04,32,"6' 1""",196,1,Pitcher,R,Right,R,Right,,,,,,,,,,,,,,,,,,,,,,,,,,
2026-05-11,824844,,/api/v1.1/game/824844/feed/live,R,2026,2026-05-11,,night,P,N,N,Regular Season,1,3,1,Final,Final,2,Oriole Park at Camden Yards,110,Baltimore Orioles,BAL,3,True,147,New York Yankees,NYY,2,False,676609,José Caballero,José,Caballero,72,1996-08-30,29,"5' 9""",190,6,Shortstop,R,Right,R,Right,0-0 | CS,,0,0,0,0,0,0,0,0,0,0,1,0,0,0,,,,,,,,,,
2026-05-11,824844,,/api/v1.1/game/824844/feed/live,R,2026,2026-05-11,,night,P,N,N,Regular Season,1,3,1,Final,Final,2,Oriole Park at Camden Yards,110,Baltimore Orioles,BAL,3,True,147,New York Yankees,NYY,2,False,607074,Carlos Rodón,Carlos,Rodón,55,1992-12-10,33,"6' 2""",255,1,Pitcher,L,Left,L,Left,,,,,,,,,,,,,,,,,,,,,,,,,,
2026-05-11,824844,,/api/v1.1/game/824844/feed/live,R,2026,2026-05-11,,night,P,N,N,Regular Season,1,3,1,Final,Final,2,Oriole Park at Camden Yards,110,Baltimore Orioles,BAL,3,True,147,New York Yankees,NYY,2,False,682987,Spencer Jones,Spencer,Jones,78,2001-05-14,24,"6' 7""",240,8,Outfielder,L,Left,L,Left,0-2 | K,,2,0,0,0,0,0,0,1,0,0,0,0,2,0,,,,,,,,,,
2026-05-11,824844,,/api/v1.1/game/824844/feed/live,R,2026,2026-05-11,,night,P,N,N,Regular Season,1,3,1,Final,Final,2,Oriole Park at Camden Yards,110,Baltimore Orioles,BAL,3,True,147,New York Yankees,NYY,2,False,642232,Ryan Yarbrough,Ryan,Yarbrough,33,1991-12-31,34,"6' 5""",205,1,Pitcher,R,Right,L,Left,,,,,,,,,,,,,,,,,,,,,,,,,,
2026-05-11,824844,,/api/v1.1/game/824844/feed/live,R,2026,2026-05-11,,night,P,N,N,Regular Season,1,3,1,Final,Final,2,Oriole Park at Camden Yards,110,Baltimore Orioles,BAL,3,True,147,New York Yankees,NYY,2,False,680474,Max Schuemann,Maxwell,Schuemann,30,1997-06-11,28,"6' 0""",198,5,Third Base,R,Right,R,Right,"1-3 | 2B, K",,3,1,1,0,0,0,0,1,0,0,0,0,3,2,,,,,,,,,,
2026-05-11,824844,,/api/v1.1/game/824844/feed/live,R,2026,2026-05-11,,night,P,N,N,Regular Season,1,3,1,Final,Final,2,Oriole Park at Camden Yards,110,Baltimore Orioles,BAL,3,True,147,New York Yankees,NYY,2,False,642708,Amed Rosario,German,Rosario,14,1995-11-20,30,"6' 1""",227,5,Third Base,R,Right,R,Right,,,,,,,,,,,,,,,,,,,,,,,,,,
2026-05-11,824844,,/api/v1.1/game/824844/feed/live,R,2026,2026-05-11,,night,P,N,N,Regular Season,1,3,1,Final,Final,2,Oriole Park at Camden Yards,110,Baltimore Orioles,BAL,3,True,147,New York Yankees,NYY,2,False,592450,Aaron Judge,Aaron,Judge,99,1992-04-26,34,"6' 7""",282,9,Outfielder,R,Right,R,Right,"1-4 | 2B, K",,4,1,1,0,0,0,0,1,0,0,0,0,4,2,,,,,,,,,,
2026-05-11,824844,,/api/v1.1/game/824844/feed/live,R,2026,2026-05-11,,night,P,N,N,Regular Season,1,3,1,Final,Final,2,Oriole Park at Camden Yards,110,Baltimore Orioles,BAL,3,True,147,New York Yankees,NYY,2,False,641857,Ryan McMahon,Ryan,McMahon,19,1994-12-14,31,"6' 2""",211,5,Third Base,L,Left,R,Right,0-4 | K,,4,0,0,0,0,0,0,1,0,0,0,0,4,0,,,,,,,,,,
2026-05-11,824844,,/api/v1.1/game/824844/feed/live,R,2026,2026-05-11,,night,P,N,N,Regular Season,1,3,1,Final,Final,2,Oriole Park at Camden Yards,110,Baltimore Orioles,BAL,3,True,147,New York Yankees,NYY,2,False,677960,Ryan Weathers,Ryan,Weathers,40,1999-12-17,26,"6' 1""",230,1,Pitcher,R,Right,L,Left,"6.1 IP, 2 ER, 9 K, 3 BB",,,,,,,,,,,,,,,,6.1,2,1,0,9,3,101,0,0,0
2026-05-11,824844,,/api/v1.1/game/824844/feed/live,R,2026,2026-05-11,,night,P,N,N,Regular Season,1,3,1,Final,Final,2,Oriole Park at Camden Yards,110,Baltimore Orioles,BAL,3,True,147,New York Yankees,NYY,2,False,657612,Tim Hill,Timothy,Hill,41,1990-02-10,36,"6' 4""",210,1,Pitcher,R,Right,L,Left,,,,,,,,,,,,,,,,,,,,,,,,,,
2026-05-11,824844,,/api/v1.1/game/824844/feed/live,R,2026,2026-05-11,,night,P,N,N,Regular Season,1,3,1,Final,Final,2,Oriole Park at Camden Yards,110,Baltimore Orioles,BAL,3,True,147,New York Yankees,NYY,2,False,502671,Paul Goldschmidt,Paul,Goldschmidt,48,1987-09-10,38,"6' 2""",225,3,First Base,R,Right,R,Right,1-2,,2,1,0,0,0,0,0,0,0,0,0,0,2,1,,,,,,,,,,
2026-05-11,824844,,/api/v1.1/game/824844/feed/live,R,2026,2026-05-11,,night,P,N,N,Regular Season,1,3,1,Final,Final,2,Oriole Park at Camden Yards,110,Baltimore Orioles,BAL,3,True,147,New York Yankees,NYY,2,False,669224,Austin Wells,Austin,Wells,28,1999-07-12,26,"6' 1""",220,2,Catcher,L,Left,R,Right,0-3,,3,0,0,0,0,0,0,0,0,0,0,0,3,0,,,,,,,,,,
2026-05-11,824844,,/api/v1.1/game/824844/feed/live,R,2026,2026-05-11,,night,P,N,N,Regular Season,1,3,1,Final,Final,2,Oriole Park at Camden Yards,110,Baltimore Orioles,BAL,3,True,147,New York Yankees,NYY,2,False,700250,Ben Rice,Benjamin,Rice,22,1999-02-22,27,"6' 2""",228,3,First Base,L,Left,R,Right,"2-4 | HR, K, 2 RBI",,4,2,0,0,1,2,1,1,0,0,0,0,4,5,,,,,,,,,,
2026-05-11,824844,,/api/v1.1/game/824844/feed/live,R,2026,2026-05-11,,night,P,N,N,Regular Season,1,3,1,Final,Final,2,Oriole Park at Camden Yards,110,Baltimore Orioles,BAL,3,True,147,New York Yankees,NYY,2,False,687396,Brent Headrick,Brent,Headrick,47,1997-12-17,28,"6' 6""",235,1,Pitcher,L,Left,L,Left,"0.2 IP, ER, K, 0 BB",,,,,,,,,,,,,,,,0.2,1,2,1,1,0,12,0,1,0
2026-05-11,824844,,/api/v1.1/game/824844/feed/live,R,2026,2026-05-11,,night,P,N,N,Regular Season,1,3,1,Final,Final,2,Oriole Park at Camden Yards,110,Baltimore Orioles,BAL,3,True,147,New York Yankees,NYY,2,False,701542,Will Warren,William,Warren,29,1999-06-16,26,"6' 2""",200,1,Pitcher,R,Right,R,Right,,,,,,,,,,,,,,,,,,,,,,,,,,
2026-05-11,824844,,/api/v1.1/game/824844/feed/live,R,2026,2026-05-11,,night,P,N,N,Regular Season,1,3,1,Final,Final,2,Oriole Park at Camden Yards,110,Baltimore Orioles,BAL,3,True,147,New York Yankees,NYY,2,False,518585,Fernando Cruz,Fernando,Cruz,63,1990-03-28,36,"6' 2""",237,1,Pitcher,R,Right,R,Right,,,,,,,,,,,,,,,,,,,,,,,,,,
2026-05-11,824844,,/api/v1.1/game/824844/feed/live,R,2026,2026-05-11,,night,P,N,N,Regular Season,1,3,1,Final,Final,2,Oriole Park at Camden Yards,110,Baltimore Orioles,BAL,3,True,147,New York Yankees,NYY,2,False,641555,J.C. Escarra,Juan,Escarra,25,1995-04-24,31,"6' 2""",220,2,Catcher,L,Left,R,Right,,,,,,,,,,,,,,,,,,,,,,,,,,
2026-05-11,824844,,/api/v1.1/game/824844/feed/live,R,2026,2026-05-11,,night,P,N,N,Regular Season,1,3,1,Final,Final,2,Oriole Park at Camden Yards,110,Baltimore Orioles,BAL,3,True,147,New York Yankees,NYY,2,False,641355,Cody Bellinger,Cody,Bellinger,35,1995-07-13,30,"6' 3""",204,7,Outfielder,L,Left,L,Left,"0-2 | 2 BB, K",,2,0,0,0,0,0,0,1,2,0,0,0,4,0,,,,,,,,,,
2026-05-11,824844,,/api/v1.1/game/824844/feed/live,R,2026,2026-05-11,,night,P,N,N,Regular Season,1,3,1,Final,Final,2,Oriole Park at Camden Yards,110,Baltimore Orioles,BAL,3,True,147,New York Yankees,NYY,2,False,665862,Jazz Chisholm Jr.,Jasrado,Chisholm,13,1998-02-01,28,"5' 11""",184,4,Second Base,L,Left,R,Right,0-4 | 3 K,,4,0,0,0,0,0,0,3,0,0,0,0,4,0,,,,,,,,,,
2026-05-11,824844,,/api/v1.1/game/824844/feed/live,R,2026,2026-05-11,,night,P,N,N,Regular Season,1,3,1,Final,Final,2,Oriole Park at Camden Yards,110,Baltimore Orioles,BAL,3,True,147,New York Yankees,NYY,2,False,608331,Max Fried,Max,Fried,54,1994-01-18,32,"6' 4""",190,1,Pitcher,L,Left,L,Left,,,,,,,,,,,,,,,,,,,,,,,,,,
2026-05-11,824844,,/api/v1.1/game/824844/feed/live,R,2026,2026-05-11,,night,P,N,N,Regular Season,1,3,1,Final,Final,2,Oriole Park at Camden Yards,110,Baltimore Orioles,BAL,3,True,147,New York Yankees,NYY,2,False,656234,Jake Bird,Jacob,Bird,59,1995-12-04,30,"6' 3""",215,1,Pitcher,R,Right,R,Right,,,,,,,,,,,,,,,,,,,,,,,,,,
2026-05-11,824844,,/api/v1.1/game/824844/feed/live,R,2026,2026-05-11,,night,P,N,N,Regular Season,1,3,1,Final,Final,2,Oriole Park at Camden Yards,110,Baltimore Orioles,BAL,3,True,147,New York Yankees,NYY,2,False,666808,Camilo Doval,Camilo,Doval,75,1997-07-04,28,"6' 2""",205,1,Pitcher,R,Right,R,Right,"1.0 IP, 0 ER, K, 0 BB",,,,,,,,,,,,,,,,1.0,0,0,0,1,0,17,0,0,0
2026-05-11,824844,,/api/v1.1/game/824844/feed/live,R,2026,2026-05-11,,night,P,N,N,Regular Season,1,3,1,Final,Final,2,Oriole Park at Camden Yards,110,Baltimore Orioles,BAL,3,True,147,New York Yankees,NYY,2,False,663757,Trent Grisham,Trenton,Grisham,12,1996-11-01,29,"5' 10""",221,8,Outfielder,L,Left,L,Left,"0-3 | BB, R",,3,0,0,0,0,0,1,0,1,0,0,0,4,0,,,,,,,,,,
2026-05-11,824844,,/api/v1.1/game/824844/feed/live,R,2026,2026-05-11,,night,P,N,N,Regular Season,1,3,1,Final,Final,2,Oriole Park at Camden Yards,110,Baltimore Orioles,BAL,3,True,147,New York Yankees,NYY,2,False,670280,David Bednar,David,Bednar,53,1994-10-10,31,"6' 1""",250,1,Pitcher,L,Left,R,Right,,,,,,,,,,,,,,,,,,,,,,,,,,
2026-05-11,824844,,/api/v1.1/game/824844/feed/live,R,2026,2026-05-11,,night,P,N,N,Regular Season,1,3,1,Final,Final,2,Oriole Park at Camden Yards,110,Baltimore Orioles,BAL,3,True,147,New York Yankees,NYY,2,False,693645,Cam Schlittler,Cameron,Schlittler,31,2001-02-05,25,"6' 6""",215,1,Pitcher,R,Right,R,Right,,,,,,,,,,,,,,,,,,,,,,,,,,
2026-05-11,822818,,/api/v1.1/game/822818/feed/live,R,2026,2026-05-11,,night,P,N,N,Regular Season,1,3,1,Final,Final,14,Rogers Centre,141,Toronto Blue Jays,TOR,5,False,139,Tampa Bay Rays,TB,8,True,693686,Spencer Miles,Spencer,Miles,62,2000-07-26,25,"6' 3""",180,1,Pitcher,L,Left,R,Right,,,,,,,,,,,,,,,,,,,,,,,,,,
2026-05-11,822818,,/api/v1.1/game/822818/feed/live,R,2026,2026-05-11,,night,P,N,N,Regular Season,1,3,1,Final,Final,14,Rogers Centre,141,Toronto Blue Jays,TOR,5,False,139,Tampa Bay Rays,TB,8,True,667297,Tommy Nance,Thomas,Nance,45,1991-03-19,35,"6' 6""",235,1,Pitcher,R,Right,R,Right,,,,,,,,,,,,,,,,,,,,,,,,,,
2026-05-11,822818,,/api/v1.1/game/822818/feed/live,R,2026,2026-05-11,,night,P,N,N,Regular Season,1,3,1,Final,Final,14,Rogers Centre,141,Toronto Blue Jays,TOR,5,False,139,Tampa Bay Rays,TB,8,True,672820,Lenyn Sosa,Lenyn,Sosa,50,2000-01-25,26,"5' 11""",210,4,Second Base,R,Right,R,Right,,,,,,,,,,,,,,,,,,,,,,,,,,
2026-05-11,822818,,/api/v1.1/game/822818/feed/live,R,2026,2026-05-11,,night,P,N,N,Regular Season,1,3,1,Final,Final,14,Rogers Centre,141,Toronto Blue Jays,TOR,5,False,139,Tampa Bay Rays,TB,8,True,686973,Louis Varland,Louis,Varland,77,1997-12-09,28,"6' 1""",205,1,Pitcher,L,Left,R,Right,,,,,,,,,,,,,,,,,,,,,,,,,,
2026-05-11,822818,,/api/v1.1/game/822818/feed/live,R,2026,2026-05-11,,night,P,N,N,Regular Season,1,3,1,Final,Final,14,Rogers Centre,141,Toronto Blue Jays,TOR,5,False,139,Tampa Bay Rays,TB,8,True,573009,Joe Mantiply,Joseph,Mantiply,35,1991-03-01,35,"6' 4""",219,1,Pitcher,R,Right,L,Left,"1.1 IP, 0 ER, 0 K, 0 BB",,,,,,,,,,,,,,,,1.1,0,0,0,0,0,16,0,0,0
2026-05-11,822818,,/api/v1.1/game/822818/feed/live,R,2026,2026-05-11,,night,P,N,N,Regular Season,1,3,1,Final,Final,14,Rogers Centre,141,Toronto Blue Jays,TOR,5,False,139,Tampa Bay Rays,TB,8,True,676391,Ernie Clement,Ernie,Clement,22,1996-03-22,30,"6' 0""",170,4,Second Base,R,Right,R,Right,0-4 | K,,4,0,0,0,0,0,0,1,0,0,0,0,4,0,,,,,,,,,,
2026-05-11,822818,,/api/v1.1/game/822818/feed/live,R,2026,2026-05-11,,night,P,N,N,Regular Season,1,3,1,Final,Final,14,Rogers Centre,141,Toronto Blue Jays,TOR,5,False,139,Tampa Bay Rays,TB,8,True,662139,Daulton Varsho,Daulton,Varsho,5,1996-07-02,29,"5' 8""",207,8,Outfielder,L,Left,R,Right,1-4 | K,,4,1,0,0,0,0,0,1,0,0,0,0,4,1,,,,,,,,,,
2026-05-11,822818,,/api/v1.1/game/822818/feed/live,R,2026,2026-05-11,,night,P,N,N,Regular Season,1,3,1,Final,Final,14,Rogers Centre,141,Toronto Blue Jays,TOR,5,False,139,Tampa Bay Rays,TB,8,True,665926,Andrés Giménez,Andrés,Giménez,0,1998-09-04,27,"5' 11""",161,6,Shortstop,L,Left,R,Right,"2-4 | 2 HR, 2 K, 5 RBI",,4,2,0,0,2,5,2,2,0,0,0,0,4,8,,,,,,,,,,
2026-05-11,822818,,/api/v1.1/game/822818/feed/live,R,2026,2026-05-11,,night,P,N,N,Regular Season,1,3,1,Final,Final,14,Rogers Centre,141,Toronto Blue Jays,TOR,5,False,139,Tampa Bay Rays,TB,8,True,592332,Kevin Gausman,Kevin,Gausman,34,1991-01-06,35,"6' 2""",205,1,Pitcher,L,Left,R,Right,"4.2 IP, 6 ER, 5 K, 0 BB",,,,,,,,,,,,,,,,4.2,6,10,1,5,0,100,0,1,0
2026-05-11,822818,,/api/v1.1/game/822818/feed/live,R,2026,2026-05-11,,night,P,N,N,Regular Season,1,3,1,Final,Final,14,Rogers Centre,141,Toronto Blue Jays,TOR,5,False,139,Tampa Bay Rays,TB,8,True,678218,Brandon Valenzuela,Brandon,Valenzuela,59,2000-10-02,25,"6' 0""",225,2,Catcher,S,Switch,R,Right,0-2 | BB,,2,0,0,0,0,0,0,0,1,0,0,0,3,0,,,,,,,,,,
2026-05-11,822818,,/api/v1.1/game/822818/feed/live,R,2026,2026-05-11,,night,P,N,N,Regular Season,1,3,1,Final,Final,14,Rogers Centre,141,Toronto Blue Jays,TOR,5,False,139,Tampa Bay Rays,TB,8,True,656546,Jeff Hoffman,Jeffrey,Hoffman,23,1993-01-08,33,"6' 5""",235,1,Pitcher,R,Right,R,Right,,,,,,,,,,,,,,,,,,,,,,,,,,
2026-05-11,822818,,/api/v1.1/game/822818/feed/live,R,2026,2026-05-11,,night,P,N,N,Regular Season,1,3,1,Final,Final,14,Rogers Centre,141,Toronto Blue Jays,TOR,5,False,139,Tampa Bay Rays,TB,8,True,656302,Dylan Cease,Dylan,Cease,84,1995-12-28,30,"6' 2""",200,1,Pitcher,R,Right,R,Right,,,,,,,,,,,,,,,,,,,,,,,,,,
2026-05-11,822818,,/api/v1.1/game/822818/feed/live,R,2026,2026-05-11,,night,P,N,N,Regular Season,1,3,1,Final,Final,14,Rogers Centre,141,Toronto Blue Jays,TOR,5,False,139,Tampa Bay Rays,TB,8,True,702056,Trey Yesavage,Trey,Yesavage,39,2003-07-28,22,"6' 4""",225,1,Pitcher,R,Right,R,Right,,,,,,,,,,,,,,,,,,,,,,,,,,
2026-05-11,822818,,/api/v1.1/game/822818/feed/live,R,2026,2026-05-11,,night,P,N,N,Regular Season,1,3,1,Final,Final,14,Rogers Centre,141,Toronto Blue Jays,TOR,5,False,139,Tampa Bay Rays,TB,8,True,676914,Davis Schneider,Davis,Schneider,36,1999-01-26,27,"5' 8""",190,7,Outfielder,R,Right,R,Right,,,,,,,,,,,,,,,,,,,,,,,,,,
2026-05-11,822818,,/api/v1.1/game/822818/feed/live,R,2026,2026-05-11,,night,P,N,N,Regular Season,1,3,1,Final,Final,14,Rogers Centre,141,Toronto Blue Jays,TOR,5,False,139,Tampa Bay Rays,TB,8,True,543807,George Springer,George,Springer,4,1989-09-19,36,"6' 1""",220,10,Designated Hitter,R,Right,R,Right,0-4 | 2 K,,4,0,0,0,0,0,0,2,0,0,0,0,4,0,,,,,,,,,,
2026-05-11,822818,,/api/v1.1/game/822818/feed/live,R,2026,2026-05-11,,night,P,N,N,Regular Season,1,3,1,Final,Final,14,Rogers Centre,141,Toronto Blue Jays,TOR,5,False,139,Tampa Bay Rays,TB,8,True,682818,Yohendrick Piñango,Yohendrick,Pinango,24,2002-05-07,24,"5' 10""",170,7,Outfielder,L,Left,L,Left,0-3 | BB,,3,0,0,0,0,0,0,0,1,0,0,0,4,0,,,,,,,,,,
2026-05-11,822818,,/api/v1.1/game/822818/feed/live,R,2026,2026-05-11,,night,P,N,N,Regular Season,1,3,1,Final,Final,14,Rogers Centre,141,Toronto Blue Jays,TOR,5,False,139,Tampa Bay Rays,TB,8,True,689254,Mason Fluharty,Mason,Fluharty,68,2001-08-13,24,"6' 2""",215,1,Pitcher,R,Right,L,Left,"1.0 IP, 0 ER, 0 K, 0 BB",,,,,,,,,,,,,,,,1.0,0,1,0,0,0,18,0,0,0
2026-05-11,822818,,/api/v1.1/game/822818/feed/live,R,2026,2026-05-11,,night,P,N,N,Regular Season,1,3,1,Final,Final,14,Rogers Centre,141,Toronto Blue Jays,TOR,5,False,139,Tampa Bay Rays,TB,8,True,684320,Yariel Rodríguez,Yariel,Rodriguez,29,1997-03-10,29,"6' 0""",165,1,Pitcher,R,Right,R,Right,"1.0 IP, 0 ER, 2 K, BB",,,,,,,,,,,,,,,,1.0,0,0,0,2,1,11,0,0,0
2026-05-11,822818,,/api/v1.1/game/822818/feed/live,R,2026,2026-05-11,,night,P,N,N,Regular Season,1,3,1,Final,Final,14,Rogers Centre,141,Toronto Blue Jays,TOR,5,False,139,Tampa Bay Rays,TB,8,True,680755,Braydon Fisher,Braydon,Fisher,63,2000-07-26,25,"6' 4""",180,1,Pitcher,R,Right,R,Right,"1.0 IP, ER, 0 K, 0 BB",,,,,,,,,,,,,,,,1.0,1,1,0,0,0,19,0,0,0
2026-05-11,822818,,/api/v1.1/game/822818/feed/live,R,2026,2026-05-11,,night,P,N,N,Regular Season,1,3,1,Final,Final,14,Rogers Centre,141,Toronto Blue Jays,TOR,5,False,139,Tampa Bay Rays,TB,8,True,623168,Tyler Heineman,Tyler,Heineman,55,1991-06-19,34,"5' 10""",190,2,Catcher,S,Switch,R,Right,,,,,,,,,,,,,,,,,,,,,,,,,,
2026-05-11,822818,,/api/v1.1/game/822818/feed/live,R,2026,2026-05-11,,night,P,N,N,Regular Season,1,3,1,Final,Final,14,Rogers Centre,141,Toronto Blue Jays,TOR,5,False,139,Tampa Bay Rays,TB,8,True,643511,Tyler Rogers,Tyler,Rogers,71,1990-12-17,35,"6' 3""",180,1,Pitcher,R,Right,R,Right,,,,,,,,,,,,,,,,,,,,,,,,,,
2026-05-11,822818,,/api/v1.1/game/822818/feed/live,R,2026,2026-05-11,,night,P,N,N,Regular Season,1,3,1,Final,Final,14,Rogers Centre,141,Toronto Blue Jays,TOR,5,False,139,Tampa Bay Rays,TB,8,True,665489,Vladimir Guerrero Jr.,Vladimir,Guerrero,27,1999-03-16,27,"6' 0""",245,3,First Base,R,Right,R,Right,0-4 | K,,4,0,0,0,0,0,0,1,0,0,0,0,4,0,,,,,,,,,,
2026-05-11,822818,,/api/v1.1/game/822818/feed/live,R,2026,2026-05-11,,night,P,N,N,Regular Season,1,3,1,Final,Final,14,Rogers Centre,141,Toronto Blue Jays,TOR,5,False,139,Tampa Bay Rays,TB,8,True,571578,Patrick Corbin,Patrick,Corbin,46,1989-07-19,36,"6' 4""",225,1,Pitcher,L,Left,L,Left,,,,,,,,,,,,,,,,,,,,,,,,,,
2026-05-11,822818,,/api/v1.1/game/822818/feed/live,R,2026,2026-05-11,,night,P,N,N,Regular Season,1,3,1,Final,Final,14,Rogers Centre,141,Toronto Blue Jays,TOR,5,False,139,Tampa Bay Rays,TB,8,True,660821,Jesús Sánchez,Jesús,Sánchez,12,1997-10-07,28,"6' 3""",222,7,Outfielder,L,Left,R,Right,1-2 | R,,2,1,0,0,0,0,1,0,0,0,0,0,2,1,,,,,,,,,,
2026-05-11,822818,,/api/v1.1/game/822818/feed/live,R,2026,2026-05-11,,night,P,N,N,Regular Season,1,3,1,Final,Final,14,Rogers Centre,141,Toronto Blue Jays,TOR,5,False,139,Tampa Bay Rays,TB,8,True,664702,Myles Straw,Myles,Straw,3,1994-10-17,31,"5' 9""",178,9,Outfielder,R,Right,R,Right,"1-2 | K, R",,2,1,0,0,0,0,1,1,0,0,0,0,2,1,,,,,,,,,,
2026-05-11,822818,,/api/v1.1/game/822818/feed/live,R,2026,2026-05-11,,night,P,N,N,Regular Season,1,3,1,Final,Final,14,Rogers Centre,141,Toronto Blue Jays,TOR,5,False,139,Tampa Bay Rays,TB,8,True,672960,Kazuma Okamoto,Kazuma,Okamoto,7,1996-06-30,29,"6' 1""",220,5,Third Base,R,Right,R,Right,"1-4 | 2 K, R",,4,1,0,0,0,0,1,2,0,0,0,0,4,1,,,,,,,,,,
2026-05-11,822818,,/api/v1.1/game/822818/feed/live,R,2026,2026-05-11,,night,P,N,N,Regular Season,1,3,1,Final,Final,14,Rogers Centre,141,Toronto Blue Jays,TOR,5,False,139,Tampa Bay Rays,TB,8,True,670764,Taylor Walls,Taylor,Walls,6,1996-07-10,29,"5' 9""",185,6,Shortstop,S,Switch,R,Right,"1-4 | 3B, K, RBI",,4,1,0,1,0,1,0,1,0,0,0,0,4,3,,,,,,,,,,
2026-05-11,822818,,/api/v1.1/game/822818/feed/live,R,2026,2026-05-11,,night,P,N,N,Regular Season,1,3,1,Final,Final,14,Rogers Centre,141,Toronto Blue Jays,TOR,5,False,139,Tampa Bay Rays,TB,8,True,663556,Shane McClanahan,Shane,McClanahan,18,1997-04-28,29,"6' 3""",210,1,Pitcher,L,Left,L,Left,,,,,,,,,,,,,,,,,,,,,,,,,,
2026-05-11,822818,,/api/v1.1/game/822818/feed/live,R,2026,2026-05-11,,night,P,N,N,Regular Season,1,3,1,Final,Final,14,Rogers Centre,141,Toronto Blue Jays,TOR,5,False,139,Tampa Bay Rays,TB,8,True,680700,Richie Palacios,Richard,Palacios,1,1997-05-16,28,"5' 8""",185,4,Second Base,L,Left,R,Right,3-4 | 3 RBI,,4,3,0,0,0,3,0,0,0,0,0,0,4,3,,,,,,,,,,
2026-05-11,822818,,/api/v1.1/game/822818/feed/live,R,2026,2026-05-11,,night,P,N,N,Regular Season,1,3,1,Final,Final,14,Rogers Centre,141,Toronto Blue Jays,TOR,5,False,139,Tampa Bay Rays,TB,8,True,668723,Ryan Vilade,Ryan,Vilade,26,1999-02-18,27,"6' 1""",226,9,Outfielder,R,Right,R,Right,,,,,,,,,,,,,,,,,,,,,,,,,,
2026-05-11,822818,,/api/v1.1/game/822818/feed/live,R,2026,2026-05-11,,night,P,N,N,Regular Season,1,3,1,Final,Final,14,Rogers Centre,141,Toronto Blue Jays,TOR,5,False,139,Tampa Bay Rays,TB,8,True,641584,Jake Fraley,Jake,Fraley,17,1995-05-25,30,"5' 11""",206,9,Outfielder,L,Left,L,Left,"1-4 | 2B, 2 K, R",,4,1,1,0,0,0,1,2,0,0,0,0,4,2,,,,,,,,,,
2026-05-11,822818,,/api/v1.1/game/822818/feed/live,R,2026,2026-05-11,,night,P,N,N,Regular Season,1,3,1,Final,Final,14,Rogers Centre,141,Toronto Blue Jays,TOR,5,False,139,Tampa Bay Rays,TB,8,True,668984,Casey Legumina,Casey,Legumina,67,1997-06-19,28,"6' 2""",195,1,Pitcher,R,Right,R,Right,,,,,,,,,,,,,,,,,,,,,,,,,,
2026-05-11,822818,,/api/v1.1/game/822818/feed/live,R,2026,2026-05-11,,night,P,N,N,Regular Season,1,3,1,Final,Final,14,Rogers Centre,141,Toronto Blue Jays,TOR,5,False,139,Tampa Bay Rays,TB,8,True,802415,Chandler Simpson,Chandler,Simpson,14,2000-11-18,25,"5' 11""",170,7,Outfielder,L,Left,R,Right,"3-5 | 3 R, 2 SB",,5,3,0,0,0,0,3,0,0,2,0,0,5,3,,,,,,,,,,
2026-05-11,822818,,/api/v1.1/game/822818/feed/live,R,2026,2026-05-11,,night,P,N,N,Regular Season,1,3,1,Final,Final,14,Rogers Centre,141,Toronto Blue Jays,TOR,5,False,139,Tampa Bay Rays,TB,8,True,605156,Aaron Brooks,Aaron,Brooks,56,1990-04-27,36,"6' 4""",230,1,Pitcher,R,Right,R,Right,,,,,,,,,,,,,,,,,,,,,,,,,,
2026-05-11,822818,,/api/v1.1/game/822818/feed/live,R,2026,2026-05-11,,night,P,N,N,Regular Season,1,3,1,Final,Final,14,Rogers Centre,141,Toronto Blue Jays,TOR,5,False,139,Tampa Bay Rays,TB,8,True,607259,Nick Martinez,Nicholas,Martinez,28,1990-08-05,35,"6' 1""",200,1,Pitcher,L,Left,R,Right,,,,,,,,,,,,,,,,,,,,,,,,,,
2026-05-11,822818,,/api/v1.1/game/822818/feed/live,R,2026,2026-05-11,,night,P,N,N,Regular Season,1,3,1,Final,Final,14,Rogers Centre,141,Toronto Blue Jays,TOR,5,False,139,Tampa Bay Rays,TB,8,True,676356,Jonny DeLuca,Jonathan,DeLuca,21,1998-07-10,27,"5' 10""",195,9,Outfielder,R,Right,R,Right,0-0,,0,0,0,0,0,0,0,0,0,0,0,0,0,0,,,,,,,,,,
2026-05-11,822818,,/api/v1.1/game/822818/feed/live,R,2026,2026-05-11,,night,P,N,N,Regular Season,1,3,1,Final,Final,14,Rogers Centre,141,Toronto Blue Jays,TOR,5,False,139,Tampa Bay Rays,TB,8,True,693855,Ian Seymour,Ian,Seymour,61,1998-12-13,27,"6' 0""",215,1,Pitcher,L,Left,L,Left,"0.1 IP, 2 ER, K, BB",,,,,,,,,,,,,,,,0.1,2,2,1,1,1,23,0,0,0
2026-05-11,822818,,/api/v1.1/game/822818/feed/live,R,2026,2026-05-11,,night,P,N,N,Regular Season,1,3,1,Final,Final,14,Rogers Centre,141,Toronto Blue Jays,TOR,5,False,139,Tampa Bay Rays,TB,8,True,642121,Cole Sulser,Cole,Sulser,71,1990-03-12,36,"6' 0""",200,1,Pitcher,R,Right,R,Right,,,,,,,,,,,,,,,,,,,,,,,,,,
2026-05-11,822818,,/api/v1.1/game/822818/feed/live,R,2026,2026-05-11,,night,P,N,N,Regular Season,1,3,1,Final,Final,14,Rogers Centre,141,Toronto Blue Jays,TOR,5,False,139,Tampa Bay Rays,TB,8,True,664076,Garrett Cleavinger,Garrett,Cleavinger,60,1994-04-23,32,"6' 1""",225,1,Pitcher,R,Right,L,Left,,,,,,,,,,,,,,,,,,,,,,,,,,
2026-05-11,822818,,/api/v1.1/game/822818/feed/live,R,2026,2026-05-11,,night,P,N,N,Regular Season,1,3,1,Final,Final,14,Rogers Centre,141,Toronto Blue Jays,TOR,5,False,139,Tampa Bay Rays,TB,8,True,676439,Hunter Feduccia,Hunter,Feduccia,9,1997-06-05,28,"6' 1""",215,2,Catcher,L,Left,R,Right,"1-4 | K, R",,4,1,0,0,0,0,1,1,0,0,0,0,4,1,,,,,,,,,,
2026-05-11,822818,,/api/v1.1/game/822818/feed/live,R,2026,2026-05-11,,night,P,N,N,Regular Season,1,3,1,Final,Final,14,Rogers Centre,141,Toronto Blue Jays,TOR,5,False,139,Tampa Bay Rays,TB,8,True,687330,Kevin Kelly,Kevin,Kelly,49,1997-11-28,28,"6' 2""",195,1,Pitcher,R,Right,R,Right,,,,,,,,,,,,,,,,,,,,,,,,,,
2026-05-11,822818,,/api/v1.1/game/822818/feed/live,R,2026,2026-05-11,,night,P,N,N,Regular Season,1,3,1,Final,Final,14,Rogers Centre,141,Toronto Blue Jays,TOR,5,False,139,Tampa Bay Rays,TB,8,True,669947,Jesse Scholtens,Jesse,Scholtens,65,1994-04-06,32,"6' 4""",240,1,Pitcher,R,Right,R,Right,,,,,,,,,,,,,,,,,,,,,,,,,,
2026-05-11,822818,,/api/v1.1/game/822818/feed/live,R,2026,2026-05-11,,night,P,N,N,Regular Season,1,3,1,Final,Final,14,Rogers Centre,141,Toronto Blue Jays,TOR,5,False,139,Tampa Bay Rays,TB,8,True,666018,Jonathan Aranda,Jonathan,Aranda,8,1998-05-23,27,"6' 0""",215,3,First Base,L,Left,R,Right,"2-3 | HR, HBP, K",,3,2,0,0,1,3,2,1,0,0,0,0,5,5,,,,,,,,,,
2026-05-11,822818,,/api/v1.1/game/822818/feed/live,R,2026,2026-05-11,,night,P,N,N,Regular Season,1,3,1,Final,Final,14,Rogers Centre,141,Toronto Blue Jays,TOR,5,False,139,Tampa Bay Rays,TB,8,True,663743,Nick Fortes,Nicholas,Fortes,40,1996-11-11,29,"5' 11""",198,2,Catcher,R,Right,R,Right,,,,,,,,,,,,,,,,,,,,,,,,,,
2026-05-11,822818,,/api/v1.1/game/822818/feed/live,R,2026,2026-05-11,,night,P,N,N,Regular Season,1,3,1,Final,Final,14,Rogers Centre,141,Toronto Blue Jays,TOR,5,False,139,Tampa Bay Rays,TB,8,True,643377,Griffin Jax,James,Jax,22,1994-11-22,31,"6' 2""",195,1,Pitcher,R,Right,R,Right,,,,,,,,,,,,,,,,,,,,,,,,,,
2026-05-11,822818,,/api/v1.1/game/822818/feed/live,R,2026,2026-05-11,,night,P,N,N,Regular Season,1,3,1,Final,Final,14,Rogers Centre,141,Toronto Blue Jays,TOR,5,False,139,Tampa Bay Rays,TB,8,True,685801,Hunter Bigge,Hunter,Bigge,43,1998-06-12,27,"6' 0""",215,1,Pitcher,R,Right,R,Right,"1.2 IP, 0 ER, K, 0 BB",,,,,,,,,,,,,,,,1.2,0,0,0,1,0,15,0,0,0
2026-05-11,822818,,/api/v1.1/game/822818/feed/live,R,2026,2026-05-11,,night,P,N,N,Regular Season,1,3,1,Final,Final,14,Rogers Centre,141,Toronto Blue Jays,TOR,5,False,139,Tampa Bay Rays,TB,8,True,650490,Yandy Díaz,Yandy,Díaz,2,1991-08-08,34,"6' 0""",235,3,First Base,R,Right,R,Right,0-5 | 2 K,,5,0,0,0,0,0,0,2,0,0,0,0,5,0,,,,,,,,,,
2026-05-11,822818,,/api/v1.1/game/822818/feed/live,R,2026,2026-05-11,,night,P,N,N,Regular Season,1,3,1,Final,Final,14,Rogers Centre,141,Toronto Blue Jays,TOR,5,False,139,Tampa Bay Rays,TB,8,True,810938,Ben Williamson,Benjamin,Williamson,15,2000-11-05,25,"6' 0""",210,4,Second Base,R,Right,R,Right,0-0 | CS,,0,0,0,0,0,0,0,0,0,0,1,0,0,0,,,,,,,,,,
2026-05-11,822818,,/api/v1.1/game/822818/feed/live,R,2026,2026-05-11,,night,P,N,N,Regular Season,1,3,1,Final,Final,14,Rogers Centre,141,Toronto Blue Jays,TOR,5,False,139,Tampa Bay Rays,TB,8,True,641329,Bryan Baker,Bryan,Baker,47,1994-12-02,31,"6' 6""",235,1,Pitcher,R,Right,R,Right,"1.0 IP, 0 ER, 2 K, 0 BB",,,,,,,,,,,,,,,,1.0,0,0,0,2,0,11,0,0,1
2026-05-11,822818,,/api/v1.1/game/822818/feed/live,R,2026,2026-05-11,,night,P,N,N,Regular Season,1,3,1,Final,Final,14,Rogers Centre,141,Toronto Blue Jays,TOR,5,False,139,Tampa Bay Rays,TB,8,True,691406,Junior Caminero,Junior,Caminero,13,2003-07-05,22,"6' 1""",220,5,Third Base,R,Right,R,Right,"1-4 | BB, R",,4,1,0,0,0,0,1,0,1,0,0,0,5,1,,,,,,,,,,
2026-05-11,822818,,/api/v1.1/game/822818/feed/live,R,2026,2026-05-11,,night,P,N,N,Regular Season,1,3,1,Final,Final,14,Rogers Centre,141,Toronto Blue Jays,TOR,5,False,139,Tampa Bay Rays,TB,8,True,656876,Drew Rasmussen,Drew,Rasmussen,57,1995-07-27,30,"6' 1""",240,1,Pitcher,R,Right,R,Right,"6.0 IP, 3 ER, 6 K, BB",,,,,,,,,,,,,,,,6.0,3,4,1,6,1,100,1,0,0
2026-05-11,822818,,/api/v1.1/game/822818/feed/live,R,2026,2026-05-11,,night,P,N,N,Regular Season,1,3,1,Final,Final,14,Rogers Centre,141,Toronto Blue Jays,TOR,5,False,139,Tampa Bay Rays,TB,8,True,656775,Cedric Mullins,Boyce,Mullins,31,1994-10-01,31,"5' 7""",175,8,Outfielder,L,Left,L,Left,0-4,,4,0,0,0,0,0,0,0,0,0,0,0,4,0,,,,,,,,,,
2026-05-11,822901,,/api/v1.1/game/822901/feed/live,R,2026,2026-05-11,,night,P,N,N,Regular Season,1,3,1,Final,Final,5325,Globe Life Field,140,Texas Rangers,TEX,0,False,109,Arizona Diamondbacks,AZ,1,True,694497,Evan Carter,Evan,Carter,32,2002-08-29,23,"6' 2""",190,8,Outfielder,L,Left,R,Right,0-2,,2,0,0,0,0,0,0,0,0,0,0,0,2,0,,,,,,,,,,
2026-05-11,822901,,/api/v1.1/game/822901/feed/live,R,2026,2026-05-11,,night,P,N,N,Regular Season,1,3,1,Final,Final,5325,Globe Life Field,140,Texas Rangers,TEX,0,False,109,Arizona Diamondbacks,AZ,1,True,677958,Kumar Rocker,Kumar,Rocker,80,1999-11-22,26,"6' 5""",245,1,Pitcher,R,Right,R,Right,,,,,,,,,,,,,,,,,,,,,,,,,,
2026-05-11,822901,,/api/v1.1/game/822901/feed/live,R,2026,2026-05-11,,night,P,N,N,Regular Season,1,3,1,Final,Final,5325,Globe Life Field,140,Texas Rangers,TEX,0,False,109,Arizona Diamondbacks,AZ,1,True,669394,Jake Burger,Jacob,Burger,21,1996-04-10,30,"6' 0""",230,3,First Base,R,Right,R,Right,0-3 | K,,3,0,0,0,0,0,0,1,0,0,0,0,3,0,,,,,,,,,,
2026-05-11,822901,,/api/v1.1/game/822901/feed/live,R,2026,2026-05-11,,night,P,N,N,Regular Season,1,3,1,Final,Final,5325,Globe Life Field,140,Texas Rangers,TEX,0,False,109,Arizona Diamondbacks,AZ,1,True,682608,Peyton Gray,Peyton,Gray,75,1995-06-02,30,"6' 4""",235,1,Pitcher,R,Right,R,Right,"2.2 IP, 0 ER, 2 K, 0 BB",,,,,,,,,,,,,,,,2.2,0,1,0,2,0,29,0,0,0
2026-05-11,822901,,/api/v1.1/game/822901/feed/live,R,2026,2026-05-11,,night,P,N,N,Regular Season,1,3,1,Final,Final,5325,Globe Life Field,140,Texas Rangers,TEX,0,False,109,Arizona Diamondbacks,AZ,1,True,696030,Alejandro Osuna,Tadeo,Osuna,19,2002-10-10,23,"5' 9""",185,7,Outfielder,L,Left,L,Left,"1-3 | K, CS",,3,1,0,0,0,0,0,1,0,0,1,0,3,1,,,,,,,,,,
2026-05-11,822901,,/api/v1.1/game/822901/feed/live,R,2026,2026-05-11,,night,P,N,N,Regular Season,1,3,1,Final,Final,5325,Globe Life Field,140,Texas Rangers,TEX,0,False,109,Arizona Diamondbacks,AZ,1,True,641302,Tyler Alexander,Tyler,Alexander,13,1994-07-14,31,"6' 1""",214,1,Pitcher,R,Right,L,Left,"1.2 IP, 0 ER, 2 K, 0 BB",,,,,,,,,,,,,,,,1.2,0,0,0,2,0,17,0,0,0
2026-05-11,822901,,/api/v1.1/game/822901/feed/live,R,2026,2026-05-11,,night,P,N,N,Regular Season,1,3,1,Final,Final,5325,Globe Life Field,140,Texas Rangers,TEX,0,False,109,Arizona Diamondbacks,AZ,1,True,592626,Joc Pederson,Joc,Pederson,3,1992-04-21,34,"6' 1""",220,3,First Base,L,Left,L,Left,0-1 | BB,,1,0,0,0,0,0,0,0,1,0,0,0,2,0,,,,,,,,,,
2026-05-11,822901,,/api/v1.1/game/822901/feed/live,R,2026,2026-05-11,,night,P,N,N,Regular Season,1,3,1,Final,Final,5325,Globe Life Field,140,Texas Rangers,TEX,0,False,109,Arizona Diamondbacks,AZ,1,True,683004,Jack Leiter,Jack,Leiter,22,2000-04-21,26,"6' 1""",205,1,Pitcher,R,Right,R,Right,,,,,,,,,,,,,,,,,,,,,,,,,,
2026-05-11,822901,,/api/v1.1/game/822901/feed/live,R,2026,2026-05-11,,night,P,N,N,Regular Season,1,3,1,Final,Final,5325,Globe Life Field,140,Texas Rangers,TEX,0,False,109,Arizona Diamondbacks,AZ,1,True,656641,Jacob Latz,Jacob,Latz,67,1996-04-08,30,"6' 2""",185,1,Pitcher,R,Right,L,Left,,,,,,,,,,,,,,,,,,,,,,,,,,
2026-05-11,822901,,/api/v1.1/game/822901/feed/live,R,2026,2026-05-11,,night,P,N,N,Regular Season,1,3,1,Final,Final,5325,Globe Life Field,140,Texas Rangers,TEX,0,False,109,Arizona Diamondbacks,AZ,1,True,656222,Jalen Beeks,Jalen,Beeks,68,1993-07-10,32,"5' 11""",215,1,Pitcher,L,Left,L,Left,"1.0 IP, 0 ER, K, BB",,,,,,,,,,,,,,,,1.0,0,1,0,1,1,15,0,0,0
2026-05-11,822901,,/api/v1.1/game/822901/feed/live,R,2026,2026-05-11,,night,P,N,N,Regular Season,1,3,1,Final,Final,5325,Globe Life Field,140,Texas Rangers,TEX,0,False,109,Arizona Diamondbacks,AZ,1,True,608369,Corey Seager,Corey,Seager,5,1994-04-27,32,"6' 4""",215,6,Shortstop,L,Left,R,Right,0-3 | HBP,,3,0,0,0,0,0,0,0,0,0,0,0,4,0,,,,,,,,,,
2026-05-11,822901,,/api/v1.1/game/822901/feed/live,R,2026,2026-05-11,,night,P,N,N,Regular Season,1,3,1,Final,Final,5325,Globe Life Field,140,Texas Rangers,TEX,0,False,109,Arizona Diamondbacks,AZ,1,True,615698,Cal Quantrill,Cal,Quantrill,44,1995-02-10,31,"6' 3""",195,1,Pitcher,L,Left,R,Right,,,,,,,,,,,,,,,,,,,,,,,,,,
2026-05-11,822901,,/api/v1.1/game/822901/feed/live,R,2026,2026-05-11,,night,P,N,N,Regular Season,1,3,1,Final,Final,5325,Globe Life Field,140,Texas Rangers,TEX,0,False,109,Arizona Diamondbacks,AZ,1,True,673962,Josh Jung,Joshua,Jung,6,1998-02-12,28,"6' 1""",214,5,Third Base,R,Right,R,Right,0-4 | K,,4,0,0,0,0,0,0,1,0,0,0,0,4,0,,,,,,,,,,
2026-05-11,822901,,/api/v1.1/game/822901/feed/live,R,2026,2026-05-11,,night,P,N,N,Regular Season,1,3,1,Final,Final,5325,Globe Life Field,140,Texas Rangers,TEX,0,False,109,Arizona Diamondbacks,AZ,1,True,679822,Justin Foscue,Justin,Foscue,14,1999-03-02,27,"5' 11""",205,3,First Base,R,Right,R,Right,0-1 | K,,1,0,0,0,0,0,0,1,0,0,0,0,1,0,,,,,,,,,,
2026-05-11,822901,,/api/v1.1/game/822901/feed/live,R,2026,2026-05-11,,night,P,N,N,Regular Season,1,3,1,Final,Final,5325,Globe Life Field,140,Texas Rangers,TEX,0,False,109,Arizona Diamondbacks,AZ,1,True,457705,Andrew McCutchen,Andrew,McCutchen,4,1986-10-10,39,"5' 10""",190,7,Outfielder,R,Right,R,Right,0-1,,1,0,0,0,0,0,0,0,0,0,0,0,1,0,,,,,,,,,,
2026-05-11,822901,,/api/v1.1/game/822901/feed/live,R,2026,2026-05-11,,night,P,N,N,Regular Season,1,3,1,Final,Final,5325,Globe Life Field,140,Texas Rangers,TEX,0,False,109,Arizona Diamondbacks,AZ,1,True,543309,Kyle Higashioka,Kyle,Higashioka,11,1990-04-20,36,"6' 1""",202,2,Catcher,R,Right,R,Right,1-3,,3,1,0,0,0,0,0,0,0,0,0,0,3,1,,,,,,,,,,
2026-05-11,822901,,/api/v1.1/game/822901/feed/live,R,2026,2026-05-11,,night,P,N,N,Regular Season,1,3,1,Final,Final,5325,Globe Life Field,140,Texas Rangers,TEX,0,False,109,Arizona Diamondbacks,AZ,1,True,677649,Ezequiel Duran,Ezequiel,Duran,20,1999-05-22,26,"5' 10""",185,7,Outfielder,R,Right,R,Right,1-4 | 2 K,,4,1,0,0,0,0,0,2,0,0,0,0,4,1,,,,,,,,,,
2026-05-11,822901,,/api/v1.1/game/822901/feed/live,R,2026,2026-05-11,,night,P,N,N,Regular Season,1,3,1,Final,Final,5325,Globe Life Field,140,Texas Rangers,TEX,0,False,109,Arizona Diamondbacks,AZ,1,True,669022,MacKenzie Gore,MacKenzie,Gore,1,1999-02-24,27,"6' 2""",193,1,Pitcher,L,Left,L,Left,,,,,,,,,,,,,,,,,,,,,,,,,,
2026-05-11,822901,,/api/v1.1/game/822901/feed/live,R,2026,2026-05-11,,night,P,N,N,Regular Season,1,3,1,Final,Final,5325,Globe Life Field,140,Texas Rangers,TEX,0,False,109,Arizona Diamondbacks,AZ,1,True,686560,Gavin Collyer,Gavin,Collyer,65,2001-05-12,25,"6' 1""",165,1,Pitcher,R,Right,R,Right,,,,,,,,,,,,,,,,,,,,,,,,,,
2026-05-11,822901,,/api/v1.1/game/822901/feed/live,R,2026,2026-05-11,,night,P,N,N,Regular Season,1,3,1,Final,Final,5325,Globe Life Field,140,Texas Rangers,TEX,0,False,109,Arizona Diamondbacks,AZ,1,True,594798,Jacob deGrom,Jacob,deGrom,48,1988-06-19,37,"6' 4""",180,1,Pitcher,L,Left,R,Right,,,,,,,,,,,,,,,,,,,,,,,,,,
2026-05-11,822901,,/api/v1.1/game/822901/feed/live,R,2026,2026-05-11,,night,P,N,N,Regular Season,1,3,1,Final,Final,5325,Globe Life Field,140,Texas Rangers,TEX,0,False,109,Arizona Diamondbacks,AZ,1,True,607043,Brandon Nimmo,Brandon,Nimmo,24,1993-03-27,33,"6' 1""",206,9,Outfielder,L,Left,R,Right,1-4 | K,,4,1,0,0,0,0,0,1,0,0,0,0,4,1,,,,,,,,,,
2026-05-11,822901,,/api/v1.1/game/822901/feed/live,R,2026,2026-05-11,,night,P,N,N,Regular Season,1,3,1,Final,Final,5325,Globe Life Field,140,Texas Rangers,TEX,0,False,109,Arizona Diamondbacks,AZ,1,True,664059,Sam Haggerty,Samuel,Haggerty,0,1994-05-26,31,"5' 11""",175,7,Outfielder,S,Switch,R,Right,0-0,,0,0,0,0,0,0,0,0,0,0,0,0,0,0,,,,,,,,,,
2026-05-11,822901,,/api/v1.1/game/822901/feed/live,R,2026,2026-05-11,,night,P,N,N,Regular Season,1,3,1,Final,Final,5325,Globe Life Field,140,Texas Rangers,TEX,0,False,109,Arizona Diamondbacks,AZ,1,True,643376,Danny Jansen,Daniel,Jansen,9,1995-04-15,31,"6' 2""",240,2,Catcher,R,Right,R,Right,,,,,,,,,,,,,,,,,,,,,,,,,,
2026-05-11,822901,,/api/v1.1/game/822901/feed/live,R,2026,2026-05-11,,night,P,N,N,Regular Season,1,3,1,Final,Final,5325,Globe Life Field,140,Texas Rangers,TEX,0,False,109,Arizona Diamondbacks,AZ,1,True,596001,Jakob Junis,Jakob,Junis,16,1992-09-16,33,"6' 3""",238,1,Pitcher,R,Right,R,Right,"2.2 IP, ER, 2 K, 0 BB",,,,,,,,,,,,,,,,2.2,1,2,0,2,0,31,0,1,0
2026-05-11,822901,,/api/v1.1/game/822901/feed/live,R,2026,2026-05-11,,night,P,N,N,Regular Season,1,3,1,Final,Final,5325,Globe Life Field,140,Texas Rangers,TEX,0,False,109,Arizona Diamondbacks,AZ,1,True,543135,Nathan Eovaldi,Nathan,Eovaldi,17,1990-02-13,36,"6' 2""",217,1,Pitcher,R,Right,R,Right,,,,,,,,,,,,,,,,,,,,,,,,,,
2026-05-11,822901,,/api/v1.1/game/822901/feed/live,R,2026,2026-05-11,,night,P,N,N,Regular Season,1,3,1,Final,Final,5325,Globe Life Field,140,Texas Rangers,TEX,0,False,109,Arizona Diamondbacks,AZ,1,True,668390,Cole Winn,Cole,Winn,60,1999-11-25,26,"6' 2""",190,1,Pitcher,R,Right,R,Right,"1.0 IP, 0 ER, K, BB",,,,,,,,,,,,,,,,1.0,0,2,0,1,1,17,0,0,0
2026-05-11,822901,,/api/v1.1/game/822901/feed/live,R,2026,2026-05-11,,night,P,N,N,Regular Season,1,3,1,Final,Final,5325,Globe Life Field,140,Texas Rangers,TEX,0,False,109,Arizona Diamondbacks,AZ,1,True,593958,Eduardo Rodriguez,Eduardo,Rodriguez,57,1993-04-07,33,"6' 2""",231,1,Pitcher,L,Left,L,Left,,,,,,,,,,,,,,,,,,,,,,,,,,
2026-05-11,822901,,/api/v1.1/game/822901/feed/live,R,2026,2026-05-11,,night,P,N,N,Regular Season,1,3,1,Final,Final,5325,Globe Life Field,140,Texas Rangers,TEX,0,False,109,Arizona Diamondbacks,AZ,1,True,666661,Juan Morillo,Juan,Morillo,62,1999-03-19,27,"6' 1""",150,1,Pitcher,R,Right,R,Right,,,,,,,,,,,,,,,,,,,,,,,,,,
2026-05-11,822901,,/api/v1.1/game/822901/feed/live,R,2026,2026-05-11,,night,P,N,N,Regular Season,1,3,1,Final,Final,5325,Globe Life Field,140,Texas Rangers,TEX,0,False,109,Arizona Diamondbacks,AZ,1,True,694297,Brandon Pfaadt,Brandon,Pfaadt,32,1998-10-15,27,"6' 4""",220,1,Pitcher,R,Right,R,Right,,,,,,,,,,,,,,,,,,,,,,,,,,
2026-05-11,822901,,/api/v1.1/game/822901/feed/live,R,2026,2026-05-11,,night,P,N,N,Regular Season,1,3,1,Final,Final,5325,Globe Life Field,140,Texas Rangers,TEX,0,False,109,Arizona Diamondbacks,AZ,1,True,694374,Tim Tawa,Timothy,Tawa,13,1999-04-07,27,"5' 11""",196,7,Outfielder,R,Right,R,Right,,,,,,,,,,,,,,,,,,,,,,,,,,
2026-05-11,822901,,/api/v1.1/game/822901/feed/live,R,2026,2026-05-11,,night,P,N,N,Regular Season,1,3,1,Final,Final,5325,Globe Life Field,140,Texas Rangers,TEX,0,False,109,Arizona Diamondbacks,AZ,1,True,680728,Adrian Del Castillo,Adrian,Del Castillo,25,1999-09-27,26,"5' 9""",208,2,Catcher,L,Left,R,Right,0-3 | 2 K,,3,0,0,0,0,0,0,2,0,0,0,0,3,0,,,,,,,,,,
2026-05-11,822901,,/api/v1.1/game/822901/feed/live,R,2026,2026-05-11,,night,P,N,N,Regular Season,1,3,1,Final,Final,5325,Globe Life Field,140,Texas Rangers,TEX,0,False,109,Arizona Diamondbacks,AZ,1,True,571448,Nolan Arenado,Nolan,Arenado,28,1991-04-16,35,"6' 2""",215,5,Third Base,R,Right,R,Right,2-4 | 2B,,4,2,1,0,0,0,0,0,0,0,0,0,4,3,,,,,,,,,,
2026-05-11,822901,,/api/v1.1/game/822901/feed/live,R,2026,2026-05-11,,night,P,N,N,Regular Season,1,3,1,Final,Final,5325,Globe Life Field,140,Texas Rangers,TEX,0,False,109,Arizona Diamondbacks,AZ,1,True,814439,Ryan Waldschmidt,Ryan,Waldschmidt,15,2002-10-07,23,"6' 0""",205,8,Outfielder,R,Right,R,Right,0-3,,3,0,0,0,0,0,0,0,0,0,0,0,3,0,,,,,,,,,,
2026-05-11,822901,,/api/v1.1/game/822901/feed/live,R,2026,2026-05-11,,night,P,N,N,Regular Season,1,3,1,Final,Final,5325,Globe Life Field,140,Texas Rangers,TEX,0,False,109,Arizona Diamondbacks,AZ,1,True,518876,Merrill Kelly,Kenneth,Kelly,29,1988-10-14,37,"6' 2""",202,1,Pitcher,R,Right,R,Right,,,,,,,,,,,,,,,,,,,,,,,,,,
2026-05-11,822901,,/api/v1.1/game/822901/feed/live,R,2026,2026-05-11,,night,P,N,N,Regular Season,1,3,1,Final,Final,5325,Globe Life Field,140,Texas Rangers,TEX,0,False,109,Arizona Diamondbacks,AZ,1,True,656464,Kevin Ginkel,Kevin,Ginkel,37,1994-03-24,32,"6' 4""",235,1,Pitcher,L,Left,R,Right,,,,,,,,,,,,,,,,,,,,,,,,,,
2026-05-11,822901,,/api/v1.1/game/822901/feed/live,R,2026,2026-05-11,,night,P,N,N,Regular Season,1,3,1,Final,Final,5325,Globe Life Field,140,Texas Rangers,TEX,0,False,109,Arizona Diamondbacks,AZ,1,True,606466,Ketel Marte,Ketel,Marte,4,1993-10-12,32,"6' 0""",210,4,Second Base,S,Switch,R,Right,1-4 | 2B,,4,1,1,0,0,0,0,0,0,0,0,0,4,2,,,,,,,,,,
2026-05-11,822901,,/api/v1.1/game/822901/feed/live,R,2026,2026-05-11,,night,P,N,N,Regular Season,1,3,1,Final,Final,5325,Globe Life Field,140,Texas Rangers,TEX,0,False,109,Arizona Diamondbacks,AZ,1,True,642528,Jonathan Loáisiga,Jonathan,Loáisiga,43,1994-11-02,31,"5' 11""",195,1,Pitcher,R,Right,R,Right,,,,,,,,,,,,,,,,,,,,,,,,,,
2026-05-11,822901,,/api/v1.1/game/822901/feed/live,R,2026,2026-05-11,,night,P,N,N,Regular Season,1,3,1,Final,Final,5325,Globe Life Field,140,Texas Rangers,TEX,0,False,109,Arizona Diamondbacks,AZ,1,True,545121,Ildemaro Vargas,Ildemaro,Vargas,6,1991-07-16,34,"5' 11""",202,3,First Base,S,Switch,R,Right,0-4 | K,,4,0,0,0,0,0,0,1,0,0,0,0,4,0,,,,,,,,,,
2026-05-11,822901,,/api/v1.1/game/822901/feed/live,R,2026,2026-05-11,,night,P,N,N,Regular Season,1,3,1,Final,Final,5325,Globe Life Field,140,Texas Rangers,TEX,0,False,109,Arizona Diamondbacks,AZ,1,True,669194,Ryne Nelson,Ryne,Nelson,19,1998-02-01,28,"6' 3""",184,1,Pitcher,R,Right,R,Right,,,,,,,,,,,,,,,,,,,,,,,,,,
2026-05-11,822901,,/api/v1.1/game/822901/feed/live,R,2026,2026-05-11,,night,P,N,N,Regular Season,1,3,1,Final,Final,5325,Globe Life Field,140,Texas Rangers,TEX,0,False,109,Arizona Diamondbacks,AZ,1,True,672695,Geraldo Perdomo,Geraldo,Perdomo,2,1999-10-22,26,"6' 2""",203,6,Shortstop,S,Switch,R,Right,"2-4 | 2B, K, RBI",,4,2,1,0,0,1,0,1,0,0,0,0,4,3,,,,,,,,,,
2026-05-11,822901,,/api/v1.1/game/822901/feed/live,R,2026,2026-05-11,,night,P,N,N,Regular Season,1,3,1,Final,Final,5325,Globe Life Field,140,Texas Rangers,TEX,0,False,109,Arizona Diamondbacks,AZ,1,True,699912,Jose Fernandez,Jose,Fernandez,11,2003-09-22,22,"6' 3""",165,3,First Base,R,Right,R,Right,0-1 | K,,1,0,0,0,0,0,0,1,0,0,0,0,1,0,,,,,,,,,,
2026-05-11,822901,,/api/v1.1/game/822901/feed/live,R,2026,2026-05-11,,night,P,N,N,Regular Season,1,3,1,Final,Final,5325,Globe Life Field,140,Texas Rangers,TEX,0,False,109,Arizona Diamondbacks,AZ,1,True,623149,Paul Sewald,Paul,Sewald,38,1990-05-26,35,"6' 3""",219,1,Pitcher,R,Right,R,Right,"1.0 IP, 0 ER, K, 0 BB",,,,,,,,,,,,,,,,1.0,0,0,0,1,0,15,0,0,1
2026-05-11,822901,,/api/v1.1/game/822901/feed/live,R,2026,2026-05-11,,night,P,N,N,Regular Season,1,3,1,Final,Final,5325,Globe Life Field,140,Texas Rangers,TEX,0,False,109,Arizona Diamondbacks,AZ,1,True,647336,Michael Soroka,Michael,Soroka,34,1997-08-04,28,"6' 5""",250,1,Pitcher,R,Right,R,Right,"6.1 IP, 0 ER, 5 K, BB",,,,,,,,,,,,,,,,6.1,0,3,0,5,1,89,1,0,0
2026-05-11,822901,,/api/v1.1/game/822901/feed/live,R,2026,2026-05-11,,night,P,N,N,Regular Season,1,3,1,Final,Final,5325,Globe Life Field,140,Texas Rangers,TEX,0,False,109,Arizona Diamondbacks,AZ,1,True,672515,Gabriel Moreno,Gabriel,Moreno,14,2000-02-14,26,"5' 9""",195,2,Catcher,R,Right,R,Right,0-4 | 2 K,,4,0,0,0,0,0,0,2,0,0,0,0,4,0,,,,,,,,,,
2026-05-11,822901,,/api/v1.1/game/822901/feed/live,R,2026,2026-05-11,,night,P,N,N,Regular Season,1,3,1,Final,Final,5325,Globe Life Field,140,Texas Rangers,TEX,0,False,109,Arizona Diamondbacks,AZ,1,True,682998,Corbin Carroll,Corbin,Carroll,7,2000-08-21,25,"5' 10""",165,9,Outfielder,L,Left,L,Left,"1-2 | 2B, 2 BB, R",,2,1,1,0,0,0,1,0,2,0,0,0,4,2,,,,,,,,,,
2026-05-11,822901,,/api/v1.1/game/822901/feed/live,R,2026,2026-05-11,,night,P,N,N,Regular Season,1,3,1,Final,Final,5325,Globe Life Field,140,Texas Rangers,TEX,0,False,109,Arizona Diamondbacks,AZ,1,True,664199,Taylor Clarke,Taylor,Clarke,45,1993-05-13,32,"6' 3""",210,1,Pitcher,R,Right,R,Right,"1.0 IP, 0 ER, 0 K, 0 BB",,,,,,,,,,,,,,,,1.0,0,1,0,0,0,11,0,0,0
2026-05-11,822901,,/api/v1.1/game/822901/feed/live,R,2026,2026-05-11,,night,P,N,N,Regular Season,1,3,1,Final,Final,5325,Globe Life Field,140,Texas Rangers,TEX,0,False,109,Arizona Diamondbacks,AZ,1,True,668678,Zac Gallen,Zachary,Gallen,23,1995-08-03,30,"6' 2""",189,1,Pitcher,R,Right,R,Right,,,,,,,,,,,,,,,,,,,,,,,,,,
2026-05-11,822901,,/api/v1.1/game/822901/feed/live,R,2026,2026-05-11,,night,P,N,N,Regular Season,1,3,1,Final,Final,5325,Globe Life Field,140,Texas Rangers,TEX,0,False,109,Arizona Diamondbacks,AZ,1,True,666971,Lourdes Gurriel Jr.,Lourdes,Gurriel,12,1993-10-10,32,"6' 3""",215,7,Outfielder,R,Right,R,Right,0-4 | K,,4,0,0,0,0,0,0,1,0,0,0,0,4,0,,,,,,,,,,
2026-05-11,822901,,/api/v1.1/game/822901/feed/live,R,2026,2026-05-11,,night,P,N,N,Regular Season,1,3,1,Final,Final,5325,Globe Life Field,140,Texas Rangers,TEX,0,False,109,Arizona Diamondbacks,AZ,1,True,657044,Ryan Thompson,Ryan,Thompson,81,1992-06-26,33,"6' 5""",210,1,Pitcher,R,Right,R,Right,,,,,,,,,,,,,,,,,,,,,,,,,,
2026-05-11,822901,,/api/v1.1/game/822901/feed/live,R,2026,2026-05-11,,night,P,N,N,Regular Season,1,3,1,Final,Final,5325,Globe Life Field,140,Texas Rangers,TEX,0,False,109,Arizona Diamondbacks,AZ,1,True,543510,James McCann,James,McCann,8,1990-06-13,35,"6' 2""",235,2,Catcher,R,Right,R,Right,,,,,,,,,,,,,,,,,,,,,,,,,,
2026-05-11,822901,,/api/v1.1/game/822901/feed/live,R,2026,2026-05-11,,night,P,N,N,Regular Season,1,3,1,Final,Final,5325,Globe Life Field,140,Texas Rangers,TEX,0,False,109,Arizona Diamondbacks,AZ,1,True,805299,Brandyn Garcia,Brandyn,Garcia,55,2000-05-27,25,"6' 4""",235,1,Pitcher,L,Left,L,Left,"0.2 IP, 0 ER, K, 0 BB",,,,,,,,,,,,,,,,0.2,0,0,0,1,0,7,0,0,0
2026-05-11,822901,,/api/v1.1/game/822901/feed/live,R,2026,2026-05-11,,night,P,N,N,Regular Season,1,3,1,Final,Final,5325,Globe Life Field,140,Texas Rangers,TEX,0,False,109,Arizona Diamondbacks,AZ,1,True,678489,Jorge Barrosa,Jorge,Barrosa,1,2001-02-17,25,"5' 6""",165,7,Outfielder,S,Switch,L,Left,0-0,,0,0,0,0,0,0,0,0,0,0,0,0,0,0,,,,,,,,,,
2026-05-11,824199,,/api/v1.1/game/824199/feed/live,R,2026,2026-05-11,,night,P,N,N,Regular Season,1,4,1,Final,Final,2392,Daikin Park,117,Houston Astros,HOU,1,False,136,Seattle Mariners,SEA,3,True,694376,Shay Whitcomb,Shay,Whitcomb,14,1998-09-28,27,"6' 0""",202,5,Third Base,R,Right,R,Right,,,,,,,,,,,,,,,,,,,,,,,,,,
2026-05-11,824199,,/api/v1.1/game/824199/feed/live,R,2026,2026-05-11,,night,P,N,N,Regular Season,1,4,1,Final,Final,2392,Daikin Park,117,Houston Astros,HOU,1,False,136,Seattle Mariners,SEA,3,True,670623,Isaac Paredes,Isaac,Paredes,15,1999-02-18,27,"5' 11""",213,5,Third Base,R,Right,R,Right,3-4 | RBI,,4,3,0,0,0,1,0,0,0,0,0,0,4,3,,,,,,,,,,
2026-05-11,824199,,/api/v1.1/game/824199/feed/live,R,2026,2026-05-11,,night,P,N,N,Regular Season,1,4,1,Final,Final,2392,Daikin Park,117,Houston Astros,HOU,1,False,136,Seattle Mariners,SEA,3,True,650556,Bryan Abreu,Bryan,Abreu,52,1997-04-22,29,"6' 1""",230,1,Pitcher,R,Right,R,Right,,,,,,,,,,,,,,,,,,,,,,,,,,
2026-05-11,824199,,/api/v1.1/game/824199/feed/live,R,2026,2026-05-11,,night,P,N,N,Regular Season,1,4,1,Final,Final,2392,Daikin Park,117,Houston Astros,HOU,1,False,136,Seattle Mariners,SEA,3,True,669397,Nick Allen,Nicholas,Allen,20,1998-10-08,27,"5' 7""",166,6,Shortstop,R,Right,R,Right,,,,,,,,,,,,,,,,,,,,,,,,,,
2026-05-11,824199,,/api/v1.1/game/824199/feed/live,R,2026,2026-05-11,,night,P,N,N,Regular Season,1,4,1,Final,Final,2392,Daikin Park,117,Houston Astros,HOU,1,False,136,Seattle Mariners,SEA,3,True,678906,Kai-Wei Teng,Kai-Wei,Teng,17,1998-12-01,27,"6' 4""",241,1,Pitcher,R,Right,R,Right,,,,,,,,,,,,,,,,,,,,,,,,,,
2026-05-11,824199,,/api/v1.1/game/824199/feed/live,R,2026,2026-05-11,,night,P,N,N,Regular Season,1,4,1,Final,Final,2392,Daikin Park,117,Houston Astros,HOU,1,False,136,Seattle Mariners,SEA,3,True,701358,Cam Smith,Cameron,Smith,11,2003-02-22,23,"6' 3""",224,9,Outfielder,R,Right,R,Right,"0-2 | 2 BB, K, SB",,2,0,0,0,0,0,0,1,2,1,0,0,4,0,,,,,,,,,,
2026-05-11,824199,,/api/v1.1/game/824199/feed/live,R,2026,2026-05-11,,night,P,N,N,Regular Season,1,4,1,Final,Final,2392,Daikin Park,117,Houston Astros,HOU,1,False,136,Seattle Mariners,SEA,3,True,669699,Braden Shewmake,Braden,Shewmake,28,1997-11-19,28,"6' 3""",200,4,Second Base,L,Left,R,Right,1-4,,4,1,0,0,0,0,0,0,0,0,0,0,4,1,,,,,,,,,,
2026-05-11,824199,,/api/v1.1/game/824199/feed/live,R,2026,2026-05-11,,night,P,N,N,Regular Season,1,4,1,Final,Final,2392,Daikin Park,117,Houston Astros,HOU,1,False,136,Seattle Mariners,SEA,3,True,805904,Zach Cole,Zachary,Cole,16,2000-08-04,25,"6' 2""",190,8,Outfielder,L,Left,R,Right,0-4 | 3 K,,4,0,0,0,0,0,0,3,0,0,0,0,4,0,,,,,,,,,,
2026-05-11,824199,,/api/v1.1/game/824199/feed/live,R,2026,2026-05-11,,night,P,N,N,Regular Season,1,4,1,Final,Final,2392,Daikin Park,117,Houston Astros,HOU,1,False,136,Seattle Mariners,SEA,3,True,660853,Enyel De Los Santos,Enyel,De Los Santos,65,1995-12-25,30,"6' 3""",235,1,Pitcher,R,Right,R,Right,,,,,,,,,,,,,,,,,,,,,,,,,,
2026-05-11,824199,,/api/v1.1/game/824199/feed/live,R,2026,2026-05-11,,night,P,N,N,Regular Season,1,4,1,Final,Final,2392,Daikin Park,117,Houston Astros,HOU,1,False,136,Seattle Mariners,SEA,3,True,595345,Steven Okert,Steven,Okert,48,1991-07-09,34,"6' 2""",202,1,Pitcher,L,Left,L,Left,"1.0 IP, 0 ER, K, 0 BB",,,,,,,,,,,,,,,,1.0,0,0,0,1,0,12,0,0,0
2026-05-11,824199,,/api/v1.1/game/824199/feed/live,R,2026,2026-05-11,,night,P,N,N,Regular Season,1,4,1,Final,Final,2392,Daikin Park,117,Houston Astros,HOU,1,False,136,Seattle Mariners,SEA,3,True,663967,César Salazar,César,Salazar,18,1996-03-15,30,"5' 8""",198,2,Catcher,L,Left,R,Right,,,,,,,,,,,,,,,,,,,,,,,,,,
2026-05-11,824199,,/api/v1.1/game/824199/feed/live,R,2026,2026-05-11,,night,P,N,N,Regular Season,1,4,1,Final,Final,2392,Daikin Park,117,Houston Astros,HOU,1,False,136,Seattle Mariners,SEA,3,True,694728,Brice Matthews,Brice,Matthews,0,2002-03-16,24,"5' 10""",190,7,Outfielder,R,Right,R,Right,0-4 | 3 K,,4,0,0,0,0,0,0,3,0,0,0,0,4,0,,,,,,,,,,
2026-05-11,824199,,/api/v1.1/game/824199/feed/live,R,2026,2026-05-11,,night,P,N,N,Regular Season,1,4,1,Final,Final,2392,Daikin Park,117,Houston Astros,HOU,1,False,136,Seattle Mariners,SEA,3,True,805123,AJ Blubaugh,Alan,Blubaugh,69,2000-07-04,25,"6' 2""",190,1,Pitcher,R,Right,R,Right,,,,,,,,,,,,,,,,,,,,,,,,,,
2026-05-11,824199,,/api/v1.1/game/824199/feed/live,R,2026,2026-05-11,,night,P,N,N,Regular Season,1,4,1,Final,Final,2392,Daikin Park,117,Houston Astros,HOU,1,False,136,Seattle Mariners,SEA,3,True,701121,Logan VanWey,Logan,VanWey,64,1999-02-14,27,"6' 2""",205,1,Pitcher,R,Right,R,Right,,,,,,,,,,,,,,,,,,,,,,,,,,
2026-05-11,824199,,/api/v1.1/game/824199/feed/live,R,2026,2026-05-11,,night,P,N,N,Regular Season,1,4,1,Final,Final,2392,Daikin Park,117,Houston Astros,HOU,1,False,136,Seattle Mariners,SEA,3,True,514888,Jose Altuve,Jose,Altuve,27,1990-05-06,36,"5' 6""",167,4,Second Base,R,Right,R,Right,"3-5 | K, R",,5,3,0,0,0,0,1,1,0,0,0,0,5,3,,,,,,,,,,
2026-05-11,824199,,/api/v1.1/game/824199/feed/live,R,2026,2026-05-11,,night,P,N,N,Regular Season,1,4,1,Final,Final,2392,Daikin Park,117,Houston Astros,HOU,1,False,136,Seattle Mariners,SEA,3,True,675989,Cody Bolton,Carl,Bolton,67,1998-06-19,27,"6' 2""",210,1,Pitcher,R,Right,R,Right,,,,,,,,,,,,,,,,,,,,,,,,,,
2026-05-11,824199,,/api/v1.1/game/824199/feed/live,R,2026,2026-05-11,,night,P,N,N,Regular Season,1,4,1,Final,Final,2392,Daikin Park,117,Houston Astros,HOU,1,False,136,Seattle Mariners,SEA,3,True,701305,Zach Dezenzo,Zachary,Dezenzo,9,2000-05-11,26,"6' 5""",220,7,Outfielder,R,Right,R,Right,0-1,,1,0,0,0,0,0,0,0,0,0,0,0,1,0,,,,,,,,,,
2026-05-11,824199,,/api/v1.1/game/824199/feed/live,R,2026,2026-05-11,,night,P,N,N,Regular Season,1,4,1,Final,Final,2392,Daikin Park,117,Houston Astros,HOU,1,False,136,Seattle Mariners,SEA,3,True,663567,Peter Lambert,Peter,Lambert,38,1997-04-18,29,"6' 2""",208,1,Pitcher,R,Right,R,Right,"7.0 IP, 3 ER, 6 K, BB",,,,,,,,,,,,,,,,7.0,3,6,1,6,1,96,0,1,0
2026-05-11,824199,,/api/v1.1/game/824199/feed/live,R,2026,2026-05-11,,night,P,N,N,Regular Season,1,4,1,Final,Final,2392,Daikin Park,117,Houston Astros,HOU,1,False,136,Seattle Mariners,SEA,3,True,621121,Lance McCullers Jr.,Lance,McCullers,43,1993-10-02,32,"6' 1""",200,1,Pitcher,L,Left,R,Right,,,,,,,,,,,,,,,,,,,,,,,,,,
2026-05-11,824199,,/api/v1.1/game/824199/feed/live,R,2026,2026-05-11,,night,P,N,N,Regular Season,1,4,1,Final,Final,2392,Daikin Park,117,Houston Astros,HOU,1,False,136,Seattle Mariners,SEA,3,True,681347,Mike Burrows,Michael,Burrows,50,1999-11-08,26,"6' 1""",200,1,Pitcher,R,Right,R,Right,,,,,,,,,,,,,,,,,,,,,,,,,,
2026-05-11,824199,,/api/v1.1/game/824199/feed/live,R,2026,2026-05-11,,night,P,N,N,Regular Season,1,4,1,Final,Final,2392,Daikin Park,117,Houston Astros,HOU,1,False,136,Seattle Mariners,SEA,3,True,687911,Bryan King,Bryan,King,74,1996-11-05,29,"6' 1""",205,1,Pitcher,R,Right,L,Left,"1.0 IP, 0 ER, 0 K, 0 BB",,,,,,,,,,,,,,,,1.0,0,1,0,0,0,15,0,0,0
2026-05-11,824199,,/api/v1.1/game/824199/feed/live,R,2026,2026-05-11,,night,P,N,N,Regular Season,1,4,1,Final,Final,2392,Daikin Park,117,Houston Astros,HOU,1,False,136,Seattle Mariners,SEA,3,True,572233,Christian Walker,Christian,Walker,8,1991-03-28,35,"5' 11""",208,3,First Base,R,Right,R,Right,"0-3 | BB, 2 K",,3,0,0,0,0,0,0,2,1,0,0,0,4,0,,,,,,,,,,
2026-05-11,824199,,/api/v1.1/game/824199/feed/live,R,2026,2026-05-11,,night,P,N,N,Regular Season,1,4,1,Final,Final,2392,Daikin Park,117,Houston Astros,HOU,1,False,136,Seattle Mariners,SEA,3,True,681151,Jayden Murray,Jayden,Murray,70,1997-04-11,29,"6' 1""",190,1,Pitcher,R,Right,R,Right,,,,,,,,,,,,,,,,,,,,,,,,,,
2026-05-11,824199,,/api/v1.1/game/824199/feed/live,R,2026,2026-05-11,,night,P,N,N,Regular Season,1,4,1,Final,Final,2392,Daikin Park,117,Houston Astros,HOU,1,False,136,Seattle Mariners,SEA,3,True,681293,Spencer Arrighetti,Spencer,Arrighetti,41,2000-01-02,26,"6' 2""",186,1,Pitcher,R,Right,R,Right,,,,,,,,,,,,,,,,,,,,,,,,,,
2026-05-11,824199,,/api/v1.1/game/824199/feed/live,R,2026,2026-05-11,,night,P,N,N,Regular Season,1,4,1,Final,Final,2392,Daikin Park,117,Houston Astros,HOU,1,False,136,Seattle Mariners,SEA,3,True,543877,Christian Vázquez,Christian,Vázquez,2,1990-08-21,35,"5' 8""",205,2,Catcher,R,Right,R,Right,1-3,,3,1,0,0,0,0,0,0,0,0,0,0,3,1,,,,,,,,,,
2026-05-11,824199,,/api/v1.1/game/824199/feed/live,R,2026,2026-05-11,,night,P,N,N,Regular Season,1,4,1,Final,Final,2392,Daikin Park,117,Houston Astros,HOU,1,False,136,Seattle Mariners,SEA,3,True,670541,Yordan Alvarez,Yordan,Alvarez,44,1997-06-27,28,"6' 4""",237,7,Outfielder,L,Left,R,Right,1-5 | 3 K,,5,1,0,0,0,0,0,3,0,0,0,1,5,1,,,,,,,,,,
2026-05-11,824199,,/api/v1.1/game/824199/feed/live,R,2026,2026-05-11,,night,P,N,N,Regular Season,1,4,1,Final,Final,2392,Daikin Park,117,Houston Astros,HOU,1,False,136,Seattle Mariners,SEA,3,True,647304,Josh Naylor,Joshua-Douglas,Naylor,12,1997-06-22,28,"5' 10""",235,3,First Base,L,Left,L,Left,0-4 | K,,4,0,0,0,0,0,0,1,0,0,0,1,4,0,,,,,,,,,,
2026-05-11,824199,,/api/v1.1/game/824199/feed/live,R,2026,2026-05-11,,night,P,N,N,Regular Season,1,4,1,Final,Final,2392,Daikin Park,117,Houston Astros,HOU,1,False,136,Seattle Mariners,SEA,3,True,702284,Cole Young,Cole,Young,2,2003-07-29,22,"5' 10""",180,4,Second Base,L,Left,R,Right,1-3 | RBI,,3,1,0,0,0,1,0,0,0,0,0,0,3,1,,,,,,,,,,
2026-05-11,824199,,/api/v1.1/game/824199/feed/live,R,2026,2026-05-11,,night,P,N,N,Regular Season,1,4,1,Final,Final,2392,Daikin Park,117,Houston Astros,HOU,1,False,136,Seattle Mariners,SEA,3,True,689546,Nick Davila,Nicholas,Davila,82,1998-11-21,27,"6' 3""",230,1,Pitcher,R,Right,R,Right,"1.0 IP, 0 ER, K, 0 BB",,,,,,,,,,,,,,,,1.0,0,1,0,1,0,14,0,0,0
2026-05-11,824199,,/api/v1.1/game/824199/feed/live,R,2026,2026-05-11,,night,P,N,N,Regular Season,1,4,1,Final,Final,2392,Daikin Park,117,Houston Astros,HOU,1,False,136,Seattle Mariners,SEA,3,True,695380,Alex Hoppe,Alex,Hoppe,48,1998-12-17,27,"6' 1""",200,1,Pitcher,R,Right,R,Right,,,,,,,,,,,,,,,,,,,,,,,,,,
2026-05-11,824199,,/api/v1.1/game/824199/feed/live,R,2026,2026-05-11,,night,P,N,N,Regular Season,1,4,1,Final,Final,2392,Daikin Park,117,Houston Astros,HOU,1,False,136,Seattle Mariners,SEA,3,True,668227,Randy Arozarena,Randy,Arozarena,56,1995-02-28,31,"5' 10""",185,7,Outfielder,R,Right,R,Right,"2-4 | K, R",,4,2,0,0,0,0,1,1,0,0,0,0,4,2,,,,,,,,,,
2026-05-11,824199,,/api/v1.1/game/824199/feed/live,R,2026,2026-05-11,,night,P,N,N,Regular Season,1,4,1,Final,Final,2392,Daikin Park,117,Houston Astros,HOU,1,False,136,Seattle Mariners,SEA,3,True,641487,J.P. Crawford,John,Crawford,3,1995-01-11,31,"6' 0""",202,6,Shortstop,L,Left,R,Right,0-4,,4,0,0,0,0,0,0,0,0,0,0,0,4,0,,,,,,,,,,
2026-05-11,824199,,/api/v1.1/game/824199/feed/live,R,2026,2026-05-11,,night,P,N,N,Regular Season,1,4,1,Final,Final,2392,Daikin Park,117,Houston Astros,HOU,1,False,136,Seattle Mariners,SEA,3,True,682445,Domingo Gonzalez,Domingo,Gonzalez,46,1999-09-27,26,"6' 0""",185,1,Pitcher,R,Right,R,Right,,,,,,,,,,,,,,,,,,,,,,,,,,
2026-05-11,824199,,/api/v1.1/game/824199/feed/live,R,2026,2026-05-11,,night,P,N,N,Regular Season,1,4,1,Final,Final,2392,Daikin Park,117,Houston Astros,HOU,1,False,136,Seattle Mariners,SEA,3,True,660761,José Suarez,José,Suarez,62,1998-01-03,28,"5' 10""",225,1,Pitcher,L,Left,L,Left,,,,,,,,,,,,,,,,,,,,,,,,,,
2026-05-11,824199,,/api/v1.1/game/824199/feed/live,R,2026,2026-05-11,,night,P,N,N,Regular Season,1,4,1,Final,Final,2392,Daikin Park,117,Houston Astros,HOU,1,False,136,Seattle Mariners,SEA,3,True,686527,Dominic Canzone,Dominic,Canzone,8,1997-08-16,28,"6' 0""",190,9,Outfielder,L,Left,R,Right,"1-3 | 2 K, RBI",,3,1,0,0,0,1,0,2,0,0,0,0,3,1,,,,,,,,,,
2026-05-11,824199,,/api/v1.1/game/824199/feed/live,R,2026,2026-05-11,,night,P,N,N,Regular Season,1,4,1,Final,Final,2392,Daikin Park,117,Houston Astros,HOU,1,False,136,Seattle Mariners,SEA,3,True,663728,Cal Raleigh,Caleb,Raleigh,29,1996-11-26,29,"6' 2""",235,2,Catcher,S,Switch,R,Right,0-4 | K,,4,0,0,0,0,0,0,1,0,0,0,0,4,0,,,,,,,,,,
2026-05-11,824199,,/api/v1.1/game/824199/feed/live,R,2026,2026-05-11,,night,P,N,N,Regular Season,1,4,1,Final,Final,2392,Daikin Park,117,Houston Astros,HOU,1,False,136,Seattle Mariners,SEA,3,True,608701,Rob Refsnyder,Robert,Refsnyder,30,1991-03-26,35,"5' 11""",215,9,Outfielder,R,Right,R,Right,1-1,,1,1,0,0,0,0,0,0,0,0,0,0,1,1,,,,,,,,,,
2026-05-11,824199,,/api/v1.1/game/824199/feed/live,R,2026,2026-05-11,,night,P,N,N,Regular Season,1,4,1,Final,Final,2392,Daikin Park,117,Houston Astros,HOU,1,False,136,Seattle Mariners,SEA,3,True,656582,Connor Joe,Connor,Joe,9,1992-08-16,33,"5' 11""",205,3,First Base,R,Right,R,Right,0-0,,0,0,0,0,0,0,0,0,0,0,0,0,0,0,,,,,,,,,,
2026-05-11,824199,,/api/v1.1/game/824199/feed/live,R,2026,2026-05-11,,night,P,N,N,Regular Season,1,4,1,Final,Final,2392,Daikin Park,117,Houston Astros,HOU,1,False,136,Seattle Mariners,SEA,3,True,669302,Logan Gilbert,Logan,Gilbert,36,1997-05-05,29,"6' 6""",215,1,Pitcher,R,Right,R,Right,,,,,,,,,,,,,,,,,,,,,,,,,,
2026-05-11,824199,,/api/v1.1/game/824199/feed/live,R,2026,2026-05-11,,night,P,N,N,Regular Season,1,4,1,Final,Final,2392,Daikin Park,117,Houston Astros,HOU,1,False,136,Seattle Mariners,SEA,3,True,693433,Bryan Woo,Bryan,Woo,22,2000-01-30,26,"6' 2""",205,1,Pitcher,R,Right,R,Right,,,,,,,,,,,,,,,,,,,,,,,,,,
2026-05-11,824199,,/api/v1.1/game/824199/feed/live,R,2026,2026-05-11,,night,P,N,N,Regular Season,1,4,1,Final,Final,2392,Daikin Park,117,Houston Astros,HOU,1,False,136,Seattle Mariners,SEA,3,True,680977,Brendan Donovan,Brendan,Donovan,33,1997-01-16,29,"5' 11""",210,5,Third Base,L,Left,R,Right,0-4,,4,0,0,0,0,0,0,0,0,0,0,0,4,0,,,,,,,,,,
2026-05-11,824199,,/api/v1.1/game/824199/feed/live,R,2026,2026-05-11,,night,P,N,N,Regular Season,1,4,1,Final,Final,2392,Daikin Park,117,Houston Astros,HOU,1,False,136,Seattle Mariners,SEA,3,True,622491,Luis Castillo,Luis,Castillo,58,1992-12-12,33,"6' 2""",200,1,Pitcher,R,Right,R,Right,,,,,,,,,,,,,,,,,,,,,,,,,,
2026-05-11,824199,,/api/v1.1/game/824199/feed/live,R,2026,2026-05-11,,night,P,N,N,Regular Season,1,4,1,Final,Final,2392,Daikin Park,117,Houston Astros,HOU,1,False,136,Seattle Mariners,SEA,3,True,681867,Cooper Criswell,Cooper,Criswell,88,1996-07-24,29,"6' 6""",200,1,Pitcher,R,Right,R,Right,"1.0 IP, 0 ER, K, 0 BB",,,,,,,,,,,,,,,,1.0,0,0,0,1,0,13,0,0,0
2026-05-11,824199,,/api/v1.1/game/824199/feed/live,R,2026,2026-05-11,,night,P,N,N,Regular Season,1,4,1,Final,Final,2392,Daikin Park,117,Houston Astros,HOU,1,False,136,Seattle Mariners,SEA,3,True,669923,George Kirby,George,Kirby,68,1998-02-04,28,"6' 4""",215,1,Pitcher,R,Right,R,Right,"5.0 IP, ER, 7 K, 2 BB",,,,,,,,,,,,,,,,5.0,1,7,0,7,2,99,1,0,0
2026-05-11,824199,,/api/v1.1/game/824199/feed/live,R,2026,2026-05-11,,night,P,N,N,Regular Season,1,4,1,Final,Final,2392,Daikin Park,117,Houston Astros,HOU,1,False,136,Seattle Mariners,SEA,3,True,662253,Andrés Muñoz,Andrés,Muñoz,75,1999-01-16,27,"6' 2""",222,1,Pitcher,R,Right,R,Right,"1.0 IP, 0 ER, K, 0 BB",,,,,,,,,,,,,,,,1.0,0,1,0,1,0,14,0,0,1
2026-05-11,824199,,/api/v1.1/game/824199/feed/live,R,2026,2026-05-11,,night,P,N,N,Regular Season,1,4,1,Final,Final,2392,Daikin Park,117,Houston Astros,HOU,1,False,136,Seattle Mariners,SEA,3,True,641598,Mitch Garver,Mitchell,Garver,18,1991-01-15,35,"6' 1""",220,2,Catcher,R,Right,R,Right,,,,,,,,,,,,,,,,,,,,,,,,,,
2026-05-11,824199,,/api/v1.1/game/824199/feed/live,R,2026,2026-05-11,,night,P,N,N,Regular Season,1,4,1,Final,Final,2392,Daikin Park,117,Houston Astros,HOU,1,False,136,Seattle Mariners,SEA,3,True,681006,Josh Simpson,Joshua,Simpson,37,1997-08-19,28,"6' 2""",190,1,Pitcher,L,Left,L,Left,,,,,,,,,,,,,,,,,,,,,,,,,,
2026-05-11,824199,,/api/v1.1/game/824199/feed/live,R,2026,2026-05-11,,night,P,N,N,Regular Season,1,4,1,Final,Final,2392,Daikin Park,117,Houston Astros,HOU,1,False,136,Seattle Mariners,SEA,3,True,677594,Julio Rodríguez,Julio,Rodríguez,44,2000-12-29,25,"6' 4""",228,8,Outfielder,R,Right,R,Right,"2-4 | HR, K, RBI",,4,2,0,0,1,1,1,1,0,0,0,0,4,5,,,,,,,,,,
2026-05-11,824199,,/api/v1.1/game/824199/feed/live,R,2026,2026-05-11,,night,P,N,N,Regular Season,1,4,1,Final,Final,2392,Daikin Park,117,Houston Astros,HOU,1,False,136,Seattle Mariners,SEA,3,True,660844,Leo Rivas,Leonardo,Rivas,76,1997-10-10,28,"5' 7""",150,5,Third Base,S,Switch,R,Right,,,,,,,,,,,,,,,,,,,,,,,,,,
2026-05-11,824199,,/api/v1.1/game/824199/feed/live,R,2026,2026-05-11,,night,P,N,N,Regular Season,1,4,1,Final,Final,2392,Daikin Park,117,Houston Astros,HOU,1,False,136,Seattle Mariners,SEA,3,True,660825,Eduard Bazardo,Eduard,Bazardo,83,1995-09-01,30,"6' 0""",190,1,Pitcher,R,Right,R,Right,"1.0 IP, 0 ER, 3 K, BB",,,,,,,,,,,,,,,,1.0,0,0,0,3,1,17,0,0,0
2026-05-11,824199,,/api/v1.1/game/824199/feed/live,R,2026,2026-05-11,,night,P,N,N,Regular Season,1,4,1,Final,Final,2392,Daikin Park,117,Houston Astros,HOU,1,False,136,Seattle Mariners,SEA,3,True,670042,Luke Raley,Lucas,Raley,20,1994-09-19,31,"6' 3""",235,9,Outfielder,L,Left,R,Right,"0-2 | BB, K, R",,2,0,0,0,0,0,1,1,1,0,0,0,3,0,,,,,,,,,,
2026-05-11,824199,,/api/v1.1/game/824199/feed/live,R,2026,2026-05-11,,night,P,N,N,Regular Season,1,4,1,Final,Final,2392,Daikin Park,117,Houston Astros,HOU,1,False,136,Seattle Mariners,SEA,3,True,676106,Emerson Hancock,Emerson,Hancock,26,1999-05-31,26,"6' 4""",213,1,Pitcher,R,Right,R,Right,,,,,,,,,,,,,,,,,,,,,,,,,,
2026-05-11,823953,,/api/v1.1/game/823953/feed/live,R,2026,2026-05-11,,night,P,N,N,Regular Season,1,4,1,Final,Final,22,UNIQLO Field at Dodger Stadium,119,Los Angeles Dodgers,LAD,3,False,137,San Francisco Giants,SF,9,True,669257,Will Smith,William,Smith,16,1995-03-28,31,"5' 10""",195,2,Catcher,R,Right,R,Right,2-4 | K,,4,2,0,0,0,0,0,1,0,0,0,0,4,2,,,,,,,,,,
2026-05-11,823953,,/api/v1.1/game/823953/feed/live,R,2026,2026-05-11,,night,P,N,N,Regular Season,1,4,1,Final,Final,22,UNIQLO Field at Dodger Stadium,119,Los Angeles Dodgers,LAD,3,False,137,San Francisco Giants,SF,9,True,687221,Dalton Rushing,Dalton,Rushing,68,2001-02-21,25,"6' 0""",220,2,Catcher,L,Left,R,Right,,,,,,,,,,,,,,,,,,,,,,,,,,
2026-05-11,823953,,/api/v1.1/game/823953/feed/live,R,2026,2026-05-11,,night,P,N,N,Regular Season,1,4,1,Final,Final,22,UNIQLO Field at Dodger Stadium,119,Los Angeles Dodgers,LAD,3,False,137,San Francisco Giants,SF,9,True,681911,Alex Vesia,Alexander,Vesia,51,1996-04-11,30,"6' 1""",209,1,Pitcher,L,Left,L,Left,"0.1 IP, 3 ER, K, BB",,,,,,,,,,,,,,,,0.1,3,3,0,1,1,23,0,1,0
2026-05-11,823953,,/api/v1.1/game/823953/feed/live,R,2026,2026-05-11,,night,P,N,N,Regular Season,1,4,1,Final,Final,22,UNIQLO Field at Dodger Stadium,119,Los Angeles Dodgers,LAD,3,False,137,San Francisco Giants,SF,9,True,663656,Kyle Tucker,Kyle,Tucker,23,1997-01-17,29,"6' 3""",212,9,Outfielder,L,Left,R,Right,"1-3 | BB, R",,3,1,0,0,0,0,1,0,1,0,0,0,4,1,,,,,,,,,,
2026-05-11,823953,,/api/v1.1/game/823953/feed/live,R,2026,2026-05-11,,night,P,N,N,Regular Season,1,4,1,Final,Final,22,UNIQLO Field at Dodger Stadium,119,Los Angeles Dodgers,LAD,3,False,137,San Francisco Giants,SF,9,True,571970,Max Muncy,Maxwell,Muncy,13,1990-08-25,35,"5' 10""",215,5,Third Base,L,Left,R,Right,"2-4 | HR, K, 2 RBI",,4,2,0,0,1,2,1,1,0,0,0,0,4,5,,,,,,,,,,
2026-05-11,823953,,/api/v1.1/game/823953/feed/live,R,2026,2026-05-11,,night,P,N,N,Regular Season,1,4,1,Final,Final,22,UNIQLO Field at Dodger Stadium,119,Los Angeles Dodgers,LAD,3,False,137,San Francisco Giants,SF,9,True,670090,Wyatt Mills,Gregory,Mills,58,1995-01-25,31,"6' 4""",220,1,Pitcher,R,Right,R,Right,"1.0 IP, 3 ER, 0 K, 4 BB",,,,,,,,,,,,,,,,1.0,3,1,0,0,4,37,0,0,0
2026-05-11,823953,,/api/v1.1/game/823953/feed/live,R,2026,2026-05-11,,night,P,N,N,Regular Season,1,4,1,Final,Final,22,UNIQLO Field at Dodger Stadium,119,Los Angeles Dodgers,LAD,3,False,137,San Francisco Giants,SF,9,True,518692,Freddie Freeman,Frederick,Freeman,5,1989-09-12,36,"6' 4""",220,3,First Base,L,Left,R,Right,"2-4 | 2B, K, R",,4,2,1,0,0,0,1,1,0,0,0,0,4,3,,,,,,,,,,
2026-05-11,823953,,/api/v1.1/game/823953/feed/live,R,2026,2026-05-11,,night,P,N,N,Regular Season,1,4,1,Final,Final,22,UNIQLO Field at Dodger Stadium,119,Los Angeles Dodgers,LAD,3,False,137,San Francisco Giants,SF,9,True,683618,Edgardo Henriquez,Edgardo,Henriquez,60,2002-06-24,23,"6' 4""",200,1,Pitcher,R,Right,R,Right,,,,,,,,,,,,,,,,,,,,,,,,,,
2026-05-11,823953,,/api/v1.1/game/823953/feed/live,R,2026,2026-05-11,,night,P,N,N,Regular Season,1,4,1,Final,Final,22,UNIQLO Field at Dodger Stadium,119,Los Angeles Dodgers,LAD,3,False,137,San Francisco Giants,SF,9,True,808975,Hyeseong Kim,Hyeseong,Kim,6,1999-01-27,27,"5' 10""",175,6,Shortstop,L,Left,R,Right,0-2 | K,,2,0,0,0,0,0,0,1,0,0,0,0,2,0,,,,,,,,,,
2026-05-11,823953,,/api/v1.1/game/823953/feed/live,R,2026,2026-05-11,,night,P,N,N,Regular Season,1,4,1,Final,Final,22,UNIQLO Field at Dodger Stadium,119,Los Angeles Dodgers,LAD,3,False,137,San Francisco Giants,SF,9,True,656945,Tanner Scott,Tanner,Scott,66,1994-07-22,31,"6' 0""",235,1,Pitcher,R,Right,L,Left,,,,,,,,,,,,,,,,,,,,,,,,,,
2026-05-11,823953,,/api/v1.1/game/823953/feed/live,R,2026,2026-05-11,,night,P,N,N,Regular Season,1,4,1,Final,Final,22,UNIQLO Field at Dodger Stadium,119,Los Angeles Dodgers,LAD,3,False,137,San Francisco Giants,SF,9,True,669289,Santiago Espinal,Santiago,Espinal,21,1994-11-13,31,"5' 9""",185,5,Third Base,R,Right,R,Right,,,,,,,,,,,,,,,,,,,,,,,,,,
2026-05-11,823953,,/api/v1.1/game/823953/feed/live,R,2026,2026-05-11,,night,P,N,N,Regular Season,1,4,1,Final,Final,22,UNIQLO Field at Dodger Stadium,119,Los Angeles Dodgers,LAD,3,False,137,San Francisco Giants,SF,9,True,669165,Kyle Hurt,Kyle,Hurt,63,1998-05-30,27,"6' 3""",240,1,Pitcher,R,Right,R,Right,,,,,,,,,,,,,,,,,,,,,,,,,,
2026-05-11,823953,,/api/v1.1/game/823953/feed/live,R,2026,2026-05-11,,night,P,N,N,Regular Season,1,4,1,Final,Final,22,UNIQLO Field at Dodger Stadium,119,Los Angeles Dodgers,LAD,3,False,137,San Francisco Giants,SF,9,True,660271,Shohei Ohtani,Shohei,Ohtani,17,1994-07-05,31,"6' 4""",210,Y,Two-Way Player,L,Left,R,Right,0-5 | 2 K,,5,0,0,0,0,0,0,2,0,0,0,0,5,0,,,,,,,,,,
2026-05-11,823953,,/api/v1.1/game/823953/feed/live,R,2026,2026-05-11,,night,P,N,N,Regular Season,1,4,1,Final,Final,22,UNIQLO Field at Dodger Stadium,119,Los Angeles Dodgers,LAD,3,False,137,San Francisco Giants,SF,9,True,694361,Will Klein,William,Klein,61,1999-11-28,26,"6' 5""",230,1,Pitcher,R,Right,R,Right,"0.2 IP, 0 ER, K, 0 BB",,,,,,,,,,,,,,,,0.2,0,1,0,1,0,8,0,0,0
2026-05-11,823953,,/api/v1.1/game/823953/feed/live,R,2026,2026-05-11,,night,P,N,N,Regular Season,1,4,1,Final,Final,22,UNIQLO Field at Dodger Stadium,119,Los Angeles Dodgers,LAD,3,False,137,San Francisco Giants,SF,9,True,680736,Justin Wrobleski,Justin,Wrobleski,70,2000-07-14,25,"6' 1""",194,1,Pitcher,L,Left,L,Left,,,,,,,,,,,,,,,,,,,,,,,,,,
2026-05-11,823953,,/api/v1.1/game/823953/feed/live,R,2026,2026-05-11,,night,P,N,N,Regular Season,1,4,1,Final,Final,22,UNIQLO Field at Dodger Stadium,119,Los Angeles Dodgers,LAD,3,False,137,San Francisco Giants,SF,9,True,606192,Teoscar Hernández,Teoscar,Hernández,37,1992-10-15,33,"6' 0""",215,7,Outfielder,R,Right,R,Right,"2-3 | 2B, BB",,3,2,1,0,0,0,0,0,1,0,0,0,4,3,,,,,,,,,,
2026-05-11,823953,,/api/v1.1/game/823953/feed/live,R,2026,2026-05-11,,night,P,N,N,Regular Season,1,4,1,Final,Final,22,UNIQLO Field at Dodger Stadium,119,Los Angeles Dodgers,LAD,3,False,137,San Francisco Giants,SF,9,True,681624,Andy Pages,Andy,Pages,44,2000-12-08,25,"6' 1""",212,8,Outfielder,R,Right,R,Right,0-4,,4,0,0,0,0,0,0,0,0,0,0,1,4,0,,,,,,,,,,
2026-05-11,823953,,/api/v1.1/game/823953/feed/live,R,2026,2026-05-11,,night,P,N,N,Regular Season,1,4,1,Final,Final,22,UNIQLO Field at Dodger Stadium,119,Los Angeles Dodgers,LAD,3,False,137,San Francisco Giants,SF,9,True,605141,Mookie Betts,Markus,Betts,50,1992-10-07,33,"5' 9""",180,6,Shortstop,R,Right,R,Right,1-5 | K,,5,1,0,0,0,0,0,1,0,0,0,0,5,1,,,,,,,,,,
2026-05-11,823953,,/api/v1.1/game/823953/feed/live,R,2026,2026-05-11,,night,P,N,N,Regular Season,1,4,1,Final,Final,22,UNIQLO Field at Dodger Stadium,119,Los Angeles Dodgers,LAD,3,False,137,San Francisco Giants,SF,9,True,669743,Alex Call,Alex,Call,12,1994-09-27,31,"5' 11""",189,7,Outfielder,R,Right,R,Right,,,,,,,,,,,,,,,,,,,,,,,,,,
2026-05-11,823953,,/api/v1.1/game/823953/feed/live,R,2026,2026-05-11,,night,P,N,N,Regular Season,1,4,1,Final,Final,22,UNIQLO Field at Dodger Stadium,119,Los Angeles Dodgers,LAD,3,False,137,San Francisco Giants,SF,9,True,605483,Blake Snell,Blake,Snell,7,1992-12-04,33,"6' 4""",225,1,Pitcher,L,Left,L,Left,,,,,,,,,,,,,,,,,,,,,,,,,,
2026-05-11,823953,,/api/v1.1/game/823953/feed/live,R,2026,2026-05-11,,night,P,N,N,Regular Season,1,4,1,Final,Final,22,UNIQLO Field at Dodger Stadium,119,Los Angeles Dodgers,LAD,3,False,137,San Francisco Giants,SF,9,True,686218,Emmet Sheehan,George,Sheehan,80,1999-11-15,26,"6' 5""",220,1,Pitcher,R,Right,R,Right,,,,,,,,,,,,,,,,,,,,,,,,,,
2026-05-11,823953,,/api/v1.1/game/823953/feed/live,R,2026,2026-05-11,,night,P,N,N,Regular Season,1,4,1,Final,Final,22,UNIQLO Field at Dodger Stadium,119,Los Angeles Dodgers,LAD,3,False,137,San Francisco Giants,SF,9,True,500743,Miguel Rojas,Miguel,Rojas,72,1989-02-24,37,"5' 10""",188,6,Shortstop,R,Right,R,Right,0-2,,2,0,0,0,0,0,0,0,0,0,0,0,2,0,,,,,,,,,,
2026-05-11,823953,,/api/v1.1/game/823953/feed/live,R,2026,2026-05-11,,night,P,N,N,Regular Season,1,4,1,Final,Final,22,UNIQLO Field at Dodger Stadium,119,Los Angeles Dodgers,LAD,3,False,137,San Francisco Giants,SF,9,True,676263,Jack Dreyer,Jacob,Dreyer,86,1999-02-27,27,"6' 2""",205,1,Pitcher,R,Right,L,Left,"1.0 IP, 0 ER, 0 K, 0 BB",,,,,,,,,,,,,,,,1.0,0,1,0,0,0,15,0,0,0
2026-05-11,823953,,/api/v1.1/game/823953/feed/live,R,2026,2026-05-11,,night,P,N,N,Regular Season,1,4,1,Final,Final,22,UNIQLO Field at Dodger Stadium,119,Los Angeles Dodgers,LAD,3,False,137,San Francisco Giants,SF,9,True,595014,Blake Treinen,Blake,Treinen,49,1988-06-30,37,"6' 5""",225,1,Pitcher,R,Right,R,Right,"1.0 IP, 0 ER, 0 K, 0 BB",,,,,,,,,,,,,,,,1.0,0,0,0,0,0,9,0,0,0
2026-05-11,823953,,/api/v1.1/game/823953/feed/live,R,2026,2026-05-11,,night,P,N,N,Regular Season,1,4,1,Final,Final,22,UNIQLO Field at Dodger Stadium,119,Los Angeles Dodgers,LAD,3,False,137,San Francisco Giants,SF,9,True,808963,Roki Sasaki,Roki,Sasaki,11,2001-11-03,24,"6' 2""",187,1,Pitcher,R,Right,R,Right,"5.0 IP, 3 ER, 5 K, BB",,,,,,,,,,,,,,,,5.0,3,6,1,5,1,91,0,0,0
2026-05-11,823953,,/api/v1.1/game/823953/feed/live,R,2026,2026-05-11,,night,P,N,N,Regular Season,1,4,1,Final,Final,22,UNIQLO Field at Dodger Stadium,119,Los Angeles Dodgers,LAD,3,False,137,San Francisco Giants,SF,9,True,808967,Yoshinobu Yamamoto,Yoshinobu,Yamamoto,18,1998-08-17,27,"5' 10""",176,1,Pitcher,R,Right,R,Right,,,,,,,,,,,,,,,,,,,,,,,,,,
2026-05-11,823953,,/api/v1.1/game/823953/feed/live,R,2026,2026-05-11,,night,P,N,N,Regular Season,1,4,1,Final,Final,22,UNIQLO Field at Dodger Stadium,119,Los Angeles Dodgers,LAD,3,False,137,San Francisco Giants,SF,9,True,669477,Casey Schmitt,Casey,Schmitt,10,1999-03-01,27,"6' 0""",215,3,First Base,R,Right,R,Right,"2-3 | BB, HBP, 3 R",,3,2,0,0,0,0,3,0,1,1,0,0,5,2,,,,,,,,,,
2026-05-11,823953,,/api/v1.1/game/823953/feed/live,R,2026,2026-05-11,,night,P,N,N,Regular Season,1,4,1,Final,Final,22,UNIQLO Field at Dodger Stadium,119,Los Angeles Dodgers,LAD,3,False,137,San Francisco Giants,SF,9,True,664141,JT Brubaker,Jonathan,Brubaker,34,1993-11-17,32,"6' 4""",197,1,Pitcher,R,Right,R,Right,"1.0 IP, 0 ER, K, 0 BB",,,,,,,,,,,,,,,,1.0,0,0,0,1,0,12,0,0,0
2026-05-11,823953,,/api/v1.1/game/823953/feed/live,R,2026,2026-05-11,,night,P,N,N,Regular Season,1,4,1,Final,Final,22,UNIQLO Field at Dodger Stadium,119,Los Angeles Dodgers,LAD,3,False,137,San Francisco Giants,SF,9,True,686790,Trevor McDonald,Trevor,McDonald,72,2001-02-26,25,"6' 0""",205,1,Pitcher,R,Right,R,Right,"5.1 IP, 3 ER, 4 K, 2 BB",,,,,,,,,,,,,,,,5.1,3,9,1,4,2,101,0,0,0
2026-05-11,823953,,/api/v1.1/game/823953/feed/live,R,2026,2026-05-11,,night,P,N,N,Regular Season,1,4,1,Final,Final,22,UNIQLO Field at Dodger Stadium,119,Los Angeles Dodgers,LAD,3,False,137,San Francisco Giants,SF,9,True,671218,Heliot Ramos,Heliot,Ramos,17,1999-09-07,26,"5' 11""",235,7,Outfielder,R,Right,R,Right,"2-4 | 2B, BB, K",,4,2,1,0,0,2,1,1,1,0,0,0,5,3,,,,,,,,,,
2026-05-11,823953,,/api/v1.1/game/823953/feed/live,R,2026,2026-05-11,,night,P,N,N,Regular Season,1,4,1,Final,Final,22,UNIQLO Field at Dodger Stadium,119,Los Angeles Dodgers,LAD,3,False,137,San Francisco Giants,SF,9,True,683679,Jesus Rodriguez,Jesus,Rodriguez,79,2002-04-23,24,"5' 10""",201,2,Catcher,R,Right,R,Right,"0-4 | BB, K, RBI",,4,0,0,0,0,1,0,1,1,1,0,0,5,0,,,,,,,,,,
2026-05-11,823953,,/api/v1.1/game/823953/feed/live,R,2026,2026-05-11,,night,P,N,N,Regular Season,1,4,1,Final,Final,22,UNIQLO Field at Dodger Stadium,119,Los Angeles Dodgers,LAD,3,False,137,San Francisco Giants,SF,9,True,641816,Tyler Mahle,Tyler,Mahle,54,1994-09-29,31,"6' 3""",212,1,Pitcher,R,Right,R,Right,,,,,,,,,,,,,,,,,,,,,,,,,,
2026-05-11,823953,,/api/v1.1/game/823953/feed/live,R,2026,2026-05-11,,night,P,N,N,Regular Season,1,4,1,Final,Final,22,UNIQLO Field at Dodger Stadium,119,Los Angeles Dodgers,LAD,3,False,137,San Francisco Giants,SF,9,True,676775,Keaton Winn,Keaton,Winn,67,1998-02-20,28,"6' 4""",230,1,Pitcher,R,Right,R,Right,"1.0 IP, 0 ER, K, 0 BB",,,,,,,,,,,,,,,,1.0,0,1,0,1,0,14,0,0,0
2026-05-11,823953,,/api/v1.1/game/823953/feed/live,R,2026,2026-05-11,,night,P,N,N,Regular Season,1,4,1,Final,Final,22,UNIQLO Field at Dodger Stadium,119,Los Angeles Dodgers,LAD,3,False,137,San Francisco Giants,SF,9,True,656305,Matt Chapman,Matt,Chapman,26,1993-04-28,33,"6' 1""",220,5,Third Base,R,Right,R,Right,"0-4 | BB, 2 K, RBI",,4,0,0,0,0,1,0,2,1,0,0,0,5,0,,,,,,,,,,
2026-05-11,823953,,/api/v1.1/game/823953/feed/live,R,2026,2026-05-11,,night,P,N,N,Regular Season,1,4,1,Final,Final,22,UNIQLO Field at Dodger Stadium,119,Los Angeles Dodgers,LAD,3,False,137,San Francisco Giants,SF,9,True,668873,Caleb Kilian,Caleb,Kilian,45,1997-06-02,28,"6' 4""",206,1,Pitcher,R,Right,R,Right,,,,,,,,,,,,,,,,,,,,,,,,,,
2026-05-11,823953,,/api/v1.1/game/823953/feed/live,R,2026,2026-05-11,,night,P,N,N,Regular Season,1,4,1,Final,Final,22,UNIQLO Field at Dodger Stadium,119,Los Angeles Dodgers,LAD,3,False,137,San Francisco Giants,SF,9,True,621366,Ryan Borucki,Ryan,Borucki,47,1994-03-31,32,"6' 4""",210,1,Pitcher,L,Left,L,Left,,,,,,,,,,,,,,,,,,,,,,,,,,
2026-05-11,823953,,/api/v1.1/game/823953/feed/live,R,2026,2026-05-11,,night,P,N,N,Regular Season,1,4,1,Final,Final,22,UNIQLO Field at Dodger Stadium,119,Los Angeles Dodgers,LAD,3,False,137,San Francisco Giants,SF,9,True,808982,Jung Hoo Lee,Jung Hoo,Lee,51,1998-08-20,27,"6' 0""",196,9,Outfielder,L,Left,R,Right,"1-5 | HBP, K, R",,5,1,0,0,0,0,1,1,0,0,0,0,6,1,,,,,,,,,,
2026-05-11,823953,,/api/v1.1/game/823953/feed/live,R,2026,2026-05-11,,night,P,N,N,Regular Season,1,4,1,Final,Final,22,UNIQLO Field at Dodger Stadium,119,Los Angeles Dodgers,LAD,3,False,137,San Francisco Giants,SF,9,True,687551,Drew Gilbert,Andrew,Gilbert,0,2000-09-27,25,"5' 9""",195,8,Outfielder,L,Left,L,Left,0-0,,0,0,0,0,0,0,0,0,0,0,0,0,0,0,,,,,,,,,,
2026-05-11,823953,,/api/v1.1/game/823953/feed/live,R,2026,2026-05-11,,night,P,N,N,Regular Season,1,4,1,Final,Final,22,UNIQLO Field at Dodger Stadium,119,Los Angeles Dodgers,LAD,3,False,137,San Francisco Giants,SF,9,True,656529,Sam Hentges,Sam,Hentges,31,1996-07-18,29,"6' 8""",255,1,Pitcher,L,Left,L,Left,,,,,,,,,,,,,,,,,,,,,,,,,,
2026-05-11,823953,,/api/v1.1/game/823953/feed/live,R,2026,2026-05-11,,night,P,N,N,Regular Season,1,4,1,Final,Final,22,UNIQLO Field at Dodger Stadium,119,Los Angeles Dodgers,LAD,3,False,137,San Francisco Giants,SF,9,True,646240,Rafael Devers,Rafael,Devers,16,1996-10-24,29,"6' 0""",235,3,First Base,L,Left,R,Right,"2-3 | HR, 2 BB, 2 RBI",,3,2,0,0,1,2,3,0,2,0,0,0,5,5,,,,,,,,,,
2026-05-11,823953,,/api/v1.1/game/823953/feed/live,R,2026,2026-05-11,,night,P,N,N,Regular Season,1,4,1,Final,Final,22,UNIQLO Field at Dodger Stadium,119,Los Angeles Dodgers,LAD,3,False,137,San Francisco Giants,SF,9,True,666711,Joel Peguero,Joel,Peguero,63,1997-05-05,29,"5' 10""",195,1,Pitcher,R,Right,R,Right,,,,,,,,,,,,,,,,,,,,,,,,,,
2026-05-11,823953,,/api/v1.1/game/823953/feed/live,R,2026,2026-05-11,,night,P,N,N,Regular Season,1,4,1,Final,Final,22,UNIQLO Field at Dodger Stadium,119,Los Angeles Dodgers,LAD,3,False,137,San Francisco Giants,SF,9,True,663941,Tristan Beck,Tristan,Beck,43,1996-06-24,29,"6' 4""",200,1,Pitcher,R,Right,R,Right,,,,,,,,,,,,,,,,,,,,,,,,,,
2026-05-11,823953,,/api/v1.1/game/823953/feed/live,R,2026,2026-05-11,,night,P,N,N,Regular Season,1,4,1,Final,Final,22,UNIQLO Field at Dodger Stadium,119,Los Angeles Dodgers,LAD,3,False,137,San Francisco Giants,SF,9,True,664056,Harrison Bader,Harrison,Bader,9,1994-06-03,31,"5' 11""",219,8,Outfielder,R,Right,R,Right,"1-5 | 2B, K",,5,1,1,0,0,0,0,1,0,0,0,0,5,2,,,,,,,,,,
2026-05-11,823953,,/api/v1.1/game/823953/feed/live,R,2026,2026-05-11,,night,P,N,N,Regular Season,1,4,1,Final,Final,22,UNIQLO Field at Dodger Stadium,119,Los Angeles Dodgers,LAD,3,False,137,San Francisco Giants,SF,9,True,606992,Eric Haase,Eric,Haase,18,1992-12-18,33,"5' 10""",201,2,Catcher,R,Right,R,Right,,,,,,,,,,,,,,,,,,,,,,,,,,
2026-05-11,823953,,/api/v1.1/game/823953/feed/live,R,2026,2026-05-11,,night,P,N,N,Regular Season,1,4,1,Final,Final,22,UNIQLO Field at Dodger Stadium,119,Los Angeles Dodgers,LAD,3,False,137,San Francisco Giants,SF,9,True,683766,Christian Koss,Christian,Koss,50,1998-01-27,28,"6' 1""",185,4,Second Base,R,Right,R,Right,,,,,,,,,,,,,,,,,,,,,,,,,,
2026-05-11,823953,,/api/v1.1/game/823953/feed/live,R,2026,2026-05-11,,night,P,N,N,Regular Season,1,4,1,Final,Final,22,UNIQLO Field at Dodger Stadium,119,Los Angeles Dodgers,LAD,3,False,137,San Francisco Giants,SF,9,True,605288,Adrian Houser,Adrian,Houser,12,1993-02-02,33,"6' 4""",227,1,Pitcher,R,Right,R,Right,,,,,,,,,,,,,,,,,,,,,,,,,,
2026-05-11,823953,,/api/v1.1/game/823953/feed/live,R,2026,2026-05-11,,night,P,N,N,Regular Season,1,4,1,Final,Final,22,UNIQLO Field at Dodger Stadium,119,Los Angeles Dodgers,LAD,3,False,137,San Francisco Giants,SF,9,True,642715,Willy Adames,Willy,Adames,2,1995-09-02,30,"6' 0""",216,6,Shortstop,R,Right,R,Right,"2-5 | K, 3 RBI",,5,2,0,0,0,3,0,1,0,0,0,0,5,2,,,,,,,,,,
2026-05-11,823953,,/api/v1.1/game/823953/feed/live,R,2026,2026-05-11,,night,P,N,N,Regular Season,1,4,1,Final,Final,22,UNIQLO Field at Dodger Stadium,119,Los Angeles Dodgers,LAD,3,False,137,San Francisco Giants,SF,9,True,592662,Robbie Ray,Robert,Ray,38,1991-10-01,34,"6' 2""",220,1,Pitcher,L,Left,L,Left,,,,,,,,,,,,,,,,,,,,,,,,,,
2026-05-11,823953,,/api/v1.1/game/823953/feed/live,R,2026,2026-05-11,,night,P,N,N,Regular Season,1,4,1,Final,Final,22,UNIQLO Field at Dodger Stadium,119,Los Angeles Dodgers,LAD,3,False,137,San Francisco Giants,SF,9,True,694738,Landen Roupp,Landen,Roupp,65,1998-09-10,27,"6' 2""",220,1,Pitcher,R,Right,R,Right,,,,,,,,,,,,,,,,,,,,,,,,,,
2026-05-11,823953,,/api/v1.1/game/823953/feed/live,R,2026,2026-05-11,,night,P,N,N,Regular Season,1,4,1,Final,Final,22,UNIQLO Field at Dodger Stadium,119,Los Angeles Dodgers,LAD,3,False,137,San Francisco Giants,SF,9,True,650333,Luis Arraez,Luis,Arraez,1,1997-04-09,29,"5' 10""",186,4,Second Base,L,Left,R,Right,2-6 | R,,6,2,0,0,0,0,1,0,0,0,0,0,6,2,,,,,,,,,,
2026-05-11,823953,,/api/v1.1/game/823953/feed/live,R,2026,2026-05-11,,night,P,N,N,Regular Season,1,4,1,Final,Final,22,UNIQLO Field at Dodger Stadium,119,Los Angeles Dodgers,LAD,3,False,137,San Francisco Giants,SF,9,True,805811,Bryce Eldridge,Bryson,Eldridge,8,2004-10-20,21,"6' 7""",251,3,First Base,L,Left,R,Right,,,,,,,,,,,,,,,,,,,,,,,,,,
2026-05-11,823953,,/api/v1.1/game/823953/feed/live,R,2026,2026-05-11,,night,P,N,N,Regular Season,1,4,1,Final,Final,22,UNIQLO Field at Dodger Stadium,119,Los Angeles Dodgers,LAD,3,False,137,San Francisco Giants,SF,9,True,657424,Matt Gage,Matthew,Gage,93,1993-02-11,33,"6' 4""",261,1,Pitcher,L,Left,L,Left,"1.2 IP, 0 ER, K, 0 BB",,,,,,,,,,,,,,,,1.2,0,0,0,1,0,21,1,0,0
