gameDate,gamePk,gameGuid,link,gameType,season,officialDate,description,dayNight,gamedayType,doubleHeader,tiebreaker,seriesDescription,seriesGameNumber,gamesInSeries,gameNumber,status_abstractGameState,status_detailedState,venue_id,venue_name,home_team_id,home_team_name,home_team_abbreviation,home_score,home_isWinner,away_team_id,away_team_name,away_team_abbreviation,away_score,away_isWinner,playerId,fullName,firstName,lastName,primaryNumber,birthDate,currentAge,height,weight,primaryPosition_code,primaryPosition_name,batSide_code,batSide_description,pitchHand_code,pitchHand_description,gameLogSummary,note,atBats,hits,doubles,triples,homeRuns,rbi,runs,strikeOuts,baseOnBalls,stolenBases,caughtStealing,groundIntoDoublePlay,plateAppearances,totalBases,inningsPitched,earnedRuns,hitsAllowed,homeRunsAllowed,strikeOutsPitching,baseOnBallsPitching,pitchesThrown,wins,losses,saves
2026-05-14,823383,,/api/v1.1/game/823383/feed/live,R,2026,2026-05-14,,day,P,N,N,Regular Season,3,3,1,Final,Final,31,PNC Park,134,Pittsburgh Pirates,PIT,7,True,115,Colorado Rockies,COL,2,False,694973,Paul Skenes,Paul,Skenes,30,2002-05-29,23,"6' 6""",260,1,Pitcher,R,Right,R,Right,,,,,,,,,,,,,,,,,,,,,,,,,,
2026-05-14,823383,,/api/v1.1/game/823383/feed/live,R,2026,2026-05-14,,day,P,N,N,Regular Season,3,3,1,Final,Final,31,PNC Park,134,Pittsburgh Pirates,PIT,7,True,115,Colorado Rockies,COL,2,False,694377,Nick Yorke,Nicholas,Yorke,38,2002-04-02,24,"5' 11""",220,5,Third Base,R,Right,R,Right,,,,,,,,,,,,,,,,,,,,,,,,,,
2026-05-14,823383,,/api/v1.1/game/823383/feed/live,R,2026,2026-05-14,,day,P,N,N,Regular Season,3,3,1,Final,Final,31,PNC Park,134,Pittsburgh Pirates,PIT,7,True,115,Colorado Rockies,COL,2,False,687462,Spencer Horwitz,Spencer,Horwitz,2,1997-11-14,28,"5' 10""",204,3,First Base,L,Left,R,Right,"1-4 | 2B, K, R",,4,1,1,0,0,0,1,1,0,0,0,0,4,2,,,,,,,,,,
2026-05-14,823383,,/api/v1.1/game/823383/feed/live,R,2026,2026-05-14,,day,P,N,N,Regular Season,3,3,1,Final,Final,31,PNC Park,134,Pittsburgh Pirates,PIT,7,True,115,Colorado Rockies,COL,2,False,664040,Brandon Lowe,Brandon,Lowe,5,1994-07-06,31,"5' 9""",181,4,Second Base,L,Left,R,Right,0-5 | 2 K,,5,0,0,0,0,0,0,2,0,0,0,0,5,0,,,,,,,,,,
2026-05-14,823383,,/api/v1.1/game/823383/feed/live,R,2026,2026-05-14,,day,P,N,N,Regular Season,3,3,1,Final,Final,31,PNC Park,134,Pittsburgh Pirates,PIT,7,True,115,Colorado Rockies,COL,2,False,682848,Endy Rodríguez,Endy,Rodríguez,13,2000-05-26,25,"6' 0""",207,2,Catcher,S,Switch,R,Right,"2-3 | 2B, BB, 2 RBI",,3,2,1,0,0,2,0,0,1,0,0,0,4,3,,,,,,,,,,
2026-05-14,823383,,/api/v1.1/game/823383/feed/live,R,2026,2026-05-14,,day,P,N,N,Regular Season,3,3,1,Final,Final,31,PNC Park,134,Pittsburgh Pirates,PIT,7,True,115,Colorado Rockies,COL,2,False,668804,Bryan Reynolds,Bryan,Reynolds,10,1995-01-27,31,"6' 2""",210,7,Outfielder,S,Switch,R,Right,"1-4 | RBI, R",,4,1,0,0,0,1,1,0,0,0,0,0,4,1,,,,,,,,,,
2026-05-14,823383,,/api/v1.1/game/823383/feed/live,R,2026,2026-05-14,,day,P,N,N,Regular Season,3,3,1,Final,Final,31,PNC Park,134,Pittsburgh Pirates,PIT,7,True,115,Colorado Rockies,COL,2,False,665833,Oneil Cruz,Oneil,Cruz,15,1998-10-04,27,"6' 7""",248,8,Outfielder,L,Left,R,Right,"1-5 | 2B, K, RBI",,5,1,1,0,0,1,1,1,0,0,0,1,5,2,,,,,,,,,,
2026-05-14,823383,,/api/v1.1/game/823383/feed/live,R,2026,2026-05-14,,day,P,N,N,Regular Season,3,3,1,Final,Final,31,PNC Park,134,Pittsburgh Pirates,PIT,7,True,115,Colorado Rockies,COL,2,False,681895,Evan Sisk,Samuel,Sisk,48,1997-04-23,29,"6' 2""",214,1,Pitcher,L,Left,L,Left,"1.0 IP, 0 ER, K, 0 BB",,,,,,,,,,,,,,,,1.0,0,0,0,1,0,15,0,0,0
2026-05-14,823383,,/api/v1.1/game/823383/feed/live,R,2026,2026-05-14,,day,P,N,N,Regular Season,3,3,1,Final,Final,31,PNC Park,134,Pittsburgh Pirates,PIT,7,True,115,Colorado Rockies,COL,2,False,642397,Gregory Soto,Gregory,Soto,31,1995-02-11,31,"6' 1""",247,1,Pitcher,L,Left,L,Left,,,,,,,,,,,,,,,,,,,,,,,,,,
2026-05-14,823383,,/api/v1.1/game/823383/feed/live,R,2026,2026-05-14,,day,P,N,N,Regular Season,3,3,1,Final,Final,31,PNC Park,134,Pittsburgh Pirates,PIT,7,True,115,Colorado Rockies,COL,2,False,682254,Mason Montgomery,Mason,Montgomery,46,2000-06-17,25,"6' 2""",205,1,Pitcher,L,Left,L,Left,"1.0 IP, 0 ER, 3 K, 0 BB",,,,,,,,,,,,,,,,1.0,0,1,0,3,0,14,0,0,0
2026-05-14,823383,,/api/v1.1/game/823383/feed/live,R,2026,2026-05-14,,day,P,N,N,Regular Season,3,3,1,Final,Final,31,PNC Park,134,Pittsburgh Pirates,PIT,7,True,115,Colorado Rockies,COL,2,False,669707,Jared Triolo,Jared,Triolo,19,1998-02-08,28,"6' 3""",212,6,Shortstop,R,Right,R,Right,"2-3 | BB, RBI",,3,2,0,0,0,1,0,0,1,0,0,0,4,2,,,,,,,,,,
2026-05-14,823383,,/api/v1.1/game/823383/feed/live,R,2026,2026-05-14,,day,P,N,N,Regular Season,3,3,1,Final,Final,31,PNC Park,134,Pittsburgh Pirates,PIT,7,True,115,Colorado Rockies,COL,2,False,656605,Mitch Keller,Mitch,Keller,23,1996-04-04,30,"6' 3""",213,1,Pitcher,R,Right,R,Right,,,,,,,,,,,,,,,,,,,,,,,,,,
2026-05-14,823383,,/api/v1.1/game/823383/feed/live,R,2026,2026-05-14,,day,P,N,N,Regular Season,3,3,1,Final,Final,31,PNC Park,134,Pittsburgh Pirates,PIT,7,True,115,Colorado Rockies,COL,2,False,670990,Yohan Ramírez,Yohan,Ramírez,49,1995-05-06,31,"6' 3""",205,1,Pitcher,R,Right,R,Right,"1.0 IP, 0 ER, K, BB",,,,,,,,,,,,,,,,1.0,0,0,0,1,1,11,0,0,0
2026-05-14,823383,,/api/v1.1/game/823383/feed/live,R,2026,2026-05-14,,day,P,N,N,Regular Season,3,3,1,Final,Final,31,PNC Park,134,Pittsburgh Pirates,PIT,7,True,115,Colorado Rockies,COL,2,False,676755,Isaac Mattson,Isaac,Mattson,72,1995-07-14,30,"6' 2""",214,1,Pitcher,R,Right,R,Right,,,,,,,,,,,,,,,,,,,,,,,,,,
2026-05-14,823383,,/api/v1.1/game/823383/feed/live,R,2026,2026-05-14,,day,P,N,N,Regular Season,3,3,1,Final,Final,31,PNC Park,134,Pittsburgh Pirates,PIT,7,True,115,Colorado Rockies,COL,2,False,696149,Bubba Chandler,Roy,Chandler,36,2002-09-14,23,"6' 3""",206,1,Pitcher,S,Switch,R,Right,,,,,,,,,,,,,,,,,,,,,,,,,,
2026-05-14,823383,,/api/v1.1/game/823383/feed/live,R,2026,2026-05-14,,day,P,N,N,Regular Season,3,3,1,Final,Final,31,PNC Park,134,Pittsburgh Pirates,PIT,7,True,115,Colorado Rockies,COL,2,False,695257,Billy Cook,William,Cook,25,1999-01-07,27,"6' 0""",204,9,Outfielder,R,Right,R,Right,0-0,,0,0,0,0,0,0,0,0,0,0,0,0,0,0,,,,,,,,,,
2026-05-14,823383,,/api/v1.1/game/823383/feed/live,R,2026,2026-05-14,,day,P,N,N,Regular Season,3,3,1,Final,Final,31,PNC Park,134,Pittsburgh Pirates,PIT,7,True,115,Colorado Rockies,COL,2,False,669387,Carmen Mlodzinski,Carmen,Mlodzinski,50,1999-02-19,27,"6' 2""",210,1,Pitcher,R,Right,R,Right,"5.0 IP, 2 ER, 2 K, 3 BB",,,,,,,,,,,,,,,,5.0,2,4,0,2,3,76,1,0,0
2026-05-14,823383,,/api/v1.1/game/823383/feed/live,R,2026,2026-05-14,,day,P,N,N,Regular Season,3,3,1,Final,Final,31,PNC Park,134,Pittsburgh Pirates,PIT,7,True,115,Colorado Rockies,COL,2,False,642701,Dennis Santana,Dennis,Santana,60,1996-04-12,30,"6' 2""",202,1,Pitcher,R,Right,R,Right,"1.0 IP, 0 ER, 0 K, 0 BB",,,,,,,,,,,,,,,,1.0,0,0,0,0,0,12,0,0,0
2026-05-14,823383,,/api/v1.1/game/823383/feed/live,R,2026,2026-05-14,,day,P,N,N,Regular Season,3,3,1,Final,Final,31,PNC Park,134,Pittsburgh Pirates,PIT,7,True,115,Colorado Rockies,COL,2,False,680779,Henry Davis,Henry,Davis,32,1999-09-21,26,"5' 11""",225,2,Catcher,R,Right,R,Right,,,,,,,,,,,,,,,,,,,,,,,,,,
2026-05-14,823383,,/api/v1.1/game/823383/feed/live,R,2026,2026-05-14,,day,P,N,N,Regular Season,3,3,1,Final,Final,31,PNC Park,134,Pittsburgh Pirates,PIT,7,True,115,Colorado Rockies,COL,2,False,664875,Justin Lawrence,Justin,Lawrence,61,1994-11-25,31,"6' 3""",211,1,Pitcher,R,Right,R,Right,,,,,,,,,,,,,,,,,,,,,,,,,,
2026-05-14,823383,,/api/v1.1/game/823383/feed/live,R,2026,2026-05-14,,day,P,N,N,Regular Season,3,3,1,Final,Final,31,PNC Park,134,Pittsburgh Pirates,PIT,7,True,115,Colorado Rockies,COL,2,False,684049,Brandan Bidois,Brandan,Bidois,77,2001-06-21,24,"6' 2""",174,1,Pitcher,R,Right,R,Right,,,,,,,,,,,,,,,,,,,,,,,,,,
2026-05-14,823383,,/api/v1.1/game/823383/feed/live,R,2026,2026-05-14,,day,P,N,N,Regular Season,3,3,1,Final,Final,31,PNC Park,134,Pittsburgh Pirates,PIT,7,True,115,Colorado Rockies,COL,2,False,804606,Konnor Griffin,Konnor,Griffin,6,2006-04-24,20,"6' 3""",222,6,Shortstop,R,Right,R,Right,"2-4 | 2 K, R, SB",,4,2,0,0,0,0,1,2,0,1,0,0,4,2,,,,,,,,,,
2026-05-14,823383,,/api/v1.1/game/823383/feed/live,R,2026,2026-05-14,,day,P,N,N,Regular Season,3,3,1,Final,Final,31,PNC Park,134,Pittsburgh Pirates,PIT,7,True,115,Colorado Rockies,COL,2,False,656811,Ryan O'Hearn,Ryan,O'Hearn,29,1993-07-26,32,"6' 2""",220,9,Outfielder,L,Left,L,Left,"3-4 | HR, 2 RBI, 2 R",,4,3,0,0,1,2,2,0,0,0,0,0,4,6,,,,,,,,,,
2026-05-14,823383,,/api/v1.1/game/823383/feed/live,R,2026,2026-05-14,,day,P,N,N,Regular Season,3,3,1,Final,Final,31,PNC Park,134,Pittsburgh Pirates,PIT,7,True,115,Colorado Rockies,COL,2,False,542303,Marcell Ozuna,Marcell,Ozuna,24,1990-11-12,35,"6' 1""",251,10,Designated Hitter,R,Right,R,Right,"0-3 | BB, K, R",,3,0,0,0,0,0,1,1,1,0,0,0,4,0,,,,,,,,,,
2026-05-14,823383,,/api/v1.1/game/823383/feed/live,R,2026,2026-05-14,,day,P,N,N,Regular Season,3,3,1,Final,Final,31,PNC Park,134,Pittsburgh Pirates,PIT,7,True,115,Colorado Rockies,COL,2,False,693304,Nick Gonzales,Nicholas,Gonzales,3,1999-05-27,26,"5' 8""",193,5,Third Base,R,Right,R,Right,,,,,,,,,,,,,,,,,,,,,,,,,,
2026-05-14,823383,,/api/v1.1/game/823383/feed/live,R,2026,2026-05-14,,day,P,N,N,Regular Season,3,3,1,Final,Final,31,PNC Park,134,Pittsburgh Pirates,PIT,7,True,115,Colorado Rockies,COL,2,False,677952,Braxton Ashcraft,Braxton,Ashcraft,35,1999-10-05,26,"6' 5""",218,1,Pitcher,L,Left,R,Right,,,,,,,,,,,,,,,,,,,,,,,,,,
2026-05-14,823383,,/api/v1.1/game/823383/feed/live,R,2026,2026-05-14,,day,P,N,N,Regular Season,3,3,1,Final,Final,31,PNC Park,134,Pittsburgh Pirates,PIT,7,True,115,Colorado Rockies,COL,2,False,666160,Mickey Moniak,McKenzie,Moniak,22,1998-05-13,28,"6' 1""",209,7,Outfielder,L,Left,R,Right,0-3 | BB,,3,0,0,0,0,0,0,0,1,0,0,1,4,0,,,,,,,,,,
2026-05-14,823383,,/api/v1.1/game/823383/feed/live,R,2026,2026-05-14,,day,P,N,N,Regular Season,3,3,1,Final,Final,31,PNC Park,134,Pittsburgh Pirates,PIT,7,True,115,Colorado Rockies,COL,2,False,680767,Victor Vodnik,Victor,Vodnik,38,1999-10-09,26,"6' 0""",216,1,Pitcher,R,Right,R,Right,"0.2 IP, ER, K, BB",,,,,,,,,,,,,,,,0.2,1,2,0,1,1,16,0,0,0
2026-05-14,823383,,/api/v1.1/game/823383/feed/live,R,2026,2026-05-14,,day,P,N,N,Regular Season,3,3,1,Final,Final,31,PNC Park,134,Pittsburgh Pirates,PIT,7,True,115,Colorado Rockies,COL,2,False,664983,Jake McCarthy,Jacob,McCarthy,31,1997-07-30,28,"6' 0""",213,7,Outfielder,L,Left,L,Left,,,,,,,,,,,,,,,,,,,,,,,,,,
2026-05-14,823383,,/api/v1.1/game/823383/feed/live,R,2026,2026-05-14,,day,P,N,N,Regular Season,3,3,1,Final,Final,31,PNC Park,134,Pittsburgh Pirates,PIT,7,True,115,Colorado Rockies,COL,2,False,687859,Troy Johnston,Troy,Johnston,20,1997-06-22,28,"5' 11""",206,9,Outfielder,L,Left,L,Left,"1-3 | 2B, 2 RBI",,3,1,1,0,0,2,0,0,0,0,0,0,3,2,,,,,,,,,,
2026-05-14,823383,,/api/v1.1/game/823383/feed/live,R,2026,2026-05-14,,day,P,N,N,Regular Season,3,3,1,Final,Final,31,PNC Park,134,Pittsburgh Pirates,PIT,7,True,115,Colorado Rockies,COL,2,False,801403,Chase Dollander,Tyler,Dollander,32,2001-10-26,24,"6' 2""",219,1,Pitcher,R,Right,R,Right,"1.0 IP, 3 ER, 0 K, BB",,,,,,,,,,,,,,,,1.0,3,5,1,0,1,28,0,1,0
2026-05-14,823383,,/api/v1.1/game/823383/feed/live,R,2026,2026-05-14,,day,P,N,N,Regular Season,3,3,1,Final,Final,31,PNC Park,134,Pittsburgh Pirates,PIT,7,True,115,Colorado Rockies,COL,2,False,500779,Jose Quintana,Jose,Quintana,62,1989-01-24,37,"6' 2""",224,1,Pitcher,R,Right,L,Left,,,,,,,,,,,,,,,,,,,,,,,,,,
2026-05-14,823383,,/api/v1.1/game/823383/feed/live,R,2026,2026-05-14,,day,P,N,N,Regular Season,3,3,1,Final,Final,31,PNC Park,134,Pittsburgh Pirates,PIT,7,True,115,Colorado Rockies,COL,2,False,607536,Kyle Freeland,Kyle,Freeland,21,1993-05-14,33,"6' 4""",202,1,Pitcher,L,Left,L,Left,,,,,,,,,,,,,,,,,,,,,,,,,,
2026-05-14,823383,,/api/v1.1/game/823383/feed/live,R,2026,2026-05-14,,day,P,N,N,Regular Season,3,3,1,Final,Final,31,PNC Park,134,Pittsburgh Pirates,PIT,7,True,115,Colorado Rockies,COL,2,False,650489,Willi Castro,Willi,Castro,3,1997-04-24,29,"6' 0""",209,4,Second Base,S,Switch,R,Right,"0-3 | BB, 2 K, R",,3,0,0,0,0,0,1,2,1,0,0,1,4,0,,,,,,,,,,
2026-05-14,823383,,/api/v1.1/game/823383/feed/live,R,2026,2026-05-14,,day,P,N,N,Regular Season,3,3,1,Final,Final,31,PNC Park,134,Pittsburgh Pirates,PIT,7,True,115,Colorado Rockies,COL,2,False,657514,Brennan Bernardino,Brennan,Bernardino,83,1992-01-15,34,"6' 4""",216,1,Pitcher,L,Left,L,Left,"1.1 IP, 2 ER, 0 K, 0 BB",,,,,,,,,,,,,,,,1.1,2,2,0,0,0,15,0,0,0
2026-05-14,823383,,/api/v1.1/game/823383/feed/live,R,2026,2026-05-14,,day,P,N,N,Regular Season,3,3,1,Final,Final,31,PNC Park,134,Pittsburgh Pirates,PIT,7,True,115,Colorado Rockies,COL,2,False,671289,Tyler Freeman,Tyler,Freeman,2,1999-05-21,26,"5' 11""",200,9,Outfielder,R,Right,R,Right,,,,,,,,,,,,,,,,,,,,,,,,,,
2026-05-14,823383,,/api/v1.1/game/823383/feed/live,R,2026,2026-05-14,,day,P,N,N,Regular Season,3,3,1,Final,Final,31,PNC Park,134,Pittsburgh Pirates,PIT,7,True,115,Colorado Rockies,COL,2,False,675848,Juan Mejia,Juan,Mejia,47,2000-07-04,25,"6' 3""",210,1,Pitcher,R,Right,R,Right,"1.0 IP, 0 ER, K, 0 BB",,,,,,,,,,,,,,,,1.0,0,0,0,1,0,9,0,0,0
2026-05-14,823383,,/api/v1.1/game/823383/feed/live,R,2026,2026-05-14,,day,P,N,N,Regular Season,3,3,1,Final,Final,31,PNC Park,134,Pittsburgh Pirates,PIT,7,True,115,Colorado Rockies,COL,2,False,666397,Edouard Julien,Edouard,Julien,6,1999-04-30,27,"6' 1""",195,4,Second Base,L,Left,R,Right,0-3 | K,,3,0,0,0,0,0,0,1,0,0,0,1,3,0,,,,,,,,,,
2026-05-14,823383,,/api/v1.1/game/823383/feed/live,R,2026,2026-05-14,,day,P,N,N,Regular Season,3,3,1,Final,Final,31,PNC Park,134,Pittsburgh Pirates,PIT,7,True,115,Colorado Rockies,COL,2,False,696100,Hunter Goodman,Hunter,Goodman,15,1999-10-08,26,"5' 11""",220,2,Catcher,R,Right,R,Right,1-4,,4,1,0,0,0,0,0,0,0,0,0,0,4,1,,,,,,,,,,
2026-05-14,823383,,/api/v1.1/game/823383/feed/live,R,2026,2026-05-14,,day,P,N,N,Regular Season,3,3,1,Final,Final,31,PNC Park,134,Pittsburgh Pirates,PIT,7,True,115,Colorado Rockies,COL,2,False,608372,Tomoyuki Sugano,Tomoyuki,Sugano,11,1989-10-11,36,"6' 1""",227,1,Pitcher,R,Right,R,Right,,,,,,,,,,,,,,,,,,,,,,,,,,
2026-05-14,823383,,/api/v1.1/game/823383/feed/live,R,2026,2026-05-14,,day,P,N,N,Regular Season,3,3,1,Final,Final,31,PNC Park,134,Pittsburgh Pirates,PIT,7,True,115,Colorado Rockies,COL,2,False,687597,Jordan Beck,Jordan,Beck,27,2001-04-19,25,"6' 2""",227,7,Outfielder,R,Right,R,Right,"1-4 | 2B, K",,4,1,1,0,0,0,0,1,0,0,0,0,4,2,,,,,,,,,,
2026-05-14,823383,,/api/v1.1/game/823383/feed/live,R,2026,2026-05-14,,day,P,N,N,Regular Season,3,3,1,Final,Final,31,PNC Park,134,Pittsburgh Pirates,PIT,7,True,115,Colorado Rockies,COL,2,False,688642,Zach Agnos,Zachary,Agnos,36,2000-08-15,25,"6' 0""",225,1,Pitcher,R,Right,R,Right,,,,,,,,,,,,,,,,,,,,,,,,,,
2026-05-14,823383,,/api/v1.1/game/823383/feed/live,R,2026,2026-05-14,,day,P,N,N,Regular Season,3,3,1,Final,Final,31,PNC Park,134,Pittsburgh Pirates,PIT,7,True,115,Colorado Rockies,COL,2,False,685299,Tanner Gordon,Tanner,Gordon,29,1997-10-26,28,"6' 5""",220,1,Pitcher,L,Left,R,Right,"4.0 IP, ER, 5 K, BB",,,,,,,,,,,,,,,,4.0,1,3,0,5,1,69,0,0,0
2026-05-14,823383,,/api/v1.1/game/823383/feed/live,R,2026,2026-05-14,,day,P,N,N,Regular Season,3,3,1,Final,Final,31,PNC Park,134,Pittsburgh Pirates,PIT,7,True,115,Colorado Rockies,COL,2,False,664954,Brett Sullivan,Brett,Sullivan,26,1994-02-22,32,"5' 11""",190,2,Catcher,L,Left,R,Right,,,,,,,,,,,,,,,,,,,,,,,,,,
2026-05-14,823383,,/api/v1.1/game/823383/feed/live,R,2026,2026-05-14,,day,P,N,N,Regular Season,3,3,1,Final,Final,31,PNC Park,134,Pittsburgh Pirates,PIT,7,True,115,Colorado Rockies,COL,2,False,686668,Brenton Doyle,Brenton,Doyle,9,1998-05-14,28,"6' 3""",223,8,Outfielder,R,Right,R,Right,0-4 | 2 K,,4,0,0,0,0,0,0,2,0,0,0,0,4,0,,,,,,,,,,
2026-05-14,823383,,/api/v1.1/game/823383/feed/live,R,2026,2026-05-14,,day,P,N,N,Regular Season,3,3,1,Final,Final,31,PNC Park,134,Pittsburgh Pirates,PIT,7,True,115,Colorado Rockies,COL,2,False,678662,Ezequiel Tovar,Ezequiel,Tovar,14,2001-08-01,24,"6' 0""",192,6,Shortstop,R,Right,R,Right,1-3,,3,1,0,0,0,0,0,0,0,0,0,0,3,1,,,,,,,,,,
2026-05-14,823383,,/api/v1.1/game/823383/feed/live,R,2026,2026-05-14,,day,P,N,N,Regular Season,3,3,1,Final,Final,31,PNC Park,134,Pittsburgh Pirates,PIT,7,True,115,Colorado Rockies,COL,2,False,547179,Michael Lorenzen,Michael,Lorenzen,24,1992-01-04,34,"6' 1""",210,1,Pitcher,R,Right,R,Right,,,,,,,,,,,,,,,,,,,,,,,,,,
2026-05-14,823383,,/api/v1.1/game/823383/feed/live,R,2026,2026-05-14,,day,P,N,N,Regular Season,3,3,1,Final,Final,31,PNC Park,134,Pittsburgh Pirates,PIT,7,True,115,Colorado Rockies,COL,2,False,681198,TJ Rumfield,Toby,Rumfield,7,2000-05-17,25,"6' 5""",238,3,First Base,L,Left,R,Right,"1-2 | 2 BB, K, R",,2,1,0,0,0,0,1,1,2,0,0,0,4,1,,,,,,,,,,
2026-05-14,823383,,/api/v1.1/game/823383/feed/live,R,2026,2026-05-14,,day,P,N,N,Regular Season,3,3,1,Final,Final,31,PNC Park,134,Pittsburgh Pirates,PIT,7,True,115,Colorado Rockies,COL,2,False,678020,Seth Halvorsen,Seth,Halvorsen,54,2000-02-18,26,"6' 2""",243,1,Pitcher,R,Right,R,Right,,,,,,,,,,,,,,,,,,,,,,,,,,
2026-05-14,823383,,/api/v1.1/game/823383/feed/live,R,2026,2026-05-14,,day,P,N,N,Regular Season,3,3,1,Final,Final,31,PNC Park,134,Pittsburgh Pirates,PIT,7,True,115,Colorado Rockies,COL,2,False,622608,Antonio Senzatela,Antonio,Senzatela,49,1995-01-21,31,"6' 1""",235,1,Pitcher,R,Right,R,Right,,,,,,,,,,,,,,,,,,,,,,,,,,
2026-05-14,823383,,/api/v1.1/game/823383/feed/live,R,2026,2026-05-14,,day,P,N,N,Regular Season,3,3,1,Final,Final,31,PNC Park,134,Pittsburgh Pirates,PIT,7,True,115,Colorado Rockies,COL,2,False,677955,Jaden Hill,Kenneth,Hill,0,1999-12-22,26,"6' 4""",260,1,Pitcher,R,Right,R,Right,,,,,,,,,,,,,,,,,,,,,,,,,,
2026-05-14,823383,,/api/v1.1/game/823383/feed/live,R,2026,2026-05-14,,day,P,N,N,Regular Season,3,3,1,Final,Final,31,PNC Park,134,Pittsburgh Pirates,PIT,7,True,115,Colorado Rockies,COL,2,False,691720,Kyle Karros,Kyle,Karros,12,2002-07-26,23,"6' 5""",225,5,Third Base,R,Right,R,Right,,,,,,,,,,,,,,,,,,,,,,,,,,
2026-05-14,824517,,/api/v1.1/game/824517/feed/live,R,2026,2026-05-14,,day,P,N,N,Regular Season,3,3,1,Final,Final,2602,Great American Ball Park,113,Cincinnati Reds,CIN,15,True,120,Washington Nationals,WSH,1,False,682829,Elly De La Cruz,Elly,De La Cruz,44,2002-01-11,24,"6' 6""",200,6,Shortstop,S,Switch,R,Right,"2-4 | 2B, K, 2 R",,4,2,1,0,0,0,2,1,0,0,0,1,4,3,,,,,,,,,,
2026-05-14,824517,,/api/v1.1/game/824517/feed/live,R,2026,2026-05-14,,day,P,N,N,Regular Season,3,3,1,Final,Final,2602,Great American Ball Park,113,Cincinnati Reds,CIN,15,True,120,Washington Nationals,WSH,1,False,667472,Dane Myers,Dane,Myers,17,1996-03-08,30,"6' 0""",205,8,Outfielder,R,Right,R,Right,"1-4 | HR, HBP, 2 K",,4,1,0,0,1,3,1,2,0,0,0,0,5,4,,,,,,,,,,
2026-05-14,824517,,/api/v1.1/game/824517/feed/live,R,2026,2026-05-14,,day,P,N,N,Regular Season,3,3,1,Final,Final,2602,Great American Ball Park,113,Cincinnati Reds,CIN,15,True,120,Washington Nationals,WSH,1,False,701398,Sal Stewart,Sal,Stewart,27,2003-12-07,22,"6' 1""",224,3,First Base,R,Right,R,Right,"0-4 | BB, 3 K",,4,0,0,0,0,0,0,3,1,0,0,0,5,0,,,,,,,,,,
2026-05-14,824517,,/api/v1.1/game/824517/feed/live,R,2026,2026-05-14,,day,P,N,N,Regular Season,3,3,1,Final,Final,2602,Great American Ball Park,113,Cincinnati Reds,CIN,15,True,120,Washington Nationals,WSH,1,False,572955,Pierce Johnson,Pierce,Johnson,52,1991-05-10,35,"6' 2""",202,1,Pitcher,R,Right,R,Right,,,,,,,,,,,,,,,,,,,,,,,,,,
2026-05-14,824517,,/api/v1.1/game/824517/feed/live,R,2026,2026-05-14,,day,P,N,N,Regular Season,3,3,1,Final,Final,2602,Great American Ball Park,113,Cincinnati Reds,CIN,15,True,120,Washington Nationals,WSH,1,False,682825,Luis Mey,Luis,Mey,47,2001-06-24,24,"6' 5""",235,1,Pitcher,R,Right,R,Right,"1.0 IP, ER, 2 K, BB",,,,,,,,,,,,,,,,1.0,1,1,0,2,1,22,0,0,0
2026-05-14,824517,,/api/v1.1/game/824517/feed/live,R,2026,2026-05-14,,day,P,N,N,Regular Season,3,3,1,Final,Final,2602,Great American Ball Park,113,Cincinnati Reds,CIN,15,True,120,Washington Nationals,WSH,1,False,622088,Tejay Antone,Tejay,Antone,70,1993-12-05,32,"6' 4""",230,1,Pitcher,R,Right,R,Right,,,,,,,,,,,,,,,,,,,,,,,,,,
2026-05-14,824517,,/api/v1.1/game/824517/feed/live,R,2026,2026-05-14,,day,P,N,N,Regular Season,3,3,1,Final,Final,2602,Great American Ball Park,113,Cincinnati Reds,CIN,15,True,120,Washington Nationals,WSH,1,False,663574,Tony Santillan,Antonio,Santillan,64,1997-04-15,29,"6' 3""",285,1,Pitcher,R,Right,R,Right,,,,,,,,,,,,,,,,,,,,,,,,,,
2026-05-14,824517,,/api/v1.1/game/824517/feed/live,R,2026,2026-05-14,,day,P,N,N,Regular Season,3,3,1,Final,Final,2602,Great American Ball Park,113,Cincinnati Reds,CIN,15,True,120,Washington Nationals,WSH,1,False,663993,Nathaniel Lowe,David,Lowe,31,1995-07-07,30,"6' 4""",220,10,Designated Hitter,L,Left,R,Right,,,,,,,,,,,,,,,,,,,,,,,,,,
2026-05-14,824517,,/api/v1.1/game/824517/feed/live,R,2026,2026-05-14,,day,P,N,N,Regular Season,3,3,1,Final,Final,2602,Great American Ball Park,113,Cincinnati Reds,CIN,15,True,120,Washington Nationals,WSH,1,False,663903,Brady Singer,Brady,Singer,51,1996-08-04,29,"6' 5""",215,1,Pitcher,R,Right,R,Right,,,,,,,,,,,,,,,,,,,,,,,,,,
2026-05-14,824517,,/api/v1.1/game/824517/feed/live,R,2026,2026-05-14,,day,P,N,N,Regular Season,3,3,1,Final,Final,2602,Great American Ball Park,113,Cincinnati Reds,CIN,15,True,120,Washington Nationals,WSH,1,False,680574,Matt McLain,Matthew,McLain,9,1999-08-06,26,"5' 8""",180,4,Second Base,R,Right,R,Right,"2-3 | HR, 2B, BB",,3,2,1,0,1,2,3,0,1,0,0,0,4,6,,,,,,,,,,
2026-05-14,824517,,/api/v1.1/game/824517/feed/live,R,2026,2026-05-14,,day,P,N,N,Regular Season,3,3,1,Final,Final,2602,Great American Ball Park,113,Cincinnati Reds,CIN,15,True,120,Washington Nationals,WSH,1,False,663647,Ke'Bryan Hayes,Ke'Bryan,Hayes,3,1997-01-28,29,"5' 11""",215,5,Third Base,R,Right,R,Right,"2-4 | 2B, 2 RBI, R",,4,2,1,0,0,2,1,0,0,0,0,0,4,3,,,,,,,,,,
2026-05-14,824517,,/api/v1.1/game/824517/feed/live,R,2026,2026-05-14,,day,P,N,N,Regular Season,3,3,1,Final,Final,2602,Great American Ball Park,113,Cincinnati Reds,CIN,15,True,120,Washington Nationals,WSH,1,False,666181,Will Benson,William,Benson,30,1998-06-16,27,"6' 4""",230,9,Outfielder,L,Left,L,Left,1-1 | R,,1,1,0,0,0,0,1,0,0,0,0,0,1,1,,,,,,,,,,
2026-05-14,824517,,/api/v1.1/game/824517/feed/live,R,2026,2026-05-14,,day,P,N,N,Regular Season,3,3,1,Final,Final,2602,Great American Ball Park,113,Cincinnati Reds,CIN,15,True,120,Washington Nationals,WSH,1,False,670770,TJ Friedl,Terry,Friedl,29,1995-08-14,30,"5' 8""",180,8,Outfielder,L,Left,L,Left,,,,,,,,,,,,,,,,,,,,,,,,,,
2026-05-14,824517,,/api/v1.1/game/824517/feed/live,R,2026,2026-05-14,,day,P,N,N,Regular Season,3,3,1,Final,Final,2602,Great American Ball Park,113,Cincinnati Reds,CIN,15,True,120,Washington Nationals,WSH,1,False,694362,Blake Dunn,Blake,Dunn,59,1998-09-05,27,"5' 9""",210,9,Outfielder,R,Right,R,Right,"0-4 | BB, K, R",,4,0,0,0,0,0,1,1,1,0,0,0,5,0,,,,,,,,,,
2026-05-14,824517,,/api/v1.1/game/824517/feed/live,R,2026,2026-05-14,,day,P,N,N,Regular Season,3,3,1,Final,Final,2602,Great American Ball Park,113,Cincinnati Reds,CIN,15,True,120,Washington Nationals,WSH,1,False,668715,Spencer Steer,Spencer,Steer,7,1997-12-07,28,"5' 9""",185,7,Outfielder,R,Right,R,Right,"2-4 | BB, 3 R",,4,2,0,0,0,0,3,0,1,0,0,0,5,2,,,,,,,,,,
2026-05-14,824517,,/api/v1.1/game/824517/feed/live,R,2026,2026-05-14,,day,P,N,N,Regular Season,3,3,1,Final,Final,2602,Great American Ball Park,113,Cincinnati Reds,CIN,15,True,120,Washington Nationals,WSH,1,False,624431,Jose Trevino,Jose,Trevino,35,1992-11-28,33,"5' 9""",215,2,Catcher,R,Right,R,Right,"1-4 | K, 2 RBI, R",,4,1,0,0,0,2,1,1,0,0,0,0,4,1,,,,,,,,,,
2026-05-14,824517,,/api/v1.1/game/824517/feed/live,R,2026,2026-05-14,,day,P,N,N,Regular Season,3,3,1,Final,Final,2602,Great American Ball Park,113,Cincinnati Reds,CIN,15,True,120,Washington Nationals,WSH,1,False,683175,Connor Phillips,Connor,Phillips,34,2001-05-04,25,"6' 2""",209,1,Pitcher,R,Right,R,Right,"1.0 IP, 0 ER, 0 K, 0 BB",,,,,,,,,,,,,,,,1.0,0,0,0,0,0,12,0,0,0
2026-05-14,824517,,/api/v1.1/game/824517/feed/live,R,2026,2026-05-14,,day,P,N,N,Regular Season,3,3,1,Final,Final,2602,Great American Ball Park,113,Cincinnati Reds,CIN,15,True,120,Washington Nationals,WSH,1,False,668933,Graham Ashcraft,Douglas,Ashcraft,23,1998-02-11,28,"6' 2""",248,1,Pitcher,L,Left,R,Right,,,,,,,,,,,,,,,,,,,,,,,,,,
2026-05-14,824517,,/api/v1.1/game/824517/feed/live,R,2026,2026-05-14,,day,P,N,N,Regular Season,3,3,1,Final,Final,2602,Great American Ball Park,113,Cincinnati Reds,CIN,15,True,120,Washington Nationals,WSH,1,False,663886,Tyler Stephenson,Tyler,Stephenson,37,1996-08-16,29,"6' 3""",225,2,Catcher,R,Right,R,Right,,,,,,,,,,,,,,,,,,,,,,,,,,
2026-05-14,824517,,/api/v1.1/game/824517/feed/live,R,2026,2026-05-14,,day,P,N,N,Regular Season,3,3,1,Final,Final,2602,Great American Ball Park,113,Cincinnati Reds,CIN,15,True,120,Washington Nationals,WSH,1,False,666157,Nick Lodolo,Nicholas,Lodolo,40,1998-02-05,28,"6' 6""",216,1,Pitcher,L,Left,L,Left,,,,,,,,,,,,,,,,,,,,,,,,,,
2026-05-14,824517,,/api/v1.1/game/824517/feed/live,R,2026,2026-05-14,,day,P,N,N,Regular Season,3,3,1,Final,Final,2602,Great American Ball Park,113,Cincinnati Reds,CIN,15,True,120,Washington Nationals,WSH,1,False,594580,Sam Moll,Samuel,Moll,50,1992-01-03,34,"5' 9""",190,1,Pitcher,L,Left,L,Left,"1.0 IP, 0 ER, K, 0 BB",,,,,,,,,,,,,,,,1.0,0,0,0,1,0,13,0,0,0
2026-05-14,824517,,/api/v1.1/game/824517/feed/live,R,2026,2026-05-14,,day,P,N,N,Regular Season,3,3,1,Final,Final,2602,Great American Ball Park,113,Cincinnati Reds,CIN,15,True,120,Washington Nationals,WSH,1,False,668709,JJ Bleday,Jeffrey,Bleday,22,1997-11-10,28,"6' 2""",205,7,Outfielder,L,Left,L,Left,"3-5 | 2 HR, K, 6 RBI",,5,3,0,0,2,6,2,1,0,0,0,0,5,9,,,,,,,,,,
2026-05-14,824517,,/api/v1.1/game/824517/feed/live,R,2026,2026-05-14,,day,P,N,N,Regular Season,3,3,1,Final,Final,2602,Great American Ball Park,113,Cincinnati Reds,CIN,15,True,120,Washington Nationals,WSH,1,False,663978,Chris Paddack,Christopher,Paddack,56,1996-01-08,30,"6' 5""",217,1,Pitcher,R,Right,R,Right,,,,,,,,,,,,,,,,,,,,,,,,,,
2026-05-14,824517,,/api/v1.1/game/824517/feed/live,R,2026,2026-05-14,,day,P,N,N,Regular Season,3,3,1,Final,Final,2602,Great American Ball Park,113,Cincinnati Reds,CIN,15,True,120,Washington Nationals,WSH,1,False,656271,Brock Burke,Brock,Burke,49,1996-08-04,29,"6' 4""",210,1,Pitcher,L,Left,L,Left,,,,,,,,,,,,,,,,,,,,,,,,,,
2026-05-14,824517,,/api/v1.1/game/824517/feed/live,R,2026,2026-05-14,,day,P,N,N,Regular Season,3,3,1,Final,Final,2602,Great American Ball Park,113,Cincinnati Reds,CIN,15,True,120,Washington Nationals,WSH,1,False,671096,Andrew Abbott,Andrew,Abbott,41,1999-06-01,26,"6' 0""",192,1,Pitcher,L,Left,L,Left,,,,,,,,,,,,,,,,,,,,,,,,,,
2026-05-14,824517,,/api/v1.1/game/824517/feed/live,R,2026,2026-05-14,,day,P,N,N,Regular Season,3,3,1,Final,Final,2602,Great American Ball Park,113,Cincinnati Reds,CIN,15,True,120,Washington Nationals,WSH,1,False,695505,Chase Burns,Chase,Burns,26,2003-01-16,23,"6' 3""",210,1,Pitcher,R,Right,R,Right,"6.0 IP, 0 ER, 7 K, 2 BB",,,,,,,,,,,,,,,,6.0,0,2,0,7,2,95,1,0,0
2026-05-14,824517,,/api/v1.1/game/824517/feed/live,R,2026,2026-05-14,,day,P,N,N,Regular Season,3,3,1,Final,Final,2602,Great American Ball Park,113,Cincinnati Reds,CIN,15,True,120,Washington Nationals,WSH,1,False,691781,Brady House,Brady,House,12,2003-06-04,22,"6' 4""",208,5,Third Base,R,Right,R,Right,0-4 | 2 K,,4,0,0,0,0,0,0,2,0,0,0,0,4,0,,,,,,,,,,
2026-05-14,824517,,/api/v1.1/game/824517/feed/live,R,2026,2026-05-14,,day,P,N,N,Regular Season,3,3,1,Final,Final,2602,Great American Ball Park,113,Cincinnati Reds,CIN,15,True,120,Washington Nationals,WSH,1,False,682928,CJ Abrams,Paul,Abrams,5,2000-10-03,25,"6' 0""",191,6,Shortstop,L,Left,R,Right,"0-2 | BB, K",,2,0,0,0,0,0,0,1,1,0,0,0,3,0,,,,,,,,,,
2026-05-14,824517,,/api/v1.1/game/824517/feed/live,R,2026,2026-05-14,,day,P,N,N,Regular Season,3,3,1,Final,Final,2602,Great American Ball Park,113,Cincinnati Reds,CIN,15,True,120,Washington Nationals,WSH,1,False,683083,Nasim Nuñez,Nasim,Nuñez,26,2000-08-18,25,"5' 8""",165,4,Second Base,S,Switch,R,Right,"0-4 | K, SB",,4,0,0,0,0,0,0,1,0,1,0,0,4,0,,,,,,,,,,
2026-05-14,824517,,/api/v1.1/game/824517/feed/live,R,2026,2026-05-14,,day,P,N,N,Regular Season,3,3,1,Final,Final,2602,Great American Ball Park,113,Cincinnati Reds,CIN,15,True,120,Washington Nationals,WSH,1,False,686452,Drew Millas,Andrew,Millas,14,1998-01-15,28,"6' 0""",204,2,Catcher,S,Switch,R,Right,"1-3 | K, R",,3,1,0,0,0,0,1,1,0,0,0,0,3,1,,,,,,,,,,
2026-05-14,824517,,/api/v1.1/game/824517/feed/live,R,2026,2026-05-14,,day,P,N,N,Regular Season,3,3,1,Final,Final,2602,Great American Ball Park,113,Cincinnati Reds,CIN,15,True,120,Washington Nationals,WSH,1,False,571945,Miles Mikolas,Miles,Mikolas,36,1988-08-23,37,"6' 4""",230,1,Pitcher,R,Right,R,Right,,,,,,,,,,,,,,,,,,,,,,,,,,
2026-05-14,824517,,/api/v1.1/game/824517/feed/live,R,2026,2026-05-14,,day,P,N,N,Regular Season,3,3,1,Final,Final,2602,Great American Ball Park,113,Cincinnati Reds,CIN,15,True,120,Washington Nationals,WSH,1,False,686894,Joey Wiemer,Joseph,Wiemer,21,1999-02-11,27,"6' 4""",226,9,Outfielder,R,Right,R,Right,0-1 | K,,1,0,0,0,0,0,0,1,0,0,0,0,1,0,1.0,4,5,1,0,1,24,0,0,0
2026-05-14,824517,,/api/v1.1/game/824517/feed/live,R,2026,2026-05-14,,day,P,N,N,Regular Season,3,3,1,Final,Final,2602,Great American Ball Park,113,Cincinnati Reds,CIN,15,True,120,Washington Nationals,WSH,1,False,678391,Jorbit Vivas,Jorbit,Vivas,84,2001-03-09,25,"5' 9""",171,5,Third Base,L,Left,R,Right,1-2 | 2B,,2,1,1,0,0,0,0,0,0,0,0,0,3,2,,,,,,,,,,
2026-05-14,824517,,/api/v1.1/game/824517/feed/live,R,2026,2026-05-14,,day,P,N,N,Regular Season,3,3,1,Final,Final,2602,Great American Ball Park,113,Cincinnati Reds,CIN,15,True,120,Washington Nationals,WSH,1,False,663992,Richard Lovelady,Richard,Lovelady,55,1995-07-07,30,"6' 0""",185,1,Pitcher,L,Left,L,Left,,,,,,,,,,,,,,,,,,,,,,,,,,
2026-05-14,824517,,/api/v1.1/game/824517/feed/live,R,2026,2026-05-14,,day,P,N,N,Regular Season,3,3,1,Final,Final,2602,Great American Ball Park,113,Cincinnati Reds,CIN,15,True,120,Washington Nationals,WSH,1,False,676571,PJ Poulin,Peter,Poulin,50,1996-07-25,29,"6' 1""",195,1,Pitcher,R,Right,L,Left,,,,,,,,,,,,,,,,,,,,,,,,,,
2026-05-14,824517,,/api/v1.1/game/824517/feed/live,R,2026,2026-05-14,,day,P,N,N,Regular Season,3,3,1,Final,Final,2602,Great American Ball Park,113,Cincinnati Reds,CIN,15,True,120,Washington Nationals,WSH,1,False,695418,Brad Lord,Bradley,Lord,41,2000-02-14,26,"6' 3""",210,1,Pitcher,R,Right,R,Right,,,,,,,,,,,,,,,,,,,,,,,,,,
2026-05-14,824517,,/api/v1.1/game/824517/feed/live,R,2026,2026-05-14,,day,P,N,N,Regular Season,3,3,1,Final,Final,2602,Great American Ball Park,113,Cincinnati Reds,CIN,15,True,120,Washington Nationals,WSH,1,False,678554,Curtis Mead,Curtis,Mead,45,2000-10-26,25,"6' 1""",225,3,First Base,R,Right,R,Right,,,,,,,,,,,,,,,,,,,,,,,,,,
2026-05-14,824517,,/api/v1.1/game/824517/feed/live,R,2026,2026-05-14,,day,P,N,N,Regular Season,3,3,1,Final,Final,2602,Great American Ball Park,113,Cincinnati Reds,CIN,15,True,120,Washington Nationals,WSH,1,False,677588,José Tena,José,Tena,8,2001-03-20,25,"5' 10""",195,10,Designated Hitter,L,Left,R,Right,0-1 | K,,1,0,0,0,0,0,0,1,0,0,0,0,1,0,,,,,,,,,,
2026-05-14,824517,,/api/v1.1/game/824517/feed/live,R,2026,2026-05-14,,day,P,N,N,Regular Season,3,3,1,Final,Final,2602,Great American Ball Park,113,Cincinnati Reds,CIN,15,True,120,Washington Nationals,WSH,1,False,695734,Daylen Lile,Daylen,Lile,4,2002-11-30,23,"5' 11""",195,7,Outfielder,L,Left,R,Right,0-4 | K,,4,0,0,0,0,0,0,1,0,0,0,0,4,0,,,,,,,,,,
2026-05-14,824517,,/api/v1.1/game/824517/feed/live,R,2026,2026-05-14,,day,P,N,N,Regular Season,3,3,1,Final,Final,2602,Great American Ball Park,113,Cincinnati Reds,CIN,15,True,120,Washington Nationals,WSH,1,False,695578,James Wood,James,Wood,29,2002-09-17,23,"6' 6""",234,9,Outfielder,L,Left,R,Right,0-3 | 2 K,,3,0,0,0,0,0,0,2,0,0,0,0,3,0,,,,,,,,,,
2026-05-14,824517,,/api/v1.1/game/824517/feed/live,R,2026,2026-05-14,,day,P,N,N,Regular Season,3,3,1,Final,Final,2602,Great American Ball Park,113,Cincinnati Reds,CIN,15,True,120,Washington Nationals,WSH,1,False,676917,Cade Cavalli,Steven,Cavalli,24,1998-08-14,27,"6' 4""",223,1,Pitcher,R,Right,R,Right,,,,,,,,,,,,,,,,,,,,,,,,,,
2026-05-14,824517,,/api/v1.1/game/824517/feed/live,R,2026,2026-05-14,,day,P,N,N,Regular Season,3,3,1,Final,Final,2602,Great American Ball Park,113,Cincinnati Reds,CIN,15,True,120,Washington Nationals,WSH,1,False,696285,Jacob Young,Jacob,Young,30,1999-07-27,26,"5' 11""",192,8,Outfielder,R,Right,R,Right,0-4,,4,0,0,0,0,0,0,0,0,0,0,0,4,0,,,,,,,,,,
2026-05-14,824517,,/api/v1.1/game/824517/feed/live,R,2026,2026-05-14,,day,P,N,N,Regular Season,3,3,1,Final,Final,2602,Great American Ball Park,113,Cincinnati Reds,CIN,15,True,120,Washington Nationals,WSH,1,False,663623,Jake Irvin,Jacob,Irvin,27,1997-02-18,29,"6' 6""",234,1,Pitcher,R,Right,R,Right,,,,,,,,,,,,,,,,,,,,,,,,,,
2026-05-14,824517,,/api/v1.1/game/824517/feed/live,R,2026,2026-05-14,,day,P,N,N,Regular Season,3,3,1,Final,Final,2602,Great American Ball Park,113,Cincinnati Reds,CIN,15,True,120,Washington Nationals,WSH,1,False,687377,Orlando Ribalta,Orlando,Ribalta,64,1998-03-05,28,"6' 7""",245,1,Pitcher,R,Right,R,Right,,,,,,,,,,,,,,,,,,,,,,,,,,
2026-05-14,824517,,/api/v1.1/game/824517/feed/live,R,2026,2026-05-14,,day,P,N,N,Regular Season,3,3,1,Final,Final,2602,Great American Ball Park,113,Cincinnati Reds,CIN,15,True,120,Washington Nationals,WSH,1,False,681402,Gus Varland,Augustus,Varland,47,1996-11-06,29,"6' 1""",225,1,Pitcher,L,Left,R,Right,,,,,,,,,,,,,,,,,,,,,,,,,,
2026-05-14,824517,,/api/v1.1/game/824517/feed/live,R,2026,2026-05-14,,day,P,N,N,Regular Season,3,3,1,Final,Final,2602,Great American Ball Park,113,Cincinnati Reds,CIN,15,True,120,Washington Nationals,WSH,1,False,641793,Zack Littell,Zack,Littell,18,1995-10-05,30,"6' 4""",250,1,Pitcher,R,Right,R,Right,,,,,,,,,,,,,,,,,,,,,,,,,,
2026-05-14,824517,,/api/v1.1/game/824517/feed/live,R,2026,2026-05-14,,day,P,N,N,Regular Season,3,3,1,Final,Final,2602,Great American Ball Park,113,Cincinnati Reds,CIN,15,True,120,Washington Nationals,WSH,1,False,680730,Mitchell Parker,Mitchell,Parker,70,1999-09-27,26,"6' 4""",239,1,Pitcher,L,Left,L,Left,,,,,,,,,,,,,,,,,,,,,,,,,,
2026-05-14,824517,,/api/v1.1/game/824517/feed/live,R,2026,2026-05-14,,day,P,N,N,Regular Season,3,3,1,Final,Final,2602,Great American Ball Park,113,Cincinnati Reds,CIN,15,True,120,Washington Nationals,WSH,1,False,687606,Paxton Schultz,Paxton,Schultz,75,1998-01-05,28,"6' 3""",205,1,Pitcher,L,Left,R,Right,,,,,,,,,,,,,,,,,,,,,,,,,,
2026-05-14,824517,,/api/v1.1/game/824517/feed/live,R,2026,2026-05-14,,day,P,N,N,Regular Season,3,3,1,Final,Final,2602,Great American Ball Park,113,Cincinnati Reds,CIN,15,True,120,Washington Nationals,WSH,1,False,687849,Zak Kent,Zachary,Kent,57,1998-02-24,28,"6' 3""",208,1,Pitcher,R,Right,R,Right,"2.2 IP, 2 ER, 2 K, 0 BB",,,,,,,,,,,,,,,,2.2,2,2,1,2,0,42,0,0,0
2026-05-14,824517,,/api/v1.1/game/824517/feed/live,R,2026,2026-05-14,,day,P,N,N,Regular Season,3,3,1,Final,Final,2602,Great American Ball Park,113,Cincinnati Reds,CIN,15,True,120,Washington Nationals,WSH,1,False,660688,Keibert Ruiz,Keibert,Ruiz,20,1998-07-20,27,"5' 11""",238,2,Catcher,S,Switch,R,Right,,,,,,,,,,,,,,,,,,,,,,,,,,
2026-05-14,824517,,/api/v1.1/game/824517/feed/live,R,2026,2026-05-14,,day,P,N,N,Regular Season,3,3,1,Final,Final,2602,Great American Ball Park,113,Cincinnati Reds,CIN,15,True,120,Washington Nationals,WSH,1,False,656492,Foster Griffin,Fred,Griffin,22,1995-07-27,30,"6' 3""",225,1,Pitcher,R,Right,L,Left,"4.1 IP, 9 ER, 7 K, 3 BB",,,,,,,,,,,,,,,,4.1,9,7,2,7,3,92,0,1,0
2026-05-14,824517,,/api/v1.1/game/824517/feed/live,R,2026,2026-05-14,,day,P,N,N,Regular Season,3,3,1,Final,Final,2602,Great American Ball Park,113,Cincinnati Reds,CIN,15,True,120,Washington Nationals,WSH,1,False,671277,Luis García Jr.,Luis,García,2,2000-05-16,25,"6' 1""",216,3,First Base,L,Left,R,Right,"1-2 | 2B, 2 BB, CS",,2,1,1,0,0,0,0,0,2,0,1,0,4,2,,,,,,,,,,
2026-05-14,823630,,/api/v1.1/game/823630/feed/live,R,2026,2026-05-14,,day,P,N,N,Regular Season,3,3,1,Final,Final,3289,Citi Field,121,New York Mets,NYM,9,True,116,Detroit Tigers,DET,4,False,620443,Luis Torrens,Luis,Torrens,13,1996-05-02,30,"5' 11""",217,2,Catcher,R,Right,R,Right,,,,,,,,,,,,,,,,,,,,,,,,,,
2026-05-14,823630,,/api/v1.1/game/823630/feed/live,R,2026,2026-05-14,,day,P,N,N,Regular Season,3,3,1,Final,Final,3289,Citi Field,121,New York Mets,NYM,9,True,116,Detroit Tigers,DET,4,False,666182,Bo Bichette,Bo,Bichette,19,1998-03-05,28,"5' 11""",190,5,Third Base,R,Right,R,Right,"0-4 | BB, 2 K",,4,0,0,0,0,0,0,2,1,0,0,0,5,0,,,,,,,,,,
2026-05-14,823630,,/api/v1.1/game/823630/feed/live,R,2026,2026-05-14,,day,P,N,N,Regular Season,3,3,1,Final,Final,3289,Citi Field,121,New York Mets,NYM,9,True,116,Detroit Tigers,DET,4,False,621438,Tyrone Taylor,Tyrone,Taylor,28,1994-01-22,32,"6' 0""",218,8,Outfielder,R,Right,R,Right,0-2,,2,0,0,0,0,0,0,0,0,0,0,0,2,0,,,,,,,,,,
2026-05-14,823630,,/api/v1.1/game/823630/feed/live,R,2026,2026-05-14,,day,P,N,N,Regular Season,3,3,1,Final,Final,3289,Citi Field,121,New York Mets,NYM,9,True,116,Detroit Tigers,DET,4,False,668901,Mark Vientos,Mark,Vientos,27,1999-12-11,26,"6' 3""",185,3,First Base,R,Right,R,Right,"1-4 | HR, 2 RBI, R",,4,1,0,0,1,2,1,0,0,0,0,0,4,4,,,,,,,,,,
2026-05-14,823630,,/api/v1.1/game/823630/feed/live,R,2026,2026-05-14,,day,P,N,N,Regular Season,3,3,1,Final,Final,3289,Citi Field,121,New York Mets,NYM,9,True,116,Detroit Tigers,DET,4,False,640455,Sean Manaea,Sean,Manaea,59,1992-02-01,34,"6' 5""",245,1,Pitcher,R,Right,L,Left,,,,,,,,,,,,,,,,,,,,,,,,,,
2026-05-14,823630,,/api/v1.1/game/823630/feed/live,R,2026,2026-05-14,,day,P,N,N,Regular Season,3,3,1,Final,Final,3289,Citi Field,121,New York Mets,NYM,9,True,116,Detroit Tigers,DET,4,False,668964,Tobias Myers,Tobias,Myers,32,1998-08-05,27,"6' 1""",223,1,Pitcher,R,Right,R,Right,"1.0 IP, ER, K, 0 BB",,,,,,,,,,,,,,,,1.0,1,1,1,1,0,10,0,0,0
2026-05-14,823630,,/api/v1.1/game/823630/feed/live,R,2026,2026-05-14,,day,P,N,N,Regular Season,3,3,1,Final,Final,3289,Citi Field,121,New York Mets,NYM,9,True,116,Detroit Tigers,DET,4,False,681810,Austin Warren,Austin,Warren,44,1996-02-05,30,"6' 0""",170,1,Pitcher,R,Right,R,Right,,,,,,,,,,,,,,,,,,,,,,,,,,
2026-05-14,823630,,/api/v1.1/game/823630/feed/live,R,2026,2026-05-14,,day,P,N,N,Regular Season,3,3,1,Final,Final,3289,Citi Field,121,New York Mets,NYM,9,True,116,Detroit Tigers,DET,4,False,683146,Brett Baty,Brett,Baty,7,1999-11-13,26,"6' 3""",210,9,Outfielder,L,Left,R,Right,"1-3 | HR, BB, 2 RBI",,3,1,0,0,1,2,1,0,1,0,0,0,4,4,,,,,,,,,,
2026-05-14,823630,,/api/v1.1/game/823630/feed/live,R,2026,2026-05-14,,day,P,N,N,Regular Season,3,3,1,Final,Final,3289,Citi Field,121,New York Mets,NYM,9,True,116,Detroit Tigers,DET,4,False,623211,Huascar Brazobán,Huascar,Brazobán,43,1989-10-15,36,"6' 3""",155,1,Pitcher,R,Right,R,Right,,,,,,,,,,,,,,,,,,,,,,,,,,
2026-05-14,823630,,/api/v1.1/game/823630/feed/live,R,2026,2026-05-14,,day,P,N,N,Regular Season,3,3,1,Final,Final,3289,Citi Field,121,New York Mets,NYM,9,True,116,Detroit Tigers,DET,4,False,596133,Luke Weaver,Luke,Weaver,30,1993-08-21,32,"6' 2""",180,1,Pitcher,R,Right,R,Right,,,,,,,,,,,,,,,,,,,,,,,,,,
2026-05-14,823630,,/api/v1.1/game/823630/feed/live,R,2026,2026-05-14,,day,P,N,N,Regular Season,3,3,1,Final,Final,3289,Citi Field,121,New York Mets,NYM,9,True,116,Detroit Tigers,DET,4,False,701807,Carson Benge,Carson,Benge,3,2003-01-20,23,"6' 1""",184,9,Outfielder,L,Left,R,Right,"2-5 | R, SB",,5,2,0,0,0,0,1,0,0,1,0,0,5,2,,,,,,,,,,
2026-05-14,823630,,/api/v1.1/game/823630/feed/live,R,2026,2026-05-14,,day,P,N,N,Regular Season,3,3,1,Final,Final,3289,Citi Field,121,New York Mets,NYM,9,True,116,Detroit Tigers,DET,4,False,642207,Devin Williams,Devin,Williams,38,1994-09-21,31,"6' 2""",193,1,Pitcher,R,Right,R,Right,,,,,,,,,,,,,,,,,,,,,,,,,,
2026-05-14,823630,,/api/v1.1/game/823630/feed/live,R,2026,2026-05-14,,day,P,N,N,Regular Season,3,3,1,Final,Final,3289,Citi Field,121,New York Mets,NYM,9,True,116,Detroit Tigers,DET,4,False,543760,Marcus Semien,Marcus,Semien,10,1990-09-17,35,"6' 0""",195,4,Second Base,R,Right,R,Right,"2-3 | HR, BB, RBI",,3,2,0,0,1,1,2,0,1,0,0,1,4,5,,,,,,,,,,
2026-05-14,823630,,/api/v1.1/game/823630/feed/live,R,2026,2026-05-14,,day,P,N,N,Regular Season,3,3,1,Final,Final,3289,Citi Field,121,New York Mets,NYM,9,True,116,Detroit Tigers,DET,4,False,669004,MJ Melendez,Mervyl,Melendez,1,1998-11-29,27,"6' 0""",190,10,Designated Hitter,L,Left,R,Right,"0-1 | BB, R",,1,0,0,0,0,0,1,0,1,0,0,0,2,0,,,,,,,,,,
2026-05-14,823630,,/api/v1.1/game/823630/feed/live,R,2026,2026-05-14,,day,P,N,N,Regular Season,3,3,1,Final,Final,3289,Citi Field,121,New York Mets,NYM,9,True,116,Detroit Tigers,DET,4,False,656849,David Peterson,David,Peterson,23,1995-09-03,30,"6' 6""",240,1,Pitcher,L,Left,L,Left,,,,,,,,,,,,,,,,,,,,,,,,,,
2026-05-14,823630,,/api/v1.1/game/823630/feed/live,R,2026,2026-05-14,,day,P,N,N,Regular Season,3,3,1,Final,Final,3289,Citi Field,121,New York Mets,NYM,9,True,116,Detroit Tigers,DET,4,False,642547,Freddy Peralta,Freddy,Peralta,51,1996-06-04,29,"6' 0""",198,1,Pitcher,R,Right,R,Right,,,,,,,,,,,,,,,,,,,,,,,,,,
2026-05-14,823630,,/api/v1.1/game/823630/feed/live,R,2026,2026-05-14,,day,P,N,N,Regular Season,3,3,1,Final,Final,3289,Citi Field,121,New York Mets,NYM,9,True,116,Detroit Tigers,DET,4,False,605280,Clay Holmes,Clayton,Holmes,35,1993-03-27,33,"6' 5""",245,1,Pitcher,R,Right,R,Right,,,,,,,,,,,,,,,,,,,,,,,,,,
2026-05-14,823630,,/api/v1.1/game/823630/feed/live,R,2026,2026-05-14,,day,P,N,N,Regular Season,3,3,1,Final,Final,3289,Citi Field,121,New York Mets,NYM,9,True,116,Detroit Tigers,DET,4,False,663584,Hayden Senger,Hayden,Senger,6,1997-04-03,29,"6' 1""",210,2,Catcher,R,Right,R,Right,0-3 | RBI,,3,0,0,0,0,1,0,0,0,0,0,0,4,0,,,,,,,,,,
2026-05-14,823630,,/api/v1.1/game/823630/feed/live,R,2026,2026-05-14,,day,P,N,N,Regular Season,3,3,1,Final,Final,3289,Citi Field,121,New York Mets,NYM,9,True,116,Detroit Tigers,DET,4,False,665742,Juan Soto,Juan,Soto,22,1998-10-25,27,"6' 1""",224,7,Outfielder,L,Left,L,Left,"2-5 | HR, 2 RBI, 2 R",,5,2,0,0,1,2,2,0,0,0,0,0,5,5,,,,,,,,,,
2026-05-14,823630,,/api/v1.1/game/823630/feed/live,R,2026,2026-05-14,,day,P,N,N,Regular Season,3,3,1,Final,Final,3289,Citi Field,121,New York Mets,NYM,9,True,116,Detroit Tigers,DET,4,False,518886,Craig Kimbrel,Craig,Kimbrel,46,1988-05-28,37,"6' 0""",215,1,Pitcher,R,Right,R,Right,"1.0 IP, 0 ER, K, 0 BB",,,,,,,,,,,,,,,,1.0,0,0,0,1,0,19,0,0,0
2026-05-14,823630,,/api/v1.1/game/823630/feed/live,R,2026,2026-05-14,,day,P,N,N,Regular Season,3,3,1,Final,Final,3289,Citi Field,121,New York Mets,NYM,9,True,116,Detroit Tigers,DET,4,False,681035,Christian Scott,Christian,Scott,45,1999-06-15,26,"6' 4""",215,1,Pitcher,R,Right,R,Right,,,,,,,,,,,,,,,,,,,,,,,,,,
2026-05-14,823630,,/api/v1.1/game/823630/feed/live,R,2026,2026-05-14,,day,P,N,N,Regular Season,3,3,1,Final,Final,3289,Citi Field,121,New York Mets,NYM,9,True,116,Detroit Tigers,DET,4,False,660644,Vidal Bruján,Vidal,Bruján,2,1998-02-09,28,"5' 9""",180,6,Shortstop,S,Switch,R,Right,,,,,,,,,,,,,,,,,,,,,,,,,,
2026-05-14,823630,,/api/v1.1/game/823630/feed/live,R,2026,2026-05-14,,day,P,N,N,Regular Season,3,3,1,Final,Final,3289,Citi Field,121,New York Mets,NYM,9,True,116,Detroit Tigers,DET,4,False,548384,Brooks Raley,Brooks,Raley,25,1988-06-29,37,"6' 3""",200,1,Pitcher,L,Left,L,Left,,,,,,,,,,,,,,,,,,,,,,,,,,
2026-05-14,823630,,/api/v1.1/game/823630/feed/live,R,2026,2026-05-14,,day,P,N,N,Regular Season,3,3,1,Final,Final,3289,Citi Field,121,New York Mets,NYM,9,True,116,Detroit Tigers,DET,4,False,596103,Austin Slater,Austin,Slater,40,1992-12-13,33,"6' 1""",205,9,Outfielder,R,Right,R,Right,,,,,,,,,,,,,,,,,,,,,,,,,,
2026-05-14,823630,,/api/v1.1/game/823630/feed/live,R,2026,2026-05-14,,day,P,N,N,Regular Season,3,3,1,Final,Final,3289,Citi Field,121,New York Mets,NYM,9,True,116,Detroit Tigers,DET,4,False,690997,Nolan McLean,Nolan,McLean,26,2001-07-24,24,"6' 2""",214,1,Pitcher,R,Right,R,Right,"7.0 IP, 3 ER, 7 K, 3 BB",,,,,,,,,,,,,,,,7.0,3,6,1,7,3,93,1,0,0
2026-05-14,823630,,/api/v1.1/game/823630/feed/live,R,2026,2026-05-14,,day,P,N,N,Regular Season,3,3,1,Final,Final,3289,Citi Field,121,New York Mets,NYM,9,True,116,Detroit Tigers,DET,4,False,805999,A.J. Ewing,Andrew,Ewing,9,2004-08-10,21,"5' 10""",160,8,Outfielder,L,Left,R,Right,"2-4 | HR, RBI, R",,4,2,0,0,1,1,1,0,0,0,0,0,4,5,,,,,,,,,,
2026-05-14,823630,,/api/v1.1/game/823630/feed/live,R,2026,2026-05-14,,day,P,N,N,Regular Season,3,3,1,Final,Final,3289,Citi Field,121,New York Mets,NYM,9,True,116,Detroit Tigers,DET,4,False,669398,Gage Workman,Gage,Workman,99,1999-10-24,26,"6' 4""",202,5,Third Base,L,Left,R,Right,"2-4 | HR, 2B, K",,4,2,1,0,1,3,1,1,0,0,0,0,4,6,,,,,,,,,,
2026-05-14,823630,,/api/v1.1/game/823630/feed/live,R,2026,2026-05-14,,day,P,N,N,Regular Season,3,3,1,Final,Final,3289,Citi Field,121,New York Mets,NYM,9,True,116,Detroit Tigers,DET,4,False,664285,Framber Valdez,Framber,Valdez,59,1993-11-19,32,"5' 11""",230,1,Pitcher,R,Right,L,Left,,,,,,,,,,,,,,,,,,,,,,,,,,
2026-05-14,823630,,/api/v1.1/game/823630/feed/live,R,2026,2026-05-14,,day,P,N,N,Regular Season,3,3,1,Final,Final,3289,Citi Field,121,New York Mets,NYM,9,True,116,Detroit Tigers,DET,4,False,676428,Brant Hurter,Brant,Hurter,48,1998-09-06,27,"6' 6""",250,1,Pitcher,L,Left,L,Left,,,,,,,,,,,,,,,,,,,,,,,,,,
2026-05-14,823630,,/api/v1.1/game/823630/feed/live,R,2026,2026-05-14,,day,P,N,N,Regular Season,3,3,1,Final,Final,3289,Citi Field,121,New York Mets,NYM,9,True,116,Detroit Tigers,DET,4,False,656716,Zach McKinstry,Zachary,McKinstry,39,1995-04-29,31,"5' 11""",180,4,Second Base,L,Left,R,Right,1-4,,4,1,0,0,0,0,0,0,0,0,0,0,4,1,,,,,,,,,,
2026-05-14,823630,,/api/v1.1/game/823630/feed/live,R,2026,2026-05-14,,day,P,N,N,Regular Season,3,3,1,Final,Final,3289,Citi Field,121,New York Mets,NYM,9,True,116,Detroit Tigers,DET,4,False,701678,Hao-Yu  Lee,Hao-Yu ,Lee,50,2003-02-03,23,"5' 9""",190,5,Third Base,R,Right,R,Right,,,,,,,,,,,,,,,,,,,,,,,,,,
2026-05-14,823630,,/api/v1.1/game/823630/feed/live,R,2026,2026-05-14,,day,P,N,N,Regular Season,3,3,1,Final,Final,3289,Citi Field,121,New York Mets,NYM,9,True,116,Detroit Tigers,DET,4,False,680744,Ty Madden,Tyler,Madden,36,2000-02-21,26,"6' 3""",215,1,Pitcher,R,Right,R,Right,,,,,,,,,,,,,,,,,,,,,,,,,,
2026-05-14,823630,,/api/v1.1/game/823630/feed/live,R,2026,2026-05-14,,day,P,N,N,Regular Season,3,3,1,Final,Final,3289,Citi Field,121,New York Mets,NYM,9,True,116,Detroit Tigers,DET,4,False,623454,Drew Anderson,Andrew,Anderson,38,1994-03-22,32,"6' 3""",205,1,Pitcher,R,Right,R,Right,,,,,,,,,,,,,,,,,,,,,,,,,,
2026-05-14,823630,,/api/v1.1/game/823630/feed/live,R,2026,2026-05-14,,day,P,N,N,Regular Season,3,3,1,Final,Final,3289,Citi Field,121,New York Mets,NYM,9,True,116,Detroit Tigers,DET,4,False,663330,Jahmai Jones,Jahmai,Jones,18,1997-08-04,28,"5' 10""",210,10,Designated Hitter,R,Right,R,Right,,,,,,,,,,,,,,,,,,,,,,,,,,
2026-05-14,823630,,/api/v1.1/game/823630/feed/live,R,2026,2026-05-14,,day,P,N,N,Regular Season,3,3,1,Final,Final,3289,Citi Field,121,New York Mets,NYM,9,True,116,Detroit Tigers,DET,4,False,682985,Riley Greene,Riley,Greene,31,2000-09-28,25,"6' 2""",200,7,Outfielder,L,Left,L,Left,"2-3 | BB, R",,3,2,0,0,0,0,1,0,1,0,0,0,4,2,,,,,,,,,,
2026-05-14,823630,,/api/v1.1/game/823630/feed/live,R,2026,2026-05-14,,day,P,N,N,Regular Season,3,3,1,Final,Final,3289,Citi Field,121,New York Mets,NYM,9,True,116,Detroit Tigers,DET,4,False,663947,Tyler Holton,Weston,Holton,87,1996-06-13,29,"6' 2""",200,1,Pitcher,L,Left,L,Left,"0.1 IP, 2 ER, 0 K, 0 BB",,,,,,,,,,,,,,,,0.1,2,2,1,0,0,7,0,0,0
2026-05-14,823630,,/api/v1.1/game/823630/feed/live,R,2026,2026-05-14,,day,P,N,N,Regular Season,3,3,1,Final,Final,3289,Citi Field,121,New York Mets,NYM,9,True,116,Detroit Tigers,DET,4,False,805808,Kevin McGonigle,Kevin,McGonigle,7,2004-08-18,21,"5' 9""",187,6,Shortstop,L,Left,R,Right,0-4 | 2 K,,4,0,0,0,0,0,0,2,0,0,0,0,4,0,,,,,,,,,,
2026-05-14,823630,,/api/v1.1/game/823630/feed/live,R,2026,2026-05-14,,day,P,N,N,Regular Season,3,3,1,Final,Final,3289,Citi Field,121,New York Mets,NYM,9,True,116,Detroit Tigers,DET,4,False,640448,Kyle Finnegan,Kyle,Finnegan,67,1991-09-04,34,"6' 2""",198,1,Pitcher,R,Right,R,Right,,,,,,,,,,,,,,,,,,,,,,,,,,
2026-05-14,823630,,/api/v1.1/game/823630/feed/live,R,2026,2026-05-14,,day,P,N,N,Regular Season,3,3,1,Final,Final,3289,Citi Field,121,New York Mets,NYM,9,True,116,Detroit Tigers,DET,4,False,572143,Burch Smith,Burch,Smith,65,1990-04-12,36,"6' 4""",225,1,Pitcher,R,Right,R,Right,,,,,,,,,,,,,,,,,,,,,,,,,,
2026-05-14,823630,,/api/v1.1/game/823630/feed/live,R,2026,2026-05-14,,day,P,N,N,Regular Season,3,3,1,Final,Final,3289,Citi Field,121,New York Mets,NYM,9,True,116,Detroit Tigers,DET,4,False,445276,Kenley Jansen,Kenley,Jansen,74,1987-09-30,38,"6' 5""",265,1,Pitcher,S,Switch,R,Right,,,,,,,,,,,,,,,,,,,,,,,,,,
2026-05-14,823630,,/api/v1.1/game/823630/feed/live,R,2026,2026-05-14,,day,P,N,N,Regular Season,3,3,1,Final,Final,3289,Citi Field,121,New York Mets,NYM,9,True,116,Detroit Tigers,DET,4,False,656427,Jack Flaherty,Jack,Flaherty,9,1995-10-15,30,"6' 4""",225,1,Pitcher,R,Right,R,Right,,,,,,,,,,,,,,,,,,,,,,,,,,
2026-05-14,823630,,/api/v1.1/game/823630/feed/live,R,2026,2026-05-14,,day,P,N,N,Regular Season,3,3,1,Final,Final,3289,Citi Field,121,New York Mets,NYM,9,True,116,Detroit Tigers,DET,4,False,670097,Zack Short,Zachary,Short,15,1995-05-29,30,"5' 10""",180,6,Shortstop,R,Right,R,Right,,,,,,,,,,,,,,,,,,,,,,,,,,
2026-05-14,823630,,/api/v1.1/game/823630/feed/live,R,2026,2026-05-14,,day,P,N,N,Regular Season,3,3,1,Final,Final,3289,Citi Field,121,New York Mets,NYM,9,True,116,Detroit Tigers,DET,4,False,679529,Spencer Torkelson,Spencer,Torkelson,20,1999-08-26,26,"6' 1""",220,3,First Base,R,Right,R,Right,"0-3 | HBP, K",,3,0,0,0,0,0,0,1,0,0,0,1,4,0,,,,,,,,,,
2026-05-14,823630,,/api/v1.1/game/823630/feed/live,R,2026,2026-05-14,,day,P,N,N,Regular Season,3,3,1,Final,Final,3289,Citi Field,121,New York Mets,NYM,9,True,116,Detroit Tigers,DET,4,False,672456,Keider Montero,Keider,Montero,54,2000-07-06,25,"6' 1""",145,1,Pitcher,R,Right,R,Right,"4.2 IP, 4 ER, 2 K, 2 BB",,,,,,,,,,,,,,,,4.2,4,4,2,2,2,70,0,1,0
2026-05-14,823630,,/api/v1.1/game/823630/feed/live,R,2026,2026-05-14,,day,P,N,N,Regular Season,3,3,1,Final,Final,3289,Citi Field,121,New York Mets,NYM,9,True,116,Detroit Tigers,DET,4,False,668670,Jake Rogers,Jacob,Rogers,34,1995-04-18,31,"5' 11""",201,2,Catcher,R,Right,R,Right,"0-2 | BB, K",,2,0,0,0,0,0,0,1,1,0,0,0,3,0,,,,,,,,,,
2026-05-14,823630,,/api/v1.1/game/823630/feed/live,R,2026,2026-05-14,,day,P,N,N,Regular Season,3,3,1,Final,Final,3289,Citi Field,121,New York Mets,NYM,9,True,116,Detroit Tigers,DET,4,False,646241,Enmanuel De Jesus,Enmanuel,De Jesus,37,1996-12-10,29,"6' 3""",190,1,Pitcher,L,Left,L,Left,"0.2 IP, ER, 0 K, BB",,,,,,,,,,,,,,,,0.2,1,1,0,0,1,19,0,0,0
2026-05-14,823630,,/api/v1.1/game/823630/feed/live,R,2026,2026-05-14,,day,P,N,N,Regular Season,3,3,1,Final,Final,3289,Citi Field,121,New York Mets,NYM,9,True,116,Detroit Tigers,DET,4,False,669724,Brenan Hanifee,Brenan,Hanifee,75,1998-05-29,27,"6' 5""",215,1,Pitcher,R,Right,R,Right,"1.0 IP, ER, 0 K, 0 BB",,,,,,,,,,,,,,,,1.0,1,1,1,0,0,14,0,0,0
2026-05-14,823630,,/api/v1.1/game/823630/feed/live,R,2026,2026-05-14,,day,P,N,N,Regular Season,3,3,1,Final,Final,3289,Citi Field,121,New York Mets,NYM,9,True,116,Detroit Tigers,DET,4,False,663837,Matt Vierling,Matthew,Vierling,8,1996-09-16,29,"6' 1""",205,8,Outfielder,R,Right,R,Right,,,,,,,,,,,,,,,,,,,,,,,,,,
2026-05-14,823630,,/api/v1.1/game/823630/feed/live,R,2026,2026-05-14,,day,P,N,N,Regular Season,3,3,1,Final,Final,3289,Citi Field,121,New York Mets,NYM,9,True,116,Detroit Tigers,DET,4,False,693307,Dillon Dingler,Francis,Dingler,13,1998-09-17,27,"6' 1""",210,2,Catcher,R,Right,R,Right,"1-4 | HR, RBI, R",,4,1,0,0,1,1,1,0,0,0,0,0,4,4,,,,,,,,,,
2026-05-14,823630,,/api/v1.1/game/823630/feed/live,R,2026,2026-05-14,,day,P,N,N,Regular Season,3,3,1,Final,Final,3289,Citi Field,121,New York Mets,NYM,9,True,116,Detroit Tigers,DET,4,False,690993,Colt Keith,Colten,Keith,33,2001-08-14,24,"6' 2""",211,5,Third Base,L,Left,R,Right,"0-3 | BB, 3 K, R",,3,0,0,0,0,0,1,3,1,0,0,0,4,0,,,,,,,,,,
2026-05-14,823630,,/api/v1.1/game/823630/feed/live,R,2026,2026-05-14,,day,P,N,N,Regular Season,3,3,1,Final,Final,3289,Citi Field,121,New York Mets,NYM,9,True,116,Detroit Tigers,DET,4,False,672761,Wenceel Pérez,Wenceel,Pérez,46,1999-10-30,26,"5' 11""",203,9,Outfielder,S,Switch,R,Right,1-4 | K,,4,1,0,0,0,0,0,1,0,0,0,0,4,1,,,,,,,,,,
2026-05-14,823630,,/api/v1.1/game/823630/feed/live,R,2026,2026-05-14,,day,P,N,N,Regular Season,3,3,1,Final,Final,3289,Citi Field,121,New York Mets,NYM,9,True,116,Detroit Tigers,DET,4,False,676568,Ricky Vanasco,Ricky,Vanasco,70,1998-10-13,27,"6' 3""",180,1,Pitcher,R,Right,R,Right,"1.1 IP, ER, 0 K, BB",,,,,,,,,,,,,,,,1.1,1,2,1,0,1,32,0,0,0
2026-05-14,823709,,/api/v1.1/game/823709/feed/live,R,2026,2026-05-14,,day,P,N,N,Regular Season,3,3,1,Final,Final,3312,Target Field,142,Minnesota Twins,MIN,9,True,146,Miami Marlins,MIA,1,False,623437,Justin Topa,Justin,Topa,48,1991-03-07,35,"6' 4""",200,1,Pitcher,R,Right,R,Right,,,,,,,,,,,,,,,,,,,,,,,,,,
2026-05-14,823709,,/api/v1.1/game/823709/feed/live,R,2026,2026-05-14,,day,P,N,N,Regular Season,3,3,1,Final,Final,3312,Target Field,142,Minnesota Twins,MIN,9,True,146,Miami Marlins,MIA,1,False,605170,Victor Caratini,Victor,Caratini,37,1993-08-17,32,"6' 0""",225,2,Catcher,S,Switch,R,Right,"0-4 | K, RBI",,4,0,0,0,0,1,0,1,0,0,0,0,4,0,,,,,,,,,,
2026-05-14,823709,,/api/v1.1/game/823709/feed/live,R,2026,2026-05-14,,day,P,N,N,Regular Season,3,3,1,Final,Final,3312,Target Field,142,Minnesota Twins,MIN,9,True,146,Miami Marlins,MIA,1,False,665019,Kody Clemens,Kody,Clemens,2,1996-05-15,30,"6' 0""",200,3,First Base,L,Left,R,Right,,,,,,,,,,,,,,,,,,,,,,,,,,
2026-05-14,823709,,/api/v1.1/game/823709/feed/live,R,2026,2026-05-14,,day,P,N,N,Regular Season,3,3,1,Final,Final,3312,Target Field,142,Minnesota Twins,MIN,9,True,146,Miami Marlins,MIA,1,False,686797,Brooks Lee,Brooks,Lee,22,2001-02-14,25,"6' 0""",205,6,Shortstop,S,Switch,R,Right,1-5 | 2B,,5,1,1,0,0,0,0,0,0,0,0,0,5,2,,,,,,,,,,
2026-05-14,823709,,/api/v1.1/game/823709/feed/live,R,2026,2026-05-14,,day,P,N,N,Regular Season,3,3,1,Final,Final,3312,Target Field,142,Minnesota Twins,MIN,9,True,146,Miami Marlins,MIA,1,False,668885,Austin Martin,Christopher,Martin,16,1999-03-23,27,"5' 10""",185,7,Outfielder,R,Right,R,Right,"2-4 | 2B, BB, 3 RBI",,4,2,1,0,0,3,1,0,1,1,0,0,5,3,,,,,,,,,,
2026-05-14,823709,,/api/v1.1/game/823709/feed/live,R,2026,2026-05-14,,day,P,N,N,Regular Season,3,3,1,Final,Final,3312,Target Field,142,Minnesota Twins,MIN,9,True,146,Miami Marlins,MIA,1,False,696070,Kendry Rojas,Kendry,Rojas,60,2002-11-26,23,"6' 2""",190,1,Pitcher,L,Left,L,Left,"2.0 IP, ER, 3 K, 2 BB",,,,,,,,,,,,,,,,2.0,1,1,0,3,2,41,0,0,0
2026-05-14,823709,,/api/v1.1/game/823709/feed/live,R,2026,2026-05-14,,day,P,N,N,Regular Season,3,3,1,Final,Final,3312,Target Field,142,Minnesota Twins,MIN,9,True,146,Miami Marlins,MIA,1,False,680573,Simeon Woods Richardson,Simeon,Woods Richardson,24,2000-09-27,25,"6' 3""",210,1,Pitcher,R,Right,R,Right,,,,,,,,,,,,,,,,,,,,,,,,,,
2026-05-14,823709,,/api/v1.1/game/823709/feed/live,R,2026,2026-05-14,,day,P,N,N,Regular Season,3,3,1,Final,Final,3312,Target Field,142,Minnesota Twins,MIN,9,True,146,Miami Marlins,MIA,1,False,607455,Anthony Banda,Frank,Banda,43,1993-08-10,32,"6' 2""",221,1,Pitcher,L,Left,L,Left,,,,,,,,,,,,,,,,,,,,,,,,,,
2026-05-14,823709,,/api/v1.1/game/823709/feed/live,R,2026,2026-05-14,,day,P,N,N,Regular Season,3,3,1,Final,Final,3312,Target Field,142,Minnesota Twins,MIN,9,True,146,Miami Marlins,MIA,1,False,656484,Tristan Gray,Tristan,Gray,4,1996-03-22,30,"6' 1""",215,5,Third Base,L,Left,R,Right,,,,,,,,,,,,,,,,,,,,,,,,,,
2026-05-14,823709,,/api/v1.1/game/823709/feed/live,R,2026,2026-05-14,,day,P,N,N,Regular Season,3,3,1,Final,Final,3312,Target Field,142,Minnesota Twins,MIN,9,True,146,Miami Marlins,MIA,1,False,605137,Josh Bell,Joshua,Bell,56,1992-08-14,33,"6' 3""",261,10,Designated Hitter,S,Switch,R,Right,"1-4 | 2B, 3 K, 2 RBI",,4,1,1,0,0,2,0,3,0,0,0,0,4,2,,,,,,,,,,
2026-05-14,823709,,/api/v1.1/game/823709/feed/live,R,2026,2026-05-14,,day,P,N,N,Regular Season,3,3,1,Final,Final,3312,Target Field,142,Minnesota Twins,MIN,9,True,146,Miami Marlins,MIA,1,False,687570,Connor Prielipp,Connor,Prielipp,61,2001-01-10,25,"6' 2""",210,1,Pitcher,L,Left,L,Left,,,,,,,,,,,,,,,,,,,,,,,,,,
2026-05-14,823709,,/api/v1.1/game/823709/feed/live,R,2026,2026-05-14,,day,P,N,N,Regular Season,3,3,1,Final,Final,3312,Target Field,142,Minnesota Twins,MIN,9,True,146,Miami Marlins,MIA,1,False,680777,Ryan Jeffers,Ryan,Jeffers,27,1997-06-03,28,"6' 2""",235,2,Catcher,R,Right,R,Right,"0-2 | 2 BB, R",,2,0,0,0,0,0,1,0,2,0,0,0,4,0,,,,,,,,,,
2026-05-14,823709,,/api/v1.1/game/823709/feed/live,R,2026,2026-05-14,,day,P,N,N,Regular Season,3,3,1,Final,Final,3312,Target Field,142,Minnesota Twins,MIN,9,True,146,Miami Marlins,MIA,1,False,681546,James Outman,James,Outman,30,1997-05-14,29,"6' 2""",215,8,Outfielder,L,Left,R,Right,"2-3 | 2B, BB, 3 RBI",,3,2,1,0,0,3,2,0,1,0,1,0,4,3,,,,,,,,,,
2026-05-14,823709,,/api/v1.1/game/823709/feed/live,R,2026,2026-05-14,,day,P,N,N,Regular Season,3,3,1,Final,Final,3312,Target Field,142,Minnesota Twins,MIN,9,True,146,Miami Marlins,MIA,1,False,668952,Ryan Kreidler,Ryan,Kreidler,5,1997-11-12,28,"6' 3""",208,8,Outfielder,R,Right,R,Right,"2-3 | BB, K, 3 R",,3,2,0,0,0,0,3,1,1,0,0,0,4,2,,,,,,,,,,
2026-05-14,823709,,/api/v1.1/game/823709/feed/live,R,2026,2026-05-14,,day,P,N,N,Regular Season,3,3,1,Final,Final,3312,Target Field,142,Minnesota Twins,MIN,9,True,146,Miami Marlins,MIA,1,False,573124,Taylor Rogers,Taylor,Rogers,55,1990-12-17,35,"6' 3""",190,1,Pitcher,L,Left,L,Left,,,,,,,,,,,,,,,,,,,,,,,,,,
2026-05-14,823709,,/api/v1.1/game/823709/feed/live,R,2026,2026-05-14,,day,P,N,N,Regular Season,3,3,1,Final,Final,3312,Target Field,142,Minnesota Twins,MIN,9,True,146,Miami Marlins,MIA,1,False,641927,Bailey Ober,John,Ober,17,1995-07-12,30,"6' 9""",260,1,Pitcher,R,Right,R,Right,,,,,,,,,,,,,,,,,,,,,,,,,,
2026-05-14,823709,,/api/v1.1/game/823709/feed/live,R,2026,2026-05-14,,day,P,N,N,Regular Season,3,3,1,Final,Final,3312,Target Field,142,Minnesota Twins,MIN,9,True,146,Miami Marlins,MIA,1,False,668904,Royce Lewis,Royce,Lewis,23,1999-06-05,26,"6' 0""",200,5,Third Base,R,Right,R,Right,"0-3 | BB, R",,3,0,0,0,0,0,1,0,1,0,0,0,4,0,,,,,,,,,,
2026-05-14,823709,,/api/v1.1/game/823709/feed/live,R,2026,2026-05-14,,day,P,N,N,Regular Season,3,3,1,Final,Final,3312,Target Field,142,Minnesota Twins,MIN,9,True,146,Miami Marlins,MIA,1,False,663616,Trevor Larnach,Trevor,Larnach,9,1997-02-26,29,"6' 3""",223,7,Outfielder,L,Left,R,Right,,,,,,,,,,,,,,,,,,,,,,,,,,
2026-05-14,823709,,/api/v1.1/game/823709/feed/live,R,2026,2026-05-14,,day,P,N,N,Regular Season,3,3,1,Final,Final,3312,Target Field,142,Minnesota Twins,MIN,9,True,146,Miami Marlins,MIA,1,False,472610,Luis García,Luis,García,40,1987-01-30,39,"6' 2""",240,1,Pitcher,R,Right,R,Right,,,,,,,,,,,,,,,,,,,,,,,,,,
2026-05-14,823709,,/api/v1.1/game/823709/feed/live,R,2026,2026-05-14,,day,P,N,N,Regular Season,3,3,1,Final,Final,3312,Target Field,142,Minnesota Twins,MIN,9,True,146,Miami Marlins,MIA,1,False,621439,Byron Buxton,Byron,Buxton,25,1993-12-18,32,"6' 1""",190,8,Outfielder,R,Right,R,Right,,,,,,,,,,,,,,,,,,,,,,,,,,
2026-05-14,823709,,/api/v1.1/game/823709/feed/live,R,2026,2026-05-14,,day,P,N,N,Regular Season,3,3,1,Final,Final,3312,Target Field,142,Minnesota Twins,MIN,9,True,146,Miami Marlins,MIA,1,False,672782,Yoendrys Gómez,Yoendrys,Gómez,94,1999-10-15,26,"6' 3""",212,1,Pitcher,R,Right,R,Right,,,,,,,,,,,,,,,,,,,,,,,,,,
2026-05-14,823709,,/api/v1.1/game/823709/feed/live,R,2026,2026-05-14,,day,P,N,N,Regular Season,3,3,1,Final,Final,3312,Target Field,142,Minnesota Twins,MIN,9,True,146,Miami Marlins,MIA,1,False,805673,Zebby Matthews,Daniel,Matthews,52,2000-05-22,25,"6' 5""",225,1,Pitcher,R,Right,R,Right,"7.0 IP, 0 ER, 5 K, BB",,,,,,,,,,,,,,,,7.0,0,4,0,5,1,83,1,0,0
2026-05-14,823709,,/api/v1.1/game/823709/feed/live,R,2026,2026-05-14,,day,P,N,N,Regular Season,3,3,1,Final,Final,3312,Target Field,142,Minnesota Twins,MIN,9,True,146,Miami Marlins,MIA,1,False,657746,Joe Ryan,Joseph,Ryan,41,1996-06-05,29,"6' 2""",205,1,Pitcher,R,Right,R,Right,,,,,,,,,,,,,,,,,,,,,,,,,,
2026-05-14,823709,,/api/v1.1/game/823709/feed/live,R,2026,2026-05-14,,day,P,N,N,Regular Season,3,3,1,Final,Final,3312,Target Field,142,Minnesota Twins,MIN,9,True,146,Miami Marlins,MIA,1,False,679358,Eric Orze,Eric,Orze,19,1997-08-21,28,"6' 4""",205,1,Pitcher,R,Right,R,Right,,,,,,,,,,,,,,,,,,,,,,,,,,
2026-05-14,823709,,/api/v1.1/game/823709/feed/live,R,2026,2026-05-14,,day,P,N,N,Regular Season,3,3,1,Final,Final,3312,Target Field,142,Minnesota Twins,MIN,9,True,146,Miami Marlins,MIA,1,False,702193,Andrew Morris,Andrew,Morris,78,2001-09-01,24,"6' 0""",195,1,Pitcher,R,Right,R,Right,,,,,,,,,,,,,,,,,,,,,,,,,,
2026-05-14,823709,,/api/v1.1/game/823709/feed/live,R,2026,2026-05-14,,day,P,N,N,Regular Season,3,3,1,Final,Final,3312,Target Field,142,Minnesota Twins,MIN,9,True,146,Miami Marlins,MIA,1,False,807712,Luke Keaschall,Luke,Keaschall,15,2002-08-15,23,"6' 0""",190,4,Second Base,R,Right,R,Right,"1-4 | 2 K, R, SB",,4,1,0,0,0,0,1,2,0,1,0,0,4,1,,,,,,,,,,
2026-05-14,823709,,/api/v1.1/game/823709/feed/live,R,2026,2026-05-14,,day,P,N,N,Regular Season,3,3,1,Final,Final,3312,Target Field,142,Minnesota Twins,MIN,9,True,146,Miami Marlins,MIA,1,False,669199,Lake Bachar,Lake,Bachar,84,1995-06-03,30,"6' 2""",219,1,Pitcher,R,Right,R,Right,"2.0 IP, 0 ER, 2 K, 0 BB",,,,,,,,,,,,,,,,2.0,0,0,0,2,0,23,0,0,0
2026-05-14,823709,,/api/v1.1/game/823709/feed/live,R,2026,2026-05-14,,day,P,N,N,Regular Season,3,3,1,Final,Final,3312,Target Field,142,Minnesota Twins,MIN,9,True,146,Miami Marlins,MIA,1,False,666624,Christopher Morel,Christopher,Morel,5,1999-06-24,26,"6' 0""",200,10,Designated Hitter,R,Right,R,Right,"1-4 | 2B, K",,4,1,1,0,0,0,0,1,0,0,0,0,4,2,,,,,,,,,,
2026-05-14,823709,,/api/v1.1/game/823709/feed/live,R,2026,2026-05-14,,day,P,N,N,Regular Season,3,3,1,Final,Final,3312,Target Field,142,Minnesota Twins,MIN,9,True,146,Miami Marlins,MIA,1,False,664126,Pete Fairbanks,Peter,Fairbanks,29,1993-12-16,32,"6' 6""",235,1,Pitcher,R,Right,R,Right,,,,,,,,,,,,,,,,,,,,,,,,,,
2026-05-14,823709,,/api/v1.1/game/823709/feed/live,R,2026,2026-05-14,,day,P,N,N,Regular Season,3,3,1,Final,Final,3312,Target Field,142,Minnesota Twins,MIN,9,True,146,Miami Marlins,MIA,1,False,666129,Braxton Garrett,Braxton,Garrett,20,1997-08-05,28,"6' 2""",202,1,Pitcher,R,Right,L,Left,"1.1 IP, 5 ER, 3 K, 5 BB",,,,,,,,,,,,,,,,1.1,5,4,0,3,5,64,0,1,0
2026-05-14,823709,,/api/v1.1/game/823709/feed/live,R,2026,2026-05-14,,day,P,N,N,Regular Season,3,3,1,Final,Final,3312,Target Field,142,Minnesota Twins,MIN,9,True,146,Miami Marlins,MIA,1,False,681715,Heriberto Hernández,Heriberto,Hernandez,13,1999-12-16,26,"5' 11""",195,7,Outfielder,R,Right,R,Right,,,,,,,,,,,,,,,,,,,,,,,,,,
2026-05-14,823709,,/api/v1.1/game/823709/feed/live,R,2026,2026-05-14,,day,P,N,N,Regular Season,3,3,1,Final,Final,3312,Target Field,142,Minnesota Twins,MIN,9,True,146,Miami Marlins,MIA,1,False,645261,Sandy Alcantara,Sandy,Alcantara,22,1995-09-07,30,"6' 5""",200,1,Pitcher,R,Right,R,Right,,,,,,,,,,,,,,,,,,,,,,,,,,
2026-05-14,823709,,/api/v1.1/game/823709/feed/live,R,2026,2026-05-14,,day,P,N,N,Regular Season,3,3,1,Final,Final,3312,Target Field,142,Minnesota Twins,MIN,9,True,146,Miami Marlins,MIA,1,False,663969,Tyler Phillips,Tyler,Phillips,30,1997-10-27,28,"6' 5""",225,1,Pitcher,R,Right,R,Right,,,,,,,,,,,,,,,,,,,,,,,,,,
2026-05-14,823709,,/api/v1.1/game/823709/feed/live,R,2026,2026-05-14,,day,P,N,N,Regular Season,3,3,1,Final,Final,3312,Target Field,142,Minnesota Twins,MIN,9,True,146,Miami Marlins,MIA,1,False,665923,Esteury Ruiz,Esteury,Ruiz,3,1999-02-15,27,"5' 11""",169,8,Outfielder,R,Right,R,Right,0-1,,1,0,0,0,0,0,0,0,0,0,0,0,1,0,,,,,,,,,,
2026-05-14,823709,,/api/v1.1/game/823709/feed/live,R,2026,2026-05-14,,day,P,N,N,Regular Season,3,3,1,Final,Final,3312,Target Field,142,Minnesota Twins,MIN,9,True,146,Miami Marlins,MIA,1,False,805300,Jakob Marsee,Jakob,Marsee,87,2001-06-28,24,"6' 0""",180,8,Outfielder,L,Left,L,Left,0-4 | 2 K,,4,0,0,0,0,0,0,2,0,0,0,0,4,0,,,,,,,,,,
2026-05-14,823709,,/api/v1.1/game/823709/feed/live,R,2026,2026-05-14,,day,P,N,N,Regular Season,3,3,1,Final,Final,3312,Target Field,142,Minnesota Twins,MIN,9,True,146,Miami Marlins,MIA,1,False,676534,Calvin Faucher,Calvin,Faucher,53,1995-09-22,30,"6' 1""",190,1,Pitcher,R,Right,R,Right,"1.2 IP, 0 ER, K, 0 BB",,,,,,,,,,,,,,,,1.2,0,2,0,1,0,24,0,0,0
2026-05-14,823709,,/api/v1.1/game/823709/feed/live,R,2026,2026-05-14,,day,P,N,N,Regular Season,3,3,1,Final,Final,3312,Target Field,142,Minnesota Twins,MIN,9,True,146,Miami Marlins,MIA,1,False,676974,Max Meyer,Max,Meyer,23,1999-03-12,27,"6' 0""",196,1,Pitcher,L,Left,R,Right,,,,,,,,,,,,,,,,,,,,,,,,,,
2026-05-14,823709,,/api/v1.1/game/823709/feed/live,R,2026,2026-05-14,,day,P,N,N,Regular Season,3,3,1,Final,Final,3312,Target Field,142,Minnesota Twins,MIN,9,True,146,Miami Marlins,MIA,1,False,691594,Javier Sanoja,Javier,Sanoja,8,2002-09-03,23,"5' 7""",150,5,Third Base,R,Right,R,Right,0-3,,3,0,0,0,0,0,0,0,0,0,0,1,3,0,,,,,,,,,,
2026-05-14,823709,,/api/v1.1/game/823709/feed/live,R,2026,2026-05-14,,day,P,N,N,Regular Season,3,3,1,Final,Final,3312,Target Field,142,Minnesota Twins,MIN,9,True,146,Miami Marlins,MIA,1,False,667463,John King,John,King,47,1994-09-14,31,"6' 2""",215,1,Pitcher,L,Left,L,Left,"1.0 IP, 3 ER, 0 K, BB",,,,,,,,,,,,,,,,1.0,3,3,0,0,1,17,0,0,0
2026-05-14,823709,,/api/v1.1/game/823709/feed/live,R,2026,2026-05-14,,day,P,N,N,Regular Season,3,3,1,Final,Final,3312,Target Field,142,Minnesota Twins,MIN,9,True,146,Miami Marlins,MIA,1,False,669364,Xavier Edwards,Xavier,Edwards,9,1999-08-09,26,"5' 9""",175,4,Second Base,S,Switch,R,Right,"0-3 | BB, R",,3,0,0,0,0,0,1,0,1,0,0,0,4,0,,,,,,,,,,
2026-05-14,823709,,/api/v1.1/game/823709/feed/live,R,2026,2026-05-14,,day,P,N,N,Regular Season,3,3,1,Final,Final,3312,Target Field,142,Minnesota Twins,MIN,9,True,146,Miami Marlins,MIA,1,False,669065,Kyle Stowers,Kyle,Stowers,28,1998-01-02,28,"6' 2""",215,7,Outfielder,L,Left,L,Left,"0-3 | BB, 2 K",,3,0,0,0,0,0,0,2,1,0,0,0,4,0,,,,,,,,,,
2026-05-14,823709,,/api/v1.1/game/823709/feed/live,R,2026,2026-05-14,,day,P,N,N,Regular Season,3,3,1,Final,Final,3312,Target Field,142,Minnesota Twins,MIN,9,True,146,Miami Marlins,MIA,1,False,656848,Michael Petersen,Michael,Petersen,49,1994-05-16,31,"6' 7""",195,1,Pitcher,R,Right,R,Right,,,,,,,,,,,,,,,,,,,,,,,,,,
2026-05-14,823709,,/api/v1.1/game/823709/feed/live,R,2026,2026-05-14,,day,P,N,N,Regular Season,3,3,1,Final,Final,3312,Target Field,142,Minnesota Twins,MIN,9,True,146,Miami Marlins,MIA,1,False,689414,Liam Hicks,Liam,Hicks,34,1999-06-02,26,"5' 9""",185,2,Catcher,L,Left,R,Right,1-3 | BB,,3,1,0,0,0,0,0,0,1,0,0,0,4,1,,,,,,,,,,
2026-05-14,823709,,/api/v1.1/game/823709/feed/live,R,2026,2026-05-14,,day,P,N,N,Regular Season,3,3,1,Final,Final,3312,Target Field,142,Minnesota Twins,MIN,9,True,146,Miami Marlins,MIA,1,False,669622,Anthony Bender,Anthony,Bender,37,1995-02-03,31,"6' 4""",205,1,Pitcher,R,Right,R,Right,"2.0 IP, 0 ER, K, 0 BB",,,,,,,,,,,,,,,,2.0,0,0,0,1,0,19,0,0,0
2026-05-14,823709,,/api/v1.1/game/823709/feed/live,R,2026,2026-05-14,,day,P,N,N,Regular Season,3,3,1,Final,Final,3312,Target Field,142,Minnesota Twins,MIN,9,True,146,Miami Marlins,MIA,1,False,683357,Owen Caissie,Owen,Caissie,17,2002-07-08,23,"6' 4""",190,9,Outfielder,L,Left,R,Right,1-2 | K,,2,1,0,0,0,0,0,1,0,0,0,0,2,1,,,,,,,,,,
2026-05-14,823709,,/api/v1.1/game/823709/feed/live,R,2026,2026-05-14,,day,P,N,N,Regular Season,3,3,1,Final,Final,3312,Target Field,142,Minnesota Twins,MIN,9,True,146,Miami Marlins,MIA,1,False,677870,Leo Jiménez,Leonardo,Jimenez,19,2001-05-17,24,"5' 10""",215,5,Third Base,R,Right,R,Right,0-4 | 2 K,,4,0,0,0,0,0,0,2,0,0,0,0,4,0,,,,,,,,,,
2026-05-14,823709,,/api/v1.1/game/823709/feed/live,R,2026,2026-05-14,,day,P,N,N,Regular Season,3,3,1,Final,Final,3312,Target Field,142,Minnesota Twins,MIN,9,True,146,Miami Marlins,MIA,1,False,676083,Janson Junk,Janson,Junk,26,1996-01-15,30,"6' 2""",197,1,Pitcher,R,Right,R,Right,,,,,,,,,,,,,,,,,,,,,,,,,,
2026-05-14,823709,,/api/v1.1/game/823709/feed/live,R,2026,2026-05-14,,day,P,N,N,Regular Season,3,3,1,Final,Final,3312,Target Field,142,Minnesota Twins,MIN,9,True,146,Miami Marlins,MIA,1,False,681393,Connor Norby,Connor,Norby,1,2000-06-08,25,"5' 10""",180,3,First Base,R,Right,R,Right,,,,,,,,,,,,,,,,,,,,,,,,,,
2026-05-14,823709,,/api/v1.1/game/823709/feed/live,R,2026,2026-05-14,,day,P,N,N,Regular Season,3,3,1,Final,Final,3312,Target Field,142,Minnesota Twins,MIN,9,True,146,Miami Marlins,MIA,1,False,677053,Andrew Nardi,Andrew,Nardi,43,1998-08-18,27,"6' 3""",215,1,Pitcher,L,Left,L,Left,,,,,,,,,,,,,,,,,,,,,,,,,,
2026-05-14,823709,,/api/v1.1/game/823709/feed/live,R,2026,2026-05-14,,day,P,N,N,Regular Season,3,3,1,Final,Final,3312,Target Field,142,Minnesota Twins,MIN,9,True,146,Miami Marlins,MIA,1,False,691788,Joe Mack,Joseph,Mack,80,2002-12-27,23,"6' 0""",210,2,Catcher,L,Left,R,Right,,,,,,,,,,,,,,,,,,,,,,,,,,
2026-05-14,823709,,/api/v1.1/game/823709/feed/live,R,2026,2026-05-14,,day,P,N,N,Regular Season,3,3,1,Final,Final,3312,Target Field,142,Minnesota Twins,MIN,9,True,146,Miami Marlins,MIA,1,False,691587,Eury Pérez,Eury,Pérez,39,2003-04-15,23,"6' 8""",220,1,Pitcher,R,Right,R,Right,,,,,,,,,,,,,,,,,,,,,,,,,,
2026-05-14,823709,,/api/v1.1/game/823709/feed/live,R,2026,2026-05-14,,day,P,N,N,Regular Season,3,3,1,Final,Final,3312,Target Field,142,Minnesota Twins,MIN,9,True,146,Miami Marlins,MIA,1,False,672640,Otto Lopez,Otto,Lopez,6,1998-10-01,27,"5' 10""",185,6,Shortstop,R,Right,R,Right,2-4 | RBI,,4,2,0,0,0,1,0,0,0,0,0,0,4,2,,,,,,,,,,
2026-05-14,823789,,/api/v1.1/game/823789/feed/live,R,2026,2026-05-14,,day,P,N,N,Regular Season,3,3,1,Final,Final,32,American Family Field,158,Milwaukee Brewers,MIL,7,True,135,San Diego Padres,SD,1,False,694477,Chad Patrick,Chandler,Patrick,39,1998-08-14,27,"6' 1""",217,1,Pitcher,R,Right,R,Right,,,,,,,,,,,,,,,,,,,,,,,,,,
2026-05-14,823789,,/api/v1.1/game/823789/feed/live,R,2026,2026-05-14,,day,P,N,N,Regular Season,3,3,1,Final,Final,32,American Family Field,158,Milwaukee Brewers,MIL,7,True,135,San Diego Padres,SD,1,False,650859,Luis Rengifo,Luis,Rengifo,13,1997-02-26,29,"5' 9""",204,5,Third Base,S,Switch,R,Right,2-4 | 3 RBI,,4,2,0,0,0,3,0,0,0,0,0,0,4,2,,,,,,,,,,
2026-05-14,823789,,/api/v1.1/game/823789/feed/live,R,2026,2026-05-14,,day,P,N,N,Regular Season,3,3,1,Final,Final,32,American Family Field,158,Milwaukee Brewers,MIL,7,True,135,San Diego Padres,SD,1,False,687401,Joey Ortiz,Joseph,Ortiz,3,1998-07-14,27,"5' 10""",192,6,Shortstop,R,Right,R,Right,0-1,,1,0,0,0,0,0,0,0,0,0,0,0,1,0,,,,,,,,,,
2026-05-14,823789,,/api/v1.1/game/823789/feed/live,R,2026,2026-05-14,,day,P,N,N,Regular Season,3,3,1,Final,Final,32,American Family Field,158,Milwaukee Brewers,MIL,7,True,135,San Diego Padres,SD,1,False,701656,Logan Henderson,Logan,Henderson,43,2002-03-02,24,"6' 0""",209,1,Pitcher,R,Right,R,Right,,,,,,,,,,,,,,,,,,,,,,,,,,
2026-05-14,823789,,/api/v1.1/game/823789/feed/live,R,2026,2026-05-14,,day,P,N,N,Regular Season,3,3,1,Final,Final,32,American Family Field,158,Milwaukee Brewers,MIL,7,True,135,San Diego Padres,SD,1,False,694192,Jackson Chourio,Jackson,Chourio,11,2004-03-11,22,"6' 1""",199,7,Outfielder,R,Right,R,Right,0-5 | 4 K,,5,0,0,0,0,0,0,4,0,0,0,0,5,0,,,,,,,,,,
2026-05-14,823789,,/api/v1.1/game/823789/feed/live,R,2026,2026-05-14,,day,P,N,N,Regular Season,3,3,1,Final,Final,32,American Family Field,158,Milwaukee Brewers,MIL,7,True,135,San Diego Padres,SD,1,False,592885,Christian Yelich,Christian,Yelich,22,1991-12-05,34,"6' 4""",220,10,Designated Hitter,L,Left,R,Right,,,,,,,,,,,,,,,,,,,,,,,,,,
2026-05-14,823789,,/api/v1.1/game/823789/feed/live,R,2026,2026-05-14,,day,P,N,N,Regular Season,3,3,1,Final,Final,32,American Family Field,158,Milwaukee Brewers,MIL,7,True,135,San Diego Padres,SD,1,False,641343,Jake Bauers,Jakob,Bauers,9,1995-10-06,30,"6' 0""",216,3,First Base,L,Left,L,Left,,,,,,,,,,,,,,,,,,,,,,,,,,
2026-05-14,823789,,/api/v1.1/game/823789/feed/live,R,2026,2026-05-14,,day,P,N,N,Regular Season,3,3,1,Final,Final,32,American Family Field,158,Milwaukee Brewers,MIL,7,True,135,San Diego Padres,SD,1,False,686217,Sal Frelick,Salvatore,Frelick,10,2000-04-19,26,"5' 9""",191,9,Outfielder,L,Left,R,Right,"1-4 | 3 K, CS",,4,1,0,0,0,0,0,3,0,0,1,0,4,1,,,,,,,,,,
2026-05-14,823789,,/api/v1.1/game/823789/feed/live,R,2026,2026-05-14,,day,P,N,N,Regular Season,3,3,1,Final,Final,32,American Family Field,158,Milwaukee Brewers,MIL,7,True,135,San Diego Padres,SD,1,False,682842,Abner Uribe,Abner,Uribe,45,2000-06-20,25,"6' 3""",205,1,Pitcher,R,Right,R,Right,,,,,,,,,,,,,,,,,,,,,,,,,,
2026-05-14,823789,,/api/v1.1/game/823789/feed/live,R,2026,2026-05-14,,day,P,N,N,Regular Season,3,3,1,Final,Final,32,American Family Field,158,Milwaukee Brewers,MIL,7,True,135,San Diego Padres,SD,1,False,681982,Grant Anderson,Grant,Anderson,56,1997-06-21,28,"6' 0""",213,1,Pitcher,R,Right,R,Right,"1.0 IP, 0 ER, 0 K, BB",,,,,,,,,,,,,,,,1.0,0,1,0,0,1,16,0,0,0
2026-05-14,823789,,/api/v1.1/game/823789/feed/live,R,2026,2026-05-14,,day,P,N,N,Regular Season,3,3,1,Final,Final,32,American Family Field,158,Milwaukee Brewers,MIL,7,True,135,San Diego Padres,SD,1,False,683734,Andrew Vaughn,Andrew,Vaughn,28,1998-04-03,28,"5' 10""",215,3,First Base,R,Right,R,Right,"2-3 | 2B, BB, K",,3,2,1,0,0,2,1,1,1,0,0,0,4,3,,,,,,,,,,
2026-05-14,823789,,/api/v1.1/game/823789/feed/live,R,2026,2026-05-14,,day,P,N,N,Regular Season,3,3,1,Final,Final,32,American Family Field,158,Milwaukee Brewers,MIL,7,True,135,San Diego Padres,SD,1,False,675660,Shane Drohan,Shane,Drohan,55,1999-01-07,27,"6' 2""",202,1,Pitcher,L,Left,L,Left,,,,,,,,,,,,,,,,,,,,,,,,,,
2026-05-14,823789,,/api/v1.1/game/823789/feed/live,R,2026,2026-05-14,,day,P,N,N,Regular Season,3,3,1,Final,Final,32,American Family Field,158,Milwaukee Brewers,MIL,7,True,135,San Diego Padres,SD,1,False,690986,Kyle Harrison,Kyle,Harrison,52,2001-08-12,24,"6' 2""",216,1,Pitcher,R,Right,L,Left,"5.0 IP, 0 ER, 7 K, 0 BB",,,,,,,,,,,,,,,,5.0,0,5,0,7,0,99,1,0,0
2026-05-14,823789,,/api/v1.1/game/823789/feed/live,R,2026,2026-05-14,,day,P,N,N,Regular Season,3,3,1,Final,Final,32,American Family Field,158,Milwaukee Brewers,MIL,7,True,135,San Diego Padres,SD,1,False,702153,Brian Fitzpatrick,Brian,Fitzpatrick,35,2000-06-01,25,"6' 7""",225,1,Pitcher,S,Switch,L,Left,"2.0 IP, 0 ER, 2 K, BB",,,,,,,,,,,,,,,,2.0,0,1,0,2,1,35,0,0,0
2026-05-14,823789,,/api/v1.1/game/823789/feed/live,R,2026,2026-05-14,,day,P,N,N,Regular Season,3,3,1,Final,Final,32,American Family Field,158,Milwaukee Brewers,MIL,7,True,135,San Diego Padres,SD,1,False,669003,Garrett Mitchell,Garrett,Mitchell,5,1998-09-04,27,"6' 2""",229,8,Outfielder,L,Left,R,Right,"2-4 | 2 2B, SB",,4,2,2,0,0,0,0,0,0,1,0,0,4,4,,,,,,,,,,
2026-05-14,823789,,/api/v1.1/game/823789/feed/live,R,2026,2026-05-14,,day,P,N,N,Regular Season,3,3,1,Final,Final,32,American Family Field,158,Milwaukee Brewers,MIL,7,True,135,San Diego Padres,SD,1,False,676879,Aaron Ashby,Aaron,Ashby,26,1998-05-24,27,"6' 0""",194,1,Pitcher,R,Right,L,Left,,,,,,,,,,,,,,,,,,,,,,,,,,
2026-05-14,823789,,/api/v1.1/game/823789/feed/live,R,2026,2026-05-14,,day,P,N,N,Regular Season,3,3,1,Final,Final,32,American Family Field,158,Milwaukee Brewers,MIL,7,True,135,San Diego Padres,SD,1,False,666152,David Hamilton,David,Hamilton,6,1997-09-29,28,"5' 10""",192,5,Third Base,L,Left,R,Right,"1-3 | BB, K, R",,3,1,0,0,0,0,1,1,1,1,0,0,4,1,,,,,,,,,,
2026-05-14,823789,,/api/v1.1/game/823789/feed/live,R,2026,2026-05-14,,day,P,N,N,Regular Season,3,3,1,Final,Final,32,American Family Field,158,Milwaukee Brewers,MIL,7,True,135,San Diego Padres,SD,1,False,687075,Brandon Sproat,Brandon,Sproat,23,2000-09-17,25,"6' 3""",205,1,Pitcher,R,Right,R,Right,,,,,,,,,,,,,,,,,,,,,,,,,,
2026-05-14,823789,,/api/v1.1/game/823789/feed/live,R,2026,2026-05-14,,day,P,N,N,Regular Season,3,3,1,Final,Final,32,American Family Field,158,Milwaukee Brewers,MIL,7,True,135,San Diego Padres,SD,1,False,663368,Blake Perkins,Blake,Perkins,16,1996-09-10,29,"6' 0""",185,7,Outfielder,S,Switch,R,Right,,,,,,,,,,,,,,,,,,,,,,,,,,
2026-05-14,823789,,/api/v1.1/game/823789/feed/live,R,2026,2026-05-14,,day,P,N,N,Regular Season,3,3,1,Final,Final,32,American Family Field,158,Milwaukee Brewers,MIL,7,True,135,San Diego Padres,SD,1,False,663765,Jake Woodford,Jacob,Woodford,41,1996-10-28,29,"6' 4""",215,1,Pitcher,R,Right,R,Right,,,,,,,,,,,,,,,,,,,,,,,,,,
2026-05-14,823789,,/api/v1.1/game/823789/feed/live,R,2026,2026-05-14,,day,P,N,N,Regular Season,3,3,1,Final,Final,32,American Family Field,158,Milwaukee Brewers,MIL,7,True,135,San Diego Padres,SD,1,False,661388,William Contreras,William,Contreras,24,1997-12-24,28,"5' 10""",217,2,Catcher,R,Right,R,Right,"0-3 | 2 BB, K, R",,3,0,0,0,0,0,1,1,2,0,0,0,5,0,,,,,,,,,,
2026-05-14,823789,,/api/v1.1/game/823789/feed/live,R,2026,2026-05-14,,day,P,N,N,Regular Season,3,3,1,Final,Final,32,American Family Field,158,Milwaukee Brewers,MIL,7,True,135,San Diego Padres,SD,1,False,668930,Brice Turang,Brice,Turang,2,1999-11-21,26,"6' 0""",190,4,Second Base,L,Left,R,Right,"1-2 | 2B, 2 BB, K",,2,1,1,0,0,1,2,1,2,0,0,0,4,2,,,,,,,,,,
2026-05-14,823789,,/api/v1.1/game/823789/feed/live,R,2026,2026-05-14,,day,P,N,N,Regular Season,3,3,1,Final,Final,32,American Family Field,158,Milwaukee Brewers,MIL,7,True,135,San Diego Padres,SD,1,False,596142,Gary Sánchez,Gary,Sánchez,99,1992-12-02,33,"6' 2""",251,10,Designated Hitter,R,Right,R,Right,"1-4 | 2B, BB, RBI",,4,1,1,0,0,1,2,0,1,0,0,0,5,2,,,,,,,,,,
2026-05-14,823789,,/api/v1.1/game/823789/feed/live,R,2026,2026-05-14,,day,P,N,N,Regular Season,3,3,1,Final,Final,32,American Family Field,158,Milwaukee Brewers,MIL,7,True,135,San Diego Padres,SD,1,False,694819,Jacob Misiorowski,Jacob,Misiorowski,32,2002-04-03,24,"6' 7""",201,1,Pitcher,R,Right,R,Right,,,,,,,,,,,,,,,,,,,,,,,,,,
2026-05-14,823789,,/api/v1.1/game/823789/feed/live,R,2026,2026-05-14,,day,P,N,N,Regular Season,3,3,1,Final,Final,32,American Family Field,158,Milwaukee Brewers,MIL,7,True,135,San Diego Padres,SD,1,False,669084,DL Hall,Dayton,Hall,37,1998-09-19,27,"6' 1""",209,1,Pitcher,L,Left,L,Left,"1.0 IP, 0 ER, K, BB",,,,,,,,,,,,,,,,1.0,0,0,0,1,1,18,0,0,0
2026-05-14,823789,,/api/v1.1/game/823789/feed/live,R,2026,2026-05-14,,day,P,N,N,Regular Season,3,3,1,Final,Final,32,American Family Field,158,Milwaukee Brewers,MIL,7,True,135,San Diego Padres,SD,1,False,656730,Trevor Megill,Trevor,Megill,29,1993-12-05,32,"6' 8""",253,1,Pitcher,L,Left,R,Right,,,,,,,,,,,,,,,,,,,,,,,,,,
2026-05-14,823789,,/api/v1.1/game/823789/feed/live,R,2026,2026-05-14,,day,P,N,N,Regular Season,3,3,1,Final,Final,32,American Family Field,158,Milwaukee Brewers,MIL,7,True,135,San Diego Padres,SD,1,False,673513,Yuki Matsui,Yuki,Matsui,1,1995-10-30,30,"5' 8""",165,1,Pitcher,L,Left,L,Left,"2.0 IP, 0 ER, 3 K, BB",,,,,,,,,,,,,,,,2.0,0,0,0,3,1,26,0,0,0
2026-05-14,823789,,/api/v1.1/game/823789/feed/live,R,2026,2026-05-14,,day,P,N,N,Regular Season,3,3,1,Final,Final,32,American Family Field,158,Milwaukee Brewers,MIL,7,True,135,San Diego Padres,SD,1,False,666023,Freddy Fermin,Freddy,Fermin,54,1995-05-16,30,"5' 10""",200,2,Catcher,R,Right,R,Right,1-4,,4,1,0,0,0,0,0,0,0,0,0,0,4,1,,,,,,,,,,
2026-05-14,823789,,/api/v1.1/game/823789/feed/live,R,2026,2026-05-14,,day,P,N,N,Regular Season,3,3,1,Final,Final,32,American Family Field,158,Milwaukee Brewers,MIL,7,True,135,San Diego Padres,SD,1,False,650633,Michael King,Michael,King,34,1995-05-25,30,"6' 3""",210,1,Pitcher,R,Right,R,Right,,,,,,,,,,,,,,,,,,,,,,,,,,
2026-05-14,823789,,/api/v1.1/game/823789/feed/live,R,2026,2026-05-14,,day,P,N,N,Regular Season,3,3,1,Final,Final,32,American Family Field,158,Milwaukee Brewers,MIL,7,True,135,San Diego Padres,SD,1,False,695243,Mason Miller,Mason,Miller,22,1998-08-24,27,"6' 5""",200,1,Pitcher,R,Right,R,Right,,,,,,,,,,,,,,,,,,,,,,,,,,
2026-05-14,823789,,/api/v1.1/game/823789/feed/live,R,2026,2026-05-14,,day,P,N,N,Regular Season,3,3,1,Final,Final,32,American Family Field,158,Milwaukee Brewers,MIL,7,True,135,San Diego Padres,SD,1,False,593974,Wandy Peralta,Wandy,Peralta,58,1991-07-27,34,"6' 0""",227,1,Pitcher,L,Left,L,Left,,,,,,,,,,,,,,,,,,,,,,,,,,
2026-05-14,823789,,/api/v1.1/game/823789/feed/live,R,2026,2026-05-14,,day,P,N,N,Regular Season,3,3,1,Final,Final,32,American Family Field,158,Milwaukee Brewers,MIL,7,True,135,San Diego Padres,SD,1,False,592206,Nick Castellanos,Nicholas,Castellanos,21,1992-03-04,34,"6' 3""",203,9,Outfielder,R,Right,R,Right,"2-4 | 2B, K, R",,4,2,1,0,0,0,1,1,0,0,0,0,4,3,,,,,,,,,,
2026-05-14,823789,,/api/v1.1/game/823789/feed/live,R,2026,2026-05-14,,day,P,N,N,Regular Season,3,3,1,Final,Final,32,American Family Field,158,Milwaukee Brewers,MIL,7,True,135,San Diego Padres,SD,1,False,621111,Walker Buehler,Walker,Buehler,10,1994-07-28,31,"6' 2""",185,1,Pitcher,R,Right,R,Right,,,,,,,,,,,,,,,,,,,,,,,,,,
2026-05-14,823789,,/api/v1.1/game/823789/feed/live,R,2026,2026-05-14,,day,P,N,N,Regular Season,3,3,1,Final,Final,32,American Family Field,158,Milwaukee Brewers,MIL,7,True,135,San Diego Padres,SD,1,False,701538,Jackson Merrill,Jackson,Merrill,3,2003-04-19,23,"6' 2""",195,8,Outfielder,L,Left,R,Right,,,,,,,,,,,,,,,,,,,,,,,,,,
2026-05-14,823789,,/api/v1.1/game/823789/feed/live,R,2026,2026-05-14,,day,P,N,N,Regular Season,3,3,1,Final,Final,32,American Family Field,158,Milwaukee Brewers,MIL,7,True,135,San Diego Padres,SD,1,False,592094,Jason Adam,Jason,Adam,40,1991-08-04,34,"6' 3""",229,1,Pitcher,R,Right,R,Right,,,,,,,,,,,,,,,,,,,,,,,,,,
2026-05-14,823789,,/api/v1.1/game/823789/feed/live,R,2026,2026-05-14,,day,P,N,N,Regular Season,3,3,1,Final,Final,32,American Family Field,158,Milwaukee Brewers,MIL,7,True,135,San Diego Padres,SD,1,False,656288,Griffin Canning,Griffin,Canning,17,1996-05-11,30,"6' 2""",180,1,Pitcher,R,Right,R,Right,"1.2 IP, 6 ER, 2 K, 4 BB",,,,,,,,,,,,,,,,1.2,6,5,0,2,4,64,0,1,0
2026-05-14,823789,,/api/v1.1/game/823789/feed/live,R,2026,2026-05-14,,day,P,N,N,Regular Season,3,3,1,Final,Final,32,American Family Field,158,Milwaukee Brewers,MIL,7,True,135,San Diego Padres,SD,1,False,660710,Rodolfo Durán,Rodolfo,Durán,48,1998-02-19,28,"5' 8""",181,2,Catcher,R,Right,R,Right,,,,,,,,,,,,,,,,,,,,,,,,,,
2026-05-14,823789,,/api/v1.1/game/823789/feed/live,R,2026,2026-05-14,,day,P,N,N,Regular Season,3,3,1,Final,Final,32,American Family Field,158,Milwaukee Brewers,MIL,7,True,135,San Diego Padres,SD,1,False,699134,Bradgley Rodriguez,Bradgley,Rodriguez,72,2003-11-16,22,"6' 1""",160,1,Pitcher,R,Right,R,Right,,,,,,,,,,,,,,,,,,,,,,,,,,
2026-05-14,823789,,/api/v1.1/game/823789/feed/live,R,2026,2026-05-14,,day,P,N,N,Regular Season,3,3,1,Final,Final,32,American Family Field,158,Milwaukee Brewers,MIL,7,True,135,San Diego Padres,SD,1,False,823550,Sung-Mun Song,Sung-Mun,Song,24,1996-08-29,29,"6' 0""",194,4,Second Base,L,Left,R,Right,"0-1 | BB, RBI",,1,0,0,0,0,1,0,0,1,0,0,0,2,0,,,,,,,,,,
2026-05-14,823789,,/api/v1.1/game/823789/feed/live,R,2026,2026-05-14,,day,P,N,N,Regular Season,3,3,1,Final,Final,32,American Family Field,158,Milwaukee Brewers,MIL,7,True,135,San Diego Padres,SD,1,False,669093,Jeremiah Estrada,Jeremiah,Estrada,56,1998-11-01,27,"6' 1""",185,1,Pitcher,S,Switch,R,Right,,,,,,,,,,,,,,,,,,,,,,,,,,
2026-05-14,823789,,/api/v1.1/game/823789/feed/live,R,2026,2026-05-14,,day,P,N,N,Regular Season,3,3,1,Final,Final,32,American Family Field,158,Milwaukee Brewers,MIL,7,True,135,San Diego Padres,SD,1,False,657757,Gavin Sheets,Gavin,Sheets,30,1996-04-23,30,"6' 3""",235,3,First Base,L,Left,L,Left,1-3 | BB,,3,1,0,0,0,0,0,0,1,0,0,0,4,1,,,,,,,,,,
2026-05-14,823789,,/api/v1.1/game/823789/feed/live,R,2026,2026-05-14,,day,P,N,N,Regular Season,3,3,1,Final,Final,32,American Family Field,158,Milwaukee Brewers,MIL,7,True,135,San Diego Padres,SD,1,False,657656,Ramón Laureano,Ramón,Laureano,5,1994-07-15,31,"5' 9""",203,7,Outfielder,R,Right,R,Right,1-4 | 2 K,,4,1,0,0,0,0,0,2,0,0,0,0,4,1,,,,,,,,,,
2026-05-14,823789,,/api/v1.1/game/823789/feed/live,R,2026,2026-05-14,,day,P,N,N,Regular Season,3,3,1,Final,Final,32,American Family Field,158,Milwaukee Brewers,MIL,7,True,135,San Diego Padres,SD,1,False,670970,Adrian Morejon,Adrian,Morejon,50,1999-02-27,27,"5' 11""",224,1,Pitcher,L,Left,L,Left,,,,,,,,,,,,,,,,,,,,,,,,,,
2026-05-14,823789,,/api/v1.1/game/823789/feed/live,R,2026,2026-05-14,,day,P,N,N,Regular Season,3,3,1,Final,Final,32,American Family Field,158,Milwaukee Brewers,MIL,7,True,135,San Diego Padres,SD,1,False,592518,Manny Machado,Manuel,Machado,13,1992-07-06,33,"6' 2""",218,5,Third Base,R,Right,R,Right,1-3,,3,1,0,0,0,0,0,0,0,0,0,0,3,1,,,,,,,,,,
2026-05-14,823789,,/api/v1.1/game/823789/feed/live,R,2026,2026-05-14,,day,P,N,N,Regular Season,3,3,1,Final,Final,32,American Family Field,158,Milwaukee Brewers,MIL,7,True,135,San Diego Padres,SD,1,False,663362,Matt Waldron,Matthew,Waldron,61,1996-09-26,29,"6' 2""",185,1,Pitcher,R,Right,R,Right,"2.0 IP, 0 ER, 4 K, 0 BB",,,,,,,,,,,,,,,,2.0,0,1,0,4,0,27,0,0,0
2026-05-14,823789,,/api/v1.1/game/823789/feed/live,R,2026,2026-05-14,,day,P,N,N,Regular Season,3,3,1,Final,Final,32,American Family Field,158,Milwaukee Brewers,MIL,7,True,135,San Diego Padres,SD,1,False,609280,Miguel Andujar,Miguel,Andujar,41,1995-03-02,31,"6' 0""",211,10,Designated Hitter,R,Right,R,Right,"1-4 | 2B, K",,4,1,1,0,0,0,0,1,0,0,0,0,4,2,,,,,,,,,,
2026-05-14,823789,,/api/v1.1/game/823789/feed/live,R,2026,2026-05-14,,day,P,N,N,Regular Season,3,3,1,Final,Final,32,American Family Field,158,Milwaukee Brewers,MIL,7,True,135,San Diego Padres,SD,1,False,665487,Fernando Tatis Jr.,Fernando,Tatis,23,1999-01-02,27,"6' 3""",217,9,Outfielder,R,Right,R,Right,0-5 | 3 K,,5,0,0,0,0,0,0,3,0,0,0,0,5,0,,,,,,,,,,
2026-05-14,823789,,/api/v1.1/game/823789/feed/live,R,2026,2026-05-14,,day,P,N,N,Regular Season,3,3,1,Final,Final,32,American Family Field,158,Milwaukee Brewers,MIL,7,True,135,San Diego Padres,SD,1,False,664034,Ty France,Tyler,France,25,1994-07-13,31,"5' 10""",215,3,First Base,R,Right,R,Right,0-1 | K,,1,0,0,0,0,0,0,1,0,0,0,0,1,0,,,,,,,,,,
2026-05-14,823789,,/api/v1.1/game/823789/feed/live,R,2026,2026-05-14,,day,P,N,N,Regular Season,3,3,1,Final,Final,32,American Family Field,158,Milwaukee Brewers,MIL,7,True,135,San Diego Padres,SD,1,False,669369,Bryce Johnson,Bryce,Johnson,29,1995-10-27,30,"5' 11""",190,9,Outfielder,S,Switch,R,Right,"0-3 | BB, 2 K",,3,0,0,0,0,0,0,2,1,0,0,0,4,0,,,,,,,,,,
2026-05-14,823789,,/api/v1.1/game/823789/feed/live,R,2026,2026-05-14,,day,P,N,N,Regular Season,3,3,1,Final,Final,32,American Family Field,158,Milwaukee Brewers,MIL,7,True,135,San Diego Padres,SD,1,False,593428,Xander Bogaerts,Xander,Bogaerts,2,1992-10-01,33,"6' 2""",218,6,Shortstop,R,Right,R,Right,0-3,,3,0,0,0,0,0,0,0,0,0,0,0,3,0,,,,,,,,,,
2026-05-14,823789,,/api/v1.1/game/823789/feed/live,R,2026,2026-05-14,,day,P,N,N,Regular Season,3,3,1,Final,Final,32,American Family Field,158,Milwaukee Brewers,MIL,7,True,135,San Diego Padres,SD,1,False,676760,Ron Marinaccio,Ronald,Marinaccio,97,1995-07-01,30,"6' 2""",205,1,Pitcher,R,Right,R,Right,"2.1 IP, ER, 2 K, 2 BB",,,,,,,,,,,,,,,,2.1,1,4,0,2,2,52,0,0,0
2026-05-14,823789,,/api/v1.1/game/823789/feed/live,R,2026,2026-05-14,,day,P,N,N,Regular Season,3,3,1,Final,Final,32,American Family Field,158,Milwaukee Brewers,MIL,7,True,135,San Diego Padres,SD,1,False,681190,Randy Vásquez,Randy,Vásquez,98,1998-11-03,27,"6' 0""",165,1,Pitcher,R,Right,R,Right,,,,,,,,,,,,,,,,,,,,,,,,,,
2026-05-14,824196,,/api/v1.1/game/824196/feed/live,R,2026,2026-05-14,,day,P,N,N,Regular Season,4,4,1,Final,Final,2392,Daikin Park,117,Houston Astros,HOU,3,False,136,Seattle Mariners,SEA,8,True,694376,Shay Whitcomb,Shay,Whitcomb,14,1998-09-28,27,"6' 0""",202,5,Third Base,R,Right,R,Right,,,,,,,,,,,,,,,,,,,,,,,,,,
2026-05-14,824196,,/api/v1.1/game/824196/feed/live,R,2026,2026-05-14,,day,P,N,N,Regular Season,4,4,1,Final,Final,2392,Daikin Park,117,Houston Astros,HOU,3,False,136,Seattle Mariners,SEA,8,True,670623,Isaac Paredes,Isaac,Paredes,15,1999-02-18,27,"5' 11""",213,5,Third Base,R,Right,R,Right,"0-3 | BB, 3 K",,3,0,0,0,0,0,0,3,1,0,0,0,4,0,,,,,,,,,,
2026-05-14,824196,,/api/v1.1/game/824196/feed/live,R,2026,2026-05-14,,day,P,N,N,Regular Season,4,4,1,Final,Final,2392,Daikin Park,117,Houston Astros,HOU,3,False,136,Seattle Mariners,SEA,8,True,650556,Bryan Abreu,Bryan,Abreu,52,1997-04-22,29,"6' 1""",230,1,Pitcher,R,Right,R,Right,,,,,,,,,,,,,,,,,,,,,,,,,,
2026-05-14,824196,,/api/v1.1/game/824196/feed/live,R,2026,2026-05-14,,day,P,N,N,Regular Season,4,4,1,Final,Final,2392,Daikin Park,117,Houston Astros,HOU,3,False,136,Seattle Mariners,SEA,8,True,669397,Nick Allen,Nicholas,Allen,20,1998-10-08,27,"5' 7""",166,6,Shortstop,R,Right,R,Right,,,,,,,,,,,,,,,,,,,,,,,,,,
2026-05-14,824196,,/api/v1.1/game/824196/feed/live,R,2026,2026-05-14,,day,P,N,N,Regular Season,4,4,1,Final,Final,2392,Daikin Park,117,Houston Astros,HOU,3,False,136,Seattle Mariners,SEA,8,True,678906,Kai-Wei Teng,Kai-Wei,Teng,17,1998-12-01,27,"6' 4""",241,1,Pitcher,R,Right,R,Right,,,,,,,,,,,,,,,,,,,,,,,,,,
2026-05-14,824196,,/api/v1.1/game/824196/feed/live,R,2026,2026-05-14,,day,P,N,N,Regular Season,4,4,1,Final,Final,2392,Daikin Park,117,Houston Astros,HOU,3,False,136,Seattle Mariners,SEA,8,True,701358,Cam Smith,Cameron,Smith,11,2003-02-22,23,"6' 3""",224,9,Outfielder,R,Right,R,Right,0-4,,4,0,0,0,0,0,0,0,0,0,0,0,4,0,,,,,,,,,,
2026-05-14,824196,,/api/v1.1/game/824196/feed/live,R,2026,2026-05-14,,day,P,N,N,Regular Season,4,4,1,Final,Final,2392,Daikin Park,117,Houston Astros,HOU,3,False,136,Seattle Mariners,SEA,8,True,669699,Braden Shewmake,Braden,Shewmake,28,1997-11-19,28,"6' 3""",200,6,Shortstop,L,Left,R,Right,"2-4 | 2B, 2 RBI",,4,2,1,0,0,2,0,0,0,0,0,0,4,3,,,,,,,,,,
2026-05-14,824196,,/api/v1.1/game/824196/feed/live,R,2026,2026-05-14,,day,P,N,N,Regular Season,4,4,1,Final,Final,2392,Daikin Park,117,Houston Astros,HOU,3,False,136,Seattle Mariners,SEA,8,True,805904,Zach Cole,Zachary,Cole,16,2000-08-04,25,"6' 2""",190,7,Outfielder,L,Left,R,Right,0-5 | 3 K,,5,0,0,0,0,0,0,3,0,0,0,0,5,0,,,,,,,,,,
2026-05-14,824196,,/api/v1.1/game/824196/feed/live,R,2026,2026-05-14,,day,P,N,N,Regular Season,4,4,1,Final,Final,2392,Daikin Park,117,Houston Astros,HOU,3,False,136,Seattle Mariners,SEA,8,True,660853,Enyel De Los Santos,Enyel,De Los Santos,65,1995-12-25,30,"6' 3""",235,1,Pitcher,R,Right,R,Right,,,,,,,,,,,,,,,,,,,,,,,,,,
2026-05-14,824196,,/api/v1.1/game/824196/feed/live,R,2026,2026-05-14,,day,P,N,N,Regular Season,4,4,1,Final,Final,2392,Daikin Park,117,Houston Astros,HOU,3,False,136,Seattle Mariners,SEA,8,True,595345,Steven Okert,Steven,Okert,48,1991-07-09,34,"6' 2""",202,1,Pitcher,L,Left,L,Left,,,,,,,,,,,,,,,,,,,,,,,,,,
2026-05-14,824196,,/api/v1.1/game/824196/feed/live,R,2026,2026-05-14,,day,P,N,N,Regular Season,4,4,1,Final,Final,2392,Daikin Park,117,Houston Astros,HOU,3,False,136,Seattle Mariners,SEA,8,True,663967,César Salazar,César,Salazar,18,1996-03-15,30,"5' 8""",198,2,Catcher,L,Left,R,Right,0-2 | 2 BB,,2,0,0,0,0,0,0,0,2,0,0,0,4,0,,,,,,,,,,
2026-05-14,824196,,/api/v1.1/game/824196/feed/live,R,2026,2026-05-14,,day,P,N,N,Regular Season,4,4,1,Final,Final,2392,Daikin Park,117,Houston Astros,HOU,3,False,136,Seattle Mariners,SEA,8,True,694728,Brice Matthews,Brice,Matthews,0,2002-03-16,24,"5' 10""",190,8,Outfielder,R,Right,R,Right,0-4 | K,,4,0,0,0,0,0,0,1,0,0,0,0,4,0,,,,,,,,,,
2026-05-14,824196,,/api/v1.1/game/824196/feed/live,R,2026,2026-05-14,,day,P,N,N,Regular Season,4,4,1,Final,Final,2392,Daikin Park,117,Houston Astros,HOU,3,False,136,Seattle Mariners,SEA,8,True,805123,AJ Blubaugh,Alan,Blubaugh,69,2000-07-04,25,"6' 2""",190,1,Pitcher,R,Right,R,Right,,,,,,,,,,,,,,,,,,,,,,,,,,
2026-05-14,824196,,/api/v1.1/game/824196/feed/live,R,2026,2026-05-14,,day,P,N,N,Regular Season,4,4,1,Final,Final,2392,Daikin Park,117,Houston Astros,HOU,3,False,136,Seattle Mariners,SEA,8,True,514888,Jose Altuve,Jose,Altuve,27,1990-05-06,36,"5' 6""",167,4,Second Base,R,Right,R,Right,0-4 | K,,4,0,0,0,0,0,0,1,0,0,0,0,4,0,,,,,,,,,,
2026-05-14,824196,,/api/v1.1/game/824196/feed/live,R,2026,2026-05-14,,day,P,N,N,Regular Season,4,4,1,Final,Final,2392,Daikin Park,117,Houston Astros,HOU,3,False,136,Seattle Mariners,SEA,8,True,675989,Cody Bolton,Carl,Bolton,67,1998-06-19,27,"6' 2""",210,1,Pitcher,R,Right,R,Right,"3.1 IP, ER, 2 K, 2 BB",,,,,,,,,,,,,,,,3.1,1,3,0,2,2,56,0,0,0
2026-05-14,824196,,/api/v1.1/game/824196/feed/live,R,2026,2026-05-14,,day,P,N,N,Regular Season,4,4,1,Final,Final,2392,Daikin Park,117,Houston Astros,HOU,3,False,136,Seattle Mariners,SEA,8,True,837227,Tatsuya Imai,Tatsuya,Imai,45,1998-05-09,28,"5' 11""",176,1,Pitcher,R,Right,R,Right,,,,,,,,,,,,,,,,,,,,,,,,,,
2026-05-14,824196,,/api/v1.1/game/824196/feed/live,R,2026,2026-05-14,,day,P,N,N,Regular Season,4,4,1,Final,Final,2392,Daikin Park,117,Houston Astros,HOU,3,False,136,Seattle Mariners,SEA,8,True,701305,Zach Dezenzo,Zachary,Dezenzo,9,2000-05-11,26,"6' 5""",220,7,Outfielder,R,Right,R,Right,,,,,,,,,,,,,,,,,,,,,,,,,,
2026-05-14,824196,,/api/v1.1/game/824196/feed/live,R,2026,2026-05-14,,day,P,N,N,Regular Season,4,4,1,Final,Final,2392,Daikin Park,117,Houston Astros,HOU,3,False,136,Seattle Mariners,SEA,8,True,663567,Peter Lambert,Peter,Lambert,38,1997-04-18,29,"6' 2""",208,1,Pitcher,R,Right,R,Right,,,,,,,,,,,,,,,,,,,,,,,,,,
2026-05-14,824196,,/api/v1.1/game/824196/feed/live,R,2026,2026-05-14,,day,P,N,N,Regular Season,4,4,1,Final,Final,2392,Daikin Park,117,Houston Astros,HOU,3,False,136,Seattle Mariners,SEA,8,True,621121,Lance McCullers Jr.,Lance,McCullers,43,1993-10-02,32,"6' 1""",200,1,Pitcher,L,Left,R,Right,,,,,,,,,,,,,,,,,,,,,,,,,,
2026-05-14,824196,,/api/v1.1/game/824196/feed/live,R,2026,2026-05-14,,day,P,N,N,Regular Season,4,4,1,Final,Final,2392,Daikin Park,117,Houston Astros,HOU,3,False,136,Seattle Mariners,SEA,8,True,681347,Mike Burrows,Michael,Burrows,50,1999-11-08,26,"6' 1""",200,1,Pitcher,R,Right,R,Right,"5.2 IP, 7 ER, 4 K, 3 BB",,,,,,,,,,,,,,,,5.2,7,8,2,4,3,102,0,1,0
2026-05-14,824196,,/api/v1.1/game/824196/feed/live,R,2026,2026-05-14,,day,P,N,N,Regular Season,4,4,1,Final,Final,2392,Daikin Park,117,Houston Astros,HOU,3,False,136,Seattle Mariners,SEA,8,True,687911,Bryan King,Bryan,King,74,1996-11-05,29,"6' 1""",205,1,Pitcher,R,Right,L,Left,,,,,,,,,,,,,,,,,,,,,,,,,,
2026-05-14,824196,,/api/v1.1/game/824196/feed/live,R,2026,2026-05-14,,day,P,N,N,Regular Season,4,4,1,Final,Final,2392,Daikin Park,117,Houston Astros,HOU,3,False,136,Seattle Mariners,SEA,8,True,572233,Christian Walker,Christian,Walker,8,1991-03-28,35,"5' 11""",208,3,First Base,R,Right,R,Right,"0-3 | BB, R",,3,0,0,0,0,0,1,0,1,0,0,0,4,0,,,,,,,,,,
2026-05-14,824196,,/api/v1.1/game/824196/feed/live,R,2026,2026-05-14,,day,P,N,N,Regular Season,4,4,1,Final,Final,2392,Daikin Park,117,Houston Astros,HOU,3,False,136,Seattle Mariners,SEA,8,True,681151,Jayden Murray,Jayden,Murray,70,1997-04-11,29,"6' 1""",190,1,Pitcher,R,Right,R,Right,,,,,,,,,,,,,,,,,,,,,,,,,,
2026-05-14,824196,,/api/v1.1/game/824196/feed/live,R,2026,2026-05-14,,day,P,N,N,Regular Season,4,4,1,Final,Final,2392,Daikin Park,117,Houston Astros,HOU,3,False,136,Seattle Mariners,SEA,8,True,681293,Spencer Arrighetti,Spencer,Arrighetti,41,2000-01-02,26,"6' 2""",186,1,Pitcher,R,Right,R,Right,,,,,,,,,,,,,,,,,,,,,,,,,,
2026-05-14,824196,,/api/v1.1/game/824196/feed/live,R,2026,2026-05-14,,day,P,N,N,Regular Season,4,4,1,Final,Final,2392,Daikin Park,117,Houston Astros,HOU,3,False,136,Seattle Mariners,SEA,8,True,543877,Christian Vázquez,Christian,Vázquez,2,1990-08-21,35,"5' 8""",205,2,Catcher,R,Right,R,Right,,,,,,,,,,,,,,,,,,,,,,,,,,
2026-05-14,824196,,/api/v1.1/game/824196/feed/live,R,2026,2026-05-14,,day,P,N,N,Regular Season,4,4,1,Final,Final,2392,Daikin Park,117,Houston Astros,HOU,3,False,136,Seattle Mariners,SEA,8,True,670541,Yordan Alvarez,Yordan,Alvarez,44,1997-06-27,28,"6' 4""",237,10,Designated Hitter,L,Left,R,Right,"3-3 | HR, 2B, BB",,3,3,1,0,1,1,2,0,1,0,0,0,4,7,,,,,,,,,,
2026-05-14,824196,,/api/v1.1/game/824196/feed/live,R,2026,2026-05-14,,day,P,N,N,Regular Season,4,4,1,Final,Final,2392,Daikin Park,117,Houston Astros,HOU,3,False,136,Seattle Mariners,SEA,8,True,647304,Josh Naylor,Joshua-Douglas,Naylor,12,1997-06-22,28,"5' 10""",235,3,First Base,L,Left,L,Left,"1-4 | 2B, BB, 2 K",,4,1,1,0,0,0,0,2,1,0,0,0,5,2,,,,,,,,,,
2026-05-14,824196,,/api/v1.1/game/824196/feed/live,R,2026,2026-05-14,,day,P,N,N,Regular Season,4,4,1,Final,Final,2392,Daikin Park,117,Houston Astros,HOU,3,False,136,Seattle Mariners,SEA,8,True,702284,Cole Young,Cole,Young,2,2003-07-29,22,"5' 10""",180,4,Second Base,L,Left,R,Right,"1-3 | 2B, BB, 2 RBI",,3,1,1,0,0,2,0,0,1,0,0,0,4,2,,,,,,,,,,
2026-05-14,824196,,/api/v1.1/game/824196/feed/live,R,2026,2026-05-14,,day,P,N,N,Regular Season,4,4,1,Final,Final,2392,Daikin Park,117,Houston Astros,HOU,3,False,136,Seattle Mariners,SEA,8,True,678606,José A. Ferrer,José,Ferrer,45,2000-03-03,26,"6' 1""",233,1,Pitcher,L,Left,L,Left,,,,,,,,,,,,,,,,,,,,,,,,,,
2026-05-14,824196,,/api/v1.1/game/824196/feed/live,R,2026,2026-05-14,,day,P,N,N,Regular Season,4,4,1,Final,Final,2392,Daikin Park,117,Houston Astros,HOU,3,False,136,Seattle Mariners,SEA,8,True,689546,Nick Davila,Nicholas,Davila,82,1998-11-21,27,"6' 3""",230,1,Pitcher,R,Right,R,Right,"1.1 IP, 0 ER, 0 K, BB",,,,,,,,,,,,,,,,1.1,0,0,0,0,1,25,0,0,0
2026-05-14,824196,,/api/v1.1/game/824196/feed/live,R,2026,2026-05-14,,day,P,N,N,Regular Season,4,4,1,Final,Final,2392,Daikin Park,117,Houston Astros,HOU,3,False,136,Seattle Mariners,SEA,8,True,695380,Alex Hoppe,Alex,Hoppe,48,1998-12-17,27,"6' 1""",200,1,Pitcher,R,Right,R,Right,,,,,,,,,,,,,,,,,,,,,,,,,,
2026-05-14,824196,,/api/v1.1/game/824196/feed/live,R,2026,2026-05-14,,day,P,N,N,Regular Season,4,4,1,Final,Final,2392,Daikin Park,117,Houston Astros,HOU,3,False,136,Seattle Mariners,SEA,8,True,668227,Randy Arozarena,Randy,Arozarena,56,1995-02-28,31,"5' 10""",185,7,Outfielder,R,Right,R,Right,"0-3 | 2 BB, K, R",,3,0,0,0,0,0,1,1,2,0,0,1,5,0,,,,,,,,,,
2026-05-14,824196,,/api/v1.1/game/824196/feed/live,R,2026,2026-05-14,,day,P,N,N,Regular Season,4,4,1,Final,Final,2392,Daikin Park,117,Houston Astros,HOU,3,False,136,Seattle Mariners,SEA,8,True,641487,J.P. Crawford,John,Crawford,3,1995-01-11,31,"6' 0""",202,6,Shortstop,L,Left,R,Right,"2-5 | 2B, K, RBI",,5,2,1,0,0,1,1,1,0,0,0,0,5,3,,,,,,,,,,
2026-05-14,824196,,/api/v1.1/game/824196/feed/live,R,2026,2026-05-14,,day,P,N,N,Regular Season,4,4,1,Final,Final,2392,Daikin Park,117,Houston Astros,HOU,3,False,136,Seattle Mariners,SEA,8,True,682445,Domingo Gonzalez,Domingo,Gonzalez,46,1999-09-27,26,"6' 0""",185,1,Pitcher,R,Right,R,Right,"2.0 IP, 0 ER, 2 K, BB",,,,,,,,,,,,,,,,2.0,0,1,0,2,1,35,0,0,0
2026-05-14,824196,,/api/v1.1/game/824196/feed/live,R,2026,2026-05-14,,day,P,N,N,Regular Season,4,4,1,Final,Final,2392,Daikin Park,117,Houston Astros,HOU,3,False,136,Seattle Mariners,SEA,8,True,686527,Dominic Canzone,Dominic,Canzone,8,1997-08-16,28,"6' 0""",190,10,Designated Hitter,L,Left,R,Right,1-4 | R,,4,1,0,0,0,0,1,0,0,0,0,0,4,1,,,,,,,,,,
2026-05-14,824196,,/api/v1.1/game/824196/feed/live,R,2026,2026-05-14,,day,P,N,N,Regular Season,4,4,1,Final,Final,2392,Daikin Park,117,Houston Astros,HOU,3,False,136,Seattle Mariners,SEA,8,True,640902,Jhonny Pereda,Jhonny,Pereda,5,1996-04-18,30,"6' 1""",202,2,Catcher,R,Right,R,Right,,,,,,,,,,,,,,,,,,,,,,,,,,
2026-05-14,824196,,/api/v1.1/game/824196/feed/live,R,2026,2026-05-14,,day,P,N,N,Regular Season,4,4,1,Final,Final,2392,Daikin Park,117,Houston Astros,HOU,3,False,136,Seattle Mariners,SEA,8,True,656582,Connor Joe,Connor,Joe,9,1992-08-16,33,"5' 11""",205,9,Outfielder,R,Right,R,Right,,,,,,,,,,,,,,,,,,,,,,,,,,
2026-05-14,824196,,/api/v1.1/game/824196/feed/live,R,2026,2026-05-14,,day,P,N,N,Regular Season,4,4,1,Final,Final,2392,Daikin Park,117,Houston Astros,HOU,3,False,136,Seattle Mariners,SEA,8,True,608701,Rob Refsnyder,Robert,Refsnyder,30,1991-03-26,35,"5' 11""",215,9,Outfielder,R,Right,R,Right,,,,,,,,,,,,,,,,,,,,,,,,,,
2026-05-14,824196,,/api/v1.1/game/824196/feed/live,R,2026,2026-05-14,,day,P,N,N,Regular Season,4,4,1,Final,Final,2392,Daikin Park,117,Houston Astros,HOU,3,False,136,Seattle Mariners,SEA,8,True,669302,Logan Gilbert,Logan,Gilbert,36,1997-05-05,29,"6' 6""",215,1,Pitcher,R,Right,R,Right,,,,,,,,,,,,,,,,,,,,,,,,,,
2026-05-14,824196,,/api/v1.1/game/824196/feed/live,R,2026,2026-05-14,,day,P,N,N,Regular Season,4,4,1,Final,Final,2392,Daikin Park,117,Houston Astros,HOU,3,False,136,Seattle Mariners,SEA,8,True,693433,Bryan Woo,Bryan,Woo,22,2000-01-30,26,"6' 2""",205,1,Pitcher,R,Right,R,Right,,,,,,,,,,,,,,,,,,,,,,,,,,
2026-05-14,824196,,/api/v1.1/game/824196/feed/live,R,2026,2026-05-14,,day,P,N,N,Regular Season,4,4,1,Final,Final,2392,Daikin Park,117,Houston Astros,HOU,3,False,136,Seattle Mariners,SEA,8,True,680977,Brendan Donovan,Brendan,Donovan,33,1997-01-16,29,"5' 11""",210,5,Third Base,L,Left,R,Right,"3-5 | 3B, 2B, R",,5,3,1,1,0,0,1,0,0,0,0,0,5,6,,,,,,,,,,
2026-05-14,824196,,/api/v1.1/game/824196/feed/live,R,2026,2026-05-14,,day,P,N,N,Regular Season,4,4,1,Final,Final,2392,Daikin Park,117,Houston Astros,HOU,3,False,136,Seattle Mariners,SEA,8,True,622491,Luis Castillo,Luis,Castillo,58,1992-12-12,33,"6' 2""",200,1,Pitcher,R,Right,R,Right,"5.2 IP, 3 ER, 6 K, 3 BB",,,,,,,,,,,,,,,,5.2,3,4,1,6,3,108,1,0,0
2026-05-14,824196,,/api/v1.1/game/824196/feed/live,R,2026,2026-05-14,,day,P,N,N,Regular Season,4,4,1,Final,Final,2392,Daikin Park,117,Houston Astros,HOU,3,False,136,Seattle Mariners,SEA,8,True,681867,Cooper Criswell,Cooper,Criswell,88,1996-07-24,29,"6' 6""",200,1,Pitcher,R,Right,R,Right,,,,,,,,,,,,,,,,,,,,,,,,,,
2026-05-14,824196,,/api/v1.1/game/824196/feed/live,R,2026,2026-05-14,,day,P,N,N,Regular Season,4,4,1,Final,Final,2392,Daikin Park,117,Houston Astros,HOU,3,False,136,Seattle Mariners,SEA,8,True,669923,George Kirby,George,Kirby,68,1998-02-04,28,"6' 4""",215,1,Pitcher,R,Right,R,Right,,,,,,,,,,,,,,,,,,,,,,,,,,
2026-05-14,824196,,/api/v1.1/game/824196/feed/live,R,2026,2026-05-14,,day,P,N,N,Regular Season,4,4,1,Final,Final,2392,Daikin Park,117,Houston Astros,HOU,3,False,136,Seattle Mariners,SEA,8,True,662253,Andrés Muñoz,Andrés,Muñoz,75,1999-01-16,27,"6' 2""",222,1,Pitcher,R,Right,R,Right,,,,,,,,,,,,,,,,,,,,,,,,,,
2026-05-14,824196,,/api/v1.1/game/824196/feed/live,R,2026,2026-05-14,,day,P,N,N,Regular Season,4,4,1,Final,Final,2392,Daikin Park,117,Houston Astros,HOU,3,False,136,Seattle Mariners,SEA,8,True,641598,Mitch Garver,Mitchell,Garver,18,1991-01-15,35,"6' 1""",220,2,Catcher,R,Right,R,Right,"1-3 | HR, BB, 2 RBI",,3,1,0,0,1,2,2,0,1,0,0,0,4,4,,,,,,,,,,
2026-05-14,824196,,/api/v1.1/game/824196/feed/live,R,2026,2026-05-14,,day,P,N,N,Regular Season,4,4,1,Final,Final,2392,Daikin Park,117,Houston Astros,HOU,3,False,136,Seattle Mariners,SEA,8,True,677594,Julio Rodríguez,Julio,Rodríguez,44,2000-12-29,25,"6' 4""",228,8,Outfielder,R,Right,R,Right,0-5 | 2 K,,5,0,0,0,0,0,0,2,0,0,0,0,5,0,,,,,,,,,,
2026-05-14,824196,,/api/v1.1/game/824196/feed/live,R,2026,2026-05-14,,day,P,N,N,Regular Season,4,4,1,Final,Final,2392,Daikin Park,117,Houston Astros,HOU,3,False,136,Seattle Mariners,SEA,8,True,660844,Leo Rivas,Leonardo,Rivas,76,1997-10-10,28,"5' 7""",150,5,Third Base,S,Switch,R,Right,,,,,,,,,,,,,,,,,,,,,,,,,,
2026-05-14,824196,,/api/v1.1/game/824196/feed/live,R,2026,2026-05-14,,day,P,N,N,Regular Season,4,4,1,Final,Final,2392,Daikin Park,117,Houston Astros,HOU,3,False,136,Seattle Mariners,SEA,8,True,682243,Bryce Miller,Bryce,Miller,50,1998-08-23,27,"6' 2""",200,1,Pitcher,R,Right,R,Right,,,,,,,,,,,,,,,,,,,,,,,,,,
2026-05-14,824196,,/api/v1.1/game/824196/feed/live,R,2026,2026-05-14,,day,P,N,N,Regular Season,4,4,1,Final,Final,2392,Daikin Park,117,Houston Astros,HOU,3,False,136,Seattle Mariners,SEA,8,True,660825,Eduard Bazardo,Eduard,Bazardo,83,1995-09-01,30,"6' 0""",190,1,Pitcher,R,Right,R,Right,,,,,,,,,,,,,,,,,,,,,,,,,,
2026-05-14,824196,,/api/v1.1/game/824196/feed/live,R,2026,2026-05-14,,day,P,N,N,Regular Season,4,4,1,Final,Final,2392,Daikin Park,117,Houston Astros,HOU,3,False,136,Seattle Mariners,SEA,8,True,670042,Luke Raley,Lucas,Raley,20,1994-09-19,31,"6' 3""",235,9,Outfielder,L,Left,R,Right,"2-5 | HR, 3 RBI, 2 R",,5,2,0,0,1,3,2,0,0,0,0,0,5,5,,,,,,,,,,
2026-05-14,824196,,/api/v1.1/game/824196/feed/live,R,2026,2026-05-14,,day,P,N,N,Regular Season,4,4,1,Final,Final,2392,Daikin Park,117,Houston Astros,HOU,3,False,136,Seattle Mariners,SEA,8,True,676106,Emerson Hancock,Emerson,Hancock,26,1999-05-31,26,"6' 4""",213,1,Pitcher,R,Right,R,Right,,,,,,,,,,,,,,,,,,,,,,,,,,
2026-05-14,825008,,/api/v1.1/game/825008/feed/live,R,2026,2026-05-14,,day,P,N,N,Regular Season,3,3,1,Final,Final,2529,Sutter Health Park,133,Athletics,ATH,4,False,138,St. Louis Cardinals,STL,5,True,671732,Lawrence Butler,Lawrence,Butler,4,2000-07-10,25,"6' 3""",210,9,Outfielder,L,Left,R,Right,0-0,,0,0,0,0,0,0,0,0,0,0,0,0,0,0,,,,,,,,,,
2026-05-14,825008,,/api/v1.1/game/825008/feed/live,R,2026,2026-05-14,,day,P,N,N,Regular Season,3,3,1,Final,Final,2529,Sutter Health Park,133,Athletics,ATH,4,False,138,St. Louis Cardinals,STL,5,True,641680,Jonah Heim,Jonah,Heim,15,1995-06-27,30,"6' 4""",220,2,Catcher,S,Switch,R,Right,,,,,,,,,,,,,,,,,,,,,,,,,,
2026-05-14,825008,,/api/v1.1/game/825008/feed/live,R,2026,2026-05-14,,day,P,N,N,Regular Season,3,3,1,Final,Final,2529,Sutter Health Park,133,Athletics,ATH,4,False,138,St. Louis Cardinals,STL,5,True,622663,Luis Severino,Luis,Severino,40,1994-02-20,32,"6' 2""",218,1,Pitcher,R,Right,R,Right,,,,,,,,,,,,,,,,,,,,,,,,,,
2026-05-14,825008,,/api/v1.1/game/825008/feed/live,R,2026,2026-05-14,,day,P,N,N,Regular Season,3,3,1,Final,Final,2529,Sutter Health Park,133,Athletics,ATH,4,False,138,St. Louis Cardinals,STL,5,True,667670,Brent Rooker,Terry,Rooker,25,1994-11-01,31,"6' 3""",225,10,Designated Hitter,R,Right,R,Right,"1-4 | 2B, BB, K",,4,1,1,0,0,0,0,1,1,0,0,0,5,2,,,,,,,,,,
2026-05-14,825008,,/api/v1.1/game/825008/feed/live,R,2026,2026-05-14,,day,P,N,N,Regular Season,3,3,1,Final,Final,2529,Sutter Health Park,133,Athletics,ATH,4,False,138,St. Louis Cardinals,STL,5,True,669372,J.T. Ginn,John,Ginn,35,1999-05-20,26,"6' 2""",200,1,Pitcher,R,Right,R,Right,,,,,,,,,,,,,,,,,,,,,,,,,,
2026-05-14,825008,,/api/v1.1/game/825008/feed/live,R,2026,2026-05-14,,day,P,N,N,Regular Season,3,3,1,Final,Final,2529,Sutter Health Park,133,Athletics,ATH,4,False,138,St. Louis Cardinals,STL,5,True,680869,Zack Gelof,Zachary,Gelof,20,1999-10-19,26,"6' 2""",205,8,Outfielder,R,Right,R,Right,"2-4 | HR, RBI, R",,4,2,0,0,1,1,1,0,0,0,0,0,4,5,,,,,,,,,,
2026-05-14,825008,,/api/v1.1/game/825008/feed/live,R,2026,2026-05-14,,day,P,N,N,Regular Season,3,3,1,Final,Final,2529,Sutter Health Park,133,Athletics,ATH,4,False,138,St. Louis Cardinals,STL,5,True,683021,Michael Stefanic,Michael,Stefanic,17,1996-02-24,30,"5' 9""",180,4,Second Base,R,Right,R,Right,0-1,,1,0,0,0,0,0,0,0,0,0,0,0,1,0,,,,,,,,,,
2026-05-14,825008,,/api/v1.1/game/825008/feed/live,R,2026,2026-05-14,,day,P,N,N,Regular Season,3,3,1,Final,Final,2529,Sutter Health Park,133,Athletics,ATH,4,False,138,St. Louis Cardinals,STL,5,True,643446,Jeff McNeil,Jeffrey,McNeil,22,1992-04-08,34,"6' 0""",195,4,Second Base,L,Left,R,Right,"0-3 | BB, K, R",,3,0,0,0,0,0,1,1,1,0,0,0,4,0,,,,,,,,,,
2026-05-14,825008,,/api/v1.1/game/825008/feed/live,R,2026,2026-05-14,,day,P,N,N,Regular Season,3,3,1,Final,Final,2529,Sutter Health Park,133,Athletics,ATH,4,False,138,St. Louis Cardinals,STL,5,True,686993,Justin Sterner,Justin,Sterner,60,1996-08-29,29,"6' 1""",215,1,Pitcher,R,Right,R,Right,"1.0 IP, 0 ER, 0 K, 0 BB",,,,,,,,,,,,,,,,1.0,0,1,0,0,0,11,0,0,0
2026-05-14,825008,,/api/v1.1/game/825008/feed/live,R,2026,2026-05-14,,day,P,N,N,Regular Season,3,3,1,Final,Final,2529,Sutter Health Park,133,Athletics,ATH,4,False,138,St. Louis Cardinals,STL,5,True,686930,Mason Barnett,Mason,Barnett,63,2000-11-07,25,"6' 0""",218,1,Pitcher,R,Right,R,Right,,,,,,,,,,,,,,,,,,,,,,,,,,
2026-05-14,825008,,/api/v1.1/game/825008/feed/live,R,2026,2026-05-14,,day,P,N,N,Regular Season,3,3,1,Final,Final,2529,Sutter Health Park,133,Athletics,ATH,4,False,138,St. Louis Cardinals,STL,5,True,605130,Scott Barlow,Scott,Barlow,58,1992-12-18,33,"6' 3""",210,1,Pitcher,R,Right,R,Right,"1.0 IP, 0 ER, 0 K, 0 BB",,,,,,,,,,,,,,,,1.0,0,1,0,0,0,12,0,0,0
2026-05-14,825008,,/api/v1.1/game/825008/feed/live,R,2026,2026-05-14,,day,P,N,N,Regular Season,3,3,1,Final,Final,2529,Sutter Health Park,133,Athletics,ATH,4,False,138,St. Louis Cardinals,STL,5,True,666126,Carlos Cortes,Carlos,Cortes,26,1997-06-30,28,"5' 7""",197,9,Outfielder,L,Left,S,Switch,0-3 | K,,3,0,0,0,0,0,0,1,0,0,0,0,3,0,,,,,,,,,,
2026-05-14,825008,,/api/v1.1/game/825008/feed/live,R,2026,2026-05-14,,day,P,N,N,Regular Season,3,3,1,Final,Final,2529,Sutter Health Park,133,Athletics,ATH,4,False,138,St. Louis Cardinals,STL,5,True,682052,Jacob Lopez,Jacob,Lopez,57,1998-03-11,28,"6' 4""",220,1,Pitcher,L,Left,L,Left,"5.0 IP, 2 ER, 2 K, 3 BB",,,,,,,,,,,,,,,,5.0,2,4,2,2,3,86,0,0,0
2026-05-14,825008,,/api/v1.1/game/825008/feed/live,R,2026,2026-05-14,,day,P,N,N,Regular Season,3,3,1,Final,Final,2529,Sutter Health Park,133,Athletics,ATH,4,False,138,St. Louis Cardinals,STL,5,True,669270,Joel Kuhnel,Joel,Kuhnel,47,1995-02-19,31,"6' 5""",290,1,Pitcher,R,Right,R,Right,"0.1 IP, 0 ER, 0 K, 0 BB",,,,,,,,,,,,,,,,0.1,0,0,0,0,0,8,0,0,0
2026-05-14,825008,,/api/v1.1/game/825008/feed/live,R,2026,2026-05-14,,day,P,N,N,Regular Season,3,3,1,Final,Final,2529,Sutter Health Park,133,Athletics,ATH,4,False,138,St. Louis Cardinals,STL,5,True,691016,Tyler Soderstrom,Tyler,Soderstrom,21,2001-11-24,24,"6' 2""",200,7,Outfielder,L,Left,R,Right,0-5,,5,0,0,0,0,0,0,0,0,0,0,1,5,0,,,,,,,,,,
2026-05-14,825008,,/api/v1.1/game/825008/feed/live,R,2026,2026-05-14,,day,P,N,N,Regular Season,3,3,1,Final,Final,2529,Sutter Health Park,133,Athletics,ATH,4,False,138,St. Louis Cardinals,STL,5,True,687231,Darell Hernaiz,Darell,Hernaiz,2,2001-08-03,24,"5' 11""",190,5,Third Base,R,Right,R,Right,0-2,,2,0,0,0,0,0,0,0,0,0,0,0,2,0,,,,,,,,,,
2026-05-14,825008,,/api/v1.1/game/825008/feed/live,R,2026,2026-05-14,,day,P,N,N,Regular Season,3,3,1,Final,Final,2529,Sutter Health Park,133,Athletics,ATH,4,False,138,St. Louis Cardinals,STL,5,True,650644,Aaron Civale,Aaron,Civale,45,1995-06-12,30,"6' 1""",245,1,Pitcher,R,Right,R,Right,,,,,,,,,,,,,,,,,,,,,,,,,,
2026-05-14,825008,,/api/v1.1/game/825008/feed/live,R,2026,2026-05-14,,day,P,N,N,Regular Season,3,3,1,Final,Final,2529,Sutter Health Park,133,Athletics,ATH,4,False,138,St. Louis Cardinals,STL,5,True,701762,Nick Kurtz,Nicholas,Kurtz,16,2003-03-12,23,"6' 5""",240,3,First Base,L,Left,L,Left,"2-3 | HR, BB, HBP",,3,2,0,0,1,1,1,1,1,0,0,0,5,5,,,,,,,,,,
2026-05-14,825008,,/api/v1.1/game/825008/feed/live,R,2026,2026-05-14,,day,P,N,N,Regular Season,3,3,1,Final,Final,2529,Sutter Health Park,133,Athletics,ATH,4,False,138,St. Louis Cardinals,STL,5,True,663687,Hogan Harris,Hogan,Harris,36,1996-12-26,29,"6' 3""",230,1,Pitcher,R,Right,L,Left,,,,,,,,,,,,,,,,,,,,,,,,,,
2026-05-14,825008,,/api/v1.1/game/825008/feed/live,R,2026,2026-05-14,,day,P,N,N,Regular Season,3,3,1,Final,Final,2529,Sutter Health Park,133,Athletics,ATH,4,False,138,St. Louis Cardinals,STL,5,True,665622,Luis Medina,Luis,Medina,46,1999-05-03,27,"6' 1""",175,1,Pitcher,R,Right,R,Right,,,,,,,,,,,,,,,,,,,,,,,,,,
2026-05-14,825008,,/api/v1.1/game/825008/feed/live,R,2026,2026-05-14,,day,P,N,N,Regular Season,3,3,1,Final,Final,2529,Sutter Health Park,133,Athletics,ATH,4,False,138,St. Louis Cardinals,STL,5,True,703607,Henry Bolte,Henry,Bolte,33,2003-08-04,22,"6' 3""",195,8,Outfielder,R,Right,R,Right,"1-4 | K, SB",,4,1,0,0,0,0,0,1,0,1,0,0,4,1,,,,,,,,,,
2026-05-14,825008,,/api/v1.1/game/825008/feed/live,R,2026,2026-05-14,,day,P,N,N,Regular Season,3,3,1,Final,Final,2529,Sutter Health Park,133,Athletics,ATH,4,False,138,St. Louis Cardinals,STL,5,True,687515,Colby Thomas,Colby,Thomas,32,2001-01-26,25,"5' 10""",190,9,Outfielder,R,Right,R,Right,"1-2 | K, R",,2,1,0,0,0,0,1,1,0,0,0,0,2,1,,,,,,,,,,
2026-05-14,825008,,/api/v1.1/game/825008/feed/live,R,2026,2026-05-14,,day,P,N,N,Regular Season,3,3,1,Final,Final,2529,Sutter Health Park,133,Athletics,ATH,4,False,138,St. Louis Cardinals,STL,5,True,669127,Shea Langeliers,Shea,Langeliers,23,1997-11-18,28,"5' 11""",205,2,Catcher,R,Right,R,Right,"3-5 | 2 K, 2 RBI",,5,3,0,0,0,2,0,2,0,0,0,0,5,3,,,,,,,,,,
2026-05-14,825008,,/api/v1.1/game/825008/feed/live,R,2026,2026-05-14,,day,P,N,N,Regular Season,3,3,1,Final,Final,2529,Sutter Health Park,133,Athletics,ATH,4,False,138,St. Louis Cardinals,STL,5,True,643410,Mark Leiter Jr.,Mark,Leiter,38,1991-03-13,35,"6' 0""",210,1,Pitcher,R,Right,R,Right,"1.0 IP, 0 ER, 2 K, 0 BB",,,,,,,,,,,,,,,,1.0,0,0,0,2,0,15,0,0,0
2026-05-14,825008,,/api/v1.1/game/825008/feed/live,R,2026,2026-05-14,,day,P,N,N,Regular Season,3,3,1,Final,Final,2529,Sutter Health Park,133,Athletics,ATH,4,False,138,St. Louis Cardinals,STL,5,True,678022,Jack Perkins,Jackson,Perkins,50,1999-12-26,26,"6' 1""",220,1,Pitcher,R,Right,R,Right,"0.2 IP, 2 ER, 0 K, 0 BB",,,,,,,,,,,,,,,,0.2,2,3,0,0,0,23,0,1,0
2026-05-14,825008,,/api/v1.1/game/825008/feed/live,R,2026,2026-05-14,,day,P,N,N,Regular Season,3,3,1,Final,Final,2529,Sutter Health Park,133,Athletics,ATH,4,False,138,St. Louis Cardinals,STL,5,True,605488,Jeffrey Springs,Jeffrey,Springs,59,1992-09-20,33,"6' 3""",218,1,Pitcher,L,Left,L,Left,,,,,,,,,,,,,,,,,,,,,,,,,,
2026-05-14,825008,,/api/v1.1/game/825008/feed/live,R,2026,2026-05-14,,day,P,N,N,Regular Season,3,3,1,Final,Final,2529,Sutter Health Park,133,Athletics,ATH,4,False,138,St. Louis Cardinals,STL,5,True,700241,Michael McGreevy,Michael,McGreevy,36,2000-07-08,25,"6' 4""",220,1,Pitcher,L,Left,R,Right,"6.0 IP, ER, 3 K, BB",,,,,,,,,,,,,,,,6.0,1,5,1,3,1,74,0,0,0
2026-05-14,825008,,/api/v1.1/game/825008/feed/live,R,2026,2026-05-14,,day,P,N,N,Regular Season,3,3,1,Final,Final,2529,Sutter Health Park,133,Athletics,ATH,4,False,138,St. Louis Cardinals,STL,5,True,669357,Nolan Gorman,Nolan,Gorman,16,2000-05-10,26,"6' 0""",225,5,Third Base,L,Left,R,Right,"1-4 | BB, RBI",,4,1,0,0,0,1,0,0,1,0,0,0,5,1,,,,,,,,,,
2026-05-14,825008,,/api/v1.1/game/825008/feed/live,R,2026,2026-05-14,,day,P,N,N,Regular Season,3,3,1,Final,Final,2529,Sutter Health Park,133,Athletics,ATH,4,False,138,St. Louis Cardinals,STL,5,True,694335,Matt Svanson,Matthew,Svanson,49,1999-01-31,27,"6' 5""",235,1,Pitcher,R,Right,R,Right,"1.0 IP, 0 ER, 2 K, 0 BB",,,,,,,,,,,,,,,,1.0,0,1,0,2,0,13,1,0,0
2026-05-14,825008,,/api/v1.1/game/825008/feed/live,R,2026,2026-05-14,,day,P,N,N,Regular Season,3,3,1,Final,Final,2529,Sutter Health Park,133,Athletics,ATH,4,False,138,St. Louis Cardinals,STL,5,True,691023,Jordan Walker,Jordan,Walker,18,2002-05-22,23,"6' 6""",250,9,Outfielder,R,Right,R,Right,"2-5 | HR, 2B, 2 RBI",,5,2,1,0,1,2,1,0,0,0,0,0,5,6,,,,,,,,,,
2026-05-14,825008,,/api/v1.1/game/825008/feed/live,R,2026,2026-05-14,,day,P,N,N,Regular Season,3,3,1,Final,Final,2529,Sutter Health Park,133,Athletics,ATH,4,False,138,St. Louis Cardinals,STL,5,True,701675,Nathan Church,Nathan,Church,27,2000-07-12,25,"5' 10""",180,7,Outfielder,L,Left,L,Left,0-4,,4,0,0,0,0,0,0,0,0,0,0,1,4,0,,,,,,,,,,
2026-05-14,825008,,/api/v1.1/game/825008/feed/live,R,2026,2026-05-14,,day,P,N,N,Regular Season,3,3,1,Final,Final,2529,Sutter Health Park,133,Athletics,ATH,4,False,138,St. Louis Cardinals,STL,5,True,687363,Victor Scott II,Victor,Scott,11,2001-02-12,25,"5' 10""",190,8,Outfielder,L,Left,L,Left,"1-3 | HR, K, RBI",,3,1,0,0,1,1,1,1,0,0,0,0,4,4,,,,,,,,,,
2026-05-14,825008,,/api/v1.1/game/825008/feed/live,R,2026,2026-05-14,,day,P,N,N,Regular Season,3,3,1,Final,Final,2529,Sutter Health Park,133,Athletics,ATH,4,False,138,St. Louis Cardinals,STL,5,True,681517,Kyle Leahy,Kyle,Leahy,62,1997-06-04,28,"6' 5""",225,1,Pitcher,S,Switch,R,Right,,,,,,,,,,,,,,,,,,,,,,,,,,
2026-05-14,825008,,/api/v1.1/game/825008/feed/live,R,2026,2026-05-14,,day,P,N,N,Regular Season,3,3,1,Final,Final,2529,Sutter Health Park,133,Athletics,ATH,4,False,138,St. Louis Cardinals,STL,5,True,665877,José Fermín,José,Fermín,15,1999-03-29,27,"5' 10""",198,7,Outfielder,R,Right,R,Right,0-3 | K,,3,0,0,0,0,0,0,1,0,0,0,0,3,0,,,,,,,,,,
2026-05-14,825008,,/api/v1.1/game/825008/feed/live,R,2026,2026-05-14,,day,P,N,N,Regular Season,3,3,1,Final,Final,2529,Sutter Health Park,133,Athletics,ATH,4,False,138,St. Louis Cardinals,STL,5,True,700669,Gordon Graceffo,Gordon,Graceffo,44,2000-03-17,26,"6' 4""",220,1,Pitcher,R,Right,R,Right,,,,,,,,,,,,,,,,,,,,,,,,,,
2026-05-14,825008,,/api/v1.1/game/825008/feed/live,R,2026,2026-05-14,,day,P,N,N,Regular Season,3,3,1,Final,Final,2529,Sutter Health Park,133,Athletics,ATH,4,False,138,St. Louis Cardinals,STL,5,True,668941,JoJo Romero,Joseph,Romero,59,1996-09-09,29,"5' 11""",215,1,Pitcher,L,Left,L,Left,"0.2 IP, ER, 0 K, BB",,,,,,,,,,,,,,,,0.2,1,3,0,0,1,17,0,0,0
2026-05-14,825008,,/api/v1.1/game/825008/feed/live,R,2026,2026-05-14,,day,P,N,N,Regular Season,3,3,1,Final,Final,2529,Sutter Health Park,133,Athletics,ATH,4,False,138,St. Louis Cardinals,STL,5,True,802139,JJ Wetherholt,Jonathan,Wetherholt,26,2002-09-10,23,"5' 9""",190,4,Second Base,L,Left,R,Right,"0-3 | BB, HBP, 2 K",,3,0,0,0,0,0,1,2,1,0,0,0,5,0,,,,,,,,,,
2026-05-14,825008,,/api/v1.1/game/825008/feed/live,R,2026,2026-05-14,,day,P,N,N,Regular Season,3,3,1,Final,Final,2529,Sutter Health Park,133,Athletics,ATH,4,False,138,St. Louis Cardinals,STL,5,True,677865,Justin Bruihl,Justin,Bruihl,47,1997-06-26,28,"6' 2""",215,1,Pitcher,L,Left,L,Left,,,,,,,,,,,,,,,,,,,,,,,,,,
2026-05-14,825008,,/api/v1.1/game/825008/feed/live,R,2026,2026-05-14,,day,P,N,N,Regular Season,3,3,1,Final,Final,2529,Sutter Health Park,133,Athletics,ATH,4,False,138,St. Louis Cardinals,STL,5,True,676475,Alec Burleson,Alec,Burleson,41,1998-11-25,27,"6' 0""",225,3,First Base,L,Left,L,Left,0-1,,1,0,0,0,0,0,0,0,0,0,0,0,1,0,,,,,,,,,,
2026-05-14,825008,,/api/v1.1/game/825008/feed/live,R,2026,2026-05-14,,day,P,N,N,Regular Season,3,3,1,Final,Final,2529,Sutter Health Park,133,Athletics,ATH,4,False,138,St. Louis Cardinals,STL,5,True,695336,Thomas Saggese,Thomas,Saggese,25,2002-04-10,24,"5' 10""",185,7,Outfielder,R,Right,R,Right,0-0 | R,,0,0,0,0,0,0,1,0,0,0,0,0,0,0,,,,,,,,,,
2026-05-14,825008,,/api/v1.1/game/825008/feed/live,R,2026,2026-05-14,,day,P,N,N,Regular Season,3,3,1,Final,Final,2529,Sutter Health Park,133,Athletics,ATH,4,False,138,St. Louis Cardinals,STL,5,True,650968,Yohel Pozo,Yohel,Pozo,63,1997-06-14,28,"5' 11""",201,2,Catcher,R,Right,R,Right,3-4,,4,3,0,0,0,0,0,0,0,0,0,0,4,3,,,,,,,,,,
2026-05-14,825008,,/api/v1.1/game/825008/feed/live,R,2026,2026-05-14,,day,P,N,N,Regular Season,3,3,1,Final,Final,2529,Sutter Health Park,133,Athletics,ATH,4,False,138,St. Louis Cardinals,STL,5,True,676617,Riley O'Brien,Riley,O'Brien,61,1995-02-06,31,"6' 4""",180,1,Pitcher,R,Right,R,Right,"1.0 IP, 0 ER, 2 K, 0 BB",,,,,,,,,,,,,,,,1.0,0,0,0,2,0,16,0,0,1
2026-05-14,825008,,/api/v1.1/game/825008/feed/live,R,2026,2026-05-14,,day,P,N,N,Regular Season,3,3,1,Final,Final,2529,Sutter Health Park,133,Athletics,ATH,4,False,138,St. Louis Cardinals,STL,5,True,669467,Andre Pallante,Neil,Pallante,53,1998-09-18,27,"6' 0""",215,1,Pitcher,R,Right,R,Right,,,,,,,,,,,,,,,,,,,,,,,,,,
2026-05-14,825008,,/api/v1.1/game/825008/feed/live,R,2026,2026-05-14,,day,P,N,N,Regular Season,3,3,1,Final,Final,2529,Sutter Health Park,133,Athletics,ATH,4,False,138,St. Louis Cardinals,STL,5,True,666277,George Soriano,George,Soriano,65,1999-03-24,27,"6' 2""",210,1,Pitcher,R,Right,R,Right,,,,,,,,,,,,,,,,,,,,,,,,,,
2026-05-14,825008,,/api/v1.1/game/825008/feed/live,R,2026,2026-05-14,,day,P,N,N,Regular Season,3,3,1,Final,Final,2529,Sutter Health Park,133,Athletics,ATH,4,False,138,St. Louis Cardinals,STL,5,True,694363,Jared Shuster,Jared,Shuster,68,1998-08-03,27,"6' 3""",220,1,Pitcher,L,Left,L,Left,,,,,,,,,,,,,,,,,,,,,,,,,,
2026-05-14,825008,,/api/v1.1/game/825008/feed/live,R,2026,2026-05-14,,day,P,N,N,Regular Season,3,3,1,Final,Final,2529,Sutter Health Park,133,Athletics,ATH,4,False,138,St. Louis Cardinals,STL,5,True,669461,Matthew Liberatore,Matthew,Liberatore,32,1999-11-06,26,"6' 4""",215,1,Pitcher,L,Left,L,Left,,,,,,,,,,,,,,,,,,,,,,,,,,
2026-05-14,825008,,/api/v1.1/game/825008/feed/live,R,2026,2026-05-14,,day,P,N,N,Regular Season,3,3,1,Final,Final,2529,Sutter Health Park,133,Athletics,ATH,4,False,138,St. Louis Cardinals,STL,5,True,686780,Pedro Pagés,Pedro,Pagés,43,1998-09-17,27,"5' 11""",245,2,Catcher,R,Right,R,Right,,,,,,,,,,,,,,,,,,,,,,,,,,
2026-05-14,825008,,/api/v1.1/game/825008/feed/live,R,2026,2026-05-14,,day,P,N,N,Regular Season,3,3,1,Final,Final,2529,Sutter Health Park,133,Athletics,ATH,4,False,138,St. Louis Cardinals,STL,5,True,592773,Ryne Stanek,Ryne,Stanek,55,1991-07-26,34,"6' 4""",226,1,Pitcher,R,Right,R,Right,"0.1 IP, 2 ER, K, BB",,,,,,,,,,,,,,,,0.1,2,1,1,1,1,16,0,0,0
2026-05-14,825008,,/api/v1.1/game/825008/feed/live,R,2026,2026-05-14,,day,P,N,N,Regular Season,3,3,1,Final,Final,2529,Sutter Health Park,133,Athletics,ATH,4,False,138,St. Louis Cardinals,STL,5,True,693409,César Prieto,Cesar,Prieto,31,1999-05-10,27,"5' 9""",195,5,Third Base,L,Left,R,Right,,,,,,,,,,,,,,,,,,,,,,,,,,
2026-05-14,825008,,/api/v1.1/game/825008/feed/live,R,2026,2026-05-14,,day,P,N,N,Regular Season,3,3,1,Final,Final,2529,Sutter Health Park,133,Athletics,ATH,4,False,138,St. Louis Cardinals,STL,5,True,669160,Dustin May,Dustin,May,3,1997-09-06,28,"6' 6""",180,1,Pitcher,R,Right,R,Right,,,,,,,,,,,,,,,,,,,,,,,,,,
2026-05-14,825008,,/api/v1.1/game/825008/feed/live,R,2026,2026-05-14,,day,P,N,N,Regular Season,3,3,1,Final,Final,2529,Sutter Health Park,133,Athletics,ATH,4,False,138,St. Louis Cardinals,STL,5,True,691026,Masyn Winn,Masyn,Winn,0,2002-03-21,24,"5' 9""",185,6,Shortstop,R,Right,R,Right,"1-3 | 2B, BB, HBP",,3,1,1,0,0,0,1,0,1,0,0,0,5,2,,,,,,,,,,
2026-05-14,825008,,/api/v1.1/game/825008/feed/live,R,2026,2026-05-14,,day,P,N,N,Regular Season,3,3,1,Final,Final,2529,Sutter Health Park,133,Athletics,ATH,4,False,138,St. Louis Cardinals,STL,5,True,671056,Iván Herrera,Ivan,Herrera,48,2000-06-01,25,"5' 11""",220,10,Designated Hitter,R,Right,R,Right,1-5 | RBI,,5,1,0,0,0,1,0,0,0,0,0,0,5,1,,,,,,,,,,
2026-05-14,824762,,/api/v1.1/game/824762/feed/live,R,2026,2026-05-14,,night,P,N,N,Regular Season,3,3,1,Final,Final,3,Fenway Park,111,Boston Red Sox,BOS,1,False,143,Philadelphia Phillies,PHI,3,True,575929,Willson Contreras,Willson,Contreras,40,1992-05-13,34,"6' 0""",240,3,First Base,R,Right,R,Right,1-4 | 2B,,4,1,1,0,0,0,0,0,0,0,0,0,4,2,,,,,,,,,,
2026-05-14,824762,,/api/v1.1/game/824762/feed/live,R,2026,2026-05-14,,night,P,N,N,Regular Season,3,3,1,Final,Final,3,Fenway Park,111,Boston Red Sox,BOS,1,False,143,Philadelphia Phillies,PHI,3,True,813349,Connelly Early,Todd,Early,71,2002-04-03,24,"6' 3""",195,1,Pitcher,L,Left,L,Left,,,,,,,,,,,,,,,,,,,,,,,,,,
2026-05-14,824762,,/api/v1.1/game/824762/feed/live,R,2026,2026-05-14,,night,P,N,N,Regular Season,3,3,1,Final,Final,3,Fenway Park,111,Boston Red Sox,BOS,1,False,143,Philadelphia Phillies,PHI,3,True,669711,Greg Weissert,Gregory,Weissert,57,1995-02-04,31,"6' 2""",235,1,Pitcher,R,Right,R,Right,,,,,,,,,,,,,,,,,,,,,,,,,,
2026-05-14,824762,,/api/v1.1/game/824762/feed/live,R,2026,2026-05-14,,night,P,N,N,Regular Season,3,3,1,Final,Final,3,Fenway Park,111,Boston Red Sox,BOS,1,False,143,Philadelphia Phillies,PHI,3,True,657136,Connor Wong,Connor,Wong,12,1996-05-19,29,"5' 10""",190,2,Catcher,R,Right,R,Right,,,,,,,,,,,,,,,,,,,,,,,,,,
2026-05-14,824762,,/api/v1.1/game/824762/feed/live,R,2026,2026-05-14,,night,P,N,N,Regular Season,3,3,1,Final,Final,3,Fenway Park,111,Boston Red Sox,BOS,1,False,143,Philadelphia Phillies,PHI,3,True,596115,Trevor Story,Trevor,Story,10,1992-11-15,33,"6' 1""",209,6,Shortstop,R,Right,R,Right,0-4 | 2 K,,4,0,0,0,0,0,0,2,0,0,0,0,4,0,,,,,,,,,,
2026-05-14,824762,,/api/v1.1/game/824762/feed/live,R,2026,2026-05-14,,night,P,N,N,Regular Season,3,3,1,Final,Final,3,Fenway Park,111,Boston Red Sox,BOS,1,False,143,Philadelphia Phillies,PHI,3,True,677161,Zack Kelly,Zachery,Kelly,76,1995-03-03,31,"6' 3""",231,1,Pitcher,R,Right,R,Right,"0.2 IP, 0 ER, K, 0 BB",,,,,,,,,,,,,,,,0.2,0,2,0,1,0,26,0,0,0
2026-05-14,824762,,/api/v1.1/game/824762/feed/live,R,2026,2026-05-14,,night,P,N,N,Regular Season,3,3,1,Final,Final,3,Fenway Park,111,Boston Red Sox,BOS,1,False,143,Philadelphia Phillies,PHI,3,True,678394,Brayan Bello,Brayan,Bello,66,1999-05-17,26,"6' 1""",195,1,Pitcher,R,Right,R,Right,,,,,,,,,,,,,,,,,,,,,,,,,,
2026-05-14,824762,,/api/v1.1/game/824762/feed/live,R,2026,2026-05-14,,night,P,N,N,Regular Season,3,3,1,Final,Final,3,Fenway Park,111,Boston Red Sox,BOS,1,False,143,Philadelphia Phillies,PHI,3,True,677800,Wilyer Abreu,Wilyer,Abreu,52,1999-06-24,26,"5' 10""",215,9,Outfielder,L,Left,L,Left,2-4 | RBI,,4,2,0,0,0,1,0,0,0,0,0,0,4,2,,,,,,,,,,
2026-05-14,824762,,/api/v1.1/game/824762/feed/live,R,2026,2026-05-14,,night,P,N,N,Regular Season,3,3,1,Final,Final,3,Fenway Park,111,Boston Red Sox,BOS,1,False,143,Philadelphia Phillies,PHI,3,True,676477,Garrett Whitlock,Garrett,Whitlock,22,1996-06-11,29,"6' 5""",222,1,Pitcher,R,Right,R,Right,"1.0 IP, 0 ER, 2 K, 0 BB",,,,,,,,,,,,,,,,1.0,0,0,0,2,0,11,0,0,0
2026-05-14,824762,,/api/v1.1/game/824762/feed/live,R,2026,2026-05-14,,night,P,N,N,Regular Season,3,3,1,Final,Final,3,Fenway Park,111,Boston Red Sox,BOS,1,False,143,Philadelphia Phillies,PHI,3,True,655316,Andruw Monasterio,Andruw,Monasterio,32,1997-05-30,28,"5' 11""",195,6,Shortstop,R,Right,R,Right,"2-4 | 2 2B, K, R",,4,2,2,0,0,0,1,1,0,0,0,0,4,4,,,,,,,,,,
2026-05-14,824762,,/api/v1.1/game/824762/feed/live,R,2026,2026-05-14,,night,P,N,N,Regular Season,3,3,1,Final,Final,3,Fenway Park,111,Boston Red Sox,BOS,1,False,143,Philadelphia Phillies,PHI,3,True,543243,Sonny Gray,Sonny,Gray,54,1989-11-07,36,"5' 10""",190,1,Pitcher,R,Right,R,Right,,,,,,,,,,,,,,,,,,,,,,,,,,
2026-05-14,824762,,/api/v1.1/game/824762/feed/live,R,2026,2026-05-14,,night,P,N,N,Regular Season,3,3,1,Final,Final,3,Fenway Park,111,Boston Red Sox,BOS,1,False,143,Philadelphia Phillies,PHI,3,True,643396,Isiah Kiner-Falefa,Isiah,Kiner-Falefa,2,1995-03-23,31,"5' 10""",195,4,Second Base,R,Right,R,Right,"0-1 | BB, K",,1,0,0,0,0,0,0,1,1,0,0,0,2,0,,,,,,,,,,
2026-05-14,824762,,/api/v1.1/game/824762/feed/live,R,2026,2026-05-14,,night,P,N,N,Regular Season,3,3,1,Final,Final,3,Fenway Park,111,Boston Red Sox,BOS,1,False,143,Philadelphia Phillies,PHI,3,True,686580,Justin Slaten,Justin,Slaten,63,1997-09-15,28,"6' 4""",222,1,Pitcher,R,Right,R,Right,"0.2 IP, 0 ER, K, 0 BB",,,,,,,,,,,,,,,,0.2,0,1,0,1,0,8,0,0,0
2026-05-14,824762,,/api/v1.1/game/824762/feed/live,R,2026,2026-05-14,,night,P,N,N,Regular Season,3,3,1,Final,Final,3,Fenway Park,111,Boston Red Sox,BOS,1,False,143,Philadelphia Phillies,PHI,3,True,681508,Mickey Gasper,Michael,Gasper,30,1995-10-11,30,"5' 9""",205,2,Catcher,S,Switch,R,Right,0-1 | K,,1,0,0,0,0,0,0,1,0,0,0,0,1,0,,,,,,,,,,
2026-05-14,824762,,/api/v1.1/game/824762/feed/live,R,2026,2026-05-14,,night,P,N,N,Regular Season,3,3,1,Final,Final,3,Fenway Park,111,Boston Red Sox,BOS,1,False,143,Philadelphia Phillies,PHI,3,True,702332,Caleb Durbin,Caleb,Durbin,5,2000-02-22,26,"5' 6""",183,5,Third Base,R,Right,R,Right,"1-1 | 2B, HBP",,1,1,1,0,0,0,0,0,0,0,0,0,3,2,,,,,,,,,,
2026-05-14,824762,,/api/v1.1/game/824762/feed/live,R,2026,2026-05-14,,night,P,N,N,Regular Season,3,3,1,Final,Final,3,Fenway Park,111,Boston Red Sox,BOS,1,False,143,Philadelphia Phillies,PHI,3,True,624133,Ranger Suarez,Ranger,Suarez,55,1995-08-26,30,"6' 1""",217,1,Pitcher,L,Left,L,Left,"5.1 IP, 0 ER, 8 K, BB",,,,,,,,,,,,,,,,5.1,0,4,0,8,1,76,0,0,0
2026-05-14,824762,,/api/v1.1/game/824762/feed/live,R,2026,2026-05-14,,night,P,N,N,Regular Season,3,3,1,Final,Final,3,Fenway Park,111,Boston Red Sox,BOS,1,False,143,Philadelphia Phillies,PHI,3,True,665966,Carlos Narváez,Carlos,Narváez,75,1998-11-26,27,"5' 11""",190,2,Catcher,R,Right,R,Right,"1-3 | 2B, K",,3,1,1,0,0,0,0,1,0,0,0,0,3,2,,,,,,,,,,
2026-05-14,824762,,/api/v1.1/game/824762/feed/live,R,2026,2026-05-14,,night,P,N,N,Regular Season,3,3,1,Final,Final,3,Fenway Park,111,Boston Red Sox,BOS,1,False,143,Philadelphia Phillies,PHI,3,True,680776,Jarren Duran,Jarren,Duran,16,1996-09-05,29,"6' 0""",205,7,Outfielder,L,Left,R,Right,0-5 | K,,5,0,0,0,0,0,0,1,0,0,0,0,5,0,,,,,,,,,,
2026-05-14,824762,,/api/v1.1/game/824762/feed/live,R,2026,2026-05-14,,night,P,N,N,Regular Season,3,3,1,Final,Final,3,Fenway Park,111,Boston Red Sox,BOS,1,False,143,Philadelphia Phillies,PHI,3,True,701719,Tyler Samaniego,Robert,Samaniego,78,1999-01-30,27,"6' 4""",205,1,Pitcher,R,Right,L,Left,"0.1 IP, 2 ER, 0 K, 0 BB",,,,,,,,,,,,,,,,0.1,2,2,1,0,0,8,0,1,0
2026-05-14,824762,,/api/v1.1/game/824762/feed/live,R,2026,2026-05-14,,night,P,N,N,Regular Season,3,3,1,Final,Final,3,Fenway Park,111,Boston Red Sox,BOS,1,False,143,Philadelphia Phillies,PHI,3,True,801139,Payton Tolle,Payton,Tolle,70,2002-11-01,23,"6' 6""",250,1,Pitcher,L,Left,L,Left,,,,,,,,,,,,,,,,,,,,,,,,,,
2026-05-14,824762,,/api/v1.1/game/824762/feed/live,R,2026,2026-05-14,,night,P,N,N,Regular Season,3,3,1,Final,Final,3,Fenway Park,111,Boston Red Sox,BOS,1,False,143,Philadelphia Phillies,PHI,3,True,678882,Ceddanne Rafaela,Ceddanne,Rafaela,3,2000-09-18,25,"5' 10""",165,8,Outfielder,R,Right,R,Right,"0-3 | HBP, K",,3,0,0,0,0,0,0,1,0,0,0,0,4,0,,,,,,,,,,
2026-05-14,824762,,/api/v1.1/game/824762/feed/live,R,2026,2026-05-14,,night,P,N,N,Regular Season,3,3,1,Final,Final,3,Fenway Park,111,Boston Red Sox,BOS,1,False,143,Philadelphia Phillies,PHI,3,True,663558,Jovani Morán,Jovani,Moran,47,1997-04-24,29,"6' 1""",167,1,Pitcher,L,Left,L,Left,,,,,,,,,,,,,,,,,,,,,,,,,,
2026-05-14,824762,,/api/v1.1/game/824762/feed/live,R,2026,2026-05-14,,night,P,N,N,Regular Season,3,3,1,Final,Final,3,Fenway Park,111,Boston Red Sox,BOS,1,False,143,Philadelphia Phillies,PHI,3,True,807799,Masataka Yoshida,Masataka,Yoshida,7,1993-07-15,32,"5' 8""",192,10,Designated Hitter,L,Left,R,Right,0-0 | BB,,0,0,0,0,0,0,0,0,1,0,0,0,1,0,,,,,,,,,,
2026-05-14,824762,,/api/v1.1/game/824762/feed/live,R,2026,2026-05-14,,night,P,N,N,Regular Season,3,3,1,Final,Final,3,Fenway Park,111,Boston Red Sox,BOS,1,False,143,Philadelphia Phillies,PHI,3,True,691785,Marcelo Mayer,Marcelo,Mayer,11,2002-12-12,23,"6' 3""",188,4,Second Base,L,Left,R,Right,0-2 | 2 K,,2,0,0,0,0,0,0,2,0,0,0,0,2,0,,,,,,,,,,
2026-05-14,824762,,/api/v1.1/game/824762/feed/live,R,2026,2026-05-14,,night,P,N,N,Regular Season,3,3,1,Final,Final,3,Fenway Park,111,Boston Red Sox,BOS,1,False,143,Philadelphia Phillies,PHI,3,True,547973,Aroldis Chapman,Albertin,Chapman,44,1988-02-28,38,"6' 4""",235,1,Pitcher,L,Left,L,Left,,,,,,,,,,,,,,,,,,,,,,,,,,
2026-05-14,824762,,/api/v1.1/game/824762/feed/live,R,2026,2026-05-14,,night,P,N,N,Regular Season,3,3,1,Final,Final,3,Fenway Park,111,Boston Red Sox,BOS,1,False,143,Philadelphia Phillies,PHI,3,True,670245,Ryan Watson,Ryan,Watson,56,1997-11-15,28,"6' 5""",225,1,Pitcher,R,Right,R,Right,"1.0 IP, 0 ER, 2 K, 0 BB",,,,,,,,,,,,,,,,1.0,0,0,0,2,0,10,0,0,0
2026-05-14,824762,,/api/v1.1/game/824762/feed/live,R,2026,2026-05-14,,night,P,N,N,Regular Season,3,3,1,Final,Final,3,Fenway Park,111,Boston Red Sox,BOS,1,False,143,Philadelphia Phillies,PHI,3,True,669016,Brandon Marsh,Brandon,Marsh,16,1997-12-18,28,"6' 2""",215,7,Outfielder,L,Left,R,Right,1-4 | K,,4,1,0,0,0,0,0,1,0,0,0,0,4,1,,,,,,,,,,
2026-05-14,824762,,/api/v1.1/game/824762/feed/live,R,2026,2026-05-14,,night,P,N,N,Regular Season,3,3,1,Final,Final,3,Fenway Park,111,Boston Red Sox,BOS,1,False,143,Philadelphia Phillies,PHI,3,True,666200,Jesús Luzardo,Jesús,Luzardo,44,1997-09-30,28,"6' 0""",218,1,Pitcher,L,Left,L,Left,"6.0 IP, 0 ER, 4 K, BB",,,,,,,,,,,,,,,,6.0,0,4,0,4,1,92,0,0,0
2026-05-14,824762,,/api/v1.1/game/824762/feed/live,R,2026,2026-05-14,,night,P,N,N,Regular Season,3,3,1,Final,Final,3,Fenway Park,111,Boston Red Sox,BOS,1,False,143,Philadelphia Phillies,PHI,3,True,621237,José Alvarado,José,Alvarado,46,1995-05-21,30,"6' 2""",245,1,Pitcher,L,Left,L,Left,"1.0 IP, ER, K, 0 BB",,,,,,,,,,,,,,,,1.0,1,2,0,1,0,21,0,0,0
2026-05-14,824762,,/api/v1.1/game/824762/feed/live,R,2026,2026-05-14,,night,P,N,N,Regular Season,3,3,1,Final,Final,3,Fenway Park,111,Boston Red Sox,BOS,1,False,143,Philadelphia Phillies,PHI,3,True,702222,Justin Crawford,Justin,Crawford,2,2004-01-13,22,"6' 2""",188,8,Outfielder,L,Left,R,Right,0-1,,1,0,0,0,0,0,0,0,0,0,0,0,1,0,,,,,,,,,,
2026-05-14,824762,,/api/v1.1/game/824762/feed/live,R,2026,2026-05-14,,night,P,N,N,Regular Season,3,3,1,Final,Final,3,Fenway Park,111,Boston Red Sox,BOS,1,False,143,Philadelphia Phillies,PHI,3,True,650911,Cristopher Sánchez,Cristopher,Sánchez,61,1996-12-12,29,"6' 6""",200,1,Pitcher,L,Left,L,Left,,,,,,,,,,,,,,,,,,,,,,,,,,
2026-05-14,824762,,/api/v1.1/game/824762/feed/live,R,2026,2026-05-14,,night,P,N,N,Regular Season,3,3,1,Final,Final,3,Fenway Park,111,Boston Red Sox,BOS,1,False,143,Philadelphia Phillies,PHI,3,True,547180,Bryce Harper,Bryce,Harper,3,1992-10-16,33,"6' 1""",210,3,First Base,L,Left,R,Right,1-4 | BB,,4,1,0,0,0,0,0,0,1,0,0,0,5,1,,,,,,,,,,
2026-05-14,824762,,/api/v1.1/game/824762/feed/live,R,2026,2026-05-14,,night,P,N,N,Regular Season,3,3,1,Final,Final,3,Fenway Park,111,Boston Red Sox,BOS,1,False,143,Philadelphia Phillies,PHI,3,True,592663,J.T. Realmuto,Jacob,Realmuto,10,1991-03-18,35,"6' 0""",212,2,Catcher,R,Right,R,Right,"1-3 | HBP, 2 K",,3,1,0,0,0,0,0,2,0,0,0,0,4,1,,,,,,,,,,
2026-05-14,824762,,/api/v1.1/game/824762/feed/live,R,2026,2026-05-14,,night,P,N,N,Regular Season,3,3,1,Final,Final,3,Fenway Park,111,Boston Red Sox,BOS,1,False,143,Philadelphia Phillies,PHI,3,True,554430,Zack Wheeler,Zachary,Wheeler,45,1990-05-30,35,"6' 4""",195,1,Pitcher,L,Left,R,Right,,,,,,,,,,,,,,,,,,,,,,,,,,
2026-05-14,824762,,/api/v1.1/game/824762/feed/live,R,2026,2026-05-14,,night,P,N,N,Regular Season,3,3,1,Final,Final,3,Fenway Park,111,Boston Red Sox,BOS,1,False,143,Philadelphia Phillies,PHI,3,True,624641,Edmundo Sosa,Edmundo,Sosa,33,1996-03-06,30,"5' 11""",210,4,Second Base,R,Right,R,Right,0-3 | 3 K,,3,0,0,0,0,0,0,3,0,0,0,0,3,0,,,,,,,,,,
2026-05-14,824762,,/api/v1.1/game/824762/feed/live,R,2026,2026-05-14,,night,P,N,N,Regular Season,3,3,1,Final,Final,3,Fenway Park,111,Boston Red Sox,BOS,1,False,143,Philadelphia Phillies,PHI,3,True,661395,Jhoan Duran,Jhoan,Duran,59,1998-01-08,28,"6' 5""",230,1,Pitcher,R,Right,R,Right,"1.0 IP, 0 ER, 3 K, BB",,,,,,,,,,,,,,,,1.0,0,0,0,3,1,17,0,0,1
2026-05-14,824762,,/api/v1.1/game/824762/feed/live,R,2026,2026-05-14,,night,P,N,N,Regular Season,3,3,1,Final,Final,3,Fenway Park,111,Boston Red Sox,BOS,1,False,143,Philadelphia Phillies,PHI,3,True,689147,Orion Kerkering,Richard,Kerkering,50,2001-04-04,25,"6' 2""",204,1,Pitcher,R,Right,R,Right,,,,,,,,,,,,,,,,,,,,,,,,,,
2026-05-14,824762,,/api/v1.1/game/824762/feed/live,R,2026,2026-05-14,,night,P,N,N,Regular Season,3,3,1,Final,Final,3,Fenway Park,111,Boston Red Sox,BOS,1,False,143,Philadelphia Phillies,PHI,3,True,664761,Alec Bohm,Alec,Bohm,28,1996-08-03,29,"6' 4""",218,5,Third Base,R,Right,R,Right,"2-4 | K, R",,4,2,0,0,0,0,1,1,0,0,0,0,4,2,,,,,,,,,,
2026-05-14,824762,,/api/v1.1/game/824762/feed/live,R,2026,2026-05-14,,night,P,N,N,Regular Season,3,3,1,Final,Final,3,Fenway Park,111,Boston Red Sox,BOS,1,False,143,Philadelphia Phillies,PHI,3,True,680742,Jonathan Bowlan,Jonathan,Bowlan,52,1996-12-01,29,"6' 6""",240,1,Pitcher,R,Right,R,Right,,,,,,,,,,,,,,,,,,,,,,,,,,
2026-05-14,824762,,/api/v1.1/game/824762/feed/live,R,2026,2026-05-14,,night,P,N,N,Regular Season,3,3,1,Final,Final,3,Fenway Park,111,Boston Red Sox,BOS,1,False,143,Philadelphia Phillies,PHI,3,True,663767,Chase Shugart,Chase,Shugart,55,1996-10-24,29,"5' 11""",200,1,Pitcher,L,Left,R,Right,,,,,,,,,,,,,,,,,,,,,,,,,,
2026-05-14,824762,,/api/v1.1/game/824762/feed/live,R,2026,2026-05-14,,night,P,N,N,Regular Season,3,3,1,Final,Final,3,Fenway Park,111,Boston Red Sox,BOS,1,False,143,Philadelphia Phillies,PHI,3,True,641835,Tim Mayza,Timothy,Mayza,37,1992-01-15,34,"6' 3""",215,1,Pitcher,L,Left,L,Left,,,,,,,,,,,,,,,,,,,,,,,,,,
2026-05-14,824762,,/api/v1.1/game/824762/feed/live,R,2026,2026-05-14,,night,P,N,N,Regular Season,3,3,1,Final,Final,3,Fenway Park,111,Boston Red Sox,BOS,1,False,143,Philadelphia Phillies,PHI,3,True,681082,Bryson Stott,Bryson,Stott,5,1997-10-06,28,"6' 0""",200,4,Second Base,L,Left,R,Right,1-2 | RBI,,2,1,0,0,0,1,0,0,0,0,0,0,2,1,,,,,,,,,,
2026-05-14,824762,,/api/v1.1/game/824762/feed/live,R,2026,2026-05-14,,night,P,N,N,Regular Season,3,3,1,Final,Final,3,Fenway Park,111,Boston Red Sox,BOS,1,False,143,Philadelphia Phillies,PHI,3,True,656941,Kyle Schwarber,Kyle,Schwarber,12,1993-03-05,33,"5' 11""",229,10,Designated Hitter,L,Left,R,Right,"1-5 | HR, 3 K, 2 RBI",,5,1,0,0,1,2,1,3,0,0,0,0,5,4,,,,,,,,,,
2026-05-14,824762,,/api/v1.1/game/824762/feed/live,R,2026,2026-05-14,,night,P,N,N,Regular Season,3,3,1,Final,Final,3,Fenway Park,111,Boston Red Sox,BOS,1,False,143,Philadelphia Phillies,PHI,3,True,694025,Felix Reyes,Felix,Reyes,29,2001-03-26,25,"6' 3""",195,7,Outfielder,R,Right,R,Right,1-2,,2,1,0,0,0,0,0,0,0,0,0,0,2,1,,,,,,,,,,
2026-05-14,824762,,/api/v1.1/game/824762/feed/live,R,2026,2026-05-14,,night,P,N,N,Regular Season,3,3,1,Final,Final,3,Fenway Park,111,Boston Red Sox,BOS,1,False,143,Philadelphia Phillies,PHI,3,True,665561,Rafael Marchán,Rafael,Marchán,13,1999-02-25,27,"5' 9""",170,2,Catcher,S,Switch,R,Right,,,,,,,,,,,,,,,,,,,,,,,,,,
2026-05-14,824762,,/api/v1.1/game/824762/feed/live,R,2026,2026-05-14,,night,P,N,N,Regular Season,3,3,1,Final,Final,3,Fenway Park,111,Boston Red Sox,BOS,1,False,143,Philadelphia Phillies,PHI,3,True,596117,Garrett Stubbs,Garrett,Stubbs,21,1993-05-26,32,"5' 9""",170,2,Catcher,L,Left,R,Right,,,,,,,,,,,,,,,,,,,,,,,,,,
2026-05-14,824762,,/api/v1.1/game/824762/feed/live,R,2026,2026-05-14,,night,P,N,N,Regular Season,3,3,1,Final,Final,3,Fenway Park,111,Boston Red Sox,BOS,1,False,143,Philadelphia Phillies,PHI,3,True,621383,Tanner Banks,Tanner,Banks,58,1991-10-24,34,"6' 1""",205,1,Pitcher,R,Right,L,Left,,,,,,,,,,,,,,,,,,,,,,,,,,
2026-05-14,824762,,/api/v1.1/game/824762/feed/live,R,2026,2026-05-14,,night,P,N,N,Regular Season,3,3,1,Final,Final,3,Fenway Park,111,Boston Red Sox,BOS,1,False,143,Philadelphia Phillies,PHI,3,True,666969,Adolis García,Jose,García,53,1993-03-02,33,"6' 0""",205,9,Outfielder,R,Right,R,Right,0-4 | 2 K,,4,0,0,0,0,0,0,2,0,0,0,0,4,0,,,,,,,,,,
2026-05-14,824762,,/api/v1.1/game/824762/feed/live,R,2026,2026-05-14,,night,P,N,N,Regular Season,3,3,1,Final,Final,3,Fenway Park,111,Boston Red Sox,BOS,1,False,143,Philadelphia Phillies,PHI,3,True,605400,Aaron Nola,Aaron,Nola,27,1993-06-04,32,"6' 2""",200,1,Pitcher,R,Right,R,Right,,,,,,,,,,,,,,,,,,,,,,,,,,
2026-05-14,824762,,/api/v1.1/game/824762/feed/live,R,2026,2026-05-14,,night,P,N,N,Regular Season,3,3,1,Final,Final,3,Fenway Park,111,Boston Red Sox,BOS,1,False,143,Philadelphia Phillies,PHI,3,True,641745,Brad Keller,Brad,Keller,40,1995-07-27,30,"6' 5""",255,1,Pitcher,R,Right,R,Right,"1.0 IP, 0 ER, 2 K, 0 BB",,,,,,,,,,,,,,,,1.0,0,1,0,2,0,15,1,0,0
2026-05-14,824762,,/api/v1.1/game/824762/feed/live,R,2026,2026-05-14,,night,P,N,N,Regular Season,3,3,1,Final,Final,3,Fenway Park,111,Boston Red Sox,BOS,1,False,143,Philadelphia Phillies,PHI,3,True,607208,Trea Turner,Trea,Turner,7,1993-06-30,32,"6' 1""",185,6,Shortstop,R,Right,R,Right,"1-5 | 2 K, R",,5,1,0,0,0,0,1,2,0,0,0,0,5,1,,,,,,,,,,
2026-05-14,824762,,/api/v1.1/game/824762/feed/live,R,2026,2026-05-14,,night,P,N,N,Regular Season,3,3,1,Final,Final,3,Fenway Park,111,Boston Red Sox,BOS,1,False,143,Philadelphia Phillies,PHI,3,True,691725,Andrew Painter,Andrew,Painter,24,2003-04-10,23,"6' 7""",215,1,Pitcher,R,Right,R,Right,,,,,,,,,,,,,,,,,,,,,,,,,,
2026-05-14,824926,,/api/v1.1/game/824926/feed/live,R,2026,2026-05-14,,night,P,N,N,Regular Season,3,3,1,Final,Final,4705,Truist Park,144,Atlanta Braves,ATL,0,False,112,Chicago Cubs,CHC,2,True,640492,José Azócar,José,Azócar,38,1996-05-11,30,"5' 11""",181,9,Outfielder,R,Right,R,Right,,,,,,,,,,,,,,,,,,,,,,,,,,
2026-05-14,824926,,/api/v1.1/game/824926/feed/live,R,2026,2026-05-14,,night,P,N,N,Regular Season,3,3,1,Final,Final,4705,Truist Park,144,Atlanta Braves,ATL,0,False,112,Chicago Cubs,CHC,2,True,675911,Spencer Strider,Spencer,Strider,99,1998-10-28,27,"6' 0""",195,1,Pitcher,R,Right,R,Right,,,,,,,,,,,,,,,,,,,,,,,,,,
2026-05-14,824926,,/api/v1.1/game/824926/feed/live,R,2026,2026-05-14,,night,P,N,N,Regular Season,3,3,1,Final,Final,4705,Truist Park,144,Atlanta Braves,ATL,0,False,112,Chicago Cubs,CHC,2,True,669276,Dylan Lee,Dylan,Lee,52,1994-08-01,31,"6' 3""",214,1,Pitcher,L,Left,L,Left,,,,,,,,,,,,,,,,,,,,,,,,,,
2026-05-14,824926,,/api/v1.1/game/824926/feed/live,R,2026,2026-05-14,,night,P,N,N,Regular Season,3,3,1,Final,Final,4705,Truist Park,144,Atlanta Braves,ATL,0,False,112,Chicago Cubs,CHC,2,True,663158,Robert Suarez,Robert,Suarez,75,1991-03-01,35,"6' 2""",210,1,Pitcher,R,Right,R,Right,,,,,,,,,,,,,,,,,,,,,,,,,,
2026-05-14,824926,,/api/v1.1/game/824926/feed/live,R,2026,2026-05-14,,night,P,N,N,Regular Season,3,3,1,Final,Final,4705,Truist Park,144,Atlanta Braves,ATL,0,False,112,Chicago Cubs,CHC,2,True,671739,Michael Harris II,Michael,Harris,23,2001-03-07,25,"5' 11""",195,8,Outfielder,L,Left,L,Left,1-4 | 2 K,,4,1,0,0,0,0,0,2,0,0,0,0,4,1,,,,,,,,,,
2026-05-14,824926,,/api/v1.1/game/824926/feed/live,R,2026,2026-05-14,,night,P,N,N,Regular Season,3,3,1,Final,Final,4705,Truist Park,144,Atlanta Braves,ATL,0,False,112,Chicago Cubs,CHC,2,True,622761,Jorge Mateo,Jorge,Mateo,2,1995-06-23,30,"6' 0""",200,6,Shortstop,R,Right,R,Right,,,,,,,,,,,,,,,,,,,,,,,,,,
2026-05-14,824926,,/api/v1.1/game/824926/feed/live,R,2026,2026-05-14,,night,P,N,N,Regular Season,3,3,1,Final,Final,4705,Truist Park,144,Atlanta Braves,ATL,0,False,112,Chicago Cubs,CHC,2,True,643289,Mauricio Dubón,Mauricio,Dubón,14,1994-07-19,31,"5' 11""",173,6,Shortstop,R,Right,R,Right,0-4 | 2 K,,4,0,0,0,0,0,0,2,0,0,0,0,4,0,,,,,,,,,,
2026-05-14,824926,,/api/v1.1/game/824926/feed/live,R,2026,2026-05-14,,night,P,N,N,Regular Season,3,3,1,Final,Final,4705,Truist Park,144,Atlanta Braves,ATL,0,False,112,Chicago Cubs,CHC,2,True,800311,Didier Fuentes,Didier,Fuentes,72,2005-06-17,20,"6' 0""",170,1,Pitcher,R,Right,R,Right,,,,,,,,,,,,,,,,,,,,,,,,,,
2026-05-14,824926,,/api/v1.1/game/824926/feed/live,R,2026,2026-05-14,,night,P,N,N,Regular Season,3,3,1,Final,Final,4705,Truist Park,144,Atlanta Braves,ATL,0,False,112,Chicago Cubs,CHC,2,True,686948,Drake Baldwin,Drake,Baldwin,30,2001-03-28,25,"6' 0""",225,2,Catcher,L,Left,R,Right,1-4 | 2 K,,4,1,0,0,0,0,0,2,0,0,0,0,4,1,,,,,,,,,,
2026-05-14,824926,,/api/v1.1/game/824926/feed/live,R,2026,2026-05-14,,night,P,N,N,Regular Season,3,3,1,Final,Final,4705,Truist Park,144,Atlanta Braves,ATL,0,False,112,Chicago Cubs,CHC,2,True,519242,Chris Sale,Christopher,Sale,51,1989-03-30,37,"6' 6""",180,1,Pitcher,L,Left,L,Left,"6.0 IP, 0 ER, 8 K, 2 BB",,,,,,,,,,,,,,,,6.0,0,5,0,8,2,100,0,1,0
2026-05-14,824926,,/api/v1.1/game/824926/feed/live,R,2026,2026-05-14,,night,P,N,N,Regular Season,3,3,1,Final,Final,4705,Truist Park,144,Atlanta Braves,ATL,0,False,112,Chicago Cubs,CHC,2,True,621566,Matt Olson,Matthew,Olson,28,1994-03-29,32,"6' 4""",225,3,First Base,L,Left,R,Right,1-4 | 3 K,,4,1,0,0,0,0,0,3,0,0,0,0,4,1,,,,,,,,,,
2026-05-14,824926,,/api/v1.1/game/824926/feed/live,R,2026,2026-05-14,,night,P,N,N,Regular Season,3,3,1,Final,Final,4705,Truist Park,144,Atlanta Braves,ATL,0,False,112,Chicago Cubs,CHC,2,True,702275,JR Ritchie,Ian,Ritchie,60,2003-06-26,22,"6' 2""",185,1,Pitcher,R,Right,R,Right,,,,,,,,,,,,,,,,,,,,,,,,,,
2026-05-14,824926,,/api/v1.1/game/824926/feed/live,R,2026,2026-05-14,,night,P,N,N,Regular Season,3,3,1,Final,Final,4705,Truist Park,144,Atlanta Braves,ATL,0,False,112,Chicago Cubs,CHC,2,True,642086,Dominic Smith,Dominic,Smith,8,1995-06-15,30,"5' 11""",224,10,Designated Hitter,L,Left,L,Left,1-4 | K,,4,1,0,0,0,0,0,1,0,0,0,0,4,1,,,,,,,,,,
2026-05-14,824926,,/api/v1.1/game/824926/feed/live,R,2026,2026-05-14,,night,P,N,N,Regular Season,3,3,1,Final,Final,4705,Truist Park,144,Atlanta Braves,ATL,0,False,112,Chicago Cubs,CHC,2,True,571657,Kyle Farmer,James,Farmer,15,1990-08-17,35,"5' 11""",205,10,Designated Hitter,R,Right,R,Right,,,,,,,,,,,,,,,,,,,,,,,,,,
2026-05-14,824926,,/api/v1.1/game/824926/feed/live,R,2026,2026-05-14,,night,P,N,N,Regular Season,3,3,1,Final,Final,4705,Truist Park,144,Atlanta Braves,ATL,0,False,112,Chicago Cubs,CHC,2,True,641755,Tyler Kinley,Tyler,Kinley,45,1991-01-31,35,"6' 4""",220,1,Pitcher,R,Right,R,Right,,,,,,,,,,,,,,,,,,,,,,,,,,
2026-05-14,824926,,/api/v1.1/game/824926/feed/live,R,2026,2026-05-14,,night,P,N,N,Regular Season,3,3,1,Final,Final,4705,Truist Park,144,Atlanta Braves,ATL,0,False,112,Chicago Cubs,CHC,2,True,607481,Aaron Bummer,Aaron,Bummer,49,1993-09-21,32,"6' 3""",215,1,Pitcher,L,Left,L,Left,"1.1 IP, 0 ER, K, 0 BB",,,,,,,,,,,,,,,,1.1,0,0,0,1,0,14,0,0,0
2026-05-14,824926,,/api/v1.1/game/824926/feed/live,R,2026,2026-05-14,,night,P,N,N,Regular Season,3,3,1,Final,Final,4705,Truist Park,144,Atlanta Braves,ATL,0,False,112,Chicago Cubs,CHC,2,True,625643,Reynaldo López,Reynaldo,López,40,1994-01-04,32,"6' 1""",225,1,Pitcher,R,Right,R,Right,"1.2 IP, ER, K, BB",,,,,,,,,,,,,,,,1.2,1,1,1,1,1,32,0,0,0
2026-05-14,824926,,/api/v1.1/game/824926/feed/live,R,2026,2026-05-14,,night,P,N,N,Regular Season,3,3,1,Final,Final,4705,Truist Park,144,Atlanta Braves,ATL,0,False,112,Chicago Cubs,CHC,2,True,645277,Ozzie Albies,Ozhaino,Albies,1,1997-01-07,29,"5' 7""",165,4,Second Base,S,Switch,R,Right,0-4,,4,0,0,0,0,0,0,0,0,0,0,0,4,0,,,,,,,,,,
2026-05-14,824926,,/api/v1.1/game/824926/feed/live,R,2026,2026-05-14,,night,P,N,N,Regular Season,3,3,1,Final,Final,4705,Truist Park,144,Atlanta Braves,ATL,0,False,112,Chicago Cubs,CHC,2,True,628452,Raisel Iglesias,Raisel,Iglesias,26,1990-01-04,36,"6' 2""",190,1,Pitcher,R,Right,R,Right,,,,,,,,,,,,,,,,,,,,,,,,,,
2026-05-14,824926,,/api/v1.1/game/824926/feed/live,R,2026,2026-05-14,,night,P,N,N,Regular Season,3,3,1,Final,Final,4705,Truist Park,144,Atlanta Braves,ATL,0,False,112,Chicago Cubs,CHC,2,True,663586,Austin Riley,Michael,Riley,27,1997-04-02,29,"6' 1""",225,5,Third Base,R,Right,R,Right,"1-3 | HBP, K",,3,1,0,0,0,0,0,1,0,0,0,0,4,1,,,,,,,,,,
2026-05-14,824926,,/api/v1.1/game/824926/feed/live,R,2026,2026-05-14,,night,P,N,N,Regular Season,3,3,1,Final,Final,4705,Truist Park,144,Atlanta Braves,ATL,0,False,112,Chicago Cubs,CHC,2,True,656550,Grant Holmes,Harrison,Holmes,66,1996-03-22,30,"6' 0""",226,1,Pitcher,L,Left,R,Right,,,,,,,,,,,,,,,,,,,,,,,,,,
2026-05-14,824926,,/api/v1.1/game/824926/feed/live,R,2026,2026-05-14,,night,P,N,N,Regular Season,3,3,1,Final,Final,4705,Truist Park,144,Atlanta Braves,ATL,0,False,112,Chicago Cubs,CHC,2,True,573262,Mike Yastrzemski,Michael,Yastrzemski,18,1990-08-23,35,"5' 10""",180,7,Outfielder,L,Left,L,Left,"0-2 | BB, K",,2,0,0,0,0,0,0,1,1,0,0,0,3,0,,,,,,,,,,
2026-05-14,824926,,/api/v1.1/game/824926/feed/live,R,2026,2026-05-14,,night,P,N,N,Regular Season,3,3,1,Final,Final,4705,Truist Park,144,Atlanta Braves,ATL,0,False,112,Chicago Cubs,CHC,2,True,506702,Sandy León,Sandy,León,9,1989-03-13,37,"5' 9""",235,2,Catcher,S,Switch,R,Right,,,,,,,,,,,,,,,,,,,,,,,,,,
2026-05-14,824926,,/api/v1.1/game/824926/feed/live,R,2026,2026-05-14,,night,P,N,N,Regular Season,3,3,1,Final,Final,4705,Truist Park,144,Atlanta Braves,ATL,0,False,112,Chicago Cubs,CHC,2,True,673490,Ha-Seong Kim,Ha-Seong,Kim,7,1995-10-17,30,"5' 10""",200,6,Shortstop,R,Right,R,Right,0-3 | K,,3,0,0,0,0,0,0,1,0,0,0,0,3,0,,,,,,,,,,
2026-05-14,824926,,/api/v1.1/game/824926/feed/live,R,2026,2026-05-14,,night,P,N,N,Regular Season,3,3,1,Final,Final,4705,Truist Park,144,Atlanta Braves,ATL,0,False,112,Chicago Cubs,CHC,2,True,693821,Bryce Elder,Bryce,Elder,55,1999-05-19,26,"6' 2""",220,1,Pitcher,R,Right,R,Right,,,,,,,,,,,,,,,,,,,,,,,,,,
2026-05-14,824926,,/api/v1.1/game/824926/feed/live,R,2026,2026-05-14,,night,P,N,N,Regular Season,3,3,1,Final,Final,4705,Truist Park,144,Atlanta Braves,ATL,0,False,112,Chicago Cubs,CHC,2,True,527048,Martín Pérez,Martín,Pérez,33,1991-04-04,35,"6' 0""",210,1,Pitcher,L,Left,L,Left,,,,,,,,,,,,,,,,,,,,,,,,,,
2026-05-14,824926,,/api/v1.1/game/824926/feed/live,R,2026,2026-05-14,,night,P,N,N,Regular Season,3,3,1,Final,Final,4705,Truist Park,144,Atlanta Braves,ATL,0,False,112,Chicago Cubs,CHC,2,True,694037,Daniel Palencia,Daniel,Palencia,48,2000-02-05,26,"5' 11""",160,1,Pitcher,R,Right,R,Right,"1.0 IP, 0 ER, 2 K, 0 BB",,,,,,,,,,,,,,,,1.0,0,1,0,2,0,16,0,0,1
2026-05-14,824926,,/api/v1.1/game/824926/feed/live,R,2026,2026-05-14,,night,P,N,N,Regular Season,3,3,1,Final,Final,4705,Truist Park,144,Atlanta Braves,ATL,0,False,112,Chicago Cubs,CHC,2,True,624424,Michael Conforto,Michael,Conforto,20,1993-03-01,33,"5' 11""",215,9,Outfielder,L,Left,R,Right,,,,,,,,,,,,,,,,,,,,,,,,,,
2026-05-14,824926,,/api/v1.1/game/824926/feed/live,R,2026,2026-05-14,,night,P,N,N,Regular Season,3,3,1,Final,Final,4705,Truist Park,144,Atlanta Braves,ATL,0,False,112,Chicago Cubs,CHC,2,True,571948,Hoby Milner,Hoby,Milner,41,1991-01-13,35,"6' 3""",187,1,Pitcher,L,Left,L,Left,"2.0 IP, 0 ER, K, 0 BB",,,,,,,,,,,,,,,,2.0,0,1,0,1,0,25,1,0,0
2026-05-14,824926,,/api/v1.1/game/824926/feed/live,R,2026,2026-05-14,,night,P,N,N,Regular Season,3,3,1,Final,Final,4705,Truist Park,144,Atlanta Braves,ATL,0,False,112,Chicago Cubs,CHC,2,True,664023,Ian Happ,Ian,Happ,8,1994-08-12,31,"5' 10""",205,7,Outfielder,S,Switch,R,Right,"2-3 | HR, BB, RBI",,3,2,0,0,1,1,2,0,1,0,0,0,4,5,,,,,,,,,,
2026-05-14,824926,,/api/v1.1/game/824926/feed/live,R,2026,2026-05-14,,night,P,N,N,Regular Season,3,3,1,Final,Final,4705,Truist Park,144,Atlanta Braves,ATL,0,False,112,Chicago Cubs,CHC,2,True,665795,Edward Cabrera,Edward,Cabrera,30,1998-04-13,28,"6' 5""",217,1,Pitcher,R,Right,R,Right,,,,,,,,,,,,,,,,,,,,,,,,,,
2026-05-14,824926,,/api/v1.1/game/824926/feed/live,R,2026,2026-05-14,,night,P,N,N,Regular Season,3,3,1,Final,Final,4705,Truist Park,144,Atlanta Braves,ATL,0,False,112,Chicago Cubs,CHC,2,True,681799,Ethan Roberts,Ethan,Roberts,39,1997-07-04,28,"5' 10""",180,1,Pitcher,R,Right,R,Right,,,,,,,,,,,,,,,,,,,,,,,,,,
2026-05-14,824926,,/api/v1.1/game/824926/feed/live,R,2026,2026-05-14,,night,P,N,N,Regular Season,3,3,1,Final,Final,4705,Truist Park,144,Atlanta Braves,ATL,0,False,112,Chicago Cubs,CHC,2,True,665871,Javier Assad,Javier,Assad,72,1997-07-30,28,"6' 1""",200,1,Pitcher,R,Right,R,Right,,,,,,,,,,,,,,,,,,,,,,,,,,
2026-05-14,824926,,/api/v1.1/game/824926/feed/live,R,2026,2026-05-14,,night,P,N,N,Regular Season,3,3,1,Final,Final,4705,Truist Park,144,Atlanta Braves,ATL,0,False,112,Chicago Cubs,CHC,2,True,684007,Shota Imanaga,Shota,Imanaga,18,1993-09-01,32,"5' 10""",175,1,Pitcher,L,Left,L,Left,,,,,,,,,,,,,,,,,,,,,,,,,,
2026-05-14,824926,,/api/v1.1/game/824926/feed/live,R,2026,2026-05-14,,night,P,N,N,Regular Season,3,3,1,Final,Final,4705,Truist Park,144,Atlanta Braves,ATL,0,False,112,Chicago Cubs,CHC,2,True,608324,Alex Bregman,Alexander,Bregman,3,1994-03-30,32,"5' 10""",190,5,Third Base,R,Right,R,Right,1-4 | K,,4,1,0,0,0,0,0,1,0,0,0,0,4,1,,,,,,,,,,
2026-05-14,824926,,/api/v1.1/game/824926/feed/live,R,2026,2026-05-14,,night,P,N,N,Regular Season,3,3,1,Final,Final,4705,Truist Park,144,Atlanta Braves,ATL,0,False,112,Chicago Cubs,CHC,2,True,683737,Michael Busch,Michael,Busch,29,1997-11-09,28,"5' 11""",210,3,First Base,L,Left,R,Right,1-4 | 3 K,,4,1,0,0,0,0,0,3,0,0,0,0,4,1,,,,,,,,,,
2026-05-14,824926,,/api/v1.1/game/824926/feed/live,R,2026,2026-05-14,,night,P,N,N,Regular Season,3,3,1,Final,Final,4705,Truist Park,144,Atlanta Braves,ATL,0,False,112,Chicago Cubs,CHC,2,True,608348,Carson Kelly,Carson,Kelly,15,1994-07-14,31,"6' 1""",212,2,Catcher,R,Right,R,Right,,,,,,,,,,,,,,,,,,,,,,,,,,
2026-05-14,824926,,/api/v1.1/game/824926/feed/live,R,2026,2026-05-14,,night,P,N,N,Regular Season,3,3,1,Final,Final,4705,Truist Park,144,Atlanta Braves,ATL,0,False,112,Chicago Cubs,CHC,2,True,592791,Jameson Taillon,Jameson,Taillon,50,1991-11-18,34,"6' 5""",230,1,Pitcher,R,Right,R,Right,,,,,,,,,,,,,,,,,,,,,,,,,,
2026-05-14,824926,,/api/v1.1/game/824926/feed/live,R,2026,2026-05-14,,night,P,N,N,Regular Season,3,3,1,Final,Final,4705,Truist Park,144,Atlanta Braves,ATL,0,False,112,Chicago Cubs,CHC,2,True,691718,Pete Crow-Armstrong,Pete,Crow-Armstrong,4,2002-03-25,24,"6' 0""",184,8,Outfielder,L,Left,L,Left,"1-3 | BB, SB",,3,1,0,0,0,0,0,0,1,1,0,0,4,1,,,,,,,,,,
2026-05-14,824926,,/api/v1.1/game/824926/feed/live,R,2026,2026-05-14,,night,P,N,N,Regular Season,3,3,1,Final,Final,4705,Truist Park,144,Atlanta Braves,ATL,0,False,112,Chicago Cubs,CHC,2,True,657097,Jacob Webb,Jacob,Webb,71,1993-08-15,32,"6' 2""",210,1,Pitcher,R,Right,R,Right,"1.0 IP, 0 ER, K, 0 BB",,,,,,,,,,,,,,,,1.0,0,1,0,1,0,16,0,0,0
2026-05-14,824926,,/api/v1.1/game/824926/feed/live,R,2026,2026-05-14,,night,P,N,N,Regular Season,3,3,1,Final,Final,4705,Truist Park,144,Atlanta Braves,ATL,0,False,112,Chicago Cubs,CHC,2,True,665804,Miguel Amaya,Miguel,Amaya,9,1999-03-09,27,"6' 1""",230,2,Catcher,R,Right,R,Right,1-4 | K,,4,1,0,0,0,0,0,1,0,0,0,0,4,1,,,,,,,,,,
2026-05-14,824926,,/api/v1.1/game/824926/feed/live,R,2026,2026-05-14,,night,P,N,N,Regular Season,3,3,1,Final,Final,4705,Truist Park,144,Atlanta Braves,ATL,0,False,112,Chicago Cubs,CHC,2,True,694208,Moisés Ballesteros,Moisés,Ballesteros,25,2003-11-08,22,"5' 8""",195,10,Designated Hitter,L,Left,R,Right,,,,,,,,,,,,,,,,,,,,,,,,,,
2026-05-14,824926,,/api/v1.1/game/824926/feed/live,R,2026,2026-05-14,,night,P,N,N,Regular Season,3,3,1,Final,Final,4705,Truist Park,144,Atlanta Braves,ATL,0,False,112,Chicago Cubs,CHC,2,True,670032,Nicky Lopez,Nicholas,Lopez,5,1995-03-13,31,"5' 10""",186,4,Second Base,L,Left,R,Right,,,,,,,,,,,,,,,,,,,,,,,,,,
2026-05-14,824926,,/api/v1.1/game/824926/feed/live,R,2026,2026-05-14,,night,P,N,N,Regular Season,3,3,1,Final,Final,4705,Truist Park,144,Atlanta Braves,ATL,0,False,112,Chicago Cubs,CHC,2,True,673548,Seiya Suzuki,Seiya,Suzuki,27,1994-08-18,31,"5' 11""",182,9,Outfielder,R,Right,R,Right,0-4 | K,,4,0,0,0,0,0,0,1,0,0,0,0,4,0,,,,,,,,,,
2026-05-14,824926,,/api/v1.1/game/824926/feed/live,R,2026,2026-05-14,,night,P,N,N,Regular Season,3,3,1,Final,Final,4705,Truist Park,144,Atlanta Braves,ATL,0,False,112,Chicago Cubs,CHC,2,True,669020,Ryan Rolison,Ryan,Rolison,33,1997-07-11,28,"6' 2""",213,1,Pitcher,R,Right,L,Left,,,,,,,,,,,,,,,,,,,,,,,,,,
2026-05-14,824926,,/api/v1.1/game/824926/feed/live,R,2026,2026-05-14,,night,P,N,N,Regular Season,3,3,1,Final,Final,4705,Truist Park,144,Atlanta Braves,ATL,0,False,112,Chicago Cubs,CHC,2,True,663423,Trent Thornton,Trent,Thornton,49,1993-09-30,32,"6' 0""",190,1,Pitcher,R,Right,R,Right,,,,,,,,,,,,,,,,,,,,,,,,,,
2026-05-14,824926,,/api/v1.1/game/824926/feed/live,R,2026,2026-05-14,,night,P,N,N,Regular Season,3,3,1,Final,Final,4705,Truist Park,144,Atlanta Braves,ATL,0,False,112,Chicago Cubs,CHC,2,True,621020,Dansby Swanson,James,Swanson,7,1994-02-11,32,"6' 0""",190,6,Shortstop,R,Right,R,Right,0-4 | 2 K,,4,0,0,0,0,0,0,2,0,0,0,0,4,0,,,,,,,,,,
2026-05-14,824926,,/api/v1.1/game/824926/feed/live,R,2026,2026-05-14,,night,P,N,N,Regular Season,3,3,1,Final,Final,4705,Truist Park,144,Atlanta Braves,ATL,0,False,112,Chicago Cubs,CHC,2,True,607067,Colin Rea,Colin,Rea,53,1990-07-01,35,"6' 5""",220,1,Pitcher,R,Right,R,Right,,,,,,,,,,,,,,,,,,,,,,,,,,
2026-05-14,824926,,/api/v1.1/game/824926/feed/live,R,2026,2026-05-14,,night,P,N,N,Regular Season,3,3,1,Final,Final,4705,Truist Park,144,Atlanta Braves,ATL,0,False,112,Chicago Cubs,CHC,2,True,664208,Phil Maton,Phillip,Maton,88,1993-03-25,33,"6' 2""",206,1,Pitcher,R,Right,R,Right,"1.0 IP, 0 ER, 2 K, 0 BB",,,,,,,,,,,,,,,,1.0,0,1,0,2,0,14,0,0,0
2026-05-14,824926,,/api/v1.1/game/824926/feed/live,R,2026,2026-05-14,,night,P,N,N,Regular Season,3,3,1,Final,Final,4705,Truist Park,144,Atlanta Braves,ATL,0,False,112,Chicago Cubs,CHC,2,True,663538,Nico Hoerner,Nicholas,Hoerner,2,1997-05-13,29,"5' 11""",200,4,Second Base,R,Right,R,Right,"0-3 | BB, K, CS",,3,0,0,0,0,0,0,1,1,0,1,0,4,0,,,,,,,,,,
2026-05-14,824926,,/api/v1.1/game/824926/feed/live,R,2026,2026-05-14,,night,P,N,N,Regular Season,3,3,1,Final,Final,4705,Truist Park,144,Atlanta Braves,ATL,0,False,112,Chicago Cubs,CHC,2,True,676962,Ben Brown,Benjamin,Brown,32,1999-09-09,26,"6' 6""",210,1,Pitcher,R,Right,R,Right,"4.0 IP, 0 ER, 7 K, BB",,,,,,,,,,,,,,,,4.0,0,1,0,7,1,65,0,0,0
2026-05-14,824926,,/api/v1.1/game/824926/feed/live,R,2026,2026-05-14,,night,P,N,N,Regular Season,3,3,1,Final,Final,4705,Truist Park,144,Atlanta Braves,ATL,0,False,112,Chicago Cubs,CHC,2,True,807713,Matt Shaw,Matthew,Shaw,6,2001-11-06,24,"5' 10""",185,9,Outfielder,R,Right,R,Right,"0-4 | K, RBI, SB",,4,0,0,0,0,1,0,1,0,1,0,0,4,0,,,,,,,,,,
2026-05-14,824602,,/api/v1.1/game/824602/feed/live,R,2026,2026-05-14,,night,P,N,N,Regular Season,3,3,1,Final,Final,4,Rate Field,145,Chicago White Sox,CWS,6,True,118,Kansas City Royals,KC,2,False,671976,Tristan Peters,Tristan,Peters,29,2000-02-29,26,"6' 0""",180,8,Outfielder,L,Left,R,Right,0-0,,0,0,0,0,0,0,0,0,0,0,0,0,0,0,,,,,,,,,,
2026-05-14,824602,,/api/v1.1/game/824602/feed/live,R,2026,2026-05-14,,night,P,N,N,Regular Season,3,3,1,Final,Final,4,Rate Field,145,Chicago White Sox,CWS,6,True,118,Kansas City Royals,KC,2,False,641743,Anthony Kay,Anthony,Kay,18,1995-03-21,31,"6' 0""",225,1,Pitcher,L,Left,L,Left,"6.0 IP, 2 ER, 4 K, 2 BB",,,,,,,,,,,,,,,,6.0,2,6,0,4,2,97,1,0,0
2026-05-14,824602,,/api/v1.1/game/824602/feed/live,R,2026,2026-05-14,,night,P,N,N,Regular Season,3,3,1,Final,Final,4,Rate Field,145,Chicago White Sox,CWS,6,True,118,Kansas City Royals,KC,2,False,663436,Davis Martin,Davis,Martin,65,1997-01-04,29,"6' 2""",215,1,Pitcher,L,Left,R,Right,,,,,,,,,,,,,,,,,,,,,,,,,,
2026-05-14,824602,,/api/v1.1/game/824602/feed/live,R,2026,2026-05-14,,night,P,N,N,Regular Season,3,3,1,Final,Final,4,Rate Field,145,Chicago White Sox,CWS,6,True,118,Kansas City Royals,KC,2,False,682668,Luisangel Acuña,Luisangel,Acuña,0,2002-03-12,24,"5' 7""",181,8,Outfielder,R,Right,R,Right,"1-3 | K, R, SB",,3,1,0,0,0,0,1,1,0,1,0,0,3,1,,,,,,,,,,
2026-05-14,824602,,/api/v1.1/game/824602/feed/live,R,2026,2026-05-14,,night,P,N,N,Regular Season,3,3,1,Final,Final,4,Rate Field,145,Chicago White Sox,CWS,6,True,118,Kansas City Royals,KC,2,False,545341,Randal Grichuk,Randal,Grichuk,34,1991-08-13,34,"6' 0""",210,9,Outfielder,R,Right,R,Right,"2-3 | HR, 4 RBI, R",,3,2,0,0,1,4,1,0,0,0,0,1,3,5,,,,,,,,,,
2026-05-14,824602,,/api/v1.1/game/824602/feed/live,R,2026,2026-05-14,,night,P,N,N,Regular Season,3,3,1,Final,Final,4,Rate Field,145,Chicago White Sox,CWS,6,True,118,Kansas City Royals,KC,2,False,808959,Munetaka Murakami,Munetaka,Murakami,5,2000-02-02,26,"6' 2""",213,3,First Base,L,Left,R,Right,"0-1 | 3 BB, R",,1,0,0,0,0,0,1,0,3,0,0,0,4,0,,,,,,,,,,
2026-05-14,824602,,/api/v1.1/game/824602/feed/live,R,2026,2026-05-14,,night,P,N,N,Regular Season,3,3,1,Final,Final,4,Rate Field,145,Chicago White Sox,CWS,6,True,118,Kansas City Royals,KC,2,False,805367,Chase Meidroth,Chase,Meidroth,10,2001-07-23,24,"5' 9""",190,4,Second Base,R,Right,R,Right,"2-3 | BB, RBI, R",,3,2,0,0,0,1,1,0,1,0,0,0,4,2,,,,,,,,,,
2026-05-14,824602,,/api/v1.1/game/824602/feed/live,R,2026,2026-05-14,,night,P,N,N,Regular Season,3,3,1,Final,Final,4,Rate Field,145,Chicago White Sox,CWS,6,True,118,Kansas City Royals,KC,2,False,691799,Grant Taylor,Grant,Taylor,31,2002-05-20,23,"6' 3""",230,1,Pitcher,R,Right,R,Right,,,,,,,,,,,,,,,,,,,,,,,,,,
2026-05-14,824602,,/api/v1.1/game/824602/feed/live,R,2026,2026-05-14,,night,P,N,N,Regular Season,3,3,1,Final,Final,4,Rate Field,145,Chicago White Sox,CWS,6,True,118,Kansas City Royals,KC,2,False,695657,Colson Montgomery,Colson,Montgomery,12,2002-02-27,24,"6' 3""",230,6,Shortstop,L,Left,R,Right,,,,,,,,,,,,,,,,,,,,,,,,,,
2026-05-14,824602,,/api/v1.1/game/824602/feed/live,R,2026,2026-05-14,,night,P,N,N,Regular Season,3,3,1,Final,Final,4,Rate Field,145,Chicago White Sox,CWS,6,True,118,Kansas City Royals,KC,2,False,805326,Tyler Schweitzer,Tyler,Schweitzer,62,2000-09-19,25,"6' 0""",185,1,Pitcher,L,Left,L,Left,,,,,,,,,,,,,,,,,,,,,,,,,,
2026-05-14,824602,,/api/v1.1/game/824602/feed/live,R,2026,2026-05-14,,night,P,N,N,Regular Season,3,3,1,Final,Final,4,Rate Field,145,Chicago White Sox,CWS,6,True,118,Kansas City Royals,KC,2,False,670950,Trevor Richards,Trevor,Richards,43,1993-05-15,33,"6' 2""",205,1,Pitcher,R,Right,R,Right,,,,,,,,,,,,,,,,,,,,,,,,,,
2026-05-14,824602,,/api/v1.1/game/824602/feed/live,R,2026,2026-05-14,,night,P,N,N,Regular Season,3,3,1,Final,Final,4,Rate Field,145,Chicago White Sox,CWS,6,True,118,Kansas City Royals,KC,2,False,691011,Drew Romo,Drew,Romo,36,2001-08-29,24,"6' 0""",205,2,Catcher,S,Switch,R,Right,,,,,,,,,,,,,,,,,,,,,,,,,,
2026-05-14,824602,,/api/v1.1/game/824602/feed/live,R,2026,2026-05-14,,night,P,N,N,Regular Season,3,3,1,Final,Final,4,Rate Field,145,Chicago White Sox,CWS,6,True,118,Kansas City Royals,KC,2,False,622554,Seranthony Domínguez,Seranthony,Domínguez,58,1994-11-25,31,"6' 1""",225,1,Pitcher,R,Right,R,Right,,,,,,,,,,,,,,,,,,,,,,,,,,
2026-05-14,824602,,/api/v1.1/game/824602/feed/live,R,2026,2026-05-14,,night,P,N,N,Regular Season,3,3,1,Final,Final,4,Rate Field,145,Chicago White Sox,CWS,6,True,118,Kansas City Royals,KC,2,False,702273,Noah Schultz,Noah,Schultz,22,2003-08-05,22,"6' 10""",240,1,Pitcher,L,Left,L,Left,,,,,,,,,,,,,,,,,,,,,,,,,,
2026-05-14,824602,,/api/v1.1/game/824602/feed/live,R,2026,2026-05-14,,night,P,N,N,Regular Season,3,3,1,Final,Final,4,Rate Field,145,Chicago White Sox,CWS,6,True,118,Kansas City Royals,KC,2,False,700337,Edgar Quero,Edgar,Quero,26,2003-04-06,23,"5' 10""",205,2,Catcher,S,Switch,R,Right,0-4 | 3 K,,4,0,0,0,0,0,0,3,0,0,0,0,4,0,,,,,,,,,,
2026-05-14,824602,,/api/v1.1/game/824602/feed/live,R,2026,2026-05-14,,night,P,N,N,Regular Season,3,3,1,Final,Final,4,Rate Field,145,Chicago White Sox,CWS,6,True,118,Kansas City Royals,KC,2,False,643217,Andrew Benintendi,Andrew,Benintendi,23,1994-07-06,31,"5' 9""",185,10,Designated Hitter,L,Left,L,Left,0-4,,4,0,0,0,0,0,0,0,0,0,0,0,4,0,,,,,,,,,,
2026-05-14,824602,,/api/v1.1/game/824602/feed/live,R,2026,2026-05-14,,night,P,N,N,Regular Season,3,3,1,Final,Final,4,Rate Field,145,Chicago White Sox,CWS,6,True,118,Kansas City Royals,KC,2,False,680732,Sean Burke,Sean,Burke,59,1999-12-18,26,"6' 6""",240,1,Pitcher,R,Right,R,Right,,,,,,,,,,,,,,,,,,,,,,,,,,
2026-05-14,824602,,/api/v1.1/game/824602/feed/live,R,2026,2026-05-14,,night,P,N,N,Regular Season,3,3,1,Final,Final,4,Rate Field,145,Chicago White Sox,CWS,6,True,118,Kansas City Royals,KC,2,False,663542,Bryan Hudson,Bryan,Hudson,60,1997-05-08,29,"6' 8""",248,1,Pitcher,L,Left,L,Left,,,,,,,,,,,,,,,,,,,,,,,,,,
2026-05-14,824602,,/api/v1.1/game/824602/feed/live,R,2026,2026-05-14,,night,P,N,N,Regular Season,3,3,1,Final,Final,4,Rate Field,145,Chicago White Sox,CWS,6,True,118,Kansas City Royals,KC,2,False,607200,Erick Fedde,Erick,Fedde,47,1993-02-25,33,"6' 4""",205,1,Pitcher,R,Right,R,Right,,,,,,,,,,,,,,,,,,,,,,,,,,
2026-05-14,824602,,/api/v1.1/game/824602/feed/live,R,2026,2026-05-14,,night,P,N,N,Regular Season,3,3,1,Final,Final,4,Rate Field,145,Chicago White Sox,CWS,6,True,118,Kansas City Royals,KC,2,False,656794,Sean Newcomb,Sean,Newcomb,15,1993-06-12,32,"6' 5""",255,1,Pitcher,L,Left,L,Left,"2.0 IP, 0 ER, K, 0 BB",,,,,,,,,,,,,,,,2.0,0,1,0,1,0,26,0,0,1
2026-05-14,824602,,/api/v1.1/game/824602/feed/live,R,2026,2026-05-14,,night,P,N,N,Regular Season,3,3,1,Final,Final,4,Rate Field,145,Chicago White Sox,CWS,6,True,118,Kansas City Royals,KC,2,False,663855,Jordan Hicks,Jordan,Hicks,44,1996-09-06,29,"6' 2""",217,1,Pitcher,R,Right,R,Right,,,,,,,,,,,,,,,,,,,,,,,,,,
2026-05-14,824602,,/api/v1.1/game/824602/feed/live,R,2026,2026-05-14,,night,P,N,N,Regular Season,3,3,1,Final,Final,4,Rate Field,145,Chicago White Sox,CWS,6,True,118,Kansas City Royals,KC,2,False,803011,Sam Antonacci,Samuel,Antonacci,17,2003-02-06,23,"5' 11""",193,7,Outfielder,L,Left,R,Right,"1-1 | 2B, R",,1,1,1,0,0,0,1,0,0,0,0,0,1,2,,,,,,,,,,
2026-05-14,824602,,/api/v1.1/game/824602/feed/live,R,2026,2026-05-14,,night,P,N,N,Regular Season,3,3,1,Final,Final,4,Rate Field,145,Chicago White Sox,CWS,6,True,118,Kansas City Royals,KC,2,False,672284,Jarred Kelenic,Jarred,Kelenic,24,1999-07-16,26,"5' 11""",206,9,Outfielder,L,Left,L,Left,0-3 | K,,3,0,0,0,0,0,0,1,0,0,0,0,3,0,,,,,,,,,,
2026-05-14,824602,,/api/v1.1/game/824602/feed/live,R,2026,2026-05-14,,night,P,N,N,Regular Season,3,3,1,Final,Final,4,Rate Field,145,Chicago White Sox,CWS,6,True,118,Kansas City Royals,KC,2,False,656537,Derek Hill,Derek,Hill,25,1995-12-30,30,"6' 0""",206,9,Outfielder,R,Right,R,Right,"1-3 | BB, RBI, SB",,3,1,0,0,0,1,0,0,1,1,1,0,4,1,,,,,,,,,,
2026-05-14,824602,,/api/v1.1/game/824602/feed/live,R,2026,2026-05-14,,night,P,N,N,Regular Season,3,3,1,Final,Final,4,Rate Field,145,Chicago White Sox,CWS,6,True,118,Kansas City Royals,KC,2,False,678246,Miguel Vargas,Miguel,Vargas,20,1999-11-17,26,"6' 2""",225,5,Third Base,R,Right,R,Right,"1-4 | 2 K, R",,4,1,0,0,0,0,1,2,0,0,0,1,4,1,,,,,,,,,,
2026-05-14,824602,,/api/v1.1/game/824602/feed/live,R,2026,2026-05-14,,night,P,N,N,Regular Season,3,3,1,Final,Final,4,Rate Field,145,Chicago White Sox,CWS,6,True,118,Kansas City Royals,KC,2,False,699823,Tyler Davis,Tyler,Davis,63,1998-10-03,27,"6' 2""",210,1,Pitcher,R,Right,R,Right,"1.0 IP, 0 ER, 0 K, 0 BB",,,,,,,,,,,,,,,,1.0,0,0,0,0,0,9,0,0,0
2026-05-14,824602,,/api/v1.1/game/824602/feed/live,R,2026,2026-05-14,,night,P,N,N,Regular Season,3,3,1,Final,Final,4,Rate Field,145,Chicago White Sox,CWS,6,True,118,Kansas City Royals,KC,2,False,695600,Carter Jensen,Carter,Jensen,22,2003-07-03,22,"6' 0""",210,2,Catcher,L,Left,R,Right,,,,,,,,,,,,,,,,,,,,,,,,,,
2026-05-14,824602,,/api/v1.1/game/824602/feed/live,R,2026,2026-05-14,,night,P,N,N,Regular Season,3,3,1,Final,Final,4,Rate Field,145,Chicago White Sox,CWS,6,True,118,Kansas City Royals,KC,2,False,686555,Isaac Collins,Isaac,Collins,1,1997-07-22,28,"5' 8""",188,7,Outfielder,S,Switch,R,Right,0-3 | HBP,,3,0,0,0,0,0,0,0,0,0,0,0,4,0,,,,,,,,,,
2026-05-14,824602,,/api/v1.1/game/824602/feed/live,R,2026,2026-05-14,,night,P,N,N,Regular Season,3,3,1,Final,Final,4,Rate Field,145,Chicago White Sox,CWS,6,True,118,Kansas City Royals,KC,2,False,521692,Salvador Perez,Salvador,Perez,13,1990-05-10,36,"6' 2""",255,2,Catcher,R,Right,R,Right,2-4 | K,,4,2,0,0,0,0,0,1,0,0,0,1,4,2,,,,,,,,,,
2026-05-14,824602,,/api/v1.1/game/824602/feed/live,R,2026,2026-05-14,,night,P,N,N,Regular Season,3,3,1,Final,Final,4,Rate Field,145,Chicago White Sox,CWS,6,True,118,Kansas City Royals,KC,2,False,679883,Luinder Avila,Luinder,Avila,58,2001-08-21,24,"6' 3""",195,1,Pitcher,R,Right,R,Right,"2.0 IP, 0 ER, 2 K, 2 BB",,,,,,,,,,,,,,,,2.0,0,0,0,2,2,33,0,0,0
2026-05-14,824602,,/api/v1.1/game/824602/feed/live,R,2026,2026-05-14,,night,P,N,N,Regular Season,3,3,1,Final,Final,4,Rate Field,145,Chicago White Sox,CWS,6,True,118,Kansas City Royals,KC,2,False,679845,Nick Loftin,Nicholas,Loftin,12,1998-09-25,27,"5' 11""",180,4,Second Base,R,Right,R,Right,0-3 | HBP,,3,0,0,0,0,0,0,0,0,0,0,0,4,0,,,,,,,,,,
2026-05-14,824602,,/api/v1.1/game/824602/feed/live,R,2026,2026-05-14,,night,P,N,N,Regular Season,3,3,1,Final,Final,4,Rate Field,145,Chicago White Sox,CWS,6,True,118,Kansas City Royals,KC,2,False,668674,Lucas Erceg,Lucas,Erceg,60,1995-05-01,31,"6' 2""",214,1,Pitcher,L,Left,R,Right,"1.0 IP, ER, K, 0 BB",,,,,,,,,,,,,,,,1.0,1,2,0,1,0,15,0,0,0
2026-05-14,824602,,/api/v1.1/game/824602/feed/live,R,2026,2026-05-14,,night,P,N,N,Regular Season,3,3,1,Final,Final,4,Rate Field,145,Chicago White Sox,CWS,6,True,118,Kansas City Royals,KC,2,False,663460,Kris Bubic,Kristofer,Bubic,50,1997-08-19,28,"6' 3""",220,1,Pitcher,L,Left,L,Left,"4.0 IP, 5 ER, 4 K, 3 BB",,,,,,,,,,,,,,,,4.0,5,5,1,4,3,84,0,1,0
2026-05-14,824602,,/api/v1.1/game/824602/feed/live,R,2026,2026-05-14,,night,P,N,N,Regular Season,3,3,1,Final,Final,4,Rate Field,145,Chicago White Sox,CWS,6,True,118,Kansas City Royals,KC,2,False,686681,Michael Massey,Michael,Massey,19,1998-03-22,28,"6' 0""",195,4,Second Base,L,Left,R,Right,,,,,,,,,,,,,,,,,,,,,,,,,,
2026-05-14,824602,,/api/v1.1/game/824602/feed/live,R,2026,2026-05-14,,night,P,N,N,Regular Season,3,3,1,Final,Final,4,Rate Field,145,Chicago White Sox,CWS,6,True,118,Kansas City Royals,KC,2,False,516782,Starling Marte,Starling,Marte,0,1988-10-09,37,"6' 0""",195,9,Outfielder,R,Right,R,Right,"1-3 | BB, K",,3,1,0,0,0,0,0,1,1,0,0,0,4,1,,,,,,,,,,
2026-05-14,824602,,/api/v1.1/game/824602/feed/live,R,2026,2026-05-14,,night,P,N,N,Regular Season,3,3,1,Final,Final,4,Rate Field,145,Chicago White Sox,CWS,6,True,118,Kansas City Royals,KC,2,False,621381,Matt Strahm,Matthew,Strahm,25,1991-11-12,34,"6' 2""",190,1,Pitcher,R,Right,L,Left,,,,,,,,,,,,,,,,,,,,,,,,,,
2026-05-14,824602,,/api/v1.1/game/824602/feed/live,R,2026,2026-05-14,,night,P,N,N,Regular Season,3,3,1,Final,Final,4,Rate Field,145,Chicago White Sox,CWS,6,True,118,Kansas City Royals,KC,2,False,663568,Stephen Kolek,Stephen,Kolek,32,1997-04-18,29,"6' 3""",210,1,Pitcher,R,Right,R,Right,,,,,,,,,,,,,,,,,,,,,,,,,,
2026-05-14,824602,,/api/v1.1/game/824602/feed/live,R,2026,2026-05-14,,night,P,N,N,Regular Season,3,3,1,Final,Final,4,Rate Field,145,Chicago White Sox,CWS,6,True,118,Kansas City Royals,KC,2,False,683232,Nick Mears,Nicolaus,Mears,31,1996-10-07,29,"6' 3""",217,1,Pitcher,R,Right,R,Right,,,,,,,,,,,,,,,,,,,,,,,,,,
2026-05-14,824602,,/api/v1.1/game/824602/feed/live,R,2026,2026-05-14,,night,P,N,N,Regular Season,3,3,1,Final,Final,4,Rate Field,145,Chicago White Sox,CWS,6,True,118,Kansas City Royals,KC,2,False,686469,Vinnie Pasquantino,Vincent,Pasquantino,9,1997-10-10,28,"6' 3""",245,3,First Base,L,Left,L,Left,0-4 | K,,4,0,0,0,0,0,0,1,0,0,0,0,4,0,,,,,,,,,,
2026-05-14,824602,,/api/v1.1/game/824602/feed/live,R,2026,2026-05-14,,night,P,N,N,Regular Season,3,3,1,Final,Final,4,Rate Field,145,Chicago White Sox,CWS,6,True,118,Kansas City Royals,KC,2,False,664728,Kyle Isbel,Kyle,Isbel,28,1997-03-03,29,"5' 10""",190,8,Outfielder,L,Left,R,Right,"1-4 | 3B, 2 K, R",,4,1,0,1,0,0,1,2,0,0,0,0,4,3,,,,,,,,,,
2026-05-14,824602,,/api/v1.1/game/824602/feed/live,R,2026,2026-05-14,,night,P,N,N,Regular Season,3,3,1,Final,Final,4,Rate Field,145,Chicago White Sox,CWS,6,True,118,Kansas City Royals,KC,2,False,663738,Daniel Lynch IV,Daniel,Lynch,41,1996-11-17,29,"6' 6""",200,1,Pitcher,L,Left,L,Left,,,,,,,,,,,,,,,,,,,,,,,,,,
2026-05-14,824602,,/api/v1.1/game/824602/feed/live,R,2026,2026-05-14,,night,P,N,N,Regular Season,3,3,1,Final,Final,4,Rate Field,145,Chicago White Sox,CWS,6,True,118,Kansas City Royals,KC,2,False,553869,Elias Díaz,Elias,Díaz,43,1990-11-17,35,"6' 1""",223,2,Catcher,R,Right,R,Right,,,,,,,,,,,,,,,,,,,,,,,,,,
2026-05-14,824602,,/api/v1.1/game/824602/feed/live,R,2026,2026-05-14,,night,P,N,N,Regular Season,3,3,1,Final,Final,4,Rate Field,145,Chicago White Sox,CWS,6,True,118,Kansas City Royals,KC,2,False,608379,Michael Wacha,Michael,Wacha,52,1991-07-01,34,"6' 6""",215,1,Pitcher,R,Right,R,Right,,,,,,,,,,,,,,,,,,,,,,,,,,
2026-05-14,824602,,/api/v1.1/game/824602/feed/live,R,2026,2026-05-14,,night,P,N,N,Regular Season,3,3,1,Final,Final,4,Rate Field,145,Chicago White Sox,CWS,6,True,118,Kansas City Royals,KC,2,False,672580,Maikel Garcia,Maikel,Garcia,11,2000-03-03,26,"6' 1""",180,5,Third Base,R,Right,R,Right,"1-5 | RBI, R",,5,1,0,0,0,1,1,0,0,0,0,0,5,1,,,,,,,,,,
2026-05-14,824602,,/api/v1.1/game/824602/feed/live,R,2026,2026-05-14,,night,P,N,N,Regular Season,3,3,1,Final,Final,4,Rate Field,145,Chicago White Sox,CWS,6,True,118,Kansas City Royals,KC,2,False,607625,Seth Lugo,Jacob,Lugo,67,1989-11-17,36,"6' 4""",225,1,Pitcher,R,Right,R,Right,,,,,,,,,,,,,,,,,,,,,,,,,,
2026-05-14,824602,,/api/v1.1/game/824602/feed/live,R,2026,2026-05-14,,night,P,N,N,Regular Season,3,3,1,Final,Final,4,Rate Field,145,Chicago White Sox,CWS,6,True,118,Kansas City Royals,KC,2,False,657041,Lane Thomas,Lane,Thomas,15,1995-08-23,30,"5' 11""",195,8,Outfielder,R,Right,R,Right,1-2 | RBI,,2,1,0,0,0,1,0,0,0,0,0,0,3,1,,,,,,,,,,
2026-05-14,824602,,/api/v1.1/game/824602/feed/live,R,2026,2026-05-14,,night,P,N,N,Regular Season,3,3,1,Final,Final,4,Rate Field,145,Chicago White Sox,CWS,6,True,118,Kansas City Royals,KC,2,False,702070,Noah Cameron,Noah,Cameron,65,1999-07-17,26,"6' 3""",220,1,Pitcher,L,Left,L,Left,,,,,,,,,,,,,,,,,,,,,,,,,,
2026-05-14,824602,,/api/v1.1/game/824602/feed/live,R,2026,2026-05-14,,night,P,N,N,Regular Season,3,3,1,Final,Final,4,Rate Field,145,Chicago White Sox,CWS,6,True,118,Kansas City Royals,KC,2,False,656638,Alex Lange,Alexander,Lange,56,1995-10-02,30,"6' 3""",202,1,Pitcher,R,Right,R,Right,"1.0 IP, 0 ER, 0 K, 0 BB",,,,,,,,,,,,,,,,1.0,0,1,0,0,0,10,0,0,0
2026-05-14,824602,,/api/v1.1/game/824602/feed/live,R,2026,2026-05-14,,night,P,N,N,Regular Season,3,3,1,Final,Final,4,Rate Field,145,Chicago White Sox,CWS,6,True,118,Kansas City Royals,KC,2,False,695506,Jac Caglianone,Jeffrey,Caglianone,14,2003-02-09,23,"6' 4""",250,9,Outfielder,L,Left,L,Left,0-1,,1,0,0,0,0,0,0,0,0,0,0,0,1,0,,,,,,,,,,
2026-05-14,824602,,/api/v1.1/game/824602/feed/live,R,2026,2026-05-14,,night,P,N,N,Regular Season,3,3,1,Final,Final,4,Rate Field,145,Chicago White Sox,CWS,6,True,118,Kansas City Royals,KC,2,False,677951,Bobby Witt Jr.,Robert,Witt,7,2000-06-14,25,"6' 1""",200,6,Shortstop,R,Right,R,Right,"1-3 | BB, SB",,3,1,0,0,0,0,0,0,1,1,0,0,4,1,,,,,,,,,,
2026-05-14,824602,,/api/v1.1/game/824602/feed/live,R,2026,2026-05-14,,night,P,N,N,Regular Season,3,3,1,Final,Final,4,Rate Field,145,Chicago White Sox,CWS,6,True,118,Kansas City Royals,KC,2,False,674444,Steven Cruz,Steven,Cruz,64,1999-06-15,26,"6' 7""",225,1,Pitcher,R,Right,R,Right,,,,,,,,,,,,,,,,,,,,,,,,,,
2026-05-14,824602,,/api/v1.1/game/824602/feed/live,R,2026,2026-05-14,,night,P,N,N,Regular Season,3,3,1,Final,Final,4,Rate Field,145,Chicago White Sox,CWS,6,True,118,Kansas City Royals,KC,2,False,670167,John Schreiber,John,Schreiber,46,1994-03-05,32,"6' 2""",224,1,Pitcher,R,Right,R,Right,,,,,,,,,,,,,,,,,,,,,,,,,,
2026-05-14,823950,,/api/v1.1/game/823950/feed/live,R,2026,2026-05-14,,night,P,N,N,Regular Season,4,4,1,Final,Final,22,UNIQLO Field at Dodger Stadium,119,Los Angeles Dodgers,LAD,5,True,137,San Francisco Giants,SF,2,False,669257,Will Smith,William,Smith,16,1995-03-28,31,"5' 10""",195,2,Catcher,R,Right,R,Right,"1-3 | HR, BB, 2 K",,3,1,0,0,1,1,1,2,1,0,0,0,4,4,,,,,,,,,,
2026-05-14,823950,,/api/v1.1/game/823950/feed/live,R,2026,2026-05-14,,night,P,N,N,Regular Season,4,4,1,Final,Final,22,UNIQLO Field at Dodger Stadium,119,Los Angeles Dodgers,LAD,5,True,137,San Francisco Giants,SF,2,False,687221,Dalton Rushing,Dalton,Rushing,68,2001-02-21,25,"6' 0""",220,2,Catcher,L,Left,R,Right,"0-3 | BB, 3 K",,3,0,0,0,0,0,0,3,1,0,0,0,4,0,,,,,,,,,,
2026-05-14,823950,,/api/v1.1/game/823950/feed/live,R,2026,2026-05-14,,night,P,N,N,Regular Season,4,4,1,Final,Final,22,UNIQLO Field at Dodger Stadium,119,Los Angeles Dodgers,LAD,5,True,137,San Francisco Giants,SF,2,False,681911,Alex Vesia,Alexander,Vesia,51,1996-04-11,30,"6' 1""",209,1,Pitcher,L,Left,L,Left,"1.0 IP, 0 ER, K, BB",,,,,,,,,,,,,,,,1.0,0,0,0,1,1,21,0,0,0
2026-05-14,823950,,/api/v1.1/game/823950/feed/live,R,2026,2026-05-14,,night,P,N,N,Regular Season,4,4,1,Final,Final,22,UNIQLO Field at Dodger Stadium,119,Los Angeles Dodgers,LAD,5,True,137,San Francisco Giants,SF,2,False,663656,Kyle Tucker,Kyle,Tucker,23,1997-01-17,29,"6' 3""",212,9,Outfielder,L,Left,R,Right,0-4 | K,,4,0,0,0,0,0,0,1,0,0,0,0,4,0,,,,,,,,,,
2026-05-14,823950,,/api/v1.1/game/823950/feed/live,R,2026,2026-05-14,,night,P,N,N,Regular Season,4,4,1,Final,Final,22,UNIQLO Field at Dodger Stadium,119,Los Angeles Dodgers,LAD,5,True,137,San Francisco Giants,SF,2,False,571970,Max Muncy,Maxwell,Muncy,13,1990-08-25,35,"5' 10""",215,5,Third Base,L,Left,R,Right,"0-3 | BB, 2 R",,3,0,0,0,0,0,2,0,1,0,0,0,4,0,,,,,,,,,,
2026-05-14,823950,,/api/v1.1/game/823950/feed/live,R,2026,2026-05-14,,night,P,N,N,Regular Season,4,4,1,Final,Final,22,UNIQLO Field at Dodger Stadium,119,Los Angeles Dodgers,LAD,5,True,137,San Francisco Giants,SF,2,False,670090,Wyatt Mills,Gregory,Mills,58,1995-01-25,31,"6' 4""",220,1,Pitcher,R,Right,R,Right,,,,,,,,,,,,,,,,,,,,,,,,,,
2026-05-14,823950,,/api/v1.1/game/823950/feed/live,R,2026,2026-05-14,,night,P,N,N,Regular Season,4,4,1,Final,Final,22,UNIQLO Field at Dodger Stadium,119,Los Angeles Dodgers,LAD,5,True,137,San Francisco Giants,SF,2,False,518692,Freddie Freeman,Frederick,Freeman,5,1989-09-12,36,"6' 4""",220,3,First Base,L,Left,R,Right,0-4 | K,,4,0,0,0,0,0,0,1,0,0,0,0,4,0,,,,,,,,,,
2026-05-14,823950,,/api/v1.1/game/823950/feed/live,R,2026,2026-05-14,,night,P,N,N,Regular Season,4,4,1,Final,Final,22,UNIQLO Field at Dodger Stadium,119,Los Angeles Dodgers,LAD,5,True,137,San Francisco Giants,SF,2,False,683618,Edgardo Henriquez,Edgardo,Henriquez,60,2002-06-24,23,"6' 4""",200,1,Pitcher,R,Right,R,Right,"1.0 IP, 0 ER, K, 0 BB",,,,,,,,,,,,,,,,1.0,0,0,0,1,0,17,0,0,0
2026-05-14,823950,,/api/v1.1/game/823950/feed/live,R,2026,2026-05-14,,night,P,N,N,Regular Season,4,4,1,Final,Final,22,UNIQLO Field at Dodger Stadium,119,Los Angeles Dodgers,LAD,5,True,137,San Francisco Giants,SF,2,False,808975,Hyeseong Kim,Hyeseong,Kim,6,1999-01-27,27,"5' 10""",175,6,Shortstop,L,Left,R,Right,"1-2 | K, RBI",,2,1,0,0,0,1,0,1,0,0,0,0,2,1,,,,,,,,,,
2026-05-14,823950,,/api/v1.1/game/823950/feed/live,R,2026,2026-05-14,,night,P,N,N,Regular Season,4,4,1,Final,Final,22,UNIQLO Field at Dodger Stadium,119,Los Angeles Dodgers,LAD,5,True,137,San Francisco Giants,SF,2,False,656945,Tanner Scott,Tanner,Scott,66,1994-07-22,31,"6' 0""",235,1,Pitcher,R,Right,L,Left,"1.0 IP, 0 ER, 2 K, 0 BB",,,,,,,,,,,,,,,,1.0,0,0,0,2,0,9,0,0,1
2026-05-14,823950,,/api/v1.1/game/823950/feed/live,R,2026,2026-05-14,,night,P,N,N,Regular Season,4,4,1,Final,Final,22,UNIQLO Field at Dodger Stadium,119,Los Angeles Dodgers,LAD,5,True,137,San Francisco Giants,SF,2,False,669289,Santiago Espinal,Santiago,Espinal,21,1994-11-13,31,"5' 9""",185,5,Third Base,R,Right,R,Right,0-1,,1,0,0,0,0,0,0,0,0,0,0,1,1,0,,,,,,,,,,
2026-05-14,823950,,/api/v1.1/game/823950/feed/live,R,2026,2026-05-14,,night,P,N,N,Regular Season,4,4,1,Final,Final,22,UNIQLO Field at Dodger Stadium,119,Los Angeles Dodgers,LAD,5,True,137,San Francisco Giants,SF,2,False,669165,Kyle Hurt,Kyle,Hurt,63,1998-05-30,27,"6' 3""",240,1,Pitcher,R,Right,R,Right,,,,,,,,,,,,,,,,,,,,,,,,,,
2026-05-14,823950,,/api/v1.1/game/823950/feed/live,R,2026,2026-05-14,,night,P,N,N,Regular Season,4,4,1,Final,Final,22,UNIQLO Field at Dodger Stadium,119,Los Angeles Dodgers,LAD,5,True,137,San Francisco Giants,SF,2,False,660271,Shohei Ohtani,Shohei,Ohtani,17,1994-07-05,31,"6' 4""",210,Y,Two-Way Player,L,Left,R,Right,,,,,,,,,,,,,,,,,,,,,,,,,,
2026-05-14,823950,,/api/v1.1/game/823950/feed/live,R,2026,2026-05-14,,night,P,N,N,Regular Season,4,4,1,Final,Final,22,UNIQLO Field at Dodger Stadium,119,Los Angeles Dodgers,LAD,5,True,137,San Francisco Giants,SF,2,False,694361,Will Klein,William,Klein,61,1999-11-28,26,"6' 5""",230,1,Pitcher,R,Right,R,Right,,,,,,,,,,,,,,,,,,,,,,,,,,
2026-05-14,823950,,/api/v1.1/game/823950/feed/live,R,2026,2026-05-14,,night,P,N,N,Regular Season,4,4,1,Final,Final,22,UNIQLO Field at Dodger Stadium,119,Los Angeles Dodgers,LAD,5,True,137,San Francisco Giants,SF,2,False,680736,Justin Wrobleski,Justin,Wrobleski,70,2000-07-14,25,"6' 1""",194,1,Pitcher,L,Left,L,Left,,,,,,,,,,,,,,,,,,,,,,,,,,
2026-05-14,823950,,/api/v1.1/game/823950/feed/live,R,2026,2026-05-14,,night,P,N,N,Regular Season,4,4,1,Final,Final,22,UNIQLO Field at Dodger Stadium,119,Los Angeles Dodgers,LAD,5,True,137,San Francisco Giants,SF,2,False,606192,Teoscar Hernández,Teoscar,Hernández,37,1992-10-15,33,"6' 0""",215,7,Outfielder,R,Right,R,Right,"3-4 | 2 2B, K, R",,4,3,2,0,0,0,1,1,0,0,0,0,4,5,,,,,,,,,,
2026-05-14,823950,,/api/v1.1/game/823950/feed/live,R,2026,2026-05-14,,night,P,N,N,Regular Season,4,4,1,Final,Final,22,UNIQLO Field at Dodger Stadium,119,Los Angeles Dodgers,LAD,5,True,137,San Francisco Giants,SF,2,False,681624,Andy Pages,Andy,Pages,44,2000-12-08,25,"6' 1""",212,8,Outfielder,R,Right,R,Right,0-3 | BB,,3,0,0,0,0,0,0,0,1,0,0,0,4,0,,,,,,,,,,
2026-05-14,823950,,/api/v1.1/game/823950/feed/live,R,2026,2026-05-14,,night,P,N,N,Regular Season,4,4,1,Final,Final,22,UNIQLO Field at Dodger Stadium,119,Los Angeles Dodgers,LAD,5,True,137,San Francisco Giants,SF,2,False,669743,Alex Call,Alex,Call,12,1994-09-27,31,"5' 11""",189,7,Outfielder,R,Right,R,Right,"1-1 | 2 RBI, R",,1,1,0,0,0,2,1,0,0,0,0,0,1,1,,,,,,,,,,
2026-05-14,823950,,/api/v1.1/game/823950/feed/live,R,2026,2026-05-14,,night,P,N,N,Regular Season,4,4,1,Final,Final,22,UNIQLO Field at Dodger Stadium,119,Los Angeles Dodgers,LAD,5,True,137,San Francisco Giants,SF,2,False,605141,Mookie Betts,Markus,Betts,50,1992-10-07,33,"5' 9""",180,6,Shortstop,R,Right,R,Right,,,,,,,,,,,,,,,,,,,,,,,,,,
2026-05-14,823950,,/api/v1.1/game/823950/feed/live,R,2026,2026-05-14,,night,P,N,N,Regular Season,4,4,1,Final,Final,22,UNIQLO Field at Dodger Stadium,119,Los Angeles Dodgers,LAD,5,True,137,San Francisco Giants,SF,2,False,605483,Blake Snell,Blake,Snell,7,1992-12-04,33,"6' 4""",225,1,Pitcher,L,Left,L,Left,,,,,,,,,,,,,,,,,,,,,,,,,,
2026-05-14,823950,,/api/v1.1/game/823950/feed/live,R,2026,2026-05-14,,night,P,N,N,Regular Season,4,4,1,Final,Final,22,UNIQLO Field at Dodger Stadium,119,Los Angeles Dodgers,LAD,5,True,137,San Francisco Giants,SF,2,False,686218,Emmet Sheehan,George,Sheehan,80,1999-11-15,26,"6' 5""",220,1,Pitcher,R,Right,R,Right,"6.0 IP, 2 ER, 6 K, 2 BB",,,,,,,,,,,,,,,,6.0,2,2,1,6,2,97,1,0,0
2026-05-14,823950,,/api/v1.1/game/823950/feed/live,R,2026,2026-05-14,,night,P,N,N,Regular Season,4,4,1,Final,Final,22,UNIQLO Field at Dodger Stadium,119,Los Angeles Dodgers,LAD,5,True,137,San Francisco Giants,SF,2,False,500743,Miguel Rojas,Miguel,Rojas,72,1989-02-24,37,"5' 10""",188,6,Shortstop,R,Right,R,Right,2-3 | RBI,,3,2,0,0,0,1,0,0,0,0,0,0,3,2,,,,,,,,,,
2026-05-14,823950,,/api/v1.1/game/823950/feed/live,R,2026,2026-05-14,,night,P,N,N,Regular Season,4,4,1,Final,Final,22,UNIQLO Field at Dodger Stadium,119,Los Angeles Dodgers,LAD,5,True,137,San Francisco Giants,SF,2,False,676263,Jack Dreyer,Jacob,Dreyer,86,1999-02-27,27,"6' 2""",205,1,Pitcher,R,Right,L,Left,,,,,,,,,,,,,,,,,,,,,,,,,,
2026-05-14,823950,,/api/v1.1/game/823950/feed/live,R,2026,2026-05-14,,night,P,N,N,Regular Season,4,4,1,Final,Final,22,UNIQLO Field at Dodger Stadium,119,Los Angeles Dodgers,LAD,5,True,137,San Francisco Giants,SF,2,False,595014,Blake Treinen,Blake,Treinen,49,1988-06-30,37,"6' 5""",225,1,Pitcher,R,Right,R,Right,,,,,,,,,,,,,,,,,,,,,,,,,,
2026-05-14,823950,,/api/v1.1/game/823950/feed/live,R,2026,2026-05-14,,night,P,N,N,Regular Season,4,4,1,Final,Final,22,UNIQLO Field at Dodger Stadium,119,Los Angeles Dodgers,LAD,5,True,137,San Francisco Giants,SF,2,False,808963,Roki Sasaki,Roki,Sasaki,11,2001-11-03,24,"6' 2""",187,1,Pitcher,R,Right,R,Right,,,,,,,,,,,,,,,,,,,,,,,,,,
2026-05-14,823950,,/api/v1.1/game/823950/feed/live,R,2026,2026-05-14,,night,P,N,N,Regular Season,4,4,1,Final,Final,22,UNIQLO Field at Dodger Stadium,119,Los Angeles Dodgers,LAD,5,True,137,San Francisco Giants,SF,2,False,808967,Yoshinobu Yamamoto,Yoshinobu,Yamamoto,18,1998-08-17,27,"5' 10""",176,1,Pitcher,R,Right,R,Right,,,,,,,,,,,,,,,,,,,,,,,,,,
2026-05-14,823950,,/api/v1.1/game/823950/feed/live,R,2026,2026-05-14,,night,P,N,N,Regular Season,4,4,1,Final,Final,22,UNIQLO Field at Dodger Stadium,119,Los Angeles Dodgers,LAD,5,True,137,San Francisco Giants,SF,2,False,669477,Casey Schmitt,Casey,Schmitt,10,1999-03-01,27,"6' 0""",215,10,Designated Hitter,R,Right,R,Right,0-4 | 4 K,,4,0,0,0,0,0,0,4,0,0,0,0,4,0,,,,,,,,,,
2026-05-14,823950,,/api/v1.1/game/823950/feed/live,R,2026,2026-05-14,,night,P,N,N,Regular Season,4,4,1,Final,Final,22,UNIQLO Field at Dodger Stadium,119,Los Angeles Dodgers,LAD,5,True,137,San Francisco Giants,SF,2,False,664141,JT Brubaker,Jonathan,Brubaker,34,1993-11-17,32,"6' 4""",197,1,Pitcher,R,Right,R,Right,"1.0 IP, 0 ER, K, BB",,,,,,,,,,,,,,,,1.0,0,0,0,1,1,13,0,0,0
2026-05-14,823950,,/api/v1.1/game/823950/feed/live,R,2026,2026-05-14,,night,P,N,N,Regular Season,4,4,1,Final,Final,22,UNIQLO Field at Dodger Stadium,119,Los Angeles Dodgers,LAD,5,True,137,San Francisco Giants,SF,2,False,686790,Trevor McDonald,Trevor,McDonald,72,2001-02-26,25,"6' 0""",205,1,Pitcher,R,Right,R,Right,,,,,,,,,,,,,,,,,,,,,,,,,,
2026-05-14,823950,,/api/v1.1/game/823950/feed/live,R,2026,2026-05-14,,night,P,N,N,Regular Season,4,4,1,Final,Final,22,UNIQLO Field at Dodger Stadium,119,Los Angeles Dodgers,LAD,5,True,137,San Francisco Giants,SF,2,False,671218,Heliot Ramos,Heliot,Ramos,17,1999-09-07,26,"5' 11""",235,7,Outfielder,R,Right,R,Right,0-4,,4,0,0,0,0,0,0,0,0,0,0,0,4,0,,,,,,,,,,
2026-05-14,823950,,/api/v1.1/game/823950/feed/live,R,2026,2026-05-14,,night,P,N,N,Regular Season,4,4,1,Final,Final,22,UNIQLO Field at Dodger Stadium,119,Los Angeles Dodgers,LAD,5,True,137,San Francisco Giants,SF,2,False,641816,Tyler Mahle,Tyler,Mahle,54,1994-09-29,31,"6' 3""",212,1,Pitcher,R,Right,R,Right,,,,,,,,,,,,,,,,,,,,,,,,,,
2026-05-14,823950,,/api/v1.1/game/823950/feed/live,R,2026,2026-05-14,,night,P,N,N,Regular Season,4,4,1,Final,Final,22,UNIQLO Field at Dodger Stadium,119,Los Angeles Dodgers,LAD,5,True,137,San Francisco Giants,SF,2,False,683679,Jesus Rodriguez,Jesus,Rodriguez,79,2002-04-23,24,"5' 10""",201,2,Catcher,R,Right,R,Right,,,,,,,,,,,,,,,,,,,,,,,,,,
2026-05-14,823950,,/api/v1.1/game/823950/feed/live,R,2026,2026-05-14,,night,P,N,N,Regular Season,4,4,1,Final,Final,22,UNIQLO Field at Dodger Stadium,119,Los Angeles Dodgers,LAD,5,True,137,San Francisco Giants,SF,2,False,676775,Keaton Winn,Keaton,Winn,67,1998-02-20,28,"6' 4""",230,1,Pitcher,R,Right,R,Right,,,,,,,,,,,,,,,,,,,,,,,,,,
2026-05-14,823950,,/api/v1.1/game/823950/feed/live,R,2026,2026-05-14,,night,P,N,N,Regular Season,4,4,1,Final,Final,22,UNIQLO Field at Dodger Stadium,119,Los Angeles Dodgers,LAD,5,True,137,San Francisco Giants,SF,2,False,656305,Matt Chapman,Matt,Chapman,26,1993-04-28,33,"6' 1""",220,5,Third Base,R,Right,R,Right,0-3 | 2 K,,3,0,0,0,0,0,0,2,0,0,0,0,3,0,,,,,,,,,,
2026-05-14,823950,,/api/v1.1/game/823950/feed/live,R,2026,2026-05-14,,night,P,N,N,Regular Season,4,4,1,Final,Final,22,UNIQLO Field at Dodger Stadium,119,Los Angeles Dodgers,LAD,5,True,137,San Francisco Giants,SF,2,False,668873,Caleb Kilian,Caleb,Kilian,45,1997-06-02,28,"6' 4""",206,1,Pitcher,R,Right,R,Right,,,,,,,,,,,,,,,,,,,,,,,,,,
2026-05-14,823950,,/api/v1.1/game/823950/feed/live,R,2026,2026-05-14,,night,P,N,N,Regular Season,4,4,1,Final,Final,22,UNIQLO Field at Dodger Stadium,119,Los Angeles Dodgers,LAD,5,True,137,San Francisco Giants,SF,2,False,621366,Ryan Borucki,Ryan,Borucki,47,1994-03-31,32,"6' 4""",210,1,Pitcher,L,Left,L,Left,"1.1 IP, 0 ER, 0 K, 0 BB",,,,,,,,,,,,,,,,1.1,0,0,0,0,0,13,0,0,0
2026-05-14,823950,,/api/v1.1/game/823950/feed/live,R,2026,2026-05-14,,night,P,N,N,Regular Season,4,4,1,Final,Final,22,UNIQLO Field at Dodger Stadium,119,Los Angeles Dodgers,LAD,5,True,137,San Francisco Giants,SF,2,False,808982,Jung Hoo Lee,Jung Hoo,Lee,51,1998-08-20,27,"6' 0""",196,9,Outfielder,L,Left,R,Right,"1-3 | HR, HBP, 2 RBI",,3,1,0,0,1,2,1,0,0,0,0,0,4,4,,,,,,,,,,
2026-05-14,823950,,/api/v1.1/game/823950/feed/live,R,2026,2026-05-14,,night,P,N,N,Regular Season,4,4,1,Final,Final,22,UNIQLO Field at Dodger Stadium,119,Los Angeles Dodgers,LAD,5,True,137,San Francisco Giants,SF,2,False,687551,Drew Gilbert,Andrew,Gilbert,0,2000-09-27,25,"5' 9""",195,8,Outfielder,L,Left,L,Left,"0-2 | BB, K",,2,0,0,0,0,0,0,1,1,0,0,0,3,0,,,,,,,,,,
2026-05-14,823950,,/api/v1.1/game/823950/feed/live,R,2026,2026-05-14,,night,P,N,N,Regular Season,4,4,1,Final,Final,22,UNIQLO Field at Dodger Stadium,119,Los Angeles Dodgers,LAD,5,True,137,San Francisco Giants,SF,2,False,656529,Sam Hentges,Sam,Hentges,31,1996-07-18,29,"6' 8""",255,1,Pitcher,L,Left,L,Left,,,,,,,,,,,,,,,,,,,,,,,,,,
2026-05-14,823950,,/api/v1.1/game/823950/feed/live,R,2026,2026-05-14,,night,P,N,N,Regular Season,4,4,1,Final,Final,22,UNIQLO Field at Dodger Stadium,119,Los Angeles Dodgers,LAD,5,True,137,San Francisco Giants,SF,2,False,646240,Rafael Devers,Rafael,Devers,16,1996-10-24,29,"6' 0""",235,3,First Base,L,Left,R,Right,1-4 | K,,4,1,0,0,0,0,0,1,0,0,0,0,4,1,,,,,,,,,,
2026-05-14,823950,,/api/v1.1/game/823950/feed/live,R,2026,2026-05-14,,night,P,N,N,Regular Season,4,4,1,Final,Final,22,UNIQLO Field at Dodger Stadium,119,Los Angeles Dodgers,LAD,5,True,137,San Francisco Giants,SF,2,False,666711,Joel Peguero,Joel,Peguero,63,1997-05-05,29,"5' 10""",195,1,Pitcher,R,Right,R,Right,,,,,,,,,,,,,,,,,,,,,,,,,,
2026-05-14,823950,,/api/v1.1/game/823950/feed/live,R,2026,2026-05-14,,night,P,N,N,Regular Season,4,4,1,Final,Final,22,UNIQLO Field at Dodger Stadium,119,Los Angeles Dodgers,LAD,5,True,137,San Francisco Giants,SF,2,False,663941,Tristan Beck,Tristan,Beck,43,1996-06-24,29,"6' 4""",200,1,Pitcher,R,Right,R,Right,,,,,,,,,,,,,,,,,,,,,,,,,,
2026-05-14,823950,,/api/v1.1/game/823950/feed/live,R,2026,2026-05-14,,night,P,N,N,Regular Season,4,4,1,Final,Final,22,UNIQLO Field at Dodger Stadium,119,Los Angeles Dodgers,LAD,5,True,137,San Francisco Giants,SF,2,False,664056,Harrison Bader,Harrison,Bader,9,1994-06-03,31,"5' 11""",219,8,Outfielder,R,Right,R,Right,,,,,,,,,,,,,,,,,,,,,,,,,,
2026-05-14,823950,,/api/v1.1/game/823950/feed/live,R,2026,2026-05-14,,night,P,N,N,Regular Season,4,4,1,Final,Final,22,UNIQLO Field at Dodger Stadium,119,Los Angeles Dodgers,LAD,5,True,137,San Francisco Giants,SF,2,False,606992,Eric Haase,Eric,Haase,18,1992-12-18,33,"5' 10""",201,2,Catcher,R,Right,R,Right,"0-2 | BB, R",,2,0,0,0,0,0,1,0,1,0,0,0,3,0,,,,,,,,,,
2026-05-14,823950,,/api/v1.1/game/823950/feed/live,R,2026,2026-05-14,,night,P,N,N,Regular Season,4,4,1,Final,Final,22,UNIQLO Field at Dodger Stadium,119,Los Angeles Dodgers,LAD,5,True,137,San Francisco Giants,SF,2,False,683766,Christian Koss,Christian,Koss,50,1998-01-27,28,"6' 1""",185,4,Second Base,R,Right,R,Right,,,,,,,,,,,,,,,,,,,,,,,,,,
2026-05-14,823950,,/api/v1.1/game/823950/feed/live,R,2026,2026-05-14,,night,P,N,N,Regular Season,4,4,1,Final,Final,22,UNIQLO Field at Dodger Stadium,119,Los Angeles Dodgers,LAD,5,True,137,San Francisco Giants,SF,2,False,605288,Adrian Houser,Adrian,Houser,12,1993-02-02,33,"6' 4""",227,1,Pitcher,R,Right,R,Right,,,,,,,,,,,,,,,,,,,,,,,,,,
2026-05-14,823950,,/api/v1.1/game/823950/feed/live,R,2026,2026-05-14,,night,P,N,N,Regular Season,4,4,1,Final,Final,22,UNIQLO Field at Dodger Stadium,119,Los Angeles Dodgers,LAD,5,True,137,San Francisco Giants,SF,2,False,642715,Willy Adames,Willy,Adames,2,1995-09-02,30,"6' 0""",216,6,Shortstop,R,Right,R,Right,"0-3 | BB, 2 K",,3,0,0,0,0,0,0,2,1,0,0,0,4,0,,,,,,,,,,
2026-05-14,823950,,/api/v1.1/game/823950/feed/live,R,2026,2026-05-14,,night,P,N,N,Regular Season,4,4,1,Final,Final,22,UNIQLO Field at Dodger Stadium,119,Los Angeles Dodgers,LAD,5,True,137,San Francisco Giants,SF,2,False,592662,Robbie Ray,Robert,Ray,38,1991-10-01,34,"6' 2""",220,1,Pitcher,L,Left,L,Left,,,,,,,,,,,,,,,,,,,,,,,,,,
2026-05-14,823950,,/api/v1.1/game/823950/feed/live,R,2026,2026-05-14,,night,P,N,N,Regular Season,4,4,1,Final,Final,22,UNIQLO Field at Dodger Stadium,119,Los Angeles Dodgers,LAD,5,True,137,San Francisco Giants,SF,2,False,694738,Landen Roupp,Landen,Roupp,65,1998-09-10,27,"6' 2""",220,1,Pitcher,R,Right,R,Right,"5.1 IP, 4 ER, 7 K, 2 BB",,,,,,,,,,,,,,,,5.1,4,6,1,7,2,105,0,1,0
2026-05-14,823950,,/api/v1.1/game/823950/feed/live,R,2026,2026-05-14,,night,P,N,N,Regular Season,4,4,1,Final,Final,22,UNIQLO Field at Dodger Stadium,119,Los Angeles Dodgers,LAD,5,True,137,San Francisco Giants,SF,2,False,650333,Luis Arraez,Luis,Arraez,1,1997-04-09,29,"5' 10""",186,4,Second Base,L,Left,R,Right,0-4,,4,0,0,0,0,0,0,0,0,0,0,0,4,0,,,,,,,,,,
2026-05-14,823950,,/api/v1.1/game/823950/feed/live,R,2026,2026-05-14,,night,P,N,N,Regular Season,4,4,1,Final,Final,22,UNIQLO Field at Dodger Stadium,119,Los Angeles Dodgers,LAD,5,True,137,San Francisco Giants,SF,2,False,805811,Bryce Eldridge,Bryson,Eldridge,8,2004-10-20,21,"6' 7""",251,10,Designated Hitter,L,Left,R,Right,,,,,,,,,,,,,,,,,,,,,,,,,,
2026-05-14,823950,,/api/v1.1/game/823950/feed/live,R,2026,2026-05-14,,night,P,N,N,Regular Season,4,4,1,Final,Final,22,UNIQLO Field at Dodger Stadium,119,Los Angeles Dodgers,LAD,5,True,137,San Francisco Giants,SF,2,False,657424,Matt Gage,Matthew,Gage,93,1993-02-11,33,"6' 4""",261,1,Pitcher,L,Left,L,Left,"0.1 IP, ER, K, BB",,,,,,,,,,,,,,,,0.1,1,2,0,1,1,21,0,0,0
