gameDate,gamePk,gameGuid,link,gameType,season,officialDate,description,dayNight,gamedayType,doubleHeader,tiebreaker,seriesDescription,seriesGameNumber,gamesInSeries,gameNumber,status_abstractGameState,status_detailedState,venue_id,venue_name,home_team_id,home_team_name,home_team_abbreviation,home_score,home_isWinner,away_team_id,away_team_name,away_team_abbreviation,away_score,away_isWinner,playerId,fullName,firstName,lastName,primaryNumber,birthDate,currentAge,height,weight,primaryPosition_code,primaryPosition_name,batSide_code,batSide_description,pitchHand_code,pitchHand_description,gameLogSummary,note,atBats,hits,doubles,triples,homeRuns,rbi,runs,strikeOuts,baseOnBalls,stolenBases,caughtStealing,groundIntoDoublePlay,plateAppearances,totalBases,inningsPitched,earnedRuns,hitsAllowed,homeRunsAllowed,strikeOutsPitching,baseOnBallsPitching,pitchesThrown,wins,losses,saves
2026-08-17,824514,,/api/v1.1/game/824514/feed/live,R,2026,2026-08-17,Makeup of 5/24 PPD,day,P,S,N,Regular Season,1,5,1,Final,Final,2602,Great American Ball Park,113,Cincinnati Reds,CIN,1,False,138,St. Louis Cardinals,STL,2,True,682829,Elly De La Cruz,Elly,De La Cruz,44,2002-01-11,24,"6' 6""",200,6,Shortstop,S,Switch,R,Right,0-4 | 4 K,,4,0,0,0,0,0,0,4,0,0,0,0,4,0,,,,,,,,,,
2026-08-17,824514,,/api/v1.1/game/824514/feed/live,R,2026,2026-08-17,Makeup of 5/24 PPD,day,P,S,N,Regular Season,1,5,1,Final,Final,2602,Great American Ball Park,113,Cincinnati Reds,CIN,1,False,138,St. Louis Cardinals,STL,2,True,701398,Sal Stewart,Sal,Stewart,27,2003-12-07,22,"6' 1""",224,3,First Base,R,Right,R,Right,"1-4 | 2B, K",,4,1,1,0,0,0,0,1,0,0,0,0,4,2,,,,,,,,,,
2026-08-17,824514,,/api/v1.1/game/824514/feed/live,R,2026,2026-08-17,Makeup of 5/24 PPD,day,P,S,N,Regular Season,1,5,1,Final,Final,2602,Great American Ball Park,113,Cincinnati Reds,CIN,1,False,138,St. Louis Cardinals,STL,2,True,667472,Dane Myers,Dane,Myers,17,1996-03-08,30,"6' 0""",205,8,Outfielder,R,Right,R,Right,"2-4 | HR, K, RBI",,4,2,0,0,1,1,1,1,0,0,0,0,4,5,,,,,,,,,,
2026-08-17,824514,,/api/v1.1/game/824514/feed/live,R,2026,2026-08-17,Makeup of 5/24 PPD,day,P,S,N,Regular Season,1,5,1,Final,Final,2602,Great American Ball Park,113,Cincinnati Reds,CIN,1,False,138,St. Louis Cardinals,STL,2,True,572955,Pierce Johnson,Pierce,Johnson,52,1991-05-10,35,"6' 2""",202,1,Pitcher,R,Right,R,Right,"1.0 IP, 0 ER, K, 0 BB",,,,,,,,,,,,,,,,1.0,0,1,0,1,0,13,0,0,0
2026-08-17,824514,,/api/v1.1/game/824514/feed/live,R,2026,2026-08-17,Makeup of 5/24 PPD,day,P,S,N,Regular Season,1,5,1,Final,Final,2602,Great American Ball Park,113,Cincinnati Reds,CIN,1,False,138,St. Louis Cardinals,STL,2,True,682825,Luis Mey,Luis,Mey,47,2001-06-24,25,"6' 5""",235,1,Pitcher,R,Right,R,Right,"2.0 IP, 0 ER, 3 K, BB",,,,,,,,,,,,,,,,2.0,0,1,0,3,1,38,0,0,0
2026-08-17,824514,,/api/v1.1/game/824514/feed/live,R,2026,2026-08-17,Makeup of 5/24 PPD,day,P,S,N,Regular Season,1,5,1,Final,Final,2602,Great American Ball Park,113,Cincinnati Reds,CIN,1,False,138,St. Louis Cardinals,STL,2,True,641941,Emilio Pagán,Emilio,Pagán,15,1991-05-07,35,"6' 2""",208,1,Pitcher,L,Left,R,Right,,,,,,,,,,,,,,,,,,,,,,,,,,
2026-08-17,824514,,/api/v1.1/game/824514/feed/live,R,2026,2026-08-17,Makeup of 5/24 PPD,day,P,S,N,Regular Season,1,5,1,Final,Final,2602,Great American Ball Park,113,Cincinnati Reds,CIN,1,False,138,St. Louis Cardinals,STL,2,True,669911,Michael Toglia,Michael,Toglia,48,1998-08-16,28,"6' 5""",226,3,First Base,S,Switch,L,Left,"0-3 | BB, 2 K",,3,0,0,0,0,0,0,2,1,0,0,0,4,0,,,,,,,,,,
2026-08-17,824514,,/api/v1.1/game/824514/feed/live,R,2026,2026-08-17,Makeup of 5/24 PPD,day,P,S,N,Regular Season,1,5,1,Final,Final,2602,Great American Ball Park,113,Cincinnati Reds,CIN,1,False,138,St. Louis Cardinals,STL,2,True,682622,Noelvi Marte,Noelvi,Marte,4,2001-10-16,24,"6' 2""",216,9,Outfielder,R,Right,R,Right,0-3 | 2 K,,3,0,0,0,0,0,0,2,0,0,0,0,3,0,,,,,,,,,,
2026-08-17,824514,,/api/v1.1/game/824514/feed/live,R,2026,2026-08-17,Makeup of 5/24 PPD,day,P,S,N,Regular Season,1,5,1,Final,Final,2602,Great American Ball Park,113,Cincinnati Reds,CIN,1,False,138,St. Louis Cardinals,STL,2,True,622088,Tejay Antone,Tejay,Antone,70,1993-12-05,32,"6' 4""",230,1,Pitcher,R,Right,R,Right,,,,,,,,,,,,,,,,,,,,,,,,,,
2026-08-17,824514,,/api/v1.1/game/824514/feed/live,R,2026,2026-08-17,Makeup of 5/24 PPD,day,P,S,N,Regular Season,1,5,1,Final,Final,2602,Great American Ball Park,113,Cincinnati Reds,CIN,1,False,138,St. Louis Cardinals,STL,2,True,663903,Brady Singer,Brady,Singer,51,1996-08-04,30,"6' 5""",215,1,Pitcher,R,Right,R,Right,,,,,,,,,,,,,,,,,,,,,,,,,,
2026-08-17,824514,,/api/v1.1/game/824514/feed/live,R,2026,2026-08-17,Makeup of 5/24 PPD,day,P,S,N,Regular Season,1,5,1,Final,Final,2602,Great American Ball Park,113,Cincinnati Reds,CIN,1,False,138,St. Louis Cardinals,STL,2,True,680574,Matt McLain,Matthew,McLain,9,1999-08-06,27,"5' 8""",180,4,Second Base,R,Right,R,Right,0-2 | BB,,2,0,0,0,0,0,0,0,1,0,0,0,3,0,,,,,,,,,,
2026-08-17,824514,,/api/v1.1/game/824514/feed/live,R,2026,2026-08-17,Makeup of 5/24 PPD,day,P,S,N,Regular Season,1,5,1,Final,Final,2602,Great American Ball Park,113,Cincinnati Reds,CIN,1,False,138,St. Louis Cardinals,STL,2,True,663647,Ke'Bryan Hayes,Ke'Bryan,Hayes,3,1997-01-28,29,"5' 11""",215,5,Third Base,R,Right,R,Right,0-2 | K,,2,0,0,0,0,0,0,1,0,0,0,0,2,0,,,,,,,,,,
2026-08-17,824514,,/api/v1.1/game/824514/feed/live,R,2026,2026-08-17,Makeup of 5/24 PPD,day,P,S,N,Regular Season,1,5,1,Final,Final,2602,Great American Ball Park,113,Cincinnati Reds,CIN,1,False,138,St. Louis Cardinals,STL,2,True,670770,TJ Friedl,Terry,Friedl,29,1995-08-14,31,"5' 8""",180,8,Outfielder,L,Left,L,Left,,,,,,,,,,,,,,,,,,,,,,,,,,
2026-08-17,824514,,/api/v1.1/game/824514/feed/live,R,2026,2026-08-17,Makeup of 5/24 PPD,day,P,S,N,Regular Season,1,5,1,Final,Final,2602,Great American Ball Park,113,Cincinnati Reds,CIN,1,False,138,St. Louis Cardinals,STL,2,True,695076,Rhett Lowder,Rhett,Lowder,25,2002-03-08,24,"6' 1""",200,1,Pitcher,R,Right,R,Right,,,,,,,,,,,,,,,,,,,,,,,,,,
2026-08-17,824514,,/api/v1.1/game/824514/feed/live,R,2026,2026-08-17,Makeup of 5/24 PPD,day,P,S,N,Regular Season,1,5,1,Final,Final,2602,Great American Ball Park,113,Cincinnati Reds,CIN,1,False,138,St. Louis Cardinals,STL,2,True,624431,Jose Trevino,Jose,Trevino,35,1992-11-28,33,"5' 9""",215,2,Catcher,R,Right,R,Right,,,,,,,,,,,,,,,,,,,,,,,,,,
2026-08-17,824514,,/api/v1.1/game/824514/feed/live,R,2026,2026-08-17,Makeup of 5/24 PPD,day,P,S,N,Regular Season,1,5,1,Final,Final,2602,Great American Ball Park,113,Cincinnati Reds,CIN,1,False,138,St. Louis Cardinals,STL,2,True,663886,Tyler Stephenson,Tyler,Stephenson,37,1996-08-16,30,"6' 3""",225,2,Catcher,R,Right,R,Right,"0-3 | BB, 2 K",,3,0,0,0,0,0,0,2,1,0,0,0,4,0,,,,,,,,,,
2026-08-17,824514,,/api/v1.1/game/824514/feed/live,R,2026,2026-08-17,Makeup of 5/24 PPD,day,P,S,N,Regular Season,1,5,1,Final,Final,2602,Great American Ball Park,113,Cincinnati Reds,CIN,1,False,138,St. Louis Cardinals,STL,2,True,553993,Eugenio Suárez,Eugenio,Suárez,28,1991-07-18,35,"5' 11""",213,10,Designated Hitter,R,Right,R,Right,0-4 | 2 K,,4,0,0,0,0,0,0,2,0,0,0,0,4,0,,,,,,,,,,
2026-08-17,824514,,/api/v1.1/game/824514/feed/live,R,2026,2026-08-17,Makeup of 5/24 PPD,day,P,S,N,Regular Season,1,5,1,Final,Final,2602,Great American Ball Park,113,Cincinnati Reds,CIN,1,False,138,St. Louis Cardinals,STL,2,True,685112,Zach McCambley,Zachary,McCambley,62,1999-05-04,27,"6' 2""",225,1,Pitcher,L,Left,R,Right,,,,,,,,,,,,,,,,,,,,,,,,,,
2026-08-17,824514,,/api/v1.1/game/824514/feed/live,R,2026,2026-08-17,Makeup of 5/24 PPD,day,P,S,N,Regular Season,1,5,1,Final,Final,2602,Great American Ball Park,113,Cincinnati Reds,CIN,1,False,138,St. Louis Cardinals,STL,2,True,666157,Nick Lodolo,Nicholas,Lodolo,40,1998-02-05,28,"6' 6""",216,1,Pitcher,L,Left,L,Left,,,,,,,,,,,,,,,,,,,,,,,,,,
2026-08-17,824514,,/api/v1.1/game/824514/feed/live,R,2026,2026-08-17,Makeup of 5/24 PPD,day,P,S,N,Regular Season,1,5,1,Final,Final,2602,Great American Ball Park,113,Cincinnati Reds,CIN,1,False,138,St. Louis Cardinals,STL,2,True,594580,Sam Moll,Samuel,Moll,50,1992-01-03,34,"5' 9""",190,1,Pitcher,L,Left,L,Left,"1.0 IP, 0 ER, K, 0 BB",,,,,,,,,,,,,,,,1.0,0,0,0,1,0,16,0,0,0
2026-08-17,824514,,/api/v1.1/game/824514/feed/live,R,2026,2026-08-17,Makeup of 5/24 PPD,day,P,S,N,Regular Season,1,5,1,Final,Final,2602,Great American Ball Park,113,Cincinnati Reds,CIN,1,False,138,St. Louis Cardinals,STL,2,True,668709,JJ Bleday,Jeffrey,Bleday,22,1997-11-10,28,"6' 2""",205,7,Outfielder,L,Left,L,Left,0-1,,1,0,0,0,0,0,0,0,0,0,0,0,1,0,,,,,,,,,,
2026-08-17,824514,,/api/v1.1/game/824514/feed/live,R,2026,2026-08-17,Makeup of 5/24 PPD,day,P,S,N,Regular Season,1,5,1,Final,Final,2602,Great American Ball Park,113,Cincinnati Reds,CIN,1,False,138,St. Louis Cardinals,STL,2,True,592288,Kent Emanuel,Kent,Emanuel,67,1992-06-04,34,"6' 4""",225,1,Pitcher,L,Left,L,Left,"5.0 IP, 2 ER, 4 K, 3 BB",,,,,,,,,,,,,,,,5.0,2,5,0,4,3,96,0,1,0
2026-08-17,824514,,/api/v1.1/game/824514/feed/live,R,2026,2026-08-17,Makeup of 5/24 PPD,day,P,S,N,Regular Season,1,5,1,Final,Final,2602,Great American Ball Park,113,Cincinnati Reds,CIN,1,False,138,St. Louis Cardinals,STL,2,True,656271,Brock Burke,Brock,Burke,49,1996-08-04,30,"6' 4""",210,1,Pitcher,L,Left,L,Left,,,,,,,,,,,,,,,,,,,,,,,,,,
2026-08-17,824514,,/api/v1.1/game/824514/feed/live,R,2026,2026-08-17,Makeup of 5/24 PPD,day,P,S,N,Regular Season,1,5,1,Final,Final,2602,Great American Ball Park,113,Cincinnati Reds,CIN,1,False,138,St. Louis Cardinals,STL,2,True,670062,Julian Garcia,Julian,Garcia,57,1995-05-13,31,"6' 3""",206,1,Pitcher,L,Left,R,Right,,,,,,,,,,,,,,,,,,,,,,,,,,
2026-08-17,824514,,/api/v1.1/game/824514/feed/live,R,2026,2026-08-17,Makeup of 5/24 PPD,day,P,S,N,Regular Season,1,5,1,Final,Final,2602,Great American Ball Park,113,Cincinnati Reds,CIN,1,False,138,St. Louis Cardinals,STL,2,True,671096,Andrew Abbott,Andrew,Abbott,41,1999-06-01,27,"6' 0""",192,1,Pitcher,L,Left,L,Left,,,,,,,,,,,,,,,,,,,,,,,,,,
2026-08-17,824514,,/api/v1.1/game/824514/feed/live,R,2026,2026-08-17,Makeup of 5/24 PPD,day,P,S,N,Regular Season,1,5,1,Final,Final,2602,Great American Ball Park,113,Cincinnati Reds,CIN,1,False,138,St. Louis Cardinals,STL,2,True,699302,Héctor Rodríguez,Héctor,Rodríguez,43,2004-03-11,22,"5' 10""",200,9,Outfielder,L,Left,R,Right,,,,,,,,,,,,,,,,,,,,,,,,,,
2026-08-17,824514,,/api/v1.1/game/824514/feed/live,R,2026,2026-08-17,Makeup of 5/24 PPD,day,P,S,N,Regular Season,1,5,1,Final,Final,2602,Great American Ball Park,113,Cincinnati Reds,CIN,1,False,138,St. Louis Cardinals,STL,2,True,695505,Chase Burns,Chase,Burns,26,2003-01-16,23,"6' 3""",210,1,Pitcher,R,Right,R,Right,,,,,,,,,,,,,,,,,,,,,,,,,,
2026-08-17,824514,,/api/v1.1/game/824514/feed/live,R,2026,2026-08-17,Makeup of 5/24 PPD,day,P,S,N,Regular Season,1,5,1,Final,Final,2602,Great American Ball Park,113,Cincinnati Reds,CIN,1,False,138,St. Louis Cardinals,STL,2,True,700241,Michael McGreevy,Michael,McGreevy,36,2000-07-08,26,"6' 4""",220,1,Pitcher,L,Left,R,Right,,,,,,,,,,,,,,,,,,,,,,,,,,
2026-08-17,824514,,/api/v1.1/game/824514/feed/live,R,2026,2026-08-17,Makeup of 5/24 PPD,day,P,S,N,Regular Season,1,5,1,Final,Final,2602,Great American Ball Park,113,Cincinnati Reds,CIN,1,False,138,St. Louis Cardinals,STL,2,True,691023,Jordan Walker,Jordan,Walker,18,2002-05-22,24,"6' 6""",250,9,Outfielder,R,Right,R,Right,"2-4 | 2B, K",,4,2,1,0,0,0,0,1,0,0,0,0,4,3,,,,,,,,,,
2026-08-17,824514,,/api/v1.1/game/824514/feed/live,R,2026,2026-08-17,Makeup of 5/24 PPD,day,P,S,N,Regular Season,1,5,1,Final,Final,2602,Great American Ball Park,113,Cincinnati Reds,CIN,1,False,138,St. Louis Cardinals,STL,2,True,663494,Bryan Torres,Bryan,Torres,39,1997-07-02,29,"5' 7""",165,7,Outfielder,L,Left,R,Right,,,,,,,,,,,,,,,,,,,,,,,,,,
2026-08-17,824514,,/api/v1.1/game/824514/feed/live,R,2026,2026-08-17,Makeup of 5/24 PPD,day,P,S,N,Regular Season,1,5,1,Final,Final,2602,Great American Ball Park,113,Cincinnati Reds,CIN,1,False,138,St. Louis Cardinals,STL,2,True,701675,Nathan Church,Nathan,Church,27,2000-07-12,26,"5' 10""",180,8,Outfielder,L,Left,L,Left,0-0,,0,0,0,0,0,0,0,0,0,0,0,0,0,0,,,,,,,,,,
2026-08-17,824514,,/api/v1.1/game/824514/feed/live,R,2026,2026-08-17,Makeup of 5/24 PPD,day,P,S,N,Regular Season,1,5,1,Final,Final,2602,Great American Ball Park,113,Cincinnati Reds,CIN,1,False,138,St. Louis Cardinals,STL,2,True,681517,Kyle Leahy,Kyle,Leahy,62,1997-06-04,29,"6' 5""",225,1,Pitcher,S,Switch,R,Right,,,,,,,,,,,,,,,,,,,,,,,,,,
2026-08-17,824514,,/api/v1.1/game/824514/feed/live,R,2026,2026-08-17,Makeup of 5/24 PPD,day,P,S,N,Regular Season,1,5,1,Final,Final,2602,Great American Ball Park,113,Cincinnati Reds,CIN,1,False,138,St. Louis Cardinals,STL,2,True,665877,José Fermín,José,Fermín,15,1999-03-29,27,"5' 10""",198,7,Outfielder,R,Right,R,Right,0-3,,3,0,0,0,0,0,0,0,0,0,0,1,3,0,,,,,,,,,,
2026-08-17,824514,,/api/v1.1/game/824514/feed/live,R,2026,2026-08-17,Makeup of 5/24 PPD,day,P,S,N,Regular Season,1,5,1,Final,Final,2602,Great American Ball Park,113,Cincinnati Reds,CIN,1,False,138,St. Louis Cardinals,STL,2,True,700669,Gordon Graceffo,Gordon,Graceffo,44,2000-03-17,26,"6' 4""",220,1,Pitcher,R,Right,R,Right,"1.0 IP, 0 ER, K, 0 BB",,,,,,,,,,,,,,,,1.0,0,0,0,1,0,8,0,0,0
2026-08-17,824514,,/api/v1.1/game/824514/feed/live,R,2026,2026-08-17,Makeup of 5/24 PPD,day,P,S,N,Regular Season,1,5,1,Final,Final,2602,Great American Ball Park,113,Cincinnati Reds,CIN,1,False,138,St. Louis Cardinals,STL,2,True,802139,JJ Wetherholt,Jonathan,Wetherholt,26,2002-09-10,23,"5' 9""",190,4,Second Base,L,Left,R,Right,0-2,,2,0,0,0,0,0,0,0,0,0,0,0,2,0,,,,,,,,,,
2026-08-17,824514,,/api/v1.1/game/824514/feed/live,R,2026,2026-08-17,Makeup of 5/24 PPD,day,P,S,N,Regular Season,1,5,1,Final,Final,2602,Great American Ball Park,113,Cincinnati Reds,CIN,1,False,138,St. Louis Cardinals,STL,2,True,690928,Hunter Dobbins,Hunter,Dobbins,40,1999-08-30,26,"6' 2""",185,1,Pitcher,R,Right,R,Right,,,,,,,,,,,,,,,,,,,,,,,,,,
2026-08-17,824514,,/api/v1.1/game/824514/feed/live,R,2026,2026-08-17,Makeup of 5/24 PPD,day,P,S,N,Regular Season,1,5,1,Final,Final,2602,Great American Ball Park,113,Cincinnati Reds,CIN,1,False,138,St. Louis Cardinals,STL,2,True,657571,Caleb Ferguson,Caleb,Ferguson,54,1996-07-02,30,"6' 3""",225,1,Pitcher,R,Right,L,Left,,,,,,,,,,,,,,,,,,,,,,,,,,
2026-08-17,824514,,/api/v1.1/game/824514/feed/live,R,2026,2026-08-17,Makeup of 5/24 PPD,day,P,S,N,Regular Season,1,5,1,Final,Final,2602,Great American Ball Park,113,Cincinnati Reds,CIN,1,False,138,St. Louis Cardinals,STL,2,True,677865,Justin Bruihl,Justin,Bruihl,47,1997-06-26,29,"6' 2""",215,1,Pitcher,L,Left,L,Left,,,,,,,,,,,,,,,,,,,,,,,,,,
2026-08-17,824514,,/api/v1.1/game/824514/feed/live,R,2026,2026-08-17,Makeup of 5/24 PPD,day,P,S,N,Regular Season,1,5,1,Final,Final,2602,Great American Ball Park,113,Cincinnati Reds,CIN,1,False,138,St. Louis Cardinals,STL,2,True,691458,Blaze Jordan,Blaze,Jordan,33,2002-12-19,23,"6' 1""",220,5,Third Base,R,Right,R,Right,"1-3 | 3B, BB, K",,3,1,0,1,0,0,0,1,1,0,0,0,4,3,,,,,,,,,,
2026-08-17,824514,,/api/v1.1/game/824514/feed/live,R,2026,2026-08-17,Makeup of 5/24 PPD,day,P,S,N,Regular Season,1,5,1,Final,Final,2602,Great American Ball Park,113,Cincinnati Reds,CIN,1,False,138,St. Louis Cardinals,STL,2,True,676475,Alec Burleson,Alec,Burleson,41,1998-11-25,27,"6' 0""",225,3,First Base,L,Left,L,Left,"2-4 | 2B, K, 2 RBI",,4,2,1,0,0,2,0,1,0,0,0,0,4,3,,,,,,,,,,
2026-08-17,824514,,/api/v1.1/game/824514/feed/live,R,2026,2026-08-17,Makeup of 5/24 PPD,day,P,S,N,Regular Season,1,5,1,Final,Final,2602,Great American Ball Park,113,Cincinnati Reds,CIN,1,False,138,St. Louis Cardinals,STL,2,True,676617,Riley O'Brien,Riley,O'Brien,61,1995-02-06,31,"6' 4""",180,1,Pitcher,R,Right,R,Right,"1.0 IP, 0 ER, 3 K, 0 BB",,,,,,,,,,,,,,,,1.0,0,0,0,3,0,14,0,0,1
2026-08-17,824514,,/api/v1.1/game/824514/feed/live,R,2026,2026-08-17,Makeup of 5/24 PPD,day,P,S,N,Regular Season,1,5,1,Final,Final,2602,Great American Ball Park,113,Cincinnati Reds,CIN,1,False,138,St. Louis Cardinals,STL,2,True,669467,Andre Pallante,Neil,Pallante,53,1998-09-18,27,"6' 0""",215,1,Pitcher,R,Right,R,Right,,,,,,,,,,,,,,,,,,,,,,,,,,
2026-08-17,824514,,/api/v1.1/game/824514/feed/live,R,2026,2026-08-17,Makeup of 5/24 PPD,day,P,S,N,Regular Season,1,5,1,Final,Final,2602,Great American Ball Park,113,Cincinnati Reds,CIN,1,False,138,St. Louis Cardinals,STL,2,True,666277,George Soriano,George,Soriano,65,1999-03-24,27,"6' 2""",210,1,Pitcher,R,Right,R,Right,"1.0 IP, 0 ER, K, 0 BB",,,,,,,,,,,,,,,,1.0,0,0,0,1,0,12,0,0,0
2026-08-17,824514,,/api/v1.1/game/824514/feed/live,R,2026,2026-08-17,Makeup of 5/24 PPD,day,P,S,N,Regular Season,1,5,1,Final,Final,2602,Great American Ball Park,113,Cincinnati Reds,CIN,1,False,138,St. Louis Cardinals,STL,2,True,687273,Quinn Mathews,Quinn,Mathews,60,2000-10-04,25,"6' 5""",188,1,Pitcher,L,Left,L,Left,"4.0 IP, ER, 7 K, 3 BB",,,,,,,,,,,,,,,,4.0,1,2,1,7,3,95,0,0,0
2026-08-17,824514,,/api/v1.1/game/824514/feed/live,R,2026,2026-08-17,Makeup of 5/24 PPD,day,P,S,N,Regular Season,1,5,1,Final,Final,2602,Great American Ball Park,113,Cincinnati Reds,CIN,1,False,138,St. Louis Cardinals,STL,2,True,686780,Pedro Pagés,Pedro,Pagés,43,1998-09-17,27,"5' 11""",245,2,Catcher,R,Right,R,Right,0-2 | K,,2,0,0,0,0,0,0,1,0,0,0,0,2,0,,,,,,,,,,
2026-08-17,824514,,/api/v1.1/game/824514/feed/live,R,2026,2026-08-17,Makeup of 5/24 PPD,day,P,S,N,Regular Season,1,5,1,Final,Final,2602,Great American Ball Park,113,Cincinnati Reds,CIN,1,False,138,St. Louis Cardinals,STL,2,True,669461,Matthew Liberatore,Matthew,Liberatore,32,1999-11-06,26,"6' 4""",215,1,Pitcher,L,Left,L,Left,,,,,,,,,,,,,,,,,,,,,,,,,,
2026-08-17,824514,,/api/v1.1/game/824514/feed/live,R,2026,2026-08-17,Makeup of 5/24 PPD,day,P,S,N,Regular Season,1,5,1,Final,Final,2602,Great American Ball Park,113,Cincinnati Reds,CIN,1,False,138,St. Louis Cardinals,STL,2,True,592773,Ryne Stanek,Ryne,Stanek,55,1991-07-26,35,"6' 4""",226,1,Pitcher,R,Right,R,Right,"1.0 IP, 0 ER, K, 0 BB",,,,,,,,,,,,,,,,1.0,0,1,0,1,0,17,0,0,0
2026-08-17,824514,,/api/v1.1/game/824514/feed/live,R,2026,2026-08-17,Makeup of 5/24 PPD,day,P,S,N,Regular Season,1,5,1,Final,Final,2602,Great American Ball Park,113,Cincinnati Reds,CIN,1,False,138,St. Louis Cardinals,STL,2,True,695491,Joshua Báez,Joshua,Báez,22,2003-06-28,23,"6' 3""",220,9,Outfielder,R,Right,R,Right,"0-4 | HBP, K, R",,4,0,0,0,0,0,1,1,0,0,0,0,5,0,,,,,,,,,,
2026-08-17,824514,,/api/v1.1/game/824514/feed/live,R,2026,2026-08-17,Makeup of 5/24 PPD,day,P,S,N,Regular Season,1,5,1,Final,Final,2602,Great American Ball Park,113,Cincinnati Reds,CIN,1,False,138,St. Louis Cardinals,STL,2,True,703725,Luis Gastelum,Luis,Gastelum,72,2001-09-27,24,"6' 2""",175,1,Pitcher,R,Right,R,Right,"1.0 IP, 0 ER, 2 K, 0 BB",,,,,,,,,,,,,,,,1.0,0,0,0,2,0,11,1,0,0
2026-08-17,824514,,/api/v1.1/game/824514/feed/live,R,2026,2026-08-17,Makeup of 5/24 PPD,day,P,S,N,Regular Season,1,5,1,Final,Final,2602,Great American Ball Park,113,Cincinnati Reds,CIN,1,False,138,St. Louis Cardinals,STL,2,True,657265,Peter Strzelecki,Peter,Strzelecki,58,1994-10-24,31,"6' 2""",210,1,Pitcher,R,Right,R,Right,,,,,,,,,,,,,,,,,,,,,,,,,,
2026-08-17,824514,,/api/v1.1/game/824514/feed/live,R,2026,2026-08-17,Makeup of 5/24 PPD,day,P,S,N,Regular Season,1,5,1,Final,Final,2602,Great American Ball Park,113,Cincinnati Reds,CIN,1,False,138,St. Louis Cardinals,STL,2,True,677592,Everson Pereira,Everson,Pereira,21,2001-04-10,25,"5' 11""",203,9,Outfielder,R,Right,R,Right,1-4 | K,,4,1,0,0,0,0,0,1,0,0,0,0,4,1,,,,,,,,,,
2026-08-17,824514,,/api/v1.1/game/824514/feed/live,R,2026,2026-08-17,Makeup of 5/24 PPD,day,P,S,N,Regular Season,1,5,1,Final,Final,2602,Great American Ball Park,113,Cincinnati Reds,CIN,1,False,138,St. Louis Cardinals,STL,2,True,691026,Masyn Winn,Masyn,Winn,0,2002-03-21,24,"5' 9""",185,6,Shortstop,R,Right,R,Right,1-4 | 2 K,,4,1,0,0,0,0,0,2,0,0,0,0,4,1,,,,,,,,,,
2026-08-17,824514,,/api/v1.1/game/824514/feed/live,R,2026,2026-08-17,Makeup of 5/24 PPD,day,P,S,N,Regular Season,1,5,1,Final,Final,2602,Great American Ball Park,113,Cincinnati Reds,CIN,1,False,138,St. Louis Cardinals,STL,2,True,671056,Iván Herrera,Ivan,Herrera,48,2000-06-01,26,"5' 11""",220,10,Designated Hitter,R,Right,R,Right,"0-2 | 3 BB, R",,2,0,0,0,0,0,1,0,3,0,0,0,5,0,,,,,,,,,,
2026-08-17,824514,,/api/v1.1/game/824514/feed/live,R,2026,2026-08-17,Makeup of 5/24 PPD,day,P,S,N,Regular Season,1,5,1,Final,Final,2602,Great American Ball Park,113,Cincinnati Reds,CIN,1,False,138,St. Louis Cardinals,STL,2,True,699625,Jimmy Crooks,James,Crooks,8,2001-07-19,25,"6' 0""",230,2,Catcher,L,Left,R,Right,0-1 | K,,1,0,0,0,0,0,0,1,0,0,0,0,1,0,,,,,,,,,,
2026-08-17,824478,,/api/v1.1/game/824478/feed/live,R,2026,2026-08-17,,night,P,S,N,Regular Season,2,5,2,Final,Final,2602,Great American Ball Park,113,Cincinnati Reds,CIN,6,True,138,St. Louis Cardinals,STL,5,False,682829,Elly De La Cruz,Elly,De La Cruz,44,2002-01-11,24,"6' 6""",200,6,Shortstop,S,Switch,R,Right,"2-4 | 2B, BB, K",,4,2,1,0,0,1,1,1,1,0,1,0,5,3,,,,,,,,,,
2026-08-17,824478,,/api/v1.1/game/824478/feed/live,R,2026,2026-08-17,,night,P,S,N,Regular Season,2,5,2,Final,Final,2602,Great American Ball Park,113,Cincinnati Reds,CIN,6,True,138,St. Louis Cardinals,STL,5,False,701398,Sal Stewart,Sal,Stewart,27,2003-12-07,22,"6' 1""",224,3,First Base,R,Right,R,Right,1-4 | K,,4,1,0,0,0,0,0,1,0,0,0,0,4,1,,,,,,,,,,
2026-08-17,824478,,/api/v1.1/game/824478/feed/live,R,2026,2026-08-17,,night,P,S,N,Regular Season,2,5,2,Final,Final,2602,Great American Ball Park,113,Cincinnati Reds,CIN,6,True,138,St. Louis Cardinals,STL,5,False,667472,Dane Myers,Dane,Myers,17,1996-03-08,30,"6' 0""",205,8,Outfielder,R,Right,R,Right,"1-1 | HR, RBI, R",,1,1,0,0,1,1,1,0,0,0,0,0,1,4,,,,,,,,,,
2026-08-17,824478,,/api/v1.1/game/824478/feed/live,R,2026,2026-08-17,,night,P,S,N,Regular Season,2,5,2,Final,Final,2602,Great American Ball Park,113,Cincinnati Reds,CIN,6,True,138,St. Louis Cardinals,STL,5,False,572955,Pierce Johnson,Pierce,Johnson,52,1991-05-10,35,"6' 2""",202,1,Pitcher,R,Right,R,Right,,,,,,,,,,,,,,,,,,,,,,,,,,
2026-08-17,824478,,/api/v1.1/game/824478/feed/live,R,2026,2026-08-17,,night,P,S,N,Regular Season,2,5,2,Final,Final,2602,Great American Ball Park,113,Cincinnati Reds,CIN,6,True,138,St. Louis Cardinals,STL,5,False,682825,Luis Mey,Luis,Mey,47,2001-06-24,25,"6' 5""",235,1,Pitcher,R,Right,R,Right,,,,,,,,,,,,,,,,,,,,,,,,,,
2026-08-17,824478,,/api/v1.1/game/824478/feed/live,R,2026,2026-08-17,,night,P,S,N,Regular Season,2,5,2,Final,Final,2602,Great American Ball Park,113,Cincinnati Reds,CIN,6,True,138,St. Louis Cardinals,STL,5,False,641941,Emilio Pagán,Emilio,Pagán,15,1991-05-07,35,"6' 2""",208,1,Pitcher,L,Left,R,Right,"1.0 IP, 0 ER, 2 K, BB",,,,,,,,,,,,,,,,1.0,0,0,0,2,1,17,1,0,0
2026-08-17,824478,,/api/v1.1/game/824478/feed/live,R,2026,2026-08-17,,night,P,S,N,Regular Season,2,5,2,Final,Final,2602,Great American Ball Park,113,Cincinnati Reds,CIN,6,True,138,St. Louis Cardinals,STL,5,False,669911,Michael Toglia,Michael,Toglia,48,1998-08-16,28,"6' 5""",226,3,First Base,S,Switch,L,Left,"1-4 | 2B, K, RBI",,4,1,1,0,0,1,1,1,0,0,0,0,4,2,,,,,,,,,,
2026-08-17,824478,,/api/v1.1/game/824478/feed/live,R,2026,2026-08-17,,night,P,S,N,Regular Season,2,5,2,Final,Final,2602,Great American Ball Park,113,Cincinnati Reds,CIN,6,True,138,St. Louis Cardinals,STL,5,False,682622,Noelvi Marte,Noelvi,Marte,4,2001-10-16,24,"6' 2""",216,9,Outfielder,R,Right,R,Right,0-0,,0,0,0,0,0,0,0,0,0,0,0,0,0,0,,,,,,,,,,
2026-08-17,824478,,/api/v1.1/game/824478/feed/live,R,2026,2026-08-17,,night,P,S,N,Regular Season,2,5,2,Final,Final,2602,Great American Ball Park,113,Cincinnati Reds,CIN,6,True,138,St. Louis Cardinals,STL,5,False,622088,Tejay Antone,Tejay,Antone,70,1993-12-05,32,"6' 4""",230,1,Pitcher,R,Right,R,Right,,,,,,,,,,,,,,,,,,,,,,,,,,
2026-08-17,824478,,/api/v1.1/game/824478/feed/live,R,2026,2026-08-17,,night,P,S,N,Regular Season,2,5,2,Final,Final,2602,Great American Ball Park,113,Cincinnati Reds,CIN,6,True,138,St. Louis Cardinals,STL,5,False,663903,Brady Singer,Brady,Singer,51,1996-08-04,30,"6' 5""",215,1,Pitcher,R,Right,R,Right,,,,,,,,,,,,,,,,,,,,,,,,,,
2026-08-17,824478,,/api/v1.1/game/824478/feed/live,R,2026,2026-08-17,,night,P,S,N,Regular Season,2,5,2,Final,Final,2602,Great American Ball Park,113,Cincinnati Reds,CIN,6,True,138,St. Louis Cardinals,STL,5,False,680574,Matt McLain,Matthew,McLain,9,1999-08-06,27,"5' 8""",180,4,Second Base,R,Right,R,Right,1-4 | 2 K,,4,1,0,0,0,0,0,2,0,0,0,0,4,1,,,,,,,,,,
2026-08-17,824478,,/api/v1.1/game/824478/feed/live,R,2026,2026-08-17,,night,P,S,N,Regular Season,2,5,2,Final,Final,2602,Great American Ball Park,113,Cincinnati Reds,CIN,6,True,138,St. Louis Cardinals,STL,5,False,663647,Ke'Bryan Hayes,Ke'Bryan,Hayes,3,1997-01-28,29,"5' 11""",215,5,Third Base,R,Right,R,Right,0-0,,0,0,0,0,0,0,0,0,0,0,0,0,0,0,,,,,,,,,,
2026-08-17,824478,,/api/v1.1/game/824478/feed/live,R,2026,2026-08-17,,night,P,S,N,Regular Season,2,5,2,Final,Final,2602,Great American Ball Park,113,Cincinnati Reds,CIN,6,True,138,St. Louis Cardinals,STL,5,False,670770,TJ Friedl,Terry,Friedl,29,1995-08-14,31,"5' 8""",180,8,Outfielder,L,Left,L,Left,0-3 | 2 K,,3,0,0,0,0,0,0,2,0,0,0,0,3,0,,,,,,,,,,
2026-08-17,824478,,/api/v1.1/game/824478/feed/live,R,2026,2026-08-17,,night,P,S,N,Regular Season,2,5,2,Final,Final,2602,Great American Ball Park,113,Cincinnati Reds,CIN,6,True,138,St. Louis Cardinals,STL,5,False,695076,Rhett Lowder,Rhett,Lowder,25,2002-03-08,24,"6' 1""",200,1,Pitcher,R,Right,R,Right,"6.2 IP, 4 ER, 5 K, 2 BB",,,,,,,,,,,,,,,,6.2,4,8,1,5,2,99,0,0,0
2026-08-17,824478,,/api/v1.1/game/824478/feed/live,R,2026,2026-08-17,,night,P,S,N,Regular Season,2,5,2,Final,Final,2602,Great American Ball Park,113,Cincinnati Reds,CIN,6,True,138,St. Louis Cardinals,STL,5,False,624431,Jose Trevino,Jose,Trevino,35,1992-11-28,33,"5' 9""",215,2,Catcher,R,Right,R,Right,0-3,,3,0,0,0,0,0,0,0,0,0,0,1,3,0,,,,,,,,,,
2026-08-17,824478,,/api/v1.1/game/824478/feed/live,R,2026,2026-08-17,,night,P,S,N,Regular Season,2,5,2,Final,Final,2602,Great American Ball Park,113,Cincinnati Reds,CIN,6,True,138,St. Louis Cardinals,STL,5,False,553993,Eugenio Suárez,Eugenio,Suárez,28,1991-07-18,35,"5' 11""",213,10,Designated Hitter,R,Right,R,Right,"3-3 | 2B, RBI, R",,3,3,1,0,0,1,1,0,0,0,0,0,4,4,,,,,,,,,,
2026-08-17,824478,,/api/v1.1/game/824478/feed/live,R,2026,2026-08-17,,night,P,S,N,Regular Season,2,5,2,Final,Final,2602,Great American Ball Park,113,Cincinnati Reds,CIN,6,True,138,St. Louis Cardinals,STL,5,False,663886,Tyler Stephenson,Tyler,Stephenson,37,1996-08-16,30,"6' 3""",225,2,Catcher,R,Right,R,Right,0-1 | R,,1,0,0,0,0,0,1,0,0,0,0,0,1,0,,,,,,,,,,
2026-08-17,824478,,/api/v1.1/game/824478/feed/live,R,2026,2026-08-17,,night,P,S,N,Regular Season,2,5,2,Final,Final,2602,Great American Ball Park,113,Cincinnati Reds,CIN,6,True,138,St. Louis Cardinals,STL,5,False,685112,Zach McCambley,Zachary,McCambley,62,1999-05-04,27,"6' 2""",225,1,Pitcher,L,Left,R,Right,"1.0 IP, 0 ER, 2 K, 0 BB",,,,,,,,,,,,,,,,1.0,0,1,0,2,0,15,0,0,0
2026-08-17,824478,,/api/v1.1/game/824478/feed/live,R,2026,2026-08-17,,night,P,S,N,Regular Season,2,5,2,Final,Final,2602,Great American Ball Park,113,Cincinnati Reds,CIN,6,True,138,St. Louis Cardinals,STL,5,False,666157,Nick Lodolo,Nicholas,Lodolo,40,1998-02-05,28,"6' 6""",216,1,Pitcher,L,Left,L,Left,,,,,,,,,,,,,,,,,,,,,,,,,,
2026-08-17,824478,,/api/v1.1/game/824478/feed/live,R,2026,2026-08-17,,night,P,S,N,Regular Season,2,5,2,Final,Final,2602,Great American Ball Park,113,Cincinnati Reds,CIN,6,True,138,St. Louis Cardinals,STL,5,False,594580,Sam Moll,Samuel,Moll,50,1992-01-03,34,"5' 9""",190,1,Pitcher,L,Left,L,Left,,,,,,,,,,,,,,,,,,,,,,,,,,
2026-08-17,824478,,/api/v1.1/game/824478/feed/live,R,2026,2026-08-17,,night,P,S,N,Regular Season,2,5,2,Final,Final,2602,Great American Ball Park,113,Cincinnati Reds,CIN,6,True,138,St. Louis Cardinals,STL,5,False,687209,Zach Maxwell,Zachary,Maxwell,78,2001-01-26,25,"6' 6""",275,1,Pitcher,R,Right,R,Right,,,,,,,,,,,,,,,,,,,,,,,,,,
2026-08-17,824478,,/api/v1.1/game/824478/feed/live,R,2026,2026-08-17,,night,P,S,N,Regular Season,2,5,2,Final,Final,2602,Great American Ball Park,113,Cincinnati Reds,CIN,6,True,138,St. Louis Cardinals,STL,5,False,668709,JJ Bleday,Jeffrey,Bleday,22,1997-11-10,28,"6' 2""",205,7,Outfielder,L,Left,L,Left,"3-4 | K, R",,4,3,0,0,0,0,1,1,0,0,0,0,4,3,,,,,,,,,,
2026-08-17,824478,,/api/v1.1/game/824478/feed/live,R,2026,2026-08-17,,night,P,S,N,Regular Season,2,5,2,Final,Final,2602,Great American Ball Park,113,Cincinnati Reds,CIN,6,True,138,St. Louis Cardinals,STL,5,False,656271,Brock Burke,Brock,Burke,49,1996-08-04,30,"6' 4""",210,1,Pitcher,L,Left,L,Left,"1.1 IP, ER, 3 K, BB",,,,,,,,,,,,,,,,1.1,1,2,0,3,1,30,0,0,0
2026-08-17,824478,,/api/v1.1/game/824478/feed/live,R,2026,2026-08-17,,night,P,S,N,Regular Season,2,5,2,Final,Final,2602,Great American Ball Park,113,Cincinnati Reds,CIN,6,True,138,St. Louis Cardinals,STL,5,False,670062,Julian Garcia,Julian,Garcia,57,1995-05-13,31,"6' 3""",206,1,Pitcher,L,Left,R,Right,,,,,,,,,,,,,,,,,,,,,,,,,,
2026-08-17,824478,,/api/v1.1/game/824478/feed/live,R,2026,2026-08-17,,night,P,S,N,Regular Season,2,5,2,Final,Final,2602,Great American Ball Park,113,Cincinnati Reds,CIN,6,True,138,St. Louis Cardinals,STL,5,False,671096,Andrew Abbott,Andrew,Abbott,41,1999-06-01,27,"6' 0""",192,1,Pitcher,L,Left,L,Left,,,,,,,,,,,,,,,,,,,,,,,,,,
2026-08-17,824478,,/api/v1.1/game/824478/feed/live,R,2026,2026-08-17,,night,P,S,N,Regular Season,2,5,2,Final,Final,2602,Great American Ball Park,113,Cincinnati Reds,CIN,6,True,138,St. Louis Cardinals,STL,5,False,699302,Héctor Rodríguez,Héctor,Rodríguez,43,2004-03-11,22,"5' 10""",200,9,Outfielder,L,Left,R,Right,"1-4 | K, 2 RBI",,4,1,0,0,0,2,0,1,0,0,0,0,4,1,,,,,,,,,,
2026-08-17,824478,,/api/v1.1/game/824478/feed/live,R,2026,2026-08-17,,night,P,S,N,Regular Season,2,5,2,Final,Final,2602,Great American Ball Park,113,Cincinnati Reds,CIN,6,True,138,St. Louis Cardinals,STL,5,False,695505,Chase Burns,Chase,Burns,26,2003-01-16,23,"6' 3""",210,1,Pitcher,R,Right,R,Right,,,,,,,,,,,,,,,,,,,,,,,,,,
2026-08-17,824478,,/api/v1.1/game/824478/feed/live,R,2026,2026-08-17,,night,P,S,N,Regular Season,2,5,2,Final,Final,2602,Great American Ball Park,113,Cincinnati Reds,CIN,6,True,138,St. Louis Cardinals,STL,5,False,700241,Michael McGreevy,Michael,McGreevy,36,2000-07-08,26,"6' 4""",220,1,Pitcher,L,Left,R,Right,,,,,,,,,,,,,,,,,,,,,,,,,,
2026-08-17,824478,,/api/v1.1/game/824478/feed/live,R,2026,2026-08-17,,night,P,S,N,Regular Season,2,5,2,Final,Final,2602,Great American Ball Park,113,Cincinnati Reds,CIN,6,True,138,St. Louis Cardinals,STL,5,False,691023,Jordan Walker,Jordan,Walker,18,2002-05-22,24,"6' 6""",250,9,Outfielder,R,Right,R,Right,"3-5 | 2B, K, 2 R",,5,3,1,0,0,0,2,1,0,1,0,1,5,4,,,,,,,,,,
2026-08-17,824478,,/api/v1.1/game/824478/feed/live,R,2026,2026-08-17,,night,P,S,N,Regular Season,2,5,2,Final,Final,2602,Great American Ball Park,113,Cincinnati Reds,CIN,6,True,138,St. Louis Cardinals,STL,5,False,663494,Bryan Torres,Bryan,Torres,39,1997-07-02,29,"5' 7""",165,7,Outfielder,L,Left,R,Right,"1-3 | BB, RBI",,3,1,0,0,0,1,0,0,1,0,0,0,4,1,,,,,,,,,,
2026-08-17,824478,,/api/v1.1/game/824478/feed/live,R,2026,2026-08-17,,night,P,S,N,Regular Season,2,5,2,Final,Final,2602,Great American Ball Park,113,Cincinnati Reds,CIN,6,True,138,St. Louis Cardinals,STL,5,False,701675,Nathan Church,Nathan,Church,27,2000-07-12,26,"5' 10""",180,8,Outfielder,L,Left,L,Left,"1-3 | RBI, R",,3,1,0,0,0,1,1,0,0,0,0,0,3,1,,,,,,,,,,
2026-08-17,824478,,/api/v1.1/game/824478/feed/live,R,2026,2026-08-17,,night,P,S,N,Regular Season,2,5,2,Final,Final,2602,Great American Ball Park,113,Cincinnati Reds,CIN,6,True,138,St. Louis Cardinals,STL,5,False,681517,Kyle Leahy,Kyle,Leahy,62,1997-06-04,29,"6' 5""",225,1,Pitcher,S,Switch,R,Right,,,,,,,,,,,,,,,,,,,,,,,,,,
2026-08-17,824478,,/api/v1.1/game/824478/feed/live,R,2026,2026-08-17,,night,P,S,N,Regular Season,2,5,2,Final,Final,2602,Great American Ball Park,113,Cincinnati Reds,CIN,6,True,138,St. Louis Cardinals,STL,5,False,665877,José Fermín,José,Fermín,15,1999-03-29,27,"5' 10""",198,7,Outfielder,R,Right,R,Right,0-1 | BB,,1,0,0,0,0,0,0,0,1,0,0,0,2,0,,,,,,,,,,
2026-08-17,824478,,/api/v1.1/game/824478/feed/live,R,2026,2026-08-17,,night,P,S,N,Regular Season,2,5,2,Final,Final,2602,Great American Ball Park,113,Cincinnati Reds,CIN,6,True,138,St. Louis Cardinals,STL,5,False,700669,Gordon Graceffo,Gordon,Graceffo,44,2000-03-17,26,"6' 4""",220,1,Pitcher,R,Right,R,Right,,,,,,,,,,,,,,,,,,,,,,,,,,
2026-08-17,824478,,/api/v1.1/game/824478/feed/live,R,2026,2026-08-17,,night,P,S,N,Regular Season,2,5,2,Final,Final,2602,Great American Ball Park,113,Cincinnati Reds,CIN,6,True,138,St. Louis Cardinals,STL,5,False,802139,JJ Wetherholt,Jonathan,Wetherholt,26,2002-09-10,23,"5' 9""",190,4,Second Base,L,Left,R,Right,2-5 | 2 K,,5,2,0,0,0,0,0,2,0,0,0,0,5,2,,,,,,,,,,
2026-08-17,824478,,/api/v1.1/game/824478/feed/live,R,2026,2026-08-17,,night,P,S,N,Regular Season,2,5,2,Final,Final,2602,Great American Ball Park,113,Cincinnati Reds,CIN,6,True,138,St. Louis Cardinals,STL,5,False,690928,Hunter Dobbins,Hunter,Dobbins,40,1999-08-30,26,"6' 2""",185,1,Pitcher,R,Right,R,Right,,,,,,,,,,,,,,,,,,,,,,,,,,
2026-08-17,824478,,/api/v1.1/game/824478/feed/live,R,2026,2026-08-17,,night,P,S,N,Regular Season,2,5,2,Final,Final,2602,Great American Ball Park,113,Cincinnati Reds,CIN,6,True,138,St. Louis Cardinals,STL,5,False,657571,Caleb Ferguson,Caleb,Ferguson,54,1996-07-02,30,"6' 3""",225,1,Pitcher,R,Right,L,Left,,,,,,,,,,,,,,,,,,,,,,,,,,
2026-08-17,824478,,/api/v1.1/game/824478/feed/live,R,2026,2026-08-17,,night,P,S,N,Regular Season,2,5,2,Final,Final,2602,Great American Ball Park,113,Cincinnati Reds,CIN,6,True,138,St. Louis Cardinals,STL,5,False,677865,Justin Bruihl,Justin,Bruihl,47,1997-06-26,29,"6' 2""",215,1,Pitcher,L,Left,L,Left,"0.0 IP, 0 ER, 0 K, 0 BB",,,,,,,,,,,,,,,,0.0,0,1,0,0,0,6,0,1,0
2026-08-17,824478,,/api/v1.1/game/824478/feed/live,R,2026,2026-08-17,,night,P,S,N,Regular Season,2,5,2,Final,Final,2602,Great American Ball Park,113,Cincinnati Reds,CIN,6,True,138,St. Louis Cardinals,STL,5,False,691458,Blaze Jordan,Blaze,Jordan,33,2002-12-19,23,"6' 1""",220,5,Third Base,R,Right,R,Right,"1-4 | K, RBI",,4,1,0,0,0,1,0,1,0,0,0,0,4,1,,,,,,,,,,
2026-08-17,824478,,/api/v1.1/game/824478/feed/live,R,2026,2026-08-17,,night,P,S,N,Regular Season,2,5,2,Final,Final,2602,Great American Ball Park,113,Cincinnati Reds,CIN,6,True,138,St. Louis Cardinals,STL,5,False,676475,Alec Burleson,Alec,Burleson,41,1998-11-25,27,"6' 0""",225,3,First Base,L,Left,L,Left,"1-5 | K, R",,5,1,0,0,0,0,1,1,0,0,0,0,5,1,,,,,,,,,,
2026-08-17,824478,,/api/v1.1/game/824478/feed/live,R,2026,2026-08-17,,night,P,S,N,Regular Season,2,5,2,Final,Final,2602,Great American Ball Park,113,Cincinnati Reds,CIN,6,True,138,St. Louis Cardinals,STL,5,False,676617,Riley O'Brien,Riley,O'Brien,61,1995-02-06,31,"6' 4""",180,1,Pitcher,R,Right,R,Right,,,,,,,,,,,,,,,,,,,,,,,,,,
2026-08-17,824478,,/api/v1.1/game/824478/feed/live,R,2026,2026-08-17,,night,P,S,N,Regular Season,2,5,2,Final,Final,2602,Great American Ball Park,113,Cincinnati Reds,CIN,6,True,138,St. Louis Cardinals,STL,5,False,669467,Andre Pallante,Neil,Pallante,53,1998-09-18,27,"6' 0""",215,1,Pitcher,R,Right,R,Right,"6.0 IP, 4 ER, 5 K, BB",,,,,,,,,,,,,,,,6.0,4,10,0,5,1,88,0,0,0
2026-08-17,824478,,/api/v1.1/game/824478/feed/live,R,2026,2026-08-17,,night,P,S,N,Regular Season,2,5,2,Final,Final,2602,Great American Ball Park,113,Cincinnati Reds,CIN,6,True,138,St. Louis Cardinals,STL,5,False,666277,George Soriano,George,Soriano,65,1999-03-24,27,"6' 2""",210,1,Pitcher,R,Right,R,Right,,,,,,,,,,,,,,,,,,,,,,,,,,
2026-08-17,824478,,/api/v1.1/game/824478/feed/live,R,2026,2026-08-17,,night,P,S,N,Regular Season,2,5,2,Final,Final,2602,Great American Ball Park,113,Cincinnati Reds,CIN,6,True,138,St. Louis Cardinals,STL,5,False,687273,Quinn Mathews,Quinn,Mathews,60,2000-10-04,25,"6' 5""",188,1,Pitcher,L,Left,L,Left,,,,,,,,,,,,,,,,,,,,,,,,,,
2026-08-17,824478,,/api/v1.1/game/824478/feed/live,R,2026,2026-08-17,,night,P,S,N,Regular Season,2,5,2,Final,Final,2602,Great American Ball Park,113,Cincinnati Reds,CIN,6,True,138,St. Louis Cardinals,STL,5,False,686780,Pedro Pagés,Pedro,Pagés,43,1998-09-17,27,"5' 11""",245,2,Catcher,R,Right,R,Right,0-0,,0,0,0,0,0,0,0,0,0,0,0,0,0,0,,,,,,,,,,
2026-08-17,824478,,/api/v1.1/game/824478/feed/live,R,2026,2026-08-17,,night,P,S,N,Regular Season,2,5,2,Final,Final,2602,Great American Ball Park,113,Cincinnati Reds,CIN,6,True,138,St. Louis Cardinals,STL,5,False,669461,Matthew Liberatore,Matthew,Liberatore,32,1999-11-06,26,"6' 4""",215,1,Pitcher,L,Left,L,Left,,,,,,,,,,,,,,,,,,,,,,,,,,
2026-08-17,824478,,/api/v1.1/game/824478/feed/live,R,2026,2026-08-17,,night,P,S,N,Regular Season,2,5,2,Final,Final,2602,Great American Ball Park,113,Cincinnati Reds,CIN,6,True,138,St. Louis Cardinals,STL,5,False,592773,Ryne Stanek,Ryne,Stanek,55,1991-07-26,35,"6' 4""",226,1,Pitcher,R,Right,R,Right,,,,,,,,,,,,,,,,,,,,,,,,,,
2026-08-17,824478,,/api/v1.1/game/824478/feed/live,R,2026,2026-08-17,,night,P,S,N,Regular Season,2,5,2,Final,Final,2602,Great American Ball Park,113,Cincinnati Reds,CIN,6,True,138,St. Louis Cardinals,STL,5,False,695491,Joshua Báez,Joshua,Báez,22,2003-06-28,23,"6' 3""",220,9,Outfielder,R,Right,R,Right,0-5 | 2 K,,5,0,0,0,0,0,0,2,0,0,0,0,5,0,,,,,,,,,,
2026-08-17,824478,,/api/v1.1/game/824478/feed/live,R,2026,2026-08-17,,night,P,S,N,Regular Season,2,5,2,Final,Final,2602,Great American Ball Park,113,Cincinnati Reds,CIN,6,True,138,St. Louis Cardinals,STL,5,False,703725,Luis Gastelum,Luis,Gastelum,72,2001-09-27,24,"6' 2""",175,1,Pitcher,R,Right,R,Right,,,,,,,,,,,,,,,,,,,,,,,,,,
2026-08-17,824478,,/api/v1.1/game/824478/feed/live,R,2026,2026-08-17,,night,P,S,N,Regular Season,2,5,2,Final,Final,2602,Great American Ball Park,113,Cincinnati Reds,CIN,6,True,138,St. Louis Cardinals,STL,5,False,657265,Peter Strzelecki,Peter,Strzelecki,58,1994-10-24,31,"6' 2""",210,1,Pitcher,R,Right,R,Right,"3.0 IP, ER, 4 K, 0 BB",,,,,,,,,,,,,,,,3.0,1,2,1,4,0,46,0,0,0
2026-08-17,824478,,/api/v1.1/game/824478/feed/live,R,2026,2026-08-17,,night,P,S,N,Regular Season,2,5,2,Final,Final,2602,Great American Ball Park,113,Cincinnati Reds,CIN,6,True,138,St. Louis Cardinals,STL,5,False,677592,Everson Pereira,Everson,Pereira,21,2001-04-10,25,"5' 11""",203,9,Outfielder,R,Right,R,Right,0-1,,1,0,0,0,0,0,0,0,0,0,0,0,1,0,,,,,,,,,,
2026-08-17,824478,,/api/v1.1/game/824478/feed/live,R,2026,2026-08-17,,night,P,S,N,Regular Season,2,5,2,Final,Final,2602,Great American Ball Park,113,Cincinnati Reds,CIN,6,True,138,St. Louis Cardinals,STL,5,False,691026,Masyn Winn,Masyn,Winn,0,2002-03-21,24,"5' 9""",185,6,Shortstop,R,Right,R,Right,"1-4 | BB, 3 K, RBI",,4,1,0,0,0,1,0,3,1,0,0,0,5,1,,,,,,,,,,
2026-08-17,824478,,/api/v1.1/game/824478/feed/live,R,2026,2026-08-17,,night,P,S,N,Regular Season,2,5,2,Final,Final,2602,Great American Ball Park,113,Cincinnati Reds,CIN,6,True,138,St. Louis Cardinals,STL,5,False,671056,Iván Herrera,Ivan,Herrera,48,2000-06-01,26,"5' 11""",220,10,Designated Hitter,R,Right,R,Right,"1-4 | HR, BB, 2 K",,4,1,0,0,1,1,1,2,1,0,0,0,5,4,,,,,,,,,,
2026-08-17,824478,,/api/v1.1/game/824478/feed/live,R,2026,2026-08-17,,night,P,S,N,Regular Season,2,5,2,Final,Final,2602,Great American Ball Park,113,Cincinnati Reds,CIN,6,True,138,St. Louis Cardinals,STL,5,False,699625,Jimmy Crooks,James,Crooks,8,2001-07-19,25,"6' 0""",230,2,Catcher,L,Left,R,Right,,,,,,,,,,,,,,,,,,,,,,,,,,
2026-08-17,822939,,/api/v1.1/game/822939/feed/live,R,2026,2026-08-17,,night,P,N,N,Regular Season,4,4,1,Final,Final,12,Tropicana Field,139,Tampa Bay Rays,TB,7,True,110,Baltimore Orioles,BAL,6,False,670764,Taylor Walls,Taylor,Walls,6,1996-07-10,30,"5' 9""",185,6,Shortstop,S,Switch,R,Right,1-2 | R,,2,1,0,0,0,0,1,0,0,0,0,0,2,1,,,,,,,,,,
2026-08-17,822939,,/api/v1.1/game/822939/feed/live,R,2026,2026-08-17,,night,P,N,N,Regular Season,4,4,1,Final,Final,12,Tropicana Field,139,Tampa Bay Rays,TB,7,True,110,Baltimore Orioles,BAL,6,False,669330,Tyler Wells,Tyler,Wells,68,1994-08-26,31,"6' 8""",270,1,Pitcher,R,Right,R,Right,"1.0 IP, 3 ER, 0 K, 0 BB",,,,,,,,,,,,,,,,1.0,3,3,2,0,0,18,0,0,0
2026-08-17,822939,,/api/v1.1/game/822939/feed/live,R,2026,2026-08-17,,night,P,N,N,Regular Season,4,4,1,Final,Final,12,Tropicana Field,139,Tampa Bay Rays,TB,7,True,110,Baltimore Orioles,BAL,6,False,571927,Steven Matz,Steven,Matz,32,1991-05-29,35,"6' 2""",205,1,Pitcher,R,Right,L,Left,,,,,,,,,,,,,,,,,,,,,,,,,,
2026-08-17,822939,,/api/v1.1/game/822939/feed/live,R,2026,2026-08-17,,night,P,N,N,Regular Season,4,4,1,Final,Final,12,Tropicana Field,139,Tampa Bay Rays,TB,7,True,110,Baltimore Orioles,BAL,6,False,663556,Shane McClanahan,Shane,McClanahan,18,1997-04-28,29,"6' 3""",210,1,Pitcher,L,Left,L,Left,"3.1 IP, 3 ER, 3 K, 0 BB",,,,,,,,,,,,,,,,3.1,3,4,1,3,0,57,0,0,0
2026-08-17,822939,,/api/v1.1/game/822939/feed/live,R,2026,2026-08-17,,night,P,N,N,Regular Season,4,4,1,Final,Final,12,Tropicana Field,139,Tampa Bay Rays,TB,7,True,110,Baltimore Orioles,BAL,6,False,680700,Richie Palacios,Richard,Palacios,1,1997-05-16,29,"5' 8""",185,4,Second Base,L,Left,R,Right,"1-3 | BB, R, SB",,3,1,0,0,0,0,1,0,1,1,0,0,4,1,,,,,,,,,,
2026-08-17,822939,,/api/v1.1/game/822939/feed/live,R,2026,2026-08-17,,night,P,N,N,Regular Season,4,4,1,Final,Final,12,Tropicana Field,139,Tampa Bay Rays,TB,7,True,110,Baltimore Orioles,BAL,6,False,622761,Jorge Mateo,Jorge,Mateo,9,1995-06-23,31,"6' 0""",200,6,Shortstop,R,Right,R,Right,"1-2 | HR, 2 RBI, R",,2,1,0,0,1,2,1,0,0,0,0,0,2,4,,,,,,,,,,
2026-08-17,822939,,/api/v1.1/game/822939/feed/live,R,2026,2026-08-17,,night,P,N,N,Regular Season,4,4,1,Final,Final,12,Tropicana Field,139,Tampa Bay Rays,TB,7,True,110,Baltimore Orioles,BAL,6,False,668723,Ryan Vilade,Ryan,Vilade,26,1999-02-18,27,"6' 1""",226,9,Outfielder,R,Right,R,Right,"1-3 | HR, BB, K",,3,1,0,0,1,1,1,1,1,0,0,0,4,4,,,,,,,,,,
2026-08-17,822939,,/api/v1.1/game/822939/feed/live,R,2026,2026-08-17,,night,P,N,N,Regular Season,4,4,1,Final,Final,12,Tropicana Field,139,Tampa Bay Rays,TB,7,True,110,Baltimore Orioles,BAL,6,False,668984,Casey Legumina,Casey,Legumina,67,1997-06-19,29,"6' 2""",195,1,Pitcher,R,Right,R,Right,"0.2 IP, 0 ER, K, 0 BB",,,,,,,,,,,,,,,,0.2,0,2,0,1,0,16,0,0,0
2026-08-17,822939,,/api/v1.1/game/822939/feed/live,R,2026,2026-08-17,,night,P,N,N,Regular Season,4,4,1,Final,Final,12,Tropicana Field,139,Tampa Bay Rays,TB,7,True,110,Baltimore Orioles,BAL,6,False,802415,Chandler Simpson,Chandler,Simpson,14,2000-11-18,25,"5' 11""",170,7,Outfielder,L,Left,R,Right,1-4 | CS,,4,1,0,0,0,0,0,0,0,0,1,1,4,1,,,,,,,,,,
2026-08-17,822939,,/api/v1.1/game/822939/feed/live,R,2026,2026-08-17,,night,P,N,N,Regular Season,4,4,1,Final,Final,12,Tropicana Field,139,Tampa Bay Rays,TB,7,True,110,Baltimore Orioles,BAL,6,False,607259,Nick Martinez,Nicholas,Martinez,28,1990-08-05,36,"6' 1""",200,1,Pitcher,L,Left,R,Right,,,,,,,,,,,,,,,,,,,,,,,,,,
2026-08-17,822939,,/api/v1.1/game/822939/feed/live,R,2026,2026-08-17,,night,P,N,N,Regular Season,4,4,1,Final,Final,12,Tropicana Field,139,Tampa Bay Rays,TB,7,True,110,Baltimore Orioles,BAL,6,False,592155,Cam Booser,Cameron,Booser,62,1992-05-04,34,"6' 3""",230,1,Pitcher,L,Left,L,Left,"1.1 IP, 0 ER, 3 K, BB",,,,,,,,,,,,,,,,1.1,0,2,0,3,1,34,1,0,0
2026-08-17,822939,,/api/v1.1/game/822939/feed/live,R,2026,2026-08-17,,night,P,N,N,Regular Season,4,4,1,Final,Final,12,Tropicana Field,139,Tampa Bay Rays,TB,7,True,110,Baltimore Orioles,BAL,6,False,676356,Jonny DeLuca,Jonathan,DeLuca,21,1998-07-10,28,"5' 10""",195,9,Outfielder,R,Right,R,Right,1-1 | 2 RBI,,1,1,0,0,0,2,0,0,0,0,0,0,1,1,,,,,,,,,,
2026-08-17,822939,,/api/v1.1/game/822939/feed/live,R,2026,2026-08-17,,night,P,N,N,Regular Season,4,4,1,Final,Final,12,Tropicana Field,139,Tampa Bay Rays,TB,7,True,110,Baltimore Orioles,BAL,6,False,693855,Ian Seymour,Ian,Seymour,61,1998-12-13,27,"6' 0""",215,1,Pitcher,L,Left,L,Left,,,,,,,,,,,,,,,,,,,,,,,,,,
2026-08-17,822939,,/api/v1.1/game/822939/feed/live,R,2026,2026-08-17,,night,P,N,N,Regular Season,4,4,1,Final,Final,12,Tropicana Field,139,Tampa Bay Rays,TB,7,True,110,Baltimore Orioles,BAL,6,False,664076,Garrett Cleavinger,Garrett,Cleavinger,60,1994-04-23,32,"6' 1""",225,1,Pitcher,R,Right,L,Left,,,,,,,,,,,,,,,,,,,,,,,,,,
2026-08-17,822939,,/api/v1.1/game/822939/feed/live,R,2026,2026-08-17,,night,P,N,N,Regular Season,4,4,1,Final,Final,12,Tropicana Field,139,Tampa Bay Rays,TB,7,True,110,Baltimore Orioles,BAL,6,False,687330,Kevin Kelly,Kevin,Kelly,49,1997-11-28,28,"6' 2""",195,1,Pitcher,R,Right,R,Right,"1.0 IP, 0 ER, K, 0 BB",,,,,,,,,,,,,,,,1.0,0,2,0,1,0,18,0,0,0
2026-08-17,822939,,/api/v1.1/game/822939/feed/live,R,2026,2026-08-17,,night,P,N,N,Regular Season,4,4,1,Final,Final,12,Tropicana Field,139,Tampa Bay Rays,TB,7,True,110,Baltimore Orioles,BAL,6,False,689414,Liam Hicks,Liam,Hicks,34,1999-06-02,27,"5' 9""",185,2,Catcher,L,Left,R,Right,0-3 | 2 K,,3,0,0,0,0,0,0,2,0,0,0,0,3,0,,,,,,,,,,
2026-08-17,822939,,/api/v1.1/game/822939/feed/live,R,2026,2026-08-17,,night,P,N,N,Regular Season,4,4,1,Final,Final,12,Tropicana Field,139,Tampa Bay Rays,TB,7,True,110,Baltimore Orioles,BAL,6,False,642547,Freddy Peralta,Freddy,Peralta,51,1996-06-04,30,"6' 0""",198,1,Pitcher,R,Right,R,Right,,,,,,,,,,,,,,,,,,,,,,,,,,
2026-08-17,822939,,/api/v1.1/game/822939/feed/live,R,2026,2026-08-17,,night,P,N,N,Regular Season,4,4,1,Final,Final,12,Tropicana Field,139,Tampa Bay Rays,TB,7,True,110,Baltimore Orioles,BAL,6,False,669947,Jesse Scholtens,Jesse,Scholtens,65,1994-04-06,32,"6' 4""",240,1,Pitcher,R,Right,R,Right,,,,,,,,,,,,,,,,,,,,,,,,,,
2026-08-17,822939,,/api/v1.1/game/822939/feed/live,R,2026,2026-08-17,,night,P,N,N,Regular Season,4,4,1,Final,Final,12,Tropicana Field,139,Tampa Bay Rays,TB,7,True,110,Baltimore Orioles,BAL,6,False,666018,Jonathan Aranda,Jonathan,Aranda,8,1998-05-23,28,"6' 0""",215,3,First Base,L,Left,R,Right,"2-5 | 2B, K, RBI",,5,2,1,0,0,1,1,1,0,0,0,0,5,3,,,,,,,,,,
2026-08-17,822939,,/api/v1.1/game/822939/feed/live,R,2026,2026-08-17,,night,P,N,N,Regular Season,4,4,1,Final,Final,12,Tropicana Field,139,Tampa Bay Rays,TB,7,True,110,Baltimore Orioles,BAL,6,False,663743,Nick Fortes,Nicholas,Fortes,40,1996-11-11,29,"5' 11""",198,2,Catcher,R,Right,R,Right,0-0,,0,0,0,0,0,0,0,0,0,0,0,0,0,0,,,,,,,,,,
2026-08-17,822939,,/api/v1.1/game/822939/feed/live,R,2026,2026-08-17,,night,P,N,N,Regular Season,4,4,1,Final,Final,12,Tropicana Field,139,Tampa Bay Rays,TB,7,True,110,Baltimore Orioles,BAL,6,False,650490,Yandy Díaz,Yandy,Díaz,2,1991-08-08,35,"6' 0""",235,10,Designated Hitter,R,Right,R,Right,"2-3 | HR, BB, HBP",,3,2,0,0,1,1,2,1,1,0,0,0,5,5,,,,,,,,,,
2026-08-17,822939,,/api/v1.1/game/822939/feed/live,R,2026,2026-08-17,,night,P,N,N,Regular Season,4,4,1,Final,Final,12,Tropicana Field,139,Tampa Bay Rays,TB,7,True,110,Baltimore Orioles,BAL,6,False,641329,Bryan Baker,Bryan,Baker,47,1994-12-02,31,"6' 6""",235,1,Pitcher,R,Right,R,Right,"1.2 IP, 0 ER, 2 K, 0 BB",,,,,,,,,,,,,,,,1.2,0,1,0,2,0,21,0,0,1
2026-08-17,822939,,/api/v1.1/game/822939/feed/live,R,2026,2026-08-17,,night,P,N,N,Regular Season,4,4,1,Final,Final,12,Tropicana Field,139,Tampa Bay Rays,TB,7,True,110,Baltimore Orioles,BAL,6,False,683748,Victor Mesa Jr.,Victor,Mesa,25,2001-09-08,24,"5' 11""",195,9,Outfielder,L,Left,L,Left,,,,,,,,,,,,,,,,,,,,,,,,,,
2026-08-17,822939,,/api/v1.1/game/822939/feed/live,R,2026,2026-08-17,,night,P,N,N,Regular Season,4,4,1,Final,Final,12,Tropicana Field,139,Tampa Bay Rays,TB,7,True,110,Baltimore Orioles,BAL,6,False,691406,Junior Caminero,Junior,Caminero,13,2003-07-05,23,"6' 1""",220,5,Third Base,R,Right,R,Right,1-4 | K,,4,1,0,0,0,0,0,1,0,0,0,0,4,1,,,,,,,,,,
2026-08-17,822939,,/api/v1.1/game/822939/feed/live,R,2026,2026-08-17,,night,P,N,N,Regular Season,4,4,1,Final,Final,12,Tropicana Field,139,Tampa Bay Rays,TB,7,True,110,Baltimore Orioles,BAL,6,False,656876,Drew Rasmussen,Drew,Rasmussen,57,1995-07-27,31,"6' 1""",240,1,Pitcher,R,Right,R,Right,,,,,,,,,,,,,,,,,,,,,,,,,,
2026-08-17,822939,,/api/v1.1/game/822939/feed/live,R,2026,2026-08-17,,night,P,N,N,Regular Season,4,4,1,Final,Final,12,Tropicana Field,139,Tampa Bay Rays,TB,7,True,110,Baltimore Orioles,BAL,6,False,656775,Cedric Mullins,Boyce,Mullins,31,1994-10-01,31,"5' 7""",175,8,Outfielder,L,Left,L,Left,1-4 | 2 K,,4,1,0,0,0,0,0,2,0,0,0,0,4,1,,,,,,,,,,
2026-08-17,822939,,/api/v1.1/game/822939/feed/live,R,2026,2026-08-17,,night,P,N,N,Regular Season,4,4,1,Final,Final,12,Tropicana Field,139,Tampa Bay Rays,TB,7,True,110,Baltimore Orioles,BAL,6,False,669236,Jeremiah Jackson,Jeremiah,Jackson,82,2000-03-26,26,"5' 11""",200,4,Second Base,R,Right,R,Right,0-4 | 3 K,,4,0,0,0,0,0,0,3,0,0,0,0,4,0,,,,,,,,,,
2026-08-17,822939,,/api/v1.1/game/822939/feed/live,R,2026,2026-08-17,,night,P,N,N,Regular Season,4,4,1,Final,Final,12,Tropicana Field,139,Tampa Bay Rays,TB,7,True,110,Baltimore Orioles,BAL,6,False,669432,Trevor Rogers,Trevor,Rogers,28,1997-11-13,28,"6' 5""",230,1,Pitcher,L,Left,L,Left,,,,,,,,,,,,,,,,,,,,,,,,,,
2026-08-17,822939,,/api/v1.1/game/822939/feed/live,R,2026,2026-08-17,,night,P,N,N,Regular Season,4,4,1,Final,Final,12,Tropicana Field,139,Tampa Bay Rays,TB,7,True,110,Baltimore Orioles,BAL,6,False,670329,Rico Garcia,Joshua,Garcia,50,1994-01-10,32,"5' 9""",215,1,Pitcher,R,Right,R,Right,"1.0 IP, 0 ER, 2 K, BB",,,,,,,,,,,,,,,,1.0,0,0,0,2,1,19,0,0,0
2026-08-17,822939,,/api/v1.1/game/822939/feed/live,R,2026,2026-08-17,,night,P,N,N,Regular Season,4,4,1,Final,Final,12,Tropicana Field,139,Tampa Bay Rays,TB,7,True,110,Baltimore Orioles,BAL,6,False,687064,Brandon Young,Brandon,Young,63,1998-08-19,27,"6' 6""",230,1,Pitcher,R,Right,R,Right,"4.0 IP, 4 ER, 3 K, BB",,,,,,,,,,,,,,,,4.0,4,8,3,3,1,82,0,0,0
2026-08-17,822939,,/api/v1.1/game/822939/feed/live,R,2026,2026-08-17,,night,P,N,N,Regular Season,4,4,1,Final,Final,12,Tropicana Field,139,Tampa Bay Rays,TB,7,True,110,Baltimore Orioles,BAL,6,False,695380,Alex Hoppe,Alex,Hoppe,26,1998-12-17,27,"6' 1""",200,1,Pitcher,R,Right,R,Right,,,,,,,,,,,,,,,,,,,,,,,,,,
2026-08-17,822939,,/api/v1.1/game/822939/feed/live,R,2026,2026-08-17,,night,P,N,N,Regular Season,4,4,1,Final,Final,12,Tropicana Field,139,Tampa Bay Rays,TB,7,True,110,Baltimore Orioles,BAL,6,False,683002,Gunnar Henderson,Gunnar,Henderson,2,2001-06-29,25,"6' 3""",230,6,Shortstop,L,Left,R,Right,"2-5 | 2B, K, R",,5,2,1,0,0,0,1,1,0,0,0,0,5,3,,,,,,,,,,
2026-08-17,822939,,/api/v1.1/game/822939/feed/live,R,2026,2026-08-17,,night,P,N,N,Regular Season,4,4,1,Final,Final,12,Tropicana Field,139,Tampa Bay Rays,TB,7,True,110,Baltimore Orioles,BAL,6,False,665750,Leody Taveras,Leody,Taveras,30,1998-09-08,27,"6' 2""",210,8,Outfielder,S,Switch,R,Right,0-1 | K,,1,0,0,0,0,0,0,1,0,0,0,0,1,0,,,,,,,,,,
2026-08-17,822939,,/api/v1.1/game/822939/feed/live,R,2026,2026-08-17,,night,P,N,N,Regular Season,4,4,1,Final,Final,12,Tropicana Field,139,Tampa Bay Rays,TB,7,True,110,Baltimore Orioles,BAL,6,False,669358,Shane Baz,Shane,Baz,34,1999-06-17,27,"6' 3""",200,1,Pitcher,R,Right,R,Right,,,,,,,,,,,,,,,,,,,,,,,,,,
2026-08-17,822939,,/api/v1.1/game/822939/feed/live,R,2026,2026-08-17,,night,P,N,N,Regular Season,4,4,1,Final,Final,12,Tropicana Field,139,Tampa Bay Rays,TB,7,True,110,Baltimore Orioles,BAL,6,False,681047,Christian Franklin,Christian,Franklin,27,1999-11-30,26,"5' 9""",195,8,Outfielder,R,Right,R,Right,2-2 | SB,,2,2,0,0,0,0,0,0,0,1,0,0,2,2,,,,,,,,,,
2026-08-17,822939,,/api/v1.1/game/822939/feed/live,R,2026,2026-08-17,,night,P,N,N,Regular Season,4,4,1,Final,Final,12,Tropicana Field,139,Tampa Bay Rays,TB,7,True,110,Baltimore Orioles,BAL,6,False,680694,Kyle Bradish,Kyle,Bradish,38,1996-09-12,29,"6' 3""",215,1,Pitcher,R,Right,R,Right,,,,,,,,,,,,,,,,,,,,,,,,,,
2026-08-17,822939,,/api/v1.1/game/822939/feed/live,R,2026,2026-08-17,,night,P,N,N,Regular Season,4,4,1,Final,Final,12,Tropicana Field,139,Tampa Bay Rays,TB,7,True,110,Baltimore Orioles,BAL,6,False,544150,Albert Suárez,Albert,Suárez,49,1989-10-08,36,"6' 3""",235,1,Pitcher,R,Right,R,Right,,,,,,,,,,,,,,,,,,,,,,,,,,
2026-08-17,822939,,/api/v1.1/game/822939/feed/live,R,2026,2026-08-17,,night,P,N,N,Regular Season,4,4,1,Final,Final,12,Tropicana Field,139,Tampa Bay Rays,TB,7,True,110,Baltimore Orioles,BAL,6,False,687637,Dylan Beavers,Dylan,Beavers,12,2001-08-11,25,"6' 5""",220,9,Outfielder,L,Left,R,Right,0-0,,0,0,0,0,0,0,0,0,0,0,0,0,0,0,,,,,,,,,,
2026-08-17,822939,,/api/v1.1/game/822939/feed/live,R,2026,2026-08-17,,night,P,N,N,Regular Season,4,4,1,Final,Final,12,Tropicana Field,139,Tampa Bay Rays,TB,7,True,110,Baltimore Orioles,BAL,6,False,605135,Chris Bassitt,Christopher,Bassitt,40,1989-02-22,37,"6' 5""",220,1,Pitcher,R,Right,R,Right,,,,,,,,,,,,,,,,,,,,,,,,,,
2026-08-17,822939,,/api/v1.1/game/822939/feed/live,R,2026,2026-08-17,,night,P,N,N,Regular Season,4,4,1,Final,Final,12,Tropicana Field,139,Tampa Bay Rays,TB,7,True,110,Baltimore Orioles,BAL,6,False,641933,Tyler O'Neill,Tyler,O'Neill,9,1995-06-22,31,"5' 9""",200,9,Outfielder,R,Right,R,Right,2-5 | K,,5,2,0,0,0,0,0,1,0,0,0,0,5,2,,,,,,,,,,
2026-08-17,822939,,/api/v1.1/game/822939/feed/live,R,2026,2026-08-17,,night,P,N,N,Regular Season,4,4,1,Final,Final,12,Tropicana Field,139,Tampa Bay Rays,TB,7,True,110,Baltimore Orioles,BAL,6,False,677020,Josh Walker,Joshua,Walker,61,1994-12-01,31,"6' 6""",225,1,Pitcher,L,Left,L,Left,"1.0 IP, 0 ER, 0 K, BB",,,,,,,,,,,,,,,,1.0,0,1,0,0,1,11,0,0,0
2026-08-17,822939,,/api/v1.1/game/822939/feed/live,R,2026,2026-08-17,,night,P,N,N,Regular Season,4,4,1,Final,Final,12,Tropicana Field,139,Tampa Bay Rays,TB,7,True,110,Baltimore Orioles,BAL,6,False,650968,Yohel Pozo,Yohel,Pozo,79,1997-06-14,29,"5' 11""",201,2,Catcher,R,Right,R,Right,,,,,,,,,,,,,,,,,,,,,,,,,,
2026-08-17,822939,,/api/v1.1/game/822939/feed/live,R,2026,2026-08-17,,night,P,N,N,Regular Season,4,4,1,Final,Final,12,Tropicana Field,139,Tampa Bay Rays,TB,7,True,110,Baltimore Orioles,BAL,6,False,624413,Pete Alonso,Peter,Alonso,25,1994-12-07,31,"6' 3""",245,3,First Base,R,Right,R,Right,"2-5 | HR, K, RBI",,5,2,0,0,1,1,1,1,0,0,0,0,5,5,,,,,,,,,,
2026-08-17,822939,,/api/v1.1/game/822939/feed/live,R,2026,2026-08-17,,night,P,N,N,Regular Season,4,4,1,Final,Final,12,Tropicana Field,139,Tampa Bay Rays,TB,7,True,110,Baltimore Orioles,BAL,6,False,702616,Jackson Holliday,Jackson,Holliday,7,2003-12-04,22,"5' 11""",200,4,Second Base,L,Left,R,Right,"1-5 | K, R",,5,1,0,0,0,0,1,1,0,0,0,0,5,1,,,,,,,,,,
2026-08-17,822939,,/api/v1.1/game/822939/feed/live,R,2026,2026-08-17,,night,P,N,N,Regular Season,4,4,1,Final,Final,12,Tropicana Field,139,Tampa Bay Rays,TB,7,True,110,Baltimore Orioles,BAL,6,False,665966,Carlos Narváez,Carlos,Narváez,75,1998-11-26,27,"5' 11""",190,2,Catcher,R,Right,R,Right,"0-2 | BB, HBP",,2,0,0,0,0,0,0,0,1,0,0,0,4,0,,,,,,,,,,
2026-08-17,822939,,/api/v1.1/game/822939/feed/live,R,2026,2026-08-17,,night,P,N,N,Regular Season,4,4,1,Final,Final,12,Tropicana Field,139,Tampa Bay Rays,TB,7,True,110,Baltimore Orioles,BAL,6,False,552640,Andrew Kittredge,Andrew,Kittredge,39,1990-03-17,36,"6' 1""",235,1,Pitcher,R,Right,R,Right,,,,,,,,,,,,,,,,,,,,,,,,,,
2026-08-17,822939,,/api/v1.1/game/822939/feed/live,R,2026,2026-08-17,,night,P,N,N,Regular Season,4,4,1,Final,Final,12,Tropicana Field,139,Tampa Bay Rays,TB,7,True,110,Baltimore Orioles,BAL,6,False,664991,Grant Wolfram,Grant,Wolfram,48,1996-12-12,29,"6' 7""",250,1,Pitcher,L,Left,L,Left,,,,,,,,,,,,,,,,,,,,,,,,,,
2026-08-17,822939,,/api/v1.1/game/822939/feed/live,R,2026,2026-08-17,,night,P,N,N,Regular Season,4,4,1,Final,Final,12,Tropicana Field,139,Tampa Bay Rays,TB,7,True,110,Baltimore Orioles,BAL,6,False,687952,Christian Encarnacion-Strand,Christian,Encarnacion-Strand,32,1999-12-01,26,"6' 1""",224,5,Third Base,R,Right,R,Right,"3-5 | HR, K, 4 RBI",,5,3,0,0,1,4,1,1,0,0,0,0,5,6,,,,,,,,,,
2026-08-17,822939,,/api/v1.1/game/822939/feed/live,R,2026,2026-08-17,,night,P,N,N,Regular Season,4,4,1,Final,Final,12,Tropicana Field,139,Tampa Bay Rays,TB,7,True,110,Baltimore Orioles,BAL,6,False,666974,Yennier Cano,Yennier,Cano,78,1994-03-09,32,"6' 4""",245,1,Pitcher,R,Right,R,Right,"0.0 IP, 3 ER, 0 K, 0 BB",,,,,,,,,,,,,,,,0.0,3,3,0,0,0,15,0,1,0
2026-08-17,822939,,/api/v1.1/game/822939/feed/live,R,2026,2026-08-17,,night,P,N,N,Regular Season,4,4,1,Final,Final,12,Tropicana Field,139,Tampa Bay Rays,TB,7,True,110,Baltimore Orioles,BAL,6,False,681297,Colton Cowser,Colton,Cowser,17,2000-03-20,26,"6' 3""",220,8,Outfielder,L,Left,R,Right,0-2,,2,0,0,0,0,0,0,0,0,0,0,0,2,0,,,,,,,,,,
2026-08-17,822939,,/api/v1.1/game/822939/feed/live,R,2026,2026-08-17,,night,P,N,N,Regular Season,4,4,1,Final,Final,12,Tropicana Field,139,Tampa Bay Rays,TB,7,True,110,Baltimore Orioles,BAL,6,False,691723,Coby Mayo,Coby,Mayo,16,2001-12-10,24,"6' 5""",225,5,Third Base,R,Right,R,Right,"2-5 | HR, 2B, K",,5,2,1,0,1,1,2,1,0,0,0,0,5,6,,,,,,,,,,
2026-08-17,822939,,/api/v1.1/game/822939/feed/live,R,2026,2026-08-17,,night,P,N,N,Regular Season,4,4,1,Final,Final,12,Tropicana Field,139,Tampa Bay Rays,TB,7,True,110,Baltimore Orioles,BAL,6,False,676742,Cam Sanders,Cam,Sanders,73,1996-12-09,29,"6' 2""",215,1,Pitcher,R,Right,R,Right,"2.0 IP, 0 ER, 3 K, 0 BB",,,,,,,,,,,,,,,,2.0,0,0,0,3,0,24,0,0,0
2026-08-17,823427,,/api/v1.1/game/823427/feed/live,R,2026,2026-08-17,,night,P,N,N,Regular Season,1,3,1,Final,Final,2681,Citizens Bank Park,143,Philadelphia Phillies,PHI,6,True,146,Miami Marlins,MIA,5,False,669016,Brandon Marsh,Brandon,Marsh,16,1997-12-18,28,"6' 2""",215,7,Outfielder,L,Left,R,Right,0-3,,3,0,0,0,0,0,0,0,0,0,0,0,4,0,,,,,,,,,,
2026-08-17,823427,,/api/v1.1/game/823427/feed/live,R,2026,2026-08-17,,night,P,N,N,Regular Season,1,3,1,Final,Final,2681,Citizens Bank Park,143,Philadelphia Phillies,PHI,6,True,146,Miami Marlins,MIA,5,False,666200,Jesús Luzardo,Jesús,Luzardo,44,1997-09-30,28,"6' 0""",218,1,Pitcher,L,Left,L,Left,,,,,,,,,,,,,,,,,,,,,,,,,,
2026-08-17,823427,,/api/v1.1/game/823427/feed/live,R,2026,2026-08-17,,night,P,N,N,Regular Season,1,3,1,Final,Final,2681,Citizens Bank Park,143,Philadelphia Phillies,PHI,6,True,146,Miami Marlins,MIA,5,False,621237,José Alvarado,José,Alvarado,46,1995-05-21,31,"6' 2""",245,1,Pitcher,L,Left,L,Left,,,,,,,,,,,,,,,,,,,,,,,,,,
2026-08-17,823427,,/api/v1.1/game/823427/feed/live,R,2026,2026-08-17,,night,P,N,N,Regular Season,1,3,1,Final,Final,2681,Citizens Bank Park,143,Philadelphia Phillies,PHI,6,True,146,Miami Marlins,MIA,5,False,650559,Bryan De La Cruz,Bryan,De La Cruz,41,1996-12-16,29,"6' 0""",175,9,Outfielder,R,Right,R,Right,0-0,,0,0,0,0,0,0,0,0,0,0,0,0,0,0,,,,,,,,,,
2026-08-17,823427,,/api/v1.1/game/823427/feed/live,R,2026,2026-08-17,,night,P,N,N,Regular Season,1,3,1,Final,Final,2681,Citizens Bank Park,143,Philadelphia Phillies,PHI,6,True,146,Miami Marlins,MIA,5,False,702222,Justin Crawford,Justin,Crawford,2,2004-01-13,22,"6' 2""",188,8,Outfielder,L,Left,R,Right,"1-1 | 2B, R",,1,1,1,0,0,0,1,0,0,0,0,0,2,2,,,,,,,,,,
2026-08-17,823427,,/api/v1.1/game/823427/feed/live,R,2026,2026-08-17,,night,P,N,N,Regular Season,1,3,1,Final,Final,2681,Citizens Bank Park,143,Philadelphia Phillies,PHI,6,True,146,Miami Marlins,MIA,5,False,650911,Cristopher Sánchez,Cristopher,Sánchez,61,1996-12-12,29,"6' 6""",200,1,Pitcher,L,Left,L,Left,"6.0 IP, ER, 6 K, 3 BB",,,,,,,,,,,,,,,,6.0,1,8,0,6,3,90,1,0,0
2026-08-17,823427,,/api/v1.1/game/823427/feed/live,R,2026,2026-08-17,,night,P,N,N,Regular Season,1,3,1,Final,Final,2681,Citizens Bank Park,143,Philadelphia Phillies,PHI,6,True,146,Miami Marlins,MIA,5,False,547180,Bryce Harper,Bryce,Harper,3,1992-10-16,33,"6' 1""",210,3,First Base,L,Left,R,Right,"3-4 | BB, R",,4,3,0,0,0,0,1,0,1,0,0,0,5,3,,,,,,,,,,
2026-08-17,823427,,/api/v1.1/game/823427/feed/live,R,2026,2026-08-17,,night,P,N,N,Regular Season,1,3,1,Final,Final,2681,Citizens Bank Park,143,Philadelphia Phillies,PHI,6,True,146,Miami Marlins,MIA,5,False,592663,J.T. Realmuto,Jacob,Realmuto,10,1991-03-18,35,"6' 0""",212,2,Catcher,R,Right,R,Right,"1-2 | 2 BB, R",,2,1,0,0,0,0,1,0,2,0,0,0,4,1,,,,,,,,,,
2026-08-17,823427,,/api/v1.1/game/823427/feed/live,R,2026,2026-08-17,,night,P,N,N,Regular Season,1,3,1,Final,Final,2681,Citizens Bank Park,143,Philadelphia Phillies,PHI,6,True,146,Miami Marlins,MIA,5,False,554430,Zack Wheeler,Zachary,Wheeler,45,1990-05-30,36,"6' 4""",195,1,Pitcher,L,Left,R,Right,,,,,,,,,,,,,,,,,,,,,,,,,,
2026-08-17,823427,,/api/v1.1/game/823427/feed/live,R,2026,2026-08-17,,night,P,N,N,Regular Season,1,3,1,Final,Final,2681,Citizens Bank Park,143,Philadelphia Phillies,PHI,6,True,146,Miami Marlins,MIA,5,False,661395,Jhoan Duran,Jhoan,Duran,59,1998-01-08,28,"6' 5""",230,1,Pitcher,R,Right,R,Right,"1.0 IP, ER, 0 K, 0 BB",,,,,,,,,,,,,,,,1.0,1,2,0,0,0,10,0,0,1
2026-08-17,823427,,/api/v1.1/game/823427/feed/live,R,2026,2026-08-17,,night,P,N,N,Regular Season,1,3,1,Final,Final,2681,Citizens Bank Park,143,Philadelphia Phillies,PHI,6,True,146,Miami Marlins,MIA,5,False,624641,Edmundo Sosa,Edmundo,Sosa,33,1996-03-06,30,"5' 11""",210,7,Outfielder,R,Right,R,Right,,,,,,,,,,,,,,,,,,,,,,,,,,
2026-08-17,823427,,/api/v1.1/game/823427/feed/live,R,2026,2026-08-17,,night,P,N,N,Regular Season,1,3,1,Final,Final,2681,Citizens Bank Park,143,Philadelphia Phillies,PHI,6,True,146,Miami Marlins,MIA,5,False,689147,Orion Kerkering,Richard,Kerkering,50,2001-04-04,25,"6' 2""",204,1,Pitcher,R,Right,R,Right,"0.1 IP, 0 ER, K, 0 BB",,,,,,,,,,,,,,,,0.1,0,0,0,1,0,5,0,0,0
2026-08-17,823427,,/api/v1.1/game/823427/feed/live,R,2026,2026-08-17,,night,P,N,N,Regular Season,1,3,1,Final,Final,2681,Citizens Bank Park,143,Philadelphia Phillies,PHI,6,True,146,Miami Marlins,MIA,5,False,664761,Alec Bohm,Alec,Bohm,28,1996-08-03,30,"6' 4""",218,5,Third Base,R,Right,R,Right,"1-4 | HBP, RBI, R",,4,1,0,0,0,1,1,0,0,0,0,1,5,1,,,,,,,,,,
2026-08-17,823427,,/api/v1.1/game/823427/feed/live,R,2026,2026-08-17,,night,P,N,N,Regular Season,1,3,1,Final,Final,2681,Citizens Bank Park,143,Philadelphia Phillies,PHI,6,True,146,Miami Marlins,MIA,5,False,680742,Jonathan Bowlan,Jonathan,Bowlan,52,1996-12-01,29,"6' 6""",240,1,Pitcher,R,Right,R,Right,"1.0 IP, 2 ER, 2 K, BB",,,,,,,,,,,,,,,,1.0,2,3,0,2,1,34,0,0,0
2026-08-17,823427,,/api/v1.1/game/823427/feed/live,R,2026,2026-08-17,,night,P,N,N,Regular Season,1,3,1,Final,Final,2681,Citizens Bank Park,143,Philadelphia Phillies,PHI,6,True,146,Miami Marlins,MIA,5,False,663767,Chase Shugart,Chase,Shugart,55,1996-10-24,29,"5' 11""",200,1,Pitcher,L,Left,R,Right,,,,,,,,,,,,,,,,,,,,,,,,,,
2026-08-17,823427,,/api/v1.1/game/823427/feed/live,R,2026,2026-08-17,,night,P,N,N,Regular Season,1,3,1,Final,Final,2681,Citizens Bank Park,143,Philadelphia Phillies,PHI,6,True,146,Miami Marlins,MIA,5,False,641835,Tim Mayza,Timothy,Mayza,37,1992-01-15,34,"6' 3""",215,1,Pitcher,L,Left,L,Left,,,,,,,,,,,,,,,,,,,,,,,,,,
2026-08-17,823427,,/api/v1.1/game/823427/feed/live,R,2026,2026-08-17,,night,P,N,N,Regular Season,1,3,1,Final,Final,2681,Citizens Bank Park,143,Philadelphia Phillies,PHI,6,True,146,Miami Marlins,MIA,5,False,681082,Bryson Stott,Bryson,Stott,5,1997-10-06,28,"6' 0""",200,4,Second Base,L,Left,R,Right,"1-3 | 2 BB, R",,3,1,0,0,0,0,1,0,2,0,0,0,5,1,,,,,,,,,,
2026-08-17,823427,,/api/v1.1/game/823427/feed/live,R,2026,2026-08-17,,night,P,N,N,Regular Season,1,3,1,Final,Final,2681,Citizens Bank Park,143,Philadelphia Phillies,PHI,6,True,146,Miami Marlins,MIA,5,False,656941,Kyle Schwarber,Kyle,Schwarber,12,1993-03-05,33,"5' 11""",229,10,Designated Hitter,L,Left,R,Right,"1-4 | 2 K, RBI",,4,1,0,0,0,1,0,2,0,0,0,0,5,1,,,,,,,,,,
2026-08-17,823427,,/api/v1.1/game/823427/feed/live,R,2026,2026-08-17,,night,P,N,N,Regular Season,1,3,1,Final,Final,2681,Citizens Bank Park,143,Philadelphia Phillies,PHI,6,True,146,Miami Marlins,MIA,5,False,596117,Garrett Stubbs,Garrett,Stubbs,21,1993-05-26,33,"5' 9""",170,2,Catcher,L,Left,R,Right,,,,,,,,,,,,,,,,,,,,,,,,,,
2026-08-17,823427,,/api/v1.1/game/823427/feed/live,R,2026,2026-08-17,,night,P,N,N,Regular Season,1,3,1,Final,Final,2681,Citizens Bank Park,143,Philadelphia Phillies,PHI,6,True,146,Miami Marlins,MIA,5,False,686934,Alex McFarlane,Alexander,McFarlane,71,2001-06-09,25,"6' 3""",215,1,Pitcher,R,Right,R,Right,,,,,,,,,,,,,,,,,,,,,,,,,,
2026-08-17,823427,,/api/v1.1/game/823427/feed/live,R,2026,2026-08-17,,night,P,N,N,Regular Season,1,3,1,Final,Final,2681,Citizens Bank Park,143,Philadelphia Phillies,PHI,6,True,146,Miami Marlins,MIA,5,False,605400,Aaron Nola,Aaron,Nola,27,1993-06-04,33,"6' 2""",200,1,Pitcher,R,Right,R,Right,,,,,,,,,,,,,,,,,,,,,,,,,,
2026-08-17,823427,,/api/v1.1/game/823427/feed/live,R,2026,2026-08-17,,night,P,N,N,Regular Season,1,3,1,Final,Final,2681,Citizens Bank Park,143,Philadelphia Phillies,PHI,6,True,146,Miami Marlins,MIA,5,False,548384,Brooks Raley,Brooks,Raley,30,1988-06-29,38,"6' 3""",200,1,Pitcher,L,Left,L,Left,"0.2 IP, ER, 0 K, 0 BB",,,,,,,,,,,,,,,,0.2,1,1,1,0,0,9,0,0,0
2026-08-17,823427,,/api/v1.1/game/823427/feed/live,R,2026,2026-08-17,,night,P,N,N,Regular Season,1,3,1,Final,Final,2681,Citizens Bank Park,143,Philadelphia Phillies,PHI,6,True,146,Miami Marlins,MIA,5,False,607208,Trea Turner,Trea,Turner,7,1993-06-30,33,"6' 1""",185,6,Shortstop,R,Right,R,Right,"1-4 | BB, RBI, R",,4,1,0,0,0,1,1,0,1,0,0,1,5,1,,,,,,,,,,
2026-08-17,823427,,/api/v1.1/game/823427/feed/live,R,2026,2026-08-17,,night,P,N,N,Regular Season,1,3,1,Final,Final,2681,Citizens Bank Park,143,Philadelphia Phillies,PHI,6,True,146,Miami Marlins,MIA,5,False,650333,Luis Arraez,Luis,Arraez,4,1997-04-09,29,"5' 10""",186,4,Second Base,L,Left,R,Right,1-5 | RBI,,5,1,0,0,0,1,0,0,0,0,0,0,5,1,,,,,,,,,,
2026-08-17,823427,,/api/v1.1/game/823427/feed/live,R,2026,2026-08-17,,night,P,N,N,Regular Season,1,3,1,Final,Final,2681,Citizens Bank Park,143,Philadelphia Phillies,PHI,6,True,146,Miami Marlins,MIA,5,False,656537,Derek Hill,Derek,Hill,49,1995-12-30,30,"6' 0""",206,8,Outfielder,R,Right,R,Right,"1-1 | BB, 2 RBI",,1,1,0,0,0,2,0,0,1,0,0,0,2,1,,,,,,,,,,
2026-08-17,823427,,/api/v1.1/game/823427/feed/live,R,2026,2026-08-17,,night,P,N,N,Regular Season,1,3,1,Final,Final,2681,Citizens Bank Park,143,Philadelphia Phillies,PHI,6,True,146,Miami Marlins,MIA,5,False,691725,Andrew Painter,Andrew,Painter,24,2003-04-10,23,"6' 7""",215,1,Pitcher,R,Right,R,Right,,,,,,,,,,,,,,,,,,,,,,,,,,
2026-08-17,823427,,/api/v1.1/game/823427/feed/live,R,2026,2026-08-17,,night,P,N,N,Regular Season,1,3,1,Final,Final,2681,Citizens Bank Park,143,Philadelphia Phillies,PHI,6,True,146,Miami Marlins,MIA,5,False,694795,Josh Ekness,Joshua,Ekness,95,2002-02-07,24,"6' 4""",225,1,Pitcher,R,Right,R,Right,,,,,,,,,,,,,,,,,,,,,,,,,,
2026-08-17,823427,,/api/v1.1/game/823427/feed/live,R,2026,2026-08-17,,night,P,N,N,Regular Season,1,3,1,Final,Final,2681,Citizens Bank Park,143,Philadelphia Phillies,PHI,6,True,146,Miami Marlins,MIA,5,False,676604,Tyler Zuber,Tyler,Zuber,55,1995-06-16,31,"5' 11""",195,1,Pitcher,R,Right,R,Right,,,,,,,,,,,,,,,,,,,,,,,,,,
2026-08-17,823427,,/api/v1.1/game/823427/feed/live,R,2026,2026-08-17,,night,P,N,N,Regular Season,1,3,1,Final,Final,2681,Citizens Bank Park,143,Philadelphia Phillies,PHI,6,True,146,Miami Marlins,MIA,5,False,665052,Griffin Conine,Griffin,Conine,18,1997-07-11,29,"6' 1""",210,9,Outfielder,L,Left,R,Right,"1-4 | K, RBI",,4,1,0,0,0,1,0,1,0,0,0,0,4,1,,,,,,,,,,
2026-08-17,823427,,/api/v1.1/game/823427/feed/live,R,2026,2026-08-17,,night,P,N,N,Regular Season,1,3,1,Final,Final,2681,Citizens Bank Park,143,Philadelphia Phillies,PHI,6,True,146,Miami Marlins,MIA,5,False,681715,Heriberto Hernández,Heriberto,Hernandez,13,1999-12-16,26,"5' 11""",195,7,Outfielder,R,Right,R,Right,"0-4 | BB, 2 K",,4,0,0,0,0,0,0,2,1,0,0,1,5,0,,,,,,,,,,
2026-08-17,823427,,/api/v1.1/game/823427/feed/live,R,2026,2026-08-17,,night,P,N,N,Regular Season,1,3,1,Final,Final,2681,Citizens Bank Park,143,Philadelphia Phillies,PHI,6,True,146,Miami Marlins,MIA,5,False,664126,Pete Fairbanks,Peter,Fairbanks,29,1993-12-16,32,"6' 6""",235,1,Pitcher,R,Right,R,Right,,,,,,,,,,,,,,,,,,,,,,,,,,
2026-08-17,823427,,/api/v1.1/game/823427/feed/live,R,2026,2026-08-17,,night,P,N,N,Regular Season,1,3,1,Final,Final,2681,Citizens Bank Park,143,Philadelphia Phillies,PHI,6,True,146,Miami Marlins,MIA,5,False,645261,Sandy Alcantara,Sandy,Alcantara,22,1995-09-07,30,"6' 5""",200,1,Pitcher,R,Right,R,Right,,,,,,,,,,,,,,,,,,,,,,,,,,
2026-08-17,823427,,/api/v1.1/game/823427/feed/live,R,2026,2026-08-17,,night,P,N,N,Regular Season,1,3,1,Final,Final,2681,Citizens Bank Park,143,Philadelphia Phillies,PHI,6,True,146,Miami Marlins,MIA,5,False,680767,Victor Vodnik,Victor,Vodnik,38,1999-10-09,26,"6' 0""",216,1,Pitcher,R,Right,R,Right,"1.0 IP, 0 ER, 0 K, 2 BB",,,,,,,,,,,,,,,,1.0,0,0,0,0,2,32,0,0,0
2026-08-17,823427,,/api/v1.1/game/823427/feed/live,R,2026,2026-08-17,,night,P,N,N,Regular Season,1,3,1,Final,Final,2681,Citizens Bank Park,143,Philadelphia Phillies,PHI,6,True,146,Miami Marlins,MIA,5,False,663969,Tyler Phillips,Tyler,Phillips,30,1997-10-27,28,"6' 5""",225,1,Pitcher,R,Right,R,Right,,,,,,,,,,,,,,,,,,,,,,,,,,
2026-08-17,823427,,/api/v1.1/game/823427/feed/live,R,2026,2026-08-17,,night,P,N,N,Regular Season,1,3,1,Final,Final,2681,Citizens Bank Park,143,Philadelphia Phillies,PHI,6,True,146,Miami Marlins,MIA,5,False,665923,Esteury Ruiz,Esteury,Ruiz,3,1999-02-15,27,"5' 11""",169,9,Outfielder,R,Right,R,Right,2-3 | CS,,3,2,0,0,0,0,0,0,0,0,1,0,3,2,,,,,,,,,,
2026-08-17,823427,,/api/v1.1/game/823427/feed/live,R,2026,2026-08-17,,night,P,N,N,Regular Season,1,3,1,Final,Final,2681,Citizens Bank Park,143,Philadelphia Phillies,PHI,6,True,146,Miami Marlins,MIA,5,False,805300,Jakob Marsee,Jakob,Marsee,87,2001-06-28,25,"6' 0""",180,8,Outfielder,L,Left,L,Left,0-2 | K,,2,0,0,0,0,0,0,1,0,0,0,0,2,0,,,,,,,,,,
2026-08-17,823427,,/api/v1.1/game/823427/feed/live,R,2026,2026-08-17,,night,P,N,N,Regular Season,1,3,1,Final,Final,2681,Citizens Bank Park,143,Philadelphia Phillies,PHI,6,True,146,Miami Marlins,MIA,5,False,676534,Calvin Faucher,Calvin,Faucher,53,1995-09-22,30,"6' 1""",190,1,Pitcher,R,Right,R,Right,,,,,,,,,,,,,,,,,,,,,,,,,,
2026-08-17,823427,,/api/v1.1/game/823427/feed/live,R,2026,2026-08-17,,night,P,N,N,Regular Season,1,3,1,Final,Final,2681,Citizens Bank Park,143,Philadelphia Phillies,PHI,6,True,146,Miami Marlins,MIA,5,False,691594,Javier Sanoja,Javier,Sanoja,8,2002-09-03,23,"5' 7""",150,5,Third Base,R,Right,R,Right,"2-5 | 2B, 2 RBI",,5,2,1,0,0,2,0,0,0,0,0,0,5,3,,,,,,,,,,
2026-08-17,823427,,/api/v1.1/game/823427/feed/live,R,2026,2026-08-17,,night,P,N,N,Regular Season,1,3,1,Final,Final,2681,Citizens Bank Park,143,Philadelphia Phillies,PHI,6,True,146,Miami Marlins,MIA,5,False,667463,John King,John,King,47,1994-09-14,31,"6' 2""",215,1,Pitcher,L,Left,L,Left,"1.0 IP, 2 ER, 0 K, 3 BB",,,,,,,,,,,,,,,,1.0,2,1,0,0,3,25,0,0,0
2026-08-17,823427,,/api/v1.1/game/823427/feed/live,R,2026,2026-08-17,,night,P,N,N,Regular Season,1,3,1,Final,Final,2681,Citizens Bank Park,143,Philadelphia Phillies,PHI,6,True,146,Miami Marlins,MIA,5,False,806188,Cade Gibson,Cade,Gibson,58,1998-02-18,28,"6' 2""",195,1,Pitcher,L,Left,L,Left,"1.0 IP, ER, 0 K, 0 BB",,,,,,,,,,,,,,,,1.0,1,2,0,0,0,23,0,0,0
2026-08-17,823427,,/api/v1.1/game/823427/feed/live,R,2026,2026-08-17,,night,P,N,N,Regular Season,1,3,1,Final,Final,2681,Citizens Bank Park,143,Philadelphia Phillies,PHI,6,True,146,Miami Marlins,MIA,5,False,687473,Ryan Gusto,Ryan,Gusto,65,1999-03-11,27,"6' 4""",232,1,Pitcher,R,Right,R,Right,,,,,,,,,,,,,,,,,,,,,,,,,,
2026-08-17,823427,,/api/v1.1/game/823427/feed/live,R,2026,2026-08-17,,night,P,N,N,Regular Season,1,3,1,Final,Final,2681,Citizens Bank Park,143,Philadelphia Phillies,PHI,6,True,146,Miami Marlins,MIA,5,False,669364,Xavier Edwards,Xavier,Edwards,9,1999-08-09,27,"5' 9""",175,4,Second Base,S,Switch,R,Right,"2-5 | K, 2 R",,5,2,0,0,0,0,2,1,0,0,0,0,5,2,,,,,,,,,,
2026-08-17,823427,,/api/v1.1/game/823427/feed/live,R,2026,2026-08-17,,night,P,N,N,Regular Season,1,3,1,Final,Final,2681,Citizens Bank Park,143,Philadelphia Phillies,PHI,6,True,146,Miami Marlins,MIA,5,False,688363,Graham Pauley,Graham,Pauley,21,2000-09-24,25,"6' 1""",200,5,Third Base,L,Left,R,Right,,,,,,,,,,,,,,,,,,,,,,,,,,
2026-08-17,823427,,/api/v1.1/game/823427/feed/live,R,2026,2026-08-17,,night,P,N,N,Regular Season,1,3,1,Final,Final,2681,Citizens Bank Park,143,Philadelphia Phillies,PHI,6,True,146,Miami Marlins,MIA,5,False,656848,Michael Petersen,Michael,Petersen,49,1994-05-16,32,"6' 7""",195,1,Pitcher,R,Right,R,Right,,,,,,,,,,,,,,,,,,,,,,,,,,
2026-08-17,823427,,/api/v1.1/game/823427/feed/live,R,2026,2026-08-17,,night,P,N,N,Regular Season,1,3,1,Final,Final,2681,Citizens Bank Park,143,Philadelphia Phillies,PHI,6,True,146,Miami Marlins,MIA,5,False,683357,Owen Caissie,Owen,Caissie,17,2002-07-08,24,"6' 4""",190,9,Outfielder,L,Left,R,Right,,,,,,,,,,,,,,,,,,,,,,,,,,
2026-08-17,823427,,/api/v1.1/game/823427/feed/live,R,2026,2026-08-17,,night,P,N,N,Regular Season,1,3,1,Final,Final,2681,Citizens Bank Park,143,Philadelphia Phillies,PHI,6,True,146,Miami Marlins,MIA,5,False,682663,Agustín Ramírez,Agustín,Ramírez,50,2001-09-10,24,"6' 1""",210,2,Catcher,R,Right,R,Right,"2-4 | 2B, BB, R",,4,2,1,0,0,0,1,0,1,0,0,0,5,3,,,,,,,,,,
2026-08-17,823427,,/api/v1.1/game/823427/feed/live,R,2026,2026-08-17,,night,P,N,N,Regular Season,1,3,1,Final,Final,2681,Citizens Bank Park,143,Philadelphia Phillies,PHI,6,True,146,Miami Marlins,MIA,5,False,677870,Leo Jiménez,Leonardo,Jimenez,19,2001-05-17,25,"5' 10""",215,5,Third Base,R,Right,R,Right,"1-4 | BB, 2 K",,4,1,0,0,0,0,0,2,1,0,0,0,5,1,,,,,,,,,,
2026-08-17,823427,,/api/v1.1/game/823427/feed/live,R,2026,2026-08-17,,night,P,N,N,Regular Season,1,3,1,Final,Final,2681,Citizens Bank Park,143,Philadelphia Phillies,PHI,6,True,146,Miami Marlins,MIA,5,False,676083,Janson Junk,Janson,Junk,26,1996-01-15,30,"6' 2""",197,1,Pitcher,R,Right,R,Right,"5.0 IP, 2 ER, 2 K, 2 BB",,,,,,,,,,,,,,,,5.0,2,8,0,2,2,88,0,1,0
2026-08-17,823427,,/api/v1.1/game/823427/feed/live,R,2026,2026-08-17,,night,P,N,N,Regular Season,1,3,1,Final,Final,2681,Citizens Bank Park,143,Philadelphia Phillies,PHI,6,True,146,Miami Marlins,MIA,5,False,640459,Brian Navarreto,Brian,Navarreto,64,1994-12-29,31,"6' 1""",233,2,Catcher,R,Right,R,Right,"2-4 | HR, K, RBI",,4,2,0,0,1,1,1,1,0,0,0,0,4,5,,,,,,,,,,
2026-08-17,823427,,/api/v1.1/game/823427/feed/live,R,2026,2026-08-17,,night,P,N,N,Regular Season,1,3,1,Final,Final,2681,Citizens Bank Park,143,Philadelphia Phillies,PHI,6,True,146,Miami Marlins,MIA,5,False,691788,Joe Mack,Joseph,Mack,80,2002-12-27,23,"6' 0""",210,2,Catcher,L,Left,R,Right,,,,,,,,,,,,,,,,,,,,,,,,,,
2026-08-17,823427,,/api/v1.1/game/823427/feed/live,R,2026,2026-08-17,,night,P,N,N,Regular Season,1,3,1,Final,Final,2681,Citizens Bank Park,143,Philadelphia Phillies,PHI,6,True,146,Miami Marlins,MIA,5,False,691587,Eury Pérez,Eury,Pérez,39,2003-04-15,23,"6' 8""",220,1,Pitcher,R,Right,R,Right,,,,,,,,,,,,,,,,,,,,,,,,,,
2026-08-17,823427,,/api/v1.1/game/823427/feed/live,R,2026,2026-08-17,,night,P,N,N,Regular Season,1,3,1,Final,Final,2681,Citizens Bank Park,143,Philadelphia Phillies,PHI,6,True,146,Miami Marlins,MIA,5,False,672640,Otto Lopez,Otto,Lopez,6,1998-10-01,27,"5' 10""",185,6,Shortstop,R,Right,R,Right,"2-4 | BB, K, RBI",,4,2,0,0,0,1,1,1,1,0,0,0,5,2,,,,,,,,,,
2026-08-17,823343,,/api/v1.1/game/823343/feed/live,R,2026,2026-08-17,,night,P,N,N,Regular Season,1,3,1,Final,Final,31,PNC Park,134,Pittsburgh Pirates,PIT,5,False,116,Detroit Tigers,DET,8,True,694378,Jacob Gonzalez,Jacob,Gonzalez,26,2002-05-30,24,"6' 2""",205,6,Shortstop,L,Left,R,Right,0-2,,2,0,0,0,0,0,0,0,0,0,0,0,2,0,,,,,,,,,,
2026-08-17,823343,,/api/v1.1/game/823343/feed/live,R,2026,2026-08-17,,night,P,N,N,Regular Season,1,3,1,Final,Final,31,PNC Park,134,Pittsburgh Pirates,PIT,5,False,116,Detroit Tigers,DET,8,True,694973,Paul Skenes,Paul,Skenes,30,2002-05-29,24,"6' 6""",260,1,Pitcher,R,Right,R,Right,,,,,,,,,,,,,,,,,,,,,,,,,,
2026-08-17,823343,,/api/v1.1/game/823343/feed/live,R,2026,2026-08-17,,night,P,N,N,Regular Season,1,3,1,Final,Final,31,PNC Park,134,Pittsburgh Pirates,PIT,5,False,116,Detroit Tigers,DET,8,True,694377,Nick Yorke,Nicholas,Yorke,38,2002-04-02,24,"5' 11""",220,5,Third Base,R,Right,R,Right,"2-4 | 2B, K, 3 RBI",,4,2,1,0,0,3,1,1,0,0,0,0,4,3,,,,,,,,,,
2026-08-17,823343,,/api/v1.1/game/823343/feed/live,R,2026,2026-08-17,,night,P,N,N,Regular Season,1,3,1,Final,Final,31,PNC Park,134,Pittsburgh Pirates,PIT,5,False,116,Detroit Tigers,DET,8,True,687462,Spencer Horwitz,Spencer,Horwitz,2,1997-11-14,28,"5' 10""",204,3,First Base,L,Left,R,Right,,,,,,,,,,,,,,,,,,,,,,,,,,
2026-08-17,823343,,/api/v1.1/game/823343/feed/live,R,2026,2026-08-17,,night,P,N,N,Regular Season,1,3,1,Final,Final,31,PNC Park,134,Pittsburgh Pirates,PIT,5,False,116,Detroit Tigers,DET,8,True,669199,Lake Bachar,Lake,Bachar,71,1995-06-03,31,"6' 2""",219,1,Pitcher,R,Right,R,Right,,,,,,,,,,,,,,,,,,,,,,,,,,
2026-08-17,823343,,/api/v1.1/game/823343/feed/live,R,2026,2026-08-17,,night,P,N,N,Regular Season,1,3,1,Final,Final,31,PNC Park,134,Pittsburgh Pirates,PIT,5,False,116,Detroit Tigers,DET,8,True,664040,Brandon Lowe,Brandon,Lowe,5,1994-07-06,32,"5' 9""",181,4,Second Base,L,Left,R,Right,2-4,,4,2,0,0,0,0,0,0,0,0,0,0,4,2,,,,,,,,,,
2026-08-17,823343,,/api/v1.1/game/823343/feed/live,R,2026,2026-08-17,,night,P,N,N,Regular Season,1,3,1,Final,Final,31,PNC Park,134,Pittsburgh Pirates,PIT,5,False,116,Detroit Tigers,DET,8,True,668804,Bryan Reynolds,Bryan,Reynolds,10,1995-01-27,31,"6' 2""",210,7,Outfielder,S,Switch,R,Right,0-5 | 3 K,,5,0,0,0,0,0,0,3,0,0,0,0,5,0,,,,,,,,,,
2026-08-17,823343,,/api/v1.1/game/823343/feed/live,R,2026,2026-08-17,,night,P,N,N,Regular Season,1,3,1,Final,Final,31,PNC Park,134,Pittsburgh Pirates,PIT,5,False,116,Detroit Tigers,DET,8,True,665833,Oneil Cruz,Oneil,Cruz,15,1998-10-04,27,"6' 7""",248,8,Outfielder,L,Left,R,Right,,,,,,,,,,,,,,,,,,,,,,,,,,
2026-08-17,823343,,/api/v1.1/game/823343/feed/live,R,2026,2026-08-17,,night,P,N,N,Regular Season,1,3,1,Final,Final,31,PNC Park,134,Pittsburgh Pirates,PIT,5,False,116,Detroit Tigers,DET,8,True,683003,Jared Jones,Jared,Jones,17,2001-08-06,25,"6' 0""",211,1,Pitcher,L,Left,R,Right,,,,,,,,,,,,,,,,,,,,,,,,,,
2026-08-17,823343,,/api/v1.1/game/823343/feed/live,R,2026,2026-08-17,,night,P,N,N,Regular Season,1,3,1,Final,Final,31,PNC Park,134,Pittsburgh Pirates,PIT,5,False,116,Detroit Tigers,DET,8,True,642397,Gregory Soto,Gregory,Soto,31,1995-02-11,31,"6' 1""",247,1,Pitcher,L,Left,L,Left,"1.0 IP, 0 ER, 3 K, 0 BB",,,,,,,,,,,,,,,,1.0,0,2,0,3,0,15,0,0,0
2026-08-17,823343,,/api/v1.1/game/823343/feed/live,R,2026,2026-08-17,,night,P,N,N,Regular Season,1,3,1,Final,Final,31,PNC Park,134,Pittsburgh Pirates,PIT,5,False,116,Detroit Tigers,DET,8,True,596133,Luke Weaver,Luke,Weaver,18,1993-08-21,32,"6' 2""",180,1,Pitcher,R,Right,R,Right,,,,,,,,,,,,,,,,,,,,,,,,,,
2026-08-17,823343,,/api/v1.1/game/823343/feed/live,R,2026,2026-08-17,,night,P,N,N,Regular Season,1,3,1,Final,Final,31,PNC Park,134,Pittsburgh Pirates,PIT,5,False,116,Detroit Tigers,DET,8,True,682254,Mason Montgomery,Mason,Montgomery,46,2000-06-17,26,"6' 2""",205,1,Pitcher,L,Left,L,Left,,,,,,,,,,,,,,,,,,,,,,,,,,
2026-08-17,823343,,/api/v1.1/game/823343/feed/live,R,2026,2026-08-17,,night,P,N,N,Regular Season,1,3,1,Final,Final,31,PNC Park,134,Pittsburgh Pirates,PIT,5,False,116,Detroit Tigers,DET,8,True,669707,Jared Triolo,Jared,Triolo,19,1998-02-08,28,"6' 3""",212,6,Shortstop,R,Right,R,Right,0-3,,3,0,0,0,0,0,0,0,0,0,0,0,3,0,,,,,,,,,,
2026-08-17,823343,,/api/v1.1/game/823343/feed/live,R,2026,2026-08-17,,night,P,N,N,Regular Season,1,3,1,Final,Final,31,PNC Park,134,Pittsburgh Pirates,PIT,5,False,116,Detroit Tigers,DET,8,True,699013,Esmerlyn Valdez,Esmerlyn,Valdez,55,2004-01-27,22,"6' 2""",234,9,Outfielder,R,Right,R,Right,0-5 | 3 K,,5,0,0,0,0,0,0,3,0,0,0,0,5,0,,,,,,,,,,
2026-08-17,823343,,/api/v1.1/game/823343/feed/live,R,2026,2026-08-17,,night,P,N,N,Regular Season,1,3,1,Final,Final,31,PNC Park,134,Pittsburgh Pirates,PIT,5,False,116,Detroit Tigers,DET,8,True,663968,Jake Mangum,Jake,Mangum,28,1996-03-08,30,"5' 11""",191,8,Outfielder,S,Switch,L,Left,"0-2 | 2 BB, 2 R",,2,0,0,0,0,0,2,0,2,0,0,0,4,0,,,,,,,,,,
2026-08-17,823343,,/api/v1.1/game/823343/feed/live,R,2026,2026-08-17,,night,P,N,N,Regular Season,1,3,1,Final,Final,31,PNC Park,134,Pittsburgh Pirates,PIT,5,False,116,Detroit Tigers,DET,8,True,670990,Yohan Ramírez,Yohan,Ramírez,49,1995-05-06,31,"6' 3""",205,1,Pitcher,R,Right,R,Right,"1.0 IP, 3 ER, 0 K, 3 BB",,,,,,,,,,,,,,,,1.0,3,2,0,0,3,44,0,0,0
2026-08-17,823343,,/api/v1.1/game/823343/feed/live,R,2026,2026-08-17,,night,P,N,N,Regular Season,1,3,1,Final,Final,31,PNC Park,134,Pittsburgh Pirates,PIT,5,False,116,Detroit Tigers,DET,8,True,676755,Isaac Mattson,Isaac,Mattson,72,1995-07-14,31,"6' 2""",214,1,Pitcher,R,Right,R,Right,"2.0 IP, ER, K, 2 BB",,,,,,,,,,,,,,,,2.0,1,2,0,1,2,41,0,0,0
2026-08-17,823343,,/api/v1.1/game/823343/feed/live,R,2026,2026-08-17,,night,P,N,N,Regular Season,1,3,1,Final,Final,31,PNC Park,134,Pittsburgh Pirates,PIT,5,False,116,Detroit Tigers,DET,8,True,696149,Bubba Chandler,Roy,Chandler,36,2002-09-14,23,"6' 3""",206,1,Pitcher,S,Switch,R,Right,,,,,,,,,,,,,,,,,,,,,,,,,,
2026-08-17,823343,,/api/v1.1/game/823343/feed/live,R,2026,2026-08-17,,night,P,N,N,Regular Season,1,3,1,Final,Final,31,PNC Park,134,Pittsburgh Pirates,PIT,5,False,116,Detroit Tigers,DET,8,True,695257,Billy Cook,William,Cook,25,1999-01-07,27,"6' 0""",204,8,Outfielder,R,Right,R,Right,,,,,,,,,,,,,,,,,,,,,,,,,,
2026-08-17,823343,,/api/v1.1/game/823343/feed/live,R,2026,2026-08-17,,night,P,N,N,Regular Season,1,3,1,Final,Final,31,PNC Park,134,Pittsburgh Pirates,PIT,5,False,116,Detroit Tigers,DET,8,True,669387,Carmen Mlodzinski,Carmen,Mlodzinski,50,1999-02-19,27,"6' 2""",210,1,Pitcher,R,Right,R,Right,"3.0 IP, 4 ER, 3 K, BB",,,,,,,,,,,,,,,,3.0,4,8,1,3,1,59,0,1,0
2026-08-17,823343,,/api/v1.1/game/823343/feed/live,R,2026,2026-08-17,,night,P,N,N,Regular Season,1,3,1,Final,Final,31,PNC Park,134,Pittsburgh Pirates,PIT,5,False,116,Detroit Tigers,DET,8,True,680779,Henry Davis,Henry,Davis,32,1999-09-21,26,"5' 11""",225,2,Catcher,R,Right,R,Right,"1-4 | 2 K, RBI",,4,1,0,0,0,1,0,2,0,0,0,0,4,1,,,,,,,,,,
2026-08-17,823343,,/api/v1.1/game/823343/feed/live,R,2026,2026-08-17,,night,P,N,N,Regular Season,1,3,1,Final,Final,31,PNC Park,134,Pittsburgh Pirates,PIT,5,False,116,Detroit Tigers,DET,8,True,666808,Camilo Doval,Camilo,Doval,75,1997-07-04,29,"6' 2""",205,1,Pitcher,R,Right,R,Right,"1.0 IP, 0 ER, 0 K, BB",,,,,,,,,,,,,,,,1.0,0,0,0,0,1,12,0,0,0
2026-08-17,823343,,/api/v1.1/game/823343/feed/live,R,2026,2026-08-17,,night,P,N,N,Regular Season,1,3,1,Final,Final,31,PNC Park,134,Pittsburgh Pirates,PIT,5,False,116,Detroit Tigers,DET,8,True,489446,Kirby Yates,Kirby,Yates,54,1987-03-25,39,"5' 10""",205,1,Pitcher,L,Left,R,Right,"1.0 IP, 0 ER, K, 0 BB",,,,,,,,,,,,,,,,1.0,0,0,0,1,0,8,0,0,0
2026-08-17,823343,,/api/v1.1/game/823343/feed/live,R,2026,2026-08-17,,night,P,N,N,Regular Season,1,3,1,Final,Final,31,PNC Park,134,Pittsburgh Pirates,PIT,5,False,116,Detroit Tigers,DET,8,True,693304,Nick Gonzales,Nicholas,Gonzales,3,1999-05-27,27,"5' 8""",193,5,Third Base,R,Right,R,Right,"1-2 | 2B, 2 BB, R",,2,1,1,0,0,0,1,0,2,0,0,0,4,2,,,,,,,,,,
2026-08-17,823343,,/api/v1.1/game/823343/feed/live,R,2026,2026-08-17,,night,P,N,N,Regular Season,1,3,1,Final,Final,31,PNC Park,134,Pittsburgh Pirates,PIT,5,False,116,Detroit Tigers,DET,8,True,804668,Rafael Flores Jr.,Rafael,Flores,43,2000-11-07,25,"6' 3""",232,2,Catcher,R,Right,R,Right,"0-3 | BB, 2 K, R",,3,0,0,0,0,0,1,2,1,0,0,0,4,0,,,,,,,,,,
2026-08-17,823343,,/api/v1.1/game/823343/feed/live,R,2026,2026-08-17,,night,P,N,N,Regular Season,1,3,1,Final,Final,31,PNC Park,134,Pittsburgh Pirates,PIT,5,False,116,Detroit Tigers,DET,8,True,677952,Braxton Ashcraft,Braxton,Ashcraft,35,1999-10-05,26,"6' 5""",218,1,Pitcher,L,Left,R,Right,,,,,,,,,,,,,,,,,,,,,,,,,,
2026-08-17,823343,,/api/v1.1/game/823343/feed/live,R,2026,2026-08-17,,night,P,N,N,Regular Season,1,3,1,Final,Final,31,PNC Park,134,Pittsburgh Pirates,PIT,5,False,116,Detroit Tigers,DET,8,True,667452,Corey Julks,Corey,Julks,44,1996-02-27,30,"5' 11""",220,7,Outfielder,R,Right,R,Right,,,,,,,,,,,,,,,,,,,,,,,,,,
2026-08-17,823343,,/api/v1.1/game/823343/feed/live,R,2026,2026-08-17,,night,P,N,N,Regular Season,1,3,1,Final,Final,31,PNC Park,134,Pittsburgh Pirates,PIT,5,False,116,Detroit Tigers,DET,8,True,664285,Framber Valdez,Framber,Valdez,59,1993-11-19,32,"5' 11""",230,1,Pitcher,R,Right,L,Left,"5.2 IP, 4 ER, 5 K, 4 BB",,,,,,,,,,,,,,,,5.2,4,5,0,5,4,91,1,0,0
2026-08-17,823343,,/api/v1.1/game/823343/feed/live,R,2026,2026-08-17,,night,P,N,N,Regular Season,1,3,1,Final,Final,31,PNC Park,134,Pittsburgh Pirates,PIT,5,False,116,Detroit Tigers,DET,8,True,814430,Brett Callahan,Brett,Callahan,34,2001-11-02,24,"6' 0""",195,7,Outfielder,L,Left,R,Right,"1-4 | K, 2 RBI",,4,1,0,0,0,2,0,1,0,0,0,0,4,1,,,,,,,,,,
2026-08-17,823343,,/api/v1.1/game/823343/feed/live,R,2026,2026-08-17,,night,P,N,N,Regular Season,1,3,1,Final,Final,31,PNC Park,134,Pittsburgh Pirates,PIT,5,False,116,Detroit Tigers,DET,8,True,656716,Zach McKinstry,Zachary,McKinstry,39,1995-04-29,31,"5' 11""",180,4,Second Base,L,Left,R,Right,"3-4 | 2B, BB, RBI",,4,3,1,0,0,1,1,0,1,0,0,0,5,4,,,,,,,,,,
2026-08-17,823343,,/api/v1.1/game/823343/feed/live,R,2026,2026-08-17,,night,P,N,N,Regular Season,1,3,1,Final,Final,31,PNC Park,134,Pittsburgh Pirates,PIT,5,False,116,Detroit Tigers,DET,8,True,701678,Hao-Yu Lee,Hao-Yu,Lee,50,2003-02-03,23,"5' 9""",190,4,Second Base,R,Right,R,Right,"3-3 | 2 BB, 2 RBI, R",,3,3,0,0,0,2,1,0,2,0,0,0,5,3,,,,,,,,,,
2026-08-17,823343,,/api/v1.1/game/823343/feed/live,R,2026,2026-08-17,,night,P,N,N,Regular Season,1,3,1,Final,Final,31,PNC Park,134,Pittsburgh Pirates,PIT,5,False,116,Detroit Tigers,DET,8,True,680744,Ty Madden,Tyler,Madden,36,2000-02-21,26,"6' 3""",215,1,Pitcher,R,Right,R,Right,,,,,,,,,,,,,,,,,,,,,,,,,,
2026-08-17,823343,,/api/v1.1/game/823343/feed/live,R,2026,2026-08-17,,night,P,N,N,Regular Season,1,3,1,Final,Final,31,PNC Park,134,Pittsburgh Pirates,PIT,5,False,116,Detroit Tigers,DET,8,True,623454,Drew Anderson,Andrew,Anderson,38,1994-03-22,32,"6' 3""",205,1,Pitcher,R,Right,R,Right,,,,,,,,,,,,,,,,,,,,,,,,,,
2026-08-17,823343,,/api/v1.1/game/823343/feed/live,R,2026,2026-08-17,,night,P,N,N,Regular Season,1,3,1,Final,Final,31,PNC Park,134,Pittsburgh Pirates,PIT,5,False,116,Detroit Tigers,DET,8,True,595879,Javier Báez,Ednel,Báez,28,1992-12-01,33,"5' 11""",190,6,Shortstop,R,Right,R,Right,"0-4 | HBP, K",,4,0,0,0,0,0,0,1,0,0,0,0,5,0,,,,,,,,,,
2026-08-17,823343,,/api/v1.1/game/823343/feed/live,R,2026,2026-08-17,,night,P,N,N,Regular Season,1,3,1,Final,Final,31,PNC Park,134,Pittsburgh Pirates,PIT,5,False,116,Detroit Tigers,DET,8,True,680664,Eduardo Valencia,Eduardo,Valencia,32,2000-01-25,26,"6' 1""",180,2,Catcher,R,Right,R,Right,,,,,,,,,,,,,,,,,,,,,,,,,,
2026-08-17,823343,,/api/v1.1/game/823343/feed/live,R,2026,2026-08-17,,night,P,N,N,Regular Season,1,3,1,Final,Final,31,PNC Park,134,Pittsburgh Pirates,PIT,5,False,116,Detroit Tigers,DET,8,True,621097,Jacob Waguespack,Jacob,Waguespack,58,1993-11-05,32,"6' 6""",228,1,Pitcher,R,Right,R,Right,,,,,,,,,,,,,,,,,,,,,,,,,,
2026-08-17,823343,,/api/v1.1/game/823343/feed/live,R,2026,2026-08-17,,night,P,N,N,Regular Season,1,3,1,Final,Final,31,PNC Park,134,Pittsburgh Pirates,PIT,5,False,116,Detroit Tigers,DET,8,True,663432,Tanner Rainey,Tanner,Rainey,56,1992-12-25,33,"6' 3""",245,1,Pitcher,R,Right,R,Right,,,,,,,,,,,,,,,,,,,,,,,,,,
2026-08-17,823343,,/api/v1.1/game/823343/feed/live,R,2026,2026-08-17,,night,P,N,N,Regular Season,1,3,1,Final,Final,31,PNC Park,134,Pittsburgh Pirates,PIT,5,False,116,Detroit Tigers,DET,8,True,663947,Tyler Holton,Weston,Holton,87,1996-06-13,30,"6' 2""",200,1,Pitcher,L,Left,L,Left,,,,,,,,,,,,,,,,,,,,,,,,,,
2026-08-17,823343,,/api/v1.1/game/823343/feed/live,R,2026,2026-08-17,,night,P,N,N,Regular Season,1,3,1,Final,Final,31,PNC Park,134,Pittsburgh Pirates,PIT,5,False,116,Detroit Tigers,DET,8,True,805808,Kevin McGonigle,Kevin,McGonigle,7,2004-08-18,22,"5' 9""",187,6,Shortstop,L,Left,R,Right,"2-6 | HR, K, 2 RBI",,6,2,0,0,1,2,2,1,0,0,0,1,6,5,,,,,,,,,,
2026-08-17,823343,,/api/v1.1/game/823343/feed/live,R,2026,2026-08-17,,night,P,N,N,Regular Season,1,3,1,Final,Final,31,PNC Park,134,Pittsburgh Pirates,PIT,5,False,116,Detroit Tigers,DET,8,True,640448,Kyle Finnegan,Kyle,Finnegan,67,1991-09-04,34,"6' 2""",198,1,Pitcher,R,Right,R,Right,"0.2 IP, 0 ER, K, BB",,,,,,,,,,,,,,,,0.2,0,1,0,1,1,27,0,0,0
2026-08-17,823343,,/api/v1.1/game/823343/feed/live,R,2026,2026-08-17,,night,P,N,N,Regular Season,1,3,1,Final,Final,31,PNC Park,134,Pittsburgh Pirates,PIT,5,False,116,Detroit Tigers,DET,8,True,445276,Kenley Jansen,Kenley,Jansen,74,1987-09-30,38,"6' 5""",265,1,Pitcher,S,Switch,R,Right,"1.0 IP, 0 ER, 2 K, 0 BB",,,,,,,,,,,,,,,,1.0,0,0,0,2,0,8,0,0,1
2026-08-17,823343,,/api/v1.1/game/823343/feed/live,R,2026,2026-08-17,,night,P,N,N,Regular Season,1,3,1,Final,Final,31,PNC Park,134,Pittsburgh Pirates,PIT,5,False,116,Detroit Tigers,DET,8,True,679529,Spencer Torkelson,Spencer,Torkelson,20,1999-08-26,26,"6' 1""",220,3,First Base,R,Right,R,Right,0-1 | K,,1,0,0,0,0,0,0,1,0,0,0,0,1,0,,,,,,,,,,
2026-08-17,823343,,/api/v1.1/game/823343/feed/live,R,2026,2026-08-17,,night,P,N,N,Regular Season,1,3,1,Final,Final,31,PNC Park,134,Pittsburgh Pirates,PIT,5,False,116,Detroit Tigers,DET,8,True,805427,Drew Sommers,Drew,Sommers,51,2000-08-14,26,"6' 3""",250,1,Pitcher,L,Left,L,Left,"1.2 IP, 0 ER, 3 K, 0 BB",,,,,,,,,,,,,,,,1.2,0,0,0,3,0,25,0,0,0
2026-08-17,823343,,/api/v1.1/game/823343/feed/live,R,2026,2026-08-17,,night,P,N,N,Regular Season,1,3,1,Final,Final,31,PNC Park,134,Pittsburgh Pirates,PIT,5,False,116,Detroit Tigers,DET,8,True,672456,Keider Montero,Keider,Montero,54,2000-07-06,26,"6' 1""",145,1,Pitcher,R,Right,R,Right,,,,,,,,,,,,,,,,,,,,,,,,,,
2026-08-17,823343,,/api/v1.1/game/823343/feed/live,R,2026,2026-08-17,,night,P,N,N,Regular Season,1,3,1,Final,Final,31,PNC Park,134,Pittsburgh Pirates,PIT,5,False,116,Detroit Tigers,DET,8,True,701162,Ben Malgeri,Benjamin,Malgeri,53,2000-01-12,26,"6' 1""",215,9,Outfielder,R,Right,R,Right,0-1 | K,,1,0,0,0,0,0,0,1,0,0,0,0,1,0,,,,,,,,,,
2026-08-17,823343,,/api/v1.1/game/823343/feed/live,R,2026,2026-08-17,,night,P,N,N,Regular Season,1,3,1,Final,Final,31,PNC Park,134,Pittsburgh Pirates,PIT,5,False,116,Detroit Tigers,DET,8,True,650402,Gleyber Torres,Gleyber,Torres,25,1996-12-13,29,"5' 10""",205,4,Second Base,R,Right,R,Right,"1-4 | 2 BB, K, 2 R",,4,1,0,0,0,0,2,1,2,0,0,0,6,1,,,,,,,,,,
2026-08-17,823343,,/api/v1.1/game/823343/feed/live,R,2026,2026-08-17,,night,P,N,N,Regular Season,1,3,1,Final,Final,31,PNC Park,134,Pittsburgh Pirates,PIT,5,False,116,Detroit Tigers,DET,8,True,646241,Enmanuel De Jesus,Enmanuel,De Jesus,37,1996-12-10,29,"6' 3""",190,1,Pitcher,L,Left,L,Left,,,,,,,,,,,,,,,,,,,,,,,,,,
2026-08-17,823343,,/api/v1.1/game/823343/feed/live,R,2026,2026-08-17,,night,P,N,N,Regular Season,1,3,1,Final,Final,31,PNC Park,134,Pittsburgh Pirates,PIT,5,False,116,Detroit Tigers,DET,8,True,703601,Max Clark,Maxwell,Clark,15,2004-12-21,21,"5' 11""",205,8,Outfielder,L,Left,L,Left,"2-5 | K, RBI",,5,2,0,0,0,1,0,1,0,0,0,0,5,2,,,,,,,,,,
2026-08-17,823343,,/api/v1.1/game/823343/feed/live,R,2026,2026-08-17,,night,P,N,N,Regular Season,1,3,1,Final,Final,31,PNC Park,134,Pittsburgh Pirates,PIT,5,False,116,Detroit Tigers,DET,8,True,693307,Dillon Dingler,Francis,Dingler,13,1998-09-17,27,"6' 1""",210,2,Catcher,R,Right,R,Right,"1-5 | BB, K",,5,1,0,0,0,0,0,1,1,0,0,0,6,1,,,,,,,,,,
2026-08-17,823343,,/api/v1.1/game/823343/feed/live,R,2026,2026-08-17,,night,P,N,N,Regular Season,1,3,1,Final,Final,31,PNC Park,134,Pittsburgh Pirates,PIT,5,False,116,Detroit Tigers,DET,8,True,690993,Colt Keith,Colten,Keith,33,2001-08-14,25,"6' 2""",211,5,Third Base,L,Left,R,Right,"1-3 | BB, 2 R",,3,1,0,0,0,0,2,0,1,0,0,0,4,1,,,,,,,,,,
2026-08-17,823343,,/api/v1.1/game/823343/feed/live,R,2026,2026-08-17,,night,P,N,N,Regular Season,1,3,1,Final,Final,31,PNC Park,134,Pittsburgh Pirates,PIT,5,False,116,Detroit Tigers,DET,8,True,695549,Jackson Jobe,Jackson,Jobe,21,2002-07-30,24,"6' 2""",190,1,Pitcher,R,Right,R,Right,,,,,,,,,,,,,,,,,,,,,,,,,,
2026-08-17,823343,,/api/v1.1/game/823343/feed/live,R,2026,2026-08-17,,night,P,N,N,Regular Season,1,3,1,Final,Final,31,PNC Park,134,Pittsburgh Pirates,PIT,5,False,116,Detroit Tigers,DET,8,True,675512,Troy Melton,Troy,Melton,52,2000-12-03,25,"6' 4""",210,1,Pitcher,R,Right,R,Right,,,,,,,,,,,,,,,,,,,,,,,,,,
2026-08-17,824725,,/api/v1.1/game/824725/feed/live,R,2026,2026-08-17,,night,P,N,N,Regular Season,1,3,1,Final,Final,3,Fenway Park,111,Boston Red Sox,BOS,11,True,109,Arizona Diamondbacks,AZ,1,False,687562,Jake Bennett,William,Bennett,64,2000-12-02,25,"6' 6""",234,1,Pitcher,L,Left,L,Left,,,,,,,,,,,,,,,,,,,,,,,,,,
2026-08-17,824725,,/api/v1.1/game/824725/feed/live,R,2026,2026-08-17,,night,P,N,N,Regular Season,1,3,1,Final,Final,3,Fenway Park,111,Boston Red Sox,BOS,11,True,109,Arizona Diamondbacks,AZ,1,False,575929,Willson Contreras,Willson,Contreras,40,1992-05-13,34,"6' 0""",240,3,First Base,R,Right,R,Right,"2-4 | HR, 2B, BB",,4,2,1,0,1,1,2,0,1,0,0,0,5,6,,,,,,,,,,
2026-08-17,824725,,/api/v1.1/game/824725/feed/live,R,2026,2026-08-17,,night,P,N,N,Regular Season,1,3,1,Final,Final,3,Fenway Park,111,Boston Red Sox,BOS,11,True,109,Arizona Diamondbacks,AZ,1,False,594027,Tyron Guerrero,Tayron,Guerrero,41,1991-01-09,35,"6' 8""",225,1,Pitcher,R,Right,R,Right,,,,,,,,,,,,,,,,,,,,,,,,,,
2026-08-17,824725,,/api/v1.1/game/824725/feed/live,R,2026,2026-08-17,,night,P,N,N,Regular Season,1,3,1,Final,Final,3,Fenway Park,111,Boston Red Sox,BOS,11,True,109,Arizona Diamondbacks,AZ,1,False,663776,Patrick Sandoval,Patrick,Sandoval,43,1996-10-18,29,"6' 3""",190,1,Pitcher,L,Left,L,Left,,,,,,,,,,,,,,,,,,,,,,,,,,
2026-08-17,824725,,/api/v1.1/game/824725/feed/live,R,2026,2026-08-17,,night,P,N,N,Regular Season,1,3,1,Final,Final,3,Fenway Park,111,Boston Red Sox,BOS,11,True,109,Arizona Diamondbacks,AZ,1,False,663330,Jahmai Jones,Jahmai,Jones,37,1997-08-04,29,"5' 10""",210,10,Designated Hitter,R,Right,R,Right,,,,,,,,,,,,,,,,,,,,,,,,,,
2026-08-17,824725,,/api/v1.1/game/824725/feed/live,R,2026,2026-08-17,,night,P,N,N,Regular Season,1,3,1,Final,Final,3,Fenway Park,111,Boston Red Sox,BOS,11,True,109,Arizona Diamondbacks,AZ,1,False,687941,Alec Gamboa,Alec,Gamboa,68,1997-01-17,29,"6' 1""",205,1,Pitcher,S,Switch,L,Left,"1.1 IP, 0 ER, K, 0 BB",,,,,,,,,,,,,,,,1.1,0,0,0,1,0,14,0,0,0
2026-08-17,824725,,/api/v1.1/game/824725/feed/live,R,2026,2026-08-17,,night,P,N,N,Regular Season,1,3,1,Final,Final,3,Fenway Park,111,Boston Red Sox,BOS,11,True,109,Arizona Diamondbacks,AZ,1,False,669711,Greg Weissert,Gregory,Weissert,57,1995-02-04,31,"6' 2""",235,1,Pitcher,R,Right,R,Right,"1.0 IP, 0 ER, K, 0 BB",,,,,,,,,,,,,,,,1.0,0,1,0,1,0,13,0,0,0
2026-08-17,824725,,/api/v1.1/game/824725/feed/live,R,2026,2026-08-17,,night,P,N,N,Regular Season,1,3,1,Final,Final,3,Fenway Park,111,Boston Red Sox,BOS,11,True,109,Arizona Diamondbacks,AZ,1,False,678011,Anthony Seigler,Anthony,Seigler,48,1999-06-20,27,"5' 9""",192,4,Second Base,S,Switch,S,Switch,0-0,,0,0,0,0,0,0,0,0,0,0,0,0,0,0,,,,,,,,,,
2026-08-17,824725,,/api/v1.1/game/824725/feed/live,R,2026,2026-08-17,,night,P,N,N,Regular Season,1,3,1,Final,Final,3,Fenway Park,111,Boston Red Sox,BOS,11,True,109,Arizona Diamondbacks,AZ,1,False,657136,Connor Wong,Connor,Wong,12,1996-05-19,30,"5' 10""",190,2,Catcher,R,Right,R,Right,,,,,,,,,,,,,,,,,,,,,,,,,,
2026-08-17,824725,,/api/v1.1/game/824725/feed/live,R,2026,2026-08-17,,night,P,N,N,Regular Season,1,3,1,Final,Final,3,Fenway Park,111,Boston Red Sox,BOS,11,True,109,Arizona Diamondbacks,AZ,1,False,668939,Adley Rutschman,Adley,Rutschman,31,1998-02-06,28,"6' 1""",230,2,Catcher,S,Switch,R,Right,"2-5 | 2B, RBI, R",,5,2,1,0,0,1,1,0,0,0,0,0,5,3,,,,,,,,,,
2026-08-17,824725,,/api/v1.1/game/824725/feed/live,R,2026,2026-08-17,,night,P,N,N,Regular Season,1,3,1,Final,Final,3,Fenway Park,111,Boston Red Sox,BOS,11,True,109,Arizona Diamondbacks,AZ,1,False,678394,Brayan Bello,Brayan,Bello,66,1999-05-17,27,"6' 1""",195,1,Pitcher,R,Right,R,Right,"4.2 IP, ER, 3 K, BB",,,,,,,,,,,,,,,,4.2,1,3,0,3,1,76,1,0,0
2026-08-17,824725,,/api/v1.1/game/824725/feed/live,R,2026,2026-08-17,,night,P,N,N,Regular Season,1,3,1,Final,Final,3,Fenway Park,111,Boston Red Sox,BOS,11,True,109,Arizona Diamondbacks,AZ,1,False,677800,Wilyer Abreu,Wilyer,Abreu,52,1999-06-24,27,"5' 10""",215,9,Outfielder,L,Left,L,Left,"2-4 | BB, 2 RBI, R",,4,2,0,0,0,2,1,0,1,0,0,0,5,2,,,,,,,,,,
2026-08-17,824725,,/api/v1.1/game/824725/feed/live,R,2026,2026-08-17,,night,P,N,N,Regular Season,1,3,1,Final,Final,3,Fenway Park,111,Boston Red Sox,BOS,11,True,109,Arizona Diamondbacks,AZ,1,False,655316,Andruw Monasterio,Andruw,Monasterio,32,1997-05-30,29,"5' 11""",195,6,Shortstop,R,Right,R,Right,0-4 | RBI,,4,0,0,0,0,1,0,0,0,0,0,0,5,0,,,,,,,,,,
2026-08-17,824725,,/api/v1.1/game/824725/feed/live,R,2026,2026-08-17,,night,P,N,N,Regular Season,1,3,1,Final,Final,3,Fenway Park,111,Boston Red Sox,BOS,11,True,109,Arizona Diamondbacks,AZ,1,False,543243,Sonny Gray,Sonny,Gray,54,1989-11-07,36,"5' 10""",190,1,Pitcher,R,Right,R,Right,,,,,,,,,,,,,,,,,,,,,,,,,,
2026-08-17,824725,,/api/v1.1/game/824725/feed/live,R,2026,2026-08-17,,night,P,N,N,Regular Season,1,3,1,Final,Final,3,Fenway Park,111,Boston Red Sox,BOS,11,True,109,Arizona Diamondbacks,AZ,1,False,681508,Mickey Gasper,Michael,Gasper,30,1995-10-11,30,"5' 9""",205,2,Catcher,S,Switch,R,Right,"1-5 | HR, 2 RBI, R",,5,1,0,0,1,2,1,0,0,0,0,0,5,4,,,,,,,,,,
2026-08-17,824725,,/api/v1.1/game/824725/feed/live,R,2026,2026-08-17,,night,P,N,N,Regular Season,1,3,1,Final,Final,3,Fenway Park,111,Boston Red Sox,BOS,11,True,109,Arizona Diamondbacks,AZ,1,False,702332,Caleb Durbin,Caleb,Durbin,5,2000-02-22,26,"5' 6""",183,5,Third Base,R,Right,R,Right,"3-4 | BB, RBI, 2 R",,4,3,0,0,0,1,2,0,1,1,0,0,5,3,,,,,,,,,,
2026-08-17,824725,,/api/v1.1/game/824725/feed/live,R,2026,2026-08-17,,night,P,N,N,Regular Season,1,3,1,Final,Final,3,Fenway Park,111,Boston Red Sox,BOS,11,True,109,Arizona Diamondbacks,AZ,1,False,624133,Ranger Suarez,Ranger,Suarez,55,1995-08-26,30,"6' 1""",217,1,Pitcher,L,Left,L,Left,,,,,,,,,,,,,,,,,,,,,,,,,,
2026-08-17,824725,,/api/v1.1/game/824725/feed/live,R,2026,2026-08-17,,night,P,N,N,Regular Season,1,3,1,Final,Final,3,Fenway Park,111,Boston Red Sox,BOS,11,True,109,Arizona Diamondbacks,AZ,1,False,686765,Nick Sogard,Nicholas,Sogard,20,1997-09-09,28,"6' 1""",189,4,Second Base,S,Switch,R,Right,"2-5 | 2 2B, RBI, R",,5,2,2,0,0,1,1,0,0,0,0,0,5,4,,,,,,,,,,
2026-08-17,824725,,/api/v1.1/game/824725/feed/live,R,2026,2026-08-17,,night,P,N,N,Regular Season,1,3,1,Final,Final,3,Fenway Park,111,Boston Red Sox,BOS,11,True,109,Arizona Diamondbacks,AZ,1,False,680776,Jarren Duran,Jarren,Duran,16,1996-09-05,29,"6' 0""",205,7,Outfielder,L,Left,R,Right,,,,,,,,,,,,,,,,,,,,,,,,,,
2026-08-17,824725,,/api/v1.1/game/824725/feed/live,R,2026,2026-08-17,,night,P,N,N,Regular Season,1,3,1,Final,Final,3,Fenway Park,111,Boston Red Sox,BOS,11,True,109,Arizona Diamondbacks,AZ,1,False,642201,Eli White,Elijah,White,38,1994-06-26,32,"6' 2""",195,9,Outfielder,R,Right,R,Right,"1-4 | RBI, R",,4,1,0,0,0,1,1,0,0,0,0,0,4,1,,,,,,,,,,
2026-08-17,824725,,/api/v1.1/game/824725/feed/live,R,2026,2026-08-17,,night,P,N,N,Regular Season,1,3,1,Final,Final,3,Fenway Park,111,Boston Red Sox,BOS,11,True,109,Arizona Diamondbacks,AZ,1,False,681544,Wyatt Olds,Christopher,Olds,75,1999-08-05,27,"6' 0""",183,1,Pitcher,R,Right,R,Right,"1.0 IP, 0 ER, 2 K, 0 BB",,,,,,,,,,,,,,,,1.0,0,0,0,2,0,12,0,0,0
2026-08-17,824725,,/api/v1.1/game/824725/feed/live,R,2026,2026-08-17,,night,P,N,N,Regular Season,1,3,1,Final,Final,3,Fenway Park,111,Boston Red Sox,BOS,11,True,109,Arizona Diamondbacks,AZ,1,False,801139,Payton Tolle,Payton,Tolle,70,2002-11-01,23,"6' 6""",250,1,Pitcher,L,Left,L,Left,,,,,,,,,,,,,,,,,,,,,,,,,,
2026-08-17,824725,,/api/v1.1/game/824725/feed/live,R,2026,2026-08-17,,night,P,N,N,Regular Season,1,3,1,Final,Final,3,Fenway Park,111,Boston Red Sox,BOS,11,True,109,Arizona Diamondbacks,AZ,1,False,678882,Ceddanne Rafaela,Ceddanne,Rafaela,3,2000-09-18,25,"5' 10""",165,8,Outfielder,R,Right,R,Right,"3-5 | 3 2B, RBI, 2 R",,5,3,3,0,0,1,2,0,0,0,0,0,5,6,,,,,,,,,,
2026-08-17,824725,,/api/v1.1/game/824725/feed/live,R,2026,2026-08-17,,night,P,N,N,Regular Season,1,3,1,Final,Final,3,Fenway Park,111,Boston Red Sox,BOS,11,True,109,Arizona Diamondbacks,AZ,1,False,663558,Jovani Morán,Jovani,Moran,47,1997-04-24,29,"6' 1""",167,1,Pitcher,L,Left,L,Left,"1.0 IP, 0 ER, K, 0 BB",,,,,,,,,,,,,,,,1.0,0,0,0,1,0,13,0,0,0
2026-08-17,824725,,/api/v1.1/game/824725/feed/live,R,2026,2026-08-17,,night,P,N,N,Regular Season,1,3,1,Final,Final,3,Fenway Park,111,Boston Red Sox,BOS,11,True,109,Arizona Diamondbacks,AZ,1,False,669062,Erik Miller,Erik,Miller,67,1998-02-13,28,"6' 5""",269,1,Pitcher,L,Left,L,Left,,,,,,,,,,,,,,,,,,,,,,,,,,
2026-08-17,824725,,/api/v1.1/game/824725/feed/live,R,2026,2026-08-17,,night,P,N,N,Regular Season,1,3,1,Final,Final,3,Fenway Park,111,Boston Red Sox,BOS,11,True,109,Arizona Diamondbacks,AZ,1,False,547973,Aroldis Chapman,Albertin,Chapman,44,1988-02-28,38,"6' 4""",235,1,Pitcher,L,Left,L,Left,,,,,,,,,,,,,,,,,,,,,,,,,,
2026-08-17,824725,,/api/v1.1/game/824725/feed/live,R,2026,2026-08-17,,night,P,N,N,Regular Season,1,3,1,Final,Final,3,Fenway Park,111,Boston Red Sox,BOS,11,True,109,Arizona Diamondbacks,AZ,1,False,593958,Eduardo Rodriguez,Eduardo,Rodriguez,57,1993-04-07,33,"6' 2""",231,1,Pitcher,L,Left,L,Left,,,,,,,,,,,,,,,,,,,,,,,,,,
2026-08-17,824725,,/api/v1.1/game/824725/feed/live,R,2026,2026-08-17,,night,P,N,N,Regular Season,1,3,1,Final,Final,3,Fenway Park,111,Boston Red Sox,BOS,11,True,109,Arizona Diamondbacks,AZ,1,False,691783,Jordan Lawlar,Jordan,Lawlar,10,2002-07-17,24,"6' 0""",195,7,Outfielder,R,Right,R,Right,0-4 | 3 K,,4,0,0,0,0,0,0,3,0,0,0,0,4,0,,,,,,,,,,
2026-08-17,824725,,/api/v1.1/game/824725/feed/live,R,2026,2026-08-17,,night,P,N,N,Regular Season,1,3,1,Final,Final,3,Fenway Park,111,Boston Red Sox,BOS,11,True,109,Arizona Diamondbacks,AZ,1,False,666661,Juan Morillo,Juan,Morillo,62,1999-03-19,27,"6' 1""",215,1,Pitcher,R,Right,R,Right,,,,,,,,,,,,,,,,,,,,,,,,,,
2026-08-17,824725,,/api/v1.1/game/824725/feed/live,R,2026,2026-08-17,,night,P,N,N,Regular Season,1,3,1,Final,Final,3,Fenway Park,111,Boston Red Sox,BOS,11,True,109,Arizona Diamondbacks,AZ,1,False,694374,Tim Tawa,Timothy,Tawa,13,1999-04-07,27,"5' 11""",205,7,Outfielder,R,Right,R,Right,2-4 | 2B,,4,2,1,0,0,0,0,0,0,0,0,0,4,3,,,,,,,,,,
2026-08-17,824725,,/api/v1.1/game/824725/feed/live,R,2026,2026-08-17,,night,P,N,N,Regular Season,1,3,1,Final,Final,3,Fenway Park,111,Boston Red Sox,BOS,11,True,109,Arizona Diamondbacks,AZ,1,False,694297,Brandon Pfaadt,Brandon,Pfaadt,32,1998-10-15,27,"6' 4""",220,1,Pitcher,R,Right,R,Right,,,,,,,,,,,,,,,,,,,,,,,,,,
2026-08-17,824725,,/api/v1.1/game/824725/feed/live,R,2026,2026-08-17,,night,P,N,N,Regular Season,1,3,1,Final,Final,3,Fenway Park,111,Boston Red Sox,BOS,11,True,109,Arizona Diamondbacks,AZ,1,False,571448,Nolan Arenado,Nolan,Arenado,28,1991-04-16,35,"6' 2""",215,5,Third Base,R,Right,R,Right,,,,,,,,,,,,,,,,,,,,,,,,,,
2026-08-17,824725,,/api/v1.1/game/824725/feed/live,R,2026,2026-08-17,,night,P,N,N,Regular Season,1,3,1,Final,Final,3,Fenway Park,111,Boston Red Sox,BOS,11,True,109,Arizona Diamondbacks,AZ,1,False,663457,Lars Nootbaar,Lars,Nootbaar,21,1997-09-08,28,"6' 1""",205,7,Outfielder,L,Left,R,Right,0-3,,3,0,0,0,0,0,0,0,0,0,0,0,3,0,,,,,,,,,,
2026-08-17,824725,,/api/v1.1/game/824725/feed/live,R,2026,2026-08-17,,night,P,N,N,Regular Season,1,3,1,Final,Final,3,Fenway Park,111,Boston Red Sox,BOS,11,True,109,Arizona Diamondbacks,AZ,1,False,814439,Ryan Waldschmidt,Ryan,Waldschmidt,15,2002-10-07,23,"6' 0""",205,8,Outfielder,R,Right,R,Right,"0-2 | HBP, K",,2,0,0,0,0,0,0,1,0,0,0,0,3,0,,,,,,,,,,
2026-08-17,824725,,/api/v1.1/game/824725/feed/live,R,2026,2026-08-17,,night,P,N,N,Regular Season,1,3,1,Final,Final,3,Fenway Park,111,Boston Red Sox,BOS,11,True,109,Arizona Diamondbacks,AZ,1,False,518876,Merrill Kelly,Kenneth,Kelly,29,1988-10-14,37,"6' 2""",210,1,Pitcher,R,Right,R,Right,,,,,,,,,,,,,,,,,,,,,,,,,,
2026-08-17,824725,,/api/v1.1/game/824725/feed/live,R,2026,2026-08-17,,night,P,N,N,Regular Season,1,3,1,Final,Final,3,Fenway Park,111,Boston Red Sox,BOS,11,True,109,Arizona Diamondbacks,AZ,1,False,656464,Kevin Ginkel,Kevin,Ginkel,37,1994-03-24,32,"6' 4""",235,1,Pitcher,L,Left,R,Right,,,,,,,,,,,,,,,,,,,,,,,,,,
2026-08-17,824725,,/api/v1.1/game/824725/feed/live,R,2026,2026-08-17,,night,P,N,N,Regular Season,1,3,1,Final,Final,3,Fenway Park,111,Boston Red Sox,BOS,11,True,109,Arizona Diamondbacks,AZ,1,False,642528,Jonathan Loáisiga,Jonathan,Loáisiga,43,1994-11-02,31,"5' 11""",195,1,Pitcher,R,Right,R,Right,,,,,,,,,,,,,,,,,,,,,,,,,,
2026-08-17,824725,,/api/v1.1/game/824725/feed/live,R,2026,2026-08-17,,night,P,N,N,Regular Season,1,3,1,Final,Final,3,Fenway Park,111,Boston Red Sox,BOS,11,True,109,Arizona Diamondbacks,AZ,1,False,545121,Ildemaro Vargas,Ildemaro,Vargas,6,1991-07-16,35,"5' 11""",202,3,First Base,S,Switch,R,Right,0-4 | R,,4,0,0,0,0,0,1,0,0,0,0,0,4,0,1.0,0,1,0,0,0,8,0,0,0
2026-08-17,824725,,/api/v1.1/game/824725/feed/live,R,2026,2026-08-17,,night,P,N,N,Regular Season,1,3,1,Final,Final,3,Fenway Park,111,Boston Red Sox,BOS,11,True,109,Arizona Diamondbacks,AZ,1,False,672695,Geraldo Perdomo,Geraldo,Perdomo,2,1999-10-22,26,"6' 2""",210,6,Shortstop,S,Switch,R,Right,"0-2 | K, RBI",,2,0,0,0,0,1,0,1,0,0,0,0,3,0,,,,,,,,,,
2026-08-17,824725,,/api/v1.1/game/824725/feed/live,R,2026,2026-08-17,,night,P,N,N,Regular Season,1,3,1,Final,Final,3,Fenway Park,111,Boston Red Sox,BOS,11,True,109,Arizona Diamondbacks,AZ,1,False,679885,Justin Martinez,Justin,Martinez,63,2001-07-30,25,"6' 3""",225,1,Pitcher,R,Right,R,Right,,,,,,,,,,,,,,,,,,,,,,,,,,
2026-08-17,824725,,/api/v1.1/game/824725/feed/live,R,2026,2026-08-17,,night,P,N,N,Regular Season,1,3,1,Final,Final,3,Fenway Park,111,Boston Red Sox,BOS,11,True,109,Arizona Diamondbacks,AZ,1,False,699912,Jose Fernandez,Jose,Fernandez,11,2003-09-22,22,"6' 3""",215,10,Designated Hitter,R,Right,R,Right,1-3 | K,,3,1,0,0,0,0,0,1,0,0,0,0,3,1,,,,,,,,,,
2026-08-17,824725,,/api/v1.1/game/824725/feed/live,R,2026,2026-08-17,,night,P,N,N,Regular Season,1,3,1,Final,Final,3,Fenway Park,111,Boston Red Sox,BOS,11,True,109,Arizona Diamondbacks,AZ,1,False,647336,Michael Soroka,Michael,Soroka,34,1997-08-04,29,"6' 5""",250,1,Pitcher,R,Right,R,Right,,,,,,,,,,,,,,,,,,,,,,,,,,
2026-08-17,824725,,/api/v1.1/game/824725/feed/live,R,2026,2026-08-17,,night,P,N,N,Regular Season,1,3,1,Final,Final,3,Fenway Park,111,Boston Red Sox,BOS,11,True,109,Arizona Diamondbacks,AZ,1,False,672515,Gabriel Moreno,Gabriel,Moreno,14,2000-02-14,26,"5' 9""",200,2,Catcher,R,Right,R,Right,1-4,,4,1,0,0,0,0,0,0,0,0,0,0,4,1,,,,,,,,,,
2026-08-17,824725,,/api/v1.1/game/824725/feed/live,R,2026,2026-08-17,,night,P,N,N,Regular Season,1,3,1,Final,Final,3,Fenway Park,111,Boston Red Sox,BOS,11,True,109,Arizona Diamondbacks,AZ,1,False,642701,Dennis Santana,Dennis,Santana,59,1996-04-12,30,"6' 2""",202,1,Pitcher,R,Right,R,Right,"0.1 IP, 0 ER, 0 K, 0 BB",,,,,,,,,,,,,,,,0.1,0,0,0,0,0,3,0,0,0
2026-08-17,824725,,/api/v1.1/game/824725/feed/live,R,2026,2026-08-17,,night,P,N,N,Regular Season,1,3,1,Final,Final,3,Fenway Park,111,Boston Red Sox,BOS,11,True,109,Arizona Diamondbacks,AZ,1,False,683352,Mitch Bratt,Mitchell,Bratt,60,2003-07-03,23,"6' 1""",215,1,Pitcher,L,Left,L,Left,"3.0 IP, 3 ER, 0 K, 3 BB",,,,,,,,,,,,,,,,3.0,3,4,0,0,3,65,0,1,0
2026-08-17,824725,,/api/v1.1/game/824725/feed/live,R,2026,2026-08-17,,night,P,N,N,Regular Season,1,3,1,Final,Final,3,Fenway Park,111,Boston Red Sox,BOS,11,True,109,Arizona Diamondbacks,AZ,1,False,682998,Corbin Carroll,Corbin,Carroll,7,2000-08-21,25,"5' 10""",180,9,Outfielder,L,Left,L,Left,0-2 | BB,,2,0,0,0,0,0,0,0,1,0,0,0,3,0,,,,,,,,,,
2026-08-17,824725,,/api/v1.1/game/824725/feed/live,R,2026,2026-08-17,,night,P,N,N,Regular Season,1,3,1,Final,Final,3,Fenway Park,111,Boston Red Sox,BOS,11,True,109,Arizona Diamondbacks,AZ,1,False,664199,Taylor Clarke,Taylor,Clarke,45,1993-05-13,33,"6' 3""",210,1,Pitcher,R,Right,R,Right,,,,,,,,,,,,,,,,,,,,,,,,,,
2026-08-17,824725,,/api/v1.1/game/824725/feed/live,R,2026,2026-08-17,,night,P,N,N,Regular Season,1,3,1,Final,Final,3,Fenway Park,111,Boston Red Sox,BOS,11,True,109,Arizona Diamondbacks,AZ,1,False,641793,Zack Littell,Zack,Littell,46,1995-10-05,30,"6' 4""",250,1,Pitcher,R,Right,R,Right,"3.2 IP, 6 ER, 0 K, 0 BB",,,,,,,,,,,,,,,,3.2,6,11,2,0,0,86,0,0,0
2026-08-17,824725,,/api/v1.1/game/824725/feed/live,R,2026,2026-08-17,,night,P,N,N,Regular Season,1,3,1,Final,Final,3,Fenway Park,111,Boston Red Sox,BOS,11,True,109,Arizona Diamondbacks,AZ,1,False,596146,Max Kepler,Maximilian,Kepler,22,1993-02-10,33,"6' 4""",225,7,Outfielder,L,Left,L,Left,,,,,,,,,,,,,,,,,,,,,,,,,,
2026-08-17,824725,,/api/v1.1/game/824725/feed/live,R,2026,2026-08-17,,night,P,N,N,Regular Season,1,3,1,Final,Final,3,Fenway Park,111,Boston Red Sox,BOS,11,True,109,Arizona Diamondbacks,AZ,1,False,543510,James McCann,James,McCann,8,1990-06-13,36,"6' 2""",235,2,Catcher,R,Right,R,Right,0-1 | K,,1,0,0,0,0,0,0,1,0,0,0,0,1,0,,,,,,,,,,
2026-08-17,824725,,/api/v1.1/game/824725/feed/live,R,2026,2026-08-17,,night,P,N,N,Regular Season,1,3,1,Final,Final,3,Fenway Park,111,Boston Red Sox,BOS,11,True,109,Arizona Diamondbacks,AZ,1,False,805299,Brandyn Garcia,Brandyn,Garcia,55,2000-05-27,26,"6' 4""",235,1,Pitcher,L,Left,L,Left,,,,,,,,,,,,,,,,,,,,,,,,,,
2026-08-17,824725,,/api/v1.1/game/824725/feed/live,R,2026,2026-08-17,,night,P,N,N,Regular Season,1,3,1,Final,Final,3,Fenway Park,111,Boston Red Sox,BOS,11,True,109,Arizona Diamondbacks,AZ,1,False,678489,Jorge Barrosa,Jorge,Barrosa,1,2001-02-17,25,"5' 6""",175,8,Outfielder,S,Switch,L,Left,0-1 | K,,1,0,0,0,0,0,0,1,0,0,0,0,1,0,,,,,,,,,,
2026-08-17,823589,,/api/v1.1/game/823589/feed/live,R,2026,2026-08-17,,night,P,N,N,Regular Season,1,3,1,Final,Final,3289,Citi Field,121,New York Mets,NYM,2,True,135,San Diego Padres,SD,1,False,620443,Luis Torrens,Luis,Torrens,13,1996-05-02,30,"5' 11""",217,2,Catcher,R,Right,R,Right,,,,,,,,,,,,,,,,,,,,,,,,,,
2026-08-17,823589,,/api/v1.1/game/823589/feed/live,R,2026,2026-08-17,,night,P,N,N,Regular Season,1,3,1,Final,Final,3289,Citi Field,121,New York Mets,NYM,2,True,135,San Diego Padres,SD,1,False,476594,Robert Stock,Robert,Stock,89,1989-11-21,36,"6' 1""",260,1,Pitcher,L,Left,R,Right,,,,,,,,,,,,,,,,,,,,,,,,,,
2026-08-17,823589,,/api/v1.1/game/823589/feed/live,R,2026,2026-08-17,,night,P,N,N,Regular Season,1,3,1,Final,Final,3289,Citi Field,121,New York Mets,NYM,2,True,135,San Diego Padres,SD,1,False,666182,Bo Bichette,Bo,Bichette,19,1998-03-05,28,"5' 11""",190,5,Third Base,R,Right,R,Right,1-3 | RBI,,3,1,0,0,0,1,0,0,0,0,0,0,3,1,,,,,,,,,,
2026-08-17,823589,,/api/v1.1/game/823589/feed/live,R,2026,2026-08-17,,night,P,N,N,Regular Season,1,3,1,Final,Final,3289,Citi Field,121,New York Mets,NYM,2,True,135,San Diego Padres,SD,1,False,666624,Christopher Morel,Christopher,Morel,28,1999-06-24,27,"6' 0""",200,3,First Base,R,Right,R,Right,,,,,,,,,,,,,,,,,,,,,,,,,,
2026-08-17,823589,,/api/v1.1/game/823589/feed/live,R,2026,2026-08-17,,night,P,N,N,Regular Season,1,3,1,Final,Final,3289,Citi Field,121,New York Mets,NYM,2,True,135,San Diego Padres,SD,1,False,682626,Francisco Alvarez,Francisco,Alvarez,4,2001-11-19,24,"5' 10""",233,2,Catcher,R,Right,R,Right,0-3 | 2 K,,3,0,0,0,0,0,0,2,0,0,0,0,3,0,,,,,,,,,,
2026-08-17,823589,,/api/v1.1/game/823589/feed/live,R,2026,2026-08-17,,night,P,N,N,Regular Season,1,3,1,Final,Final,3289,Citi Field,121,New York Mets,NYM,2,True,135,San Diego Padres,SD,1,False,640455,Sean Manaea,Sean,Manaea,59,1992-02-01,34,"6' 5""",245,1,Pitcher,R,Right,L,Left,,,,,,,,,,,,,,,,,,,,,,,,,,
2026-08-17,823589,,/api/v1.1/game/823589/feed/live,R,2026,2026-08-17,,night,P,N,N,Regular Season,1,3,1,Final,Final,3289,Citi Field,121,New York Mets,NYM,2,True,135,San Diego Padres,SD,1,False,683146,Brett Baty,Brett,Baty,7,1999-11-13,26,"6' 3""",210,5,Third Base,L,Left,R,Right,,,,,,,,,,,,,,,,,,,,,,,,,,
2026-08-17,823589,,/api/v1.1/game/823589/feed/live,R,2026,2026-08-17,,night,P,N,N,Regular Season,1,3,1,Final,Final,3289,Citi Field,121,New York Mets,NYM,2,True,135,San Diego Padres,SD,1,False,642376,Jefry Yan,Jefry,Yan,84,1996-08-17,30,"6' 3""",185,1,Pitcher,L,Left,L,Left,,,,,,,,,,,,,,,,,,,,,,,,,,
2026-08-17,823589,,/api/v1.1/game/823589/feed/live,R,2026,2026-08-17,,night,P,N,N,Regular Season,1,3,1,Final,Final,3289,Citi Field,121,New York Mets,NYM,2,True,135,San Diego Padres,SD,1,False,701807,Carson Benge,Carson,Benge,3,2003-01-20,23,"6' 1""",184,9,Outfielder,L,Left,R,Right,1-3 | CS,,3,1,0,0,0,0,0,0,0,0,1,0,3,1,,,,,,,,,,
2026-08-17,823589,,/api/v1.1/game/823589/feed/live,R,2026,2026-08-17,,night,P,N,N,Regular Season,1,3,1,Final,Final,3289,Citi Field,121,New York Mets,NYM,2,True,135,San Diego Padres,SD,1,False,681320,Nate Lavender,Nathan,Lavender,94,2000-01-20,26,"6' 2""",215,1,Pitcher,L,Left,L,Left,"0.2 IP, 0 ER, 0 K, 0 BB",,,,,,,,,,,,,,,,0.2,0,0,0,0,0,2,0,0,0
2026-08-17,823589,,/api/v1.1/game/823589/feed/live,R,2026,2026-08-17,,night,P,N,N,Regular Season,1,3,1,Final,Final,3289,Citi Field,121,New York Mets,NYM,2,True,135,San Diego Padres,SD,1,False,665506,Cristian Pache,Cristian,Pache,71,1998-11-19,27,"6' 2""",215,O,Outfield,R,Right,R,Right,0-0,,0,0,0,0,0,0,0,0,0,0,0,0,0,0,,,,,,,,,,
2026-08-17,823589,,/api/v1.1/game/823589/feed/live,R,2026,2026-08-17,,night,P,N,N,Regular Season,1,3,1,Final,Final,3289,Citi Field,121,New York Mets,NYM,2,True,135,San Diego Padres,SD,1,False,673380,Dedniel Núñez,Dedniel,Núñez,72,1996-06-05,30,"6' 2""",180,1,Pitcher,R,Right,R,Right,,,,,,,,,,,,,,,,,,,,,,,,,,
2026-08-17,823589,,/api/v1.1/game/823589/feed/live,R,2026,2026-08-17,,night,P,N,N,Regular Season,1,3,1,Final,Final,3289,Citi Field,121,New York Mets,NYM,2,True,135,San Diego Padres,SD,1,False,674073,Jack Weisenburger,John,Weisenburger,82,1997-10-08,28,"6' 3""",220,1,Pitcher,R,Right,R,Right,,,,,,,,,,,,,,,,,,,,,,,,,,
2026-08-17,823589,,/api/v1.1/game/823589/feed/live,R,2026,2026-08-17,,night,P,N,N,Regular Season,1,3,1,Final,Final,3289,Citi Field,121,New York Mets,NYM,2,True,135,San Diego Padres,SD,1,False,673540,Kodai Senga,Kodai,Senga,34,1993-01-30,33,"6' 1""",202,1,Pitcher,L,Left,R,Right,,,,,,,,,,,,,,,,,,,,,,,,,,
2026-08-17,823589,,/api/v1.1/game/823589/feed/live,R,2026,2026-08-17,,night,P,N,N,Regular Season,1,3,1,Final,Final,3289,Citi Field,121,New York Mets,NYM,2,True,135,San Diego Padres,SD,1,False,650960,Daniel Duarte,Daniel,Duarte,54,1996-12-04,29,"6' 0""",235,1,Pitcher,R,Right,R,Right,"1.0 IP, 0 ER, 2 K, 0 BB",,,,,,,,,,,,,,,,1.0,0,0,0,2,0,14,0,0,1
2026-08-17,823589,,/api/v1.1/game/823589/feed/live,R,2026,2026-08-17,,night,P,N,N,Regular Season,1,3,1,Final,Final,3289,Citi Field,121,New York Mets,NYM,2,True,135,San Diego Padres,SD,1,False,543760,Marcus Semien,Marcus,Semien,10,1990-09-17,35,"6' 0""",195,4,Second Base,R,Right,R,Right,1-3 | 2 K,,3,1,0,0,0,0,0,2,0,0,0,0,3,1,,,,,,,,,,
2026-08-17,823589,,/api/v1.1/game/823589/feed/live,R,2026,2026-08-17,,night,P,N,N,Regular Season,1,3,1,Final,Final,3289,Citi Field,121,New York Mets,NYM,2,True,135,San Diego Padres,SD,1,False,694646,Chayce McDermott,Chayce,McDermott,43,1998-08-22,27,"6' 3""",190,1,Pitcher,L,Left,R,Right,,,,,,,,,,,,,,,,,,,,,,,,,,
2026-08-17,823589,,/api/v1.1/game/823589/feed/live,R,2026,2026-08-17,,night,P,N,N,Regular Season,1,3,1,Final,Final,3289,Citi Field,121,New York Mets,NYM,2,True,135,San Diego Padres,SD,1,False,702752,Jonathan Pintaro,Jonathan,Pintaro,91,1997-11-07,28,"6' 2""",235,1,Pitcher,R,Right,R,Right,"1.1 IP, 0 ER, 0 K, BB",,,,,,,,,,,,,,,,1.1,0,1,0,0,1,14,0,0,0
2026-08-17,823589,,/api/v1.1/game/823589/feed/live,R,2026,2026-08-17,,night,P,N,N,Regular Season,1,3,1,Final,Final,3289,Citi Field,121,New York Mets,NYM,2,True,135,San Diego Padres,SD,1,False,596019,Francisco Lindor,Francisco,Lindor,12,1993-11-14,32,"5' 10""",190,6,Shortstop,S,Switch,R,Right,"0-2 | 2 BB, R",,2,0,0,0,0,0,1,0,2,0,0,0,4,0,,,,,,,,,,
2026-08-17,823589,,/api/v1.1/game/823589/feed/live,R,2026,2026-08-17,,night,P,N,N,Regular Season,1,3,1,Final,Final,3289,Citi Field,121,New York Mets,NYM,2,True,135,San Diego Padres,SD,1,False,681035,Christian Scott,Christian,Scott,45,1999-06-15,27,"6' 4""",215,1,Pitcher,R,Right,R,Right,,,,,,,,,,,,,,,,,,,,,,,,,,
2026-08-17,823589,,/api/v1.1/game/823589/feed/live,R,2026,2026-08-17,,night,P,N,N,Regular Season,1,3,1,Final,Final,3289,Citi Field,121,New York Mets,NYM,2,True,135,San Diego Padres,SD,1,False,593871,Jorge Polanco,Jorge,Polanco,11,1993-07-05,33,"6' 0""",208,10,Designated Hitter,S,Switch,R,Right,1-3,,3,1,0,0,0,0,0,0,0,0,0,0,3,1,,,,,,,,,,
2026-08-17,823589,,/api/v1.1/game/823589/feed/live,R,2026,2026-08-17,,night,P,N,N,Regular Season,1,3,1,Final,Final,3289,Citi Field,121,New York Mets,NYM,2,True,135,San Diego Padres,SD,1,False,690997,Nolan McLean,Nolan,McLean,26,2001-07-24,25,"6' 2""",214,1,Pitcher,R,Right,R,Right,"6.0 IP, ER, 3 K, 4 BB",,,,,,,,,,,,,,,,6.0,1,6,0,3,4,103,1,0,0
2026-08-17,823589,,/api/v1.1/game/823589/feed/live,R,2026,2026-08-17,,night,P,N,N,Regular Season,1,3,1,Final,Final,3289,Citi Field,121,New York Mets,NYM,2,True,135,San Diego Padres,SD,1,False,804267,Zac Thornton,Zachary,Thornton,49,2002-01-17,24,"6' 3""",170,1,Pitcher,L,Left,L,Left,,,,,,,,,,,,,,,,,,,,,,,,,,
2026-08-17,823589,,/api/v1.1/game/823589/feed/live,R,2026,2026-08-17,,night,P,N,N,Regular Season,1,3,1,Final,Final,3289,Citi Field,121,New York Mets,NYM,2,True,135,San Diego Padres,SD,1,False,673357,Luis Robert Jr.,Luis,Robert,88,1997-08-03,29,"6' 2""",225,8,Outfielder,R,Right,R,Right,0-2 | RBI,,2,0,0,0,0,1,0,0,0,0,0,0,3,0,,,,,,,,,,
2026-08-17,823589,,/api/v1.1/game/823589/feed/live,R,2026,2026-08-17,,night,P,N,N,Regular Season,1,3,1,Final,Final,3289,Citi Field,121,New York Mets,NYM,2,True,135,San Diego Padres,SD,1,False,676724,Jared Young,Jared,Young,29,1995-07-09,31,"6' 2""",200,3,First Base,L,Left,R,Right,0-3 | K,,3,0,0,0,0,0,0,1,0,0,0,0,3,0,,,,,,,,,,
2026-08-17,823589,,/api/v1.1/game/823589/feed/live,R,2026,2026-08-17,,night,P,N,N,Regular Season,1,3,1,Final,Final,3289,Citi Field,121,New York Mets,NYM,2,True,135,San Diego Padres,SD,1,False,805999,A.J. Ewing,Andrew,Ewing,9,2004-08-10,22,"5' 10""",160,8,Outfielder,L,Left,R,Right,"1-4 | 2 K, R",,4,1,0,0,0,0,1,2,0,0,0,0,4,1,,,,,,,,,,
2026-08-17,823589,,/api/v1.1/game/823589/feed/live,R,2026,2026-08-17,,night,P,N,N,Regular Season,1,3,1,Final,Final,3289,Citi Field,121,New York Mets,NYM,2,True,135,San Diego Padres,SD,1,False,669134,Luis Campusano,Luis,Campusano,12,1998-09-29,27,"5' 10""",232,2,Catcher,R,Right,R,Right,0-3 | BB,,3,0,0,0,0,0,0,0,1,0,0,0,4,0,,,,,,,,,,
2026-08-17,823589,,/api/v1.1/game/823589/feed/live,R,2026,2026-08-17,,night,P,N,N,Regular Season,1,3,1,Final,Final,3289,Citi Field,121,New York Mets,NYM,2,True,135,San Diego Padres,SD,1,False,650859,Luis Rengifo,Luis,Rengifo,21,1997-02-26,29,"5' 9""",204,7,Outfielder,S,Switch,R,Right,1-4 | K,,4,1,0,0,0,0,0,1,0,0,0,0,4,1,,,,,,,,,,
2026-08-17,823589,,/api/v1.1/game/823589/feed/live,R,2026,2026-08-17,,night,P,N,N,Regular Season,1,3,1,Final,Final,3289,Citi Field,121,New York Mets,NYM,2,True,135,San Diego Padres,SD,1,False,673513,Yuki Matsui,Yuki,Matsui,1,1995-10-30,30,"5' 8""",165,1,Pitcher,L,Left,L,Left,,,,,,,,,,,,,,,,,,,,,,,,,,
2026-08-17,823589,,/api/v1.1/game/823589/feed/live,R,2026,2026-08-17,,night,P,N,N,Regular Season,1,3,1,Final,Final,3289,Citi Field,121,New York Mets,NYM,2,True,135,San Diego Padres,SD,1,False,666023,Freddy Fermin,Freddy,Fermin,54,1995-05-16,31,"5' 10""",200,2,Catcher,R,Right,R,Right,,,,,,,,,,,,,,,,,,,,,,,,,,
2026-08-17,823589,,/api/v1.1/game/823589/feed/live,R,2026,2026-08-17,,night,P,N,N,Regular Season,1,3,1,Final,Final,3289,Citi Field,121,New York Mets,NYM,2,True,135,San Diego Padres,SD,1,False,650633,Michael King,Michael,King,34,1995-05-25,31,"6' 3""",210,1,Pitcher,R,Right,R,Right,,,,,,,,,,,,,,,,,,,,,,,,,,
2026-08-17,823589,,/api/v1.1/game/823589/feed/live,R,2026,2026-08-17,,night,P,N,N,Regular Season,1,3,1,Final,Final,3289,Citi Field,121,New York Mets,NYM,2,True,135,San Diego Padres,SD,1,False,695243,Mason Miller,Mason,Miller,22,1998-08-24,27,"6' 5""",200,1,Pitcher,R,Right,R,Right,,,,,,,,,,,,,,,,,,,,,,,,,,
2026-08-17,823589,,/api/v1.1/game/823589/feed/live,R,2026,2026-08-17,,night,P,N,N,Regular Season,1,3,1,Final,Final,3289,Citi Field,121,New York Mets,NYM,2,True,135,San Diego Padres,SD,1,False,663554,Casey Mize,Casey,Mize,32,1997-05-01,29,"6' 3""",212,1,Pitcher,R,Right,R,Right,,,,,,,,,,,,,,,,,,,,,,,,,,
2026-08-17,823589,,/api/v1.1/game/823589/feed/live,R,2026,2026-08-17,,night,P,N,N,Regular Season,1,3,1,Final,Final,3289,Citi Field,121,New York Mets,NYM,2,True,135,San Diego Padres,SD,1,False,593974,Wandy Peralta,Wandy,Peralta,58,1991-07-27,35,"6' 0""",227,1,Pitcher,L,Left,L,Left,,,,,,,,,,,,,,,,,,,,,,,,,,
2026-08-17,823589,,/api/v1.1/game/823589/feed/live,R,2026,2026-08-17,,night,P,N,N,Regular Season,1,3,1,Final,Final,3289,Citi Field,121,New York Mets,NYM,2,True,135,San Diego Padres,SD,1,False,621111,Walker Buehler,Walker,Buehler,10,1994-07-28,32,"6' 2""",185,1,Pitcher,R,Right,R,Right,"6.0 IP, 2 ER, 4 K, 2 BB",,,,,,,,,,,,,,,,6.0,2,2,0,4,2,86,0,1,0
2026-08-17,823589,,/api/v1.1/game/823589/feed/live,R,2026,2026-08-17,,night,P,N,N,Regular Season,1,3,1,Final,Final,3289,Citi Field,121,New York Mets,NYM,2,True,135,San Diego Padres,SD,1,False,701538,Jackson Merrill,Jackson,Merrill,3,2003-04-19,23,"6' 2""",195,8,Outfielder,L,Left,R,Right,1-4,,4,1,0,0,0,0,0,0,0,0,0,0,4,1,,,,,,,,,,
2026-08-17,823589,,/api/v1.1/game/823589/feed/live,R,2026,2026-08-17,,night,P,N,N,Regular Season,1,3,1,Final,Final,3289,Citi Field,121,New York Mets,NYM,2,True,135,San Diego Padres,SD,1,False,656288,Griffin Canning,Griffin,Canning,17,1996-05-11,30,"6' 2""",180,1,Pitcher,R,Right,R,Right,,,,,,,,,,,,,,,,,,,,,,,,,,
2026-08-17,823589,,/api/v1.1/game/823589/feed/live,R,2026,2026-08-17,,night,P,N,N,Regular Season,1,3,1,Final,Final,3289,Citi Field,121,New York Mets,NYM,2,True,135,San Diego Padres,SD,1,False,699134,Bradgley Rodriguez,Bradgley,Rodriguez,72,2003-11-16,22,"6' 1""",160,1,Pitcher,R,Right,R,Right,,,,,,,,,,,,,,,,,,,,,,,,,,
2026-08-17,823589,,/api/v1.1/game/823589/feed/live,R,2026,2026-08-17,,night,P,N,N,Regular Season,1,3,1,Final,Final,3289,Citi Field,121,New York Mets,NYM,2,True,135,San Diego Padres,SD,1,False,823550,Sung-Mun Song,Sung-Mun,Song,24,1996-08-29,29,"6' 0""",194,4,Second Base,L,Left,R,Right,,,,,,,,,,,,,,,,,,,,,,,,,,
2026-08-17,823589,,/api/v1.1/game/823589/feed/live,R,2026,2026-08-17,,night,P,N,N,Regular Season,1,3,1,Final,Final,3289,Citi Field,121,New York Mets,NYM,2,True,135,San Diego Padres,SD,1,False,669093,Jeremiah Estrada,Jeremiah,Estrada,56,1998-11-01,27,"6' 1""",185,1,Pitcher,S,Switch,R,Right,,,,,,,,,,,,,,,,,,,,,,,,,,
2026-08-17,823589,,/api/v1.1/game/823589/feed/live,R,2026,2026-08-17,,night,P,N,N,Regular Season,1,3,1,Final,Final,3289,Citi Field,121,New York Mets,NYM,2,True,135,San Diego Padres,SD,1,False,657757,Gavin Sheets,Gavin,Sheets,30,1996-04-23,30,"6' 3""",235,3,First Base,L,Left,L,Left,"1-3 | HBP, K, R",,3,1,0,0,0,0,1,1,0,0,0,0,4,1,,,,,,,,,,
2026-08-17,823589,,/api/v1.1/game/823589/feed/live,R,2026,2026-08-17,,night,P,N,N,Regular Season,1,3,1,Final,Final,3289,Citi Field,121,New York Mets,NYM,2,True,135,San Diego Padres,SD,1,False,670970,Adrian Morejon,Adrian,Morejon,50,1999-02-27,27,"5' 11""",224,1,Pitcher,L,Left,L,Left,,,,,,,,,,,,,,,,,,,,,,,,,,
2026-08-17,823589,,/api/v1.1/game/823589/feed/live,R,2026,2026-08-17,,night,P,N,N,Regular Season,1,3,1,Final,Final,3289,Citi Field,121,New York Mets,NYM,2,True,135,San Diego Padres,SD,1,False,592518,Manny Machado,Manuel,Machado,13,1992-07-06,34,"6' 2""",218,5,Third Base,R,Right,R,Right,1-3 | BB,,3,1,0,0,0,0,0,0,1,0,0,0,4,1,,,,,,,,,,
2026-08-17,823589,,/api/v1.1/game/823589/feed/live,R,2026,2026-08-17,,night,P,N,N,Regular Season,1,3,1,Final,Final,3289,Citi Field,121,New York Mets,NYM,2,True,135,San Diego Padres,SD,1,False,669720,Austin Hays,Austin,Hays,15,1995-07-05,31,"5' 10""",200,7,Outfielder,R,Right,R,Right,,,,,,,,,,,,,,,,,,,,,,,,,,
2026-08-17,823589,,/api/v1.1/game/823589/feed/live,R,2026,2026-08-17,,night,P,N,N,Regular Season,1,3,1,Final,Final,3289,Citi Field,121,New York Mets,NYM,2,True,135,San Diego Padres,SD,1,False,665487,Fernando Tatis Jr.,Fernando,Tatis,23,1999-01-02,27,"6' 3""",217,9,Outfielder,R,Right,R,Right,"0-3 | K, RBI",,3,0,0,0,0,1,0,1,0,0,0,1,4,0,,,,,,,,,,
2026-08-17,823589,,/api/v1.1/game/823589/feed/live,R,2026,2026-08-17,,night,P,N,N,Regular Season,1,3,1,Final,Final,3289,Citi Field,121,New York Mets,NYM,2,True,135,San Diego Padres,SD,1,False,664034,Ty France,Tyler,France,25,1994-07-13,32,"5' 10""",215,3,First Base,R,Right,R,Right,1-3 | BB,,3,1,0,0,0,0,0,0,1,0,0,0,4,1,,,,,,,,,,
2026-08-17,823589,,/api/v1.1/game/823589/feed/live,R,2026,2026-08-17,,night,P,N,N,Regular Season,1,3,1,Final,Final,3289,Citi Field,121,New York Mets,NYM,2,True,135,San Diego Padres,SD,1,False,593428,Xander Bogaerts,Xander,Bogaerts,2,1992-10-01,33,"6' 2""",218,6,Shortstop,R,Right,R,Right,"0-3 | BB, K",,3,0,0,0,0,0,0,1,1,0,0,0,4,0,,,,,,,,,,
2026-08-17,823589,,/api/v1.1/game/823589/feed/live,R,2026,2026-08-17,,night,P,N,N,Regular Season,1,3,1,Final,Final,3289,Citi Field,121,New York Mets,NYM,2,True,135,San Diego Padres,SD,1,False,687749,Jase Bowen,Jase,Bowen,4,2000-09-02,25,"6' 0""",215,9,Outfielder,R,Right,R,Right,,,,,,,,,,,,,,,,,,,,,,,,,,
2026-08-17,823589,,/api/v1.1/game/823589/feed/live,R,2026,2026-08-17,,night,P,N,N,Regular Season,1,3,1,Final,Final,3289,Citi Field,121,New York Mets,NYM,2,True,135,San Diego Padres,SD,1,False,606996,Kyle Hart,Kyle,Hart,68,1992-11-23,33,"6' 5""",200,1,Pitcher,L,Left,L,Left,"2.0 IP, 0 ER, 3 K, 0 BB",,,,,,,,,,,,,,,,2.0,0,3,0,3,0,32,0,0,0
2026-08-17,823589,,/api/v1.1/game/823589/feed/live,R,2026,2026-08-17,,night,P,N,N,Regular Season,1,3,1,Final,Final,3289,Citi Field,121,New York Mets,NYM,2,True,135,San Diego Padres,SD,1,False,630105,Jake Cronenworth,Jacob,Cronenworth,9,1994-01-21,32,"5' 11""",187,4,Second Base,L,Left,R,Right,"2-3 | BB, K",,3,2,0,0,0,0,0,1,1,0,0,0,4,2,,,,,,,,,,
2026-08-17,823589,,/api/v1.1/game/823589/feed/live,R,2026,2026-08-17,,night,P,N,N,Regular Season,1,3,1,Final,Final,3289,Citi Field,121,New York Mets,NYM,2,True,135,San Diego Padres,SD,1,False,592662,Robbie Ray,Robert,Ray,38,1991-10-01,34,"6' 2""",220,1,Pitcher,L,Left,L,Left,,,,,,,,,,,,,,,,,,,,,,,,,,
2026-08-17,823589,,/api/v1.1/game/823589/feed/live,R,2026,2026-08-17,,night,P,N,N,Regular Season,1,3,1,Final,Final,3289,Citi Field,121,New York Mets,NYM,2,True,135,San Diego Padres,SD,1,False,681190,Randy Vásquez,Randy,Vásquez,98,1998-11-03,27,"6' 0""",165,1,Pitcher,R,Right,R,Right,,,,,,,,,,,,,,,,,,,,,,,,,,
2026-08-17,824077,,/api/v1.1/game/824077/feed/live,R,2026,2026-08-17,,night,P,N,N,Regular Season,1,4,1,Final,Final,7,Kauffman Stadium,118,Kansas City Royals,KC,9,True,133,Athletics,ATH,5,False,695600,Carter Jensen,Carter,Jensen,22,2003-07-03,23,"6' 0""",210,2,Catcher,L,Left,R,Right,"1-5 | 2B, K, R",,5,1,1,0,0,0,1,1,0,0,0,0,5,2,,,,,,,,,,
2026-08-17,824077,,/api/v1.1/game/824077/feed/live,R,2026,2026-08-17,,night,P,N,N,Regular Season,1,4,1,Final,Final,7,Kauffman Stadium,118,Kansas City Royals,KC,9,True,133,Athletics,ATH,5,False,696131,Mason Black,Mason,Black,47,1999-12-10,26,"6' 3""",228,1,Pitcher,R,Right,R,Right,,,,,,,,,,,,,,,,,,,,,,,,,,
2026-08-17,824077,,/api/v1.1/game/824077/feed/live,R,2026,2026-08-17,,night,P,N,N,Regular Season,1,4,1,Final,Final,7,Kauffman Stadium,118,Kansas City Royals,KC,9,True,133,Athletics,ATH,5,False,686475,Tyler Tolbert,Tyler,Tolbert,2,1998-01-27,28,"5' 10""",185,6,Shortstop,R,Right,R,Right,,,,,,,,,,,,,,,,,,,,,,,,,,
2026-08-17,824077,,/api/v1.1/game/824077/feed/live,R,2026,2026-08-17,,night,P,N,N,Regular Season,1,4,1,Final,Final,7,Kauffman Stadium,118,Kansas City Royals,KC,9,True,133,Athletics,ATH,5,False,686555,Isaac Collins,Isaac,Collins,1,1997-07-22,29,"5' 8""",188,7,Outfielder,S,Switch,R,Right,"0-3 | BB, K",,3,0,0,0,0,0,0,1,1,0,0,0,4,0,,,,,,,,,,
2026-08-17,824077,,/api/v1.1/game/824077/feed/live,R,2026,2026-08-17,,night,P,N,N,Regular Season,1,4,1,Final,Final,7,Kauffman Stadium,118,Kansas City Royals,KC,9,True,133,Athletics,ATH,5,False,521692,Salvador Perez,Salvador,Perez,13,1990-05-10,36,"6' 2""",255,10,Designated Hitter,R,Right,R,Right,"1-3 | K, 2 RBI",,3,1,0,0,0,2,0,1,0,0,0,0,4,1,,,,,,,,,,
2026-08-17,824077,,/api/v1.1/game/824077/feed/live,R,2026,2026-08-17,,night,P,N,N,Regular Season,1,4,1,Final,Final,7,Kauffman Stadium,118,Kansas City Royals,KC,9,True,133,Athletics,ATH,5,False,679845,Nick Loftin,Nicholas,Loftin,12,1998-09-25,27,"5' 11""",180,5,Third Base,R,Right,R,Right,,,,,,,,,,,,,,,,,,,,,,,,,,
2026-08-17,824077,,/api/v1.1/game/824077/feed/live,R,2026,2026-08-17,,night,P,N,N,Regular Season,1,4,1,Final,Final,7,Kauffman Stadium,118,Kansas City Royals,KC,9,True,133,Athletics,ATH,5,False,671162,Connor Thomas,Sidney,Thomas,50,1998-05-29,28,"6' 0""",200,1,Pitcher,L,Left,L,Left,"1.0 IP, 0 ER, K, 0 BB",,,,,,,,,,,,,,,,1.0,0,1,0,1,0,11,0,0,0
2026-08-17,824077,,/api/v1.1/game/824077/feed/live,R,2026,2026-08-17,,night,P,N,N,Regular Season,1,4,1,Final,Final,7,Kauffman Stadium,118,Kansas City Royals,KC,9,True,133,Athletics,ATH,5,False,670231,John Rave,John,Rave,16,1997-12-30,28,"5' 10""",194,9,Outfielder,L,Left,L,Left,,,,,,,,,,,,,,,,,,,,,,,,,,
2026-08-17,824077,,/api/v1.1/game/824077/feed/live,R,2026,2026-08-17,,night,P,N,N,Regular Season,1,4,1,Final,Final,7,Kauffman Stadium,118,Kansas City Royals,KC,9,True,133,Athletics,ATH,5,False,668674,Lucas Erceg,Lucas,Erceg,60,1995-05-01,31,"6' 2""",214,1,Pitcher,L,Left,R,Right,"0.0 IP, ER, 0 K, 2 BB",,,,,,,,,,,,,,,,0.0,1,1,0,0,2,14,0,0,0
2026-08-17,824077,,/api/v1.1/game/824077/feed/live,R,2026,2026-08-17,,night,P,N,N,Regular Season,1,4,1,Final,Final,7,Kauffman Stadium,118,Kansas City Royals,KC,9,True,133,Athletics,ATH,5,False,686681,Michael Massey,Michael,Massey,19,1998-03-22,28,"6' 0""",195,4,Second Base,L,Left,R,Right,"1-3 | BB, K, R",,3,1,0,0,0,0,1,1,1,0,0,0,4,1,,,,,,,,,,
2026-08-17,824077,,/api/v1.1/game/824077/feed/live,R,2026,2026-08-17,,night,P,N,N,Regular Season,1,4,1,Final,Final,7,Kauffman Stadium,118,Kansas City Royals,KC,9,True,133,Athletics,ATH,5,False,571912,Luke Maile,Luke,Maile,18,1991-02-06,35,"6' 3""",225,2,Catcher,R,Right,R,Right,,,,,,,,,,,,,,,,,,,,,,,,,,
2026-08-17,824077,,/api/v1.1/game/824077/feed/live,R,2026,2026-08-17,,night,P,N,N,Regular Season,1,4,1,Final,Final,7,Kauffman Stadium,118,Kansas City Royals,KC,9,True,133,Athletics,ATH,5,False,518886,Craig Kimbrel,Craig,Kimbrel,26,1988-05-28,38,"6' 0""",215,1,Pitcher,R,Right,R,Right,,,,,,,,,,,,,,,,,,,,,,,,,,
2026-08-17,824077,,/api/v1.1/game/824077/feed/live,R,2026,2026-08-17,,night,P,N,N,Regular Season,1,4,1,Final,Final,7,Kauffman Stadium,118,Kansas City Royals,KC,9,True,133,Athletics,ATH,5,False,686469,Vinnie Pasquantino,Vincent,Pasquantino,9,1997-10-10,28,"6' 3""",245,3,First Base,L,Left,L,Left,1-4 | 2B,,4,1,1,0,0,0,0,0,0,0,0,0,4,2,,,,,,,,,,
2026-08-17,824077,,/api/v1.1/game/824077/feed/live,R,2026,2026-08-17,,night,P,N,N,Regular Season,1,4,1,Final,Final,7,Kauffman Stadium,118,Kansas City Royals,KC,9,True,133,Athletics,ATH,5,False,664728,Kyle Isbel,Kyle,Isbel,28,1997-03-03,29,"5' 10""",190,8,Outfielder,L,Left,R,Right,"1-3 | BB, K, RBI",,3,1,0,0,0,1,1,1,1,0,0,0,4,1,,,,,,,,,,
2026-08-17,824077,,/api/v1.1/game/824077/feed/live,R,2026,2026-08-17,,night,P,N,N,Regular Season,1,4,1,Final,Final,7,Kauffman Stadium,118,Kansas City Royals,KC,9,True,133,Athletics,ATH,5,False,663738,Daniel Lynch IV,Daniel,Lynch,41,1996-11-17,29,"6' 6""",200,1,Pitcher,L,Left,L,Left,,,,,,,,,,,,,,,,,,,,,,,,,,
2026-08-17,824077,,/api/v1.1/game/824077/feed/live,R,2026,2026-08-17,,night,P,N,N,Regular Season,1,4,1,Final,Final,7,Kauffman Stadium,118,Kansas City Royals,KC,9,True,133,Athletics,ATH,5,False,608379,Michael Wacha,Michael,Wacha,52,1991-07-01,35,"6' 6""",215,1,Pitcher,R,Right,R,Right,"5.0 IP, 4 ER, 3 K, 0 BB",,,,,,,,,,,,,,,,5.0,4,6,3,3,0,79,1,0,0
2026-08-17,824077,,/api/v1.1/game/824077/feed/live,R,2026,2026-08-17,,night,P,N,N,Regular Season,1,4,1,Final,Final,7,Kauffman Stadium,118,Kansas City Royals,KC,9,True,133,Athletics,ATH,5,False,663878,Nate Pearson,Nathan,Pearson,61,1996-08-20,29,"6' 6""",255,1,Pitcher,R,Right,R,Right,"1.0 IP, 0 ER, 0 K, BB",,,,,,,,,,,,,,,,1.0,0,0,0,0,1,18,0,0,0
2026-08-17,824077,,/api/v1.1/game/824077/feed/live,R,2026,2026-08-17,,night,P,N,N,Regular Season,1,4,1,Final,Final,7,Kauffman Stadium,118,Kansas City Royals,KC,9,True,133,Athletics,ATH,5,False,672580,Maikel Garcia,Maikel,Garcia,11,2000-03-03,26,"6' 1""",180,5,Third Base,R,Right,R,Right,"2-5 | K, RBI, R",,5,2,0,0,0,1,1,1,0,0,1,1,5,2,,,,,,,,,,
2026-08-17,824077,,/api/v1.1/game/824077/feed/live,R,2026,2026-08-17,,night,P,N,N,Regular Season,1,4,1,Final,Final,7,Kauffman Stadium,118,Kansas City Royals,KC,9,True,133,Athletics,ATH,5,False,607625,Seth Lugo,Jacob,Lugo,67,1989-11-17,36,"6' 4""",225,1,Pitcher,R,Right,R,Right,,,,,,,,,,,,,,,,,,,,,,,,,,
2026-08-17,824077,,/api/v1.1/game/824077/feed/live,R,2026,2026-08-17,,night,P,N,N,Regular Season,1,4,1,Final,Final,7,Kauffman Stadium,118,Kansas City Royals,KC,9,True,133,Athletics,ATH,5,False,702070,Noah Cameron,Noah,Cameron,65,1999-07-17,27,"6' 3""",220,1,Pitcher,L,Left,L,Left,,,,,,,,,,,,,,,,,,,,,,,,,,
2026-08-17,824077,,/api/v1.1/game/824077/feed/live,R,2026,2026-08-17,,night,P,N,N,Regular Season,1,4,1,Final,Final,7,Kauffman Stadium,118,Kansas City Royals,KC,9,True,133,Athletics,ATH,5,False,656638,Alex Lange,Alexander,Lange,56,1995-10-02,30,"6' 3""",202,1,Pitcher,R,Right,R,Right,,,,,,,,,,,,,,,,,,,,,,,,,,
2026-08-17,824077,,/api/v1.1/game/824077/feed/live,R,2026,2026-08-17,,night,P,N,N,Regular Season,1,4,1,Final,Final,7,Kauffman Stadium,118,Kansas City Royals,KC,9,True,133,Athletics,ATH,5,False,677976,Randy Dobnak,Randy,Dobnak,62,1995-01-17,31,"6' 1""",230,1,Pitcher,R,Right,R,Right,,,,,,,,,,,,,,,,,,,,,,,,,,
2026-08-17,824077,,/api/v1.1/game/824077/feed/live,R,2026,2026-08-17,,night,P,N,N,Regular Season,1,4,1,Final,Final,7,Kauffman Stadium,118,Kansas City Royals,KC,9,True,133,Athletics,ATH,5,False,695506,Jac Caglianone,Jeffrey,Caglianone,14,2003-02-09,23,"6' 4""",250,9,Outfielder,L,Left,L,Left,"3-5 | 2 RBI, R",,5,3,0,0,0,2,1,0,0,0,0,0,5,3,,,,,,,,,,
2026-08-17,824077,,/api/v1.1/game/824077/feed/live,R,2026,2026-08-17,,night,P,N,N,Regular Season,1,4,1,Final,Final,7,Kauffman Stadium,118,Kansas City Royals,KC,9,True,133,Athletics,ATH,5,False,677951,Bobby Witt Jr.,Robert,Witt,7,2000-06-14,26,"6' 1""",200,6,Shortstop,R,Right,R,Right,"3-4 | HR, 2B, BB",,4,3,1,0,1,3,4,0,1,1,0,0,5,7,,,,,,,,,,
2026-08-17,824077,,/api/v1.1/game/824077/feed/live,R,2026,2026-08-17,,night,P,N,N,Regular Season,1,4,1,Final,Final,7,Kauffman Stadium,118,Kansas City Royals,KC,9,True,133,Athletics,ATH,5,False,674444,Steven Cruz,Steven,Cruz,64,1999-06-15,27,"6' 7""",225,1,Pitcher,R,Right,R,Right,"1.0 IP, 0 ER, 0 K, 0 BB",,,,,,,,,,,,,,,,1.0,0,0,0,0,0,8,0,0,1
2026-08-17,824077,,/api/v1.1/game/824077/feed/live,R,2026,2026-08-17,,night,P,N,N,Regular Season,1,4,1,Final,Final,7,Kauffman Stadium,118,Kansas City Royals,KC,9,True,133,Athletics,ATH,5,False,670167,John Schreiber,John,Schreiber,46,1994-03-05,32,"6' 2""",224,1,Pitcher,R,Right,R,Right,"1.0 IP, 0 ER, 0 K, 0 BB",,,,,,,,,,,,,,,,1.0,0,0,0,0,0,9,0,0,0
2026-08-17,824077,,/api/v1.1/game/824077/feed/live,R,2026,2026-08-17,,night,P,N,N,Regular Season,1,4,1,Final,Final,7,Kauffman Stadium,118,Kansas City Royals,KC,9,True,133,Athletics,ATH,5,False,671732,Lawrence Butler,Lawrence,Butler,4,2000-07-10,26,"6' 3""",210,9,Outfielder,L,Left,R,Right,1-3 | BB,,3,1,0,0,0,0,0,0,1,0,0,0,4,1,,,,,,,,,,
2026-08-17,824077,,/api/v1.1/game/824077/feed/live,R,2026,2026-08-17,,night,P,N,N,Regular Season,1,4,1,Final,Final,7,Kauffman Stadium,118,Kansas City Royals,KC,9,True,133,Athletics,ATH,5,False,695720,Tommy White,Thomas,White,47,2003-03-02,23,"6' 0""",220,5,Third Base,R,Right,R,Right,"1-3 | HR, BB, K",,3,1,0,0,1,1,1,1,1,0,0,0,4,4,,,,,,,,,,
2026-08-17,824077,,/api/v1.1/game/824077/feed/live,R,2026,2026-08-17,,night,P,N,N,Regular Season,1,4,1,Final,Final,7,Kauffman Stadium,118,Kansas City Royals,KC,9,True,133,Athletics,ATH,5,False,641680,Jonah Heim,Jonah,Heim,15,1995-06-27,31,"6' 4""",220,2,Catcher,S,Switch,R,Right,0-1,,1,0,0,0,0,0,0,0,0,0,0,1,1,0,,,,,,,,,,
2026-08-17,824077,,/api/v1.1/game/824077/feed/live,R,2026,2026-08-17,,night,P,N,N,Regular Season,1,4,1,Final,Final,7,Kauffman Stadium,118,Kansas City Royals,KC,9,True,133,Athletics,ATH,5,False,622268,Donovan Walton,Donovan,Walton,29,1994-05-25,32,"5' 9""",190,4,Second Base,L,Left,R,Right,"1-3 | 2B, BB, R",,3,1,1,0,0,0,1,0,1,0,0,0,4,2,,,,,,,,,,
2026-08-17,824077,,/api/v1.1/game/824077/feed/live,R,2026,2026-08-17,,night,P,N,N,Regular Season,1,4,1,Final,Final,7,Kauffman Stadium,118,Kansas City Royals,KC,9,True,133,Athletics,ATH,5,False,669372,J.T. Ginn,John,Ginn,35,1999-05-20,27,"6' 2""",200,1,Pitcher,R,Right,R,Right,,,,,,,,,,,,,,,,,,,,,,,,,,
2026-08-17,824077,,/api/v1.1/game/824077/feed/live,R,2026,2026-08-17,,night,P,N,N,Regular Season,1,4,1,Final,Final,7,Kauffman Stadium,118,Kansas City Royals,KC,9,True,133,Athletics,ATH,5,False,680869,Zack Gelof,Zachary,Gelof,20,1999-10-19,26,"6' 2""",205,5,Third Base,R,Right,R,Right,1-4 | 2 K,,4,1,0,0,0,0,0,2,0,0,0,0,4,1,,,,,,,,,,
2026-08-17,824077,,/api/v1.1/game/824077/feed/live,R,2026,2026-08-17,,night,P,N,N,Regular Season,1,4,1,Final,Final,7,Kauffman Stadium,118,Kansas City Royals,KC,9,True,133,Athletics,ATH,5,False,680723,Drew Rom,Drew,Rom,39,1999-12-15,26,"6' 1""",225,1,Pitcher,L,Left,L,Left,,,,,,,,,,,,,,,,,,,,,,,,,,
2026-08-17,824077,,/api/v1.1/game/824077/feed/live,R,2026,2026-08-17,,night,P,N,N,Regular Season,1,4,1,Final,Final,7,Kauffman Stadium,118,Kansas City Royals,KC,9,True,133,Athletics,ATH,5,False,643446,Jeff McNeil,Jeffrey,McNeil,22,1992-04-08,34,"6' 0""",195,4,Second Base,L,Left,R,Right,"1-4 | HR, RBI, R",,4,1,0,0,1,1,1,0,0,0,0,0,4,4,,,,,,,,,,
2026-08-17,824077,,/api/v1.1/game/824077/feed/live,R,2026,2026-08-17,,night,P,N,N,Regular Season,1,4,1,Final,Final,7,Kauffman Stadium,118,Kansas City Royals,KC,9,True,133,Athletics,ATH,5,False,686751,Seth Johnson,Seth,Johnson,52,1998-09-19,27,"6' 1""",205,1,Pitcher,R,Right,R,Right,"1.0 IP, 2 ER, K, 0 BB",,,,,,,,,,,,,,,,1.0,2,3,0,1,0,15,0,0,0
2026-08-17,824077,,/api/v1.1/game/824077/feed/live,R,2026,2026-08-17,,night,P,N,N,Regular Season,1,4,1,Final,Final,7,Kauffman Stadium,118,Kansas City Royals,KC,9,True,133,Athletics,ATH,5,False,686930,Mason Barnett,Mason,Barnett,63,2000-11-07,25,"6' 0""",218,1,Pitcher,R,Right,R,Right,"2.2 IP, 6 ER, 2 K, 4 BB",,,,,,,,,,,,,,,,2.2,6,7,1,2,4,83,0,1,0
2026-08-17,824077,,/api/v1.1/game/824077/feed/live,R,2026,2026-08-17,,night,P,N,N,Regular Season,1,4,1,Final,Final,7,Kauffman Stadium,118,Kansas City Royals,KC,9,True,133,Athletics,ATH,5,False,661531,Brian Serven,Brian,Serven,10,1995-05-05,31,"6' 0""",207,2,Catcher,R,Right,R,Right,"1-4 | HR, 2 RBI, R",,4,1,0,0,1,2,1,0,0,0,0,0,4,4,,,,,,,,,,
2026-08-17,824077,,/api/v1.1/game/824077/feed/live,R,2026,2026-08-17,,night,P,N,N,Regular Season,1,4,1,Final,Final,7,Kauffman Stadium,118,Kansas City Royals,KC,9,True,133,Athletics,ATH,5,False,666126,Carlos Cortes,Carlos,Cortes,26,1997-06-30,29,"5' 7""",197,9,Outfielder,L,Left,S,Switch,1-4 | R,,4,1,0,0,0,0,1,0,0,0,0,2,4,1,,,,,,,,,,
2026-08-17,824077,,/api/v1.1/game/824077/feed/live,R,2026,2026-08-17,,night,P,N,N,Regular Season,1,4,1,Final,Final,7,Kauffman Stadium,118,Kansas City Royals,KC,9,True,133,Athletics,ATH,5,False,656240,Scott Blewett,Scott,Blewett,49,1996-04-10,30,"6' 6""",245,1,Pitcher,R,Right,R,Right,"2.0 IP, ER, 3 K, 0 BB",,,,,,,,,,,,,,,,2.0,1,3,0,3,0,28,0,0,0
2026-08-17,824077,,/api/v1.1/game/824077/feed/live,R,2026,2026-08-17,,night,P,N,N,Regular Season,1,4,1,Final,Final,7,Kauffman Stadium,118,Kansas City Royals,KC,9,True,133,Athletics,ATH,5,False,682052,Jacob Lopez,Jacob,Lopez,57,1998-03-11,28,"6' 4""",220,1,Pitcher,L,Left,L,Left,,,,,,,,,,,,,,,,,,,,,,,,,,
2026-08-17,824077,,/api/v1.1/game/824077/feed/live,R,2026,2026-08-17,,night,P,N,N,Regular Season,1,4,1,Final,Final,7,Kauffman Stadium,118,Kansas City Royals,KC,9,True,133,Athletics,ATH,5,False,675961,Alika Williams,Alexander,Williams,12,1999-03-12,27,"6' 1""",183,6,Shortstop,R,Right,R,Right,0-3,,3,0,0,0,0,0,0,0,0,0,0,0,3,0,,,,,,,,,,
2026-08-17,824077,,/api/v1.1/game/824077/feed/live,R,2026,2026-08-17,,night,P,N,N,Regular Season,1,4,1,Final,Final,7,Kauffman Stadium,118,Kansas City Royals,KC,9,True,133,Athletics,ATH,5,False,691777,Max Muncy,Maxwell,Muncy,3,2002-08-25,23,"6' 0""",180,5,Third Base,R,Right,R,Right,,,,,,,,,,,,,,,,,,,,,,,,,,
2026-08-17,824077,,/api/v1.1/game/824077/feed/live,R,2026,2026-08-17,,night,P,N,N,Regular Season,1,4,1,Final,Final,7,Kauffman Stadium,118,Kansas City Royals,KC,9,True,133,Athletics,ATH,5,False,669620,Brady Basso,Brady,Basso,66,1997-10-08,28,"6' 2""",213,1,Pitcher,R,Right,L,Left,,,,,,,,,,,,,,,,,,,,,,,,,,
2026-08-17,824077,,/api/v1.1/game/824077/feed/live,R,2026,2026-08-17,,night,P,N,N,Regular Season,1,4,1,Final,Final,7,Kauffman Stadium,118,Kansas City Royals,KC,9,True,133,Athletics,ATH,5,False,695611,Gage Jump,Gage,Jump,61,2003-04-12,23,"6' 0""",200,1,Pitcher,L,Left,L,Left,,,,,,,,,,,,,,,,,,,,,,,,,,
2026-08-17,824077,,/api/v1.1/game/824077/feed/live,R,2026,2026-08-17,,night,P,N,N,Regular Season,1,4,1,Final,Final,7,Kauffman Stadium,118,Kansas City Royals,KC,9,True,133,Athletics,ATH,5,False,696522,Hayden Juenger,Hayden,Juenger,58,2000-08-09,26,"6' 0""",180,1,Pitcher,R,Right,R,Right,"2.1 IP, 0 ER, 0 K, 0 BB",,,,,,,,,,,,,,,,2.1,0,0,0,0,0,21,0,0,0
2026-08-17,824077,,/api/v1.1/game/824077/feed/live,R,2026,2026-08-17,,night,P,N,N,Regular Season,1,4,1,Final,Final,7,Kauffman Stadium,118,Kansas City Royals,KC,9,True,133,Athletics,ATH,5,False,665660,Elvis Alvarado,Elvis,Alvarado,37,1999-02-23,27,"6' 6""",253,1,Pitcher,R,Right,R,Right,,,,,,,,,,,,,,,,,,,,,,,,,,
2026-08-17,824077,,/api/v1.1/game/824077/feed/live,R,2026,2026-08-17,,night,P,N,N,Regular Season,1,4,1,Final,Final,7,Kauffman Stadium,118,Kansas City Royals,KC,9,True,133,Athletics,ATH,5,False,687231,Darell Hernaiz,Darell,Hernaiz,2,2001-08-03,25,"5' 11""",190,6,Shortstop,R,Right,R,Right,,,,,,,,,,,,,,,,,,,,,,,,,,
2026-08-17,824077,,/api/v1.1/game/824077/feed/live,R,2026,2026-08-17,,night,P,N,N,Regular Season,1,4,1,Final,Final,7,Kauffman Stadium,118,Kansas City Royals,KC,9,True,133,Athletics,ATH,5,False,663687,Hogan Harris,Hogan,Harris,36,1996-12-26,29,"6' 3""",230,1,Pitcher,R,Right,L,Left,,,,,,,,,,,,,,,,,,,,,,,,,,
2026-08-17,824077,,/api/v1.1/game/824077/feed/live,R,2026,2026-08-17,,night,P,N,N,Regular Season,1,4,1,Final,Final,7,Kauffman Stadium,118,Kansas City Royals,KC,9,True,133,Athletics,ATH,5,False,665622,Luis Medina,Luis,Medina,46,1999-05-03,27,"6' 1""",175,1,Pitcher,R,Right,R,Right,,,,,,,,,,,,,,,,,,,,,,,,,,
2026-08-17,824077,,/api/v1.1/game/824077/feed/live,R,2026,2026-08-17,,night,P,N,N,Regular Season,1,4,1,Final,Final,7,Kauffman Stadium,118,Kansas City Royals,KC,9,True,133,Athletics,ATH,5,False,703607,Henry Bolte,Henry,Bolte,33,2003-08-04,23,"6' 3""",195,8,Outfielder,R,Right,R,Right,"1-3 | HBP, K",,3,1,0,0,0,0,0,1,0,0,0,0,4,1,,,,,,,,,,
2026-08-17,824077,,/api/v1.1/game/824077/feed/live,R,2026,2026-08-17,,night,P,N,N,Regular Season,1,4,1,Final,Final,7,Kauffman Stadium,118,Kansas City Royals,KC,9,True,133,Athletics,ATH,5,False,678022,Jack Perkins,Jackson,Perkins,50,1999-12-26,26,"6' 1""",220,1,Pitcher,R,Right,R,Right,,,,,,,,,,,,,,,,,,,,,,,,,,
2026-08-17,824077,,/api/v1.1/game/824077/feed/live,R,2026,2026-08-17,,night,P,N,N,Regular Season,1,4,1,Final,Final,7,Kauffman Stadium,118,Kansas City Royals,KC,9,True,133,Athletics,ATH,5,False,805779,Jacob Wilson,Jacob,Wilson,5,2002-03-30,24,"6' 2""",190,6,Shortstop,R,Right,R,Right,,,,,,,,,,,,,,,,,,,,,,,,,,
2026-08-17,823668,,/api/v1.1/game/823668/feed/live,R,2026,2026-08-17,,night,P,N,N,Regular Season,1,3,1,Final,Final,3312,Target Field,142,Minnesota Twins,MIN,4,True,144,Atlanta Braves,ATL,2,False,665152,Dean Kremer,Dean,Kremer,13,1996-01-07,30,"6' 2""",210,1,Pitcher,R,Right,R,Right,,,,,,,,,,,,,,,,,,,,,,,,,,
2026-08-17,823668,,/api/v1.1/game/823668/feed/live,R,2026,2026-08-17,,night,P,N,N,Regular Season,1,3,1,Final,Final,3312,Target Field,142,Minnesota Twins,MIN,4,True,144,Atlanta Braves,ATL,2,False,667297,Tommy Nance,Thomas,Nance,35,1991-03-19,35,"6' 6""",235,1,Pitcher,R,Right,R,Right,,,,,,,,,,,,,,,,,,,,,,,,,,
2026-08-17,823668,,/api/v1.1/game/823668/feed/live,R,2026,2026-08-17,,night,P,N,N,Regular Season,1,3,1,Final,Final,3312,Target Field,142,Minnesota Twins,MIN,4,True,144,Atlanta Braves,ATL,2,False,671737,Taj Bradley,Taj,Bradley,26,2001-03-20,25,"6' 2""",220,1,Pitcher,R,Right,R,Right,,,,,,,,,,,,,,,,,,,,,,,,,,
2026-08-17,823668,,/api/v1.1/game/823668/feed/live,R,2026,2026-08-17,,night,P,N,N,Regular Season,1,3,1,Final,Final,3312,Target Field,142,Minnesota Twins,MIN,4,True,144,Atlanta Braves,ATL,2,False,605170,Victor Caratini,Victor,Caratini,37,1993-08-17,33,"6' 0""",225,2,Catcher,S,Switch,R,Right,,,,,,,,,,,,,,,,,,,,,,,,,,
2026-08-17,823668,,/api/v1.1/game/823668/feed/live,R,2026,2026-08-17,,night,P,N,N,Regular Season,1,3,1,Final,Final,3312,Target Field,142,Minnesota Twins,MIN,4,True,144,Atlanta Braves,ATL,2,False,665019,Kody Clemens,Kody,Clemens,2,1996-05-15,30,"6' 0""",200,3,First Base,L,Left,R,Right,2-4 | RBI,,4,2,0,0,0,1,0,0,0,0,0,0,4,2,,,,,,,,,,
2026-08-17,823668,,/api/v1.1/game/823668/feed/live,R,2026,2026-08-17,,night,P,N,N,Regular Season,1,3,1,Final,Final,3312,Target Field,142,Minnesota Twins,MIN,4,True,144,Atlanta Braves,ATL,2,False,686797,Brooks Lee,Brooks,Lee,22,2001-02-14,25,"6' 0""",205,5,Third Base,S,Switch,R,Right,"0-3 | HBP, K",,3,0,0,0,0,0,0,1,0,0,0,0,4,0,,,,,,,,,,
2026-08-17,823668,,/api/v1.1/game/823668/feed/live,R,2026,2026-08-17,,night,P,N,N,Regular Season,1,3,1,Final,Final,3312,Target Field,142,Minnesota Twins,MIN,4,True,144,Atlanta Braves,ATL,2,False,605137,Josh Bell,Joshua,Bell,56,1992-08-14,34,"6' 3""",261,10,Designated Hitter,S,Switch,R,Right,"2-3 | 2B, BB, 2 RBI",,3,2,1,0,0,2,1,0,1,0,0,0,4,3,,,,,,,,,,
2026-08-17,823668,,/api/v1.1/game/823668/feed/live,R,2026,2026-08-17,,night,P,N,N,Regular Season,1,3,1,Final,Final,3312,Target Field,142,Minnesota Twins,MIN,4,True,144,Atlanta Braves,ATL,2,False,656546,Jeff Hoffman,Jeffrey,Hoffman,24,1993-01-08,33,"6' 5""",235,1,Pitcher,R,Right,R,Right,"1.0 IP, 0 ER, K, BB",,,,,,,,,,,,,,,,1.0,0,1,0,1,1,20,0,0,0
2026-08-17,823668,,/api/v1.1/game/823668/feed/live,R,2026,2026-08-17,,night,P,N,N,Regular Season,1,3,1,Final,Final,3312,Target Field,142,Minnesota Twins,MIN,4,True,144,Atlanta Braves,ATL,2,False,621345,A.J. Minter,Alex,Minter,33,1993-09-02,32,"6' 0""",215,1,Pitcher,L,Left,L,Left,,,,,,,,,,,,,,,,,,,,,,,,,,
2026-08-17,823668,,/api/v1.1/game/823668/feed/live,R,2026,2026-08-17,,night,P,N,N,Regular Season,1,3,1,Final,Final,3312,Target Field,142,Minnesota Twins,MIN,4,True,144,Atlanta Braves,ATL,2,False,702176,Alan Roden,Alan,Roden,18,1999-12-22,26,"5' 11""",215,9,Outfielder,L,Left,R,Right,1-3,,3,1,0,0,0,0,0,0,0,0,0,0,4,1,,,,,,,,,,
2026-08-17,823668,,/api/v1.1/game/823668/feed/live,R,2026,2026-08-17,,night,P,N,N,Regular Season,1,3,1,Final,Final,3312,Target Field,142,Minnesota Twins,MIN,4,True,144,Atlanta Braves,ATL,2,False,701785,Kaelen Culpepper,Kaelen,Culpepper,12,2002-12-29,23,"5' 10""",185,6,Shortstop,R,Right,R,Right,1-4 | 2 K,,4,1,0,0,0,0,0,2,0,0,0,0,4,1,,,,,,,,,,
2026-08-17,823668,,/api/v1.1/game/823668/feed/live,R,2026,2026-08-17,,night,P,N,N,Regular Season,1,3,1,Final,Final,3312,Target Field,142,Minnesota Twins,MIN,4,True,144,Atlanta Braves,ATL,2,False,687570,Connor Prielipp,Connor,Prielipp,61,2001-01-10,25,"6' 2""",210,1,Pitcher,L,Left,L,Left,,,,,,,,,,,,,,,,,,,,,,,,,,
2026-08-17,823668,,/api/v1.1/game/823668/feed/live,R,2026,2026-08-17,,night,P,N,N,Regular Season,1,3,1,Final,Final,3312,Target Field,142,Minnesota Twins,MIN,4,True,144,Atlanta Braves,ATL,2,False,680777,Ryan Jeffers,Ryan,Jeffers,27,1997-06-03,29,"6' 2""",235,2,Catcher,R,Right,R,Right,"0-4 | BB, R",,4,0,0,0,0,0,1,0,1,0,0,1,5,0,,,,,,,,,,
2026-08-17,823668,,/api/v1.1/game/823668/feed/live,R,2026,2026-08-17,,night,P,N,N,Regular Season,1,3,1,Final,Final,3312,Target Field,142,Minnesota Twins,MIN,4,True,144,Atlanta Braves,ATL,2,False,668952,Ryan Kreidler,Ryan,Kreidler,5,1997-11-12,28,"6' 3""",208,6,Shortstop,R,Right,R,Right,0-0,,0,0,0,0,0,0,0,0,0,0,0,0,0,0,,,,,,,,,,
2026-08-17,823668,,/api/v1.1/game/823668/feed/live,R,2026,2026-08-17,,night,P,N,N,Regular Season,1,3,1,Final,Final,3312,Target Field,142,Minnesota Twins,MIN,4,True,144,Atlanta Braves,ATL,2,False,573124,Taylor Rogers,Taylor,Rogers,55,1990-12-17,35,"6' 3""",190,1,Pitcher,L,Left,L,Left,"0.2 IP, 0 ER, 0 K, 0 BB",,,,,,,,,,,,,,,,0.2,0,0,0,0,0,11,0,0,0
2026-08-17,823668,,/api/v1.1/game/823668/feed/live,R,2026,2026-08-17,,night,P,N,N,Regular Season,1,3,1,Final,Final,3312,Target Field,142,Minnesota Twins,MIN,4,True,144,Atlanta Braves,ATL,2,False,641927,Bailey Ober,John,Ober,17,1995-07-12,31,"6' 9""",260,1,Pitcher,R,Right,R,Right,"4.1 IP, 2 ER, 4 K, BB",,,,,,,,,,,,,,,,4.1,2,6,0,4,1,94,0,0,0
2026-08-17,823668,,/api/v1.1/game/823668/feed/live,R,2026,2026-08-17,,night,P,N,N,Regular Season,1,3,1,Final,Final,3312,Target Field,142,Minnesota Twins,MIN,4,True,144,Atlanta Braves,ATL,2,False,681892,Kody Funderburk,Kody,Funderburk,57,1996-11-27,29,"6' 4""",230,1,Pitcher,L,Left,L,Left,,,,,,,,,,,,,,,,,,,,,,,,,,
2026-08-17,823668,,/api/v1.1/game/823668/feed/live,R,2026,2026-08-17,,night,P,N,N,Regular Season,1,3,1,Final,Final,3312,Target Field,142,Minnesota Twins,MIN,4,True,144,Atlanta Braves,ATL,2,False,701519,Travis Adams,Travis,Adams,45,2000-01-19,26,"6' 1""",197,1,Pitcher,R,Right,R,Right,"2.0 IP, 0 ER, 3 K, 0 BB",,,,,,,,,,,,,,,,2.0,0,0,0,3,0,18,1,0,0
2026-08-17,823668,,/api/v1.1/game/823668/feed/live,R,2026,2026-08-17,,night,P,N,N,Regular Season,1,3,1,Final,Final,3312,Target Field,142,Minnesota Twins,MIN,4,True,144,Atlanta Braves,ATL,2,False,668904,Royce Lewis,Royce,Lewis,23,1999-06-05,27,"6' 0""",200,3,First Base,R,Right,R,Right,"1-4 | K, RBI",,4,1,0,0,0,1,0,1,0,0,0,0,4,1,,,,,,,,,,
2026-08-17,823668,,/api/v1.1/game/823668/feed/live,R,2026,2026-08-17,,night,P,N,N,Regular Season,1,3,1,Final,Final,3312,Target Field,142,Minnesota Twins,MIN,4,True,144,Atlanta Braves,ATL,2,False,663616,Trevor Larnach,Trevor,Larnach,9,1997-02-26,29,"6' 3""",223,7,Outfielder,L,Left,R,Right,,,,,,,,,,,,,,,,,,,,,,,,,,
2026-08-17,823668,,/api/v1.1/game/823668/feed/live,R,2026,2026-08-17,,night,P,N,N,Regular Season,1,3,1,Final,Final,3312,Target Field,142,Minnesota Twins,MIN,4,True,144,Atlanta Braves,ATL,2,False,621439,Byron Buxton,Byron,Buxton,25,1993-12-18,32,"6' 1""",190,8,Outfielder,R,Right,R,Right,"1-3 | BB, HBP, R",,3,1,0,0,0,0,1,0,1,0,0,0,5,1,,,,,,,,,,
2026-08-17,823668,,/api/v1.1/game/823668/feed/live,R,2026,2026-08-17,,night,P,N,N,Regular Season,1,3,1,Final,Final,3312,Target Field,142,Minnesota Twins,MIN,4,True,144,Atlanta Braves,ATL,2,False,672782,Yoendrys Gómez,Yoendrys,Gómez,94,1999-10-15,26,"6' 3""",212,1,Pitcher,R,Right,R,Right,"1.0 IP, 0 ER, 0 K, BB",,,,,,,,,,,,,,,,1.0,0,0,0,0,1,19,0,0,1
2026-08-17,823668,,/api/v1.1/game/823668/feed/live,R,2026,2026-08-17,,night,P,N,N,Regular Season,1,3,1,Final,Final,3312,Target Field,142,Minnesota Twins,MIN,4,True,144,Atlanta Braves,ATL,2,False,805673,Zebby Matthews,Daniel,Matthews,52,2000-05-22,26,"6' 5""",225,1,Pitcher,R,Right,R,Right,,,,,,,,,,,,,,,,,,,,,,,,,,
2026-08-17,823668,,/api/v1.1/game/823668/feed/live,R,2026,2026-08-17,,night,P,N,N,Regular Season,1,3,1,Final,Final,3312,Target Field,142,Minnesota Twins,MIN,4,True,144,Atlanta Braves,ATL,2,False,656577,Alex Jackson,Alexander,Jackson,70,1995-12-25,30,"6' 1""",238,2,Catcher,R,Right,R,Right,,,,,,,,,,,,,,,,,,,,,,,,,,
2026-08-17,823668,,/api/v1.1/game/823668/feed/live,R,2026,2026-08-17,,night,P,N,N,Regular Season,1,3,1,Final,Final,3312,Target Field,142,Minnesota Twins,MIN,4,True,144,Atlanta Braves,ATL,2,False,702193,Andrew Morris,Andrew,Morris,78,2001-09-01,24,"6' 0""",195,1,Pitcher,R,Right,R,Right,,,,,,,,,,,,,,,,,,,,,,,,,,
2026-08-17,823668,,/api/v1.1/game/823668/feed/live,R,2026,2026-08-17,,night,P,N,N,Regular Season,1,3,1,Final,Final,3312,Target Field,142,Minnesota Twins,MIN,4,True,144,Atlanta Braves,ATL,2,False,807712,Luke Keaschall,Luke,Keaschall,15,2002-08-15,24,"6' 0""",190,4,Second Base,R,Right,R,Right,"2-5 | 2B, K, R",,5,2,1,0,0,0,1,1,0,0,0,0,5,3,,,,,,,,,,
2026-08-17,823668,,/api/v1.1/game/823668/feed/live,R,2026,2026-08-17,,night,P,N,N,Regular Season,1,3,1,Final,Final,3312,Target Field,142,Minnesota Twins,MIN,4,True,144,Atlanta Braves,ATL,2,False,689266,Dylan Dodd,Dylan,Dodd,46,1998-06-06,28,"6' 2""",210,1,Pitcher,L,Left,L,Left,,,,,,,,,,,,,,,,,,,,,,,,,,
2026-08-17,823668,,/api/v1.1/game/823668/feed/live,R,2026,2026-08-17,,night,P,N,N,Regular Season,1,3,1,Final,Final,3312,Target Field,142,Minnesota Twins,MIN,4,True,144,Atlanta Braves,ATL,2,False,669276,Dylan Lee,Dylan,Lee,52,1994-08-01,32,"6' 3""",214,1,Pitcher,L,Left,L,Left,,,,,,,,,,,,,,,,,,,,,,,,,,
2026-08-17,823668,,/api/v1.1/game/823668/feed/live,R,2026,2026-08-17,,night,P,N,N,Regular Season,1,3,1,Final,Final,3312,Target Field,142,Minnesota Twins,MIN,4,True,144,Atlanta Braves,ATL,2,False,671739,Michael Harris II,Michael,Harris,23,2001-03-07,25,"5' 11""",195,8,Outfielder,L,Left,L,Left,1-4,,4,1,0,0,0,0,0,0,0,0,0,0,4,1,,,,,,,,,,
2026-08-17,823668,,/api/v1.1/game/823668/feed/live,R,2026,2026-08-17,,night,P,N,N,Regular Season,1,3,1,Final,Final,3312,Target Field,142,Minnesota Twins,MIN,4,True,144,Atlanta Braves,ATL,2,False,682989,Victor Mederos,Victor,Mederos,58,2001-06-08,25,"6' 2""",222,1,Pitcher,R,Right,R,Right,"1.0 IP, 0 ER, K, 0 BB",,,,,,,,,,,,,,,,1.0,0,0,0,1,0,10,0,0,0
2026-08-17,823668,,/api/v1.1/game/823668/feed/live,R,2026,2026-08-17,,night,P,N,N,Regular Season,1,3,1,Final,Final,3312,Target Field,142,Minnesota Twins,MIN,4,True,144,Atlanta Braves,ATL,2,False,643289,Mauricio Dubón,Mauricio,Dubón,14,1994-07-19,32,"5' 11""",173,7,Outfielder,R,Right,R,Right,"0-3 | BB, K",,3,0,0,0,0,0,0,1,1,0,0,0,4,0,,,,,,,,,,
2026-08-17,823668,,/api/v1.1/game/823668/feed/live,R,2026,2026-08-17,,night,P,N,N,Regular Season,1,3,1,Final,Final,3312,Target Field,142,Minnesota Twins,MIN,4,True,144,Atlanta Braves,ATL,2,False,800311,Didier Fuentes,Didier,Fuentes,72,2005-06-17,21,"6' 0""",170,1,Pitcher,R,Right,R,Right,,,,,,,,,,,,,,,,,,,,,,,,,,
2026-08-17,823668,,/api/v1.1/game/823668/feed/live,R,2026,2026-08-17,,night,P,N,N,Regular Season,1,3,1,Final,Final,3312,Target Field,142,Minnesota Twins,MIN,4,True,144,Atlanta Braves,ATL,2,False,641816,Tyler Mahle,Tyler,Mahle,54,1994-09-29,31,"6' 3""",212,1,Pitcher,R,Right,R,Right,,,,,,,,,,,,,,,,,,,,,,,,,,
2026-08-17,823668,,/api/v1.1/game/823668/feed/live,R,2026,2026-08-17,,night,P,N,N,Regular Season,1,3,1,Final,Final,3312,Target Field,142,Minnesota Twins,MIN,4,True,144,Atlanta Braves,ATL,2,False,686948,Drake Baldwin,Drake,Baldwin,30,2001-03-28,25,"6' 0""",225,2,Catcher,L,Left,R,Right,"2-5 | 2B, R",,5,2,1,0,0,0,1,0,0,0,0,0,5,3,,,,,,,,,,
2026-08-17,823668,,/api/v1.1/game/823668/feed/live,R,2026,2026-08-17,,night,P,N,N,Regular Season,1,3,1,Final,Final,3312,Target Field,142,Minnesota Twins,MIN,4,True,144,Atlanta Braves,ATL,2,False,519242,Chris Sale,Christopher,Sale,51,1989-03-30,37,"6' 6""",180,1,Pitcher,L,Left,L,Left,,,,,,,,,,,,,,,,,,,,,,,,,,
2026-08-17,823668,,/api/v1.1/game/823668/feed/live,R,2026,2026-08-17,,night,P,N,N,Regular Season,1,3,1,Final,Final,3312,Target Field,142,Minnesota Twins,MIN,4,True,144,Atlanta Braves,ATL,2,False,805347,Jim Jarvis,James,Jarvis,74,2000-11-06,25,"5' 9""",190,6,Shortstop,L,Left,R,Right,0-3,,3,0,0,0,0,0,0,0,0,0,0,0,3,0,,,,,,,,,,
2026-08-17,823668,,/api/v1.1/game/823668/feed/live,R,2026,2026-08-17,,night,P,N,N,Regular Season,1,3,1,Final,Final,3312,Target Field,142,Minnesota Twins,MIN,4,True,144,Atlanta Braves,ATL,2,False,621566,Matt Olson,Matthew,Olson,28,1994-03-29,32,"6' 4""",225,3,First Base,L,Left,R,Right,"1-3 | 2B, BB, K",,3,1,1,0,0,0,0,1,1,0,0,0,4,2,,,,,,,,,,
2026-08-17,823668,,/api/v1.1/game/823668/feed/live,R,2026,2026-08-17,,night,P,N,N,Regular Season,1,3,1,Final,Final,3312,Target Field,142,Minnesota Twins,MIN,4,True,144,Atlanta Braves,ATL,2,False,642086,Dominic Smith,Dominic,Smith,8,1995-06-15,31,"5' 11""",224,10,Designated Hitter,L,Left,L,Left,0-1,,1,0,0,0,0,0,0,0,0,0,0,0,1,0,,,,,,,,,,
2026-08-17,823668,,/api/v1.1/game/823668/feed/live,R,2026,2026-08-17,,night,P,N,N,Regular Season,1,3,1,Final,Final,3312,Target Field,142,Minnesota Twins,MIN,4,True,144,Atlanta Braves,ATL,2,False,669221,Sean Murphy,Sean,Murphy,12,1994-10-04,31,"6' 3""",228,2,Catcher,R,Right,R,Right,,,,,,,,,,,,,,,,,,,,,,,,,,
2026-08-17,823668,,/api/v1.1/game/823668/feed/live,R,2026,2026-08-17,,night,P,N,N,Regular Season,1,3,1,Final,Final,3312,Target Field,142,Minnesota Twins,MIN,4,True,144,Atlanta Braves,ATL,2,False,660670,Ronald Acuña Jr.,Ronald,Acuña,13,1997-12-18,28,"6' 0""",205,9,Outfielder,R,Right,R,Right,"1-4 | 3 K, 2 RBI",,4,1,0,0,0,2,0,3,0,0,0,0,4,1,,,,,,,,,,
2026-08-17,823668,,/api/v1.1/game/823668/feed/live,R,2026,2026-08-17,,night,P,N,N,Regular Season,1,3,1,Final,Final,3312,Target Field,142,Minnesota Twins,MIN,4,True,144,Atlanta Braves,ATL,2,False,641755,Tyler Kinley,Tyler,Kinley,45,1991-01-31,35,"6' 4""",220,1,Pitcher,R,Right,R,Right,"0.2 IP, 0 ER, K, BB",,,,,,,,,,,,,,,,0.2,0,0,0,1,1,18,0,0,0
2026-08-17,823668,,/api/v1.1/game/823668/feed/live,R,2026,2026-08-17,,night,P,N,N,Regular Season,1,3,1,Final,Final,3312,Target Field,142,Minnesota Twins,MIN,4,True,144,Atlanta Braves,ATL,2,False,678061,Ray Kerr,Raymond,Kerr,62,1994-09-10,31,"6' 3""",185,1,Pitcher,L,Left,L,Left,"1.1 IP, 0 ER, 0 K, 0 BB",,,,,,,,,,,,,,,,1.1,0,1,0,0,0,21,0,0,0
2026-08-17,823668,,/api/v1.1/game/823668/feed/live,R,2026,2026-08-17,,night,P,N,N,Regular Season,1,3,1,Final,Final,3312,Target Field,142,Minnesota Twins,MIN,4,True,144,Atlanta Braves,ATL,2,False,645277,Ozzie Albies,Ozhaino,Albies,1,1997-01-07,29,"5' 7""",165,4,Second Base,S,Switch,R,Right,1-4 | K,,4,1,0,0,0,0,0,1,0,0,0,0,4,1,,,,,,,,,,
2026-08-17,823668,,/api/v1.1/game/823668/feed/live,R,2026,2026-08-17,,night,P,N,N,Regular Season,1,3,1,Final,Final,3312,Target Field,142,Minnesota Twins,MIN,4,True,144,Atlanta Braves,ATL,2,False,628452,Raisel Iglesias,Raisel,Iglesias,26,1990-01-04,36,"6' 2""",190,1,Pitcher,R,Right,R,Right,,,,,,,,,,,,,,,,,,,,,,,,,,
2026-08-17,823668,,/api/v1.1/game/823668/feed/live,R,2026,2026-08-17,,night,P,N,N,Regular Season,1,3,1,Final,Final,3312,Target Field,142,Minnesota Twins,MIN,4,True,144,Atlanta Braves,ATL,2,False,663586,Austin Riley,Michael,Riley,27,1997-04-02,29,"6' 1""",225,5,Third Base,R,Right,R,Right,"1-4 | 2 K, R",,4,1,0,0,0,0,1,2,0,0,0,0,4,1,,,,,,,,,,
2026-08-17,823668,,/api/v1.1/game/823668/feed/live,R,2026,2026-08-17,,night,P,N,N,Regular Season,1,3,1,Final,Final,3312,Target Field,142,Minnesota Twins,MIN,4,True,144,Atlanta Braves,ATL,2,False,656550,Grant Holmes,Harrison,Holmes,66,1996-03-22,30,"6' 0""",226,1,Pitcher,L,Left,R,Right,,,,,,,,,,,,,,,,,,,,,,,,,,
2026-08-17,823668,,/api/v1.1/game/823668/feed/live,R,2026,2026-08-17,,night,P,N,N,Regular Season,1,3,1,Final,Final,3312,Target Field,142,Minnesota Twins,MIN,4,True,144,Atlanta Braves,ATL,2,False,573262,Mike Yastrzemski,Michael,Yastrzemski,18,1990-08-23,35,"5' 10""",180,7,Outfielder,L,Left,L,Left,0-3 | BB,,3,0,0,0,0,0,0,0,1,0,0,0,4,0,,,,,,,,,,
2026-08-17,823668,,/api/v1.1/game/823668/feed/live,R,2026,2026-08-17,,night,P,N,N,Regular Season,1,3,1,Final,Final,3312,Target Field,142,Minnesota Twins,MIN,4,True,144,Atlanta Braves,ATL,2,False,673490,Ha-Seong Kim,Ha-Seong,Kim,7,1995-10-17,30,"5' 10""",200,6,Shortstop,R,Right,R,Right,,,,,,,,,,,,,,,,,,,,,,,,,,
2026-08-17,823668,,/api/v1.1/game/823668/feed/live,R,2026,2026-08-17,,night,P,N,N,Regular Season,1,3,1,Final,Final,3312,Target Field,142,Minnesota Twins,MIN,4,True,144,Atlanta Braves,ATL,2,False,657041,Lane Thomas,Lane,Thomas,20,1995-08-23,30,"5' 11""",195,8,Outfielder,R,Right,R,Right,,,,,,,,,,,,,,,,,,,,,,,,,,
2026-08-17,823668,,/api/v1.1/game/823668/feed/live,R,2026,2026-08-17,,night,P,N,N,Regular Season,1,3,1,Final,Final,3312,Target Field,142,Minnesota Twins,MIN,4,True,144,Atlanta Braves,ATL,2,False,608718,Brent Suter,Brent,Suter,39,1989-08-29,36,"6' 4""",213,1,Pitcher,L,Left,L,Left,,,,,,,,,,,,,,,,,,,,,,,,,,
2026-08-17,823668,,/api/v1.1/game/823668/feed/live,R,2026,2026-08-17,,night,P,N,N,Regular Season,1,3,1,Final,Final,3312,Target Field,142,Minnesota Twins,MIN,4,True,144,Atlanta Braves,ATL,2,False,693821,Bryce Elder,Bryce,Elder,55,1999-05-19,27,"6' 2""",220,1,Pitcher,R,Right,R,Right,,,,,,,,,,,,,,,,,,,,,,,,,,
2026-08-17,823668,,/api/v1.1/game/823668/feed/live,R,2026,2026-08-17,,night,P,N,N,Regular Season,1,3,1,Final,Final,3312,Target Field,142,Minnesota Twins,MIN,4,True,144,Atlanta Braves,ATL,2,False,527048,Martín Pérez,Martín,Pérez,33,1991-04-04,35,"6' 0""",210,1,Pitcher,L,Left,L,Left,"5.0 IP, 4 ER, 3 K, 2 BB",,,,,,,,,,,,,,,,5.0,4,9,0,3,2,82,0,1,0
2026-08-17,824641,,/api/v1.1/game/824641/feed/live,R,2026,2026-08-17,,night,P,N,N,Regular Season,1,3,1,Final,Final,17,Wrigley Field,112,Chicago Cubs,CHC,7,True,145,Chicago White Sox,CWS,5,False,621438,Tyrone Taylor,Tyrone,Taylor,55,1994-01-22,32,"6' 0""",218,7,Outfielder,R,Right,R,Right,0-0 | R,,0,0,0,0,0,0,1,0,0,0,0,0,0,0,,,,,,,,,,
2026-08-17,824641,,/api/v1.1/game/824641/feed/live,R,2026,2026-08-17,,night,P,N,N,Regular Season,1,3,1,Final,Final,17,Wrigley Field,112,Chicago Cubs,CHC,7,True,145,Chicago White Sox,CWS,5,False,624424,Michael Conforto,Michael,Conforto,20,1993-03-01,33,"5' 11""",215,10,Designated Hitter,L,Left,R,Right,0-2,,2,0,0,0,0,0,0,0,0,0,0,0,2,0,,,,,,,,,,
2026-08-17,824641,,/api/v1.1/game/824641/feed/live,R,2026,2026-08-17,,night,P,N,N,Regular Season,1,3,1,Final,Final,17,Wrigley Field,112,Chicago Cubs,CHC,7,True,145,Chicago White Sox,CWS,5,False,664023,Ian Happ,Ian,Happ,8,1994-08-12,32,"5' 10""",205,7,Outfielder,S,Switch,R,Right,"1-3 | BB, R",,3,1,0,0,0,0,1,0,1,0,0,0,5,1,,,,,,,,,,
2026-08-17,824641,,/api/v1.1/game/824641/feed/live,R,2026,2026-08-17,,night,P,N,N,Regular Season,1,3,1,Final,Final,17,Wrigley Field,112,Chicago Cubs,CHC,7,True,145,Chicago White Sox,CWS,5,False,665871,Javier Assad,Javier,Assad,72,1997-07-30,29,"6' 1""",200,1,Pitcher,R,Right,R,Right,,,,,,,,,,,,,,,,,,,,,,,,,,
2026-08-17,824641,,/api/v1.1/game/824641/feed/live,R,2026,2026-08-17,,night,P,N,N,Regular Season,1,3,1,Final,Final,17,Wrigley Field,112,Chicago Cubs,CHC,7,True,145,Chicago White Sox,CWS,5,False,573204,Caleb Thielbar,Caleb,Thielbar,24,1987-01-31,39,"6' 0""",205,1,Pitcher,R,Right,L,Left,,,,,,,,,,,,,,,,,,,,,,,,,,
2026-08-17,824641,,/api/v1.1/game/824641/feed/live,R,2026,2026-08-17,,night,P,N,N,Regular Season,1,3,1,Final,Final,17,Wrigley Field,112,Chicago Cubs,CHC,7,True,145,Chicago White Sox,CWS,5,False,684007,Shota Imanaga,Shota,Imanaga,18,1993-09-01,32,"5' 10""",175,1,Pitcher,L,Left,L,Left,"6.0 IP, 3 ER, 10 K, 3 BB",,,,,,,,,,,,,,,,6.0,3,2,1,10,3,96,0,0,0
2026-08-17,824641,,/api/v1.1/game/824641/feed/live,R,2026,2026-08-17,,night,P,N,N,Regular Season,1,3,1,Final,Final,17,Wrigley Field,112,Chicago Cubs,CHC,7,True,145,Chicago White Sox,CWS,5,False,608324,Alex Bregman,Alexander,Bregman,3,1994-03-30,32,"5' 10""",190,5,Third Base,R,Right,R,Right,"3-4 | 2B, BB",,4,3,1,0,0,0,0,0,1,0,0,0,5,4,,,,,,,,,,
2026-08-17,824641,,/api/v1.1/game/824641/feed/live,R,2026,2026-08-17,,night,P,N,N,Regular Season,1,3,1,Final,Final,17,Wrigley Field,112,Chicago Cubs,CHC,7,True,145,Chicago White Sox,CWS,5,False,699393,Pedro Ramírez,Pedro,Ramírez,75,2004-04-01,22,"5' 9""",165,4,Second Base,S,Switch,R,Right,"0-4 | BB, K",,4,0,0,0,0,0,0,1,1,0,0,0,5,0,,,,,,,,,,
2026-08-17,824641,,/api/v1.1/game/824641/feed/live,R,2026,2026-08-17,,night,P,N,N,Regular Season,1,3,1,Final,Final,17,Wrigley Field,112,Chicago Cubs,CHC,7,True,145,Chicago White Sox,CWS,5,False,683737,Michael Busch,Michael,Busch,29,1997-11-09,28,"5' 11""",210,3,First Base,L,Left,R,Right,0-5,,5,0,0,0,0,0,0,0,0,0,0,0,5,0,,,,,,,,,,
2026-08-17,824641,,/api/v1.1/game/824641/feed/live,R,2026,2026-08-17,,night,P,N,N,Regular Season,1,3,1,Final,Final,17,Wrigley Field,112,Chicago Cubs,CHC,7,True,145,Chicago White Sox,CWS,5,False,608348,Carson Kelly,Carson,Kelly,15,1994-07-14,32,"6' 1""",212,2,Catcher,R,Right,R,Right,1-5 | R,,5,1,0,0,0,0,1,0,0,0,0,0,5,1,,,,,,,,,,
2026-08-17,824641,,/api/v1.1/game/824641/feed/live,R,2026,2026-08-17,,night,P,N,N,Regular Season,1,3,1,Final,Final,17,Wrigley Field,112,Chicago Cubs,CHC,7,True,145,Chicago White Sox,CWS,5,False,691718,Pete Crow-Armstrong,Pete,Crow-Armstrong,4,2002-03-25,24,"6' 0""",184,8,Outfielder,L,Left,L,Left,"4-5 | 2 HR, 2B, BB",,5,4,1,0,2,3,2,1,1,1,0,0,6,11,,,,,,,,,,
2026-08-17,824641,,/api/v1.1/game/824641/feed/live,R,2026,2026-08-17,,night,P,N,N,Regular Season,1,3,1,Final,Final,17,Wrigley Field,112,Chicago Cubs,CHC,7,True,145,Chicago White Sox,CWS,5,False,592332,Kevin Gausman,Kevin,Gausman,12,1991-01-06,35,"6' 2""",205,1,Pitcher,L,Left,R,Right,,,,,,,,,,,,,,,,,,,,,,,,,,
2026-08-17,824641,,/api/v1.1/game/824641/feed/live,R,2026,2026-08-17,,night,P,N,N,Regular Season,1,3,1,Final,Final,17,Wrigley Field,112,Chicago Cubs,CHC,7,True,145,Chicago White Sox,CWS,5,False,657097,Jacob Webb,Jacob,Webb,71,1993-08-15,33,"6' 2""",210,1,Pitcher,R,Right,R,Right,"1.0 IP, 0 ER, 2 K, 2 BB",,,,,,,,,,,,,,,,1.0,0,0,0,2,2,22,1,0,0
2026-08-17,824641,,/api/v1.1/game/824641/feed/live,R,2026,2026-08-17,,night,P,N,N,Regular Season,1,3,1,Final,Final,17,Wrigley Field,112,Chicago Cubs,CHC,7,True,145,Chicago White Sox,CWS,5,False,665804,Miguel Amaya,Miguel,Amaya,9,1999-03-09,27,"6' 1""",230,2,Catcher,R,Right,R,Right,0-1 | K,,1,0,0,0,0,0,0,1,0,0,0,0,1,0,,,,,,,,,,
2026-08-17,824641,,/api/v1.1/game/824641/feed/live,R,2026,2026-08-17,,night,P,N,N,Regular Season,1,3,1,Final,Final,17,Wrigley Field,112,Chicago Cubs,CHC,7,True,145,Chicago White Sox,CWS,5,False,673548,Seiya Suzuki,Seiya,Suzuki,27,1994-08-18,32,"5' 11""",182,9,Outfielder,R,Right,R,Right,"1-4 | HR, BB, 2 K",,4,1,0,0,1,1,2,2,1,0,0,0,5,4,,,,,,,,,,
2026-08-17,824641,,/api/v1.1/game/824641/feed/live,R,2026,2026-08-17,,night,P,N,N,Regular Season,1,3,1,Final,Final,17,Wrigley Field,112,Chicago Cubs,CHC,7,True,145,Chicago White Sox,CWS,5,False,650644,Aaron Civale,Aaron,Civale,38,1995-06-12,31,"6' 1""",245,1,Pitcher,R,Right,R,Right,,,,,,,,,,,,,,,,,,,,,,,,,,
2026-08-17,824641,,/api/v1.1/game/824641/feed/live,R,2026,2026-08-17,,night,P,N,N,Regular Season,1,3,1,Final,Final,17,Wrigley Field,112,Chicago Cubs,CHC,7,True,145,Chicago White Sox,CWS,5,False,666171,Ryan Zeferjahn,Ryan,Zeferjahn,56,1998-02-28,28,"6' 5""",209,1,Pitcher,R,Right,R,Right,"1.0 IP, 2 ER, K, BB",,,,,,,,,,,,,,,,1.0,2,2,1,1,1,24,0,0,0
2026-08-17,824641,,/api/v1.1/game/824641/feed/live,R,2026,2026-08-17,,night,P,N,N,Regular Season,1,3,1,Final,Final,17,Wrigley Field,112,Chicago Cubs,CHC,7,True,145,Chicago White Sox,CWS,5,False,656849,David Peterson,David,Peterson,19,1995-09-03,30,"6' 6""",240,1,Pitcher,L,Left,L,Left,"1.1 IP, 0 ER, K, BB",,,,,,,,,,,,,,,,1.1,0,0,0,1,1,22,0,0,0
2026-08-17,824641,,/api/v1.1/game/824641/feed/live,R,2026,2026-08-17,,night,P,N,N,Regular Season,1,3,1,Final,Final,17,Wrigley Field,112,Chicago Cubs,CHC,7,True,145,Chicago White Sox,CWS,5,False,669020,Ryan Rolison,Ryan,Rolison,33,1997-07-11,29,"6' 2""",213,1,Pitcher,R,Right,L,Left,"0.2 IP, 0 ER, 0 K, BB",,,,,,,,,,,,,,,,0.2,0,0,0,0,1,15,0,0,0
2026-08-17,824641,,/api/v1.1/game/824641/feed/live,R,2026,2026-08-17,,night,P,N,N,Regular Season,1,3,1,Final,Final,17,Wrigley Field,112,Chicago Cubs,CHC,7,True,145,Chicago White Sox,CWS,5,False,680911,Owen Miller,Owen,Miller,66,1996-11-15,29,"5' 11""",197,4,Second Base,R,Right,R,Right,0-0,,0,0,0,0,0,0,0,0,0,0,0,0,0,0,,,,,,,,,,
2026-08-17,824641,,/api/v1.1/game/824641/feed/live,R,2026,2026-08-17,,night,P,N,N,Regular Season,1,3,1,Final,Final,17,Wrigley Field,112,Chicago Cubs,CHC,7,True,145,Chicago White Sox,CWS,5,False,663423,Trent Thornton,Trent,Thornton,49,1993-09-30,32,"6' 0""",190,1,Pitcher,R,Right,R,Right,,,,,,,,,,,,,,,,,,,,,,,,,,
2026-08-17,824641,,/api/v1.1/game/824641/feed/live,R,2026,2026-08-17,,night,P,N,N,Regular Season,1,3,1,Final,Final,17,Wrigley Field,112,Chicago Cubs,CHC,7,True,145,Chicago White Sox,CWS,5,False,605280,Clay Holmes,Clayton,Holmes,25,1993-03-27,33,"6' 5""",245,1,Pitcher,R,Right,R,Right,,,,,,,,,,,,,,,,,,,,,,,,,,
2026-08-17,824641,,/api/v1.1/game/824641/feed/live,R,2026,2026-08-17,,night,P,N,N,Regular Season,1,3,1,Final,Final,17,Wrigley Field,112,Chicago Cubs,CHC,7,True,145,Chicago White Sox,CWS,5,False,571510,Matthew Boyd,Matthew,Boyd,16,1991-02-02,35,"6' 3""",223,1,Pitcher,L,Left,L,Left,,,,,,,,,,,,,,,,,,,,,,,,,,
2026-08-17,824641,,/api/v1.1/game/824641/feed/live,R,2026,2026-08-17,,night,P,N,N,Regular Season,1,3,1,Final,Final,17,Wrigley Field,112,Chicago Cubs,CHC,7,True,145,Chicago White Sox,CWS,5,False,682634,Kevin Alcántara,Kevin,Alcantara,13,2002-07-12,24,"6' 6""",188,O,Outfield,R,Right,R,Right,0-2 | K,,2,0,0,0,0,0,0,1,0,0,0,0,2,0,,,,,,,,,,
2026-08-17,824641,,/api/v1.1/game/824641/feed/live,R,2026,2026-08-17,,night,P,N,N,Regular Season,1,3,1,Final,Final,17,Wrigley Field,112,Chicago Cubs,CHC,7,True,145,Chicago White Sox,CWS,5,False,607067,Colin Rea,Colin,Rea,53,1990-07-01,36,"6' 5""",220,1,Pitcher,R,Right,R,Right,,,,,,,,,,,,,,,,,,,,,,,,,,
2026-08-17,824641,,/api/v1.1/game/824641/feed/live,R,2026,2026-08-17,,night,P,N,N,Regular Season,1,3,1,Final,Final,17,Wrigley Field,112,Chicago Cubs,CHC,7,True,145,Chicago White Sox,CWS,5,False,663538,Nico Hoerner,Nicholas,Hoerner,2,1997-05-13,29,"5' 11""",200,4,Second Base,R,Right,R,Right,4-5 | 2 RBI,,5,4,0,0,0,2,0,0,0,0,0,0,5,4,,,,,,,,,,
2026-08-17,824641,,/api/v1.1/game/824641/feed/live,R,2026,2026-08-17,,night,P,N,N,Regular Season,1,3,1,Final,Final,17,Wrigley Field,112,Chicago Cubs,CHC,7,True,145,Chicago White Sox,CWS,5,False,671976,Tristan Peters,Tristan,Peters,29,2000-02-29,26,"6' 0""",180,8,Outfielder,L,Left,R,Right,0-2,,2,0,0,0,0,0,0,0,0,0,0,0,2,0,,,,,,,,,,
2026-08-17,824641,,/api/v1.1/game/824641/feed/live,R,2026,2026-08-17,,night,P,N,N,Regular Season,1,3,1,Final,Final,17,Wrigley Field,112,Chicago Cubs,CHC,7,True,145,Chicago White Sox,CWS,5,False,641743,Anthony Kay,Anthony,Kay,18,1995-03-21,31,"6' 0""",225,1,Pitcher,L,Left,L,Left,,,,,,,,,,,,,,,,,,,,,,,,,,
2026-08-17,824641,,/api/v1.1/game/824641/feed/live,R,2026,2026-08-17,,night,P,N,N,Regular Season,1,3,1,Final,Final,17,Wrigley Field,112,Chicago Cubs,CHC,7,True,145,Chicago White Sox,CWS,5,False,682668,Luisangel Acuña,Luisangel,Acuña,0,2002-03-12,24,"5' 7""",181,6,Shortstop,R,Right,R,Right,"0-3 | BB, K",,3,0,0,0,0,0,0,1,1,0,0,0,4,0,,,,,,,,,,
2026-08-17,824641,,/api/v1.1/game/824641/feed/live,R,2026,2026-08-17,,night,P,N,N,Regular Season,1,3,1,Final,Final,17,Wrigley Field,112,Chicago Cubs,CHC,7,True,145,Chicago White Sox,CWS,5,False,623211,Huascar Brazobán,Huascar,Brazobán,50,1989-10-15,36,"6' 3""",155,1,Pitcher,R,Right,R,Right,,,,,,,,,,,,,,,,,,,,,,,,,,
2026-08-17,824641,,/api/v1.1/game/824641/feed/live,R,2026,2026-08-17,,night,P,N,N,Regular Season,1,3,1,Final,Final,17,Wrigley Field,112,Chicago Cubs,CHC,7,True,145,Chicago White Sox,CWS,5,False,545341,Randal Grichuk,Randal,Grichuk,34,1991-08-13,35,"6' 0""",210,10,Designated Hitter,R,Right,R,Right,"1-3 | HR, K, 3 RBI",,3,1,0,0,1,3,1,1,0,0,0,0,3,4,,,,,,,,,,
2026-08-17,824641,,/api/v1.1/game/824641/feed/live,R,2026,2026-08-17,,night,P,N,N,Regular Season,1,3,1,Final,Final,17,Wrigley Field,112,Chicago Cubs,CHC,7,True,145,Chicago White Sox,CWS,5,False,808959,Munetaka Murakami,Munetaka,Murakami,5,2000-02-02,26,"6' 2""",213,3,First Base,L,Left,R,Right,"0-2 | 3 BB, K, 2 R",,2,0,0,0,0,0,2,1,3,0,0,0,5,0,,,,,,,,,,
2026-08-17,824641,,/api/v1.1/game/824641/feed/live,R,2026,2026-08-17,,night,P,N,N,Regular Season,1,3,1,Final,Final,17,Wrigley Field,112,Chicago Cubs,CHC,7,True,145,Chicago White Sox,CWS,5,False,805367,Chase Meidroth,Chase,Meidroth,10,2001-07-23,25,"5' 9""",190,4,Second Base,R,Right,R,Right,0-5 | 4 K,,5,0,0,0,0,0,0,4,0,0,0,0,5,0,,,,,,,,,,
2026-08-17,824641,,/api/v1.1/game/824641/feed/live,R,2026,2026-08-17,,night,P,N,N,Regular Season,1,3,1,Final,Final,17,Wrigley Field,112,Chicago Cubs,CHC,7,True,145,Chicago White Sox,CWS,5,False,691799,Grant Taylor,Grant,Taylor,31,2002-05-20,24,"6' 3""",230,1,Pitcher,R,Right,R,Right,,,,,,,,,,,,,,,,,,,,,,,,,,
2026-08-17,824641,,/api/v1.1/game/824641/feed/live,R,2026,2026-08-17,,night,P,N,N,Regular Season,1,3,1,Final,Final,17,Wrigley Field,112,Chicago Cubs,CHC,7,True,145,Chicago White Sox,CWS,5,False,695657,Colson Montgomery,Colson,Montgomery,12,2002-02-27,24,"6' 3""",230,6,Shortstop,L,Left,R,Right,,,,,,,,,,,,,,,,,,,,,,,,,,
2026-08-17,824641,,/api/v1.1/game/824641/feed/live,R,2026,2026-08-17,,night,P,N,N,Regular Season,1,3,1,Final,Final,17,Wrigley Field,112,Chicago Cubs,CHC,7,True,145,Chicago White Sox,CWS,5,False,805326,Tyler Schweitzer,Tyler,Schweitzer,62,2000-09-19,25,"6' 0""",185,1,Pitcher,L,Left,L,Left,"1.2 IP, 0 ER, 2 K, BB",,,,,,,,,,,,,,,,1.2,0,2,0,2,1,28,0,0,0
2026-08-17,824641,,/api/v1.1/game/824641/feed/live,R,2026,2026-08-17,,night,P,N,N,Regular Season,1,3,1,Final,Final,17,Wrigley Field,112,Chicago Cubs,CHC,7,True,145,Chicago White Sox,CWS,5,False,670950,Trevor Richards,Trevor,Richards,43,1993-05-15,33,"6' 2""",205,1,Pitcher,R,Right,R,Right,"1.1 IP, 0 ER, K, 0 BB",,,,,,,,,,,,,,,,1.1,0,2,0,1,0,19,0,0,0
2026-08-17,824641,,/api/v1.1/game/824641/feed/live,R,2026,2026-08-17,,night,P,N,N,Regular Season,1,3,1,Final,Final,17,Wrigley Field,112,Chicago Cubs,CHC,7,True,145,Chicago White Sox,CWS,5,False,691011,Drew Romo,Drew,Romo,36,2001-08-29,24,"6' 0""",205,2,Catcher,S,Switch,R,Right,,,,,,,,,,,,,,,,,,,,,,,,,,
2026-08-17,824641,,/api/v1.1/game/824641/feed/live,R,2026,2026-08-17,,night,P,N,N,Regular Season,1,3,1,Final,Final,17,Wrigley Field,112,Chicago Cubs,CHC,7,True,145,Chicago White Sox,CWS,5,False,695731,Braden Montgomery,Braden,Montgomery,24,2003-04-16,23,"6' 2""",220,9,Outfielder,S,Switch,R,Right,"1-4 | BB, K",,4,1,0,0,0,0,0,1,1,0,0,0,5,1,,,,,,,,,,
2026-08-17,824641,,/api/v1.1/game/824641/feed/live,R,2026,2026-08-17,,night,P,N,N,Regular Season,1,3,1,Final,Final,17,Wrigley Field,112,Chicago Cubs,CHC,7,True,145,Chicago White Sox,CWS,5,False,668670,Jake Rogers,Jacob,Rogers,28,1995-04-18,31,"5' 11""",201,2,Catcher,R,Right,R,Right,"0-2 | 2 BB, K",,2,0,0,0,0,0,0,1,2,0,0,1,4,0,,,,,,,,,,
2026-08-17,824641,,/api/v1.1/game/824641/feed/live,R,2026,2026-08-17,,night,P,N,N,Regular Season,1,3,1,Final,Final,17,Wrigley Field,112,Chicago Cubs,CHC,7,True,145,Chicago White Sox,CWS,5,False,696146,Hagen Smith,Hagen,Smith,32,2003-08-19,22,"6' 3""",235,1,Pitcher,L,Left,L,Left,"0.0 IP, ER, 0 K, 0 BB",,,,,,,,,,,,,,,,0.0,1,1,1,0,0,4,0,1,0
2026-08-17,824641,,/api/v1.1/game/824641/feed/live,R,2026,2026-08-17,,night,P,N,N,Regular Season,1,3,1,Final,Final,17,Wrigley Field,112,Chicago Cubs,CHC,7,True,145,Chicago White Sox,CWS,5,False,643217,Andrew Benintendi,Andrew,Benintendi,23,1994-07-06,32,"5' 9""",185,10,Designated Hitter,L,Left,L,Left,"1-2 | HR, K, 2 RBI",,2,1,0,0,1,2,1,1,0,0,0,0,2,4,,,,,,,,,,
2026-08-17,824641,,/api/v1.1/game/824641/feed/live,R,2026,2026-08-17,,night,P,N,N,Regular Season,1,3,1,Final,Final,17,Wrigley Field,112,Chicago Cubs,CHC,7,True,145,Chicago White Sox,CWS,5,False,622491,Luis Castillo,Luis,Castillo,58,1992-12-12,33,"6' 2""",200,1,Pitcher,R,Right,R,Right,"4.2 IP, 3 ER, K, BB",,,,,,,,,,,,,,,,4.2,3,8,2,1,1,99,0,0,0
2026-08-17,824641,,/api/v1.1/game/824641/feed/live,R,2026,2026-08-17,,night,P,N,N,Regular Season,1,3,1,Final,Final,17,Wrigley Field,112,Chicago Cubs,CHC,7,True,145,Chicago White Sox,CWS,5,False,680732,Sean Burke,Sean,Burke,59,1999-12-18,26,"6' 6""",240,1,Pitcher,R,Right,R,Right,,,,,,,,,,,,,,,,,,,,,,,,,,
2026-08-17,824641,,/api/v1.1/game/824641/feed/live,R,2026,2026-08-17,,night,P,N,N,Regular Season,1,3,1,Final,Final,17,Wrigley Field,112,Chicago Cubs,CHC,7,True,145,Chicago White Sox,CWS,5,False,664353,José Urquidy,José,Urquidy,70,1995-05-01,31,"6' 0""",225,1,Pitcher,R,Right,R,Right,,,,,,,,,,,,,,,,,,,,,,,,,,
2026-08-17,824641,,/api/v1.1/game/824641/feed/live,R,2026,2026-08-17,,night,P,N,N,Regular Season,1,3,1,Final,Final,17,Wrigley Field,112,Chicago Cubs,CHC,7,True,145,Chicago White Sox,CWS,5,False,686668,Brenton Doyle,Brenton,Doyle,7,1998-05-14,28,"6' 3""",223,8,Outfielder,R,Right,R,Right,0-3 | K,,3,0,0,0,0,0,0,1,0,0,0,0,3,0,,,,,,,,,,
2026-08-17,824641,,/api/v1.1/game/824641/feed/live,R,2026,2026-08-17,,night,P,N,N,Regular Season,1,3,1,Final,Final,17,Wrigley Field,112,Chicago Cubs,CHC,7,True,145,Chicago White Sox,CWS,5,False,663542,Bryan Hudson,Bryan,Hudson,60,1997-05-08,29,"6' 8""",248,1,Pitcher,L,Left,L,Left,,,,,,,,,,,,,,,,,,,,,,,,,,
2026-08-17,824641,,/api/v1.1/game/824641/feed/live,R,2026,2026-08-17,,night,P,N,N,Regular Season,1,3,1,Final,Final,17,Wrigley Field,112,Chicago Cubs,CHC,7,True,145,Chicago White Sox,CWS,5,False,607200,Erick Fedde,Erick,Fedde,47,1993-02-25,33,"6' 4""",205,1,Pitcher,R,Right,R,Right,,,,,,,,,,,,,,,,,,,,,,,,,,
2026-08-17,824641,,/api/v1.1/game/824641/feed/live,R,2026,2026-08-17,,night,P,N,N,Regular Season,1,3,1,Final,Final,17,Wrigley Field,112,Chicago Cubs,CHC,7,True,145,Chicago White Sox,CWS,5,False,656794,Sean Newcomb,Sean,Newcomb,15,1993-06-12,33,"6' 5""",255,1,Pitcher,L,Left,L,Left,,,,,,,,,,,,,,,,,,,,,,,,,,
2026-08-17,824641,,/api/v1.1/game/824641/feed/live,R,2026,2026-08-17,,night,P,N,N,Regular Season,1,3,1,Final,Final,17,Wrigley Field,112,Chicago Cubs,CHC,7,True,145,Chicago White Sox,CWS,5,False,663855,Jordan Hicks,Jordan,Hicks,44,1996-09-06,29,"6' 2""",217,1,Pitcher,R,Right,R,Right,"1.1 IP, ER, 2 K, 3 BB",,,,,,,,,,,,,,,,1.1,1,1,0,2,3,30,0,0,0
2026-08-17,824641,,/api/v1.1/game/824641/feed/live,R,2026,2026-08-17,,night,P,N,N,Regular Season,1,3,1,Final,Final,17,Wrigley Field,112,Chicago Cubs,CHC,7,True,145,Chicago White Sox,CWS,5,False,803011,Sam Antonacci,Samuel,Antonacci,17,2003-02-06,23,"5' 11""",193,7,Outfielder,L,Left,R,Right,"0-3 | HBP, K",,3,0,0,0,0,0,0,1,0,0,0,0,4,0,,,,,,,,,,
2026-08-17,824641,,/api/v1.1/game/824641/feed/live,R,2026,2026-08-17,,night,P,N,N,Regular Season,1,3,1,Final,Final,17,Wrigley Field,112,Chicago Cubs,CHC,7,True,145,Chicago White Sox,CWS,5,False,678246,Miguel Vargas,Miguel,Vargas,20,1999-11-17,26,"6' 2""",225,5,Third Base,R,Right,R,Right,"1-4 | BB, 2 K, R",,4,1,0,0,0,0,1,2,1,0,0,0,5,1,,,,,,,,,,
2026-08-17,824320,,/api/v1.1/game/824320/feed/live,R,2026,2026-08-17,,night,P,N,N,Regular Season,1,3,1,Final,Final,19,Coors Field,115,Colorado Rockies,COL,5,False,119,Los Angeles Dodgers,LAD,11,True,663372,Ryan Feltner,Ryan,Feltner,18,1996-09-02,29,"6' 4""",200,1,Pitcher,R,Right,R,Right,,,,,,,,,,,,,,,,,,,,,,,,,,
2026-08-17,824320,,/api/v1.1/game/824320/feed/live,R,2026,2026-08-17,,night,P,N,N,Regular Season,1,3,1,Final,Final,19,Coors Field,115,Colorado Rockies,COL,5,False,119,Los Angeles Dodgers,LAD,11,True,691182,Adael Amador,Adael,Amador,1,2003-04-11,23,"5' 11""",209,4,Second Base,S,Switch,R,Right,"1-3 | BB, K, RBI",,3,1,0,0,0,1,2,1,1,0,0,0,4,1,,,,,,,,,,
2026-08-17,824320,,/api/v1.1/game/824320/feed/live,R,2026,2026-08-17,,night,P,N,N,Regular Season,1,3,1,Final,Final,19,Coors Field,115,Colorado Rockies,COL,5,False,119,Los Angeles Dodgers,LAD,11,True,666160,Mickey Moniak,McKenzie,Moniak,22,1998-05-13,28,"6' 1""",209,7,Outfielder,L,Left,R,Right,,,,,,,,,,,,,,,,,,,,,,,,,,
2026-08-17,824320,,/api/v1.1/game/824320/feed/live,R,2026,2026-08-17,,night,P,N,N,Regular Season,1,3,1,Final,Final,19,Coors Field,115,Colorado Rockies,COL,5,False,119,Los Angeles Dodgers,LAD,11,True,669298,TJ Shook,Franklin,Shook,52,1998-05-29,28,"6' 4""",217,1,Pitcher,R,Right,R,Right,"2.0 IP, ER, K, BB",,,,,,,,,,,,,,,,2.0,1,2,0,1,1,34,0,0,0
2026-08-17,824320,,/api/v1.1/game/824320/feed/live,R,2026,2026-08-17,,night,P,N,N,Regular Season,1,3,1,Final,Final,19,Coors Field,115,Colorado Rockies,COL,5,False,119,Los Angeles Dodgers,LAD,11,True,623474,Jimmy Herget,Jimmy,Herget,44,1993-09-09,32,"6' 3""",183,1,Pitcher,R,Right,R,Right,,,,,,,,,,,,,,,,,,,,,,,,,,
2026-08-17,824320,,/api/v1.1/game/824320/feed/live,R,2026,2026-08-17,,night,P,N,N,Regular Season,1,3,1,Final,Final,19,Coors Field,115,Colorado Rockies,COL,5,False,119,Los Angeles Dodgers,LAD,11,True,664983,Jake McCarthy,Jacob,McCarthy,31,1997-07-30,29,"6' 0""",213,7,Outfielder,L,Left,L,Left,"0-3 | K, RBI, SB",,3,0,0,0,0,1,0,1,0,1,0,0,3,0,,,,,,,,,,
2026-08-17,824320,,/api/v1.1/game/824320/feed/live,R,2026,2026-08-17,,night,P,N,N,Regular Season,1,3,1,Final,Final,19,Coors Field,115,Colorado Rockies,COL,5,False,119,Los Angeles Dodgers,LAD,11,True,687859,Troy Johnston,Troy,Johnston,20,1997-06-22,29,"5' 11""",206,9,Outfielder,L,Left,L,Left,"1.0 IP, 0 ER, 0 K, BB",,,,,,,,,,,,,,,,1.0,0,0,0,0,1,21,0,0,0
2026-08-17,824320,,/api/v1.1/game/824320/feed/live,R,2026,2026-08-17,,night,P,N,N,Regular Season,1,3,1,Final,Final,19,Coors Field,115,Colorado Rockies,COL,5,False,119,Los Angeles Dodgers,LAD,11,True,607536,Kyle Freeland,Kyle,Freeland,21,1993-05-14,33,"6' 4""",202,1,Pitcher,L,Left,L,Left,,,,,,,,,,,,,,,,,,,,,,,,,,
2026-08-17,824320,,/api/v1.1/game/824320/feed/live,R,2026,2026-08-17,,night,P,N,N,Regular Season,1,3,1,Final,Final,19,Coors Field,115,Colorado Rockies,COL,5,False,119,Los Angeles Dodgers,LAD,11,True,650489,Willi Castro,Willi,Castro,3,1997-04-24,29,"6' 0""",209,4,Second Base,S,Switch,R,Right,"1-4 | K, R",,4,1,0,0,0,0,1,1,0,0,0,0,4,1,,,,,,,,,,
2026-08-17,824320,,/api/v1.1/game/824320/feed/live,R,2026,2026-08-17,,night,P,N,N,Regular Season,1,3,1,Final,Final,19,Coors Field,115,Colorado Rockies,COL,5,False,119,Los Angeles Dodgers,LAD,11,True,657514,Brennan Bernardino,Brennan,Bernardino,83,1992-01-15,34,"6' 4""",216,1,Pitcher,L,Left,L,Left,,,,,,,,,,,,,,,,,,,,,,,,,,
2026-08-17,824320,,/api/v1.1/game/824320/feed/live,R,2026,2026-08-17,,night,P,N,N,Regular Season,1,3,1,Final,Final,19,Coors Field,115,Colorado Rockies,COL,5,False,119,Los Angeles Dodgers,LAD,11,True,656786,Parker Mushinski,Parker,Mushinski,67,1995-11-22,30,"6' 0""",220,1,Pitcher,L,Left,L,Left,,,,,,,,,,,,,,,,,,,,,,,,,,
2026-08-17,824320,,/api/v1.1/game/824320/feed/live,R,2026,2026-08-17,,night,P,N,N,Regular Season,1,3,1,Final,Final,19,Coors Field,115,Colorado Rockies,COL,5,False,119,Los Angeles Dodgers,LAD,11,True,694249,Cole Carrigg,Cole,Carrigg,16,2002-05-08,24,"6' 2""",204,8,Outfielder,S,Switch,R,Right,0-4 | K,,4,0,0,0,0,0,0,1,0,0,0,0,4,0,,,,,,,,,,
2026-08-17,824320,,/api/v1.1/game/824320/feed/live,R,2026,2026-08-17,,night,P,N,N,Regular Season,1,3,1,Final,Final,19,Coors Field,115,Colorado Rockies,COL,5,False,119,Los Angeles Dodgers,LAD,11,True,675848,Juan Mejia,Juan,Mejia,47,2000-07-04,26,"6' 3""",210,1,Pitcher,R,Right,R,Right,"1.0 IP, 3 ER, 0 K, 0 BB",,,,,,,,,,,,,,,,1.0,3,5,1,0,0,33,0,0,0
2026-08-17,824320,,/api/v1.1/game/824320/feed/live,R,2026,2026-08-17,,night,P,N,N,Regular Season,1,3,1,Final,Final,19,Coors Field,115,Colorado Rockies,COL,5,False,119,Los Angeles Dodgers,LAD,11,True,696100,Hunter Goodman,Hunter,Goodman,15,1999-10-08,26,"5' 11""",220,2,Catcher,R,Right,R,Right,,,,,,,,,,,,,,,,,,,,,,,,,,
2026-08-17,824320,,/api/v1.1/game/824320/feed/live,R,2026,2026-08-17,,night,P,N,N,Regular Season,1,3,1,Final,Final,19,Coors Field,115,Colorado Rockies,COL,5,False,119,Los Angeles Dodgers,LAD,11,True,687312,Gabriel Hughes,Gabriel,Hughes,43,2001-08-22,24,"6' 4""",238,1,Pitcher,R,Right,R,Right,,,,,,,,,,,,,,,,,,,,,,,,,,
2026-08-17,824320,,/api/v1.1/game/824320/feed/live,R,2026,2026-08-17,,night,P,N,N,Regular Season,1,3,1,Final,Final,19,Coors Field,115,Colorado Rockies,COL,5,False,119,Los Angeles Dodgers,LAD,11,True,608372,Tomoyuki Sugano,Tomoyuki,Sugano,11,1989-10-11,36,"6' 1""",227,1,Pitcher,R,Right,R,Right,"5.0 IP, 6 ER, 3 K, BB",,,,,,,,,,,,,,,,5.0,6,7,2,3,1,89,0,1,0
2026-08-17,824320,,/api/v1.1/game/824320/feed/live,R,2026,2026-08-17,,night,P,N,N,Regular Season,1,3,1,Final,Final,19,Coors Field,115,Colorado Rockies,COL,5,False,119,Los Angeles Dodgers,LAD,11,True,687597,Jordan Beck,Jordan,Beck,27,2001-04-19,25,"6' 2""",227,7,Outfielder,R,Right,R,Right,0-5 | K,,5,0,0,0,0,0,0,1,0,0,0,0,5,0,,,,,,,,,,
2026-08-17,824320,,/api/v1.1/game/824320/feed/live,R,2026,2026-08-17,,night,P,N,N,Regular Season,1,3,1,Final,Final,19,Coors Field,115,Colorado Rockies,COL,5,False,119,Los Angeles Dodgers,LAD,11,True,664954,Brett Sullivan,Brett,Sullivan,26,1994-02-22,32,"5' 11""",190,2,Catcher,L,Left,R,Right,"1-2 | BB, RBI",,2,1,0,0,0,1,0,0,1,0,0,0,4,1,,,,,,,,,,
2026-08-17,824320,,/api/v1.1/game/824320/feed/live,R,2026,2026-08-17,,night,P,N,N,Regular Season,1,3,1,Final,Final,19,Coors Field,115,Colorado Rockies,COL,5,False,119,Los Angeles Dodgers,LAD,11,True,688642,Zach Agnos,Zachary,Agnos,36,2000-08-15,26,"6' 0""",225,1,Pitcher,R,Right,R,Right,,,,,,,,,,,,,,,,,,,,,,,,,,
2026-08-17,824320,,/api/v1.1/game/824320/feed/live,R,2026,2026-08-17,,night,P,N,N,Regular Season,1,3,1,Final,Final,19,Coors Field,115,Colorado Rockies,COL,5,False,119,Los Angeles Dodgers,LAD,11,True,685299,Tanner Gordon,Tanner,Gordon,29,1997-10-26,28,"6' 5""",220,1,Pitcher,L,Left,R,Right,,,,,,,,,,,,,,,,,,,,,,,,,,
2026-08-17,824320,,/api/v1.1/game/824320/feed/live,R,2026,2026-08-17,,night,P,N,N,Regular Season,1,3,1,Final,Final,19,Coors Field,115,Colorado Rockies,COL,5,False,119,Los Angeles Dodgers,LAD,11,True,678662,Ezequiel Tovar,Ezequiel,Tovar,14,2001-08-01,25,"6' 0""",192,6,Shortstop,R,Right,R,Right,"0-2 | BB, RBI",,2,0,0,0,0,1,0,0,1,0,0,0,4,0,,,,,,,,,,
2026-08-17,824320,,/api/v1.1/game/824320/feed/live,R,2026,2026-08-17,,night,P,N,N,Regular Season,1,3,1,Final,Final,19,Coors Field,115,Colorado Rockies,COL,5,False,119,Los Angeles Dodgers,LAD,11,True,681198,TJ Rumfield,Toby,Rumfield,7,2000-05-17,26,"6' 5""",238,3,First Base,L,Left,R,Right,"1-3 | HBP, R",,3,1,0,0,0,0,1,0,0,0,0,0,4,1,,,,,,,,,,
2026-08-17,824320,,/api/v1.1/game/824320/feed/live,R,2026,2026-08-17,,night,P,N,N,Regular Season,1,3,1,Final,Final,19,Coors Field,115,Colorado Rockies,COL,5,False,119,Los Angeles Dodgers,LAD,11,True,681393,Connor Norby,Connor,Norby,35,2000-06-08,26,"5' 10""",180,3,First Base,R,Right,R,Right,1-4 | R,,4,1,0,0,0,0,1,0,0,0,0,0,4,1,,,,,,,,,,
2026-08-17,824320,,/api/v1.1/game/824320/feed/live,R,2026,2026-08-17,,night,P,N,N,Regular Season,1,3,1,Final,Final,19,Coors Field,115,Colorado Rockies,COL,5,False,119,Los Angeles Dodgers,LAD,11,True,691728,Zac Veen,Zachary,Veen,13,2001-12-12,24,"6' 3""",243,7,Outfielder,L,Left,R,Right,"1-2 | 2B, K, RBI",,2,1,1,0,0,1,0,1,0,0,0,0,2,2,,,,,,,,,,
2026-08-17,824320,,/api/v1.1/game/824320/feed/live,R,2026,2026-08-17,,night,P,N,N,Regular Season,1,3,1,Final,Final,19,Coors Field,115,Colorado Rockies,COL,5,False,119,Los Angeles Dodgers,LAD,11,True,605447,Jordan Romano,Jordan,Romano,68,1993-04-21,33,"6' 5""",210,1,Pitcher,R,Right,R,Right,,,,,,,,,,,,,,,,,,,,,,,,,,
2026-08-17,824320,,/api/v1.1/game/824320/feed/live,R,2026,2026-08-17,,night,P,N,N,Regular Season,1,3,1,Final,Final,19,Coors Field,115,Colorado Rockies,COL,5,False,119,Los Angeles Dodgers,LAD,11,True,693308,Nick Frasso,Nicholas,Frasso,41,1998-10-18,27,"6' 5""",200,1,Pitcher,R,Right,R,Right,,,,,,,,,,,,,,,,,,,,,,,,,,
2026-08-17,824320,,/api/v1.1/game/824320/feed/live,R,2026,2026-08-17,,night,P,N,N,Regular Season,1,3,1,Final,Final,19,Coors Field,115,Colorado Rockies,COL,5,False,119,Los Angeles Dodgers,LAD,11,True,666163,Ben Rortvedt,Benjamin,Rortvedt,47,1997-09-25,28,"5' 10""",210,2,Catcher,L,Left,R,Right,0-1,,1,0,0,0,0,0,0,0,0,0,0,0,1,0,,,,,,,,,,
2026-08-17,824320,,/api/v1.1/game/824320/feed/live,R,2026,2026-08-17,,night,P,N,N,Regular Season,1,3,1,Final,Final,19,Coors Field,115,Colorado Rockies,COL,5,False,119,Los Angeles Dodgers,LAD,11,True,669373,Tarik Skubal,Tarik,Skubal,29,1996-11-20,29,"6' 3""",240,1,Pitcher,R,Right,L,Left,,,,,,,,,,,,,,,,,,,,,,,,,,
2026-08-17,824320,,/api/v1.1/game/824320/feed/live,R,2026,2026-08-17,,night,P,N,N,Regular Season,1,3,1,Final,Final,19,Coors Field,115,Colorado Rockies,COL,5,False,119,Los Angeles Dodgers,LAD,11,True,681911,Alex Vesia,Alexander,Vesia,51,1996-04-11,30,"6' 1""",209,1,Pitcher,L,Left,L,Left,"1.0 IP, 0 ER, 0 K, 0 BB",,,,,,,,,,,,,,,,1.0,0,0,0,0,0,10,0,0,0
2026-08-17,824320,,/api/v1.1/game/824320/feed/live,R,2026,2026-08-17,,night,P,N,N,Regular Season,1,3,1,Final,Final,19,Coors Field,115,Colorado Rockies,COL,5,False,119,Los Angeles Dodgers,LAD,11,True,663656,Kyle Tucker,Kyle,Tucker,23,1997-01-17,29,"6' 3""",212,9,Outfielder,L,Left,R,Right,0-5,,5,0,0,0,0,0,0,0,0,0,0,0,5,0,,,,,,,,,,
2026-08-17,824320,,/api/v1.1/game/824320/feed/live,R,2026,2026-08-17,,night,P,N,N,Regular Season,1,3,1,Final,Final,19,Coors Field,115,Colorado Rockies,COL,5,False,119,Los Angeles Dodgers,LAD,11,True,571771,Enrique Hernández,Enrique,Hernández,8,1991-08-24,34,"5' 10""",195,3,First Base,R,Right,R,Right,0-1,,1,0,0,0,0,0,0,0,0,0,0,0,1,0,,,,,,,,,,
2026-08-17,824320,,/api/v1.1/game/824320/feed/live,R,2026,2026-08-17,,night,P,N,N,Regular Season,1,3,1,Final,Final,19,Coors Field,115,Colorado Rockies,COL,5,False,119,Los Angeles Dodgers,LAD,11,True,571970,Max Muncy,Maxwell,Muncy,13,1990-08-25,35,"5' 10""",215,5,Third Base,L,Left,R,Right,"2-4 | HR, BB, 3 RBI",,4,2,0,0,1,3,2,0,1,0,0,0,5,5,,,,,,,,,,
2026-08-17,824320,,/api/v1.1/game/824320/feed/live,R,2026,2026-08-17,,night,P,N,N,Regular Season,1,3,1,Final,Final,19,Coors Field,115,Colorado Rockies,COL,5,False,119,Los Angeles Dodgers,LAD,11,True,518692,Freddie Freeman,Frederick,Freeman,5,1989-09-12,36,"6' 4""",220,3,First Base,L,Left,R,Right,"3-5 | 2 2B, RBI, 2 R",,5,3,2,0,0,1,2,0,0,0,0,0,5,5,,,,,,,,,,
2026-08-17,824320,,/api/v1.1/game/824320/feed/live,R,2026,2026-08-17,,night,P,N,N,Regular Season,1,3,1,Final,Final,19,Coors Field,115,Colorado Rockies,COL,5,False,119,Los Angeles Dodgers,LAD,11,True,683618,Edgardo Henriquez,Edgardo,Henriquez,60,2002-06-24,24,"6' 4""",200,1,Pitcher,R,Right,R,Right,,,,,,,,,,,,,,,,,,,,,,,,,,
2026-08-17,824320,,/api/v1.1/game/824320/feed/live,R,2026,2026-08-17,,night,P,N,N,Regular Season,1,3,1,Final,Final,19,Coors Field,115,Colorado Rockies,COL,5,False,119,Los Angeles Dodgers,LAD,11,True,641778,Eric Lauer,Eric,Lauer,33,1995-06-03,31,"6' 3""",209,1,Pitcher,R,Right,L,Left,,,,,,,,,,,,,,,,,,,,,,,,,,
2026-08-17,824320,,/api/v1.1/game/824320/feed/live,R,2026,2026-08-17,,night,P,N,N,Regular Season,1,3,1,Final,Final,19,Coors Field,115,Colorado Rockies,COL,5,False,119,Los Angeles Dodgers,LAD,11,True,656945,Tanner Scott,Tanner,Scott,66,1994-07-22,32,"6' 0""",235,1,Pitcher,R,Right,L,Left,,,,,,,,,,,,,,,,,,,,,,,,,,
2026-08-17,824320,,/api/v1.1/game/824320/feed/live,R,2026,2026-08-17,,night,P,N,N,Regular Season,1,3,1,Final,Final,19,Coors Field,115,Colorado Rockies,COL,5,False,119,Los Angeles Dodgers,LAD,11,True,676439,Hunter Feduccia,Hunter,Feduccia,46,1997-06-05,29,"6' 1""",215,2,Catcher,L,Left,R,Right,"0-4 | BB, K",,4,0,0,0,0,0,0,1,1,0,0,0,5,0,,,,,,,,,,
2026-08-17,824320,,/api/v1.1/game/824320/feed/live,R,2026,2026-08-17,,night,P,N,N,Regular Season,1,3,1,Final,Final,19,Coors Field,115,Colorado Rockies,COL,5,False,119,Los Angeles Dodgers,LAD,11,True,669242,Tommy Edman,Thomas,Edman,25,1995-05-09,31,"5' 10""",193,4,Second Base,S,Switch,R,Right,"1-4 | HBP, K, R",,4,1,0,0,0,0,1,1,0,0,0,0,5,1,,,,,,,,,,
2026-08-17,824320,,/api/v1.1/game/824320/feed/live,R,2026,2026-08-17,,night,P,N,N,Regular Season,1,3,1,Final,Final,19,Coors Field,115,Colorado Rockies,COL,5,False,119,Los Angeles Dodgers,LAD,11,True,669165,Kyle Hurt,Kyle,Hurt,63,1998-05-30,28,"6' 3""",240,1,Pitcher,R,Right,R,Right,,,,,,,,,,,,,,,,,,,,,,,,,,
2026-08-17,824320,,/api/v1.1/game/824320/feed/live,R,2026,2026-08-17,,night,P,N,N,Regular Season,1,3,1,Final,Final,19,Coors Field,115,Colorado Rockies,COL,5,False,119,Los Angeles Dodgers,LAD,11,True,660271,Shohei Ohtani,Shohei,Ohtani,17,1994-07-05,32,"6' 4""",210,Y,Two-Way Player,L,Left,R,Right,"4-5 | 2 HR, 3 RBI, 4 R",,5,4,0,0,2,3,4,0,0,0,0,0,5,10,,,,,,,,,,
2026-08-17,824320,,/api/v1.1/game/824320/feed/live,R,2026,2026-08-17,,night,P,N,N,Regular Season,1,3,1,Final,Final,19,Coors Field,115,Colorado Rockies,COL,5,False,119,Los Angeles Dodgers,LAD,11,True,606192,Teoscar Hernández,Teoscar,Hernández,37,1992-10-15,33,"6' 0""",215,7,Outfielder,R,Right,R,Right,0-4 | 2 K,,4,0,0,0,0,0,0,2,0,0,0,0,4,0,,,,,,,,,,
2026-08-17,824320,,/api/v1.1/game/824320/feed/live,R,2026,2026-08-17,,night,P,N,N,Regular Season,1,3,1,Final,Final,19,Coors Field,115,Colorado Rockies,COL,5,False,119,Los Angeles Dodgers,LAD,11,True,642546,Jonathan Hernández,Jonathan,Hernández,26,1996-07-06,30,"6' 3""",190,1,Pitcher,R,Right,R,Right,,,,,,,,,,,,,,,,,,,,,,,,,,
2026-08-17,824320,,/api/v1.1/game/824320/feed/live,R,2026,2026-08-17,,night,P,N,N,Regular Season,1,3,1,Final,Final,19,Coors Field,115,Colorado Rockies,COL,5,False,119,Los Angeles Dodgers,LAD,11,True,681624,Andy Pages,Andy,Pages,44,2000-12-08,25,"6' 1""",212,8,Outfielder,R,Right,R,Right,"3-4 | 2B, BB, 2 RBI",,4,3,1,0,0,2,2,0,1,0,0,0,5,4,,,,,,,,,,
2026-08-17,824320,,/api/v1.1/game/824320/feed/live,R,2026,2026-08-17,,night,P,N,N,Regular Season,1,3,1,Final,Final,19,Coors Field,115,Colorado Rockies,COL,5,False,119,Los Angeles Dodgers,LAD,11,True,621242,Edwin Díaz,Edwin,Díaz,3,1994-03-22,32,"6' 3""",165,1,Pitcher,R,Right,R,Right,"1.0 IP, 3 ER, 0 K, 0 BB",,,,,,,,,,,,,,,,1.0,3,4,0,0,0,23,0,0,0
2026-08-17,824320,,/api/v1.1/game/824320/feed/live,R,2026,2026-08-17,,night,P,N,N,Regular Season,1,3,1,Final,Final,19,Coors Field,115,Colorado Rockies,COL,5,False,119,Los Angeles Dodgers,LAD,11,True,623465,Evan Phillips,Evan,Phillips,59,1994-09-11,31,"6' 2""",215,1,Pitcher,R,Right,R,Right,"1.0 IP, 0 ER, K, 0 BB",,,,,,,,,,,,,,,,1.0,0,0,0,1,0,6,0,0,0
2026-08-17,824320,,/api/v1.1/game/824320/feed/live,R,2026,2026-08-17,,night,P,N,N,Regular Season,1,3,1,Final,Final,19,Coors Field,115,Colorado Rockies,COL,5,False,119,Los Angeles Dodgers,LAD,11,True,669743,Alex Call,Alex,Call,12,1994-09-27,31,"5' 11""",189,7,Outfielder,R,Right,R,Right,0-0,,0,0,0,0,0,0,0,0,0,0,0,0,0,0,,,,,,,,,,
2026-08-17,824320,,/api/v1.1/game/824320/feed/live,R,2026,2026-08-17,,night,P,N,N,Regular Season,1,3,1,Final,Final,19,Coors Field,115,Colorado Rockies,COL,5,False,119,Los Angeles Dodgers,LAD,11,True,605141,Mookie Betts,Markus,Betts,50,1992-10-07,33,"5' 9""",180,6,Shortstop,R,Right,R,Right,"1-5 | 2B, 2 RBI",,5,1,1,0,0,2,0,0,0,0,0,0,5,2,,,,,,,,,,
2026-08-17,824320,,/api/v1.1/game/824320/feed/live,R,2026,2026-08-17,,night,P,N,N,Regular Season,1,3,1,Final,Final,19,Coors Field,115,Colorado Rockies,COL,5,False,119,Los Angeles Dodgers,LAD,11,True,605483,Blake Snell,Blake,Snell,7,1992-12-04,33,"6' 4""",225,1,Pitcher,L,Left,L,Left,"6.0 IP, ER, 5 K, 3 BB",,,,,,,,,,,,,,,,6.0,1,2,0,5,3,90,1,0,0
2026-08-17,824320,,/api/v1.1/game/824320/feed/live,R,2026,2026-08-17,,night,P,N,N,Regular Season,1,3,1,Final,Final,19,Coors Field,115,Colorado Rockies,COL,5,False,119,Los Angeles Dodgers,LAD,11,True,500743,Miguel Rojas,Miguel,Rojas,72,1989-02-24,37,"5' 10""",188,4,Second Base,R,Right,R,Right,0-0,,0,0,0,0,0,0,0,0,0,0,0,0,0,0,,,,,,,,,,
2026-08-17,824320,,/api/v1.1/game/824320/feed/live,R,2026,2026-08-17,,night,P,N,N,Regular Season,1,3,1,Final,Final,19,Coors Field,115,Colorado Rockies,COL,5,False,119,Los Angeles Dodgers,LAD,11,True,676263,Jack Dreyer,Jacob,Dreyer,86,1999-02-27,27,"6' 2""",205,1,Pitcher,R,Right,L,Left,,,,,,,,,,,,,,,,,,,,,,,,,,
2026-08-17,824320,,/api/v1.1/game/824320/feed/live,R,2026,2026-08-17,,night,P,N,N,Regular Season,1,3,1,Final,Final,19,Coors Field,115,Colorado Rockies,COL,5,False,119,Los Angeles Dodgers,LAD,11,True,808963,Roki Sasaki,Roki,Sasaki,11,2001-11-03,24,"6' 2""",187,1,Pitcher,R,Right,R,Right,,,,,,,,,,,,,,,,,,,,,,,,,,
2026-08-17,824320,,/api/v1.1/game/824320/feed/live,R,2026,2026-08-17,,night,P,N,N,Regular Season,1,3,1,Final,Final,19,Coors Field,115,Colorado Rockies,COL,5,False,119,Los Angeles Dodgers,LAD,11,True,808967,Yoshinobu Yamamoto,Yoshinobu,Yamamoto,18,1998-08-17,28,"5' 10""",176,1,Pitcher,R,Right,R,Right,,,,,,,,,,,,,,,,,,,,,,,,,,
