gameDate,gamePk,gameGuid,link,gameType,season,officialDate,description,dayNight,gamedayType,doubleHeader,tiebreaker,seriesDescription,seriesGameNumber,gamesInSeries,gameNumber,status_abstractGameState,status_detailedState,venue_id,venue_name,home_team_id,home_team_name,home_team_abbreviation,home_score,home_isWinner,away_team_id,away_team_name,away_team_abbreviation,away_score,away_isWinner,playerId,fullName,firstName,lastName,primaryNumber,birthDate,currentAge,height,weight,primaryPosition_code,primaryPosition_name,batSide_code,batSide_description,pitchHand_code,pitchHand_description,gameLogSummary,note,atBats,hits,doubles,triples,homeRuns,rbi,runs,strikeOuts,baseOnBalls,stolenBases,caughtStealing,groundIntoDoublePlay,plateAppearances,totalBases,inningsPitched,earnedRuns,hitsAllowed,homeRunsAllowed,strikeOutsPitching,baseOnBallsPitching,pitchesThrown,wins,losses,saves
2026-08-10,822780,,/api/v1.1/game/822780/feed/live,R,2026,2026-08-10,,night,P,N,N,Regular Season,1,4,1,Final,Final,14,Rogers Centre,141,Toronto Blue Jays,TOR,2,True,111,Boston Red Sox,BOS,1,False,669456,Shane Bieber,Shane,Bieber,57,1995-05-31,31,"6' 3""",200,1,Pitcher,R,Right,R,Right,,,,,,,,,,,,,,,,,,,,,,,,,,
2026-08-10,822780,,/api/v1.1/game/822780/feed/live,R,2026,2026-08-10,,night,P,N,N,Regular Season,1,4,1,Final,Final,14,Rogers Centre,141,Toronto Blue Jays,TOR,2,True,111,Boston Red Sox,BOS,1,False,693686,Spencer Miles,Spencer,Miles,62,2000-07-26,26,"6' 3""",180,1,Pitcher,L,Left,R,Right,,,,,,,,,,,,,,,,,,,,,,,,,,
2026-08-10,822780,,/api/v1.1/game/822780/feed/live,R,2026,2026-08-10,,night,P,N,N,Regular Season,1,4,1,Final,Final,14,Rogers Centre,141,Toronto Blue Jays,TOR,2,True,111,Boston Red Sox,BOS,1,False,667755,José Soriano,José,Soriano,40,1998-10-20,27,"6' 3""",220,1,Pitcher,R,Right,R,Right,,,,,,,,,,,,,,,,,,,,,,,,,,
2026-08-10,822780,,/api/v1.1/game/822780/feed/live,R,2026,2026-08-10,,night,P,N,N,Regular Season,1,4,1,Final,Final,14,Rogers Centre,141,Toronto Blue Jays,TOR,2,True,111,Boston Red Sox,BOS,1,False,686973,Louis Varland,Louis,Varland,77,1997-12-09,28,"6' 1""",205,1,Pitcher,L,Left,R,Right,"1.0 IP, 0 ER, K, 0 BB",,,,,,,,,,,,,,,,1.0,0,1,0,1,0,15,0,0,1
2026-08-10,822780,,/api/v1.1/game/822780/feed/live,R,2026,2026-08-10,,night,P,N,N,Regular Season,1,4,1,Final,Final,14,Rogers Centre,141,Toronto Blue Jays,TOR,2,True,111,Boston Red Sox,BOS,1,False,663893,Brendon Little,Brendon,Little,54,1996-08-11,30,"6' 2""",195,1,Pitcher,L,Left,L,Left,,,,,,,,,,,,,,,,,,,,,,,,,,
2026-08-10,822780,,/api/v1.1/game/822780/feed/live,R,2026,2026-08-10,,night,P,N,N,Regular Season,1,4,1,Final,Final,14,Rogers Centre,141,Toronto Blue Jays,TOR,2,True,111,Boston Red Sox,BOS,1,False,680573,Simeon Woods Richardson,Simeon,Woods Richardson,10,2000-09-27,25,"6' 3""",210,1,Pitcher,R,Right,R,Right,"3.0 IP, ER, 2 K, BB",,,,,,,,,,,,,,,,3.0,1,4,0,2,1,45,1,0,0
2026-08-10,822780,,/api/v1.1/game/822780/feed/live,R,2026,2026-08-10,,night,P,N,N,Regular Season,1,4,1,Final,Final,14,Rogers Centre,141,Toronto Blue Jays,TOR,2,True,111,Boston Red Sox,BOS,1,False,676391,Ernie Clement,Ernie,Clement,22,1996-03-22,30,"6' 0""",170,4,Second Base,R,Right,R,Right,0-1,,1,0,0,0,0,0,0,0,0,0,0,0,1,0,,,,,,,,,,
2026-08-10,822780,,/api/v1.1/game/822780/feed/live,R,2026,2026-08-10,,night,P,N,N,Regular Season,1,4,1,Final,Final,14,Rogers Centre,141,Toronto Blue Jays,TOR,2,True,111,Boston Red Sox,BOS,1,False,807727,Charles McAdoo,Charles,McAdoo,26,2002-03-06,24,"6' 0""",210,4,Second Base,R,Right,R,Right,"1-2 | HR, BB, RBI",,2,1,0,0,1,1,1,0,1,0,0,0,3,4,,,,,,,,,,
2026-08-10,822780,,/api/v1.1/game/822780/feed/live,R,2026,2026-08-10,,night,P,N,N,Regular Season,1,4,1,Final,Final,14,Rogers Centre,141,Toronto Blue Jays,TOR,2,True,111,Boston Red Sox,BOS,1,False,592791,Jameson Taillon,Jameson,Taillon,56,1991-11-18,34,"6' 5""",230,1,Pitcher,R,Right,R,Right,"4.0 IP, 0 ER, 3 K, 3 BB",,,,,,,,,,,,,,,,4.0,0,1,0,3,3,61,0,0,0
2026-08-10,822780,,/api/v1.1/game/822780/feed/live,R,2026,2026-08-10,,night,P,N,N,Regular Season,1,4,1,Final,Final,14,Rogers Centre,141,Toronto Blue Jays,TOR,2,True,111,Boston Red Sox,BOS,1,False,665926,Andrés Giménez,Andrés,Giménez,0,1998-09-04,27,"5' 11""",161,6,Shortstop,L,Left,R,Right,"1-4 | 2 K, RBI, SB",,4,1,0,0,0,1,0,2,0,1,0,0,4,1,,,,,,,,,,
2026-08-10,822780,,/api/v1.1/game/822780/feed/live,R,2026,2026-08-10,,night,P,N,N,Regular Season,1,4,1,Final,Final,14,Rogers Centre,141,Toronto Blue Jays,TOR,2,True,111,Boston Red Sox,BOS,1,False,678218,Brandon Valenzuela,Brandon,Valenzuela,59,2000-10-02,25,"6' 0""",225,2,Catcher,S,Switch,R,Right,1-3 | 2B,,3,1,1,0,0,0,0,0,0,0,0,0,3,2,,,,,,,,,,
2026-08-10,822780,,/api/v1.1/game/822780/feed/live,R,2026,2026-08-10,,night,P,N,N,Regular Season,1,4,1,Final,Final,14,Rogers Centre,141,Toronto Blue Jays,TOR,2,True,111,Boston Red Sox,BOS,1,False,656302,Dylan Cease,Dylan,Cease,84,1995-12-28,30,"6' 2""",200,1,Pitcher,R,Right,R,Right,,,,,,,,,,,,,,,,,,,,,,,,,,
2026-08-10,822780,,/api/v1.1/game/822780/feed/live,R,2026,2026-08-10,,night,P,N,N,Regular Season,1,4,1,Final,Final,14,Rogers Centre,141,Toronto Blue Jays,TOR,2,True,111,Boston Red Sox,BOS,1,False,703520,Brett Bateman,Brett,Bateman,21,2002-03-19,24,"5' 10""",170,8,Outfielder,L,Left,L,Left,1-4 | K,,4,1,0,0,0,0,0,1,0,0,0,0,4,1,,,,,,,,,,
2026-08-10,822780,,/api/v1.1/game/822780/feed/live,R,2026,2026-08-10,,night,P,N,N,Regular Season,1,4,1,Final,Final,14,Rogers Centre,141,Toronto Blue Jays,TOR,2,True,111,Boston Red Sox,BOS,1,False,664770,Nathan Lukes,Nathan,Lukes,38,1994-07-12,32,"5' 11""",180,9,Outfielder,L,Left,R,Right,0-4,,4,0,0,0,0,0,0,0,0,0,0,0,4,0,,,,,,,,,,
2026-08-10,822780,,/api/v1.1/game/822780/feed/live,R,2026,2026-08-10,,night,P,N,N,Regular Season,1,4,1,Final,Final,14,Rogers Centre,141,Toronto Blue Jays,TOR,2,True,111,Boston Red Sox,BOS,1,False,663362,Matt Waldron,Matthew,Waldron,64,1996-09-26,29,"6' 2""",185,1,Pitcher,R,Right,R,Right,,,,,,,,,,,,,,,,,,,,,,,,,,
2026-08-10,822780,,/api/v1.1/game/822780/feed/live,R,2026,2026-08-10,,night,P,N,N,Regular Season,1,4,1,Final,Final,14,Rogers Centre,141,Toronto Blue Jays,TOR,2,True,111,Boston Red Sox,BOS,1,False,543807,George Springer,George,Springer,4,1989-09-19,36,"6' 1""",220,10,Designated Hitter,R,Right,R,Right,"1-4 | R, SB",,4,1,0,0,0,0,1,0,0,1,0,0,4,1,,,,,,,,,,
2026-08-10,822780,,/api/v1.1/game/822780/feed/live,R,2026,2026-08-10,,night,P,N,N,Regular Season,1,4,1,Final,Final,14,Rogers Centre,141,Toronto Blue Jays,TOR,2,True,111,Boston Red Sox,BOS,1,False,453286,Max Scherzer,Maxwell,Scherzer,31,1984-07-27,42,"6' 3""",208,1,Pitcher,R,Right,R,Right,,,,,,,,,,,,,,,,,,,,,,,,,,
2026-08-10,822780,,/api/v1.1/game/822780/feed/live,R,2026,2026-08-10,,night,P,N,N,Regular Season,1,4,1,Final,Final,14,Rogers Centre,141,Toronto Blue Jays,TOR,2,True,111,Boston Red Sox,BOS,1,False,689254,Mason Fluharty,Mason,Fluharty,68,2001-08-13,24,"6' 2""",215,1,Pitcher,R,Right,L,Left,,,,,,,,,,,,,,,,,,,,,,,,,,
2026-08-10,822780,,/api/v1.1/game/822780/feed/live,R,2026,2026-08-10,,night,P,N,N,Regular Season,1,4,1,Final,Final,14,Rogers Centre,141,Toronto Blue Jays,TOR,2,True,111,Boston Red Sox,BOS,1,False,680755,Braydon Fisher,Braydon,Fisher,63,2000-07-26,26,"6' 4""",180,1,Pitcher,R,Right,R,Right,,,,,,,,,,,,,,,,,,,,,,,,,,
2026-08-10,822780,,/api/v1.1/game/822780/feed/live,R,2026,2026-08-10,,night,P,N,N,Regular Season,1,4,1,Final,Final,14,Rogers Centre,141,Toronto Blue Jays,TOR,2,True,111,Boston Red Sox,BOS,1,False,669701,Josh Smith,Josh,Smith,9,1997-08-07,29,"5' 9""",172,4,Second Base,L,Left,R,Right,1-3 | 2 K,,3,1,0,0,0,0,0,2,0,0,0,0,3,1,,,,,,,,,,
2026-08-10,822780,,/api/v1.1/game/822780/feed/live,R,2026,2026-08-10,,night,P,N,N,Regular Season,1,4,1,Final,Final,14,Rogers Centre,141,Toronto Blue Jays,TOR,2,True,111,Boston Red Sox,BOS,1,False,643511,Tyler Rogers,Tyler,Rogers,71,1990-12-17,35,"6' 3""",180,1,Pitcher,R,Right,R,Right,"1.0 IP, 0 ER, K, BB",,,,,,,,,,,,,,,,1.0,0,0,0,1,1,18,0,0,0
2026-08-10,822780,,/api/v1.1/game/822780/feed/live,R,2026,2026-08-10,,night,P,N,N,Regular Season,1,4,1,Final,Final,14,Rogers Centre,141,Toronto Blue Jays,TOR,2,True,111,Boston Red Sox,BOS,1,False,665489,Vladimir Guerrero Jr.,Vladimir,Guerrero,27,1999-03-16,27,"6' 0""",245,3,First Base,R,Right,R,Right,1-4,,4,1,0,0,0,0,0,0,0,0,0,0,4,1,,,,,,,,,,
2026-08-10,822780,,/api/v1.1/game/822780/feed/live,R,2026,2026-08-10,,night,P,N,N,Regular Season,1,4,1,Final,Final,14,Rogers Centre,141,Toronto Blue Jays,TOR,2,True,111,Boston Red Sox,BOS,1,False,660821,Jesús Sánchez,Jesús,Sánchez,12,1997-10-07,28,"6' 3""",222,9,Outfielder,L,Left,R,Right,0-2 | HBP,,2,0,0,0,0,0,0,0,0,0,0,0,3,0,,,,,,,,,,
2026-08-10,822780,,/api/v1.1/game/822780/feed/live,R,2026,2026-08-10,,night,P,N,N,Regular Season,1,4,1,Final,Final,14,Rogers Centre,141,Toronto Blue Jays,TOR,2,True,111,Boston Red Sox,BOS,1,False,664702,Myles Straw,Myles,Straw,3,1994-10-17,31,"5' 9""",178,9,Outfielder,R,Right,R,Right,0-1,,1,0,0,0,0,0,0,0,0,0,0,0,1,0,,,,,,,,,,
2026-08-10,822780,,/api/v1.1/game/822780/feed/live,R,2026,2026-08-10,,night,P,N,N,Regular Season,1,4,1,Final,Final,14,Rogers Centre,141,Toronto Blue Jays,TOR,2,True,111,Boston Red Sox,BOS,1,False,672386,Alejandro Kirk,Alejandro,Kirk,30,1998-11-06,27,"5' 8""",245,2,Catcher,R,Right,R,Right,,,,,,,,,,,,,,,,,,,,,,,,,,
2026-08-10,822780,,/api/v1.1/game/822780/feed/live,R,2026,2026-08-10,,night,P,N,N,Regular Season,1,4,1,Final,Final,14,Rogers Centre,141,Toronto Blue Jays,TOR,2,True,111,Boston Red Sox,BOS,1,False,672960,Kazuma Okamoto,Kazuma,Okamoto,7,1996-06-30,30,"6' 1""",220,5,Third Base,R,Right,R,Right,,,,,,,,,,,,,,,,,,,,,,,,,,
2026-08-10,822780,,/api/v1.1/game/822780/feed/live,R,2026,2026-08-10,,night,P,N,N,Regular Season,1,4,1,Final,Final,14,Rogers Centre,141,Toronto Blue Jays,TOR,2,True,111,Boston Red Sox,BOS,1,False,687562,Jake Bennett,William,Bennett,64,2000-12-02,25,"6' 6""",234,1,Pitcher,L,Left,L,Left,,,,,,,,,,,,,,,,,,,,,,,,,,
2026-08-10,822780,,/api/v1.1/game/822780/feed/live,R,2026,2026-08-10,,night,P,N,N,Regular Season,1,4,1,Final,Final,14,Rogers Centre,141,Toronto Blue Jays,TOR,2,True,111,Boston Red Sox,BOS,1,False,575929,Willson Contreras,Willson,Contreras,40,1992-05-13,34,"6' 0""",240,3,First Base,R,Right,R,Right,"0-3 | BB, K",,3,0,0,0,0,0,0,1,1,0,0,0,4,0,,,,,,,,,,
2026-08-10,822780,,/api/v1.1/game/822780/feed/live,R,2026,2026-08-10,,night,P,N,N,Regular Season,1,4,1,Final,Final,14,Rogers Centre,141,Toronto Blue Jays,TOR,2,True,111,Boston Red Sox,BOS,1,False,594027,Tyron Guerrero,Tayron,Guerrero,41,1991-01-09,35,"6' 8""",225,1,Pitcher,R,Right,R,Right,,,,,,,,,,,,,,,,,,,,,,,,,,
2026-08-10,822780,,/api/v1.1/game/822780/feed/live,R,2026,2026-08-10,,night,P,N,N,Regular Season,1,4,1,Final,Final,14,Rogers Centre,141,Toronto Blue Jays,TOR,2,True,111,Boston Red Sox,BOS,1,False,663776,Patrick Sandoval,Patrick,Sandoval,43,1996-10-18,29,"6' 3""",190,1,Pitcher,L,Left,L,Left,,,,,,,,,,,,,,,,,,,,,,,,,,
2026-08-10,822780,,/api/v1.1/game/822780/feed/live,R,2026,2026-08-10,,night,P,N,N,Regular Season,1,4,1,Final,Final,14,Rogers Centre,141,Toronto Blue Jays,TOR,2,True,111,Boston Red Sox,BOS,1,False,663330,Jahmai Jones,Jahmai,Jones,37,1997-08-04,29,"5' 10""",210,10,Designated Hitter,R,Right,R,Right,,,,,,,,,,,,,,,,,,,,,,,,,,
2026-08-10,822780,,/api/v1.1/game/822780/feed/live,R,2026,2026-08-10,,night,P,N,N,Regular Season,1,4,1,Final,Final,14,Rogers Centre,141,Toronto Blue Jays,TOR,2,True,111,Boston Red Sox,BOS,1,False,678011,Anthony Seigler,Anthony,Seigler,48,1999-06-20,27,"5' 9""",192,4,Second Base,S,Switch,S,Switch,1-3 | R,,3,1,0,0,0,0,1,0,0,0,0,0,4,1,,,,,,,,,,
2026-08-10,822780,,/api/v1.1/game/822780/feed/live,R,2026,2026-08-10,,night,P,N,N,Regular Season,1,4,1,Final,Final,14,Rogers Centre,141,Toronto Blue Jays,TOR,2,True,111,Boston Red Sox,BOS,1,False,657136,Connor Wong,Connor,Wong,12,1996-05-19,30,"5' 10""",190,2,Catcher,R,Right,R,Right,1-3 | 2 K,,3,1,0,0,0,0,0,2,0,0,0,0,3,1,,,,,,,,,,
2026-08-10,822780,,/api/v1.1/game/822780/feed/live,R,2026,2026-08-10,,night,P,N,N,Regular Season,1,4,1,Final,Final,14,Rogers Centre,141,Toronto Blue Jays,TOR,2,True,111,Boston Red Sox,BOS,1,False,678394,Brayan Bello,Brayan,Bello,66,1999-05-17,27,"6' 1""",195,1,Pitcher,R,Right,R,Right,,,,,,,,,,,,,,,,,,,,,,,,,,
2026-08-10,822780,,/api/v1.1/game/822780/feed/live,R,2026,2026-08-10,,night,P,N,N,Regular Season,1,4,1,Final,Final,14,Rogers Centre,141,Toronto Blue Jays,TOR,2,True,111,Boston Red Sox,BOS,1,False,661527,Seth Martinez,Seth,Martinez,51,1994-08-29,31,"6' 2""",193,1,Pitcher,R,Right,R,Right,,,,,,,,,,,,,,,,,,,,,,,,,,
2026-08-10,822780,,/api/v1.1/game/822780/feed/live,R,2026,2026-08-10,,night,P,N,N,Regular Season,1,4,1,Final,Final,14,Rogers Centre,141,Toronto Blue Jays,TOR,2,True,111,Boston Red Sox,BOS,1,False,677800,Wilyer Abreu,Wilyer,Abreu,52,1999-06-24,27,"5' 10""",215,9,Outfielder,L,Left,L,Left,0-3 | BB,,3,0,0,0,0,0,0,0,1,0,0,0,4,0,,,,,,,,,,
2026-08-10,822780,,/api/v1.1/game/822780/feed/live,R,2026,2026-08-10,,night,P,N,N,Regular Season,1,4,1,Final,Final,14,Rogers Centre,141,Toronto Blue Jays,TOR,2,True,111,Boston Red Sox,BOS,1,False,676477,Garrett Whitlock,Garrett,Whitlock,22,1996-06-11,30,"6' 5""",222,1,Pitcher,R,Right,R,Right,,,,,,,,,,,,,,,,,,,,,,,,,,
2026-08-10,822780,,/api/v1.1/game/822780/feed/live,R,2026,2026-08-10,,night,P,N,N,Regular Season,1,4,1,Final,Final,14,Rogers Centre,141,Toronto Blue Jays,TOR,2,True,111,Boston Red Sox,BOS,1,False,655316,Andruw Monasterio,Andruw,Monasterio,32,1997-05-30,29,"5' 11""",195,6,Shortstop,R,Right,R,Right,0-1 | K,,1,0,0,0,0,0,0,1,0,0,0,0,1,0,,,,,,,,,,
2026-08-10,822780,,/api/v1.1/game/822780/feed/live,R,2026,2026-08-10,,night,P,N,N,Regular Season,1,4,1,Final,Final,14,Rogers Centre,141,Toronto Blue Jays,TOR,2,True,111,Boston Red Sox,BOS,1,False,543243,Sonny Gray,Sonny,Gray,54,1989-11-07,36,"5' 10""",190,1,Pitcher,R,Right,R,Right,"6.0 IP, 2 ER, 4 K, BB",,,,,,,,,,,,,,,,6.0,2,6,1,4,1,99,0,1,0
2026-08-10,822780,,/api/v1.1/game/822780/feed/live,R,2026,2026-08-10,,night,P,N,N,Regular Season,1,4,1,Final,Final,14,Rogers Centre,141,Toronto Blue Jays,TOR,2,True,111,Boston Red Sox,BOS,1,False,668670,Jake Rogers,Jacob,Rogers,46,1995-04-18,31,"5' 11""",201,2,Catcher,R,Right,R,Right,,,,,,,,,,,,,,,,,,,,,,,,,,
2026-08-10,822780,,/api/v1.1/game/822780/feed/live,R,2026,2026-08-10,,night,P,N,N,Regular Season,1,4,1,Final,Final,14,Rogers Centre,141,Toronto Blue Jays,TOR,2,True,111,Boston Red Sox,BOS,1,False,686580,Justin Slaten,Justin,Slaten,63,1997-09-15,28,"6' 4""",222,1,Pitcher,R,Right,R,Right,,,,,,,,,,,,,,,,,,,,,,,,,,
2026-08-10,822780,,/api/v1.1/game/822780/feed/live,R,2026,2026-08-10,,night,P,N,N,Regular Season,1,4,1,Final,Final,14,Rogers Centre,141,Toronto Blue Jays,TOR,2,True,111,Boston Red Sox,BOS,1,False,702332,Caleb Durbin,Caleb,Durbin,5,2000-02-22,26,"5' 6""",183,5,Third Base,R,Right,R,Right,0-4 | 2 K,,4,0,0,0,0,0,0,2,0,0,0,0,4,0,,,,,,,,,,
2026-08-10,822780,,/api/v1.1/game/822780/feed/live,R,2026,2026-08-10,,night,P,N,N,Regular Season,1,4,1,Final,Final,14,Rogers Centre,141,Toronto Blue Jays,TOR,2,True,111,Boston Red Sox,BOS,1,False,624133,Ranger Suarez,Ranger,Suarez,55,1995-08-26,30,"6' 1""",217,1,Pitcher,L,Left,L,Left,,,,,,,,,,,,,,,,,,,,,,,,,,
2026-08-10,822780,,/api/v1.1/game/822780/feed/live,R,2026,2026-08-10,,night,P,N,N,Regular Season,1,4,1,Final,Final,14,Rogers Centre,141,Toronto Blue Jays,TOR,2,True,111,Boston Red Sox,BOS,1,False,686765,Nick Sogard,Nicholas,Sogard,20,1997-09-09,28,"6' 1""",189,4,Second Base,S,Switch,R,Right,1-4 | BB,,4,1,0,0,0,0,0,0,1,0,0,0,5,1,,,,,,,,,,
2026-08-10,822780,,/api/v1.1/game/822780/feed/live,R,2026,2026-08-10,,night,P,N,N,Regular Season,1,4,1,Final,Final,14,Rogers Centre,141,Toronto Blue Jays,TOR,2,True,111,Boston Red Sox,BOS,1,False,680776,Jarren Duran,Jarren,Duran,16,1996-09-05,29,"6' 0""",205,7,Outfielder,L,Left,R,Right,"1-4 | 2B, K",,4,1,1,0,0,0,0,1,0,0,0,0,4,2,,,,,,,,,,
2026-08-10,822780,,/api/v1.1/game/822780/feed/live,R,2026,2026-08-10,,night,P,N,N,Regular Season,1,4,1,Final,Final,14,Rogers Centre,141,Toronto Blue Jays,TOR,2,True,111,Boston Red Sox,BOS,1,False,642201,Eli White,Elijah,White,38,1994-06-26,32,"6' 2""",195,9,Outfielder,R,Right,R,Right,0-0 | SB,,0,0,0,0,0,0,0,0,0,1,0,0,0,0,,,,,,,,,,
2026-08-10,822780,,/api/v1.1/game/822780/feed/live,R,2026,2026-08-10,,night,P,N,N,Regular Season,1,4,1,Final,Final,14,Rogers Centre,141,Toronto Blue Jays,TOR,2,True,111,Boston Red Sox,BOS,1,False,801139,Payton Tolle,Payton,Tolle,70,2002-11-01,23,"6' 6""",250,1,Pitcher,L,Left,L,Left,,,,,,,,,,,,,,,,,,,,,,,,,,
2026-08-10,822780,,/api/v1.1/game/822780/feed/live,R,2026,2026-08-10,,night,P,N,N,Regular Season,1,4,1,Final,Final,14,Rogers Centre,141,Toronto Blue Jays,TOR,2,True,111,Boston Red Sox,BOS,1,False,678882,Ceddanne Rafaela,Ceddanne,Rafaela,3,2000-09-18,25,"5' 10""",165,8,Outfielder,R,Right,R,Right,2-3 | RBI,,3,2,0,0,0,1,0,0,0,0,0,0,4,2,,,,,,,,,,
2026-08-10,822780,,/api/v1.1/game/822780/feed/live,R,2026,2026-08-10,,night,P,N,N,Regular Season,1,4,1,Final,Final,14,Rogers Centre,141,Toronto Blue Jays,TOR,2,True,111,Boston Red Sox,BOS,1,False,663558,Jovani Morán,Jovani,Moran,47,1997-04-24,29,"6' 1""",167,1,Pitcher,L,Left,L,Left,"2.0 IP, 0 ER, K, 0 BB",,,,,,,,,,,,,,,,2.0,0,1,0,1,0,28,0,0,0
2026-08-10,822780,,/api/v1.1/game/822780/feed/live,R,2026,2026-08-10,,night,P,N,N,Regular Season,1,4,1,Final,Final,14,Rogers Centre,141,Toronto Blue Jays,TOR,2,True,111,Boston Red Sox,BOS,1,False,807799,Masataka Yoshida,Masataka,Yoshida,7,1993-07-15,33,"5' 8""",192,10,Designated Hitter,L,Left,R,Right,0-2 | 2 BB,,2,0,0,0,0,0,0,0,2,0,0,0,4,0,,,,,,,,,,
2026-08-10,822780,,/api/v1.1/game/822780/feed/live,R,2026,2026-08-10,,night,P,N,N,Regular Season,1,4,1,Final,Final,14,Rogers Centre,141,Toronto Blue Jays,TOR,2,True,111,Boston Red Sox,BOS,1,False,669062,Erik Miller,Erik,Miller,67,1998-02-13,28,"6' 5""",269,1,Pitcher,L,Left,L,Left,,,,,,,,,,,,,,,,,,,,,,,,,,
2026-08-10,822780,,/api/v1.1/game/822780/feed/live,R,2026,2026-08-10,,night,P,N,N,Regular Season,1,4,1,Final,Final,14,Rogers Centre,141,Toronto Blue Jays,TOR,2,True,111,Boston Red Sox,BOS,1,False,547973,Aroldis Chapman,Albertin,Chapman,44,1988-02-28,38,"6' 4""",235,1,Pitcher,L,Left,L,Left,,,,,,,,,,,,,,,,,,,,,,,,,,
2026-08-10,824887,,/api/v1.1/game/824887/feed/live,R,2026,2026-08-10,,night,P,N,N,Regular Season,1,3,1,Final,Final,4705,Truist Park,144,Atlanta Braves,ATL,5,False,121,New York Mets,NYM,8,True,689266,Dylan Dodd,Dylan,Dodd,46,1998-06-06,28,"6' 2""",210,1,Pitcher,L,Left,L,Left,,,,,,,,,,,,,,,,,,,,,,,,,,
2026-08-10,824887,,/api/v1.1/game/824887/feed/live,R,2026,2026-08-10,,night,P,N,N,Regular Season,1,3,1,Final,Final,4705,Truist Park,144,Atlanta Braves,ATL,5,False,121,New York Mets,NYM,8,True,669276,Dylan Lee,Dylan,Lee,52,1994-08-01,32,"6' 3""",214,1,Pitcher,L,Left,L,Left,,,,,,,,,,,,,,,,,,,,,,,,,,
2026-08-10,824887,,/api/v1.1/game/824887/feed/live,R,2026,2026-08-10,,night,P,N,N,Regular Season,1,3,1,Final,Final,4705,Truist Park,144,Atlanta Braves,ATL,5,False,121,New York Mets,NYM,8,True,671739,Michael Harris II,Michael,Harris,23,2001-03-07,25,"5' 11""",195,8,Outfielder,L,Left,L,Left,"2-5 | 2B, 2 K, R",,5,2,1,0,0,0,1,2,0,0,0,0,5,3,,,,,,,,,,
2026-08-10,824887,,/api/v1.1/game/824887/feed/live,R,2026,2026-08-10,,night,P,N,N,Regular Season,1,3,1,Final,Final,4705,Truist Park,144,Atlanta Braves,ATL,5,False,121,New York Mets,NYM,8,True,682989,Victor Mederos,Victor,Mederos,58,2001-06-08,25,"6' 2""",222,1,Pitcher,R,Right,R,Right,0-0,,0,0,0,0,0,0,0,0,0,0,0,0,0,0,1.0,1,1,0,1,1,21,0,0,0
2026-08-10,824887,,/api/v1.1/game/824887/feed/live,R,2026,2026-08-10,,night,P,N,N,Regular Season,1,3,1,Final,Final,4705,Truist Park,144,Atlanta Braves,ATL,5,False,121,New York Mets,NYM,8,True,643289,Mauricio Dubón,Mauricio,Dubón,14,1994-07-19,32,"5' 11""",173,7,Outfielder,R,Right,R,Right,1-5 | 2 RBI,,5,1,0,0,0,2,0,0,0,0,0,1,5,1,,,,,,,,,,
2026-08-10,824887,,/api/v1.1/game/824887/feed/live,R,2026,2026-08-10,,night,P,N,N,Regular Season,1,3,1,Final,Final,4705,Truist Park,144,Atlanta Braves,ATL,5,False,121,New York Mets,NYM,8,True,800311,Didier Fuentes,Didier,Fuentes,72,2005-06-17,21,"6' 0""",170,1,Pitcher,R,Right,R,Right,,,,,,,,,,,,,,,,,,,,,,,,,,
2026-08-10,824887,,/api/v1.1/game/824887/feed/live,R,2026,2026-08-10,,night,P,N,N,Regular Season,1,3,1,Final,Final,4705,Truist Park,144,Atlanta Braves,ATL,5,False,121,New York Mets,NYM,8,True,641816,Tyler Mahle,Tyler,Mahle,54,1994-09-29,31,"6' 3""",212,1,Pitcher,R,Right,R,Right,,,,,,,,,,,,,,,,,,,,,,,,,,
2026-08-10,824887,,/api/v1.1/game/824887/feed/live,R,2026,2026-08-10,,night,P,N,N,Regular Season,1,3,1,Final,Final,4705,Truist Park,144,Atlanta Braves,ATL,5,False,121,New York Mets,NYM,8,True,686948,Drake Baldwin,Drake,Baldwin,30,2001-03-28,25,"6' 0""",225,2,Catcher,L,Left,R,Right,"2-5 | 2B, K, RBI",,5,2,1,0,0,1,1,1,0,0,0,0,5,3,,,,,,,,,,
2026-08-10,824887,,/api/v1.1/game/824887/feed/live,R,2026,2026-08-10,,night,P,N,N,Regular Season,1,3,1,Final,Final,4705,Truist Park,144,Atlanta Braves,ATL,5,False,121,New York Mets,NYM,8,True,519242,Chris Sale,Christopher,Sale,51,1989-03-30,37,"6' 6""",180,1,Pitcher,L,Left,L,Left,,,,,,,,,,,,,,,,,,,,,,,,,,
2026-08-10,824887,,/api/v1.1/game/824887/feed/live,R,2026,2026-08-10,,night,P,N,N,Regular Season,1,3,1,Final,Final,4705,Truist Park,144,Atlanta Braves,ATL,5,False,121,New York Mets,NYM,8,True,805347,Jim Jarvis,James,Jarvis,74,2000-11-06,25,"5' 9""",190,6,Shortstop,L,Left,R,Right,"0-2 | BB, K, R",,2,0,0,0,0,0,1,1,1,0,0,0,3,0,,,,,,,,,,
2026-08-10,824887,,/api/v1.1/game/824887/feed/live,R,2026,2026-08-10,,night,P,N,N,Regular Season,1,3,1,Final,Final,4705,Truist Park,144,Atlanta Braves,ATL,5,False,121,New York Mets,NYM,8,True,621566,Matt Olson,Matthew,Olson,28,1994-03-29,32,"6' 4""",225,3,First Base,L,Left,R,Right,"1-5 | 3 K, R",,5,1,0,0,0,0,1,3,0,0,0,0,5,1,,,,,,,,,,
2026-08-10,824887,,/api/v1.1/game/824887/feed/live,R,2026,2026-08-10,,night,P,N,N,Regular Season,1,3,1,Final,Final,4705,Truist Park,144,Atlanta Braves,ATL,5,False,121,New York Mets,NYM,8,True,642086,Dominic Smith,Dominic,Smith,8,1995-06-15,31,"5' 11""",224,10,Designated Hitter,L,Left,L,Left,0-0 | BB,,0,0,0,0,0,0,0,0,1,0,0,0,1,0,,,,,,,,,,
2026-08-10,824887,,/api/v1.1/game/824887/feed/live,R,2026,2026-08-10,,night,P,N,N,Regular Season,1,3,1,Final,Final,4705,Truist Park,144,Atlanta Braves,ATL,5,False,121,New York Mets,NYM,8,True,669221,Sean Murphy,Sean,Murphy,12,1994-10-04,31,"6' 3""",228,2,Catcher,R,Right,R,Right,"1-3 | 2B, 2 K",,3,1,1,0,0,0,0,2,0,0,0,0,3,2,,,,,,,,,,
2026-08-10,824887,,/api/v1.1/game/824887/feed/live,R,2026,2026-08-10,,night,P,N,N,Regular Season,1,3,1,Final,Final,4705,Truist Park,144,Atlanta Braves,ATL,5,False,121,New York Mets,NYM,8,True,660670,Ronald Acuña Jr.,Ronald,Acuña,13,1997-12-18,28,"6' 0""",205,9,Outfielder,R,Right,R,Right,"1-4 | BB, K, RBI",,4,1,0,0,0,1,0,1,1,0,0,0,5,1,,,,,,,,,,
2026-08-10,824887,,/api/v1.1/game/824887/feed/live,R,2026,2026-08-10,,night,P,N,N,Regular Season,1,3,1,Final,Final,4705,Truist Park,144,Atlanta Braves,ATL,5,False,121,New York Mets,NYM,8,True,641755,Tyler Kinley,Tyler,Kinley,45,1991-01-31,35,"6' 4""",220,1,Pitcher,R,Right,R,Right,,,,,,,,,,,,,,,,,,,,,,,,,,
2026-08-10,824887,,/api/v1.1/game/824887/feed/live,R,2026,2026-08-10,,night,P,N,N,Regular Season,1,3,1,Final,Final,4705,Truist Park,144,Atlanta Braves,ATL,5,False,121,New York Mets,NYM,8,True,645277,Ozzie Albies,Ozhaino,Albies,1,1997-01-07,29,"5' 7""",165,4,Second Base,S,Switch,R,Right,"0-2 | 2 BB, HBP",,2,0,0,0,0,0,0,0,2,0,0,0,5,0,,,,,,,,,,
2026-08-10,824887,,/api/v1.1/game/824887/feed/live,R,2026,2026-08-10,,night,P,N,N,Regular Season,1,3,1,Final,Final,4705,Truist Park,144,Atlanta Braves,ATL,5,False,121,New York Mets,NYM,8,True,628452,Raisel Iglesias,Raisel,Iglesias,26,1990-01-04,36,"6' 2""",190,1,Pitcher,R,Right,R,Right,,,,,,,,,,,,,,,,,,,,,,,,,,
2026-08-10,824887,,/api/v1.1/game/824887/feed/live,R,2026,2026-08-10,,night,P,N,N,Regular Season,1,3,1,Final,Final,4705,Truist Park,144,Atlanta Braves,ATL,5,False,121,New York Mets,NYM,8,True,663586,Austin Riley,Michael,Riley,27,1997-04-02,29,"6' 1""",225,5,Third Base,R,Right,R,Right,"1-3 | BB, K, R",,3,1,0,0,0,0,1,1,1,0,0,0,4,1,,,,,,,,,,
2026-08-10,824887,,/api/v1.1/game/824887/feed/live,R,2026,2026-08-10,,night,P,N,N,Regular Season,1,3,1,Final,Final,4705,Truist Park,144,Atlanta Braves,ATL,5,False,121,New York Mets,NYM,8,True,664849,Danny Young,Daniel,Young,63,1994-05-27,32,"6' 3""",200,1,Pitcher,L,Left,L,Left,,,,,,,,,,,,,,,,,,,,,,,,,,
2026-08-10,824887,,/api/v1.1/game/824887/feed/live,R,2026,2026-08-10,,night,P,N,N,Regular Season,1,3,1,Final,Final,4705,Truist Park,144,Atlanta Braves,ATL,5,False,121,New York Mets,NYM,8,True,656550,Grant Holmes,Harrison,Holmes,66,1996-03-22,30,"6' 0""",226,1,Pitcher,L,Left,R,Right,,,,,,,,,,,,,,,,,,,,,,,,,,
2026-08-10,824887,,/api/v1.1/game/824887/feed/live,R,2026,2026-08-10,,night,P,N,N,Regular Season,1,3,1,Final,Final,4705,Truist Park,144,Atlanta Braves,ATL,5,False,121,New York Mets,NYM,8,True,573262,Mike Yastrzemski,Michael,Yastrzemski,18,1990-08-23,35,"5' 10""",180,7,Outfielder,L,Left,L,Left,0-1,,1,0,0,0,0,0,0,0,0,0,0,0,1,0,,,,,,,,,,
2026-08-10,824887,,/api/v1.1/game/824887/feed/live,R,2026,2026-08-10,,night,P,N,N,Regular Season,1,3,1,Final,Final,4705,Truist Park,144,Atlanta Braves,ATL,5,False,121,New York Mets,NYM,8,True,673490,Ha-Seong Kim,Ha-Seong,Kim,7,1995-10-17,30,"5' 10""",200,6,Shortstop,R,Right,R,Right,,,,,,,,,,,,,,,,,,,,,,,,,,
2026-08-10,824887,,/api/v1.1/game/824887/feed/live,R,2026,2026-08-10,,night,P,N,N,Regular Season,1,3,1,Final,Final,4705,Truist Park,144,Atlanta Braves,ATL,5,False,121,New York Mets,NYM,8,True,657041,Lane Thomas,Lane,Thomas,20,1995-08-23,30,"5' 11""",195,8,Outfielder,R,Right,R,Right,,,,,,,,,,,,,,,,,,,,,,,,,,
2026-08-10,824887,,/api/v1.1/game/824887/feed/live,R,2026,2026-08-10,,night,P,N,N,Regular Season,1,3,1,Final,Final,4705,Truist Park,144,Atlanta Braves,ATL,5,False,121,New York Mets,NYM,8,True,608718,Brent Suter,Brent,Suter,39,1989-08-29,36,"6' 4""",213,1,Pitcher,L,Left,L,Left,"3.0 IP, 0 ER, 3 K, BB",,,,,,,,,,,,,,,,3.0,0,1,0,3,1,48,0,0,0
2026-08-10,824887,,/api/v1.1/game/824887/feed/live,R,2026,2026-08-10,,night,P,N,N,Regular Season,1,3,1,Final,Final,4705,Truist Park,144,Atlanta Braves,ATL,5,False,121,New York Mets,NYM,8,True,693821,Bryce Elder,Bryce,Elder,55,1999-05-19,27,"6' 2""",220,1,Pitcher,R,Right,R,Right,"5.0 IP, 7 ER, 4 K, 3 BB",,,,,,,,,,,,,,,,5.0,7,10,2,4,3,105,0,1,0
2026-08-10,824887,,/api/v1.1/game/824887/feed/live,R,2026,2026-08-10,,night,P,N,N,Regular Season,1,3,1,Final,Final,4705,Truist Park,144,Atlanta Braves,ATL,5,False,121,New York Mets,NYM,8,True,527048,Martín Pérez,Martín,Pérez,33,1991-04-04,35,"6' 0""",210,1,Pitcher,L,Left,L,Left,,,,,,,,,,,,,,,,,,,,,,,,,,
2026-08-10,824887,,/api/v1.1/game/824887/feed/live,R,2026,2026-08-10,,night,P,N,N,Regular Season,1,3,1,Final,Final,4705,Truist Park,144,Atlanta Braves,ATL,5,False,121,New York Mets,NYM,8,True,620443,Luis Torrens,Luis,Torrens,13,1996-05-02,30,"5' 11""",217,2,Catcher,R,Right,R,Right,,,,,,,,,,,,,,,,,,,,,,,,,,
2026-08-10,824887,,/api/v1.1/game/824887/feed/live,R,2026,2026-08-10,,night,P,N,N,Regular Season,1,3,1,Final,Final,4705,Truist Park,144,Atlanta Braves,ATL,5,False,121,New York Mets,NYM,8,True,476594,Robert Stock,Robert,Stock,89,1989-11-21,36,"6' 1""",260,1,Pitcher,L,Left,R,Right,,,,,,,,,,,,,,,,,,,,,,,,,,
2026-08-10,824887,,/api/v1.1/game/824887/feed/live,R,2026,2026-08-10,,night,P,N,N,Regular Season,1,3,1,Final,Final,4705,Truist Park,144,Atlanta Braves,ATL,5,False,121,New York Mets,NYM,8,True,666182,Bo Bichette,Bo,Bichette,19,1998-03-05,28,"5' 11""",190,5,Third Base,R,Right,R,Right,"1-3 | 2 BB, RBI, R",,3,1,0,0,0,1,1,0,2,0,0,0,5,1,,,,,,,,,,
2026-08-10,824887,,/api/v1.1/game/824887/feed/live,R,2026,2026-08-10,,night,P,N,N,Regular Season,1,3,1,Final,Final,4705,Truist Park,144,Atlanta Braves,ATL,5,False,121,New York Mets,NYM,8,True,682626,Francisco Alvarez,Francisco,Alvarez,4,2001-11-19,24,"5' 10""",233,2,Catcher,R,Right,R,Right,2-4,,4,2,0,0,0,0,0,0,0,0,0,1,4,2,,,,,,,,,,
2026-08-10,824887,,/api/v1.1/game/824887/feed/live,R,2026,2026-08-10,,night,P,N,N,Regular Season,1,3,1,Final,Final,4705,Truist Park,144,Atlanta Braves,ATL,5,False,121,New York Mets,NYM,8,True,640455,Sean Manaea,Sean,Manaea,59,1992-02-01,34,"6' 5""",245,1,Pitcher,R,Right,L,Left,,,,,,,,,,,,,,,,,,,,,,,,,,
2026-08-10,824887,,/api/v1.1/game/824887/feed/live,R,2026,2026-08-10,,night,P,N,N,Regular Season,1,3,1,Final,Final,4705,Truist Park,144,Atlanta Braves,ATL,5,False,121,New York Mets,NYM,8,True,683146,Brett Baty,Brett,Baty,7,1999-11-13,26,"6' 3""",210,5,Third Base,L,Left,R,Right,"1-3 | HR, BB, 4 RBI",,3,1,0,0,1,4,1,0,1,0,0,0,4,4,,,,,,,,,,
2026-08-10,824887,,/api/v1.1/game/824887/feed/live,R,2026,2026-08-10,,night,P,N,N,Regular Season,1,3,1,Final,Final,4705,Truist Park,144,Atlanta Braves,ATL,5,False,121,New York Mets,NYM,8,True,642376,Jefry Yan,Jefry,Yan,84,1996-08-17,29,"6' 3""",185,1,Pitcher,L,Left,L,Left,,,,,,,,,,,,,,,,,,,,,,,,,,
2026-08-10,824887,,/api/v1.1/game/824887/feed/live,R,2026,2026-08-10,,night,P,N,N,Regular Season,1,3,1,Final,Final,4705,Truist Park,144,Atlanta Braves,ATL,5,False,121,New York Mets,NYM,8,True,701807,Carson Benge,Carson,Benge,3,2003-01-20,23,"6' 1""",184,9,Outfielder,L,Left,R,Right,"0-3 | BB, HBP, K",,3,0,0,0,0,0,1,1,1,0,0,0,5,0,,,,,,,,,,
2026-08-10,824887,,/api/v1.1/game/824887/feed/live,R,2026,2026-08-10,,night,P,N,N,Regular Season,1,3,1,Final,Final,4705,Truist Park,144,Atlanta Braves,ATL,5,False,121,New York Mets,NYM,8,True,681320,Nate Lavender,Nathan,Lavender,94,2000-01-20,26,"6' 2""",215,1,Pitcher,L,Left,L,Left,"1.0 IP, 0 ER, 2 K, BB",,,,,,,,,,,,,,,,1.0,0,1,0,2,1,18,0,0,0
2026-08-10,824887,,/api/v1.1/game/824887/feed/live,R,2026,2026-08-10,,night,P,N,N,Regular Season,1,3,1,Final,Final,4705,Truist Park,144,Atlanta Braves,ATL,5,False,121,New York Mets,NYM,8,True,665506,Cristian Pache,Cristian,Pache,71,1998-11-19,27,"6' 2""",215,O,Outfield,R,Right,R,Right,0-0,,0,0,0,0,0,0,0,0,0,0,0,0,0,0,,,,,,,,,,
2026-08-10,824887,,/api/v1.1/game/824887/feed/live,R,2026,2026-08-10,,night,P,N,N,Regular Season,1,3,1,Final,Final,4705,Truist Park,144,Atlanta Braves,ATL,5,False,121,New York Mets,NYM,8,True,673380,Dedniel Núñez,Dedniel,Núñez,72,1996-06-05,30,"6' 2""",180,1,Pitcher,R,Right,R,Right,,,,,,,,,,,,,,,,,,,,,,,,,,
2026-08-10,824887,,/api/v1.1/game/824887/feed/live,R,2026,2026-08-10,,night,P,N,N,Regular Season,1,3,1,Final,Final,4705,Truist Park,144,Atlanta Braves,ATL,5,False,121,New York Mets,NYM,8,True,674073,Jack Weisenburger,John,Weisenburger,82,1997-10-08,28,"6' 3""",220,1,Pitcher,R,Right,R,Right,,,,,,,,,,,,,,,,,,,,,,,,,,
2026-08-10,824887,,/api/v1.1/game/824887/feed/live,R,2026,2026-08-10,,night,P,N,N,Regular Season,1,3,1,Final,Final,4705,Truist Park,144,Atlanta Braves,ATL,5,False,121,New York Mets,NYM,8,True,673540,Kodai Senga,Kodai,Senga,34,1993-01-30,33,"6' 1""",202,1,Pitcher,L,Left,R,Right,"1.0 IP, 0 ER, 2 K, BB",,,,,,,,,,,,,,,,1.0,0,0,0,2,1,18,0,0,1
2026-08-10,824887,,/api/v1.1/game/824887/feed/live,R,2026,2026-08-10,,night,P,N,N,Regular Season,1,3,1,Final,Final,4705,Truist Park,144,Atlanta Braves,ATL,5,False,121,New York Mets,NYM,8,True,650960,Daniel Duarte,Daniel,Duarte,54,1996-12-04,29,"6' 0""",235,1,Pitcher,R,Right,R,Right,"2.0 IP, 0 ER, 0 K, BB",,,,,,,,,,,,,,,,2.0,0,0,0,0,1,26,1,0,0
2026-08-10,824887,,/api/v1.1/game/824887/feed/live,R,2026,2026-08-10,,night,P,N,N,Regular Season,1,3,1,Final,Final,4705,Truist Park,144,Atlanta Braves,ATL,5,False,121,New York Mets,NYM,8,True,543760,Marcus Semien,Marcus,Semien,10,1990-09-17,35,"6' 0""",195,4,Second Base,R,Right,R,Right,1-5 | 3 K,,5,1,0,0,0,0,0,3,0,0,0,0,5,1,,,,,,,,,,
2026-08-10,824887,,/api/v1.1/game/824887/feed/live,R,2026,2026-08-10,,night,P,N,N,Regular Season,1,3,1,Final,Final,4705,Truist Park,144,Atlanta Braves,ATL,5,False,121,New York Mets,NYM,8,True,694646,Chayce McDermott,Chayce,McDermott,43,1998-08-22,27,"6' 3""",190,1,Pitcher,L,Left,R,Right,,,,,,,,,,,,,,,,,,,,,,,,,,
2026-08-10,824887,,/api/v1.1/game/824887/feed/live,R,2026,2026-08-10,,night,P,N,N,Regular Season,1,3,1,Final,Final,4705,Truist Park,144,Atlanta Braves,ATL,5,False,121,New York Mets,NYM,8,True,672356,Gabriel Arias,Gabriel,Arias,25,2000-02-27,26,"6' 1""",217,5,Third Base,R,Right,R,Right,,,,,,,,,,,,,,,,,,,,,,,,,,
2026-08-10,824887,,/api/v1.1/game/824887/feed/live,R,2026,2026-08-10,,night,P,N,N,Regular Season,1,3,1,Final,Final,4705,Truist Park,144,Atlanta Braves,ATL,5,False,121,New York Mets,NYM,8,True,702752,Jonathan Pintaro,Jonathan,Pintaro,91,1997-11-07,28,"6' 2""",235,1,Pitcher,R,Right,R,Right,"1.0 IP, ER, K, 2 BB",,,,,,,,,,,,,,,,1.0,1,1,0,1,2,19,0,0,0
2026-08-10,824887,,/api/v1.1/game/824887/feed/live,R,2026,2026-08-10,,night,P,N,N,Regular Season,1,3,1,Final,Final,4705,Truist Park,144,Atlanta Braves,ATL,5,False,121,New York Mets,NYM,8,True,596019,Francisco Lindor,Francisco,Lindor,12,1993-11-14,32,"5' 10""",190,6,Shortstop,S,Switch,R,Right,"3-5 | HR, 2B, RBI",,5,3,1,0,1,1,3,0,0,0,0,0,5,7,,,,,,,,,,
2026-08-10,824887,,/api/v1.1/game/824887/feed/live,R,2026,2026-08-10,,night,P,N,N,Regular Season,1,3,1,Final,Final,4705,Truist Park,144,Atlanta Braves,ATL,5,False,121,New York Mets,NYM,8,True,681035,Christian Scott,Christian,Scott,45,1999-06-15,27,"6' 4""",215,1,Pitcher,R,Right,R,Right,"4.0 IP, 4 ER, 6 K, BB",,,,,,,,,,,,,,,,4.0,4,7,0,6,1,82,0,0,0
2026-08-10,824887,,/api/v1.1/game/824887/feed/live,R,2026,2026-08-10,,night,P,N,N,Regular Season,1,3,1,Final,Final,4705,Truist Park,144,Atlanta Braves,ATL,5,False,121,New York Mets,NYM,8,True,593871,Jorge Polanco,Jorge,Polanco,11,1993-07-05,33,"6' 0""",208,10,Designated Hitter,S,Switch,R,Right,1-3 | BB,,3,1,0,0,0,0,0,0,1,0,0,0,4,1,,,,,,,,,,
2026-08-10,824887,,/api/v1.1/game/824887/feed/live,R,2026,2026-08-10,,night,P,N,N,Regular Season,1,3,1,Final,Final,4705,Truist Park,144,Atlanta Braves,ATL,5,False,121,New York Mets,NYM,8,True,690997,Nolan McLean,Nolan,McLean,26,2001-07-24,25,"6' 2""",214,1,Pitcher,R,Right,R,Right,,,,,,,,,,,,,,,,,,,,,,,,,,
2026-08-10,824887,,/api/v1.1/game/824887/feed/live,R,2026,2026-08-10,,night,P,N,N,Regular Season,1,3,1,Final,Final,4705,Truist Park,144,Atlanta Braves,ATL,5,False,121,New York Mets,NYM,8,True,804267,Zac Thornton,Zachary,Thornton,49,2002-01-17,24,"6' 3""",170,1,Pitcher,L,Left,L,Left,,,,,,,,,,,,,,,,,,,,,,,,,,
2026-08-10,824887,,/api/v1.1/game/824887/feed/live,R,2026,2026-08-10,,night,P,N,N,Regular Season,1,3,1,Final,Final,4705,Truist Park,144,Atlanta Braves,ATL,5,False,121,New York Mets,NYM,8,True,676724,Jared Young,Jared,Young,29,1995-07-09,31,"6' 2""",200,3,First Base,L,Left,R,Right,"2-4 | 2 RBI, R",,4,2,0,0,0,2,1,0,0,0,0,0,5,2,,,,,,,,,,
2026-08-10,824887,,/api/v1.1/game/824887/feed/live,R,2026,2026-08-10,,night,P,N,N,Regular Season,1,3,1,Final,Final,4705,Truist Park,144,Atlanta Braves,ATL,5,False,121,New York Mets,NYM,8,True,673357,Luis Robert Jr.,Luis,Robert,88,1997-08-03,29,"6' 2""",225,8,Outfielder,R,Right,R,Right,0-1 | K,,1,0,0,0,0,0,0,1,0,0,0,0,1,0,,,,,,,,,,
2026-08-10,824887,,/api/v1.1/game/824887/feed/live,R,2026,2026-08-10,,night,P,N,N,Regular Season,1,3,1,Final,Final,4705,Truist Park,144,Atlanta Braves,ATL,5,False,121,New York Mets,NYM,8,True,805999,A.J. Ewing,Andrew,Ewing,9,2004-08-10,22,"5' 10""",160,8,Outfielder,L,Left,R,Right,"1-5 | 2B, 3 K, R",,5,1,1,0,0,0,1,3,0,0,0,0,5,2,,,,,,,,,,
2026-08-10,823675,,/api/v1.1/game/823675/feed/live,R,2026,2026-08-10,,night,P,N,N,Regular Season,1,3,1,Final,Final,3312,Target Field,142,Minnesota Twins,MIN,9,True,110,Baltimore Orioles,BAL,5,False,665152,Dean Kremer,Dean,Kremer,13,1996-01-07,30,"6' 2""",210,1,Pitcher,R,Right,R,Right,"7.0 IP, ER, 7 K, BB",,,,,,,,,,,,,,,,7.0,1,1,0,7,1,89,1,0,0
2026-08-10,823675,,/api/v1.1/game/823675/feed/live,R,2026,2026-08-10,,night,P,N,N,Regular Season,1,3,1,Final,Final,3312,Target Field,142,Minnesota Twins,MIN,9,True,110,Baltimore Orioles,BAL,5,False,667297,Tommy Nance,Thomas,Nance,35,1991-03-19,35,"6' 6""",235,1,Pitcher,R,Right,R,Right,,,,,,,,,,,,,,,,,,,,,,,,,,
2026-08-10,823675,,/api/v1.1/game/823675/feed/live,R,2026,2026-08-10,,night,P,N,N,Regular Season,1,3,1,Final,Final,3312,Target Field,142,Minnesota Twins,MIN,9,True,110,Baltimore Orioles,BAL,5,False,671737,Taj Bradley,Taj,Bradley,26,2001-03-20,25,"6' 2""",220,1,Pitcher,R,Right,R,Right,,,,,,,,,,,,,,,,,,,,,,,,,,
2026-08-10,823675,,/api/v1.1/game/823675/feed/live,R,2026,2026-08-10,,night,P,N,N,Regular Season,1,3,1,Final,Final,3312,Target Field,142,Minnesota Twins,MIN,9,True,110,Baltimore Orioles,BAL,5,False,605170,Victor Caratini,Victor,Caratini,37,1993-08-17,32,"6' 0""",225,2,Catcher,S,Switch,R,Right,"0-3 | HBP, 2 K",,3,0,0,0,0,0,0,2,0,0,0,0,4,0,,,,,,,,,,
2026-08-10,823675,,/api/v1.1/game/823675/feed/live,R,2026,2026-08-10,,night,P,N,N,Regular Season,1,3,1,Final,Final,3312,Target Field,142,Minnesota Twins,MIN,9,True,110,Baltimore Orioles,BAL,5,False,665019,Kody Clemens,Kody,Clemens,2,1996-05-15,30,"6' 0""",200,3,First Base,L,Left,R,Right,,,,,,,,,,,,,,,,,,,,,,,,,,
2026-08-10,823675,,/api/v1.1/game/823675/feed/live,R,2026,2026-08-10,,night,P,N,N,Regular Season,1,3,1,Final,Final,3312,Target Field,142,Minnesota Twins,MIN,9,True,110,Baltimore Orioles,BAL,5,False,686797,Brooks Lee,Brooks,Lee,22,2001-02-14,25,"6' 0""",205,5,Third Base,S,Switch,R,Right,"2-4 | 2B, BB",,4,2,1,0,0,0,0,0,1,0,0,0,5,3,,,,,,,,,,
2026-08-10,823675,,/api/v1.1/game/823675/feed/live,R,2026,2026-08-10,,night,P,N,N,Regular Season,1,3,1,Final,Final,3312,Target Field,142,Minnesota Twins,MIN,9,True,110,Baltimore Orioles,BAL,5,False,668885,Austin Martin,Christopher,Martin,16,1999-03-23,27,"5' 10""",185,9,Outfielder,R,Right,R,Right,"4-5 | HR, 2B, RBI",,5,4,1,0,1,1,3,0,0,1,0,0,5,8,,,,,,,,,,
2026-08-10,823675,,/api/v1.1/game/823675/feed/live,R,2026,2026-08-10,,night,P,N,N,Regular Season,1,3,1,Final,Final,3312,Target Field,142,Minnesota Twins,MIN,9,True,110,Baltimore Orioles,BAL,5,False,605137,Josh Bell,Joshua,Bell,56,1992-08-14,33,"6' 3""",261,10,Designated Hitter,S,Switch,R,Right,"2-5 | HR, 3 RBI, R",,5,2,0,0,1,3,1,0,0,0,0,1,5,5,,,,,,,,,,
2026-08-10,823675,,/api/v1.1/game/823675/feed/live,R,2026,2026-08-10,,night,P,N,N,Regular Season,1,3,1,Final,Final,3312,Target Field,142,Minnesota Twins,MIN,9,True,110,Baltimore Orioles,BAL,5,False,656546,Jeff Hoffman,Jeffrey,Hoffman,24,1993-01-08,33,"6' 5""",235,1,Pitcher,R,Right,R,Right,,,,,,,,,,,,,,,,,,,,,,,,,,
2026-08-10,823675,,/api/v1.1/game/823675/feed/live,R,2026,2026-08-10,,night,P,N,N,Regular Season,1,3,1,Final,Final,3312,Target Field,142,Minnesota Twins,MIN,9,True,110,Baltimore Orioles,BAL,5,False,621345,A.J. Minter,Alex,Minter,33,1993-09-02,32,"6' 0""",215,1,Pitcher,L,Left,L,Left,,,,,,,,,,,,,,,,,,,,,,,,,,
2026-08-10,823675,,/api/v1.1/game/823675/feed/live,R,2026,2026-08-10,,night,P,N,N,Regular Season,1,3,1,Final,Final,3312,Target Field,142,Minnesota Twins,MIN,9,True,110,Baltimore Orioles,BAL,5,False,702176,Alan Roden,Alan,Roden,18,1999-12-22,26,"5' 11""",215,9,Outfielder,L,Left,R,Right,,,,,,,,,,,,,,,,,,,,,,,,,,
2026-08-10,823675,,/api/v1.1/game/823675/feed/live,R,2026,2026-08-10,,night,P,N,N,Regular Season,1,3,1,Final,Final,3312,Target Field,142,Minnesota Twins,MIN,9,True,110,Baltimore Orioles,BAL,5,False,701785,Kaelen Culpepper,Kaelen,Culpepper,12,2002-12-29,23,"5' 10""",185,6,Shortstop,R,Right,R,Right,"0-4 | 4 K, RBI",,4,0,0,0,0,1,0,4,0,0,0,0,5,0,,,,,,,,,,
2026-08-10,823675,,/api/v1.1/game/823675/feed/live,R,2026,2026-08-10,,night,P,N,N,Regular Season,1,3,1,Final,Final,3312,Target Field,142,Minnesota Twins,MIN,9,True,110,Baltimore Orioles,BAL,5,False,687570,Connor Prielipp,Connor,Prielipp,61,2001-01-10,25,"6' 2""",210,1,Pitcher,L,Left,L,Left,,,,,,,,,,,,,,,,,,,,,,,,,,
2026-08-10,823675,,/api/v1.1/game/823675/feed/live,R,2026,2026-08-10,,night,P,N,N,Regular Season,1,3,1,Final,Final,3312,Target Field,142,Minnesota Twins,MIN,9,True,110,Baltimore Orioles,BAL,5,False,680777,Ryan Jeffers,Ryan,Jeffers,27,1997-06-03,29,"6' 2""",235,2,Catcher,R,Right,R,Right,"2-4 | 2B, BB, 3 RBI",,4,2,1,0,0,3,2,0,1,0,0,0,5,3,,,,,,,,,,
2026-08-10,823675,,/api/v1.1/game/823675/feed/live,R,2026,2026-08-10,,night,P,N,N,Regular Season,1,3,1,Final,Final,3312,Target Field,142,Minnesota Twins,MIN,9,True,110,Baltimore Orioles,BAL,5,False,668952,Ryan Kreidler,Ryan,Kreidler,5,1997-11-12,28,"6' 3""",208,6,Shortstop,R,Right,R,Right,1-4 | R,,4,1,0,0,0,0,1,0,0,0,0,0,4,1,,,,,,,,,,
2026-08-10,823675,,/api/v1.1/game/823675/feed/live,R,2026,2026-08-10,,night,P,N,N,Regular Season,1,3,1,Final,Final,3312,Target Field,142,Minnesota Twins,MIN,9,True,110,Baltimore Orioles,BAL,5,False,573124,Taylor Rogers,Taylor,Rogers,55,1990-12-17,35,"6' 3""",190,1,Pitcher,L,Left,L,Left,"1.0 IP, 2 ER, K, 0 BB",,,,,,,,,,,,,,,,1.0,2,3,0,1,0,30,0,0,0
2026-08-10,823675,,/api/v1.1/game/823675/feed/live,R,2026,2026-08-10,,night,P,N,N,Regular Season,1,3,1,Final,Final,3312,Target Field,142,Minnesota Twins,MIN,9,True,110,Baltimore Orioles,BAL,5,False,641927,Bailey Ober,John,Ober,17,1995-07-12,31,"6' 9""",260,1,Pitcher,R,Right,R,Right,,,,,,,,,,,,,,,,,,,,,,,,,,
2026-08-10,823675,,/api/v1.1/game/823675/feed/live,R,2026,2026-08-10,,night,P,N,N,Regular Season,1,3,1,Final,Final,3312,Target Field,142,Minnesota Twins,MIN,9,True,110,Baltimore Orioles,BAL,5,False,681892,Kody Funderburk,Kody,Funderburk,57,1996-11-27,29,"6' 4""",230,1,Pitcher,L,Left,L,Left,,,,,,,,,,,,,,,,,,,,,,,,,,
2026-08-10,823675,,/api/v1.1/game/823675/feed/live,R,2026,2026-08-10,,night,P,N,N,Regular Season,1,3,1,Final,Final,3312,Target Field,142,Minnesota Twins,MIN,9,True,110,Baltimore Orioles,BAL,5,False,701519,Travis Adams,Travis,Adams,45,2000-01-19,26,"6' 1""",197,1,Pitcher,R,Right,R,Right,"1.0 IP, 2 ER, K, 0 BB",,,,,,,,,,,,,,,,1.0,2,3,0,1,0,21,0,0,0
2026-08-10,823675,,/api/v1.1/game/823675/feed/live,R,2026,2026-08-10,,night,P,N,N,Regular Season,1,3,1,Final,Final,3312,Target Field,142,Minnesota Twins,MIN,9,True,110,Baltimore Orioles,BAL,5,False,668904,Royce Lewis,Royce,Lewis,23,1999-06-05,27,"6' 0""",200,3,First Base,R,Right,R,Right,"2-4 | BB, 2 K, RBI",,4,2,0,0,0,1,1,2,1,0,0,0,5,2,,,,,,,,,,
2026-08-10,823675,,/api/v1.1/game/823675/feed/live,R,2026,2026-08-10,,night,P,N,N,Regular Season,1,3,1,Final,Final,3312,Target Field,142,Minnesota Twins,MIN,9,True,110,Baltimore Orioles,BAL,5,False,663616,Trevor Larnach,Trevor,Larnach,9,1997-02-26,29,"6' 3""",223,7,Outfielder,L,Left,R,Right,,,,,,,,,,,,,,,,,,,,,,,,,,
2026-08-10,823675,,/api/v1.1/game/823675/feed/live,R,2026,2026-08-10,,night,P,N,N,Regular Season,1,3,1,Final,Final,3312,Target Field,142,Minnesota Twins,MIN,9,True,110,Baltimore Orioles,BAL,5,False,672782,Yoendrys Gómez,Yoendrys,Gómez,94,1999-10-15,26,"6' 3""",212,1,Pitcher,R,Right,R,Right,,,,,,,,,,,,,,,,,,,,,,,,,,
2026-08-10,823675,,/api/v1.1/game/823675/feed/live,R,2026,2026-08-10,,night,P,N,N,Regular Season,1,3,1,Final,Final,3312,Target Field,142,Minnesota Twins,MIN,9,True,110,Baltimore Orioles,BAL,5,False,805673,Zebby Matthews,Daniel,Matthews,52,2000-05-22,26,"6' 5""",225,1,Pitcher,R,Right,R,Right,,,,,,,,,,,,,,,,,,,,,,,,,,
2026-08-10,823675,,/api/v1.1/game/823675/feed/live,R,2026,2026-08-10,,night,P,N,N,Regular Season,1,3,1,Final,Final,3312,Target Field,142,Minnesota Twins,MIN,9,True,110,Baltimore Orioles,BAL,5,False,656577,Alex Jackson,Alexander,Jackson,70,1995-12-25,30,"6' 1""",238,2,Catcher,R,Right,R,Right,0-0,,0,0,0,0,0,0,0,0,0,0,0,0,0,0,,,,,,,,,,
2026-08-10,823675,,/api/v1.1/game/823675/feed/live,R,2026,2026-08-10,,night,P,N,N,Regular Season,1,3,1,Final,Final,3312,Target Field,142,Minnesota Twins,MIN,9,True,110,Baltimore Orioles,BAL,5,False,702193,Andrew Morris,Andrew,Morris,78,2001-09-01,24,"6' 0""",195,1,Pitcher,R,Right,R,Right,,,,,,,,,,,,,,,,,,,,,,,,,,
2026-08-10,823675,,/api/v1.1/game/823675/feed/live,R,2026,2026-08-10,,night,P,N,N,Regular Season,1,3,1,Final,Final,3312,Target Field,142,Minnesota Twins,MIN,9,True,110,Baltimore Orioles,BAL,5,False,807712,Luke Keaschall,Luke,Keaschall,15,2002-08-15,23,"6' 0""",190,4,Second Base,R,Right,R,Right,"1-3 | BB, HBP, K",,3,1,0,0,0,0,1,1,1,0,0,0,5,1,,,,,,,,,,
2026-08-10,823675,,/api/v1.1/game/823675/feed/live,R,2026,2026-08-10,,night,P,N,N,Regular Season,1,3,1,Final,Final,3312,Target Field,142,Minnesota Twins,MIN,9,True,110,Baltimore Orioles,BAL,5,False,669236,Jeremiah Jackson,Jeremiah,Jackson,82,2000-03-26,26,"5' 11""",200,4,Second Base,R,Right,R,Right,0-1 | K,,1,0,0,0,0,0,0,1,0,0,0,0,1,0,,,,,,,,,,
2026-08-10,823675,,/api/v1.1/game/823675/feed/live,R,2026,2026-08-10,,night,P,N,N,Regular Season,1,3,1,Final,Final,3312,Target Field,142,Minnesota Twins,MIN,9,True,110,Baltimore Orioles,BAL,5,False,669432,Trevor Rogers,Trevor,Rogers,28,1997-11-13,28,"6' 5""",230,1,Pitcher,L,Left,L,Left,"4.0 IP, 2 ER, 4 K, 2 BB",,,,,,,,,,,,,,,,4.0,2,4,1,4,2,79,0,1,0
2026-08-10,823675,,/api/v1.1/game/823675/feed/live,R,2026,2026-08-10,,night,P,N,N,Regular Season,1,3,1,Final,Final,3312,Target Field,142,Minnesota Twins,MIN,9,True,110,Baltimore Orioles,BAL,5,False,670329,Rico Garcia,Joshua,Garcia,50,1994-01-10,32,"5' 9""",215,1,Pitcher,R,Right,R,Right,"0.0 IP, 4 ER, 0 K, BB",,,,,,,,,,,,,,,,0.0,4,3,0,0,1,13,0,0,0
2026-08-10,823675,,/api/v1.1/game/823675/feed/live,R,2026,2026-08-10,,night,P,N,N,Regular Season,1,3,1,Final,Final,3312,Target Field,142,Minnesota Twins,MIN,9,True,110,Baltimore Orioles,BAL,5,False,687064,Brandon Young,Brandon,Young,63,1998-08-19,27,"6' 6""",230,1,Pitcher,R,Right,R,Right,,,,,,,,,,,,,,,,,,,,,,,,,,
2026-08-10,823675,,/api/v1.1/game/823675/feed/live,R,2026,2026-08-10,,night,P,N,N,Regular Season,1,3,1,Final,Final,3312,Target Field,142,Minnesota Twins,MIN,9,True,110,Baltimore Orioles,BAL,5,False,695380,Alex Hoppe,Alex,Hoppe,26,1998-12-17,27,"6' 1""",200,1,Pitcher,R,Right,R,Right,,,,,,,,,,,,,,,,,,,,,,,,,,
2026-08-10,823675,,/api/v1.1/game/823675/feed/live,R,2026,2026-08-10,,night,P,N,N,Regular Season,1,3,1,Final,Final,3312,Target Field,142,Minnesota Twins,MIN,9,True,110,Baltimore Orioles,BAL,5,False,683002,Gunnar Henderson,Gunnar,Henderson,2,2001-06-29,25,"6' 3""",230,6,Shortstop,L,Left,R,Right,"0-3 | BB, R",,3,0,0,0,0,0,1,0,1,0,0,0,4,0,,,,,,,,,,
2026-08-10,823675,,/api/v1.1/game/823675/feed/live,R,2026,2026-08-10,,night,P,N,N,Regular Season,1,3,1,Final,Final,3312,Target Field,142,Minnesota Twins,MIN,9,True,110,Baltimore Orioles,BAL,5,False,665750,Leody Taveras,Leody,Taveras,30,1998-09-08,27,"6' 2""",210,8,Outfielder,S,Switch,R,Right,"1-3 | 3B, R",,3,1,0,1,0,0,1,0,0,0,0,0,3,3,,,,,,,,,,
2026-08-10,823675,,/api/v1.1/game/823675/feed/live,R,2026,2026-08-10,,night,P,N,N,Regular Season,1,3,1,Final,Final,3312,Target Field,142,Minnesota Twins,MIN,9,True,110,Baltimore Orioles,BAL,5,False,669358,Shane Baz,Shane,Baz,34,1999-06-17,27,"6' 3""",200,1,Pitcher,R,Right,R,Right,,,,,,,,,,,,,,,,,,,,,,,,,,
2026-08-10,823675,,/api/v1.1/game/823675/feed/live,R,2026,2026-08-10,,night,P,N,N,Regular Season,1,3,1,Final,Final,3312,Target Field,142,Minnesota Twins,MIN,9,True,110,Baltimore Orioles,BAL,5,False,681047,Christian Franklin,Christian,Franklin,27,1999-11-30,26,"5' 9""",195,7,Outfielder,R,Right,R,Right,0-0 | HBP,,0,0,0,0,0,0,0,0,0,0,0,0,1,0,,,,,,,,,,
2026-08-10,823675,,/api/v1.1/game/823675/feed/live,R,2026,2026-08-10,,night,P,N,N,Regular Season,1,3,1,Final,Final,3312,Target Field,142,Minnesota Twins,MIN,9,True,110,Baltimore Orioles,BAL,5,False,680694,Kyle Bradish,Kyle,Bradish,38,1996-09-12,29,"6' 3""",215,1,Pitcher,R,Right,R,Right,,,,,,,,,,,,,,,,,,,,,,,,,,
2026-08-10,823675,,/api/v1.1/game/823675/feed/live,R,2026,2026-08-10,,night,P,N,N,Regular Season,1,3,1,Final,Final,3312,Target Field,142,Minnesota Twins,MIN,9,True,110,Baltimore Orioles,BAL,5,False,544150,Albert Suárez,Albert,Suárez,49,1989-10-08,36,"6' 3""",235,1,Pitcher,R,Right,R,Right,,,,,,,,,,,,,,,,,,,,,,,,,,
2026-08-10,823675,,/api/v1.1/game/823675/feed/live,R,2026,2026-08-10,,night,P,N,N,Regular Season,1,3,1,Final,Final,3312,Target Field,142,Minnesota Twins,MIN,9,True,110,Baltimore Orioles,BAL,5,False,687637,Dylan Beavers,Dylan,Beavers,12,2001-08-11,25,"6' 5""",220,9,Outfielder,L,Left,R,Right,0-3 | 3 K,,3,0,0,0,0,0,0,3,0,0,0,0,3,0,,,,,,,,,,
2026-08-10,823675,,/api/v1.1/game/823675/feed/live,R,2026,2026-08-10,,night,P,N,N,Regular Season,1,3,1,Final,Final,3312,Target Field,142,Minnesota Twins,MIN,9,True,110,Baltimore Orioles,BAL,5,False,682274,Yaramil Hiraldo,Yaramil,Hiraldo,76,1995-12-31,30,"6' 1""",220,1,Pitcher,R,Right,R,Right,,,,,,,,,,,,,,,,,,,,,,,,,,
2026-08-10,823675,,/api/v1.1/game/823675/feed/live,R,2026,2026-08-10,,night,P,N,N,Regular Season,1,3,1,Final,Final,3312,Target Field,142,Minnesota Twins,MIN,9,True,110,Baltimore Orioles,BAL,5,False,641933,Tyler O'Neill,Tyler,O'Neill,9,1995-06-22,31,"5' 9""",200,9,Outfielder,R,Right,R,Right,0-4 | 2 K,,4,0,0,0,0,0,0,2,0,0,0,0,4,0,,,,,,,,,,
2026-08-10,823675,,/api/v1.1/game/823675/feed/live,R,2026,2026-08-10,,night,P,N,N,Regular Season,1,3,1,Final,Final,3312,Target Field,142,Minnesota Twins,MIN,9,True,110,Baltimore Orioles,BAL,5,False,677020,Josh Walker,Joshua,Walker,61,1994-12-01,31,"6' 6""",225,1,Pitcher,L,Left,L,Left,"0.1 IP, 0 ER, K, BB",,,,,,,,,,,,,,,,0.1,0,0,0,1,1,10,0,0,0
2026-08-10,823675,,/api/v1.1/game/823675/feed/live,R,2026,2026-08-10,,night,P,N,N,Regular Season,1,3,1,Final,Final,3312,Target Field,142,Minnesota Twins,MIN,9,True,110,Baltimore Orioles,BAL,5,False,650968,Yohel Pozo,Yohel,Pozo,79,1997-06-14,29,"5' 11""",201,2,Catcher,R,Right,R,Right,0-0,,0,0,0,0,0,0,0,0,0,0,0,0,0,0,,,,,,,,,,
2026-08-10,823675,,/api/v1.1/game/823675/feed/live,R,2026,2026-08-10,,night,P,N,N,Regular Season,1,3,1,Final,Final,3312,Target Field,142,Minnesota Twins,MIN,9,True,110,Baltimore Orioles,BAL,5,False,624413,Pete Alonso,Peter,Alonso,25,1994-12-07,31,"6' 3""",245,3,First Base,R,Right,R,Right,1-4 | R,,4,1,0,0,0,0,1,0,0,0,0,0,4,1,,,,,,,,,,
2026-08-10,823675,,/api/v1.1/game/823675/feed/live,R,2026,2026-08-10,,night,P,N,N,Regular Season,1,3,1,Final,Final,3312,Target Field,142,Minnesota Twins,MIN,9,True,110,Baltimore Orioles,BAL,5,False,702616,Jackson Holliday,Jackson,Holliday,7,2003-12-04,22,"5' 11""",200,4,Second Base,L,Left,R,Right,"2-4 | R, CS",,4,2,0,0,0,0,1,0,0,0,1,0,4,2,,,,,,,,,,
2026-08-10,823675,,/api/v1.1/game/823675/feed/live,R,2026,2026-08-10,,night,P,N,N,Regular Season,1,3,1,Final,Final,3312,Target Field,142,Minnesota Twins,MIN,9,True,110,Baltimore Orioles,BAL,5,False,665966,Carlos Narváez,Carlos,Narváez,75,1998-11-26,27,"5' 11""",190,2,Catcher,R,Right,R,Right,0-2 | 2 K,,2,0,0,0,0,0,0,2,0,0,0,0,2,0,,,,,,,,,,
2026-08-10,823675,,/api/v1.1/game/823675/feed/live,R,2026,2026-08-10,,night,P,N,N,Regular Season,1,3,1,Final,Final,3312,Target Field,142,Minnesota Twins,MIN,9,True,110,Baltimore Orioles,BAL,5,False,552640,Andrew Kittredge,Andrew,Kittredge,39,1990-03-17,36,"6' 1""",235,1,Pitcher,R,Right,R,Right,,,,,,,,,,,,,,,,,,,,,,,,,,
2026-08-10,823675,,/api/v1.1/game/823675/feed/live,R,2026,2026-08-10,,night,P,N,N,Regular Season,1,3,1,Final,Final,3312,Target Field,142,Minnesota Twins,MIN,9,True,110,Baltimore Orioles,BAL,5,False,664991,Grant Wolfram,Grant,Wolfram,48,1996-12-12,29,"6' 7""",250,1,Pitcher,L,Left,L,Left,"1.2 IP, 3 ER, 3 K, 0 BB",,,,,,,,,,,,,,,,1.2,3,6,1,3,0,43,0,0,0
2026-08-10,823675,,/api/v1.1/game/823675/feed/live,R,2026,2026-08-10,,night,P,N,N,Regular Season,1,3,1,Final,Final,3312,Target Field,142,Minnesota Twins,MIN,9,True,110,Baltimore Orioles,BAL,5,False,687952,Christian Encarnacion-Strand,Christian,Encarnacion-Strand,32,1999-12-01,26,"6' 1""",224,5,Third Base,R,Right,R,Right,0-1 | RBI,,1,0,0,0,0,1,0,0,0,0,0,0,1,0,,,,,,,,,,
2026-08-10,823675,,/api/v1.1/game/823675/feed/live,R,2026,2026-08-10,,night,P,N,N,Regular Season,1,3,1,Final,Final,3312,Target Field,142,Minnesota Twins,MIN,9,True,110,Baltimore Orioles,BAL,5,False,666974,Yennier Cano,Yennier,Cano,78,1994-03-09,32,"6' 4""",245,1,Pitcher,R,Right,R,Right,,,,,,,,,,,,,,,,,,,,,,,,,,
2026-08-10,823675,,/api/v1.1/game/823675/feed/live,R,2026,2026-08-10,,night,P,N,N,Regular Season,1,3,1,Final,Final,3312,Target Field,142,Minnesota Twins,MIN,9,True,110,Baltimore Orioles,BAL,5,False,681297,Colton Cowser,Colton,Cowser,17,2000-03-20,26,"6' 3""",220,8,Outfielder,L,Left,R,Right,1-4 | K,,4,1,0,0,0,0,0,1,0,0,0,0,4,1,,,,,,,,,,
2026-08-10,823675,,/api/v1.1/game/823675/feed/live,R,2026,2026-08-10,,night,P,N,N,Regular Season,1,3,1,Final,Final,3312,Target Field,142,Minnesota Twins,MIN,9,True,110,Baltimore Orioles,BAL,5,False,691723,Coby Mayo,Coby,Mayo,16,2001-12-10,24,"6' 5""",225,5,Third Base,R,Right,R,Right,"2-4 | 2B, 3 RBI, R",,4,2,1,0,0,3,1,0,0,0,0,0,4,3,,,,,,,,,,
2026-08-10,823675,,/api/v1.1/game/823675/feed/live,R,2026,2026-08-10,,night,P,N,N,Regular Season,1,3,1,Final,Final,3312,Target Field,142,Minnesota Twins,MIN,9,True,110,Baltimore Orioles,BAL,5,False,676742,Cam Sanders,Cam,Sanders,73,1996-12-09,29,"6' 2""",215,1,Pitcher,R,Right,R,Right,"2.0 IP, 0 ER, K, 0 BB",,,,,,,,,,,,,,,,2.0,0,1,0,1,0,22,0,0,0
2026-08-10,823018,,/api/v1.1/game/823018/feed/live,R,2026,2026-08-10,,night,P,N,N,Regular Season,1,3,1,Final,Final,2889,Busch Stadium,138,St. Louis Cardinals,STL,5,False,143,Philadelphia Phillies,PHI,6,True,700241,Michael McGreevy,Michael,McGreevy,36,2000-07-08,26,"6' 4""",220,1,Pitcher,L,Left,R,Right,,,,,,,,,,,,,,,,,,,,,,,,,,
2026-08-10,823018,,/api/v1.1/game/823018/feed/live,R,2026,2026-08-10,,night,P,N,N,Regular Season,1,3,1,Final,Final,2889,Busch Stadium,138,St. Louis Cardinals,STL,5,False,143,Philadelphia Phillies,PHI,6,True,691023,Jordan Walker,Jordan,Walker,18,2002-05-22,24,"6' 6""",250,9,Outfielder,R,Right,R,Right,"1-4 | 3 K, R",,4,1,0,0,0,0,1,3,0,0,0,0,4,1,,,,,,,,,,
2026-08-10,823018,,/api/v1.1/game/823018/feed/live,R,2026,2026-08-10,,night,P,N,N,Regular Season,1,3,1,Final,Final,2889,Busch Stadium,138,St. Louis Cardinals,STL,5,False,143,Philadelphia Phillies,PHI,6,True,663494,Bryan Torres,Bryan,Torres,39,1997-07-02,29,"5' 7""",165,7,Outfielder,L,Left,R,Right,0-1,,1,0,0,0,0,0,0,0,0,0,0,0,1,0,,,,,,,,,,
2026-08-10,823018,,/api/v1.1/game/823018/feed/live,R,2026,2026-08-10,,night,P,N,N,Regular Season,1,3,1,Final,Final,2889,Busch Stadium,138,St. Louis Cardinals,STL,5,False,143,Philadelphia Phillies,PHI,6,True,701675,Nathan Church,Nathan,Church,27,2000-07-12,26,"5' 10""",180,8,Outfielder,L,Left,L,Left,1-4,,4,1,0,0,0,0,0,0,0,0,0,0,4,1,,,,,,,,,,
2026-08-10,823018,,/api/v1.1/game/823018/feed/live,R,2026,2026-08-10,,night,P,N,N,Regular Season,1,3,1,Final,Final,2889,Busch Stadium,138,St. Louis Cardinals,STL,5,False,143,Philadelphia Phillies,PHI,6,True,681517,Kyle Leahy,Kyle,Leahy,62,1997-06-04,29,"6' 5""",225,1,Pitcher,S,Switch,R,Right,,,,,,,,,,,,,,,,,,,,,,,,,,
2026-08-10,823018,,/api/v1.1/game/823018/feed/live,R,2026,2026-08-10,,night,P,N,N,Regular Season,1,3,1,Final,Final,2889,Busch Stadium,138,St. Louis Cardinals,STL,5,False,143,Philadelphia Phillies,PHI,6,True,665877,José Fermín,José,Fermín,15,1999-03-29,27,"5' 10""",198,7,Outfielder,R,Right,R,Right,"1-2 | 2 BB, RBI, 2 SB",,2,1,0,0,0,1,0,0,2,2,0,0,4,1,,,,,,,,,,
2026-08-10,823018,,/api/v1.1/game/823018/feed/live,R,2026,2026-08-10,,night,P,N,N,Regular Season,1,3,1,Final,Final,2889,Busch Stadium,138,St. Louis Cardinals,STL,5,False,143,Philadelphia Phillies,PHI,6,True,700669,Gordon Graceffo,Gordon,Graceffo,44,2000-03-17,26,"6' 4""",220,1,Pitcher,R,Right,R,Right,"1.2 IP, 2 ER, 0 K, BB",,,,,,,,,,,,,,,,1.2,2,2,0,0,1,28,0,0,0
2026-08-10,823018,,/api/v1.1/game/823018/feed/live,R,2026,2026-08-10,,night,P,N,N,Regular Season,1,3,1,Final,Final,2889,Busch Stadium,138,St. Louis Cardinals,STL,5,False,143,Philadelphia Phillies,PHI,6,True,802139,JJ Wetherholt,Jonathan,Wetherholt,26,2002-09-10,23,"5' 9""",190,4,Second Base,L,Left,R,Right,"0-4 | BB, 2 K, R",,4,0,0,0,0,0,1,2,1,0,0,0,5,0,,,,,,,,,,
2026-08-10,823018,,/api/v1.1/game/823018/feed/live,R,2026,2026-08-10,,night,P,N,N,Regular Season,1,3,1,Final,Final,2889,Busch Stadium,138,St. Louis Cardinals,STL,5,False,143,Philadelphia Phillies,PHI,6,True,690928,Hunter Dobbins,Hunter,Dobbins,40,1999-08-30,26,"6' 2""",185,1,Pitcher,R,Right,R,Right,"5.0 IP, ER, 6 K, 3 BB",,,,,,,,,,,,,,,,5.0,1,4,0,6,3,97,0,1,0
2026-08-10,823018,,/api/v1.1/game/823018/feed/live,R,2026,2026-08-10,,night,P,N,N,Regular Season,1,3,1,Final,Final,2889,Busch Stadium,138,St. Louis Cardinals,STL,5,False,143,Philadelphia Phillies,PHI,6,True,657571,Caleb Ferguson,Caleb,Ferguson,54,1996-07-02,30,"6' 3""",225,1,Pitcher,R,Right,L,Left,"0.0 IP, ER, 0 K, 3 BB",,,,,,,,,,,,,,,,0.0,1,1,0,0,3,20,0,0,0
2026-08-10,823018,,/api/v1.1/game/823018/feed/live,R,2026,2026-08-10,,night,P,N,N,Regular Season,1,3,1,Final,Final,2889,Busch Stadium,138,St. Louis Cardinals,STL,5,False,143,Philadelphia Phillies,PHI,6,True,677865,Justin Bruihl,Justin,Bruihl,47,1997-06-26,29,"6' 2""",215,1,Pitcher,L,Left,L,Left,"1.0 IP, 0 ER, K, 0 BB",,,,,,,,,,,,,,,,1.0,0,1,0,1,0,14,0,0,0
2026-08-10,823018,,/api/v1.1/game/823018/feed/live,R,2026,2026-08-10,,night,P,N,N,Regular Season,1,3,1,Final,Final,2889,Busch Stadium,138,St. Louis Cardinals,STL,5,False,143,Philadelphia Phillies,PHI,6,True,691458,Blaze Jordan,Blaze,Jordan,33,2002-12-19,23,"6' 1""",220,5,Third Base,R,Right,R,Right,,,,,,,,,,,,,,,,,,,,,,,,,,
2026-08-10,823018,,/api/v1.1/game/823018/feed/live,R,2026,2026-08-10,,night,P,N,N,Regular Season,1,3,1,Final,Final,2889,Busch Stadium,138,St. Louis Cardinals,STL,5,False,143,Philadelphia Phillies,PHI,6,True,676475,Alec Burleson,Alec,Burleson,41,1998-11-25,27,"6' 0""",225,3,First Base,L,Left,L,Left,"2-4 | 2B, BB, K",,4,2,1,0,0,3,1,1,1,0,0,0,5,3,,,,,,,,,,
2026-08-10,823018,,/api/v1.1/game/823018/feed/live,R,2026,2026-08-10,,night,P,N,N,Regular Season,1,3,1,Final,Final,2889,Busch Stadium,138,St. Louis Cardinals,STL,5,False,143,Philadelphia Phillies,PHI,6,True,676617,Riley O'Brien,Riley,O'Brien,61,1995-02-06,31,"6' 4""",180,1,Pitcher,R,Right,R,Right,,,,,,,,,,,,,,,,,,,,,,,,,,
2026-08-10,823018,,/api/v1.1/game/823018/feed/live,R,2026,2026-08-10,,night,P,N,N,Regular Season,1,3,1,Final,Final,2889,Busch Stadium,138,St. Louis Cardinals,STL,5,False,143,Philadelphia Phillies,PHI,6,True,669467,Andre Pallante,Neil,Pallante,53,1998-09-18,27,"6' 0""",215,1,Pitcher,R,Right,R,Right,,,,,,,,,,,,,,,,,,,,,,,,,,
2026-08-10,823018,,/api/v1.1/game/823018/feed/live,R,2026,2026-08-10,,night,P,N,N,Regular Season,1,3,1,Final,Final,2889,Busch Stadium,138,St. Louis Cardinals,STL,5,False,143,Philadelphia Phillies,PHI,6,True,666277,George Soriano,George,Soriano,65,1999-03-24,27,"6' 2""",210,1,Pitcher,R,Right,R,Right,,,,,,,,,,,,,,,,,,,,,,,,,,
2026-08-10,823018,,/api/v1.1/game/823018/feed/live,R,2026,2026-08-10,,night,P,N,N,Regular Season,1,3,1,Final,Final,2889,Busch Stadium,138,St. Louis Cardinals,STL,5,False,143,Philadelphia Phillies,PHI,6,True,669461,Matthew Liberatore,Matthew,Liberatore,32,1999-11-06,26,"6' 4""",215,1,Pitcher,L,Left,L,Left,,,,,,,,,,,,,,,,,,,,,,,,,,
2026-08-10,823018,,/api/v1.1/game/823018/feed/live,R,2026,2026-08-10,,night,P,N,N,Regular Season,1,3,1,Final,Final,2889,Busch Stadium,138,St. Louis Cardinals,STL,5,False,143,Philadelphia Phillies,PHI,6,True,686780,Pedro Pagés,Pedro,Pagés,43,1998-09-17,27,"5' 11""",245,2,Catcher,R,Right,R,Right,,,,,,,,,,,,,,,,,,,,,,,,,,
2026-08-10,823018,,/api/v1.1/game/823018/feed/live,R,2026,2026-08-10,,night,P,N,N,Regular Season,1,3,1,Final,Final,2889,Busch Stadium,138,St. Louis Cardinals,STL,5,False,143,Philadelphia Phillies,PHI,6,True,592773,Ryne Stanek,Ryne,Stanek,55,1991-07-26,35,"6' 4""",226,1,Pitcher,R,Right,R,Right,,,,,,,,,,,,,,,,,,,,,,,,,,
2026-08-10,823018,,/api/v1.1/game/823018/feed/live,R,2026,2026-08-10,,night,P,N,N,Regular Season,1,3,1,Final,Final,2889,Busch Stadium,138,St. Louis Cardinals,STL,5,False,143,Philadelphia Phillies,PHI,6,True,703725,Luis Gastelum,Luis,Gastelum,72,2001-09-27,24,"6' 2""",175,1,Pitcher,R,Right,R,Right,"1.1 IP, 0 ER, 3 K, 0 BB",,,,,,,,,,,,,,,,1.1,0,0,0,3,0,14,0,0,0
2026-08-10,823018,,/api/v1.1/game/823018/feed/live,R,2026,2026-08-10,,night,P,N,N,Regular Season,1,3,1,Final,Final,2889,Busch Stadium,138,St. Louis Cardinals,STL,5,False,143,Philadelphia Phillies,PHI,6,True,657265,Peter Strzelecki,Peter,Strzelecki,58,1994-10-24,31,"6' 2""",210,1,Pitcher,R,Right,R,Right,,,,,,,,,,,,,,,,,,,,,,,,,,
2026-08-10,823018,,/api/v1.1/game/823018/feed/live,R,2026,2026-08-10,,night,P,N,N,Regular Season,1,3,1,Final,Final,2889,Busch Stadium,138,St. Louis Cardinals,STL,5,False,143,Philadelphia Phillies,PHI,6,True,693409,César Prieto,Cesar,Prieto,31,1999-05-10,27,"5' 9""",195,5,Third Base,L,Left,R,Right,0-3,,3,0,0,0,0,0,0,0,0,0,0,0,3,0,,,,,,,,,,
2026-08-10,823018,,/api/v1.1/game/823018/feed/live,R,2026,2026-08-10,,night,P,N,N,Regular Season,1,3,1,Final,Final,2889,Busch Stadium,138,St. Louis Cardinals,STL,5,False,143,Philadelphia Phillies,PHI,6,True,677592,Everson Pereira,Everson,Pereira,21,2001-04-10,25,"5' 11""",203,9,Outfielder,R,Right,R,Right,,,,,,,,,,,,,,,,,,,,,,,,,,
2026-08-10,823018,,/api/v1.1/game/823018/feed/live,R,2026,2026-08-10,,night,P,N,N,Regular Season,1,3,1,Final,Final,2889,Busch Stadium,138,St. Louis Cardinals,STL,5,False,143,Philadelphia Phillies,PHI,6,True,691026,Masyn Winn,Masyn,Winn,0,2002-03-21,24,"5' 9""",185,6,Shortstop,R,Right,R,Right,"1-4 | 2B, 2 K, RBI",,4,1,1,0,0,1,0,2,0,0,0,0,4,2,,,,,,,,,,
2026-08-10,823018,,/api/v1.1/game/823018/feed/live,R,2026,2026-08-10,,night,P,N,N,Regular Season,1,3,1,Final,Final,2889,Busch Stadium,138,St. Louis Cardinals,STL,5,False,143,Philadelphia Phillies,PHI,6,True,671056,Iván Herrera,Ivan,Herrera,48,2000-06-01,26,"5' 11""",220,10,Designated Hitter,R,Right,R,Right,"2-5 | 2 2B, 2 R",,5,2,2,0,0,0,2,0,0,0,0,0,5,4,,,,,,,,,,
2026-08-10,823018,,/api/v1.1/game/823018/feed/live,R,2026,2026-08-10,,night,P,N,N,Regular Season,1,3,1,Final,Final,2889,Busch Stadium,138,St. Louis Cardinals,STL,5,False,143,Philadelphia Phillies,PHI,6,True,699625,Jimmy Crooks,James,Crooks,8,2001-07-19,25,"6' 0""",230,2,Catcher,L,Left,R,Right,0-4 | 2 K,,4,0,0,0,0,0,0,2,0,0,0,0,4,0,,,,,,,,,,
2026-08-10,823018,,/api/v1.1/game/823018/feed/live,R,2026,2026-08-10,,night,P,N,N,Regular Season,1,3,1,Final,Final,2889,Busch Stadium,138,St. Louis Cardinals,STL,5,False,143,Philadelphia Phillies,PHI,6,True,669016,Brandon Marsh,Brandon,Marsh,16,1997-12-18,28,"6' 2""",215,7,Outfielder,L,Left,R,Right,"1-4 | BB, 3 K, 2 R",,4,1,0,0,0,0,2,3,1,0,0,0,5,1,,,,,,,,,,
2026-08-10,823018,,/api/v1.1/game/823018/feed/live,R,2026,2026-08-10,,night,P,N,N,Regular Season,1,3,1,Final,Final,2889,Busch Stadium,138,St. Louis Cardinals,STL,5,False,143,Philadelphia Phillies,PHI,6,True,666200,Jesús Luzardo,Jesús,Luzardo,44,1997-09-30,28,"6' 0""",218,1,Pitcher,L,Left,L,Left,,,,,,,,,,,,,,,,,,,,,,,,,,
2026-08-10,823018,,/api/v1.1/game/823018/feed/live,R,2026,2026-08-10,,night,P,N,N,Regular Season,1,3,1,Final,Final,2889,Busch Stadium,138,St. Louis Cardinals,STL,5,False,143,Philadelphia Phillies,PHI,6,True,621237,José Alvarado,José,Alvarado,46,1995-05-21,31,"6' 2""",245,1,Pitcher,L,Left,L,Left,,,,,,,,,,,,,,,,,,,,,,,,,,
2026-08-10,823018,,/api/v1.1/game/823018/feed/live,R,2026,2026-08-10,,night,P,N,N,Regular Season,1,3,1,Final,Final,2889,Busch Stadium,138,St. Louis Cardinals,STL,5,False,143,Philadelphia Phillies,PHI,6,True,702222,Justin Crawford,Justin,Crawford,2,2004-01-13,22,"6' 2""",188,8,Outfielder,L,Left,R,Right,"1-4 | 2B, K, R",,4,1,1,0,0,0,1,1,0,0,0,0,4,2,,,,,,,,,,
2026-08-10,823018,,/api/v1.1/game/823018/feed/live,R,2026,2026-08-10,,night,P,N,N,Regular Season,1,3,1,Final,Final,2889,Busch Stadium,138,St. Louis Cardinals,STL,5,False,143,Philadelphia Phillies,PHI,6,True,650559,Bryan De La Cruz,Bryan,De La Cruz,41,1996-12-16,29,"6' 0""",175,9,Outfielder,R,Right,R,Right,,,,,,,,,,,,,,,,,,,,,,,,,,
2026-08-10,823018,,/api/v1.1/game/823018/feed/live,R,2026,2026-08-10,,night,P,N,N,Regular Season,1,3,1,Final,Final,2889,Busch Stadium,138,St. Louis Cardinals,STL,5,False,143,Philadelphia Phillies,PHI,6,True,650911,Cristopher Sánchez,Cristopher,Sánchez,61,1996-12-12,29,"6' 6""",200,1,Pitcher,L,Left,L,Left,,,,,,,,,,,,,,,,,,,,,,,,,,
2026-08-10,823018,,/api/v1.1/game/823018/feed/live,R,2026,2026-08-10,,night,P,N,N,Regular Season,1,3,1,Final,Final,2889,Busch Stadium,138,St. Louis Cardinals,STL,5,False,143,Philadelphia Phillies,PHI,6,True,547180,Bryce Harper,Bryce,Harper,3,1992-10-16,33,"6' 1""",210,3,First Base,L,Left,R,Right,"0-3 | 2 BB, K",,3,0,0,0,0,0,0,1,2,0,0,1,5,0,,,,,,,,,,
2026-08-10,823018,,/api/v1.1/game/823018/feed/live,R,2026,2026-08-10,,night,P,N,N,Regular Season,1,3,1,Final,Final,2889,Busch Stadium,138,St. Louis Cardinals,STL,5,False,143,Philadelphia Phillies,PHI,6,True,592663,J.T. Realmuto,Jacob,Realmuto,10,1991-03-18,35,"6' 0""",212,2,Catcher,R,Right,R,Right,,,,,,,,,,,,,,,,,,,,,,,,,,
2026-08-10,823018,,/api/v1.1/game/823018/feed/live,R,2026,2026-08-10,,night,P,N,N,Regular Season,1,3,1,Final,Final,2889,Busch Stadium,138,St. Louis Cardinals,STL,5,False,143,Philadelphia Phillies,PHI,6,True,554430,Zack Wheeler,Zachary,Wheeler,45,1990-05-30,36,"6' 4""",195,1,Pitcher,L,Left,R,Right,,,,,,,,,,,,,,,,,,,,,,,,,,
2026-08-10,823018,,/api/v1.1/game/823018/feed/live,R,2026,2026-08-10,,night,P,N,N,Regular Season,1,3,1,Final,Final,2889,Busch Stadium,138,St. Louis Cardinals,STL,5,False,143,Philadelphia Phillies,PHI,6,True,624641,Edmundo Sosa,Edmundo,Sosa,33,1996-03-06,30,"5' 11""",210,7,Outfielder,R,Right,R,Right,"2-3 | 2B, HBP, K",,3,2,1,0,0,3,0,1,0,0,0,0,4,3,,,,,,,,,,
2026-08-10,823018,,/api/v1.1/game/823018/feed/live,R,2026,2026-08-10,,night,P,N,N,Regular Season,1,3,1,Final,Final,2889,Busch Stadium,138,St. Louis Cardinals,STL,5,False,143,Philadelphia Phillies,PHI,6,True,661395,Jhoan Duran,Jhoan,Duran,59,1998-01-08,28,"6' 5""",230,1,Pitcher,R,Right,R,Right,,,,,,,,,,,,,,,,,,,,,,,,,,
2026-08-10,823018,,/api/v1.1/game/823018/feed/live,R,2026,2026-08-10,,night,P,N,N,Regular Season,1,3,1,Final,Final,2889,Busch Stadium,138,St. Louis Cardinals,STL,5,False,143,Philadelphia Phillies,PHI,6,True,689147,Orion Kerkering,Richard,Kerkering,50,2001-04-04,25,"6' 2""",204,1,Pitcher,R,Right,R,Right,,,,,,,,,,,,,,,,,,,,,,,,,,
2026-08-10,823018,,/api/v1.1/game/823018/feed/live,R,2026,2026-08-10,,night,P,N,N,Regular Season,1,3,1,Final,Final,2889,Busch Stadium,138,St. Louis Cardinals,STL,5,False,143,Philadelphia Phillies,PHI,6,True,664761,Alec Bohm,Alec,Bohm,28,1996-08-03,30,"6' 4""",218,5,Third Base,R,Right,R,Right,0-0,,0,0,0,0,0,0,0,0,0,0,0,0,0,0,,,,,,,,,,
2026-08-10,823018,,/api/v1.1/game/823018/feed/live,R,2026,2026-08-10,,night,P,N,N,Regular Season,1,3,1,Final,Final,2889,Busch Stadium,138,St. Louis Cardinals,STL,5,False,143,Philadelphia Phillies,PHI,6,True,680742,Jonathan Bowlan,Jonathan,Bowlan,52,1996-12-01,29,"6' 6""",240,1,Pitcher,R,Right,R,Right,"1.0 IP, 0 ER, K, 0 BB",,,,,,,,,,,,,,,,1.0,0,0,0,1,0,10,0,0,1
2026-08-10,823018,,/api/v1.1/game/823018/feed/live,R,2026,2026-08-10,,night,P,N,N,Regular Season,1,3,1,Final,Final,2889,Busch Stadium,138,St. Louis Cardinals,STL,5,False,143,Philadelphia Phillies,PHI,6,True,663767,Chase Shugart,Chase,Shugart,55,1996-10-24,29,"5' 11""",200,1,Pitcher,L,Left,R,Right,,,,,,,,,,,,,,,,,,,,,,,,,,
2026-08-10,823018,,/api/v1.1/game/823018/feed/live,R,2026,2026-08-10,,night,P,N,N,Regular Season,1,3,1,Final,Final,2889,Busch Stadium,138,St. Louis Cardinals,STL,5,False,143,Philadelphia Phillies,PHI,6,True,641835,Tim Mayza,Timothy,Mayza,37,1992-01-15,34,"6' 3""",215,1,Pitcher,L,Left,L,Left,,,,,,,,,,,,,,,,,,,,,,,,,,
2026-08-10,823018,,/api/v1.1/game/823018/feed/live,R,2026,2026-08-10,,night,P,N,N,Regular Season,1,3,1,Final,Final,2889,Busch Stadium,138,St. Louis Cardinals,STL,5,False,143,Philadelphia Phillies,PHI,6,True,681082,Bryson Stott,Bryson,Stott,5,1997-10-06,28,"6' 0""",200,4,Second Base,L,Left,R,Right,"2-4 | BB, K",,4,2,0,0,0,0,0,1,1,0,0,0,5,2,,,,,,,,,,
2026-08-10,823018,,/api/v1.1/game/823018/feed/live,R,2026,2026-08-10,,night,P,N,N,Regular Season,1,3,1,Final,Final,2889,Busch Stadium,138,St. Louis Cardinals,STL,5,False,143,Philadelphia Phillies,PHI,6,True,656941,Kyle Schwarber,Kyle,Schwarber,12,1993-03-05,33,"5' 11""",229,10,Designated Hitter,L,Left,R,Right,"2-3 | 2B, 2 BB, RBI",,3,2,1,0,0,1,1,0,2,0,0,0,5,3,,,,,,,,,,
2026-08-10,823018,,/api/v1.1/game/823018/feed/live,R,2026,2026-08-10,,night,P,N,N,Regular Season,1,3,1,Final,Final,2889,Busch Stadium,138,St. Louis Cardinals,STL,5,False,143,Philadelphia Phillies,PHI,6,True,596117,Garrett Stubbs,Garrett,Stubbs,21,1993-05-26,33,"5' 9""",170,2,Catcher,L,Left,R,Right,"0-3 | BB, K, R",,3,0,0,0,0,0,1,1,1,0,0,0,4,0,,,,,,,,,,
2026-08-10,823018,,/api/v1.1/game/823018/feed/live,R,2026,2026-08-10,,night,P,N,N,Regular Season,1,3,1,Final,Final,2889,Busch Stadium,138,St. Louis Cardinals,STL,5,False,143,Philadelphia Phillies,PHI,6,True,605400,Aaron Nola,Aaron,Nola,27,1993-06-04,33,"6' 2""",200,1,Pitcher,R,Right,R,Right,,,,,,,,,,,,,,,,,,,,,,,,,,
2026-08-10,823018,,/api/v1.1/game/823018/feed/live,R,2026,2026-08-10,,night,P,N,N,Regular Season,1,3,1,Final,Final,2889,Busch Stadium,138,St. Louis Cardinals,STL,5,False,143,Philadelphia Phillies,PHI,6,True,548384,Brooks Raley,Brooks,Raley,30,1988-06-29,38,"6' 3""",200,1,Pitcher,L,Left,L,Left,,,,,,,,,,,,,,,,,,,,,,,,,,
2026-08-10,823018,,/api/v1.1/game/823018/feed/live,R,2026,2026-08-10,,night,P,N,N,Regular Season,1,3,1,Final,Final,2889,Busch Stadium,138,St. Louis Cardinals,STL,5,False,143,Philadelphia Phillies,PHI,6,True,660604,Alan Rangel,Alan,Rangel,57,1997-08-21,28,"6' 2""",170,1,Pitcher,R,Right,R,Right,"2.2 IP, 3 ER, 3 K, BB",,,,,,,,,,,,,,,,2.2,3,6,0,3,1,55,0,0,0
2026-08-10,823018,,/api/v1.1/game/823018/feed/live,R,2026,2026-08-10,,night,P,N,N,Regular Season,1,3,1,Final,Final,2889,Busch Stadium,138,St. Louis Cardinals,STL,5,False,143,Philadelphia Phillies,PHI,6,True,650333,Luis Arraez,Luis,Arraez,4,1997-04-09,29,"5' 10""",186,4,Second Base,L,Left,R,Right,0-5,,5,0,0,0,0,0,0,0,0,0,0,1,5,0,,,,,,,,,,
2026-08-10,823018,,/api/v1.1/game/823018/feed/live,R,2026,2026-08-10,,night,P,N,N,Regular Season,1,3,1,Final,Final,2889,Busch Stadium,138,St. Louis Cardinals,STL,5,False,143,Philadelphia Phillies,PHI,6,True,607208,Trea Turner,Trea,Turner,7,1993-06-30,33,"6' 1""",185,6,Shortstop,R,Right,R,Right,,,,,,,,,,,,,,,,,,,,,,,,,,
2026-08-10,823018,,/api/v1.1/game/823018/feed/live,R,2026,2026-08-10,,night,P,N,N,Regular Season,1,3,1,Final,Final,2889,Busch Stadium,138,St. Louis Cardinals,STL,5,False,143,Philadelphia Phillies,PHI,6,True,656537,Derek Hill,Derek,Hill,49,1995-12-30,30,"6' 0""",206,8,Outfielder,R,Right,R,Right,"0-4 | 2 K, R",,4,0,0,0,0,0,1,2,0,0,0,0,4,0,,,,,,,,,,
2026-08-10,823018,,/api/v1.1/game/823018/feed/live,R,2026,2026-08-10,,night,P,N,N,Regular Season,1,3,1,Final,Final,2889,Busch Stadium,138,St. Louis Cardinals,STL,5,False,143,Philadelphia Phillies,PHI,6,True,691725,Andrew Painter,Andrew,Painter,24,2003-04-10,23,"6' 7""",215,1,Pitcher,R,Right,R,Right,"5.1 IP, 2 ER, 6 K, 3 BB",,,,,,,,,,,,,,,,5.1,2,2,0,6,3,93,1,0,0
2026-08-10,823998,,/api/v1.1/game/823998/feed/live,R,2026,2026-08-10,,night,P,N,N,Regular Season,1,4,1,Final,Final,1,Angel Stadium,108,Los Angeles Angels,LAA,1,False,140,Texas Rangers,TEX,4,True,624428,Adam Frazier,Adam,Frazier,20,1991-12-14,34,"5' 10""",190,4,Second Base,L,Left,R,Right,0-1 | K,,1,0,0,0,0,0,0,1,0,0,0,0,1,0,,,,,,,,,,
2026-08-10,823998,,/api/v1.1/game/823998/feed/live,R,2026,2026-08-10,,night,P,N,N,Regular Season,1,4,1,Final,Final,1,Angel Stadium,108,Los Angeles Angels,LAA,1,False,140,Texas Rangers,TEX,4,True,642350,Jose Siri,Jose,Siri,28,1995-07-22,31,"6' 2""",210,8,Outfielder,R,Right,R,Right,0-4 | 3 K,,4,0,0,0,0,0,0,3,0,0,0,1,4,0,,,,,,,,,,
2026-08-10,823998,,/api/v1.1/game/823998/feed/live,R,2026,2026-08-10,,night,P,N,N,Regular Season,1,4,1,Final,Final,1,Angel Stadium,108,Los Angeles Angels,LAA,1,False,140,Texas Rangers,TEX,4,True,672724,Oswald Peraza,Oswald,Peraza,2,2000-06-15,26,"5' 11""",200,4,Second Base,R,Right,R,Right,1-3,,3,1,0,0,0,0,0,0,0,0,0,0,3,1,,,,,,,,,,
2026-08-10,823998,,/api/v1.1/game/823998/feed/live,R,2026,2026-08-10,,night,P,N,N,Regular Season,1,4,1,Final,Final,1,Angel Stadium,108,Los Angeles Angels,LAA,1,False,140,Texas Rangers,TEX,4,True,687263,Zach Neto,Zachary,Neto,9,2001-01-31,25,"5' 11""",185,6,Shortstop,R,Right,R,Right,0-5 | K,,5,0,0,0,0,0,0,1,0,0,0,0,5,0,,,,,,,,,,
2026-08-10,823998,,/api/v1.1/game/823998/feed/live,R,2026,2026-08-10,,night,P,N,N,Regular Season,1,4,1,Final,Final,1,Angel Stadium,108,Los Angeles Angels,LAA,1,False,140,Texas Rangers,TEX,4,True,518595,Travis d'Arnaud,Travis,d'Arnaud,25,1989-02-10,37,"6' 0""",210,2,Catcher,R,Right,R,Right,"0-1 | BB, K",,1,0,0,0,0,0,0,1,1,0,0,0,2,0,,,,,,,,,,
2026-08-10,823998,,/api/v1.1/game/823998/feed/live,R,2026,2026-08-10,,night,P,N,N,Regular Season,1,4,1,Final,Final,1,Angel Stadium,108,Los Angeles Angels,LAA,1,False,140,Texas Rangers,TEX,4,True,696270,Ryan Johnson,Ryan,Johnson,32,2002-08-05,24,"6' 6""",215,1,Pitcher,S,Switch,R,Right,,,,,,,,,,,,,,,,,,,,,,,,,,
2026-08-10,823998,,/api/v1.1/game/823998/feed/live,R,2026,2026-08-10,,night,P,N,N,Regular Season,1,4,1,Final,Final,1,Angel Stadium,108,Los Angeles Angels,LAA,1,False,140,Texas Rangers,TEX,4,True,690829,Ben Joyce,Benjamin,Joyce,44,2000-09-17,25,"6' 5""",225,1,Pitcher,R,Right,R,Right,"1.0 IP, 0 ER, K, 0 BB",,,,,,,,,,,,,,,,1.0,0,0,0,1,0,14,0,0,0
2026-08-10,823998,,/api/v1.1/game/823998/feed/live,R,2026,2026-08-10,,night,P,N,N,Regular Season,1,4,1,Final,Final,1,Angel Stadium,108,Los Angeles Angels,LAA,1,False,140,Texas Rangers,TEX,4,True,680570,Grayson Rodriguez,Grayson,Rodriguez,21,1999-11-16,26,"6' 5""",230,1,Pitcher,L,Left,R,Right,,,,,,,,,,,,,,,,,,,,,,,,,,
2026-08-10,823998,,/api/v1.1/game/823998/feed/live,R,2026,2026-08-10,,night,P,N,N,Regular Season,1,4,1,Final,Final,1,Angel Stadium,108,Los Angeles Angels,LAA,1,False,140,Texas Rangers,TEX,4,True,545361,Mike Trout,Michael,Trout,27,1991-08-07,35,"6' 1""",235,8,Outfielder,R,Right,R,Right,"1-2 | HR, 3 BB, RBI",,2,1,0,0,1,1,1,0,3,0,0,0,5,4,,,,,,,,,,
2026-08-10,823998,,/api/v1.1/game/823998/feed/live,R,2026,2026-08-10,,night,P,N,N,Regular Season,1,4,1,Final,Final,1,Angel Stadium,108,Los Angeles Angels,LAA,1,False,140,Texas Rangers,TEX,4,True,694208,Moisés Ballesteros,Moisés,Ballesteros,13,2003-11-08,22,"5' 8""",195,2,Catcher,L,Left,R,Right,0-4 | 2 K,,4,0,0,0,0,0,0,2,0,0,0,0,4,0,,,,,,,,,,
2026-08-10,823998,,/api/v1.1/game/823998/feed/live,R,2026,2026-08-10,,night,P,N,N,Regular Season,1,4,1,Final,Final,1,Angel Stadium,108,Los Angeles Angels,LAA,1,False,140,Texas Rangers,TEX,4,True,820862,José Fermin,Jose,Fermin,65,2001-11-28,24,"6' 3""",242,1,Pitcher,R,Right,R,Right,"0.2 IP, 0 ER, 0 K, BB",,,,,,,,,,,,,,,,0.2,0,1,0,0,1,18,0,0,0
2026-08-10,823998,,/api/v1.1/game/823998/feed/live,R,2026,2026-08-10,,night,P,N,N,Regular Season,1,4,1,Final,Final,1,Angel Stadium,108,Los Angeles Angels,LAA,1,False,140,Texas Rangers,TEX,4,True,694203,Denzer Guzman,Denzer,Guzman,23,2004-02-08,22,"6' 1""",190,5,Third Base,R,Right,R,Right,0-1 | K,,1,0,0,0,0,0,0,1,0,0,0,0,1,0,,,,,,,,,,
2026-08-10,823998,,/api/v1.1/game/823998/feed/live,R,2026,2026-08-10,,night,P,N,N,Regular Season,1,4,1,Final,Final,1,Angel Stadium,108,Los Angeles Angels,LAA,1,False,140,Texas Rangers,TEX,4,True,687093,Vaughn Grissom,Vaughn,Grissom,5,2001-01-05,25,"6' 2""",210,4,Second Base,R,Right,R,Right,2-4 | 2 K,,4,2,0,0,0,0,0,2,0,0,0,0,4,2,,,,,,,,,,
2026-08-10,823998,,/api/v1.1/game/823998/feed/live,R,2026,2026-08-10,,night,P,N,N,Regular Season,1,4,1,Final,Final,1,Angel Stadium,108,Los Angeles Angels,LAA,1,False,140,Texas Rangers,TEX,4,True,694384,Nolan Schanuel,Nolan,Schanuel,18,2002-02-14,24,"6' 2""",220,3,First Base,L,Left,R,Right,0-5 | K,,5,0,0,0,0,0,0,1,0,0,0,0,5,0,,,,,,,,,,
2026-08-10,823998,,/api/v1.1/game/823998/feed/live,R,2026,2026-08-10,,night,P,N,N,Regular Season,1,4,1,Final,Final,1,Angel Stadium,108,Los Angeles Angels,LAA,1,False,140,Texas Rangers,TEX,4,True,685133,Wade Meckler,Wade,Meckler,53,2000-04-21,26,"5' 9""",190,7,Outfielder,L,Left,R,Right,1-3,,3,1,0,0,0,0,0,0,0,0,0,0,4,1,,,,,,,,,,
2026-08-10,823998,,/api/v1.1/game/823998/feed/live,R,2026,2026-08-10,,night,P,N,N,Regular Season,1,4,1,Final,Final,1,Angel Stadium,108,Los Angeles Angels,LAA,1,False,140,Texas Rangers,TEX,4,True,666139,Josh Lowe,Joshua,Lowe,3,1998-02-02,28,"6' 3""",220,7,Outfielder,L,Left,R,Right,1-1,,1,1,0,0,0,0,0,0,0,0,0,0,1,1,,,,,,,,,,
2026-08-10,823998,,/api/v1.1/game/823998/feed/live,R,2026,2026-08-10,,night,P,N,N,Regular Season,1,4,1,Final,Final,1,Angel Stadium,108,Los Angeles Angels,LAA,1,False,140,Texas Rangers,TEX,4,True,623168,Tyler Heineman,Tyler,Heineman,31,1991-06-19,35,"5' 10""",190,2,Catcher,S,Switch,R,Right,0-1,,1,0,0,0,0,0,0,0,0,0,0,0,1,0,,,,,,,,,,
2026-08-10,823998,,/api/v1.1/game/823998/feed/live,R,2026,2026-08-10,,night,P,N,N,Regular Season,1,4,1,Final,Final,1,Angel Stadium,108,Los Angeles Angels,LAA,1,False,140,Texas Rangers,TEX,4,True,642048,Tayler Saucedo,Tayler,Saucedo,55,1993-06-18,33,"6' 4""",205,1,Pitcher,L,Left,L,Left,"0.1 IP, 0 ER, 0 K, 0 BB",,,,,,,,,,,,,,,,0.1,0,0,0,0,0,4,0,0,0
2026-08-10,823998,,/api/v1.1/game/823998/feed/live,R,2026,2026-08-10,,night,P,N,N,Regular Season,1,4,1,Final,Final,1,Angel Stadium,108,Los Angeles Angels,LAA,1,False,140,Texas Rangers,TEX,4,True,684665,Luke Murphy,Luke,Murphy,72,1999-11-05,26,"6' 5""",190,1,Pitcher,R,Right,R,Right,"0.1 IP, 2 ER, 0 K, BB",,,,,,,,,,,,,,,,0.1,2,1,0,0,1,14,0,1,0
2026-08-10,823998,,/api/v1.1/game/823998/feed/live,R,2026,2026-08-10,,night,P,N,N,Regular Season,1,4,1,Final,Final,1,Angel Stadium,108,Los Angeles Angels,LAA,1,False,140,Texas Rangers,TEX,4,True,700712,Walbert Ureña,Walbert,Ureña,57,2004-01-25,22,"6' 0""",210,1,Pitcher,R,Right,R,Right,,,,,,,,,,,,,,,,,,,,,,,,,,
2026-08-10,823998,,/api/v1.1/game/823998/feed/live,R,2026,2026-08-10,,night,P,N,N,Regular Season,1,4,1,Final,Final,1,Angel Stadium,108,Los Angeles Angels,LAA,1,False,140,Texas Rangers,TEX,4,True,691946,George Klassen,George,Klassen,58,2002-01-26,24,"6' 2""",195,1,Pitcher,R,Right,R,Right,,,,,,,,,,,,,,,,,,,,,,,,,,
2026-08-10,823998,,/api/v1.1/game/823998/feed/live,R,2026,2026-08-10,,night,P,N,N,Regular Season,1,4,1,Final,Final,1,Angel Stadium,108,Los Angeles Angels,LAA,1,False,140,Texas Rangers,TEX,4,True,672282,Reid Detmers,Reid,Detmers,48,1999-07-08,27,"6' 2""",210,1,Pitcher,L,Left,L,Left,"6.0 IP, ER, 6 K, 4 BB",,,,,,,,,,,,,,,,6.0,1,3,0,6,4,88,0,0,0
2026-08-10,823998,,/api/v1.1/game/823998/feed/live,R,2026,2026-08-10,,night,P,N,N,Regular Season,1,4,1,Final,Final,1,Angel Stadium,108,Los Angeles Angels,LAA,1,False,140,Texas Rangers,TEX,4,True,676620,Blake Weiman,Blake,Weiman,68,1995-11-05,30,"6' 3""",225,1,Pitcher,R,Right,L,Left,"0.2 IP, 0 ER, K, 0 BB",,,,,,,,,,,,,,,,0.2,0,2,0,1,0,12,0,0,0
2026-08-10,823998,,/api/v1.1/game/823998/feed/live,R,2026,2026-08-10,,night,P,N,N,Regular Season,1,4,1,Final,Final,1,Angel Stadium,108,Los Angeles Angels,LAA,1,False,140,Texas Rangers,TEX,4,True,696519,Samy Natera Jr.,Samuel,Natera,52,1999-11-05,26,"6' 4""",230,1,Pitcher,L,Left,L,Left,"1.0 IP, 0 ER, 2 K, 0 BB",,,,,,,,,,,,,,,,1.0,0,1,0,2,0,19,0,0,0
2026-08-10,823998,,/api/v1.1/game/823998/feed/live,R,2026,2026-08-10,,night,P,N,N,Regular Season,1,4,1,Final,Final,1,Angel Stadium,108,Los Angeles Angels,LAA,1,False,140,Texas Rangers,TEX,4,True,671111,Sammy Peralta,Samuel,Peralta,67,1998-05-10,28,"6' 1""",214,1,Pitcher,L,Left,L,Left,,,,,,,,,,,,,,,,,,,,,,,,,,
2026-08-10,823998,,/api/v1.1/game/823998/feed/live,R,2026,2026-08-10,,night,P,N,N,Regular Season,1,4,1,Final,Final,1,Angel Stadium,108,Los Angeles Angels,LAA,1,False,140,Texas Rangers,TEX,4,True,670245,Ryan Watson,Ryan,Watson,56,1997-11-15,28,"6' 5""",225,1,Pitcher,R,Right,R,Right,,,,,,,,,,,,,,,,,,,,,,,,,,
2026-08-10,823998,,/api/v1.1/game/823998/feed/live,R,2026,2026-08-10,,night,P,N,N,Regular Season,1,4,1,Final,Final,1,Angel Stadium,108,Los Angeles Angels,LAA,1,False,140,Texas Rangers,TEX,4,True,694497,Evan Carter,Evan,Carter,32,2002-08-29,23,"6' 2""",190,8,Outfielder,L,Left,R,Right,0-2 | K,,2,0,0,0,0,0,0,1,0,0,0,0,2,0,,,,,,,,,,
2026-08-10,823998,,/api/v1.1/game/823998/feed/live,R,2026,2026-08-10,,night,P,N,N,Regular Season,1,4,1,Final,Final,1,Angel Stadium,108,Los Angeles Angels,LAA,1,False,140,Texas Rangers,TEX,4,True,694671,Wyatt Langford,Wyatt,Langford,36,2001-11-15,24,"6' 0""",225,7,Outfielder,R,Right,R,Right,"0-2 | 3 BB, 2 K, R",,2,0,0,0,0,0,1,2,3,0,0,0,5,0,,,,,,,,,,
2026-08-10,823998,,/api/v1.1/game/823998/feed/live,R,2026,2026-08-10,,night,P,N,N,Regular Season,1,4,1,Final,Final,1,Angel Stadium,108,Los Angeles Angels,LAA,1,False,140,Texas Rangers,TEX,4,True,677958,Kumar Rocker,Kumar,Rocker,80,1999-11-22,26,"6' 5""",245,1,Pitcher,R,Right,R,Right,,,,,,,,,,,,,,,,,,,,,,,,,,
2026-08-10,823998,,/api/v1.1/game/823998/feed/live,R,2026,2026-08-10,,night,P,N,N,Regular Season,1,4,1,Final,Final,1,Angel Stadium,108,Los Angeles Angels,LAA,1,False,140,Texas Rangers,TEX,4,True,669394,Jake Burger,Jacob,Burger,21,1996-04-10,30,"6' 0""",230,3,First Base,R,Right,R,Right,"1-5 | K, 2 RBI",,5,1,0,0,0,2,0,1,0,0,0,0,5,1,,,,,,,,,,
2026-08-10,823998,,/api/v1.1/game/823998/feed/live,R,2026,2026-08-10,,night,P,N,N,Regular Season,1,4,1,Final,Final,1,Angel Stadium,108,Los Angeles Angels,LAA,1,False,140,Texas Rangers,TEX,4,True,682608,Peyton Gray,Peyton,Gray,75,1995-06-02,31,"6' 4""",235,1,Pitcher,R,Right,R,Right,"1.0 IP, 0 ER, K, 0 BB",,,,,,,,,,,,,,,,1.0,0,0,0,1,0,7,1,0,0
2026-08-10,823998,,/api/v1.1/game/823998/feed/live,R,2026,2026-08-10,,night,P,N,N,Regular Season,1,4,1,Final,Final,1,Angel Stadium,108,Los Angeles Angels,LAA,1,False,140,Texas Rangers,TEX,4,True,641302,Tyler Alexander,Tyler,Alexander,13,1994-07-14,32,"6' 1""",214,1,Pitcher,R,Right,L,Left,"0.2 IP, 0 ER, 0 K, 0 BB",,,,,,,,,,,,,,,,0.2,0,0,0,0,0,11,0,0,0
2026-08-10,823998,,/api/v1.1/game/823998/feed/live,R,2026,2026-08-10,,night,P,N,N,Regular Season,1,4,1,Final,Final,1,Angel Stadium,108,Los Angeles Angels,LAA,1,False,140,Texas Rangers,TEX,4,True,681217,Chase Silseth,Chase,Silseth,63,2000-05-18,26,"6' 0""",217,1,Pitcher,R,Right,R,Right,"0.2 IP, 0 ER, 0 K, BB",,,,,,,,,,,,,,,,0.2,0,1,0,0,1,9,0,0,0
2026-08-10,823998,,/api/v1.1/game/823998/feed/live,R,2026,2026-08-10,,night,P,N,N,Regular Season,1,4,1,Final,Final,1,Angel Stadium,108,Los Angeles Angels,LAA,1,False,140,Texas Rangers,TEX,4,True,642851,Austin Wynns,Robert,Wynns,38,1990-12-10,35,"6' 1""",190,2,Catcher,R,Right,R,Right,,,,,,,,,,,,,,,,,,,,,,,,,,
2026-08-10,823998,,/api/v1.1/game/823998/feed/live,R,2026,2026-08-10,,night,P,N,N,Regular Season,1,4,1,Final,Final,1,Angel Stadium,108,Los Angeles Angels,LAA,1,False,140,Texas Rangers,TEX,4,True,592626,Joc Pederson,Joc,Pederson,3,1992-04-21,34,"6' 1""",220,10,Designated Hitter,L,Left,L,Left,0-1,,1,0,0,0,0,0,0,0,0,0,0,0,1,0,,,,,,,,,,
2026-08-10,823998,,/api/v1.1/game/823998/feed/live,R,2026,2026-08-10,,night,P,N,N,Regular Season,1,4,1,Final,Final,1,Angel Stadium,108,Los Angeles Angels,LAA,1,False,140,Texas Rangers,TEX,4,True,681146,Jonah Bride,Jonah,Bride,37,1995-12-27,30,"5' 11""",200,5,Third Base,R,Right,R,Right,0-1 | BB,,1,0,0,0,0,0,0,0,1,0,0,0,2,0,,,,,,,,,,
2026-08-10,823998,,/api/v1.1/game/823998/feed/live,R,2026,2026-08-10,,night,P,N,N,Regular Season,1,4,1,Final,Final,1,Angel Stadium,108,Los Angeles Angels,LAA,1,False,140,Texas Rangers,TEX,4,True,656641,Jacob Latz,Jacob,Latz,67,1996-04-08,30,"6' 2""",185,1,Pitcher,R,Right,L,Left,"1.0 IP, 0 ER, K, BB",,,,,,,,,,,,,,,,1.0,0,0,0,1,1,24,0,0,1
2026-08-10,823998,,/api/v1.1/game/823998/feed/live,R,2026,2026-08-10,,night,P,N,N,Regular Season,1,4,1,Final,Final,1,Angel Stadium,108,Los Angeles Angels,LAA,1,False,140,Texas Rangers,TEX,4,True,608369,Corey Seager,Corey,Seager,5,1994-04-27,32,"6' 4""",215,6,Shortstop,L,Left,R,Right,1-5 | R,,5,1,0,0,0,0,1,0,0,0,0,1,5,1,,,,,,,,,,
2026-08-10,823998,,/api/v1.1/game/823998/feed/live,R,2026,2026-08-10,,night,P,N,N,Regular Season,1,4,1,Final,Final,1,Angel Stadium,108,Los Angeles Angels,LAA,1,False,140,Texas Rangers,TEX,4,True,615698,Cal Quantrill,Cal,Quantrill,44,1995-02-10,31,"6' 3""",195,1,Pitcher,L,Left,R,Right,,,,,,,,,,,,,,,,,,,,,,,,,,
2026-08-10,823998,,/api/v1.1/game/823998/feed/live,R,2026,2026-08-10,,night,P,N,N,Regular Season,1,4,1,Final,Final,1,Angel Stadium,108,Los Angeles Angels,LAA,1,False,140,Texas Rangers,TEX,4,True,670032,Nicky Lopez,Nicholas,Lopez,33,1995-03-13,31,"5' 10""",186,4,Second Base,L,Left,R,Right,0-1 | R,,1,0,0,0,0,0,1,0,0,0,0,0,1,0,,,,,,,,,,
2026-08-10,823998,,/api/v1.1/game/823998/feed/live,R,2026,2026-08-10,,night,P,N,N,Regular Season,1,4,1,Final,Final,1,Angel Stadium,108,Los Angeles Angels,LAA,1,False,140,Texas Rangers,TEX,4,True,679822,Justin Foscue,Justin,Foscue,14,1999-03-02,27,"5' 11""",205,4,Second Base,R,Right,R,Right,"1-4 | BB, 2 K",,4,1,0,0,0,0,0,2,1,0,0,0,5,1,,,,,,,,,,
2026-08-10,823998,,/api/v1.1/game/823998/feed/live,R,2026,2026-08-10,,night,P,N,N,Regular Season,1,4,1,Final,Final,1,Angel Stadium,108,Los Angeles Angels,LAA,1,False,140,Texas Rangers,TEX,4,True,695239,Robby Ahlstrom,Robert,Ahlstrom,54,1999-06-18,27,"6' 3""",195,1,Pitcher,L,Left,L,Left,"1.1 IP, 0 ER, K, 0 BB",,,,,,,,,,,,,,,,1.1,0,1,0,1,0,18,0,0,0
2026-08-10,823998,,/api/v1.1/game/823998/feed/live,R,2026,2026-08-10,,night,P,N,N,Regular Season,1,4,1,Final,Final,1,Angel Stadium,108,Los Angeles Angels,LAA,1,False,140,Texas Rangers,TEX,4,True,677649,Ezequiel Duran,Ezequiel,Duran,20,1999-05-22,27,"5' 10""",185,6,Shortstop,R,Right,R,Right,"1-5 | K, R",,5,1,0,0,0,0,1,1,0,0,0,0,5,1,,,,,,,,,,
2026-08-10,823998,,/api/v1.1/game/823998/feed/live,R,2026,2026-08-10,,night,P,N,N,Regular Season,1,4,1,Final,Final,1,Angel Stadium,108,Los Angeles Angels,LAA,1,False,140,Texas Rangers,TEX,4,True,669022,MacKenzie Gore,MacKenzie,Gore,1,1999-02-24,27,"6' 2""",193,1,Pitcher,L,Left,L,Left,"5.1 IP, ER, 9 K, 2 BB",,,,,,,,,,,,,,,,5.1,1,4,1,9,2,103,0,0,0
2026-08-10,823998,,/api/v1.1/game/823998/feed/live,R,2026,2026-08-10,,night,P,N,N,Regular Season,1,4,1,Final,Final,1,Angel Stadium,108,Los Angeles Angels,LAA,1,False,140,Texas Rangers,TEX,4,True,594798,Jacob deGrom,Jacob,deGrom,48,1988-06-19,38,"6' 4""",180,1,Pitcher,L,Left,R,Right,,,,,,,,,,,,,,,,,,,,,,,,,,
2026-08-10,823998,,/api/v1.1/game/823998/feed/live,R,2026,2026-08-10,,night,P,N,N,Regular Season,1,4,1,Final,Final,1,Angel Stadium,108,Los Angeles Angels,LAA,1,False,140,Texas Rangers,TEX,4,True,607043,Brandon Nimmo,Brandon,Nimmo,24,1993-03-27,33,"6' 1""",206,9,Outfielder,L,Left,R,Right,"2-4 | BB, K, RBI",,4,2,0,0,0,1,0,1,1,0,0,0,5,2,,,,,,,,,,
2026-08-10,823998,,/api/v1.1/game/823998/feed/live,R,2026,2026-08-10,,night,P,N,N,Regular Season,1,4,1,Final,Final,1,Angel Stadium,108,Los Angeles Angels,LAA,1,False,140,Texas Rangers,TEX,4,True,687239,Ben Peoples,Benjamin,Peoples,70,2001-05-01,25,"6' 1""",175,1,Pitcher,L,Left,R,Right,,,,,,,,,,,,,,,,,,,,,,,,,,
2026-08-10,823998,,/api/v1.1/game/823998/feed/live,R,2026,2026-08-10,,night,P,N,N,Regular Season,1,4,1,Final,Final,1,Angel Stadium,108,Los Angeles Angels,LAA,1,False,140,Texas Rangers,TEX,4,True,553869,Elias Díaz,Elias,Díaz,35,1990-11-17,35,"6' 1""",223,2,Catcher,R,Right,R,Right,"2-5 | 2 K, RBI",,5,2,0,0,0,1,0,2,0,0,0,0,5,2,,,,,,,,,,
2026-08-10,823998,,/api/v1.1/game/823998/feed/live,R,2026,2026-08-10,,night,P,N,N,Regular Season,1,4,1,Final,Final,1,Angel Stadium,108,Los Angeles Angels,LAA,1,False,140,Texas Rangers,TEX,4,True,695508,Cam Cauley,Cameron,Cauley,27,2003-02-06,23,"5' 9""",170,8,Outfielder,R,Right,R,Right,0-1,,1,0,0,0,0,0,0,0,0,0,0,0,2,0,,,,,,,,,,
2026-08-10,823998,,/api/v1.1/game/823998/feed/live,R,2026,2026-08-10,,night,P,N,N,Regular Season,1,4,1,Final,Final,1,Angel Stadium,108,Los Angeles Angels,LAA,1,False,140,Texas Rangers,TEX,4,True,674003,Cody Bradford,Cody,Bradford,61,1998-02-22,28,"6' 4""",197,1,Pitcher,L,Left,L,Left,,,,,,,,,,,,,,,,,,,,,,,,,,
2026-08-10,823998,,/api/v1.1/game/823998/feed/live,R,2026,2026-08-10,,night,P,N,N,Regular Season,1,4,1,Final,Final,1,Angel Stadium,108,Los Angeles Angels,LAA,1,False,140,Texas Rangers,TEX,4,True,656756,Jordan Montgomery,Jordan,Montgomery,52,1992-12-27,33,"6' 6""",228,1,Pitcher,L,Left,L,Left,,,,,,,,,,,,,,,,,,,,,,,,,,
2026-08-10,823998,,/api/v1.1/game/823998/feed/live,R,2026,2026-08-10,,night,P,N,N,Regular Season,1,4,1,Final,Final,1,Angel Stadium,108,Los Angeles Angels,LAA,1,False,140,Texas Rangers,TEX,4,True,668390,Cole Winn,Cole,Winn,60,1999-11-25,26,"6' 2""",190,1,Pitcher,R,Right,R,Right,,,,,,,,,,,,,,,,,,,,,,,,,,
2026-08-10,825048,,/api/v1.1/game/825048/feed/live,R,2026,2026-08-10,,night,P,N,N,Regular Season,1,3,1,Final,Final,15,Chase Field,109,Arizona Diamondbacks,AZ,9,True,115,Colorado Rockies,COL,0,False,593958,Eduardo Rodriguez,Eduardo,Rodriguez,57,1993-04-07,33,"6' 2""",231,1,Pitcher,L,Left,L,Left,,,,,,,,,,,,,,,,,,,,,,,,,,
2026-08-10,825048,,/api/v1.1/game/825048/feed/live,R,2026,2026-08-10,,night,P,N,N,Regular Season,1,3,1,Final,Final,15,Chase Field,109,Arizona Diamondbacks,AZ,9,True,115,Colorado Rockies,COL,0,False,666661,Juan Morillo,Juan,Morillo,62,1999-03-19,27,"6' 1""",215,1,Pitcher,R,Right,R,Right,,,,,,,,,,,,,,,,,,,,,,,,,,
2026-08-10,825048,,/api/v1.1/game/825048/feed/live,R,2026,2026-08-10,,night,P,N,N,Regular Season,1,3,1,Final,Final,15,Chase Field,109,Arizona Diamondbacks,AZ,9,True,115,Colorado Rockies,COL,0,False,694374,Tim Tawa,Timothy,Tawa,13,1999-04-07,27,"5' 11""",205,7,Outfielder,R,Right,R,Right,"0-4 | K, SB",,4,0,0,0,0,0,0,1,0,1,0,0,4,0,,,,,,,,,,
2026-08-10,825048,,/api/v1.1/game/825048/feed/live,R,2026,2026-08-10,,night,P,N,N,Regular Season,1,3,1,Final,Final,15,Chase Field,109,Arizona Diamondbacks,AZ,9,True,115,Colorado Rockies,COL,0,False,694297,Brandon Pfaadt,Brandon,Pfaadt,32,1998-10-15,27,"6' 4""",220,1,Pitcher,R,Right,R,Right,,,,,,,,,,,,,,,,,,,,,,,,,,
2026-08-10,825048,,/api/v1.1/game/825048/feed/live,R,2026,2026-08-10,,night,P,N,N,Regular Season,1,3,1,Final,Final,15,Chase Field,109,Arizona Diamondbacks,AZ,9,True,115,Colorado Rockies,COL,0,False,672629,Gerardo Carrillo,Gerardo,Carrillo,68,1998-09-13,27,"6' 1""",185,1,Pitcher,R,Right,R,Right,,,,,,,,,,,,,,,,,,,,,,,,,,
2026-08-10,825048,,/api/v1.1/game/825048/feed/live,R,2026,2026-08-10,,night,P,N,N,Regular Season,1,3,1,Final,Final,15,Chase Field,109,Arizona Diamondbacks,AZ,9,True,115,Colorado Rockies,COL,0,False,571448,Nolan Arenado,Nolan,Arenado,28,1991-04-16,35,"6' 2""",215,5,Third Base,R,Right,R,Right,"2-4 | HR, 4 RBI, R",,4,2,0,0,1,4,1,0,0,1,0,0,4,5,,,,,,,,,,
2026-08-10,825048,,/api/v1.1/game/825048/feed/live,R,2026,2026-08-10,,night,P,N,N,Regular Season,1,3,1,Final,Final,15,Chase Field,109,Arizona Diamondbacks,AZ,9,True,115,Colorado Rockies,COL,0,False,663457,Lars Nootbaar,Lars,Nootbaar,21,1997-09-08,28,"6' 1""",205,7,Outfielder,L,Left,R,Right,"0-3 | BB, K, R",,3,0,0,0,0,0,1,1,1,0,0,0,4,0,,,,,,,,,,
2026-08-10,825048,,/api/v1.1/game/825048/feed/live,R,2026,2026-08-10,,night,P,N,N,Regular Season,1,3,1,Final,Final,15,Chase Field,109,Arizona Diamondbacks,AZ,9,True,115,Colorado Rockies,COL,0,False,682988,Tyler Locklear,Tyler,Locklear,31,2000-11-24,25,"6' 2""",235,3,First Base,R,Right,R,Right,0-0,,0,0,0,0,0,0,0,0,0,0,0,0,0,0,,,,,,,,,,
2026-08-10,825048,,/api/v1.1/game/825048/feed/live,R,2026,2026-08-10,,night,P,N,N,Regular Season,1,3,1,Final,Final,15,Chase Field,109,Arizona Diamondbacks,AZ,9,True,115,Colorado Rockies,COL,0,False,814439,Ryan Waldschmidt,Ryan,Waldschmidt,15,2002-10-07,23,"6' 0""",205,8,Outfielder,R,Right,R,Right,"2-3 | BB, 2 R",,3,2,0,0,0,0,2,0,1,0,0,0,4,2,,,,,,,,,,
2026-08-10,825048,,/api/v1.1/game/825048/feed/live,R,2026,2026-08-10,,night,P,N,N,Regular Season,1,3,1,Final,Final,15,Chase Field,109,Arizona Diamondbacks,AZ,9,True,115,Colorado Rockies,COL,0,False,518876,Merrill Kelly,Kenneth,Kelly,29,1988-10-14,37,"6' 2""",210,1,Pitcher,R,Right,R,Right,,,,,,,,,,,,,,,,,,,,,,,,,,
2026-08-10,825048,,/api/v1.1/game/825048/feed/live,R,2026,2026-08-10,,night,P,N,N,Regular Season,1,3,1,Final,Final,15,Chase Field,109,Arizona Diamondbacks,AZ,9,True,115,Colorado Rockies,COL,0,False,656464,Kevin Ginkel,Kevin,Ginkel,37,1994-03-24,32,"6' 4""",235,1,Pitcher,L,Left,R,Right,,,,,,,,,,,,,,,,,,,,,,,,,,
2026-08-10,825048,,/api/v1.1/game/825048/feed/live,R,2026,2026-08-10,,night,P,N,N,Regular Season,1,3,1,Final,Final,15,Chase Field,109,Arizona Diamondbacks,AZ,9,True,115,Colorado Rockies,COL,0,False,606466,Ketel Marte,Ketel,Marte,4,1993-10-12,32,"6' 0""",210,4,Second Base,S,Switch,R,Right,"2-4 | 2B, HBP, RBI",,4,2,1,0,0,1,1,0,0,0,0,0,5,3,,,,,,,,,,
2026-08-10,825048,,/api/v1.1/game/825048/feed/live,R,2026,2026-08-10,,night,P,N,N,Regular Season,1,3,1,Final,Final,15,Chase Field,109,Arizona Diamondbacks,AZ,9,True,115,Colorado Rockies,COL,0,False,642528,Jonathan Loáisiga,Jonathan,Loáisiga,43,1994-11-02,31,"5' 11""",195,1,Pitcher,R,Right,R,Right,,,,,,,,,,,,,,,,,,,,,,,,,,
2026-08-10,825048,,/api/v1.1/game/825048/feed/live,R,2026,2026-08-10,,night,P,N,N,Regular Season,1,3,1,Final,Final,15,Chase Field,109,Arizona Diamondbacks,AZ,9,True,115,Colorado Rockies,COL,0,False,545121,Ildemaro Vargas,Ildemaro,Vargas,6,1991-07-16,35,"5' 11""",202,3,First Base,S,Switch,R,Right,0-2,,2,0,0,0,0,0,0,0,0,0,0,0,2,0,,,,,,,,,,
2026-08-10,825048,,/api/v1.1/game/825048/feed/live,R,2026,2026-08-10,,night,P,N,N,Regular Season,1,3,1,Final,Final,15,Chase Field,109,Arizona Diamondbacks,AZ,9,True,115,Colorado Rockies,COL,0,False,672695,Geraldo Perdomo,Geraldo,Perdomo,2,1999-10-22,26,"6' 2""",210,6,Shortstop,S,Switch,R,Right,"0-2 | BB, R",,2,0,0,0,0,0,1,0,1,0,0,0,3,0,,,,,,,,,,
2026-08-10,825048,,/api/v1.1/game/825048/feed/live,R,2026,2026-08-10,,night,P,N,N,Regular Season,1,3,1,Final,Final,15,Chase Field,109,Arizona Diamondbacks,AZ,9,True,115,Colorado Rockies,COL,0,False,647336,Michael Soroka,Michael,Soroka,34,1997-08-04,29,"6' 5""",250,1,Pitcher,R,Right,R,Right,"4.1 IP, 0 ER, 4 K, 3 BB",,,,,,,,,,,,,,,,4.1,0,3,0,4,3,77,0,0,0
2026-08-10,825048,,/api/v1.1/game/825048/feed/live,R,2026,2026-08-10,,night,P,N,N,Regular Season,1,3,1,Final,Final,15,Chase Field,109,Arizona Diamondbacks,AZ,9,True,115,Colorado Rockies,COL,0,False,672515,Gabriel Moreno,Gabriel,Moreno,14,2000-02-14,26,"5' 9""",200,2,Catcher,R,Right,R,Right,"2-4 | 3B, 2B, BB",,4,2,1,1,0,1,1,0,1,0,0,1,5,5,,,,,,,,,,
2026-08-10,825048,,/api/v1.1/game/825048/feed/live,R,2026,2026-08-10,,night,P,N,N,Regular Season,1,3,1,Final,Final,15,Chase Field,109,Arizona Diamondbacks,AZ,9,True,115,Colorado Rockies,COL,0,False,683352,Mitch Bratt,Mitchell,Bratt,60,2003-07-03,23,"6' 1""",215,1,Pitcher,L,Left,L,Left,,,,,,,,,,,,,,,,,,,,,,,,,,
2026-08-10,825048,,/api/v1.1/game/825048/feed/live,R,2026,2026-08-10,,night,P,N,N,Regular Season,1,3,1,Final,Final,15,Chase Field,109,Arizona Diamondbacks,AZ,9,True,115,Colorado Rockies,COL,0,False,682998,Corbin Carroll,Corbin,Carroll,7,2000-08-21,25,"5' 10""",180,9,Outfielder,L,Left,L,Left,"1-3 | 2B, HBP, RBI",,3,1,1,0,0,1,1,0,0,0,0,0,4,2,,,,,,,,,,
2026-08-10,825048,,/api/v1.1/game/825048/feed/live,R,2026,2026-08-10,,night,P,N,N,Regular Season,1,3,1,Final,Final,15,Chase Field,109,Arizona Diamondbacks,AZ,9,True,115,Colorado Rockies,COL,0,False,664199,Taylor Clarke,Taylor,Clarke,45,1993-05-13,33,"6' 3""",210,1,Pitcher,R,Right,R,Right,,,,,,,,,,,,,,,,,,,,,,,,,,
2026-08-10,825048,,/api/v1.1/game/825048/feed/live,R,2026,2026-08-10,,night,P,N,N,Regular Season,1,3,1,Final,Final,15,Chase Field,109,Arizona Diamondbacks,AZ,9,True,115,Colorado Rockies,COL,0,False,641793,Zack Littell,Zack,Littell,46,1995-10-05,30,"6' 4""",250,1,Pitcher,R,Right,R,Right,"4.2 IP, 0 ER, 2 K, 2 BB",,,,,,,,,,,,,,,,4.2,0,2,0,2,2,45,1,0,0
2026-08-10,825048,,/api/v1.1/game/825048/feed/live,R,2026,2026-08-10,,night,P,N,N,Regular Season,1,3,1,Final,Final,15,Chase Field,109,Arizona Diamondbacks,AZ,9,True,115,Colorado Rockies,COL,0,False,596146,Max Kepler,Maximilian,Kepler,22,1993-02-10,33,"6' 4""",225,7,Outfielder,L,Left,L,Left,0-4 | 3 K,,4,0,0,0,0,0,0,3,0,0,0,0,4,0,,,,,,,,,,
2026-08-10,825048,,/api/v1.1/game/825048/feed/live,R,2026,2026-08-10,,night,P,N,N,Regular Season,1,3,1,Final,Final,15,Chase Field,109,Arizona Diamondbacks,AZ,9,True,115,Colorado Rockies,COL,0,False,543510,James McCann,James,McCann,8,1990-06-13,36,"6' 2""",235,2,Catcher,R,Right,R,Right,,,,,,,,,,,,,,,,,,,,,,,,,,
2026-08-10,825048,,/api/v1.1/game/825048/feed/live,R,2026,2026-08-10,,night,P,N,N,Regular Season,1,3,1,Final,Final,15,Chase Field,109,Arizona Diamondbacks,AZ,9,True,115,Colorado Rockies,COL,0,False,691769,Philip Abner,Philip,Abner,50,2002-05-05,24,"6' 1""",230,1,Pitcher,L,Left,L,Left,,,,,,,,,,,,,,,,,,,,,,,,,,
2026-08-10,825048,,/api/v1.1/game/825048/feed/live,R,2026,2026-08-10,,night,P,N,N,Regular Season,1,3,1,Final,Final,15,Chase Field,109,Arizona Diamondbacks,AZ,9,True,115,Colorado Rockies,COL,0,False,805299,Brandyn Garcia,Brandyn,Garcia,55,2000-05-27,26,"6' 4""",235,1,Pitcher,L,Left,L,Left,,,,,,,,,,,,,,,,,,,,,,,,,,
2026-08-10,825048,,/api/v1.1/game/825048/feed/live,R,2026,2026-08-10,,night,P,N,N,Regular Season,1,3,1,Final,Final,15,Chase Field,109,Arizona Diamondbacks,AZ,9,True,115,Colorado Rockies,COL,0,False,678489,Jorge Barrosa,Jorge,Barrosa,1,2001-02-17,25,"5' 6""",175,8,Outfielder,S,Switch,L,Left,"1-1 | RBI, R",,1,1,0,0,0,1,1,0,0,0,0,0,1,1,,,,,,,,,,
2026-08-10,825048,,/api/v1.1/game/825048/feed/live,R,2026,2026-08-10,,night,P,N,N,Regular Season,1,3,1,Final,Final,15,Chase Field,109,Arizona Diamondbacks,AZ,9,True,115,Colorado Rockies,COL,0,False,663372,Ryan Feltner,Ryan,Feltner,18,1996-09-02,29,"6' 4""",200,1,Pitcher,R,Right,R,Right,,,,,,,,,,,,,,,,,,,,,,,,,,
2026-08-10,825048,,/api/v1.1/game/825048/feed/live,R,2026,2026-08-10,,night,P,N,N,Regular Season,1,3,1,Final,Final,15,Chase Field,109,Arizona Diamondbacks,AZ,9,True,115,Colorado Rockies,COL,0,False,666160,Mickey Moniak,McKenzie,Moniak,22,1998-05-13,28,"6' 1""",209,7,Outfielder,L,Left,R,Right,"0-2 | 2 BB, K",,2,0,0,0,0,0,0,1,2,0,0,0,4,0,,,,,,,,,,
2026-08-10,825048,,/api/v1.1/game/825048/feed/live,R,2026,2026-08-10,,night,P,N,N,Regular Season,1,3,1,Final,Final,15,Chase Field,109,Arizona Diamondbacks,AZ,9,True,115,Colorado Rockies,COL,0,False,623474,Jimmy Herget,Jimmy,Herget,44,1993-09-09,32,"6' 3""",183,1,Pitcher,R,Right,R,Right,,,,,,,,,,,,,,,,,,,,,,,,,,
2026-08-10,825048,,/api/v1.1/game/825048/feed/live,R,2026,2026-08-10,,night,P,N,N,Regular Season,1,3,1,Final,Final,15,Chase Field,109,Arizona Diamondbacks,AZ,9,True,115,Colorado Rockies,COL,0,False,664983,Jake McCarthy,Jacob,McCarthy,31,1997-07-30,29,"6' 0""",213,7,Outfielder,L,Left,L,Left,"1-3 | BB, K",,3,1,0,0,0,0,0,1,1,0,0,0,4,1,,,,,,,,,,
2026-08-10,825048,,/api/v1.1/game/825048/feed/live,R,2026,2026-08-10,,night,P,N,N,Regular Season,1,3,1,Final,Final,15,Chase Field,109,Arizona Diamondbacks,AZ,9,True,115,Colorado Rockies,COL,0,False,687859,Troy Johnston,Troy,Johnston,20,1997-06-22,29,"5' 11""",206,9,Outfielder,L,Left,L,Left,2-3,,3,2,0,0,0,0,0,0,0,0,0,0,3,2,,,,,,,,,,
2026-08-10,825048,,/api/v1.1/game/825048/feed/live,R,2026,2026-08-10,,night,P,N,N,Regular Season,1,3,1,Final,Final,15,Chase Field,109,Arizona Diamondbacks,AZ,9,True,115,Colorado Rockies,COL,0,False,607536,Kyle Freeland,Kyle,Freeland,21,1993-05-14,33,"6' 4""",202,1,Pitcher,L,Left,L,Left,,,,,,,,,,,,,,,,,,,,,,,,,,
2026-08-10,825048,,/api/v1.1/game/825048/feed/live,R,2026,2026-08-10,,night,P,N,N,Regular Season,1,3,1,Final,Final,15,Chase Field,109,Arizona Diamondbacks,AZ,9,True,115,Colorado Rockies,COL,0,False,650489,Willi Castro,Willi,Castro,3,1997-04-24,29,"6' 0""",209,4,Second Base,S,Switch,R,Right,1-3 | 2 K,,3,1,0,0,0,0,0,2,0,0,0,0,3,1,,,,,,,,,,
2026-08-10,825048,,/api/v1.1/game/825048/feed/live,R,2026,2026-08-10,,night,P,N,N,Regular Season,1,3,1,Final,Final,15,Chase Field,109,Arizona Diamondbacks,AZ,9,True,115,Colorado Rockies,COL,0,False,657514,Brennan Bernardino,Brennan,Bernardino,83,1992-01-15,34,"6' 4""",216,1,Pitcher,L,Left,L,Left,,,,,,,,,,,,,,,,,,,,,,,,,,
2026-08-10,825048,,/api/v1.1/game/825048/feed/live,R,2026,2026-08-10,,night,P,N,N,Regular Season,1,3,1,Final,Final,15,Chase Field,109,Arizona Diamondbacks,AZ,9,True,115,Colorado Rockies,COL,0,False,656786,Parker Mushinski,Parker,Mushinski,67,1995-11-22,30,"6' 0""",220,1,Pitcher,L,Left,L,Left,,,,,,,,,,,,,,,,,,,,,,,,,,
2026-08-10,825048,,/api/v1.1/game/825048/feed/live,R,2026,2026-08-10,,night,P,N,N,Regular Season,1,3,1,Final,Final,15,Chase Field,109,Arizona Diamondbacks,AZ,9,True,115,Colorado Rockies,COL,0,False,694249,Cole Carrigg,Cole,Carrigg,16,2002-05-08,24,"6' 2""",204,8,Outfielder,S,Switch,R,Right,0-4,,4,0,0,0,0,0,0,0,0,0,0,1,4,0,,,,,,,,,,
2026-08-10,825048,,/api/v1.1/game/825048/feed/live,R,2026,2026-08-10,,night,P,N,N,Regular Season,1,3,1,Final,Final,15,Chase Field,109,Arizona Diamondbacks,AZ,9,True,115,Colorado Rockies,COL,0,False,675848,Juan Mejia,Juan,Mejia,47,2000-07-04,26,"6' 3""",210,1,Pitcher,R,Right,R,Right,,,,,,,,,,,,,,,,,,,,,,,,,,
2026-08-10,825048,,/api/v1.1/game/825048/feed/live,R,2026,2026-08-10,,night,P,N,N,Regular Season,1,3,1,Final,Final,15,Chase Field,109,Arizona Diamondbacks,AZ,9,True,115,Colorado Rockies,COL,0,False,666397,Edouard Julien,Edouard,Julien,6,1999-04-30,27,"6' 1""",195,4,Second Base,L,Left,R,Right,,,,,,,,,,,,,,,,,,,,,,,,,,
2026-08-10,825048,,/api/v1.1/game/825048/feed/live,R,2026,2026-08-10,,night,P,N,N,Regular Season,1,3,1,Final,Final,15,Chase Field,109,Arizona Diamondbacks,AZ,9,True,115,Colorado Rockies,COL,0,False,696100,Hunter Goodman,Hunter,Goodman,15,1999-10-08,26,"5' 11""",220,2,Catcher,R,Right,R,Right,0-2 | BB,,2,0,0,0,0,0,0,0,1,0,0,0,3,0,,,,,,,,,,
2026-08-10,825048,,/api/v1.1/game/825048/feed/live,R,2026,2026-08-10,,night,P,N,N,Regular Season,1,3,1,Final,Final,15,Chase Field,109,Arizona Diamondbacks,AZ,9,True,115,Colorado Rockies,COL,0,False,687312,Gabriel Hughes,Gabriel,Hughes,43,2001-08-22,24,"6' 4""",238,1,Pitcher,R,Right,R,Right,"4.0 IP, 7 ER, 3 K, 3 BB",,,,,,,,,,,,,,,,4.0,7,5,1,3,3,88,0,1,0
2026-08-10,825048,,/api/v1.1/game/825048/feed/live,R,2026,2026-08-10,,night,P,N,N,Regular Season,1,3,1,Final,Final,15,Chase Field,109,Arizona Diamondbacks,AZ,9,True,115,Colorado Rockies,COL,0,False,608372,Tomoyuki Sugano,Tomoyuki,Sugano,11,1989-10-11,36,"6' 1""",227,1,Pitcher,R,Right,R,Right,,,,,,,,,,,,,,,,,,,,,,,,,,
2026-08-10,825048,,/api/v1.1/game/825048/feed/live,R,2026,2026-08-10,,night,P,N,N,Regular Season,1,3,1,Final,Final,15,Chase Field,109,Arizona Diamondbacks,AZ,9,True,115,Colorado Rockies,COL,0,False,664954,Brett Sullivan,Brett,Sullivan,26,1994-02-22,32,"5' 11""",190,2,Catcher,L,Left,R,Right,0-1,,1,0,0,0,0,0,0,0,0,0,0,0,1,0,,,,,,,,,,
2026-08-10,825048,,/api/v1.1/game/825048/feed/live,R,2026,2026-08-10,,night,P,N,N,Regular Season,1,3,1,Final,Final,15,Chase Field,109,Arizona Diamondbacks,AZ,9,True,115,Colorado Rockies,COL,0,False,687597,Jordan Beck,Jordan,Beck,27,2001-04-19,25,"6' 2""",227,7,Outfielder,R,Right,R,Right,0-2 | BB,,2,0,0,0,0,0,0,0,1,0,0,0,3,0,,,,,,,,,,
2026-08-10,825048,,/api/v1.1/game/825048/feed/live,R,2026,2026-08-10,,night,P,N,N,Regular Season,1,3,1,Final,Final,15,Chase Field,109,Arizona Diamondbacks,AZ,9,True,115,Colorado Rockies,COL,0,False,688642,Zach Agnos,Zachary,Agnos,36,2000-08-15,25,"6' 0""",225,1,Pitcher,R,Right,R,Right,"3.0 IP, 0 ER, K, BB",,,,,,,,,,,,,,,,3.0,0,2,0,1,1,55,0,0,0
2026-08-10,825048,,/api/v1.1/game/825048/feed/live,R,2026,2026-08-10,,night,P,N,N,Regular Season,1,3,1,Final,Final,15,Chase Field,109,Arizona Diamondbacks,AZ,9,True,115,Colorado Rockies,COL,0,False,685299,Tanner Gordon,Tanner,Gordon,29,1997-10-26,28,"6' 5""",220,1,Pitcher,L,Left,R,Right,,,,,,,,,,,,,,,,,,,,,,,,,,
2026-08-10,825048,,/api/v1.1/game/825048/feed/live,R,2026,2026-08-10,,night,P,N,N,Regular Season,1,3,1,Final,Final,15,Chase Field,109,Arizona Diamondbacks,AZ,9,True,115,Colorado Rockies,COL,0,False,547179,Michael Lorenzen,Michael,Lorenzen,24,1992-01-04,34,"6' 1""",210,1,Pitcher,R,Right,R,Right,,,,,,,,,,,,,,,,,,,,,,,,,,
2026-08-10,825048,,/api/v1.1/game/825048/feed/live,R,2026,2026-08-10,,night,P,N,N,Regular Season,1,3,1,Final,Final,15,Chase Field,109,Arizona Diamondbacks,AZ,9,True,115,Colorado Rockies,COL,0,False,678662,Ezequiel Tovar,Ezequiel,Tovar,14,2001-08-01,25,"6' 0""",192,6,Shortstop,R,Right,R,Right,,,,,,,,,,,,,,,,,,,,,,,,,,
2026-08-10,825048,,/api/v1.1/game/825048/feed/live,R,2026,2026-08-10,,night,P,N,N,Regular Season,1,3,1,Final,Final,15,Chase Field,109,Arizona Diamondbacks,AZ,9,True,115,Colorado Rockies,COL,0,False,681198,TJ Rumfield,Toby,Rumfield,7,2000-05-17,26,"6' 5""",238,3,First Base,L,Left,R,Right,1-4,,4,1,0,0,0,0,0,0,0,0,0,0,4,1,,,,,,,,,,
2026-08-10,825048,,/api/v1.1/game/825048/feed/live,R,2026,2026-08-10,,night,P,N,N,Regular Season,1,3,1,Final,Final,15,Chase Field,109,Arizona Diamondbacks,AZ,9,True,115,Colorado Rockies,COL,0,False,681393,Connor Norby,Connor,Norby,35,2000-06-08,26,"5' 10""",180,3,First Base,R,Right,R,Right,,,,,,,,,,,,,,,,,,,,,,,,,,
2026-08-10,825048,,/api/v1.1/game/825048/feed/live,R,2026,2026-08-10,,night,P,N,N,Regular Season,1,3,1,Final,Final,15,Chase Field,109,Arizona Diamondbacks,AZ,9,True,115,Colorado Rockies,COL,0,False,605447,Jordan Romano,Jordan,Romano,68,1993-04-21,33,"6' 5""",210,1,Pitcher,R,Right,R,Right,,,,,,,,,,,,,,,,,,,,,,,,,,
2026-08-10,825048,,/api/v1.1/game/825048/feed/live,R,2026,2026-08-10,,night,P,N,N,Regular Season,1,3,1,Final,Final,15,Chase Field,109,Arizona Diamondbacks,AZ,9,True,115,Colorado Rockies,COL,0,False,693308,Nick Frasso,Nicholas,Frasso,41,1998-10-18,27,"6' 5""",200,1,Pitcher,R,Right,R,Right,"1.0 IP, 2 ER, K, 0 BB",,,,,,,,,,,,,,,,1.0,2,3,0,1,0,27,0,0,0
2026-08-10,825048,,/api/v1.1/game/825048/feed/live,R,2026,2026-08-10,,night,P,N,N,Regular Season,1,3,1,Final,Final,15,Chase Field,109,Arizona Diamondbacks,AZ,9,True,115,Colorado Rockies,COL,0,False,691720,Kyle Karros,Kyle,Karros,12,2002-07-26,24,"6' 5""",225,5,Third Base,R,Right,R,Right,0-4 | 2 K,,4,0,0,0,0,0,0,2,0,0,0,1,4,0,,,,,,,,,,
2026-08-10,824969,,/api/v1.1/game/824969/feed/live,R,2026,2026-08-10,,night,P,N,N,Regular Season,1,3,1,Final,Final,2529,Sutter Health Park,133,Athletics,ATH,6,False,139,Tampa Bay Rays,TB,10,True,671732,Lawrence Butler,Lawrence,Butler,4,2000-07-10,26,"6' 3""",210,9,Outfielder,L,Left,R,Right,2-4 | 2 K,,4,2,0,0,0,0,0,2,0,0,0,0,4,2,,,,,,,,,,
2026-08-10,824969,,/api/v1.1/game/824969/feed/live,R,2026,2026-08-10,,night,P,N,N,Regular Season,1,3,1,Final,Final,2529,Sutter Health Park,133,Athletics,ATH,6,False,139,Tampa Bay Rays,TB,10,True,641680,Jonah Heim,Jonah,Heim,15,1995-06-27,31,"6' 4""",220,2,Catcher,S,Switch,R,Right,0-4 | K,,4,0,0,0,0,0,0,1,0,0,0,0,4,0,,,,,,,,,,
2026-08-10,824969,,/api/v1.1/game/824969/feed/live,R,2026,2026-08-10,,night,P,N,N,Regular Season,1,3,1,Final,Final,2529,Sutter Health Park,133,Athletics,ATH,6,False,139,Tampa Bay Rays,TB,10,True,695720,Tommy White,Thomas,White,47,2003-03-02,23,"6' 0""",220,5,Third Base,R,Right,R,Right,,,,,,,,,,,,,,,,,,,,,,,,,,
2026-08-10,824969,,/api/v1.1/game/824969/feed/live,R,2026,2026-08-10,,night,P,N,N,Regular Season,1,3,1,Final,Final,2529,Sutter Health Park,133,Athletics,ATH,6,False,139,Tampa Bay Rays,TB,10,True,622268,Donovan Walton,Donovan,Walton,29,1994-05-25,32,"5' 9""",190,4,Second Base,L,Left,R,Right,"0-2 | BB, HBP, R",,2,0,0,0,0,0,1,0,1,0,0,0,4,0,,,,,,,,,,
2026-08-10,824969,,/api/v1.1/game/824969/feed/live,R,2026,2026-08-10,,night,P,N,N,Regular Season,1,3,1,Final,Final,2529,Sutter Health Park,133,Athletics,ATH,6,False,139,Tampa Bay Rays,TB,10,True,669372,J.T. Ginn,John,Ginn,35,1999-05-20,27,"6' 2""",200,1,Pitcher,R,Right,R,Right,,,,,,,,,,,,,,,,,,,,,,,,,,
2026-08-10,824969,,/api/v1.1/game/824969/feed/live,R,2026,2026-08-10,,night,P,N,N,Regular Season,1,3,1,Final,Final,2529,Sutter Health Park,133,Athletics,ATH,6,False,139,Tampa Bay Rays,TB,10,True,680869,Zack Gelof,Zachary,Gelof,20,1999-10-19,26,"6' 2""",205,5,Third Base,R,Right,R,Right,"2-4 | HR, 2B, K",,4,2,1,0,1,2,2,1,0,0,0,0,4,6,,,,,,,,,,
2026-08-10,824969,,/api/v1.1/game/824969/feed/live,R,2026,2026-08-10,,night,P,N,N,Regular Season,1,3,1,Final,Final,2529,Sutter Health Park,133,Athletics,ATH,6,False,139,Tampa Bay Rays,TB,10,True,643446,Jeff McNeil,Jeffrey,McNeil,22,1992-04-08,34,"6' 0""",195,4,Second Base,L,Left,R,Right,"2-4 | RBI, R, SB",,4,2,0,0,0,1,1,0,0,1,0,0,5,2,,,,,,,,,,
2026-08-10,824969,,/api/v1.1/game/824969/feed/live,R,2026,2026-08-10,,night,P,N,N,Regular Season,1,3,1,Final,Final,2529,Sutter Health Park,133,Athletics,ATH,6,False,139,Tampa Bay Rays,TB,10,True,686751,Seth Johnson,Seth,Johnson,52,1998-09-19,27,"6' 1""",205,1,Pitcher,R,Right,R,Right,"0.0 IP, 4 ER, 0 K, BB",,,,,,,,,,,,,,,,0.0,4,3,1,0,1,11,0,0,0
2026-08-10,824969,,/api/v1.1/game/824969/feed/live,R,2026,2026-08-10,,night,P,N,N,Regular Season,1,3,1,Final,Final,2529,Sutter Health Park,133,Athletics,ATH,6,False,139,Tampa Bay Rays,TB,10,True,686930,Mason Barnett,Mason,Barnett,63,2000-11-07,25,"6' 0""",218,1,Pitcher,R,Right,R,Right,,,,,,,,,,,,,,,,,,,,,,,,,,
2026-08-10,824969,,/api/v1.1/game/824969/feed/live,R,2026,2026-08-10,,night,P,N,N,Regular Season,1,3,1,Final,Final,2529,Sutter Health Park,133,Athletics,ATH,6,False,139,Tampa Bay Rays,TB,10,True,661531,Brian Serven,Brian,Serven,10,1995-05-05,31,"6' 0""",207,2,Catcher,R,Right,R,Right,,,,,,,,,,,,,,,,,,,,,,,,,,
2026-08-10,824969,,/api/v1.1/game/824969/feed/live,R,2026,2026-08-10,,night,P,N,N,Regular Season,1,3,1,Final,Final,2529,Sutter Health Park,133,Athletics,ATH,6,False,139,Tampa Bay Rays,TB,10,True,666126,Carlos Cortes,Carlos,Cortes,26,1997-06-30,29,"5' 7""",197,9,Outfielder,L,Left,S,Switch,"0-3 | BB, SB",,3,0,0,0,0,0,0,0,1,1,0,0,4,0,,,,,,,,,,
2026-08-10,824969,,/api/v1.1/game/824969/feed/live,R,2026,2026-08-10,,night,P,N,N,Regular Season,1,3,1,Final,Final,2529,Sutter Health Park,133,Athletics,ATH,6,False,139,Tampa Bay Rays,TB,10,True,660761,José Suarez,José,Suarez,54,1998-01-03,28,"5' 10""",225,1,Pitcher,L,Left,L,Left,"0.1 IP, 4 ER, K, BB",,,,,,,,,,,,,,,,0.1,4,3,0,1,1,19,0,1,0
2026-08-10,824969,,/api/v1.1/game/824969/feed/live,R,2026,2026-08-10,,night,P,N,N,Regular Season,1,3,1,Final,Final,2529,Sutter Health Park,133,Athletics,ATH,6,False,139,Tampa Bay Rays,TB,10,True,656240,Scott Blewett,Scott,Blewett,49,1996-04-10,30,"6' 6""",245,1,Pitcher,R,Right,R,Right,"1.2 IP, 0 ER, 0 K, 0 BB",,,,,,,,,,,,,,,,1.2,0,1,0,0,0,18,0,0,0
2026-08-10,824969,,/api/v1.1/game/824969/feed/live,R,2026,2026-08-10,,night,P,N,N,Regular Season,1,3,1,Final,Final,2529,Sutter Health Park,133,Athletics,ATH,6,False,139,Tampa Bay Rays,TB,10,True,682052,Jacob Lopez,Jacob,Lopez,57,1998-03-11,28,"6' 4""",220,1,Pitcher,L,Left,L,Left,"7.0 IP, 2 ER, 5 K, BB",,,,,,,,,,,,,,,,7.0,2,5,1,5,1,93,0,0,0
2026-08-10,824969,,/api/v1.1/game/824969/feed/live,R,2026,2026-08-10,,night,P,N,N,Regular Season,1,3,1,Final,Final,2529,Sutter Health Park,133,Athletics,ATH,6,False,139,Tampa Bay Rays,TB,10,True,675961,Alika Williams,Alexander,Williams,12,1999-03-12,27,"6' 1""",183,6,Shortstop,R,Right,R,Right,,,,,,,,,,,,,,,,,,,,,,,,,,
2026-08-10,824969,,/api/v1.1/game/824969/feed/live,R,2026,2026-08-10,,night,P,N,N,Regular Season,1,3,1,Final,Final,2529,Sutter Health Park,133,Athletics,ATH,6,False,139,Tampa Bay Rays,TB,10,True,691777,Max Muncy,Maxwell,Muncy,3,2002-08-25,23,"6' 0""",180,5,Third Base,R,Right,R,Right,,,,,,,,,,,,,,,,,,,,,,,,,,
2026-08-10,824969,,/api/v1.1/game/824969/feed/live,R,2026,2026-08-10,,night,P,N,N,Regular Season,1,3,1,Final,Final,2529,Sutter Health Park,133,Athletics,ATH,6,False,139,Tampa Bay Rays,TB,10,True,691016,Tyler Soderstrom,Tyler,Soderstrom,21,2001-11-24,24,"6' 2""",200,7,Outfielder,L,Left,R,Right,"1-5 | 2B, 2 K, RBI",,5,1,1,0,0,1,1,2,0,1,0,0,5,2,,,,,,,,,,
2026-08-10,824969,,/api/v1.1/game/824969/feed/live,R,2026,2026-08-10,,night,P,N,N,Regular Season,1,3,1,Final,Final,2529,Sutter Health Park,133,Athletics,ATH,6,False,139,Tampa Bay Rays,TB,10,True,669620,Brady Basso,Brady,Basso,66,1997-10-08,28,"6' 2""",213,1,Pitcher,R,Right,L,Left,,,,,,,,,,,,,,,,,,,,,,,,,,
2026-08-10,824969,,/api/v1.1/game/824969/feed/live,R,2026,2026-08-10,,night,P,N,N,Regular Season,1,3,1,Final,Final,2529,Sutter Health Park,133,Athletics,ATH,6,False,139,Tampa Bay Rays,TB,10,True,695611,Gage Jump,Gage,Jump,61,2003-04-12,23,"6' 0""",200,1,Pitcher,L,Left,L,Left,,,,,,,,,,,,,,,,,,,,,,,,,,
2026-08-10,824969,,/api/v1.1/game/824969/feed/live,R,2026,2026-08-10,,night,P,N,N,Regular Season,1,3,1,Final,Final,2529,Sutter Health Park,133,Athletics,ATH,6,False,139,Tampa Bay Rays,TB,10,True,665660,Elvis Alvarado,Elvis,Alvarado,37,1999-02-23,27,"6' 6""",253,1,Pitcher,R,Right,R,Right,,,,,,,,,,,,,,,,,,,,,,,,,,
2026-08-10,824969,,/api/v1.1/game/824969/feed/live,R,2026,2026-08-10,,night,P,N,N,Regular Season,1,3,1,Final,Final,2529,Sutter Health Park,133,Athletics,ATH,6,False,139,Tampa Bay Rays,TB,10,True,663687,Hogan Harris,Hogan,Harris,36,1996-12-26,29,"6' 3""",230,1,Pitcher,R,Right,L,Left,,,,,,,,,,,,,,,,,,,,,,,,,,
2026-08-10,824969,,/api/v1.1/game/824969/feed/live,R,2026,2026-08-10,,night,P,N,N,Regular Season,1,3,1,Final,Final,2529,Sutter Health Park,133,Athletics,ATH,6,False,139,Tampa Bay Rays,TB,10,True,665622,Luis Medina,Luis,Medina,46,1999-05-03,27,"6' 1""",175,1,Pitcher,R,Right,R,Right,,,,,,,,,,,,,,,,,,,,,,,,,,
2026-08-10,824969,,/api/v1.1/game/824969/feed/live,R,2026,2026-08-10,,night,P,N,N,Regular Season,1,3,1,Final,Final,2529,Sutter Health Park,133,Athletics,ATH,6,False,139,Tampa Bay Rays,TB,10,True,703607,Henry Bolte,Henry,Bolte,33,2003-08-04,23,"6' 3""",195,8,Outfielder,R,Right,R,Right,"2-4 | 2 K, R",,4,2,0,0,0,0,1,2,0,0,0,0,4,2,,,,,,,,,,
2026-08-10,824969,,/api/v1.1/game/824969/feed/live,R,2026,2026-08-10,,night,P,N,N,Regular Season,1,3,1,Final,Final,2529,Sutter Health Park,133,Athletics,ATH,6,False,139,Tampa Bay Rays,TB,10,True,814305,Yunior Tur,Yunior,Tur,70,1999-08-09,27,"6' 6""",208,1,Pitcher,R,Right,R,Right,,,,,,,,,,,,,,,,,,,,,,,,,,
2026-08-10,824969,,/api/v1.1/game/824969/feed/live,R,2026,2026-08-10,,night,P,N,N,Regular Season,1,3,1,Final,Final,2529,Sutter Health Park,133,Athletics,ATH,6,False,139,Tampa Bay Rays,TB,10,True,678022,Jack Perkins,Jackson,Perkins,50,1999-12-26,26,"6' 1""",220,1,Pitcher,R,Right,R,Right,,,,,,,,,,,,,,,,,,,,,,,,,,
2026-08-10,824969,,/api/v1.1/game/824969/feed/live,R,2026,2026-08-10,,night,P,N,N,Regular Season,1,3,1,Final,Final,2529,Sutter Health Park,133,Athletics,ATH,6,False,139,Tampa Bay Rays,TB,10,True,805779,Jacob Wilson,Jacob,Wilson,5,2002-03-30,24,"6' 2""",190,6,Shortstop,R,Right,R,Right,"1-5 | 2B, RBI",,5,1,1,0,0,1,0,0,0,0,0,0,5,2,,,,,,,,,,
2026-08-10,824969,,/api/v1.1/game/824969/feed/live,R,2026,2026-08-10,,night,P,N,N,Regular Season,1,3,1,Final,Final,2529,Sutter Health Park,133,Athletics,ATH,6,False,139,Tampa Bay Rays,TB,10,True,670764,Taylor Walls,Taylor,Walls,6,1996-07-10,30,"5' 9""",185,6,Shortstop,S,Switch,R,Right,"1-4 | 2 RBI, R",,4,1,0,0,0,2,1,0,0,0,0,0,4,1,,,,,,,,,,
2026-08-10,824969,,/api/v1.1/game/824969/feed/live,R,2026,2026-08-10,,night,P,N,N,Regular Season,1,3,1,Final,Final,2529,Sutter Health Park,133,Athletics,ATH,6,False,139,Tampa Bay Rays,TB,10,True,669330,Tyler Wells,Tyler,Wells,68,1994-08-26,31,"6' 8""",270,1,Pitcher,R,Right,R,Right,"1.0 IP, 0 ER, 3 K, BB",,,,,,,,,,,,,,,,1.0,0,1,0,3,1,26,0,0,0
2026-08-10,824969,,/api/v1.1/game/824969/feed/live,R,2026,2026-08-10,,night,P,N,N,Regular Season,1,3,1,Final,Final,2529,Sutter Health Park,133,Athletics,ATH,6,False,139,Tampa Bay Rays,TB,10,True,571927,Steven Matz,Steven,Matz,32,1991-05-29,35,"6' 2""",205,1,Pitcher,R,Right,L,Left,,,,,,,,,,,,,,,,,,,,,,,,,,
2026-08-10,824969,,/api/v1.1/game/824969/feed/live,R,2026,2026-08-10,,night,P,N,N,Regular Season,1,3,1,Final,Final,2529,Sutter Health Park,133,Athletics,ATH,6,False,139,Tampa Bay Rays,TB,10,True,688297,Chris Roycroft,Chris,Roycroft,56,1997-06-21,29,"6' 8""",230,1,Pitcher,R,Right,R,Right,"1.0 IP, 3 ER, 0 K, 0 BB",,,,,,,,,,,,,,,,1.0,3,3,0,0,0,25,1,0,0
2026-08-10,824969,,/api/v1.1/game/824969/feed/live,R,2026,2026-08-10,,night,P,N,N,Regular Season,1,3,1,Final,Final,2529,Sutter Health Park,133,Athletics,ATH,6,False,139,Tampa Bay Rays,TB,10,True,680700,Richie Palacios,Richard,Palacios,1,1997-05-16,29,"5' 8""",185,4,Second Base,L,Left,R,Right,0-1,,1,0,0,0,0,0,0,0,0,0,0,0,1,0,,,,,,,,,,
2026-08-10,824969,,/api/v1.1/game/824969/feed/live,R,2026,2026-08-10,,night,P,N,N,Regular Season,1,3,1,Final,Final,2529,Sutter Health Park,133,Athletics,ATH,6,False,139,Tampa Bay Rays,TB,10,True,700246,Carson Williams,Carson,Williams,7,2003-06-25,23,"6' 1""",180,6,Shortstop,R,Right,R,Right,0-3 | 2 K,,3,0,0,0,0,0,0,2,0,0,0,0,3,0,,,,,,,,,,
2026-08-10,824969,,/api/v1.1/game/824969/feed/live,R,2026,2026-08-10,,night,P,N,N,Regular Season,1,3,1,Final,Final,2529,Sutter Health Park,133,Athletics,ATH,6,False,139,Tampa Bay Rays,TB,10,True,668723,Ryan Vilade,Ryan,Vilade,26,1999-02-18,27,"6' 1""",226,9,Outfielder,R,Right,R,Right,"0-3 | BB, K, R",,3,0,0,0,0,0,1,1,1,0,0,0,4,0,,,,,,,,,,
2026-08-10,824969,,/api/v1.1/game/824969/feed/live,R,2026,2026-08-10,,night,P,N,N,Regular Season,1,3,1,Final,Final,2529,Sutter Health Park,133,Athletics,ATH,6,False,139,Tampa Bay Rays,TB,10,True,668984,Casey Legumina,Casey,Legumina,67,1997-06-19,29,"6' 2""",195,1,Pitcher,R,Right,R,Right,,,,,,,,,,,,,,,,,,,,,,,,,,
2026-08-10,824969,,/api/v1.1/game/824969/feed/live,R,2026,2026-08-10,,night,P,N,N,Regular Season,1,3,1,Final,Final,2529,Sutter Health Park,133,Athletics,ATH,6,False,139,Tampa Bay Rays,TB,10,True,802415,Chandler Simpson,Chandler,Simpson,14,2000-11-18,25,"5' 11""",170,7,Outfielder,L,Left,R,Right,"2-5 | RBI, R, 2 SB",,5,2,0,0,0,1,1,0,0,2,0,0,5,2,,,,,,,,,,
2026-08-10,824969,,/api/v1.1/game/824969/feed/live,R,2026,2026-08-10,,night,P,N,N,Regular Season,1,3,1,Final,Final,2529,Sutter Health Park,133,Athletics,ATH,6,False,139,Tampa Bay Rays,TB,10,True,607259,Nick Martinez,Nicholas,Martinez,28,1990-08-05,36,"6' 1""",200,1,Pitcher,L,Left,R,Right,,,,,,,,,,,,,,,,,,,,,,,,,,
2026-08-10,824969,,/api/v1.1/game/824969/feed/live,R,2026,2026-08-10,,night,P,N,N,Regular Season,1,3,1,Final,Final,2529,Sutter Health Park,133,Athletics,ATH,6,False,139,Tampa Bay Rays,TB,10,True,592155,Cam Booser,Cameron,Booser,62,1992-05-04,34,"6' 3""",230,1,Pitcher,L,Left,L,Left,,,,,,,,,,,,,,,,,,,,,,,,,,
2026-08-10,824969,,/api/v1.1/game/824969/feed/live,R,2026,2026-08-10,,night,P,N,N,Regular Season,1,3,1,Final,Final,2529,Sutter Health Park,133,Athletics,ATH,6,False,139,Tampa Bay Rays,TB,10,True,676356,Jonny DeLuca,Jonathan,DeLuca,21,1998-07-10,28,"5' 10""",195,9,Outfielder,R,Right,R,Right,"3-5 | 2 R, SB",,5,3,0,0,0,0,2,0,0,1,0,0,5,3,,,,,,,,,,
2026-08-10,824969,,/api/v1.1/game/824969/feed/live,R,2026,2026-08-10,,night,P,N,N,Regular Season,1,3,1,Final,Final,2529,Sutter Health Park,133,Athletics,ATH,6,False,139,Tampa Bay Rays,TB,10,True,693855,Ian Seymour,Ian,Seymour,61,1998-12-13,27,"6' 0""",215,1,Pitcher,L,Left,L,Left,,,,,,,,,,,,,,,,,,,,,,,,,,
2026-08-10,824969,,/api/v1.1/game/824969/feed/live,R,2026,2026-08-10,,night,P,N,N,Regular Season,1,3,1,Final,Final,2529,Sutter Health Park,133,Athletics,ATH,6,False,139,Tampa Bay Rays,TB,10,True,675627,Michael Grove,Michael,Grove,58,1996-12-18,29,"6' 3""",200,1,Pitcher,R,Right,R,Right,,,,,,,,,,,,,,,,,,,,,,,,,,
2026-08-10,824969,,/api/v1.1/game/824969/feed/live,R,2026,2026-08-10,,night,P,N,N,Regular Season,1,3,1,Final,Final,2529,Sutter Health Park,133,Athletics,ATH,6,False,139,Tampa Bay Rays,TB,10,True,664076,Garrett Cleavinger,Garrett,Cleavinger,60,1994-04-23,32,"6' 1""",225,1,Pitcher,R,Right,L,Left,,,,,,,,,,,,,,,,,,,,,,,,,,
2026-08-10,824969,,/api/v1.1/game/824969/feed/live,R,2026,2026-08-10,,night,P,N,N,Regular Season,1,3,1,Final,Final,2529,Sutter Health Park,133,Athletics,ATH,6,False,139,Tampa Bay Rays,TB,10,True,687330,Kevin Kelly,Kevin,Kelly,49,1997-11-28,28,"6' 2""",195,1,Pitcher,R,Right,R,Right,"1.0 IP, 0 ER, 0 K, 0 BB",,,,,,,,,,,,,,,,1.0,0,0,0,0,0,7,0,0,0
2026-08-10,824969,,/api/v1.1/game/824969/feed/live,R,2026,2026-08-10,,night,P,N,N,Regular Season,1,3,1,Final,Final,2529,Sutter Health Park,133,Athletics,ATH,6,False,139,Tampa Bay Rays,TB,10,True,689414,Liam Hicks,Liam,Hicks,34,1999-06-02,27,"5' 9""",185,2,Catcher,L,Left,R,Right,0-1 | K,,1,0,0,0,0,0,0,1,0,0,0,0,1,0,,,,,,,,,,
2026-08-10,824969,,/api/v1.1/game/824969/feed/live,R,2026,2026-08-10,,night,P,N,N,Regular Season,1,3,1,Final,Final,2529,Sutter Health Park,133,Athletics,ATH,6,False,139,Tampa Bay Rays,TB,10,True,642547,Freddy Peralta,Freddy,Peralta,51,1996-06-04,30,"6' 0""",198,1,Pitcher,R,Right,R,Right,"6.0 IP, 3 ER, 5 K, BB",,,,,,,,,,,,,,,,6.0,3,6,1,5,1,98,0,0,0
2026-08-10,824969,,/api/v1.1/game/824969/feed/live,R,2026,2026-08-10,,night,P,N,N,Regular Season,1,3,1,Final,Final,2529,Sutter Health Park,133,Athletics,ATH,6,False,139,Tampa Bay Rays,TB,10,True,666018,Jonathan Aranda,Jonathan,Aranda,8,1998-05-23,28,"6' 0""",215,3,First Base,L,Left,R,Right,"2-4 | BB, K, RBI",,4,2,0,0,0,1,1,1,1,0,0,0,5,2,,,,,,,,,,
2026-08-10,824969,,/api/v1.1/game/824969/feed/live,R,2026,2026-08-10,,night,P,N,N,Regular Season,1,3,1,Final,Final,2529,Sutter Health Park,133,Athletics,ATH,6,False,139,Tampa Bay Rays,TB,10,True,663743,Nick Fortes,Nicholas,Fortes,40,1996-11-11,29,"5' 11""",198,2,Catcher,R,Right,R,Right,"0-3 | BB, K, RBI",,3,0,0,0,0,1,0,1,1,0,0,0,4,0,,,,,,,,,,
2026-08-10,824969,,/api/v1.1/game/824969/feed/live,R,2026,2026-08-10,,night,P,N,N,Regular Season,1,3,1,Final,Final,2529,Sutter Health Park,133,Athletics,ATH,6,False,139,Tampa Bay Rays,TB,10,True,650490,Yandy Díaz,Yandy,Díaz,2,1991-08-08,35,"6' 0""",235,10,Designated Hitter,R,Right,R,Right,"3-4 | HR, 2B, 2 RBI",,4,3,1,0,1,2,2,0,0,0,0,0,5,7,,,,,,,,,,
2026-08-10,824969,,/api/v1.1/game/824969/feed/live,R,2026,2026-08-10,,night,P,N,N,Regular Season,1,3,1,Final,Final,2529,Sutter Health Park,133,Athletics,ATH,6,False,139,Tampa Bay Rays,TB,10,True,641329,Bryan Baker,Bryan,Baker,47,1994-12-02,31,"6' 6""",235,1,Pitcher,R,Right,R,Right,,,,,,,,,,,,,,,,,,,,,,,,,,
2026-08-10,824969,,/api/v1.1/game/824969/feed/live,R,2026,2026-08-10,,night,P,N,N,Regular Season,1,3,1,Final,Final,2529,Sutter Health Park,133,Athletics,ATH,6,False,139,Tampa Bay Rays,TB,10,True,683748,Victor Mesa Jr.,Victor,Mesa,25,2001-09-08,24,"5' 11""",195,9,Outfielder,L,Left,L,Left,,,,,,,,,,,,,,,,,,,,,,,,,,
2026-08-10,824969,,/api/v1.1/game/824969/feed/live,R,2026,2026-08-10,,night,P,N,N,Regular Season,1,3,1,Final,Final,2529,Sutter Health Park,133,Athletics,ATH,6,False,139,Tampa Bay Rays,TB,10,True,691406,Junior Caminero,Junior,Caminero,13,2003-07-05,23,"6' 1""",220,5,Third Base,R,Right,R,Right,"1-5 | HR, 3 RBI, R",,5,1,0,0,1,3,1,0,0,0,0,0,5,4,,,,,,,,,,
2026-08-10,824969,,/api/v1.1/game/824969/feed/live,R,2026,2026-08-10,,night,P,N,N,Regular Season,1,3,1,Final,Final,2529,Sutter Health Park,133,Athletics,ATH,6,False,139,Tampa Bay Rays,TB,10,True,656876,Drew Rasmussen,Drew,Rasmussen,57,1995-07-27,31,"6' 1""",240,1,Pitcher,R,Right,R,Right,,,,,,,,,,,,,,,,,,,,,,,,,,
2026-08-10,824969,,/api/v1.1/game/824969/feed/live,R,2026,2026-08-10,,night,P,N,N,Regular Season,1,3,1,Final,Final,2529,Sutter Health Park,133,Athletics,ATH,6,False,139,Tampa Bay Rays,TB,10,True,656775,Cedric Mullins,Boyce,Mullins,31,1994-10-01,31,"5' 7""",175,8,Outfielder,L,Left,L,Left,0-0 | R,,0,0,0,0,0,0,1,0,0,0,0,0,0,0,,,,,,,,,,
2026-08-10,823265,,/api/v1.1/game/823265/feed/live,R,2026,2026-08-10,,night,P,N,N,Regular Season,1,3,1,Final,Final,2680,Petco Park,135,San Diego Padres,SD,3,True,158,Milwaukee Brewers,MIL,2,False,650859,Luis Rengifo,Luis,Rengifo,21,1997-02-26,29,"5' 9""",204,7,Outfielder,S,Switch,R,Right,"0-2 | BB, K",,2,0,0,0,0,0,0,1,1,0,0,0,3,0,,,,,,,,,,
2026-08-10,823265,,/api/v1.1/game/823265/feed/live,R,2026,2026-08-10,,night,P,N,N,Regular Season,1,3,1,Final,Final,2680,Petco Park,135,San Diego Padres,SD,3,True,158,Milwaukee Brewers,MIL,2,False,669134,Luis Campusano,Luis,Campusano,12,1998-09-29,27,"5' 10""",232,2,Catcher,R,Right,R,Right,,,,,,,,,,,,,,,,,,,,,,,,,,
2026-08-10,823265,,/api/v1.1/game/823265/feed/live,R,2026,2026-08-10,,night,P,N,N,Regular Season,1,3,1,Final,Final,2680,Petco Park,135,San Diego Padres,SD,3,True,158,Milwaukee Brewers,MIL,2,False,673513,Yuki Matsui,Yuki,Matsui,1,1995-10-30,30,"5' 8""",165,1,Pitcher,L,Left,L,Left,"1.0 IP, 0 ER, K, 0 BB",,,,,,,,,,,,,,,,1.0,0,0,0,1,0,15,1,0,0
2026-08-10,823265,,/api/v1.1/game/823265/feed/live,R,2026,2026-08-10,,night,P,N,N,Regular Season,1,3,1,Final,Final,2680,Petco Park,135,San Diego Padres,SD,3,True,158,Milwaukee Brewers,MIL,2,False,666023,Freddy Fermin,Freddy,Fermin,54,1995-05-16,31,"5' 10""",200,2,Catcher,R,Right,R,Right,"1-3 | 2B, 2 K",,3,1,1,0,0,0,0,2,0,0,0,0,3,2,,,,,,,,,,
2026-08-10,823265,,/api/v1.1/game/823265/feed/live,R,2026,2026-08-10,,night,P,N,N,Regular Season,1,3,1,Final,Final,2680,Petco Park,135,San Diego Padres,SD,3,True,158,Milwaukee Brewers,MIL,2,False,650633,Michael King,Michael,King,34,1995-05-25,31,"6' 3""",210,1,Pitcher,R,Right,R,Right,,,,,,,,,,,,,,,,,,,,,,,,,,
2026-08-10,823265,,/api/v1.1/game/823265/feed/live,R,2026,2026-08-10,,night,P,N,N,Regular Season,1,3,1,Final,Final,2680,Petco Park,135,San Diego Padres,SD,3,True,158,Milwaukee Brewers,MIL,2,False,695243,Mason Miller,Mason,Miller,22,1998-08-24,27,"6' 5""",200,1,Pitcher,R,Right,R,Right,"1.0 IP, 0 ER, K, BB",,,,,,,,,,,,,,,,1.0,0,0,0,1,1,19,0,0,1
2026-08-10,823265,,/api/v1.1/game/823265/feed/live,R,2026,2026-08-10,,night,P,N,N,Regular Season,1,3,1,Final,Final,2680,Petco Park,135,San Diego Padres,SD,3,True,158,Milwaukee Brewers,MIL,2,False,663554,Casey Mize,Casey,Mize,32,1997-05-01,29,"6' 3""",212,1,Pitcher,R,Right,R,Right,"6.0 IP, 2 ER, 6 K, 2 BB",,,,,,,,,,,,,,,,6.0,2,5,1,6,2,83,0,0,0
2026-08-10,823265,,/api/v1.1/game/823265/feed/live,R,2026,2026-08-10,,night,P,N,N,Regular Season,1,3,1,Final,Final,2680,Petco Park,135,San Diego Padres,SD,3,True,158,Milwaukee Brewers,MIL,2,False,593974,Wandy Peralta,Wandy,Peralta,58,1991-07-27,35,"6' 0""",227,1,Pitcher,L,Left,L,Left,,,,,,,,,,,,,,,,,,,,,,,,,,
2026-08-10,823265,,/api/v1.1/game/823265/feed/live,R,2026,2026-08-10,,night,P,N,N,Regular Season,1,3,1,Final,Final,2680,Petco Park,135,San Diego Padres,SD,3,True,158,Milwaukee Brewers,MIL,2,False,621111,Walker Buehler,Walker,Buehler,10,1994-07-28,32,"6' 2""",185,1,Pitcher,R,Right,R,Right,,,,,,,,,,,,,,,,,,,,,,,,,,
2026-08-10,823265,,/api/v1.1/game/823265/feed/live,R,2026,2026-08-10,,night,P,N,N,Regular Season,1,3,1,Final,Final,2680,Petco Park,135,San Diego Padres,SD,3,True,158,Milwaukee Brewers,MIL,2,False,701538,Jackson Merrill,Jackson,Merrill,3,2003-04-19,23,"6' 2""",195,8,Outfielder,L,Left,R,Right,"1-3 | HR, 2 RBI, R",,3,1,0,0,1,2,1,0,0,0,0,0,3,4,,,,,,,,,,
2026-08-10,823265,,/api/v1.1/game/823265/feed/live,R,2026,2026-08-10,,night,P,N,N,Regular Season,1,3,1,Final,Final,2680,Petco Park,135,San Diego Padres,SD,3,True,158,Milwaukee Brewers,MIL,2,False,656288,Griffin Canning,Griffin,Canning,17,1996-05-11,30,"6' 2""",180,1,Pitcher,R,Right,R,Right,,,,,,,,,,,,,,,,,,,,,,,,,,
2026-08-10,823265,,/api/v1.1/game/823265/feed/live,R,2026,2026-08-10,,night,P,N,N,Regular Season,1,3,1,Final,Final,2680,Petco Park,135,San Diego Padres,SD,3,True,158,Milwaukee Brewers,MIL,2,False,699134,Bradgley Rodriguez,Bradgley,Rodriguez,72,2003-11-16,22,"6' 1""",160,1,Pitcher,R,Right,R,Right,,,,,,,,,,,,,,,,,,,,,,,,,,
2026-08-10,823265,,/api/v1.1/game/823265/feed/live,R,2026,2026-08-10,,night,P,N,N,Regular Season,1,3,1,Final,Final,2680,Petco Park,135,San Diego Padres,SD,3,True,158,Milwaukee Brewers,MIL,2,False,823550,Sung-Mun Song,Sung-Mun,Song,24,1996-08-29,29,"6' 0""",194,4,Second Base,L,Left,R,Right,0-2,,2,0,0,0,0,0,0,0,0,0,0,0,3,0,,,,,,,,,,
2026-08-10,823265,,/api/v1.1/game/823265/feed/live,R,2026,2026-08-10,,night,P,N,N,Regular Season,1,3,1,Final,Final,2680,Petco Park,135,San Diego Padres,SD,3,True,158,Milwaukee Brewers,MIL,2,False,669093,Jeremiah Estrada,Jeremiah,Estrada,56,1998-11-01,27,"6' 1""",185,1,Pitcher,S,Switch,R,Right,,,,,,,,,,,,,,,,,,,,,,,,,,
2026-08-10,823265,,/api/v1.1/game/823265/feed/live,R,2026,2026-08-10,,night,P,N,N,Regular Season,1,3,1,Final,Final,2680,Petco Park,135,San Diego Padres,SD,3,True,158,Milwaukee Brewers,MIL,2,False,657757,Gavin Sheets,Gavin,Sheets,30,1996-04-23,30,"6' 3""",235,3,First Base,L,Left,L,Left,"0-2 | BB, 2 K",,2,0,0,0,0,0,0,2,1,0,0,0,3,0,,,,,,,,,,
2026-08-10,823265,,/api/v1.1/game/823265/feed/live,R,2026,2026-08-10,,night,P,N,N,Regular Season,1,3,1,Final,Final,2680,Petco Park,135,San Diego Padres,SD,3,True,158,Milwaukee Brewers,MIL,2,False,670970,Adrian Morejon,Adrian,Morejon,50,1999-02-27,27,"5' 11""",224,1,Pitcher,L,Left,L,Left,"1.0 IP, 0 ER, K, 0 BB",,,,,,,,,,,,,,,,1.0,0,1,0,1,0,8,0,0,0
2026-08-10,823265,,/api/v1.1/game/823265/feed/live,R,2026,2026-08-10,,night,P,N,N,Regular Season,1,3,1,Final,Final,2680,Petco Park,135,San Diego Padres,SD,3,True,158,Milwaukee Brewers,MIL,2,False,592518,Manny Machado,Manuel,Machado,13,1992-07-06,34,"6' 2""",218,5,Third Base,R,Right,R,Right,0-4 | K,,4,0,0,0,0,0,0,1,0,0,0,1,4,0,,,,,,,,,,
2026-08-10,823265,,/api/v1.1/game/823265/feed/live,R,2026,2026-08-10,,night,P,N,N,Regular Season,1,3,1,Final,Final,2680,Petco Park,135,San Diego Padres,SD,3,True,158,Milwaukee Brewers,MIL,2,False,669720,Austin Hays,Austin,Hays,15,1995-07-05,31,"5' 10""",200,7,Outfielder,R,Right,R,Right,,,,,,,,,,,,,,,,,,,,,,,,,,
2026-08-10,823265,,/api/v1.1/game/823265/feed/live,R,2026,2026-08-10,,night,P,N,N,Regular Season,1,3,1,Final,Final,2680,Petco Park,135,San Diego Padres,SD,3,True,158,Milwaukee Brewers,MIL,2,False,665487,Fernando Tatis Jr.,Fernando,Tatis,23,1999-01-02,27,"6' 3""",217,9,Outfielder,R,Right,R,Right,0-4,,4,0,0,0,0,0,0,0,0,0,0,0,4,0,,,,,,,,,,
2026-08-10,823265,,/api/v1.1/game/823265/feed/live,R,2026,2026-08-10,,night,P,N,N,Regular Season,1,3,1,Final,Final,2680,Petco Park,135,San Diego Padres,SD,3,True,158,Milwaukee Brewers,MIL,2,False,664034,Ty France,Tyler,France,25,1994-07-13,32,"5' 10""",215,3,First Base,R,Right,R,Right,"2-3 | HR, RBI, 2 R",,3,2,0,0,1,1,2,0,0,0,0,0,3,5,,,,,,,,,,
2026-08-10,823265,,/api/v1.1/game/823265/feed/live,R,2026,2026-08-10,,night,P,N,N,Regular Season,1,3,1,Final,Final,2680,Petco Park,135,San Diego Padres,SD,3,True,158,Milwaukee Brewers,MIL,2,False,593428,Xander Bogaerts,Xander,Bogaerts,2,1992-10-01,33,"6' 2""",218,6,Shortstop,R,Right,R,Right,,,,,,,,,,,,,,,,,,,,,,,,,,
2026-08-10,823265,,/api/v1.1/game/823265/feed/live,R,2026,2026-08-10,,night,P,N,N,Regular Season,1,3,1,Final,Final,2680,Petco Park,135,San Diego Padres,SD,3,True,158,Milwaukee Brewers,MIL,2,False,687749,Jase Bowen,Jase,Bowen,4,2000-09-02,25,"6' 0""",215,9,Outfielder,R,Right,R,Right,0-0,,0,0,0,0,0,0,0,0,0,0,0,0,0,0,,,,,,,,,,
2026-08-10,823265,,/api/v1.1/game/823265/feed/live,R,2026,2026-08-10,,night,P,N,N,Regular Season,1,3,1,Final,Final,2680,Petco Park,135,San Diego Padres,SD,3,True,158,Milwaukee Brewers,MIL,2,False,606996,Kyle Hart,Kyle,Hart,68,1992-11-23,33,"6' 5""",200,1,Pitcher,L,Left,L,Left,,,,,,,,,,,,,,,,,,,,,,,,,,
2026-08-10,823265,,/api/v1.1/game/823265/feed/live,R,2026,2026-08-10,,night,P,N,N,Regular Season,1,3,1,Final,Final,2680,Petco Park,135,San Diego Padres,SD,3,True,158,Milwaukee Brewers,MIL,2,False,630105,Jake Cronenworth,Jacob,Cronenworth,9,1994-01-21,32,"5' 11""",187,4,Second Base,L,Left,R,Right,1-4 | 2 K,,4,1,0,0,0,0,0,2,0,0,0,0,4,1,,,,,,,,,,
2026-08-10,823265,,/api/v1.1/game/823265/feed/live,R,2026,2026-08-10,,night,P,N,N,Regular Season,1,3,1,Final,Final,2680,Petco Park,135,San Diego Padres,SD,3,True,158,Milwaukee Brewers,MIL,2,False,592662,Robbie Ray,Robert,Ray,38,1991-10-01,34,"6' 2""",220,1,Pitcher,L,Left,L,Left,,,,,,,,,,,,,,,,,,,,,,,,,,
2026-08-10,823265,,/api/v1.1/game/823265/feed/live,R,2026,2026-08-10,,night,P,N,N,Regular Season,1,3,1,Final,Final,2680,Petco Park,135,San Diego Padres,SD,3,True,158,Milwaukee Brewers,MIL,2,False,681190,Randy Vásquez,Randy,Vásquez,98,1998-11-03,27,"6' 0""",165,1,Pitcher,R,Right,R,Right,,,,,,,,,,,,,,,,,,,,,,,,,,
2026-08-10,823265,,/api/v1.1/game/823265/feed/live,R,2026,2026-08-10,,night,P,N,N,Regular Season,1,3,1,Final,Final,2680,Petco Park,135,San Diego Padres,SD,3,True,158,Milwaukee Brewers,MIL,2,False,694477,Chad Patrick,Chandler,Patrick,39,1998-08-14,27,"6' 1""",217,1,Pitcher,R,Right,R,Right,,,,,,,,,,,,,,,,,,,,,,,,,,
2026-08-10,823265,,/api/v1.1/game/823265/feed/live,R,2026,2026-08-10,,night,P,N,N,Regular Season,1,3,1,Final,Final,2680,Petco Park,135,San Diego Padres,SD,3,True,158,Milwaukee Brewers,MIL,2,False,701656,Logan Henderson,Logan,Henderson,43,2002-03-02,24,"6' 0""",209,1,Pitcher,R,Right,R,Right,"6.1 IP, 3 ER, 7 K, BB",,,,,,,,,,,,,,,,6.1,3,5,2,7,1,91,0,1,0
2026-08-10,823265,,/api/v1.1/game/823265/feed/live,R,2026,2026-08-10,,night,P,N,N,Regular Season,1,3,1,Final,Final,2680,Petco Park,135,San Diego Padres,SD,3,True,158,Milwaukee Brewers,MIL,2,False,687401,Joey Ortiz,Joseph,Ortiz,3,1998-07-14,28,"5' 10""",192,6,Shortstop,R,Right,R,Right,,,,,,,,,,,,,,,,,,,,,,,,,,
2026-08-10,823265,,/api/v1.1/game/823265/feed/live,R,2026,2026-08-10,,night,P,N,N,Regular Season,1,3,1,Final,Final,2680,Petco Park,135,San Diego Padres,SD,3,True,158,Milwaukee Brewers,MIL,2,False,694192,Jackson Chourio,Jackson,Chourio,11,2004-03-11,22,"6' 1""",199,7,Outfielder,R,Right,R,Right,"3-4 | K, SB, CS",,4,3,0,0,0,0,0,1,0,1,1,0,4,3,,,,,,,,,,
2026-08-10,823265,,/api/v1.1/game/823265/feed/live,R,2026,2026-08-10,,night,P,N,N,Regular Season,1,3,1,Final,Final,2680,Petco Park,135,San Diego Padres,SD,3,True,158,Milwaukee Brewers,MIL,2,False,592885,Christian Yelich,Christian,Yelich,22,1991-12-05,34,"6' 4""",220,10,Designated Hitter,L,Left,R,Right,"1-3 | HR, K, 2 RBI",,3,1,0,0,1,2,1,1,0,0,0,0,3,4,,,,,,,,,,
2026-08-10,823265,,/api/v1.1/game/823265/feed/live,R,2026,2026-08-10,,night,P,N,N,Regular Season,1,3,1,Final,Final,2680,Petco Park,135,San Diego Padres,SD,3,True,158,Milwaukee Brewers,MIL,2,False,680689,Lyon Richardson,Lyon,Richardson,48,2000-01-18,26,"6' 2""",207,1,Pitcher,S,Switch,R,Right,"1.2 IP, 0 ER, K, BB",,,,,,,,,,,,,,,,1.2,0,0,0,1,1,27,0,0,0
2026-08-10,823265,,/api/v1.1/game/823265/feed/live,R,2026,2026-08-10,,night,P,N,N,Regular Season,1,3,1,Final,Final,2680,Petco Park,135,San Diego Padres,SD,3,True,158,Milwaukee Brewers,MIL,2,False,641343,Jake Bauers,Jakob,Bauers,9,1995-10-06,30,"6' 0""",216,3,First Base,L,Left,L,Left,1-4 | 2B,,4,1,1,0,0,0,0,0,0,0,0,1,4,2,,,,,,,,,,
2026-08-10,823265,,/api/v1.1/game/823265/feed/live,R,2026,2026-08-10,,night,P,N,N,Regular Season,1,3,1,Final,Final,2680,Petco Park,135,San Diego Padres,SD,3,True,158,Milwaukee Brewers,MIL,2,False,682842,Abner Uribe,Abner,Uribe,45,2000-06-20,26,"6' 3""",205,1,Pitcher,R,Right,R,Right,,,,,,,,,,,,,,,,,,,,,,,,,,
2026-08-10,823265,,/api/v1.1/game/823265/feed/live,R,2026,2026-08-10,,night,P,N,N,Regular Season,1,3,1,Final,Final,2680,Petco Park,135,San Diego Padres,SD,3,True,158,Milwaukee Brewers,MIL,2,False,683734,Andrew Vaughn,Andrew,Vaughn,28,1998-04-03,28,"5' 10""",215,3,First Base,R,Right,R,Right,0-4 | K,,4,0,0,0,0,0,0,1,0,0,0,0,4,0,,,,,,,,,,
2026-08-10,823265,,/api/v1.1/game/823265/feed/live,R,2026,2026-08-10,,night,P,N,N,Regular Season,1,3,1,Final,Final,2680,Petco Park,135,San Diego Padres,SD,3,True,158,Milwaukee Brewers,MIL,2,False,675660,Shane Drohan,Shane,Drohan,55,1999-01-07,27,"6' 2""",202,1,Pitcher,L,Left,L,Left,,,,,,,,,,,,,,,,,,,,,,,,,,
2026-08-10,823265,,/api/v1.1/game/823265/feed/live,R,2026,2026-08-10,,night,P,N,N,Regular Season,1,3,1,Final,Final,2680,Petco Park,135,San Diego Padres,SD,3,True,158,Milwaukee Brewers,MIL,2,False,663604,Brandon Lockridge,Brandon,Lockridge,20,1997-03-14,29,"6' 0""",197,7,Outfielder,R,Right,R,Right,0-0 | CS,,0,0,0,0,0,0,0,0,0,0,1,0,0,0,,,,,,,,,,
2026-08-10,823265,,/api/v1.1/game/823265/feed/live,R,2026,2026-08-10,,night,P,N,N,Regular Season,1,3,1,Final,Final,2680,Petco Park,135,San Diego Padres,SD,3,True,158,Milwaukee Brewers,MIL,2,False,690986,Kyle Harrison,Kyle,Harrison,52,2001-08-12,24,"6' 2""",216,1,Pitcher,R,Right,L,Left,,,,,,,,,,,,,,,,,,,,,,,,,,
2026-08-10,823265,,/api/v1.1/game/823265/feed/live,R,2026,2026-08-10,,night,P,N,N,Regular Season,1,3,1,Final,Final,2680,Petco Park,135,San Diego Padres,SD,3,True,158,Milwaukee Brewers,MIL,2,False,669003,Garrett Mitchell,Garrett,Mitchell,5,1998-09-04,27,"6' 2""",229,8,Outfielder,L,Left,R,Right,"0-3 | BB, 3 K",,3,0,0,0,0,0,0,3,1,0,0,0,4,0,,,,,,,,,,
2026-08-10,823265,,/api/v1.1/game/823265/feed/live,R,2026,2026-08-10,,night,P,N,N,Regular Season,1,3,1,Final,Final,2680,Petco Park,135,San Diego Padres,SD,3,True,158,Milwaukee Brewers,MIL,2,False,676879,Aaron Ashby,Aaron,Ashby,26,1998-05-24,28,"6' 0""",194,1,Pitcher,R,Right,L,Left,,,,,,,,,,,,,,,,,,,,,,,,,,
2026-08-10,823265,,/api/v1.1/game/823265/feed/live,R,2026,2026-08-10,,night,P,N,N,Regular Season,1,3,1,Final,Final,2680,Petco Park,135,San Diego Padres,SD,3,True,158,Milwaukee Brewers,MIL,2,False,666152,David Hamilton,David,Hamilton,6,1997-09-29,28,"5' 10""",192,5,Third Base,L,Left,R,Right,0-3,,3,0,0,0,0,0,0,0,0,0,0,0,3,0,,,,,,,,,,
2026-08-10,823265,,/api/v1.1/game/823265/feed/live,R,2026,2026-08-10,,night,P,N,N,Regular Season,1,3,1,Final,Final,2680,Petco Park,135,San Diego Padres,SD,3,True,158,Milwaukee Brewers,MIL,2,False,661388,William Contreras,William,Contreras,24,1997-12-24,28,"5' 10""",217,2,Catcher,R,Right,R,Right,"0-2 | 2 BB, R",,2,0,0,0,0,0,1,0,2,0,0,0,4,0,,,,,,,,,,
2026-08-10,823265,,/api/v1.1/game/823265/feed/live,R,2026,2026-08-10,,night,P,N,N,Regular Season,1,3,1,Final,Final,2680,Petco Park,135,San Diego Padres,SD,3,True,158,Milwaukee Brewers,MIL,2,False,668930,Brice Turang,Brice,Turang,2,1999-11-21,26,"6' 0""",190,4,Second Base,L,Left,R,Right,0-4 | 3 K,,4,0,0,0,0,0,0,3,0,0,0,0,4,0,,,,,,,,,,
2026-08-10,823265,,/api/v1.1/game/823265/feed/live,R,2026,2026-08-10,,night,P,N,N,Regular Season,1,3,1,Final,Final,2680,Petco Park,135,San Diego Padres,SD,3,True,158,Milwaukee Brewers,MIL,2,False,688107,Robert Gasser,Robert,Gasser,54,1999-05-31,27,"6' 0""",197,1,Pitcher,L,Left,L,Left,,,,,,,,,,,,,,,,,,,,,,,,,,
2026-08-10,823265,,/api/v1.1/game/823265/feed/live,R,2026,2026-08-10,,night,P,N,N,Regular Season,1,3,1,Final,Final,2680,Petco Park,135,San Diego Padres,SD,3,True,158,Milwaukee Brewers,MIL,2,False,596142,Gary Sánchez,Gary,Sánchez,99,1992-12-02,33,"6' 2""",251,2,Catcher,R,Right,R,Right,,,,,,,,,,,,,,,,,,,,,,,,,,
2026-08-10,823265,,/api/v1.1/game/823265/feed/live,R,2026,2026-08-10,,night,P,N,N,Regular Season,1,3,1,Final,Final,2680,Petco Park,135,San Diego Padres,SD,3,True,158,Milwaukee Brewers,MIL,2,False,694819,Jacob Misiorowski,Jacob,Misiorowski,32,2002-04-03,24,"6' 7""",201,1,Pitcher,R,Right,R,Right,,,,,,,,,,,,,,,,,,,,,,,,,,
2026-08-10,823265,,/api/v1.1/game/823265/feed/live,R,2026,2026-08-10,,night,P,N,N,Regular Season,1,3,1,Final,Final,2680,Petco Park,135,San Diego Padres,SD,3,True,158,Milwaukee Brewers,MIL,2,False,669084,DL Hall,Dayton,Hall,37,1998-09-19,27,"6' 1""",209,1,Pitcher,L,Left,L,Left,,,,,,,,,,,,,,,,,,,,,,,,,,
2026-08-10,823265,,/api/v1.1/game/823265/feed/live,R,2026,2026-08-10,,night,P,N,N,Regular Season,1,3,1,Final,Final,2680,Petco Park,135,San Diego Padres,SD,3,True,158,Milwaukee Brewers,MIL,2,False,622608,Antonio Senzatela,Antonio,Senzatela,49,1995-01-21,31,"6' 1""",235,1,Pitcher,R,Right,R,Right,,,,,,,,,,,,,,,,,,,,,,,,,,
2026-08-10,823265,,/api/v1.1/game/823265/feed/live,R,2026,2026-08-10,,night,P,N,N,Regular Season,1,3,1,Final,Final,2680,Petco Park,135,San Diego Padres,SD,3,True,158,Milwaukee Brewers,MIL,2,False,669160,Dustin May,Dustin,May,21,1997-09-06,28,"6' 6""",180,1,Pitcher,R,Right,R,Right,,,,,,,,,,,,,,,,,,,,,,,,,,
2026-08-10,823265,,/api/v1.1/game/823265/feed/live,R,2026,2026-08-10,,night,P,N,N,Regular Season,1,3,1,Final,Final,2680,Petco Park,135,San Diego Padres,SD,3,True,158,Milwaukee Brewers,MIL,2,False,678225,Jihwan Bae,Jihwan,Bae,0,1999-07-26,27,"5' 11""",185,8,Outfielder,L,Left,R,Right,,,,,,,,,,,,,,,,,,,,,,,,,,
2026-08-10,823265,,/api/v1.1/game/823265/feed/live,R,2026,2026-08-10,,night,P,N,N,Regular Season,1,3,1,Final,Final,2680,Petco Park,135,San Diego Padres,SD,3,True,158,Milwaukee Brewers,MIL,2,False,800325,Luis Lara,Luis,Lara,18,2004-11-17,21,"5' 7""",169,9,Outfielder,S,Switch,R,Right,1-3,,3,1,0,0,0,0,0,0,0,0,0,0,3,1,,,,,,,,,,
2026-08-10,823265,,/api/v1.1/game/823265/feed/live,R,2026,2026-08-10,,night,P,N,N,Regular Season,1,3,1,Final,Final,2680,Petco Park,135,San Diego Padres,SD,3,True,158,Milwaukee Brewers,MIL,2,False,656730,Trevor Megill,Trevor,Megill,29,1993-12-05,32,"6' 8""",253,1,Pitcher,L,Left,R,Right,,,,,,,,,,,,,,,,,,,,,,,,,,
2026-08-10,823189,,/api/v1.1/game/823189/feed/live,R,2026,2026-08-10,,night,P,N,N,Regular Season,1,3,1,Final,Final,2395,Oracle Park,137,San Francisco Giants,SF,3,False,117,Houston Astros,HOU,6,True,664141,JT Brubaker,Jonathan,Brubaker,34,1993-11-17,32,"6' 4""",197,1,Pitcher,R,Right,R,Right,"0.2 IP, ER, 0 K, BB",,,,,,,,,,,,,,,,0.2,1,1,1,0,1,17,0,0,0
2026-08-10,823189,,/api/v1.1/game/823189/feed/live,R,2026,2026-08-10,,night,P,N,N,Regular Season,1,3,1,Final,Final,2395,Oracle Park,137,San Francisco Giants,SF,3,False,117,Houston Astros,HOU,6,True,681916,Dylan Smith,Dylan,Smith,66,2000-05-28,26,"6' 2""",180,1,Pitcher,R,Right,R,Right,"1.0 IP, ER, 0 K, BB",,,,,,,,,,,,,,,,1.0,1,1,0,0,1,15,0,0,0
2026-08-10,823189,,/api/v1.1/game/823189/feed/live,R,2026,2026-08-10,,night,P,N,N,Regular Season,1,3,1,Final,Final,2395,Oracle Park,137,San Francisco Giants,SF,3,False,117,Houston Astros,HOU,6,True,681439,Zach Morgan,Zachary,Morgan,80,2000-03-30,26,"5' 11""",202,2,Catcher,R,Right,R,Right,,,,,,,,,,,,,,,,,,,,,,,,,,
2026-08-10,823189,,/api/v1.1/game/823189/feed/live,R,2026,2026-08-10,,night,P,N,N,Regular Season,1,3,1,Final,Final,2395,Oracle Park,137,San Francisco Giants,SF,3,False,117,Houston Astros,HOU,6,True,701852,Drew Cavanaugh,Drew,Cavanaugh,61,2002-01-27,24,"6' 0""",219,2,Catcher,L,Left,R,Right,0-4 | K,,4,0,0,0,0,0,0,1,0,0,0,0,4,0,,,,,,,,,,
2026-08-10,823189,,/api/v1.1/game/823189/feed/live,R,2026,2026-08-10,,night,P,N,N,Regular Season,1,3,1,Final,Final,2395,Oracle Park,137,San Francisco Giants,SF,3,False,117,Houston Astros,HOU,6,True,801501,Nate Furman,Nathan,Furman,56,2001-07-23,25,"5' 8""",173,4,Second Base,L,Left,R,Right,,,,,,,,,,,,,,,,,,,,,,,,,,
2026-08-10,823189,,/api/v1.1/game/823189/feed/live,R,2026,2026-08-10,,night,P,N,N,Regular Season,1,3,1,Final,Final,2395,Oracle Park,137,San Francisco Giants,SF,3,False,117,Houston Astros,HOU,6,True,657277,Logan Webb,Logan,Webb,62,1996-11-18,29,"6' 2""",221,1,Pitcher,R,Right,R,Right,,,,,,,,,,,,,,,,,,,,,,,,,,
2026-08-10,823189,,/api/v1.1/game/823189/feed/live,R,2026,2026-08-10,,night,P,N,N,Regular Season,1,3,1,Final,Final,2395,Oracle Park,137,San Francisco Giants,SF,3,False,117,Houston Astros,HOU,6,True,671083,Buddy Kennedy,Clifton,Kennedy,41,1998-10-05,27,"5' 10""",213,3,First Base,R,Right,R,Right,,,,,,,,,,,,,,,,,,,,,,,,,,
2026-08-10,823189,,/api/v1.1/game/823189/feed/live,R,2026,2026-08-10,,night,P,N,N,Regular Season,1,3,1,Final,Final,2395,Oracle Park,137,San Francisco Giants,SF,3,False,117,Houston Astros,HOU,6,True,805345,Trent Harris,Trenton,Harris,68,1999-01-22,27,"6' 1""",206,1,Pitcher,R,Right,R,Right,,,,,,,,,,,,,,,,,,,,,,,,,,
2026-08-10,823189,,/api/v1.1/game/823189/feed/live,R,2026,2026-08-10,,night,P,N,N,Regular Season,1,3,1,Final,Final,2395,Oracle Park,137,San Francisco Giants,SF,3,False,117,Houston Astros,HOU,6,True,676775,Keaton Winn,Keaton,Winn,67,1998-02-20,28,"6' 4""",230,1,Pitcher,R,Right,R,Right,"0.2 IP, 0 ER, 0 K, 0 BB",,,,,,,,,,,,,,,,0.2,0,0,0,0,0,5,0,0,0
2026-08-10,823189,,/api/v1.1/game/823189/feed/live,R,2026,2026-08-10,,night,P,N,N,Regular Season,1,3,1,Final,Final,2395,Oracle Park,137,San Francisco Giants,SF,3,False,117,Houston Astros,HOU,6,True,671345,Jason Foley,Jason,Foley,64,1995-11-01,30,"6' 4""",215,1,Pitcher,R,Right,R,Right,"1.0 IP, 2 ER, 0 K, 2 BB",,,,,,,,,,,,,,,,1.0,2,2,0,0,2,19,0,1,0
2026-08-10,823189,,/api/v1.1/game/823189/feed/live,R,2026,2026-08-10,,night,P,N,N,Regular Season,1,3,1,Final,Final,2395,Oracle Park,137,San Francisco Giants,SF,3,False,117,Houston Astros,HOU,6,True,693313,Carson Seymour,Carson,Seymour,77,1998-12-16,27,"6' 5""",264,1,Pitcher,R,Right,R,Right,,,,,,,,,,,,,,,,,,,,,,,,,,
2026-08-10,823189,,/api/v1.1/game/823189/feed/live,R,2026,2026-08-10,,night,P,N,N,Regular Season,1,3,1,Final,Final,2395,Oracle Park,137,San Francisco Giants,SF,3,False,117,Houston Astros,HOU,6,True,808982,Jung Hoo Lee,Jung Hoo,Lee,51,1998-08-20,27,"6' 0""",196,9,Outfielder,L,Left,R,Right,"2-5 | HR, RBI, R",,5,2,0,0,1,1,1,0,0,0,0,1,5,5,,,,,,,,,,
2026-08-10,823189,,/api/v1.1/game/823189/feed/live,R,2026,2026-08-10,,night,P,N,N,Regular Season,1,3,1,Final,Final,2395,Oracle Park,137,San Francisco Giants,SF,3,False,117,Houston Astros,HOU,6,True,687551,Drew Gilbert,Andrew,Gilbert,0,2000-09-27,25,"5' 9""",195,8,Outfielder,L,Left,L,Left,"1-3 | HR, K, 2 RBI",,3,1,0,0,1,2,1,1,0,0,0,0,4,4,,,,,,,,,,
2026-08-10,823189,,/api/v1.1/game/823189/feed/live,R,2026,2026-08-10,,night,P,N,N,Regular Season,1,3,1,Final,Final,2395,Oracle Park,137,San Francisco Giants,SF,3,False,117,Houston Astros,HOU,6,True,656529,Sam Hentges,Sam,Hentges,31,1996-07-18,30,"6' 8""",255,1,Pitcher,L,Left,L,Left,"1.0 IP, 0 ER, K, 0 BB",,,,,,,,,,,,,,,,1.0,0,0,0,1,0,15,0,0,0
2026-08-10,823189,,/api/v1.1/game/823189/feed/live,R,2026,2026-08-10,,night,P,N,N,Regular Season,1,3,1,Final,Final,2395,Oracle Park,137,San Francisco Giants,SF,3,False,117,Houston Astros,HOU,6,True,646240,Rafael Devers,Rafael,Devers,16,1996-10-24,29,"6' 0""",235,3,First Base,L,Left,R,Right,"0-3 | BB, 2 K",,3,0,0,0,0,0,0,2,1,0,0,0,4,0,,,,,,,,,,
2026-08-10,823189,,/api/v1.1/game/823189/feed/live,R,2026,2026-08-10,,night,P,N,N,Regular Season,1,3,1,Final,Final,2395,Oracle Park,137,San Francisco Giants,SF,3,False,117,Houston Astros,HOU,6,True,665665,Reiver Sanmartin,Reiver,Sanmartin,48,1996-04-15,30,"6' 1""",188,1,Pitcher,L,Left,L,Left,,,,,,,,,,,,,,,,,,,,,,,,,,
2026-08-10,823189,,/api/v1.1/game/823189/feed/live,R,2026,2026-08-10,,night,P,N,N,Regular Season,1,3,1,Final,Final,2395,Oracle Park,137,San Francisco Giants,SF,3,False,117,Houston Astros,HOU,6,True,687931,Carson Whisenhunt,Carson,Whisenhunt,88,2000-10-20,25,"6' 3""",225,1,Pitcher,L,Left,L,Left,,,,,,,,,,,,,,,,,,,,,,,,,,
2026-08-10,823189,,/api/v1.1/game/823189/feed/live,R,2026,2026-08-10,,night,P,N,N,Regular Season,1,3,1,Final,Final,2395,Oracle Park,137,San Francisco Giants,SF,3,False,117,Houston Astros,HOU,6,True,687529,Grant McCray,Grant,McCray,58,2000-12-07,25,"6' 1""",195,8,Outfielder,L,Left,R,Right,0-4 | 2 K,,4,0,0,0,0,0,0,2,0,0,0,0,4,0,,,,,,,,,,
2026-08-10,823189,,/api/v1.1/game/823189/feed/live,R,2026,2026-08-10,,night,P,N,N,Regular Season,1,3,1,Final,Final,2395,Oracle Park,137,San Francisco Giants,SF,3,False,117,Houston Astros,HOU,6,True,683766,Christian Koss,Christian,Koss,50,1998-01-27,28,"6' 1""",185,5,Third Base,R,Right,R,Right,1-4,,4,1,0,0,0,0,0,0,0,0,0,0,4,1,,,,,,,,,,
2026-08-10,823189,,/api/v1.1/game/823189/feed/live,R,2026,2026-08-10,,night,P,N,N,Regular Season,1,3,1,Final,Final,2395,Oracle Park,137,San Francisco Giants,SF,3,False,117,Houston Astros,HOU,6,True,678760,Eddys Leonard,Eddys,Leonard,49,2000-11-10,25,"5' 10""",201,6,Shortstop,R,Right,R,Right,,,,,,,,,,,,,,,,,,,,,,,,,,
2026-08-10,823189,,/api/v1.1/game/823189/feed/live,R,2026,2026-08-10,,night,P,N,N,Regular Season,1,3,1,Final,Final,2395,Oracle Park,137,San Francisco Giants,SF,3,False,117,Houston Astros,HOU,6,True,605288,Adrian Houser,Adrian,Houser,12,1993-02-02,33,"6' 4""",227,1,Pitcher,R,Right,R,Right,,,,,,,,,,,,,,,,,,,,,,,,,,
2026-08-10,823189,,/api/v1.1/game/823189/feed/live,R,2026,2026-08-10,,night,P,N,N,Regular Season,1,3,1,Final,Final,2395,Oracle Park,137,San Francisco Giants,SF,3,False,117,Houston Astros,HOU,6,True,694918,Blade Tidwell,Janzen,Tidwell,46,2001-06-08,25,"6' 3""",244,1,Pitcher,R,Right,R,Right,"5.2 IP, ER, 6 K, BB",,,,,,,,,,,,,,,,5.2,1,4,0,6,1,96,0,0,0
2026-08-10,823189,,/api/v1.1/game/823189/feed/live,R,2026,2026-08-10,,night,P,N,N,Regular Season,1,3,1,Final,Final,2395,Oracle Park,137,San Francisco Giants,SF,3,False,117,Houston Astros,HOU,6,True,642715,Willy Adames,Willy,Adames,2,1995-09-02,30,"6' 0""",216,6,Shortstop,R,Right,R,Right,"0-3 | BB, K",,3,0,0,0,0,0,0,1,1,0,0,0,4,0,,,,,,,,,,
2026-08-10,823189,,/api/v1.1/game/823189/feed/live,R,2026,2026-08-10,,night,P,N,N,Regular Season,1,3,1,Final,Final,2395,Oracle Park,137,San Francisco Giants,SF,3,False,117,Houston Astros,HOU,6,True,694738,Landen Roupp,Landen,Roupp,65,1998-09-10,27,"6' 2""",220,1,Pitcher,R,Right,R,Right,,,,,,,,,,,,,,,,,,,,,,,,,,
2026-08-10,823189,,/api/v1.1/game/823189/feed/live,R,2026,2026-08-10,,night,P,N,N,Regular Season,1,3,1,Final,Final,2395,Oracle Park,137,San Francisco Giants,SF,3,False,117,Houston Astros,HOU,6,True,805811,Bryce Eldridge,Bryson,Eldridge,8,2004-10-20,21,"6' 7""",251,10,Designated Hitter,L,Left,R,Right,"1-4 | 2B, R",,4,1,1,0,0,0,1,0,0,0,0,0,4,2,,,,,,,,,,
2026-08-10,823189,,/api/v1.1/game/823189/feed/live,R,2026,2026-08-10,,night,P,N,N,Regular Season,1,3,1,Final,Final,2395,Oracle Park,137,San Francisco Giants,SF,3,False,117,Houston Astros,HOU,6,True,678545,Osleivis Basabe,Osleivis,Basabe,39,2000-09-13,25,"5' 11""",197,4,Second Base,R,Right,R,Right,1-4,,4,1,0,0,0,0,0,0,0,0,0,0,4,1,,,,,,,,,,
2026-08-10,823189,,/api/v1.1/game/823189/feed/live,R,2026,2026-08-10,,night,P,N,N,Regular Season,1,3,1,Final,Final,2395,Oracle Park,137,San Francisco Giants,SF,3,False,117,Houston Astros,HOU,6,True,670623,Isaac Paredes,Isaac,Paredes,15,1999-02-18,27,"5' 11""",213,5,Third Base,R,Right,R,Right,"2-4 | 2B, BB, 2 RBI",,4,2,1,0,0,2,0,0,1,0,0,0,5,3,,,,,,,,,,
2026-08-10,823189,,/api/v1.1/game/823189/feed/live,R,2026,2026-08-10,,night,P,N,N,Regular Season,1,3,1,Final,Final,2395,Oracle Park,137,San Francisco Giants,SF,3,False,117,Houston Astros,HOU,6,True,650556,Bryan Abreu,Bryan,Abreu,52,1997-04-22,29,"6' 1""",230,1,Pitcher,R,Right,R,Right,,,,,,,,,,,,,,,,,,,,,,,,,,
2026-08-10,823189,,/api/v1.1/game/823189/feed/live,R,2026,2026-08-10,,night,P,N,N,Regular Season,1,3,1,Final,Final,2395,Oracle Park,137,San Francisco Giants,SF,3,False,117,Houston Astros,HOU,6,True,669397,Nick Allen,Nicholas,Allen,20,1998-10-08,27,"5' 7""",166,6,Shortstop,R,Right,R,Right,0-1 | R,,1,0,0,0,0,0,1,0,0,0,0,0,1,0,,,,,,,,,,
2026-08-10,823189,,/api/v1.1/game/823189/feed/live,R,2026,2026-08-10,,night,P,N,N,Regular Season,1,3,1,Final,Final,2395,Oracle Park,137,San Francisco Giants,SF,3,False,117,Houston Astros,HOU,6,True,701358,Cam Smith,Cameron,Smith,11,2003-02-22,23,"6' 3""",224,9,Outfielder,R,Right,R,Right,"3-4 | HR, K, 2 RBI",,4,3,0,0,1,2,2,1,0,0,0,0,4,6,,,,,,,,,,
2026-08-10,823189,,/api/v1.1/game/823189/feed/live,R,2026,2026-08-10,,night,P,N,N,Regular Season,1,3,1,Final,Final,2395,Oracle Park,137,San Francisco Giants,SF,3,False,117,Houston Astros,HOU,6,True,669713,Hayden Wesneski,Hayden,Wesneski,39,1997-12-05,28,"6' 3""",210,1,Pitcher,R,Right,R,Right,"7.0 IP, 3 ER, 4 K, 2 BB",,,,,,,,,,,,,,,,7.0,3,5,2,4,2,83,0,0,0
2026-08-10,823189,,/api/v1.1/game/823189/feed/live,R,2026,2026-08-10,,night,P,N,N,Regular Season,1,3,1,Final,Final,2395,Oracle Park,137,San Francisco Giants,SF,3,False,117,Houston Astros,HOU,6,True,686613,Hunter Brown,Hunter,Brown,58,1998-08-29,27,"6' 2""",220,1,Pitcher,R,Right,R,Right,,,,,,,,,,,,,,,,,,,,,,,,,,
2026-08-10,823189,,/api/v1.1/game/823189/feed/live,R,2026,2026-08-10,,night,P,N,N,Regular Season,1,3,1,Final,Final,2395,Oracle Park,137,San Francisco Giants,SF,3,False,117,Houston Astros,HOU,6,True,669854,Ronel Blanco,Ronel,Blanco,56,1993-08-31,32,"6' 3""",265,1,Pitcher,R,Right,R,Right,,,,,,,,,,,,,,,,,,,,,,,,,,
2026-08-10,823189,,/api/v1.1/game/823189/feed/live,R,2026,2026-08-10,,night,P,N,N,Regular Season,1,3,1,Final,Final,2395,Oracle Park,137,San Francisco Giants,SF,3,False,117,Houston Astros,HOU,6,True,623352,Josh Hader,Josh,Hader,71,1994-04-07,32,"6' 3""",188,1,Pitcher,L,Left,L,Left,"2.0 IP, 0 ER, 2 K, 0 BB",,,,,,,,,,,,,,,,2.0,0,0,0,2,0,22,1,0,0
2026-08-10,823189,,/api/v1.1/game/823189/feed/live,R,2026,2026-08-10,,night,P,N,N,Regular Season,1,3,1,Final,Final,2395,Oracle Park,137,San Francisco Giants,SF,3,False,117,Houston Astros,HOU,6,True,662139,Daulton Varsho,Daulton,Varsho,18,1996-07-02,30,"5' 8""",207,8,Outfielder,L,Left,R,Right,0-4 | K,,4,0,0,0,0,0,0,1,0,0,0,0,4,0,,,,,,,,,,
2026-08-10,823189,,/api/v1.1/game/823189/feed/live,R,2026,2026-08-10,,night,P,N,N,Regular Season,1,3,1,Final,Final,2395,Oracle Park,137,San Francisco Giants,SF,3,False,117,Houston Astros,HOU,6,True,660853,Enyel De Los Santos,Enyel,De Los Santos,65,1995-12-25,30,"6' 3""",235,1,Pitcher,R,Right,R,Right,,,,,,,,,,,,,,,,,,,,,,,,,,
2026-08-10,823189,,/api/v1.1/game/823189/feed/live,R,2026,2026-08-10,,night,P,N,N,Regular Season,1,3,1,Final,Final,2395,Oracle Park,137,San Francisco Giants,SF,3,False,117,Houston Astros,HOU,6,True,676694,Jake Meyers,Jacob,Meyers,6,1996-06-18,30,"6' 0""",200,8,Outfielder,R,Right,L,Left,,,,,,,,,,,,,,,,,,,,,,,,,,
2026-08-10,823189,,/api/v1.1/game/823189/feed/live,R,2026,2026-08-10,,night,P,N,N,Regular Season,1,3,1,Final,Final,2395,Oracle Park,137,San Francisco Giants,SF,3,False,117,Houston Astros,HOU,6,True,595345,Steven Okert,Steven,Okert,48,1991-07-09,35,"6' 2""",202,1,Pitcher,L,Left,L,Left,"1.0 IP, 0 ER, K, 0 BB",,,,,,,,,,,,,,,,1.0,0,1,0,1,0,16,0,0,0
2026-08-10,823189,,/api/v1.1/game/823189/feed/live,R,2026,2026-08-10,,night,P,N,N,Regular Season,1,3,1,Final,Final,2395,Oracle Park,137,San Francisco Giants,SF,3,False,117,Houston Astros,HOU,6,True,805123,AJ Blubaugh,Alan,Blubaugh,69,2000-07-04,26,"6' 2""",190,1,Pitcher,R,Right,R,Right,,,,,,,,,,,,,,,,,,,,,,,,,,
2026-08-10,823189,,/api/v1.1/game/823189/feed/live,R,2026,2026-08-10,,night,P,N,N,Regular Season,1,3,1,Final,Final,2395,Oracle Park,137,San Francisco Giants,SF,3,False,117,Houston Astros,HOU,6,True,656986,Bennett Sousa,John,Sousa,62,1995-04-06,31,"6' 3""",220,1,Pitcher,L,Left,L,Left,,,,,,,,,,,,,,,,,,,,,,,,,,
2026-08-10,823189,,/api/v1.1/game/823189/feed/live,R,2026,2026-08-10,,night,P,N,N,Regular Season,1,3,1,Final,Final,2395,Oracle Park,137,San Francisco Giants,SF,3,False,117,Houston Astros,HOU,6,True,514888,Jose Altuve,Jose,Altuve,27,1990-05-06,36,"5' 6""",167,4,Second Base,R,Right,R,Right,"0-4 | K, RBI",,4,0,0,0,0,1,0,1,0,0,0,0,5,0,,,,,,,,,,
2026-08-10,823189,,/api/v1.1/game/823189/feed/live,R,2026,2026-08-10,,night,P,N,N,Regular Season,1,3,1,Final,Final,2395,Oracle Park,137,San Francisco Giants,SF,3,False,117,Houston Astros,HOU,6,True,666211,Taylor Trammell,Taylor,Trammell,26,1997-09-13,28,"6' 1""",220,8,Outfielder,L,Left,L,Left,0-3 | 2 BB,,3,0,0,0,0,0,0,0,2,0,0,0,5,0,,,,,,,,,,
2026-08-10,823189,,/api/v1.1/game/823189/feed/live,R,2026,2026-08-10,,night,P,N,N,Regular Season,1,3,1,Final,Final,2395,Oracle Park,137,San Francisco Giants,SF,3,False,117,Houston Astros,HOU,6,True,837227,Tatsuya Imai,Tatsuya,Imai,45,1998-05-09,28,"5' 11""",176,1,Pitcher,R,Right,R,Right,,,,,,,,,,,,,,,,,,,,,,,,,,
2026-08-10,823189,,/api/v1.1/game/823189/feed/live,R,2026,2026-08-10,,night,P,N,N,Regular Season,1,3,1,Final,Final,2395,Oracle Park,137,San Francisco Giants,SF,3,False,117,Houston Astros,HOU,6,True,665161,Jeremy Peña,Jeremy,Peña,3,1997-09-22,28,"6' 0""",202,6,Shortstop,R,Right,R,Right,"1-5 | 3 K, RBI, R",,5,1,0,0,0,1,1,3,0,0,0,0,5,1,,,,,,,,,,
2026-08-10,823189,,/api/v1.1/game/823189/feed/live,R,2026,2026-08-10,,night,P,N,N,Regular Season,1,3,1,Final,Final,2395,Oracle Park,137,San Francisco Giants,SF,3,False,117,Houston Astros,HOU,6,True,663567,Peter Lambert,Peter,Lambert,38,1997-04-18,29,"6' 2""",208,1,Pitcher,R,Right,R,Right,,,,,,,,,,,,,,,,,,,,,,,,,,
2026-08-10,823189,,/api/v1.1/game/823189/feed/live,R,2026,2026-08-10,,night,P,N,N,Regular Season,1,3,1,Final,Final,2395,Oracle Park,137,San Francisco Giants,SF,3,False,117,Houston Astros,HOU,6,True,664299,Cristian Javier,Cristian,Javier,53,1997-03-26,29,"6' 1""",210,1,Pitcher,R,Right,R,Right,,,,,,,,,,,,,,,,,,,,,,,,,,
2026-08-10,823189,,/api/v1.1/game/823189/feed/live,R,2026,2026-08-10,,night,P,N,N,Regular Season,1,3,1,Final,Final,2395,Oracle Park,137,San Francisco Giants,SF,3,False,117,Houston Astros,HOU,6,True,687911,Bryan King,Bryan,King,74,1996-11-05,29,"6' 1""",205,1,Pitcher,R,Right,L,Left,,,,,,,,,,,,,,,,,,,,,,,,,,
2026-08-10,823189,,/api/v1.1/game/823189/feed/live,R,2026,2026-08-10,,night,P,N,N,Regular Season,1,3,1,Final,Final,2395,Oracle Park,137,San Francisco Giants,SF,3,False,117,Houston Astros,HOU,6,True,664774,LaMonte Wade Jr.,LaMonte,Wade,31,1994-01-01,32,"5' 11""",215,7,Outfielder,L,Left,L,Left,"0-0 | BB, R",,0,0,0,0,0,0,1,0,1,0,0,0,1,0,,,,,,,,,,
2026-08-10,823189,,/api/v1.1/game/823189/feed/live,R,2026,2026-08-10,,night,P,N,N,Regular Season,1,3,1,Final,Final,2395,Oracle Park,137,San Francisco Giants,SF,3,False,117,Houston Astros,HOU,6,True,572233,Christian Walker,Christian,Walker,8,1991-03-28,35,"5' 11""",208,3,First Base,R,Right,R,Right,0-3 | BB,,3,0,0,0,0,0,0,0,1,0,0,0,4,0,,,,,,,,,,
2026-08-10,823189,,/api/v1.1/game/823189/feed/live,R,2026,2026-08-10,,night,P,N,N,Regular Season,1,3,1,Final,Final,2395,Oracle Park,137,San Francisco Giants,SF,3,False,117,Houston Astros,HOU,6,True,543877,Christian Vázquez,Christian,Vázquez,2,1990-08-21,35,"5' 8""",205,2,Catcher,R,Right,R,Right,0-3 | K,,3,0,0,0,0,0,0,1,0,0,0,0,3,0,,,,,,,,,,
2026-08-10,823189,,/api/v1.1/game/823189/feed/live,R,2026,2026-08-10,,night,P,N,N,Regular Season,1,3,1,Final,Final,2395,Oracle Park,137,San Francisco Giants,SF,3,False,117,Houston Astros,HOU,6,True,673237,Yainer Diaz,Yainer,Diaz,21,1998-09-21,27,"5' 11""",195,2,Catcher,R,Right,R,Right,0-0,,0,0,0,0,0,0,0,0,0,0,0,0,0,0,,,,,,,,,,
2026-08-10,823189,,/api/v1.1/game/823189/feed/live,R,2026,2026-08-10,,night,P,N,N,Regular Season,1,3,1,Final,Final,2395,Oracle Park,137,San Francisco Giants,SF,3,False,117,Houston Astros,HOU,6,True,670541,Yordan Alvarez,Yordan,Alvarez,44,1997-06-27,29,"6' 4""",237,10,Designated Hitter,L,Left,R,Right,"2-5 | 2B, R",,5,2,1,0,0,0,1,0,0,0,0,0,5,3,,,,,,,,,,
2026-08-10,823918,,/api/v1.1/game/823918/feed/live,R,2026,2026-08-10,,night,P,N,N,Regular Season,1,3,1,Final,Final,22,UNIQLO Field at Dodger Stadium,119,Los Angeles Dodgers,LAD,6,True,118,Kansas City Royals,KC,5,False,666163,Ben Rortvedt,Benjamin,Rortvedt,47,1997-09-25,28,"5' 10""",210,2,Catcher,L,Left,R,Right,,,,,,,,,,,,,,,,,,,,,,,,,,
2026-08-10,823918,,/api/v1.1/game/823918/feed/live,R,2026,2026-08-10,,night,P,N,N,Regular Season,1,3,1,Final,Final,22,UNIQLO Field at Dodger Stadium,119,Los Angeles Dodgers,LAD,6,True,118,Kansas City Royals,KC,5,False,669373,Tarik Skubal,Tarik,Skubal,29,1996-11-20,29,"6' 3""",240,1,Pitcher,R,Right,L,Left,"5.0 IP, 3 ER, 6 K, 2 BB",,,,,,,,,,,,,,,,5.0,3,4,1,6,2,95,0,0,0
2026-08-10,823918,,/api/v1.1/game/823918/feed/live,R,2026,2026-08-10,,night,P,N,N,Regular Season,1,3,1,Final,Final,22,UNIQLO Field at Dodger Stadium,119,Los Angeles Dodgers,LAD,6,True,118,Kansas City Royals,KC,5,False,681911,Alex Vesia,Alexander,Vesia,51,1996-04-11,30,"6' 1""",209,1,Pitcher,L,Left,L,Left,"1.0 IP, 0 ER, K, 0 BB",,,,,,,,,,,,,,,,1.0,0,0,0,1,0,8,0,0,0
2026-08-10,823918,,/api/v1.1/game/823918/feed/live,R,2026,2026-08-10,,night,P,N,N,Regular Season,1,3,1,Final,Final,22,UNIQLO Field at Dodger Stadium,119,Los Angeles Dodgers,LAD,6,True,118,Kansas City Royals,KC,5,False,663656,Kyle Tucker,Kyle,Tucker,23,1997-01-17,29,"6' 3""",212,9,Outfielder,L,Left,R,Right,"0-1 | BB, R",,1,0,0,0,0,0,1,0,1,0,0,0,2,0,,,,,,,,,,
2026-08-10,823918,,/api/v1.1/game/823918/feed/live,R,2026,2026-08-10,,night,P,N,N,Regular Season,1,3,1,Final,Final,22,UNIQLO Field at Dodger Stadium,119,Los Angeles Dodgers,LAD,6,True,118,Kansas City Royals,KC,5,False,571771,Enrique Hernández,Enrique,Hernández,8,1991-08-24,34,"5' 10""",195,3,First Base,R,Right,R,Right,,,,,,,,,,,,,,,,,,,,,,,,,,
2026-08-10,823918,,/api/v1.1/game/823918/feed/live,R,2026,2026-08-10,,night,P,N,N,Regular Season,1,3,1,Final,Final,22,UNIQLO Field at Dodger Stadium,119,Los Angeles Dodgers,LAD,6,True,118,Kansas City Royals,KC,5,False,571970,Max Muncy,Maxwell,Muncy,13,1990-08-25,35,"5' 10""",215,5,Third Base,L,Left,R,Right,"1-4 | 2B, 2 K, 3 RBI",,4,1,1,0,0,3,0,2,0,0,0,0,4,2,,,,,,,,,,
2026-08-10,823918,,/api/v1.1/game/823918/feed/live,R,2026,2026-08-10,,night,P,N,N,Regular Season,1,3,1,Final,Final,22,UNIQLO Field at Dodger Stadium,119,Los Angeles Dodgers,LAD,6,True,118,Kansas City Royals,KC,5,False,518692,Freddie Freeman,Frederick,Freeman,5,1989-09-12,36,"6' 4""",220,3,First Base,L,Left,R,Right,3-4 | 2 RBI,,4,3,0,0,0,2,0,0,0,0,0,0,4,3,,,,,,,,,,
2026-08-10,823918,,/api/v1.1/game/823918/feed/live,R,2026,2026-08-10,,night,P,N,N,Regular Season,1,3,1,Final,Final,22,UNIQLO Field at Dodger Stadium,119,Los Angeles Dodgers,LAD,6,True,118,Kansas City Royals,KC,5,False,683618,Edgardo Henriquez,Edgardo,Henriquez,60,2002-06-24,24,"6' 4""",200,1,Pitcher,R,Right,R,Right,,,,,,,,,,,,,,,,,,,,,,,,,,
2026-08-10,823918,,/api/v1.1/game/823918/feed/live,R,2026,2026-08-10,,night,P,N,N,Regular Season,1,3,1,Final,Final,22,UNIQLO Field at Dodger Stadium,119,Los Angeles Dodgers,LAD,6,True,118,Kansas City Royals,KC,5,False,641778,Eric Lauer,Eric,Lauer,33,1995-06-03,31,"6' 3""",209,1,Pitcher,R,Right,L,Left,,,,,,,,,,,,,,,,,,,,,,,,,,
2026-08-10,823918,,/api/v1.1/game/823918/feed/live,R,2026,2026-08-10,,night,P,N,N,Regular Season,1,3,1,Final,Final,22,UNIQLO Field at Dodger Stadium,119,Los Angeles Dodgers,LAD,6,True,118,Kansas City Royals,KC,5,False,656945,Tanner Scott,Tanner,Scott,66,1994-07-22,32,"6' 0""",235,1,Pitcher,R,Right,L,Left,"1.0 IP, 0 ER, 0 K, BB",,,,,,,,,,,,,,,,1.0,0,0,0,0,1,15,0,0,0
2026-08-10,823918,,/api/v1.1/game/823918/feed/live,R,2026,2026-08-10,,night,P,N,N,Regular Season,1,3,1,Final,Final,22,UNIQLO Field at Dodger Stadium,119,Los Angeles Dodgers,LAD,6,True,118,Kansas City Royals,KC,5,False,676439,Hunter Feduccia,Hunter,Feduccia,46,1997-06-05,29,"6' 1""",215,2,Catcher,L,Left,R,Right,"1-3 | 2B, R",,3,1,1,0,0,0,1,0,0,0,0,0,3,2,,,,,,,,,,
2026-08-10,823918,,/api/v1.1/game/823918/feed/live,R,2026,2026-08-10,,night,P,N,N,Regular Season,1,3,1,Final,Final,22,UNIQLO Field at Dodger Stadium,119,Los Angeles Dodgers,LAD,6,True,118,Kansas City Royals,KC,5,False,669242,Tommy Edman,Thomas,Edman,25,1995-05-09,31,"5' 10""",193,4,Second Base,S,Switch,R,Right,1-4 | R,,4,1,0,0,0,0,1,0,0,0,0,0,4,1,,,,,,,,,,
2026-08-10,823918,,/api/v1.1/game/823918/feed/live,R,2026,2026-08-10,,night,P,N,N,Regular Season,1,3,1,Final,Final,22,UNIQLO Field at Dodger Stadium,119,Los Angeles Dodgers,LAD,6,True,118,Kansas City Royals,KC,5,False,660271,Shohei Ohtani,Shohei,Ohtani,17,1994-07-05,32,"6' 4""",210,Y,Two-Way Player,L,Left,R,Right,"2-4 | 2B, RBI, 2 R",,4,2,1,0,0,1,2,0,0,1,0,0,4,3,,,,,,,,,,
2026-08-10,823918,,/api/v1.1/game/823918/feed/live,R,2026,2026-08-10,,night,P,N,N,Regular Season,1,3,1,Final,Final,22,UNIQLO Field at Dodger Stadium,119,Los Angeles Dodgers,LAD,6,True,118,Kansas City Royals,KC,5,False,680736,Justin Wrobleski,Justin,Wrobleski,70,2000-07-14,26,"6' 1""",194,1,Pitcher,L,Left,L,Left,,,,,,,,,,,,,,,,,,,,,,,,,,
2026-08-10,823918,,/api/v1.1/game/823918/feed/live,R,2026,2026-08-10,,night,P,N,N,Regular Season,1,3,1,Final,Final,22,UNIQLO Field at Dodger Stadium,119,Los Angeles Dodgers,LAD,6,True,118,Kansas City Royals,KC,5,False,606192,Teoscar Hernández,Teoscar,Hernández,37,1992-10-15,33,"6' 0""",215,7,Outfielder,R,Right,R,Right,0-2,,2,0,0,0,0,0,0,0,0,0,0,1,2,0,,,,,,,,,,
2026-08-10,823918,,/api/v1.1/game/823918/feed/live,R,2026,2026-08-10,,night,P,N,N,Regular Season,1,3,1,Final,Final,22,UNIQLO Field at Dodger Stadium,119,Los Angeles Dodgers,LAD,6,True,118,Kansas City Royals,KC,5,False,681624,Andy Pages,Andy,Pages,44,2000-12-08,25,"6' 1""",212,8,Outfielder,R,Right,R,Right,"0-3 | BB, K",,3,0,0,0,0,0,0,1,1,0,0,0,4,0,,,,,,,,,,
2026-08-10,823918,,/api/v1.1/game/823918/feed/live,R,2026,2026-08-10,,night,P,N,N,Regular Season,1,3,1,Final,Final,22,UNIQLO Field at Dodger Stadium,119,Los Angeles Dodgers,LAD,6,True,118,Kansas City Royals,KC,5,False,621242,Edwin Díaz,Edwin,Díaz,3,1994-03-22,32,"6' 3""",165,1,Pitcher,R,Right,R,Right,"1.0 IP, 0 ER, K, 0 BB",,,,,,,,,,,,,,,,1.0,0,0,0,1,0,12,0,0,1
2026-08-10,823918,,/api/v1.1/game/823918/feed/live,R,2026,2026-08-10,,night,P,N,N,Regular Season,1,3,1,Final,Final,22,UNIQLO Field at Dodger Stadium,119,Los Angeles Dodgers,LAD,6,True,118,Kansas City Royals,KC,5,False,623465,Evan Phillips,Evan,Phillips,59,1994-09-11,31,"6' 2""",215,1,Pitcher,R,Right,R,Right,,,,,,,,,,,,,,,,,,,,,,,,,,
2026-08-10,823918,,/api/v1.1/game/823918/feed/live,R,2026,2026-08-10,,night,P,N,N,Regular Season,1,3,1,Final,Final,22,UNIQLO Field at Dodger Stadium,119,Los Angeles Dodgers,LAD,6,True,118,Kansas City Royals,KC,5,False,605141,Mookie Betts,Markus,Betts,50,1992-10-07,33,"5' 9""",180,6,Shortstop,R,Right,R,Right,"1-4 | 2B, K",,4,1,1,0,0,0,0,1,0,0,0,0,4,2,,,,,,,,,,
2026-08-10,823918,,/api/v1.1/game/823918/feed/live,R,2026,2026-08-10,,night,P,N,N,Regular Season,1,3,1,Final,Final,22,UNIQLO Field at Dodger Stadium,119,Los Angeles Dodgers,LAD,6,True,118,Kansas City Royals,KC,5,False,669743,Alex Call,Alex,Call,12,1994-09-27,31,"5' 11""",189,7,Outfielder,R,Right,R,Right,,,,,,,,,,,,,,,,,,,,,,,,,,
2026-08-10,823918,,/api/v1.1/game/823918/feed/live,R,2026,2026-08-10,,night,P,N,N,Regular Season,1,3,1,Final,Final,22,UNIQLO Field at Dodger Stadium,119,Los Angeles Dodgers,LAD,6,True,118,Kansas City Royals,KC,5,False,656212,Charlie Barnes,Charles,Barnes,57,1995-10-01,30,"6' 2""",190,1,Pitcher,L,Left,L,Left,,,,,,,,,,,,,,,,,,,,,,,,,,
2026-08-10,823918,,/api/v1.1/game/823918/feed/live,R,2026,2026-08-10,,night,P,N,N,Regular Season,1,3,1,Final,Final,22,UNIQLO Field at Dodger Stadium,119,Los Angeles Dodgers,LAD,6,True,118,Kansas City Royals,KC,5,False,500743,Miguel Rojas,Miguel,Rojas,72,1989-02-24,37,"5' 10""",188,4,Second Base,R,Right,R,Right,"1-3 | 2B, BB, R",,3,1,1,0,0,0,1,0,1,0,0,0,4,2,,,,,,,,,,
2026-08-10,823918,,/api/v1.1/game/823918/feed/live,R,2026,2026-08-10,,night,P,N,N,Regular Season,1,3,1,Final,Final,22,UNIQLO Field at Dodger Stadium,119,Los Angeles Dodgers,LAD,6,True,118,Kansas City Royals,KC,5,False,676263,Jack Dreyer,Jacob,Dreyer,86,1999-02-27,27,"6' 2""",205,1,Pitcher,R,Right,L,Left,"1.0 IP, 2 ER, K, BB",,,,,,,,,,,,,,,,1.0,2,2,1,1,1,17,1,0,0
2026-08-10,823918,,/api/v1.1/game/823918/feed/live,R,2026,2026-08-10,,night,P,N,N,Regular Season,1,3,1,Final,Final,22,UNIQLO Field at Dodger Stadium,119,Los Angeles Dodgers,LAD,6,True,118,Kansas City Royals,KC,5,False,678020,Seth Halvorsen,Seth,Halvorsen,56,2000-02-18,26,"6' 2""",243,1,Pitcher,R,Right,R,Right,,,,,,,,,,,,,,,,,,,,,,,,,,
2026-08-10,823918,,/api/v1.1/game/823918/feed/live,R,2026,2026-08-10,,night,P,N,N,Regular Season,1,3,1,Final,Final,22,UNIQLO Field at Dodger Stadium,119,Los Angeles Dodgers,LAD,6,True,118,Kansas City Royals,KC,5,False,808963,Roki Sasaki,Roki,Sasaki,11,2001-11-03,24,"6' 2""",187,1,Pitcher,R,Right,R,Right,,,,,,,,,,,,,,,,,,,,,,,,,,
2026-08-10,823918,,/api/v1.1/game/823918/feed/live,R,2026,2026-08-10,,night,P,N,N,Regular Season,1,3,1,Final,Final,22,UNIQLO Field at Dodger Stadium,119,Los Angeles Dodgers,LAD,6,True,118,Kansas City Royals,KC,5,False,808967,Yoshinobu Yamamoto,Yoshinobu,Yamamoto,18,1998-08-17,27,"5' 10""",176,1,Pitcher,R,Right,R,Right,,,,,,,,,,,,,,,,,,,,,,,,,,
2026-08-10,823918,,/api/v1.1/game/823918/feed/live,R,2026,2026-08-10,,night,P,N,N,Regular Season,1,3,1,Final,Final,22,UNIQLO Field at Dodger Stadium,119,Los Angeles Dodgers,LAD,6,True,118,Kansas City Royals,KC,5,False,695600,Carter Jensen,Carter,Jensen,22,2003-07-03,23,"6' 0""",210,2,Catcher,L,Left,R,Right,"0-3 | BB, K",,3,0,0,0,0,0,0,1,1,0,0,0,4,0,,,,,,,,,,
2026-08-10,823918,,/api/v1.1/game/823918/feed/live,R,2026,2026-08-10,,night,P,N,N,Regular Season,1,3,1,Final,Final,22,UNIQLO Field at Dodger Stadium,119,Los Angeles Dodgers,LAD,6,True,118,Kansas City Royals,KC,5,False,621016,Jose Cuas,Jose,Cuas,74,1994-06-28,32,"6' 3""",195,1,Pitcher,R,Right,R,Right,"1.0 IP, 0 ER, K, 0 BB",,,,,,,,,,,,,,,,1.0,0,0,0,1,0,12,0,0,0
2026-08-10,823918,,/api/v1.1/game/823918/feed/live,R,2026,2026-08-10,,night,P,N,N,Regular Season,1,3,1,Final,Final,22,UNIQLO Field at Dodger Stadium,119,Los Angeles Dodgers,LAD,6,True,118,Kansas City Royals,KC,5,False,686475,Tyler Tolbert,Tyler,Tolbert,2,1998-01-27,28,"5' 10""",185,6,Shortstop,R,Right,R,Right,0-0,,0,0,0,0,0,0,0,0,0,0,0,0,0,0,,,,,,,,,,
2026-08-10,823918,,/api/v1.1/game/823918/feed/live,R,2026,2026-08-10,,night,P,N,N,Regular Season,1,3,1,Final,Final,22,UNIQLO Field at Dodger Stadium,119,Los Angeles Dodgers,LAD,6,True,118,Kansas City Royals,KC,5,False,696131,Mason Black,Mason,Black,47,1999-12-10,26,"6' 3""",228,1,Pitcher,R,Right,R,Right,,,,,,,,,,,,,,,,,,,,,,,,,,
2026-08-10,823918,,/api/v1.1/game/823918/feed/live,R,2026,2026-08-10,,night,P,N,N,Regular Season,1,3,1,Final,Final,22,UNIQLO Field at Dodger Stadium,119,Los Angeles Dodgers,LAD,6,True,118,Kansas City Royals,KC,5,False,668942,Josh Rojas,Joshua,Rojas,40,1994-06-30,32,"6' 1""",200,5,Third Base,L,Left,R,Right,,,,,,,,,,,,,,,,,,,,,,,,,,
2026-08-10,823918,,/api/v1.1/game/823918/feed/live,R,2026,2026-08-10,,night,P,N,N,Regular Season,1,3,1,Final,Final,22,UNIQLO Field at Dodger Stadium,119,Los Angeles Dodgers,LAD,6,True,118,Kansas City Royals,KC,5,False,686555,Isaac Collins,Isaac,Collins,1,1997-07-22,29,"5' 8""",188,7,Outfielder,S,Switch,R,Right,0-4 | K,,4,0,0,0,0,0,0,1,0,0,0,0,4,0,,,,,,,,,,
2026-08-10,823918,,/api/v1.1/game/823918/feed/live,R,2026,2026-08-10,,night,P,N,N,Regular Season,1,3,1,Final,Final,22,UNIQLO Field at Dodger Stadium,119,Los Angeles Dodgers,LAD,6,True,118,Kansas City Royals,KC,5,False,521692,Salvador Perez,Salvador,Perez,13,1990-05-10,36,"6' 2""",255,10,Designated Hitter,R,Right,R,Right,0-4 | K,,4,0,0,0,0,0,0,1,0,0,0,1,4,0,,,,,,,,,,
2026-08-10,823918,,/api/v1.1/game/823918/feed/live,R,2026,2026-08-10,,night,P,N,N,Regular Season,1,3,1,Final,Final,22,UNIQLO Field at Dodger Stadium,119,Los Angeles Dodgers,LAD,6,True,118,Kansas City Royals,KC,5,False,679845,Nick Loftin,Nicholas,Loftin,12,1998-09-25,27,"5' 11""",180,5,Third Base,R,Right,R,Right,"2-2 | 2B, BB, HBP",,2,2,1,0,0,0,1,0,1,1,0,0,4,3,,,,,,,,,,
2026-08-10,823918,,/api/v1.1/game/823918/feed/live,R,2026,2026-08-10,,night,P,N,N,Regular Season,1,3,1,Final,Final,22,UNIQLO Field at Dodger Stadium,119,Los Angeles Dodgers,LAD,6,True,118,Kansas City Royals,KC,5,False,670231,John Rave,John,Rave,16,1997-12-30,28,"5' 10""",194,9,Outfielder,L,Left,L,Left,,,,,,,,,,,,,,,,,,,,,,,,,,
2026-08-10,823918,,/api/v1.1/game/823918/feed/live,R,2026,2026-08-10,,night,P,N,N,Regular Season,1,3,1,Final,Final,22,UNIQLO Field at Dodger Stadium,119,Los Angeles Dodgers,LAD,6,True,118,Kansas City Royals,KC,5,False,668674,Lucas Erceg,Lucas,Erceg,60,1995-05-01,31,"6' 2""",214,1,Pitcher,L,Left,R,Right,,,,,,,,,,,,,,,,,,,,,,,,,,
2026-08-10,823918,,/api/v1.1/game/823918/feed/live,R,2026,2026-08-10,,night,P,N,N,Regular Season,1,3,1,Final,Final,22,UNIQLO Field at Dodger Stadium,119,Los Angeles Dodgers,LAD,6,True,118,Kansas City Royals,KC,5,False,686681,Michael Massey,Michael,Massey,19,1998-03-22,28,"6' 0""",195,4,Second Base,L,Left,R,Right,"1-4 | 3 K, R",,4,1,0,0,0,0,1,3,0,0,0,0,4,1,,,,,,,,,,
2026-08-10,823918,,/api/v1.1/game/823918/feed/live,R,2026,2026-08-10,,night,P,N,N,Regular Season,1,3,1,Final,Final,22,UNIQLO Field at Dodger Stadium,119,Los Angeles Dodgers,LAD,6,True,118,Kansas City Royals,KC,5,False,516782,Starling Marte,Starling,Marte,0,1988-10-09,37,"6' 0""",195,9,Outfielder,R,Right,R,Right,0-3 | BB,,3,0,0,0,0,0,0,0,1,0,0,1,4,0,,,,,,,,,,
2026-08-10,823918,,/api/v1.1/game/823918/feed/live,R,2026,2026-08-10,,night,P,N,N,Regular Season,1,3,1,Final,Final,22,UNIQLO Field at Dodger Stadium,119,Los Angeles Dodgers,LAD,6,True,118,Kansas City Royals,KC,5,False,571912,Luke Maile,Luke,Maile,18,1991-02-06,35,"6' 3""",225,2,Catcher,R,Right,R,Right,,,,,,,,,,,,,,,,,,,,,,,,,,
2026-08-10,823918,,/api/v1.1/game/823918/feed/live,R,2026,2026-08-10,,night,P,N,N,Regular Season,1,3,1,Final,Final,22,UNIQLO Field at Dodger Stadium,119,Los Angeles Dodgers,LAD,6,True,118,Kansas City Royals,KC,5,False,518886,Craig Kimbrel,Craig,Kimbrel,26,1988-05-28,38,"6' 0""",215,1,Pitcher,R,Right,R,Right,,,,,,,,,,,,,,,,,,,,,,,,,,
2026-08-10,823918,,/api/v1.1/game/823918/feed/live,R,2026,2026-08-10,,night,P,N,N,Regular Season,1,3,1,Final,Final,22,UNIQLO Field at Dodger Stadium,119,Los Angeles Dodgers,LAD,6,True,118,Kansas City Royals,KC,5,False,664728,Kyle Isbel,Kyle,Isbel,28,1997-03-03,29,"5' 10""",190,8,Outfielder,L,Left,R,Right,"1-4 | HR, 2 RBI, R",,4,1,0,0,1,2,1,0,0,0,0,0,4,4,,,,,,,,,,
2026-08-10,823918,,/api/v1.1/game/823918/feed/live,R,2026,2026-08-10,,night,P,N,N,Regular Season,1,3,1,Final,Final,22,UNIQLO Field at Dodger Stadium,119,Los Angeles Dodgers,LAD,6,True,118,Kansas City Royals,KC,5,False,663738,Daniel Lynch IV,Daniel,Lynch,41,1996-11-17,29,"6' 6""",200,1,Pitcher,L,Left,L,Left,,,,,,,,,,,,,,,,,,,,,,,,,,
2026-08-10,823918,,/api/v1.1/game/823918/feed/live,R,2026,2026-08-10,,night,P,N,N,Regular Season,1,3,1,Final,Final,22,UNIQLO Field at Dodger Stadium,119,Los Angeles Dodgers,LAD,6,True,118,Kansas City Royals,KC,5,False,608379,Michael Wacha,Michael,Wacha,52,1991-07-01,35,"6' 6""",215,1,Pitcher,R,Right,R,Right,,,,,,,,,,,,,,,,,,,,,,,,,,
2026-08-10,823918,,/api/v1.1/game/823918/feed/live,R,2026,2026-08-10,,night,P,N,N,Regular Season,1,3,1,Final,Final,22,UNIQLO Field at Dodger Stadium,119,Los Angeles Dodgers,LAD,6,True,118,Kansas City Royals,KC,5,False,663878,Nate Pearson,Nathan,Pearson,61,1996-08-20,29,"6' 6""",255,1,Pitcher,R,Right,R,Right,,,,,,,,,,,,,,,,,,,,,,,,,,
2026-08-10,823918,,/api/v1.1/game/823918/feed/live,R,2026,2026-08-10,,night,P,N,N,Regular Season,1,3,1,Final,Final,22,UNIQLO Field at Dodger Stadium,119,Los Angeles Dodgers,LAD,6,True,118,Kansas City Royals,KC,5,False,607625,Seth Lugo,Jacob,Lugo,67,1989-11-17,36,"6' 4""",225,1,Pitcher,R,Right,R,Right,,,,,,,,,,,,,,,,,,,,,,,,,,
2026-08-10,823918,,/api/v1.1/game/823918/feed/live,R,2026,2026-08-10,,night,P,N,N,Regular Season,1,3,1,Final,Final,22,UNIQLO Field at Dodger Stadium,119,Los Angeles Dodgers,LAD,6,True,118,Kansas City Royals,KC,5,False,702070,Noah Cameron,Noah,Cameron,65,1999-07-17,27,"6' 3""",220,1,Pitcher,L,Left,L,Left,"5.2 IP, 4 ER, 2 K, 2 BB",,,,,,,,,,,,,,,,5.2,4,6,0,2,2,101,0,0,0
2026-08-10,823918,,/api/v1.1/game/823918/feed/live,R,2026,2026-08-10,,night,P,N,N,Regular Season,1,3,1,Final,Final,22,UNIQLO Field at Dodger Stadium,119,Los Angeles Dodgers,LAD,6,True,118,Kansas City Royals,KC,5,False,656638,Alex Lange,Alexander,Lange,56,1995-10-02,30,"6' 3""",202,1,Pitcher,R,Right,R,Right,"1.0 IP, ER, K, 0 BB",,,,,,,,,,,,,,,,1.0,1,3,0,1,0,21,0,1,0
2026-08-10,823918,,/api/v1.1/game/823918/feed/live,R,2026,2026-08-10,,night,P,N,N,Regular Season,1,3,1,Final,Final,22,UNIQLO Field at Dodger Stadium,119,Los Angeles Dodgers,LAD,6,True,118,Kansas City Royals,KC,5,False,677976,Randy Dobnak,Randy,Dobnak,62,1995-01-17,31,"6' 1""",230,1,Pitcher,R,Right,R,Right,,,,,,,,,,,,,,,,,,,,,,,,,,
2026-08-10,823918,,/api/v1.1/game/823918/feed/live,R,2026,2026-08-10,,night,P,N,N,Regular Season,1,3,1,Final,Final,22,UNIQLO Field at Dodger Stadium,119,Los Angeles Dodgers,LAD,6,True,118,Kansas City Royals,KC,5,False,695506,Jac Caglianone,Jeffrey,Caglianone,14,2003-02-09,23,"6' 4""",250,9,Outfielder,L,Left,L,Left,"2-4 | HR, K, 3 RBI",,4,2,0,0,1,3,1,1,0,0,0,0,4,5,,,,,,,,,,
2026-08-10,823918,,/api/v1.1/game/823918/feed/live,R,2026,2026-08-10,,night,P,N,N,Regular Season,1,3,1,Final,Final,22,UNIQLO Field at Dodger Stadium,119,Los Angeles Dodgers,LAD,6,True,118,Kansas City Royals,KC,5,False,677951,Bobby Witt Jr.,Robert,Witt,7,2000-06-14,26,"6' 1""",200,6,Shortstop,R,Right,R,Right,"0-3 | BB, 2 K, R",,3,0,0,0,0,0,1,2,1,1,0,0,4,0,,,,,,,,,,
2026-08-10,823918,,/api/v1.1/game/823918/feed/live,R,2026,2026-08-10,,night,P,N,N,Regular Season,1,3,1,Final,Final,22,UNIQLO Field at Dodger Stadium,119,Los Angeles Dodgers,LAD,6,True,118,Kansas City Royals,KC,5,False,674444,Steven Cruz,Steven,Cruz,64,1999-06-15,27,"6' 7""",225,1,Pitcher,R,Right,R,Right,,,,,,,,,,,,,,,,,,,,,,,,,,
2026-08-10,823918,,/api/v1.1/game/823918/feed/live,R,2026,2026-08-10,,night,P,N,N,Regular Season,1,3,1,Final,Final,22,UNIQLO Field at Dodger Stadium,119,Los Angeles Dodgers,LAD,6,True,118,Kansas City Royals,KC,5,False,670167,John Schreiber,John,Schreiber,46,1994-03-05,32,"6' 2""",224,1,Pitcher,R,Right,R,Right,"0.1 IP, ER, 0 K, BB",,,,,,,,,,,,,,,,0.1,1,1,0,0,1,10,0,0,0
