gameDate,gamePk,gameGuid,link,gameType,season,officialDate,description,dayNight,gamedayType,doubleHeader,tiebreaker,seriesDescription,seriesGameNumber,gamesInSeries,gameNumber,status_abstractGameState,status_detailedState,venue_id,venue_name,home_team_id,home_team_name,home_team_abbreviation,home_score,home_isWinner,away_team_id,away_team_name,away_team_abbreviation,away_score,away_isWinner,playerId,fullName,firstName,lastName,primaryNumber,birthDate,currentAge,height,weight,primaryPosition_code,primaryPosition_name,batSide_code,batSide_description,pitchHand_code,pitchHand_description,gameLogSummary,note,atBats,hits,doubles,triples,homeRuns,rbi,runs,strikeOuts,baseOnBalls,stolenBases,caughtStealing,groundIntoDoublePlay,plateAppearances,totalBases,inningsPitched,earnedRuns,hitsAllowed,homeRunsAllowed,strikeOutsPitching,baseOnBallsPitching,pitchesThrown,wins,losses,saves
2026-07-30,822946,,/api/v1.1/game/822946/feed/live,R,2026,2026-07-30,,day,P,N,N,Regular Season,3,3,1,Final,Final,12,Tropicana Field,139,Tampa Bay Rays,TB,3,True,140,Texas Rangers,TEX,2,False,670764,Taylor Walls,Taylor,Walls,6,1996-07-10,30,"5' 9""",185,6,Shortstop,S,Switch,R,Right,0-2 | BB,,2,0,0,0,0,0,0,0,1,0,0,0,3,0,,,,,,,,,,
2026-07-30,822946,,/api/v1.1/game/822946/feed/live,R,2026,2026-07-30,,day,P,N,N,Regular Season,3,3,1,Final,Final,12,Tropicana Field,139,Tampa Bay Rays,TB,3,True,140,Texas Rangers,TEX,2,False,571927,Steven Matz,Steven,Matz,32,1991-05-29,35,"6' 2""",205,1,Pitcher,R,Right,L,Left,"2.0 IP, 0 ER, 3 K, BB",,,,,,,,,,,,,,,,2.0,0,0,0,3,1,33,0,0,0
2026-07-30,822946,,/api/v1.1/game/822946/feed/live,R,2026,2026-07-30,,day,P,N,N,Regular Season,3,3,1,Final,Final,12,Tropicana Field,139,Tampa Bay Rays,TB,3,True,140,Texas Rangers,TEX,2,False,688297,Chris Roycroft,Chris,Roycroft,56,1997-06-21,29,"6' 8""",230,1,Pitcher,R,Right,R,Right,,,,,,,,,,,,,,,,,,,,,,,,,,
2026-07-30,822946,,/api/v1.1/game/822946/feed/live,R,2026,2026-07-30,,day,P,N,N,Regular Season,3,3,1,Final,Final,12,Tropicana Field,139,Tampa Bay Rays,TB,3,True,140,Texas Rangers,TEX,2,False,663556,Shane McClanahan,Shane,McClanahan,18,1997-04-28,29,"6' 3""",210,1,Pitcher,L,Left,L,Left,"3.0 IP, ER, 3 K, 2 BB",,,,,,,,,,,,,,,,3.0,1,0,0,3,2,49,0,0,0
2026-07-30,822946,,/api/v1.1/game/822946/feed/live,R,2026,2026-07-30,,day,P,N,N,Regular Season,3,3,1,Final,Final,12,Tropicana Field,139,Tampa Bay Rays,TB,3,True,140,Texas Rangers,TEX,2,False,680700,Richie Palacios,Richard,Palacios,1,1997-05-16,29,"5' 8""",185,4,Second Base,L,Left,R,Right,,,,,,,,,,,,,,,,,,,,,,,,,,
2026-07-30,822946,,/api/v1.1/game/822946/feed/live,R,2026,2026-07-30,,day,P,N,N,Regular Season,3,3,1,Final,Final,12,Tropicana Field,139,Tampa Bay Rays,TB,3,True,140,Texas Rangers,TEX,2,False,668723,Ryan Vilade,Ryan,Vilade,26,1999-02-18,27,"6' 1""",226,9,Outfielder,R,Right,R,Right,,,,,,,,,,,,,,,,,,,,,,,,,,
2026-07-30,822946,,/api/v1.1/game/822946/feed/live,R,2026,2026-07-30,,day,P,N,N,Regular Season,3,3,1,Final,Final,12,Tropicana Field,139,Tampa Bay Rays,TB,3,True,140,Texas Rangers,TEX,2,False,668984,Casey Legumina,Casey,Legumina,67,1997-06-19,29,"6' 2""",195,1,Pitcher,R,Right,R,Right,"0.2 IP, 0 ER, K, 0 BB",,,,,,,,,,,,,,,,0.2,0,0,0,1,0,9,0,0,0
2026-07-30,822946,,/api/v1.1/game/822946/feed/live,R,2026,2026-07-30,,day,P,N,N,Regular Season,3,3,1,Final,Final,12,Tropicana Field,139,Tampa Bay Rays,TB,3,True,140,Texas Rangers,TEX,2,False,802415,Chandler Simpson,Chandler,Simpson,14,2000-11-18,25,"5' 11""",170,7,Outfielder,L,Left,R,Right,,,,,,,,,,,,,,,,,,,,,,,,,,
2026-07-30,822946,,/api/v1.1/game/822946/feed/live,R,2026,2026-07-30,,day,P,N,N,Regular Season,3,3,1,Final,Final,12,Tropicana Field,139,Tampa Bay Rays,TB,3,True,140,Texas Rangers,TEX,2,False,607259,Nick Martinez,Nicholas,Martinez,28,1990-08-05,35,"6' 1""",200,1,Pitcher,L,Left,R,Right,,,,,,,,,,,,,,,,,,,,,,,,,,
2026-07-30,822946,,/api/v1.1/game/822946/feed/live,R,2026,2026-07-30,,day,P,N,N,Regular Season,3,3,1,Final,Final,12,Tropicana Field,139,Tampa Bay Rays,TB,3,True,140,Texas Rangers,TEX,2,False,592155,Cam Booser,Cameron,Booser,62,1992-05-04,34,"6' 3""",230,1,Pitcher,L,Left,L,Left,"0.2 IP, ER, K, 0 BB",,,,,,,,,,,,,,,,0.2,1,1,0,1,0,11,0,0,0
2026-07-30,822946,,/api/v1.1/game/822946/feed/live,R,2026,2026-07-30,,day,P,N,N,Regular Season,3,3,1,Final,Final,12,Tropicana Field,139,Tampa Bay Rays,TB,3,True,140,Texas Rangers,TEX,2,False,676356,Jonny DeLuca,Jonathan,DeLuca,21,1998-07-10,28,"5' 10""",195,9,Outfielder,R,Right,R,Right,"2-4 | HR, RBI, R",,4,2,0,0,1,1,1,0,0,1,0,0,4,5,,,,,,,,,,
2026-07-30,822946,,/api/v1.1/game/822946/feed/live,R,2026,2026-07-30,,day,P,N,N,Regular Season,3,3,1,Final,Final,12,Tropicana Field,139,Tampa Bay Rays,TB,3,True,140,Texas Rangers,TEX,2,False,693855,Ian Seymour,Ian,Seymour,61,1998-12-13,27,"6' 0""",215,1,Pitcher,L,Left,L,Left,,,,,,,,,,,,,,,,,,,,,,,,,,
2026-07-30,822946,,/api/v1.1/game/822946/feed/live,R,2026,2026-07-30,,day,P,N,N,Regular Season,3,3,1,Final,Final,12,Tropicana Field,139,Tampa Bay Rays,TB,3,True,140,Texas Rangers,TEX,2,False,664076,Garrett Cleavinger,Garrett,Cleavinger,60,1994-04-23,32,"6' 1""",225,1,Pitcher,R,Right,L,Left,"1.0 IP, 0 ER, 2 K, BB",,,,,,,,,,,,,,,,1.0,0,0,0,2,1,20,1,0,0
2026-07-30,822946,,/api/v1.1/game/822946/feed/live,R,2026,2026-07-30,,day,P,N,N,Regular Season,3,3,1,Final,Final,12,Tropicana Field,139,Tampa Bay Rays,TB,3,True,140,Texas Rangers,TEX,2,False,676439,Hunter Feduccia,Hunter,Feduccia,9,1997-06-05,29,"6' 1""",215,2,Catcher,L,Left,R,Right,"1-3 | 2B, K, R",,3,1,1,0,0,0,1,1,0,0,0,1,3,2,,,,,,,,,,
2026-07-30,822946,,/api/v1.1/game/822946/feed/live,R,2026,2026-07-30,,day,P,N,N,Regular Season,3,3,1,Final,Final,12,Tropicana Field,139,Tampa Bay Rays,TB,3,True,140,Texas Rangers,TEX,2,False,687330,Kevin Kelly,Kevin,Kelly,49,1997-11-28,28,"6' 2""",195,1,Pitcher,R,Right,R,Right,,,,,,,,,,,,,,,,,,,,,,,,,,
2026-07-30,822946,,/api/v1.1/game/822946/feed/live,R,2026,2026-07-30,,day,P,N,N,Regular Season,3,3,1,Final,Final,12,Tropicana Field,139,Tampa Bay Rays,TB,3,True,140,Texas Rangers,TEX,2,False,666018,Jonathan Aranda,Jonathan,Aranda,8,1998-05-23,28,"6' 0""",215,3,First Base,L,Left,R,Right,1-4 | K,,4,1,0,0,0,0,0,1,0,0,0,1,4,1,,,,,,,,,,
2026-07-30,822946,,/api/v1.1/game/822946/feed/live,R,2026,2026-07-30,,day,P,N,N,Regular Season,3,3,1,Final,Final,12,Tropicana Field,139,Tampa Bay Rays,TB,3,True,140,Texas Rangers,TEX,2,False,663743,Nick Fortes,Nicholas,Fortes,40,1996-11-11,29,"5' 11""",198,2,Catcher,R,Right,R,Right,,,,,,,,,,,,,,,,,,,,,,,,,,
2026-07-30,822946,,/api/v1.1/game/822946/feed/live,R,2026,2026-07-30,,day,P,N,N,Regular Season,3,3,1,Final,Final,12,Tropicana Field,139,Tampa Bay Rays,TB,3,True,140,Texas Rangers,TEX,2,False,643377,Griffin Jax,James,Jax,22,1994-11-22,31,"6' 2""",195,1,Pitcher,R,Right,R,Right,,,,,,,,,,,,,,,,,,,,,,,,,,
2026-07-30,822946,,/api/v1.1/game/822946/feed/live,R,2026,2026-07-30,,day,P,N,N,Regular Season,3,3,1,Final,Final,12,Tropicana Field,139,Tampa Bay Rays,TB,3,True,140,Texas Rangers,TEX,2,False,518886,Craig Kimbrel,Craig,Kimbrel,46,1988-05-28,38,"6' 0""",215,1,Pitcher,R,Right,R,Right,"0.2 IP, 0 ER, K, BB",,,,,,,,,,,,,,,,0.2,0,1,0,1,1,14,0,0,0
2026-07-30,822946,,/api/v1.1/game/822946/feed/live,R,2026,2026-07-30,,day,P,N,N,Regular Season,3,3,1,Final,Final,12,Tropicana Field,139,Tampa Bay Rays,TB,3,True,140,Texas Rangers,TEX,2,False,650490,Yandy Díaz,Yandy,Díaz,2,1991-08-08,34,"6' 0""",235,10,Designated Hitter,R,Right,R,Right,"2-4 | K, RBI",,4,2,0,0,0,1,0,1,0,0,0,0,4,2,,,,,,,,,,
2026-07-30,822946,,/api/v1.1/game/822946/feed/live,R,2026,2026-07-30,,day,P,N,N,Regular Season,3,3,1,Final,Final,12,Tropicana Field,139,Tampa Bay Rays,TB,3,True,140,Texas Rangers,TEX,2,False,810938,Ben Williamson,Benjamin,Williamson,15,2000-11-05,25,"6' 0""",210,4,Second Base,R,Right,R,Right,1-3,,3,1,0,0,0,0,0,0,0,0,0,0,3,1,,,,,,,,,,
2026-07-30,822946,,/api/v1.1/game/822946/feed/live,R,2026,2026-07-30,,day,P,N,N,Regular Season,3,3,1,Final,Final,12,Tropicana Field,139,Tampa Bay Rays,TB,3,True,140,Texas Rangers,TEX,2,False,683748,Victor Mesa Jr.,Victor,Mesa,25,2001-09-08,24,"5' 11""",195,9,Outfielder,L,Left,L,Left,1-4 | 2 K,,4,1,0,0,0,0,0,2,0,0,0,0,4,1,,,,,,,,,,
2026-07-30,822946,,/api/v1.1/game/822946/feed/live,R,2026,2026-07-30,,day,P,N,N,Regular Season,3,3,1,Final,Final,12,Tropicana Field,139,Tampa Bay Rays,TB,3,True,140,Texas Rangers,TEX,2,False,641329,Bryan Baker,Bryan,Baker,47,1994-12-02,31,"6' 6""",235,1,Pitcher,R,Right,R,Right,"1.0 IP, 0 ER, 2 K, 2 BB",,,,,,,,,,,,,,,,1.0,0,0,0,2,2,30,0,0,1
2026-07-30,822946,,/api/v1.1/game/822946/feed/live,R,2026,2026-07-30,,day,P,N,N,Regular Season,3,3,1,Final,Final,12,Tropicana Field,139,Tampa Bay Rays,TB,3,True,140,Texas Rangers,TEX,2,False,691406,Junior Caminero,Junior,Caminero,13,2003-07-05,23,"6' 1""",220,5,Third Base,R,Right,R,Right,0-3 | BB,,3,0,0,0,0,0,0,0,1,0,0,0,4,0,,,,,,,,,,
2026-07-30,822946,,/api/v1.1/game/822946/feed/live,R,2026,2026-07-30,,day,P,N,N,Regular Season,3,3,1,Final,Final,12,Tropicana Field,139,Tampa Bay Rays,TB,3,True,140,Texas Rangers,TEX,2,False,656876,Drew Rasmussen,Drew,Rasmussen,57,1995-07-27,31,"6' 1""",240,1,Pitcher,R,Right,R,Right,,,,,,,,,,,,,,,,,,,,,,,,,,
2026-07-30,822946,,/api/v1.1/game/822946/feed/live,R,2026,2026-07-30,,day,P,N,N,Regular Season,3,3,1,Final,Final,12,Tropicana Field,139,Tampa Bay Rays,TB,3,True,140,Texas Rangers,TEX,2,False,656775,Cedric Mullins,Boyce,Mullins,31,1994-10-01,31,"5' 7""",175,8,Outfielder,L,Left,L,Left,"1-4 | HR, RBI, R",,4,1,0,0,1,1,1,0,0,0,0,0,4,4,,,,,,,,,,
2026-07-30,822946,,/api/v1.1/game/822946/feed/live,R,2026,2026-07-30,,day,P,N,N,Regular Season,3,3,1,Final,Final,12,Tropicana Field,139,Tampa Bay Rays,TB,3,True,140,Texas Rangers,TEX,2,False,694497,Evan Carter,Evan,Carter,32,2002-08-29,23,"6' 2""",190,8,Outfielder,L,Left,R,Right,0-1,,1,0,0,0,0,0,0,0,0,0,0,0,1,0,,,,,,,,,,
2026-07-30,822946,,/api/v1.1/game/822946/feed/live,R,2026,2026-07-30,,day,P,N,N,Regular Season,3,3,1,Final,Final,12,Tropicana Field,139,Tampa Bay Rays,TB,3,True,140,Texas Rangers,TEX,2,False,694671,Wyatt Langford,Wyatt,Langford,36,2001-11-15,24,"6' 0""",225,7,Outfielder,R,Right,R,Right,"1-4 | 2B, BB, K",,4,1,1,0,0,1,0,1,1,0,0,0,5,2,,,,,,,,,,
2026-07-30,822946,,/api/v1.1/game/822946/feed/live,R,2026,2026-07-30,,day,P,N,N,Regular Season,3,3,1,Final,Final,12,Tropicana Field,139,Tampa Bay Rays,TB,3,True,140,Texas Rangers,TEX,2,False,677958,Kumar Rocker,Kumar,Rocker,80,1999-11-22,26,"6' 5""",245,1,Pitcher,R,Right,R,Right,,,,,,,,,,,,,,,,,,,,,,,,,,
2026-07-30,822946,,/api/v1.1/game/822946/feed/live,R,2026,2026-07-30,,day,P,N,N,Regular Season,3,3,1,Final,Final,12,Tropicana Field,139,Tampa Bay Rays,TB,3,True,140,Texas Rangers,TEX,2,False,669394,Jake Burger,Jacob,Burger,21,1996-04-10,30,"6' 0""",230,3,First Base,R,Right,R,Right,0-4 | 3 K,,4,0,0,0,0,0,0,3,0,0,0,0,4,0,,,,,,,,,,
2026-07-30,822946,,/api/v1.1/game/822946/feed/live,R,2026,2026-07-30,,day,P,N,N,Regular Season,3,3,1,Final,Final,12,Tropicana Field,139,Tampa Bay Rays,TB,3,True,140,Texas Rangers,TEX,2,False,682608,Peyton Gray,Peyton,Gray,75,1995-06-02,31,"6' 4""",235,1,Pitcher,R,Right,R,Right,"2.0 IP, ER, 2 K, 0 BB",,,,,,,,,,,,,,,,2.0,1,1,1,2,0,28,0,0,0
2026-07-30,822946,,/api/v1.1/game/822946/feed/live,R,2026,2026-07-30,,day,P,N,N,Regular Season,3,3,1,Final,Final,12,Tropicana Field,139,Tampa Bay Rays,TB,3,True,140,Texas Rangers,TEX,2,False,696030,Alejandro Osuna,Tadeo,Osuna,19,2002-10-10,23,"5' 9""",185,7,Outfielder,L,Left,L,Left,"1-3 | BB, K, R",,3,1,0,0,0,0,1,1,1,1,0,0,4,1,,,,,,,,,,
2026-07-30,822946,,/api/v1.1/game/822946/feed/live,R,2026,2026-07-30,,day,P,N,N,Regular Season,3,3,1,Final,Final,12,Tropicana Field,139,Tampa Bay Rays,TB,3,True,140,Texas Rangers,TEX,2,False,641302,Tyler Alexander,Tyler,Alexander,13,1994-07-14,32,"6' 1""",214,1,Pitcher,R,Right,L,Left,,,,,,,,,,,,,,,,,,,,,,,,,,
2026-07-30,822946,,/api/v1.1/game/822946/feed/live,R,2026,2026-07-30,,day,P,N,N,Regular Season,3,3,1,Final,Final,12,Tropicana Field,139,Tampa Bay Rays,TB,3,True,140,Texas Rangers,TEX,2,False,642851,Austin Wynns,Robert,Wynns,38,1990-12-10,35,"6' 1""",190,2,Catcher,R,Right,R,Right,0-3 | 3 K,,3,0,0,0,0,0,0,3,0,0,0,0,3,0,,,,,,,,,,
2026-07-30,822946,,/api/v1.1/game/822946/feed/live,R,2026,2026-07-30,,day,P,N,N,Regular Season,3,3,1,Final,Final,12,Tropicana Field,139,Tampa Bay Rays,TB,3,True,140,Texas Rangers,TEX,2,False,592626,Joc Pederson,Joc,Pederson,3,1992-04-21,34,"6' 1""",220,10,Designated Hitter,L,Left,L,Left,0-1 | RBI,,1,0,0,0,0,1,0,0,0,0,0,0,1,0,,,,,,,,,,
2026-07-30,822946,,/api/v1.1/game/822946/feed/live,R,2026,2026-07-30,,day,P,N,N,Regular Season,3,3,1,Final,Final,12,Tropicana Field,139,Tampa Bay Rays,TB,3,True,140,Texas Rangers,TEX,2,False,656641,Jacob Latz,Jacob,Latz,67,1996-04-08,30,"6' 2""",185,1,Pitcher,R,Right,L,Left,,,,,,,,,,,,,,,,,,,,,,,,,,
2026-07-30,822946,,/api/v1.1/game/822946/feed/live,R,2026,2026-07-30,,day,P,N,N,Regular Season,3,3,1,Final,Final,12,Tropicana Field,139,Tampa Bay Rays,TB,3,True,140,Texas Rangers,TEX,2,False,615698,Cal Quantrill,Cal,Quantrill,44,1995-02-10,31,"6' 3""",195,1,Pitcher,L,Left,R,Right,,,,,,,,,,,,,,,,,,,,,,,,,,
2026-07-30,822946,,/api/v1.1/game/822946/feed/live,R,2026,2026-07-30,,day,P,N,N,Regular Season,3,3,1,Final,Final,12,Tropicana Field,139,Tampa Bay Rays,TB,3,True,140,Texas Rangers,TEX,2,False,670032,Nicky Lopez,Nicholas,Lopez,33,1995-03-13,31,"5' 10""",186,4,Second Base,L,Left,R,Right,0-3 | BB,,3,0,0,0,0,0,0,0,1,0,0,0,4,0,,,,,,,,,,
2026-07-30,822946,,/api/v1.1/game/822946/feed/live,R,2026,2026-07-30,,day,P,N,N,Regular Season,3,3,1,Final,Final,12,Tropicana Field,139,Tampa Bay Rays,TB,3,True,140,Texas Rangers,TEX,2,False,679822,Justin Foscue,Justin,Foscue,14,1999-03-02,27,"5' 11""",205,4,Second Base,R,Right,R,Right,0-1 | K,,1,0,0,0,0,0,0,1,0,0,0,0,1,0,,,,,,,,,,
2026-07-30,822946,,/api/v1.1/game/822946/feed/live,R,2026,2026-07-30,,day,P,N,N,Regular Season,3,3,1,Final,Final,12,Tropicana Field,139,Tampa Bay Rays,TB,3,True,140,Texas Rangers,TEX,2,False,695239,Robby Ahlstrom,Robert,Ahlstrom,54,1999-06-18,27,"6' 3""",195,1,Pitcher,L,Left,L,Left,"1.1 IP, 0 ER, K, 0 BB",,,,,,,,,,,,,,,,1.1,0,0,0,1,0,15,0,0,0
2026-07-30,822946,,/api/v1.1/game/822946/feed/live,R,2026,2026-07-30,,day,P,N,N,Regular Season,3,3,1,Final,Final,12,Tropicana Field,139,Tampa Bay Rays,TB,3,True,140,Texas Rangers,TEX,2,False,677649,Ezequiel Duran,Ezequiel,Duran,20,1999-05-22,27,"5' 10""",185,6,Shortstop,R,Right,R,Right,"0-3 | BB, HBP, 2 K",,3,0,0,0,0,0,1,2,1,0,0,0,5,0,,,,,,,,,,
2026-07-30,822946,,/api/v1.1/game/822946/feed/live,R,2026,2026-07-30,,day,P,N,N,Regular Season,3,3,1,Final,Final,12,Tropicana Field,139,Tampa Bay Rays,TB,3,True,140,Texas Rangers,TEX,2,False,669022,MacKenzie Gore,MacKenzie,Gore,1,1999-02-24,27,"6' 2""",193,1,Pitcher,L,Left,L,Left,,,,,,,,,,,,,,,,,,,,,,,,,,
2026-07-30,822946,,/api/v1.1/game/822946/feed/live,R,2026,2026-07-30,,day,P,N,N,Regular Season,3,3,1,Final,Final,12,Tropicana Field,139,Tampa Bay Rays,TB,3,True,140,Texas Rangers,TEX,2,False,594798,Jacob deGrom,Jacob,deGrom,48,1988-06-19,38,"6' 4""",180,1,Pitcher,L,Left,R,Right,,,,,,,,,,,,,,,,,,,,,,,,,,
2026-07-30,822946,,/api/v1.1/game/822946/feed/live,R,2026,2026-07-30,,day,P,N,N,Regular Season,3,3,1,Final,Final,12,Tropicana Field,139,Tampa Bay Rays,TB,3,True,140,Texas Rangers,TEX,2,False,607043,Brandon Nimmo,Brandon,Nimmo,24,1993-03-27,33,"6' 1""",206,9,Outfielder,L,Left,R,Right,"0-2 | 2 BB, SB",,2,0,0,0,0,0,0,0,2,1,0,0,4,0,,,,,,,,,,
2026-07-30,822946,,/api/v1.1/game/822946/feed/live,R,2026,2026-07-30,,day,P,N,N,Regular Season,3,3,1,Final,Final,12,Tropicana Field,139,Tampa Bay Rays,TB,3,True,140,Texas Rangers,TEX,2,False,669701,Josh Smith,Josh,Smith,8,1997-08-07,28,"5' 9""",172,4,Second Base,L,Left,R,Right,0-1 | BB,,1,0,0,0,0,0,0,0,1,0,0,0,2,0,,,,,,,,,,
2026-07-30,822946,,/api/v1.1/game/822946/feed/live,R,2026,2026-07-30,,day,P,N,N,Regular Season,3,3,1,Final,Final,12,Tropicana Field,139,Tampa Bay Rays,TB,3,True,140,Texas Rangers,TEX,2,False,687239,Ben Peoples,Benjamin,Peoples,70,2001-05-01,25,"6' 1""",175,1,Pitcher,L,Left,R,Right,"0.2 IP, ER, K, 0 BB",,,,,,,,,,,,,,,,0.2,1,2,1,1,0,13,0,1,0
2026-07-30,822946,,/api/v1.1/game/822946/feed/live,R,2026,2026-07-30,,day,P,N,N,Regular Season,3,3,1,Final,Final,12,Tropicana Field,139,Tampa Bay Rays,TB,3,True,140,Texas Rangers,TEX,2,False,594835,Marco Gonzales,Marco,Gonzales,50,1992-02-16,34,"6' 1""",205,1,Pitcher,L,Left,L,Left,"3.0 IP, ER, K, 2 BB",,,,,,,,,,,,,,,,3.0,1,5,0,1,2,68,0,0,0
2026-07-30,822946,,/api/v1.1/game/822946/feed/live,R,2026,2026-07-30,,day,P,N,N,Regular Season,3,3,1,Final,Final,12,Tropicana Field,139,Tampa Bay Rays,TB,3,True,140,Texas Rangers,TEX,2,False,553869,Elias Díaz,Elias,Díaz,35,1990-11-17,35,"6' 1""",223,2,Catcher,R,Right,R,Right,,,,,,,,,,,,,,,,,,,,,,,,,,
2026-07-30,822946,,/api/v1.1/game/822946/feed/live,R,2026,2026-07-30,,day,P,N,N,Regular Season,3,3,1,Final,Final,12,Tropicana Field,139,Tampa Bay Rays,TB,3,True,140,Texas Rangers,TEX,2,False,695508,Cam Cauley,Cameron,Cauley,27,2003-02-06,23,"5' 9""",170,8,Outfielder,R,Right,R,Right,0-4 | 2 K,,4,0,0,0,0,0,0,2,0,0,0,0,4,0,,,,,,,,,,
2026-07-30,822946,,/api/v1.1/game/822946/feed/live,R,2026,2026-07-30,,day,P,N,N,Regular Season,3,3,1,Final,Final,12,Tropicana Field,139,Tampa Bay Rays,TB,3,True,140,Texas Rangers,TEX,2,False,543135,Nathan Eovaldi,Nathan,Eovaldi,17,1990-02-13,36,"6' 2""",217,1,Pitcher,R,Right,R,Right,,,,,,,,,,,,,,,,,,,,,,,,,,
2026-07-30,822946,,/api/v1.1/game/822946/feed/live,R,2026,2026-07-30,,day,P,N,N,Regular Season,3,3,1,Final,Final,12,Tropicana Field,139,Tampa Bay Rays,TB,3,True,140,Texas Rangers,TEX,2,False,692437,Winston Santos,Winston,Santos,47,2002-04-15,24,"6' 0""",160,1,Pitcher,R,Right,R,Right,,,,,,,,,,,,,,,,,,,,,,,,,,
2026-07-30,822946,,/api/v1.1/game/822946/feed/live,R,2026,2026-07-30,,day,P,N,N,Regular Season,3,3,1,Final,Final,12,Tropicana Field,139,Tampa Bay Rays,TB,3,True,140,Texas Rangers,TEX,2,False,668390,Cole Winn,Cole,Winn,60,1999-11-25,26,"6' 2""",190,1,Pitcher,R,Right,R,Right,"1.0 IP, 0 ER, 0 K, 0 BB",,,,,,,,,,,,,,,,1.0,0,1,0,0,0,12,0,0,0
2026-07-30,823674,,/api/v1.1/game/823674/feed/live,R,2026,2026-07-30,,day,P,N,N,Regular Season,3,3,1,Final,Final,3312,Target Field,142,Minnesota Twins,MIN,4,True,118,Kansas City Royals,KC,3,False,667297,Tommy Nance,Thomas,Nance,35,1991-03-19,35,"6' 6""",235,1,Pitcher,R,Right,R,Right,,,,,,,,,,,,,,,,,,,,,,,,,,
2026-07-30,823674,,/api/v1.1/game/823674/feed/live,R,2026,2026-07-30,,day,P,N,N,Regular Season,3,3,1,Final,Final,3312,Target Field,142,Minnesota Twins,MIN,4,True,118,Kansas City Royals,KC,3,False,671737,Taj Bradley,Taj,Bradley,26,2001-03-20,25,"6' 2""",220,1,Pitcher,R,Right,R,Right,,,,,,,,,,,,,,,,,,,,,,,,,,
2026-07-30,823674,,/api/v1.1/game/823674/feed/live,R,2026,2026-07-30,,day,P,N,N,Regular Season,3,3,1,Final,Final,3312,Target Field,142,Minnesota Twins,MIN,4,True,118,Kansas City Royals,KC,3,False,605170,Victor Caratini,Victor,Caratini,37,1993-08-17,32,"6' 0""",225,2,Catcher,S,Switch,R,Right,0-1,,1,0,0,0,0,0,0,0,0,0,0,0,1,0,,,,,,,,,,
2026-07-30,823674,,/api/v1.1/game/823674/feed/live,R,2026,2026-07-30,,day,P,N,N,Regular Season,3,3,1,Final,Final,3312,Target Field,142,Minnesota Twins,MIN,4,True,118,Kansas City Royals,KC,3,False,665019,Kody Clemens,Kody,Clemens,2,1996-05-15,30,"6' 0""",200,3,First Base,L,Left,R,Right,"1-4 | HR, K, 4 RBI",,4,1,0,0,1,4,1,1,0,0,0,0,4,4,,,,,,,,,,
2026-07-30,823674,,/api/v1.1/game/823674/feed/live,R,2026,2026-07-30,,day,P,N,N,Regular Season,3,3,1,Final,Final,3312,Target Field,142,Minnesota Twins,MIN,4,True,118,Kansas City Royals,KC,3,False,686797,Brooks Lee,Brooks,Lee,22,2001-02-14,25,"6' 0""",205,5,Third Base,S,Switch,R,Right,0-2 | BB,,2,0,0,0,0,0,0,0,1,0,0,0,3,0,,,,,,,,,,
2026-07-30,823674,,/api/v1.1/game/823674/feed/live,R,2026,2026-07-30,,day,P,N,N,Regular Season,3,3,1,Final,Final,3312,Target Field,142,Minnesota Twins,MIN,4,True,118,Kansas City Royals,KC,3,False,668885,Austin Martin,Christopher,Martin,16,1999-03-23,27,"5' 10""",185,9,Outfielder,R,Right,R,Right,"0-2 | BB, CS",,2,0,0,0,0,0,0,0,1,0,1,0,3,0,,,,,,,,,,
2026-07-30,823674,,/api/v1.1/game/823674/feed/live,R,2026,2026-07-30,,day,P,N,N,Regular Season,3,3,1,Final,Final,3312,Target Field,142,Minnesota Twins,MIN,4,True,118,Kansas City Royals,KC,3,False,696070,Kendry Rojas,Kendry,Rojas,60,2002-11-26,23,"6' 2""",190,1,Pitcher,L,Left,L,Left,,,,,,,,,,,,,,,,,,,,,,,,,,
2026-07-30,823674,,/api/v1.1/game/823674/feed/live,R,2026,2026-07-30,,day,P,N,N,Regular Season,3,3,1,Final,Final,3312,Target Field,142,Minnesota Twins,MIN,4,True,118,Kansas City Royals,KC,3,False,656484,Tristan Gray,Tristan,Gray,4,1996-03-22,30,"6' 1""",215,6,Shortstop,L,Left,R,Right,,,,,,,,,,,,,,,,,,,,,,,,,,
2026-07-30,823674,,/api/v1.1/game/823674/feed/live,R,2026,2026-07-30,,day,P,N,N,Regular Season,3,3,1,Final,Final,3312,Target Field,142,Minnesota Twins,MIN,4,True,118,Kansas City Royals,KC,3,False,605137,Josh Bell,Joshua,Bell,56,1992-08-14,33,"6' 3""",261,10,Designated Hitter,S,Switch,R,Right,0-3 | BB,,3,0,0,0,0,0,0,0,1,0,0,0,4,0,,,,,,,,,,
2026-07-30,823674,,/api/v1.1/game/823674/feed/live,R,2026,2026-07-30,,day,P,N,N,Regular Season,3,3,1,Final,Final,3312,Target Field,142,Minnesota Twins,MIN,4,True,118,Kansas City Royals,KC,3,False,702176,Alan Roden,Alan,Roden,18,1999-12-22,26,"5' 11""",215,9,Outfielder,L,Left,R,Right,0-0 | R,,0,0,0,0,0,0,1,0,0,0,0,0,0,0,,,,,,,,,,
2026-07-30,823674,,/api/v1.1/game/823674/feed/live,R,2026,2026-07-30,,day,P,N,N,Regular Season,3,3,1,Final,Final,3312,Target Field,142,Minnesota Twins,MIN,4,True,118,Kansas City Royals,KC,3,False,687570,Connor Prielipp,Connor,Prielipp,61,2001-01-10,25,"6' 2""",210,1,Pitcher,L,Left,L,Left,,,,,,,,,,,,,,,,,,,,,,,,,,
2026-07-30,823674,,/api/v1.1/game/823674/feed/live,R,2026,2026-07-30,,day,P,N,N,Regular Season,3,3,1,Final,Final,3312,Target Field,142,Minnesota Twins,MIN,4,True,118,Kansas City Royals,KC,3,False,680777,Ryan Jeffers,Ryan,Jeffers,27,1997-06-03,29,"6' 2""",235,2,Catcher,R,Right,R,Right,"1-3 | HBP, K, R",,3,1,0,0,0,0,1,1,0,0,0,0,4,1,,,,,,,,,,
2026-07-30,823674,,/api/v1.1/game/823674/feed/live,R,2026,2026-07-30,,day,P,N,N,Regular Season,3,3,1,Final,Final,3312,Target Field,142,Minnesota Twins,MIN,4,True,118,Kansas City Royals,KC,3,False,668952,Ryan Kreidler,Ryan,Kreidler,5,1997-11-12,28,"6' 3""",208,6,Shortstop,R,Right,R,Right,0-2,,2,0,0,0,0,0,0,0,0,0,0,0,2,0,,,,,,,,,,
2026-07-30,823674,,/api/v1.1/game/823674/feed/live,R,2026,2026-07-30,,day,P,N,N,Regular Season,3,3,1,Final,Final,3312,Target Field,142,Minnesota Twins,MIN,4,True,118,Kansas City Royals,KC,3,False,573124,Taylor Rogers,Taylor,Rogers,55,1990-12-17,35,"6' 3""",190,1,Pitcher,L,Left,L,Left,"1.0 IP, 0 ER, K, BB",,,,,,,,,,,,,,,,1.0,0,1,0,1,1,27,0,0,0
2026-07-30,823674,,/api/v1.1/game/823674/feed/live,R,2026,2026-07-30,,day,P,N,N,Regular Season,3,3,1,Final,Final,3312,Target Field,142,Minnesota Twins,MIN,4,True,118,Kansas City Royals,KC,3,False,641927,Bailey Ober,John,Ober,17,1995-07-12,31,"6' 9""",260,1,Pitcher,R,Right,R,Right,"6.0 IP, 2 ER, 3 K, 2 BB",,,,,,,,,,,,,,,,6.0,2,4,1,3,2,79,0,0,0
2026-07-30,823674,,/api/v1.1/game/823674/feed/live,R,2026,2026-07-30,,day,P,N,N,Regular Season,3,3,1,Final,Final,3312,Target Field,142,Minnesota Twins,MIN,4,True,118,Kansas City Royals,KC,3,False,681892,Kody Funderburk,Kody,Funderburk,57,1996-11-27,29,"6' 4""",230,1,Pitcher,L,Left,L,Left,,,,,,,,,,,,,,,,,,,,,,,,,,
2026-07-30,823674,,/api/v1.1/game/823674/feed/live,R,2026,2026-07-30,,day,P,N,N,Regular Season,3,3,1,Final,Final,3312,Target Field,142,Minnesota Twins,MIN,4,True,118,Kansas City Royals,KC,3,False,701519,Travis Adams,Travis,Adams,45,2000-01-19,26,"6' 1""",197,1,Pitcher,R,Right,R,Right,,,,,,,,,,,,,,,,,,,,,,,,,,
2026-07-30,823674,,/api/v1.1/game/823674/feed/live,R,2026,2026-07-30,,day,P,N,N,Regular Season,3,3,1,Final,Final,3312,Target Field,142,Minnesota Twins,MIN,4,True,118,Kansas City Royals,KC,3,False,681252,Jack Anderson,Jack,Anderson,30,1999-11-23,26,"6' 3""",197,1,Pitcher,R,Right,R,Right,,,,,,,,,,,,,,,,,,,,,,,,,,
2026-07-30,823674,,/api/v1.1/game/823674/feed/live,R,2026,2026-07-30,,day,P,N,N,Regular Season,3,3,1,Final,Final,3312,Target Field,142,Minnesota Twins,MIN,4,True,118,Kansas City Royals,KC,3,False,668904,Royce Lewis,Royce,Lewis,23,1999-06-05,27,"6' 0""",200,5,Third Base,R,Right,R,Right,"1-4 | 2 K, R",,4,1,0,0,0,0,1,2,0,0,0,0,4,1,,,,,,,,,,
2026-07-30,823674,,/api/v1.1/game/823674/feed/live,R,2026,2026-07-30,,day,P,N,N,Regular Season,3,3,1,Final,Final,3312,Target Field,142,Minnesota Twins,MIN,4,True,118,Kansas City Royals,KC,3,False,663616,Trevor Larnach,Trevor,Larnach,9,1997-02-26,29,"6' 3""",223,7,Outfielder,L,Left,R,Right,0-1 | K,,1,0,0,0,0,0,0,1,0,0,0,0,1,0,,,,,,,,,,
2026-07-30,823674,,/api/v1.1/game/823674/feed/live,R,2026,2026-07-30,,day,P,N,N,Regular Season,3,3,1,Final,Final,3312,Target Field,142,Minnesota Twins,MIN,4,True,118,Kansas City Royals,KC,3,False,672782,Yoendrys Gómez,Yoendrys,Gómez,94,1999-10-15,26,"6' 3""",212,1,Pitcher,R,Right,R,Right,"1.0 IP, 0 ER, K, 0 BB",,,,,,,,,,,,,,,,1.0,0,2,0,1,0,21,1,0,0
2026-07-30,823674,,/api/v1.1/game/823674/feed/live,R,2026,2026-07-30,,day,P,N,N,Regular Season,3,3,1,Final,Final,3312,Target Field,142,Minnesota Twins,MIN,4,True,118,Kansas City Royals,KC,3,False,805673,Zebby Matthews,Daniel,Matthews,52,2000-05-22,26,"6' 5""",225,1,Pitcher,R,Right,R,Right,,,,,,,,,,,,,,,,,,,,,,,,,,
2026-07-30,823674,,/api/v1.1/game/823674/feed/live,R,2026,2026-07-30,,day,P,N,N,Regular Season,3,3,1,Final,Final,3312,Target Field,142,Minnesota Twins,MIN,4,True,118,Kansas City Royals,KC,3,False,657746,Joe Ryan,Joseph,Ryan,41,1996-06-05,30,"6' 2""",205,1,Pitcher,R,Right,R,Right,,,,,,,,,,,,,,,,,,,,,,,,,,
2026-07-30,823674,,/api/v1.1/game/823674/feed/live,R,2026,2026-07-30,,day,P,N,N,Regular Season,3,3,1,Final,Final,3312,Target Field,142,Minnesota Twins,MIN,4,True,118,Kansas City Royals,KC,3,False,656577,Alex Jackson,Alexander,Jackson,70,1995-12-25,30,"6' 1""",238,2,Catcher,R,Right,R,Right,0-3 | 3 K,,3,0,0,0,0,0,0,3,0,0,0,0,3,0,,,,,,,,,,
2026-07-30,823674,,/api/v1.1/game/823674/feed/live,R,2026,2026-07-30,,day,P,N,N,Regular Season,3,3,1,Final,Final,3312,Target Field,142,Minnesota Twins,MIN,4,True,118,Kansas City Royals,KC,3,False,702193,Andrew Morris,Andrew,Morris,78,2001-09-01,24,"6' 0""",195,1,Pitcher,R,Right,R,Right,"1.0 IP, 0 ER, 0 K, 0 BB",,,,,,,,,,,,,,,,1.0,0,1,0,0,0,12,0,0,0
2026-07-30,823674,,/api/v1.1/game/823674/feed/live,R,2026,2026-07-30,,day,P,N,N,Regular Season,3,3,1,Final,Final,3312,Target Field,142,Minnesota Twins,MIN,4,True,118,Kansas City Royals,KC,3,False,807712,Luke Keaschall,Luke,Keaschall,15,2002-08-15,23,"6' 0""",190,4,Second Base,R,Right,R,Right,0-3,,3,0,0,0,0,0,0,0,0,0,0,0,3,0,,,,,,,,,,
2026-07-30,823674,,/api/v1.1/game/823674/feed/live,R,2026,2026-07-30,,day,P,N,N,Regular Season,3,3,1,Final,Final,3312,Target Field,142,Minnesota Twins,MIN,4,True,118,Kansas City Royals,KC,3,False,695600,Carter Jensen,Carter,Jensen,22,2003-07-03,23,"6' 0""",210,2,Catcher,L,Left,R,Right,"0-3 | 2 BB, K, R",,3,0,0,0,0,0,1,1,2,0,0,0,5,0,,,,,,,,,,
2026-07-30,823674,,/api/v1.1/game/823674/feed/live,R,2026,2026-07-30,,day,P,N,N,Regular Season,3,3,1,Final,Final,3312,Target Field,142,Minnesota Twins,MIN,4,True,118,Kansas City Royals,KC,3,False,686475,Tyler Tolbert,Tyler,Tolbert,2,1998-01-27,28,"5' 10""",185,6,Shortstop,R,Right,R,Right,"2-4 | K, SB",,4,2,0,0,0,0,0,1,0,1,0,0,4,2,,,,,,,,,,
2026-07-30,823674,,/api/v1.1/game/823674/feed/live,R,2026,2026-07-30,,day,P,N,N,Regular Season,3,3,1,Final,Final,3312,Target Field,142,Minnesota Twins,MIN,4,True,118,Kansas City Royals,KC,3,False,668942,Josh Rojas,Joshua,Rojas,40,1994-06-30,32,"6' 1""",200,5,Third Base,L,Left,R,Right,0-3,,3,0,0,0,0,0,0,0,0,0,0,0,4,0,,,,,,,,,,
2026-07-30,823674,,/api/v1.1/game/823674/feed/live,R,2026,2026-07-30,,day,P,N,N,Regular Season,3,3,1,Final,Final,3312,Target Field,142,Minnesota Twins,MIN,4,True,118,Kansas City Royals,KC,3,False,686555,Isaac Collins,Isaac,Collins,1,1997-07-22,29,"5' 8""",188,7,Outfielder,S,Switch,R,Right,2-3 | BB,,3,2,0,0,0,0,0,0,1,0,0,0,4,2,,,,,,,,,,
2026-07-30,823674,,/api/v1.1/game/823674/feed/live,R,2026,2026-07-30,,day,P,N,N,Regular Season,3,3,1,Final,Final,3312,Target Field,142,Minnesota Twins,MIN,4,True,118,Kansas City Royals,KC,3,False,521692,Salvador Perez,Salvador,Perez,13,1990-05-10,36,"6' 2""",255,10,Designated Hitter,R,Right,R,Right,0-4 | 2 K,,4,0,0,0,0,0,0,2,0,0,0,0,4,0,,,,,,,,,,
2026-07-30,823674,,/api/v1.1/game/823674/feed/live,R,2026,2026-07-30,,day,P,N,N,Regular Season,3,3,1,Final,Final,3312,Target Field,142,Minnesota Twins,MIN,4,True,118,Kansas City Royals,KC,3,False,679883,Luinder Avila,Luinder,Avila,58,2001-08-21,24,"6' 3""",195,1,Pitcher,R,Right,R,Right,,,,,,,,,,,,,,,,,,,,,,,,,,
2026-07-30,823674,,/api/v1.1/game/823674/feed/live,R,2026,2026-07-30,,day,P,N,N,Regular Season,3,3,1,Final,Final,3312,Target Field,142,Minnesota Twins,MIN,4,True,118,Kansas City Royals,KC,3,False,679845,Nick Loftin,Nicholas,Loftin,12,1998-09-25,27,"5' 11""",180,5,Third Base,R,Right,R,Right,0-4,,4,0,0,0,0,0,0,0,0,0,0,0,4,0,,,,,,,,,,
2026-07-30,823674,,/api/v1.1/game/823674/feed/live,R,2026,2026-07-30,,day,P,N,N,Regular Season,3,3,1,Final,Final,3312,Target Field,142,Minnesota Twins,MIN,4,True,118,Kansas City Royals,KC,3,False,670231,John Rave,John,Rave,16,1997-12-30,28,"5' 10""",194,9,Outfielder,L,Left,L,Left,"2-3 | 2 2B, R, SB",,3,2,2,0,0,0,1,0,0,1,0,0,3,4,,,,,,,,,,
2026-07-30,823674,,/api/v1.1/game/823674/feed/live,R,2026,2026-07-30,,day,P,N,N,Regular Season,3,3,1,Final,Final,3312,Target Field,142,Minnesota Twins,MIN,4,True,118,Kansas City Royals,KC,3,False,668674,Lucas Erceg,Lucas,Erceg,60,1995-05-01,31,"6' 2""",214,1,Pitcher,L,Left,R,Right,"0.2 IP, 3 ER, K, BB",,,,,,,,,,,,,,,,0.2,3,1,0,1,1,22,0,0,0
2026-07-30,823674,,/api/v1.1/game/823674/feed/live,R,2026,2026-07-30,,day,P,N,N,Regular Season,3,3,1,Final,Final,3312,Target Field,142,Minnesota Twins,MIN,4,True,118,Kansas City Royals,KC,3,False,623205,Andrew Velazquez,Andrew,Velazquez,45,1994-07-14,32,"5' 8""",170,6,Shortstop,S,Switch,R,Right,,,,,,,,,,,,,,,,,,,,,,,,,,
2026-07-30,823674,,/api/v1.1/game/823674/feed/live,R,2026,2026-07-30,,day,P,N,N,Regular Season,3,3,1,Final,Final,3312,Target Field,142,Minnesota Twins,MIN,4,True,118,Kansas City Royals,KC,3,False,686681,Michael Massey,Michael,Massey,19,1998-03-22,28,"6' 0""",195,4,Second Base,L,Left,R,Right,0-4,,4,0,0,0,0,0,0,0,0,0,0,1,4,0,,,,,,,,,,
2026-07-30,823674,,/api/v1.1/game/823674/feed/live,R,2026,2026-07-30,,day,P,N,N,Regular Season,3,3,1,Final,Final,3312,Target Field,142,Minnesota Twins,MIN,4,True,118,Kansas City Royals,KC,3,False,516782,Starling Marte,Starling,Marte,0,1988-10-09,37,"6' 0""",195,9,Outfielder,R,Right,R,Right,,,,,,,,,,,,,,,,,,,,,,,,,,
2026-07-30,823674,,/api/v1.1/game/823674/feed/live,R,2026,2026-07-30,,day,P,N,N,Regular Season,3,3,1,Final,Final,3312,Target Field,142,Minnesota Twins,MIN,4,True,118,Kansas City Royals,KC,3,False,621381,Matt Strahm,Matthew,Strahm,25,1991-11-12,34,"6' 2""",190,1,Pitcher,R,Right,L,Left,"0.0 IP, ER, 0 K, 0 BB",,,,,,,,,,,,,,,,0.0,1,1,1,0,0,3,0,1,0
2026-07-30,823674,,/api/v1.1/game/823674/feed/live,R,2026,2026-07-30,,day,P,N,N,Regular Season,3,3,1,Final,Final,3312,Target Field,142,Minnesota Twins,MIN,4,True,118,Kansas City Royals,KC,3,False,571912,Luke Maile,Luke,Maile,18,1991-02-06,35,"6' 3""",225,2,Catcher,R,Right,R,Right,,,,,,,,,,,,,,,,,,,,,,,,,,
2026-07-30,823674,,/api/v1.1/game/823674/feed/live,R,2026,2026-07-30,,day,P,N,N,Regular Season,3,3,1,Final,Final,3312,Target Field,142,Minnesota Twins,MIN,4,True,118,Kansas City Royals,KC,3,False,668834,Easton McGee,Easton,McGee,51,1997-12-26,28,"6' 7""",222,1,Pitcher,R,Right,R,Right,,,,,,,,,,,,,,,,,,,,,,,,,,
2026-07-30,823674,,/api/v1.1/game/823674/feed/live,R,2026,2026-07-30,,day,P,N,N,Regular Season,3,3,1,Final,Final,3312,Target Field,142,Minnesota Twins,MIN,4,True,118,Kansas City Royals,KC,3,False,663738,Daniel Lynch IV,Daniel,Lynch,41,1996-11-17,29,"6' 6""",200,1,Pitcher,L,Left,L,Left,,,,,,,,,,,,,,,,,,,,,,,,,,
2026-07-30,823674,,/api/v1.1/game/823674/feed/live,R,2026,2026-07-30,,day,P,N,N,Regular Season,3,3,1,Final,Final,3312,Target Field,142,Minnesota Twins,MIN,4,True,118,Kansas City Royals,KC,3,False,608379,Michael Wacha,Michael,Wacha,52,1991-07-01,35,"6' 6""",215,1,Pitcher,R,Right,R,Right,,,,,,,,,,,,,,,,,,,,,,,,,,
2026-07-30,823674,,/api/v1.1/game/823674/feed/live,R,2026,2026-07-30,,day,P,N,N,Regular Season,3,3,1,Final,Final,3312,Target Field,142,Minnesota Twins,MIN,4,True,118,Kansas City Royals,KC,3,False,663878,Nate Pearson,Nathan,Pearson,61,1996-08-20,29,"6' 6""",255,1,Pitcher,R,Right,R,Right,,,,,,,,,,,,,,,,,,,,,,,,,,
2026-07-30,823674,,/api/v1.1/game/823674/feed/live,R,2026,2026-07-30,,day,P,N,N,Regular Season,3,3,1,Final,Final,3312,Target Field,142,Minnesota Twins,MIN,4,True,118,Kansas City Royals,KC,3,False,607625,Seth Lugo,Jacob,Lugo,67,1989-11-17,36,"6' 4""",225,1,Pitcher,R,Right,R,Right,,,,,,,,,,,,,,,,,,,,,,,,,,
2026-07-30,823674,,/api/v1.1/game/823674/feed/live,R,2026,2026-07-30,,day,P,N,N,Regular Season,3,3,1,Final,Final,3312,Target Field,142,Minnesota Twins,MIN,4,True,118,Kansas City Royals,KC,3,False,657041,Lane Thomas,Lane,Thomas,15,1995-08-23,30,"5' 11""",195,8,Outfielder,R,Right,R,Right,0-1 | K,,1,0,0,0,0,0,0,1,0,0,0,0,1,0,,,,,,,,,,
2026-07-30,823674,,/api/v1.1/game/823674/feed/live,R,2026,2026-07-30,,day,P,N,N,Regular Season,3,3,1,Final,Final,3312,Target Field,142,Minnesota Twins,MIN,4,True,118,Kansas City Royals,KC,3,False,702070,Noah Cameron,Noah,Cameron,65,1999-07-17,27,"6' 3""",220,1,Pitcher,L,Left,L,Left,"8.0 IP, 0 ER, 7 K, 2 BB",,,,,,,,,,,,,,,,8.0,0,1,0,7,2,97,0,0,0
2026-07-30,823674,,/api/v1.1/game/823674/feed/live,R,2026,2026-07-30,,day,P,N,N,Regular Season,3,3,1,Final,Final,3312,Target Field,142,Minnesota Twins,MIN,4,True,118,Kansas City Royals,KC,3,False,656638,Alex Lange,Alexander,Lange,56,1995-10-02,30,"6' 3""",202,1,Pitcher,R,Right,R,Right,,,,,,,,,,,,,,,,,,,,,,,,,,
2026-07-30,823674,,/api/v1.1/game/823674/feed/live,R,2026,2026-07-30,,day,P,N,N,Regular Season,3,3,1,Final,Final,3312,Target Field,142,Minnesota Twins,MIN,4,True,118,Kansas City Royals,KC,3,False,677976,Randy Dobnak,Randy,Dobnak,62,1995-01-17,31,"6' 1""",230,1,Pitcher,R,Right,R,Right,,,,,,,,,,,,,,,,,,,,,,,,,,
2026-07-30,823674,,/api/v1.1/game/823674/feed/live,R,2026,2026-07-30,,day,P,N,N,Regular Season,3,3,1,Final,Final,3312,Target Field,142,Minnesota Twins,MIN,4,True,118,Kansas City Royals,KC,3,False,695506,Jac Caglianone,Jeffrey,Caglianone,14,2003-02-09,23,"6' 4""",250,9,Outfielder,L,Left,L,Left,"2-4 | HR, 2 RBI, R",,4,2,0,0,1,2,1,0,0,0,0,0,4,5,,,,,,,,,,
2026-07-30,823674,,/api/v1.1/game/823674/feed/live,R,2026,2026-07-30,,day,P,N,N,Regular Season,3,3,1,Final,Final,3312,Target Field,142,Minnesota Twins,MIN,4,True,118,Kansas City Royals,KC,3,False,674444,Steven Cruz,Steven,Cruz,64,1999-06-15,27,"6' 7""",225,1,Pitcher,R,Right,R,Right,,,,,,,,,,,,,,,,,,,,,,,,,,
2026-07-30,823674,,/api/v1.1/game/823674/feed/live,R,2026,2026-07-30,,day,P,N,N,Regular Season,3,3,1,Final,Final,3312,Target Field,142,Minnesota Twins,MIN,4,True,118,Kansas City Royals,KC,3,False,670167,John Schreiber,John,Schreiber,46,1994-03-05,32,"6' 2""",224,1,Pitcher,R,Right,R,Right,,,,,,,,,,,,,,,,,,,,,,,,,,
2026-07-30,824568,,/api/v1.1/game/824568/feed/live,R,2026,2026-07-30,,day,P,N,N,Regular Season,4,4,1,Final,Final,4,Rate Field,145,Chicago White Sox,CWS,2,True,147,New York Yankees,NYY,1,False,671976,Tristan Peters,Tristan,Peters,29,2000-02-29,26,"6' 0""",180,8,Outfielder,L,Left,R,Right,"0-1 | BB, RBI, R",,1,0,0,0,0,1,1,0,1,0,0,0,2,0,,,,,,,,,,
2026-07-30,824568,,/api/v1.1/game/824568/feed/live,R,2026,2026-07-30,,day,P,N,N,Regular Season,4,4,1,Final,Final,4,Rate Field,145,Chicago White Sox,CWS,2,True,147,New York Yankees,NYY,1,False,641743,Anthony Kay,Anthony,Kay,18,1995-03-21,31,"6' 0""",225,1,Pitcher,L,Left,L,Left,,,,,,,,,,,,,,,,,,,,,,,,,,
2026-07-30,824568,,/api/v1.1/game/824568/feed/live,R,2026,2026-07-30,,day,P,N,N,Regular Season,4,4,1,Final,Final,4,Rate Field,145,Chicago White Sox,CWS,2,True,147,New York Yankees,NYY,1,False,663436,Davis Martin,Davis,Martin,65,1997-01-04,29,"6' 2""",215,1,Pitcher,L,Left,R,Right,,,,,,,,,,,,,,,,,,,,,,,,,,
2026-07-30,824568,,/api/v1.1/game/824568/feed/live,R,2026,2026-07-30,,day,P,N,N,Regular Season,4,4,1,Final,Final,4,Rate Field,145,Chicago White Sox,CWS,2,True,147,New York Yankees,NYY,1,False,682668,Luisangel Acuña,Luisangel,Acuña,0,2002-03-12,24,"5' 7""",181,6,Shortstop,R,Right,R,Right,0-3,,3,0,0,0,0,0,0,0,0,0,0,0,3,0,,,,,,,,,,
2026-07-30,824568,,/api/v1.1/game/824568/feed/live,R,2026,2026-07-30,,day,P,N,N,Regular Season,4,4,1,Final,Final,4,Rate Field,145,Chicago White Sox,CWS,2,True,147,New York Yankees,NYY,1,False,545341,Randal Grichuk,Randal,Grichuk,34,1991-08-13,34,"6' 0""",210,10,Designated Hitter,R,Right,R,Right,"2-2 | 2B, BB",,2,2,1,0,0,0,0,0,1,0,0,0,3,3,,,,,,,,,,
2026-07-30,824568,,/api/v1.1/game/824568/feed/live,R,2026,2026-07-30,,day,P,N,N,Regular Season,4,4,1,Final,Final,4,Rate Field,145,Chicago White Sox,CWS,2,True,147,New York Yankees,NYY,1,False,808959,Munetaka Murakami,Munetaka,Murakami,5,2000-02-02,26,"6' 2""",213,3,First Base,L,Left,R,Right,"1-4 | BB, 2 K",,4,1,0,0,0,0,0,2,1,0,0,0,5,1,,,,,,,,,,
2026-07-30,824568,,/api/v1.1/game/824568/feed/live,R,2026,2026-07-30,,day,P,N,N,Regular Season,4,4,1,Final,Final,4,Rate Field,145,Chicago White Sox,CWS,2,True,147,New York Yankees,NYY,1,False,805367,Chase Meidroth,Chase,Meidroth,10,2001-07-23,25,"5' 9""",190,4,Second Base,R,Right,R,Right,"0-2 | 3 BB, R",,2,0,0,0,0,0,1,0,3,0,0,1,5,0,,,,,,,,,,
2026-07-30,824568,,/api/v1.1/game/824568/feed/live,R,2026,2026-07-30,,day,P,N,N,Regular Season,4,4,1,Final,Final,4,Rate Field,145,Chicago White Sox,CWS,2,True,147,New York Yankees,NYY,1,False,691799,Grant Taylor,Grant,Taylor,31,2002-05-20,24,"6' 3""",230,1,Pitcher,R,Right,R,Right,,,,,,,,,,,,,,,,,,,,,,,,,,
2026-07-30,824568,,/api/v1.1/game/824568/feed/live,R,2026,2026-07-30,,day,P,N,N,Regular Season,4,4,1,Final,Final,4,Rate Field,145,Chicago White Sox,CWS,2,True,147,New York Yankees,NYY,1,False,695657,Colson Montgomery,Colson,Montgomery,12,2002-02-27,24,"6' 3""",230,6,Shortstop,L,Left,R,Right,0-5 | 2 K,,5,0,0,0,0,0,0,2,0,0,0,1,5,0,,,,,,,,,,
2026-07-30,824568,,/api/v1.1/game/824568/feed/live,R,2026,2026-07-30,,day,P,N,N,Regular Season,4,4,1,Final,Final,4,Rate Field,145,Chicago White Sox,CWS,2,True,147,New York Yankees,NYY,1,False,805326,Tyler Schweitzer,Tyler,Schweitzer,62,2000-09-19,25,"6' 0""",185,1,Pitcher,L,Left,L,Left,,,,,,,,,,,,,,,,,,,,,,,,,,
2026-07-30,824568,,/api/v1.1/game/824568/feed/live,R,2026,2026-07-30,,day,P,N,N,Regular Season,4,4,1,Final,Final,4,Rate Field,145,Chicago White Sox,CWS,2,True,147,New York Yankees,NYY,1,False,670950,Trevor Richards,Trevor,Richards,43,1993-05-15,33,"6' 2""",205,1,Pitcher,R,Right,R,Right,,,,,,,,,,,,,,,,,,,,,,,,,,
2026-07-30,824568,,/api/v1.1/game/824568/feed/live,R,2026,2026-07-30,,day,P,N,N,Regular Season,4,4,1,Final,Final,4,Rate Field,145,Chicago White Sox,CWS,2,True,147,New York Yankees,NYY,1,False,691011,Drew Romo,Drew,Romo,36,2001-08-29,24,"6' 0""",205,2,Catcher,S,Switch,R,Right,,,,,,,,,,,,,,,,,,,,,,,,,,
2026-07-30,824568,,/api/v1.1/game/824568/feed/live,R,2026,2026-07-30,,day,P,N,N,Regular Season,4,4,1,Final,Final,4,Rate Field,145,Chicago White Sox,CWS,2,True,147,New York Yankees,NYY,1,False,695731,Braden Montgomery,Braden,Montgomery,24,2003-04-16,23,"6' 2""",220,9,Outfielder,S,Switch,R,Right,0-4 | K,,4,0,0,0,0,0,0,1,0,0,0,0,4,0,,,,,,,,,,
2026-07-30,824568,,/api/v1.1/game/824568/feed/live,R,2026,2026-07-30,,day,P,N,N,Regular Season,4,4,1,Final,Final,4,Rate Field,145,Chicago White Sox,CWS,2,True,147,New York Yankees,NYY,1,False,622554,Seranthony Domínguez,Seranthony,Domínguez,58,1994-11-25,31,"6' 1""",225,1,Pitcher,R,Right,R,Right,"1.0 IP, 0 ER, K, BB",,,,,,,,,,,,,,,,1.0,0,0,0,1,1,15,1,0,0
2026-07-30,824568,,/api/v1.1/game/824568/feed/live,R,2026,2026-07-30,,day,P,N,N,Regular Season,4,4,1,Final,Final,4,Rate Field,145,Chicago White Sox,CWS,2,True,147,New York Yankees,NYY,1,False,669684,Chris Murphy,Christopher,Murphy,38,1998-06-05,28,"6' 1""",186,1,Pitcher,L,Left,L,Left,"1.0 IP, 0 ER, 0 K, 0 BB",,,,,,,,,,,,,,,,1.0,0,1,0,0,0,8,0,0,0
2026-07-30,824568,,/api/v1.1/game/824568/feed/live,R,2026,2026-07-30,,day,P,N,N,Regular Season,4,4,1,Final,Final,4,Rate Field,145,Chicago White Sox,CWS,2,True,147,New York Yankees,NYY,1,False,702273,Noah Schultz,Noah,Schultz,22,2003-08-05,22,"6' 10""",240,1,Pitcher,L,Left,L,Left,,,,,,,,,,,,,,,,,,,,,,,,,,
2026-07-30,824568,,/api/v1.1/game/824568/feed/live,R,2026,2026-07-30,,day,P,N,N,Regular Season,4,4,1,Final,Final,4,Rate Field,145,Chicago White Sox,CWS,2,True,147,New York Yankees,NYY,1,False,700337,Edgar Quero,Edgar,Quero,26,2003-04-06,23,"5' 10""",205,2,Catcher,S,Switch,R,Right,1-4,,4,1,0,0,0,0,0,0,0,0,0,0,4,1,,,,,,,,,,
2026-07-30,824568,,/api/v1.1/game/824568/feed/live,R,2026,2026-07-30,,day,P,N,N,Regular Season,4,4,1,Final,Final,4,Rate Field,145,Chicago White Sox,CWS,2,True,147,New York Yankees,NYY,1,False,643217,Andrew Benintendi,Andrew,Benintendi,23,1994-07-06,32,"5' 9""",185,10,Designated Hitter,L,Left,L,Left,1-1 | RBI,,1,1,0,0,0,1,0,0,0,0,0,0,1,1,,,,,,,,,,
2026-07-30,824568,,/api/v1.1/game/824568/feed/live,R,2026,2026-07-30,,day,P,N,N,Regular Season,4,4,1,Final,Final,4,Rate Field,145,Chicago White Sox,CWS,2,True,147,New York Yankees,NYY,1,False,680732,Sean Burke,Sean,Burke,59,1999-12-18,26,"6' 6""",240,1,Pitcher,R,Right,R,Right,"6.0 IP, 0 ER, 10 K, 2 BB",,,,,,,,,,,,,,,,6.0,0,3,0,10,2,91,0,0,0
2026-07-30,824568,,/api/v1.1/game/824568/feed/live,R,2026,2026-07-30,,day,P,N,N,Regular Season,4,4,1,Final,Final,4,Rate Field,145,Chicago White Sox,CWS,2,True,147,New York Yankees,NYY,1,False,663542,Bryan Hudson,Bryan,Hudson,60,1997-05-08,29,"6' 8""",248,1,Pitcher,L,Left,L,Left,"1.0 IP, 0 ER, 0 K, 0 BB",,,,,,,,,,,,,,,,1.0,0,0,0,0,0,11,0,0,0
2026-07-30,824568,,/api/v1.1/game/824568/feed/live,R,2026,2026-07-30,,day,P,N,N,Regular Season,4,4,1,Final,Final,4,Rate Field,145,Chicago White Sox,CWS,2,True,147,New York Yankees,NYY,1,False,607200,Erick Fedde,Erick,Fedde,47,1993-02-25,33,"6' 4""",205,1,Pitcher,R,Right,R,Right,,,,,,,,,,,,,,,,,,,,,,,,,,
2026-07-30,824568,,/api/v1.1/game/824568/feed/live,R,2026,2026-07-30,,day,P,N,N,Regular Season,4,4,1,Final,Final,4,Rate Field,145,Chicago White Sox,CWS,2,True,147,New York Yankees,NYY,1,False,656794,Sean Newcomb,Sean,Newcomb,15,1993-06-12,33,"6' 5""",255,1,Pitcher,L,Left,L,Left,"2.0 IP, 0 ER, K, BB",,,,,,,,,,,,,,,,2.0,0,2,0,1,1,25,0,0,0
2026-07-30,824568,,/api/v1.1/game/824568/feed/live,R,2026,2026-07-30,,day,P,N,N,Regular Season,4,4,1,Final,Final,4,Rate Field,145,Chicago White Sox,CWS,2,True,147,New York Yankees,NYY,1,False,663855,Jordan Hicks,Jordan,Hicks,44,1996-09-06,29,"6' 2""",217,1,Pitcher,R,Right,R,Right,,,,,,,,,,,,,,,,,,,,,,,,,,
2026-07-30,824568,,/api/v1.1/game/824568/feed/live,R,2026,2026-07-30,,day,P,N,N,Regular Season,4,4,1,Final,Final,4,Rate Field,145,Chicago White Sox,CWS,2,True,147,New York Yankees,NYY,1,False,677592,Everson Pereira,Everson,Pereira,28,2001-04-10,25,"5' 11""",203,9,Outfielder,R,Right,R,Right,0-3 | 2 K,,3,0,0,0,0,0,0,2,0,0,0,0,3,0,,,,,,,,,,
2026-07-30,824568,,/api/v1.1/game/824568/feed/live,R,2026,2026-07-30,,day,P,N,N,Regular Season,4,4,1,Final,Final,4,Rate Field,145,Chicago White Sox,CWS,2,True,147,New York Yankees,NYY,1,False,803011,Sam Antonacci,Samuel,Antonacci,17,2003-02-06,23,"5' 11""",193,7,Outfielder,L,Left,R,Right,1-2 | K,,2,1,0,0,0,0,0,1,0,0,0,0,2,1,,,,,,,,,,
2026-07-30,824568,,/api/v1.1/game/824568/feed/live,R,2026,2026-07-30,,day,P,N,N,Regular Season,4,4,1,Final,Final,4,Rate Field,145,Chicago White Sox,CWS,2,True,147,New York Yankees,NYY,1,False,678246,Miguel Vargas,Miguel,Vargas,20,1999-11-17,26,"6' 2""",225,5,Third Base,R,Right,R,Right,0-5 | 3 K,,5,0,0,0,0,0,0,3,0,0,0,0,5,0,,,,,,,,,,
2026-07-30,824568,,/api/v1.1/game/824568/feed/live,R,2026,2026-07-30,,day,P,N,N,Regular Season,4,4,1,Final,Final,4,Rate Field,145,Chicago White Sox,CWS,2,True,147,New York Yankees,NYY,1,False,621112,Paul Blackburn,Paul,Blackburn,58,1993-12-04,32,"6' 1""",196,1,Pitcher,R,Right,R,Right,,,,,,,,,,,,,,,,,,,,,,,,,,
2026-07-30,824568,,/api/v1.1/game/824568/feed/live,R,2026,2026-07-30,,day,P,N,N,Regular Season,4,4,1,Final,Final,4,Rate Field,145,Chicago White Sox,CWS,2,True,147,New York Yankees,NYY,1,False,645305,Ali Sánchez,Ali,Sánchez,39,1997-01-20,29,"6' 0""",200,2,Catcher,R,Right,R,Right,0-1,,1,0,0,0,0,0,0,0,0,0,0,0,1,0,,,,,,,,,,
2026-07-30,824568,,/api/v1.1/game/824568/feed/live,R,2026,2026-07-30,,day,P,N,N,Regular Season,4,4,1,Final,Final,4,Rate Field,145,Chicago White Sox,CWS,2,True,147,New York Yankees,NYY,1,False,676609,José Caballero,José,Caballero,72,1996-08-30,29,"5' 9""",190,6,Shortstop,R,Right,R,Right,0-0 | SB,,0,0,0,0,0,0,0,0,0,1,0,0,0,0,,,,,,,,,,
2026-07-30,824568,,/api/v1.1/game/824568/feed/live,R,2026,2026-07-30,,day,P,N,N,Regular Season,4,4,1,Final,Final,4,Rate Field,145,Chicago White Sox,CWS,2,True,147,New York Yankees,NYY,1,False,682987,Spencer Jones,Spencer,Jones,78,2001-05-14,25,"6' 7""",240,8,Outfielder,L,Left,L,Left,1-3 | SB,,3,1,0,0,0,0,0,0,0,1,0,0,3,1,,,,,,,,,,
2026-07-30,824568,,/api/v1.1/game/824568/feed/live,R,2026,2026-07-30,,day,P,N,N,Regular Season,4,4,1,Final,Final,4,Rate Field,145,Chicago White Sox,CWS,2,True,147,New York Yankees,NYY,1,False,642232,Ryan Yarbrough,Ryan,Yarbrough,33,1991-12-31,34,"6' 5""",205,1,Pitcher,R,Right,L,Left,,,,,,,,,,,,,,,,,,,,,,,,,,
2026-07-30,824568,,/api/v1.1/game/824568/feed/live,R,2026,2026-07-30,,day,P,N,N,Regular Season,4,4,1,Final,Final,4,Rate Field,145,Chicago White Sox,CWS,2,True,147,New York Yankees,NYY,1,False,680474,Max Schuemann,Maxwell,Schuemann,30,1997-06-11,29,"6' 0""",198,7,Outfielder,R,Right,R,Right,0-2 | K,,2,0,0,0,0,0,0,1,0,0,0,0,2,0,,,,,,,,,,
2026-07-30,824568,,/api/v1.1/game/824568/feed/live,R,2026,2026-07-30,,day,P,N,N,Regular Season,4,4,1,Final,Final,4,Rate Field,145,Chicago White Sox,CWS,2,True,147,New York Yankees,NYY,1,False,642708,Amed Rosario,German,Rosario,14,1995-11-20,30,"6' 1""",227,5,Third Base,R,Right,R,Right,0-1,,1,0,0,0,0,0,0,0,0,0,0,0,1,0,,,,,,,,,,
2026-07-30,824568,,/api/v1.1/game/824568/feed/live,R,2026,2026-07-30,,day,P,N,N,Regular Season,4,4,1,Final,Final,4,Rate Field,145,Chicago White Sox,CWS,2,True,147,New York Yankees,NYY,1,False,641857,Ryan McMahon,Ryan,McMahon,19,1994-12-14,31,"6' 2""",211,5,Third Base,L,Left,R,Right,"0-3 | HBP, K",,3,0,0,0,0,0,0,1,0,0,0,0,4,0,,,,,,,,,,
2026-07-30,824568,,/api/v1.1/game/824568/feed/live,R,2026,2026-07-30,,day,P,N,N,Regular Season,4,4,1,Final,Final,4,Rate Field,145,Chicago White Sox,CWS,2,True,147,New York Yankees,NYY,1,False,677960,Ryan Weathers,Ryan,Weathers,40,1999-12-17,26,"6' 1""",230,1,Pitcher,R,Right,L,Left,"7.0 IP, 0 ER, 4 K, 3 BB",,,,,,,,,,,,,,,,7.0,0,3,0,4,3,106,0,0,0
2026-07-30,824568,,/api/v1.1/game/824568/feed/live,R,2026,2026-07-30,,day,P,N,N,Regular Season,4,4,1,Final,Final,4,Rate Field,145,Chicago White Sox,CWS,2,True,147,New York Yankees,NYY,1,False,657612,Tim Hill,Timothy,Hill,41,1990-02-10,36,"6' 4""",210,1,Pitcher,R,Right,L,Left,,,,,,,,,,,,,,,,,,,,,,,,,,
2026-07-30,824568,,/api/v1.1/game/824568/feed/live,R,2026,2026-07-30,,day,P,N,N,Regular Season,4,4,1,Final,Final,4,Rate Field,145,Chicago White Sox,CWS,2,True,147,New York Yankees,NYY,1,False,502671,Paul Goldschmidt,Paul,Goldschmidt,48,1987-09-10,38,"6' 2""",225,3,First Base,R,Right,R,Right,0-5 | 2 K,,5,0,0,0,0,0,0,2,0,0,0,0,5,0,,,,,,,,,,
2026-07-30,824568,,/api/v1.1/game/824568/feed/live,R,2026,2026-07-30,,day,P,N,N,Regular Season,4,4,1,Final,Final,4,Rate Field,145,Chicago White Sox,CWS,2,True,147,New York Yankees,NYY,1,False,691176,Jasson Domínguez,Jasson,Domínguez,24,2003-02-07,23,"5' 9""",218,9,Outfielder,S,Switch,R,Right,"1-5 | 2B, 3 K",,5,1,1,0,0,0,0,3,0,0,0,0,5,2,,,,,,,,,,
2026-07-30,824568,,/api/v1.1/game/824568/feed/live,R,2026,2026-07-30,,day,P,N,N,Regular Season,4,4,1,Final,Final,4,Rate Field,145,Chicago White Sox,CWS,2,True,147,New York Yankees,NYY,1,False,669224,Austin Wells,Austin,Wells,28,1999-07-12,27,"6' 1""",220,2,Catcher,L,Left,R,Right,"1-2 | 2B, K",,2,1,1,0,0,0,0,1,0,0,0,0,2,2,,,,,,,,,,
2026-07-30,824568,,/api/v1.1/game/824568/feed/live,R,2026,2026-07-30,,day,P,N,N,Regular Season,4,4,1,Final,Final,4,Rate Field,145,Chicago White Sox,CWS,2,True,147,New York Yankees,NYY,1,False,700250,Ben Rice,Benjamin,Rice,22,1999-02-22,27,"6' 2""",228,3,First Base,L,Left,R,Right,0-3 | 2 BB,,3,0,0,0,0,0,0,0,2,0,0,0,5,0,,,,,,,,,,
2026-07-30,824568,,/api/v1.1/game/824568/feed/live,R,2026,2026-07-30,,day,P,N,N,Regular Season,4,4,1,Final,Final,4,Rate Field,145,Chicago White Sox,CWS,2,True,147,New York Yankees,NYY,1,False,687396,Brent Headrick,Brent,Headrick,47,1997-12-17,28,"6' 6""",235,1,Pitcher,L,Left,L,Left,"1.0 IP, 0 ER, 2 K, BB",,,,,,,,,,,,,,,,1.0,0,0,0,2,1,18,0,0,0
2026-07-30,824568,,/api/v1.1/game/824568/feed/live,R,2026,2026-07-30,,day,P,N,N,Regular Season,4,4,1,Final,Final,4,Rate Field,145,Chicago White Sox,CWS,2,True,147,New York Yankees,NYY,1,False,701542,Will Warren,William,Warren,29,1999-06-16,27,"6' 2""",200,1,Pitcher,R,Right,R,Right,,,,,,,,,,,,,,,,,,,,,,,,,,
2026-07-30,824568,,/api/v1.1/game/824568/feed/live,R,2026,2026-07-30,,day,P,N,N,Regular Season,4,4,1,Final,Final,4,Rate Field,145,Chicago White Sox,CWS,2,True,147,New York Yankees,NYY,1,False,683011,Anthony Volpe,Anthony,Volpe,11,2001-04-28,25,"5' 10""",197,6,Shortstop,R,Right,R,Right,"0-5 | 2 K, R",,5,0,0,0,0,0,1,2,0,0,0,0,5,0,,,,,,,,,,
2026-07-30,824568,,/api/v1.1/game/824568/feed/live,R,2026,2026-07-30,,day,P,N,N,Regular Season,4,4,1,Final,Final,4,Rate Field,145,Chicago White Sox,CWS,2,True,147,New York Yankees,NYY,1,False,518585,Fernando Cruz,Fernando,Cruz,63,1990-03-28,36,"6' 2""",237,1,Pitcher,R,Right,R,Right,"1.1 IP, 0 ER, 2 K, 2 BB",,,,,,,,,,,,,,,,1.1,0,1,0,2,2,20,0,1,0
2026-07-30,824568,,/api/v1.1/game/824568/feed/live,R,2026,2026-07-30,,day,P,N,N,Regular Season,4,4,1,Final,Final,4,Rate Field,145,Chicago White Sox,CWS,2,True,147,New York Yankees,NYY,1,False,665862,Jazz Chisholm Jr.,Jasrado,Chisholm,13,1998-02-01,28,"5' 11""",184,4,Second Base,L,Left,R,Right,"1-3 | 2 BB, K, CS",,3,1,0,0,0,0,0,1,2,0,1,0,5,1,,,,,,,,,,
2026-07-30,824568,,/api/v1.1/game/824568/feed/live,R,2026,2026-07-30,,day,P,N,N,Regular Season,4,4,1,Final,Final,4,Rate Field,145,Chicago White Sox,CWS,2,True,147,New York Yankees,NYY,1,False,608331,Max Fried,Max,Fried,54,1994-01-18,32,"6' 4""",190,1,Pitcher,L,Left,L,Left,,,,,,,,,,,,,,,,,,,,,,,,,,
2026-07-30,824568,,/api/v1.1/game/824568/feed/live,R,2026,2026-07-30,,day,P,N,N,Regular Season,4,4,1,Final,Final,4,Rate Field,145,Chicago White Sox,CWS,2,True,147,New York Yankees,NYY,1,False,666808,Camilo Doval,Camilo,Doval,75,1997-07-04,29,"6' 2""",205,1,Pitcher,R,Right,R,Right,,,,,,,,,,,,,,,,,,,,,,,,,,
2026-07-30,824568,,/api/v1.1/game/824568/feed/live,R,2026,2026-07-30,,day,P,N,N,Regular Season,4,4,1,Final,Final,4,Rate Field,145,Chicago White Sox,CWS,2,True,147,New York Yankees,NYY,1,False,663757,Trent Grisham,Trenton,Grisham,12,1996-11-01,29,"5' 10""",221,8,Outfielder,L,Left,L,Left,"2-4 | K, RBI",,4,2,0,0,0,1,0,1,0,0,0,0,5,2,,,,,,,,,,
2026-07-30,824568,,/api/v1.1/game/824568/feed/live,R,2026,2026-07-30,,day,P,N,N,Regular Season,4,4,1,Final,Final,4,Rate Field,145,Chicago White Sox,CWS,2,True,147,New York Yankees,NYY,1,False,670280,David Bednar,David,Bednar,53,1994-10-10,31,"6' 1""",250,1,Pitcher,L,Left,R,Right,,,,,,,,,,,,,,,,,,,,,,,,,,
2026-07-30,824568,,/api/v1.1/game/824568/feed/live,R,2026,2026-07-30,,day,P,N,N,Regular Season,4,4,1,Final,Final,4,Rate Field,145,Chicago White Sox,CWS,2,True,147,New York Yankees,NYY,1,False,683409,Angel Chivilli,Angel,Chivilli,57,2002-07-28,24,"6' 2""",185,1,Pitcher,R,Right,R,Right,"1.1 IP, 0 ER, 3 K, 0 BB",,,,,,,,,,,,,,,,1.1,0,2,0,3,0,27,0,0,0
2026-07-30,824568,,/api/v1.1/game/824568/feed/live,R,2026,2026-07-30,,day,P,N,N,Regular Season,4,4,1,Final,Final,4,Rate Field,145,Chicago White Sox,CWS,2,True,147,New York Yankees,NYY,1,False,543037,Gerrit Cole,Gerrit,Cole,45,1990-09-08,35,"6' 4""",220,1,Pitcher,R,Right,R,Right,,,,,,,,,,,,,,,,,,,,,,,,,,
2026-07-30,824568,,/api/v1.1/game/824568/feed/live,R,2026,2026-07-30,,day,P,N,N,Regular Season,4,4,1,Final,Final,4,Rate Field,145,Chicago White Sox,CWS,2,True,147,New York Yankees,NYY,1,False,693645,Cam Schlittler,Cameron,Schlittler,31,2001-02-05,25,"6' 6""",215,1,Pitcher,R,Right,R,Right,,,,,,,,,,,,,,,,,,,,,,,,,,
2026-07-30,823023,,/api/v1.1/game/823023/feed/live,R,2026,2026-07-30,,day,P,N,N,Regular Season,4,4,1,Final,Final,2889,Busch Stadium,138,St. Louis Cardinals,STL,2,False,112,Chicago Cubs,CHC,4,True,700241,Michael McGreevy,Michael,McGreevy,36,2000-07-08,26,"6' 4""",220,1,Pitcher,L,Left,R,Right,,,,,,,,,,,,,,,,,,,,,,,,,,
2026-07-30,823023,,/api/v1.1/game/823023/feed/live,R,2026,2026-07-30,,day,P,N,N,Regular Season,4,4,1,Final,Final,2889,Busch Stadium,138,St. Louis Cardinals,STL,2,False,112,Chicago Cubs,CHC,4,True,694335,Matt Svanson,Matthew,Svanson,49,1999-01-31,27,"6' 5""",235,1,Pitcher,R,Right,R,Right,,,,,,,,,,,,,,,,,,,,,,,,,,
2026-07-30,823023,,/api/v1.1/game/823023/feed/live,R,2026,2026-07-30,,day,P,N,N,Regular Season,4,4,1,Final,Final,2889,Busch Stadium,138,St. Louis Cardinals,STL,2,False,112,Chicago Cubs,CHC,4,True,691023,Jordan Walker,Jordan,Walker,18,2002-05-22,24,"6' 6""",250,9,Outfielder,R,Right,R,Right,1-5 | 3 K,,5,1,0,0,0,0,0,3,0,0,0,0,5,1,,,,,,,,,,
2026-07-30,823023,,/api/v1.1/game/823023/feed/live,R,2026,2026-07-30,,day,P,N,N,Regular Season,4,4,1,Final,Final,2889,Busch Stadium,138,St. Louis Cardinals,STL,2,False,112,Chicago Cubs,CHC,4,True,663494,Bryan Torres,Bryan,Torres,39,1997-07-02,29,"5' 7""",165,7,Outfielder,L,Left,R,Right,2-4 | RBI,,4,2,0,0,0,1,0,0,0,0,0,0,4,2,,,,,,,,,,
2026-07-30,823023,,/api/v1.1/game/823023/feed/live,R,2026,2026-07-30,,day,P,N,N,Regular Season,4,4,1,Final,Final,2889,Busch Stadium,138,St. Louis Cardinals,STL,2,False,112,Chicago Cubs,CHC,4,True,701675,Nathan Church,Nathan,Church,27,2000-07-12,26,"5' 10""",180,8,Outfielder,L,Left,L,Left,0-2 | 2 K,,2,0,0,0,0,0,0,2,0,0,0,0,2,0,,,,,,,,,,
2026-07-30,823023,,/api/v1.1/game/823023/feed/live,R,2026,2026-07-30,,day,P,N,N,Regular Season,4,4,1,Final,Final,2889,Busch Stadium,138,St. Louis Cardinals,STL,2,False,112,Chicago Cubs,CHC,4,True,681517,Kyle Leahy,Kyle,Leahy,62,1997-06-04,29,"6' 5""",225,1,Pitcher,S,Switch,R,Right,,,,,,,,,,,,,,,,,,,,,,,,,,
2026-07-30,823023,,/api/v1.1/game/823023/feed/live,R,2026,2026-07-30,,day,P,N,N,Regular Season,4,4,1,Final,Final,2889,Busch Stadium,138,St. Louis Cardinals,STL,2,False,112,Chicago Cubs,CHC,4,True,663457,Lars Nootbaar,Lars,Nootbaar,21,1997-09-08,28,"6' 1""",205,7,Outfielder,L,Left,R,Right,"0-4 | BB, 3 K, R",,4,0,0,0,0,0,1,3,1,0,0,0,5,0,,,,,,,,,,
2026-07-30,823023,,/api/v1.1/game/823023/feed/live,R,2026,2026-07-30,,day,P,N,N,Regular Season,4,4,1,Final,Final,2889,Busch Stadium,138,St. Louis Cardinals,STL,2,False,112,Chicago Cubs,CHC,4,True,665877,José Fermín,José,Fermín,15,1999-03-29,27,"5' 10""",198,7,Outfielder,R,Right,R,Right,1-2,,2,1,0,0,0,0,0,0,0,0,0,0,2,1,,,,,,,,,,
2026-07-30,823023,,/api/v1.1/game/823023/feed/live,R,2026,2026-07-30,,day,P,N,N,Regular Season,4,4,1,Final,Final,2889,Busch Stadium,138,St. Louis Cardinals,STL,2,False,112,Chicago Cubs,CHC,4,True,700669,Gordon Graceffo,Gordon,Graceffo,44,2000-03-17,26,"6' 4""",220,1,Pitcher,R,Right,R,Right,,,,,,,,,,,,,,,,,,,,,,,,,,
2026-07-30,823023,,/api/v1.1/game/823023/feed/live,R,2026,2026-07-30,,day,P,N,N,Regular Season,4,4,1,Final,Final,2889,Busch Stadium,138,St. Louis Cardinals,STL,2,False,112,Chicago Cubs,CHC,4,True,802139,JJ Wetherholt,Jonathan,Wetherholt,26,2002-09-10,23,"5' 9""",190,4,Second Base,L,Left,R,Right,"2-5 | HR, K, RBI",,5,2,0,0,1,1,1,1,0,1,0,0,5,5,,,,,,,,,,
2026-07-30,823023,,/api/v1.1/game/823023/feed/live,R,2026,2026-07-30,,day,P,N,N,Regular Season,4,4,1,Final,Final,2889,Busch Stadium,138,St. Louis Cardinals,STL,2,False,112,Chicago Cubs,CHC,4,True,677865,Justin Bruihl,Justin,Bruihl,47,1997-06-26,29,"6' 2""",215,1,Pitcher,L,Left,L,Left,,,,,,,,,,,,,,,,,,,,,,,,,,
2026-07-30,823023,,/api/v1.1/game/823023/feed/live,R,2026,2026-07-30,,day,P,N,N,Regular Season,4,4,1,Final,Final,2889,Busch Stadium,138,St. Louis Cardinals,STL,2,False,112,Chicago Cubs,CHC,4,True,691458,Blaze Jordan,Blaze,Jordan,33,2002-12-19,23,"6' 1""",220,5,Third Base,R,Right,R,Right,1-4,,4,1,0,0,0,0,0,0,0,0,0,0,4,1,,,,,,,,,,
2026-07-30,823023,,/api/v1.1/game/823023/feed/live,R,2026,2026-07-30,,day,P,N,N,Regular Season,4,4,1,Final,Final,2889,Busch Stadium,138,St. Louis Cardinals,STL,2,False,112,Chicago Cubs,CHC,4,True,676475,Alec Burleson,Alec,Burleson,41,1998-11-25,27,"6' 0""",225,3,First Base,L,Left,L,Left,1-4 | BB,,4,1,0,0,0,0,0,0,1,0,0,0,5,1,,,,,,,,,,
2026-07-30,823023,,/api/v1.1/game/823023/feed/live,R,2026,2026-07-30,,day,P,N,N,Regular Season,4,4,1,Final,Final,2889,Busch Stadium,138,St. Louis Cardinals,STL,2,False,112,Chicago Cubs,CHC,4,True,676617,Riley O'Brien,Riley,O'Brien,61,1995-02-06,31,"6' 4""",180,1,Pitcher,R,Right,R,Right,"1.0 IP, 0 ER, K, 0 BB",,,,,,,,,,,,,,,,1.0,0,0,0,1,0,17,0,0,0
2026-07-30,823023,,/api/v1.1/game/823023/feed/live,R,2026,2026-07-30,,day,P,N,N,Regular Season,4,4,1,Final,Final,2889,Busch Stadium,138,St. Louis Cardinals,STL,2,False,112,Chicago Cubs,CHC,4,True,669467,Andre Pallante,Neil,Pallante,53,1998-09-18,27,"6' 0""",215,1,Pitcher,R,Right,R,Right,"6.1 IP, 2 ER, 3 K, 2 BB",,,,,,,,,,,,,,,,6.1,2,7,0,3,2,90,0,0,0
2026-07-30,823023,,/api/v1.1/game/823023/feed/live,R,2026,2026-07-30,,day,P,N,N,Regular Season,4,4,1,Final,Final,2889,Busch Stadium,138,St. Louis Cardinals,STL,2,False,112,Chicago Cubs,CHC,4,True,666277,George Soriano,George,Soriano,65,1999-03-24,27,"6' 2""",210,1,Pitcher,R,Right,R,Right,"0.2 IP, 0 ER, K, 2 BB",,,,,,,,,,,,,,,,0.2,0,1,0,1,2,29,0,0,0
2026-07-30,823023,,/api/v1.1/game/823023/feed/live,R,2026,2026-07-30,,day,P,N,N,Regular Season,4,4,1,Final,Final,2889,Busch Stadium,138,St. Louis Cardinals,STL,2,False,112,Chicago Cubs,CHC,4,True,686780,Pedro Pagés,Pedro,Pagés,43,1998-09-17,27,"5' 11""",245,2,Catcher,R,Right,R,Right,0-0,,0,0,0,0,0,0,0,0,0,0,0,0,0,0,,,,,,,,,,
2026-07-30,823023,,/api/v1.1/game/823023/feed/live,R,2026,2026-07-30,,day,P,N,N,Regular Season,4,4,1,Final,Final,2889,Busch Stadium,138,St. Louis Cardinals,STL,2,False,112,Chicago Cubs,CHC,4,True,669461,Matthew Liberatore,Matthew,Liberatore,32,1999-11-06,26,"6' 4""",215,1,Pitcher,L,Left,L,Left,,,,,,,,,,,,,,,,,,,,,,,,,,
2026-07-30,823023,,/api/v1.1/game/823023/feed/live,R,2026,2026-07-30,,day,P,N,N,Regular Season,4,4,1,Final,Final,2889,Busch Stadium,138,St. Louis Cardinals,STL,2,False,112,Chicago Cubs,CHC,4,True,592773,Ryne Stanek,Ryne,Stanek,55,1991-07-26,35,"6' 4""",226,1,Pitcher,R,Right,R,Right,"1.0 IP, 0 ER, 0 K, 0 BB",,,,,,,,,,,,,,,,1.0,0,1,0,0,0,12,0,0,0
2026-07-30,823023,,/api/v1.1/game/823023/feed/live,R,2026,2026-07-30,,day,P,N,N,Regular Season,4,4,1,Final,Final,2889,Busch Stadium,138,St. Louis Cardinals,STL,2,False,112,Chicago Cubs,CHC,4,True,703725,Luis Gastelum,Luis,Gastelum,72,2001-09-27,24,"6' 2""",175,1,Pitcher,R,Right,R,Right,"1.0 IP, ER, 0 K, 0 BB",,,,,,,,,,,,,,,,1.0,1,2,0,0,0,21,0,1,0
2026-07-30,823023,,/api/v1.1/game/823023/feed/live,R,2026,2026-07-30,,day,P,N,N,Regular Season,4,4,1,Final,Final,2889,Busch Stadium,138,St. Louis Cardinals,STL,2,False,112,Chicago Cubs,CHC,4,True,657265,Peter Strzelecki,Peter,Strzelecki,58,1994-10-24,31,"6' 2""",210,1,Pitcher,R,Right,R,Right,,,,,,,,,,,,,,,,,,,,,,,,,,
2026-07-30,823023,,/api/v1.1/game/823023/feed/live,R,2026,2026-07-30,,day,P,N,N,Regular Season,4,4,1,Final,Final,2889,Busch Stadium,138,St. Louis Cardinals,STL,2,False,112,Chicago Cubs,CHC,4,True,669160,Dustin May,Dustin,May,3,1997-09-06,28,"6' 6""",180,1,Pitcher,R,Right,R,Right,,,,,,,,,,,,,,,,,,,,,,,,,,
2026-07-30,823023,,/api/v1.1/game/823023/feed/live,R,2026,2026-07-30,,day,P,N,N,Regular Season,4,4,1,Final,Final,2889,Busch Stadium,138,St. Louis Cardinals,STL,2,False,112,Chicago Cubs,CHC,4,True,691026,Masyn Winn,Masyn,Winn,0,2002-03-21,24,"5' 9""",185,6,Shortstop,R,Right,R,Right,1-3 | BB,,3,1,0,0,0,0,0,0,1,0,0,0,4,1,,,,,,,,,,
2026-07-30,823023,,/api/v1.1/game/823023/feed/live,R,2026,2026-07-30,,day,P,N,N,Regular Season,4,4,1,Final,Final,2889,Busch Stadium,138,St. Louis Cardinals,STL,2,False,112,Chicago Cubs,CHC,4,True,671056,Iván Herrera,Ivan,Herrera,48,2000-06-01,26,"5' 11""",220,10,Designated Hitter,R,Right,R,Right,1-4,,4,1,0,0,0,0,0,0,0,0,0,1,4,1,,,,,,,,,,
2026-07-30,823023,,/api/v1.1/game/823023/feed/live,R,2026,2026-07-30,,day,P,N,N,Regular Season,4,4,1,Final,Final,2889,Busch Stadium,138,St. Louis Cardinals,STL,2,False,112,Chicago Cubs,CHC,4,True,676369,Nelson Velázquez,Nelson,Velázquez,38,1998-12-26,27,"5' 11""",190,7,Outfielder,R,Right,R,Right,0-0,,0,0,0,0,0,0,0,0,0,0,0,0,0,0,,,,,,,,,,
2026-07-30,823023,,/api/v1.1/game/823023/feed/live,R,2026,2026-07-30,,day,P,N,N,Regular Season,4,4,1,Final,Final,2889,Busch Stadium,138,St. Louis Cardinals,STL,2,False,112,Chicago Cubs,CHC,4,True,699625,Jimmy Crooks,James,Crooks,8,2001-07-19,25,"6' 0""",230,2,Catcher,L,Left,R,Right,0-1,,1,0,0,0,0,0,0,0,0,0,0,0,1,0,,,,,,,,,,
2026-07-30,823023,,/api/v1.1/game/823023/feed/live,R,2026,2026-07-30,,day,P,N,N,Regular Season,4,4,1,Final,Final,2889,Busch Stadium,138,St. Louis Cardinals,STL,2,False,112,Chicago Cubs,CHC,4,True,624424,Michael Conforto,Michael,Conforto,20,1993-03-01,33,"5' 11""",215,10,Designated Hitter,L,Left,R,Right,0-4,,4,0,0,0,0,0,0,0,0,0,0,0,4,0,,,,,,,,,,
2026-07-30,823023,,/api/v1.1/game/823023/feed/live,R,2026,2026-07-30,,day,P,N,N,Regular Season,4,4,1,Final,Final,2889,Busch Stadium,138,St. Louis Cardinals,STL,2,False,112,Chicago Cubs,CHC,4,True,664023,Ian Happ,Ian,Happ,8,1994-08-12,31,"5' 10""",205,7,Outfielder,S,Switch,R,Right,"1-5 | 2B, RBI",,5,1,1,0,0,1,0,0,0,0,0,0,5,2,,,,,,,,,,
2026-07-30,823023,,/api/v1.1/game/823023/feed/live,R,2026,2026-07-30,,day,P,N,N,Regular Season,4,4,1,Final,Final,2889,Busch Stadium,138,St. Louis Cardinals,STL,2,False,112,Chicago Cubs,CHC,4,True,665871,Javier Assad,Javier,Assad,72,1997-07-30,29,"6' 1""",200,1,Pitcher,R,Right,R,Right,"4.1 IP, ER, 6 K, 2 BB",,,,,,,,,,,,,,,,4.1,1,6,0,6,2,83,0,0,0
2026-07-30,823023,,/api/v1.1/game/823023/feed/live,R,2026,2026-07-30,,day,P,N,N,Regular Season,4,4,1,Final,Final,2889,Busch Stadium,138,St. Louis Cardinals,STL,2,False,112,Chicago Cubs,CHC,4,True,573204,Caleb Thielbar,Caleb,Thielbar,24,1987-01-31,39,"6' 0""",205,1,Pitcher,R,Right,L,Left,"1.0 IP, ER, K, 0 BB",,,,,,,,,,,,,,,,1.0,1,1,1,1,0,11,0,0,0
2026-07-30,823023,,/api/v1.1/game/823023/feed/live,R,2026,2026-07-30,,day,P,N,N,Regular Season,4,4,1,Final,Final,2889,Busch Stadium,138,St. Louis Cardinals,STL,2,False,112,Chicago Cubs,CHC,4,True,621053,Tyler Ferguson,Tyler,Ferguson,64,1993-10-05,32,"6' 4""",225,1,Pitcher,R,Right,R,Right,,,,,,,,,,,,,,,,,,,,,,,,,,
2026-07-30,823023,,/api/v1.1/game/823023/feed/live,R,2026,2026-07-30,,day,P,N,N,Regular Season,4,4,1,Final,Final,2889,Busch Stadium,138,St. Louis Cardinals,STL,2,False,112,Chicago Cubs,CHC,4,True,684007,Shota Imanaga,Shota,Imanaga,18,1993-09-01,32,"5' 10""",175,1,Pitcher,L,Left,L,Left,,,,,,,,,,,,,,,,,,,,,,,,,,
2026-07-30,823023,,/api/v1.1/game/823023/feed/live,R,2026,2026-07-30,,day,P,N,N,Regular Season,4,4,1,Final,Final,2889,Busch Stadium,138,St. Louis Cardinals,STL,2,False,112,Chicago Cubs,CHC,4,True,608324,Alex Bregman,Alexander,Bregman,3,1994-03-30,32,"5' 10""",190,5,Third Base,R,Right,R,Right,"2-4 | 2 2B, BB, RBI",,4,2,2,0,0,1,2,0,1,0,0,0,5,4,,,,,,,,,,
2026-07-30,823023,,/api/v1.1/game/823023/feed/live,R,2026,2026-07-30,,day,P,N,N,Regular Season,4,4,1,Final,Final,2889,Busch Stadium,138,St. Louis Cardinals,STL,2,False,112,Chicago Cubs,CHC,4,True,699393,Pedro Ramírez,Pedro,Ramírez,75,2004-04-01,22,"5' 9""",165,4,Second Base,S,Switch,R,Right,0-1,,1,0,0,0,0,0,0,0,0,0,0,0,1,0,,,,,,,,,,
2026-07-30,823023,,/api/v1.1/game/823023/feed/live,R,2026,2026-07-30,,day,P,N,N,Regular Season,4,4,1,Final,Final,2889,Busch Stadium,138,St. Louis Cardinals,STL,2,False,112,Chicago Cubs,CHC,4,True,683737,Michael Busch,Michael,Busch,29,1997-11-09,28,"5' 11""",210,3,First Base,L,Left,R,Right,2-5 | RBI,,5,2,0,0,0,1,0,0,0,0,0,0,5,2,,,,,,,,,,
2026-07-30,823023,,/api/v1.1/game/823023/feed/live,R,2026,2026-07-30,,day,P,N,N,Regular Season,4,4,1,Final,Final,2889,Busch Stadium,138,St. Louis Cardinals,STL,2,False,112,Chicago Cubs,CHC,4,True,608348,Carson Kelly,Carson,Kelly,15,1994-07-14,32,"6' 1""",212,2,Catcher,R,Right,R,Right,1-4,,4,1,0,0,0,0,0,0,0,0,0,1,4,1,,,,,,,,,,
2026-07-30,823023,,/api/v1.1/game/823023/feed/live,R,2026,2026-07-30,,day,P,N,N,Regular Season,4,4,1,Final,Final,2889,Busch Stadium,138,St. Louis Cardinals,STL,2,False,112,Chicago Cubs,CHC,4,True,691718,Pete Crow-Armstrong,Pete,Crow-Armstrong,4,2002-03-25,24,"6' 0""",184,8,Outfielder,L,Left,L,Left,"2-5 | 2 2B, 2 K",,5,2,2,0,0,0,0,2,0,0,0,0,5,4,,,,,,,,,,
2026-07-30,823023,,/api/v1.1/game/823023/feed/live,R,2026,2026-07-30,,day,P,N,N,Regular Season,4,4,1,Final,Final,2889,Busch Stadium,138,St. Louis Cardinals,STL,2,False,112,Chicago Cubs,CHC,4,True,657097,Jacob Webb,Jacob,Webb,71,1993-08-15,32,"6' 2""",210,1,Pitcher,R,Right,R,Right,0-0,,0,0,0,0,0,0,0,0,0,0,0,0,0,0,1.1,0,1,0,0,0,15,1,0,0
2026-07-30,823023,,/api/v1.1/game/823023/feed/live,R,2026,2026-07-30,,day,P,N,N,Regular Season,4,4,1,Final,Final,2889,Busch Stadium,138,St. Louis Cardinals,STL,2,False,112,Chicago Cubs,CHC,4,True,665804,Miguel Amaya,Miguel,Amaya,9,1999-03-09,27,"6' 1""",230,2,Catcher,R,Right,R,Right,,,,,,,,,,,,,,,,,,,,,,,,,,
2026-07-30,823023,,/api/v1.1/game/823023/feed/live,R,2026,2026-07-30,,day,P,N,N,Regular Season,4,4,1,Final,Final,2889,Busch Stadium,138,St. Louis Cardinals,STL,2,False,112,Chicago Cubs,CHC,4,True,673548,Seiya Suzuki,Seiya,Suzuki,27,1994-08-18,31,"5' 11""",182,9,Outfielder,R,Right,R,Right,"0-3 | 2 BB, K, R",,3,0,0,0,0,0,1,1,2,0,0,0,5,0,,,,,,,,,,
2026-07-30,823023,,/api/v1.1/game/823023/feed/live,R,2026,2026-07-30,,day,P,N,N,Regular Season,4,4,1,Final,Final,2889,Busch Stadium,138,St. Louis Cardinals,STL,2,False,112,Chicago Cubs,CHC,4,True,681909,Justin Dean,Justin,Dean,1,1996-12-06,29,"5' 8""",185,8,Outfielder,R,Right,R,Right,0-0,,0,0,0,0,0,0,0,0,0,0,0,0,0,0,,,,,,,,,,
2026-07-30,823023,,/api/v1.1/game/823023/feed/live,R,2026,2026-07-30,,day,P,N,N,Regular Season,4,4,1,Final,Final,2889,Busch Stadium,138,St. Louis Cardinals,STL,2,False,112,Chicago Cubs,CHC,4,True,668970,Gavin Hollowell,Gavin,Hollowell,46,1997-11-04,28,"6' 7""",215,1,Pitcher,R,Right,R,Right,"1.0 IP, 0 ER, 0 K, 0 BB",,,,,,,,,,,,,,,,1.0,0,1,0,0,0,13,0,0,0
2026-07-30,823023,,/api/v1.1/game/823023/feed/live,R,2026,2026-07-30,,day,P,N,N,Regular Season,4,4,1,Final,Final,2889,Busch Stadium,138,St. Louis Cardinals,STL,2,False,112,Chicago Cubs,CHC,4,True,650644,Aaron Civale,Aaron,Civale,38,1995-06-12,31,"6' 1""",245,1,Pitcher,R,Right,R,Right,0-0,,0,0,0,0,0,0,0,0,0,0,0,0,0,0,0.2,0,0,0,1,0,9,0,0,1
2026-07-30,823023,,/api/v1.1/game/823023/feed/live,R,2026,2026-07-30,,day,P,N,N,Regular Season,4,4,1,Final,Final,2889,Busch Stadium,138,St. Louis Cardinals,STL,2,False,112,Chicago Cubs,CHC,4,True,656849,David Peterson,David,Peterson,19,1995-09-03,30,"6' 6""",240,1,Pitcher,L,Left,L,Left,,,,,,,,,,,,,,,,,,,,,,,,,,
2026-07-30,823023,,/api/v1.1/game/823023/feed/live,R,2026,2026-07-30,,day,P,N,N,Regular Season,4,4,1,Final,Final,2889,Busch Stadium,138,St. Louis Cardinals,STL,2,False,112,Chicago Cubs,CHC,4,True,669020,Ryan Rolison,Ryan,Rolison,33,1997-07-11,29,"6' 2""",213,1,Pitcher,R,Right,L,Left,"1.2 IP, 0 ER, K, BB",,,,,,,,,,,,,,,,1.2,0,1,0,1,1,24,0,0,0
2026-07-30,823023,,/api/v1.1/game/823023/feed/live,R,2026,2026-07-30,,day,P,N,N,Regular Season,4,4,1,Final,Final,2889,Busch Stadium,138,St. Louis Cardinals,STL,2,False,112,Chicago Cubs,CHC,4,True,663423,Trent Thornton,Trent,Thornton,49,1993-09-30,32,"6' 0""",190,1,Pitcher,R,Right,R,Right,,,,,,,,,,,,,,,,,,,,,,,,,,
2026-07-30,823023,,/api/v1.1/game/823023/feed/live,R,2026,2026-07-30,,day,P,N,N,Regular Season,4,4,1,Final,Final,2889,Busch Stadium,138,St. Louis Cardinals,STL,2,False,112,Chicago Cubs,CHC,4,True,663765,Jake Woodford,Jacob,Woodford,40,1996-10-28,29,"6' 4""",215,1,Pitcher,R,Right,R,Right,,,,,,,,,,,,,,,,,,,,,,,,,,
2026-07-30,823023,,/api/v1.1/game/823023/feed/live,R,2026,2026-07-30,,day,P,N,N,Regular Season,4,4,1,Final,Final,2889,Busch Stadium,138,St. Louis Cardinals,STL,2,False,112,Chicago Cubs,CHC,4,True,571510,Matthew Boyd,Matthew,Boyd,16,1991-02-02,35,"6' 3""",223,1,Pitcher,L,Left,L,Left,,,,,,,,,,,,,,,,,,,,,,,,,,
2026-07-30,823023,,/api/v1.1/game/823023/feed/live,R,2026,2026-07-30,,day,P,N,N,Regular Season,4,4,1,Final,Final,2889,Busch Stadium,138,St. Louis Cardinals,STL,2,False,112,Chicago Cubs,CHC,4,True,701649,James Triantos,James,Triantos,5,2003-01-29,23,"5' 11""",195,4,Second Base,R,Right,R,Right,,,,,,,,,,,,,,,,,,,,,,,,,,
2026-07-30,823023,,/api/v1.1/game/823023/feed/live,R,2026,2026-07-30,,day,P,N,N,Regular Season,4,4,1,Final,Final,2889,Busch Stadium,138,St. Louis Cardinals,STL,2,False,112,Chicago Cubs,CHC,4,True,621020,Dansby Swanson,James,Swanson,7,1994-02-11,32,"6' 0""",190,6,Shortstop,R,Right,R,Right,"0-3 | BB, 2 K, R",,3,0,0,0,0,0,1,2,1,1,0,1,4,0,,,,,,,,,,
2026-07-30,823023,,/api/v1.1/game/823023/feed/live,R,2026,2026-07-30,,day,P,N,N,Regular Season,4,4,1,Final,Final,2889,Busch Stadium,138,St. Louis Cardinals,STL,2,False,112,Chicago Cubs,CHC,4,True,607067,Colin Rea,Colin,Rea,53,1990-07-01,36,"6' 5""",220,1,Pitcher,R,Right,R,Right,,,,,,,,,,,,,,,,,,,,,,,,,,
2026-07-30,823023,,/api/v1.1/game/823023/feed/live,R,2026,2026-07-30,,day,P,N,N,Regular Season,4,4,1,Final,Final,2889,Busch Stadium,138,St. Louis Cardinals,STL,2,False,112,Chicago Cubs,CHC,4,True,663538,Nico Hoerner,Nicholas,Hoerner,2,1997-05-13,29,"5' 11""",200,4,Second Base,R,Right,R,Right,3-5 | SB,,5,3,0,0,0,0,0,0,0,1,0,0,5,3,,,,,,,,,,
2026-07-30,824488,,/api/v1.1/game/824488/feed/live,R,2026,2026-07-30,,night,P,N,N,Regular Season,1,4,1,Final,Final,2602,Great American Ball Park,113,Cincinnati Reds,CIN,3,True,134,Pittsburgh Pirates,PIT,2,False,668881,Hunter Greene,Christian,Greene,21,1999-08-06,26,"6' 5""",242,1,Pitcher,R,Right,R,Right,,,,,,,,,,,,,,,,,,,,,,,,,,
2026-07-30,824488,,/api/v1.1/game/824488/feed/live,R,2026,2026-07-30,,night,P,N,N,Regular Season,1,4,1,Final,Final,2602,Great American Ball Park,113,Cincinnati Reds,CIN,3,True,134,Pittsburgh Pirates,PIT,2,False,682829,Elly De La Cruz,Elly,De La Cruz,44,2002-01-11,24,"6' 6""",200,6,Shortstop,S,Switch,R,Right,"3-4 | 3 2B, BB, RBI",,4,3,3,0,0,1,2,0,1,2,0,0,5,6,,,,,,,,,,
2026-07-30,824488,,/api/v1.1/game/824488/feed/live,R,2026,2026-07-30,,night,P,N,N,Regular Season,1,4,1,Final,Final,2602,Great American Ball Park,113,Cincinnati Reds,CIN,3,True,134,Pittsburgh Pirates,PIT,2,False,701398,Sal Stewart,Sal,Stewart,27,2003-12-07,22,"6' 1""",224,3,First Base,R,Right,R,Right,"1-3 | 2 BB, 2 K, RBI",,3,1,0,0,0,1,0,2,2,0,1,0,5,1,,,,,,,,,,
2026-07-30,824488,,/api/v1.1/game/824488/feed/live,R,2026,2026-07-30,,night,P,N,N,Regular Season,1,4,1,Final,Final,2602,Great American Ball Park,113,Cincinnati Reds,CIN,3,True,134,Pittsburgh Pirates,PIT,2,False,667472,Dane Myers,Dane,Myers,17,1996-03-08,30,"6' 0""",205,8,Outfielder,R,Right,R,Right,2-4 | K,,4,2,0,0,0,0,0,1,0,0,0,0,4,2,,,,,,,,,,
2026-07-30,824488,,/api/v1.1/game/824488/feed/live,R,2026,2026-07-30,,night,P,N,N,Regular Season,1,4,1,Final,Final,2602,Great American Ball Park,113,Cincinnati Reds,CIN,3,True,134,Pittsburgh Pirates,PIT,2,False,572955,Pierce Johnson,Pierce,Johnson,52,1991-05-10,35,"6' 2""",202,1,Pitcher,R,Right,R,Right,,,,,,,,,,,,,,,,,,,,,,,,,,
2026-07-30,824488,,/api/v1.1/game/824488/feed/live,R,2026,2026-07-30,,night,P,N,N,Regular Season,1,4,1,Final,Final,2602,Great American Ball Park,113,Cincinnati Reds,CIN,3,True,134,Pittsburgh Pirates,PIT,2,False,641941,Emilio Pagán,Emilio,Pagán,15,1991-05-07,35,"6' 2""",208,1,Pitcher,L,Left,R,Right,"1.0 IP, 0 ER, 2 K, 0 BB",,,,,,,,,,,,,,,,1.0,0,1,0,2,0,16,1,0,0
2026-07-30,824488,,/api/v1.1/game/824488/feed/live,R,2026,2026-07-30,,night,P,N,N,Regular Season,1,4,1,Final,Final,2602,Great American Ball Park,113,Cincinnati Reds,CIN,3,True,134,Pittsburgh Pirates,PIT,2,False,682622,Noelvi Marte,Noelvi,Marte,4,2001-10-16,24,"6' 2""",216,9,Outfielder,R,Right,R,Right,0-4 | 3 K,,4,0,0,0,0,0,0,3,0,0,0,0,4,0,,,,,,,,,,
2026-07-30,824488,,/api/v1.1/game/824488/feed/live,R,2026,2026-07-30,,night,P,N,N,Regular Season,1,4,1,Final,Final,2602,Great American Ball Park,113,Cincinnati Reds,CIN,3,True,134,Pittsburgh Pirates,PIT,2,False,622088,Tejay Antone,Tejay,Antone,70,1993-12-05,32,"6' 4""",230,1,Pitcher,R,Right,R,Right,"1.0 IP, 0 ER, K, 0 BB",,,,,,,,,,,,,,,,1.0,0,1,0,1,0,22,0,0,0
2026-07-30,824488,,/api/v1.1/game/824488/feed/live,R,2026,2026-07-30,,night,P,N,N,Regular Season,1,4,1,Final,Final,2602,Great American Ball Park,113,Cincinnati Reds,CIN,3,True,134,Pittsburgh Pirates,PIT,2,False,663993,Nathaniel Lowe,David,Lowe,31,1995-07-07,31,"6' 4""",220,10,Designated Hitter,L,Left,R,Right,"1-4 | 2B, BB, RBI",,4,1,1,0,0,1,0,0,1,0,0,0,5,2,,,,,,,,,,
2026-07-30,824488,,/api/v1.1/game/824488/feed/live,R,2026,2026-07-30,,night,P,N,N,Regular Season,1,4,1,Final,Final,2602,Great American Ball Park,113,Cincinnati Reds,CIN,3,True,134,Pittsburgh Pirates,PIT,2,False,663903,Brady Singer,Brady,Singer,51,1996-08-04,29,"6' 5""",215,1,Pitcher,R,Right,R,Right,,,,,,,,,,,,,,,,,,,,,,,,,,
2026-07-30,824488,,/api/v1.1/game/824488/feed/live,R,2026,2026-07-30,,night,P,N,N,Regular Season,1,4,1,Final,Final,2602,Great American Ball Park,113,Cincinnati Reds,CIN,3,True,134,Pittsburgh Pirates,PIT,2,False,680574,Matt McLain,Matthew,McLain,9,1999-08-06,26,"5' 8""",180,4,Second Base,R,Right,R,Right,"1-4 | 2 K, R",,4,1,0,0,0,0,1,2,0,0,0,0,4,1,,,,,,,,,,
2026-07-30,824488,,/api/v1.1/game/824488/feed/live,R,2026,2026-07-30,,night,P,N,N,Regular Season,1,4,1,Final,Final,2602,Great American Ball Park,113,Cincinnati Reds,CIN,3,True,134,Pittsburgh Pirates,PIT,2,False,657571,Caleb Ferguson,Caleb,Ferguson,46,1996-07-02,30,"6' 3""",225,1,Pitcher,R,Right,L,Left,,,,,,,,,,,,,,,,,,,,,,,,,,
2026-07-30,824488,,/api/v1.1/game/824488/feed/live,R,2026,2026-07-30,,night,P,N,N,Regular Season,1,4,1,Final,Final,2602,Great American Ball Park,113,Cincinnati Reds,CIN,3,True,134,Pittsburgh Pirates,PIT,2,False,663647,Ke'Bryan Hayes,Ke'Bryan,Hayes,3,1997-01-28,29,"5' 11""",215,5,Third Base,R,Right,R,Right,,,,,,,,,,,,,,,,,,,,,,,,,,
2026-07-30,824488,,/api/v1.1/game/824488/feed/live,R,2026,2026-07-30,,night,P,N,N,Regular Season,1,4,1,Final,Final,2602,Great American Ball Park,113,Cincinnati Reds,CIN,3,True,134,Pittsburgh Pirates,PIT,2,False,670770,TJ Friedl,Terry,Friedl,29,1995-08-14,30,"5' 8""",180,8,Outfielder,L,Left,L,Left,,,,,,,,,,,,,,,,,,,,,,,,,,
2026-07-30,824488,,/api/v1.1/game/824488/feed/live,R,2026,2026-07-30,,night,P,N,N,Regular Season,1,4,1,Final,Final,2602,Great American Ball Park,113,Cincinnati Reds,CIN,3,True,134,Pittsburgh Pirates,PIT,2,False,695076,Rhett Lowder,Rhett,Lowder,25,2002-03-08,24,"6' 1""",200,1,Pitcher,R,Right,R,Right,"6.0 IP, 2 ER, 5 K, 0 BB",,,,,,,,,,,,,,,,6.0,2,5,1,5,0,90,0,0,0
2026-07-30,824488,,/api/v1.1/game/824488/feed/live,R,2026,2026-07-30,,night,P,N,N,Regular Season,1,4,1,Final,Final,2602,Great American Ball Park,113,Cincinnati Reds,CIN,3,True,134,Pittsburgh Pirates,PIT,2,False,624431,Jose Trevino,Jose,Trevino,35,1992-11-28,33,"5' 9""",215,2,Catcher,R,Right,R,Right,,,,,,,,,,,,,,,,,,,,,,,,,,
2026-07-30,824488,,/api/v1.1/game/824488/feed/live,R,2026,2026-07-30,,night,P,N,N,Regular Season,1,4,1,Final,Final,2602,Great American Ball Park,113,Cincinnati Reds,CIN,3,True,134,Pittsburgh Pirates,PIT,2,False,663886,Tyler Stephenson,Tyler,Stephenson,37,1996-08-16,29,"6' 3""",225,2,Catcher,R,Right,R,Right,"1-2 | 3 BB, K",,2,1,0,0,0,0,0,1,3,0,0,0,5,1,,,,,,,,,,
2026-07-30,824488,,/api/v1.1/game/824488/feed/live,R,2026,2026-07-30,,night,P,N,N,Regular Season,1,4,1,Final,Final,2602,Great American Ball Park,113,Cincinnati Reds,CIN,3,True,134,Pittsburgh Pirates,PIT,2,False,553993,Eugenio Suárez,Eugenio,Suárez,28,1991-07-18,35,"5' 11""",213,10,Designated Hitter,R,Right,R,Right,0-3 | BB,,3,0,0,0,0,0,0,0,1,0,0,1,4,0,,,,,,,,,,
2026-07-30,824488,,/api/v1.1/game/824488/feed/live,R,2026,2026-07-30,,night,P,N,N,Regular Season,1,4,1,Final,Final,2602,Great American Ball Park,113,Cincinnati Reds,CIN,3,True,134,Pittsburgh Pirates,PIT,2,False,685112,Zach McCambley,Zachary,McCambley,62,1999-05-04,27,"6' 2""",225,1,Pitcher,L,Left,R,Right,,,,,,,,,,,,,,,,,,,,,,,,,,
2026-07-30,824488,,/api/v1.1/game/824488/feed/live,R,2026,2026-07-30,,night,P,N,N,Regular Season,1,4,1,Final,Final,2602,Great American Ball Park,113,Cincinnati Reds,CIN,3,True,134,Pittsburgh Pirates,PIT,2,False,594580,Sam Moll,Samuel,Moll,50,1992-01-03,34,"5' 9""",190,1,Pitcher,L,Left,L,Left,,,,,,,,,,,,,,,,,,,,,,,,,,
2026-07-30,824488,,/api/v1.1/game/824488/feed/live,R,2026,2026-07-30,,night,P,N,N,Regular Season,1,4,1,Final,Final,2602,Great American Ball Park,113,Cincinnati Reds,CIN,3,True,134,Pittsburgh Pirates,PIT,2,False,668709,JJ Bleday,Jeffrey,Bleday,22,1997-11-10,28,"6' 2""",205,7,Outfielder,L,Left,L,Left,"0-4 | BB, 3 K, CS",,4,0,0,0,0,0,0,3,1,0,1,0,5,0,,,,,,,,,,
2026-07-30,824488,,/api/v1.1/game/824488/feed/live,R,2026,2026-07-30,,night,P,N,N,Regular Season,1,4,1,Final,Final,2602,Great American Ball Park,113,Cincinnati Reds,CIN,3,True,134,Pittsburgh Pirates,PIT,2,False,656271,Brock Burke,Brock,Burke,49,1996-08-04,29,"6' 4""",210,1,Pitcher,L,Left,L,Left,"1.0 IP, 0 ER, 2 K, 2 BB",,,,,,,,,,,,,,,,1.0,0,0,0,2,2,28,0,0,0
2026-07-30,824488,,/api/v1.1/game/824488/feed/live,R,2026,2026-07-30,,night,P,N,N,Regular Season,1,4,1,Final,Final,2602,Great American Ball Park,113,Cincinnati Reds,CIN,3,True,134,Pittsburgh Pirates,PIT,2,False,670062,Julian Garcia,Julian,Garcia,57,1995-05-13,31,"6' 3""",206,1,Pitcher,L,Left,R,Right,,,,,,,,,,,,,,,,,,,,,,,,,,
2026-07-30,824488,,/api/v1.1/game/824488/feed/live,R,2026,2026-07-30,,night,P,N,N,Regular Season,1,4,1,Final,Final,2602,Great American Ball Park,113,Cincinnati Reds,CIN,3,True,134,Pittsburgh Pirates,PIT,2,False,671096,Andrew Abbott,Andrew,Abbott,41,1999-06-01,27,"6' 0""",192,1,Pitcher,L,Left,L,Left,,,,,,,,,,,,,,,,,,,,,,,,,,
2026-07-30,824488,,/api/v1.1/game/824488/feed/live,R,2026,2026-07-30,,night,P,N,N,Regular Season,1,4,1,Final,Final,2602,Great American Ball Park,113,Cincinnati Reds,CIN,3,True,134,Pittsburgh Pirates,PIT,2,False,695505,Chase Burns,Chase,Burns,26,2003-01-16,23,"6' 3""",210,1,Pitcher,R,Right,R,Right,,,,,,,,,,,,,,,,,,,,,,,,,,
2026-07-30,824488,,/api/v1.1/game/824488/feed/live,R,2026,2026-07-30,,night,P,N,N,Regular Season,1,4,1,Final,Final,2602,Great American Ball Park,113,Cincinnati Reds,CIN,3,True,134,Pittsburgh Pirates,PIT,2,False,671155,Ivan Johnson,Vincent,Johnson,63,1998-10-11,27,"6' 0""",190,4,Second Base,S,Switch,R,Right,,,,,,,,,,,,,,,,,,,,,,,,,,
2026-07-30,824488,,/api/v1.1/game/824488/feed/live,R,2026,2026-07-30,,night,P,N,N,Regular Season,1,4,1,Final,Final,2602,Great American Ball Park,113,Cincinnati Reds,CIN,3,True,134,Pittsburgh Pirates,PIT,2,False,694378,Jacob Gonzalez,Jacob,Gonzalez,26,2002-05-30,24,"6' 2""",205,6,Shortstop,L,Left,R,Right,"0-1 | K, RBI",,1,0,0,0,0,1,0,1,0,0,0,0,2,0,,,,,,,,,,
2026-07-30,824488,,/api/v1.1/game/824488/feed/live,R,2026,2026-07-30,,night,P,N,N,Regular Season,1,4,1,Final,Final,2602,Great American Ball Park,113,Cincinnati Reds,CIN,3,True,134,Pittsburgh Pirates,PIT,2,False,694973,Paul Skenes,Paul,Skenes,30,2002-05-29,24,"6' 6""",260,1,Pitcher,R,Right,R,Right,,,,,,,,,,,,,,,,,,,,,,,,,,
2026-07-30,824488,,/api/v1.1/game/824488/feed/live,R,2026,2026-07-30,,night,P,N,N,Regular Season,1,4,1,Final,Final,2602,Great American Ball Park,113,Cincinnati Reds,CIN,3,True,134,Pittsburgh Pirates,PIT,2,False,664040,Brandon Lowe,Brandon,Lowe,5,1994-07-06,32,"5' 9""",181,4,Second Base,L,Left,R,Right,"1-4 | HR, 2 K, RBI",,4,1,0,0,1,1,1,2,0,0,0,0,4,4,,,,,,,,,,
2026-07-30,824488,,/api/v1.1/game/824488/feed/live,R,2026,2026-07-30,,night,P,N,N,Regular Season,1,4,1,Final,Final,2602,Great American Ball Park,113,Cincinnati Reds,CIN,3,True,134,Pittsburgh Pirates,PIT,2,False,682848,Endy Rodríguez,Endy,Rodríguez,13,2000-05-26,26,"6' 0""",207,2,Catcher,S,Switch,R,Right,"1-3 | BB, K, 2 SB",,3,1,0,0,0,0,0,1,1,2,0,0,4,1,,,,,,,,,,
2026-07-30,824488,,/api/v1.1/game/824488/feed/live,R,2026,2026-07-30,,night,P,N,N,Regular Season,1,4,1,Final,Final,2602,Great American Ball Park,113,Cincinnati Reds,CIN,3,True,134,Pittsburgh Pirates,PIT,2,False,668804,Bryan Reynolds,Bryan,Reynolds,10,1995-01-27,31,"6' 2""",210,7,Outfielder,S,Switch,R,Right,0-4 | 2 K,,4,0,0,0,0,0,0,2,0,0,0,0,4,0,,,,,,,,,,
2026-07-30,824488,,/api/v1.1/game/824488/feed/live,R,2026,2026-07-30,,night,P,N,N,Regular Season,1,4,1,Final,Final,2602,Great American Ball Park,113,Cincinnati Reds,CIN,3,True,134,Pittsburgh Pirates,PIT,2,False,683003,Jared Jones,Jared,Jones,17,2001-08-06,24,"6' 0""",211,1,Pitcher,L,Left,R,Right,,,,,,,,,,,,,,,,,,,,,,,,,,
2026-07-30,824488,,/api/v1.1/game/824488/feed/live,R,2026,2026-07-30,,night,P,N,N,Regular Season,1,4,1,Final,Final,2602,Great American Ball Park,113,Cincinnati Reds,CIN,3,True,134,Pittsburgh Pirates,PIT,2,False,642397,Gregory Soto,Gregory,Soto,31,1995-02-11,31,"6' 1""",247,1,Pitcher,L,Left,L,Left,"0.2 IP, ER, K, 2 BB",,,,,,,,,,,,,,,,0.2,1,1,0,1,2,18,0,1,0
2026-07-30,824488,,/api/v1.1/game/824488/feed/live,R,2026,2026-07-30,,night,P,N,N,Regular Season,1,4,1,Final,Final,2602,Great American Ball Park,113,Cincinnati Reds,CIN,3,True,134,Pittsburgh Pirates,PIT,2,False,682254,Mason Montgomery,Mason,Montgomery,46,2000-06-17,26,"6' 2""",205,1,Pitcher,L,Left,L,Left,"1.0 IP, 0 ER, 2 K, 0 BB",,,,,,,,,,,,,,,,1.0,0,0,0,2,0,7,0,0,0
2026-07-30,824488,,/api/v1.1/game/824488/feed/live,R,2026,2026-07-30,,night,P,N,N,Regular Season,1,4,1,Final,Final,2602,Great American Ball Park,113,Cincinnati Reds,CIN,3,True,134,Pittsburgh Pirates,PIT,2,False,699013,Esmerlyn Valdez,Esmerlyn,Valdez,55,2004-01-27,22,"6' 2""",234,9,Outfielder,R,Right,R,Right,1-4 | 2B,,4,1,1,0,0,0,0,0,0,0,0,0,4,2,,,,,,,,,,
2026-07-30,824488,,/api/v1.1/game/824488/feed/live,R,2026,2026-07-30,,night,P,N,N,Regular Season,1,4,1,Final,Final,2602,Great American Ball Park,113,Cincinnati Reds,CIN,3,True,134,Pittsburgh Pirates,PIT,2,False,669707,Jared Triolo,Jared,Triolo,19,1998-02-08,28,"6' 3""",212,6,Shortstop,R,Right,R,Right,"0-1 | BB, SB",,1,0,0,0,0,0,0,0,1,1,0,0,2,0,,,,,,,,,,
2026-07-30,824488,,/api/v1.1/game/824488/feed/live,R,2026,2026-07-30,,night,P,N,N,Regular Season,1,4,1,Final,Final,2602,Great American Ball Park,113,Cincinnati Reds,CIN,3,True,134,Pittsburgh Pirates,PIT,2,False,663968,Jake Mangum,Jake,Mangum,28,1996-03-08,30,"5' 11""",191,8,Outfielder,S,Switch,L,Left,"1-4 | HBP, K",,4,1,0,0,0,0,0,1,0,0,0,0,5,1,,,,,,,,,,
2026-07-30,824488,,/api/v1.1/game/824488/feed/live,R,2026,2026-07-30,,night,P,N,N,Regular Season,1,4,1,Final,Final,2602,Great American Ball Park,113,Cincinnati Reds,CIN,3,True,134,Pittsburgh Pirates,PIT,2,False,656605,Mitch Keller,Mitch,Keller,23,1996-04-04,30,"6' 3""",213,1,Pitcher,R,Right,R,Right,,,,,,,,,,,,,,,,,,,,,,,,,,
2026-07-30,824488,,/api/v1.1/game/824488/feed/live,R,2026,2026-07-30,,night,P,N,N,Regular Season,1,4,1,Final,Final,2602,Great American Ball Park,113,Cincinnati Reds,CIN,3,True,134,Pittsburgh Pirates,PIT,2,False,670990,Yohan Ramírez,Yohan,Ramírez,49,1995-05-06,31,"6' 3""",205,1,Pitcher,R,Right,R,Right,"2.0 IP, 0 ER, 4 K, BB",,,,,,,,,,,,,,,,2.0,0,1,0,4,1,39,0,0,0
2026-07-30,824488,,/api/v1.1/game/824488/feed/live,R,2026,2026-07-30,,night,P,N,N,Regular Season,1,4,1,Final,Final,2602,Great American Ball Park,113,Cincinnati Reds,CIN,3,True,134,Pittsburgh Pirates,PIT,2,False,691373,Jhostynxon Garcia,Jhostynxon,Garcia,34,2002-12-11,23,"6' 0""",224,9,Outfielder,R,Right,R,Right,1-4 | 2 K,,4,1,0,0,0,0,0,2,0,0,0,0,4,1,,,,,,,,,,
2026-07-30,824488,,/api/v1.1/game/824488/feed/live,R,2026,2026-07-30,,night,P,N,N,Regular Season,1,4,1,Final,Final,2602,Great American Ball Park,113,Cincinnati Reds,CIN,3,True,134,Pittsburgh Pirates,PIT,2,False,696149,Bubba Chandler,Roy,Chandler,36,2002-09-14,23,"6' 3""",206,1,Pitcher,S,Switch,R,Right,,,,,,,,,,,,,,,,,,,,,,,,,,
2026-07-30,824488,,/api/v1.1/game/824488/feed/live,R,2026,2026-07-30,,night,P,N,N,Regular Season,1,4,1,Final,Final,2602,Great American Ball Park,113,Cincinnati Reds,CIN,3,True,134,Pittsburgh Pirates,PIT,2,False,695257,Billy Cook,William,Cook,25,1999-01-07,27,"6' 0""",204,8,Outfielder,R,Right,R,Right,0-0,,0,0,0,0,0,0,0,0,0,0,0,0,0,0,,,,,,,,,,
2026-07-30,824488,,/api/v1.1/game/824488/feed/live,R,2026,2026-07-30,,night,P,N,N,Regular Season,1,4,1,Final,Final,2602,Great American Ball Park,113,Cincinnati Reds,CIN,3,True,134,Pittsburgh Pirates,PIT,2,False,669387,Carmen Mlodzinski,Carmen,Mlodzinski,50,1999-02-19,27,"6' 2""",210,1,Pitcher,R,Right,R,Right,,,,,,,,,,,,,,,,,,,,,,,,,,
2026-07-30,824488,,/api/v1.1/game/824488/feed/live,R,2026,2026-07-30,,night,P,N,N,Regular Season,1,4,1,Final,Final,2602,Great American Ball Park,113,Cincinnati Reds,CIN,3,True,134,Pittsburgh Pirates,PIT,2,False,680779,Henry Davis,Henry,Davis,32,1999-09-21,26,"5' 11""",225,2,Catcher,R,Right,R,Right,,,,,,,,,,,,,,,,,,,,,,,,,,
2026-07-30,824488,,/api/v1.1/game/824488/feed/live,R,2026,2026-07-30,,night,P,N,N,Regular Season,1,4,1,Final,Final,2602,Great American Ball Park,113,Cincinnati Reds,CIN,3,True,134,Pittsburgh Pirates,PIT,2,False,668716,Noah Murdock,Noah,Murdock,58,1998-08-20,27,"6' 8""",234,1,Pitcher,R,Right,R,Right,"2.0 IP, 0 ER, 3 K, 3 BB",,,,,,,,,,,,,,,,2.0,0,2,0,3,3,45,0,0,0
2026-07-30,824488,,/api/v1.1/game/824488/feed/live,R,2026,2026-07-30,,night,P,N,N,Regular Season,1,4,1,Final,Final,2602,Great American Ball Park,113,Cincinnati Reds,CIN,3,True,134,Pittsburgh Pirates,PIT,2,False,696062,Wilber Dotel,Wilber,Dotel,66,2002-09-25,23,"6' 3""",238,1,Pitcher,R,Right,R,Right,,,,,,,,,,,,,,,,,,,,,,,,,,
2026-07-30,824488,,/api/v1.1/game/824488/feed/live,R,2026,2026-07-30,,night,P,N,N,Regular Season,1,4,1,Final,Final,2602,Great American Ball Park,113,Cincinnati Reds,CIN,3,True,134,Pittsburgh Pirates,PIT,2,False,682995,Hunter Barco,Hunter,Barco,45,2000-12-15,25,"6' 4""",229,1,Pitcher,L,Left,L,Left,"3.0 IP, 2 ER, 2 K, 3 BB",,,,,,,,,,,,,,,,3.0,2,5,0,2,3,72,0,0,0
2026-07-30,824488,,/api/v1.1/game/824488/feed/live,R,2026,2026-07-30,,night,P,N,N,Regular Season,1,4,1,Final,Final,2602,Great American Ball Park,113,Cincinnati Reds,CIN,3,True,134,Pittsburgh Pirates,PIT,2,False,676760,Ron Marinaccio,Ronald,Marinaccio,97,1995-07-01,31,"6' 2""",205,1,Pitcher,R,Right,R,Right,,,,,,,,,,,,,,,,,,,,,,,,,,
2026-07-30,824488,,/api/v1.1/game/824488/feed/live,R,2026,2026-07-30,,night,P,N,N,Regular Season,1,4,1,Final,Final,2602,Great American Ball Park,113,Cincinnati Reds,CIN,3,True,134,Pittsburgh Pirates,PIT,2,False,656811,Ryan O'Hearn,Ryan,O'Hearn,29,1993-07-26,33,"6' 2""",220,9,Outfielder,L,Left,L,Left,0-4 | K,,4,0,0,0,0,0,0,1,0,0,0,0,4,0,,,,,,,,,,
2026-07-30,824488,,/api/v1.1/game/824488/feed/live,R,2026,2026-07-30,,night,P,N,N,Regular Season,1,4,1,Final,Final,2602,Great American Ball Park,113,Cincinnati Reds,CIN,3,True,134,Pittsburgh Pirates,PIT,2,False,693304,Nick Gonzales,Nicholas,Gonzales,3,1999-05-27,27,"5' 8""",193,5,Third Base,R,Right,R,Right,"2-4 | 2B, R",,4,2,1,0,0,0,1,0,0,0,0,0,4,3,,,,,,,,,,
2026-07-30,824488,,/api/v1.1/game/824488/feed/live,R,2026,2026-07-30,,night,P,N,N,Regular Season,1,4,1,Final,Final,2602,Great American Ball Park,113,Cincinnati Reds,CIN,3,True,134,Pittsburgh Pirates,PIT,2,False,542303,Marcell Ozuna,Marcell,Ozuna,24,1990-11-12,35,"6' 1""",251,10,Designated Hitter,R,Right,R,Right,,,,,,,,,,,,,,,,,,,,,,,,,,
2026-07-30,824488,,/api/v1.1/game/824488/feed/live,R,2026,2026-07-30,,night,P,N,N,Regular Season,1,4,1,Final,Final,2602,Great American Ball Park,113,Cincinnati Reds,CIN,3,True,134,Pittsburgh Pirates,PIT,2,False,677952,Braxton Ashcraft,Braxton,Ashcraft,35,1999-10-05,26,"6' 5""",218,1,Pitcher,L,Left,R,Right,,,,,,,,,,,,,,,,,,,,,,,,,,
2026-07-30,823595,,/api/v1.1/game/823595/feed/live,R,2026,2026-07-30,,night,P,N,N,Regular Season,1,4,1,Final,Final,3289,Citi Field,121,New York Mets,NYM,4,True,146,Miami Marlins,MIA,2,False,620443,Luis Torrens,Luis,Torrens,13,1996-05-02,30,"5' 11""",217,2,Catcher,R,Right,R,Right,,,,,,,,,,,,,,,,,,,,,,,,,,
2026-07-30,823595,,/api/v1.1/game/823595/feed/live,R,2026,2026-07-30,,night,P,N,N,Regular Season,1,4,1,Final,Final,3289,Citi Field,121,New York Mets,NYM,4,True,146,Miami Marlins,MIA,2,False,666182,Bo Bichette,Bo,Bichette,19,1998-03-05,28,"5' 11""",190,5,Third Base,R,Right,R,Right,"2-4 | 2B, R",,4,2,1,0,0,0,1,0,0,0,0,0,4,3,,,,,,,,,,
2026-07-30,823595,,/api/v1.1/game/823595/feed/live,R,2026,2026-07-30,,night,P,N,N,Regular Season,1,4,1,Final,Final,3289,Citi Field,121,New York Mets,NYM,4,True,146,Miami Marlins,MIA,2,False,621438,Tyrone Taylor,Tyrone,Taylor,28,1994-01-22,32,"6' 0""",218,8,Outfielder,R,Right,R,Right,0-1 | K,,1,0,0,0,0,0,0,1,0,0,0,0,1,0,,,,,,,,,,
2026-07-30,823595,,/api/v1.1/game/823595/feed/live,R,2026,2026-07-30,,night,P,N,N,Regular Season,1,4,1,Final,Final,3289,Citi Field,121,New York Mets,NYM,4,True,146,Miami Marlins,MIA,2,False,682626,Francisco Alvarez,Francisco,Alvarez,4,2001-11-19,24,"5' 10""",233,2,Catcher,R,Right,R,Right,"0-1 | 2 BB, R",,1,0,0,0,0,0,1,0,2,0,0,0,3,0,,,,,,,,,,
2026-07-30,823595,,/api/v1.1/game/823595/feed/live,R,2026,2026-07-30,,night,P,N,N,Regular Season,1,4,1,Final,Final,3289,Citi Field,121,New York Mets,NYM,4,True,146,Miami Marlins,MIA,2,False,640455,Sean Manaea,Sean,Manaea,59,1992-02-01,34,"6' 5""",245,1,Pitcher,R,Right,L,Left,,,,,,,,,,,,,,,,,,,,,,,,,,
2026-07-30,823595,,/api/v1.1/game/823595/feed/live,R,2026,2026-07-30,,night,P,N,N,Regular Season,1,4,1,Final,Final,3289,Citi Field,121,New York Mets,NYM,4,True,146,Miami Marlins,MIA,2,False,683146,Brett Baty,Brett,Baty,7,1999-11-13,26,"6' 3""",210,5,Third Base,L,Left,R,Right,0-3 | K,,3,0,0,0,0,0,0,1,0,0,0,0,3,0,,,,,,,,,,
2026-07-30,823595,,/api/v1.1/game/823595/feed/live,R,2026,2026-07-30,,night,P,N,N,Regular Season,1,4,1,Final,Final,3289,Citi Field,121,New York Mets,NYM,4,True,146,Miami Marlins,MIA,2,False,623211,Huascar Brazobán,Huascar,Brazobán,43,1989-10-15,36,"6' 3""",155,1,Pitcher,R,Right,R,Right,,,,,,,,,,,,,,,,,,,,,,,,,,
2026-07-30,823595,,/api/v1.1/game/823595/feed/live,R,2026,2026-07-30,,night,P,N,N,Regular Season,1,4,1,Final,Final,3289,Citi Field,121,New York Mets,NYM,4,True,146,Miami Marlins,MIA,2,False,596133,Luke Weaver,Luke,Weaver,30,1993-08-21,32,"6' 2""",180,1,Pitcher,R,Right,R,Right,,,,,,,,,,,,,,,,,,,,,,,,,,
2026-07-30,823595,,/api/v1.1/game/823595/feed/live,R,2026,2026-07-30,,night,P,N,N,Regular Season,1,4,1,Final,Final,3289,Citi Field,121,New York Mets,NYM,4,True,146,Miami Marlins,MIA,2,False,701807,Carson Benge,Carson,Benge,3,2003-01-20,23,"6' 1""",184,9,Outfielder,L,Left,R,Right,"1-4 | 2 K, R, SB",,4,1,0,0,0,0,1,2,0,1,0,0,4,1,,,,,,,,,,
2026-07-30,823595,,/api/v1.1/game/823595/feed/live,R,2026,2026-07-30,,night,P,N,N,Regular Season,1,4,1,Final,Final,3289,Citi Field,121,New York Mets,NYM,4,True,146,Miami Marlins,MIA,2,False,676572,Eric Wagaman,Eric,Wagaman,39,1997-08-14,28,"6' 4""",210,3,First Base,R,Right,R,Right,,,,,,,,,,,,,,,,,,,,,,,,,,
2026-07-30,823595,,/api/v1.1/game/823595/feed/live,R,2026,2026-07-30,,night,P,N,N,Regular Season,1,4,1,Final,Final,3289,Citi Field,121,New York Mets,NYM,4,True,146,Miami Marlins,MIA,2,False,642207,Devin Williams,Devin,Williams,38,1994-09-21,31,"6' 2""",193,1,Pitcher,R,Right,R,Right,"1.0 IP, 0 ER, 2 K, BB",,,,,,,,,,,,,,,,1.0,0,0,0,2,1,17,0,0,1
2026-07-30,823595,,/api/v1.1/game/823595/feed/live,R,2026,2026-07-30,,night,P,N,N,Regular Season,1,4,1,Final,Final,3289,Citi Field,121,New York Mets,NYM,4,True,146,Miami Marlins,MIA,2,False,673540,Kodai Senga,Kodai,Senga,34,1993-01-30,33,"6' 1""",202,1,Pitcher,L,Left,R,Right,,,,,,,,,,,,,,,,,,,,,,,,,,
2026-07-30,823595,,/api/v1.1/game/823595/feed/live,R,2026,2026-07-30,,night,P,N,N,Regular Season,1,4,1,Final,Final,3289,Citi Field,121,New York Mets,NYM,4,True,146,Miami Marlins,MIA,2,False,650960,Daniel Duarte,Daniel,Duarte,54,1996-12-04,29,"6' 0""",235,1,Pitcher,R,Right,R,Right,,,,,,,,,,,,,,,,,,,,,,,,,,
2026-07-30,823595,,/api/v1.1/game/823595/feed/live,R,2026,2026-07-30,,night,P,N,N,Regular Season,1,4,1,Final,Final,3289,Citi Field,121,New York Mets,NYM,4,True,146,Miami Marlins,MIA,2,False,543760,Marcus Semien,Marcus,Semien,10,1990-09-17,35,"6' 0""",195,4,Second Base,R,Right,R,Right,1-3 | SB,,3,1,0,0,0,0,0,0,0,1,0,0,3,1,,,,,,,,,,
2026-07-30,823595,,/api/v1.1/game/823595/feed/live,R,2026,2026-07-30,,night,P,N,N,Regular Season,1,4,1,Final,Final,3289,Citi Field,121,New York Mets,NYM,4,True,146,Miami Marlins,MIA,2,False,672335,Cionel Pérez,Cionel,Pérez,52,1996-04-21,30,"6' 0""",175,1,Pitcher,R,Right,L,Left,,,,,,,,,,,,,,,,,,,,,,,,,,
2026-07-30,823595,,/api/v1.1/game/823595/feed/live,R,2026,2026-07-30,,night,P,N,N,Regular Season,1,4,1,Final,Final,3289,Citi Field,121,New York Mets,NYM,4,True,146,Miami Marlins,MIA,2,False,621345,A.J. Minter,Alex,Minter,33,1993-09-02,32,"6' 0""",215,1,Pitcher,L,Left,L,Left,,,,,,,,,,,,,,,,,,,,,,,,,,
2026-07-30,823595,,/api/v1.1/game/823595/feed/live,R,2026,2026-07-30,,night,P,N,N,Regular Season,1,4,1,Final,Final,3289,Citi Field,121,New York Mets,NYM,4,True,146,Miami Marlins,MIA,2,False,642547,Freddy Peralta,Freddy,Peralta,51,1996-06-04,30,"6' 0""",198,1,Pitcher,R,Right,R,Right,,,,,,,,,,,,,,,,,,,,,,,,,,
2026-07-30,823595,,/api/v1.1/game/823595/feed/live,R,2026,2026-07-30,,night,P,N,N,Regular Season,1,4,1,Final,Final,3289,Citi Field,121,New York Mets,NYM,4,True,146,Miami Marlins,MIA,2,False,596019,Francisco Lindor,Francisco,Lindor,12,1993-11-14,32,"5' 10""",190,6,Shortstop,S,Switch,R,Right,"1-4 | 2 K, RBI, R",,4,1,0,0,0,1,1,2,0,0,0,0,4,1,,,,,,,,,,
2026-07-30,823595,,/api/v1.1/game/823595/feed/live,R,2026,2026-07-30,,night,P,N,N,Regular Season,1,4,1,Final,Final,3289,Citi Field,121,New York Mets,NYM,4,True,146,Miami Marlins,MIA,2,False,681035,Christian Scott,Christian,Scott,45,1999-06-15,27,"6' 4""",215,1,Pitcher,R,Right,R,Right,,,,,,,,,,,,,,,,,,,,,,,,,,
2026-07-30,823595,,/api/v1.1/game/823595/feed/live,R,2026,2026-07-30,,night,P,N,N,Regular Season,1,4,1,Final,Final,3289,Citi Field,121,New York Mets,NYM,4,True,146,Miami Marlins,MIA,2,False,548384,Brooks Raley,Brooks,Raley,25,1988-06-29,38,"6' 3""",200,1,Pitcher,L,Left,L,Left,"1.2 IP, 0 ER, K, 0 BB",,,,,,,,,,,,,,,,1.2,0,1,0,1,0,14,1,0,0
2026-07-30,823595,,/api/v1.1/game/823595/feed/live,R,2026,2026-07-30,,night,P,N,N,Regular Season,1,4,1,Final,Final,3289,Citi Field,121,New York Mets,NYM,4,True,146,Miami Marlins,MIA,2,False,593871,Jorge Polanco,Jorge,Polanco,11,1993-07-05,33,"6' 0""",208,10,Designated Hitter,S,Switch,R,Right,0-3,,3,0,0,0,0,0,0,0,0,0,0,0,3,0,,,,,,,,,,
2026-07-30,823595,,/api/v1.1/game/823595/feed/live,R,2026,2026-07-30,,night,P,N,N,Regular Season,1,4,1,Final,Final,3289,Citi Field,121,New York Mets,NYM,4,True,146,Miami Marlins,MIA,2,False,690997,Nolan McLean,Nolan,McLean,26,2001-07-24,25,"6' 2""",214,1,Pitcher,R,Right,R,Right,"6.1 IP, 2 ER, 6 K, 2 BB",,,,,,,,,,,,,,,,6.1,2,6,2,6,2,99,0,0,0
2026-07-30,823595,,/api/v1.1/game/823595/feed/live,R,2026,2026-07-30,,night,P,N,N,Regular Season,1,4,1,Final,Final,3289,Citi Field,121,New York Mets,NYM,4,True,146,Miami Marlins,MIA,2,False,804267,Zac Thornton,Zachary,Thornton,49,2002-01-17,24,"6' 3""",170,1,Pitcher,L,Left,L,Left,,,,,,,,,,,,,,,,,,,,,,,,,,
2026-07-30,823595,,/api/v1.1/game/823595/feed/live,R,2026,2026-07-30,,night,P,N,N,Regular Season,1,4,1,Final,Final,3289,Citi Field,121,New York Mets,NYM,4,True,146,Miami Marlins,MIA,2,False,673357,Luis Robert Jr.,Luis,Robert,88,1997-08-03,28,"6' 2""",225,8,Outfielder,R,Right,R,Right,1-4 | 2 RBI,,4,1,0,0,0,2,0,0,0,0,0,0,4,1,,,,,,,,,,
2026-07-30,823595,,/api/v1.1/game/823595/feed/live,R,2026,2026-07-30,,night,P,N,N,Regular Season,1,4,1,Final,Final,3289,Citi Field,121,New York Mets,NYM,4,True,146,Miami Marlins,MIA,2,False,676724,Jared Young,Jared,Young,29,1995-07-09,31,"6' 2""",200,3,First Base,L,Left,R,Right,0-0,,0,0,0,0,0,0,0,0,0,0,0,0,0,0,,,,,,,,,,
2026-07-30,823595,,/api/v1.1/game/823595/feed/live,R,2026,2026-07-30,,night,P,N,N,Regular Season,1,4,1,Final,Final,3289,Citi Field,121,New York Mets,NYM,4,True,146,Miami Marlins,MIA,2,False,805999,A.J. Ewing,Andrew,Ewing,9,2004-08-10,21,"5' 10""",160,8,Outfielder,L,Left,R,Right,0-4 | 2 K,,4,0,0,0,0,0,0,2,0,0,0,0,4,0,,,,,,,,,,
2026-07-30,823595,,/api/v1.1/game/823595/feed/live,R,2026,2026-07-30,,night,P,N,N,Regular Season,1,4,1,Final,Final,3289,Citi Field,121,New York Mets,NYM,4,True,146,Miami Marlins,MIA,2,False,676604,Tyler Zuber,Tyler,Zuber,55,1995-06-16,31,"5' 11""",195,1,Pitcher,R,Right,R,Right,,,,,,,,,,,,,,,,,,,,,,,,,,
2026-07-30,823595,,/api/v1.1/game/823595/feed/live,R,2026,2026-07-30,,night,P,N,N,Regular Season,1,4,1,Final,Final,3289,Citi Field,121,New York Mets,NYM,4,True,146,Miami Marlins,MIA,2,False,669199,Lake Bachar,Lake,Bachar,84,1995-06-03,31,"6' 2""",219,1,Pitcher,R,Right,R,Right,"1.0 IP, 0 ER, 0 K, 0 BB",,,,,,,,,,,,,,,,1.0,0,0,0,0,0,10,0,0,0
2026-07-30,823595,,/api/v1.1/game/823595/feed/live,R,2026,2026-07-30,,night,P,N,N,Regular Season,1,4,1,Final,Final,3289,Citi Field,121,New York Mets,NYM,4,True,146,Miami Marlins,MIA,2,False,665052,Griffin Conine,Griffin,Conine,18,1997-07-11,29,"6' 1""",210,9,Outfielder,L,Left,R,Right,0-4 | 3 K,,4,0,0,0,0,0,0,3,0,0,0,0,4,0,,,,,,,,,,
2026-07-30,823595,,/api/v1.1/game/823595/feed/live,R,2026,2026-07-30,,night,P,N,N,Regular Season,1,4,1,Final,Final,3289,Citi Field,121,New York Mets,NYM,4,True,146,Miami Marlins,MIA,2,False,681715,Heriberto Hernández,Heriberto,Hernandez,13,1999-12-16,26,"5' 11""",195,7,Outfielder,R,Right,R,Right,"0-3 | BB, 2 K",,3,0,0,0,0,0,0,2,1,0,0,0,4,0,,,,,,,,,,
2026-07-30,823595,,/api/v1.1/game/823595/feed/live,R,2026,2026-07-30,,night,P,N,N,Regular Season,1,4,1,Final,Final,3289,Citi Field,121,New York Mets,NYM,4,True,146,Miami Marlins,MIA,2,False,664126,Pete Fairbanks,Peter,Fairbanks,29,1993-12-16,32,"6' 6""",235,1,Pitcher,R,Right,R,Right,,,,,,,,,,,,,,,,,,,,,,,,,,
2026-07-30,823595,,/api/v1.1/game/823595/feed/live,R,2026,2026-07-30,,night,P,N,N,Regular Season,1,4,1,Final,Final,3289,Citi Field,121,New York Mets,NYM,4,True,146,Miami Marlins,MIA,2,False,645261,Sandy Alcantara,Sandy,Alcantara,22,1995-09-07,30,"6' 5""",200,1,Pitcher,R,Right,R,Right,,,,,,,,,,,,,,,,,,,,,,,,,,
2026-07-30,823595,,/api/v1.1/game/823595/feed/live,R,2026,2026-07-30,,night,P,N,N,Regular Season,1,4,1,Final,Final,3289,Citi Field,121,New York Mets,NYM,4,True,146,Miami Marlins,MIA,2,False,663969,Tyler Phillips,Tyler,Phillips,30,1997-10-27,28,"6' 5""",225,1,Pitcher,R,Right,R,Right,,,,,,,,,,,,,,,,,,,,,,,,,,
2026-07-30,823595,,/api/v1.1/game/823595/feed/live,R,2026,2026-07-30,,night,P,N,N,Regular Season,1,4,1,Final,Final,3289,Citi Field,121,New York Mets,NYM,4,True,146,Miami Marlins,MIA,2,False,665923,Esteury Ruiz,Esteury,Ruiz,3,1999-02-15,27,"5' 11""",169,9,Outfielder,R,Right,R,Right,0-0,,0,0,0,0,0,0,0,0,0,0,0,0,0,0,,,,,,,,,,
2026-07-30,823595,,/api/v1.1/game/823595/feed/live,R,2026,2026-07-30,,night,P,N,N,Regular Season,1,4,1,Final,Final,3289,Citi Field,121,New York Mets,NYM,4,True,146,Miami Marlins,MIA,2,False,805300,Jakob Marsee,Jakob,Marsee,87,2001-06-28,25,"6' 0""",180,8,Outfielder,L,Left,L,Left,"1-4 | HR, 2 K, RBI",,4,1,0,0,1,1,1,2,0,0,0,0,4,4,,,,,,,,,,
2026-07-30,823595,,/api/v1.1/game/823595/feed/live,R,2026,2026-07-30,,night,P,N,N,Regular Season,1,4,1,Final,Final,3289,Citi Field,121,New York Mets,NYM,4,True,146,Miami Marlins,MIA,2,False,676534,Calvin Faucher,Calvin,Faucher,53,1995-09-22,30,"6' 1""",190,1,Pitcher,R,Right,R,Right,,,,,,,,,,,,,,,,,,,,,,,,,,
2026-07-30,823595,,/api/v1.1/game/823595/feed/live,R,2026,2026-07-30,,night,P,N,N,Regular Season,1,4,1,Final,Final,3289,Citi Field,121,New York Mets,NYM,4,True,146,Miami Marlins,MIA,2,False,691594,Javier Sanoja,Javier,Sanoja,8,2002-09-03,23,"5' 7""",150,5,Third Base,R,Right,R,Right,0-1,,1,0,0,0,0,0,0,0,0,0,0,0,1,0,,,,,,,,,,
2026-07-30,823595,,/api/v1.1/game/823595/feed/live,R,2026,2026-07-30,,night,P,N,N,Regular Season,1,4,1,Final,Final,3289,Citi Field,121,New York Mets,NYM,4,True,146,Miami Marlins,MIA,2,False,667463,John King,John,King,47,1994-09-14,31,"6' 2""",215,1,Pitcher,L,Left,L,Left,"0.1 IP, 0 ER, K, 0 BB",,,,,,,,,,,,,,,,0.1,0,0,0,1,0,8,0,0,0
2026-07-30,823595,,/api/v1.1/game/823595/feed/live,R,2026,2026-07-30,,night,P,N,N,Regular Season,1,4,1,Final,Final,3289,Citi Field,121,New York Mets,NYM,4,True,146,Miami Marlins,MIA,2,False,806188,Cade Gibson,Cade,Gibson,58,1998-02-18,28,"6' 2""",195,1,Pitcher,L,Left,L,Left,,,,,,,,,,,,,,,,,,,,,,,,,,
2026-07-30,823595,,/api/v1.1/game/823595/feed/live,R,2026,2026-07-30,,night,P,N,N,Regular Season,1,4,1,Final,Final,3289,Citi Field,121,New York Mets,NYM,4,True,146,Miami Marlins,MIA,2,False,687473,Ryan Gusto,Ryan,Gusto,65,1999-03-11,27,"6' 4""",232,1,Pitcher,R,Right,R,Right,,,,,,,,,,,,,,,,,,,,,,,,,,
2026-07-30,823595,,/api/v1.1/game/823595/feed/live,R,2026,2026-07-30,,night,P,N,N,Regular Season,1,4,1,Final,Final,3289,Citi Field,121,New York Mets,NYM,4,True,146,Miami Marlins,MIA,2,False,669364,Xavier Edwards,Xavier,Edwards,9,1999-08-09,26,"5' 9""",175,4,Second Base,S,Switch,R,Right,1-3 | K,,3,1,0,0,0,0,0,1,0,0,0,0,4,1,,,,,,,,,,
2026-07-30,823595,,/api/v1.1/game/823595/feed/live,R,2026,2026-07-30,,night,P,N,N,Regular Season,1,4,1,Final,Final,3289,Citi Field,121,New York Mets,NYM,4,True,146,Miami Marlins,MIA,2,False,669065,Kyle Stowers,Kyle,Stowers,28,1998-01-02,28,"6' 2""",215,3,First Base,L,Left,L,Left,"1-3 | HR, BB, RBI",,3,1,0,0,1,1,1,0,1,0,0,0,4,4,,,,,,,,,,
2026-07-30,823595,,/api/v1.1/game/823595/feed/live,R,2026,2026-07-30,,night,P,N,N,Regular Season,1,4,1,Final,Final,3289,Citi Field,121,New York Mets,NYM,4,True,146,Miami Marlins,MIA,2,False,688363,Graham Pauley,Graham,Pauley,21,2000-09-24,25,"6' 1""",200,5,Third Base,L,Left,R,Right,2-3,,3,2,0,0,0,0,0,0,0,0,0,0,3,2,,,,,,,,,,
2026-07-30,823595,,/api/v1.1/game/823595/feed/live,R,2026,2026-07-30,,night,P,N,N,Regular Season,1,4,1,Final,Final,3289,Citi Field,121,New York Mets,NYM,4,True,146,Miami Marlins,MIA,2,False,656848,Michael Petersen,Michael,Petersen,49,1994-05-16,32,"6' 7""",195,1,Pitcher,R,Right,R,Right,"0.2 IP, 2 ER, K, 0 BB",,,,,,,,,,,,,,,,0.2,2,3,0,1,0,28,0,1,0
2026-07-30,823595,,/api/v1.1/game/823595/feed/live,R,2026,2026-07-30,,night,P,N,N,Regular Season,1,4,1,Final,Final,3289,Citi Field,121,New York Mets,NYM,4,True,146,Miami Marlins,MIA,2,False,689414,Liam Hicks,Liam,Hicks,34,1999-06-02,27,"5' 9""",185,2,Catcher,L,Left,R,Right,2-3 | BB,,3,2,0,0,0,0,0,0,1,0,0,0,4,2,,,,,,,,,,
2026-07-30,823595,,/api/v1.1/game/823595/feed/live,R,2026,2026-07-30,,night,P,N,N,Regular Season,1,4,1,Final,Final,3289,Citi Field,121,New York Mets,NYM,4,True,146,Miami Marlins,MIA,2,False,677870,Leo Jiménez,Leonardo,Jimenez,19,2001-05-17,25,"5' 10""",215,5,Third Base,R,Right,R,Right,,,,,,,,,,,,,,,,,,,,,,,,,,
2026-07-30,823595,,/api/v1.1/game/823595/feed/live,R,2026,2026-07-30,,night,P,N,N,Regular Season,1,4,1,Final,Final,3289,Citi Field,121,New York Mets,NYM,4,True,146,Miami Marlins,MIA,2,False,676083,Janson Junk,Janson,Junk,26,1996-01-15,30,"6' 2""",197,1,Pitcher,R,Right,R,Right,,,,,,,,,,,,,,,,,,,,,,,,,,
2026-07-30,823595,,/api/v1.1/game/823595/feed/live,R,2026,2026-07-30,,night,P,N,N,Regular Season,1,4,1,Final,Final,3289,Citi Field,121,New York Mets,NYM,4,True,146,Miami Marlins,MIA,2,False,690978,Dax Fulton,Daxton,Fulton,90,2001-10-16,24,"6' 7""",245,1,Pitcher,L,Left,L,Left,,,,,,,,,,,,,,,,,,,,,,,,,,
2026-07-30,823595,,/api/v1.1/game/823595/feed/live,R,2026,2026-07-30,,night,P,N,N,Regular Season,1,4,1,Final,Final,3289,Citi Field,121,New York Mets,NYM,4,True,146,Miami Marlins,MIA,2,False,640459,Brian Navarreto,Brian,Navarreto,64,1994-12-29,31,"6' 1""",233,2,Catcher,R,Right,R,Right,,,,,,,,,,,,,,,,,,,,,,,,,,
2026-07-30,823595,,/api/v1.1/game/823595/feed/live,R,2026,2026-07-30,,night,P,N,N,Regular Season,1,4,1,Final,Final,3289,Citi Field,121,New York Mets,NYM,4,True,146,Miami Marlins,MIA,2,False,691788,Joe Mack,Joseph,Mack,80,2002-12-27,23,"6' 0""",210,2,Catcher,L,Left,R,Right,0-3,,3,0,0,0,0,0,0,0,0,0,0,0,3,0,,,,,,,,,,
2026-07-30,823595,,/api/v1.1/game/823595/feed/live,R,2026,2026-07-30,,night,P,N,N,Regular Season,1,4,1,Final,Final,3289,Citi Field,121,New York Mets,NYM,4,True,146,Miami Marlins,MIA,2,False,691587,Eury Pérez,Eury,Pérez,39,2003-04-15,23,"6' 8""",220,1,Pitcher,R,Right,R,Right,"6.0 IP, ER, 6 K, 2 BB",,,,,,,,,,,,,,,,6.0,1,3,0,6,2,97,0,0,0
2026-07-30,823595,,/api/v1.1/game/823595/feed/live,R,2026,2026-07-30,,night,P,N,N,Regular Season,1,4,1,Final,Final,3289,Citi Field,121,New York Mets,NYM,4,True,146,Miami Marlins,MIA,2,False,672640,Otto Lopez,Otto,Lopez,6,1998-10-01,27,"5' 10""",185,6,Shortstop,R,Right,R,Right,0-4 | K,,4,0,0,0,0,0,0,1,0,0,0,0,4,0,,,,,,,,,,
2026-07-30,824894,,/api/v1.1/game/824894/feed/live,R,2026,2026-07-30,,night,P,N,N,Regular Season,1,4,1,Final,Final,4705,Truist Park,144,Atlanta Braves,ATL,5,True,120,Washington Nationals,WSH,4,False,689266,Dylan Dodd,Dylan,Dodd,46,1998-06-06,28,"6' 2""",210,1,Pitcher,L,Left,L,Left,,,,,,,,,,,,,,,,,,,,,,,,,,
2026-07-30,824894,,/api/v1.1/game/824894/feed/live,R,2026,2026-07-30,,night,P,N,N,Regular Season,1,4,1,Final,Final,4705,Truist Park,144,Atlanta Braves,ATL,5,True,120,Washington Nationals,WSH,4,False,669276,Dylan Lee,Dylan,Lee,52,1994-08-01,31,"6' 3""",214,1,Pitcher,L,Left,L,Left,"1.1 IP, 0 ER, K, 0 BB",,,,,,,,,,,,,,,,1.1,0,0,0,1,0,20,0,0,0
2026-07-30,824894,,/api/v1.1/game/824894/feed/live,R,2026,2026-07-30,,night,P,N,N,Regular Season,1,4,1,Final,Final,4705,Truist Park,144,Atlanta Braves,ATL,5,True,120,Washington Nationals,WSH,4,False,671739,Michael Harris II,Michael,Harris,23,2001-03-07,25,"5' 11""",195,8,Outfielder,L,Left,L,Left,0-4 | K,,4,0,0,0,0,0,0,1,0,0,0,0,4,0,,,,,,,,,,
2026-07-30,824894,,/api/v1.1/game/824894/feed/live,R,2026,2026-07-30,,night,P,N,N,Regular Season,1,4,1,Final,Final,4705,Truist Park,144,Atlanta Braves,ATL,5,True,120,Washington Nationals,WSH,4,False,663698,Joey Bart,Joseph,Bart,16,1996-12-15,29,"6' 2""",242,2,Catcher,R,Right,R,Right,,,,,,,,,,,,,,,,,,,,,,,,,,
2026-07-30,824894,,/api/v1.1/game/824894/feed/live,R,2026,2026-07-30,,night,P,N,N,Regular Season,1,4,1,Final,Final,4705,Truist Park,144,Atlanta Braves,ATL,5,True,120,Washington Nationals,WSH,4,False,682989,Victor Mederos,Victor,Mederos,58,2001-06-08,25,"6' 2""",222,1,Pitcher,R,Right,R,Right,"1.0 IP, ER, 0 K, BB",,,,,,,,,,,,,,,,1.0,1,1,0,0,1,17,1,0,0
2026-07-30,824894,,/api/v1.1/game/824894/feed/live,R,2026,2026-07-30,,night,P,N,N,Regular Season,1,4,1,Final,Final,4705,Truist Park,144,Atlanta Braves,ATL,5,True,120,Washington Nationals,WSH,4,False,622761,Jorge Mateo,Jorge,Mateo,2,1995-06-23,31,"6' 0""",200,6,Shortstop,R,Right,R,Right,,,,,,,,,,,,,,,,,,,,,,,,,,
2026-07-30,824894,,/api/v1.1/game/824894/feed/live,R,2026,2026-07-30,,night,P,N,N,Regular Season,1,4,1,Final,Final,4705,Truist Park,144,Atlanta Braves,ATL,5,True,120,Washington Nationals,WSH,4,False,643289,Mauricio Dubón,Mauricio,Dubón,14,1994-07-19,32,"5' 11""",173,7,Outfielder,R,Right,R,Right,0-3,,3,0,0,0,0,0,0,0,0,0,0,0,3,0,,,,,,,,,,
2026-07-30,824894,,/api/v1.1/game/824894/feed/live,R,2026,2026-07-30,,night,P,N,N,Regular Season,1,4,1,Final,Final,4705,Truist Park,144,Atlanta Braves,ATL,5,True,120,Washington Nationals,WSH,4,False,800311,Didier Fuentes,Didier,Fuentes,72,2005-06-17,21,"6' 0""",170,1,Pitcher,R,Right,R,Right,,,,,,,,,,,,,,,,,,,,,,,,,,
2026-07-30,824894,,/api/v1.1/game/824894/feed/live,R,2026,2026-07-30,,night,P,N,N,Regular Season,1,4,1,Final,Final,4705,Truist Park,144,Atlanta Braves,ATL,5,True,120,Washington Nationals,WSH,4,False,686948,Drake Baldwin,Drake,Baldwin,30,2001-03-28,25,"6' 0""",225,2,Catcher,L,Left,R,Right,"0-3 | BB, R",,3,0,0,0,0,0,1,0,1,0,0,0,4,0,,,,,,,,,,
2026-07-30,824894,,/api/v1.1/game/824894/feed/live,R,2026,2026-07-30,,night,P,N,N,Regular Season,1,4,1,Final,Final,4705,Truist Park,144,Atlanta Braves,ATL,5,True,120,Washington Nationals,WSH,4,False,519242,Chris Sale,Christopher,Sale,51,1989-03-30,37,"6' 6""",180,1,Pitcher,L,Left,L,Left,,,,,,,,,,,,,,,,,,,,,,,,,,
2026-07-30,824894,,/api/v1.1/game/824894/feed/live,R,2026,2026-07-30,,night,P,N,N,Regular Season,1,4,1,Final,Final,4705,Truist Park,144,Atlanta Braves,ATL,5,True,120,Washington Nationals,WSH,4,False,805347,Jim Jarvis,James,Jarvis,74,2000-11-06,25,"5' 9""",190,6,Shortstop,L,Left,R,Right,0-2 | BB,,2,0,0,0,0,0,0,0,1,0,0,0,3,0,,,,,,,,,,
2026-07-30,824894,,/api/v1.1/game/824894/feed/live,R,2026,2026-07-30,,night,P,N,N,Regular Season,1,4,1,Final,Final,4705,Truist Park,144,Atlanta Braves,ATL,5,True,120,Washington Nationals,WSH,4,False,621566,Matt Olson,Matthew,Olson,28,1994-03-29,32,"6' 4""",225,3,First Base,L,Left,R,Right,0-4 | K,,4,0,0,0,0,0,0,1,0,0,0,0,4,0,,,,,,,,,,
2026-07-30,824894,,/api/v1.1/game/824894/feed/live,R,2026,2026-07-30,,night,P,N,N,Regular Season,1,4,1,Final,Final,4705,Truist Park,144,Atlanta Braves,ATL,5,True,120,Washington Nationals,WSH,4,False,642086,Dominic Smith,Dominic,Smith,8,1995-06-15,31,"5' 11""",224,10,Designated Hitter,L,Left,L,Left,1-3 | R,,3,1,0,0,0,0,1,0,0,0,0,0,3,1,,,,,,,,,,
2026-07-30,824894,,/api/v1.1/game/824894/feed/live,R,2026,2026-07-30,,night,P,N,N,Regular Season,1,4,1,Final,Final,4705,Truist Park,144,Atlanta Braves,ATL,5,True,120,Washington Nationals,WSH,4,False,660670,Ronald Acuña Jr.,Ronald,Acuña,13,1997-12-18,28,"6' 0""",205,9,Outfielder,R,Right,R,Right,"1-3 | HR, BB, K",,3,1,0,0,1,1,2,1,1,0,0,0,4,4,,,,,,,,,,
2026-07-30,824894,,/api/v1.1/game/824894/feed/live,R,2026,2026-07-30,,night,P,N,N,Regular Season,1,4,1,Final,Final,4705,Truist Park,144,Atlanta Braves,ATL,5,True,120,Washington Nationals,WSH,4,False,641755,Tyler Kinley,Tyler,Kinley,45,1991-01-31,35,"6' 4""",220,1,Pitcher,R,Right,R,Right,,,,,,,,,,,,,,,,,,,,,,,,,,
2026-07-30,824894,,/api/v1.1/game/824894/feed/live,R,2026,2026-07-30,,night,P,N,N,Regular Season,1,4,1,Final,Final,4705,Truist Park,144,Atlanta Braves,ATL,5,True,120,Washington Nationals,WSH,4,False,625643,Reynaldo López,Reynaldo,López,40,1994-01-04,32,"6' 1""",225,1,Pitcher,R,Right,R,Right,,,,,,,,,,,,,,,,,,,,,,,,,,
2026-07-30,824894,,/api/v1.1/game/824894/feed/live,R,2026,2026-07-30,,night,P,N,N,Regular Season,1,4,1,Final,Final,4705,Truist Park,144,Atlanta Braves,ATL,5,True,120,Washington Nationals,WSH,4,False,642201,Eli White,Elijah,White,36,1994-06-26,32,"6' 2""",195,9,Outfielder,R,Right,R,Right,0-1,,1,0,0,0,0,0,0,0,0,0,0,0,1,0,,,,,,,,,,
2026-07-30,824894,,/api/v1.1/game/824894/feed/live,R,2026,2026-07-30,,night,P,N,N,Regular Season,1,4,1,Final,Final,4705,Truist Park,144,Atlanta Braves,ATL,5,True,120,Washington Nationals,WSH,4,False,622694,Elieser Hernández,Elieser,Hernández,57,1995-05-03,31,"6' 1""",214,1,Pitcher,R,Right,R,Right,,,,,,,,,,,,,,,,,,,,,,,,,,
2026-07-30,824894,,/api/v1.1/game/824894/feed/live,R,2026,2026-07-30,,night,P,N,N,Regular Season,1,4,1,Final,Final,4705,Truist Park,144,Atlanta Braves,ATL,5,True,120,Washington Nationals,WSH,4,False,645277,Ozzie Albies,Ozhaino,Albies,1,1997-01-07,29,"5' 7""",165,4,Second Base,S,Switch,R,Right,1-3 | 2 RBI,,3,1,0,0,0,2,0,0,0,0,0,0,3,1,,,,,,,,,,
2026-07-30,824894,,/api/v1.1/game/824894/feed/live,R,2026,2026-07-30,,night,P,N,N,Regular Season,1,4,1,Final,Final,4705,Truist Park,144,Atlanta Braves,ATL,5,True,120,Washington Nationals,WSH,4,False,628452,Raisel Iglesias,Raisel,Iglesias,26,1990-01-04,36,"6' 2""",190,1,Pitcher,R,Right,R,Right,"1.0 IP, 0 ER, 0 K, BB",,,,,,,,,,,,,,,,1.0,0,0,0,0,1,15,0,0,1
2026-07-30,824894,,/api/v1.1/game/824894/feed/live,R,2026,2026-07-30,,night,P,N,N,Regular Season,1,4,1,Final,Final,4705,Truist Park,144,Atlanta Braves,ATL,5,True,120,Washington Nationals,WSH,4,False,663586,Austin Riley,Michael,Riley,27,1997-04-02,29,"6' 1""",225,5,Third Base,R,Right,R,Right,,,,,,,,,,,,,,,,,,,,,,,,,,
2026-07-30,824894,,/api/v1.1/game/824894/feed/live,R,2026,2026-07-30,,night,P,N,N,Regular Season,1,4,1,Final,Final,4705,Truist Park,144,Atlanta Braves,ATL,5,True,120,Washington Nationals,WSH,4,False,664849,Danny Young,Daniel,Young,63,1994-05-27,32,"6' 3""",200,1,Pitcher,L,Left,L,Left,"1.0 IP, 0 ER, K, 0 BB",,,,,,,,,,,,,,,,1.0,0,1,0,1,0,17,0,0,0
2026-07-30,824894,,/api/v1.1/game/824894/feed/live,R,2026,2026-07-30,,night,P,N,N,Regular Season,1,4,1,Final,Final,4705,Truist Park,144,Atlanta Braves,ATL,5,True,120,Washington Nationals,WSH,4,False,656550,Grant Holmes,Harrison,Holmes,66,1996-03-22,30,"6' 0""",226,1,Pitcher,L,Left,R,Right,"4.2 IP, 3 ER, 4 K, 2 BB",,,,,,,,,,,,,,,,4.2,3,5,3,4,2,69,0,0,0
2026-07-30,824894,,/api/v1.1/game/824894/feed/live,R,2026,2026-07-30,,night,P,N,N,Regular Season,1,4,1,Final,Final,4705,Truist Park,144,Atlanta Braves,ATL,5,True,120,Washington Nationals,WSH,4,False,573262,Mike Yastrzemski,Michael,Yastrzemski,18,1990-08-23,35,"5' 10""",180,7,Outfielder,L,Left,L,Left,"1-2 | HR, 2 RBI, R",,2,1,0,0,1,2,1,0,0,0,0,0,2,4,,,,,,,,,,
2026-07-30,824894,,/api/v1.1/game/824894/feed/live,R,2026,2026-07-30,,night,P,N,N,Regular Season,1,4,1,Final,Final,4705,Truist Park,144,Atlanta Braves,ATL,5,True,120,Washington Nationals,WSH,4,False,693821,Bryce Elder,Bryce,Elder,55,1999-05-19,27,"6' 2""",220,1,Pitcher,R,Right,R,Right,,,,,,,,,,,,,,,,,,,,,,,,,,
2026-07-30,824894,,/api/v1.1/game/824894/feed/live,R,2026,2026-07-30,,night,P,N,N,Regular Season,1,4,1,Final,Final,4705,Truist Park,144,Atlanta Braves,ATL,5,True,120,Washington Nationals,WSH,4,False,527048,Martín Pérez,Martín,Pérez,33,1991-04-04,35,"6' 0""",210,1,Pitcher,L,Left,L,Left,,,,,,,,,,,,,,,,,,,,,,,,,,
2026-07-30,824894,,/api/v1.1/game/824894/feed/live,R,2026,2026-07-30,,night,P,N,N,Regular Season,1,4,1,Final,Final,4705,Truist Park,144,Atlanta Braves,ATL,5,True,120,Washington Nationals,WSH,4,False,691781,Brady House,Brady,House,12,2003-06-04,23,"6' 4""",208,5,Third Base,R,Right,R,Right,0-2,,2,0,0,0,0,0,0,0,0,0,0,0,2,0,,,,,,,,,,
2026-07-30,824894,,/api/v1.1/game/824894/feed/live,R,2026,2026-07-30,,night,P,N,N,Regular Season,1,4,1,Final,Final,4705,Truist Park,144,Atlanta Braves,ATL,5,True,120,Washington Nationals,WSH,4,False,682928,CJ Abrams,Paul,Abrams,5,2000-10-03,25,"6' 0""",191,6,Shortstop,L,Left,R,Right,0-4 | K,,4,0,0,0,0,0,0,1,0,0,0,0,4,0,,,,,,,,,,
2026-07-30,824894,,/api/v1.1/game/824894/feed/live,R,2026,2026-07-30,,night,P,N,N,Regular Season,1,4,1,Final,Final,4705,Truist Park,144,Atlanta Braves,ATL,5,True,120,Washington Nationals,WSH,4,False,683083,Nasim Nuñez,Nasim,Nuñez,26,2000-08-18,25,"5' 8""",165,4,Second Base,S,Switch,R,Right,"0-3 | BB, SB",,3,0,0,0,0,0,0,0,1,1,0,0,4,0,,,,,,,,,,
2026-07-30,824894,,/api/v1.1/game/824894/feed/live,R,2026,2026-07-30,,night,P,N,N,Regular Season,1,4,1,Final,Final,4705,Truist Park,144,Atlanta Braves,ATL,5,True,120,Washington Nationals,WSH,4,False,665953,Andrés Chaparro,Andrés,Chaparro,87,1999-05-04,27,"6' 0""",200,3,First Base,R,Right,R,Right,0-1,,1,0,0,0,0,0,0,0,0,0,0,0,1,0,,,,,,,,,,
2026-07-30,824894,,/api/v1.1/game/824894/feed/live,R,2026,2026-07-30,,night,P,N,N,Regular Season,1,4,1,Final,Final,4705,Truist Park,144,Atlanta Braves,ATL,5,True,120,Washington Nationals,WSH,4,False,683000,Riley Cornelio,Riley,Cornelio,74,2000-06-06,26,"6' 3""",195,1,Pitcher,R,Right,R,Right,"1.0 IP, 0 ER, 2 K, 0 BB",,,,,,,,,,,,,,,,1.0,0,0,0,2,0,9,0,0,0
2026-07-30,824894,,/api/v1.1/game/824894/feed/live,R,2026,2026-07-30,,night,P,N,N,Regular Season,1,4,1,Final,Final,4705,Truist Park,144,Atlanta Braves,ATL,5,True,120,Washington Nationals,WSH,4,False,571945,Miles Mikolas,Miles,Mikolas,36,1988-08-23,37,"6' 4""",230,1,Pitcher,R,Right,R,Right,,,,,,,,,,,,,,,,,,,,,,,,,,
2026-07-30,824894,,/api/v1.1/game/824894/feed/live,R,2026,2026-07-30,,night,P,N,N,Regular Season,1,4,1,Final,Final,4705,Truist Park,144,Atlanta Braves,ATL,5,True,120,Washington Nationals,WSH,4,False,678391,Jorbit Vivas,Jorbit,Vivas,84,2001-03-09,25,"5' 9""",171,5,Third Base,L,Left,R,Right,0-2,,2,0,0,0,0,0,0,0,0,0,0,0,2,0,,,,,,,,,,
2026-07-30,824894,,/api/v1.1/game/824894/feed/live,R,2026,2026-07-30,,night,P,N,N,Regular Season,1,4,1,Final,Final,4705,Truist Park,144,Atlanta Braves,ATL,5,True,120,Washington Nationals,WSH,4,False,687223,Carson Palmquist,Carson,Palmquist,51,2000-10-17,25,"6' 3""",206,1,Pitcher,L,Left,L,Left,"2.0 IP, 0 ER, 0 K, BB",,,,,,,,,,,,,,,,2.0,0,1,0,0,1,30,0,0,0
2026-07-30,824894,,/api/v1.1/game/824894/feed/live,R,2026,2026-07-30,,night,P,N,N,Regular Season,1,4,1,Final,Final,4705,Truist Park,144,Atlanta Braves,ATL,5,True,120,Washington Nationals,WSH,4,False,686611,Dylan Crews,Dylan,Crews,3,2002-02-26,24,"5' 11""",203,9,Outfielder,R,Right,R,Right,0-4 | 2 K,,4,0,0,0,0,0,0,2,0,0,0,0,4,0,,,,,,,,,,
2026-07-30,824894,,/api/v1.1/game/824894/feed/live,R,2026,2026-07-30,,night,P,N,N,Regular Season,1,4,1,Final,Final,4705,Truist Park,144,Atlanta Braves,ATL,5,True,120,Washington Nationals,WSH,4,False,592866,Trevor Williams,Trevor,Williams,32,1992-04-25,34,"6' 3""",231,1,Pitcher,R,Right,R,Right,,,,,,,,,,,,,,,,,,,,,,,,,,
2026-07-30,824894,,/api/v1.1/game/824894/feed/live,R,2026,2026-07-30,,night,P,N,N,Regular Season,1,4,1,Final,Final,4705,Truist Park,144,Atlanta Braves,ATL,5,True,120,Washington Nationals,WSH,4,False,668820,Max Kranick,Max,Kranick,35,1997-07-21,29,"6' 3""",220,1,Pitcher,R,Right,R,Right,,,,,,,,,,,,,,,,,,,,,,,,,,
2026-07-30,824894,,/api/v1.1/game/824894/feed/live,R,2026,2026-07-30,,night,P,N,N,Regular Season,1,4,1,Final,Final,4705,Truist Park,144,Atlanta Braves,ATL,5,True,120,Washington Nationals,WSH,4,False,690925,Clayton Beeter,Clayton,Beeter,39,1998-10-09,27,"6' 2""",220,1,Pitcher,R,Right,R,Right,,,,,,,,,,,,,,,,,,,,,,,,,,
2026-07-30,824894,,/api/v1.1/game/824894/feed/live,R,2026,2026-07-30,,night,P,N,N,Regular Season,1,4,1,Final,Final,4705,Truist Park,144,Atlanta Braves,ATL,5,True,120,Washington Nationals,WSH,4,False,695734,Daylen Lile,Daylen,Lile,4,2002-11-30,23,"5' 11""",195,7,Outfielder,L,Left,R,Right,"2-4 | 2 HR, 2 RBI, 2 R",,4,2,0,0,2,2,2,0,0,0,0,0,4,8,,,,,,,,,,
2026-07-30,824894,,/api/v1.1/game/824894/feed/live,R,2026,2026-07-30,,night,P,N,N,Regular Season,1,4,1,Final,Final,4705,Truist Park,144,Atlanta Braves,ATL,5,True,120,Washington Nationals,WSH,4,False,677588,José Tena,José,Tena,8,2001-03-20,25,"5' 10""",195,10,Designated Hitter,L,Left,R,Right,"2-4 | 2B, K",,4,2,1,0,0,0,0,1,0,0,0,0,4,3,,,,,,,,,,
2026-07-30,824894,,/api/v1.1/game/824894/feed/live,R,2026,2026-07-30,,night,P,N,N,Regular Season,1,4,1,Final,Final,4705,Truist Park,144,Atlanta Braves,ATL,5,True,120,Washington Nationals,WSH,4,False,695578,James Wood,James,Wood,29,2002-09-17,23,"6' 6""",234,9,Outfielder,L,Left,R,Right,"0-2 | 3 BB, R, SB",,2,0,0,0,0,0,1,0,3,1,0,0,5,0,,,,,,,,,,
2026-07-30,824894,,/api/v1.1/game/824894/feed/live,R,2026,2026-07-30,,night,P,N,N,Regular Season,1,4,1,Final,Final,4705,Truist Park,144,Atlanta Braves,ATL,5,True,120,Washington Nationals,WSH,4,False,676917,Cade Cavalli,Steven,Cavalli,24,1998-08-14,27,"6' 4""",223,1,Pitcher,R,Right,R,Right,,,,,,,,,,,,,,,,,,,,,,,,,,
2026-07-30,824894,,/api/v1.1/game/824894/feed/live,R,2026,2026-07-30,,night,P,N,N,Regular Season,1,4,1,Final,Final,4705,Truist Park,144,Atlanta Braves,ATL,5,True,120,Washington Nationals,WSH,4,False,695670,Harry Ford,Harrison,Ford,17,2003-02-21,23,"5' 10""",200,2,Catcher,R,Right,R,Right,0-0,,0,0,0,0,0,0,0,0,0,0,0,0,0,0,,,,,,,,,,
2026-07-30,824894,,/api/v1.1/game/824894/feed/live,R,2026,2026-07-30,,night,P,N,N,Regular Season,1,4,1,Final,Final,4705,Truist Park,144,Atlanta Braves,ATL,5,True,120,Washington Nationals,WSH,4,False,696285,Jacob Young,Jacob,Young,30,1999-07-27,27,"5' 11""",192,8,Outfielder,R,Right,R,Right,,,,,,,,,,,,,,,,,,,,,,,,,,
2026-07-30,824894,,/api/v1.1/game/824894/feed/live,R,2026,2026-07-30,,night,P,N,N,Regular Season,1,4,1,Final,Final,4705,Truist Park,144,Atlanta Braves,ATL,5,True,120,Washington Nationals,WSH,4,False,663623,Jake Irvin,Jacob,Irvin,27,1997-02-18,29,"6' 6""",234,1,Pitcher,R,Right,R,Right,"5.0 IP, 5 ER, K, 2 BB",,,,,,,,,,,,,,,,5.0,5,3,2,1,2,61,0,1,0
2026-07-30,824894,,/api/v1.1/game/824894/feed/live,R,2026,2026-07-30,,night,P,N,N,Regular Season,1,4,1,Final,Final,4705,Truist Park,144,Atlanta Braves,ATL,5,True,120,Washington Nationals,WSH,4,False,687377,Orlando Ribalta,Orlando,Ribalta,64,1998-03-05,28,"6' 7""",245,1,Pitcher,R,Right,R,Right,,,,,,,,,,,,,,,,,,,,,,,,,,
2026-07-30,824894,,/api/v1.1/game/824894/feed/live,R,2026,2026-07-30,,night,P,N,N,Regular Season,1,4,1,Final,Final,4705,Truist Park,144,Atlanta Braves,ATL,5,True,120,Washington Nationals,WSH,4,False,641793,Zack Littell,Zack,Littell,18,1995-10-05,30,"6' 4""",250,1,Pitcher,R,Right,R,Right,,,,,,,,,,,,,,,,,,,,,,,,,,
2026-07-30,824894,,/api/v1.1/game/824894/feed/live,R,2026,2026-07-30,,night,P,N,N,Regular Season,1,4,1,Final,Final,4705,Truist Park,144,Atlanta Braves,ATL,5,True,120,Washington Nationals,WSH,4,False,660688,Keibert Ruiz,Keibert,Ruiz,20,1998-07-20,28,"5' 11""",238,2,Catcher,S,Switch,R,Right,0-3 | K,,3,0,0,0,0,0,0,1,0,0,0,0,3,0,,,,,,,,,,
2026-07-30,824894,,/api/v1.1/game/824894/feed/live,R,2026,2026-07-30,,night,P,N,N,Regular Season,1,4,1,Final,Final,4705,Truist Park,144,Atlanta Braves,ATL,5,True,120,Washington Nationals,WSH,4,False,656492,Foster Griffin,Fred,Griffin,22,1995-07-27,31,"6' 3""",225,1,Pitcher,R,Right,L,Left,,,,,,,,,,,,,,,,,,,,,,,,,,
2026-07-30,824894,,/api/v1.1/game/824894/feed/live,R,2026,2026-07-30,,night,P,N,N,Regular Season,1,4,1,Final,Final,4705,Truist Park,144,Atlanta Braves,ATL,5,True,120,Washington Nationals,WSH,4,False,676680,Tom Cosgrove,Thomas,Cosgrove,34,1996-06-14,30,"6' 2""",190,1,Pitcher,L,Left,L,Left,,,,,,,,,,,,,,,,,,,,,,,,,,
2026-07-30,824894,,/api/v1.1/game/824894/feed/live,R,2026,2026-07-30,,night,P,N,N,Regular Season,1,4,1,Final,Final,4705,Truist Park,144,Atlanta Braves,ATL,5,True,120,Washington Nationals,WSH,4,False,678868,Eddy Yean,Eddy,Yean,46,2001-06-25,25,"6' 3""",265,1,Pitcher,R,Right,R,Right,,,,,,,,,,,,,,,,,,,,,,,,,,
2026-07-30,824894,,/api/v1.1/game/824894/feed/live,R,2026,2026-07-30,,night,P,N,N,Regular Season,1,4,1,Final,Final,4705,Truist Park,144,Atlanta Braves,ATL,5,True,120,Washington Nationals,WSH,4,False,671277,Luis García Jr.,Luis,García,2,2000-05-16,26,"6' 1""",216,3,First Base,L,Left,R,Right,"3-5 | HR, 3B, 2B",,5,3,1,1,1,2,1,1,0,0,0,0,5,9,,,,,,,,,,
2026-07-30,824974,,/api/v1.1/game/824974/feed/live,R,2026,2026-07-30,,night,P,N,N,Regular Season,4,4,1,Final,Final,2529,Sutter Health Park,133,Athletics,ATH,4,False,111,Boston Red Sox,BOS,5,True,671732,Lawrence Butler,Lawrence,Butler,4,2000-07-10,26,"6' 3""",210,9,Outfielder,L,Left,R,Right,"2-4 | 2 2B, K, RBI",,4,2,2,0,0,1,2,1,0,0,0,0,4,4,,,,,,,,,,
2026-07-30,824974,,/api/v1.1/game/824974/feed/live,R,2026,2026-07-30,,night,P,N,N,Regular Season,4,4,1,Final,Final,2529,Sutter Health Park,133,Athletics,ATH,4,False,111,Boston Red Sox,BOS,5,True,641680,Jonah Heim,Jonah,Heim,15,1995-06-27,31,"6' 4""",220,2,Catcher,S,Switch,R,Right,"2-4 | 2B, R",,4,2,1,0,0,0,1,0,0,0,0,0,4,3,,,,,,,,,,
2026-07-30,824974,,/api/v1.1/game/824974/feed/live,R,2026,2026-07-30,,night,P,N,N,Regular Season,4,4,1,Final,Final,2529,Sutter Health Park,133,Athletics,ATH,4,False,111,Boston Red Sox,BOS,5,True,695720,Tommy White,Thomas,White,47,2003-03-02,23,"6' 0""",220,5,Third Base,R,Right,R,Right,0-4,,4,0,0,0,0,0,0,0,0,0,0,1,4,0,,,,,,,,,,
2026-07-30,824974,,/api/v1.1/game/824974/feed/live,R,2026,2026-07-30,,night,P,N,N,Regular Season,4,4,1,Final,Final,2529,Sutter Health Park,133,Athletics,ATH,4,False,111,Boston Red Sox,BOS,5,True,622268,Donovan Walton,Donovan,Walton,29,1994-05-25,32,"5' 9""",190,5,Third Base,L,Left,R,Right,"1-3 | K, RBI",,3,1,0,0,0,1,0,1,0,0,0,0,3,1,,,,,,,,,,
2026-07-30,824974,,/api/v1.1/game/824974/feed/live,R,2026,2026-07-30,,night,P,N,N,Regular Season,4,4,1,Final,Final,2529,Sutter Health Park,133,Athletics,ATH,4,False,111,Boston Red Sox,BOS,5,True,643446,Jeff McNeil,Jeffrey,McNeil,22,1992-04-08,34,"6' 0""",195,4,Second Base,L,Left,R,Right,1-4,,4,1,0,0,0,0,0,0,0,0,0,0,4,1,,,,,,,,,,
2026-07-30,824974,,/api/v1.1/game/824974/feed/live,R,2026,2026-07-30,,night,P,N,N,Regular Season,4,4,1,Final,Final,2529,Sutter Health Park,133,Athletics,ATH,4,False,111,Boston Red Sox,BOS,5,True,686930,Mason Barnett,Mason,Barnett,63,2000-11-07,25,"6' 0""",218,1,Pitcher,R,Right,R,Right,"5.0 IP, 3 ER, 6 K, BB",,,,,,,,,,,,,,,,5.0,3,4,0,6,1,73,0,0,0
2026-07-30,824974,,/api/v1.1/game/824974/feed/live,R,2026,2026-07-30,,night,P,N,N,Regular Season,4,4,1,Final,Final,2529,Sutter Health Park,133,Athletics,ATH,4,False,111,Boston Red Sox,BOS,5,True,661531,Brian Serven,Brian,Serven,10,1995-05-05,31,"6' 0""",207,2,Catcher,R,Right,R,Right,0-0,,0,0,0,0,0,0,0,0,0,0,0,0,0,0,,,,,,,,,,
2026-07-30,824974,,/api/v1.1/game/824974/feed/live,R,2026,2026-07-30,,night,P,N,N,Regular Season,4,4,1,Final,Final,2529,Sutter Health Park,133,Athletics,ATH,4,False,111,Boston Red Sox,BOS,5,True,666126,Carlos Cortes,Carlos,Cortes,26,1997-06-30,29,"5' 7""",197,9,Outfielder,L,Left,S,Switch,"0-1 | BB, K, RBI",,1,0,0,0,0,1,1,1,1,0,0,0,3,0,,,,,,,,,,
2026-07-30,824974,,/api/v1.1/game/824974/feed/live,R,2026,2026-07-30,,night,P,N,N,Regular Season,4,4,1,Final,Final,2529,Sutter Health Park,133,Athletics,ATH,4,False,111,Boston Red Sox,BOS,5,True,660761,José Suarez,José,Suarez,54,1998-01-03,28,"5' 10""",225,1,Pitcher,L,Left,L,Left,,,,,,,,,,,,,,,,,,,,,,,,,,
2026-07-30,824974,,/api/v1.1/game/824974/feed/live,R,2026,2026-07-30,,night,P,N,N,Regular Season,4,4,1,Final,Final,2529,Sutter Health Park,133,Athletics,ATH,4,False,111,Boston Red Sox,BOS,5,True,656240,Scott Blewett,Scott,Blewett,49,1996-04-10,30,"6' 6""",245,1,Pitcher,R,Right,R,Right,"2.0 IP, 0 ER, K, 0 BB",,,,,,,,,,,,,,,,2.0,0,2,0,1,0,22,0,0,0
2026-07-30,824974,,/api/v1.1/game/824974/feed/live,R,2026,2026-07-30,,night,P,N,N,Regular Season,4,4,1,Final,Final,2529,Sutter Health Park,133,Athletics,ATH,4,False,111,Boston Red Sox,BOS,5,True,682052,Jacob Lopez,Jacob,Lopez,57,1998-03-11,28,"6' 4""",220,1,Pitcher,L,Left,L,Left,,,,,,,,,,,,,,,,,,,,,,,,,,
2026-07-30,824974,,/api/v1.1/game/824974/feed/live,R,2026,2026-07-30,,night,P,N,N,Regular Season,4,4,1,Final,Final,2529,Sutter Health Park,133,Athletics,ATH,4,False,111,Boston Red Sox,BOS,5,True,675961,Alika Williams,Alexander,Williams,12,1999-03-12,27,"6' 1""",183,6,Shortstop,R,Right,R,Right,1-1 | 2B,,1,1,1,0,0,0,0,0,0,0,0,0,1,2,,,,,,,,,,
2026-07-30,824974,,/api/v1.1/game/824974/feed/live,R,2026,2026-07-30,,night,P,N,N,Regular Season,4,4,1,Final,Final,2529,Sutter Health Park,133,Athletics,ATH,4,False,111,Boston Red Sox,BOS,5,True,691016,Tyler Soderstrom,Tyler,Soderstrom,21,2001-11-24,24,"6' 2""",200,7,Outfielder,L,Left,R,Right,0-4 | K,,4,0,0,0,0,0,0,1,0,0,0,1,4,0,,,,,,,,,,
2026-07-30,824974,,/api/v1.1/game/824974/feed/live,R,2026,2026-07-30,,night,P,N,N,Regular Season,4,4,1,Final,Final,2529,Sutter Health Park,133,Athletics,ATH,4,False,111,Boston Red Sox,BOS,5,True,669620,Brady Basso,Brady,Basso,66,1997-10-08,28,"6' 2""",213,1,Pitcher,R,Right,L,Left,,,,,,,,,,,,,,,,,,,,,,,,,,
2026-07-30,824974,,/api/v1.1/game/824974/feed/live,R,2026,2026-07-30,,night,P,N,N,Regular Season,4,4,1,Final,Final,2529,Sutter Health Park,133,Athletics,ATH,4,False,111,Boston Red Sox,BOS,5,True,695611,Gage Jump,Gage,Jump,61,2003-04-12,23,"6' 0""",200,1,Pitcher,L,Left,L,Left,,,,,,,,,,,,,,,,,,,,,,,,,,
2026-07-30,824974,,/api/v1.1/game/824974/feed/live,R,2026,2026-07-30,,night,P,N,N,Regular Season,4,4,1,Final,Final,2529,Sutter Health Park,133,Athletics,ATH,4,False,111,Boston Red Sox,BOS,5,True,696522,Hayden Juenger,Hayden,Juenger,58,2000-08-09,25,"6' 0""",180,1,Pitcher,R,Right,R,Right,,,,,,,,,,,,,,,,,,,,,,,,,,
2026-07-30,824974,,/api/v1.1/game/824974/feed/live,R,2026,2026-07-30,,night,P,N,N,Regular Season,4,4,1,Final,Final,2529,Sutter Health Park,133,Athletics,ATH,4,False,111,Boston Red Sox,BOS,5,True,665660,Elvis Alvarado,Elvis,Alvarado,37,1999-02-23,27,"6' 6""",253,1,Pitcher,R,Right,R,Right,"1.0 IP, 0 ER, K, BB",,,,,,,,,,,,,,,,1.0,0,0,0,1,1,11,0,0,0
2026-07-30,824974,,/api/v1.1/game/824974/feed/live,R,2026,2026-07-30,,night,P,N,N,Regular Season,4,4,1,Final,Final,2529,Sutter Health Park,133,Athletics,ATH,4,False,111,Boston Red Sox,BOS,5,True,701762,Nick Kurtz,Nicholas,Kurtz,16,2003-03-12,23,"6' 5""",240,3,First Base,L,Left,L,Left,"0-4 | BB, 2 K",,4,0,0,0,0,0,0,2,1,0,0,0,5,0,,,,,,,,,,
2026-07-30,824974,,/api/v1.1/game/824974/feed/live,R,2026,2026-07-30,,night,P,N,N,Regular Season,4,4,1,Final,Final,2529,Sutter Health Park,133,Athletics,ATH,4,False,111,Boston Red Sox,BOS,5,True,663687,Hogan Harris,Hogan,Harris,36,1996-12-26,29,"6' 3""",230,1,Pitcher,R,Right,L,Left,,,,,,,,,,,,,,,,,,,,,,,,,,
2026-07-30,824974,,/api/v1.1/game/824974/feed/live,R,2026,2026-07-30,,night,P,N,N,Regular Season,4,4,1,Final,Final,2529,Sutter Health Park,133,Athletics,ATH,4,False,111,Boston Red Sox,BOS,5,True,665622,Luis Medina,Luis,Medina,46,1999-05-03,27,"6' 1""",175,1,Pitcher,R,Right,R,Right,"1.0 IP, 2 ER, K, 0 BB",,,,,,,,,,,,,,,,1.0,2,2,2,1,0,18,0,1,0
2026-07-30,824974,,/api/v1.1/game/824974/feed/live,R,2026,2026-07-30,,night,P,N,N,Regular Season,4,4,1,Final,Final,2529,Sutter Health Park,133,Athletics,ATH,4,False,111,Boston Red Sox,BOS,5,True,703607,Henry Bolte,Henry,Bolte,33,2003-08-04,22,"6' 3""",195,8,Outfielder,R,Right,R,Right,0-0,,0,0,0,0,0,0,0,0,0,0,0,0,0,0,,,,,,,,,,
2026-07-30,824974,,/api/v1.1/game/824974/feed/live,R,2026,2026-07-30,,night,P,N,N,Regular Season,4,4,1,Final,Final,2529,Sutter Health Park,133,Athletics,ATH,4,False,111,Boston Red Sox,BOS,5,True,687515,Colby Thomas,Colby,Thomas,32,2001-01-26,25,"5' 10""",190,9,Outfielder,R,Right,R,Right,0-1 | K,,1,0,0,0,0,0,0,1,0,0,0,0,1,0,,,,,,,,,,
2026-07-30,824974,,/api/v1.1/game/824974/feed/live,R,2026,2026-07-30,,night,P,N,N,Regular Season,4,4,1,Final,Final,2529,Sutter Health Park,133,Athletics,ATH,4,False,111,Boston Red Sox,BOS,5,True,678022,Jack Perkins,Jackson,Perkins,50,1999-12-26,26,"6' 1""",220,1,Pitcher,R,Right,R,Right,,,,,,,,,,,,,,,,,,,,,,,,,,
2026-07-30,824974,,/api/v1.1/game/824974/feed/live,R,2026,2026-07-30,,night,P,N,N,Regular Season,4,4,1,Final,Final,2529,Sutter Health Park,133,Athletics,ATH,4,False,111,Boston Red Sox,BOS,5,True,605488,Jeffrey Springs,Jeffrey,Springs,59,1992-09-20,33,"6' 3""",218,1,Pitcher,L,Left,L,Left,,,,,,,,,,,,,,,,,,,,,,,,,,
2026-07-30,824974,,/api/v1.1/game/824974/feed/live,R,2026,2026-07-30,,night,P,N,N,Regular Season,4,4,1,Final,Final,2529,Sutter Health Park,133,Athletics,ATH,4,False,111,Boston Red Sox,BOS,5,True,806960,Luis Morales,Luis,Morales,19,2002-09-24,23,"6' 3""",200,1,Pitcher,R,Right,R,Right,,,,,,,,,,,,,,,,,,,,,,,,,,
2026-07-30,824974,,/api/v1.1/game/824974/feed/live,R,2026,2026-07-30,,night,P,N,N,Regular Season,4,4,1,Final,Final,2529,Sutter Health Park,133,Athletics,ATH,4,False,111,Boston Red Sox,BOS,5,True,805779,Jacob Wilson,Jacob,Wilson,5,2002-03-30,24,"6' 2""",190,6,Shortstop,R,Right,R,Right,"2-4 | 2B, K, RBI",,4,2,1,0,0,1,0,1,0,0,0,0,4,3,,,,,,,,,,
2026-07-30,824974,,/api/v1.1/game/824974/feed/live,R,2026,2026-07-30,,night,P,N,N,Regular Season,4,4,1,Final,Final,2529,Sutter Health Park,133,Athletics,ATH,4,False,111,Boston Red Sox,BOS,5,True,687562,Jake Bennett,William,Bennett,64,2000-12-02,25,"6' 6""",234,1,Pitcher,L,Left,L,Left,,,,,,,,,,,,,,,,,,,,,,,,,,
2026-07-30,824974,,/api/v1.1/game/824974/feed/live,R,2026,2026-07-30,,night,P,N,N,Regular Season,4,4,1,Final,Final,2529,Sutter Health Park,133,Athletics,ATH,4,False,111,Boston Red Sox,BOS,5,True,575929,Willson Contreras,Willson,Contreras,40,1992-05-13,34,"6' 0""",240,3,First Base,R,Right,R,Right,"2-3 | HR, BB, RBI",,3,2,0,0,1,1,1,0,1,0,0,0,4,5,,,,,,,,,,
2026-07-30,824974,,/api/v1.1/game/824974/feed/live,R,2026,2026-07-30,,night,P,N,N,Regular Season,4,4,1,Final,Final,2529,Sutter Health Park,133,Athletics,ATH,4,False,111,Boston Red Sox,BOS,5,True,594027,Tyron Guerrero,Tayron,Guerrero,41,1991-01-09,35,"6' 8""",225,1,Pitcher,R,Right,R,Right,,,,,,,,,,,,,,,,,,,,,,,,,,
2026-07-30,824974,,/api/v1.1/game/824974/feed/live,R,2026,2026-07-30,,night,P,N,N,Regular Season,4,4,1,Final,Final,2529,Sutter Health Park,133,Athletics,ATH,4,False,111,Boston Red Sox,BOS,5,True,663853,Romy Gonzalez,Roman,Gonzalez,23,1996-09-06,29,"6' 0""",215,10,Designated Hitter,R,Right,R,Right,,,,,,,,,,,,,,,,,,,,,,,,,,
2026-07-30,824974,,/api/v1.1/game/824974/feed/live,R,2026,2026-07-30,,night,P,N,N,Regular Season,4,4,1,Final,Final,2529,Sutter Health Park,133,Athletics,ATH,4,False,111,Boston Red Sox,BOS,5,True,663776,Patrick Sandoval,Patrick,Sandoval,43,1996-10-18,29,"6' 3""",190,1,Pitcher,L,Left,L,Left,,,,,,,,,,,,,,,,,,,,,,,,,,
2026-07-30,824974,,/api/v1.1/game/824974/feed/live,R,2026,2026-07-30,,night,P,N,N,Regular Season,4,4,1,Final,Final,2529,Sutter Health Park,133,Athletics,ATH,4,False,111,Boston Red Sox,BOS,5,True,663330,Jahmai Jones,Jahmai,Jones,37,1997-08-04,28,"5' 10""",210,10,Designated Hitter,R,Right,R,Right,,,,,,,,,,,,,,,,,,,,,,,,,,
2026-07-30,824974,,/api/v1.1/game/824974/feed/live,R,2026,2026-07-30,,night,P,N,N,Regular Season,4,4,1,Final,Final,2529,Sutter Health Park,133,Athletics,ATH,4,False,111,Boston Red Sox,BOS,5,True,669711,Greg Weissert,Gregory,Weissert,57,1995-02-04,31,"6' 2""",235,1,Pitcher,R,Right,R,Right,"1.0 IP, 0 ER, K, 0 BB",,,,,,,,,,,,,,,,1.0,0,1,0,1,0,10,0,0,0
2026-07-30,824974,,/api/v1.1/game/824974/feed/live,R,2026,2026-07-30,,night,P,N,N,Regular Season,4,4,1,Final,Final,2529,Sutter Health Park,133,Athletics,ATH,4,False,111,Boston Red Sox,BOS,5,True,678011,Anthony Seigler,Anthony,Seigler,48,1999-06-20,27,"5' 9""",192,4,Second Base,S,Switch,S,Switch,1-5 | R,,5,1,0,0,0,0,1,0,0,0,0,1,5,1,,,,,,,,,,
2026-07-30,824974,,/api/v1.1/game/824974/feed/live,R,2026,2026-07-30,,night,P,N,N,Regular Season,4,4,1,Final,Final,2529,Sutter Health Park,133,Athletics,ATH,4,False,111,Boston Red Sox,BOS,5,True,657136,Connor Wong,Connor,Wong,12,1996-05-19,30,"5' 10""",190,2,Catcher,R,Right,R,Right,"0-3 | BB, 2 K",,3,0,0,0,0,0,0,2,1,0,0,0,4,0,,,,,,,,,,
2026-07-30,824974,,/api/v1.1/game/824974/feed/live,R,2026,2026-07-30,,night,P,N,N,Regular Season,4,4,1,Final,Final,2529,Sutter Health Park,133,Athletics,ATH,4,False,111,Boston Red Sox,BOS,5,True,678394,Brayan Bello,Brayan,Bello,66,1999-05-17,27,"6' 1""",195,1,Pitcher,R,Right,R,Right,,,,,,,,,,,,,,,,,,,,,,,,,,
2026-07-30,824974,,/api/v1.1/game/824974/feed/live,R,2026,2026-07-30,,night,P,N,N,Regular Season,4,4,1,Final,Final,2529,Sutter Health Park,133,Athletics,ATH,4,False,111,Boston Red Sox,BOS,5,True,677800,Wilyer Abreu,Wilyer,Abreu,52,1999-06-24,27,"5' 10""",215,9,Outfielder,L,Left,L,Left,"1-4 | HR, 2 K, RBI",,4,1,0,0,1,1,1,2,0,0,0,0,4,4,,,,,,,,,,
2026-07-30,824974,,/api/v1.1/game/824974/feed/live,R,2026,2026-07-30,,night,P,N,N,Regular Season,4,4,1,Final,Final,2529,Sutter Health Park,133,Athletics,ATH,4,False,111,Boston Red Sox,BOS,5,True,676477,Garrett Whitlock,Garrett,Whitlock,22,1996-06-11,30,"6' 5""",222,1,Pitcher,R,Right,R,Right,,,,,,,,,,,,,,,,,,,,,,,,,,
2026-07-30,824974,,/api/v1.1/game/824974/feed/live,R,2026,2026-07-30,,night,P,N,N,Regular Season,4,4,1,Final,Final,2529,Sutter Health Park,133,Athletics,ATH,4,False,111,Boston Red Sox,BOS,5,True,655316,Andruw Monasterio,Andruw,Monasterio,32,1997-05-30,29,"5' 11""",195,6,Shortstop,R,Right,R,Right,"1-4 | 2 K, RBI, R",,4,1,0,0,0,1,1,2,0,0,0,0,4,1,,,,,,,,,,
2026-07-30,824974,,/api/v1.1/game/824974/feed/live,R,2026,2026-07-30,,night,P,N,N,Regular Season,4,4,1,Final,Final,2529,Sutter Health Park,133,Athletics,ATH,4,False,111,Boston Red Sox,BOS,5,True,543243,Sonny Gray,Sonny,Gray,54,1989-11-07,36,"5' 10""",190,1,Pitcher,R,Right,R,Right,"7.0 IP, 4 ER, 5 K, 2 BB",,,,,,,,,,,,,,,,7.0,4,7,0,5,2,97,1,0,0
2026-07-30,824974,,/api/v1.1/game/824974/feed/live,R,2026,2026-07-30,,night,P,N,N,Regular Season,4,4,1,Final,Final,2529,Sutter Health Park,133,Athletics,ATH,4,False,111,Boston Red Sox,BOS,5,True,686580,Justin Slaten,Justin,Slaten,63,1997-09-15,28,"6' 4""",222,1,Pitcher,R,Right,R,Right,,,,,,,,,,,,,,,,,,,,,,,,,,
2026-07-30,824974,,/api/v1.1/game/824974/feed/live,R,2026,2026-07-30,,night,P,N,N,Regular Season,4,4,1,Final,Final,2529,Sutter Health Park,133,Athletics,ATH,4,False,111,Boston Red Sox,BOS,5,True,702332,Caleb Durbin,Caleb,Durbin,5,2000-02-22,26,"5' 6""",183,5,Third Base,R,Right,R,Right,"0-2 | HBP, R",,2,0,0,0,0,0,1,0,0,0,0,0,4,0,,,,,,,,,,
2026-07-30,824974,,/api/v1.1/game/824974/feed/live,R,2026,2026-07-30,,night,P,N,N,Regular Season,4,4,1,Final,Final,2529,Sutter Health Park,133,Athletics,ATH,4,False,111,Boston Red Sox,BOS,5,True,624133,Ranger Suarez,Ranger,Suarez,55,1995-08-26,30,"6' 1""",217,1,Pitcher,L,Left,L,Left,,,,,,,,,,,,,,,,,,,,,,,,,,
2026-07-30,824974,,/api/v1.1/game/824974/feed/live,R,2026,2026-07-30,,night,P,N,N,Regular Season,4,4,1,Final,Final,2529,Sutter Health Park,133,Athletics,ATH,4,False,111,Boston Red Sox,BOS,5,True,665966,Carlos Narváez,Carlos,Narváez,75,1998-11-26,27,"5' 11""",190,2,Catcher,R,Right,R,Right,,,,,,,,,,,,,,,,,,,,,,,,,,
2026-07-30,824974,,/api/v1.1/game/824974/feed/live,R,2026,2026-07-30,,night,P,N,N,Regular Season,4,4,1,Final,Final,2529,Sutter Health Park,133,Athletics,ATH,4,False,111,Boston Red Sox,BOS,5,True,680776,Jarren Duran,Jarren,Duran,16,1996-09-05,29,"6' 0""",205,7,Outfielder,L,Left,R,Right,0-4 | K,,4,0,0,0,0,0,0,1,0,0,0,0,4,0,,,,,,,,,,
2026-07-30,824974,,/api/v1.1/game/824974/feed/live,R,2026,2026-07-30,,night,P,N,N,Regular Season,4,4,1,Final,Final,2529,Sutter Health Park,133,Athletics,ATH,4,False,111,Boston Red Sox,BOS,5,True,686765,Nick Sogard,Nicholas,Sogard,20,1997-09-09,28,"6' 1""",189,5,Third Base,S,Switch,R,Right,,,,,,,,,,,,,,,,,,,,,,,,,,
2026-07-30,824974,,/api/v1.1/game/824974/feed/live,R,2026,2026-07-30,,night,P,N,N,Regular Season,4,4,1,Final,Final,2529,Sutter Health Park,133,Athletics,ATH,4,False,111,Boston Red Sox,BOS,5,True,801139,Payton Tolle,Payton,Tolle,70,2002-11-01,23,"6' 6""",250,1,Pitcher,L,Left,L,Left,,,,,,,,,,,,,,,,,,,,,,,,,,
2026-07-30,824974,,/api/v1.1/game/824974/feed/live,R,2026,2026-07-30,,night,P,N,N,Regular Season,4,4,1,Final,Final,2529,Sutter Health Park,133,Athletics,ATH,4,False,111,Boston Red Sox,BOS,5,True,678882,Ceddanne Rafaela,Ceddanne,Rafaela,3,2000-09-18,25,"5' 10""",165,8,Outfielder,R,Right,R,Right,"2-4 | 2B, K, 2 RBI",,4,2,1,0,0,2,0,1,0,1,0,0,4,3,,,,,,,,,,
2026-07-30,824974,,/api/v1.1/game/824974/feed/live,R,2026,2026-07-30,,night,P,N,N,Regular Season,4,4,1,Final,Final,2529,Sutter Health Park,133,Athletics,ATH,4,False,111,Boston Red Sox,BOS,5,True,663558,Jovani Morán,Jovani,Moran,47,1997-04-24,29,"6' 1""",167,1,Pitcher,L,Left,L,Left,,,,,,,,,,,,,,,,,,,,,,,,,,
2026-07-30,824974,,/api/v1.1/game/824974/feed/live,R,2026,2026-07-30,,night,P,N,N,Regular Season,4,4,1,Final,Final,2529,Sutter Health Park,133,Athletics,ATH,4,False,111,Boston Red Sox,BOS,5,True,807799,Masataka Yoshida,Masataka,Yoshida,7,1993-07-15,33,"5' 8""",192,10,Designated Hitter,L,Left,R,Right,1-4 | K,,4,1,0,0,0,0,0,1,0,0,0,0,4,1,,,,,,,,,,
2026-07-30,824974,,/api/v1.1/game/824974/feed/live,R,2026,2026-07-30,,night,P,N,N,Regular Season,4,4,1,Final,Final,2529,Sutter Health Park,133,Athletics,ATH,4,False,111,Boston Red Sox,BOS,5,True,547973,Aroldis Chapman,Albertin,Chapman,44,1988-02-28,38,"6' 4""",235,1,Pitcher,L,Left,L,Left,"1.0 IP, 0 ER, 2 K, 0 BB",,,,,,,,,,,,,,,,1.0,0,1,0,2,0,11,0,0,1
2026-07-30,824974,,/api/v1.1/game/824974/feed/live,R,2026,2026-07-30,,night,P,N,N,Regular Season,4,4,1,Final,Final,2529,Sutter Health Park,133,Athletics,ATH,4,False,111,Boston Red Sox,BOS,5,True,670245,Ryan Watson,Ryan,Watson,56,1997-11-15,28,"6' 5""",225,1,Pitcher,R,Right,R,Right,,,,,,,,,,,,,,,,,,,,,,,,,,
2026-07-30,823271,,/api/v1.1/game/823271/feed/live,R,2026,2026-07-30,,night,P,N,N,Regular Season,1,4,1,Final,Final,2680,Petco Park,135,San Diego Padres,SD,1,False,137,San Francisco Giants,SF,4,True,650859,Luis Rengifo,Luis,Rengifo,21,1997-02-26,29,"5' 9""",204,5,Third Base,S,Switch,R,Right,"2-3 | 2B, BB",,3,2,1,0,0,0,0,0,1,0,0,0,4,3,,,,,,,,,,
2026-07-30,823271,,/api/v1.1/game/823271/feed/live,R,2026,2026-07-30,,night,P,N,N,Regular Season,1,4,1,Final,Final,2680,Petco Park,135,San Diego Padres,SD,1,False,137,San Francisco Giants,SF,4,True,669134,Luis Campusano,Luis,Campusano,12,1998-09-29,27,"5' 10""",232,2,Catcher,R,Right,R,Right,"1-3 | BB, K",,3,1,0,0,0,0,0,1,1,0,0,1,4,1,,,,,,,,,,
2026-07-30,823271,,/api/v1.1/game/823271/feed/live,R,2026,2026-07-30,,night,P,N,N,Regular Season,1,4,1,Final,Final,2680,Petco Park,135,San Diego Padres,SD,1,False,137,San Francisco Giants,SF,4,True,673513,Yuki Matsui,Yuki,Matsui,1,1995-10-30,30,"5' 8""",165,1,Pitcher,L,Left,L,Left,,,,,,,,,,,,,,,,,,,,,,,,,,
2026-07-30,823271,,/api/v1.1/game/823271/feed/live,R,2026,2026-07-30,,night,P,N,N,Regular Season,1,4,1,Final,Final,2680,Petco Park,135,San Diego Padres,SD,1,False,137,San Francisco Giants,SF,4,True,666023,Freddy Fermin,Freddy,Fermin,54,1995-05-16,31,"5' 10""",200,2,Catcher,R,Right,R,Right,,,,,,,,,,,,,,,,,,,,,,,,,,
2026-07-30,823271,,/api/v1.1/game/823271/feed/live,R,2026,2026-07-30,,night,P,N,N,Regular Season,1,4,1,Final,Final,2680,Petco Park,135,San Diego Padres,SD,1,False,137,San Francisco Giants,SF,4,True,650633,Michael King,Michael,King,34,1995-05-25,31,"6' 3""",210,1,Pitcher,R,Right,R,Right,,,,,,,,,,,,,,,,,,,,,,,,,,
2026-07-30,823271,,/api/v1.1/game/823271/feed/live,R,2026,2026-07-30,,night,P,N,N,Regular Season,1,4,1,Final,Final,2680,Petco Park,135,San Diego Padres,SD,1,False,137,San Francisco Giants,SF,4,True,695243,Mason Miller,Mason,Miller,22,1998-08-24,27,"6' 5""",200,1,Pitcher,R,Right,R,Right,,,,,,,,,,,,,,,,,,,,,,,,,,
2026-07-30,823271,,/api/v1.1/game/823271/feed/live,R,2026,2026-07-30,,night,P,N,N,Regular Season,1,4,1,Final,Final,2680,Petco Park,135,San Diego Padres,SD,1,False,137,San Francisco Giants,SF,4,True,593974,Wandy Peralta,Wandy,Peralta,58,1991-07-27,35,"6' 0""",227,1,Pitcher,L,Left,L,Left,"0.2 IP, ER, K, BB",,,,,,,,,,,,,,,,0.2,1,1,0,1,1,23,0,0,0
2026-07-30,823271,,/api/v1.1/game/823271/feed/live,R,2026,2026-07-30,,night,P,N,N,Regular Season,1,4,1,Final,Final,2680,Petco Park,135,San Diego Padres,SD,1,False,137,San Francisco Giants,SF,4,True,621111,Walker Buehler,Walker,Buehler,10,1994-07-28,32,"6' 2""",185,1,Pitcher,R,Right,R,Right,,,,,,,,,,,,,,,,,,,,,,,,,,
2026-07-30,823271,,/api/v1.1/game/823271/feed/live,R,2026,2026-07-30,,night,P,N,N,Regular Season,1,4,1,Final,Final,2680,Petco Park,135,San Diego Padres,SD,1,False,137,San Francisco Giants,SF,4,True,701538,Jackson Merrill,Jackson,Merrill,3,2003-04-19,23,"6' 2""",195,8,Outfielder,L,Left,R,Right,1-4 | K,,4,1,0,0,0,0,0,1,0,0,0,0,4,1,,,,,,,,,,
2026-07-30,823271,,/api/v1.1/game/823271/feed/live,R,2026,2026-07-30,,night,P,N,N,Regular Season,1,4,1,Final,Final,2680,Petco Park,135,San Diego Padres,SD,1,False,137,San Francisco Giants,SF,4,True,656288,Griffin Canning,Griffin,Canning,17,1996-05-11,30,"6' 2""",180,1,Pitcher,R,Right,R,Right,,,,,,,,,,,,,,,,,,,,,,,,,,
2026-07-30,823271,,/api/v1.1/game/823271/feed/live,R,2026,2026-07-30,,night,P,N,N,Regular Season,1,4,1,Final,Final,2680,Petco Park,135,San Diego Padres,SD,1,False,137,San Francisco Giants,SF,4,True,660710,Rodolfo Durán,Rodolfo,Durán,48,1998-02-19,28,"5' 8""",181,2,Catcher,R,Right,R,Right,0-0,,0,0,0,0,0,0,0,0,0,0,0,0,0,0,,,,,,,,,,
2026-07-30,823271,,/api/v1.1/game/823271/feed/live,R,2026,2026-07-30,,night,P,N,N,Regular Season,1,4,1,Final,Final,2680,Petco Park,135,San Diego Padres,SD,1,False,137,San Francisco Giants,SF,4,True,608566,Germán Márquez,Germán,Márquez,33,1995-02-22,31,"6' 1""",230,1,Pitcher,R,Right,R,Right,,,,,,,,,,,,,,,,,,,,,,,,,,
2026-07-30,823271,,/api/v1.1/game/823271/feed/live,R,2026,2026-07-30,,night,P,N,N,Regular Season,1,4,1,Final,Final,2680,Petco Park,135,San Diego Padres,SD,1,False,137,San Francisco Giants,SF,4,True,699134,Bradgley Rodriguez,Bradgley,Rodriguez,72,2003-11-16,22,"6' 1""",160,1,Pitcher,R,Right,R,Right,,,,,,,,,,,,,,,,,,,,,,,,,,
2026-07-30,823271,,/api/v1.1/game/823271/feed/live,R,2026,2026-07-30,,night,P,N,N,Regular Season,1,4,1,Final,Final,2680,Petco Park,135,San Diego Padres,SD,1,False,137,San Francisco Giants,SF,4,True,823550,Sung-Mun Song,Sung-Mun,Song,24,1996-08-29,29,"6' 0""",194,4,Second Base,L,Left,R,Right,,,,,,,,,,,,,,,,,,,,,,,,,,
2026-07-30,823271,,/api/v1.1/game/823271/feed/live,R,2026,2026-07-30,,night,P,N,N,Regular Season,1,4,1,Final,Final,2680,Petco Park,135,San Diego Padres,SD,1,False,137,San Francisco Giants,SF,4,True,669093,Jeremiah Estrada,Jeremiah,Estrada,56,1998-11-01,27,"6' 1""",185,1,Pitcher,S,Switch,R,Right,,,,,,,,,,,,,,,,,,,,,,,,,,
2026-07-30,823271,,/api/v1.1/game/823271/feed/live,R,2026,2026-07-30,,night,P,N,N,Regular Season,1,4,1,Final,Final,2680,Petco Park,135,San Diego Padres,SD,1,False,137,San Francisco Giants,SF,4,True,657757,Gavin Sheets,Gavin,Sheets,30,1996-04-23,30,"6' 3""",235,3,First Base,L,Left,L,Left,0-1 | K,,1,0,0,0,0,0,0,1,0,0,0,0,1,0,,,,,,,,,,
2026-07-30,823271,,/api/v1.1/game/823271/feed/live,R,2026,2026-07-30,,night,P,N,N,Regular Season,1,4,1,Final,Final,2680,Petco Park,135,San Diego Padres,SD,1,False,137,San Francisco Giants,SF,4,True,670970,Adrian Morejon,Adrian,Morejon,50,1999-02-27,27,"5' 11""",224,1,Pitcher,L,Left,L,Left,,,,,,,,,,,,,,,,,,,,,,,,,,
2026-07-30,823271,,/api/v1.1/game/823271/feed/live,R,2026,2026-07-30,,night,P,N,N,Regular Season,1,4,1,Final,Final,2680,Petco Park,135,San Diego Padres,SD,1,False,137,San Francisco Giants,SF,4,True,592518,Manny Machado,Manuel,Machado,13,1992-07-06,34,"6' 2""",218,5,Third Base,R,Right,R,Right,0-4 | 3 K,,4,0,0,0,0,0,0,3,0,0,0,0,4,0,,,,,,,,,,
2026-07-30,823271,,/api/v1.1/game/823271/feed/live,R,2026,2026-07-30,,night,P,N,N,Regular Season,1,4,1,Final,Final,2680,Petco Park,135,San Diego Padres,SD,1,False,137,San Francisco Giants,SF,4,True,665487,Fernando Tatis Jr.,Fernando,Tatis,23,1999-01-02,27,"6' 3""",217,9,Outfielder,R,Right,R,Right,1-4 | CS,,4,1,0,0,0,0,0,0,0,0,1,0,4,1,,,,,,,,,,
2026-07-30,823271,,/api/v1.1/game/823271/feed/live,R,2026,2026-07-30,,night,P,N,N,Regular Season,1,4,1,Final,Final,2680,Petco Park,135,San Diego Padres,SD,1,False,137,San Francisco Giants,SF,4,True,664034,Ty France,Tyler,France,25,1994-07-13,32,"5' 10""",215,3,First Base,R,Right,R,Right,"0-3 | HBP, 2 K, R",,3,0,0,0,0,0,1,2,0,0,0,0,4,0,,,,,,,,,,
2026-07-30,823271,,/api/v1.1/game/823271/feed/live,R,2026,2026-07-30,,night,P,N,N,Regular Season,1,4,1,Final,Final,2680,Petco Park,135,San Diego Padres,SD,1,False,137,San Francisco Giants,SF,4,True,593428,Xander Bogaerts,Xander,Bogaerts,2,1992-10-01,33,"6' 2""",218,6,Shortstop,R,Right,R,Right,1-4 | RBI,,4,1,0,0,0,1,0,0,0,0,0,0,4,1,,,,,,,,,,
2026-07-30,823271,,/api/v1.1/game/823271/feed/live,R,2026,2026-07-30,,night,P,N,N,Regular Season,1,4,1,Final,Final,2680,Petco Park,135,San Diego Padres,SD,1,False,137,San Francisco Giants,SF,4,True,687749,Jase Bowen,Jase,Bowen,4,2000-09-02,25,"6' 0""",215,9,Outfielder,R,Right,R,Right,0-2 | K,,2,0,0,0,0,0,0,1,0,0,0,0,2,0,,,,,,,,,,
2026-07-30,823271,,/api/v1.1/game/823271/feed/live,R,2026,2026-07-30,,night,P,N,N,Regular Season,1,4,1,Final,Final,2680,Petco Park,135,San Diego Padres,SD,1,False,137,San Francisco Giants,SF,4,True,606996,Kyle Hart,Kyle,Hart,68,1992-11-23,33,"6' 5""",200,1,Pitcher,L,Left,L,Left,,,,,,,,,,,,,,,,,,,,,,,,,,
2026-07-30,823271,,/api/v1.1/game/823271/feed/live,R,2026,2026-07-30,,night,P,N,N,Regular Season,1,4,1,Final,Final,2680,Petco Park,135,San Diego Padres,SD,1,False,137,San Francisco Giants,SF,4,True,630105,Jake Cronenworth,Jacob,Cronenworth,9,1994-01-21,32,"5' 11""",187,4,Second Base,L,Left,R,Right,0-3 | K,,3,0,0,0,0,0,0,1,0,0,0,0,3,0,,,,,,,,,,
2026-07-30,823271,,/api/v1.1/game/823271/feed/live,R,2026,2026-07-30,,night,P,N,N,Regular Season,1,4,1,Final,Final,2680,Petco Park,135,San Diego Padres,SD,1,False,137,San Francisco Giants,SF,4,True,676664,JP Sears,John,Sears,38,1996-02-19,30,"5' 11""",180,1,Pitcher,R,Right,L,Left,"3.2 IP, 3 ER, 2 K, BB",,,,,,,,,,,,,,,,3.2,3,7,1,2,1,67,0,1,0
2026-07-30,823271,,/api/v1.1/game/823271/feed/live,R,2026,2026-07-30,,night,P,N,N,Regular Season,1,4,1,Final,Final,2680,Petco Park,135,San Diego Padres,SD,1,False,137,San Francisco Giants,SF,4,True,681190,Randy Vásquez,Randy,Vásquez,98,1998-11-03,27,"6' 0""",165,1,Pitcher,R,Right,R,Right,"4.2 IP, 0 ER, K, BB",,,,,,,,,,,,,,,,4.2,0,3,0,1,1,65,0,0,0
2026-07-30,823271,,/api/v1.1/game/823271/feed/live,R,2026,2026-07-30,,night,P,N,N,Regular Season,1,4,1,Final,Final,2680,Petco Park,135,San Diego Padres,SD,1,False,137,San Francisco Giants,SF,4,True,664141,JT Brubaker,Jonathan,Brubaker,34,1993-11-17,32,"6' 4""",197,1,Pitcher,R,Right,R,Right,,,,,,,,,,,,,,,,,,,,,,,,,,
2026-07-30,823271,,/api/v1.1/game/823271/feed/live,R,2026,2026-07-30,,night,P,N,N,Regular Season,1,4,1,Final,Final,2680,Petco Park,135,San Diego Padres,SD,1,False,137,San Francisco Giants,SF,4,True,671218,Heliot Ramos,Heliot,Ramos,17,1999-09-07,26,"5' 11""",235,7,Outfielder,R,Right,R,Right,"1-4 | BB, K, R",,4,1,0,0,0,0,1,1,1,1,0,0,5,1,,,,,,,,,,
2026-07-30,823271,,/api/v1.1/game/823271/feed/live,R,2026,2026-07-30,,night,P,N,N,Regular Season,1,4,1,Final,Final,2680,Petco Park,135,San Diego Padres,SD,1,False,137,San Francisco Giants,SF,4,True,681916,Dylan Smith,Dylan,Smith,66,2000-05-28,26,"6' 2""",180,1,Pitcher,R,Right,R,Right,"1.0 IP, 0 ER, 2 K, 0 BB",,,,,,,,,,,,,,,,1.0,0,1,0,2,0,27,0,0,0
2026-07-30,823271,,/api/v1.1/game/823271/feed/live,R,2026,2026-07-30,,night,P,N,N,Regular Season,1,4,1,Final,Final,2680,Petco Park,135,San Diego Padres,SD,1,False,137,San Francisco Giants,SF,4,True,701852,Drew Cavanaugh,Drew,Cavanaugh,61,2002-01-27,24,"6' 0""",219,2,Catcher,L,Left,R,Right,,,,,,,,,,,,,,,,,,,,,,,,,,
2026-07-30,823271,,/api/v1.1/game/823271/feed/live,R,2026,2026-07-30,,night,P,N,N,Regular Season,1,4,1,Final,Final,2680,Petco Park,135,San Diego Padres,SD,1,False,137,San Francisco Giants,SF,4,True,641816,Tyler Mahle,Tyler,Mahle,54,1994-09-29,31,"6' 3""",212,1,Pitcher,R,Right,R,Right,,,,,,,,,,,,,,,,,,,,,,,,,,
2026-07-30,823271,,/api/v1.1/game/823271/feed/live,R,2026,2026-07-30,,night,P,N,N,Regular Season,1,4,1,Final,Final,2680,Petco Park,135,San Diego Padres,SD,1,False,137,San Francisco Giants,SF,4,True,683679,Jesus Rodriguez,Jesus,Rodriguez,79,2002-04-23,24,"5' 10""",201,2,Catcher,R,Right,R,Right,,,,,,,,,,,,,,,,,,,,,,,,,,
2026-07-30,823271,,/api/v1.1/game/823271/feed/live,R,2026,2026-07-30,,night,P,N,N,Regular Season,1,4,1,Final,Final,2680,Petco Park,135,San Diego Padres,SD,1,False,137,San Francisco Giants,SF,4,True,657277,Logan Webb,Logan,Webb,62,1996-11-18,29,"6' 2""",221,1,Pitcher,R,Right,R,Right,,,,,,,,,,,,,,,,,,,,,,,,,,
2026-07-30,823271,,/api/v1.1/game/823271/feed/live,R,2026,2026-07-30,,night,P,N,N,Regular Season,1,4,1,Final,Final,2680,Petco Park,135,San Diego Padres,SD,1,False,137,San Francisco Giants,SF,4,True,676775,Keaton Winn,Keaton,Winn,67,1998-02-20,28,"6' 4""",230,1,Pitcher,R,Right,R,Right,,,,,,,,,,,,,,,,,,,,,,,,,,
2026-07-30,823271,,/api/v1.1/game/823271/feed/live,R,2026,2026-07-30,,night,P,N,N,Regular Season,1,4,1,Final,Final,2680,Petco Park,135,San Diego Padres,SD,1,False,137,San Francisco Giants,SF,4,True,671345,Jason Foley,Jason,Foley,64,1995-11-01,30,"6' 4""",215,1,Pitcher,R,Right,R,Right,,,,,,,,,,,,,,,,,,,,,,,,,,
2026-07-30,823271,,/api/v1.1/game/823271/feed/live,R,2026,2026-07-30,,night,P,N,N,Regular Season,1,4,1,Final,Final,2680,Petco Park,135,San Diego Padres,SD,1,False,137,San Francisco Giants,SF,4,True,668873,Caleb Kilian,Caleb,Kilian,45,1997-06-02,29,"6' 4""",206,1,Pitcher,R,Right,R,Right,"1.0 IP, 0 ER, K, BB",,,,,,,,,,,,,,,,1.0,0,0,0,1,1,18,0,0,0
2026-07-30,823271,,/api/v1.1/game/823271/feed/live,R,2026,2026-07-30,,night,P,N,N,Regular Season,1,4,1,Final,Final,2680,Petco Park,135,San Diego Padres,SD,1,False,137,San Francisco Giants,SF,4,True,808982,Jung Hoo Lee,Jung Hoo,Lee,51,1998-08-20,27,"6' 0""",196,9,Outfielder,L,Left,R,Right,"1-3 | 2B, 2 BB",,3,1,1,0,0,0,0,0,2,0,0,0,5,2,,,,,,,,,,
2026-07-30,823271,,/api/v1.1/game/823271/feed/live,R,2026,2026-07-30,,night,P,N,N,Regular Season,1,4,1,Final,Final,2680,Petco Park,135,San Diego Padres,SD,1,False,137,San Francisco Giants,SF,4,True,687551,Drew Gilbert,Andrew,Gilbert,0,2000-09-27,25,"5' 9""",195,8,Outfielder,L,Left,L,Left,,,,,,,,,,,,,,,,,,,,,,,,,,
2026-07-30,823271,,/api/v1.1/game/823271/feed/live,R,2026,2026-07-30,,night,P,N,N,Regular Season,1,4,1,Final,Final,2680,Petco Park,135,San Diego Padres,SD,1,False,137,San Francisco Giants,SF,4,True,656529,Sam Hentges,Sam,Hentges,31,1996-07-18,30,"6' 8""",255,1,Pitcher,L,Left,L,Left,,,,,,,,,,,,,,,,,,,,,,,,,,
2026-07-30,823271,,/api/v1.1/game/823271/feed/live,R,2026,2026-07-30,,night,P,N,N,Regular Season,1,4,1,Final,Final,2680,Petco Park,135,San Diego Padres,SD,1,False,137,San Francisco Giants,SF,4,True,646240,Rafael Devers,Rafael,Devers,16,1996-10-24,29,"6' 0""",235,3,First Base,L,Left,R,Right,"3-4 | RBI, R",,4,3,0,0,0,1,1,0,0,0,0,0,5,3,,,,,,,,,,
2026-07-30,823271,,/api/v1.1/game/823271/feed/live,R,2026,2026-07-30,,night,P,N,N,Regular Season,1,4,1,Final,Final,2680,Petco Park,135,San Diego Padres,SD,1,False,137,San Francisco Giants,SF,4,True,687931,Carson Whisenhunt,Carson,Whisenhunt,88,2000-10-20,25,"6' 3""",225,1,Pitcher,L,Left,L,Left,,,,,,,,,,,,,,,,,,,,,,,,,,
2026-07-30,823271,,/api/v1.1/game/823271/feed/live,R,2026,2026-07-30,,night,P,N,N,Regular Season,1,4,1,Final,Final,2680,Petco Park,135,San Diego Padres,SD,1,False,137,San Francisco Giants,SF,4,True,687529,Grant McCray,Grant,McCray,58,2000-12-07,25,"6' 1""",195,8,Outfielder,L,Left,R,Right,1-4,,4,1,0,0,0,0,0,0,0,0,0,0,4,1,,,,,,,,,,
2026-07-30,823271,,/api/v1.1/game/823271/feed/live,R,2026,2026-07-30,,night,P,N,N,Regular Season,1,4,1,Final,Final,2680,Petco Park,135,San Diego Padres,SD,1,False,137,San Francisco Giants,SF,4,True,683766,Christian Koss,Christian,Koss,50,1998-01-27,28,"6' 1""",185,4,Second Base,R,Right,R,Right,1-4 | K,,4,1,0,0,0,0,0,1,0,0,0,0,4,1,,,,,,,,,,
2026-07-30,823271,,/api/v1.1/game/823271/feed/live,R,2026,2026-07-30,,night,P,N,N,Regular Season,1,4,1,Final,Final,2680,Petco Park,135,San Diego Padres,SD,1,False,137,San Francisco Giants,SF,4,True,605288,Adrian Houser,Adrian,Houser,12,1993-02-02,33,"6' 4""",227,1,Pitcher,R,Right,R,Right,,,,,,,,,,,,,,,,,,,,,,,,,,
2026-07-30,823271,,/api/v1.1/game/823271/feed/live,R,2026,2026-07-30,,night,P,N,N,Regular Season,1,4,1,Final,Final,2680,Petco Park,135,San Diego Padres,SD,1,False,137,San Francisco Giants,SF,4,True,642715,Willy Adames,Willy,Adames,2,1995-09-02,30,"6' 0""",216,6,Shortstop,R,Right,R,Right,"1-5 | R, SB",,5,1,0,0,0,0,1,0,0,1,0,0,5,1,,,,,,,,,,
2026-07-30,823271,,/api/v1.1/game/823271/feed/live,R,2026,2026-07-30,,night,P,N,N,Regular Season,1,4,1,Final,Final,2680,Petco Park,135,San Diego Padres,SD,1,False,137,San Francisco Giants,SF,4,True,592662,Robbie Ray,Robert,Ray,38,1991-10-01,34,"6' 2""",220,1,Pitcher,L,Left,L,Left,"6.0 IP, ER, 6 K, BB",,,,,,,,,,,,,,,,6.0,1,4,0,6,1,86,1,0,0
2026-07-30,823271,,/api/v1.1/game/823271/feed/live,R,2026,2026-07-30,,night,P,N,N,Regular Season,1,4,1,Final,Final,2680,Petco Park,135,San Diego Padres,SD,1,False,137,San Francisco Giants,SF,4,True,669062,Erik Miller,Erik,Miller,68,1998-02-13,28,"6' 5""",269,1,Pitcher,L,Left,L,Left,"1.0 IP, 0 ER, K, 0 BB",,,,,,,,,,,,,,,,1.0,0,1,0,1,0,14,0,0,1
2026-07-30,823271,,/api/v1.1/game/823271/feed/live,R,2026,2026-07-30,,night,P,N,N,Regular Season,1,4,1,Final,Final,2680,Petco Park,135,San Diego Padres,SD,1,False,137,San Francisco Giants,SF,4,True,694738,Landen Roupp,Landen,Roupp,65,1998-09-10,27,"6' 2""",220,1,Pitcher,R,Right,R,Right,,,,,,,,,,,,,,,,,,,,,,,,,,
2026-07-30,823271,,/api/v1.1/game/823271/feed/live,R,2026,2026-07-30,,night,P,N,N,Regular Season,1,4,1,Final,Final,2680,Petco Park,135,San Diego Padres,SD,1,False,137,San Francisco Giants,SF,4,True,650333,Luis Arraez,Luis,Arraez,1,1997-04-09,29,"5' 10""",186,4,Second Base,L,Left,R,Right,0-4 | HBP,,4,0,0,0,0,0,0,0,0,0,0,0,5,0,,,,,,,,,,
2026-07-30,823271,,/api/v1.1/game/823271/feed/live,R,2026,2026-07-30,,night,P,N,N,Regular Season,1,4,1,Final,Final,2680,Petco Park,135,San Diego Padres,SD,1,False,137,San Francisco Giants,SF,4,True,805811,Bryce Eldridge,Bryson,Eldridge,8,2004-10-20,21,"6' 7""",251,10,Designated Hitter,L,Left,R,Right,2-5 | 2 K,,5,2,0,0,0,0,0,2,0,0,0,0,5,2,,,,,,,,,,
2026-07-30,823271,,/api/v1.1/game/823271/feed/live,R,2026,2026-07-30,,night,P,N,N,Regular Season,1,4,1,Final,Final,2680,Petco Park,135,San Diego Padres,SD,1,False,137,San Francisco Giants,SF,4,True,691740,Daniel Susac,Daniel,Susac,6,2001-05-14,25,"6' 5""",210,2,Catcher,R,Right,R,Right,"1-3 | HR, 3 RBI, R",,3,1,0,0,1,3,1,0,0,0,0,0,4,4,,,,,,,,,,
2026-07-30,823271,,/api/v1.1/game/823271/feed/live,R,2026,2026-07-30,,night,P,N,N,Regular Season,1,4,1,Final,Final,2680,Petco Park,135,San Diego Padres,SD,1,False,137,San Francisco Giants,SF,4,True,678545,Osleivis Basabe,Osleivis,Basabe,39,2000-09-13,25,"5' 11""",197,6,Shortstop,R,Right,R,Right,,,,,,,,,,,,,,,,,,,,,,,,,,
2026-07-30,823921,,/api/v1.1/game/823921/feed/live,R,2026,2026-07-30,,night,P,N,N,Regular Season,3,3,1,Final,Final,22,UNIQLO Field at Dodger Stadium,119,Los Angeles Dodgers,LAD,6,True,136,Seattle Mariners,SEA,2,False,687221,Dalton Rushing,Dalton,Rushing,68,2001-02-21,25,"6' 0""",220,2,Catcher,L,Left,R,Right,"1-4 | HR, 3 K, 3 RBI",,4,1,0,0,1,3,1,3,0,0,0,0,4,4,,,,,,,,,,
2026-07-30,823921,,/api/v1.1/game/823921/feed/live,R,2026,2026-07-30,,night,P,N,N,Regular Season,3,3,1,Final,Final,22,UNIQLO Field at Dodger Stadium,119,Los Angeles Dodgers,LAD,6,True,136,Seattle Mariners,SEA,2,False,681911,Alex Vesia,Alexander,Vesia,51,1996-04-11,30,"6' 1""",209,1,Pitcher,L,Left,L,Left,,,,,,,,,,,,,,,,,,,,,,,,,,
2026-07-30,823921,,/api/v1.1/game/823921/feed/live,R,2026,2026-07-30,,night,P,N,N,Regular Season,3,3,1,Final,Final,22,UNIQLO Field at Dodger Stadium,119,Los Angeles Dodgers,LAD,6,True,136,Seattle Mariners,SEA,2,False,663656,Kyle Tucker,Kyle,Tucker,23,1997-01-17,29,"6' 3""",212,9,Outfielder,L,Left,R,Right,"0-3 | BB, 2 K, R",,3,0,0,0,0,0,1,2,1,1,0,0,4,0,,,,,,,,,,
2026-07-30,823921,,/api/v1.1/game/823921/feed/live,R,2026,2026-07-30,,night,P,N,N,Regular Season,3,3,1,Final,Final,22,UNIQLO Field at Dodger Stadium,119,Los Angeles Dodgers,LAD,6,True,136,Seattle Mariners,SEA,2,False,571771,Enrique Hernández,Enrique,Hernández,8,1991-08-24,34,"5' 10""",195,3,First Base,R,Right,R,Right,0-3 | K,,3,0,0,0,0,0,0,1,0,0,0,0,3,0,,,,,,,,,,
2026-07-30,823921,,/api/v1.1/game/823921/feed/live,R,2026,2026-07-30,,night,P,N,N,Regular Season,3,3,1,Final,Final,22,UNIQLO Field at Dodger Stadium,119,Los Angeles Dodgers,LAD,6,True,136,Seattle Mariners,SEA,2,False,571970,Max Muncy,Maxwell,Muncy,13,1990-08-25,35,"5' 10""",215,5,Third Base,L,Left,R,Right,0-4 | 3 K,,4,0,0,0,0,0,0,3,0,0,0,0,4,0,,,,,,,,,,
2026-07-30,823921,,/api/v1.1/game/823921/feed/live,R,2026,2026-07-30,,night,P,N,N,Regular Season,3,3,1,Final,Final,22,UNIQLO Field at Dodger Stadium,119,Los Angeles Dodgers,LAD,6,True,136,Seattle Mariners,SEA,2,False,518692,Freddie Freeman,Frederick,Freeman,5,1989-09-12,36,"6' 4""",220,3,First Base,L,Left,R,Right,1-4 | 2 K,,4,1,0,0,0,0,0,2,0,0,0,0,4,1,,,,,,,,,,
2026-07-30,823921,,/api/v1.1/game/823921/feed/live,R,2026,2026-07-30,,night,P,N,N,Regular Season,3,3,1,Final,Final,22,UNIQLO Field at Dodger Stadium,119,Los Angeles Dodgers,LAD,6,True,136,Seattle Mariners,SEA,2,False,683618,Edgardo Henriquez,Edgardo,Henriquez,60,2002-06-24,24,"6' 4""",200,1,Pitcher,R,Right,R,Right,"0.1 IP, 0 ER, 0 K, BB",,,,,,,,,,,,,,,,0.1,0,1,0,0,1,19,0,0,0
2026-07-30,823921,,/api/v1.1/game/823921/feed/live,R,2026,2026-07-30,,night,P,N,N,Regular Season,3,3,1,Final,Final,22,UNIQLO Field at Dodger Stadium,119,Los Angeles Dodgers,LAD,6,True,136,Seattle Mariners,SEA,2,False,641778,Eric Lauer,Eric,Lauer,33,1995-06-03,31,"6' 3""",209,1,Pitcher,R,Right,L,Left,,,,,,,,,,,,,,,,,,,,,,,,,,
2026-07-30,823921,,/api/v1.1/game/823921/feed/live,R,2026,2026-07-30,,night,P,N,N,Regular Season,3,3,1,Final,Final,22,UNIQLO Field at Dodger Stadium,119,Los Angeles Dodgers,LAD,6,True,136,Seattle Mariners,SEA,2,False,656945,Tanner Scott,Tanner,Scott,66,1994-07-22,32,"6' 0""",235,1,Pitcher,R,Right,L,Left,"1.0 IP, 0 ER, K, BB",,,,,,,,,,,,,,,,1.0,0,1,0,1,1,27,0,0,0
2026-07-30,823921,,/api/v1.1/game/823921/feed/live,R,2026,2026-07-30,,night,P,N,N,Regular Season,3,3,1,Final,Final,22,UNIQLO Field at Dodger Stadium,119,Los Angeles Dodgers,LAD,6,True,136,Seattle Mariners,SEA,2,False,672613,Eliezer Alfonzo,Eliezer,Alfonzo,64,1999-09-23,26,"5' 10""",155,2,Catcher,S,Switch,R,Right,,,,,,,,,,,,,,,,,,,,,,,,,,
2026-07-30,823921,,/api/v1.1/game/823921/feed/live,R,2026,2026-07-30,,night,P,N,N,Regular Season,3,3,1,Final,Final,22,UNIQLO Field at Dodger Stadium,119,Los Angeles Dodgers,LAD,6,True,136,Seattle Mariners,SEA,2,False,669242,Tommy Edman,Thomas,Edman,25,1995-05-09,31,"5' 10""",193,4,Second Base,S,Switch,R,Right,"0-3 | BB, K, R",,3,0,0,0,0,0,1,1,1,0,0,0,4,0,,,,,,,,,,
2026-07-30,823921,,/api/v1.1/game/823921/feed/live,R,2026,2026-07-30,,night,P,N,N,Regular Season,3,3,1,Final,Final,22,UNIQLO Field at Dodger Stadium,119,Los Angeles Dodgers,LAD,6,True,136,Seattle Mariners,SEA,2,False,660271,Shohei Ohtani,Shohei,Ohtani,17,1994-07-05,32,"6' 4""",210,Y,Two-Way Player,L,Left,R,Right,,,,,,,,,,,,,,,,,,,,,,,,,,
2026-07-30,823921,,/api/v1.1/game/823921/feed/live,R,2026,2026-07-30,,night,P,N,N,Regular Season,3,3,1,Final,Final,22,UNIQLO Field at Dodger Stadium,119,Los Angeles Dodgers,LAD,6,True,136,Seattle Mariners,SEA,2,False,694361,Will Klein,William,Klein,61,1999-11-28,26,"6' 5""",230,1,Pitcher,R,Right,R,Right,,,,,,,,,,,,,,,,,,,,,,,,,,
2026-07-30,823921,,/api/v1.1/game/823921/feed/live,R,2026,2026-07-30,,night,P,N,N,Regular Season,3,3,1,Final,Final,22,UNIQLO Field at Dodger Stadium,119,Los Angeles Dodgers,LAD,6,True,136,Seattle Mariners,SEA,2,False,680736,Justin Wrobleski,Justin,Wrobleski,70,2000-07-14,26,"6' 1""",194,1,Pitcher,L,Left,L,Left,,,,,,,,,,,,,,,,,,,,,,,,,,
2026-07-30,823921,,/api/v1.1/game/823921/feed/live,R,2026,2026-07-30,,night,P,N,N,Regular Season,3,3,1,Final,Final,22,UNIQLO Field at Dodger Stadium,119,Los Angeles Dodgers,LAD,6,True,136,Seattle Mariners,SEA,2,False,606192,Teoscar Hernández,Teoscar,Hernández,37,1992-10-15,33,"6' 0""",215,7,Outfielder,R,Right,R,Right,"2-3 | HR, BB, RBI",,3,2,0,0,1,1,2,0,1,0,0,0,4,5,,,,,,,,,,
2026-07-30,823921,,/api/v1.1/game/823921/feed/live,R,2026,2026-07-30,,night,P,N,N,Regular Season,3,3,1,Final,Final,22,UNIQLO Field at Dodger Stadium,119,Los Angeles Dodgers,LAD,6,True,136,Seattle Mariners,SEA,2,False,681624,Andy Pages,Andy,Pages,44,2000-12-08,25,"6' 1""",212,8,Outfielder,R,Right,R,Right,2-4 | R,,4,2,0,0,0,0,1,0,0,0,0,0,4,2,,,,,,,,,,
2026-07-30,823921,,/api/v1.1/game/823921/feed/live,R,2026,2026-07-30,,night,P,N,N,Regular Season,3,3,1,Final,Final,22,UNIQLO Field at Dodger Stadium,119,Los Angeles Dodgers,LAD,6,True,136,Seattle Mariners,SEA,2,False,621242,Edwin Díaz,Edwin,Díaz,3,1994-03-22,32,"6' 3""",165,1,Pitcher,R,Right,R,Right,"1.0 IP, 0 ER, 2 K, 0 BB",,,,,,,,,,,,,,,,1.0,0,1,0,2,0,18,0,0,0
2026-07-30,823921,,/api/v1.1/game/823921/feed/live,R,2026,2026-07-30,,night,P,N,N,Regular Season,3,3,1,Final,Final,22,UNIQLO Field at Dodger Stadium,119,Los Angeles Dodgers,LAD,6,True,136,Seattle Mariners,SEA,2,False,623465,Evan Phillips,Evan,Phillips,59,1994-09-11,31,"6' 2""",215,1,Pitcher,R,Right,R,Right,,,,,,,,,,,,,,,,,,,,,,,,,,
2026-07-30,823921,,/api/v1.1/game/823921/feed/live,R,2026,2026-07-30,,night,P,N,N,Regular Season,3,3,1,Final,Final,22,UNIQLO Field at Dodger Stadium,119,Los Angeles Dodgers,LAD,6,True,136,Seattle Mariners,SEA,2,False,605141,Mookie Betts,Markus,Betts,50,1992-10-07,33,"5' 9""",180,6,Shortstop,R,Right,R,Right,"2-4 | 2B, K, 2 RBI",,4,2,1,0,0,2,0,1,0,0,0,0,4,3,,,,,,,,,,
2026-07-30,823921,,/api/v1.1/game/823921/feed/live,R,2026,2026-07-30,,night,P,N,N,Regular Season,3,3,1,Final,Final,22,UNIQLO Field at Dodger Stadium,119,Los Angeles Dodgers,LAD,6,True,136,Seattle Mariners,SEA,2,False,669743,Alex Call,Alex,Call,12,1994-09-27,31,"5' 11""",189,7,Outfielder,R,Right,R,Right,,,,,,,,,,,,,,,,,,,,,,,,,,
2026-07-30,823921,,/api/v1.1/game/823921/feed/live,R,2026,2026-07-30,,night,P,N,N,Regular Season,3,3,1,Final,Final,22,UNIQLO Field at Dodger Stadium,119,Los Angeles Dodgers,LAD,6,True,136,Seattle Mariners,SEA,2,False,592779,Brock Stewart,Brock,Stewart,41,1991-10-03,34,"6' 3""",220,1,Pitcher,L,Left,R,Right,,,,,,,,,,,,,,,,,,,,,,,,,,
2026-07-30,823921,,/api/v1.1/game/823921/feed/live,R,2026,2026-07-30,,night,P,N,N,Regular Season,3,3,1,Final,Final,22,UNIQLO Field at Dodger Stadium,119,Los Angeles Dodgers,LAD,6,True,136,Seattle Mariners,SEA,2,False,686218,Emmet Sheehan,George,Sheehan,80,1999-11-15,26,"6' 5""",220,1,Pitcher,R,Right,R,Right,,,,,,,,,,,,,,,,,,,,,,,,,,
2026-07-30,823921,,/api/v1.1/game/823921/feed/live,R,2026,2026-07-30,,night,P,N,N,Regular Season,3,3,1,Final,Final,22,UNIQLO Field at Dodger Stadium,119,Los Angeles Dodgers,LAD,6,True,136,Seattle Mariners,SEA,2,False,500743,Miguel Rojas,Miguel,Rojas,72,1989-02-24,37,"5' 10""",188,4,Second Base,R,Right,R,Right,,,,,,,,,,,,,,,,,,,,,,,,,,
2026-07-30,823921,,/api/v1.1/game/823921/feed/live,R,2026,2026-07-30,,night,P,N,N,Regular Season,3,3,1,Final,Final,22,UNIQLO Field at Dodger Stadium,119,Los Angeles Dodgers,LAD,6,True,136,Seattle Mariners,SEA,2,False,676263,Jack Dreyer,Jacob,Dreyer,86,1999-02-27,27,"6' 2""",205,1,Pitcher,R,Right,L,Left,"1.1 IP, 0 ER, K, 0 BB",,,,,,,,,,,,,,,,1.1,0,0,0,1,0,8,0,0,0
2026-07-30,823921,,/api/v1.1/game/823921/feed/live,R,2026,2026-07-30,,night,P,N,N,Regular Season,3,3,1,Final,Final,22,UNIQLO Field at Dodger Stadium,119,Los Angeles Dodgers,LAD,6,True,136,Seattle Mariners,SEA,2,False,808963,Roki Sasaki,Roki,Sasaki,11,2001-11-03,24,"6' 2""",187,1,Pitcher,R,Right,R,Right,"5.1 IP, 2 ER, 7 K, 3 BB",,,,,,,,,,,,,,,,5.1,2,5,0,7,3,90,1,0,0
2026-07-30,823921,,/api/v1.1/game/823921/feed/live,R,2026,2026-07-30,,night,P,N,N,Regular Season,3,3,1,Final,Final,22,UNIQLO Field at Dodger Stadium,119,Los Angeles Dodgers,LAD,6,True,136,Seattle Mariners,SEA,2,False,808967,Yoshinobu Yamamoto,Yoshinobu,Yamamoto,18,1998-08-17,27,"5' 10""",176,1,Pitcher,R,Right,R,Right,,,,,,,,,,,,,,,,,,,,,,,,,,
2026-07-30,823921,,/api/v1.1/game/823921/feed/live,R,2026,2026-07-30,,night,P,N,N,Regular Season,3,3,1,Final,Final,22,UNIQLO Field at Dodger Stadium,119,Los Angeles Dodgers,LAD,6,True,136,Seattle Mariners,SEA,2,False,647304,Josh Naylor,Joshua-Douglas,Naylor,12,1997-06-22,29,"5' 10""",235,3,First Base,L,Left,L,Left,2-4 | K,,4,2,0,0,0,0,0,1,0,0,0,0,4,2,,,,,,,,,,
2026-07-30,823921,,/api/v1.1/game/823921/feed/live,R,2026,2026-07-30,,night,P,N,N,Regular Season,3,3,1,Final,Final,22,UNIQLO Field at Dodger Stadium,119,Los Angeles Dodgers,LAD,6,True,136,Seattle Mariners,SEA,2,False,645302,Victor Robles,Victor,Robles,10,1997-05-19,29,"6' 0""",193,9,Outfielder,R,Right,R,Right,,,,,,,,,,,,,,,,,,,,,,,,,,
2026-07-30,823921,,/api/v1.1/game/823921/feed/live,R,2026,2026-07-30,,night,P,N,N,Regular Season,3,3,1,Final,Final,22,UNIQLO Field at Dodger Stadium,119,Los Angeles Dodgers,LAD,6,True,136,Seattle Mariners,SEA,2,False,702284,Cole Young,Cole,Young,2,2003-07-29,23,"5' 10""",180,4,Second Base,L,Left,R,Right,"2-5 | 3B, R",,5,2,0,1,0,0,1,0,0,0,0,0,5,4,,,,,,,,,,
2026-07-30,823921,,/api/v1.1/game/823921/feed/live,R,2026,2026-07-30,,night,P,N,N,Regular Season,3,3,1,Final,Final,22,UNIQLO Field at Dodger Stadium,119,Los Angeles Dodgers,LAD,6,True,136,Seattle Mariners,SEA,2,False,678606,José A. Ferrer,José,Ferrer,45,2000-03-03,26,"6' 1""",233,1,Pitcher,L,Left,L,Left,,,,,,,,,,,,,,,,,,,,,,,,,,
2026-07-30,823921,,/api/v1.1/game/823921/feed/live,R,2026,2026-07-30,,night,P,N,N,Regular Season,3,3,1,Final,Final,22,UNIQLO Field at Dodger Stadium,119,Los Angeles Dodgers,LAD,6,True,136,Seattle Mariners,SEA,2,False,621074,Michael Rucker,Michael,Rucker,38,1994-04-27,32,"6' 1""",195,1,Pitcher,R,Right,R,Right,,,,,,,,,,,,,,,,,,,,,,,,,,
2026-07-30,823921,,/api/v1.1/game/823921/feed/live,R,2026,2026-07-30,,night,P,N,N,Regular Season,3,3,1,Final,Final,22,UNIQLO Field at Dodger Stadium,119,Los Angeles Dodgers,LAD,6,True,136,Seattle Mariners,SEA,2,False,642215,Weston Wilson,Weston,Wilson,31,1994-09-11,31,"6' 3""",215,5,Third Base,R,Right,R,Right,"1-3 | BB, K",,3,1,0,0,0,0,0,1,1,0,0,0,4,1,,,,,,,,,,
2026-07-30,823921,,/api/v1.1/game/823921/feed/live,R,2026,2026-07-30,,night,P,N,N,Regular Season,3,3,1,Final,Final,22,UNIQLO Field at Dodger Stadium,119,Los Angeles Dodgers,LAD,6,True,136,Seattle Mariners,SEA,2,False,695380,Alex Hoppe,Alex,Hoppe,48,1998-12-17,27,"6' 1""",200,1,Pitcher,R,Right,R,Right,"2.0 IP, ER, 3 K, 0 BB",,,,,,,,,,,,,,,,2.0,1,1,1,3,0,35,0,0,0
2026-07-30,823921,,/api/v1.1/game/823921/feed/live,R,2026,2026-07-30,,night,P,N,N,Regular Season,3,3,1,Final,Final,22,UNIQLO Field at Dodger Stadium,119,Los Angeles Dodgers,LAD,6,True,136,Seattle Mariners,SEA,2,False,668227,Randy Arozarena,Randy,Arozarena,56,1995-02-28,31,"5' 10""",185,7,Outfielder,R,Right,R,Right,"3-4 | 2B, BB, RBI",,4,3,1,0,0,1,1,0,1,0,0,0,5,4,,,,,,,,,,
2026-07-30,823921,,/api/v1.1/game/823921/feed/live,R,2026,2026-07-30,,night,P,N,N,Regular Season,3,3,1,Final,Final,22,UNIQLO Field at Dodger Stadium,119,Los Angeles Dodgers,LAD,6,True,136,Seattle Mariners,SEA,2,False,641487,J.P. Crawford,John,Crawford,3,1995-01-11,31,"6' 0""",202,6,Shortstop,L,Left,R,Right,,,,,,,,,,,,,,,,,,,,,,,,,,
2026-07-30,823921,,/api/v1.1/game/823921/feed/live,R,2026,2026-07-30,,night,P,N,N,Regular Season,3,3,1,Final,Final,22,UNIQLO Field at Dodger Stadium,119,Los Angeles Dodgers,LAD,6,True,136,Seattle Mariners,SEA,2,False,686527,Dominic Canzone,Dominic,Canzone,8,1997-08-16,28,"6' 0""",190,10,Designated Hitter,L,Left,R,Right,"0-3 | 2 BB, 3 K",,3,0,0,0,0,0,0,3,2,0,0,0,5,0,,,,,,,,,,
2026-07-30,823921,,/api/v1.1/game/823921/feed/live,R,2026,2026-07-30,,night,P,N,N,Regular Season,3,3,1,Final,Final,22,UNIQLO Field at Dodger Stadium,119,Los Angeles Dodgers,LAD,6,True,136,Seattle Mariners,SEA,2,False,663728,Cal Raleigh,Caleb,Raleigh,29,1996-11-26,29,"6' 2""",235,2,Catcher,S,Switch,R,Right,"0-3 | BB, 2 K, RBI",,3,0,0,0,0,1,0,2,1,0,0,0,4,0,,,,,,,,,,
2026-07-30,823921,,/api/v1.1/game/823921/feed/live,R,2026,2026-07-30,,night,P,N,N,Regular Season,3,3,1,Final,Final,22,UNIQLO Field at Dodger Stadium,119,Los Angeles Dodgers,LAD,6,True,136,Seattle Mariners,SEA,2,False,608701,Rob Refsnyder,Robert,Refsnyder,30,1991-03-26,35,"5' 11""",215,10,Designated Hitter,R,Right,R,Right,0-2 | 2 K,,2,0,0,0,0,0,0,2,0,0,0,0,2,0,,,,,,,,,,
2026-07-30,823921,,/api/v1.1/game/823921/feed/live,R,2026,2026-07-30,,night,P,N,N,Regular Season,3,3,1,Final,Final,22,UNIQLO Field at Dodger Stadium,119,Los Angeles Dodgers,LAD,6,True,136,Seattle Mariners,SEA,2,False,677961,Cole Wilcox,Mitchell,Wilcox,43,1999-07-14,27,"6' 5""",232,1,Pitcher,R,Right,R,Right,"1.0 IP, 0 ER, 2 K, BB",,,,,,,,,,,,,,,,1.0,0,2,0,2,1,19,0,0,0
2026-07-30,823921,,/api/v1.1/game/823921/feed/live,R,2026,2026-07-30,,night,P,N,N,Regular Season,3,3,1,Final,Final,22,UNIQLO Field at Dodger Stadium,119,Los Angeles Dodgers,LAD,6,True,136,Seattle Mariners,SEA,2,False,669302,Logan Gilbert,Logan,Gilbert,36,1997-05-05,29,"6' 6""",215,1,Pitcher,R,Right,R,Right,,,,,,,,,,,,,,,,,,,,,,,,,,
2026-07-30,823921,,/api/v1.1/game/823921/feed/live,R,2026,2026-07-30,,night,P,N,N,Regular Season,3,3,1,Final,Final,22,UNIQLO Field at Dodger Stadium,119,Los Angeles Dodgers,LAD,6,True,136,Seattle Mariners,SEA,2,False,693433,Bryan Woo,Bryan,Woo,22,2000-01-30,26,"6' 2""",205,1,Pitcher,R,Right,R,Right,"5.0 IP, 5 ER, 8 K, 2 BB",,,,,,,,,,,,,,,,5.0,5,5,1,8,2,91,0,1,0
2026-07-30,823921,,/api/v1.1/game/823921/feed/live,R,2026,2026-07-30,,night,P,N,N,Regular Season,3,3,1,Final,Final,22,UNIQLO Field at Dodger Stadium,119,Los Angeles Dodgers,LAD,6,True,136,Seattle Mariners,SEA,2,False,806068,Colt Emerson,Colt,Emerson,4,2005-07-20,21,"6' 0""",195,6,Shortstop,L,Left,R,Right,0-4 | K,,4,0,0,0,0,0,0,1,0,0,0,0,4,0,,,,,,,,,,
2026-07-30,823921,,/api/v1.1/game/823921/feed/live,R,2026,2026-07-30,,night,P,N,N,Regular Season,3,3,1,Final,Final,22,UNIQLO Field at Dodger Stadium,119,Los Angeles Dodgers,LAD,6,True,136,Seattle Mariners,SEA,2,False,622491,Luis Castillo,Luis,Castillo,58,1992-12-12,33,"6' 2""",200,1,Pitcher,R,Right,R,Right,,,,,,,,,,,,,,,,,,,,,,,,,,
2026-07-30,823921,,/api/v1.1/game/823921/feed/live,R,2026,2026-07-30,,night,P,N,N,Regular Season,3,3,1,Final,Final,22,UNIQLO Field at Dodger Stadium,119,Los Angeles Dodgers,LAD,6,True,136,Seattle Mariners,SEA,2,False,669923,George Kirby,George,Kirby,68,1998-02-04,28,"6' 4""",215,1,Pitcher,R,Right,R,Right,,,,,,,,,,,,,,,,,,,,,,,,,,
2026-07-30,823921,,/api/v1.1/game/823921/feed/live,R,2026,2026-07-30,,night,P,N,N,Regular Season,3,3,1,Final,Final,22,UNIQLO Field at Dodger Stadium,119,Los Angeles Dodgers,LAD,6,True,136,Seattle Mariners,SEA,2,False,662253,Andrés Muñoz,Andrés,Muñoz,75,1999-01-16,27,"6' 2""",222,1,Pitcher,R,Right,R,Right,,,,,,,,,,,,,,,,,,,,,,,,,,
2026-07-30,823921,,/api/v1.1/game/823921/feed/live,R,2026,2026-07-30,,night,P,N,N,Regular Season,3,3,1,Final,Final,22,UNIQLO Field at Dodger Stadium,119,Los Angeles Dodgers,LAD,6,True,136,Seattle Mariners,SEA,2,False,641598,Mitch Garver,Mitchell,Garver,18,1991-01-15,35,"6' 1""",220,2,Catcher,R,Right,R,Right,,,,,,,,,,,,,,,,,,,,,,,,,,
2026-07-30,823921,,/api/v1.1/game/823921/feed/live,R,2026,2026-07-30,,night,P,N,N,Regular Season,3,3,1,Final,Final,22,UNIQLO Field at Dodger Stadium,119,Los Angeles Dodgers,LAD,6,True,136,Seattle Mariners,SEA,2,False,642100,Gabe Speier,Gabriel,Speier,55,1995-04-12,31,"5' 11""",200,1,Pitcher,L,Left,L,Left,,,,,,,,,,,,,,,,,,,,,,,,,,
2026-07-30,823921,,/api/v1.1/game/823921/feed/live,R,2026,2026-07-30,,night,P,N,N,Regular Season,3,3,1,Final,Final,22,UNIQLO Field at Dodger Stadium,119,Los Angeles Dodgers,LAD,6,True,136,Seattle Mariners,SEA,2,False,677594,Julio Rodríguez,Julio,Rodríguez,44,2000-12-29,25,"6' 4""",228,8,Outfielder,R,Right,R,Right,0-5 | K,,5,0,0,0,0,0,0,1,0,0,0,0,5,0,,,,,,,,,,
2026-07-30,823921,,/api/v1.1/game/823921/feed/live,R,2026,2026-07-30,,night,P,N,N,Regular Season,3,3,1,Final,Final,22,UNIQLO Field at Dodger Stadium,119,Los Angeles Dodgers,LAD,6,True,136,Seattle Mariners,SEA,2,False,682243,Bryce Miller,Bryce,Miller,50,1998-08-23,27,"6' 2""",200,1,Pitcher,R,Right,R,Right,,,,,,,,,,,,,,,,,,,,,,,,,,
2026-07-30,823921,,/api/v1.1/game/823921/feed/live,R,2026,2026-07-30,,night,P,N,N,Regular Season,3,3,1,Final,Final,22,UNIQLO Field at Dodger Stadium,119,Los Angeles Dodgers,LAD,6,True,136,Seattle Mariners,SEA,2,False,660825,Eduard Bazardo,Eduard,Bazardo,83,1995-09-01,30,"6' 0""",190,1,Pitcher,R,Right,R,Right,,,,,,,,,,,,,,,,,,,,,,,,,,
2026-07-30,823921,,/api/v1.1/game/823921/feed/live,R,2026,2026-07-30,,night,P,N,N,Regular Season,3,3,1,Final,Final,22,UNIQLO Field at Dodger Stadium,119,Los Angeles Dodgers,LAD,6,True,136,Seattle Mariners,SEA,2,False,670042,Luke Raley,Lucas,Raley,20,1994-09-19,31,"6' 3""",235,9,Outfielder,L,Left,R,Right,0-2,,2,0,0,0,0,0,0,0,0,0,0,0,2,0,,,,,,,,,,
2026-07-30,823921,,/api/v1.1/game/823921/feed/live,R,2026,2026-07-30,,night,P,N,N,Regular Season,3,3,1,Final,Final,22,UNIQLO Field at Dodger Stadium,119,Los Angeles Dodgers,LAD,6,True,136,Seattle Mariners,SEA,2,False,676106,Emerson Hancock,Emerson,Hancock,26,1999-05-31,27,"6' 4""",213,1,Pitcher,R,Right,R,Right,,,,,,,,,,,,,,,,,,,,,,,,,,
