gameDate,gamePk,gameGuid,link,gameType,season,officialDate,description,dayNight,gamedayType,doubleHeader,tiebreaker,seriesDescription,seriesGameNumber,gamesInSeries,gameNumber,status_abstractGameState,status_detailedState,venue_id,venue_name,home_team_id,home_team_name,home_team_abbreviation,home_score,home_isWinner,away_team_id,away_team_name,away_team_abbreviation,away_score,away_isWinner,playerId,fullName,firstName,lastName,primaryNumber,birthDate,currentAge,height,weight,primaryPosition_code,primaryPosition_name,batSide_code,batSide_description,pitchHand_code,pitchHand_description,gameLogSummary,note,atBats,hits,doubles,triples,homeRuns,rbi,runs,strikeOuts,baseOnBalls,stolenBases,caughtStealing,groundIntoDoublePlay,plateAppearances,totalBases,inningsPitched,earnedRuns,hitsAllowed,homeRunsAllowed,strikeOutsPitching,baseOnBallsPitching,pitchesThrown,wins,losses,saves
2026-06-11,823619,,/api/v1.1/game/823619/feed/live,R,2026,2026-06-11,,day,P,N,N,Regular Season,3,3,1,Final,Final,3289,Citi Field,121,New York Mets,NYM,5,True,138,St. Louis Cardinals,STL,4,False,620443,Luis Torrens,Luis,Torrens,13,1996-05-02,30,"5' 11""",217,2,Catcher,R,Right,R,Right,,,,,,,,,,,,,,,,,,,,,,,,,,
2026-06-11,823619,,/api/v1.1/game/823619/feed/live,R,2026,2026-06-11,,day,P,N,N,Regular Season,3,3,1,Final,Final,3289,Citi Field,121,New York Mets,NYM,5,True,138,St. Louis Cardinals,STL,4,False,666182,Bo Bichette,Bo,Bichette,19,1998-03-05,28,"5' 11""",190,5,Third Base,R,Right,R,Right,"1-4 | HR, 2 RBI, R",,4,1,0,0,1,2,1,0,0,0,0,0,4,4,,,,,,,,,,
2026-06-11,823619,,/api/v1.1/game/823619/feed/live,R,2026,2026-06-11,,day,P,N,N,Regular Season,3,3,1,Final,Final,3289,Citi Field,121,New York Mets,NYM,5,True,138,St. Louis Cardinals,STL,4,False,682626,Francisco Alvarez,Francisco,Alvarez,4,2001-11-19,24,"5' 10""",233,2,Catcher,R,Right,R,Right,1-3 | K,,3,1,0,0,0,0,0,1,0,0,0,0,3,1,,,,,,,,,,
2026-06-11,823619,,/api/v1.1/game/823619/feed/live,R,2026,2026-06-11,,day,P,N,N,Regular Season,3,3,1,Final,Final,3289,Citi Field,121,New York Mets,NYM,5,True,138,St. Louis Cardinals,STL,4,False,640455,Sean Manaea,Sean,Manaea,59,1992-02-01,34,"6' 5""",245,1,Pitcher,R,Right,L,Left,,,,,,,,,,,,,,,,,,,,,,,,,,
2026-06-11,823619,,/api/v1.1/game/823619/feed/live,R,2026,2026-06-11,,day,P,N,N,Regular Season,3,3,1,Final,Final,3289,Citi Field,121,New York Mets,NYM,5,True,138,St. Louis Cardinals,STL,4,False,668901,Mark Vientos,Mark,Vientos,27,1999-12-11,26,"6' 3""",185,3,First Base,R,Right,R,Right,,,,,,,,,,,,,,,,,,,,,,,,,,
2026-06-11,823619,,/api/v1.1/game/823619/feed/live,R,2026,2026-06-11,,day,P,N,N,Regular Season,3,3,1,Final,Final,3289,Citi Field,121,New York Mets,NYM,5,True,138,St. Louis Cardinals,STL,4,False,681810,Austin Warren,Austin,Warren,44,1996-02-05,30,"6' 0""",170,1,Pitcher,R,Right,R,Right,,,,,,,,,,,,,,,,,,,,,,,,,,
2026-06-11,823619,,/api/v1.1/game/823619/feed/live,R,2026,2026-06-11,,day,P,N,N,Regular Season,3,3,1,Final,Final,3289,Citi Field,121,New York Mets,NYM,5,True,138,St. Louis Cardinals,STL,4,False,683146,Brett Baty,Brett,Baty,7,1999-11-13,26,"6' 3""",210,5,Third Base,L,Left,R,Right,0-4 | K,,4,0,0,0,0,0,0,1,0,0,0,0,4,0,,,,,,,,,,
2026-06-11,823619,,/api/v1.1/game/823619/feed/live,R,2026,2026-06-11,,day,P,N,N,Regular Season,3,3,1,Final,Final,3289,Citi Field,121,New York Mets,NYM,5,True,138,St. Louis Cardinals,STL,4,False,623211,Huascar Brazobán,Huascar,Brazobán,43,1989-10-15,36,"6' 3""",155,1,Pitcher,R,Right,R,Right,,,,,,,,,,,,,,,,,,,,,,,,,,
2026-06-11,823619,,/api/v1.1/game/823619/feed/live,R,2026,2026-06-11,,day,P,N,N,Regular Season,3,3,1,Final,Final,3289,Citi Field,121,New York Mets,NYM,5,True,138,St. Louis Cardinals,STL,4,False,596133,Luke Weaver,Luke,Weaver,30,1993-08-21,32,"6' 2""",180,1,Pitcher,R,Right,R,Right,"1.0 IP, 0 ER, 0 K, 0 BB",,,,,,,,,,,,,,,,1.0,0,0,0,0,0,11,0,0,0
2026-06-11,823619,,/api/v1.1/game/823619/feed/live,R,2026,2026-06-11,,day,P,N,N,Regular Season,3,3,1,Final,Final,3289,Citi Field,121,New York Mets,NYM,5,True,138,St. Louis Cardinals,STL,4,False,701807,Carson Benge,Carson,Benge,3,2003-01-20,23,"6' 1""",184,9,Outfielder,L,Left,R,Right,"1-4 | 2 K, R",,4,1,0,0,0,0,1,2,0,0,0,0,4,1,,,,,,,,,,
2026-06-11,823619,,/api/v1.1/game/823619/feed/live,R,2026,2026-06-11,,day,P,N,N,Regular Season,3,3,1,Final,Final,3289,Citi Field,121,New York Mets,NYM,5,True,138,St. Louis Cardinals,STL,4,False,676572,Eric Wagaman,Eric,Wagaman,39,1997-08-14,28,"6' 4""",210,3,First Base,R,Right,R,Right,,,,,,,,,,,,,,,,,,,,,,,,,,
2026-06-11,823619,,/api/v1.1/game/823619/feed/live,R,2026,2026-06-11,,day,P,N,N,Regular Season,3,3,1,Final,Final,3289,Citi Field,121,New York Mets,NYM,5,True,138,St. Louis Cardinals,STL,4,False,642207,Devin Williams,Devin,Williams,38,1994-09-21,31,"6' 2""",193,1,Pitcher,R,Right,R,Right,"1.0 IP, 0 ER, 2 K, 0 BB",,,,,,,,,,,,,,,,1.0,0,0,0,2,0,16,0,0,1
2026-06-11,823619,,/api/v1.1/game/823619/feed/live,R,2026,2026-06-11,,day,P,N,N,Regular Season,3,3,1,Final,Final,3289,Citi Field,121,New York Mets,NYM,5,True,138,St. Louis Cardinals,STL,4,False,650960,Daniel Duarte,Daniel,Duarte,54,1996-12-04,29,"6' 0""",235,1,Pitcher,R,Right,R,Right,,,,,,,,,,,,,,,,,,,,,,,,,,
2026-06-11,823619,,/api/v1.1/game/823619/feed/live,R,2026,2026-06-11,,day,P,N,N,Regular Season,3,3,1,Final,Final,3289,Citi Field,121,New York Mets,NYM,5,True,138,St. Louis Cardinals,STL,4,False,543760,Marcus Semien,Marcus,Semien,10,1990-09-17,35,"6' 0""",195,4,Second Base,R,Right,R,Right,1-4 | 2 K,,4,1,0,0,0,0,0,2,0,0,0,0,4,1,,,,,,,,,,
2026-06-11,823619,,/api/v1.1/game/823619/feed/live,R,2026,2026-06-11,,day,P,N,N,Regular Season,3,3,1,Final,Final,3289,Citi Field,121,New York Mets,NYM,5,True,138,St. Louis Cardinals,STL,4,False,672335,Cionel Pérez,Cionel,Pérez,52,1996-04-21,30,"6' 0""",175,1,Pitcher,R,Right,L,Left,,,,,,,,,,,,,,,,,,,,,,,,,,
2026-06-11,823619,,/api/v1.1/game/823619/feed/live,R,2026,2026-06-11,,day,P,N,N,Regular Season,3,3,1,Final,Final,3289,Citi Field,121,New York Mets,NYM,5,True,138,St. Louis Cardinals,STL,4,False,669004,MJ Melendez,Mervyl,Melendez,1,1998-11-29,27,"6' 0""",190,10,Designated Hitter,L,Left,R,Right,1-3 | K,,3,1,0,0,0,0,0,1,0,0,0,0,3,1,,,,,,,,,,
2026-06-11,823619,,/api/v1.1/game/823619/feed/live,R,2026,2026-06-11,,day,P,N,N,Regular Season,3,3,1,Final,Final,3289,Citi Field,121,New York Mets,NYM,5,True,138,St. Louis Cardinals,STL,4,False,621345,A.J. Minter,Alex,Minter,33,1993-09-02,32,"6' 0""",215,1,Pitcher,L,Left,L,Left,"1.1 IP, 0 ER, 0 K, 0 BB",,,,,,,,,,,,,,,,1.1,0,0,0,0,0,14,0,0,0
2026-06-11,823619,,/api/v1.1/game/823619/feed/live,R,2026,2026-06-11,,day,P,N,N,Regular Season,3,3,1,Final,Final,3289,Citi Field,121,New York Mets,NYM,5,True,138,St. Louis Cardinals,STL,4,False,656849,David Peterson,David,Peterson,23,1995-09-03,30,"6' 6""",240,1,Pitcher,L,Left,L,Left,,,,,,,,,,,,,,,,,,,,,,,,,,
2026-06-11,823619,,/api/v1.1/game/823619/feed/live,R,2026,2026-06-11,,day,P,N,N,Regular Season,3,3,1,Final,Final,3289,Citi Field,121,New York Mets,NYM,5,True,138,St. Louis Cardinals,STL,4,False,642547,Freddy Peralta,Freddy,Peralta,51,1996-06-04,30,"6' 0""",198,1,Pitcher,R,Right,R,Right,,,,,,,,,,,,,,,,,,,,,,,,,,
2026-06-11,823619,,/api/v1.1/game/823619/feed/live,R,2026,2026-06-11,,day,P,N,N,Regular Season,3,3,1,Final,Final,3289,Citi Field,121,New York Mets,NYM,5,True,138,St. Louis Cardinals,STL,4,False,665742,Juan Soto,Juan,Soto,22,1998-10-25,27,"6' 1""",224,7,Outfielder,L,Left,L,Left,"2-4 | HR, 2B, RBI",,4,2,1,0,1,1,2,0,0,0,0,0,4,6,,,,,,,,,,
2026-06-11,823619,,/api/v1.1/game/823619/feed/live,R,2026,2026-06-11,,day,P,N,N,Regular Season,3,3,1,Final,Final,3289,Citi Field,121,New York Mets,NYM,5,True,138,St. Louis Cardinals,STL,4,False,681035,Christian Scott,Christian,Scott,45,1999-06-15,26,"6' 4""",215,1,Pitcher,R,Right,R,Right,"4.2 IP, 4 ER, 6 K, BB",,,,,,,,,,,,,,,,4.2,4,7,3,6,1,88,0,0,0
2026-06-11,823619,,/api/v1.1/game/823619/feed/live,R,2026,2026-06-11,,day,P,N,N,Regular Season,3,3,1,Final,Final,3289,Citi Field,121,New York Mets,NYM,5,True,138,St. Louis Cardinals,STL,4,False,660644,Vidal Bruján,Vidal,Bruján,2,1998-02-09,28,"5' 9""",180,6,Shortstop,S,Switch,R,Right,,,,,,,,,,,,,,,,,,,,,,,,,,
2026-06-11,823619,,/api/v1.1/game/823619/feed/live,R,2026,2026-06-11,,day,P,N,N,Regular Season,3,3,1,Final,Final,3289,Citi Field,121,New York Mets,NYM,5,True,138,St. Louis Cardinals,STL,4,False,548384,Brooks Raley,Brooks,Raley,25,1988-06-29,37,"6' 3""",200,1,Pitcher,L,Left,L,Left,"1.0 IP, 0 ER, K, BB",,,,,,,,,,,,,,,,1.0,0,0,0,1,1,20,1,0,0
2026-06-11,823619,,/api/v1.1/game/823619/feed/live,R,2026,2026-06-11,,day,P,N,N,Regular Season,3,3,1,Final,Final,3289,Citi Field,121,New York Mets,NYM,5,True,138,St. Louis Cardinals,STL,4,False,690997,Nolan McLean,Nolan,McLean,26,2001-07-24,24,"6' 2""",214,1,Pitcher,R,Right,R,Right,,,,,,,,,,,,,,,,,,,,,,,,,,
2026-06-11,823619,,/api/v1.1/game/823619/feed/live,R,2026,2026-06-11,,day,P,N,N,Regular Season,3,3,1,Final,Final,3289,Citi Field,121,New York Mets,NYM,5,True,138,St. Louis Cardinals,STL,4,False,676724,Jared Young,Jared,Young,29,1995-07-09,30,"6' 2""",200,3,First Base,L,Left,R,Right,"2-4 | HR, 2 RBI, R",,4,2,0,0,1,2,1,0,0,0,0,0,4,5,,,,,,,,,,
2026-06-11,823619,,/api/v1.1/game/823619/feed/live,R,2026,2026-06-11,,day,P,N,N,Regular Season,3,3,1,Final,Final,3289,Citi Field,121,New York Mets,NYM,5,True,138,St. Louis Cardinals,STL,4,False,805999,A.J. Ewing,Andrew,Ewing,9,2004-08-10,21,"5' 10""",160,8,Outfielder,L,Left,R,Right,"1-4 | 2B, 2 K",,4,1,1,0,0,0,0,2,0,0,0,0,4,2,,,,,,,,,,
2026-06-11,823619,,/api/v1.1/game/823619/feed/live,R,2026,2026-06-11,,day,P,N,N,Regular Season,3,3,1,Final,Final,3289,Citi Field,121,New York Mets,NYM,5,True,138,St. Louis Cardinals,STL,4,False,700241,Michael McGreevy,Michael,McGreevy,36,2000-07-08,25,"6' 4""",220,1,Pitcher,L,Left,R,Right,,,,,,,,,,,,,,,,,,,,,,,,,,
2026-06-11,823619,,/api/v1.1/game/823619/feed/live,R,2026,2026-06-11,,day,P,N,N,Regular Season,3,3,1,Final,Final,3289,Citi Field,121,New York Mets,NYM,5,True,138,St. Louis Cardinals,STL,4,False,669357,Nolan Gorman,Nolan,Gorman,16,2000-05-10,26,"6' 0""",225,5,Third Base,L,Left,R,Right,0-3 | 2 K,,3,0,0,0,0,0,0,2,0,0,0,0,3,0,,,,,,,,,,
2026-06-11,823619,,/api/v1.1/game/823619/feed/live,R,2026,2026-06-11,,day,P,N,N,Regular Season,3,3,1,Final,Final,3289,Citi Field,121,New York Mets,NYM,5,True,138,St. Louis Cardinals,STL,4,False,694335,Matt Svanson,Matthew,Svanson,49,1999-01-31,27,"6' 5""",235,1,Pitcher,R,Right,R,Right,,,,,,,,,,,,,,,,,,,,,,,,,,
2026-06-11,823619,,/api/v1.1/game/823619/feed/live,R,2026,2026-06-11,,day,P,N,N,Regular Season,3,3,1,Final,Final,3289,Citi Field,121,New York Mets,NYM,5,True,138,St. Louis Cardinals,STL,4,False,691023,Jordan Walker,Jordan,Walker,18,2002-05-22,24,"6' 6""",250,9,Outfielder,R,Right,R,Right,1-4 | K,,4,1,0,0,0,0,0,1,0,0,0,0,4,1,,,,,,,,,,
2026-06-11,823619,,/api/v1.1/game/823619/feed/live,R,2026,2026-06-11,,day,P,N,N,Regular Season,3,3,1,Final,Final,3289,Citi Field,121,New York Mets,NYM,5,True,138,St. Louis Cardinals,STL,4,False,663494,Bryan Torres,Bryan,Torres,39,1997-07-02,28,"5' 7""",165,7,Outfielder,L,Left,R,Right,0-1,,1,0,0,0,0,0,0,0,0,0,0,0,1,0,,,,,,,,,,
2026-06-11,823619,,/api/v1.1/game/823619/feed/live,R,2026,2026-06-11,,day,P,N,N,Regular Season,3,3,1,Final,Final,3289,Citi Field,121,New York Mets,NYM,5,True,138,St. Louis Cardinals,STL,4,False,701675,Nathan Church,Nathan,Church,27,2000-07-12,25,"5' 10""",180,7,Outfielder,L,Left,L,Left,"1-4 | 2B, 3 K",,4,1,1,0,0,0,0,3,0,0,0,0,4,2,,,,,,,,,,
2026-06-11,823619,,/api/v1.1/game/823619/feed/live,R,2026,2026-06-11,,day,P,N,N,Regular Season,3,3,1,Final,Final,3289,Citi Field,121,New York Mets,NYM,5,True,138,St. Louis Cardinals,STL,4,False,681517,Kyle Leahy,Kyle,Leahy,62,1997-06-04,29,"6' 5""",225,1,Pitcher,S,Switch,R,Right,,,,,,,,,,,,,,,,,,,,,,,,,,
2026-06-11,823619,,/api/v1.1/game/823619/feed/live,R,2026,2026-06-11,,day,P,N,N,Regular Season,3,3,1,Final,Final,3289,Citi Field,121,New York Mets,NYM,5,True,138,St. Louis Cardinals,STL,4,False,663457,Lars Nootbaar,Lars,Nootbaar,21,1997-09-08,28,"6' 1""",205,7,Outfielder,L,Left,R,Right,"2-4 | HR, 2B, RBI",,4,2,1,0,1,1,1,0,0,0,0,0,4,6,,,,,,,,,,
2026-06-11,823619,,/api/v1.1/game/823619/feed/live,R,2026,2026-06-11,,day,P,N,N,Regular Season,3,3,1,Final,Final,3289,Citi Field,121,New York Mets,NYM,5,True,138,St. Louis Cardinals,STL,4,False,665877,José Fermín,José,Fermín,15,1999-03-29,27,"5' 10""",198,7,Outfielder,R,Right,R,Right,,,,,,,,,,,,,,,,,,,,,,,,,,
2026-06-11,823619,,/api/v1.1/game/823619/feed/live,R,2026,2026-06-11,,day,P,N,N,Regular Season,3,3,1,Final,Final,3289,Citi Field,121,New York Mets,NYM,5,True,138,St. Louis Cardinals,STL,4,False,700669,Gordon Graceffo,Gordon,Graceffo,44,2000-03-17,26,"6' 4""",220,1,Pitcher,R,Right,R,Right,"0.2 IP, 0 ER, K, 0 BB",,,,,,,,,,,,,,,,0.2,0,0,0,1,0,9,0,0,0
2026-06-11,823619,,/api/v1.1/game/823619/feed/live,R,2026,2026-06-11,,day,P,N,N,Regular Season,3,3,1,Final,Final,3289,Citi Field,121,New York Mets,NYM,5,True,138,St. Louis Cardinals,STL,4,False,668941,JoJo Romero,Joseph,Romero,59,1996-09-09,29,"5' 11""",215,1,Pitcher,L,Left,L,Left,"1.1 IP, ER, K, 0 BB",,,,,,,,,,,,,,,,1.1,1,1,1,1,0,23,0,1,0
2026-06-11,823619,,/api/v1.1/game/823619/feed/live,R,2026,2026-06-11,,day,P,N,N,Regular Season,3,3,1,Final,Final,3289,Citi Field,121,New York Mets,NYM,5,True,138,St. Louis Cardinals,STL,4,False,802139,JJ Wetherholt,Jonathan,Wetherholt,26,2002-09-10,23,"5' 9""",190,4,Second Base,L,Left,R,Right,0-4,,4,0,0,0,0,0,0,0,0,0,0,0,4,0,,,,,,,,,,
2026-06-11,823619,,/api/v1.1/game/823619/feed/live,R,2026,2026-06-11,,day,P,N,N,Regular Season,3,3,1,Final,Final,3289,Citi Field,121,New York Mets,NYM,5,True,138,St. Louis Cardinals,STL,4,False,690928,Hunter Dobbins,Hunter,Dobbins,40,1999-08-30,26,"6' 2""",185,1,Pitcher,R,Right,R,Right,"4.1 IP, 3 ER, 5 K, 0 BB",,,,,,,,,,,,,,,,4.1,3,7,2,5,0,88,0,0,0
2026-06-11,823619,,/api/v1.1/game/823619/feed/live,R,2026,2026-06-11,,day,P,N,N,Regular Season,3,3,1,Final,Final,3289,Citi Field,121,New York Mets,NYM,5,True,138,St. Louis Cardinals,STL,4,False,677865,Justin Bruihl,Justin,Bruihl,47,1997-06-26,28,"6' 2""",215,1,Pitcher,L,Left,L,Left,"0.1 IP, ER, K, 0 BB",,,,,,,,,,,,,,,,0.1,1,2,0,1,0,10,0,0,0
2026-06-11,823619,,/api/v1.1/game/823619/feed/live,R,2026,2026-06-11,,day,P,N,N,Regular Season,3,3,1,Final,Final,3289,Citi Field,121,New York Mets,NYM,5,True,138,St. Louis Cardinals,STL,4,False,676475,Alec Burleson,Alec,Burleson,41,1998-11-25,27,"6' 0""",225,3,First Base,L,Left,L,Left,"1-4 | HR, RBI, R",,4,1,0,0,1,1,1,0,0,0,0,0,4,4,,,,,,,,,,
2026-06-11,823619,,/api/v1.1/game/823619/feed/live,R,2026,2026-06-11,,day,P,N,N,Regular Season,3,3,1,Final,Final,3289,Citi Field,121,New York Mets,NYM,5,True,138,St. Louis Cardinals,STL,4,False,676617,Riley O'Brien,Riley,O'Brien,61,1995-02-06,31,"6' 4""",180,1,Pitcher,R,Right,R,Right,,,,,,,,,,,,,,,,,,,,,,,,,,
2026-06-11,823619,,/api/v1.1/game/823619/feed/live,R,2026,2026-06-11,,day,P,N,N,Regular Season,3,3,1,Final,Final,3289,Citi Field,121,New York Mets,NYM,5,True,138,St. Louis Cardinals,STL,4,False,669467,Andre Pallante,Neil,Pallante,53,1998-09-18,27,"6' 0""",215,1,Pitcher,R,Right,R,Right,,,,,,,,,,,,,,,,,,,,,,,,,,
2026-06-11,823619,,/api/v1.1/game/823619/feed/live,R,2026,2026-06-11,,day,P,N,N,Regular Season,3,3,1,Final,Final,3289,Citi Field,121,New York Mets,NYM,5,True,138,St. Louis Cardinals,STL,4,False,666277,George Soriano,George,Soriano,65,1999-03-24,27,"6' 2""",210,1,Pitcher,R,Right,R,Right,"1.1 IP, 0 ER, K, 0 BB",,,,,,,,,,,,,,,,1.1,0,0,0,1,0,8,0,0,0
2026-06-11,823619,,/api/v1.1/game/823619/feed/live,R,2026,2026-06-11,,day,P,N,N,Regular Season,3,3,1,Final,Final,3289,Citi Field,121,New York Mets,NYM,5,True,138,St. Louis Cardinals,STL,4,False,669461,Matthew Liberatore,Matthew,Liberatore,32,1999-11-06,26,"6' 4""",215,1,Pitcher,L,Left,L,Left,,,,,,,,,,,,,,,,,,,,,,,,,,
2026-06-11,823619,,/api/v1.1/game/823619/feed/live,R,2026,2026-06-11,,day,P,N,N,Regular Season,3,3,1,Final,Final,3289,Citi Field,121,New York Mets,NYM,5,True,138,St. Louis Cardinals,STL,4,False,686780,Pedro Pagés,Pedro,Pagés,43,1998-09-17,27,"5' 11""",245,2,Catcher,R,Right,R,Right,,,,,,,,,,,,,,,,,,,,,,,,,,
2026-06-11,823619,,/api/v1.1/game/823619/feed/live,R,2026,2026-06-11,,day,P,N,N,Regular Season,3,3,1,Final,Final,3289,Citi Field,121,New York Mets,NYM,5,True,138,St. Louis Cardinals,STL,4,False,592773,Ryne Stanek,Ryne,Stanek,55,1991-07-26,34,"6' 4""",226,1,Pitcher,R,Right,R,Right,,,,,,,,,,,,,,,,,,,,,,,,,,
2026-06-11,823619,,/api/v1.1/game/823619/feed/live,R,2026,2026-06-11,,day,P,N,N,Regular Season,3,3,1,Final,Final,3289,Citi Field,121,New York Mets,NYM,5,True,138,St. Louis Cardinals,STL,4,False,669160,Dustin May,Dustin,May,3,1997-09-06,28,"6' 6""",180,1,Pitcher,R,Right,R,Right,,,,,,,,,,,,,,,,,,,,,,,,,,
2026-06-11,823619,,/api/v1.1/game/823619/feed/live,R,2026,2026-06-11,,day,P,N,N,Regular Season,3,3,1,Final,Final,3289,Citi Field,121,New York Mets,NYM,5,True,138,St. Louis Cardinals,STL,4,False,691026,Masyn Winn,Masyn,Winn,0,2002-03-21,24,"5' 9""",185,6,Shortstop,R,Right,R,Right,"1-4 | 2B, K, R",,4,1,1,0,0,0,1,1,0,0,0,0,4,2,,,,,,,,,,
2026-06-11,823619,,/api/v1.1/game/823619/feed/live,R,2026,2026-06-11,,day,P,N,N,Regular Season,3,3,1,Final,Final,3289,Citi Field,121,New York Mets,NYM,5,True,138,St. Louis Cardinals,STL,4,False,671056,Iván Herrera,Ivan,Herrera,48,2000-06-01,26,"5' 11""",220,10,Designated Hitter,R,Right,R,Right,"0-2 | 2 BB, K",,2,0,0,0,0,0,0,1,2,0,0,0,4,0,,,,,,,,,,
2026-06-11,823619,,/api/v1.1/game/823619/feed/live,R,2026,2026-06-11,,day,P,N,N,Regular Season,3,3,1,Final,Final,3289,Citi Field,121,New York Mets,NYM,5,True,138,St. Louis Cardinals,STL,4,False,699625,Jimmy Crooks,James,Crooks,8,2001-07-19,24,"6' 0""",230,2,Catcher,L,Left,R,Right,"1-4 | HR, K, 2 RBI",,4,1,0,0,1,2,1,1,0,0,0,0,4,4,,,,,,,,,,
2026-06-11,823619,,/api/v1.1/game/823619/feed/live,R,2026,2026-06-11,,day,P,N,N,Regular Season,3,3,1,Final,Final,3289,Citi Field,121,New York Mets,NYM,5,True,138,St. Louis Cardinals,STL,4,False,676369,Nelson Velázquez,Nelson,Velázquez,38,1998-12-26,27,"5' 11""",190,O,Outfield,R,Right,R,Right,,,,,,,,,,,,,,,,,,,,,,,,,,
2026-06-11,824265,,/api/v1.1/game/824265/feed/live,R,2026,2026-06-11,,day,P,N,N,Regular Season,3,3,1,Final,Final,2394,Comerica Park,116,Detroit Tigers,DET,11,True,142,Minnesota Twins,MIN,0,False,664285,Framber Valdez,Framber,Valdez,59,1993-11-19,32,"5' 11""",230,1,Pitcher,R,Right,L,Left,,,,,,,,,,,,,,,,,,,,,,,,,,
2026-06-11,824265,,/api/v1.1/game/824265/feed/live,R,2026,2026-06-11,,day,P,N,N,Regular Season,3,3,1,Final,Final,2394,Comerica Park,116,Detroit Tigers,DET,11,True,142,Minnesota Twins,MIN,0,False,656716,Zach McKinstry,Zachary,McKinstry,39,1995-04-29,31,"5' 11""",180,4,Second Base,L,Left,R,Right,"2-3 | HR, BB, RBI",,3,2,0,0,1,1,1,0,1,0,0,0,4,5,,,,,,,,,,
2026-06-11,824265,,/api/v1.1/game/824265/feed/live,R,2026,2026-06-11,,day,P,N,N,Regular Season,3,3,1,Final,Final,2394,Comerica Park,116,Detroit Tigers,DET,11,True,142,Minnesota Twins,MIN,0,False,689225,Beau Brieske,Beau,Brieske,4,1998-04-04,28,"6' 3""",200,1,Pitcher,R,Right,R,Right,"1.0 IP, 0 ER, K, 0 BB",,,,,,,,,,,,,,,,1.0,0,0,0,1,0,8,0,0,0
2026-06-11,824265,,/api/v1.1/game/824265/feed/live,R,2026,2026-06-11,,day,P,N,N,Regular Season,3,3,1,Final,Final,2394,Comerica Park,116,Detroit Tigers,DET,11,True,142,Minnesota Twins,MIN,0,False,680744,Ty Madden,Tyler,Madden,36,2000-02-21,26,"6' 3""",215,1,Pitcher,R,Right,R,Right,,,,,,,,,,,,,,,,,,,,,,,,,,
2026-06-11,824265,,/api/v1.1/game/824265/feed/live,R,2026,2026-06-11,,day,P,N,N,Regular Season,3,3,1,Final,Final,2394,Comerica Park,116,Detroit Tigers,DET,11,True,142,Minnesota Twins,MIN,0,False,623454,Drew Anderson,Andrew,Anderson,38,1994-03-22,32,"6' 3""",205,1,Pitcher,R,Right,R,Right,,,,,,,,,,,,,,,,,,,,,,,,,,
2026-06-11,824265,,/api/v1.1/game/824265/feed/live,R,2026,2026-06-11,,day,P,N,N,Regular Season,3,3,1,Final,Final,2394,Comerica Park,116,Detroit Tigers,DET,11,True,142,Minnesota Twins,MIN,0,False,663330,Jahmai Jones,Jahmai,Jones,18,1997-08-04,28,"5' 10""",210,10,Designated Hitter,R,Right,R,Right,,,,,,,,,,,,,,,,,,,,,,,,,,
2026-06-11,824265,,/api/v1.1/game/824265/feed/live,R,2026,2026-06-11,,day,P,N,N,Regular Season,3,3,1,Final,Final,2394,Comerica Park,116,Detroit Tigers,DET,11,True,142,Minnesota Twins,MIN,0,False,682985,Riley Greene,Riley,Greene,31,2000-09-28,25,"6' 2""",200,7,Outfielder,L,Left,L,Left,"1-3 | HR, K, 2 RBI",,3,1,0,0,1,2,1,1,0,0,0,0,4,4,,,,,,,,,,
2026-06-11,824265,,/api/v1.1/game/824265/feed/live,R,2026,2026-06-11,,day,P,N,N,Regular Season,3,3,1,Final,Final,2394,Comerica Park,116,Detroit Tigers,DET,11,True,142,Minnesota Twins,MIN,0,False,663947,Tyler Holton,Weston,Holton,87,1996-06-13,29,"6' 2""",200,1,Pitcher,L,Left,L,Left,"1.2 IP, 0 ER, 2 K, 0 BB",,,,,,,,,,,,,,,,1.2,0,1,0,2,0,25,0,0,0
2026-06-11,824265,,/api/v1.1/game/824265/feed/live,R,2026,2026-06-11,,day,P,N,N,Regular Season,3,3,1,Final,Final,2394,Comerica Park,116,Detroit Tigers,DET,11,True,142,Minnesota Twins,MIN,0,False,805808,Kevin McGonigle,Kevin,McGonigle,7,2004-08-18,21,"5' 9""",187,6,Shortstop,L,Left,R,Right,"1-4 | 2B, R",,4,1,1,0,0,0,1,0,0,0,0,0,4,2,,,,,,,,,,
2026-06-11,824265,,/api/v1.1/game/824265/feed/live,R,2026,2026-06-11,,day,P,N,N,Regular Season,3,3,1,Final,Final,2394,Comerica Park,116,Detroit Tigers,DET,11,True,142,Minnesota Twins,MIN,0,False,681481,Kerry Carpenter,Kerry,Carpenter,30,1997-09-02,28,"6' 1""",220,9,Outfielder,L,Left,R,Right,"1-3 | BB, R",,3,1,0,0,0,0,1,0,1,0,0,0,4,1,,,,,,,,,,
2026-06-11,824265,,/api/v1.1/game/824265/feed/live,R,2026,2026-06-11,,day,P,N,N,Regular Season,3,3,1,Final,Final,2394,Comerica Park,116,Detroit Tigers,DET,11,True,142,Minnesota Twins,MIN,0,False,640448,Kyle Finnegan,Kyle,Finnegan,67,1991-09-04,34,"6' 2""",198,1,Pitcher,R,Right,R,Right,,,,,,,,,,,,,,,,,,,,,,,,,,
2026-06-11,824265,,/api/v1.1/game/824265/feed/live,R,2026,2026-06-11,,day,P,N,N,Regular Season,3,3,1,Final,Final,2394,Comerica Park,116,Detroit Tigers,DET,11,True,142,Minnesota Twins,MIN,0,False,670097,Zack Short,Zachary,Short,15,1995-05-29,31,"5' 10""",180,6,Shortstop,R,Right,R,Right,0-1,,1,0,0,0,0,0,0,0,0,0,0,0,1,0,,,,,,,,,,
2026-06-11,824265,,/api/v1.1/game/824265/feed/live,R,2026,2026-06-11,,day,P,N,N,Regular Season,3,3,1,Final,Final,2394,Comerica Park,116,Detroit Tigers,DET,11,True,142,Minnesota Twins,MIN,0,False,656427,Jack Flaherty,Jack,Flaherty,9,1995-10-15,30,"6' 4""",225,1,Pitcher,R,Right,R,Right,,,,,,,,,,,,,,,,,,,,,,,,,,
2026-06-11,824265,,/api/v1.1/game/824265/feed/live,R,2026,2026-06-11,,day,P,N,N,Regular Season,3,3,1,Final,Final,2394,Comerica Park,116,Detroit Tigers,DET,11,True,142,Minnesota Twins,MIN,0,False,679529,Spencer Torkelson,Spencer,Torkelson,20,1999-08-26,26,"6' 1""",220,3,First Base,R,Right,R,Right,"1-4 | HR, 3 K, 2 RBI",,4,1,0,0,1,2,1,3,0,0,0,0,4,4,,,,,,,,,,
2026-06-11,824265,,/api/v1.1/game/824265/feed/live,R,2026,2026-06-11,,day,P,N,N,Regular Season,3,3,1,Final,Final,2394,Comerica Park,116,Detroit Tigers,DET,11,True,142,Minnesota Twins,MIN,0,False,805427,Drew Sommers,Drew,Sommers,51,2000-08-14,25,"6' 3""",250,1,Pitcher,L,Left,L,Left,,,,,,,,,,,,,,,,,,,,,,,,,,
2026-06-11,824265,,/api/v1.1/game/824265/feed/live,R,2026,2026-06-11,,day,P,N,N,Regular Season,3,3,1,Final,Final,2394,Comerica Park,116,Detroit Tigers,DET,11,True,142,Minnesota Twins,MIN,0,False,672456,Keider Montero,Keider,Montero,54,2000-07-06,25,"6' 1""",145,1,Pitcher,R,Right,R,Right,"6.1 IP, 0 ER, 4 K, BB",,,,,,,,,,,,,,,,6.1,0,4,0,4,1,96,1,0,0
2026-06-11,824265,,/api/v1.1/game/824265/feed/live,R,2026,2026-06-11,,day,P,N,N,Regular Season,3,3,1,Final,Final,2394,Comerica Park,116,Detroit Tigers,DET,11,True,142,Minnesota Twins,MIN,0,False,650402,Gleyber Torres,Gleyber,Torres,25,1996-12-13,29,"5' 10""",205,4,Second Base,R,Right,R,Right,"1-4 | HR, RBI, R",,4,1,0,0,1,1,1,0,0,0,0,0,4,4,,,,,,,,,,
2026-06-11,824265,,/api/v1.1/game/824265/feed/live,R,2026,2026-06-11,,day,P,N,N,Regular Season,3,3,1,Final,Final,2394,Comerica Park,116,Detroit Tigers,DET,11,True,142,Minnesota Twins,MIN,0,False,668670,Jake Rogers,Jacob,Rogers,34,1995-04-18,31,"5' 11""",201,2,Catcher,R,Right,R,Right,"0-3 | BB, R",,3,0,0,0,0,0,1,0,1,0,0,0,4,0,,,,,,,,,,
2026-06-11,824265,,/api/v1.1/game/824265/feed/live,R,2026,2026-06-11,,day,P,N,N,Regular Season,3,3,1,Final,Final,2394,Comerica Park,116,Detroit Tigers,DET,11,True,142,Minnesota Twins,MIN,0,False,646241,Enmanuel De Jesus,Enmanuel,De Jesus,37,1996-12-10,29,"6' 3""",190,1,Pitcher,L,Left,L,Left,,,,,,,,,,,,,,,,,,,,,,,,,,
2026-06-11,824265,,/api/v1.1/game/824265/feed/live,R,2026,2026-06-11,,day,P,N,N,Regular Season,3,3,1,Final,Final,2394,Comerica Park,116,Detroit Tigers,DET,11,True,142,Minnesota Twins,MIN,0,False,669724,Brenan Hanifee,Brenan,Hanifee,75,1998-05-29,28,"6' 5""",215,1,Pitcher,R,Right,R,Right,,,,,,,,,,,,,,,,,,,,,,,,,,
2026-06-11,824265,,/api/v1.1/game/824265/feed/live,R,2026,2026-06-11,,day,P,N,N,Regular Season,3,3,1,Final,Final,2394,Comerica Park,116,Detroit Tigers,DET,11,True,142,Minnesota Twins,MIN,0,False,663837,Matt Vierling,Matthew,Vierling,8,1996-09-16,29,"6' 1""",205,8,Outfielder,R,Right,R,Right,0-1,,1,0,0,0,0,0,0,0,0,0,0,0,1,0,,,,,,,,,,
2026-06-11,824265,,/api/v1.1/game/824265/feed/live,R,2026,2026-06-11,,day,P,N,N,Regular Season,3,3,1,Final,Final,2394,Comerica Park,116,Detroit Tigers,DET,11,True,142,Minnesota Twins,MIN,0,False,693307,Dillon Dingler,Francis,Dingler,13,1998-09-17,27,"6' 1""",210,2,Catcher,R,Right,R,Right,"3-5 | 2B, K, R",,5,3,1,0,0,0,1,1,0,0,0,0,5,4,,,,,,,,,,
2026-06-11,824265,,/api/v1.1/game/824265/feed/live,R,2026,2026-06-11,,day,P,N,N,Regular Season,3,3,1,Final,Final,2394,Comerica Park,116,Detroit Tigers,DET,11,True,142,Minnesota Twins,MIN,0,False,676684,Will Vest,William,Vest,19,1995-06-06,31,"6' 0""",180,1,Pitcher,R,Right,R,Right,,,,,,,,,,,,,,,,,,,,,,,,,,
2026-06-11,824265,,/api/v1.1/game/824265/feed/live,R,2026,2026-06-11,,day,P,N,N,Regular Season,3,3,1,Final,Final,2394,Comerica Park,116,Detroit Tigers,DET,11,True,142,Minnesota Twins,MIN,0,False,690993,Colt Keith,Colten,Keith,33,2001-08-14,24,"6' 2""",211,5,Third Base,L,Left,R,Right,"2-4 | HR, 3 RBI, 2 R",,4,2,0,0,1,3,2,0,0,1,0,0,4,5,,,,,,,,,,
2026-06-11,824265,,/api/v1.1/game/824265/feed/live,R,2026,2026-06-11,,day,P,N,N,Regular Season,3,3,1,Final,Final,2394,Comerica Park,116,Detroit Tigers,DET,11,True,142,Minnesota Twins,MIN,0,False,672761,Wenceel Pérez,Wenceel,Pérez,46,1999-10-30,26,"5' 11""",203,9,Outfielder,S,Switch,R,Right,"1-1 | HR, 2 RBI, R",,1,1,0,0,1,2,1,0,0,0,0,0,1,4,,,,,,,,,,
2026-06-11,824265,,/api/v1.1/game/824265/feed/live,R,2026,2026-06-11,,day,P,N,N,Regular Season,3,3,1,Final,Final,2394,Comerica Park,116,Detroit Tigers,DET,11,True,142,Minnesota Twins,MIN,0,False,675512,Troy Melton,Troy,Melton,52,2000-12-03,25,"6' 4""",210,1,Pitcher,R,Right,R,Right,,,,,,,,,,,,,,,,,,,,,,,,,,
2026-06-11,824265,,/api/v1.1/game/824265/feed/live,R,2026,2026-06-11,,day,P,N,N,Regular Season,3,3,1,Final,Final,2394,Comerica Park,116,Detroit Tigers,DET,11,True,142,Minnesota Twins,MIN,0,False,689520,Cody Laweryson,Cody,Laweryson,65,1998-05-10,28,"6' 4""",205,1,Pitcher,L,Left,R,Right,"1.0 IP, ER, K, BB",,,,,,,,,,,,,,,,1.0,1,2,1,1,1,32,0,0,0
2026-06-11,824265,,/api/v1.1/game/824265/feed/live,R,2026,2026-06-11,,day,P,N,N,Regular Season,3,3,1,Final,Final,2394,Comerica Park,116,Detroit Tigers,DET,11,True,142,Minnesota Twins,MIN,0,False,671737,Taj Bradley,Taj,Bradley,26,2001-03-20,25,"6' 2""",220,1,Pitcher,R,Right,R,Right,,,,,,,,,,,,,,,,,,,,,,,,,,
2026-06-11,824265,,/api/v1.1/game/824265/feed/live,R,2026,2026-06-11,,day,P,N,N,Regular Season,3,3,1,Final,Final,2394,Comerica Park,116,Detroit Tigers,DET,11,True,142,Minnesota Twins,MIN,0,False,605170,Victor Caratini,Victor,Caratini,37,1993-08-17,32,"6' 0""",225,2,Catcher,S,Switch,R,Right,1-2 | BB,,2,1,0,0,0,0,0,0,1,0,0,0,3,1,,,,,,,,,,
2026-06-11,824265,,/api/v1.1/game/824265/feed/live,R,2026,2026-06-11,,day,P,N,N,Regular Season,3,3,1,Final,Final,2394,Comerica Park,116,Detroit Tigers,DET,11,True,142,Minnesota Twins,MIN,0,False,665019,Kody Clemens,Kody,Clemens,2,1996-05-15,30,"6' 0""",200,3,First Base,L,Left,R,Right,0-4 | K,,4,0,0,0,0,0,0,1,0,0,0,0,4,0,,,,,,,,,,
2026-06-11,824265,,/api/v1.1/game/824265/feed/live,R,2026,2026-06-11,,day,P,N,N,Regular Season,3,3,1,Final,Final,2394,Comerica Park,116,Detroit Tigers,DET,11,True,142,Minnesota Twins,MIN,0,False,686797,Brooks Lee,Brooks,Lee,22,2001-02-14,25,"6' 0""",205,6,Shortstop,S,Switch,R,Right,0-4,,4,0,0,0,0,0,0,0,0,0,0,0,4,0,,,,,,,,,,
2026-06-11,824265,,/api/v1.1/game/824265/feed/live,R,2026,2026-06-11,,day,P,N,N,Regular Season,3,3,1,Final,Final,2394,Comerica Park,116,Detroit Tigers,DET,11,True,142,Minnesota Twins,MIN,0,False,668885,Austin Martin,Christopher,Martin,16,1999-03-23,27,"5' 10""",185,9,Outfielder,R,Right,R,Right,0-3 | K,,3,0,0,0,0,0,0,1,0,0,0,0,3,0,,,,,,,,,,
2026-06-11,824265,,/api/v1.1/game/824265/feed/live,R,2026,2026-06-11,,day,P,N,N,Regular Season,3,3,1,Final,Final,2394,Comerica Park,116,Detroit Tigers,DET,11,True,142,Minnesota Twins,MIN,0,False,656484,Tristan Gray,Tristan,Gray,4,1996-03-22,30,"6' 1""",215,5,Third Base,L,Left,R,Right,0-2 | K,,2,0,0,0,0,0,0,1,0,0,0,0,2,0,,,,,,,,,,
2026-06-11,824265,,/api/v1.1/game/824265/feed/live,R,2026,2026-06-11,,day,P,N,N,Regular Season,3,3,1,Final,Final,2394,Comerica Park,116,Detroit Tigers,DET,11,True,142,Minnesota Twins,MIN,0,False,607455,Anthony Banda,Frank,Banda,43,1993-08-10,32,"6' 2""",221,1,Pitcher,L,Left,L,Left,,,,,,,,,,,,,,,,,,,,,,,,,,
2026-06-11,824265,,/api/v1.1/game/824265/feed/live,R,2026,2026-06-11,,day,P,N,N,Regular Season,3,3,1,Final,Final,2394,Comerica Park,116,Detroit Tigers,DET,11,True,142,Minnesota Twins,MIN,0,False,605137,Josh Bell,Joshua,Bell,56,1992-08-14,33,"6' 3""",261,10,Designated Hitter,S,Switch,R,Right,1-3 | K,,3,1,0,0,0,0,0,1,0,0,0,0,3,1,,,,,,,,,,
2026-06-11,824265,,/api/v1.1/game/824265/feed/live,R,2026,2026-06-11,,day,P,N,N,Regular Season,3,3,1,Final,Final,2394,Comerica Park,116,Detroit Tigers,DET,11,True,142,Minnesota Twins,MIN,0,False,702474,Mike Paredes,Michael,Paredes,53,2000-07-27,25,"5' 11""",185,1,Pitcher,R,Right,R,Right,,,,,,,,,,,,,,,,,,,,,,,,,,
2026-06-11,824265,,/api/v1.1/game/824265/feed/live,R,2026,2026-06-11,,day,P,N,N,Regular Season,3,3,1,Final,Final,2394,Comerica Park,116,Detroit Tigers,DET,11,True,142,Minnesota Twins,MIN,0,False,687570,Connor Prielipp,Connor,Prielipp,61,2001-01-10,25,"6' 2""",210,1,Pitcher,L,Left,L,Left,,,,,,,,,,,,,,,,,,,,,,,,,,
2026-06-11,824265,,/api/v1.1/game/824265/feed/live,R,2026,2026-06-11,,day,P,N,N,Regular Season,3,3,1,Final,Final,2394,Comerica Park,116,Detroit Tigers,DET,11,True,142,Minnesota Twins,MIN,0,False,664875,Justin Lawrence,Justin,Lawrence,31,1994-11-25,31,"6' 3""",211,1,Pitcher,R,Right,R,Right,,,,,,,,,,,,,,,,,,,,,,,,,,
2026-06-11,824265,,/api/v1.1/game/824265/feed/live,R,2026,2026-06-11,,day,P,N,N,Regular Season,3,3,1,Final,Final,2394,Comerica Park,116,Detroit Tigers,DET,11,True,142,Minnesota Twins,MIN,0,False,668952,Ryan Kreidler,Ryan,Kreidler,5,1997-11-12,28,"6' 3""",208,8,Outfielder,R,Right,R,Right,0-1,,1,0,0,0,0,0,0,0,0,0,0,0,1,0,,,,,,,,,,
2026-06-11,824265,,/api/v1.1/game/824265/feed/live,R,2026,2026-06-11,,day,P,N,N,Regular Season,3,3,1,Final,Final,2394,Comerica Park,116,Detroit Tigers,DET,11,True,142,Minnesota Twins,MIN,0,False,573124,Taylor Rogers,Taylor,Rogers,55,1990-12-17,35,"6' 3""",190,1,Pitcher,L,Left,L,Left,,,,,,,,,,,,,,,,,,,,,,,,,,
2026-06-11,824265,,/api/v1.1/game/824265/feed/live,R,2026,2026-06-11,,day,P,N,N,Regular Season,3,3,1,Final,Final,2394,Comerica Park,116,Detroit Tigers,DET,11,True,142,Minnesota Twins,MIN,0,False,701519,Travis Adams,Travis,Adams,45,2000-01-19,26,"6' 1""",197,1,Pitcher,R,Right,R,Right,,,,,,,,,,,,,,,,,,,,,,,,,,
2026-06-11,824265,,/api/v1.1/game/824265/feed/live,R,2026,2026-06-11,,day,P,N,N,Regular Season,3,3,1,Final,Final,2394,Comerica Park,116,Detroit Tigers,DET,11,True,142,Minnesota Twins,MIN,0,False,606115,Orlando Arcia,Orlando,Arcia,11,1994-08-04,31,"5' 11""",187,6,Shortstop,R,Right,R,Right,0-1 | K,,1,0,0,0,0,0,0,1,0,0,0,0,1,0,,,,,,,,,,
2026-06-11,824265,,/api/v1.1/game/824265/feed/live,R,2026,2026-06-11,,day,P,N,N,Regular Season,3,3,1,Final,Final,2394,Comerica Park,116,Detroit Tigers,DET,11,True,142,Minnesota Twins,MIN,0,False,668904,Royce Lewis,Royce,Lewis,23,1999-06-05,27,"6' 0""",200,5,Third Base,R,Right,R,Right,2-4 | 2 K,,4,2,0,0,0,0,0,2,0,0,0,0,4,2,,,,,,,,,,
2026-06-11,824265,,/api/v1.1/game/824265/feed/live,R,2026,2026-06-11,,day,P,N,N,Regular Season,3,3,1,Final,Final,2394,Comerica Park,116,Detroit Tigers,DET,11,True,142,Minnesota Twins,MIN,0,False,663616,Trevor Larnach,Trevor,Larnach,9,1997-02-26,29,"6' 3""",223,7,Outfielder,L,Left,R,Right,1-4,,4,1,0,0,0,0,0,0,0,0,0,0,4,1,,,,,,,,,,
2026-06-11,824265,,/api/v1.1/game/824265/feed/live,R,2026,2026-06-11,,day,P,N,N,Regular Season,3,3,1,Final,Final,2394,Comerica Park,116,Detroit Tigers,DET,11,True,142,Minnesota Twins,MIN,0,False,621439,Byron Buxton,Byron,Buxton,25,1993-12-18,32,"6' 1""",190,8,Outfielder,R,Right,R,Right,0-3,,3,0,0,0,0,0,0,0,0,0,0,0,3,0,,,,,,,,,,
2026-06-11,824265,,/api/v1.1/game/824265/feed/live,R,2026,2026-06-11,,day,P,N,N,Regular Season,3,3,1,Final,Final,2394,Comerica Park,116,Detroit Tigers,DET,11,True,142,Minnesota Twins,MIN,0,False,672782,Yoendrys Gómez,Yoendrys,Gómez,94,1999-10-15,26,"6' 3""",212,1,Pitcher,R,Right,R,Right,,,,,,,,,,,,,,,,,,,,,,,,,,
2026-06-11,824265,,/api/v1.1/game/824265/feed/live,R,2026,2026-06-11,,day,P,N,N,Regular Season,3,3,1,Final,Final,2394,Comerica Park,116,Detroit Tigers,DET,11,True,142,Minnesota Twins,MIN,0,False,805673,Zebby Matthews,Daniel,Matthews,52,2000-05-22,26,"6' 5""",225,1,Pitcher,R,Right,R,Right,"6.0 IP, 7 ER, 4 K, BB",,,,,,,,,,,,,,,,6.0,7,9,3,4,1,81,0,1,0
2026-06-11,824265,,/api/v1.1/game/824265/feed/live,R,2026,2026-06-11,,day,P,N,N,Regular Season,3,3,1,Final,Final,2394,Comerica Park,116,Detroit Tigers,DET,11,True,142,Minnesota Twins,MIN,0,False,657746,Joe Ryan,Joseph,Ryan,41,1996-06-05,30,"6' 2""",205,1,Pitcher,R,Right,R,Right,,,,,,,,,,,,,,,,,,,,,,,,,,
2026-06-11,824265,,/api/v1.1/game/824265/feed/live,R,2026,2026-06-11,,day,P,N,N,Regular Season,3,3,1,Final,Final,2394,Comerica Park,116,Detroit Tigers,DET,11,True,142,Minnesota Twins,MIN,0,False,679358,Eric Orze,Eric,Orze,19,1997-08-21,28,"6' 4""",205,1,Pitcher,R,Right,R,Right,,,,,,,,,,,,,,,,,,,,,,,,,,
2026-06-11,824265,,/api/v1.1/game/824265/feed/live,R,2026,2026-06-11,,day,P,N,N,Regular Season,3,3,1,Final,Final,2394,Comerica Park,116,Detroit Tigers,DET,11,True,142,Minnesota Twins,MIN,0,False,656577,Alex Jackson,Alexander,Jackson,70,1995-12-25,30,"6' 1""",238,2,Catcher,R,Right,R,Right,0-1,,1,0,0,0,0,0,0,0,0,0,0,0,1,0,1.0,3,2,2,0,1,15,0,0,0
2026-06-11,824265,,/api/v1.1/game/824265/feed/live,R,2026,2026-06-11,,day,P,N,N,Regular Season,3,3,1,Final,Final,2394,Comerica Park,116,Detroit Tigers,DET,11,True,142,Minnesota Twins,MIN,0,False,702193,Andrew Morris,Andrew,Morris,78,2001-09-01,24,"6' 0""",195,1,Pitcher,R,Right,R,Right,,,,,,,,,,,,,,,,,,,,,,,,,,
2026-06-11,824265,,/api/v1.1/game/824265/feed/live,R,2026,2026-06-11,,day,P,N,N,Regular Season,3,3,1,Final,Final,2394,Comerica Park,116,Detroit Tigers,DET,11,True,142,Minnesota Twins,MIN,0,False,807712,Luke Keaschall,Luke,Keaschall,15,2002-08-15,23,"6' 0""",190,4,Second Base,R,Right,R,Right,,,,,,,,,,,,,,,,,,,,,,,,,,
2026-06-11,823855,,/api/v1.1/game/823855/feed/live,R,2026,2026-06-11,,day,P,N,N,Regular Season,3,3,1,Final,Final,4169,loanDepot park,146,Miami Marlins,MIA,2,True,109,Arizona Diamondbacks,AZ,0,False,676604,Tyler Zuber,Tyler,Zuber,55,1995-06-16,30,"5' 11""",195,1,Pitcher,R,Right,R,Right,,,,,,,,,,,,,,,,,,,,,,,,,,
2026-06-11,823855,,/api/v1.1/game/823855/feed/live,R,2026,2026-06-11,,day,P,N,N,Regular Season,3,3,1,Final,Final,4169,loanDepot park,146,Miami Marlins,MIA,2,True,109,Arizona Diamondbacks,AZ,0,False,669199,Lake Bachar,Lake,Bachar,84,1995-06-03,31,"6' 2""",219,1,Pitcher,R,Right,R,Right,,,,,,,,,,,,,,,,,,,,,,,,,,
2026-06-11,823855,,/api/v1.1/game/823855/feed/live,R,2026,2026-06-11,,day,P,N,N,Regular Season,3,3,1,Final,Final,4169,loanDepot park,146,Miami Marlins,MIA,2,True,109,Arizona Diamondbacks,AZ,0,False,681715,Heriberto Hernández,Heriberto,Hernandez,13,1999-12-16,26,"5' 11""",195,7,Outfielder,R,Right,R,Right,0-1,,1,0,0,0,0,0,0,0,0,0,0,0,1,0,,,,,,,,,,
2026-06-11,823855,,/api/v1.1/game/823855/feed/live,R,2026,2026-06-11,,day,P,N,N,Regular Season,3,3,1,Final,Final,4169,loanDepot park,146,Miami Marlins,MIA,2,True,109,Arizona Diamondbacks,AZ,0,False,664126,Pete Fairbanks,Peter,Fairbanks,29,1993-12-16,32,"6' 6""",235,1,Pitcher,R,Right,R,Right,"1.0 IP, 0 ER, 2 K, 0 BB",,,,,,,,,,,,,,,,1.0,0,0,0,2,0,13,0,0,1
2026-06-11,823855,,/api/v1.1/game/823855/feed/live,R,2026,2026-06-11,,day,P,N,N,Regular Season,3,3,1,Final,Final,4169,loanDepot park,146,Miami Marlins,MIA,2,True,109,Arizona Diamondbacks,AZ,0,False,666624,Christopher Morel,Christopher,Morel,5,1999-06-24,26,"6' 0""",200,3,First Base,R,Right,R,Right,,,,,,,,,,,,,,,,,,,,,,,,,,
2026-06-11,823855,,/api/v1.1/game/823855/feed/live,R,2026,2026-06-11,,day,P,N,N,Regular Season,3,3,1,Final,Final,4169,loanDepot park,146,Miami Marlins,MIA,2,True,109,Arizona Diamondbacks,AZ,0,False,645261,Sandy Alcantara,Sandy,Alcantara,22,1995-09-07,30,"6' 5""",200,1,Pitcher,R,Right,R,Right,,,,,,,,,,,,,,,,,,,,,,,,,,
2026-06-11,823855,,/api/v1.1/game/823855/feed/live,R,2026,2026-06-11,,day,P,N,N,Regular Season,3,3,1,Final,Final,4169,loanDepot park,146,Miami Marlins,MIA,2,True,109,Arizona Diamondbacks,AZ,0,False,663969,Tyler Phillips,Tyler,Phillips,30,1997-10-27,28,"6' 5""",225,1,Pitcher,R,Right,R,Right,"5.0 IP, 0 ER, 5 K, 2 BB",,,,,,,,,,,,,,,,5.0,0,2,0,5,2,70,1,0,0
2026-06-11,823855,,/api/v1.1/game/823855/feed/live,R,2026,2026-06-11,,day,P,N,N,Regular Season,3,3,1,Final,Final,4169,loanDepot park,146,Miami Marlins,MIA,2,True,109,Arizona Diamondbacks,AZ,0,False,665923,Esteury Ruiz,Esteury,Ruiz,3,1999-02-15,27,"5' 11""",169,9,Outfielder,R,Right,R,Right,0-3 | K,,3,0,0,0,0,0,0,1,0,0,0,0,3,0,,,,,,,,,,
2026-06-11,823855,,/api/v1.1/game/823855/feed/live,R,2026,2026-06-11,,day,P,N,N,Regular Season,3,3,1,Final,Final,4169,loanDepot park,146,Miami Marlins,MIA,2,True,109,Arizona Diamondbacks,AZ,0,False,805300,Jakob Marsee,Jakob,Marsee,87,2001-06-28,24,"6' 0""",180,8,Outfielder,L,Left,L,Left,"1-2 | BB, RBI, SB",,2,1,0,0,0,1,0,0,1,1,0,0,3,1,,,,,,,,,,
2026-06-11,823855,,/api/v1.1/game/823855/feed/live,R,2026,2026-06-11,,day,P,N,N,Regular Season,3,3,1,Final,Final,4169,loanDepot park,146,Miami Marlins,MIA,2,True,109,Arizona Diamondbacks,AZ,0,False,676534,Calvin Faucher,Calvin,Faucher,53,1995-09-22,30,"6' 1""",190,1,Pitcher,R,Right,R,Right,"1.0 IP, 0 ER, 2 K, 0 BB",,,,,,,,,,,,,,,,1.0,0,0,0,2,0,13,0,0,0
2026-06-11,823855,,/api/v1.1/game/823855/feed/live,R,2026,2026-06-11,,day,P,N,N,Regular Season,3,3,1,Final,Final,4169,loanDepot park,146,Miami Marlins,MIA,2,True,109,Arizona Diamondbacks,AZ,0,False,676974,Max Meyer,Max,Meyer,23,1999-03-12,27,"6' 0""",196,1,Pitcher,L,Left,R,Right,,,,,,,,,,,,,,,,,,,,,,,,,,
2026-06-11,823855,,/api/v1.1/game/823855/feed/live,R,2026,2026-06-11,,day,P,N,N,Regular Season,3,3,1,Final,Final,4169,loanDepot park,146,Miami Marlins,MIA,2,True,109,Arizona Diamondbacks,AZ,0,False,691594,Javier Sanoja,Javier,Sanoja,8,2002-09-03,23,"5' 7""",150,5,Third Base,R,Right,R,Right,0-3,,3,0,0,0,0,0,0,0,0,0,0,0,3,0,,,,,,,,,,
2026-06-11,823855,,/api/v1.1/game/823855/feed/live,R,2026,2026-06-11,,day,P,N,N,Regular Season,3,3,1,Final,Final,4169,loanDepot park,146,Miami Marlins,MIA,2,True,109,Arizona Diamondbacks,AZ,0,False,667463,John King,John,King,47,1994-09-14,31,"6' 2""",215,1,Pitcher,L,Left,L,Left,,,,,,,,,,,,,,,,,,,,,,,,,,
2026-06-11,823855,,/api/v1.1/game/823855/feed/live,R,2026,2026-06-11,,day,P,N,N,Regular Season,3,3,1,Final,Final,4169,loanDepot park,146,Miami Marlins,MIA,2,True,109,Arizona Diamondbacks,AZ,0,False,806188,Cade Gibson,Cade,Gibson,58,1998-02-18,28,"6' 2""",195,1,Pitcher,L,Left,L,Left,,,,,,,,,,,,,,,,,,,,,,,,,,
2026-06-11,823855,,/api/v1.1/game/823855/feed/live,R,2026,2026-06-11,,day,P,N,N,Regular Season,3,3,1,Final,Final,4169,loanDepot park,146,Miami Marlins,MIA,2,True,109,Arizona Diamondbacks,AZ,0,False,687473,Ryan Gusto,Ryan,Gusto,65,1999-03-11,27,"6' 4""",232,1,Pitcher,R,Right,R,Right,,,,,,,,,,,,,,,,,,,,,,,,,,
2026-06-11,823855,,/api/v1.1/game/823855/feed/live,R,2026,2026-06-11,,day,P,N,N,Regular Season,3,3,1,Final,Final,4169,loanDepot park,146,Miami Marlins,MIA,2,True,109,Arizona Diamondbacks,AZ,0,False,669364,Xavier Edwards,Xavier,Edwards,9,1999-08-09,26,"5' 9""",175,4,Second Base,S,Switch,R,Right,1-3 | RBI,,3,1,0,0,0,1,0,0,0,0,0,0,4,1,,,,,,,,,,
2026-06-11,823855,,/api/v1.1/game/823855/feed/live,R,2026,2026-06-11,,day,P,N,N,Regular Season,3,3,1,Final,Final,4169,loanDepot park,146,Miami Marlins,MIA,2,True,109,Arizona Diamondbacks,AZ,0,False,669065,Kyle Stowers,Kyle,Stowers,28,1998-01-02,28,"6' 2""",215,7,Outfielder,L,Left,L,Left,"0-2 | 2 BB, 2 K, R",,2,0,0,0,0,0,1,2,2,0,0,0,4,0,,,,,,,,,,
2026-06-11,823855,,/api/v1.1/game/823855/feed/live,R,2026,2026-06-11,,day,P,N,N,Regular Season,3,3,1,Final,Final,4169,loanDepot park,146,Miami Marlins,MIA,2,True,109,Arizona Diamondbacks,AZ,0,False,656848,Michael Petersen,Michael,Petersen,49,1994-05-16,32,"6' 7""",195,1,Pitcher,R,Right,R,Right,"1.0 IP, 0 ER, K, 0 BB",,,,,,,,,,,,,,,,1.0,0,0,0,1,0,14,0,0,0
2026-06-11,823855,,/api/v1.1/game/823855/feed/live,R,2026,2026-06-11,,day,P,N,N,Regular Season,3,3,1,Final,Final,4169,loanDepot park,146,Miami Marlins,MIA,2,True,109,Arizona Diamondbacks,AZ,0,False,689414,Liam Hicks,Liam,Hicks,34,1999-06-02,27,"5' 9""",185,2,Catcher,L,Left,R,Right,1-4,,4,1,0,0,0,0,0,0,0,0,0,0,4,1,,,,,,,,,,
2026-06-11,823855,,/api/v1.1/game/823855/feed/live,R,2026,2026-06-11,,day,P,N,N,Regular Season,3,3,1,Final,Final,4169,loanDepot park,146,Miami Marlins,MIA,2,True,109,Arizona Diamondbacks,AZ,0,False,687531,William Kempner,William,Kempner,71,2001-06-18,24,"6' 0""",222,1,Pitcher,R,Right,R,Right,,,,,,,,,,,,,,,,,,,,,,,,,,
2026-06-11,823855,,/api/v1.1/game/823855/feed/live,R,2026,2026-06-11,,day,P,N,N,Regular Season,3,3,1,Final,Final,4169,loanDepot park,146,Miami Marlins,MIA,2,True,109,Arizona Diamondbacks,AZ,0,False,669622,Anthony Bender,Anthony,Bender,37,1995-02-03,31,"6' 4""",205,1,Pitcher,R,Right,R,Right,"1.0 IP, 0 ER, 3 K, BB",,,,,,,,,,,,,,,,1.0,0,1,0,3,1,19,0,0,0
2026-06-11,823855,,/api/v1.1/game/823855/feed/live,R,2026,2026-06-11,,day,P,N,N,Regular Season,3,3,1,Final,Final,4169,loanDepot park,146,Miami Marlins,MIA,2,True,109,Arizona Diamondbacks,AZ,0,False,683357,Owen Caissie,Owen,Caissie,17,2002-07-08,23,"6' 4""",190,9,Outfielder,L,Left,R,Right,0-2,,2,0,0,0,0,0,0,0,0,0,0,0,2,0,,,,,,,,,,
2026-06-11,823855,,/api/v1.1/game/823855/feed/live,R,2026,2026-06-11,,day,P,N,N,Regular Season,3,3,1,Final,Final,4169,loanDepot park,146,Miami Marlins,MIA,2,True,109,Arizona Diamondbacks,AZ,0,False,677870,Leo Jiménez,Leonardo,Jimenez,19,2001-05-17,25,"5' 10""",215,5,Third Base,R,Right,R,Right,,,,,,,,,,,,,,,,,,,,,,,,,,
2026-06-11,823855,,/api/v1.1/game/823855/feed/live,R,2026,2026-06-11,,day,P,N,N,Regular Season,3,3,1,Final,Final,4169,loanDepot park,146,Miami Marlins,MIA,2,True,109,Arizona Diamondbacks,AZ,0,False,681393,Connor Norby,Connor,Norby,1,2000-06-08,26,"5' 10""",180,3,First Base,R,Right,R,Right,,,,,,,,,,,,,,,,,,,,,,,,,,
2026-06-11,823855,,/api/v1.1/game/823855/feed/live,R,2026,2026-06-11,,day,P,N,N,Regular Season,3,3,1,Final,Final,4169,loanDepot park,146,Miami Marlins,MIA,2,True,109,Arizona Diamondbacks,AZ,0,False,691788,Joe Mack,Joseph,Mack,80,2002-12-27,23,"6' 0""",210,2,Catcher,L,Left,R,Right,0-3 | K,,3,0,0,0,0,0,0,1,0,0,0,0,3,0,,,,,,,,,,
2026-06-11,823855,,/api/v1.1/game/823855/feed/live,R,2026,2026-06-11,,day,P,N,N,Regular Season,3,3,1,Final,Final,4169,loanDepot park,146,Miami Marlins,MIA,2,True,109,Arizona Diamondbacks,AZ,0,False,672640,Otto Lopez,Otto,Lopez,6,1998-10-01,27,"5' 10""",185,6,Shortstop,R,Right,R,Right,"2-4 | R, 2 SB",,4,2,0,0,0,0,1,0,0,2,0,0,4,2,,,,,,,,,,
2026-06-11,823855,,/api/v1.1/game/823855/feed/live,R,2026,2026-06-11,,day,P,N,N,Regular Season,3,3,1,Final,Final,4169,loanDepot park,146,Miami Marlins,MIA,2,True,109,Arizona Diamondbacks,AZ,0,False,593958,Eduardo Rodriguez,Eduardo,Rodriguez,57,1993-04-07,33,"6' 2""",231,1,Pitcher,L,Left,L,Left,,,,,,,,,,,,,,,,,,,,,,,,,,
2026-06-11,823855,,/api/v1.1/game/823855/feed/live,R,2026,2026-06-11,,day,P,N,N,Regular Season,3,3,1,Final,Final,4169,loanDepot park,146,Miami Marlins,MIA,2,True,109,Arizona Diamondbacks,AZ,0,False,694410,LuJames Groover,LuJames,Groover,16,2002-04-16,24,"6' 2""",212,5,Third Base,R,Right,R,Right,1-4 | K,,4,1,0,0,0,0,0,1,0,0,0,1,4,1,,,,,,,,,,
2026-06-11,823855,,/api/v1.1/game/823855/feed/live,R,2026,2026-06-11,,day,P,N,N,Regular Season,3,3,1,Final,Final,4169,loanDepot park,146,Miami Marlins,MIA,2,True,109,Arizona Diamondbacks,AZ,0,False,666661,Juan Morillo,Juan,Morillo,62,1999-03-19,27,"6' 1""",150,1,Pitcher,R,Right,R,Right,,,,,,,,,,,,,,,,,,,,,,,,,,
2026-06-11,823855,,/api/v1.1/game/823855/feed/live,R,2026,2026-06-11,,day,P,N,N,Regular Season,3,3,1,Final,Final,4169,loanDepot park,146,Miami Marlins,MIA,2,True,109,Arizona Diamondbacks,AZ,0,False,680728,Adrian Del Castillo,Adrian,Del Castillo,25,1999-09-27,26,"5' 9""",208,10,Designated Hitter,L,Left,R,Right,0-0 | BB,,0,0,0,0,0,0,0,0,1,0,0,0,1,0,,,,,,,,,,
2026-06-11,823855,,/api/v1.1/game/823855/feed/live,R,2026,2026-06-11,,day,P,N,N,Regular Season,3,3,1,Final,Final,4169,loanDepot park,146,Miami Marlins,MIA,2,True,109,Arizona Diamondbacks,AZ,0,False,571448,Nolan Arenado,Nolan,Arenado,28,1991-04-16,35,"6' 2""",215,5,Third Base,R,Right,R,Right,0-4 | 3 K,,4,0,0,0,0,0,0,3,0,0,0,0,4,0,,,,,,,,,,
2026-06-11,823855,,/api/v1.1/game/823855/feed/live,R,2026,2026-06-11,,day,P,N,N,Regular Season,3,3,1,Final,Final,4169,loanDepot park,146,Miami Marlins,MIA,2,True,109,Arizona Diamondbacks,AZ,0,False,694371,Tommy Troy,Thomas,Troy,9,2002-01-17,24,"5' 9""",197,7,Outfielder,R,Right,R,Right,0-3 | K,,3,0,0,0,0,0,0,1,0,0,0,0,3,0,,,,,,,,,,
2026-06-11,823855,,/api/v1.1/game/823855/feed/live,R,2026,2026-06-11,,day,P,N,N,Regular Season,3,3,1,Final,Final,4169,loanDepot park,146,Miami Marlins,MIA,2,True,109,Arizona Diamondbacks,AZ,0,False,686753,Drey Jameson,Drey,Jameson,99,1997-08-17,28,"6' 0""",165,1,Pitcher,R,Right,R,Right,,,,,,,,,,,,,,,,,,,,,,,,,,
2026-06-11,823855,,/api/v1.1/game/823855/feed/live,R,2026,2026-06-11,,day,P,N,N,Regular Season,3,3,1,Final,Final,4169,loanDepot park,146,Miami Marlins,MIA,2,True,109,Arizona Diamondbacks,AZ,0,False,518876,Merrill Kelly,Kenneth,Kelly,29,1988-10-14,37,"6' 2""",202,1,Pitcher,R,Right,R,Right,"6.0 IP, 2 ER, K, 2 BB",,,,,,,,,,,,,,,,6.0,2,4,0,1,2,74,0,1,0
2026-06-11,823855,,/api/v1.1/game/823855/feed/live,R,2026,2026-06-11,,day,P,N,N,Regular Season,3,3,1,Final,Final,4169,loanDepot park,146,Miami Marlins,MIA,2,True,109,Arizona Diamondbacks,AZ,0,False,814439,Ryan Waldschmidt,Ryan,Waldschmidt,15,2002-10-07,23,"6' 0""",205,8,Outfielder,R,Right,R,Right,,,,,,,,,,,,,,,,,,,,,,,,,,
2026-06-11,823855,,/api/v1.1/game/823855/feed/live,R,2026,2026-06-11,,day,P,N,N,Regular Season,3,3,1,Final,Final,4169,loanDepot park,146,Miami Marlins,MIA,2,True,109,Arizona Diamondbacks,AZ,0,False,656464,Kevin Ginkel,Kevin,Ginkel,37,1994-03-24,32,"6' 4""",235,1,Pitcher,L,Left,R,Right,,,,,,,,,,,,,,,,,,,,,,,,,,
2026-06-11,823855,,/api/v1.1/game/823855/feed/live,R,2026,2026-06-11,,day,P,N,N,Regular Season,3,3,1,Final,Final,4169,loanDepot park,146,Miami Marlins,MIA,2,True,109,Arizona Diamondbacks,AZ,0,False,606466,Ketel Marte,Ketel,Marte,4,1993-10-12,32,"6' 0""",210,4,Second Base,S,Switch,R,Right,1-4 | 2B,,4,1,1,0,0,0,0,0,0,0,0,0,4,2,,,,,,,,,,
2026-06-11,823855,,/api/v1.1/game/823855/feed/live,R,2026,2026-06-11,,day,P,N,N,Regular Season,3,3,1,Final,Final,4169,loanDepot park,146,Miami Marlins,MIA,2,True,109,Arizona Diamondbacks,AZ,0,False,642528,Jonathan Loáisiga,Jonathan,Loáisiga,43,1994-11-02,31,"5' 11""",195,1,Pitcher,R,Right,R,Right,,,,,,,,,,,,,,,,,,,,,,,,,,
2026-06-11,823855,,/api/v1.1/game/823855/feed/live,R,2026,2026-06-11,,day,P,N,N,Regular Season,3,3,1,Final,Final,4169,loanDepot park,146,Miami Marlins,MIA,2,True,109,Arizona Diamondbacks,AZ,0,False,545121,Ildemaro Vargas,Ildemaro,Vargas,6,1991-07-16,34,"5' 11""",202,3,First Base,S,Switch,R,Right,,,,,,,,,,,,,,,,,,,,,,,,,,
2026-06-11,823855,,/api/v1.1/game/823855/feed/live,R,2026,2026-06-11,,day,P,N,N,Regular Season,3,3,1,Final,Final,4169,loanDepot park,146,Miami Marlins,MIA,2,True,109,Arizona Diamondbacks,AZ,0,False,669194,Ryne Nelson,Ryne,Nelson,19,1998-02-01,28,"6' 3""",184,1,Pitcher,R,Right,R,Right,,,,,,,,,,,,,,,,,,,,,,,,,,
2026-06-11,823855,,/api/v1.1/game/823855/feed/live,R,2026,2026-06-11,,day,P,N,N,Regular Season,3,3,1,Final,Final,4169,loanDepot park,146,Miami Marlins,MIA,2,True,109,Arizona Diamondbacks,AZ,0,False,672695,Geraldo Perdomo,Geraldo,Perdomo,2,1999-10-22,26,"6' 2""",203,6,Shortstop,S,Switch,R,Right,"0-3 | BB, K",,3,0,0,0,0,0,0,1,1,0,0,0,4,0,,,,,,,,,,
2026-06-11,823855,,/api/v1.1/game/823855/feed/live,R,2026,2026-06-11,,day,P,N,N,Regular Season,3,3,1,Final,Final,4169,loanDepot park,146,Miami Marlins,MIA,2,True,109,Arizona Diamondbacks,AZ,0,False,623149,Paul Sewald,Paul,Sewald,38,1990-05-26,36,"6' 3""",219,1,Pitcher,R,Right,R,Right,"1.0 IP, 0 ER, K, 0 BB",,,,,,,,,,,,,,,,1.0,0,1,0,1,0,16,0,0,0
2026-06-11,823855,,/api/v1.1/game/823855/feed/live,R,2026,2026-06-11,,day,P,N,N,Regular Season,3,3,1,Final,Final,4169,loanDepot park,146,Miami Marlins,MIA,2,True,109,Arizona Diamondbacks,AZ,0,False,647336,Michael Soroka,Michael,Soroka,34,1997-08-04,28,"6' 5""",250,1,Pitcher,R,Right,R,Right,,,,,,,,,,,,,,,,,,,,,,,,,,
2026-06-11,823855,,/api/v1.1/game/823855/feed/live,R,2026,2026-06-11,,day,P,N,N,Regular Season,3,3,1,Final,Final,4169,loanDepot park,146,Miami Marlins,MIA,2,True,109,Arizona Diamondbacks,AZ,0,False,672515,Gabriel Moreno,Gabriel,Moreno,14,2000-02-14,26,"5' 9""",195,2,Catcher,R,Right,R,Right,"0-3 | BB, 2 K",,3,0,0,0,0,0,0,2,1,0,0,0,4,0,,,,,,,,,,
2026-06-11,823855,,/api/v1.1/game/823855/feed/live,R,2026,2026-06-11,,day,P,N,N,Regular Season,3,3,1,Final,Final,4169,loanDepot park,146,Miami Marlins,MIA,2,True,109,Arizona Diamondbacks,AZ,0,False,682998,Corbin Carroll,Corbin,Carroll,7,2000-08-21,25,"5' 10""",165,9,Outfielder,L,Left,L,Left,"0-3 | HBP, 2 K",,3,0,0,0,0,0,0,2,0,0,0,0,4,0,,,,,,,,,,
2026-06-11,823855,,/api/v1.1/game/823855/feed/live,R,2026,2026-06-11,,day,P,N,N,Regular Season,3,3,1,Final,Final,4169,loanDepot park,146,Miami Marlins,MIA,2,True,109,Arizona Diamondbacks,AZ,0,False,664199,Taylor Clarke,Taylor,Clarke,45,1993-05-13,33,"6' 3""",210,1,Pitcher,R,Right,R,Right,,,,,,,,,,,,,,,,,,,,,,,,,,
2026-06-11,823855,,/api/v1.1/game/823855/feed/live,R,2026,2026-06-11,,day,P,N,N,Regular Season,3,3,1,Final,Final,4169,loanDepot park,146,Miami Marlins,MIA,2,True,109,Arizona Diamondbacks,AZ,0,False,668678,Zac Gallen,Zachary,Gallen,23,1995-08-03,30,"6' 2""",189,1,Pitcher,R,Right,R,Right,,,,,,,,,,,,,,,,,,,,,,,,,,
2026-06-11,823855,,/api/v1.1/game/823855/feed/live,R,2026,2026-06-11,,day,P,N,N,Regular Season,3,3,1,Final,Final,4169,loanDepot park,146,Miami Marlins,MIA,2,True,109,Arizona Diamondbacks,AZ,0,False,605244,Aramis Garcia,Aramis,Garcia,35,1993-01-12,33,"6' 1""",228,2,Catcher,R,Right,R,Right,0-2 | K,,2,0,0,0,0,0,0,1,0,0,0,0,2,0,,,,,,,,,,
2026-06-11,823855,,/api/v1.1/game/823855/feed/live,R,2026,2026-06-11,,day,P,N,N,Regular Season,3,3,1,Final,Final,4169,loanDepot park,146,Miami Marlins,MIA,2,True,109,Arizona Diamondbacks,AZ,0,False,657044,Ryan Thompson,Ryan,Thompson,81,1992-06-26,33,"6' 5""",210,1,Pitcher,R,Right,R,Right,,,,,,,,,,,,,,,,,,,,,,,,,,
2026-06-11,823855,,/api/v1.1/game/823855/feed/live,R,2026,2026-06-11,,day,P,N,N,Regular Season,3,3,1,Final,Final,4169,loanDepot park,146,Miami Marlins,MIA,2,True,109,Arizona Diamondbacks,AZ,0,False,805299,Brandyn Garcia,Brandyn,Garcia,55,2000-05-27,26,"6' 4""",235,1,Pitcher,L,Left,L,Left,"1.0 IP, 0 ER, 2 K, BB",,,,,,,,,,,,,,,,1.0,0,0,0,2,1,15,0,0,0
2026-06-11,823855,,/api/v1.1/game/823855/feed/live,R,2026,2026-06-11,,day,P,N,N,Regular Season,3,3,1,Final,Final,4169,loanDepot park,146,Miami Marlins,MIA,2,True,109,Arizona Diamondbacks,AZ,0,False,656976,Pavin Smith,Pavin,Smith,26,1996-02-06,30,"6' 2""",208,3,First Base,L,Left,L,Left,,,,,,,,,,,,,,,,,,,,,,,,,,
2026-06-11,823855,,/api/v1.1/game/823855/feed/live,R,2026,2026-06-11,,day,P,N,N,Regular Season,3,3,1,Final,Final,4169,loanDepot park,146,Miami Marlins,MIA,2,True,109,Arizona Diamondbacks,AZ,0,False,678489,Jorge Barrosa,Jorge,Barrosa,1,2001-02-17,25,"5' 6""",165,8,Outfielder,S,Switch,L,Left,1-3 | 2 K,,3,1,0,0,0,0,0,2,0,0,0,0,3,1,,,,,,,,,,
2026-06-11,824101,,/api/v1.1/game/824101/feed/live,R,2026,2026-06-11,,day,P,N,N,Regular Season,3,3,1,Final,Final,7,Kauffman Stadium,118,Kansas City Royals,KC,2,False,140,Texas Rangers,TEX,4,True,695600,Carter Jensen,Carter,Jensen,22,2003-07-03,22,"6' 0""",210,2,Catcher,L,Left,R,Right,1-4 | 2B,,4,1,1,0,0,0,0,0,0,0,0,0,4,2,,,,,,,,,,
2026-06-11,824101,,/api/v1.1/game/824101/feed/live,R,2026,2026-06-11,,day,P,N,N,Regular Season,3,3,1,Final,Final,7,Kauffman Stadium,118,Kansas City Royals,KC,2,False,140,Texas Rangers,TEX,4,True,670224,Kameron Misner,Kameron,Misner,26,1998-01-09,28,"6' 3""",220,8,Outfielder,L,Left,L,Left,"1-2 | BB, K, RBI",,2,1,0,0,0,1,0,1,1,0,0,0,3,1,,,,,,,,,,
2026-06-11,824101,,/api/v1.1/game/824101/feed/live,R,2026,2026-06-11,,day,P,N,N,Regular Season,3,3,1,Final,Final,7,Kauffman Stadium,118,Kansas City Royals,KC,2,False,140,Texas Rangers,TEX,4,True,696131,Mason Black,Mason,Black,47,1999-12-10,26,"6' 3""",228,1,Pitcher,R,Right,R,Right,,,,,,,,,,,,,,,,,,,,,,,,,,
2026-06-11,824101,,/api/v1.1/game/824101/feed/live,R,2026,2026-06-11,,day,P,N,N,Regular Season,3,3,1,Final,Final,7,Kauffman Stadium,118,Kansas City Royals,KC,2,False,140,Texas Rangers,TEX,4,True,686475,Tyler Tolbert,Tyler,Tolbert,2,1998-01-27,28,"5' 10""",185,4,Second Base,R,Right,R,Right,,,,,,,,,,,,,,,,,,,,,,,,,,
2026-06-11,824101,,/api/v1.1/game/824101/feed/live,R,2026,2026-06-11,,day,P,N,N,Regular Season,3,3,1,Final,Final,7,Kauffman Stadium,118,Kansas City Royals,KC,2,False,140,Texas Rangers,TEX,4,True,686555,Isaac Collins,Isaac,Collins,1,1997-07-22,28,"5' 8""",188,7,Outfielder,S,Switch,R,Right,0-3 | K,,3,0,0,0,0,0,0,1,0,0,0,1,3,0,,,,,,,,,,
2026-06-11,824101,,/api/v1.1/game/824101/feed/live,R,2026,2026-06-11,,day,P,N,N,Regular Season,3,3,1,Final,Final,7,Kauffman Stadium,118,Kansas City Royals,KC,2,False,140,Texas Rangers,TEX,4,True,521692,Salvador Perez,Salvador,Perez,13,1990-05-10,36,"6' 2""",255,2,Catcher,R,Right,R,Right,,,,,,,,,,,,,,,,,,,,,,,,,,
2026-06-11,824101,,/api/v1.1/game/824101/feed/live,R,2026,2026-06-11,,day,P,N,N,Regular Season,3,3,1,Final,Final,7,Kauffman Stadium,118,Kansas City Royals,KC,2,False,140,Texas Rangers,TEX,4,True,679883,Luinder Avila,Luinder,Avila,58,2001-08-21,24,"6' 3""",195,1,Pitcher,R,Right,R,Right,,,,,,,,,,,,,,,,,,,,,,,,,,
2026-06-11,824101,,/api/v1.1/game/824101/feed/live,R,2026,2026-06-11,,day,P,N,N,Regular Season,3,3,1,Final,Final,7,Kauffman Stadium,118,Kansas City Royals,KC,2,False,140,Texas Rangers,TEX,4,True,679845,Nick Loftin,Nicholas,Loftin,12,1998-09-25,27,"5' 11""",180,4,Second Base,R,Right,R,Right,0-3,,3,0,0,0,0,0,0,0,0,0,0,0,3,0,,,,,,,,,,
2026-06-11,824101,,/api/v1.1/game/824101/feed/live,R,2026,2026-06-11,,day,P,N,N,Regular Season,3,3,1,Final,Final,7,Kauffman Stadium,118,Kansas City Royals,KC,2,False,140,Texas Rangers,TEX,4,True,668674,Lucas Erceg,Lucas,Erceg,60,1995-05-01,31,"6' 2""",214,1,Pitcher,L,Left,R,Right,,,,,,,,,,,,,,,,,,,,,,,,,,
2026-06-11,824101,,/api/v1.1/game/824101/feed/live,R,2026,2026-06-11,,day,P,N,N,Regular Season,3,3,1,Final,Final,7,Kauffman Stadium,118,Kansas City Royals,KC,2,False,140,Texas Rangers,TEX,4,True,686681,Michael Massey,Michael,Massey,19,1998-03-22,28,"6' 0""",195,4,Second Base,L,Left,R,Right,0-4 | K,,4,0,0,0,0,0,0,1,0,0,0,1,4,0,,,,,,,,,,
2026-06-11,824101,,/api/v1.1/game/824101/feed/live,R,2026,2026-06-11,,day,P,N,N,Regular Season,3,3,1,Final,Final,7,Kauffman Stadium,118,Kansas City Royals,KC,2,False,140,Texas Rangers,TEX,4,True,516782,Starling Marte,Starling,Marte,0,1988-10-09,37,"6' 0""",195,9,Outfielder,R,Right,R,Right,,,,,,,,,,,,,,,,,,,,,,,,,,
2026-06-11,824101,,/api/v1.1/game/824101/feed/live,R,2026,2026-06-11,,day,P,N,N,Regular Season,3,3,1,Final,Final,7,Kauffman Stadium,118,Kansas City Royals,KC,2,False,140,Texas Rangers,TEX,4,True,621381,Matt Strahm,Matthew,Strahm,25,1991-11-12,34,"6' 2""",190,1,Pitcher,R,Right,L,Left,,,,,,,,,,,,,,,,,,,,,,,,,,
2026-06-11,824101,,/api/v1.1/game/824101/feed/live,R,2026,2026-06-11,,day,P,N,N,Regular Season,3,3,1,Final,Final,7,Kauffman Stadium,118,Kansas City Royals,KC,2,False,140,Texas Rangers,TEX,4,True,694360,Beck Way,Beck,Way,44,1999-08-06,26,"6' 4""",200,1,Pitcher,R,Right,R,Right,"2.0 IP, 0 ER, 4 K, 0 BB",,,,,,,,,,,,,,,,2.0,0,2,0,4,0,32,0,0,0
2026-06-11,824101,,/api/v1.1/game/824101/feed/live,R,2026,2026-06-11,,day,P,N,N,Regular Season,3,3,1,Final,Final,7,Kauffman Stadium,118,Kansas City Royals,KC,2,False,140,Texas Rangers,TEX,4,True,663568,Stephen Kolek,Stephen,Kolek,32,1997-04-18,29,"6' 3""",210,1,Pitcher,R,Right,R,Right,,,,,,,,,,,,,,,,,,,,,,,,,,
2026-06-11,824101,,/api/v1.1/game/824101/feed/live,R,2026,2026-06-11,,day,P,N,N,Regular Season,3,3,1,Final,Final,7,Kauffman Stadium,118,Kansas City Royals,KC,2,False,140,Texas Rangers,TEX,4,True,686469,Vinnie Pasquantino,Vincent,Pasquantino,9,1997-10-10,28,"6' 3""",245,3,First Base,L,Left,L,Left,"1-3 | BB, K, R",,3,1,0,0,0,0,1,1,1,0,0,0,4,1,,,,,,,,,,
2026-06-11,824101,,/api/v1.1/game/824101/feed/live,R,2026,2026-06-11,,day,P,N,N,Regular Season,3,3,1,Final,Final,7,Kauffman Stadium,118,Kansas City Royals,KC,2,False,140,Texas Rangers,TEX,4,True,663738,Daniel Lynch IV,Daniel,Lynch,41,1996-11-17,29,"6' 6""",200,1,Pitcher,L,Left,L,Left,,,,,,,,,,,,,,,,,,,,,,,,,,
2026-06-11,824101,,/api/v1.1/game/824101/feed/live,R,2026,2026-06-11,,day,P,N,N,Regular Season,3,3,1,Final,Final,7,Kauffman Stadium,118,Kansas City Royals,KC,2,False,140,Texas Rangers,TEX,4,True,608379,Michael Wacha,Michael,Wacha,52,1991-07-01,34,"6' 6""",215,1,Pitcher,R,Right,R,Right,"7.0 IP, 4 ER, 2 K, BB",,,,,,,,,,,,,,,,7.0,4,9,1,2,1,102,0,1,0
2026-06-11,824101,,/api/v1.1/game/824101/feed/live,R,2026,2026-06-11,,day,P,N,N,Regular Season,3,3,1,Final,Final,7,Kauffman Stadium,118,Kansas City Royals,KC,2,False,140,Texas Rangers,TEX,4,True,672580,Maikel Garcia,Maikel,Garcia,11,2000-03-03,26,"6' 1""",180,5,Third Base,R,Right,R,Right,,,,,,,,,,,,,,,,,,,,,,,,,,
2026-06-11,824101,,/api/v1.1/game/824101/feed/live,R,2026,2026-06-11,,day,P,N,N,Regular Season,3,3,1,Final,Final,7,Kauffman Stadium,118,Kansas City Royals,KC,2,False,140,Texas Rangers,TEX,4,True,607625,Seth Lugo,Jacob,Lugo,67,1989-11-17,36,"6' 4""",225,1,Pitcher,R,Right,R,Right,,,,,,,,,,,,,,,,,,,,,,,,,,
2026-06-11,824101,,/api/v1.1/game/824101/feed/live,R,2026,2026-06-11,,day,P,N,N,Regular Season,3,3,1,Final,Final,7,Kauffman Stadium,118,Kansas City Royals,KC,2,False,140,Texas Rangers,TEX,4,True,657041,Lane Thomas,Lane,Thomas,15,1995-08-23,30,"5' 11""",195,8,Outfielder,R,Right,R,Right,"0-3 | BB, 2 K",,3,0,0,0,0,0,0,2,1,0,0,1,4,0,,,,,,,,,,
2026-06-11,824101,,/api/v1.1/game/824101/feed/live,R,2026,2026-06-11,,day,P,N,N,Regular Season,3,3,1,Final,Final,7,Kauffman Stadium,118,Kansas City Royals,KC,2,False,140,Texas Rangers,TEX,4,True,702070,Noah Cameron,Noah,Cameron,65,1999-07-17,26,"6' 3""",220,1,Pitcher,L,Left,L,Left,,,,,,,,,,,,,,,,,,,,,,,,,,
2026-06-11,824101,,/api/v1.1/game/824101/feed/live,R,2026,2026-06-11,,day,P,N,N,Regular Season,3,3,1,Final,Final,7,Kauffman Stadium,118,Kansas City Royals,KC,2,False,140,Texas Rangers,TEX,4,True,656638,Alex Lange,Alexander,Lange,56,1995-10-02,30,"6' 3""",202,1,Pitcher,R,Right,R,Right,,,,,,,,,,,,,,,,,,,,,,,,,,
2026-06-11,824101,,/api/v1.1/game/824101/feed/live,R,2026,2026-06-11,,day,P,N,N,Regular Season,3,3,1,Final,Final,7,Kauffman Stadium,118,Kansas City Royals,KC,2,False,140,Texas Rangers,TEX,4,True,695506,Jac Caglianone,Jeffrey,Caglianone,14,2003-02-09,23,"6' 4""",250,9,Outfielder,L,Left,L,Left,"2-4 | K, R",,4,2,0,0,0,0,1,1,0,0,0,0,4,2,,,,,,,,,,
2026-06-11,824101,,/api/v1.1/game/824101/feed/live,R,2026,2026-06-11,,day,P,N,N,Regular Season,3,3,1,Final,Final,7,Kauffman Stadium,118,Kansas City Royals,KC,2,False,140,Texas Rangers,TEX,4,True,677951,Bobby Witt Jr.,Robert,Witt,7,2000-06-14,25,"6' 1""",200,6,Shortstop,R,Right,R,Right,1-4,,4,1,0,0,0,0,0,0,0,0,0,0,4,1,,,,,,,,,,
2026-06-11,824101,,/api/v1.1/game/824101/feed/live,R,2026,2026-06-11,,day,P,N,N,Regular Season,3,3,1,Final,Final,7,Kauffman Stadium,118,Kansas City Royals,KC,2,False,140,Texas Rangers,TEX,4,True,674444,Steven Cruz,Steven,Cruz,64,1999-06-15,26,"6' 7""",225,1,Pitcher,R,Right,R,Right,,,,,,,,,,,,,,,,,,,,,,,,,,
2026-06-11,824101,,/api/v1.1/game/824101/feed/live,R,2026,2026-06-11,,day,P,N,N,Regular Season,3,3,1,Final,Final,7,Kauffman Stadium,118,Kansas City Royals,KC,2,False,140,Texas Rangers,TEX,4,True,670167,John Schreiber,John,Schreiber,46,1994-03-05,32,"6' 2""",224,1,Pitcher,R,Right,R,Right,,,,,,,,,,,,,,,,,,,,,,,,,,
2026-06-11,824101,,/api/v1.1/game/824101/feed/live,R,2026,2026-06-11,,day,P,N,N,Regular Season,3,3,1,Final,Final,7,Kauffman Stadium,118,Kansas City Royals,KC,2,False,140,Texas Rangers,TEX,4,True,694497,Evan Carter,Evan,Carter,32,2002-08-29,23,"6' 2""",190,8,Outfielder,L,Left,R,Right,"1-4 | K, RBI",,4,1,0,0,0,1,0,1,0,0,0,0,4,1,,,,,,,,,,
2026-06-11,824101,,/api/v1.1/game/824101/feed/live,R,2026,2026-06-11,,day,P,N,N,Regular Season,3,3,1,Final,Final,7,Kauffman Stadium,118,Kansas City Royals,KC,2,False,140,Texas Rangers,TEX,4,True,694671,Wyatt Langford,Wyatt,Langford,36,2001-11-15,24,"6' 0""",225,7,Outfielder,R,Right,R,Right,0-5 | K,,5,0,0,0,0,0,0,1,0,0,0,0,5,0,,,,,,,,,,
2026-06-11,824101,,/api/v1.1/game/824101/feed/live,R,2026,2026-06-11,,day,P,N,N,Regular Season,3,3,1,Final,Final,7,Kauffman Stadium,118,Kansas City Royals,KC,2,False,140,Texas Rangers,TEX,4,True,677958,Kumar Rocker,Kumar,Rocker,80,1999-11-22,26,"6' 5""",245,1,Pitcher,R,Right,R,Right,"4.2 IP, 2 ER, 3 K, 2 BB",,,,,,,,,,,,,,,,4.2,2,5,0,3,2,83,0,0,0
2026-06-11,824101,,/api/v1.1/game/824101/feed/live,R,2026,2026-06-11,,day,P,N,N,Regular Season,3,3,1,Final,Final,7,Kauffman Stadium,118,Kansas City Royals,KC,2,False,140,Texas Rangers,TEX,4,True,669394,Jake Burger,Jacob,Burger,21,1996-04-10,30,"6' 0""",230,3,First Base,R,Right,R,Right,2-3 | BB,,3,2,0,0,0,0,0,0,1,0,0,0,4,2,,,,,,,,,,
2026-06-11,824101,,/api/v1.1/game/824101/feed/live,R,2026,2026-06-11,,day,P,N,N,Regular Season,3,3,1,Final,Final,7,Kauffman Stadium,118,Kansas City Royals,KC,2,False,140,Texas Rangers,TEX,4,True,682608,Peyton Gray,Peyton,Gray,75,1995-06-02,31,"6' 4""",235,1,Pitcher,R,Right,R,Right,,,,,,,,,,,,,,,,,,,,,,,,,,
2026-06-11,824101,,/api/v1.1/game/824101/feed/live,R,2026,2026-06-11,,day,P,N,N,Regular Season,3,3,1,Final,Final,7,Kauffman Stadium,118,Kansas City Royals,KC,2,False,140,Texas Rangers,TEX,4,True,641302,Tyler Alexander,Tyler,Alexander,13,1994-07-14,31,"6' 1""",214,1,Pitcher,R,Right,L,Left,,,,,,,,,,,,,,,,,,,,,,,,,,
2026-06-11,824101,,/api/v1.1/game/824101/feed/live,R,2026,2026-06-11,,day,P,N,N,Regular Season,3,3,1,Final,Final,7,Kauffman Stadium,118,Kansas City Royals,KC,2,False,140,Texas Rangers,TEX,4,True,683004,Jack Leiter,Jack,Leiter,22,2000-04-21,26,"6' 1""",205,1,Pitcher,R,Right,R,Right,,,,,,,,,,,,,,,,,,,,,,,,,,
2026-06-11,824101,,/api/v1.1/game/824101/feed/live,R,2026,2026-06-11,,day,P,N,N,Regular Season,3,3,1,Final,Final,7,Kauffman Stadium,118,Kansas City Royals,KC,2,False,140,Texas Rangers,TEX,4,True,592626,Joc Pederson,Joc,Pederson,3,1992-04-21,34,"6' 1""",220,10,Designated Hitter,L,Left,L,Left,,,,,,,,,,,,,,,,,,,,,,,,,,
2026-06-11,824101,,/api/v1.1/game/824101/feed/live,R,2026,2026-06-11,,day,P,N,N,Regular Season,3,3,1,Final,Final,7,Kauffman Stadium,118,Kansas City Royals,KC,2,False,140,Texas Rangers,TEX,4,True,681168,Luis Curvelo,Luis,Curvelo,57,2000-10-21,25,"6' 1""",170,1,Pitcher,R,Right,R,Right,,,,,,,,,,,,,,,,,,,,,,,,,,
2026-06-11,824101,,/api/v1.1/game/824101/feed/live,R,2026,2026-06-11,,day,P,N,N,Regular Season,3,3,1,Final,Final,7,Kauffman Stadium,118,Kansas City Royals,KC,2,False,140,Texas Rangers,TEX,4,True,656641,Jacob Latz,Jacob,Latz,67,1996-04-08,30,"6' 2""",185,1,Pitcher,R,Right,L,Left,"2.0 IP, 0 ER, 3 K, 0 BB",,,,,,,,,,,,,,,,2.0,0,0,0,3,0,15,1,0,0
2026-06-11,824101,,/api/v1.1/game/824101/feed/live,R,2026,2026-06-11,,day,P,N,N,Regular Season,3,3,1,Final,Final,7,Kauffman Stadium,118,Kansas City Royals,KC,2,False,140,Texas Rangers,TEX,4,True,608369,Corey Seager,Corey,Seager,5,1994-04-27,32,"6' 4""",215,6,Shortstop,L,Left,R,Right,"2-4 | HR, RBI, 2 R",,4,2,0,0,1,1,2,0,0,0,0,0,4,5,,,,,,,,,,
2026-06-11,824101,,/api/v1.1/game/824101/feed/live,R,2026,2026-06-11,,day,P,N,N,Regular Season,3,3,1,Final,Final,7,Kauffman Stadium,118,Kansas City Royals,KC,2,False,140,Texas Rangers,TEX,4,True,615698,Cal Quantrill,Cal,Quantrill,44,1995-02-10,31,"6' 3""",195,1,Pitcher,L,Left,R,Right,,,,,,,,,,,,,,,,,,,,,,,,,,
2026-06-11,824101,,/api/v1.1/game/824101/feed/live,R,2026,2026-06-11,,day,P,N,N,Regular Season,3,3,1,Final,Final,7,Kauffman Stadium,118,Kansas City Royals,KC,2,False,140,Texas Rangers,TEX,4,True,670032,Nicky Lopez,Nicholas,Lopez,33,1995-03-13,31,"5' 10""",186,4,Second Base,L,Left,R,Right,0-4 | K,,4,0,0,0,0,0,0,1,0,0,0,0,4,0,,,,,,,,,,
2026-06-11,824101,,/api/v1.1/game/824101/feed/live,R,2026,2026-06-11,,day,P,N,N,Regular Season,3,3,1,Final,Final,7,Kauffman Stadium,118,Kansas City Royals,KC,2,False,140,Texas Rangers,TEX,4,True,673962,Josh Jung,Joshua,Jung,6,1998-02-12,28,"6' 1""",214,5,Third Base,R,Right,R,Right,0-4 | 3 K,,4,0,0,0,0,0,0,3,0,0,0,0,4,0,,,,,,,,,,
2026-06-11,824101,,/api/v1.1/game/824101/feed/live,R,2026,2026-06-11,,day,P,N,N,Regular Season,3,3,1,Final,Final,7,Kauffman Stadium,118,Kansas City Royals,KC,2,False,140,Texas Rangers,TEX,4,True,695239,Robby Ahlstrom,Robert,Ahlstrom,54,1999-06-18,26,"6' 3""",195,1,Pitcher,L,Left,L,Left,"1.1 IP, 0 ER, K, 0 BB",,,,,,,,,,,,,,,,1.1,0,1,0,1,0,14,0,0,0
2026-06-11,824101,,/api/v1.1/game/824101/feed/live,R,2026,2026-06-11,,day,P,N,N,Regular Season,3,3,1,Final,Final,7,Kauffman Stadium,118,Kansas City Royals,KC,2,False,140,Texas Rangers,TEX,4,True,679822,Justin Foscue,Justin,Foscue,14,1999-03-02,27,"5' 11""",205,4,Second Base,R,Right,R,Right,,,,,,,,,,,,,,,,,,,,,,,,,,
2026-06-11,824101,,/api/v1.1/game/824101/feed/live,R,2026,2026-06-11,,day,P,N,N,Regular Season,3,3,1,Final,Final,7,Kauffman Stadium,118,Kansas City Royals,KC,2,False,140,Texas Rangers,TEX,4,True,543309,Kyle Higashioka,Kyle,Higashioka,11,1990-04-20,36,"6' 1""",202,2,Catcher,R,Right,R,Right,,,,,,,,,,,,,,,,,,,,,,,,,,
2026-06-11,824101,,/api/v1.1/game/824101/feed/live,R,2026,2026-06-11,,day,P,N,N,Regular Season,3,3,1,Final,Final,7,Kauffman Stadium,118,Kansas City Royals,KC,2,False,140,Texas Rangers,TEX,4,True,677649,Ezequiel Duran,Ezequiel,Duran,20,1999-05-22,27,"5' 10""",185,4,Second Base,R,Right,R,Right,2-4 | 2 R,,4,2,0,0,0,0,2,0,0,0,0,0,4,2,,,,,,,,,,
2026-06-11,824101,,/api/v1.1/game/824101/feed/live,R,2026,2026-06-11,,day,P,N,N,Regular Season,3,3,1,Final,Final,7,Kauffman Stadium,118,Kansas City Royals,KC,2,False,140,Texas Rangers,TEX,4,True,669022,MacKenzie Gore,MacKenzie,Gore,1,1999-02-24,27,"6' 2""",193,1,Pitcher,L,Left,L,Left,,,,,,,,,,,,,,,,,,,,,,,,,,
2026-06-11,824101,,/api/v1.1/game/824101/feed/live,R,2026,2026-06-11,,day,P,N,N,Regular Season,3,3,1,Final,Final,7,Kauffman Stadium,118,Kansas City Royals,KC,2,False,140,Texas Rangers,TEX,4,True,680737,Michael Helman,Michael,Helman,23,1996-05-23,30,"6' 0""",195,8,Outfielder,R,Right,R,Right,,,,,,,,,,,,,,,,,,,,,,,,,,
2026-06-11,824101,,/api/v1.1/game/824101/feed/live,R,2026,2026-06-11,,day,P,N,N,Regular Season,3,3,1,Final,Final,7,Kauffman Stadium,118,Kansas City Royals,KC,2,False,140,Texas Rangers,TEX,4,True,594798,Jacob deGrom,Jacob,deGrom,48,1988-06-19,37,"6' 4""",180,1,Pitcher,L,Left,R,Right,,,,,,,,,,,,,,,,,,,,,,,,,,
2026-06-11,824101,,/api/v1.1/game/824101/feed/live,R,2026,2026-06-11,,day,P,N,N,Regular Season,3,3,1,Final,Final,7,Kauffman Stadium,118,Kansas City Royals,KC,2,False,140,Texas Rangers,TEX,4,True,607043,Brandon Nimmo,Brandon,Nimmo,24,1993-03-27,33,"6' 1""",206,9,Outfielder,L,Left,R,Right,"2-4 | 2 2B, RBI",,4,2,2,0,0,1,0,0,0,0,0,0,4,4,,,,,,,,,,
2026-06-11,824101,,/api/v1.1/game/824101/feed/live,R,2026,2026-06-11,,day,P,N,N,Regular Season,3,3,1,Final,Final,7,Kauffman Stadium,118,Kansas City Royals,KC,2,False,140,Texas Rangers,TEX,4,True,596001,Jakob Junis,Jakob,Junis,16,1992-09-16,33,"6' 3""",238,1,Pitcher,R,Right,R,Right,,,,,,,,,,,,,,,,,,,,,,,,,,
2026-06-11,824101,,/api/v1.1/game/824101/feed/live,R,2026,2026-06-11,,day,P,N,N,Regular Season,3,3,1,Final,Final,7,Kauffman Stadium,118,Kansas City Royals,KC,2,False,140,Texas Rangers,TEX,4,True,553869,Elias Díaz,Elias,Díaz,35,1990-11-17,35,"6' 1""",223,2,Catcher,R,Right,R,Right,2-4 | RBI,,4,2,0,0,0,1,0,0,0,0,0,0,4,2,,,,,,,,,,
2026-06-11,824101,,/api/v1.1/game/824101/feed/live,R,2026,2026-06-11,,day,P,N,N,Regular Season,3,3,1,Final,Final,7,Kauffman Stadium,118,Kansas City Royals,KC,2,False,140,Texas Rangers,TEX,4,True,543135,Nathan Eovaldi,Nathan,Eovaldi,17,1990-02-13,36,"6' 2""",217,1,Pitcher,R,Right,R,Right,,,,,,,,,,,,,,,,,,,,,,,,,,
2026-06-11,824101,,/api/v1.1/game/824101/feed/live,R,2026,2026-06-11,,day,P,N,N,Regular Season,3,3,1,Final,Final,7,Kauffman Stadium,118,Kansas City Royals,KC,2,False,140,Texas Rangers,TEX,4,True,668390,Cole Winn,Cole,Winn,60,1999-11-25,26,"6' 2""",190,1,Pitcher,R,Right,R,Right,"1.0 IP, 0 ER, 0 K, BB",,,,,,,,,,,,,,,,1.0,0,0,0,0,1,12,0,0,0
2026-06-11,824346,,/api/v1.1/game/824346/feed/live,R,2026,2026-06-11,,day,P,N,N,Regular Season,3,3,1,Final,Final,19,Coors Field,115,Colorado Rockies,COL,3,False,112,Chicago Cubs,CHC,9,True,663372,Ryan Feltner,Ryan,Feltner,18,1996-09-02,29,"6' 4""",200,1,Pitcher,R,Right,R,Right,"4.1 IP, 6 ER, 3 K, 3 BB",,,,,,,,,,,,,,,,4.1,6,4,1,3,3,75,0,1,0
2026-06-11,824346,,/api/v1.1/game/824346/feed/live,R,2026,2026-06-11,,day,P,N,N,Regular Season,3,3,1,Final,Final,19,Coors Field,115,Colorado Rockies,COL,3,False,112,Chicago Cubs,CHC,9,True,680604,Blas Castaño,Blas,Castano,63,1998-09-08,27,"5' 10""",162,1,Pitcher,R,Right,R,Right,"2.2 IP, 2 ER, 2 K, 0 BB",,,,,,,,,,,,,,,,2.2,2,5,1,2,0,46,0,0,0
2026-06-11,824346,,/api/v1.1/game/824346/feed/live,R,2026,2026-06-11,,day,P,N,N,Regular Season,3,3,1,Final,Final,19,Coors Field,115,Colorado Rockies,COL,3,False,112,Chicago Cubs,CHC,9,True,677060,Chad Stevens,Chad,Stevens,39,1999-02-03,27,"6' 3""",218,4,Second Base,R,Right,R,Right,,,,,,,,,,,,,,,,,,,,,,,,,,
2026-06-11,824346,,/api/v1.1/game/824346/feed/live,R,2026,2026-06-11,,day,P,N,N,Regular Season,3,3,1,Final,Final,19,Coors Field,115,Colorado Rockies,COL,3,False,112,Chicago Cubs,CHC,9,True,664983,Jake McCarthy,Jacob,McCarthy,31,1997-07-30,28,"6' 0""",213,8,Outfielder,L,Left,L,Left,,,,,,,,,,,,,,,,,,,,,,,,,,
2026-06-11,824346,,/api/v1.1/game/824346/feed/live,R,2026,2026-06-11,,day,P,N,N,Regular Season,3,3,1,Final,Final,19,Coors Field,115,Colorado Rockies,COL,3,False,112,Chicago Cubs,CHC,9,True,687859,Troy Johnston,Troy,Johnston,20,1997-06-22,28,"5' 11""",206,9,Outfielder,L,Left,L,Left,"3-4 | 2B, CS",,4,3,1,0,0,0,0,0,0,0,1,0,4,4,,,,,,,,,,
2026-06-11,824346,,/api/v1.1/game/824346/feed/live,R,2026,2026-06-11,,day,P,N,N,Regular Season,3,3,1,Final,Final,19,Coors Field,115,Colorado Rockies,COL,3,False,112,Chicago Cubs,CHC,9,True,690924,Braxton Fulford,Braxton,Fulford,37,1998-12-09,27,"5' 10""",205,2,Catcher,R,Right,R,Right,,,,,,,,,,,,,,,,,,,,,,,,,,
2026-06-11,824346,,/api/v1.1/game/824346/feed/live,R,2026,2026-06-11,,day,P,N,N,Regular Season,3,3,1,Final,Final,19,Coors Field,115,Colorado Rockies,COL,3,False,112,Chicago Cubs,CHC,9,True,607536,Kyle Freeland,Kyle,Freeland,21,1993-05-14,33,"6' 4""",202,1,Pitcher,L,Left,L,Left,,,,,,,,,,,,,,,,,,,,,,,,,,
2026-06-11,824346,,/api/v1.1/game/824346/feed/live,R,2026,2026-06-11,,day,P,N,N,Regular Season,3,3,1,Final,Final,19,Coors Field,115,Colorado Rockies,COL,3,False,112,Chicago Cubs,CHC,9,True,650489,Willi Castro,Willi,Castro,3,1997-04-24,29,"6' 0""",209,4,Second Base,S,Switch,R,Right,2-5 | SB,,5,2,0,0,0,0,0,0,0,1,0,0,5,2,,,,,,,,,,
2026-06-11,824346,,/api/v1.1/game/824346/feed/live,R,2026,2026-06-11,,day,P,N,N,Regular Season,3,3,1,Final,Final,19,Coors Field,115,Colorado Rockies,COL,3,False,112,Chicago Cubs,CHC,9,True,657514,Brennan Bernardino,Brennan,Bernardino,83,1992-01-15,34,"6' 4""",216,1,Pitcher,L,Left,L,Left,,,,,,,,,,,,,,,,,,,,,,,,,,
2026-06-11,824346,,/api/v1.1/game/824346/feed/live,R,2026,2026-06-11,,day,P,N,N,Regular Season,3,3,1,Final,Final,19,Coors Field,115,Colorado Rockies,COL,3,False,112,Chicago Cubs,CHC,9,True,694249,Cole Carrigg,Cole,Carrigg,16,2002-05-08,24,"6' 2""",204,O,Outfield,S,Switch,R,Right,"2-4 | HR, K, RBI",,4,2,0,0,1,1,1,1,0,0,0,0,4,5,,,,,,,,,,
2026-06-11,824346,,/api/v1.1/game/824346/feed/live,R,2026,2026-06-11,,day,P,N,N,Regular Season,3,3,1,Final,Final,19,Coors Field,115,Colorado Rockies,COL,3,False,112,Chicago Cubs,CHC,9,True,675848,Juan Mejia,Juan,Mejia,47,2000-07-04,25,"6' 3""",210,1,Pitcher,R,Right,R,Right,,,,,,,,,,,,,,,,,,,,,,,,,,
2026-06-11,824346,,/api/v1.1/game/824346/feed/live,R,2026,2026-06-11,,day,P,N,N,Regular Season,3,3,1,Final,Final,19,Coors Field,115,Colorado Rockies,COL,3,False,112,Chicago Cubs,CHC,9,True,666397,Edouard Julien,Edouard,Julien,6,1999-04-30,27,"6' 1""",195,4,Second Base,L,Left,R,Right,1-5 | K,,5,1,0,0,0,0,0,1,0,0,0,0,5,1,,,,,,,,,,
2026-06-11,824346,,/api/v1.1/game/824346/feed/live,R,2026,2026-06-11,,day,P,N,N,Regular Season,3,3,1,Final,Final,19,Coors Field,115,Colorado Rockies,COL,3,False,112,Chicago Cubs,CHC,9,True,696100,Hunter Goodman,Hunter,Goodman,15,1999-10-08,26,"5' 11""",220,2,Catcher,R,Right,R,Right,0-5 | 3 K,,5,0,0,0,0,0,0,3,0,0,0,0,5,0,,,,,,,,,,
2026-06-11,824346,,/api/v1.1/game/824346/feed/live,R,2026,2026-06-11,,day,P,N,N,Regular Season,3,3,1,Final,Final,19,Coors Field,115,Colorado Rockies,COL,3,False,112,Chicago Cubs,CHC,9,True,608372,Tomoyuki Sugano,Tomoyuki,Sugano,11,1989-10-11,36,"6' 1""",227,1,Pitcher,R,Right,R,Right,,,,,,,,,,,,,,,,,,,,,,,,,,
2026-06-11,824346,,/api/v1.1/game/824346/feed/live,R,2026,2026-06-11,,day,P,N,N,Regular Season,3,3,1,Final,Final,19,Coors Field,115,Colorado Rockies,COL,3,False,112,Chicago Cubs,CHC,9,True,664954,Brett Sullivan,Brett,Sullivan,26,1994-02-22,32,"5' 11""",190,2,Catcher,L,Left,R,Right,"3-4 | 2 HR, 2 RBI, 2 R",,4,3,0,0,2,2,2,0,0,0,0,0,4,9,,,,,,,,,,
2026-06-11,824346,,/api/v1.1/game/824346/feed/live,R,2026,2026-06-11,,day,P,N,N,Regular Season,3,3,1,Final,Final,19,Coors Field,115,Colorado Rockies,COL,3,False,112,Chicago Cubs,CHC,9,True,688642,Zach Agnos,Zachary,Agnos,36,2000-08-15,25,"6' 0""",225,1,Pitcher,R,Right,R,Right,,,,,,,,,,,,,,,,,,,,,,,,,,
2026-06-11,824346,,/api/v1.1/game/824346/feed/live,R,2026,2026-06-11,,day,P,N,N,Regular Season,3,3,1,Final,Final,19,Coors Field,115,Colorado Rockies,COL,3,False,112,Chicago Cubs,CHC,9,True,678662,Ezequiel Tovar,Ezequiel,Tovar,14,2001-08-01,24,"6' 0""",192,6,Shortstop,R,Right,R,Right,0-4 | 3 K,,4,0,0,0,0,0,0,3,0,0,0,0,4,0,,,,,,,,,,
2026-06-11,824346,,/api/v1.1/game/824346/feed/live,R,2026,2026-06-11,,day,P,N,N,Regular Season,3,3,1,Final,Final,19,Coors Field,115,Colorado Rockies,COL,3,False,112,Chicago Cubs,CHC,9,True,547179,Michael Lorenzen,Michael,Lorenzen,24,1992-01-04,34,"6' 1""",210,1,Pitcher,R,Right,R,Right,,,,,,,,,,,,,,,,,,,,,,,,,,
2026-06-11,824346,,/api/v1.1/game/824346/feed/live,R,2026,2026-06-11,,day,P,N,N,Regular Season,3,3,1,Final,Final,19,Coors Field,115,Colorado Rockies,COL,3,False,112,Chicago Cubs,CHC,9,True,681198,TJ Rumfield,Toby,Rumfield,7,2000-05-17,26,"6' 5""",238,3,First Base,L,Left,R,Right,"1-3 | 2B, 2 BB, K",,3,1,1,0,0,0,0,1,2,0,0,0,5,2,,,,,,,,,,
2026-06-11,824346,,/api/v1.1/game/824346/feed/live,R,2026,2026-06-11,,day,P,N,N,Regular Season,3,3,1,Final,Final,19,Coors Field,115,Colorado Rockies,COL,3,False,112,Chicago Cubs,CHC,9,True,678020,Seth Halvorsen,Seth,Halvorsen,54,2000-02-18,26,"6' 2""",243,1,Pitcher,R,Right,R,Right,,,,,,,,,,,,,,,,,,,,,,,,,,
2026-06-11,824346,,/api/v1.1/game/824346/feed/live,R,2026,2026-06-11,,day,P,N,N,Regular Season,3,3,1,Final,Final,19,Coors Field,115,Colorado Rockies,COL,3,False,112,Chicago Cubs,CHC,9,True,622608,Antonio Senzatela,Antonio,Senzatela,49,1995-01-21,31,"6' 1""",235,1,Pitcher,R,Right,R,Right,,,,,,,,,,,,,,,,,,,,,,,,,,
2026-06-11,824346,,/api/v1.1/game/824346/feed/live,R,2026,2026-06-11,,day,P,N,N,Regular Season,3,3,1,Final,Final,19,Coors Field,115,Colorado Rockies,COL,3,False,112,Chicago Cubs,CHC,9,True,677955,Jaden Hill,Kenneth,Hill,0,1999-12-22,26,"6' 4""",260,1,Pitcher,R,Right,R,Right,,,,,,,,,,,,,,,,,,,,,,,,,,
2026-06-11,824346,,/api/v1.1/game/824346/feed/live,R,2026,2026-06-11,,day,P,N,N,Regular Season,3,3,1,Final,Final,19,Coors Field,115,Colorado Rockies,COL,3,False,112,Chicago Cubs,CHC,9,True,694514,Sterlin Thompson,Sterlin,Thompson,30,2001-06-26,24,"6' 3""",209,9,Outfielder,L,Left,R,Right,0-2 | 2 K,,2,0,0,0,0,0,0,2,0,0,0,0,2,0,,,,,,,,,,
2026-06-11,824346,,/api/v1.1/game/824346/feed/live,R,2026,2026-06-11,,day,P,N,N,Regular Season,3,3,1,Final,Final,19,Coors Field,115,Colorado Rockies,COL,3,False,112,Chicago Cubs,CHC,9,True,671111,Sammy Peralta,Samuel,Peralta,57,1998-05-10,28,"6' 1""",214,1,Pitcher,L,Left,L,Left,"2.0 IP, ER, 3 K, 0 BB",,,,,,,,,,,,,,,,2.0,1,1,1,3,0,26,0,0,0
2026-06-11,824346,,/api/v1.1/game/824346/feed/live,R,2026,2026-06-11,,day,P,N,N,Regular Season,3,3,1,Final,Final,19,Coors Field,115,Colorado Rockies,COL,3,False,112,Chicago Cubs,CHC,9,True,691720,Kyle Karros,Kyle,Karros,12,2002-07-26,23,"6' 5""",225,5,Third Base,R,Right,R,Right,0-2,,2,0,0,0,0,0,0,0,0,0,0,0,2,0,,,,,,,,,,
2026-06-11,824346,,/api/v1.1/game/824346/feed/live,R,2026,2026-06-11,,day,P,N,N,Regular Season,3,3,1,Final,Final,19,Coors Field,115,Colorado Rockies,COL,3,False,112,Chicago Cubs,CHC,9,True,676105,Jeff Criswell,Jeffrey,Criswell,46,1999-03-10,27,"6' 4""",236,1,Pitcher,R,Right,R,Right,,,,,,,,,,,,,,,,,,,,,,,,,,
2026-06-11,824346,,/api/v1.1/game/824346/feed/live,R,2026,2026-06-11,,day,P,N,N,Regular Season,3,3,1,Final,Final,19,Coors Field,115,Colorado Rockies,COL,3,False,112,Chicago Cubs,CHC,9,True,694037,Daniel Palencia,Daniel,Palencia,48,2000-02-05,26,"5' 11""",160,1,Pitcher,R,Right,R,Right,,,,,,,,,,,,,,,,,,,,,,,,,,
2026-06-11,824346,,/api/v1.1/game/824346/feed/live,R,2026,2026-06-11,,day,P,N,N,Regular Season,3,3,1,Final,Final,19,Coors Field,115,Colorado Rockies,COL,3,False,112,Chicago Cubs,CHC,9,True,624424,Michael Conforto,Michael,Conforto,20,1993-03-01,33,"5' 11""",215,10,Designated Hitter,L,Left,R,Right,,,,,,,,,,,,,,,,,,,,,,,,,,
2026-06-11,824346,,/api/v1.1/game/824346/feed/live,R,2026,2026-06-11,,day,P,N,N,Regular Season,3,3,1,Final,Final,19,Coors Field,115,Colorado Rockies,COL,3,False,112,Chicago Cubs,CHC,9,True,571948,Hoby Milner,Hoby,Milner,41,1991-01-13,35,"6' 3""",187,1,Pitcher,L,Left,L,Left,"0.1 IP, 0 ER, 0 K, 0 BB",,,,,,,,,,,,,,,,0.1,0,2,0,0,0,10,0,0,0
2026-06-11,824346,,/api/v1.1/game/824346/feed/live,R,2026,2026-06-11,,day,P,N,N,Regular Season,3,3,1,Final,Final,19,Coors Field,115,Colorado Rockies,COL,3,False,112,Chicago Cubs,CHC,9,True,664023,Ian Happ,Ian,Happ,8,1994-08-12,31,"5' 10""",205,7,Outfielder,S,Switch,R,Right,"1-3 | BB, K, RBI",,3,1,0,0,0,1,1,1,1,1,0,0,5,1,,,,,,,,,,
2026-06-11,824346,,/api/v1.1/game/824346/feed/live,R,2026,2026-06-11,,day,P,N,N,Regular Season,3,3,1,Final,Final,19,Coors Field,115,Colorado Rockies,COL,3,False,112,Chicago Cubs,CHC,9,True,665795,Edward Cabrera,Edward,Cabrera,30,1998-04-13,28,"6' 5""",217,1,Pitcher,R,Right,R,Right,"5.1 IP, 2 ER, 5 K, 2 BB",,,,,,,,,,,,,,,,5.1,2,5,2,5,2,83,1,0,0
2026-06-11,824346,,/api/v1.1/game/824346/feed/live,R,2026,2026-06-11,,day,P,N,N,Regular Season,3,3,1,Final,Final,19,Coors Field,115,Colorado Rockies,COL,3,False,112,Chicago Cubs,CHC,9,True,681799,Ethan Roberts,Ethan,Roberts,39,1997-07-04,28,"5' 10""",180,1,Pitcher,R,Right,R,Right,,,,,,,,,,,,,,,,,,,,,,,,,,
2026-06-11,824346,,/api/v1.1/game/824346/feed/live,R,2026,2026-06-11,,day,P,N,N,Regular Season,3,3,1,Final,Final,19,Coors Field,115,Colorado Rockies,COL,3,False,112,Chicago Cubs,CHC,9,True,665871,Javier Assad,Javier,Assad,72,1997-07-30,28,"6' 1""",200,1,Pitcher,R,Right,R,Right,,,,,,,,,,,,,,,,,,,,,,,,,,
2026-06-11,824346,,/api/v1.1/game/824346/feed/live,R,2026,2026-06-11,,day,P,N,N,Regular Season,3,3,1,Final,Final,19,Coors Field,115,Colorado Rockies,COL,3,False,112,Chicago Cubs,CHC,9,True,573204,Caleb Thielbar,Caleb,Thielbar,24,1987-01-31,39,"6' 0""",205,1,Pitcher,R,Right,L,Left,,,,,,,,,,,,,,,,,,,,,,,,,,
2026-06-11,824346,,/api/v1.1/game/824346/feed/live,R,2026,2026-06-11,,day,P,N,N,Regular Season,3,3,1,Final,Final,19,Coors Field,115,Colorado Rockies,COL,3,False,112,Chicago Cubs,CHC,9,True,621053,Tyler Ferguson,Tyler,Ferguson,64,1993-10-05,32,"6' 4""",225,1,Pitcher,R,Right,R,Right,"1.1 IP, ER, 3 K, 0 BB",,,,,,,,,,,,,,,,1.1,1,3,1,3,0,26,0,0,0
2026-06-11,824346,,/api/v1.1/game/824346/feed/live,R,2026,2026-06-11,,day,P,N,N,Regular Season,3,3,1,Final,Final,19,Coors Field,115,Colorado Rockies,COL,3,False,112,Chicago Cubs,CHC,9,True,684007,Shota Imanaga,Shota,Imanaga,18,1993-09-01,32,"5' 10""",175,1,Pitcher,L,Left,L,Left,,,,,,,,,,,,,,,,,,,,,,,,,,
2026-06-11,824346,,/api/v1.1/game/824346/feed/live,R,2026,2026-06-11,,day,P,N,N,Regular Season,3,3,1,Final,Final,19,Coors Field,115,Colorado Rockies,COL,3,False,112,Chicago Cubs,CHC,9,True,608324,Alex Bregman,Alexander,Bregman,3,1994-03-30,32,"5' 10""",190,5,Third Base,R,Right,R,Right,"1-4 | HR, BB, K",,4,1,0,0,1,2,2,1,1,0,0,0,5,4,,,,,,,,,,
2026-06-11,824346,,/api/v1.1/game/824346/feed/live,R,2026,2026-06-11,,day,P,N,N,Regular Season,3,3,1,Final,Final,19,Coors Field,115,Colorado Rockies,COL,3,False,112,Chicago Cubs,CHC,9,True,699393,Pedro Ramírez,Pedro,Ramírez,75,2004-04-01,22,"5' 9""",165,4,Second Base,S,Switch,R,Right,,,,,,,,,,,,,,,,,,,,,,,,,,
2026-06-11,824346,,/api/v1.1/game/824346/feed/live,R,2026,2026-06-11,,day,P,N,N,Regular Season,3,3,1,Final,Final,19,Coors Field,115,Colorado Rockies,COL,3,False,112,Chicago Cubs,CHC,9,True,683737,Michael Busch,Michael,Busch,29,1997-11-09,28,"5' 11""",210,3,First Base,L,Left,R,Right,"2-4 | HBP, RBI, R",,4,2,0,0,0,1,1,0,0,0,0,0,5,2,,,,,,,,,,
2026-06-11,824346,,/api/v1.1/game/824346/feed/live,R,2026,2026-06-11,,day,P,N,N,Regular Season,3,3,1,Final,Final,19,Coors Field,115,Colorado Rockies,COL,3,False,112,Chicago Cubs,CHC,9,True,608348,Carson Kelly,Carson,Kelly,15,1994-07-14,31,"6' 1""",212,2,Catcher,R,Right,R,Right,"1-4 | HR, K, RBI",,4,1,0,0,1,1,1,1,0,0,0,0,4,4,,,,,,,,,,
2026-06-11,824346,,/api/v1.1/game/824346/feed/live,R,2026,2026-06-11,,day,P,N,N,Regular Season,3,3,1,Final,Final,19,Coors Field,115,Colorado Rockies,COL,3,False,112,Chicago Cubs,CHC,9,True,691718,Pete Crow-Armstrong,Pete,Crow-Armstrong,4,2002-03-25,24,"6' 0""",184,8,Outfielder,L,Left,L,Left,"2-5 | 2B, 2 R, SB",,5,2,1,0,0,0,2,0,0,1,0,0,5,3,,,,,,,,,,
2026-06-11,824346,,/api/v1.1/game/824346/feed/live,R,2026,2026-06-11,,day,P,N,N,Regular Season,3,3,1,Final,Final,19,Coors Field,115,Colorado Rockies,COL,3,False,112,Chicago Cubs,CHC,9,True,657097,Jacob Webb,Jacob,Webb,71,1993-08-15,32,"6' 2""",210,1,Pitcher,R,Right,R,Right,,,,,,,,,,,,,,,,,,,,,,,,,,
2026-06-11,824346,,/api/v1.1/game/824346/feed/live,R,2026,2026-06-11,,day,P,N,N,Regular Season,3,3,1,Final,Final,19,Coors Field,115,Colorado Rockies,COL,3,False,112,Chicago Cubs,CHC,9,True,665804,Miguel Amaya,Miguel,Amaya,9,1999-03-09,27,"6' 1""",230,2,Catcher,R,Right,R,Right,,,,,,,,,,,,,,,,,,,,,,,,,,
2026-06-11,824346,,/api/v1.1/game/824346/feed/live,R,2026,2026-06-11,,day,P,N,N,Regular Season,3,3,1,Final,Final,19,Coors Field,115,Colorado Rockies,COL,3,False,112,Chicago Cubs,CHC,9,True,694208,Moisés Ballesteros,Moisés,Ballesteros,25,2003-11-08,22,"5' 8""",195,10,Designated Hitter,L,Left,R,Right,1-3 | SB,,3,1,0,0,0,0,0,0,0,1,0,1,3,1,,,,,,,,,,
2026-06-11,824346,,/api/v1.1/game/824346/feed/live,R,2026,2026-06-11,,day,P,N,N,Regular Season,3,3,1,Final,Final,19,Coors Field,115,Colorado Rockies,COL,3,False,112,Chicago Cubs,CHC,9,True,673548,Seiya Suzuki,Seiya,Suzuki,27,1994-08-18,31,"5' 11""",182,9,Outfielder,R,Right,R,Right,"1-4 | HR, 2 K, 4 RBI",,4,1,0,0,1,4,1,2,0,0,0,0,4,4,,,,,,,,,,
2026-06-11,824346,,/api/v1.1/game/824346/feed/live,R,2026,2026-06-11,,day,P,N,N,Regular Season,3,3,1,Final,Final,19,Coors Field,115,Colorado Rockies,COL,3,False,112,Chicago Cubs,CHC,9,True,669020,Ryan Rolison,Ryan,Rolison,33,1997-07-11,28,"6' 2""",213,1,Pitcher,R,Right,L,Left,"1.0 IP, 0 ER, 2 K, 0 BB",,,,,,,,,,,,,,,,1.0,0,1,0,2,0,17,0,0,0
2026-06-11,824346,,/api/v1.1/game/824346/feed/live,R,2026,2026-06-11,,day,P,N,N,Regular Season,3,3,1,Final,Final,19,Coors Field,115,Colorado Rockies,COL,3,False,112,Chicago Cubs,CHC,9,True,621020,Dansby Swanson,James,Swanson,7,1994-02-11,32,"6' 0""",190,6,Shortstop,R,Right,R,Right,"0-3 | BB, 2 K, R",,3,0,0,0,0,0,1,2,1,1,0,0,4,0,,,,,,,,,,
2026-06-11,824346,,/api/v1.1/game/824346/feed/live,R,2026,2026-06-11,,day,P,N,N,Regular Season,3,3,1,Final,Final,19,Coors Field,115,Colorado Rockies,COL,3,False,112,Chicago Cubs,CHC,9,True,607067,Colin Rea,Colin,Rea,53,1990-07-01,35,"6' 5""",220,1,Pitcher,R,Right,R,Right,,,,,,,,,,,,,,,,,,,,,,,,,,
2026-06-11,824346,,/api/v1.1/game/824346/feed/live,R,2026,2026-06-11,,day,P,N,N,Regular Season,3,3,1,Final,Final,19,Coors Field,115,Colorado Rockies,COL,3,False,112,Chicago Cubs,CHC,9,True,664208,Phil Maton,Phillip,Maton,88,1993-03-25,33,"6' 2""",206,1,Pitcher,R,Right,R,Right,"1.0 IP, 0 ER, K, 0 BB",,,,,,,,,,,,,,,,1.0,0,1,0,1,0,8,0,0,0
2026-06-11,824346,,/api/v1.1/game/824346/feed/live,R,2026,2026-06-11,,day,P,N,N,Regular Season,3,3,1,Final,Final,19,Coors Field,115,Colorado Rockies,COL,3,False,112,Chicago Cubs,CHC,9,True,663538,Nico Hoerner,Nicholas,Hoerner,2,1997-05-13,29,"5' 11""",200,4,Second Base,R,Right,R,Right,1-4,,4,1,0,0,0,0,0,0,0,0,0,0,4,1,,,,,,,,,,
2026-06-11,824346,,/api/v1.1/game/824346/feed/live,R,2026,2026-06-11,,day,P,N,N,Regular Season,3,3,1,Final,Final,19,Coors Field,115,Colorado Rockies,COL,3,False,112,Chicago Cubs,CHC,9,True,676962,Ben Brown,Benjamin,Brown,32,1999-09-09,26,"6' 6""",210,1,Pitcher,R,Right,R,Right,,,,,,,,,,,,,,,,,,,,,,,,,,
2026-06-11,824346,,/api/v1.1/game/824346/feed/live,R,2026,2026-06-11,,day,P,N,N,Regular Season,3,3,1,Final,Final,19,Coors Field,115,Colorado Rockies,COL,3,False,112,Chicago Cubs,CHC,9,True,807713,Matt Shaw,Matthew,Shaw,6,2001-11-06,24,"5' 10""",185,9,Outfielder,R,Right,R,Right,0-1 | K,,1,0,0,0,0,0,0,1,0,0,0,0,1,0,,,,,,,,,,
2026-06-11,823371,,/api/v1.1/game/823371/feed/live,R,2026,2026-06-11,,night,P,N,N,Regular Season,3,3,1,Final,Final,31,PNC Park,134,Pittsburgh Pirates,PIT,6,False,119,Los Angeles Dodgers,LAD,8,True,694973,Paul Skenes,Paul,Skenes,30,2002-05-29,24,"6' 6""",260,1,Pitcher,R,Right,R,Right,,,,,,,,,,,,,,,,,,,,,,,,,,
2026-06-11,823371,,/api/v1.1/game/823371/feed/live,R,2026,2026-06-11,,night,P,N,N,Regular Season,3,3,1,Final,Final,31,PNC Park,134,Pittsburgh Pirates,PIT,6,False,119,Los Angeles Dodgers,LAD,8,True,687462,Spencer Horwitz,Spencer,Horwitz,2,1997-11-14,28,"5' 10""",204,3,First Base,L,Left,R,Right,"2-5 | 2 K, RBI",,5,2,0,0,0,1,0,2,0,0,0,0,5,2,,,,,,,,,,
2026-06-11,823371,,/api/v1.1/game/823371/feed/live,R,2026,2026-06-11,,night,P,N,N,Regular Season,3,3,1,Final,Final,31,PNC Park,134,Pittsburgh Pirates,PIT,6,False,119,Los Angeles Dodgers,LAD,8,True,664040,Brandon Lowe,Brandon,Lowe,5,1994-07-06,31,"5' 9""",181,4,Second Base,L,Left,R,Right,"1-4 | HR, BB, K",,4,1,0,0,1,2,1,1,1,0,0,1,5,4,,,,,,,,,,
2026-06-11,823371,,/api/v1.1/game/823371/feed/live,R,2026,2026-06-11,,night,P,N,N,Regular Season,3,3,1,Final,Final,31,PNC Park,134,Pittsburgh Pirates,PIT,6,False,119,Los Angeles Dodgers,LAD,8,True,682848,Endy Rodríguez,Endy,Rodríguez,13,2000-05-26,26,"6' 0""",207,2,Catcher,S,Switch,R,Right,,,,,,,,,,,,,,,,,,,,,,,,,,
2026-06-11,823371,,/api/v1.1/game/823371/feed/live,R,2026,2026-06-11,,night,P,N,N,Regular Season,3,3,1,Final,Final,31,PNC Park,134,Pittsburgh Pirates,PIT,6,False,119,Los Angeles Dodgers,LAD,8,True,668804,Bryan Reynolds,Bryan,Reynolds,10,1995-01-27,31,"6' 2""",210,7,Outfielder,S,Switch,R,Right,"1-5 | 2 K, R",,5,1,0,0,0,0,1,2,0,0,0,0,5,1,,,,,,,,,,
2026-06-11,823371,,/api/v1.1/game/823371/feed/live,R,2026,2026-06-11,,night,P,N,N,Regular Season,3,3,1,Final,Final,31,PNC Park,134,Pittsburgh Pirates,PIT,6,False,119,Los Angeles Dodgers,LAD,8,True,683003,Jared Jones,Jared,Jones,17,2001-08-06,24,"6' 0""",211,1,Pitcher,L,Left,R,Right,,,,,,,,,,,,,,,,,,,,,,,,,,
2026-06-11,823371,,/api/v1.1/game/823371/feed/live,R,2026,2026-06-11,,night,P,N,N,Regular Season,3,3,1,Final,Final,31,PNC Park,134,Pittsburgh Pirates,PIT,6,False,119,Los Angeles Dodgers,LAD,8,True,681895,Evan Sisk,Samuel,Sisk,48,1997-04-23,29,"6' 2""",214,1,Pitcher,L,Left,L,Left,"0.2 IP, 2 ER, K, BB",,,,,,,,,,,,,,,,0.2,2,2,0,1,1,31,0,0,0
2026-06-11,823371,,/api/v1.1/game/823371/feed/live,R,2026,2026-06-11,,night,P,N,N,Regular Season,3,3,1,Final,Final,31,PNC Park,134,Pittsburgh Pirates,PIT,6,False,119,Los Angeles Dodgers,LAD,8,True,642397,Gregory Soto,Gregory,Soto,31,1995-02-11,31,"6' 1""",247,1,Pitcher,L,Left,L,Left,,,,,,,,,,,,,,,,,,,,,,,,,,
2026-06-11,823371,,/api/v1.1/game/823371/feed/live,R,2026,2026-06-11,,night,P,N,N,Regular Season,3,3,1,Final,Final,31,PNC Park,134,Pittsburgh Pirates,PIT,6,False,119,Los Angeles Dodgers,LAD,8,True,682254,Mason Montgomery,Mason,Montgomery,46,2000-06-17,25,"6' 2""",205,1,Pitcher,L,Left,L,Left,,,,,,,,,,,,,,,,,,,,,,,,,,
2026-06-11,823371,,/api/v1.1/game/823371/feed/live,R,2026,2026-06-11,,night,P,N,N,Regular Season,3,3,1,Final,Final,31,PNC Park,134,Pittsburgh Pirates,PIT,6,False,119,Los Angeles Dodgers,LAD,8,True,699013,Esmerlyn Valdez,Esmerlyn,Valdez,55,2004-01-27,22,"6' 2""",234,O,Outfield,R,Right,R,Right,0-2,,2,0,0,0,0,0,0,0,0,0,0,0,2,0,,,,,,,,,,
2026-06-11,823371,,/api/v1.1/game/823371/feed/live,R,2026,2026-06-11,,night,P,N,N,Regular Season,3,3,1,Final,Final,31,PNC Park,134,Pittsburgh Pirates,PIT,6,False,119,Los Angeles Dodgers,LAD,8,True,669707,Jared Triolo,Jared,Triolo,19,1998-02-08,28,"6' 3""",212,6,Shortstop,R,Right,R,Right,1-4 | K,,4,1,0,0,0,0,0,1,0,0,0,0,4,1,,,,,,,,,,
2026-06-11,823371,,/api/v1.1/game/823371/feed/live,R,2026,2026-06-11,,night,P,N,N,Regular Season,3,3,1,Final,Final,31,PNC Park,134,Pittsburgh Pirates,PIT,6,False,119,Los Angeles Dodgers,LAD,8,True,663968,Jake Mangum,Jake,Mangum,28,1996-03-08,30,"5' 11""",191,7,Outfielder,S,Switch,L,Left,"1-4 | 2B, K, RBI",,4,1,1,0,0,1,1,1,0,0,0,0,4,2,,,,,,,,,,
2026-06-11,823371,,/api/v1.1/game/823371/feed/live,R,2026,2026-06-11,,night,P,N,N,Regular Season,3,3,1,Final,Final,31,PNC Park,134,Pittsburgh Pirates,PIT,6,False,119,Los Angeles Dodgers,LAD,8,True,656605,Mitch Keller,Mitch,Keller,23,1996-04-04,30,"6' 3""",213,1,Pitcher,R,Right,R,Right,"4.0 IP, 5 ER, 3 K, 4 BB",,,,,,,,,,,,,,,,4.0,5,7,1,3,4,98,0,1,0
2026-06-11,823371,,/api/v1.1/game/823371/feed/live,R,2026,2026-06-11,,night,P,N,N,Regular Season,3,3,1,Final,Final,31,PNC Park,134,Pittsburgh Pirates,PIT,6,False,119,Los Angeles Dodgers,LAD,8,True,670990,Yohan Ramírez,Yohan,Ramírez,49,1995-05-06,31,"6' 3""",205,1,Pitcher,R,Right,R,Right,"2.0 IP, 0 ER, K, 2 BB",,,,,,,,,,,,,,,,2.0,0,0,0,1,2,35,0,0,0
2026-06-11,823371,,/api/v1.1/game/823371/feed/live,R,2026,2026-06-11,,night,P,N,N,Regular Season,3,3,1,Final,Final,31,PNC Park,134,Pittsburgh Pirates,PIT,6,False,119,Los Angeles Dodgers,LAD,8,True,696149,Bubba Chandler,Roy,Chandler,36,2002-09-14,23,"6' 3""",206,1,Pitcher,S,Switch,R,Right,,,,,,,,,,,,,,,,,,,,,,,,,,
2026-06-11,823371,,/api/v1.1/game/823371/feed/live,R,2026,2026-06-11,,night,P,N,N,Regular Season,3,3,1,Final,Final,31,PNC Park,134,Pittsburgh Pirates,PIT,6,False,119,Los Angeles Dodgers,LAD,8,True,695257,Billy Cook,William,Cook,25,1999-01-07,27,"6' 0""",204,9,Outfielder,R,Right,R,Right,,,,,,,,,,,,,,,,,,,,,,,,,,
2026-06-11,823371,,/api/v1.1/game/823371/feed/live,R,2026,2026-06-11,,night,P,N,N,Regular Season,3,3,1,Final,Final,31,PNC Park,134,Pittsburgh Pirates,PIT,6,False,119,Los Angeles Dodgers,LAD,8,True,669387,Carmen Mlodzinski,Carmen,Mlodzinski,50,1999-02-19,27,"6' 2""",210,1,Pitcher,R,Right,R,Right,,,,,,,,,,,,,,,,,,,,,,,,,,
2026-06-11,823371,,/api/v1.1/game/823371/feed/live,R,2026,2026-06-11,,night,P,N,N,Regular Season,3,3,1,Final,Final,31,PNC Park,134,Pittsburgh Pirates,PIT,6,False,119,Los Angeles Dodgers,LAD,8,True,642701,Dennis Santana,Dennis,Santana,60,1996-04-12,30,"6' 2""",202,1,Pitcher,R,Right,R,Right,"1.0 IP, 0 ER, 0 K, 0 BB",,,,,,,,,,,,,,,,1.0,0,0,0,0,0,16,0,0,0
2026-06-11,823371,,/api/v1.1/game/823371/feed/live,R,2026,2026-06-11,,night,P,N,N,Regular Season,3,3,1,Final,Final,31,PNC Park,134,Pittsburgh Pirates,PIT,6,False,119,Los Angeles Dodgers,LAD,8,True,696062,Wilber Dotel,Wilber,Dotel,66,2002-09-25,23,"6' 3""",238,1,Pitcher,R,Right,R,Right,,,,,,,,,,,,,,,,,,,,,,,,,,
2026-06-11,823371,,/api/v1.1/game/823371/feed/live,R,2026,2026-06-11,,night,P,N,N,Regular Season,3,3,1,Final,Final,31,PNC Park,134,Pittsburgh Pirates,PIT,6,False,119,Los Angeles Dodgers,LAD,8,True,682997,Tyler Callihan,Tyler,Callihan,37,2000-06-22,25,"5' 11""",205,7,Outfielder,L,Left,R,Right,"1-1 | 3B, BB, R",,1,1,0,1,0,0,1,0,1,0,0,0,2,3,,,,,,,,,,
2026-06-11,823371,,/api/v1.1/game/823371/feed/live,R,2026,2026-06-11,,night,P,N,N,Regular Season,3,3,1,Final,Final,31,PNC Park,134,Pittsburgh Pirates,PIT,6,False,119,Los Angeles Dodgers,LAD,8,True,684049,Brandan Bidois,Brandan,Bidois,77,2001-06-21,24,"6' 2""",174,1,Pitcher,R,Right,R,Right,"1.1 IP, 0 ER, 2 K, BB",,,,,,,,,,,,,,,,1.1,0,1,0,2,1,29,0,0,0
2026-06-11,823371,,/api/v1.1/game/823371/feed/live,R,2026,2026-06-11,,night,P,N,N,Regular Season,3,3,1,Final,Final,31,PNC Park,134,Pittsburgh Pirates,PIT,6,False,119,Los Angeles Dodgers,LAD,8,True,656811,Ryan O'Hearn,Ryan,O'Hearn,29,1993-07-26,32,"6' 2""",220,9,Outfielder,L,Left,L,Left,1-3 | 2 K,,3,1,0,0,0,0,0,2,0,0,0,0,3,1,,,,,,,,,,
2026-06-11,823371,,/api/v1.1/game/823371/feed/live,R,2026,2026-06-11,,night,P,N,N,Regular Season,3,3,1,Final,Final,31,PNC Park,134,Pittsburgh Pirates,PIT,6,False,119,Los Angeles Dodgers,LAD,8,True,693304,Nick Gonzales,Nicholas,Gonzales,3,1999-05-27,27,"5' 8""",193,5,Third Base,R,Right,R,Right,"2-5 | K, R",,5,2,0,0,0,0,1,1,0,0,0,0,5,2,,,,,,,,,,
2026-06-11,823371,,/api/v1.1/game/823371/feed/live,R,2026,2026-06-11,,night,P,N,N,Regular Season,3,3,1,Final,Final,31,PNC Park,134,Pittsburgh Pirates,PIT,6,False,119,Los Angeles Dodgers,LAD,8,True,542303,Marcell Ozuna,Marcell,Ozuna,24,1990-11-12,35,"6' 1""",251,10,Designated Hitter,R,Right,R,Right,0-2,,2,0,0,0,0,0,0,0,0,0,0,0,2,0,,,,,,,,,,
2026-06-11,823371,,/api/v1.1/game/823371/feed/live,R,2026,2026-06-11,,night,P,N,N,Regular Season,3,3,1,Final,Final,31,PNC Park,134,Pittsburgh Pirates,PIT,6,False,119,Los Angeles Dodgers,LAD,8,True,804668,Rafael Flores Jr.,Rafael,Flores,43,2000-11-07,25,"6' 3""",232,2,Catcher,R,Right,R,Right,"2-3 | HR, 2B, BB",,3,2,1,0,1,2,1,0,1,0,0,0,4,6,,,,,,,,,,
2026-06-11,823371,,/api/v1.1/game/823371/feed/live,R,2026,2026-06-11,,night,P,N,N,Regular Season,3,3,1,Final,Final,31,PNC Park,134,Pittsburgh Pirates,PIT,6,False,119,Los Angeles Dodgers,LAD,8,True,677952,Braxton Ashcraft,Braxton,Ashcraft,35,1999-10-05,26,"6' 5""",218,1,Pitcher,L,Left,R,Right,,,,,,,,,,,,,,,,,,,,,,,,,,
2026-06-11,823371,,/api/v1.1/game/823371/feed/live,R,2026,2026-06-11,,night,P,N,N,Regular Season,3,3,1,Final,Final,31,PNC Park,134,Pittsburgh Pirates,PIT,6,False,119,Los Angeles Dodgers,LAD,8,True,687221,Dalton Rushing,Dalton,Rushing,68,2001-02-21,25,"6' 0""",220,2,Catcher,L,Left,R,Right,"1-3 | 2B, 2 BB, R",,3,1,1,0,0,0,1,0,2,0,0,0,5,2,,,,,,,,,,
2026-06-11,823371,,/api/v1.1/game/823371/feed/live,R,2026,2026-06-11,,night,P,N,N,Regular Season,3,3,1,Final,Final,31,PNC Park,134,Pittsburgh Pirates,PIT,6,False,119,Los Angeles Dodgers,LAD,8,True,681911,Alex Vesia,Alexander,Vesia,51,1996-04-11,30,"6' 1""",209,1,Pitcher,L,Left,L,Left,"0.1 IP, 0 ER, K, 0 BB",,,,,,,,,,,,,,,,0.1,0,0,0,1,0,4,0,0,0
2026-06-11,823371,,/api/v1.1/game/823371/feed/live,R,2026,2026-06-11,,night,P,N,N,Regular Season,3,3,1,Final,Final,31,PNC Park,134,Pittsburgh Pirates,PIT,6,False,119,Los Angeles Dodgers,LAD,8,True,663656,Kyle Tucker,Kyle,Tucker,23,1997-01-17,29,"6' 3""",212,9,Outfielder,L,Left,R,Right,"1-5 | 3 K, 2 RBI, R",,5,1,0,0,0,2,1,3,0,1,0,0,5,1,,,,,,,,,,
2026-06-11,823371,,/api/v1.1/game/823371/feed/live,R,2026,2026-06-11,,night,P,N,N,Regular Season,3,3,1,Final,Final,31,PNC Park,134,Pittsburgh Pirates,PIT,6,False,119,Los Angeles Dodgers,LAD,8,True,669899,Ryan Ward,Ryan,Ward,67,1998-02-23,28,"5' 10""",200,7,Outfielder,L,Left,R,Right,0-3 | K,,3,0,0,0,0,0,0,1,0,0,0,0,3,0,,,,,,,,,,
2026-06-11,823371,,/api/v1.1/game/823371/feed/live,R,2026,2026-06-11,,night,P,N,N,Regular Season,3,3,1,Final,Final,31,PNC Park,134,Pittsburgh Pirates,PIT,6,False,119,Los Angeles Dodgers,LAD,8,True,571970,Max Muncy,Maxwell,Muncy,13,1990-08-25,35,"5' 10""",215,5,Third Base,L,Left,R,Right,"0-3 | BB, HBP",,3,0,0,0,0,0,0,0,1,0,0,0,5,0,,,,,,,,,,
2026-06-11,823371,,/api/v1.1/game/823371/feed/live,R,2026,2026-06-11,,night,P,N,N,Regular Season,3,3,1,Final,Final,31,PNC Park,134,Pittsburgh Pirates,PIT,6,False,119,Los Angeles Dodgers,LAD,8,True,518692,Freddie Freeman,Frederick,Freeman,5,1989-09-12,36,"6' 4""",220,3,First Base,L,Left,R,Right,"1-3 | BB, 2 HBP, RBI",,3,1,0,0,0,1,1,0,1,0,0,0,6,1,,,,,,,,,,
2026-06-11,823371,,/api/v1.1/game/823371/feed/live,R,2026,2026-06-11,,night,P,N,N,Regular Season,3,3,1,Final,Final,31,PNC Park,134,Pittsburgh Pirates,PIT,6,False,119,Los Angeles Dodgers,LAD,8,True,683618,Edgardo Henriquez,Edgardo,Henriquez,60,2002-06-24,23,"6' 4""",200,1,Pitcher,R,Right,R,Right,"0.2 IP, 2 ER, K, 0 BB",,,,,,,,,,,,,,,,0.2,2,3,0,1,0,15,0,0,0
2026-06-11,823371,,/api/v1.1/game/823371/feed/live,R,2026,2026-06-11,,night,P,N,N,Regular Season,3,3,1,Final,Final,31,PNC Park,134,Pittsburgh Pirates,PIT,6,False,119,Los Angeles Dodgers,LAD,8,True,641778,Eric Lauer,Eric,Lauer,33,1995-06-03,31,"6' 3""",209,1,Pitcher,R,Right,L,Left,,,,,,,,,,,,,,,,,,,,,,,,,,
2026-06-11,823371,,/api/v1.1/game/823371/feed/live,R,2026,2026-06-11,,night,P,N,N,Regular Season,3,3,1,Final,Final,31,PNC Park,134,Pittsburgh Pirates,PIT,6,False,119,Los Angeles Dodgers,LAD,8,True,656945,Tanner Scott,Tanner,Scott,66,1994-07-22,31,"6' 0""",235,1,Pitcher,R,Right,L,Left,"1.1 IP, 0 ER, 3 K, 0 BB",,,,,,,,,,,,,,,,1.1,0,0,0,3,0,18,0,0,1
2026-06-11,823371,,/api/v1.1/game/823371/feed/live,R,2026,2026-06-11,,night,P,N,N,Regular Season,3,3,1,Final,Final,31,PNC Park,134,Pittsburgh Pirates,PIT,6,False,119,Los Angeles Dodgers,LAD,8,True,642020,Chuckie Robinson,Charles,Robinson,52,1994-12-14,31,"6' 0""",215,2,Catcher,R,Right,R,Right,,,,,,,,,,,,,,,,,,,,,,,,,,
2026-06-11,823371,,/api/v1.1/game/823371/feed/live,R,2026,2026-06-11,,night,P,N,N,Regular Season,3,3,1,Final,Final,31,PNC Park,134,Pittsburgh Pirates,PIT,6,False,119,Los Angeles Dodgers,LAD,8,True,669289,Santiago Espinal,Santiago,Espinal,21,1994-11-13,31,"5' 9""",185,5,Third Base,R,Right,R,Right,1-2 | K,,2,1,0,0,0,0,0,1,0,0,0,0,2,1,,,,,,,,,,
2026-06-11,823371,,/api/v1.1/game/823371/feed/live,R,2026,2026-06-11,,night,P,N,N,Regular Season,3,3,1,Final,Final,31,PNC Park,134,Pittsburgh Pirates,PIT,6,False,119,Los Angeles Dodgers,LAD,8,True,669165,Kyle Hurt,Kyle,Hurt,63,1998-05-30,28,"6' 3""",240,1,Pitcher,R,Right,R,Right,,,,,,,,,,,,,,,,,,,,,,,,,,
2026-06-11,823371,,/api/v1.1/game/823371/feed/live,R,2026,2026-06-11,,night,P,N,N,Regular Season,3,3,1,Final,Final,31,PNC Park,134,Pittsburgh Pirates,PIT,6,False,119,Los Angeles Dodgers,LAD,8,True,660271,Shohei Ohtani,Shohei,Ohtani,17,1994-07-05,31,"6' 4""",210,Y,Two-Way Player,L,Left,R,Right,"2-2 | HR, 2 BB, RBI",,2,2,0,0,1,1,2,0,2,0,0,0,4,5,,,,,,,,,,
2026-06-11,823371,,/api/v1.1/game/823371/feed/live,R,2026,2026-06-11,,night,P,N,N,Regular Season,3,3,1,Final,Final,31,PNC Park,134,Pittsburgh Pirates,PIT,6,False,119,Los Angeles Dodgers,LAD,8,True,694361,Will Klein,William,Klein,61,1999-11-28,26,"6' 5""",230,1,Pitcher,R,Right,R,Right,"1.0 IP, 0 ER, 2 K, BB",,,,,,,,,,,,,,,,1.0,0,3,0,2,1,22,0,0,0
2026-06-11,823371,,/api/v1.1/game/823371/feed/live,R,2026,2026-06-11,,night,P,N,N,Regular Season,3,3,1,Final,Final,31,PNC Park,134,Pittsburgh Pirates,PIT,6,False,119,Los Angeles Dodgers,LAD,8,True,680736,Justin Wrobleski,Justin,Wrobleski,70,2000-07-14,25,"6' 1""",194,1,Pitcher,L,Left,L,Left,"4.2 IP, 4 ER, K, 2 BB",,,,,,,,,,,,,,,,4.2,4,6,2,1,2,80,0,0,0
2026-06-11,823371,,/api/v1.1/game/823371/feed/live,R,2026,2026-06-11,,night,P,N,N,Regular Season,3,3,1,Final,Final,31,PNC Park,134,Pittsburgh Pirates,PIT,6,False,119,Los Angeles Dodgers,LAD,8,True,642546,Jonathan Hernández,Jonathan,Hernández,29,1996-07-06,29,"6' 3""",190,1,Pitcher,R,Right,R,Right,,,,,,,,,,,,,,,,,,,,,,,,,,
2026-06-11,823371,,/api/v1.1/game/823371/feed/live,R,2026,2026-06-11,,night,P,N,N,Regular Season,3,3,1,Final,Final,31,PNC Park,134,Pittsburgh Pirates,PIT,6,False,119,Los Angeles Dodgers,LAD,8,True,681624,Andy Pages,Andy,Pages,44,2000-12-08,25,"6' 1""",212,8,Outfielder,R,Right,R,Right,"2-6 | K, 2 R",,6,2,0,0,0,0,2,1,0,0,0,1,6,2,,,,,,,,,,
2026-06-11,823371,,/api/v1.1/game/823371/feed/live,R,2026,2026-06-11,,night,P,N,N,Regular Season,3,3,1,Final,Final,31,PNC Park,134,Pittsburgh Pirates,PIT,6,False,119,Los Angeles Dodgers,LAD,8,True,605141,Mookie Betts,Markus,Betts,50,1992-10-07,33,"5' 9""",180,6,Shortstop,R,Right,R,Right,1-5 | BB,,5,1,0,0,0,0,0,0,1,0,0,0,6,1,,,,,,,,,,
2026-06-11,823371,,/api/v1.1/game/823371/feed/live,R,2026,2026-06-11,,night,P,N,N,Regular Season,3,3,1,Final,Final,31,PNC Park,134,Pittsburgh Pirates,PIT,6,False,119,Los Angeles Dodgers,LAD,8,True,669743,Alex Call,Alex,Call,12,1994-09-27,31,"5' 11""",189,7,Outfielder,R,Right,R,Right,"1-1 | BB, R",,1,1,0,0,0,0,1,0,1,0,0,0,2,1,,,,,,,,,,
2026-06-11,823371,,/api/v1.1/game/823371/feed/live,R,2026,2026-06-11,,night,P,N,N,Regular Season,3,3,1,Final,Final,31,PNC Park,134,Pittsburgh Pirates,PIT,6,False,119,Los Angeles Dodgers,LAD,8,True,686218,Emmet Sheehan,George,Sheehan,80,1999-11-15,26,"6' 5""",220,1,Pitcher,R,Right,R,Right,,,,,,,,,,,,,,,,,,,,,,,,,,
2026-06-11,823371,,/api/v1.1/game/823371/feed/live,R,2026,2026-06-11,,night,P,N,N,Regular Season,3,3,1,Final,Final,31,PNC Park,134,Pittsburgh Pirates,PIT,6,False,119,Los Angeles Dodgers,LAD,8,True,500743,Miguel Rojas,Miguel,Rojas,72,1989-02-24,37,"5' 10""",188,6,Shortstop,R,Right,R,Right,0-1 | 2 RBI,,1,0,0,0,0,2,0,0,0,0,0,0,2,0,,,,,,,,,,
2026-06-11,823371,,/api/v1.1/game/823371/feed/live,R,2026,2026-06-11,,night,P,N,N,Regular Season,3,3,1,Final,Final,31,PNC Park,134,Pittsburgh Pirates,PIT,6,False,119,Los Angeles Dodgers,LAD,8,True,676263,Jack Dreyer,Jacob,Dreyer,86,1999-02-27,27,"6' 2""",205,1,Pitcher,R,Right,L,Left,"1.0 IP, 0 ER, 2 K, 0 BB",,,,,,,,,,,,,,,,1.0,0,0,0,2,0,11,1,0,0
2026-06-11,823371,,/api/v1.1/game/823371/feed/live,R,2026,2026-06-11,,night,P,N,N,Regular Season,3,3,1,Final,Final,31,PNC Park,134,Pittsburgh Pirates,PIT,6,False,119,Los Angeles Dodgers,LAD,8,True,595014,Blake Treinen,Blake,Treinen,49,1988-06-30,37,"6' 5""",225,1,Pitcher,R,Right,R,Right,,,,,,,,,,,,,,,,,,,,,,,,,,
2026-06-11,823371,,/api/v1.1/game/823371/feed/live,R,2026,2026-06-11,,night,P,N,N,Regular Season,3,3,1,Final,Final,31,PNC Park,134,Pittsburgh Pirates,PIT,6,False,119,Los Angeles Dodgers,LAD,8,True,808963,Roki Sasaki,Roki,Sasaki,11,2001-11-03,24,"6' 2""",187,1,Pitcher,R,Right,R,Right,,,,,,,,,,,,,,,,,,,,,,,,,,
2026-06-11,823371,,/api/v1.1/game/823371/feed/live,R,2026,2026-06-11,,night,P,N,N,Regular Season,3,3,1,Final,Final,31,PNC Park,134,Pittsburgh Pirates,PIT,6,False,119,Los Angeles Dodgers,LAD,8,True,690976,Alex Freeland,Alexander,Freeland,76,2001-08-24,24,"5' 11""",200,4,Second Base,S,Switch,R,Right,0-3 | K,,3,0,0,0,0,0,0,1,0,0,0,0,3,0,,,,,,,,,,
2026-06-11,823371,,/api/v1.1/game/823371/feed/live,R,2026,2026-06-11,,night,P,N,N,Regular Season,3,3,1,Final,Final,31,PNC Park,134,Pittsburgh Pirates,PIT,6,False,119,Los Angeles Dodgers,LAD,8,True,808967,Yoshinobu Yamamoto,Yoshinobu,Yamamoto,18,1998-08-17,27,"5' 10""",176,1,Pitcher,R,Right,R,Right,,,,,,,,,,,,,,,,,,,,,,,,,,
2026-06-11,824827,,/api/v1.1/game/824827/feed/live,R,2026,2026-06-11,,night,P,N,N,Regular Season,4,4,1,Final,Final,2,Oriole Park at Camden Yards,110,Baltimore Orioles,BAL,7,True,136,Seattle Mariners,SEA,5,False,669236,Jeremiah Jackson,Jeremiah,Jackson,82,2000-03-26,26,"5' 11""",200,4,Second Base,R,Right,R,Right,,,,,,,,,,,,,,,,,,,,,,,,,,
2026-06-11,824827,,/api/v1.1/game/824827/feed/live,R,2026,2026-06-11,,night,P,N,N,Regular Season,4,4,1,Final,Final,2,Oriole Park at Camden Yards,110,Baltimore Orioles,BAL,7,True,136,Seattle Mariners,SEA,5,False,669211,Keegan Akin,Keegan,Akin,45,1995-04-01,31,"6' 0""",235,1,Pitcher,L,Left,L,Left,,,,,,,,,,,,,,,,,,,,,,,,,,
2026-06-11,824827,,/api/v1.1/game/824827/feed/live,R,2026,2026-06-11,,night,P,N,N,Regular Season,4,4,1,Final,Final,2,Oriole Park at Camden Yards,110,Baltimore Orioles,BAL,7,True,136,Seattle Mariners,SEA,5,False,694212,Samuel Basallo,Samuel,Basallo,29,2004-08-13,21,"6' 4""",250,2,Catcher,L,Left,R,Right,0-4 | K,,4,0,0,0,0,0,0,1,0,0,0,0,4,0,,,,,,,,,,
2026-06-11,824827,,/api/v1.1/game/824827/feed/live,R,2026,2026-06-11,,night,P,N,N,Regular Season,4,4,1,Final,Final,2,Oriole Park at Camden Yards,110,Baltimore Orioles,BAL,7,True,136,Seattle Mariners,SEA,5,False,669432,Trevor Rogers,Trevor,Rogers,28,1997-11-13,28,"6' 5""",230,1,Pitcher,L,Left,L,Left,,,,,,,,,,,,,,,,,,,,,,,,,,
2026-06-11,824827,,/api/v1.1/game/824827/feed/live,R,2026,2026-06-11,,night,P,N,N,Regular Season,4,4,1,Final,Final,2,Oriole Park at Camden Yards,110,Baltimore Orioles,BAL,7,True,136,Seattle Mariners,SEA,5,False,669330,Tyler Wells,Tyler,Wells,68,1994-08-26,31,"6' 8""",270,1,Pitcher,R,Right,R,Right,"3.0 IP, 0 ER, 4 K, BB",,,,,,,,,,,,,,,,3.0,0,0,0,4,1,39,1,0,0
2026-06-11,824827,,/api/v1.1/game/824827/feed/live,R,2026,2026-06-11,,night,P,N,N,Regular Season,4,4,1,Final,Final,2,Oriole Park at Camden Yards,110,Baltimore Orioles,BAL,7,True,136,Seattle Mariners,SEA,5,False,670329,Rico Garcia,Joshua,Garcia,50,1994-01-10,32,"5' 9""",215,1,Pitcher,R,Right,R,Right,"0.2 IP, 0 ER, 0 K, 0 BB",,,,,,,,,,,,,,,,0.2,0,2,0,0,0,16,0,0,0
2026-06-11,824827,,/api/v1.1/game/824827/feed/live,R,2026,2026-06-11,,night,P,N,N,Regular Season,4,4,1,Final,Final,2,Oriole Park at Camden Yards,110,Baltimore Orioles,BAL,7,True,136,Seattle Mariners,SEA,5,False,687064,Brandon Young,Brandon,Young,63,1998-08-19,27,"6' 6""",230,1,Pitcher,R,Right,R,Right,,,,,,,,,,,,,,,,,,,,,,,,,,
2026-06-11,824827,,/api/v1.1/game/824827/feed/live,R,2026,2026-06-11,,night,P,N,N,Regular Season,4,4,1,Final,Final,2,Oriole Park at Camden Yards,110,Baltimore Orioles,BAL,7,True,136,Seattle Mariners,SEA,5,False,683002,Gunnar Henderson,Gunnar,Henderson,2,2001-06-29,24,"6' 3""",230,6,Shortstop,L,Left,R,Right,"0-3 | BB, R",,3,0,0,0,0,0,1,0,1,0,0,0,4,0,,,,,,,,,,
2026-06-11,824827,,/api/v1.1/game/824827/feed/live,R,2026,2026-06-11,,night,P,N,N,Regular Season,4,4,1,Final,Final,2,Oriole Park at Camden Yards,110,Baltimore Orioles,BAL,7,True,136,Seattle Mariners,SEA,5,False,665750,Leody Taveras,Leody,Taveras,30,1998-09-08,27,"6' 2""",210,8,Outfielder,S,Switch,R,Right,0-4,,4,0,0,0,0,0,0,0,0,0,0,0,4,0,,,,,,,,,,
2026-06-11,824827,,/api/v1.1/game/824827/feed/live,R,2026,2026-06-11,,night,P,N,N,Regular Season,4,4,1,Final,Final,2,Oriole Park at Camden Yards,110,Baltimore Orioles,BAL,7,True,136,Seattle Mariners,SEA,5,False,621493,Taylor Ward,Joseph,Ward,3,1993-12-14,32,"6' 0""",205,7,Outfielder,R,Right,R,Right,"1-2 | BB, HBP, K",,2,1,0,0,0,0,2,1,1,0,0,0,4,1,,,,,,,,,,
2026-06-11,824827,,/api/v1.1/game/824827/feed/live,R,2026,2026-06-11,,night,P,N,N,Regular Season,4,4,1,Final,Final,2,Oriole Park at Camden Yards,110,Baltimore Orioles,BAL,7,True,136,Seattle Mariners,SEA,5,False,669358,Shane Baz,Shane,Baz,34,1999-06-17,26,"6' 3""",200,1,Pitcher,R,Right,R,Right,,,,,,,,,,,,,,,,,,,,,,,,,,
2026-06-11,824827,,/api/v1.1/game/824827/feed/live,R,2026,2026-06-11,,night,P,N,N,Regular Season,4,4,1,Final,Final,2,Oriole Park at Camden Yards,110,Baltimore Orioles,BAL,7,True,136,Seattle Mariners,SEA,5,False,680694,Kyle Bradish,Kyle,Bradish,38,1996-09-12,29,"6' 3""",215,1,Pitcher,R,Right,R,Right,"4.0 IP, 5 ER, 5 K, 3 BB",,,,,,,,,,,,,,,,4.0,5,7,3,5,3,85,0,0,0
2026-06-11,824827,,/api/v1.1/game/824827/feed/live,R,2026,2026-06-11,,night,P,N,N,Regular Season,4,4,1,Final,Final,2,Oriole Park at Camden Yards,110,Baltimore Orioles,BAL,7,True,136,Seattle Mariners,SEA,5,False,544150,Albert Suárez,Albert,Suárez,49,1989-10-08,36,"6' 3""",235,1,Pitcher,R,Right,R,Right,,,,,,,,,,,,,,,,,,,,,,,,,,
2026-06-11,824827,,/api/v1.1/game/824827/feed/live,R,2026,2026-06-11,,night,P,N,N,Regular Season,4,4,1,Final,Final,2,Oriole Park at Camden Yards,110,Baltimore Orioles,BAL,7,True,136,Seattle Mariners,SEA,5,False,668939,Adley Rutschman,Adley,Rutschman,35,1998-02-06,28,"6' 1""",230,2,Catcher,S,Switch,R,Right,"2-3 | 2B, BB, K",,3,2,1,0,0,3,1,1,1,0,0,0,4,3,,,,,,,,,,
2026-06-11,824827,,/api/v1.1/game/824827/feed/live,R,2026,2026-06-11,,night,P,N,N,Regular Season,4,4,1,Final,Final,2,Oriole Park at Camden Yards,110,Baltimore Orioles,BAL,7,True,136,Seattle Mariners,SEA,5,False,641933,Tyler O'Neill,Tyler,O'Neill,9,1995-06-22,30,"5' 9""",200,9,Outfielder,R,Right,R,Right,,,,,,,,,,,,,,,,,,,,,,,,,,
2026-06-11,824827,,/api/v1.1/game/824827/feed/live,R,2026,2026-06-11,,night,P,N,N,Regular Season,4,4,1,Final,Final,2,Oriole Park at Camden Yards,110,Baltimore Orioles,BAL,7,True,136,Seattle Mariners,SEA,5,False,677942,Blaze Alexander,Blaze,Alexander,23,1999-06-11,27,"5' 11""",200,5,Third Base,R,Right,R,Right,0-0,,0,0,0,0,0,0,0,0,0,0,0,0,0,0,,,,,,,,,,
2026-06-11,824827,,/api/v1.1/game/824827/feed/live,R,2026,2026-06-11,,night,P,N,N,Regular Season,4,4,1,Final,Final,2,Oriole Park at Camden Yards,110,Baltimore Orioles,BAL,7,True,136,Seattle Mariners,SEA,5,False,689296,Anthony Nunez,Anthony,Nunez,66,2001-07-10,24,"6' 2""",220,1,Pitcher,S,Switch,R,Right,,,,,,,,,,,,,,,,,,,,,,,,,,
2026-06-11,824827,,/api/v1.1/game/824827/feed/live,R,2026,2026-06-11,,night,P,N,N,Regular Season,4,4,1,Final,Final,2,Oriole Park at Camden Yards,110,Baltimore Orioles,BAL,7,True,136,Seattle Mariners,SEA,5,False,694346,Trey Gibson,Richard,Gibson,43,2002-05-18,24,"6' 5""",240,1,Pitcher,R,Right,R,Right,,,,,,,,,,,,,,,,,,,,,,,,,,
2026-06-11,824827,,/api/v1.1/game/824827/feed/live,R,2026,2026-06-11,,night,P,N,N,Regular Season,4,4,1,Final,Final,2,Oriole Park at Camden Yards,110,Baltimore Orioles,BAL,7,True,136,Seattle Mariners,SEA,5,False,624413,Pete Alonso,Peter,Alonso,25,1994-12-07,31,"6' 3""",245,3,First Base,R,Right,R,Right,"1-4 | HR, K, 2 RBI",,4,1,0,0,1,2,1,1,0,0,0,0,4,4,,,,,,,,,,
2026-06-11,824827,,/api/v1.1/game/824827/feed/live,R,2026,2026-06-11,,night,P,N,N,Regular Season,4,4,1,Final,Final,2,Oriole Park at Camden Yards,110,Baltimore Orioles,BAL,7,True,136,Seattle Mariners,SEA,5,False,669087,Sam Huff,Samuel,Huff,31,1998-01-14,28,"6' 4""",242,2,Catcher,R,Right,R,Right,,,,,,,,,,,,,,,,,,,,,,,,,,
2026-06-11,824827,,/api/v1.1/game/824827/feed/live,R,2026,2026-06-11,,night,P,N,N,Regular Season,4,4,1,Final,Final,2,Oriole Park at Camden Yards,110,Baltimore Orioles,BAL,7,True,136,Seattle Mariners,SEA,5,False,702616,Jackson Holliday,Jackson,Holliday,7,2003-12-04,22,"5' 11""",200,4,Second Base,L,Left,R,Right,1-3 | R,,3,1,0,0,0,0,1,0,0,0,0,1,3,1,,,,,,,,,,
2026-06-11,824827,,/api/v1.1/game/824827/feed/live,R,2026,2026-06-11,,night,P,N,N,Regular Season,4,4,1,Final,Final,2,Oriole Park at Camden Yards,110,Baltimore Orioles,BAL,7,True,136,Seattle Mariners,SEA,5,False,552640,Andrew Kittredge,Andrew,Kittredge,39,1990-03-17,36,"6' 1""",235,1,Pitcher,R,Right,R,Right,"1.0 IP, 0 ER, 0 K, 0 BB",,,,,,,,,,,,,,,,1.0,0,0,0,0,0,6,0,0,1
2026-06-11,824827,,/api/v1.1/game/824827/feed/live,R,2026,2026-06-11,,night,P,N,N,Regular Season,4,4,1,Final,Final,2,Oriole Park at Camden Yards,110,Baltimore Orioles,BAL,7,True,136,Seattle Mariners,SEA,5,False,664991,Grant Wolfram,Grant,Wolfram,48,1996-12-12,29,"6' 7""",250,1,Pitcher,L,Left,L,Left,"0.1 IP, 0 ER, 0 K, 0 BB",,,,,,,,,,,,,,,,0.1,0,0,0,0,0,7,0,0,0
2026-06-11,824827,,/api/v1.1/game/824827/feed/live,R,2026,2026-06-11,,night,P,N,N,Regular Season,4,4,1,Final,Final,2,Oriole Park at Camden Yards,110,Baltimore Orioles,BAL,7,True,136,Seattle Mariners,SEA,5,False,666974,Yennier Cano,Yennier,Cano,78,1994-03-09,32,"6' 4""",245,1,Pitcher,R,Right,R,Right,,,,,,,,,,,,,,,,,,,,,,,,,,
2026-06-11,824827,,/api/v1.1/game/824827/feed/live,R,2026,2026-06-11,,night,P,N,N,Regular Season,4,4,1,Final,Final,2,Oriole Park at Camden Yards,110,Baltimore Orioles,BAL,7,True,136,Seattle Mariners,SEA,5,False,681297,Colton Cowser,Colton,Cowser,17,2000-03-20,26,"6' 3""",220,9,Outfielder,L,Left,R,Right,"1-4 | HR, 2 K, RBI",,4,1,0,0,1,1,1,2,0,0,0,0,4,4,,,,,,,,,,
2026-06-11,824827,,/api/v1.1/game/824827/feed/live,R,2026,2026-06-11,,night,P,N,N,Regular Season,4,4,1,Final,Final,2,Oriole Park at Camden Yards,110,Baltimore Orioles,BAL,7,True,136,Seattle Mariners,SEA,5,False,691723,Coby Mayo,Coby,Mayo,16,2001-12-10,24,"6' 5""",225,5,Third Base,R,Right,R,Right,1-3 | K,,3,1,0,0,0,0,0,1,0,0,0,0,3,1,,,,,,,,,,
2026-06-11,824827,,/api/v1.1/game/824827/feed/live,R,2026,2026-06-11,,night,P,N,N,Regular Season,4,4,1,Final,Final,2,Oriole Park at Camden Yards,110,Baltimore Orioles,BAL,7,True,136,Seattle Mariners,SEA,5,False,647304,Josh Naylor,Joshua-Douglas,Naylor,12,1997-06-22,28,"5' 10""",235,3,First Base,L,Left,L,Left,0-4 | BB,,4,0,0,0,0,0,0,0,1,0,0,1,5,0,,,,,,,,,,
2026-06-11,824827,,/api/v1.1/game/824827/feed/live,R,2026,2026-06-11,,night,P,N,N,Regular Season,4,4,1,Final,Final,2,Oriole Park at Camden Yards,110,Baltimore Orioles,BAL,7,True,136,Seattle Mariners,SEA,5,False,645302,Victor Robles,Victor,Robles,10,1997-05-19,29,"6' 0""",193,9,Outfielder,R,Right,R,Right,0-0,,0,0,0,0,0,0,0,0,0,0,0,0,0,0,,,,,,,,,,
2026-06-11,824827,,/api/v1.1/game/824827/feed/live,R,2026,2026-06-11,,night,P,N,N,Regular Season,4,4,1,Final,Final,2,Oriole Park at Camden Yards,110,Baltimore Orioles,BAL,7,True,136,Seattle Mariners,SEA,5,False,702284,Cole Young,Cole,Young,2,2003-07-29,22,"5' 10""",180,4,Second Base,L,Left,R,Right,"3-5 | HR, K, RBI",,5,3,0,0,1,1,1,1,0,0,0,0,5,6,,,,,,,,,,
2026-06-11,824827,,/api/v1.1/game/824827/feed/live,R,2026,2026-06-11,,night,P,N,N,Regular Season,4,4,1,Final,Final,2,Oriole Park at Camden Yards,110,Baltimore Orioles,BAL,7,True,136,Seattle Mariners,SEA,5,False,678606,José A. Ferrer,José,Ferrer,45,2000-03-03,26,"6' 1""",233,1,Pitcher,L,Left,L,Left,,,,,,,,,,,,,,,,,,,,,,,,,,
2026-06-11,824827,,/api/v1.1/game/824827/feed/live,R,2026,2026-06-11,,night,P,N,N,Regular Season,4,4,1,Final,Final,2,Oriole Park at Camden Yards,110,Baltimore Orioles,BAL,7,True,136,Seattle Mariners,SEA,5,False,689546,Nick Davila,Nicholas,Davila,82,1998-11-21,27,"6' 3""",230,1,Pitcher,R,Right,R,Right,"1.1 IP, 0 ER, K, 0 BB",,,,,,,,,,,,,,,,1.1,0,0,0,1,0,18,0,0,0
2026-06-11,824827,,/api/v1.1/game/824827/feed/live,R,2026,2026-06-11,,night,P,N,N,Regular Season,4,4,1,Final,Final,2,Oriole Park at Camden Yards,110,Baltimore Orioles,BAL,7,True,136,Seattle Mariners,SEA,5,False,621074,Michael Rucker,Michael,Rucker,38,1994-04-27,32,"6' 1""",195,1,Pitcher,R,Right,R,Right,,,,,,,,,,,,,,,,,,,,,,,,,,
2026-06-11,824827,,/api/v1.1/game/824827/feed/live,R,2026,2026-06-11,,night,P,N,N,Regular Season,4,4,1,Final,Final,2,Oriole Park at Camden Yards,110,Baltimore Orioles,BAL,7,True,136,Seattle Mariners,SEA,5,False,695380,Alex Hoppe,Alex,Hoppe,48,1998-12-17,27,"6' 1""",200,1,Pitcher,R,Right,R,Right,"1.2 IP, 0 ER, 2 K, 2 BB",,,,,,,,,,,,,,,,1.2,0,0,0,2,2,28,0,0,0
2026-06-11,824827,,/api/v1.1/game/824827/feed/live,R,2026,2026-06-11,,night,P,N,N,Regular Season,4,4,1,Final,Final,2,Oriole Park at Camden Yards,110,Baltimore Orioles,BAL,7,True,136,Seattle Mariners,SEA,5,False,668227,Randy Arozarena,Randy,Arozarena,56,1995-02-28,31,"5' 10""",185,7,Outfielder,R,Right,R,Right,"0-4 | BB, 2 K, R",,4,0,0,0,0,0,1,2,1,0,0,0,5,0,,,,,,,,,,
2026-06-11,824827,,/api/v1.1/game/824827/feed/live,R,2026,2026-06-11,,night,P,N,N,Regular Season,4,4,1,Final,Final,2,Oriole Park at Camden Yards,110,Baltimore Orioles,BAL,7,True,136,Seattle Mariners,SEA,5,False,621550,Patrick Wisdom,Patrick,Wisdom,35,1991-08-27,34,"6' 2""",220,5,Third Base,R,Right,R,Right,,,,,,,,,,,,,,,,,,,,,,,,,,
2026-06-11,824827,,/api/v1.1/game/824827/feed/live,R,2026,2026-06-11,,night,P,N,N,Regular Season,4,4,1,Final,Final,2,Oriole Park at Camden Yards,110,Baltimore Orioles,BAL,7,True,136,Seattle Mariners,SEA,5,False,686527,Dominic Canzone,Dominic,Canzone,8,1997-08-16,28,"6' 0""",190,10,Designated Hitter,L,Left,R,Right,"1-4 | HR, K, RBI",,4,1,0,0,1,1,1,1,0,0,0,0,4,4,,,,,,,,,,
2026-06-11,824827,,/api/v1.1/game/824827/feed/live,R,2026,2026-06-11,,night,P,N,N,Regular Season,4,4,1,Final,Final,2,Oriole Park at Camden Yards,110,Baltimore Orioles,BAL,7,True,136,Seattle Mariners,SEA,5,False,640902,Jhonny Pereda,Jhonny,Pereda,5,1996-04-18,30,"6' 1""",202,2,Catcher,R,Right,R,Right,1-4 | K,,4,1,0,0,0,0,0,1,0,0,0,0,4,1,,,,,,,,,,
2026-06-11,824827,,/api/v1.1/game/824827/feed/live,R,2026,2026-06-11,,night,P,N,N,Regular Season,4,4,1,Final,Final,2,Oriole Park at Camden Yards,110,Baltimore Orioles,BAL,7,True,136,Seattle Mariners,SEA,5,False,608701,Rob Refsnyder,Robert,Refsnyder,30,1991-03-26,35,"5' 11""",215,10,Designated Hitter,R,Right,R,Right,,,,,,,,,,,,,,,,,,,,,,,,,,
2026-06-11,824827,,/api/v1.1/game/824827/feed/live,R,2026,2026-06-11,,night,P,N,N,Regular Season,4,4,1,Final,Final,2,Oriole Park at Camden Yards,110,Baltimore Orioles,BAL,7,True,136,Seattle Mariners,SEA,5,False,670156,Miles Mastrobuoni,Miles,Mastrobuoni,21,1995-10-31,30,"5' 9""",185,5,Third Base,L,Left,R,Right,1-4 | 2 K,,4,1,0,0,0,0,0,2,0,0,0,0,4,1,,,,,,,,,,
2026-06-11,824827,,/api/v1.1/game/824827/feed/live,R,2026,2026-06-11,,night,P,N,N,Regular Season,4,4,1,Final,Final,2,Oriole Park at Camden Yards,110,Baltimore Orioles,BAL,7,True,136,Seattle Mariners,SEA,5,False,669302,Logan Gilbert,Logan,Gilbert,36,1997-05-05,29,"6' 6""",215,1,Pitcher,R,Right,R,Right,,,,,,,,,,,,,,,,,,,,,,,,,,
2026-06-11,824827,,/api/v1.1/game/824827/feed/live,R,2026,2026-06-11,,night,P,N,N,Regular Season,4,4,1,Final,Final,2,Oriole Park at Camden Yards,110,Baltimore Orioles,BAL,7,True,136,Seattle Mariners,SEA,5,False,693433,Bryan Woo,Bryan,Woo,22,2000-01-30,26,"6' 2""",205,1,Pitcher,R,Right,R,Right,"5.0 IP, 7 ER, 4 K, BB",,,,,,,,,,,,,,,,5.0,7,7,2,4,1,82,0,1,0
2026-06-11,824827,,/api/v1.1/game/824827/feed/live,R,2026,2026-06-11,,night,P,N,N,Regular Season,4,4,1,Final,Final,2,Oriole Park at Camden Yards,110,Baltimore Orioles,BAL,7,True,136,Seattle Mariners,SEA,5,False,806068,Colt Emerson,Colt,Emerson,4,2005-07-20,20,"6' 0""",195,5,Third Base,L,Left,R,Right,"0-3 | BB, K, R",,3,0,0,0,0,0,1,1,1,0,0,0,4,0,,,,,,,,,,
2026-06-11,824827,,/api/v1.1/game/824827/feed/live,R,2026,2026-06-11,,night,P,N,N,Regular Season,4,4,1,Final,Final,2,Oriole Park at Camden Yards,110,Baltimore Orioles,BAL,7,True,136,Seattle Mariners,SEA,5,False,622491,Luis Castillo,Luis,Castillo,58,1992-12-12,33,"6' 2""",200,1,Pitcher,R,Right,R,Right,,,,,,,,,,,,,,,,,,,,,,,,,,
2026-06-11,824827,,/api/v1.1/game/824827/feed/live,R,2026,2026-06-11,,night,P,N,N,Regular Season,4,4,1,Final,Final,2,Oriole Park at Camden Yards,110,Baltimore Orioles,BAL,7,True,136,Seattle Mariners,SEA,5,False,669923,George Kirby,George,Kirby,68,1998-02-04,28,"6' 4""",215,1,Pitcher,R,Right,R,Right,,,,,,,,,,,,,,,,,,,,,,,,,,
2026-06-11,824827,,/api/v1.1/game/824827/feed/live,R,2026,2026-06-11,,night,P,N,N,Regular Season,4,4,1,Final,Final,2,Oriole Park at Camden Yards,110,Baltimore Orioles,BAL,7,True,136,Seattle Mariners,SEA,5,False,662253,Andrés Muñoz,Andrés,Muñoz,75,1999-01-16,27,"6' 2""",222,1,Pitcher,R,Right,R,Right,,,,,,,,,,,,,,,,,,,,,,,,,,
2026-06-11,824827,,/api/v1.1/game/824827/feed/live,R,2026,2026-06-11,,night,P,N,N,Regular Season,4,4,1,Final,Final,2,Oriole Park at Camden Yards,110,Baltimore Orioles,BAL,7,True,136,Seattle Mariners,SEA,5,False,641598,Mitch Garver,Mitchell,Garver,18,1991-01-15,35,"6' 1""",220,2,Catcher,R,Right,R,Right,0-0,,0,0,0,0,0,0,0,0,0,0,0,0,0,0,,,,,,,,,,
2026-06-11,824827,,/api/v1.1/game/824827/feed/live,R,2026,2026-06-11,,night,P,N,N,Regular Season,4,4,1,Final,Final,2,Oriole Park at Camden Yards,110,Baltimore Orioles,BAL,7,True,136,Seattle Mariners,SEA,5,False,642100,Gabe Speier,Gabriel,Speier,55,1995-04-12,31,"5' 11""",200,1,Pitcher,L,Left,L,Left,,,,,,,,,,,,,,,,,,,,,,,,,,
2026-06-11,824827,,/api/v1.1/game/824827/feed/live,R,2026,2026-06-11,,night,P,N,N,Regular Season,4,4,1,Final,Final,2,Oriole Park at Camden Yards,110,Baltimore Orioles,BAL,7,True,136,Seattle Mariners,SEA,5,False,677594,Julio Rodríguez,Julio,Rodríguez,44,2000-12-29,25,"6' 4""",228,8,Outfielder,R,Right,R,Right,"2-4 | BB, RBI",,4,2,0,0,0,1,0,0,1,0,0,0,5,2,,,,,,,,,,
2026-06-11,824827,,/api/v1.1/game/824827/feed/live,R,2026,2026-06-11,,night,P,N,N,Regular Season,4,4,1,Final,Final,2,Oriole Park at Camden Yards,110,Baltimore Orioles,BAL,7,True,136,Seattle Mariners,SEA,5,False,682243,Bryce Miller,Bryce,Miller,50,1998-08-23,27,"6' 2""",200,1,Pitcher,R,Right,R,Right,,,,,,,,,,,,,,,,,,,,,,,,,,
2026-06-11,824827,,/api/v1.1/game/824827/feed/live,R,2026,2026-06-11,,night,P,N,N,Regular Season,4,4,1,Final,Final,2,Oriole Park at Camden Yards,110,Baltimore Orioles,BAL,7,True,136,Seattle Mariners,SEA,5,False,660825,Eduard Bazardo,Eduard,Bazardo,83,1995-09-01,30,"6' 0""",190,1,Pitcher,R,Right,R,Right,,,,,,,,,,,,,,,,,,,,,,,,,,
2026-06-11,824827,,/api/v1.1/game/824827/feed/live,R,2026,2026-06-11,,night,P,N,N,Regular Season,4,4,1,Final,Final,2,Oriole Park at Camden Yards,110,Baltimore Orioles,BAL,7,True,136,Seattle Mariners,SEA,5,False,670042,Luke Raley,Lucas,Raley,20,1994-09-19,31,"6' 3""",235,9,Outfielder,L,Left,R,Right,"1-4 | HR, K, 2 RBI",,4,1,0,0,1,2,1,1,0,0,0,0,4,4,,,,,,,,,,
2026-06-11,824827,,/api/v1.1/game/824827/feed/live,R,2026,2026-06-11,,night,P,N,N,Regular Season,4,4,1,Final,Final,2,Oriole Park at Camden Yards,110,Baltimore Orioles,BAL,7,True,136,Seattle Mariners,SEA,5,False,676106,Emerson Hancock,Emerson,Hancock,26,1999-05-31,27,"6' 4""",213,1,Pitcher,R,Right,R,Right,,,,,,,,,,,,,,,,,,,,,,,,,,
2026-06-11,824589,,/api/v1.1/game/824589/feed/live,R,2026,2026-08-20,,night,P,N,N,Regular Season,3,3,1,Final,Postponed,4,Rate Field,145,Chicago White Sox,CWS,,,144,Atlanta Braves,ATL,,,694378,Jacob Gonzalez,Jacob,Gonzalez,7,2002-05-30,24,"6' 2""",205,3,First Base,L,Left,R,Right,,,,,,,,,,,,,,,,,,,,,,,,,,
2026-06-11,824589,,/api/v1.1/game/824589/feed/live,R,2026,2026-08-20,,night,P,N,N,Regular Season,3,3,1,Final,Postponed,4,Rate Field,145,Chicago White Sox,CWS,,,144,Atlanta Braves,ATL,,,671976,Tristan Peters,Tristan,Peters,29,2000-02-29,26,"6' 0""",180,8,Outfielder,L,Left,R,Right,,,,,,,,,,,,,,,,,,,,,,,,,,
2026-06-11,824589,,/api/v1.1/game/824589/feed/live,R,2026,2026-08-20,,night,P,N,N,Regular Season,3,3,1,Final,Postponed,4,Rate Field,145,Chicago White Sox,CWS,,,144,Atlanta Braves,ATL,,,641743,Anthony Kay,Anthony,Kay,18,1995-03-21,31,"6' 0""",225,1,Pitcher,L,Left,L,Left,,,,,,,,,,,,,,,,,,,,,,,,,,
2026-06-11,824589,,/api/v1.1/game/824589/feed/live,R,2026,2026-08-20,,night,P,N,N,Regular Season,3,3,1,Final,Postponed,4,Rate Field,145,Chicago White Sox,CWS,,,144,Atlanta Braves,ATL,,,663436,Davis Martin,Davis,Martin,65,1997-01-04,29,"6' 2""",215,1,Pitcher,L,Left,R,Right,,,,,,,,,,,,,,,,,,,,,,,,,,
2026-06-11,824589,,/api/v1.1/game/824589/feed/live,R,2026,2026-08-20,,night,P,N,N,Regular Season,3,3,1,Final,Postponed,4,Rate Field,145,Chicago White Sox,CWS,,,144,Atlanta Braves,ATL,,,682668,Luisangel Acuña,Luisangel,Acuña,0,2002-03-12,24,"5' 7""",181,8,Outfielder,R,Right,R,Right,,,,,,,,,,,,,,,,,,,,,,,,,,
2026-06-11,824589,,/api/v1.1/game/824589/feed/live,R,2026,2026-08-20,,night,P,N,N,Regular Season,3,3,1,Final,Postponed,4,Rate Field,145,Chicago White Sox,CWS,,,144,Atlanta Braves,ATL,,,685126,Brandon Eisert,Brandon,Eisert,53,1998-01-19,28,"6' 2""",210,1,Pitcher,L,Left,L,Left,,,,,,,,,,,,,,,,,,,,,,,,,,
2026-06-11,824589,,/api/v1.1/game/824589/feed/live,R,2026,2026-08-20,,night,P,N,N,Regular Season,3,3,1,Final,Postponed,4,Rate Field,145,Chicago White Sox,CWS,,,144,Atlanta Braves,ATL,,,545341,Randal Grichuk,Randal,Grichuk,34,1991-08-13,34,"6' 0""",210,9,Outfielder,R,Right,R,Right,,,,,,,,,,,,,,,,,,,,,,,,,,
2026-06-11,824589,,/api/v1.1/game/824589/feed/live,R,2026,2026-08-20,,night,P,N,N,Regular Season,3,3,1,Final,Postponed,4,Rate Field,145,Chicago White Sox,CWS,,,144,Atlanta Braves,ATL,,,805367,Chase Meidroth,Chase,Meidroth,10,2001-07-23,24,"5' 9""",190,4,Second Base,R,Right,R,Right,,,,,,,,,,,,,,,,,,,,,,,,,,
2026-06-11,824589,,/api/v1.1/game/824589/feed/live,R,2026,2026-08-20,,night,P,N,N,Regular Season,3,3,1,Final,Postponed,4,Rate Field,145,Chicago White Sox,CWS,,,144,Atlanta Braves,ATL,,,691799,Grant Taylor,Grant,Taylor,31,2002-05-20,24,"6' 3""",230,1,Pitcher,R,Right,R,Right,,,,,,,,,,,,,,,,,,,,,,,,,,
2026-06-11,824589,,/api/v1.1/game/824589/feed/live,R,2026,2026-08-20,,night,P,N,N,Regular Season,3,3,1,Final,Postponed,4,Rate Field,145,Chicago White Sox,CWS,,,144,Atlanta Braves,ATL,,,695657,Colson Montgomery,Colson,Montgomery,12,2002-02-27,24,"6' 3""",230,6,Shortstop,L,Left,R,Right,,,,,,,,,,,,,,,,,,,,,,,,,,
2026-06-11,824589,,/api/v1.1/game/824589/feed/live,R,2026,2026-08-20,,night,P,N,N,Regular Season,3,3,1,Final,Postponed,4,Rate Field,145,Chicago White Sox,CWS,,,144,Atlanta Braves,ATL,,,670950,Trevor Richards,Trevor,Richards,43,1993-05-15,33,"6' 2""",205,1,Pitcher,R,Right,R,Right,,,,,,,,,,,,,,,,,,,,,,,,,,
2026-06-11,824589,,/api/v1.1/game/824589/feed/live,R,2026,2026-08-20,,night,P,N,N,Regular Season,3,3,1,Final,Postponed,4,Rate Field,145,Chicago White Sox,CWS,,,144,Atlanta Braves,ATL,,,697812,Joe Rock,Joseph,Rock,46,2000-07-29,25,"6' 6""",220,1,Pitcher,L,Left,L,Left,,,,,,,,,,,,,,,,,,,,,,,,,,
2026-06-11,824589,,/api/v1.1/game/824589/feed/live,R,2026,2026-08-20,,night,P,N,N,Regular Season,3,3,1,Final,Postponed,4,Rate Field,145,Chicago White Sox,CWS,,,144,Atlanta Braves,ATL,,,691011,Drew Romo,Drew,Romo,36,2001-08-29,24,"6' 0""",205,2,Catcher,S,Switch,R,Right,,,,,,,,,,,,,,,,,,,,,,,,,,
2026-06-11,824589,,/api/v1.1/game/824589/feed/live,R,2026,2026-08-20,,night,P,N,N,Regular Season,3,3,1,Final,Postponed,4,Rate Field,145,Chicago White Sox,CWS,,,144,Atlanta Braves,ATL,,,695731,Braden Montgomery,Braden,Montgomery,24,2003-04-16,23,"6' 2""",220,O,Outfield,S,Switch,R,Right,,,,,,,,,,,,,,,,,,,,,,,,,,
2026-06-11,824589,,/api/v1.1/game/824589/feed/live,R,2026,2026-08-20,,night,P,N,N,Regular Season,3,3,1,Final,Postponed,4,Rate Field,145,Chicago White Sox,CWS,,,144,Atlanta Braves,ATL,,,622554,Seranthony Domínguez,Seranthony,Domínguez,58,1994-11-25,31,"6' 1""",225,1,Pitcher,R,Right,R,Right,,,,,,,,,,,,,,,,,,,,,,,,,,
2026-06-11,824589,,/api/v1.1/game/824589/feed/live,R,2026,2026-08-20,,night,P,N,N,Regular Season,3,3,1,Final,Postponed,4,Rate Field,145,Chicago White Sox,CWS,,,144,Atlanta Braves,ATL,,,669684,Chris Murphy,Christopher,Murphy,38,1998-06-05,28,"6' 1""",186,1,Pitcher,L,Left,L,Left,,,,,,,,,,,,,,,,,,,,,,,,,,
2026-06-11,824589,,/api/v1.1/game/824589/feed/live,R,2026,2026-08-20,,night,P,N,N,Regular Season,3,3,1,Final,Postponed,4,Rate Field,145,Chicago White Sox,CWS,,,144,Atlanta Braves,ATL,,,700337,Edgar Quero,Edgar,Quero,26,2003-04-06,23,"5' 10""",205,2,Catcher,S,Switch,R,Right,,,,,,,,,,,,,,,,,,,,,,,,,,
2026-06-11,824589,,/api/v1.1/game/824589/feed/live,R,2026,2026-08-20,,night,P,N,N,Regular Season,3,3,1,Final,Postponed,4,Rate Field,145,Chicago White Sox,CWS,,,144,Atlanta Braves,ATL,,,643217,Andrew Benintendi,Andrew,Benintendi,23,1994-07-06,31,"5' 9""",185,10,Designated Hitter,L,Left,L,Left,,,,,,,,,,,,,,,,,,,,,,,,,,
2026-06-11,824589,,/api/v1.1/game/824589/feed/live,R,2026,2026-08-20,,night,P,N,N,Regular Season,3,3,1,Final,Postponed,4,Rate Field,145,Chicago White Sox,CWS,,,144,Atlanta Braves,ATL,,,680732,Sean Burke,Sean,Burke,59,1999-12-18,26,"6' 6""",240,1,Pitcher,R,Right,R,Right,,,,,,,,,,,,,,,,,,,,,,,,,,
2026-06-11,824589,,/api/v1.1/game/824589/feed/live,R,2026,2026-08-20,,night,P,N,N,Regular Season,3,3,1,Final,Postponed,4,Rate Field,145,Chicago White Sox,CWS,,,144,Atlanta Braves,ATL,,,663542,Bryan Hudson,Bryan,Hudson,60,1997-05-08,29,"6' 8""",248,1,Pitcher,L,Left,L,Left,,,,,,,,,,,,,,,,,,,,,,,,,,
2026-06-11,824589,,/api/v1.1/game/824589/feed/live,R,2026,2026-08-20,,night,P,N,N,Regular Season,3,3,1,Final,Postponed,4,Rate Field,145,Chicago White Sox,CWS,,,144,Atlanta Braves,ATL,,,607200,Erick Fedde,Erick,Fedde,47,1993-02-25,33,"6' 4""",205,1,Pitcher,R,Right,R,Right,,,,,,,,,,,,,,,,,,,,,,,,,,
2026-06-11,824589,,/api/v1.1/game/824589/feed/live,R,2026,2026-08-20,,night,P,N,N,Regular Season,3,3,1,Final,Postponed,4,Rate Field,145,Chicago White Sox,CWS,,,144,Atlanta Braves,ATL,,,656794,Sean Newcomb,Sean,Newcomb,15,1993-06-12,33,"6' 5""",255,1,Pitcher,L,Left,L,Left,,,,,,,,,,,,,,,,,,,,,,,,,,
2026-06-11,824589,,/api/v1.1/game/824589/feed/live,R,2026,2026-08-20,,night,P,N,N,Regular Season,3,3,1,Final,Postponed,4,Rate Field,145,Chicago White Sox,CWS,,,144,Atlanta Braves,ATL,,,677592,Everson Pereira,Everson,Pereira,28,2001-04-10,25,"5' 11""",203,9,Outfielder,R,Right,R,Right,,,,,,,,,,,,,,,,,,,,,,,,,,
2026-06-11,824589,,/api/v1.1/game/824589/feed/live,R,2026,2026-08-20,,night,P,N,N,Regular Season,3,3,1,Final,Postponed,4,Rate Field,145,Chicago White Sox,CWS,,,144,Atlanta Braves,ATL,,,803011,Sam Antonacci,Samuel,Antonacci,17,2003-02-06,23,"5' 11""",193,7,Outfielder,L,Left,R,Right,,,,,,,,,,,,,,,,,,,,,,,,,,
2026-06-11,824589,,/api/v1.1/game/824589/feed/live,R,2026,2026-08-20,,night,P,N,N,Regular Season,3,3,1,Final,Postponed,4,Rate Field,145,Chicago White Sox,CWS,,,144,Atlanta Braves,ATL,,,678246,Miguel Vargas,Miguel,Vargas,20,1999-11-17,26,"6' 2""",225,5,Third Base,R,Right,R,Right,,,,,,,,,,,,,,,,,,,,,,,,,,
2026-06-11,824589,,/api/v1.1/game/824589/feed/live,R,2026,2026-08-20,,night,P,N,N,Regular Season,3,3,1,Final,Postponed,4,Rate Field,145,Chicago White Sox,CWS,,,144,Atlanta Braves,ATL,,,699823,Tyler Davis,Tyler,Davis,63,1998-10-03,27,"6' 2""",210,1,Pitcher,R,Right,R,Right,,,,,,,,,,,,,,,,,,,,,,,,,,
2026-06-11,824589,,/api/v1.1/game/824589/feed/live,R,2026,2026-08-20,,night,P,N,N,Regular Season,3,3,1,Final,Postponed,4,Rate Field,145,Chicago White Sox,CWS,,,144,Atlanta Braves,ATL,,,675911,Spencer Strider,Spencer,Strider,99,1998-10-28,27,"6' 0""",195,1,Pitcher,R,Right,R,Right,,,,,,,,,,,,,,,,,,,,,,,,,,
2026-06-11,824589,,/api/v1.1/game/824589/feed/live,R,2026,2026-08-20,,night,P,N,N,Regular Season,3,3,1,Final,Postponed,4,Rate Field,145,Chicago White Sox,CWS,,,144,Atlanta Braves,ATL,,,689266,Dylan Dodd,Dylan,Dodd,46,1998-06-06,28,"6' 2""",210,1,Pitcher,L,Left,L,Left,,,,,,,,,,,,,,,,,,,,,,,,,,
2026-06-11,824589,,/api/v1.1/game/824589/feed/live,R,2026,2026-08-20,,night,P,N,N,Regular Season,3,3,1,Final,Postponed,4,Rate Field,145,Chicago White Sox,CWS,,,144,Atlanta Braves,ATL,,,669276,Dylan Lee,Dylan,Lee,52,1994-08-01,31,"6' 3""",214,1,Pitcher,L,Left,L,Left,,,,,,,,,,,,,,,,,,,,,,,,,,
2026-06-11,824589,,/api/v1.1/game/824589/feed/live,R,2026,2026-08-20,,night,P,N,N,Regular Season,3,3,1,Final,Postponed,4,Rate Field,145,Chicago White Sox,CWS,,,144,Atlanta Braves,ATL,,,675916,James Karinchak,James,Karinchak,00,1995-09-22,30,"6' 3""",215,1,Pitcher,R,Right,R,Right,,,,,,,,,,,,,,,,,,,,,,,,,,
2026-06-11,824589,,/api/v1.1/game/824589/feed/live,R,2026,2026-08-20,,night,P,N,N,Regular Season,3,3,1,Final,Postponed,4,Rate Field,145,Chicago White Sox,CWS,,,144,Atlanta Braves,ATL,,,663158,Robert Suarez,Robert,Suarez,75,1991-03-01,35,"6' 2""",210,1,Pitcher,R,Right,R,Right,,,,,,,,,,,,,,,,,,,,,,,,,,
2026-06-11,824589,,/api/v1.1/game/824589/feed/live,R,2026,2026-08-20,,night,P,N,N,Regular Season,3,3,1,Final,Postponed,4,Rate Field,145,Chicago White Sox,CWS,,,144,Atlanta Braves,ATL,,,671739,Michael Harris II,Michael,Harris,23,2001-03-07,25,"5' 11""",195,8,Outfielder,L,Left,L,Left,,,,,,,,,,,,,,,,,,,,,,,,,,
2026-06-11,824589,,/api/v1.1/game/824589/feed/live,R,2026,2026-08-20,,night,P,N,N,Regular Season,3,3,1,Final,Postponed,4,Rate Field,145,Chicago White Sox,CWS,,,144,Atlanta Braves,ATL,,,622761,Jorge Mateo,Jorge,Mateo,2,1995-06-23,30,"6' 0""",200,6,Shortstop,R,Right,R,Right,,,,,,,,,,,,,,,,,,,,,,,,,,
2026-06-11,824589,,/api/v1.1/game/824589/feed/live,R,2026,2026-08-20,,night,P,N,N,Regular Season,3,3,1,Final,Postponed,4,Rate Field,145,Chicago White Sox,CWS,,,144,Atlanta Braves,ATL,,,642851,Austin Wynns,Robert,Wynns,16,1990-12-10,35,"6' 1""",190,2,Catcher,R,Right,R,Right,,,,,,,,,,,,,,,,,,,,,,,,,,
2026-06-11,824589,,/api/v1.1/game/824589/feed/live,R,2026,2026-08-20,,night,P,N,N,Regular Season,3,3,1,Final,Postponed,4,Rate Field,145,Chicago White Sox,CWS,,,144,Atlanta Braves,ATL,,,643289,Mauricio Dubón,Mauricio,Dubón,14,1994-07-19,31,"5' 11""",173,6,Shortstop,R,Right,R,Right,,,,,,,,,,,,,,,,,,,,,,,,,,
2026-06-11,824589,,/api/v1.1/game/824589/feed/live,R,2026,2026-08-20,,night,P,N,N,Regular Season,3,3,1,Final,Postponed,4,Rate Field,145,Chicago White Sox,CWS,,,144,Atlanta Braves,ATL,,,642133,Rowdy Tellez,Ryan,Tellez,11,1995-03-16,31,"6' 3""",273,3,First Base,L,Left,L,Left,,,,,,,,,,,,,,,,,,,,,,,,,,
2026-06-11,824589,,/api/v1.1/game/824589/feed/live,R,2026,2026-08-20,,night,P,N,N,Regular Season,3,3,1,Final,Postponed,4,Rate Field,145,Chicago White Sox,CWS,,,144,Atlanta Braves,ATL,,,800311,Didier Fuentes,Didier,Fuentes,72,2005-06-17,20,"6' 0""",170,1,Pitcher,R,Right,R,Right,,,,,,,,,,,,,,,,,,,,,,,,,,
2026-06-11,824589,,/api/v1.1/game/824589/feed/live,R,2026,2026-08-20,,night,P,N,N,Regular Season,3,3,1,Final,Postponed,4,Rate Field,145,Chicago White Sox,CWS,,,144,Atlanta Braves,ATL,,,519242,Chris Sale,Christopher,Sale,51,1989-03-30,37,"6' 6""",180,1,Pitcher,L,Left,L,Left,,,,,,,,,,,,,,,,,,,,,,,,,,
2026-06-11,824589,,/api/v1.1/game/824589/feed/live,R,2026,2026-08-20,,night,P,N,N,Regular Season,3,3,1,Final,Postponed,4,Rate Field,145,Chicago White Sox,CWS,,,144,Atlanta Braves,ATL,,,621566,Matt Olson,Matthew,Olson,28,1994-03-29,32,"6' 4""",225,3,First Base,L,Left,R,Right,,,,,,,,,,,,,,,,,,,,,,,,,,
2026-06-11,824589,,/api/v1.1/game/824589/feed/live,R,2026,2026-08-20,,night,P,N,N,Regular Season,3,3,1,Final,Postponed,4,Rate Field,145,Chicago White Sox,CWS,,,144,Atlanta Braves,ATL,,,702275,JR Ritchie,Ian,Ritchie,60,2003-06-26,22,"6' 2""",185,1,Pitcher,R,Right,R,Right,,,,,,,,,,,,,,,,,,,,,,,,,,
2026-06-11,824589,,/api/v1.1/game/824589/feed/live,R,2026,2026-08-20,,night,P,N,N,Regular Season,3,3,1,Final,Postponed,4,Rate Field,145,Chicago White Sox,CWS,,,144,Atlanta Braves,ATL,,,642086,Dominic Smith,Dominic,Smith,8,1995-06-15,30,"5' 11""",224,10,Designated Hitter,L,Left,L,Left,,,,,,,,,,,,,,,,,,,,,,,,,,
2026-06-11,824589,,/api/v1.1/game/824589/feed/live,R,2026,2026-08-20,,night,P,N,N,Regular Season,3,3,1,Final,Postponed,4,Rate Field,145,Chicago White Sox,CWS,,,144,Atlanta Braves,ATL,,,625643,Reynaldo López,Reynaldo,López,40,1994-01-04,32,"6' 1""",225,1,Pitcher,R,Right,R,Right,,,,,,,,,,,,,,,,,,,,,,,,,,
2026-06-11,824589,,/api/v1.1/game/824589/feed/live,R,2026,2026-08-20,,night,P,N,N,Regular Season,3,3,1,Final,Postponed,4,Rate Field,145,Chicago White Sox,CWS,,,144,Atlanta Braves,ATL,,,642201,Eli White,Elijah,White,36,1994-06-26,31,"6' 2""",195,8,Outfielder,R,Right,R,Right,,,,,,,,,,,,,,,,,,,,,,,,,,
2026-06-11,824589,,/api/v1.1/game/824589/feed/live,R,2026,2026-08-20,,night,P,N,N,Regular Season,3,3,1,Final,Postponed,4,Rate Field,145,Chicago White Sox,CWS,,,144,Atlanta Braves,ATL,,,645277,Ozzie Albies,Ozhaino,Albies,1,1997-01-07,29,"5' 7""",165,4,Second Base,S,Switch,R,Right,,,,,,,,,,,,,,,,,,,,,,,,,,
2026-06-11,824589,,/api/v1.1/game/824589/feed/live,R,2026,2026-08-20,,night,P,N,N,Regular Season,3,3,1,Final,Postponed,4,Rate Field,145,Chicago White Sox,CWS,,,144,Atlanta Braves,ATL,,,628452,Raisel Iglesias,Raisel,Iglesias,26,1990-01-04,36,"6' 2""",190,1,Pitcher,R,Right,R,Right,,,,,,,,,,,,,,,,,,,,,,,,,,
2026-06-11,824589,,/api/v1.1/game/824589/feed/live,R,2026,2026-08-20,,night,P,N,N,Regular Season,3,3,1,Final,Postponed,4,Rate Field,145,Chicago White Sox,CWS,,,144,Atlanta Braves,ATL,,,663586,Austin Riley,Michael,Riley,27,1997-04-02,29,"6' 1""",225,5,Third Base,R,Right,R,Right,,,,,,,,,,,,,,,,,,,,,,,,,,
2026-06-11,824589,,/api/v1.1/game/824589/feed/live,R,2026,2026-08-20,,night,P,N,N,Regular Season,3,3,1,Final,Postponed,4,Rate Field,145,Chicago White Sox,CWS,,,144,Atlanta Braves,ATL,,,656550,Grant Holmes,Harrison,Holmes,66,1996-03-22,30,"6' 0""",226,1,Pitcher,L,Left,R,Right,,,,,,,,,,,,,,,,,,,,,,,,,,
2026-06-11,824589,,/api/v1.1/game/824589/feed/live,R,2026,2026-08-20,,night,P,N,N,Regular Season,3,3,1,Final,Postponed,4,Rate Field,145,Chicago White Sox,CWS,,,144,Atlanta Braves,ATL,,,506702,Sandy León,Sandy,León,9,1989-03-13,37,"5' 9""",235,2,Catcher,S,Switch,R,Right,,,,,,,,,,,,,,,,,,,,,,,,,,
2026-06-11,824589,,/api/v1.1/game/824589/feed/live,R,2026,2026-08-20,,night,P,N,N,Regular Season,3,3,1,Final,Postponed,4,Rate Field,145,Chicago White Sox,CWS,,,144,Atlanta Braves,ATL,,,573262,Mike Yastrzemski,Michael,Yastrzemski,18,1990-08-23,35,"5' 10""",180,7,Outfielder,L,Left,L,Left,,,,,,,,,,,,,,,,,,,,,,,,,,
2026-06-11,824589,,/api/v1.1/game/824589/feed/live,R,2026,2026-08-20,,night,P,N,N,Regular Season,3,3,1,Final,Postponed,4,Rate Field,145,Chicago White Sox,CWS,,,144,Atlanta Braves,ATL,,,673490,Ha-Seong Kim,Ha-Seong,Kim,7,1995-10-17,30,"5' 10""",200,6,Shortstop,R,Right,R,Right,,,,,,,,,,,,,,,,,,,,,,,,,,
2026-06-11,824589,,/api/v1.1/game/824589/feed/live,R,2026,2026-08-20,,night,P,N,N,Regular Season,3,3,1,Final,Postponed,4,Rate Field,145,Chicago White Sox,CWS,,,144,Atlanta Braves,ATL,,,693821,Bryce Elder,Bryce,Elder,55,1999-05-19,27,"6' 2""",220,1,Pitcher,R,Right,R,Right,,,,,,,,,,,,,,,,,,,,,,,,,,
2026-06-11,824589,,/api/v1.1/game/824589/feed/live,R,2026,2026-08-20,,night,P,N,N,Regular Season,3,3,1,Final,Postponed,4,Rate Field,145,Chicago White Sox,CWS,,,144,Atlanta Braves,ATL,,,527048,Martín Pérez,Martín,Pérez,33,1991-04-04,35,"6' 0""",210,1,Pitcher,L,Left,L,Left,,,,,,,,,,,,,,,,,,,,,,,,,,
