gameDate,gamePk,gameGuid,link,gameType,season,officialDate,description,dayNight,gamedayType,doubleHeader,tiebreaker,seriesDescription,seriesGameNumber,gamesInSeries,gameNumber,status_abstractGameState,status_detailedState,venue_id,venue_name,home_team_id,home_team_name,home_team_abbreviation,home_score,home_isWinner,away_team_id,away_team_name,away_team_abbreviation,away_score,away_isWinner,playerId,fullName,firstName,lastName,primaryNumber,birthDate,currentAge,height,weight,primaryPosition_code,primaryPosition_name,batSide_code,batSide_description,pitchHand_code,pitchHand_description,gameLogSummary,note,atBats,hits,doubles,triples,homeRuns,rbi,runs,strikeOuts,baseOnBalls,stolenBases,caughtStealing,groundIntoDoublePlay,plateAppearances,totalBases,inningsPitched,earnedRuns,hitsAllowed,homeRunsAllowed,strikeOutsPitching,baseOnBallsPitching,pitchesThrown,wins,losses,saves
2026-05-28,824272,,/api/v1.1/game/824272/feed/live,R,2026,2026-05-28,,day,P,N,N,Regular Season,3,3,1,Final,Final,2394,Comerica Park,116,Detroit Tigers,DET,1,False,108,Los Angeles Angels,LAA,7,True,669398,Gage Workman,Gage,Workman,99,1999-10-24,26,"6' 4""",202,5,Third Base,L,Left,R,Right,0-1,,1,0,0,0,0,0,0,0,0,0,0,0,1,0,,,,,,,,,,
2026-05-28,824272,,/api/v1.1/game/824272/feed/live,R,2026,2026-05-28,,day,P,N,N,Regular Season,3,3,1,Final,Final,2394,Comerica Park,116,Detroit Tigers,DET,1,False,108,Los Angeles Angels,LAA,7,True,664285,Framber Valdez,Framber,Valdez,59,1993-11-19,32,"5' 11""",230,1,Pitcher,R,Right,L,Left,,,,,,,,,,,,,,,,,,,,,,,,,,
2026-05-28,824272,,/api/v1.1/game/824272/feed/live,R,2026,2026-05-28,,day,P,N,N,Regular Season,3,3,1,Final,Final,2394,Comerica Park,116,Detroit Tigers,DET,1,False,108,Los Angeles Angels,LAA,7,True,656716,Zach McKinstry,Zachary,McKinstry,39,1995-04-29,31,"5' 11""",180,4,Second Base,L,Left,R,Right,"0-2 | 2 BB, K",,2,0,0,0,0,0,0,1,2,0,0,0,4,0,,,,,,,,,,
2026-05-28,824272,,/api/v1.1/game/824272/feed/live,R,2026,2026-05-28,,day,P,N,N,Regular Season,3,3,1,Final,Final,2394,Comerica Park,116,Detroit Tigers,DET,1,False,108,Los Angeles Angels,LAA,7,True,663554,Casey Mize,Casey,Mize,12,1997-05-01,29,"6' 3""",212,1,Pitcher,R,Right,R,Right,,,,,,,,,,,,,,,,,,,,,,,,,,
2026-05-28,824272,,/api/v1.1/game/824272/feed/live,R,2026,2026-05-28,,day,P,N,N,Regular Season,3,3,1,Final,Final,2394,Comerica Park,116,Detroit Tigers,DET,1,False,108,Los Angeles Angels,LAA,7,True,701678,Hao-Yu  Lee,Hao-Yu ,Lee,50,2003-02-03,23,"5' 9""",190,4,Second Base,R,Right,R,Right,,,,,,,,,,,,,,,,,,,,,,,,,,
2026-05-28,824272,,/api/v1.1/game/824272/feed/live,R,2026,2026-05-28,,day,P,N,N,Regular Season,3,3,1,Final,Final,2394,Comerica Park,116,Detroit Tigers,DET,1,False,108,Los Angeles Angels,LAA,7,True,663330,Jahmai Jones,Jahmai,Jones,18,1997-08-04,28,"5' 10""",210,10,Designated Hitter,R,Right,R,Right,0-1,,1,0,0,0,0,0,0,0,0,0,0,0,1,0,,,,,,,,,,
2026-05-28,824272,,/api/v1.1/game/824272/feed/live,R,2026,2026-05-28,,day,P,N,N,Regular Season,3,3,1,Final,Final,2394,Comerica Park,116,Detroit Tigers,DET,1,False,108,Los Angeles Angels,LAA,7,True,623454,Drew Anderson,Andrew,Anderson,38,1994-03-22,32,"6' 3""",205,1,Pitcher,R,Right,R,Right,,,,,,,,,,,,,,,,,,,,,,,,,,
2026-05-28,824272,,/api/v1.1/game/824272/feed/live,R,2026,2026-05-28,,day,P,N,N,Regular Season,3,3,1,Final,Final,2394,Comerica Park,116,Detroit Tigers,DET,1,False,108,Los Angeles Angels,LAA,7,True,682985,Riley Greene,Riley,Greene,31,2000-09-28,25,"6' 2""",200,7,Outfielder,L,Left,L,Left,1-4 | 2 K,,4,1,0,0,0,0,0,2,0,0,0,0,4,1,,,,,,,,,,
2026-05-28,824272,,/api/v1.1/game/824272/feed/live,R,2026,2026-05-28,,day,P,N,N,Regular Season,3,3,1,Final,Final,2394,Comerica Park,116,Detroit Tigers,DET,1,False,108,Los Angeles Angels,LAA,7,True,663947,Tyler Holton,Weston,Holton,87,1996-06-13,29,"6' 2""",200,1,Pitcher,L,Left,L,Left,,,,,,,,,,,,,,,,,,,,,,,,,,
2026-05-28,824272,,/api/v1.1/game/824272/feed/live,R,2026,2026-05-28,,day,P,N,N,Regular Season,3,3,1,Final,Final,2394,Comerica Park,116,Detroit Tigers,DET,1,False,108,Los Angeles Angels,LAA,7,True,805808,Kevin McGonigle,Kevin,McGonigle,7,2004-08-18,21,"5' 9""",187,6,Shortstop,L,Left,R,Right,0-4 | K,,4,0,0,0,0,0,0,1,0,0,0,0,4,0,,,,,,,,,,
2026-05-28,824272,,/api/v1.1/game/824272/feed/live,R,2026,2026-05-28,,day,P,N,N,Regular Season,3,3,1,Final,Final,2394,Comerica Park,116,Detroit Tigers,DET,1,False,108,Los Angeles Angels,LAA,7,True,640448,Kyle Finnegan,Kyle,Finnegan,67,1991-09-04,34,"6' 2""",198,1,Pitcher,R,Right,R,Right,,,,,,,,,,,,,,,,,,,,,,,,,,
2026-05-28,824272,,/api/v1.1/game/824272/feed/live,R,2026,2026-05-28,,day,P,N,N,Regular Season,3,3,1,Final,Final,2394,Comerica Park,116,Detroit Tigers,DET,1,False,108,Los Angeles Angels,LAA,7,True,656427,Jack Flaherty,Jack,Flaherty,9,1995-10-15,30,"6' 4""",225,1,Pitcher,R,Right,R,Right,"5.2 IP, 3 ER, 9 K, BB",,,,,,,,,,,,,,,,5.2,3,6,0,9,1,91,0,1,0
2026-05-28,824272,,/api/v1.1/game/824272/feed/live,R,2026,2026-05-28,,day,P,N,N,Regular Season,3,3,1,Final,Final,2394,Comerica Park,116,Detroit Tigers,DET,1,False,108,Los Angeles Angels,LAA,7,True,670097,Zack Short,Zachary,Short,15,1995-05-29,31,"5' 10""",180,6,Shortstop,R,Right,R,Right,,,,,,,,,,,,,,,,,,,,,,,,,,
2026-05-28,824272,,/api/v1.1/game/824272/feed/live,R,2026,2026-05-28,,day,P,N,N,Regular Season,3,3,1,Final,Final,2394,Comerica Park,116,Detroit Tigers,DET,1,False,108,Los Angeles Angels,LAA,7,True,679529,Spencer Torkelson,Spencer,Torkelson,20,1999-08-26,26,"6' 1""",220,3,First Base,R,Right,R,Right,0-4 | 2 K,,4,0,0,0,0,0,0,2,0,0,0,0,4,0,,,,,,,,,,
2026-05-28,824272,,/api/v1.1/game/824272/feed/live,R,2026,2026-05-28,,day,P,N,N,Regular Season,3,3,1,Final,Final,2394,Comerica Park,116,Detroit Tigers,DET,1,False,108,Los Angeles Angels,LAA,7,True,805427,Drew Sommers,Drew,Sommers,51,2000-08-14,25,"6' 3""",250,1,Pitcher,L,Left,L,Left,"0.1 IP, 0 ER, K, 0 BB",,,,,,,,,,,,,,,,0.1,0,0,0,1,0,5,0,0,0
2026-05-28,824272,,/api/v1.1/game/824272/feed/live,R,2026,2026-05-28,,day,P,N,N,Regular Season,3,3,1,Final,Final,2394,Comerica Park,116,Detroit Tigers,DET,1,False,108,Los Angeles Angels,LAA,7,True,672456,Keider Montero,Keider,Montero,54,2000-07-06,25,"6' 1""",145,1,Pitcher,R,Right,R,Right,,,,,,,,,,,,,,,,,,,,,,,,,,
2026-05-28,824272,,/api/v1.1/game/824272/feed/live,R,2026,2026-05-28,,day,P,N,N,Regular Season,3,3,1,Final,Final,2394,Comerica Park,116,Detroit Tigers,DET,1,False,108,Los Angeles Angels,LAA,7,True,668670,Jake Rogers,Jacob,Rogers,34,1995-04-18,31,"5' 11""",201,2,Catcher,R,Right,R,Right,"0-1 | BB, K",,1,0,0,0,0,0,0,1,1,0,0,0,2,0,,,,,,,,,,
2026-05-28,824272,,/api/v1.1/game/824272/feed/live,R,2026,2026-05-28,,day,P,N,N,Regular Season,3,3,1,Final,Final,2394,Comerica Park,116,Detroit Tigers,DET,1,False,108,Los Angeles Angels,LAA,7,True,646241,Enmanuel De Jesus,Enmanuel,De Jesus,37,1996-12-10,29,"6' 3""",190,1,Pitcher,L,Left,L,Left,,,,,,,,,,,,,,,,,,,,,,,,,,
2026-05-28,824272,,/api/v1.1/game/824272/feed/live,R,2026,2026-05-28,,day,P,N,N,Regular Season,3,3,1,Final,Final,2394,Comerica Park,116,Detroit Tigers,DET,1,False,108,Los Angeles Angels,LAA,7,True,669724,Brenan Hanifee,Brenan,Hanifee,75,1998-05-29,28,"6' 5""",215,1,Pitcher,R,Right,R,Right,"1.0 IP, 0 ER, K, 0 BB",,,,,,,,,,,,,,,,1.0,0,1,0,1,0,10,0,0,0
2026-05-28,824272,,/api/v1.1/game/824272/feed/live,R,2026,2026-05-28,,day,P,N,N,Regular Season,3,3,1,Final,Final,2394,Comerica Park,116,Detroit Tigers,DET,1,False,108,Los Angeles Angels,LAA,7,True,663837,Matt Vierling,Matthew,Vierling,8,1996-09-16,29,"6' 1""",205,8,Outfielder,R,Right,R,Right,0-4 | K,,4,0,0,0,0,0,0,1,0,0,0,1,4,0,,,,,,,,,,
2026-05-28,824272,,/api/v1.1/game/824272/feed/live,R,2026,2026-05-28,,day,P,N,N,Regular Season,3,3,1,Final,Final,2394,Comerica Park,116,Detroit Tigers,DET,1,False,108,Los Angeles Angels,LAA,7,True,693307,Dillon Dingler,Francis,Dingler,13,1998-09-17,27,"6' 1""",210,2,Catcher,R,Right,R,Right,"0-3 | BB, K",,3,0,0,0,0,0,0,1,1,0,0,0,4,0,,,,,,,,,,
2026-05-28,824272,,/api/v1.1/game/824272/feed/live,R,2026,2026-05-28,,day,P,N,N,Regular Season,3,3,1,Final,Final,2394,Comerica Park,116,Detroit Tigers,DET,1,False,108,Los Angeles Angels,LAA,7,True,676684,Will Vest,William,Vest,19,1995-06-06,30,"6' 0""",180,1,Pitcher,R,Right,R,Right,,,,,,,,,,,,,,,,,,,,,,,,,,
2026-05-28,824272,,/api/v1.1/game/824272/feed/live,R,2026,2026-05-28,,day,P,N,N,Regular Season,3,3,1,Final,Final,2394,Comerica Park,116,Detroit Tigers,DET,1,False,108,Los Angeles Angels,LAA,7,True,690993,Colt Keith,Colten,Keith,33,2001-08-14,24,"6' 2""",211,5,Third Base,L,Left,R,Right,0-2 | 2 BB,,2,0,0,0,0,0,0,0,2,0,0,0,4,0,,,,,,,,,,
2026-05-28,824272,,/api/v1.1/game/824272/feed/live,R,2026,2026-05-28,,day,P,N,N,Regular Season,3,3,1,Final,Final,2394,Comerica Park,116,Detroit Tigers,DET,1,False,108,Los Angeles Angels,LAA,7,True,672761,Wenceel Pérez,Wenceel,Pérez,46,1999-10-30,26,"5' 11""",203,9,Outfielder,S,Switch,R,Right,"2-3 | HR, 2B, BB",,3,2,1,0,1,1,1,0,1,0,0,0,4,6,,,,,,,,,,
2026-05-28,824272,,/api/v1.1/game/824272/feed/live,R,2026,2026-05-28,,day,P,N,N,Regular Season,3,3,1,Final,Final,2394,Comerica Park,116,Detroit Tigers,DET,1,False,108,Los Angeles Angels,LAA,7,True,676568,Ricky Vanasco,Ricky,Vanasco,70,1998-10-13,27,"6' 3""",180,1,Pitcher,R,Right,R,Right,0-0,,0,0,0,0,0,0,0,0,0,0,0,0,0,0,2.0,4,4,0,1,2,47,0,0,0
2026-05-28,824272,,/api/v1.1/game/824272/feed/live,R,2026,2026-05-28,,day,P,N,N,Regular Season,3,3,1,Final,Final,2394,Comerica Park,116,Detroit Tigers,DET,1,False,108,Los Angeles Angels,LAA,7,True,675512,Troy Melton,Troy,Melton,52,2000-12-03,25,"6' 4""",210,1,Pitcher,R,Right,R,Right,,,,,,,,,,,,,,,,,,,,,,,,,,
2026-05-28,824272,,/api/v1.1/game/824272/feed/live,R,2026,2026-05-28,,day,P,N,N,Regular Season,3,3,1,Final,Final,2394,Comerica Park,116,Detroit Tigers,DET,1,False,108,Los Angeles Angels,LAA,7,True,624428,Adam Frazier,Adam,Frazier,20,1991-12-14,34,"5' 10""",190,4,Second Base,L,Left,R,Right,0-2 | 2 K,,2,0,0,0,0,0,0,2,0,0,0,0,2,0,,,,,,,,,,
2026-05-28,824272,,/api/v1.1/game/824272/feed/live,R,2026,2026-05-28,,day,P,N,N,Regular Season,3,3,1,Final,Final,2394,Comerica Park,116,Detroit Tigers,DET,1,False,108,Los Angeles Angels,LAA,7,True,642350,Jose Siri,Jose,Siri,28,1995-07-22,30,"6' 2""",210,7,Outfielder,R,Right,R,Right,0-0 | CS,,0,0,0,0,0,0,0,0,0,0,1,0,0,0,,,,,,,,,,
2026-05-28,824272,,/api/v1.1/game/824272/feed/live,R,2026,2026-05-28,,day,P,N,N,Regular Season,3,3,1,Final,Final,2394,Comerica Park,116,Detroit Tigers,DET,1,False,108,Los Angeles Angels,LAA,7,True,672724,Oswald Peraza,Oswald,Peraza,2,2000-06-15,25,"5' 11""",200,4,Second Base,R,Right,R,Right,0-2 | K,,2,0,0,0,0,0,0,1,0,0,0,0,2,0,,,,,,,,,,
2026-05-28,824272,,/api/v1.1/game/824272/feed/live,R,2026,2026-05-28,,day,P,N,N,Regular Season,3,3,1,Final,Final,2394,Comerica Park,116,Detroit Tigers,DET,1,False,108,Los Angeles Angels,LAA,7,True,622268,Donovan Walton,Donovan,Walton,35,1994-05-25,32,"5' 9""",190,4,Second Base,L,Left,R,Right,3-4 | 2 R,,4,3,0,0,0,0,2,0,0,0,0,0,4,3,,,,,,,,,,
2026-05-28,824272,,/api/v1.1/game/824272/feed/live,R,2026,2026-05-28,,day,P,N,N,Regular Season,3,3,1,Final,Final,2394,Comerica Park,116,Detroit Tigers,DET,1,False,108,Los Angeles Angels,LAA,7,True,687263,Zach Neto,Zachary,Neto,9,2001-01-31,25,"5' 11""",185,6,Shortstop,R,Right,R,Right,"2-4 | 2B, BB, RBI",,4,2,1,0,0,1,1,0,1,0,1,0,5,3,,,,,,,,,,
2026-05-28,824272,,/api/v1.1/game/824272/feed/live,R,2026,2026-05-28,,day,P,N,N,Regular Season,3,3,1,Final,Final,2394,Comerica Park,116,Detroit Tigers,DET,1,False,108,Los Angeles Angels,LAA,7,True,624585,Jorge Soler,Jorge,Soler,12,1992-02-25,34,"6' 3""",235,10,Designated Hitter,R,Right,R,Right,"1-4 | 3 K, RBI",,4,1,0,0,0,1,0,3,0,0,0,0,4,1,,,,,,,,,,
2026-05-28,824272,,/api/v1.1/game/824272/feed/live,R,2026,2026-05-28,,day,P,N,N,Regular Season,3,3,1,Final,Final,2394,Comerica Park,116,Detroit Tigers,DET,1,False,108,Los Angeles Angels,LAA,7,True,663611,Nick Madrigal,Nicklaus,Madrigal,17,1997-03-05,29,"5' 7""",175,5,Third Base,R,Right,R,Right,,,,,,,,,,,,,,,,,,,,,,,,,,
2026-05-28,824272,,/api/v1.1/game/824272/feed/live,R,2026,2026-05-28,,day,P,N,N,Regular Season,3,3,1,Final,Final,2394,Comerica Park,116,Detroit Tigers,DET,1,False,108,Los Angeles Angels,LAA,7,True,681217,Chase Silseth,Chase,Silseth,63,2000-05-18,26,"6' 0""",217,1,Pitcher,R,Right,R,Right,,,,,,,,,,,,,,,,,,,,,,,,,,
2026-05-28,824272,,/api/v1.1/game/824272/feed/live,R,2026,2026-05-28,,day,P,N,N,Regular Season,3,3,1,Final,Final,2394,Comerica Park,116,Detroit Tigers,DET,1,False,108,Los Angeles Angels,LAA,7,True,667755,José Soriano,José,Soriano,59,1998-10-20,27,"6' 3""",220,1,Pitcher,R,Right,R,Right,,,,,,,,,,,,,,,,,,,,,,,,,,
2026-05-28,824272,,/api/v1.1/game/824272/feed/live,R,2026,2026-05-28,,day,P,N,N,Regular Season,3,3,1,Final,Final,2394,Comerica Park,116,Detroit Tigers,DET,1,False,108,Los Angeles Angels,LAA,7,True,686799,Jack Kochanowicz,Jack,Kochanowicz,41,2000-12-22,25,"6' 7""",228,1,Pitcher,L,Left,R,Right,,,,,,,,,,,,,,,,,,,,,,,,,,
2026-05-28,824272,,/api/v1.1/game/824272/feed/live,R,2026,2026-05-28,,day,P,N,N,Regular Season,3,3,1,Final,Final,2394,Comerica Park,116,Detroit Tigers,DET,1,False,108,Los Angeles Angels,LAA,7,True,815083,Mitch Farris,Mitchell,Farris,70,2001-02-14,25,"6' 2""",195,1,Pitcher,L,Left,L,Left,,,,,,,,,,,,,,,,,,,,,,,,,,
2026-05-28,824272,,/api/v1.1/game/824272/feed/live,R,2026,2026-05-28,,day,P,N,N,Regular Season,3,3,1,Final,Final,2394,Comerica Park,116,Detroit Tigers,DET,1,False,108,Los Angeles Angels,LAA,7,True,680570,Grayson Rodriguez,Grayson,Rodriguez,21,1999-11-16,26,"6' 5""",230,1,Pitcher,L,Left,R,Right,"5.0 IP, ER, 5 K, 2 BB",,,,,,,,,,,,,,,,5.0,1,2,1,5,2,88,1,0,0
2026-05-28,824272,,/api/v1.1/game/824272/feed/live,R,2026,2026-05-28,,day,P,N,N,Regular Season,3,3,1,Final,Final,2394,Comerica Park,116,Detroit Tigers,DET,1,False,108,Los Angeles Angels,LAA,7,True,545361,Mike Trout,Michael,Trout,27,1991-08-07,34,"6' 1""",235,8,Outfielder,R,Right,R,Right,"2-3 | 2 2B, 2 BB, 2 RBI",,3,2,2,0,0,2,1,0,2,0,0,0,5,4,,,,,,,,,,
2026-05-28,824272,,/api/v1.1/game/824272/feed/live,R,2026,2026-05-28,,day,P,N,N,Regular Season,3,3,1,Final,Final,2394,Comerica Park,116,Detroit Tigers,DET,1,False,108,Los Angeles Angels,LAA,7,True,519141,Drew Pomeranz,Thomas,Pomeranz,13,1988-11-22,37,"6' 5""",246,1,Pitcher,R,Right,L,Left,"1.0 IP, 0 ER, K, 0 BB",,,,,,,,,,,,,,,,1.0,0,0,0,1,0,9,0,0,0
2026-05-28,824272,,/api/v1.1/game/824272/feed/live,R,2026,2026-05-28,,day,P,N,N,Regular Season,3,3,1,Final,Final,2394,Comerica Park,116,Detroit Tigers,DET,1,False,108,Los Angeles Angels,LAA,7,True,820862,José Fermin,Jose,Fermin,65,2001-11-28,24,"6' 3""",242,1,Pitcher,R,Right,R,Right,"1.0 IP, 0 ER, K, BB",,,,,,,,,,,,,,,,1.0,0,0,0,1,1,13,0,0,0
2026-05-28,824272,,/api/v1.1/game/824272/feed/live,R,2026,2026-05-28,,day,P,N,N,Regular Season,3,3,1,Final,Final,2394,Comerica Park,116,Detroit Tigers,DET,1,False,108,Los Angeles Angels,LAA,7,True,666176,Jo Adell,Jordon,Adell,7,1999-04-08,27,"6' 2""",215,9,Outfielder,R,Right,R,Right,"1-4 | 2B, K, R",,4,1,1,0,0,0,1,1,0,0,0,0,4,2,,,,,,,,,,
2026-05-28,824272,,/api/v1.1/game/824272/feed/live,R,2026,2026-05-28,,day,P,N,N,Regular Season,3,3,1,Final,Final,2394,Comerica Park,116,Detroit Tigers,DET,1,False,108,Los Angeles Angels,LAA,7,True,687093,Vaughn Grissom,Vaughn,Grissom,5,2001-01-05,25,"6' 2""",210,4,Second Base,R,Right,R,Right,"1-4 | 2B, K, 2 RBI",,4,1,1,0,0,2,1,1,0,0,0,0,5,2,,,,,,,,,,
2026-05-28,824272,,/api/v1.1/game/824272/feed/live,R,2026,2026-05-28,,day,P,N,N,Regular Season,3,3,1,Final,Final,2394,Comerica Park,116,Detroit Tigers,DET,1,False,108,Los Angeles Angels,LAA,7,True,696147,Sam Bachman,Samuel,Bachman,40,1999-09-30,26,"6' 1""",235,1,Pitcher,R,Right,R,Right,"1.0 IP, 0 ER, K, 2 BB",,,,,,,,,,,,,,,,1.0,0,1,0,1,2,21,0,0,0
2026-05-28,824272,,/api/v1.1/game/824272/feed/live,R,2026,2026-05-28,,day,P,N,N,Regular Season,3,3,1,Final,Final,2394,Comerica Park,116,Detroit Tigers,DET,1,False,108,Los Angeles Angels,LAA,7,True,666171,Ryan Zeferjahn,Ryan,Zeferjahn,56,1998-02-28,28,"6' 5""",209,1,Pitcher,R,Right,R,Right,"1.0 IP, 0 ER, K, 2 BB",,,,,,,,,,,,,,,,1.0,0,0,0,1,2,22,0,0,0
2026-05-28,824272,,/api/v1.1/game/824272/feed/live,R,2026,2026-05-28,,day,P,N,N,Regular Season,3,3,1,Final,Final,2394,Comerica Park,116,Detroit Tigers,DET,1,False,108,Los Angeles Angels,LAA,7,True,685133,Wade Meckler,Wade,Meckler,53,2000-04-21,26,"5' 9""",190,O,Outfield,L,Left,R,Right,0-4 | 2 K,,4,0,0,0,0,0,0,2,0,0,0,0,4,0,,,,,,,,,,
2026-05-28,824272,,/api/v1.1/game/824272/feed/live,R,2026,2026-05-28,,day,P,N,N,Regular Season,3,3,1,Final,Final,2394,Comerica Park,116,Detroit Tigers,DET,1,False,108,Los Angeles Angels,LAA,7,True,665861,Sebastián Rivero,Sebastián,Rivero,38,1998-11-16,27,"6' 1""",210,2,Catcher,R,Right,R,Right,"1-4 | 2 K, RBI, R",,4,1,0,0,0,1,1,2,0,0,0,0,4,1,,,,,,,,,,
2026-05-28,824272,,/api/v1.1/game/824272/feed/live,R,2026,2026-05-28,,day,P,N,N,Regular Season,3,3,1,Final,Final,2394,Comerica Park,116,Detroit Tigers,DET,1,False,108,Los Angeles Angels,LAA,7,True,700712,Walbert Ureña,Walbert,Ureña,57,2004-01-25,22,"6' 0""",210,1,Pitcher,R,Right,R,Right,,,,,,,,,,,,,,,,,,,,,,,,,,
2026-05-28,824272,,/api/v1.1/game/824272/feed/live,R,2026,2026-05-28,,day,P,N,N,Regular Season,3,3,1,Final,Final,2394,Comerica Park,116,Detroit Tigers,DET,1,False,108,Los Angeles Angels,LAA,7,True,681351,Logan O'Hoppe,Logan,O'Hoppe,14,2000-02-09,26,"6' 2""",225,2,Catcher,R,Right,R,Right,,,,,,,,,,,,,,,,,,,,,,,,,,
2026-05-28,824272,,/api/v1.1/game/824272/feed/live,R,2026,2026-05-28,,day,P,N,N,Regular Season,3,3,1,Final,Final,2394,Comerica Park,116,Detroit Tigers,DET,1,False,108,Los Angeles Angels,LAA,7,True,489446,Kirby Yates,Kirby,Yates,39,1987-03-25,39,"5' 10""",205,1,Pitcher,L,Left,R,Right,,,,,,,,,,,,,,,,,,,,,,,,,,
2026-05-28,824272,,/api/v1.1/game/824272/feed/live,R,2026,2026-05-28,,day,P,N,N,Regular Season,3,3,1,Final,Final,2394,Comerica Park,116,Detroit Tigers,DET,1,False,108,Los Angeles Angels,LAA,7,True,672282,Reid Detmers,Reid,Detmers,48,1999-07-08,26,"6' 2""",210,1,Pitcher,L,Left,L,Left,,,,,,,,,,,,,,,,,,,,,,,,,,
2026-05-28,824272,,/api/v1.1/game/824272/feed/live,R,2026,2026-05-28,,day,P,N,N,Regular Season,3,3,1,Final,Final,2394,Comerica Park,116,Detroit Tigers,DET,1,False,108,Los Angeles Angels,LAA,7,True,608718,Brent Suter,Brent,Suter,37,1989-08-29,36,"6' 4""",213,1,Pitcher,L,Left,L,Left,,,,,,,,,,,,,,,,,,,,,,,,,,
2026-05-28,824595,,/api/v1.1/game/824595/feed/live,R,2026,2026-05-28,,day,P,N,N,Regular Season,4,4,1,Final,Final,4,Rate Field,145,Chicago White Sox,CWS,6,True,142,Minnesota Twins,MIN,2,False,671976,Tristan Peters,Tristan,Peters,29,2000-02-29,26,"6' 0""",180,8,Outfielder,L,Left,R,Right,"3-4 | 2B, RBI, R",,4,3,1,0,0,1,1,0,0,0,0,0,4,4,,,,,,,,,,
2026-05-28,824595,,/api/v1.1/game/824595/feed/live,R,2026,2026-05-28,,day,P,N,N,Regular Season,4,4,1,Final,Final,4,Rate Field,145,Chicago White Sox,CWS,6,True,142,Minnesota Twins,MIN,2,False,641743,Anthony Kay,Anthony,Kay,18,1995-03-21,31,"6' 0""",225,1,Pitcher,L,Left,L,Left,,,,,,,,,,,,,,,,,,,,,,,,,,
2026-05-28,824595,,/api/v1.1/game/824595/feed/live,R,2026,2026-05-28,,day,P,N,N,Regular Season,4,4,1,Final,Final,4,Rate Field,145,Chicago White Sox,CWS,6,True,142,Minnesota Twins,MIN,2,False,663436,Davis Martin,Davis,Martin,65,1997-01-04,29,"6' 2""",215,1,Pitcher,L,Left,R,Right,"6.0 IP, ER, 5 K, 2 BB",,,,,,,,,,,,,,,,6.0,1,2,0,5,2,84,1,0,0
2026-05-28,824595,,/api/v1.1/game/824595/feed/live,R,2026,2026-05-28,,day,P,N,N,Regular Season,4,4,1,Final,Final,4,Rate Field,145,Chicago White Sox,CWS,6,True,142,Minnesota Twins,MIN,2,False,682668,Luisangel Acuña,Luisangel,Acuña,0,2002-03-12,24,"5' 7""",181,8,Outfielder,R,Right,R,Right,,,,,,,,,,,,,,,,,,,,,,,,,,
2026-05-28,824595,,/api/v1.1/game/824595/feed/live,R,2026,2026-05-28,,day,P,N,N,Regular Season,4,4,1,Final,Final,4,Rate Field,145,Chicago White Sox,CWS,6,True,142,Minnesota Twins,MIN,2,False,685126,Brandon Eisert,Brandon,Eisert,53,1998-01-19,28,"6' 2""",210,1,Pitcher,L,Left,L,Left,,,,,,,,,,,,,,,,,,,,,,,,,,
2026-05-28,824595,,/api/v1.1/game/824595/feed/live,R,2026,2026-05-28,,day,P,N,N,Regular Season,4,4,1,Final,Final,4,Rate Field,145,Chicago White Sox,CWS,6,True,142,Minnesota Twins,MIN,2,False,689818,David Sandlin,David,Sandlin,54,2001-02-21,25,"6' 4""",215,1,Pitcher,R,Right,R,Right,,,,,,,,,,,,,,,,,,,,,,,,,,
2026-05-28,824595,,/api/v1.1/game/824595/feed/live,R,2026,2026-05-28,,day,P,N,N,Regular Season,4,4,1,Final,Final,4,Rate Field,145,Chicago White Sox,CWS,6,True,142,Minnesota Twins,MIN,2,False,545341,Randal Grichuk,Randal,Grichuk,34,1991-08-13,34,"6' 0""",210,9,Outfielder,R,Right,R,Right,"1-4 | 2B, K, 3 RBI",,4,1,1,0,0,3,0,1,0,0,0,0,4,2,,,,,,,,,,
2026-05-28,824595,,/api/v1.1/game/824595/feed/live,R,2026,2026-05-28,,day,P,N,N,Regular Season,4,4,1,Final,Final,4,Rate Field,145,Chicago White Sox,CWS,6,True,142,Minnesota Twins,MIN,2,False,808959,Munetaka Murakami,Munetaka,Murakami,5,2000-02-02,26,"6' 2""",213,3,First Base,L,Left,R,Right,"1-2 | 2B, 2 BB, K",,2,1,1,0,0,1,1,1,2,0,1,0,4,2,,,,,,,,,,
2026-05-28,824595,,/api/v1.1/game/824595/feed/live,R,2026,2026-05-28,,day,P,N,N,Regular Season,4,4,1,Final,Final,4,Rate Field,145,Chicago White Sox,CWS,6,True,142,Minnesota Twins,MIN,2,False,805367,Chase Meidroth,Chase,Meidroth,10,2001-07-23,24,"5' 9""",190,4,Second Base,R,Right,R,Right,"0-3 | BB, K, R",,3,0,0,0,0,0,1,1,1,0,0,0,4,0,,,,,,,,,,
2026-05-28,824595,,/api/v1.1/game/824595/feed/live,R,2026,2026-05-28,,day,P,N,N,Regular Season,4,4,1,Final,Final,4,Rate Field,145,Chicago White Sox,CWS,6,True,142,Minnesota Twins,MIN,2,False,691799,Grant Taylor,Grant,Taylor,31,2002-05-20,24,"6' 3""",230,1,Pitcher,R,Right,R,Right,"1.0 IP, 0 ER, K, 0 BB",,,,,,,,,,,,,,,,1.0,0,1,0,1,0,14,0,0,0
2026-05-28,824595,,/api/v1.1/game/824595/feed/live,R,2026,2026-05-28,,day,P,N,N,Regular Season,4,4,1,Final,Final,4,Rate Field,145,Chicago White Sox,CWS,6,True,142,Minnesota Twins,MIN,2,False,807747,Rikuu Nishida,Rikuu,Nishida,51,2001-05-06,25,"5' 6""",150,O,Outfield,L,Left,R,Right,0-2,,2,0,0,0,0,0,0,0,0,0,0,0,2,0,,,,,,,,,,
2026-05-28,824595,,/api/v1.1/game/824595/feed/live,R,2026,2026-05-28,,day,P,N,N,Regular Season,4,4,1,Final,Final,4,Rate Field,145,Chicago White Sox,CWS,6,True,142,Minnesota Twins,MIN,2,False,695657,Colson Montgomery,Colson,Montgomery,12,2002-02-27,24,"6' 3""",230,6,Shortstop,L,Left,R,Right,"2-4 | K, RBI, R",,4,2,0,0,0,1,1,1,0,0,0,0,4,2,,,,,,,,,,
2026-05-28,824595,,/api/v1.1/game/824595/feed/live,R,2026,2026-05-28,,day,P,N,N,Regular Season,4,4,1,Final,Final,4,Rate Field,145,Chicago White Sox,CWS,6,True,142,Minnesota Twins,MIN,2,False,670950,Trevor Richards,Trevor,Richards,43,1993-05-15,33,"6' 2""",205,1,Pitcher,R,Right,R,Right,,,,,,,,,,,,,,,,,,,,,,,,,,
2026-05-28,824595,,/api/v1.1/game/824595/feed/live,R,2026,2026-05-28,,day,P,N,N,Regular Season,4,4,1,Final,Final,4,Rate Field,145,Chicago White Sox,CWS,6,True,142,Minnesota Twins,MIN,2,False,691011,Drew Romo,Drew,Romo,36,2001-08-29,24,"6' 0""",205,2,Catcher,S,Switch,R,Right,,,,,,,,,,,,,,,,,,,,,,,,,,
2026-05-28,824595,,/api/v1.1/game/824595/feed/live,R,2026,2026-05-28,,day,P,N,N,Regular Season,4,4,1,Final,Final,4,Rate Field,145,Chicago White Sox,CWS,6,True,142,Minnesota Twins,MIN,2,False,622554,Seranthony Domínguez,Seranthony,Domínguez,58,1994-11-25,31,"6' 1""",225,1,Pitcher,R,Right,R,Right,,,,,,,,,,,,,,,,,,,,,,,,,,
2026-05-28,824595,,/api/v1.1/game/824595/feed/live,R,2026,2026-05-28,,day,P,N,N,Regular Season,4,4,1,Final,Final,4,Rate Field,145,Chicago White Sox,CWS,6,True,142,Minnesota Twins,MIN,2,False,700337,Edgar Quero,Edgar,Quero,26,2003-04-06,23,"5' 10""",205,2,Catcher,S,Switch,R,Right,0-3 | 2 K,,3,0,0,0,0,0,0,2,0,0,0,0,3,0,,,,,,,,,,
2026-05-28,824595,,/api/v1.1/game/824595/feed/live,R,2026,2026-05-28,,day,P,N,N,Regular Season,4,4,1,Final,Final,4,Rate Field,145,Chicago White Sox,CWS,6,True,142,Minnesota Twins,MIN,2,False,643217,Andrew Benintendi,Andrew,Benintendi,23,1994-07-06,31,"5' 9""",185,10,Designated Hitter,L,Left,L,Left,,,,,,,,,,,,,,,,,,,,,,,,,,
2026-05-28,824595,,/api/v1.1/game/824595/feed/live,R,2026,2026-05-28,,day,P,N,N,Regular Season,4,4,1,Final,Final,4,Rate Field,145,Chicago White Sox,CWS,6,True,142,Minnesota Twins,MIN,2,False,673929,Jordan Leasure,Jordan,Leasure,49,1998-08-15,27,"6' 3""",220,1,Pitcher,R,Right,R,Right,"1.0 IP, ER, 0 K, 0 BB",,,,,,,,,,,,,,,,1.0,1,1,0,0,0,15,0,0,0
2026-05-28,824595,,/api/v1.1/game/824595/feed/live,R,2026,2026-05-28,,day,P,N,N,Regular Season,4,4,1,Final,Final,4,Rate Field,145,Chicago White Sox,CWS,6,True,142,Minnesota Twins,MIN,2,False,680732,Sean Burke,Sean,Burke,59,1999-12-18,26,"6' 6""",240,1,Pitcher,R,Right,R,Right,,,,,,,,,,,,,,,,,,,,,,,,,,
2026-05-28,824595,,/api/v1.1/game/824595/feed/live,R,2026,2026-05-28,,day,P,N,N,Regular Season,4,4,1,Final,Final,4,Rate Field,145,Chicago White Sox,CWS,6,True,142,Minnesota Twins,MIN,2,False,663542,Bryan Hudson,Bryan,Hudson,60,1997-05-08,29,"6' 8""",248,1,Pitcher,L,Left,L,Left,,,,,,,,,,,,,,,,,,,,,,,,,,
2026-05-28,824595,,/api/v1.1/game/824595/feed/live,R,2026,2026-05-28,,day,P,N,N,Regular Season,4,4,1,Final,Final,4,Rate Field,145,Chicago White Sox,CWS,6,True,142,Minnesota Twins,MIN,2,False,607200,Erick Fedde,Erick,Fedde,47,1993-02-25,33,"6' 4""",205,1,Pitcher,R,Right,R,Right,,,,,,,,,,,,,,,,,,,,,,,,,,
2026-05-28,824595,,/api/v1.1/game/824595/feed/live,R,2026,2026-05-28,,day,P,N,N,Regular Season,4,4,1,Final,Final,4,Rate Field,145,Chicago White Sox,CWS,6,True,142,Minnesota Twins,MIN,2,False,656794,Sean Newcomb,Sean,Newcomb,15,1993-06-12,32,"6' 5""",255,1,Pitcher,L,Left,L,Left,,,,,,,,,,,,,,,,,,,,,,,,,,
2026-05-28,824595,,/api/v1.1/game/824595/feed/live,R,2026,2026-05-28,,day,P,N,N,Regular Season,4,4,1,Final,Final,4,Rate Field,145,Chicago White Sox,CWS,6,True,142,Minnesota Twins,MIN,2,False,803011,Sam Antonacci,Samuel,Antonacci,17,2003-02-06,23,"5' 11""",193,7,Outfielder,L,Left,R,Right,"1-4 | K, R",,4,1,0,0,0,0,1,1,0,0,0,0,4,1,,,,,,,,,,
2026-05-28,824595,,/api/v1.1/game/824595/feed/live,R,2026,2026-05-28,,day,P,N,N,Regular Season,4,4,1,Final,Final,4,Rate Field,145,Chicago White Sox,CWS,6,True,142,Minnesota Twins,MIN,2,False,656537,Derek Hill,Derek,Hill,25,1995-12-30,30,"6' 0""",206,9,Outfielder,R,Right,R,Right,0-2 | K,,2,0,0,0,0,0,0,1,0,0,0,0,2,0,,,,,,,,,,
2026-05-28,824595,,/api/v1.1/game/824595/feed/live,R,2026,2026-05-28,,day,P,N,N,Regular Season,4,4,1,Final,Final,4,Rate Field,145,Chicago White Sox,CWS,6,True,142,Minnesota Twins,MIN,2,False,678246,Miguel Vargas,Miguel,Vargas,20,1999-11-17,26,"6' 2""",225,5,Third Base,R,Right,R,Right,"0-3 | BB, 2 K, R",,3,0,0,0,0,0,1,2,1,1,0,0,4,0,,,,,,,,,,
2026-05-28,824595,,/api/v1.1/game/824595/feed/live,R,2026,2026-05-28,,day,P,N,N,Regular Season,4,4,1,Final,Final,4,Rate Field,145,Chicago White Sox,CWS,6,True,142,Minnesota Twins,MIN,2,False,699823,Tyler Davis,Tyler,Davis,63,1998-10-03,27,"6' 2""",210,1,Pitcher,R,Right,R,Right,"1.0 IP, 0 ER, 2 K, 0 BB",,,,,,,,,,,,,,,,1.0,0,1,0,2,0,13,0,0,0
2026-05-28,824595,,/api/v1.1/game/824595/feed/live,R,2026,2026-05-28,,day,P,N,N,Regular Season,4,4,1,Final,Final,4,Rate Field,145,Chicago White Sox,CWS,6,True,142,Minnesota Twins,MIN,2,False,671737,Taj Bradley,Taj,Bradley,26,2001-03-20,25,"6' 2""",220,1,Pitcher,R,Right,R,Right,,,,,,,,,,,,,,,,,,,,,,,,,,
2026-05-28,824595,,/api/v1.1/game/824595/feed/live,R,2026,2026-05-28,,day,P,N,N,Regular Season,4,4,1,Final,Final,4,Rate Field,145,Chicago White Sox,CWS,6,True,142,Minnesota Twins,MIN,2,False,605170,Victor Caratini,Victor,Caratini,37,1993-08-17,32,"6' 0""",225,2,Catcher,S,Switch,R,Right,1-3 | RBI,,3,1,0,0,0,1,0,0,0,0,0,0,4,1,,,,,,,,,,
2026-05-28,824595,,/api/v1.1/game/824595/feed/live,R,2026,2026-05-28,,day,P,N,N,Regular Season,4,4,1,Final,Final,4,Rate Field,145,Chicago White Sox,CWS,6,True,142,Minnesota Twins,MIN,2,False,665019,Kody Clemens,Kody,Clemens,2,1996-05-15,30,"6' 0""",200,3,First Base,L,Left,R,Right,0-4 | K,,4,0,0,0,0,0,0,1,0,0,0,0,4,0,,,,,,,,,,
2026-05-28,824595,,/api/v1.1/game/824595/feed/live,R,2026,2026-05-28,,day,P,N,N,Regular Season,4,4,1,Final,Final,4,Rate Field,145,Chicago White Sox,CWS,6,True,142,Minnesota Twins,MIN,2,False,686797,Brooks Lee,Brooks,Lee,22,2001-02-14,25,"6' 0""",205,6,Shortstop,S,Switch,R,Right,0-4,,4,0,0,0,0,0,0,0,0,0,0,0,4,0,,,,,,,,,,
2026-05-28,824595,,/api/v1.1/game/824595/feed/live,R,2026,2026-05-28,,day,P,N,N,Regular Season,4,4,1,Final,Final,4,Rate Field,145,Chicago White Sox,CWS,6,True,142,Minnesota Twins,MIN,2,False,668885,Austin Martin,Christopher,Martin,16,1999-03-23,27,"5' 10""",185,7,Outfielder,R,Right,R,Right,,,,,,,,,,,,,,,,,,,,,,,,,,
2026-05-28,824595,,/api/v1.1/game/824595/feed/live,R,2026,2026-05-28,,day,P,N,N,Regular Season,4,4,1,Final,Final,4,Rate Field,145,Chicago White Sox,CWS,6,True,142,Minnesota Twins,MIN,2,False,696070,Kendry Rojas,Kendry,Rojas,60,2002-11-26,23,"6' 2""",190,1,Pitcher,L,Left,L,Left,,,,,,,,,,,,,,,,,,,,,,,,,,
2026-05-28,824595,,/api/v1.1/game/824595/feed/live,R,2026,2026-05-28,,day,P,N,N,Regular Season,4,4,1,Final,Final,4,Rate Field,145,Chicago White Sox,CWS,6,True,142,Minnesota Twins,MIN,2,False,680573,Simeon Woods Richardson,Simeon,Woods Richardson,24,2000-09-27,25,"6' 3""",210,1,Pitcher,R,Right,R,Right,"2.2 IP, 5 ER, 4 K, 3 BB",,,,,,,,,,,,,,,,2.2,5,5,0,4,3,67,0,1,0
2026-05-28,824595,,/api/v1.1/game/824595/feed/live,R,2026,2026-05-28,,day,P,N,N,Regular Season,4,4,1,Final,Final,4,Rate Field,145,Chicago White Sox,CWS,6,True,142,Minnesota Twins,MIN,2,False,656484,Tristan Gray,Tristan,Gray,4,1996-03-22,30,"6' 1""",215,5,Third Base,L,Left,R,Right,"2-4 | 2B, SB",,4,2,1,0,0,0,0,0,0,1,0,0,4,3,,,,,,,,,,
2026-05-28,824595,,/api/v1.1/game/824595/feed/live,R,2026,2026-05-28,,day,P,N,N,Regular Season,4,4,1,Final,Final,4,Rate Field,145,Chicago White Sox,CWS,6,True,142,Minnesota Twins,MIN,2,False,607455,Anthony Banda,Frank,Banda,43,1993-08-10,32,"6' 2""",221,1,Pitcher,L,Left,L,Left,"1.0 IP, 0 ER, 0 K, BB",,,,,,,,,,,,,,,,1.0,0,0,0,0,1,14,0,0,0
2026-05-28,824595,,/api/v1.1/game/824595/feed/live,R,2026,2026-05-28,,day,P,N,N,Regular Season,4,4,1,Final,Final,4,Rate Field,145,Chicago White Sox,CWS,6,True,142,Minnesota Twins,MIN,2,False,605137,Josh Bell,Joshua,Bell,56,1992-08-14,33,"6' 3""",261,10,Designated Hitter,S,Switch,R,Right,"1-4 | 2B, 2 K, R",,4,1,1,0,0,0,1,2,0,0,0,0,4,2,,,,,,,,,,
2026-05-28,824595,,/api/v1.1/game/824595/feed/live,R,2026,2026-05-28,,day,P,N,N,Regular Season,4,4,1,Final,Final,4,Rate Field,145,Chicago White Sox,CWS,6,True,142,Minnesota Twins,MIN,2,False,687570,Connor Prielipp,Connor,Prielipp,61,2001-01-10,25,"6' 2""",210,1,Pitcher,L,Left,L,Left,,,,,,,,,,,,,,,,,,,,,,,,,,
2026-05-28,824595,,/api/v1.1/game/824595/feed/live,R,2026,2026-05-28,,day,P,N,N,Regular Season,4,4,1,Final,Final,4,Rate Field,145,Chicago White Sox,CWS,6,True,142,Minnesota Twins,MIN,2,False,681546,James Outman,James,Outman,30,1997-05-14,29,"6' 2""",215,8,Outfielder,L,Left,R,Right,,,,,,,,,,,,,,,,,,,,,,,,,,
2026-05-28,824595,,/api/v1.1/game/824595/feed/live,R,2026,2026-05-28,,day,P,N,N,Regular Season,4,4,1,Final,Final,4,Rate Field,145,Chicago White Sox,CWS,6,True,142,Minnesota Twins,MIN,2,False,668952,Ryan Kreidler,Ryan,Kreidler,5,1997-11-12,28,"6' 3""",208,8,Outfielder,R,Right,R,Right,"0-3 | K, RBI",,3,0,0,0,0,1,0,1,0,0,0,0,3,0,,,,,,,,,,
2026-05-28,824595,,/api/v1.1/game/824595/feed/live,R,2026,2026-05-28,,day,P,N,N,Regular Season,4,4,1,Final,Final,4,Rate Field,145,Chicago White Sox,CWS,6,True,142,Minnesota Twins,MIN,2,False,573124,Taylor Rogers,Taylor,Rogers,55,1990-12-17,35,"6' 3""",190,1,Pitcher,L,Left,L,Left,"1.0 IP, 0 ER, 0 K, 0 BB",,,,,,,,,,,,,,,,1.0,0,0,0,0,0,7,0,0,0
2026-05-28,824595,,/api/v1.1/game/824595/feed/live,R,2026,2026-05-28,,day,P,N,N,Regular Season,4,4,1,Final,Final,4,Rate Field,145,Chicago White Sox,CWS,6,True,142,Minnesota Twins,MIN,2,False,641927,Bailey Ober,John,Ober,17,1995-07-12,30,"6' 9""",260,1,Pitcher,R,Right,R,Right,,,,,,,,,,,,,,,,,,,,,,,,,,
2026-05-28,824595,,/api/v1.1/game/824595/feed/live,R,2026,2026-05-28,,day,P,N,N,Regular Season,4,4,1,Final,Final,4,Rate Field,145,Chicago White Sox,CWS,6,True,142,Minnesota Twins,MIN,2,False,701519,Travis Adams,Travis,Adams,45,2000-01-19,26,"6' 1""",197,1,Pitcher,R,Right,R,Right,"1.0 IP, 0 ER, K, 0 BB",,,,,,,,,,,,,,,,1.0,0,0,0,1,0,12,0,0,0
2026-05-28,824595,,/api/v1.1/game/824595/feed/live,R,2026,2026-05-28,,day,P,N,N,Regular Season,4,4,1,Final,Final,4,Rate Field,145,Chicago White Sox,CWS,6,True,142,Minnesota Twins,MIN,2,False,606115,Orlando Arcia,Orlando,Arcia,11,1994-08-04,31,"5' 11""",187,6,Shortstop,R,Right,R,Right,"0-3 | BB, K, R",,3,0,0,0,0,0,1,1,1,0,0,0,4,0,,,,,,,,,,
2026-05-28,824595,,/api/v1.1/game/824595/feed/live,R,2026,2026-05-28,,day,P,N,N,Regular Season,4,4,1,Final,Final,4,Rate Field,145,Chicago White Sox,CWS,6,True,142,Minnesota Twins,MIN,2,False,663616,Trevor Larnach,Trevor,Larnach,9,1997-02-26,29,"6' 3""",223,7,Outfielder,L,Left,R,Right,0-4 | K,,4,0,0,0,0,0,0,1,0,0,0,0,4,0,,,,,,,,,,
2026-05-28,824595,,/api/v1.1/game/824595/feed/live,R,2026,2026-05-28,,day,P,N,N,Regular Season,4,4,1,Final,Final,4,Rate Field,145,Chicago White Sox,CWS,6,True,142,Minnesota Twins,MIN,2,False,621439,Byron Buxton,Byron,Buxton,25,1993-12-18,32,"6' 1""",190,8,Outfielder,R,Right,R,Right,"1-3 | BB, 2 K",,3,1,0,0,0,0,0,2,1,0,0,0,4,1,,,,,,,,,,
2026-05-28,824595,,/api/v1.1/game/824595/feed/live,R,2026,2026-05-28,,day,P,N,N,Regular Season,4,4,1,Final,Final,4,Rate Field,145,Chicago White Sox,CWS,6,True,142,Minnesota Twins,MIN,2,False,672782,Yoendrys Gómez,Yoendrys,Gómez,94,1999-10-15,26,"6' 3""",212,1,Pitcher,R,Right,R,Right,"1.0 IP, 0 ER, 2 K, 0 BB",,,,,,,,,,,,,,,,1.0,0,1,0,2,0,17,0,0,0
2026-05-28,824595,,/api/v1.1/game/824595/feed/live,R,2026,2026-05-28,,day,P,N,N,Regular Season,4,4,1,Final,Final,4,Rate Field,145,Chicago White Sox,CWS,6,True,142,Minnesota Twins,MIN,2,False,805673,Zebby Matthews,Daniel,Matthews,52,2000-05-22,26,"6' 5""",225,1,Pitcher,R,Right,R,Right,,,,,,,,,,,,,,,,,,,,,,,,,,
2026-05-28,824595,,/api/v1.1/game/824595/feed/live,R,2026,2026-05-28,,day,P,N,N,Regular Season,4,4,1,Final,Final,4,Rate Field,145,Chicago White Sox,CWS,6,True,142,Minnesota Twins,MIN,2,False,657746,Joe Ryan,Joseph,Ryan,41,1996-06-05,29,"6' 2""",205,1,Pitcher,R,Right,R,Right,,,,,,,,,,,,,,,,,,,,,,,,,,
2026-05-28,824595,,/api/v1.1/game/824595/feed/live,R,2026,2026-05-28,,day,P,N,N,Regular Season,4,4,1,Final,Final,4,Rate Field,145,Chicago White Sox,CWS,6,True,142,Minnesota Twins,MIN,2,False,679358,Eric Orze,Eric,Orze,19,1997-08-21,28,"6' 4""",205,1,Pitcher,R,Right,R,Right,,,,,,,,,,,,,,,,,,,,,,,,,,
2026-05-28,824595,,/api/v1.1/game/824595/feed/live,R,2026,2026-05-28,,day,P,N,N,Regular Season,4,4,1,Final,Final,4,Rate Field,145,Chicago White Sox,CWS,6,True,142,Minnesota Twins,MIN,2,False,656577,Alex Jackson,Alexander,Jackson,70,1995-12-25,30,"6' 1""",238,2,Catcher,R,Right,R,Right,,,,,,,,,,,,,,,,,,,,,,,,,,
2026-05-28,824595,,/api/v1.1/game/824595/feed/live,R,2026,2026-05-28,,day,P,N,N,Regular Season,4,4,1,Final,Final,4,Rate Field,145,Chicago White Sox,CWS,6,True,142,Minnesota Twins,MIN,2,False,702193,Andrew Morris,Andrew,Morris,78,2001-09-01,24,"6' 0""",195,1,Pitcher,R,Right,R,Right,"1.1 IP, 0 ER, 3 K, 0 BB",,,,,,,,,,,,,,,,1.1,0,2,0,3,0,29,0,0,0
2026-05-28,824595,,/api/v1.1/game/824595/feed/live,R,2026,2026-05-28,,day,P,N,N,Regular Season,4,4,1,Final,Final,4,Rate Field,145,Chicago White Sox,CWS,6,True,142,Minnesota Twins,MIN,2,False,807712,Luke Keaschall,Luke,Keaschall,15,2002-08-15,23,"6' 0""",190,4,Second Base,R,Right,R,Right,,,,,,,,,,,,,,,,,,,,,,,,,,
2026-05-28,824757,,/api/v1.1/game/824757/feed/live,R,2026,2026-05-28,,day,P,N,N,Regular Season,3,3,1,Final,Final,3,Fenway Park,111,Boston Red Sox,BOS,2,False,144,Atlanta Braves,ATL,10,True,575929,Willson Contreras,Willson,Contreras,40,1992-05-13,34,"6' 0""",240,3,First Base,R,Right,R,Right,"1-2 | BB, HBP, CS",,2,1,0,0,0,0,0,0,1,0,1,0,4,1,,,,,,,,,,
2026-05-28,824757,,/api/v1.1/game/824757/feed/live,R,2026,2026-05-28,,day,P,N,N,Regular Season,3,3,1,Final,Final,3,Fenway Park,111,Boston Red Sox,BOS,2,False,144,Atlanta Braves,ATL,10,True,594027,Tyron Guerrero,Tayron,Guerrero,41,1991-01-09,35,"6' 8""",225,1,Pitcher,R,Right,R,Right,"0.1 IP, 0 ER, 0 K, 0 BB",,,,,,,,,,,,,,,,0.1,0,1,0,0,0,8,0,0,0
2026-05-28,824757,,/api/v1.1/game/824757/feed/live,R,2026,2026-05-28,,day,P,N,N,Regular Season,3,3,1,Final,Final,3,Fenway Park,111,Boston Red Sox,BOS,2,False,144,Atlanta Braves,ATL,10,True,813349,Connelly Early,Todd,Early,71,2002-04-03,24,"6' 3""",195,1,Pitcher,L,Left,L,Left,,,,,,,,,,,,,,,,,,,,,,,,,,
2026-05-28,824757,,/api/v1.1/game/824757/feed/live,R,2026,2026-05-28,,day,P,N,N,Regular Season,3,3,1,Final,Final,3,Fenway Park,111,Boston Red Sox,BOS,2,False,144,Atlanta Braves,ATL,10,True,669711,Greg Weissert,Gregory,Weissert,57,1995-02-04,31,"6' 2""",235,1,Pitcher,R,Right,R,Right,"1.0 IP, 2 ER, 0 K, BB",,,,,,,,,,,,,,,,1.0,2,1,1,0,1,17,0,0,0
2026-05-28,824757,,/api/v1.1/game/824757/feed/live,R,2026,2026-05-28,,day,P,N,N,Regular Season,3,3,1,Final,Final,3,Fenway Park,111,Boston Red Sox,BOS,2,False,144,Atlanta Braves,ATL,10,True,657136,Connor Wong,Connor,Wong,12,1996-05-19,30,"5' 10""",190,2,Catcher,R,Right,R,Right,,,,,,,,,,,,,,,,,,,,,,,,,,
2026-05-28,824757,,/api/v1.1/game/824757/feed/live,R,2026,2026-05-28,,day,P,N,N,Regular Season,3,3,1,Final,Final,3,Fenway Park,111,Boston Red Sox,BOS,2,False,144,Atlanta Braves,ATL,10,True,678394,Brayan Bello,Brayan,Bello,66,1999-05-17,27,"6' 1""",195,1,Pitcher,R,Right,R,Right,,,,,,,,,,,,,,,,,,,,,,,,,,
2026-05-28,824757,,/api/v1.1/game/824757/feed/live,R,2026,2026-05-28,,day,P,N,N,Regular Season,3,3,1,Final,Final,3,Fenway Park,111,Boston Red Sox,BOS,2,False,144,Atlanta Braves,ATL,10,True,677800,Wilyer Abreu,Wilyer,Abreu,52,1999-06-24,26,"5' 10""",215,9,Outfielder,L,Left,L,Left,"1-3 | 2B, K",,3,1,1,0,0,0,0,1,0,0,0,0,4,2,,,,,,,,,,
2026-05-28,824757,,/api/v1.1/game/824757/feed/live,R,2026,2026-05-28,,day,P,N,N,Regular Season,3,3,1,Final,Final,3,Fenway Park,111,Boston Red Sox,BOS,2,False,144,Atlanta Braves,ATL,10,True,655316,Andruw Monasterio,Andruw,Monasterio,32,1997-05-30,28,"5' 11""",195,6,Shortstop,R,Right,R,Right,0-4 | 3 K,,4,0,0,0,0,0,0,3,0,0,0,0,4,0,,,,,,,,,,
2026-05-28,824757,,/api/v1.1/game/824757/feed/live,R,2026,2026-05-28,,day,P,N,N,Regular Season,3,3,1,Final,Final,3,Fenway Park,111,Boston Red Sox,BOS,2,False,144,Atlanta Braves,ATL,10,True,543243,Sonny Gray,Sonny,Gray,54,1989-11-07,36,"5' 10""",190,1,Pitcher,R,Right,R,Right,,,,,,,,,,,,,,,,,,,,,,,,,,
2026-05-28,824757,,/api/v1.1/game/824757/feed/live,R,2026,2026-05-28,,day,P,N,N,Regular Season,3,3,1,Final,Final,3,Fenway Park,111,Boston Red Sox,BOS,2,False,144,Atlanta Braves,ATL,10,True,643396,Isiah Kiner-Falefa,Isiah,Kiner-Falefa,2,1995-03-23,31,"5' 10""",195,4,Second Base,R,Right,R,Right,"2-2 | 2 BB, R",,2,2,0,0,0,0,1,0,2,0,0,0,4,2,,,,,,,,,,
2026-05-28,824757,,/api/v1.1/game/824757/feed/live,R,2026,2026-05-28,,day,P,N,N,Regular Season,3,3,1,Final,Final,3,Fenway Park,111,Boston Red Sox,BOS,2,False,144,Atlanta Braves,ATL,10,True,686580,Justin Slaten,Justin,Slaten,63,1997-09-15,28,"6' 4""",222,1,Pitcher,R,Right,R,Right,,,,,,,,,,,,,,,,,,,,,,,,,,
2026-05-28,824757,,/api/v1.1/game/824757/feed/live,R,2026,2026-05-28,,day,P,N,N,Regular Season,3,3,1,Final,Final,3,Fenway Park,111,Boston Red Sox,BOS,2,False,144,Atlanta Braves,ATL,10,True,681508,Mickey Gasper,Michael,Gasper,30,1995-10-11,30,"5' 9""",205,2,Catcher,S,Switch,R,Right,,,,,,,,,,,,,,,,,,,,,,,,,,
2026-05-28,824757,,/api/v1.1/game/824757/feed/live,R,2026,2026-05-28,,day,P,N,N,Regular Season,3,3,1,Final,Final,3,Fenway Park,111,Boston Red Sox,BOS,2,False,144,Atlanta Braves,ATL,10,True,702332,Caleb Durbin,Caleb,Durbin,5,2000-02-22,26,"5' 6""",183,5,Third Base,R,Right,R,Right,"2-4 | 2B, RBI, R",,4,2,1,0,0,1,1,0,0,0,0,0,4,3,,,,,,,,,,
2026-05-28,824757,,/api/v1.1/game/824757/feed/live,R,2026,2026-05-28,,day,P,N,N,Regular Season,3,3,1,Final,Final,3,Fenway Park,111,Boston Red Sox,BOS,2,False,144,Atlanta Braves,ATL,10,True,624133,Ranger Suarez,Ranger,Suarez,55,1995-08-26,30,"6' 1""",217,1,Pitcher,L,Left,L,Left,,,,,,,,,,,,,,,,,,,,,,,,,,
2026-05-28,824757,,/api/v1.1/game/824757/feed/live,R,2026,2026-05-28,,day,P,N,N,Regular Season,3,3,1,Final,Final,3,Fenway Park,111,Boston Red Sox,BOS,2,False,144,Atlanta Braves,ATL,10,True,665966,Carlos Narváez,Carlos,Narváez,75,1998-11-26,27,"5' 11""",190,2,Catcher,R,Right,R,Right,0-4 | 2 K,,4,0,0,0,0,0,0,2,0,0,0,0,4,0,,,,,,,,,,
2026-05-28,824757,,/api/v1.1/game/824757/feed/live,R,2026,2026-05-28,,day,P,N,N,Regular Season,3,3,1,Final,Final,3,Fenway Park,111,Boston Red Sox,BOS,2,False,144,Atlanta Braves,ATL,10,True,680776,Jarren Duran,Jarren,Duran,16,1996-09-05,29,"6' 0""",205,7,Outfielder,L,Left,R,Right,"1-5 | 2 K, RBI",,5,1,0,0,0,1,0,2,0,0,0,0,5,1,,,,,,,,,,
2026-05-28,824757,,/api/v1.1/game/824757/feed/live,R,2026,2026-05-28,,day,P,N,N,Regular Season,3,3,1,Final,Final,3,Fenway Park,111,Boston Red Sox,BOS,2,False,144,Atlanta Braves,ATL,10,True,686765,Nick Sogard,Nicholas,Sogard,20,1997-09-09,28,"6' 1""",189,5,Third Base,S,Switch,R,Right,0-3 | K,,3,0,0,0,0,0,0,1,0,0,0,0,3,0,,,,,,,,,,
2026-05-28,824757,,/api/v1.1/game/824757/feed/live,R,2026,2026-05-28,,day,P,N,N,Regular Season,3,3,1,Final,Final,3,Fenway Park,111,Boston Red Sox,BOS,2,False,144,Atlanta Braves,ATL,10,True,701719,Tyler Samaniego,Robert,Samaniego,78,1999-01-30,27,"6' 4""",205,1,Pitcher,R,Right,L,Left,,,,,,,,,,,,,,,,,,,,,,,,,,
2026-05-28,824757,,/api/v1.1/game/824757/feed/live,R,2026,2026-05-28,,day,P,N,N,Regular Season,3,3,1,Final,Final,3,Fenway Park,111,Boston Red Sox,BOS,2,False,144,Atlanta Braves,ATL,10,True,801139,Payton Tolle,Payton,Tolle,70,2002-11-01,23,"6' 6""",250,1,Pitcher,L,Left,L,Left,"4.2 IP, 2 ER, 7 K, 2 BB",,,,,,,,,,,,,,,,4.2,2,5,0,7,2,94,0,0,0
2026-05-28,824757,,/api/v1.1/game/824757/feed/live,R,2026,2026-05-28,,day,P,N,N,Regular Season,3,3,1,Final,Final,3,Fenway Park,111,Boston Red Sox,BOS,2,False,144,Atlanta Braves,ATL,10,True,678882,Ceddanne Rafaela,Ceddanne,Rafaela,3,2000-09-18,25,"5' 10""",165,8,Outfielder,R,Right,R,Right,"1-5 | 2B, 2 K",,5,1,1,0,0,0,0,2,0,0,0,0,5,2,,,,,,,,,,
2026-05-28,824757,,/api/v1.1/game/824757/feed/live,R,2026,2026-05-28,,day,P,N,N,Regular Season,3,3,1,Final,Final,3,Fenway Park,111,Boston Red Sox,BOS,2,False,144,Atlanta Braves,ATL,10,True,663558,Jovani Morán,Jovani,Moran,47,1997-04-24,29,"6' 1""",167,1,Pitcher,L,Left,L,Left,"2.0 IP, ER, 2 K, 0 BB",,,,,,,,,,,,,,,,2.0,1,1,1,2,0,31,0,0,0
2026-05-28,824757,,/api/v1.1/game/824757/feed/live,R,2026,2026-05-28,,day,P,N,N,Regular Season,3,3,1,Final,Final,3,Fenway Park,111,Boston Red Sox,BOS,2,False,144,Atlanta Braves,ATL,10,True,807799,Masataka Yoshida,Masataka,Yoshida,7,1993-07-15,32,"5' 8""",192,10,Designated Hitter,L,Left,R,Right,,,,,,,,,,,,,,,,,,,,,,,,,,
2026-05-28,824757,,/api/v1.1/game/824757/feed/live,R,2026,2026-05-28,,day,P,N,N,Regular Season,3,3,1,Final,Final,3,Fenway Park,111,Boston Red Sox,BOS,2,False,144,Atlanta Braves,ATL,10,True,543056,Danny Coulombe,Daniel,Coulombe,67,1989-10-26,36,"5' 10""",190,1,Pitcher,L,Left,L,Left,"0.0 IP, 3 ER, 0 K, 2 BB",,,,,,,,,,,,,,,,0.0,3,1,0,0,2,10,0,1,0
2026-05-28,824757,,/api/v1.1/game/824757/feed/live,R,2026,2026-05-28,,day,P,N,N,Regular Season,3,3,1,Final,Final,3,Fenway Park,111,Boston Red Sox,BOS,2,False,144,Atlanta Braves,ATL,10,True,691785,Marcelo Mayer,Marcelo,Mayer,11,2002-12-12,23,"6' 3""",188,4,Second Base,L,Left,R,Right,0-1,,1,0,0,0,0,0,0,0,0,0,0,0,1,0,,,,,,,,,,
2026-05-28,824757,,/api/v1.1/game/824757/feed/live,R,2026,2026-05-28,,day,P,N,N,Regular Season,3,3,1,Final,Final,3,Fenway Park,111,Boston Red Sox,BOS,2,False,144,Atlanta Braves,ATL,10,True,547973,Aroldis Chapman,Albertin,Chapman,44,1988-02-28,38,"6' 4""",235,1,Pitcher,L,Left,L,Left,,,,,,,,,,,,,,,,,,,,,,,,,,
2026-05-28,824757,,/api/v1.1/game/824757/feed/live,R,2026,2026-05-28,,day,P,N,N,Regular Season,3,3,1,Final,Final,3,Fenway Park,111,Boston Red Sox,BOS,2,False,144,Atlanta Braves,ATL,10,True,670245,Ryan Watson,Ryan,Watson,56,1997-11-15,28,"6' 5""",225,1,Pitcher,R,Right,R,Right,"1.0 IP, 2 ER, K, 0 BB",,,,,,,,,,,,,,,,1.0,2,2,1,1,0,20,0,0,0
2026-05-28,824757,,/api/v1.1/game/824757/feed/live,R,2026,2026-05-28,,day,P,N,N,Regular Season,3,3,1,Final,Final,3,Fenway Park,111,Boston Red Sox,BOS,2,False,144,Atlanta Braves,ATL,10,True,644433,Chadwick Tromp,Chadwick,Tromp,39,1995-03-21,31,"5' 8""",221,2,Catcher,R,Right,R,Right,0-1,,1,0,0,0,0,0,0,0,0,0,0,0,1,0,,,,,,,,,,
2026-05-28,824757,,/api/v1.1/game/824757/feed/live,R,2026,2026-05-28,,day,P,N,N,Regular Season,3,3,1,Final,Final,3,Fenway Park,111,Boston Red Sox,BOS,2,False,144,Atlanta Braves,ATL,10,True,675911,Spencer Strider,Spencer,Strider,99,1998-10-28,27,"6' 0""",195,1,Pitcher,R,Right,R,Right,,,,,,,,,,,,,,,,,,,,,,,,,,
2026-05-28,824757,,/api/v1.1/game/824757/feed/live,R,2026,2026-05-28,,day,P,N,N,Regular Season,3,3,1,Final,Final,3,Fenway Park,111,Boston Red Sox,BOS,2,False,144,Atlanta Braves,ATL,10,True,689266,Dylan Dodd,Dylan,Dodd,46,1998-06-06,27,"6' 2""",210,1,Pitcher,L,Left,L,Left,"1.0 IP, 0 ER, 2 K, 0 BB",,,,,,,,,,,,,,,,1.0,0,0,0,2,0,18,0,0,0
2026-05-28,824757,,/api/v1.1/game/824757/feed/live,R,2026,2026-05-28,,day,P,N,N,Regular Season,3,3,1,Final,Final,3,Fenway Park,111,Boston Red Sox,BOS,2,False,144,Atlanta Braves,ATL,10,True,669276,Dylan Lee,Dylan,Lee,52,1994-08-01,31,"6' 3""",214,1,Pitcher,L,Left,L,Left,,,,,,,,,,,,,,,,,,,,,,,,,,
2026-05-28,824757,,/api/v1.1/game/824757/feed/live,R,2026,2026-05-28,,day,P,N,N,Regular Season,3,3,1,Final,Final,3,Fenway Park,111,Boston Red Sox,BOS,2,False,144,Atlanta Braves,ATL,10,True,663158,Robert Suarez,Robert,Suarez,75,1991-03-01,35,"6' 2""",210,1,Pitcher,R,Right,R,Right,,,,,,,,,,,,,,,,,,,,,,,,,,
2026-05-28,824757,,/api/v1.1/game/824757/feed/live,R,2026,2026-05-28,,day,P,N,N,Regular Season,3,3,1,Final,Final,3,Fenway Park,111,Boston Red Sox,BOS,2,False,144,Atlanta Braves,ATL,10,True,671739,Michael Harris II,Michael,Harris,23,2001-03-07,25,"5' 11""",195,8,Outfielder,L,Left,L,Left,"2-5 | HR, RBI, 2 R",,5,2,0,0,1,1,2,0,0,0,0,0,5,5,,,,,,,,,,
2026-05-28,824757,,/api/v1.1/game/824757/feed/live,R,2026,2026-05-28,,day,P,N,N,Regular Season,3,3,1,Final,Final,3,Fenway Park,111,Boston Red Sox,BOS,2,False,144,Atlanta Braves,ATL,10,True,622761,Jorge Mateo,Jorge,Mateo,2,1995-06-23,30,"6' 0""",200,6,Shortstop,R,Right,R,Right,"2-4 | 2B, BB, K",,4,2,1,0,0,1,1,1,1,0,0,0,5,3,,,,,,,,,,
2026-05-28,824757,,/api/v1.1/game/824757/feed/live,R,2026,2026-05-28,,day,P,N,N,Regular Season,3,3,1,Final,Final,3,Fenway Park,111,Boston Red Sox,BOS,2,False,144,Atlanta Braves,ATL,10,True,643289,Mauricio Dubón,Mauricio,Dubón,14,1994-07-19,31,"5' 11""",173,6,Shortstop,R,Right,R,Right,0-5,,5,0,0,0,0,0,0,0,0,0,0,0,5,0,,,,,,,,,,
2026-05-28,824757,,/api/v1.1/game/824757/feed/live,R,2026,2026-05-28,,day,P,N,N,Regular Season,3,3,1,Final,Final,3,Fenway Park,111,Boston Red Sox,BOS,2,False,144,Atlanta Braves,ATL,10,True,471911,Carlos Carrasco,Carlos,Carrasco,59,1987-03-21,39,"6' 4""",224,1,Pitcher,R,Right,R,Right,,,,,,,,,,,,,,,,,,,,,,,,,,
2026-05-28,824757,,/api/v1.1/game/824757/feed/live,R,2026,2026-05-28,,day,P,N,N,Regular Season,3,3,1,Final,Final,3,Fenway Park,111,Boston Red Sox,BOS,2,False,144,Atlanta Braves,ATL,10,True,800311,Didier Fuentes,Didier,Fuentes,72,2005-06-17,20,"6' 0""",170,1,Pitcher,R,Right,R,Right,,,,,,,,,,,,,,,,,,,,,,,,,,
2026-05-28,824757,,/api/v1.1/game/824757/feed/live,R,2026,2026-05-28,,day,P,N,N,Regular Season,3,3,1,Final,Final,3,Fenway Park,111,Boston Red Sox,BOS,2,False,144,Atlanta Braves,ATL,10,True,519242,Chris Sale,Christopher,Sale,51,1989-03-30,37,"6' 6""",180,1,Pitcher,L,Left,L,Left,"5.0 IP, 2 ER, 8 K, 3 BB",,,,,,,,,,,,,,,,5.0,2,6,0,8,3,96,1,0,0
2026-05-28,824757,,/api/v1.1/game/824757/feed/live,R,2026,2026-05-28,,day,P,N,N,Regular Season,3,3,1,Final,Final,3,Fenway Park,111,Boston Red Sox,BOS,2,False,144,Atlanta Braves,ATL,10,True,621566,Matt Olson,Matthew,Olson,28,1994-03-29,32,"6' 4""",225,3,First Base,L,Left,R,Right,"2-5 | 2B, K, 2 R",,5,2,1,0,0,0,2,1,0,0,0,0,5,3,,,,,,,,,,
2026-05-28,824757,,/api/v1.1/game/824757/feed/live,R,2026,2026-05-28,,day,P,N,N,Regular Season,3,3,1,Final,Final,3,Fenway Park,111,Boston Red Sox,BOS,2,False,144,Atlanta Braves,ATL,10,True,642086,Dominic Smith,Dominic,Smith,8,1995-06-15,30,"5' 11""",224,10,Designated Hitter,L,Left,L,Left,"1-3 | BB, RBI, R",,3,1,0,0,0,1,1,0,1,0,0,0,4,1,,,,,,,,,,
2026-05-28,824757,,/api/v1.1/game/824757/feed/live,R,2026,2026-05-28,,day,P,N,N,Regular Season,3,3,1,Final,Final,3,Fenway Park,111,Boston Red Sox,BOS,2,False,144,Atlanta Braves,ATL,10,True,660670,Ronald Acuña Jr.,Ronald,Acuña,13,1997-12-18,28,"6' 0""",205,9,Outfielder,R,Right,R,Right,"1-3 | HR, 2 BB, K",,3,1,0,0,1,4,1,1,2,2,0,0,5,4,,,,,,,,,,
2026-05-28,824757,,/api/v1.1/game/824757/feed/live,R,2026,2026-05-28,,day,P,N,N,Regular Season,3,3,1,Final,Final,3,Fenway Park,111,Boston Red Sox,BOS,2,False,144,Atlanta Braves,ATL,10,True,641755,Tyler Kinley,Tyler,Kinley,45,1991-01-31,35,"6' 4""",220,1,Pitcher,R,Right,R,Right,"1.0 IP, 0 ER, K, 0 BB",,,,,,,,,,,,,,,,1.0,0,1,0,1,0,14,0,0,0
2026-05-28,824757,,/api/v1.1/game/824757/feed/live,R,2026,2026-05-28,,day,P,N,N,Regular Season,3,3,1,Final,Final,3,Fenway Park,111,Boston Red Sox,BOS,2,False,144,Atlanta Braves,ATL,10,True,625643,Reynaldo López,Reynaldo,López,40,1994-01-04,32,"6' 1""",225,1,Pitcher,R,Right,R,Right,"2.0 IP, 0 ER, 0 K, 0 BB",,,,,,,,,,,,,,,,2.0,0,1,0,0,0,19,0,0,0
2026-05-28,824757,,/api/v1.1/game/824757/feed/live,R,2026,2026-05-28,,day,P,N,N,Regular Season,3,3,1,Final,Final,3,Fenway Park,111,Boston Red Sox,BOS,2,False,144,Atlanta Braves,ATL,10,True,642201,Eli White,Elijah,White,36,1994-06-26,31,"6' 2""",195,8,Outfielder,R,Right,R,Right,0-0,,0,0,0,0,0,0,0,0,0,0,0,0,0,0,,,,,,,,,,
2026-05-28,824757,,/api/v1.1/game/824757/feed/live,R,2026,2026-05-28,,day,P,N,N,Regular Season,3,3,1,Final,Final,3,Fenway Park,111,Boston Red Sox,BOS,2,False,144,Atlanta Braves,ATL,10,True,645277,Ozzie Albies,Ozhaino,Albies,1,1997-01-07,29,"5' 7""",165,4,Second Base,S,Switch,R,Right,"3-5 | HR, 2B, K",,5,3,1,0,1,2,2,1,0,0,0,0,5,7,,,,,,,,,,
2026-05-28,824757,,/api/v1.1/game/824757/feed/live,R,2026,2026-05-28,,day,P,N,N,Regular Season,3,3,1,Final,Final,3,Fenway Park,111,Boston Red Sox,BOS,2,False,144,Atlanta Braves,ATL,10,True,628452,Raisel Iglesias,Raisel,Iglesias,26,1990-01-04,36,"6' 2""",190,1,Pitcher,R,Right,R,Right,,,,,,,,,,,,,,,,,,,,,,,,,,
2026-05-28,824757,,/api/v1.1/game/824757/feed/live,R,2026,2026-05-28,,day,P,N,N,Regular Season,3,3,1,Final,Final,3,Fenway Park,111,Boston Red Sox,BOS,2,False,144,Atlanta Braves,ATL,10,True,663586,Austin Riley,Michael,Riley,27,1997-04-02,29,"6' 1""",225,5,Third Base,R,Right,R,Right,0-5 | 4 K,,5,0,0,0,0,0,0,4,0,0,0,0,5,0,,,,,,,,,,
2026-05-28,824757,,/api/v1.1/game/824757/feed/live,R,2026,2026-05-28,,day,P,N,N,Regular Season,3,3,1,Final,Final,3,Fenway Park,111,Boston Red Sox,BOS,2,False,144,Atlanta Braves,ATL,10,True,656550,Grant Holmes,Harrison,Holmes,66,1996-03-22,30,"6' 0""",226,1,Pitcher,L,Left,R,Right,,,,,,,,,,,,,,,,,,,,,,,,,,
2026-05-28,824757,,/api/v1.1/game/824757/feed/live,R,2026,2026-05-28,,day,P,N,N,Regular Season,3,3,1,Final,Final,3,Fenway Park,111,Boston Red Sox,BOS,2,False,144,Atlanta Braves,ATL,10,True,506702,Sandy León,Sandy,León,9,1989-03-13,37,"5' 9""",235,2,Catcher,S,Switch,R,Right,0-2 | 2 K,,2,0,0,0,0,0,0,2,0,0,0,0,2,0,,,,,,,,,,
2026-05-28,824757,,/api/v1.1/game/824757/feed/live,R,2026,2026-05-28,,day,P,N,N,Regular Season,3,3,1,Final,Final,3,Fenway Park,111,Boston Red Sox,BOS,2,False,144,Atlanta Braves,ATL,10,True,573262,Mike Yastrzemski,Michael,Yastrzemski,18,1990-08-23,35,"5' 10""",180,7,Outfielder,L,Left,L,Left,"0-0 | BB, RBI, R",,0,0,0,0,0,1,1,0,1,0,0,0,1,0,,,,,,,,,,
2026-05-28,824757,,/api/v1.1/game/824757/feed/live,R,2026,2026-05-28,,day,P,N,N,Regular Season,3,3,1,Final,Final,3,Fenway Park,111,Boston Red Sox,BOS,2,False,144,Atlanta Braves,ATL,10,True,673490,Ha-Seong Kim,Ha-Seong,Kim,7,1995-10-17,30,"5' 10""",200,6,Shortstop,R,Right,R,Right,,,,,,,,,,,,,,,,,,,,,,,,,,
2026-05-28,824757,,/api/v1.1/game/824757/feed/live,R,2026,2026-05-28,,day,P,N,N,Regular Season,3,3,1,Final,Final,3,Fenway Park,111,Boston Red Sox,BOS,2,False,144,Atlanta Braves,ATL,10,True,693821,Bryce Elder,Bryce,Elder,55,1999-05-19,27,"6' 2""",220,1,Pitcher,R,Right,R,Right,,,,,,,,,,,,,,,,,,,,,,,,,,
2026-05-28,824757,,/api/v1.1/game/824757/feed/live,R,2026,2026-05-28,,day,P,N,N,Regular Season,3,3,1,Final,Final,3,Fenway Park,111,Boston Red Sox,BOS,2,False,144,Atlanta Braves,ATL,10,True,527048,Martín Pérez,Martín,Pérez,33,1991-04-04,35,"6' 0""",210,1,Pitcher,L,Left,L,Left,,,,,,,,,,,,,,,,,,,,,,,,,,
2026-05-28,824834,,/api/v1.1/game/824834/feed/live,R,2026,2026-05-28,,night,P,N,N,Regular Season,1,4,1,Final,Final,2,Oriole Park at Camden Yards,110,Baltimore Orioles,BAL,1,False,141,Toronto Blue Jays,TOR,2,True,669236,Jeremiah Jackson,Jeremiah,Jackson,82,2000-03-26,26,"5' 11""",200,4,Second Base,R,Right,R,Right,,,,,,,,,,,,,,,,,,,,,,,,,,
2026-05-28,824834,,/api/v1.1/game/824834/feed/live,R,2026,2026-05-28,,night,P,N,N,Regular Season,1,4,1,Final,Final,2,Oriole Park at Camden Yards,110,Baltimore Orioles,BAL,1,False,141,Toronto Blue Jays,TOR,2,True,669211,Keegan Akin,Keegan,Akin,45,1995-04-01,31,"6' 0""",235,1,Pitcher,L,Left,L,Left,,,,,,,,,,,,,,,,,,,,,,,,,,
2026-05-28,824834,,/api/v1.1/game/824834/feed/live,R,2026,2026-05-28,,night,P,N,N,Regular Season,1,4,1,Final,Final,2,Oriole Park at Camden Yards,110,Baltimore Orioles,BAL,1,False,141,Toronto Blue Jays,TOR,2,True,694212,Samuel Basallo,Samuel,Basallo,29,2004-08-13,21,"6' 4""",250,2,Catcher,L,Left,R,Right,0-1,,1,0,0,0,0,0,0,0,0,0,0,1,1,0,,,,,,,,,,
2026-05-28,824834,,/api/v1.1/game/824834/feed/live,R,2026,2026-05-28,,night,P,N,N,Regular Season,1,4,1,Final,Final,2,Oriole Park at Camden Yards,110,Baltimore Orioles,BAL,1,False,141,Toronto Blue Jays,TOR,2,True,669432,Trevor Rogers,Trevor,Rogers,28,1997-11-13,28,"6' 5""",230,1,Pitcher,L,Left,L,Left,,,,,,,,,,,,,,,,,,,,,,,,,,
2026-05-28,824834,,/api/v1.1/game/824834/feed/live,R,2026,2026-05-28,,night,P,N,N,Regular Season,1,4,1,Final,Final,2,Oriole Park at Camden Yards,110,Baltimore Orioles,BAL,1,False,141,Toronto Blue Jays,TOR,2,True,669330,Tyler Wells,Tyler,Wells,68,1994-08-26,31,"6' 8""",270,1,Pitcher,R,Right,R,Right,,,,,,,,,,,,,,,,,,,,,,,,,,
2026-05-28,824834,,/api/v1.1/game/824834/feed/live,R,2026,2026-05-28,,night,P,N,N,Regular Season,1,4,1,Final,Final,2,Oriole Park at Camden Yards,110,Baltimore Orioles,BAL,1,False,141,Toronto Blue Jays,TOR,2,True,670329,Rico Garcia,Joshua,Garcia,50,1994-01-10,32,"5' 9""",215,1,Pitcher,R,Right,R,Right,,,,,,,,,,,,,,,,,,,,,,,,,,
2026-05-28,824834,,/api/v1.1/game/824834/feed/live,R,2026,2026-05-28,,night,P,N,N,Regular Season,1,4,1,Final,Final,2,Oriole Park at Camden Yards,110,Baltimore Orioles,BAL,1,False,141,Toronto Blue Jays,TOR,2,True,687064,Brandon Young,Brandon,Young,63,1998-08-19,27,"6' 6""",230,1,Pitcher,R,Right,R,Right,,,,,,,,,,,,,,,,,,,,,,,,,,
2026-05-28,824834,,/api/v1.1/game/824834/feed/live,R,2026,2026-05-28,,night,P,N,N,Regular Season,1,4,1,Final,Final,2,Oriole Park at Camden Yards,110,Baltimore Orioles,BAL,1,False,141,Toronto Blue Jays,TOR,2,True,642215,Weston Wilson,Weston,Wilson,32,1994-09-11,31,"6' 3""",215,5,Third Base,R,Right,R,Right,0-1,,1,0,0,0,0,0,0,0,0,0,0,0,1,0,,,,,,,,,,
2026-05-28,824834,,/api/v1.1/game/824834/feed/live,R,2026,2026-05-28,,night,P,N,N,Regular Season,1,4,1,Final,Final,2,Oriole Park at Camden Yards,110,Baltimore Orioles,BAL,1,False,141,Toronto Blue Jays,TOR,2,True,683002,Gunnar Henderson,Gunnar,Henderson,2,2001-06-29,24,"6' 3""",230,6,Shortstop,L,Left,R,Right,0-4 | K,,4,0,0,0,0,0,0,1,0,0,0,0,4,0,,,,,,,,,,
2026-05-28,824834,,/api/v1.1/game/824834/feed/live,R,2026,2026-05-28,,night,P,N,N,Regular Season,1,4,1,Final,Final,2,Oriole Park at Camden Yards,110,Baltimore Orioles,BAL,1,False,141,Toronto Blue Jays,TOR,2,True,665750,Leody Taveras,Leody,Taveras,30,1998-09-08,27,"6' 2""",210,8,Outfielder,S,Switch,R,Right,1-4 | K,,4,1,0,0,0,0,0,1,0,0,0,0,4,1,,,,,,,,,,
2026-05-28,824834,,/api/v1.1/game/824834/feed/live,R,2026,2026-05-28,,night,P,N,N,Regular Season,1,4,1,Final,Final,2,Oriole Park at Camden Yards,110,Baltimore Orioles,BAL,1,False,141,Toronto Blue Jays,TOR,2,True,621493,Taylor Ward,Joseph,Ward,3,1993-12-14,32,"6' 0""",205,7,Outfielder,R,Right,R,Right,"2-3 | BB, SB",,3,2,0,0,0,0,0,0,1,1,0,0,4,2,,,,,,,,,,
2026-05-28,824834,,/api/v1.1/game/824834/feed/live,R,2026,2026-05-28,,night,P,N,N,Regular Season,1,4,1,Final,Final,2,Oriole Park at Camden Yards,110,Baltimore Orioles,BAL,1,False,141,Toronto Blue Jays,TOR,2,True,669358,Shane Baz,Shane,Baz,34,1999-06-17,26,"6' 3""",200,1,Pitcher,R,Right,R,Right,,,,,,,,,,,,,,,,,,,,,,,,,,
2026-05-28,824834,,/api/v1.1/game/824834/feed/live,R,2026,2026-05-28,,night,P,N,N,Regular Season,1,4,1,Final,Final,2,Oriole Park at Camden Yards,110,Baltimore Orioles,BAL,1,False,141,Toronto Blue Jays,TOR,2,True,687721,Cameron Weston,Cameron,Weston,80,2000-08-27,25,"6' 2""",215,1,Pitcher,R,Right,R,Right,"1.0 IP, 0 ER, K, BB",,,,,,,,,,,,,,,,1.0,0,0,0,1,1,17,0,0,0
2026-05-28,824834,,/api/v1.1/game/824834/feed/live,R,2026,2026-05-28,,night,P,N,N,Regular Season,1,4,1,Final,Final,2,Oriole Park at Camden Yards,110,Baltimore Orioles,BAL,1,False,141,Toronto Blue Jays,TOR,2,True,680694,Kyle Bradish,Kyle,Bradish,38,1996-09-12,29,"6' 3""",215,1,Pitcher,R,Right,R,Right,,,,,,,,,,,,,,,,,,,,,,,,,,
2026-05-28,824834,,/api/v1.1/game/824834/feed/live,R,2026,2026-05-28,,night,P,N,N,Regular Season,1,4,1,Final,Final,2,Oriole Park at Camden Yards,110,Baltimore Orioles,BAL,1,False,141,Toronto Blue Jays,TOR,2,True,605135,Chris Bassitt,Christopher,Bassitt,40,1989-02-22,37,"6' 5""",220,1,Pitcher,R,Right,R,Right,"6.0 IP, ER, 2 K, BB",,,,,,,,,,,,,,,,6.0,1,4,1,2,1,80,0,0,0
2026-05-28,824834,,/api/v1.1/game/824834/feed/live,R,2026,2026-05-28,,night,P,N,N,Regular Season,1,4,1,Final,Final,2,Oriole Park at Camden Yards,110,Baltimore Orioles,BAL,1,False,141,Toronto Blue Jays,TOR,2,True,668939,Adley Rutschman,Adley,Rutschman,35,1998-02-06,28,"6' 1""",230,2,Catcher,S,Switch,R,Right,1-4,,4,1,0,0,0,0,0,0,0,0,0,0,4,1,,,,,,,,,,
2026-05-28,824834,,/api/v1.1/game/824834/feed/live,R,2026,2026-05-28,,night,P,N,N,Regular Season,1,4,1,Final,Final,2,Oriole Park at Camden Yards,110,Baltimore Orioles,BAL,1,False,141,Toronto Blue Jays,TOR,2,True,641933,Tyler O'Neill,Tyler,O'Neill,9,1995-06-22,30,"5' 9""",200,9,Outfielder,R,Right,R,Right,0-2 | K,,2,0,0,0,0,0,0,1,0,0,0,0,2,0,,,,,,,,,,
2026-05-28,824834,,/api/v1.1/game/824834/feed/live,R,2026,2026-05-28,,night,P,N,N,Regular Season,1,4,1,Final,Final,2,Oriole Park at Camden Yards,110,Baltimore Orioles,BAL,1,False,141,Toronto Blue Jays,TOR,2,True,677942,Blaze Alexander,Blaze,Alexander,23,1999-06-11,26,"5' 11""",200,5,Third Base,R,Right,R,Right,"1-3 | 2B, K",,3,1,1,0,0,0,0,1,0,0,0,0,3,2,,,,,,,,,,
2026-05-28,824834,,/api/v1.1/game/824834/feed/live,R,2026,2026-05-28,,night,P,N,N,Regular Season,1,4,1,Final,Final,2,Oriole Park at Camden Yards,110,Baltimore Orioles,BAL,1,False,141,Toronto Blue Jays,TOR,2,True,689296,Anthony Nunez,Anthony,Nunez,66,2001-07-10,24,"6' 2""",220,1,Pitcher,S,Switch,R,Right,"1.0 IP, ER, 2 K, 3 BB",,,,,,,,,,,,,,,,1.0,1,1,0,2,3,24,0,1,0
2026-05-28,824834,,/api/v1.1/game/824834/feed/live,R,2026,2026-05-28,,night,P,N,N,Regular Season,1,4,1,Final,Final,2,Oriole Park at Camden Yards,110,Baltimore Orioles,BAL,1,False,141,Toronto Blue Jays,TOR,2,True,624413,Pete Alonso,Peter,Alonso,25,1994-12-07,31,"6' 3""",245,3,First Base,R,Right,R,Right,1-4 | 2 K,,4,1,0,0,0,0,0,2,0,0,0,0,4,1,,,,,,,,,,
2026-05-28,824834,,/api/v1.1/game/824834/feed/live,R,2026,2026-05-28,,night,P,N,N,Regular Season,1,4,1,Final,Final,2,Oriole Park at Camden Yards,110,Baltimore Orioles,BAL,1,False,141,Toronto Blue Jays,TOR,2,True,702616,Jackson Holliday,Jackson,Holliday,7,2003-12-04,22,"5' 11""",200,4,Second Base,L,Left,R,Right,"1-4 | K, SB",,4,1,0,0,0,0,0,1,0,1,0,0,4,1,,,,,,,,,,
2026-05-28,824834,,/api/v1.1/game/824834/feed/live,R,2026,2026-05-28,,night,P,N,N,Regular Season,1,4,1,Final,Final,2,Oriole Park at Camden Yards,110,Baltimore Orioles,BAL,1,False,141,Toronto Blue Jays,TOR,2,True,552640,Andrew Kittredge,Andrew,Kittredge,39,1990-03-17,36,"6' 1""",235,1,Pitcher,R,Right,R,Right,,,,,,,,,,,,,,,,,,,,,,,,,,
2026-05-28,824834,,/api/v1.1/game/824834/feed/live,R,2026,2026-05-28,,night,P,N,N,Regular Season,1,4,1,Final,Final,2,Oriole Park at Camden Yards,110,Baltimore Orioles,BAL,1,False,141,Toronto Blue Jays,TOR,2,True,664991,Grant Wolfram,Grant,Wolfram,48,1996-12-12,29,"6' 7""",250,1,Pitcher,L,Left,L,Left,"1.0 IP, 0 ER, 0 K, 0 BB",,,,,,,,,,,,,,,,1.0,0,1,0,0,0,17,0,0,0
2026-05-28,824834,,/api/v1.1/game/824834/feed/live,R,2026,2026-05-28,,night,P,N,N,Regular Season,1,4,1,Final,Final,2,Oriole Park at Camden Yards,110,Baltimore Orioles,BAL,1,False,141,Toronto Blue Jays,TOR,2,True,666974,Yennier Cano,Yennier,Cano,78,1994-03-09,32,"6' 4""",245,1,Pitcher,R,Right,R,Right,,,,,,,,,,,,,,,,,,,,,,,,,,
2026-05-28,824834,,/api/v1.1/game/824834/feed/live,R,2026,2026-05-28,,night,P,N,N,Regular Season,1,4,1,Final,Final,2,Oriole Park at Camden Yards,110,Baltimore Orioles,BAL,1,False,141,Toronto Blue Jays,TOR,2,True,681297,Colton Cowser,Colton,Cowser,17,2000-03-20,26,"6' 3""",220,8,Outfielder,L,Left,R,Right,0-2,,2,0,0,0,0,0,0,0,0,0,0,0,2,0,,,,,,,,,,
2026-05-28,824834,,/api/v1.1/game/824834/feed/live,R,2026,2026-05-28,,night,P,N,N,Regular Season,1,4,1,Final,Final,2,Oriole Park at Camden Yards,110,Baltimore Orioles,BAL,1,False,141,Toronto Blue Jays,TOR,2,True,691723,Coby Mayo,Coby,Mayo,16,2001-12-10,24,"6' 5""",225,5,Third Base,R,Right,R,Right,"1-2 | HR, K, RBI",,2,1,0,0,1,1,1,1,0,0,0,0,2,4,,,,,,,,,,
2026-05-28,824834,,/api/v1.1/game/824834/feed/live,R,2026,2026-05-28,,night,P,N,N,Regular Season,1,4,1,Final,Final,2,Oriole Park at Camden Yards,110,Baltimore Orioles,BAL,1,False,141,Toronto Blue Jays,TOR,2,True,693686,Spencer Miles,Spencer,Miles,62,2000-07-26,25,"6' 3""",180,1,Pitcher,L,Left,R,Right,,,,,,,,,,,,,,,,,,,,,,,,,,
2026-05-28,824834,,/api/v1.1/game/824834/feed/live,R,2026,2026-05-28,,night,P,N,N,Regular Season,1,4,1,Final,Final,2,Oriole Park at Camden Yards,110,Baltimore Orioles,BAL,1,False,141,Toronto Blue Jays,TOR,2,True,671936,Adam Macko,Adam,Macko,64,2000-12-30,25,"6' 0""",170,1,Pitcher,L,Left,L,Left,,,,,,,,,,,,,,,,,,,,,,,,,,
2026-05-28,824834,,/api/v1.1/game/824834/feed/live,R,2026,2026-05-28,,night,P,N,N,Regular Season,1,4,1,Final,Final,2,Oriole Park at Camden Yards,110,Baltimore Orioles,BAL,1,False,141,Toronto Blue Jays,TOR,2,True,686973,Louis Varland,Louis,Varland,77,1997-12-09,28,"6' 1""",205,1,Pitcher,L,Left,R,Right,"1.1 IP, 0 ER, 0 K, 0 BB",,,,,,,,,,,,,,,,1.1,0,1,0,0,0,13,0,0,1
2026-05-28,824834,,/api/v1.1/game/824834/feed/live,R,2026,2026-05-28,,night,P,N,N,Regular Season,1,4,1,Final,Final,2,Oriole Park at Camden Yards,110,Baltimore Orioles,BAL,1,False,141,Toronto Blue Jays,TOR,2,True,676391,Ernie Clement,Ernie,Clement,22,1996-03-22,30,"6' 0""",170,4,Second Base,R,Right,R,Right,"1-4 | 2B, K",,4,1,1,0,0,0,0,1,0,0,0,0,4,2,,,,,,,,,,
2026-05-28,824834,,/api/v1.1/game/824834/feed/live,R,2026,2026-05-28,,night,P,N,N,Regular Season,1,4,1,Final,Final,2,Oriole Park at Camden Yards,110,Baltimore Orioles,BAL,1,False,141,Toronto Blue Jays,TOR,2,True,662139,Daulton Varsho,Daulton,Varsho,5,1996-07-02,29,"5' 8""",207,8,Outfielder,L,Left,R,Right,0-3 | BB,,3,0,0,0,0,0,0,0,1,0,0,0,4,0,,,,,,,,,,
2026-05-28,824834,,/api/v1.1/game/824834/feed/live,R,2026,2026-05-28,,night,P,N,N,Regular Season,1,4,1,Final,Final,2,Oriole Park at Camden Yards,110,Baltimore Orioles,BAL,1,False,141,Toronto Blue Jays,TOR,2,True,807727,Charles McAdoo,Charles,McAdoo,26,2002-03-06,24,"6' 0""",210,4,Second Base,R,Right,R,Right,,,,,,,,,,,,,,,,,,,,,,,,,,
2026-05-28,824834,,/api/v1.1/game/824834/feed/live,R,2026,2026-05-28,,night,P,N,N,Regular Season,1,4,1,Final,Final,2,Oriole Park at Camden Yards,110,Baltimore Orioles,BAL,1,False,141,Toronto Blue Jays,TOR,2,True,608723,Austin Voth,Austin,Voth,58,1992-06-26,33,"6' 2""",215,1,Pitcher,R,Right,R,Right,,,,,,,,,,,,,,,,,,,,,,,,,,
2026-05-28,824834,,/api/v1.1/game/824834/feed/live,R,2026,2026-05-28,,night,P,N,N,Regular Season,1,4,1,Final,Final,2,Oriole Park at Camden Yards,110,Baltimore Orioles,BAL,1,False,141,Toronto Blue Jays,TOR,2,True,665926,Andrés Giménez,Andrés,Giménez,0,1998-09-04,27,"5' 11""",161,6,Shortstop,L,Left,R,Right,"1-4 | HR, K, RBI",,4,1,0,0,1,1,1,1,0,0,0,0,4,4,,,,,,,,,,
2026-05-28,824834,,/api/v1.1/game/824834/feed/live,R,2026,2026-05-28,,night,P,N,N,Regular Season,1,4,1,Final,Final,2,Oriole Park at Camden Yards,110,Baltimore Orioles,BAL,1,False,141,Toronto Blue Jays,TOR,2,True,592332,Kevin Gausman,Kevin,Gausman,34,1991-01-06,35,"6' 2""",205,1,Pitcher,L,Left,R,Right,,,,,,,,,,,,,,,,,,,,,,,,,,
2026-05-28,824834,,/api/v1.1/game/824834/feed/live,R,2026,2026-05-28,,night,P,N,N,Regular Season,1,4,1,Final,Final,2,Oriole Park at Camden Yards,110,Baltimore Orioles,BAL,1,False,141,Toronto Blue Jays,TOR,2,True,678218,Brandon Valenzuela,Brandon,Valenzuela,59,2000-10-02,25,"6' 0""",225,2,Catcher,S,Switch,R,Right,0-2 | 2 BB,,2,0,0,0,0,0,0,0,2,0,0,0,4,0,,,,,,,,,,
2026-05-28,824834,,/api/v1.1/game/824834/feed/live,R,2026,2026-05-28,,night,P,N,N,Regular Season,1,4,1,Final,Final,2,Oriole Park at Camden Yards,110,Baltimore Orioles,BAL,1,False,141,Toronto Blue Jays,TOR,2,True,656546,Jeff Hoffman,Jeffrey,Hoffman,23,1993-01-08,33,"6' 5""",235,1,Pitcher,R,Right,R,Right,"1.0 IP, 0 ER, 2 K, 0 BB",,,,,,,,,,,,,,,,1.0,0,1,0,2,0,21,1,0,0
2026-05-28,824834,,/api/v1.1/game/824834/feed/live,R,2026,2026-05-28,,night,P,N,N,Regular Season,1,4,1,Final,Final,2,Oriole Park at Camden Yards,110,Baltimore Orioles,BAL,1,False,141,Toronto Blue Jays,TOR,2,True,657756,Connor Seabold,Connor,Seabold,40,1996-01-24,30,"6' 2""",190,1,Pitcher,R,Right,R,Right,,,,,,,,,,,,,,,,,,,,,,,,,,
2026-05-28,824834,,/api/v1.1/game/824834/feed/live,R,2026,2026-05-28,,night,P,N,N,Regular Season,1,4,1,Final,Final,2,Oriole Park at Camden Yards,110,Baltimore Orioles,BAL,1,False,141,Toronto Blue Jays,TOR,2,True,702056,Trey Yesavage,Trey,Yesavage,39,2003-07-28,22,"6' 4""",225,1,Pitcher,R,Right,R,Right,,,,,,,,,,,,,,,,,,,,,,,,,,
2026-05-28,824834,,/api/v1.1/game/824834/feed/live,R,2026,2026-05-28,,night,P,N,N,Regular Season,1,4,1,Final,Final,2,Oriole Park at Camden Yards,110,Baltimore Orioles,BAL,1,False,141,Toronto Blue Jays,TOR,2,True,664770,Nathan Lukes,Nathan,Lukes,38,1994-07-12,31,"5' 11""",180,9,Outfielder,L,Left,R,Right,1-3,,3,1,0,0,0,0,0,0,0,0,0,0,4,1,,,,,,,,,,
2026-05-28,824834,,/api/v1.1/game/824834/feed/live,R,2026,2026-05-28,,night,P,N,N,Regular Season,1,4,1,Final,Final,2,Oriole Park at Camden Yards,110,Baltimore Orioles,BAL,1,False,141,Toronto Blue Jays,TOR,2,True,543807,George Springer,George,Springer,4,1989-09-19,36,"6' 1""",220,10,Designated Hitter,R,Right,R,Right,"1-5 | 2B, K, R",,5,1,1,0,0,0,1,1,0,0,0,1,5,2,,,,,,,,,,
2026-05-28,824834,,/api/v1.1/game/824834/feed/live,R,2026,2026-05-28,,night,P,N,N,Regular Season,1,4,1,Final,Final,2,Oriole Park at Camden Yards,110,Baltimore Orioles,BAL,1,False,141,Toronto Blue Jays,TOR,2,True,682818,Yohendrick Piñango,Yohendrick,Pinango,24,2002-05-07,24,"5' 10""",170,7,Outfielder,L,Left,L,Left,"0-0 | BB, RBI",,0,0,0,0,0,1,0,0,1,0,0,0,1,0,,,,,,,,,,
2026-05-28,824834,,/api/v1.1/game/824834/feed/live,R,2026,2026-05-28,,night,P,N,N,Regular Season,1,4,1,Final,Final,2,Oriole Park at Camden Yards,110,Baltimore Orioles,BAL,1,False,141,Toronto Blue Jays,TOR,2,True,689254,Mason Fluharty,Mason,Fluharty,68,2001-08-13,24,"6' 2""",215,1,Pitcher,R,Right,L,Left,,,,,,,,,,,,,,,,,,,,,,,,,,
2026-05-28,824834,,/api/v1.1/game/824834/feed/live,R,2026,2026-05-28,,night,P,N,N,Regular Season,1,4,1,Final,Final,2,Oriole Park at Camden Yards,110,Baltimore Orioles,BAL,1,False,141,Toronto Blue Jays,TOR,2,True,684320,Yariel Rodríguez,Yariel,Rodriguez,29,1997-03-10,29,"6' 0""",165,1,Pitcher,R,Right,R,Right,,,,,,,,,,,,,,,,,,,,,,,,,,
2026-05-28,824834,,/api/v1.1/game/824834/feed/live,R,2026,2026-05-28,,night,P,N,N,Regular Season,1,4,1,Final,Final,2,Oriole Park at Camden Yards,110,Baltimore Orioles,BAL,1,False,141,Toronto Blue Jays,TOR,2,True,680755,Braydon Fisher,Braydon,Fisher,63,2000-07-26,25,"6' 4""",180,1,Pitcher,R,Right,R,Right,"1.0 IP, 0 ER, K, 0 BB",,,,,,,,,,,,,,,,1.0,0,0,0,1,0,6,0,0,0
2026-05-28,824834,,/api/v1.1/game/824834/feed/live,R,2026,2026-05-28,,night,P,N,N,Regular Season,1,4,1,Final,Final,2,Oriole Park at Camden Yards,110,Baltimore Orioles,BAL,1,False,141,Toronto Blue Jays,TOR,2,True,623168,Tyler Heineman,Tyler,Heineman,55,1991-06-19,34,"5' 10""",190,2,Catcher,S,Switch,R,Right,,,,,,,,,,,,,,,,,,,,,,,,,,
2026-05-28,824834,,/api/v1.1/game/824834/feed/live,R,2026,2026-05-28,,night,P,N,N,Regular Season,1,4,1,Final,Final,2,Oriole Park at Camden Yards,110,Baltimore Orioles,BAL,1,False,141,Toronto Blue Jays,TOR,2,True,643511,Tyler Rogers,Tyler,Rogers,71,1990-12-17,35,"6' 3""",180,1,Pitcher,R,Right,R,Right,"0.2 IP, 0 ER, K, 0 BB",,,,,,,,,,,,,,,,0.2,0,2,0,1,0,20,0,0,0
2026-05-28,824834,,/api/v1.1/game/824834/feed/live,R,2026,2026-05-28,,night,P,N,N,Regular Season,1,4,1,Final,Final,2,Oriole Park at Camden Yards,110,Baltimore Orioles,BAL,1,False,141,Toronto Blue Jays,TOR,2,True,665489,Vladimir Guerrero Jr.,Vladimir,Guerrero,27,1999-03-16,27,"6' 0""",245,3,First Base,R,Right,R,Right,0-3 | BB,,3,0,0,0,0,0,0,0,1,0,0,0,4,0,,,,,,,,,,
2026-05-28,824834,,/api/v1.1/game/824834/feed/live,R,2026,2026-05-28,,night,P,N,N,Regular Season,1,4,1,Final,Final,2,Oriole Park at Camden Yards,110,Baltimore Orioles,BAL,1,False,141,Toronto Blue Jays,TOR,2,True,571578,Patrick Corbin,Patrick,Corbin,46,1989-07-19,36,"6' 4""",225,1,Pitcher,L,Left,L,Left,"5.0 IP, ER, 4 K, BB",,,,,,,,,,,,,,,,5.0,1,4,1,4,1,80,0,0,0
2026-05-28,824834,,/api/v1.1/game/824834/feed/live,R,2026,2026-05-28,,night,P,N,N,Regular Season,1,4,1,Final,Final,2,Oriole Park at Camden Yards,110,Baltimore Orioles,BAL,1,False,141,Toronto Blue Jays,TOR,2,True,660821,Jesús Sánchez,Jesús,Sánchez,12,1997-10-07,28,"6' 3""",222,9,Outfielder,L,Left,R,Right,"1-2 | K, CS",,2,1,0,0,0,0,0,1,0,0,1,0,2,1,,,,,,,,,,
2026-05-28,824834,,/api/v1.1/game/824834/feed/live,R,2026,2026-05-28,,night,P,N,N,Regular Season,1,4,1,Final,Final,2,Oriole Park at Camden Yards,110,Baltimore Orioles,BAL,1,False,141,Toronto Blue Jays,TOR,2,True,664702,Myles Straw,Myles,Straw,3,1994-10-17,31,"5' 9""",178,9,Outfielder,R,Right,R,Right,1-1,,1,1,0,0,0,0,0,0,0,0,0,0,1,1,,,,,,,,,,
2026-05-28,824834,,/api/v1.1/game/824834/feed/live,R,2026,2026-05-28,,night,P,N,N,Regular Season,1,4,1,Final,Final,2,Oriole Park at Camden Yards,110,Baltimore Orioles,BAL,1,False,141,Toronto Blue Jays,TOR,2,True,672960,Kazuma Okamoto,Kazuma,Okamoto,7,1996-06-30,29,"6' 1""",220,5,Third Base,R,Right,R,Right,"0-3 | HBP, K",,3,0,0,0,0,0,0,1,0,0,0,0,4,0,,,,,,,,,,
2026-05-28,823378,,/api/v1.1/game/823378/feed/live,R,2026,2026-05-28,,night,P,N,N,Regular Season,4,4,1,Final,Final,31,PNC Park,134,Pittsburgh Pirates,PIT,2,False,112,Chicago Cubs,CHC,7,True,694973,Paul Skenes,Paul,Skenes,30,2002-05-29,24,"6' 6""",260,1,Pitcher,R,Right,R,Right,"5.1 IP, ER, 10 K, 3 BB",,,,,,,,,,,,,,,,5.1,1,4,0,10,3,103,0,1,0
2026-05-28,823378,,/api/v1.1/game/823378/feed/live,R,2026,2026-05-28,,night,P,N,N,Regular Season,4,4,1,Final,Final,31,PNC Park,134,Pittsburgh Pirates,PIT,2,False,112,Chicago Cubs,CHC,7,True,687462,Spencer Horwitz,Spencer,Horwitz,2,1997-11-14,28,"5' 10""",204,3,First Base,L,Left,R,Right,0-3 | 2 BB,,3,0,0,0,0,0,0,0,2,0,0,0,5,0,,,,,,,,,,
2026-05-28,823378,,/api/v1.1/game/823378/feed/live,R,2026,2026-05-28,,night,P,N,N,Regular Season,4,4,1,Final,Final,31,PNC Park,134,Pittsburgh Pirates,PIT,2,False,112,Chicago Cubs,CHC,7,True,664040,Brandon Lowe,Brandon,Lowe,5,1994-07-06,31,"5' 9""",181,4,Second Base,L,Left,R,Right,"0-3 | HBP, 3 K",,3,0,0,0,0,0,0,3,0,0,0,0,4,0,,,,,,,,,,
2026-05-28,823378,,/api/v1.1/game/823378/feed/live,R,2026,2026-05-28,,night,P,N,N,Regular Season,4,4,1,Final,Final,31,PNC Park,134,Pittsburgh Pirates,PIT,2,False,112,Chicago Cubs,CHC,7,True,682848,Endy Rodríguez,Endy,Rodríguez,13,2000-05-26,26,"6' 0""",207,2,Catcher,S,Switch,R,Right,,,,,,,,,,,,,,,,,,,,,,,,,,
2026-05-28,823378,,/api/v1.1/game/823378/feed/live,R,2026,2026-05-28,,night,P,N,N,Regular Season,4,4,1,Final,Final,31,PNC Park,134,Pittsburgh Pirates,PIT,2,False,112,Chicago Cubs,CHC,7,True,668804,Bryan Reynolds,Bryan,Reynolds,10,1995-01-27,31,"6' 2""",210,7,Outfielder,S,Switch,R,Right,"2-3 | HR, 2B, BB",,3,2,1,0,1,1,1,0,1,0,0,0,4,6,,,,,,,,,,
2026-05-28,823378,,/api/v1.1/game/823378/feed/live,R,2026,2026-05-28,,night,P,N,N,Regular Season,4,4,1,Final,Final,31,PNC Park,134,Pittsburgh Pirates,PIT,2,False,112,Chicago Cubs,CHC,7,True,665833,Oneil Cruz,Oneil,Cruz,15,1998-10-04,27,"6' 7""",248,8,Outfielder,L,Left,R,Right,"0-3 | BB, K",,3,0,0,0,0,0,0,1,1,0,0,0,4,0,,,,,,,,,,
2026-05-28,823378,,/api/v1.1/game/823378/feed/live,R,2026,2026-05-28,,night,P,N,N,Regular Season,4,4,1,Final,Final,31,PNC Park,134,Pittsburgh Pirates,PIT,2,False,112,Chicago Cubs,CHC,7,True,681895,Evan Sisk,Samuel,Sisk,48,1997-04-23,29,"6' 2""",214,1,Pitcher,L,Left,L,Left,,,,,,,,,,,,,,,,,,,,,,,,,,
2026-05-28,823378,,/api/v1.1/game/823378/feed/live,R,2026,2026-05-28,,night,P,N,N,Regular Season,4,4,1,Final,Final,31,PNC Park,134,Pittsburgh Pirates,PIT,2,False,112,Chicago Cubs,CHC,7,True,642397,Gregory Soto,Gregory,Soto,31,1995-02-11,31,"6' 1""",247,1,Pitcher,L,Left,L,Left,,,,,,,,,,,,,,,,,,,,,,,,,,
2026-05-28,823378,,/api/v1.1/game/823378/feed/live,R,2026,2026-05-28,,night,P,N,N,Regular Season,4,4,1,Final,Final,31,PNC Park,134,Pittsburgh Pirates,PIT,2,False,112,Chicago Cubs,CHC,7,True,682254,Mason Montgomery,Mason,Montgomery,46,2000-06-17,25,"6' 2""",205,1,Pitcher,L,Left,L,Left,"1.2 IP, 0 ER, 2 K, 0 BB",,,,,,,,,,,,,,,,1.2,0,0,0,2,0,27,0,0,0
2026-05-28,823378,,/api/v1.1/game/823378/feed/live,R,2026,2026-05-28,,night,P,N,N,Regular Season,4,4,1,Final,Final,31,PNC Park,134,Pittsburgh Pirates,PIT,2,False,112,Chicago Cubs,CHC,7,True,669707,Jared Triolo,Jared,Triolo,19,1998-02-08,28,"6' 3""",212,5,Third Base,R,Right,R,Right,1-4 | K,,4,1,0,0,0,0,0,1,0,0,0,0,4,1,,,,,,,,,,
2026-05-28,823378,,/api/v1.1/game/823378/feed/live,R,2026,2026-05-28,,night,P,N,N,Regular Season,4,4,1,Final,Final,31,PNC Park,134,Pittsburgh Pirates,PIT,2,False,112,Chicago Cubs,CHC,7,True,663968,Jake Mangum,Jake,Mangum,28,1996-03-08,30,"5' 11""",191,7,Outfielder,S,Switch,L,Left,"1-4 | K, CS",,4,1,0,0,0,0,0,1,0,0,1,0,4,1,,,,,,,,,,
2026-05-28,823378,,/api/v1.1/game/823378/feed/live,R,2026,2026-05-28,,night,P,N,N,Regular Season,4,4,1,Final,Final,31,PNC Park,134,Pittsburgh Pirates,PIT,2,False,112,Chicago Cubs,CHC,7,True,656605,Mitch Keller,Mitch,Keller,23,1996-04-04,30,"6' 3""",213,1,Pitcher,R,Right,R,Right,,,,,,,,,,,,,,,,,,,,,,,,,,
2026-05-28,823378,,/api/v1.1/game/823378/feed/live,R,2026,2026-05-28,,night,P,N,N,Regular Season,4,4,1,Final,Final,31,PNC Park,134,Pittsburgh Pirates,PIT,2,False,112,Chicago Cubs,CHC,7,True,670990,Yohan Ramírez,Yohan,Ramírez,49,1995-05-06,31,"6' 3""",205,1,Pitcher,R,Right,R,Right,"1.0 IP, ER, K, BB",,,,,,,,,,,,,,,,1.0,1,1,0,1,1,20,0,0,0
2026-05-28,823378,,/api/v1.1/game/823378/feed/live,R,2026,2026-05-28,,night,P,N,N,Regular Season,4,4,1,Final,Final,31,PNC Park,134,Pittsburgh Pirates,PIT,2,False,112,Chicago Cubs,CHC,7,True,691373,Jhostynxon Garcia,Jhostynxon,Garcia,34,2002-12-11,23,"6' 0""",224,9,Outfielder,R,Right,R,Right,"1-4 | K, R",,4,1,0,0,0,0,1,1,0,0,0,0,4,1,,,,,,,,,,
2026-05-28,823378,,/api/v1.1/game/823378/feed/live,R,2026,2026-05-28,,night,P,N,N,Regular Season,4,4,1,Final,Final,31,PNC Park,134,Pittsburgh Pirates,PIT,2,False,112,Chicago Cubs,CHC,7,True,696149,Bubba Chandler,Roy,Chandler,36,2002-09-14,23,"6' 3""",206,1,Pitcher,S,Switch,R,Right,,,,,,,,,,,,,,,,,,,,,,,,,,
2026-05-28,823378,,/api/v1.1/game/823378/feed/live,R,2026,2026-05-28,,night,P,N,N,Regular Season,4,4,1,Final,Final,31,PNC Park,134,Pittsburgh Pirates,PIT,2,False,112,Chicago Cubs,CHC,7,True,669387,Carmen Mlodzinski,Carmen,Mlodzinski,50,1999-02-19,27,"6' 2""",210,1,Pitcher,R,Right,R,Right,,,,,,,,,,,,,,,,,,,,,,,,,,
2026-05-28,823378,,/api/v1.1/game/823378/feed/live,R,2026,2026-05-28,,night,P,N,N,Regular Season,4,4,1,Final,Final,31,PNC Park,134,Pittsburgh Pirates,PIT,2,False,112,Chicago Cubs,CHC,7,True,642701,Dennis Santana,Dennis,Santana,60,1996-04-12,30,"6' 2""",202,1,Pitcher,R,Right,R,Right,,,,,,,,,,,,,,,,,,,,,,,,,,
2026-05-28,823378,,/api/v1.1/game/823378/feed/live,R,2026,2026-05-28,,night,P,N,N,Regular Season,4,4,1,Final,Final,31,PNC Park,134,Pittsburgh Pirates,PIT,2,False,112,Chicago Cubs,CHC,7,True,680779,Henry Davis,Henry,Davis,32,1999-09-21,26,"5' 11""",225,2,Catcher,R,Right,R,Right,0-4 | K,,4,0,0,0,0,0,0,1,0,0,0,1,4,0,,,,,,,,,,
2026-05-28,823378,,/api/v1.1/game/823378/feed/live,R,2026,2026-05-28,,night,P,N,N,Regular Season,4,4,1,Final,Final,31,PNC Park,134,Pittsburgh Pirates,PIT,2,False,112,Chicago Cubs,CHC,7,True,664875,Justin Lawrence,Justin,Lawrence,61,1994-11-25,31,"6' 3""",211,1,Pitcher,R,Right,R,Right,,,,,,,,,,,,,,,,,,,,,,,,,,
2026-05-28,823378,,/api/v1.1/game/823378/feed/live,R,2026,2026-05-28,,night,P,N,N,Regular Season,4,4,1,Final,Final,31,PNC Park,134,Pittsburgh Pirates,PIT,2,False,112,Chicago Cubs,CHC,7,True,696062,Wilber Dotel,Wilber,Dotel,66,2002-09-25,23,"6' 3""",238,1,Pitcher,R,Right,R,Right,,,,,,,,,,,,,,,,,,,,,,,,,,
2026-05-28,823378,,/api/v1.1/game/823378/feed/live,R,2026,2026-05-28,,night,P,N,N,Regular Season,4,4,1,Final,Final,31,PNC Park,134,Pittsburgh Pirates,PIT,2,False,112,Chicago Cubs,CHC,7,True,682997,Tyler Callihan,Tyler,Callihan,37,2000-06-22,25,"5' 11""",205,7,Outfielder,L,Left,R,Right,"1-2 | 2B, BB, RBI",,2,1,1,0,0,1,0,0,1,0,0,0,3,2,,,,,,,,,,
2026-05-28,823378,,/api/v1.1/game/823378/feed/live,R,2026,2026-05-28,,night,P,N,N,Regular Season,4,4,1,Final,Final,31,PNC Park,134,Pittsburgh Pirates,PIT,2,False,112,Chicago Cubs,CHC,7,True,684049,Brandan Bidois,Brandan,Bidois,77,2001-06-21,24,"6' 2""",174,1,Pitcher,R,Right,R,Right,"1.0 IP, 2 ER, K, 2 BB",,,,,,,,,,,,,,,,1.0,2,3,1,1,2,31,0,0,0
2026-05-28,823378,,/api/v1.1/game/823378/feed/live,R,2026,2026-05-28,,night,P,N,N,Regular Season,4,4,1,Final,Final,31,PNC Park,134,Pittsburgh Pirates,PIT,2,False,112,Chicago Cubs,CHC,7,True,804606,Konnor Griffin,Konnor,Griffin,6,2006-04-24,20,"6' 3""",222,6,Shortstop,R,Right,R,Right,,,,,,,,,,,,,,,,,,,,,,,,,,
2026-05-28,823378,,/api/v1.1/game/823378/feed/live,R,2026,2026-05-28,,night,P,N,N,Regular Season,4,4,1,Final,Final,31,PNC Park,134,Pittsburgh Pirates,PIT,2,False,112,Chicago Cubs,CHC,7,True,693304,Nick Gonzales,Nicholas,Gonzales,3,1999-05-27,27,"5' 8""",193,5,Third Base,R,Right,R,Right,0-1,,1,0,0,0,0,0,0,0,0,0,0,0,1,0,,,,,,,,,,
2026-05-28,823378,,/api/v1.1/game/823378/feed/live,R,2026,2026-05-28,,night,P,N,N,Regular Season,4,4,1,Final,Final,31,PNC Park,134,Pittsburgh Pirates,PIT,2,False,112,Chicago Cubs,CHC,7,True,542303,Marcell Ozuna,Marcell,Ozuna,24,1990-11-12,35,"6' 1""",251,10,Designated Hitter,R,Right,R,Right,,,,,,,,,,,,,,,,,,,,,,,,,,
2026-05-28,823378,,/api/v1.1/game/823378/feed/live,R,2026,2026-05-28,,night,P,N,N,Regular Season,4,4,1,Final,Final,31,PNC Park,134,Pittsburgh Pirates,PIT,2,False,112,Chicago Cubs,CHC,7,True,677952,Braxton Ashcraft,Braxton,Ashcraft,35,1999-10-05,26,"6' 5""",218,1,Pitcher,L,Left,R,Right,,,,,,,,,,,,,,,,,,,,,,,,,,
2026-05-28,823378,,/api/v1.1/game/823378/feed/live,R,2026,2026-05-28,,night,P,N,N,Regular Season,4,4,1,Final,Final,31,PNC Park,134,Pittsburgh Pirates,PIT,2,False,112,Chicago Cubs,CHC,7,True,694037,Daniel Palencia,Daniel,Palencia,48,2000-02-05,26,"5' 11""",160,1,Pitcher,R,Right,R,Right,,,,,,,,,,,,,,,,,,,,,,,,,,
2026-05-28,823378,,/api/v1.1/game/823378/feed/live,R,2026,2026-05-28,,night,P,N,N,Regular Season,4,4,1,Final,Final,31,PNC Park,134,Pittsburgh Pirates,PIT,2,False,112,Chicago Cubs,CHC,7,True,696136,Jordan Wicks,Jordan,Wicks,36,1999-09-01,26,"6' 3""",220,1,Pitcher,L,Left,L,Left,,,,,,,,,,,,,,,,,,,,,,,,,,
2026-05-28,823378,,/api/v1.1/game/823378/feed/live,R,2026,2026-05-28,,night,P,N,N,Regular Season,4,4,1,Final,Final,31,PNC Park,134,Pittsburgh Pirates,PIT,2,False,112,Chicago Cubs,CHC,7,True,624424,Michael Conforto,Michael,Conforto,20,1993-03-01,33,"5' 11""",215,9,Outfielder,L,Left,R,Right,0-0 | BB,,0,0,0,0,0,0,0,0,1,0,0,0,1,0,,,,,,,,,,
2026-05-28,823378,,/api/v1.1/game/823378/feed/live,R,2026,2026-05-28,,night,P,N,N,Regular Season,4,4,1,Final,Final,31,PNC Park,134,Pittsburgh Pirates,PIT,2,False,112,Chicago Cubs,CHC,7,True,571948,Hoby Milner,Hoby,Milner,41,1991-01-13,35,"6' 3""",187,1,Pitcher,L,Left,L,Left,"0.2 IP, 0 ER, K, 0 BB",,,,,,,,,,,,,,,,0.2,0,1,0,1,0,21,0,0,0
2026-05-28,823378,,/api/v1.1/game/823378/feed/live,R,2026,2026-05-28,,night,P,N,N,Regular Season,4,4,1,Final,Final,31,PNC Park,134,Pittsburgh Pirates,PIT,2,False,112,Chicago Cubs,CHC,7,True,664023,Ian Happ,Ian,Happ,8,1994-08-12,31,"5' 10""",205,7,Outfielder,S,Switch,R,Right,"3-5 | HR, K, 2 RBI",,5,3,0,0,1,2,1,1,0,0,0,0,5,6,,,,,,,,,,
2026-05-28,823378,,/api/v1.1/game/823378/feed/live,R,2026,2026-05-28,,night,P,N,N,Regular Season,4,4,1,Final,Final,31,PNC Park,134,Pittsburgh Pirates,PIT,2,False,112,Chicago Cubs,CHC,7,True,681799,Ethan Roberts,Ethan,Roberts,39,1997-07-04,28,"5' 10""",180,1,Pitcher,R,Right,R,Right,,,,,,,,,,,,,,,,,,,,,,,,,,
2026-05-28,823378,,/api/v1.1/game/823378/feed/live,R,2026,2026-05-28,,night,P,N,N,Regular Season,4,4,1,Final,Final,31,PNC Park,134,Pittsburgh Pirates,PIT,2,False,112,Chicago Cubs,CHC,7,True,573204,Caleb Thielbar,Caleb,Thielbar,24,1987-01-31,39,"6' 0""",205,1,Pitcher,R,Right,L,Left,"1.0 IP, 0 ER, 2 K, 2 BB",,,,,,,,,,,,,,,,1.0,0,0,0,2,2,27,0,0,0
2026-05-28,823378,,/api/v1.1/game/823378/feed/live,R,2026,2026-05-28,,night,P,N,N,Regular Season,4,4,1,Final,Final,31,PNC Park,134,Pittsburgh Pirates,PIT,2,False,112,Chicago Cubs,CHC,7,True,684007,Shota Imanaga,Shota,Imanaga,18,1993-09-01,32,"5' 10""",175,1,Pitcher,L,Left,L,Left,,,,,,,,,,,,,,,,,,,,,,,,,,
2026-05-28,823378,,/api/v1.1/game/823378/feed/live,R,2026,2026-05-28,,night,P,N,N,Regular Season,4,4,1,Final,Final,31,PNC Park,134,Pittsburgh Pirates,PIT,2,False,112,Chicago Cubs,CHC,7,True,608324,Alex Bregman,Alexander,Bregman,3,1994-03-30,32,"5' 10""",190,5,Third Base,R,Right,R,Right,"1-5 | K, RBI, 2 R",,5,1,0,0,0,1,2,1,0,0,0,0,5,1,,,,,,,,,,
2026-05-28,823378,,/api/v1.1/game/823378/feed/live,R,2026,2026-05-28,,night,P,N,N,Regular Season,4,4,1,Final,Final,31,PNC Park,134,Pittsburgh Pirates,PIT,2,False,112,Chicago Cubs,CHC,7,True,699393,Pedro Ramírez,Pedro,Ramírez,75,2004-04-01,22,"5' 9""",165,4,Second Base,S,Switch,R,Right,,,,,,,,,,,,,,,,,,,,,,,,,,
2026-05-28,823378,,/api/v1.1/game/823378/feed/live,R,2026,2026-05-28,,night,P,N,N,Regular Season,4,4,1,Final,Final,31,PNC Park,134,Pittsburgh Pirates,PIT,2,False,112,Chicago Cubs,CHC,7,True,683737,Michael Busch,Michael,Busch,29,1997-11-09,28,"5' 11""",210,3,First Base,L,Left,R,Right,"0-3 | 2 BB, 2 K, 2 R",,3,0,0,0,0,0,2,2,2,0,0,0,5,0,,,,,,,,,,
2026-05-28,823378,,/api/v1.1/game/823378/feed/live,R,2026,2026-05-28,,night,P,N,N,Regular Season,4,4,1,Final,Final,31,PNC Park,134,Pittsburgh Pirates,PIT,2,False,112,Chicago Cubs,CHC,7,True,608348,Carson Kelly,Carson,Kelly,15,1994-07-14,31,"6' 1""",212,2,Catcher,R,Right,R,Right,,,,,,,,,,,,,,,,,,,,,,,,,,
2026-05-28,823378,,/api/v1.1/game/823378/feed/live,R,2026,2026-05-28,,night,P,N,N,Regular Season,4,4,1,Final,Final,31,PNC Park,134,Pittsburgh Pirates,PIT,2,False,112,Chicago Cubs,CHC,7,True,592791,Jameson Taillon,Jameson,Taillon,50,1991-11-18,34,"6' 5""",230,1,Pitcher,R,Right,R,Right,,,,,,,,,,,,,,,,,,,,,,,,,,
2026-05-28,823378,,/api/v1.1/game/823378/feed/live,R,2026,2026-05-28,,night,P,N,N,Regular Season,4,4,1,Final,Final,31,PNC Park,134,Pittsburgh Pirates,PIT,2,False,112,Chicago Cubs,CHC,7,True,691718,Pete Crow-Armstrong,Pete,Crow-Armstrong,4,2002-03-25,24,"6' 0""",184,8,Outfielder,L,Left,L,Left,"1-4 | BB, 2 K, R",,4,1,0,0,0,0,1,2,1,0,0,0,5,1,,,,,,,,,,
2026-05-28,823378,,/api/v1.1/game/823378/feed/live,R,2026,2026-05-28,,night,P,N,N,Regular Season,4,4,1,Final,Final,31,PNC Park,134,Pittsburgh Pirates,PIT,2,False,112,Chicago Cubs,CHC,7,True,657097,Jacob Webb,Jacob,Webb,71,1993-08-15,32,"6' 2""",210,1,Pitcher,R,Right,R,Right,,,,,,,,,,,,,,,,,,,,,,,,,,
2026-05-28,823378,,/api/v1.1/game/823378/feed/live,R,2026,2026-05-28,,night,P,N,N,Regular Season,4,4,1,Final,Final,31,PNC Park,134,Pittsburgh Pirates,PIT,2,False,112,Chicago Cubs,CHC,7,True,665804,Miguel Amaya,Miguel,Amaya,9,1999-03-09,27,"6' 1""",230,2,Catcher,R,Right,R,Right,"0-3 | BB, 2 K",,3,0,0,0,0,0,0,2,1,0,0,0,4,0,,,,,,,,,,
2026-05-28,823378,,/api/v1.1/game/823378/feed/live,R,2026,2026-05-28,,night,P,N,N,Regular Season,4,4,1,Final,Final,31,PNC Park,134,Pittsburgh Pirates,PIT,2,False,112,Chicago Cubs,CHC,7,True,694208,Moisés Ballesteros,Moisés,Ballesteros,25,2003-11-08,22,"5' 8""",195,10,Designated Hitter,L,Left,R,Right,0-2 | K,,2,0,0,0,0,0,0,1,0,0,0,0,2,0,,,,,,,,,,
2026-05-28,823378,,/api/v1.1/game/823378/feed/live,R,2026,2026-05-28,,night,P,N,N,Regular Season,4,4,1,Final,Final,31,PNC Park,134,Pittsburgh Pirates,PIT,2,False,112,Chicago Cubs,CHC,7,True,673548,Seiya Suzuki,Seiya,Suzuki,27,1994-08-18,31,"5' 11""",182,9,Outfielder,R,Right,R,Right,"2-5 | 2 K, 2 RBI, R",,5,2,0,0,0,2,1,2,0,0,0,0,5,2,,,,,,,,,,
2026-05-28,823378,,/api/v1.1/game/823378/feed/live,R,2026,2026-05-28,,night,P,N,N,Regular Season,4,4,1,Final,Final,31,PNC Park,134,Pittsburgh Pirates,PIT,2,False,112,Chicago Cubs,CHC,7,True,669020,Ryan Rolison,Ryan,Rolison,33,1997-07-11,28,"6' 2""",213,1,Pitcher,R,Right,L,Left,,,,,,,,,,,,,,,,,,,,,,,,,,
2026-05-28,823378,,/api/v1.1/game/823378/feed/live,R,2026,2026-05-28,,night,P,N,N,Regular Season,4,4,1,Final,Final,31,PNC Park,134,Pittsburgh Pirates,PIT,2,False,112,Chicago Cubs,CHC,7,True,663423,Trent Thornton,Trent,Thornton,49,1993-09-30,32,"6' 0""",190,1,Pitcher,R,Right,R,Right,"2.0 IP, 0 ER, 0 K, 0 BB",,,,,,,,,,,,,,,,2.0,0,1,0,0,0,22,0,0,0
2026-05-28,823378,,/api/v1.1/game/823378/feed/live,R,2026,2026-05-28,,night,P,N,N,Regular Season,4,4,1,Final,Final,31,PNC Park,134,Pittsburgh Pirates,PIT,2,False,112,Chicago Cubs,CHC,7,True,682634,Kevin Alcántara,Kevin,Alcantara,13,2002-07-12,23,"6' 6""",188,9,Outfielder,R,Right,R,Right,0-1 | K,,1,0,0,0,0,0,0,1,0,0,0,0,1,0,,,,,,,,,,
2026-05-28,823378,,/api/v1.1/game/823378/feed/live,R,2026,2026-05-28,,night,P,N,N,Regular Season,4,4,1,Final,Final,31,PNC Park,134,Pittsburgh Pirates,PIT,2,False,112,Chicago Cubs,CHC,7,True,621020,Dansby Swanson,James,Swanson,7,1994-02-11,32,"6' 0""",190,6,Shortstop,R,Right,R,Right,"0-3 | BB, 2 K",,3,0,0,0,0,0,0,2,1,0,0,0,4,0,,,,,,,,,,
2026-05-28,823378,,/api/v1.1/game/823378/feed/live,R,2026,2026-05-28,,night,P,N,N,Regular Season,4,4,1,Final,Final,31,PNC Park,134,Pittsburgh Pirates,PIT,2,False,112,Chicago Cubs,CHC,7,True,607067,Colin Rea,Colin,Rea,53,1990-07-01,35,"6' 5""",220,1,Pitcher,R,Right,R,Right,"5.1 IP, 2 ER, 5 K, 3 BB",,,,,,,,,,,,,,,,5.1,2,4,1,5,3,92,1,0,0
2026-05-28,823378,,/api/v1.1/game/823378/feed/live,R,2026,2026-05-28,,night,P,N,N,Regular Season,4,4,1,Final,Final,31,PNC Park,134,Pittsburgh Pirates,PIT,2,False,112,Chicago Cubs,CHC,7,True,664208,Phil Maton,Phillip,Maton,88,1993-03-25,33,"6' 2""",206,1,Pitcher,R,Right,R,Right,,,,,,,,,,,,,,,,,,,,,,,,,,
2026-05-28,823378,,/api/v1.1/game/823378/feed/live,R,2026,2026-05-28,,night,P,N,N,Regular Season,4,4,1,Final,Final,31,PNC Park,134,Pittsburgh Pirates,PIT,2,False,112,Chicago Cubs,CHC,7,True,663538,Nico Hoerner,Nicholas,Hoerner,2,1997-05-13,29,"5' 11""",200,4,Second Base,R,Right,R,Right,1-5,,5,1,0,0,0,0,0,0,0,0,0,0,5,1,,,,,,,,,,
2026-05-28,823378,,/api/v1.1/game/823378/feed/live,R,2026,2026-05-28,,night,P,N,N,Regular Season,4,4,1,Final,Final,31,PNC Park,134,Pittsburgh Pirates,PIT,2,False,112,Chicago Cubs,CHC,7,True,676962,Ben Brown,Benjamin,Brown,32,1999-09-09,26,"6' 6""",210,1,Pitcher,R,Right,R,Right,,,,,,,,,,,,,,,,,,,,,,,,,,
2026-05-28,822896,,/api/v1.1/game/822896/feed/live,R,2026,2026-05-28,,night,P,N,N,Regular Season,4,4,1,Final,Final,5325,Globe Life Field,140,Texas Rangers,TEX,1,False,117,Houston Astros,HOU,5,True,694497,Evan Carter,Evan,Carter,32,2002-08-29,23,"6' 2""",190,8,Outfielder,L,Left,R,Right,"0-3 | HBP, K",,3,0,0,0,0,0,0,1,0,0,0,0,4,0,,,,,,,,,,
2026-05-28,822896,,/api/v1.1/game/822896/feed/live,R,2026,2026-05-28,,night,P,N,N,Regular Season,4,4,1,Final,Final,5325,Globe Life Field,140,Texas Rangers,TEX,1,False,117,Houston Astros,HOU,5,True,677958,Kumar Rocker,Kumar,Rocker,80,1999-11-22,26,"6' 5""",245,1,Pitcher,R,Right,R,Right,,,,,,,,,,,,,,,,,,,,,,,,,,
2026-05-28,822896,,/api/v1.1/game/822896/feed/live,R,2026,2026-05-28,,night,P,N,N,Regular Season,4,4,1,Final,Final,5325,Globe Life Field,140,Texas Rangers,TEX,1,False,117,Houston Astros,HOU,5,True,669394,Jake Burger,Jacob,Burger,21,1996-04-10,30,"6' 0""",230,3,First Base,R,Right,R,Right,0-4 | 2 K,,4,0,0,0,0,0,0,2,0,0,0,0,4,0,,,,,,,,,,
2026-05-28,822896,,/api/v1.1/game/822896/feed/live,R,2026,2026-05-28,,night,P,N,N,Regular Season,4,4,1,Final,Final,5325,Globe Life Field,140,Texas Rangers,TEX,1,False,117,Houston Astros,HOU,5,True,682608,Peyton Gray,Peyton,Gray,75,1995-06-02,30,"6' 4""",235,1,Pitcher,R,Right,R,Right,,,,,,,,,,,,,,,,,,,,,,,,,,
2026-05-28,822896,,/api/v1.1/game/822896/feed/live,R,2026,2026-05-28,,night,P,N,N,Regular Season,4,4,1,Final,Final,5325,Globe Life Field,140,Texas Rangers,TEX,1,False,117,Houston Astros,HOU,5,True,696030,Alejandro Osuna,Tadeo,Osuna,19,2002-10-10,23,"5' 9""",185,7,Outfielder,L,Left,L,Left,0-2 | HBP,,2,0,0,0,0,0,0,0,0,0,0,0,3,0,,,,,,,,,,
2026-05-28,822896,,/api/v1.1/game/822896/feed/live,R,2026,2026-05-28,,night,P,N,N,Regular Season,4,4,1,Final,Final,5325,Globe Life Field,140,Texas Rangers,TEX,1,False,117,Houston Astros,HOU,5,True,641302,Tyler Alexander,Tyler,Alexander,13,1994-07-14,31,"6' 1""",214,1,Pitcher,R,Right,L,Left,,,,,,,,,,,,,,,,,,,,,,,,,,
2026-05-28,822896,,/api/v1.1/game/822896/feed/live,R,2026,2026-05-28,,night,P,N,N,Regular Season,4,4,1,Final,Final,5325,Globe Life Field,140,Texas Rangers,TEX,1,False,117,Houston Astros,HOU,5,True,592626,Joc Pederson,Joc,Pederson,3,1992-04-21,34,"6' 1""",220,10,Designated Hitter,L,Left,L,Left,0-3,,3,0,0,0,0,0,0,0,0,0,0,1,3,0,,,,,,,,,,
2026-05-28,822896,,/api/v1.1/game/822896/feed/live,R,2026,2026-05-28,,night,P,N,N,Regular Season,4,4,1,Final,Final,5325,Globe Life Field,140,Texas Rangers,TEX,1,False,117,Houston Astros,HOU,5,True,683004,Jack Leiter,Jack,Leiter,22,2000-04-21,26,"6' 1""",205,1,Pitcher,R,Right,R,Right,,,,,,,,,,,,,,,,,,,,,,,,,,
2026-05-28,822896,,/api/v1.1/game/822896/feed/live,R,2026,2026-05-28,,night,P,N,N,Regular Season,4,4,1,Final,Final,5325,Globe Life Field,140,Texas Rangers,TEX,1,False,117,Houston Astros,HOU,5,True,656641,Jacob Latz,Jacob,Latz,67,1996-04-08,30,"6' 2""",185,1,Pitcher,R,Right,L,Left,,,,,,,,,,,,,,,,,,,,,,,,,,
2026-05-28,822896,,/api/v1.1/game/822896/feed/live,R,2026,2026-05-28,,night,P,N,N,Regular Season,4,4,1,Final,Final,5325,Globe Life Field,140,Texas Rangers,TEX,1,False,117,Houston Astros,HOU,5,True,656222,Jalen Beeks,Jalen,Beeks,68,1993-07-10,32,"5' 11""",215,1,Pitcher,L,Left,L,Left,,,,,,,,,,,,,,,,,,,,,,,,,,
2026-05-28,822896,,/api/v1.1/game/822896/feed/live,R,2026,2026-05-28,,night,P,N,N,Regular Season,4,4,1,Final,Final,5325,Globe Life Field,140,Texas Rangers,TEX,1,False,117,Houston Astros,HOU,5,True,615698,Cal Quantrill,Cal,Quantrill,44,1995-02-10,31,"6' 3""",195,1,Pitcher,L,Left,R,Right,"2.0 IP, 0 ER, K, 0 BB",,,,,,,,,,,,,,,,2.0,0,2,0,1,0,29,0,0,0
2026-05-28,822896,,/api/v1.1/game/822896/feed/live,R,2026,2026-05-28,,night,P,N,N,Regular Season,4,4,1,Final,Final,5325,Globe Life Field,140,Texas Rangers,TEX,1,False,117,Houston Astros,HOU,5,True,670032,Nicky Lopez,Nicholas,Lopez,33,1995-03-13,31,"5' 10""",186,4,Second Base,L,Left,R,Right,"0-3 | BB, K",,3,0,0,0,0,0,0,1,1,0,0,0,4,0,,,,,,,,,,
2026-05-28,822896,,/api/v1.1/game/822896/feed/live,R,2026,2026-05-28,,night,P,N,N,Regular Season,4,4,1,Final,Final,5325,Globe Life Field,140,Texas Rangers,TEX,1,False,117,Houston Astros,HOU,5,True,673962,Josh Jung,Joshua,Jung,6,1998-02-12,28,"6' 1""",214,5,Third Base,R,Right,R,Right,"2-3 | HR, BB, K",,3,2,0,0,1,1,1,1,1,0,0,0,4,5,,,,,,,,,,
2026-05-28,822896,,/api/v1.1/game/822896/feed/live,R,2026,2026-05-28,,night,P,N,N,Regular Season,4,4,1,Final,Final,5325,Globe Life Field,140,Texas Rangers,TEX,1,False,117,Houston Astros,HOU,5,True,679822,Justin Foscue,Justin,Foscue,14,1999-03-02,27,"5' 11""",205,4,Second Base,R,Right,R,Right,0-1,,1,0,0,0,0,0,0,0,0,0,0,0,1,0,,,,,,,,,,
2026-05-28,822896,,/api/v1.1/game/822896/feed/live,R,2026,2026-05-28,,night,P,N,N,Regular Season,4,4,1,Final,Final,5325,Globe Life Field,140,Texas Rangers,TEX,1,False,117,Houston Astros,HOU,5,True,543309,Kyle Higashioka,Kyle,Higashioka,11,1990-04-20,36,"6' 1""",202,2,Catcher,R,Right,R,Right,"0-3 | BB, 2 K",,3,0,0,0,0,0,0,2,1,0,0,0,4,0,,,,,,,,,,
2026-05-28,822896,,/api/v1.1/game/822896/feed/live,R,2026,2026-05-28,,night,P,N,N,Regular Season,4,4,1,Final,Final,5325,Globe Life Field,140,Texas Rangers,TEX,1,False,117,Houston Astros,HOU,5,True,677649,Ezequiel Duran,Ezequiel,Duran,20,1999-05-22,27,"5' 10""",185,4,Second Base,R,Right,R,Right,"2-4 | K, SB",,4,2,0,0,0,0,0,1,0,1,0,0,4,2,,,,,,,,,,
2026-05-28,822896,,/api/v1.1/game/822896/feed/live,R,2026,2026-05-28,,night,P,N,N,Regular Season,4,4,1,Final,Final,5325,Globe Life Field,140,Texas Rangers,TEX,1,False,117,Houston Astros,HOU,5,True,669022,MacKenzie Gore,MacKenzie,Gore,1,1999-02-24,27,"6' 2""",193,1,Pitcher,L,Left,L,Left,,,,,,,,,,,,,,,,,,,,,,,,,,
2026-05-28,822896,,/api/v1.1/game/822896/feed/live,R,2026,2026-05-28,,night,P,N,N,Regular Season,4,4,1,Final,Final,5325,Globe Life Field,140,Texas Rangers,TEX,1,False,117,Houston Astros,HOU,5,True,686560,Gavin Collyer,Gavin,Collyer,65,2001-05-12,25,"6' 1""",165,1,Pitcher,R,Right,R,Right,,,,,,,,,,,,,,,,,,,,,,,,,,
2026-05-28,822896,,/api/v1.1/game/822896/feed/live,R,2026,2026-05-28,,night,P,N,N,Regular Season,4,4,1,Final,Final,5325,Globe Life Field,140,Texas Rangers,TEX,1,False,117,Houston Astros,HOU,5,True,680737,Michael Helman,Michael,Helman,23,1996-05-23,30,"6' 0""",195,8,Outfielder,R,Right,R,Right,,,,,,,,,,,,,,,,,,,,,,,,,,
2026-05-28,822896,,/api/v1.1/game/822896/feed/live,R,2026,2026-05-28,,night,P,N,N,Regular Season,4,4,1,Final,Final,5325,Globe Life Field,140,Texas Rangers,TEX,1,False,117,Houston Astros,HOU,5,True,594798,Jacob deGrom,Jacob,deGrom,48,1988-06-19,37,"6' 4""",180,1,Pitcher,L,Left,R,Right,,,,,,,,,,,,,,,,,,,,,,,,,,
2026-05-28,822896,,/api/v1.1/game/822896/feed/live,R,2026,2026-05-28,,night,P,N,N,Regular Season,4,4,1,Final,Final,5325,Globe Life Field,140,Texas Rangers,TEX,1,False,117,Houston Astros,HOU,5,True,607043,Brandon Nimmo,Brandon,Nimmo,24,1993-03-27,33,"6' 1""",206,9,Outfielder,L,Left,R,Right,0-3 | HBP,,3,0,0,0,0,0,0,0,0,0,0,0,4,0,,,,,,,,,,
2026-05-28,822896,,/api/v1.1/game/822896/feed/live,R,2026,2026-05-28,,night,P,N,N,Regular Season,4,4,1,Final,Final,5325,Globe Life Field,140,Texas Rangers,TEX,1,False,117,Houston Astros,HOU,5,True,664059,Sam Haggerty,Samuel,Haggerty,0,1994-05-26,32,"5' 11""",175,7,Outfielder,S,Switch,R,Right,0-1,,1,0,0,0,0,0,0,0,0,0,0,0,1,0,,,,,,,,,,
2026-05-28,822896,,/api/v1.1/game/822896/feed/live,R,2026,2026-05-28,,night,P,N,N,Regular Season,4,4,1,Final,Final,5325,Globe Life Field,140,Texas Rangers,TEX,1,False,117,Houston Astros,HOU,5,True,643376,Danny Jansen,Daniel,Jansen,9,1995-04-15,31,"6' 2""",240,2,Catcher,R,Right,R,Right,,,,,,,,,,,,,,,,,,,,,,,,,,
2026-05-28,822896,,/api/v1.1/game/822896/feed/live,R,2026,2026-05-28,,night,P,N,N,Regular Season,4,4,1,Final,Final,5325,Globe Life Field,140,Texas Rangers,TEX,1,False,117,Houston Astros,HOU,5,True,596001,Jakob Junis,Jakob,Junis,16,1992-09-16,33,"6' 3""",238,1,Pitcher,R,Right,R,Right,,,,,,,,,,,,,,,,,,,,,,,,,,
2026-05-28,822896,,/api/v1.1/game/822896/feed/live,R,2026,2026-05-28,,night,P,N,N,Regular Season,4,4,1,Final,Final,5325,Globe Life Field,140,Texas Rangers,TEX,1,False,117,Houston Astros,HOU,5,True,543135,Nathan Eovaldi,Nathan,Eovaldi,17,1990-02-13,36,"6' 2""",217,1,Pitcher,R,Right,R,Right,"7.0 IP, 5 ER, 6 K, 2 BB",,,,,,,,,,,,,,,,7.0,5,4,2,6,2,90,0,1,0
2026-05-28,822896,,/api/v1.1/game/822896/feed/live,R,2026,2026-05-28,,night,P,N,N,Regular Season,4,4,1,Final,Final,5325,Globe Life Field,140,Texas Rangers,TEX,1,False,117,Houston Astros,HOU,5,True,455119,Chris Martin,Christopher,Martin,31,1986-06-02,39,"6' 8""",224,1,Pitcher,R,Right,R,Right,,,,,,,,,,,,,,,,,,,,,,,,,,
2026-05-28,822896,,/api/v1.1/game/822896/feed/live,R,2026,2026-05-28,,night,P,N,N,Regular Season,4,4,1,Final,Final,5325,Globe Life Field,140,Texas Rangers,TEX,1,False,117,Houston Astros,HOU,5,True,670623,Isaac Paredes,Isaac,Paredes,15,1999-02-18,27,"5' 11""",213,5,Third Base,R,Right,R,Right,"1-3 | HR, BB, 2 RBI",,3,1,0,0,1,2,2,0,1,0,0,1,4,4,,,,,,,,,,
2026-05-28,822896,,/api/v1.1/game/822896/feed/live,R,2026,2026-05-28,,night,P,N,N,Regular Season,4,4,1,Final,Final,5325,Globe Life Field,140,Texas Rangers,TEX,1,False,117,Houston Astros,HOU,5,True,650556,Bryan Abreu,Bryan,Abreu,52,1997-04-22,29,"6' 1""",230,1,Pitcher,R,Right,R,Right,"1.0 IP, 0 ER, 2 K, 0 BB",,,,,,,,,,,,,,,,1.0,0,0,0,2,0,12,0,0,0
2026-05-28,822896,,/api/v1.1/game/822896/feed/live,R,2026,2026-05-28,,night,P,N,N,Regular Season,4,4,1,Final,Final,5325,Globe Life Field,140,Texas Rangers,TEX,1,False,117,Houston Astros,HOU,5,True,669397,Nick Allen,Nicholas,Allen,20,1998-10-08,27,"5' 7""",166,6,Shortstop,R,Right,R,Right,0-1,,1,0,0,0,0,0,0,0,0,0,0,0,1,0,,,,,,,,,,
2026-05-28,822896,,/api/v1.1/game/822896/feed/live,R,2026,2026-05-28,,night,P,N,N,Regular Season,4,4,1,Final,Final,5325,Globe Life Field,140,Texas Rangers,TEX,1,False,117,Houston Astros,HOU,5,True,695001,Alimber Santa,Alimber,Santa,72,2003-05-03,23,"5' 10""",228,1,Pitcher,R,Right,R,Right,,,,,,,,,,,,,,,,,,,,,,,,,,
2026-05-28,822896,,/api/v1.1/game/822896/feed/live,R,2026,2026-05-28,,night,P,N,N,Regular Season,4,4,1,Final,Final,5325,Globe Life Field,140,Texas Rangers,TEX,1,False,117,Houston Astros,HOU,5,True,678906,Kai-Wei Teng,Kai-Wei,Teng,17,1998-12-01,27,"6' 4""",241,1,Pitcher,R,Right,R,Right,,,,,,,,,,,,,,,,,,,,,,,,,,
2026-05-28,822896,,/api/v1.1/game/822896/feed/live,R,2026,2026-05-28,,night,P,N,N,Regular Season,4,4,1,Final,Final,5325,Globe Life Field,140,Texas Rangers,TEX,1,False,117,Houston Astros,HOU,5,True,701358,Cam Smith,Cameron,Smith,11,2003-02-22,23,"6' 3""",224,9,Outfielder,R,Right,R,Right,2-4 | RBI,,4,2,0,0,0,1,0,0,0,0,0,0,4,2,,,,,,,,,,
2026-05-28,822896,,/api/v1.1/game/822896/feed/live,R,2026,2026-05-28,,night,P,N,N,Regular Season,4,4,1,Final,Final,5325,Globe Life Field,140,Texas Rangers,TEX,1,False,117,Houston Astros,HOU,5,True,669699,Braden Shewmake,Braden,Shewmake,28,1997-11-19,28,"6' 3""",200,6,Shortstop,L,Left,R,Right,0-4 | K,,4,0,0,0,0,0,0,1,0,0,0,0,4,0,,,,,,,,,,
2026-05-28,822896,,/api/v1.1/game/822896/feed/live,R,2026,2026-05-28,,night,P,N,N,Regular Season,4,4,1,Final,Final,5325,Globe Life Field,140,Texas Rangers,TEX,1,False,117,Houston Astros,HOU,5,True,660853,Enyel De Los Santos,Enyel,De Los Santos,65,1995-12-25,30,"6' 3""",235,1,Pitcher,R,Right,R,Right,"0.2 IP, 0 ER, K, BB",,,,,,,,,,,,,,,,0.2,0,0,0,1,1,16,0,0,0
2026-05-28,822896,,/api/v1.1/game/822896/feed/live,R,2026,2026-05-28,,night,P,N,N,Regular Season,4,4,1,Final,Final,5325,Globe Life Field,140,Texas Rangers,TEX,1,False,117,Houston Astros,HOU,5,True,676694,Jake Meyers,Jacob,Meyers,6,1996-06-18,29,"6' 0""",200,8,Outfielder,R,Right,L,Left,0-0,,0,0,0,0,0,0,0,0,0,0,0,0,0,0,,,,,,,,,,
2026-05-28,822896,,/api/v1.1/game/822896/feed/live,R,2026,2026-05-28,,night,P,N,N,Regular Season,4,4,1,Final,Final,5325,Globe Life Field,140,Texas Rangers,TEX,1,False,117,Houston Astros,HOU,5,True,595345,Steven Okert,Steven,Okert,48,1991-07-09,34,"6' 2""",202,1,Pitcher,L,Left,L,Left,"0.2 IP, 0 ER, 0 K, 0 BB",,,,,,,,,,,,,,,,0.2,0,0,0,0,0,10,0,0,0
2026-05-28,822896,,/api/v1.1/game/822896/feed/live,R,2026,2026-05-28,,night,P,N,N,Regular Season,4,4,1,Final,Final,5325,Globe Life Field,140,Texas Rangers,TEX,1,False,117,Houston Astros,HOU,5,True,663967,César Salazar,César,Salazar,18,1996-03-15,30,"5' 8""",198,2,Catcher,L,Left,R,Right,,,,,,,,,,,,,,,,,,,,,,,,,,
2026-05-28,822896,,/api/v1.1/game/822896/feed/live,R,2026,2026-05-28,,night,P,N,N,Regular Season,4,4,1,Final,Final,5325,Globe Life Field,140,Texas Rangers,TEX,1,False,117,Houston Astros,HOU,5,True,694728,Brice Matthews,Brice,Matthews,0,2002-03-16,24,"5' 10""",190,8,Outfielder,R,Right,R,Right,0-3 | 2 K,,3,0,0,0,0,0,0,2,0,0,0,0,3,0,,,,,,,,,,
2026-05-28,822896,,/api/v1.1/game/822896/feed/live,R,2026,2026-05-28,,night,P,N,N,Regular Season,4,4,1,Final,Final,5325,Globe Life Field,140,Texas Rangers,TEX,1,False,117,Houston Astros,HOU,5,True,805123,AJ Blubaugh,Alan,Blubaugh,69,2000-07-04,25,"6' 2""",190,1,Pitcher,R,Right,R,Right,,,,,,,,,,,,,,,,,,,,,,,,,,
2026-05-28,822896,,/api/v1.1/game/822896/feed/live,R,2026,2026-05-28,,night,P,N,N,Regular Season,4,4,1,Final,Final,5325,Globe Life Field,140,Texas Rangers,TEX,1,False,117,Houston Astros,HOU,5,True,701121,Logan VanWey,Logan,VanWey,64,1999-02-14,27,"6' 2""",205,1,Pitcher,R,Right,R,Right,,,,,,,,,,,,,,,,,,,,,,,,,,
2026-05-28,822896,,/api/v1.1/game/822896/feed/live,R,2026,2026-05-28,,night,P,N,N,Regular Season,4,4,1,Final,Final,5325,Globe Life Field,140,Texas Rangers,TEX,1,False,117,Houston Astros,HOU,5,True,666211,Taylor Trammell,Taylor,Trammell,26,1997-09-13,28,"6' 1""",220,8,Outfielder,L,Left,L,Left,"1-4 | 2B, 2 K, RBI",,4,1,1,0,0,1,1,2,0,0,0,0,4,2,,,,,,,,,,
2026-05-28,822896,,/api/v1.1/game/822896/feed/live,R,2026,2026-05-28,,night,P,N,N,Regular Season,4,4,1,Final,Final,5325,Globe Life Field,140,Texas Rangers,TEX,1,False,117,Houston Astros,HOU,5,True,837227,Tatsuya Imai,Tatsuya,Imai,45,1998-05-09,28,"5' 11""",176,1,Pitcher,R,Right,R,Right,,,,,,,,,,,,,,,,,,,,,,,,,,
2026-05-28,822896,,/api/v1.1/game/822896/feed/live,R,2026,2026-05-28,,night,P,N,N,Regular Season,4,4,1,Final,Final,5325,Globe Life Field,140,Texas Rangers,TEX,1,False,117,Houston Astros,HOU,5,True,665161,Jeremy Peña,Jeremy,Peña,3,1997-09-22,28,"6' 0""",202,6,Shortstop,R,Right,R,Right,"2-4 | HR, RBI, R",,4,2,0,0,1,1,1,0,0,0,0,0,4,5,,,,,,,,,,
2026-05-28,822896,,/api/v1.1/game/822896/feed/live,R,2026,2026-05-28,,night,P,N,N,Regular Season,4,4,1,Final,Final,5325,Globe Life Field,140,Texas Rangers,TEX,1,False,117,Houston Astros,HOU,5,True,701305,Zach Dezenzo,Zachary,Dezenzo,9,2000-05-11,26,"6' 5""",220,7,Outfielder,R,Right,R,Right,0-3 | K,,3,0,0,0,0,0,0,1,0,0,0,0,3,0,,,,,,,,,,
2026-05-28,822896,,/api/v1.1/game/822896/feed/live,R,2026,2026-05-28,,night,P,N,N,Regular Season,4,4,1,Final,Final,5325,Globe Life Field,140,Texas Rangers,TEX,1,False,117,Houston Astros,HOU,5,True,663567,Peter Lambert,Peter,Lambert,38,1997-04-18,29,"6' 2""",208,1,Pitcher,R,Right,R,Right,,,,,,,,,,,,,,,,,,,,,,,,,,
2026-05-28,822896,,/api/v1.1/game/822896/feed/live,R,2026,2026-05-28,,night,P,N,N,Regular Season,4,4,1,Final,Final,5325,Globe Life Field,140,Texas Rangers,TEX,1,False,117,Houston Astros,HOU,5,True,681347,Mike Burrows,Michael,Burrows,50,1999-11-08,26,"6' 1""",200,1,Pitcher,R,Right,R,Right,,,,,,,,,,,,,,,,,,,,,,,,,,
2026-05-28,822896,,/api/v1.1/game/822896/feed/live,R,2026,2026-05-28,,night,P,N,N,Regular Season,4,4,1,Final,Final,5325,Globe Life Field,140,Texas Rangers,TEX,1,False,117,Houston Astros,HOU,5,True,687911,Bryan King,Bryan,King,74,1996-11-05,29,"6' 1""",205,1,Pitcher,R,Right,L,Left,,,,,,,,,,,,,,,,,,,,,,,,,,
2026-05-28,822896,,/api/v1.1/game/822896/feed/live,R,2026,2026-05-28,,night,P,N,N,Regular Season,4,4,1,Final,Final,5325,Globe Life Field,140,Texas Rangers,TEX,1,False,117,Houston Astros,HOU,5,True,572233,Christian Walker,Christian,Walker,8,1991-03-28,35,"5' 11""",208,3,First Base,R,Right,R,Right,,,,,,,,,,,,,,,,,,,,,,,,,,
2026-05-28,822896,,/api/v1.1/game/822896/feed/live,R,2026,2026-05-28,,night,P,N,N,Regular Season,4,4,1,Final,Final,5325,Globe Life Field,140,Texas Rangers,TEX,1,False,117,Houston Astros,HOU,5,True,663878,Nate Pearson,Nathan,Pearson,55,1996-08-20,29,"6' 6""",255,1,Pitcher,R,Right,R,Right,"0.2 IP, 0 ER, 2 K, BB",,,,,,,,,,,,,,,,0.2,0,1,0,2,1,20,0,0,0
2026-05-28,822896,,/api/v1.1/game/822896/feed/live,R,2026,2026-05-28,,night,P,N,N,Regular Season,4,4,1,Final,Final,5325,Globe Life Field,140,Texas Rangers,TEX,1,False,117,Houston Astros,HOU,5,True,681293,Spencer Arrighetti,Spencer,Arrighetti,41,2000-01-02,26,"6' 2""",186,1,Pitcher,R,Right,R,Right,"6.0 IP, ER, 3 K, BB",,,,,,,,,,,,,,,,6.0,1,3,1,3,1,94,1,0,0
2026-05-28,822896,,/api/v1.1/game/822896/feed/live,R,2026,2026-05-28,,night,P,N,N,Regular Season,4,4,1,Final,Final,5325,Globe Life Field,140,Texas Rangers,TEX,1,False,117,Houston Astros,HOU,5,True,543877,Christian Vázquez,Christian,Vázquez,2,1990-08-21,35,"5' 8""",205,2,Catcher,R,Right,R,Right,0-3,,3,0,0,0,0,0,0,0,0,0,0,0,3,0,,,,,,,,,,
2026-05-28,822896,,/api/v1.1/game/822896/feed/live,R,2026,2026-05-28,,night,P,N,N,Regular Season,4,4,1,Final,Final,5325,Globe Life Field,140,Texas Rangers,TEX,1,False,117,Houston Astros,HOU,5,True,670541,Yordan Alvarez,Yordan,Alvarez,44,1997-06-27,28,"6' 4""",237,10,Designated Hitter,L,Left,R,Right,"0-3 | BB, K, R",,3,0,0,0,0,0,1,1,1,0,0,0,4,0,,,,,,,,,,
