gameDate,gamePk,gameGuid,link,gameType,season,officialDate,description,dayNight,gamedayType,doubleHeader,tiebreaker,seriesDescription,seriesGameNumber,gamesInSeries,gameNumber,status_abstractGameState,status_detailedState,venue_id,venue_name,home_team_id,home_team_name,home_team_abbreviation,home_score,home_isWinner,away_team_id,away_team_name,away_team_abbreviation,away_score,away_isWinner,playerId,fullName,firstName,lastName,primaryNumber,birthDate,currentAge,height,weight,primaryPosition_code,primaryPosition_name,batSide_code,batSide_description,pitchHand_code,pitchHand_description,gameLogSummary,note,atBats,hits,doubles,triples,homeRuns,rbi,runs,strikeOuts,baseOnBalls,stolenBases,caughtStealing,groundIntoDoublePlay,plateAppearances,totalBases,inningsPitched,earnedRuns,hitsAllowed,homeRunsAllowed,strikeOutsPitching,baseOnBallsPitching,pitchesThrown,wins,losses,saves
2026-07-06,824089,,/api/v1.1/game/824089/feed/live,R,2026,2026-07-06,,day,P,N,N,Regular Season,3,3,1,Final,Final,7,Kauffman Stadium,118,Kansas City Royals,KC,15,True,143,Philadelphia Phillies,PHI,1,False,670224,Kameron Misner,Kameron,Misner,26,1998-01-09,28,"6' 3""",220,8,Outfielder,L,Left,L,Left,"0-1 | BB, R",,1,0,0,0,0,0,1,0,1,0,0,0,2,0,,,,,,,,,,
2026-07-06,824089,,/api/v1.1/game/824089/feed/live,R,2026,2026-07-06,,day,P,N,N,Regular Season,3,3,1,Final,Final,7,Kauffman Stadium,118,Kansas City Royals,KC,15,True,143,Philadelphia Phillies,PHI,1,False,695600,Carter Jensen,Carter,Jensen,22,2003-07-03,23,"6' 0""",210,2,Catcher,L,Left,R,Right,,,,,,,,,,,,,,,,,,,,,,,,,,
2026-07-06,824089,,/api/v1.1/game/824089/feed/live,R,2026,2026-07-06,,day,P,N,N,Regular Season,3,3,1,Final,Final,7,Kauffman Stadium,118,Kansas City Royals,KC,15,True,143,Philadelphia Phillies,PHI,1,False,621016,Jose Cuas,Jose,Cuas,74,1994-06-28,32,"6' 3""",195,1,Pitcher,R,Right,R,Right,"2.0 IP, 0 ER, 3 K, 0 BB",,,,,,,,,,,,,,,,2.0,0,1,0,3,0,36,0,0,0
2026-07-06,824089,,/api/v1.1/game/824089/feed/live,R,2026,2026-07-06,,day,P,N,N,Regular Season,3,3,1,Final,Final,7,Kauffman Stadium,118,Kansas City Royals,KC,15,True,143,Philadelphia Phillies,PHI,1,False,686475,Tyler Tolbert,Tyler,Tolbert,2,1998-01-27,28,"5' 10""",185,4,Second Base,R,Right,R,Right,"5-5 | HR, 2B, 2 RBI",,5,5,1,0,1,2,3,0,0,0,1,0,5,9,,,,,,,,,,
2026-07-06,824089,,/api/v1.1/game/824089/feed/live,R,2026,2026-07-06,,day,P,N,N,Regular Season,3,3,1,Final,Final,7,Kauffman Stadium,118,Kansas City Royals,KC,15,True,143,Philadelphia Phillies,PHI,1,False,668942,Josh Rojas,Joshua,Rojas,40,1994-06-30,32,"6' 1""",200,5,Third Base,L,Left,R,Right,0-5 | K,,5,0,0,0,0,0,0,1,0,0,0,0,5,0,,,,,,,,,,
2026-07-06,824089,,/api/v1.1/game/824089/feed/live,R,2026,2026-07-06,,day,P,N,N,Regular Season,3,3,1,Final,Final,7,Kauffman Stadium,118,Kansas City Royals,KC,15,True,143,Philadelphia Phillies,PHI,1,False,686555,Isaac Collins,Isaac,Collins,1,1997-07-22,28,"5' 8""",188,7,Outfielder,S,Switch,R,Right,1-1,,1,1,0,0,0,0,0,0,0,0,0,0,1,1,,,,,,,,,,
2026-07-06,824089,,/api/v1.1/game/824089/feed/live,R,2026,2026-07-06,,day,P,N,N,Regular Season,3,3,1,Final,Final,7,Kauffman Stadium,118,Kansas City Royals,KC,15,True,143,Philadelphia Phillies,PHI,1,False,521692,Salvador Perez,Salvador,Perez,13,1990-05-10,36,"6' 2""",255,2,Catcher,R,Right,R,Right,"3-4 | HR, 2B, HBP",,4,3,1,0,1,1,1,0,0,0,0,0,5,7,,,,,,,,,,
2026-07-06,824089,,/api/v1.1/game/824089/feed/live,R,2026,2026-07-06,,day,P,N,N,Regular Season,3,3,1,Final,Final,7,Kauffman Stadium,118,Kansas City Royals,KC,15,True,143,Philadelphia Phillies,PHI,1,False,679883,Luinder Avila,Luinder,Avila,58,2001-08-21,24,"6' 3""",195,1,Pitcher,R,Right,R,Right,,,,,,,,,,,,,,,,,,,,,,,,,,
2026-07-06,824089,,/api/v1.1/game/824089/feed/live,R,2026,2026-07-06,,day,P,N,N,Regular Season,3,3,1,Final,Final,7,Kauffman Stadium,118,Kansas City Royals,KC,15,True,143,Philadelphia Phillies,PHI,1,False,679845,Nick Loftin,Nicholas,Loftin,12,1998-09-25,27,"5' 11""",180,5,Third Base,R,Right,R,Right,"3-5 | BB, 2 RBI, 2 R",,5,3,0,0,0,2,2,0,1,0,0,0,6,3,,,,,,,,,,
2026-07-06,824089,,/api/v1.1/game/824089/feed/live,R,2026,2026-07-06,,day,P,N,N,Regular Season,3,3,1,Final,Final,7,Kauffman Stadium,118,Kansas City Royals,KC,15,True,143,Philadelphia Phillies,PHI,1,False,668674,Lucas Erceg,Lucas,Erceg,60,1995-05-01,31,"6' 2""",214,1,Pitcher,L,Left,R,Right,,,,,,,,,,,,,,,,,,,,,,,,,,
2026-07-06,824089,,/api/v1.1/game/824089/feed/live,R,2026,2026-07-06,,day,P,N,N,Regular Season,3,3,1,Final,Final,7,Kauffman Stadium,118,Kansas City Royals,KC,15,True,143,Philadelphia Phillies,PHI,1,False,686681,Michael Massey,Michael,Massey,19,1998-03-22,28,"6' 0""",195,4,Second Base,L,Left,R,Right,"1-1 | BB, RBI, R",,1,1,0,0,0,1,1,0,1,0,0,0,2,1,,,,,,,,,,
2026-07-06,824089,,/api/v1.1/game/824089/feed/live,R,2026,2026-07-06,,day,P,N,N,Regular Season,3,3,1,Final,Final,7,Kauffman Stadium,118,Kansas City Royals,KC,15,True,143,Philadelphia Phillies,PHI,1,False,516782,Starling Marte,Starling,Marte,0,1988-10-09,37,"6' 0""",195,9,Outfielder,R,Right,R,Right,"2-5 | K, 2 RBI, R",,5,2,0,0,0,2,1,1,0,0,0,0,5,2,,,,,,,,,,
2026-07-06,824089,,/api/v1.1/game/824089/feed/live,R,2026,2026-07-06,,day,P,N,N,Regular Season,3,3,1,Final,Final,7,Kauffman Stadium,118,Kansas City Royals,KC,15,True,143,Philadelphia Phillies,PHI,1,False,621381,Matt Strahm,Matthew,Strahm,25,1991-11-12,34,"6' 2""",190,1,Pitcher,R,Right,L,Left,,,,,,,,,,,,,,,,,,,,,,,,,,
2026-07-06,824089,,/api/v1.1/game/824089/feed/live,R,2026,2026-07-06,,day,P,N,N,Regular Season,3,3,1,Final,Final,7,Kauffman Stadium,118,Kansas City Royals,KC,15,True,143,Philadelphia Phillies,PHI,1,False,694360,Beck Way,Beck,Way,44,1999-08-06,26,"6' 4""",200,1,Pitcher,R,Right,R,Right,"1.0 IP, 0 ER, K, BB",,,,,,,,,,,,,,,,1.0,0,2,0,1,1,21,0,0,0
2026-07-06,824089,,/api/v1.1/game/824089/feed/live,R,2026,2026-07-06,,day,P,N,N,Regular Season,3,3,1,Final,Final,7,Kauffman Stadium,118,Kansas City Royals,KC,15,True,143,Philadelphia Phillies,PHI,1,False,571912,Luke Maile,Luke,Maile,18,1991-02-06,35,"6' 3""",225,2,Catcher,R,Right,R,Right,"1-4 | HR, BB, 3 RBI",,4,1,0,0,1,3,2,0,1,0,0,0,5,4,,,,,,,,,,
2026-07-06,824089,,/api/v1.1/game/824089/feed/live,R,2026,2026-07-06,,day,P,N,N,Regular Season,3,3,1,Final,Final,7,Kauffman Stadium,118,Kansas City Royals,KC,15,True,143,Philadelphia Phillies,PHI,1,False,663738,Daniel Lynch IV,Daniel,Lynch,41,1996-11-17,29,"6' 6""",200,1,Pitcher,L,Left,L,Left,,,,,,,,,,,,,,,,,,,,,,,,,,
2026-07-06,824089,,/api/v1.1/game/824089/feed/live,R,2026,2026-07-06,,day,P,N,N,Regular Season,3,3,1,Final,Final,7,Kauffman Stadium,118,Kansas City Royals,KC,15,True,143,Philadelphia Phillies,PHI,1,False,608379,Michael Wacha,Michael,Wacha,52,1991-07-01,35,"6' 6""",215,1,Pitcher,R,Right,R,Right,,,,,,,,,,,,,,,,,,,,,,,,,,
2026-07-06,824089,,/api/v1.1/game/824089/feed/live,R,2026,2026-07-06,,day,P,N,N,Regular Season,3,3,1,Final,Final,7,Kauffman Stadium,118,Kansas City Royals,KC,15,True,143,Philadelphia Phillies,PHI,1,False,607625,Seth Lugo,Jacob,Lugo,67,1989-11-17,36,"6' 4""",225,1,Pitcher,R,Right,R,Right,,,,,,,,,,,,,,,,,,,,,,,,,,
2026-07-06,824089,,/api/v1.1/game/824089/feed/live,R,2026,2026-07-06,,day,P,N,N,Regular Season,3,3,1,Final,Final,7,Kauffman Stadium,118,Kansas City Royals,KC,15,True,143,Philadelphia Phillies,PHI,1,False,657041,Lane Thomas,Lane,Thomas,15,1995-08-23,30,"5' 11""",195,8,Outfielder,R,Right,R,Right,"2-3 | HR, BB, K",,3,2,0,0,1,1,1,1,1,0,0,0,4,5,,,,,,,,,,
2026-07-06,824089,,/api/v1.1/game/824089/feed/live,R,2026,2026-07-06,,day,P,N,N,Regular Season,3,3,1,Final,Final,7,Kauffman Stadium,118,Kansas City Royals,KC,15,True,143,Philadelphia Phillies,PHI,1,False,702070,Noah Cameron,Noah,Cameron,65,1999-07-17,26,"6' 3""",220,1,Pitcher,L,Left,L,Left,"5.0 IP, ER, 7 K, 5 BB",,,,,,,,,,,,,,,,5.0,1,6,0,7,5,105,1,0,0
2026-07-06,824089,,/api/v1.1/game/824089/feed/live,R,2026,2026-07-06,,day,P,N,N,Regular Season,3,3,1,Final,Final,7,Kauffman Stadium,118,Kansas City Royals,KC,15,True,143,Philadelphia Phillies,PHI,1,False,656638,Alex Lange,Alexander,Lange,56,1995-10-02,30,"6' 3""",202,1,Pitcher,R,Right,R,Right,,,,,,,,,,,,,,,,,,,,,,,,,,
2026-07-06,824089,,/api/v1.1/game/824089/feed/live,R,2026,2026-07-06,,day,P,N,N,Regular Season,3,3,1,Final,Final,7,Kauffman Stadium,118,Kansas City Royals,KC,15,True,143,Philadelphia Phillies,PHI,1,False,677976,Randy Dobnak,Randy,Dobnak,62,1995-01-17,31,"6' 1""",230,1,Pitcher,R,Right,R,Right,,,,,,,,,,,,,,,,,,,,,,,,,,
2026-07-06,824089,,/api/v1.1/game/824089/feed/live,R,2026,2026-07-06,,day,P,N,N,Regular Season,3,3,1,Final,Final,7,Kauffman Stadium,118,Kansas City Royals,KC,15,True,143,Philadelphia Phillies,PHI,1,False,695506,Jac Caglianone,Jeffrey,Caglianone,14,2003-02-09,23,"6' 4""",250,9,Outfielder,L,Left,L,Left,"2-6 | 2 K, 2 RBI, R",,6,2,0,0,0,2,1,2,0,0,0,0,6,2,,,,,,,,,,
2026-07-06,824089,,/api/v1.1/game/824089/feed/live,R,2026,2026-07-06,,day,P,N,N,Regular Season,3,3,1,Final,Final,7,Kauffman Stadium,118,Kansas City Royals,KC,15,True,143,Philadelphia Phillies,PHI,1,False,677951,Bobby Witt Jr.,Robert,Witt,7,2000-06-14,26,"6' 1""",200,6,Shortstop,R,Right,R,Right,2-4 | 2 R,,4,2,0,0,0,0,2,0,0,0,0,0,4,2,,,,,,,,,,
2026-07-06,824089,,/api/v1.1/game/824089/feed/live,R,2026,2026-07-06,,day,P,N,N,Regular Season,3,3,1,Final,Final,7,Kauffman Stadium,118,Kansas City Royals,KC,15,True,143,Philadelphia Phillies,PHI,1,False,674444,Steven Cruz,Steven,Cruz,64,1999-06-15,27,"6' 7""",225,1,Pitcher,R,Right,R,Right,"1.0 IP, 0 ER, 2 K, BB",,,,,,,,,,,,,,,,1.0,0,1,0,2,1,18,0,0,0
2026-07-06,824089,,/api/v1.1/game/824089/feed/live,R,2026,2026-07-06,,day,P,N,N,Regular Season,3,3,1,Final,Final,7,Kauffman Stadium,118,Kansas City Royals,KC,15,True,143,Philadelphia Phillies,PHI,1,False,670167,John Schreiber,John,Schreiber,46,1994-03-05,32,"6' 2""",224,1,Pitcher,R,Right,R,Right,,,,,,,,,,,,,,,,,,,,,,,,,,
2026-07-06,824089,,/api/v1.1/game/824089/feed/live,R,2026,2026-07-06,,day,P,N,N,Regular Season,3,3,1,Final,Final,7,Kauffman Stadium,118,Kansas City Royals,KC,15,True,143,Philadelphia Phillies,PHI,1,False,687282,Gabriel Rincones Jr.,Gabriel,Rincones,17,2001-03-03,25,"6' 3""",225,9,Outfielder,L,Left,R,Right,1-1,,1,1,0,0,0,0,0,0,0,0,0,0,1,1,,,,,,,,,,
2026-07-06,824089,,/api/v1.1/game/824089/feed/live,R,2026,2026-07-06,,day,P,N,N,Regular Season,3,3,1,Final,Final,7,Kauffman Stadium,118,Kansas City Royals,KC,15,True,143,Philadelphia Phillies,PHI,1,False,669016,Brandon Marsh,Brandon,Marsh,16,1997-12-18,28,"6' 2""",215,7,Outfielder,L,Left,R,Right,"0-4 | BB, 2 K",,4,0,0,0,0,0,0,2,1,0,0,0,5,0,,,,,,,,,,
2026-07-06,824089,,/api/v1.1/game/824089/feed/live,R,2026,2026-07-06,,day,P,N,N,Regular Season,3,3,1,Final,Final,7,Kauffman Stadium,118,Kansas City Royals,KC,15,True,143,Philadelphia Phillies,PHI,1,False,666200,Jesús Luzardo,Jesús,Luzardo,44,1997-09-30,28,"6' 0""",218,1,Pitcher,L,Left,L,Left,,,,,,,,,,,,,,,,,,,,,,,,,,
2026-07-06,824089,,/api/v1.1/game/824089/feed/live,R,2026,2026-07-06,,day,P,N,N,Regular Season,3,3,1,Final,Final,7,Kauffman Stadium,118,Kansas City Royals,KC,15,True,143,Philadelphia Phillies,PHI,1,False,642152,Lou Trivino III,Lou,Trivino III,22,1991-10-01,34,"6' 5""",232,1,Pitcher,R,Right,R,Right,"1.0 IP, 2 ER, K, 2 BB",,,,,,,,,,,,,,,,1.0,2,1,0,1,2,29,0,0,0
2026-07-06,824089,,/api/v1.1/game/824089/feed/live,R,2026,2026-07-06,,day,P,N,N,Regular Season,3,3,1,Final,Final,7,Kauffman Stadium,118,Kansas City Royals,KC,15,True,143,Philadelphia Phillies,PHI,1,False,621237,José Alvarado,José,Alvarado,46,1995-05-21,31,"6' 2""",245,1,Pitcher,L,Left,L,Left,,,,,,,,,,,,,,,,,,,,,,,,,,
2026-07-06,824089,,/api/v1.1/game/824089/feed/live,R,2026,2026-07-06,,day,P,N,N,Regular Season,3,3,1,Final,Final,7,Kauffman Stadium,118,Kansas City Royals,KC,15,True,143,Philadelphia Phillies,PHI,1,False,702222,Justin Crawford,Justin,Crawford,2,2004-01-13,22,"6' 2""",188,8,Outfielder,L,Left,R,Right,0-1 | K,,1,0,0,0,0,0,0,1,0,0,0,0,1,0,,,,,,,,,,
2026-07-06,824089,,/api/v1.1/game/824089/feed/live,R,2026,2026-07-06,,day,P,N,N,Regular Season,3,3,1,Final,Final,7,Kauffman Stadium,118,Kansas City Royals,KC,15,True,143,Philadelphia Phillies,PHI,1,False,650911,Cristopher Sánchez,Cristopher,Sánchez,61,1996-12-12,29,"6' 6""",200,1,Pitcher,L,Left,L,Left,"3.1 IP, 9 ER, K, BB",,,,,,,,,,,,,,,,3.1,9,12,3,1,1,83,0,1,0
2026-07-06,824089,,/api/v1.1/game/824089/feed/live,R,2026,2026-07-06,,day,P,N,N,Regular Season,3,3,1,Final,Final,7,Kauffman Stadium,118,Kansas City Royals,KC,15,True,143,Philadelphia Phillies,PHI,1,False,547180,Bryce Harper,Bryce,Harper,3,1992-10-16,33,"6' 1""",210,3,First Base,L,Left,R,Right,"0-1 | 3 BB, K",,1,0,0,0,0,0,0,1,3,0,0,0,4,0,,,,,,,,,,
2026-07-06,824089,,/api/v1.1/game/824089/feed/live,R,2026,2026-07-06,,day,P,N,N,Regular Season,3,3,1,Final,Final,7,Kauffman Stadium,118,Kansas City Royals,KC,15,True,143,Philadelphia Phillies,PHI,1,False,592663,J.T. Realmuto,Jacob,Realmuto,10,1991-03-18,35,"6' 0""",212,2,Catcher,R,Right,R,Right,1-3 | 2 K,,3,1,0,0,0,0,0,2,0,0,0,0,3,1,,,,,,,,,,
2026-07-06,824089,,/api/v1.1/game/824089/feed/live,R,2026,2026-07-06,,day,P,N,N,Regular Season,3,3,1,Final,Final,7,Kauffman Stadium,118,Kansas City Royals,KC,15,True,143,Philadelphia Phillies,PHI,1,False,554430,Zack Wheeler,Zachary,Wheeler,45,1990-05-30,36,"6' 4""",195,1,Pitcher,L,Left,R,Right,,,,,,,,,,,,,,,,,,,,,,,,,,
2026-07-06,824089,,/api/v1.1/game/824089/feed/live,R,2026,2026-07-06,,day,P,N,N,Regular Season,3,3,1,Final,Final,7,Kauffman Stadium,118,Kansas City Royals,KC,15,True,143,Philadelphia Phillies,PHI,1,False,624641,Edmundo Sosa,Edmundo,Sosa,33,1996-03-06,30,"5' 11""",210,4,Second Base,R,Right,R,Right,0-4 | BB,,4,0,0,0,0,0,0,0,1,0,0,1,5,0,,,,,,,,,,
2026-07-06,824089,,/api/v1.1/game/824089/feed/live,R,2026,2026-07-06,,day,P,N,N,Regular Season,3,3,1,Final,Final,7,Kauffman Stadium,118,Kansas City Royals,KC,15,True,143,Philadelphia Phillies,PHI,1,False,661395,Jhoan Duran,Jhoan,Duran,59,1998-01-08,28,"6' 5""",230,1,Pitcher,R,Right,R,Right,,,,,,,,,,,,,,,,,,,,,,,,,,
2026-07-06,824089,,/api/v1.1/game/824089/feed/live,R,2026,2026-07-06,,day,P,N,N,Regular Season,3,3,1,Final,Final,7,Kauffman Stadium,118,Kansas City Royals,KC,15,True,143,Philadelphia Phillies,PHI,1,False,686751,Seth Johnson,Seth,Johnson,51,1998-09-19,27,"6' 1""",205,1,Pitcher,R,Right,R,Right,"0.2 IP, 0 ER, K, BB",,,,,,,,,,,,,,,,0.2,0,0,0,1,1,15,0,0,0
2026-07-06,824089,,/api/v1.1/game/824089/feed/live,R,2026,2026-07-06,,day,P,N,N,Regular Season,3,3,1,Final,Final,7,Kauffman Stadium,118,Kansas City Royals,KC,15,True,143,Philadelphia Phillies,PHI,1,False,689147,Orion Kerkering,Richard,Kerkering,50,2001-04-04,25,"6' 2""",204,1,Pitcher,R,Right,R,Right,,,,,,,,,,,,,,,,,,,,,,,,,,
2026-07-06,824089,,/api/v1.1/game/824089/feed/live,R,2026,2026-07-06,,day,P,N,N,Regular Season,3,3,1,Final,Final,7,Kauffman Stadium,118,Kansas City Royals,KC,15,True,143,Philadelphia Phillies,PHI,1,False,664761,Alec Bohm,Alec,Bohm,28,1996-08-03,29,"6' 4""",218,5,Third Base,R,Right,R,Right,"1-5 | 2B, K, RBI",,5,1,1,0,0,1,0,1,0,0,0,0,5,2,,,,,,,,,,
2026-07-06,824089,,/api/v1.1/game/824089/feed/live,R,2026,2026-07-06,,day,P,N,N,Regular Season,3,3,1,Final,Final,7,Kauffman Stadium,118,Kansas City Royals,KC,15,True,143,Philadelphia Phillies,PHI,1,False,680742,Jonathan Bowlan,Jonathan,Bowlan,52,1996-12-01,29,"6' 6""",240,1,Pitcher,R,Right,R,Right,,,,,,,,,,,,,,,,,,,,,,,,,,
2026-07-06,824089,,/api/v1.1/game/824089/feed/live,R,2026,2026-07-06,,day,P,N,N,Regular Season,3,3,1,Final,Final,7,Kauffman Stadium,118,Kansas City Royals,KC,15,True,143,Philadelphia Phillies,PHI,1,False,641835,Tim Mayza,Timothy,Mayza,37,1992-01-15,34,"6' 3""",215,1,Pitcher,L,Left,L,Left,,,,,,,,,,,,,,,,,,,,,,,,,,
2026-07-06,824089,,/api/v1.1/game/824089/feed/live,R,2026,2026-07-06,,day,P,N,N,Regular Season,3,3,1,Final,Final,7,Kauffman Stadium,118,Kansas City Royals,KC,15,True,143,Philadelphia Phillies,PHI,1,False,681082,Bryson Stott,Bryson,Stott,5,1997-10-06,28,"6' 0""",200,4,Second Base,L,Left,R,Right,"2-4 | BB, K",,4,2,0,0,0,0,0,1,1,0,0,0,5,2,,,,,,,,,,
2026-07-06,824089,,/api/v1.1/game/824089/feed/live,R,2026,2026-07-06,,day,P,N,N,Regular Season,3,3,1,Final,Final,7,Kauffman Stadium,118,Kansas City Royals,KC,15,True,143,Philadelphia Phillies,PHI,1,False,656941,Kyle Schwarber,Kyle,Schwarber,12,1993-03-05,33,"5' 11""",229,10,Designated Hitter,L,Left,R,Right,"0-3 | BB, 3 K",,3,0,0,0,0,0,0,3,1,0,0,0,4,0,,,,,,,,,,
2026-07-06,824089,,/api/v1.1/game/824089/feed/live,R,2026,2026-07-06,,day,P,N,N,Regular Season,3,3,1,Final,Final,7,Kauffman Stadium,118,Kansas City Royals,KC,15,True,143,Philadelphia Phillies,PHI,1,False,665561,Rafael Marchán,Rafael,Marchán,13,1999-02-25,27,"5' 9""",170,2,Catcher,S,Switch,R,Right,0-1,,1,0,0,0,0,0,0,0,0,0,0,0,1,0,,,,,,,,,,
2026-07-06,824089,,/api/v1.1/game/824089/feed/live,R,2026,2026-07-06,,day,P,N,N,Regular Season,3,3,1,Final,Final,7,Kauffman Stadium,118,Kansas City Royals,KC,15,True,143,Philadelphia Phillies,PHI,1,False,596117,Garrett Stubbs,Garrett,Stubbs,21,1993-05-26,33,"5' 9""",170,2,Catcher,L,Left,R,Right,1-1,,1,1,0,0,0,0,0,0,0,0,0,0,1,1,1.0,2,4,0,0,1,19,0,0,0
2026-07-06,824089,,/api/v1.1/game/824089/feed/live,R,2026,2026-07-06,,day,P,N,N,Regular Season,3,3,1,Final,Final,7,Kauffman Stadium,118,Kansas City Royals,KC,15,True,143,Philadelphia Phillies,PHI,1,False,621383,Tanner Banks,Tanner,Banks,58,1991-10-24,34,"6' 1""",205,1,Pitcher,R,Right,L,Left,"1.0 IP, ER, K, 0 BB",,,,,,,,,,,,,,,,1.0,1,1,1,1,0,16,0,0,0
2026-07-06,824089,,/api/v1.1/game/824089/feed/live,R,2026,2026-07-06,,day,P,N,N,Regular Season,3,3,1,Final,Final,7,Kauffman Stadium,118,Kansas City Royals,KC,15,True,143,Philadelphia Phillies,PHI,1,False,605400,Aaron Nola,Aaron,Nola,27,1993-06-04,33,"6' 2""",200,1,Pitcher,R,Right,R,Right,,,,,,,,,,,,,,,,,,,,,,,,,,
2026-07-06,824089,,/api/v1.1/game/824089/feed/live,R,2026,2026-07-06,,day,P,N,N,Regular Season,3,3,1,Final,Final,7,Kauffman Stadium,118,Kansas City Royals,KC,15,True,143,Philadelphia Phillies,PHI,1,False,607208,Trea Turner,Trea,Turner,7,1993-06-30,33,"6' 1""",185,6,Shortstop,R,Right,R,Right,"3-4 | 2B, R",,4,3,1,0,0,0,1,0,0,0,0,0,4,4,,,,,,,,,,
2026-07-06,824089,,/api/v1.1/game/824089/feed/live,R,2026,2026-07-06,,day,P,N,N,Regular Season,3,3,1,Final,Final,7,Kauffman Stadium,118,Kansas City Royals,KC,15,True,143,Philadelphia Phillies,PHI,1,False,656537,Derek Hill,Derek,Hill,49,1995-12-30,30,"6' 0""",206,9,Outfielder,R,Right,R,Right,1-4 | 2 K,,4,1,0,0,0,0,0,2,0,0,0,0,4,1,,,,,,,,,,
2026-07-06,824089,,/api/v1.1/game/824089/feed/live,R,2026,2026-07-06,,day,P,N,N,Regular Season,3,3,1,Final,Final,7,Kauffman Stadium,118,Kansas City Royals,KC,15,True,143,Philadelphia Phillies,PHI,1,False,679775,Kyle Backhus,Kyle,Backhus,19,1998-01-31,28,"6' 4""",185,1,Pitcher,L,Left,L,Left,"1.0 IP, ER, K, 0 BB",,,,,,,,,,,,,,,,1.0,1,4,0,1,0,20,0,0,0
2026-07-06,822958,,/api/v1.1/game/822958/feed/live,R,2026,2026-07-06,,night,P,N,N,Regular Season,1,4,1,Final,Final,12,Tropicana Field,139,Tampa Bay Rays,TB,1,False,147,New York Yankees,NYY,5,True,670764,Taylor Walls,Taylor,Walls,6,1996-07-10,29,"5' 9""",185,6,Shortstop,S,Switch,R,Right,0-3 | 2 K,,3,0,0,0,0,0,0,2,0,0,0,0,3,0,,,,,,,,,,
2026-07-06,822958,,/api/v1.1/game/822958/feed/live,R,2026,2026-07-06,,night,P,N,N,Regular Season,1,4,1,Final,Final,12,Tropicana Field,139,Tampa Bay Rays,TB,1,False,147,New York Yankees,NYY,5,True,688297,Chris Roycroft,Chris,Roycroft,56,1997-06-21,29,"6' 8""",230,1,Pitcher,R,Right,R,Right,"2.0 IP, 2 ER, 4 K, 0 BB",,,,,,,,,,,,,,,,2.0,2,2,2,4,0,37,0,0,0
2026-07-06,822958,,/api/v1.1/game/822958/feed/live,R,2026,2026-07-06,,night,P,N,N,Regular Season,1,4,1,Final,Final,12,Tropicana Field,139,Tampa Bay Rays,TB,1,False,147,New York Yankees,NYY,5,True,663556,Shane McClanahan,Shane,McClanahan,18,1997-04-28,29,"6' 3""",210,1,Pitcher,L,Left,L,Left,,,,,,,,,,,,,,,,,,,,,,,,,,
2026-07-06,822958,,/api/v1.1/game/822958/feed/live,R,2026,2026-07-06,,night,P,N,N,Regular Season,1,4,1,Final,Final,12,Tropicana Field,139,Tampa Bay Rays,TB,1,False,147,New York Yankees,NYY,5,True,680700,Richie Palacios,Richard,Palacios,1,1997-05-16,29,"5' 8""",185,4,Second Base,L,Left,R,Right,2-3 | RBI,,3,2,0,0,0,1,0,0,0,0,0,0,3,2,,,,,,,,,,
2026-07-06,822958,,/api/v1.1/game/822958/feed/live,R,2026,2026-07-06,,night,P,N,N,Regular Season,1,4,1,Final,Final,12,Tropicana Field,139,Tampa Bay Rays,TB,1,False,147,New York Yankees,NYY,5,True,668723,Ryan Vilade,Ryan,Vilade,26,1999-02-18,27,"6' 1""",226,9,Outfielder,R,Right,R,Right,,,,,,,,,,,,,,,,,,,,,,,,,,
2026-07-06,822958,,/api/v1.1/game/822958/feed/live,R,2026,2026-07-06,,night,P,N,N,Regular Season,1,4,1,Final,Final,12,Tropicana Field,139,Tampa Bay Rays,TB,1,False,147,New York Yankees,NYY,5,True,668984,Casey Legumina,Casey,Legumina,67,1997-06-19,29,"6' 2""",195,1,Pitcher,R,Right,R,Right,"1.0 IP, 0 ER, 2 K, 0 BB",,,,,,,,,,,,,,,,1.0,0,0,0,2,0,14,0,0,0
2026-07-06,822958,,/api/v1.1/game/822958/feed/live,R,2026,2026-07-06,,night,P,N,N,Regular Season,1,4,1,Final,Final,12,Tropicana Field,139,Tampa Bay Rays,TB,1,False,147,New York Yankees,NYY,5,True,802415,Chandler Simpson,Chandler,Simpson,14,2000-11-18,25,"5' 11""",170,7,Outfielder,L,Left,R,Right,1-3 | R,,3,1,0,0,0,0,1,0,0,0,0,0,3,1,,,,,,,,,,
2026-07-06,822958,,/api/v1.1/game/822958/feed/live,R,2026,2026-07-06,,night,P,N,N,Regular Season,1,4,1,Final,Final,12,Tropicana Field,139,Tampa Bay Rays,TB,1,False,147,New York Yankees,NYY,5,True,607259,Nick Martinez,Nicholas,Martinez,28,1990-08-05,35,"6' 1""",200,1,Pitcher,L,Left,R,Right,,,,,,,,,,,,,,,,,,,,,,,,,,
2026-07-06,822958,,/api/v1.1/game/822958/feed/live,R,2026,2026-07-06,,night,P,N,N,Regular Season,1,4,1,Final,Final,12,Tropicana Field,139,Tampa Bay Rays,TB,1,False,147,New York Yankees,NYY,5,True,592155,Cam Booser,Cameron,Booser,62,1992-05-04,34,"6' 3""",230,1,Pitcher,L,Left,L,Left,,,,,,,,,,,,,,,,,,,,,,,,,,
2026-07-06,822958,,/api/v1.1/game/822958/feed/live,R,2026,2026-07-06,,night,P,N,N,Regular Season,1,4,1,Final,Final,12,Tropicana Field,139,Tampa Bay Rays,TB,1,False,147,New York Yankees,NYY,5,True,676356,Jonny DeLuca,Jonathan,DeLuca,21,1998-07-10,27,"5' 10""",195,9,Outfielder,R,Right,R,Right,1-3,,3,1,0,0,0,0,0,0,0,0,0,0,3,1,,,,,,,,,,
2026-07-06,822958,,/api/v1.1/game/822958/feed/live,R,2026,2026-07-06,,night,P,N,N,Regular Season,1,4,1,Final,Final,12,Tropicana Field,139,Tampa Bay Rays,TB,1,False,147,New York Yankees,NYY,5,True,693855,Ian Seymour,Ian,Seymour,61,1998-12-13,27,"6' 0""",215,1,Pitcher,L,Left,L,Left,,,,,,,,,,,,,,,,,,,,,,,,,,
2026-07-06,822958,,/api/v1.1/game/822958/feed/live,R,2026,2026-07-06,,night,P,N,N,Regular Season,1,4,1,Final,Final,12,Tropicana Field,139,Tampa Bay Rays,TB,1,False,147,New York Yankees,NYY,5,True,642121,Cole Sulser,Cole,Sulser,71,1990-03-12,36,"6' 0""",200,1,Pitcher,R,Right,R,Right,"1.0 IP, 0 ER, K, 0 BB",,,,,,,,,,,,,,,,1.0,0,0,0,1,0,14,0,0,0
2026-07-06,822958,,/api/v1.1/game/822958/feed/live,R,2026,2026-07-06,,night,P,N,N,Regular Season,1,4,1,Final,Final,12,Tropicana Field,139,Tampa Bay Rays,TB,1,False,147,New York Yankees,NYY,5,True,664076,Garrett Cleavinger,Garrett,Cleavinger,60,1994-04-23,32,"6' 1""",225,1,Pitcher,R,Right,L,Left,,,,,,,,,,,,,,,,,,,,,,,,,,
2026-07-06,822958,,/api/v1.1/game/822958/feed/live,R,2026,2026-07-06,,night,P,N,N,Regular Season,1,4,1,Final,Final,12,Tropicana Field,139,Tampa Bay Rays,TB,1,False,147,New York Yankees,NYY,5,True,676439,Hunter Feduccia,Hunter,Feduccia,9,1997-06-05,29,"6' 1""",215,2,Catcher,L,Left,R,Right,,,,,,,,,,,,,,,,,,,,,,,,,,
2026-07-06,822958,,/api/v1.1/game/822958/feed/live,R,2026,2026-07-06,,night,P,N,N,Regular Season,1,4,1,Final,Final,12,Tropicana Field,139,Tampa Bay Rays,TB,1,False,147,New York Yankees,NYY,5,True,687330,Kevin Kelly,Kevin,Kelly,49,1997-11-28,28,"6' 2""",195,1,Pitcher,R,Right,R,Right,,,,,,,,,,,,,,,,,,,,,,,,,,
2026-07-06,822958,,/api/v1.1/game/822958/feed/live,R,2026,2026-07-06,,night,P,N,N,Regular Season,1,4,1,Final,Final,12,Tropicana Field,139,Tampa Bay Rays,TB,1,False,147,New York Yankees,NYY,5,True,666018,Jonathan Aranda,Jonathan,Aranda,8,1998-05-23,28,"6' 0""",215,3,First Base,L,Left,R,Right,0-4 | 3 K,,4,0,0,0,0,0,0,3,0,0,0,0,4,0,,,,,,,,,,
2026-07-06,822958,,/api/v1.1/game/822958/feed/live,R,2026,2026-07-06,,night,P,N,N,Regular Season,1,4,1,Final,Final,12,Tropicana Field,139,Tampa Bay Rays,TB,1,False,147,New York Yankees,NYY,5,True,663743,Nick Fortes,Nicholas,Fortes,40,1996-11-11,29,"5' 11""",198,2,Catcher,R,Right,R,Right,0-3,,3,0,0,0,0,0,0,0,0,0,0,0,3,0,,,,,,,,,,
2026-07-06,822958,,/api/v1.1/game/822958/feed/live,R,2026,2026-07-06,,night,P,N,N,Regular Season,1,4,1,Final,Final,12,Tropicana Field,139,Tampa Bay Rays,TB,1,False,147,New York Yankees,NYY,5,True,643377,Griffin Jax,James,Jax,22,1994-11-22,31,"6' 2""",195,1,Pitcher,R,Right,R,Right,"5.0 IP, 3 ER, 10 K, 2 BB",,,,,,,,,,,,,,,,5.0,3,1,1,10,2,81,0,1,0
2026-07-06,822958,,/api/v1.1/game/822958/feed/live,R,2026,2026-07-06,,night,P,N,N,Regular Season,1,4,1,Final,Final,12,Tropicana Field,139,Tampa Bay Rays,TB,1,False,147,New York Yankees,NYY,5,True,518886,Craig Kimbrel,Craig,Kimbrel,46,1988-05-28,38,"6' 0""",215,1,Pitcher,R,Right,R,Right,,,,,,,,,,,,,,,,,,,,,,,,,,
2026-07-06,822958,,/api/v1.1/game/822958/feed/live,R,2026,2026-07-06,,night,P,N,N,Regular Season,1,4,1,Final,Final,12,Tropicana Field,139,Tampa Bay Rays,TB,1,False,147,New York Yankees,NYY,5,True,650490,Yandy Díaz,Yandy,Díaz,2,1991-08-08,34,"6' 0""",235,10,Designated Hitter,R,Right,R,Right,0-4 | K,,4,0,0,0,0,0,0,1,0,0,0,0,4,0,,,,,,,,,,
2026-07-06,822958,,/api/v1.1/game/822958/feed/live,R,2026,2026-07-06,,night,P,N,N,Regular Season,1,4,1,Final,Final,12,Tropicana Field,139,Tampa Bay Rays,TB,1,False,147,New York Yankees,NYY,5,True,810938,Ben Williamson,Benjamin,Williamson,15,2000-11-05,25,"6' 0""",210,4,Second Base,R,Right,R,Right,,,,,,,,,,,,,,,,,,,,,,,,,,
2026-07-06,822958,,/api/v1.1/game/822958/feed/live,R,2026,2026-07-06,,night,P,N,N,Regular Season,1,4,1,Final,Final,12,Tropicana Field,139,Tampa Bay Rays,TB,1,False,147,New York Yankees,NYY,5,True,641329,Bryan Baker,Bryan,Baker,47,1994-12-02,31,"6' 6""",235,1,Pitcher,R,Right,R,Right,,,,,,,,,,,,,,,,,,,,,,,,,,
2026-07-06,822958,,/api/v1.1/game/822958/feed/live,R,2026,2026-07-06,,night,P,N,N,Regular Season,1,4,1,Final,Final,12,Tropicana Field,139,Tampa Bay Rays,TB,1,False,147,New York Yankees,NYY,5,True,683748,Victor Mesa Jr.,Victor,Mesa,25,2001-09-08,24,"5' 11""",195,9,Outfielder,L,Left,L,Left,,,,,,,,,,,,,,,,,,,,,,,,,,
2026-07-06,822958,,/api/v1.1/game/822958/feed/live,R,2026,2026-07-06,,night,P,N,N,Regular Season,1,4,1,Final,Final,12,Tropicana Field,139,Tampa Bay Rays,TB,1,False,147,New York Yankees,NYY,5,True,691406,Junior Caminero,Junior,Caminero,13,2003-07-05,23,"6' 1""",220,5,Third Base,R,Right,R,Right,0-4 | K,,4,0,0,0,0,0,0,1,0,0,0,0,4,0,,,,,,,,,,
2026-07-06,822958,,/api/v1.1/game/822958/feed/live,R,2026,2026-07-06,,night,P,N,N,Regular Season,1,4,1,Final,Final,12,Tropicana Field,139,Tampa Bay Rays,TB,1,False,147,New York Yankees,NYY,5,True,656876,Drew Rasmussen,Drew,Rasmussen,57,1995-07-27,30,"6' 1""",240,1,Pitcher,R,Right,R,Right,,,,,,,,,,,,,,,,,,,,,,,,,,
2026-07-06,822958,,/api/v1.1/game/822958/feed/live,R,2026,2026-07-06,,night,P,N,N,Regular Season,1,4,1,Final,Final,12,Tropicana Field,139,Tampa Bay Rays,TB,1,False,147,New York Yankees,NYY,5,True,656775,Cedric Mullins,Boyce,Mullins,31,1994-10-01,31,"5' 7""",175,8,Outfielder,L,Left,L,Left,0-4 | 2 K,,4,0,0,0,0,0,0,2,0,0,0,0,4,0,,,,,,,,,,
2026-07-06,822958,,/api/v1.1/game/822958/feed/live,R,2026,2026-07-06,,night,P,N,N,Regular Season,1,4,1,Final,Final,12,Tropicana Field,139,Tampa Bay Rays,TB,1,False,147,New York Yankees,NYY,5,True,621112,Paul Blackburn,Paul,Blackburn,58,1993-12-04,32,"6' 1""",196,1,Pitcher,R,Right,R,Right,,,,,,,,,,,,,,,,,,,,,,,,,,
2026-07-06,822958,,/api/v1.1/game/822958/feed/live,R,2026,2026-07-06,,night,P,N,N,Regular Season,1,4,1,Final,Final,12,Tropicana Field,139,Tampa Bay Rays,TB,1,False,147,New York Yankees,NYY,5,True,645305,Ali Sánchez,Ali,Sánchez,39,1997-01-20,29,"6' 0""",200,2,Catcher,R,Right,R,Right,,,,,,,,,,,,,,,,,,,,,,,,,,
2026-07-06,822958,,/api/v1.1/game/822958/feed/live,R,2026,2026-07-06,,night,P,N,N,Regular Season,1,4,1,Final,Final,12,Tropicana Field,139,Tampa Bay Rays,TB,1,False,147,New York Yankees,NYY,5,True,676609,José Caballero,José,Caballero,72,1996-08-30,29,"5' 9""",190,6,Shortstop,R,Right,R,Right,"2-3 | 2 HR, 4 RBI, 2 R",,3,2,0,0,2,4,2,0,0,0,0,0,3,8,,,,,,,,,,
2026-07-06,822958,,/api/v1.1/game/822958/feed/live,R,2026,2026-07-06,,night,P,N,N,Regular Season,1,4,1,Final,Final,12,Tropicana Field,139,Tampa Bay Rays,TB,1,False,147,New York Yankees,NYY,5,True,642232,Ryan Yarbrough,Ryan,Yarbrough,33,1991-12-31,34,"6' 5""",205,1,Pitcher,R,Right,L,Left,,,,,,,,,,,,,,,,,,,,,,,,,,
2026-07-06,822958,,/api/v1.1/game/822958/feed/live,R,2026,2026-07-06,,night,P,N,N,Regular Season,1,4,1,Final,Final,12,Tropicana Field,139,Tampa Bay Rays,TB,1,False,147,New York Yankees,NYY,5,True,680474,Max Schuemann,Maxwell,Schuemann,30,1997-06-11,29,"6' 0""",198,6,Shortstop,R,Right,R,Right,,,,,,,,,,,,,,,,,,,,,,,,,,
2026-07-06,822958,,/api/v1.1/game/822958/feed/live,R,2026,2026-07-06,,night,P,N,N,Regular Season,1,4,1,Final,Final,12,Tropicana Field,139,Tampa Bay Rays,TB,1,False,147,New York Yankees,NYY,5,True,642708,Amed Rosario,German,Rosario,14,1995-11-20,30,"6' 1""",227,5,Third Base,R,Right,R,Right,,,,,,,,,,,,,,,,,,,,,,,,,,
2026-07-06,822958,,/api/v1.1/game/822958/feed/live,R,2026,2026-07-06,,night,P,N,N,Regular Season,1,4,1,Final,Final,12,Tropicana Field,139,Tampa Bay Rays,TB,1,False,147,New York Yankees,NYY,5,True,641857,Ryan McMahon,Ryan,McMahon,19,1994-12-14,31,"6' 2""",211,5,Third Base,L,Left,R,Right,0-3 | 3 K,,3,0,0,0,0,0,0,3,0,0,0,0,3,0,,,,,,,,,,
2026-07-06,822958,,/api/v1.1/game/822958/feed/live,R,2026,2026-07-06,,night,P,N,N,Regular Season,1,4,1,Final,Final,12,Tropicana Field,139,Tampa Bay Rays,TB,1,False,147,New York Yankees,NYY,5,True,677960,Ryan Weathers,Ryan,Weathers,40,1999-12-17,26,"6' 1""",230,1,Pitcher,R,Right,L,Left,,,,,,,,,,,,,,,,,,,,,,,,,,
2026-07-06,822958,,/api/v1.1/game/822958/feed/live,R,2026,2026-07-06,,night,P,N,N,Regular Season,1,4,1,Final,Final,12,Tropicana Field,139,Tampa Bay Rays,TB,1,False,147,New York Yankees,NYY,5,True,657612,Tim Hill,Timothy,Hill,41,1990-02-10,36,"6' 4""",210,1,Pitcher,R,Right,L,Left,,,,,,,,,,,,,,,,,,,,,,,,,,
2026-07-06,822958,,/api/v1.1/game/822958/feed/live,R,2026,2026-07-06,,night,P,N,N,Regular Season,1,4,1,Final,Final,12,Tropicana Field,139,Tampa Bay Rays,TB,1,False,147,New York Yankees,NYY,5,True,502671,Paul Goldschmidt,Paul,Goldschmidt,48,1987-09-10,38,"6' 2""",225,3,First Base,R,Right,R,Right,0-4 | 3 K,,4,0,0,0,0,0,0,3,0,0,0,0,4,0,,,,,,,,,,
2026-07-06,822958,,/api/v1.1/game/822958/feed/live,R,2026,2026-07-06,,night,P,N,N,Regular Season,1,4,1,Final,Final,12,Tropicana Field,139,Tampa Bay Rays,TB,1,False,147,New York Yankees,NYY,5,True,691176,Jasson Domínguez,Jasson,Domínguez,24,2003-02-07,23,"5' 9""",218,9,Outfielder,S,Switch,R,Right,"0-3 | BB, 2 K, R",,3,0,0,0,0,0,1,2,1,0,0,0,4,0,,,,,,,,,,
2026-07-06,822958,,/api/v1.1/game/822958/feed/live,R,2026,2026-07-06,,night,P,N,N,Regular Season,1,4,1,Final,Final,12,Tropicana Field,139,Tampa Bay Rays,TB,1,False,147,New York Yankees,NYY,5,True,669224,Austin Wells,Austin,Wells,28,1999-07-12,26,"6' 1""",220,2,Catcher,L,Left,R,Right,0-3 | K,,3,0,0,0,0,0,0,1,0,0,0,0,3,0,,,,,,,,,,
2026-07-06,822958,,/api/v1.1/game/822958/feed/live,R,2026,2026-07-06,,night,P,N,N,Regular Season,1,4,1,Final,Final,12,Tropicana Field,139,Tampa Bay Rays,TB,1,False,147,New York Yankees,NYY,5,True,700250,Ben Rice,Benjamin,Rice,22,1999-02-22,27,"6' 2""",228,3,First Base,L,Left,R,Right,"1-4 | HR, 2 K, RBI",,4,1,0,0,1,1,1,2,0,0,0,0,4,4,,,,,,,,,,
2026-07-06,822958,,/api/v1.1/game/822958/feed/live,R,2026,2026-07-06,,night,P,N,N,Regular Season,1,4,1,Final,Final,12,Tropicana Field,139,Tampa Bay Rays,TB,1,False,147,New York Yankees,NYY,5,True,687396,Brent Headrick,Brent,Headrick,47,1997-12-17,28,"6' 6""",235,1,Pitcher,L,Left,L,Left,,,,,,,,,,,,,,,,,,,,,,,,,,
2026-07-06,822958,,/api/v1.1/game/822958/feed/live,R,2026,2026-07-06,,night,P,N,N,Regular Season,1,4,1,Final,Final,12,Tropicana Field,139,Tampa Bay Rays,TB,1,False,147,New York Yankees,NYY,5,True,701542,Will Warren,William,Warren,29,1999-06-16,27,"6' 2""",200,1,Pitcher,R,Right,R,Right,,,,,,,,,,,,,,,,,,,,,,,,,,
2026-07-06,822958,,/api/v1.1/game/822958/feed/live,R,2026,2026-07-06,,night,P,N,N,Regular Season,1,4,1,Final,Final,12,Tropicana Field,139,Tampa Bay Rays,TB,1,False,147,New York Yankees,NYY,5,True,518585,Fernando Cruz,Fernando,Cruz,63,1990-03-28,36,"6' 2""",237,1,Pitcher,R,Right,R,Right,,,,,,,,,,,,,,,,,,,,,,,,,,
2026-07-06,822958,,/api/v1.1/game/822958/feed/live,R,2026,2026-07-06,,night,P,N,N,Regular Season,1,4,1,Final,Final,12,Tropicana Field,139,Tampa Bay Rays,TB,1,False,147,New York Yankees,NYY,5,True,683011,Anthony Volpe,Anthony,Volpe,11,2001-04-28,25,"5' 10""",197,6,Shortstop,R,Right,R,Right,,,,,,,,,,,,,,,,,,,,,,,,,,
2026-07-06,822958,,/api/v1.1/game/822958/feed/live,R,2026,2026-07-06,,night,P,N,N,Regular Season,1,4,1,Final,Final,12,Tropicana Field,139,Tampa Bay Rays,TB,1,False,147,New York Yankees,NYY,5,True,641355,Cody Bellinger,Cody,Bellinger,35,1995-07-13,30,"6' 3""",204,7,Outfielder,L,Left,L,Left,0-4 | 3 K,,4,0,0,0,0,0,0,3,0,0,0,0,4,0,,,,,,,,,,
2026-07-06,822958,,/api/v1.1/game/822958/feed/live,R,2026,2026-07-06,,night,P,N,N,Regular Season,1,4,1,Final,Final,12,Tropicana Field,139,Tampa Bay Rays,TB,1,False,147,New York Yankees,NYY,5,True,665862,Jazz Chisholm Jr.,Jasrado,Chisholm,13,1998-02-01,28,"5' 11""",184,4,Second Base,L,Left,R,Right,"0-2 | BB, 2 K, R",,2,0,0,0,0,0,1,2,1,0,0,0,3,0,,,,,,,,,,
2026-07-06,822958,,/api/v1.1/game/822958/feed/live,R,2026,2026-07-06,,night,P,N,N,Regular Season,1,4,1,Final,Final,12,Tropicana Field,139,Tampa Bay Rays,TB,1,False,147,New York Yankees,NYY,5,True,656234,Jake Bird,Jacob,Bird,59,1995-12-04,30,"6' 3""",215,1,Pitcher,R,Right,R,Right,,,,,,,,,,,,,,,,,,,,,,,,,,
2026-07-06,822958,,/api/v1.1/game/822958/feed/live,R,2026,2026-07-06,,night,P,N,N,Regular Season,1,4,1,Final,Final,12,Tropicana Field,139,Tampa Bay Rays,TB,1,False,147,New York Yankees,NYY,5,True,666808,Camilo Doval,Camilo,Doval,75,1997-07-04,29,"6' 2""",205,1,Pitcher,R,Right,R,Right,,,,,,,,,,,,,,,,,,,,,,,,,,
2026-07-06,822958,,/api/v1.1/game/822958/feed/live,R,2026,2026-07-06,,night,P,N,N,Regular Season,1,4,1,Final,Final,12,Tropicana Field,139,Tampa Bay Rays,TB,1,False,147,New York Yankees,NYY,5,True,663757,Trent Grisham,Trenton,Grisham,12,1996-11-01,29,"5' 10""",221,8,Outfielder,L,Left,L,Left,0-4 | K,,4,0,0,0,0,0,0,1,0,0,0,0,4,0,,,,,,,,,,
2026-07-06,822958,,/api/v1.1/game/822958/feed/live,R,2026,2026-07-06,,night,P,N,N,Regular Season,1,4,1,Final,Final,12,Tropicana Field,139,Tampa Bay Rays,TB,1,False,147,New York Yankees,NYY,5,True,670280,David Bednar,David,Bednar,53,1994-10-10,31,"6' 1""",250,1,Pitcher,L,Left,R,Right,"1.0 IP, 0 ER, K, 0 BB",,,,,,,,,,,,,,,,1.0,0,0,0,1,0,11,0,0,0
2026-07-06,822958,,/api/v1.1/game/822958/feed/live,R,2026,2026-07-06,,night,P,N,N,Regular Season,1,4,1,Final,Final,12,Tropicana Field,139,Tampa Bay Rays,TB,1,False,147,New York Yankees,NYY,5,True,683409,Angel Chivilli,Angel,Chivilli,57,2002-07-28,23,"6' 2""",185,1,Pitcher,R,Right,R,Right,,,,,,,,,,,,,,,,,,,,,,,,,,
2026-07-06,822958,,/api/v1.1/game/822958/feed/live,R,2026,2026-07-06,,night,P,N,N,Regular Season,1,4,1,Final,Final,12,Tropicana Field,139,Tampa Bay Rays,TB,1,False,147,New York Yankees,NYY,5,True,543037,Gerrit Cole,Gerrit,Cole,45,1990-09-08,35,"6' 4""",220,1,Pitcher,R,Right,R,Right,,,,,,,,,,,,,,,,,,,,,,,,,,
2026-07-06,822958,,/api/v1.1/game/822958/feed/live,R,2026,2026-07-06,,night,P,N,N,Regular Season,1,4,1,Final,Final,12,Tropicana Field,139,Tampa Bay Rays,TB,1,False,147,New York Yankees,NYY,5,True,693645,Cam Schlittler,Cameron,Schlittler,31,2001-02-05,25,"6' 6""",215,1,Pitcher,R,Right,R,Right,"8.0 IP, ER, 8 K, 0 BB",,,,,,,,,,,,,,,,8.0,1,4,0,8,0,101,1,0,0
2026-07-06,822712,,/api/v1.1/game/822712/feed/live,R,2026,2026-07-06,,night,P,N,N,Regular Season,1,3,1,Final,Final,3309,Nationals Park,120,Washington Nationals,WSH,12,True,117,Houston Astros,HOU,11,False,682928,CJ Abrams,Paul,Abrams,5,2000-10-03,25,"6' 0""",191,6,Shortstop,L,Left,R,Right,"3-5 | HR, K, 3 RBI",,5,3,0,0,1,3,2,1,0,1,0,0,5,6,,,,,,,,,,
2026-07-06,822712,,/api/v1.1/game/822712/feed/live,R,2026,2026-07-06,,night,P,N,N,Regular Season,1,3,1,Final,Final,3309,Nationals Park,120,Washington Nationals,WSH,12,True,117,Houston Astros,HOU,11,False,683083,Nasim Nuñez,Nasim,Nuñez,26,2000-08-18,25,"5' 8""",165,4,Second Base,S,Switch,R,Right,"3-4 | K, 2 R, SB",,4,3,0,0,0,0,2,1,0,1,0,0,4,3,,,,,,,,,,
2026-07-06,822712,,/api/v1.1/game/822712/feed/live,R,2026,2026-07-06,,night,P,N,N,Regular Season,1,3,1,Final,Final,3309,Nationals Park,120,Washington Nationals,WSH,12,True,117,Houston Astros,HOU,11,False,665953,Andrés Chaparro,Andrés,Chaparro,87,1999-05-04,27,"6' 0""",200,3,First Base,R,Right,R,Right,,,,,,,,,,,,,,,,,,,,,,,,,,
2026-07-06,822712,,/api/v1.1/game/822712/feed/live,R,2026,2026-07-06,,night,P,N,N,Regular Season,1,3,1,Final,Final,3309,Nationals Park,120,Washington Nationals,WSH,12,True,117,Houston Astros,HOU,11,False,686452,Drew Millas,Andrew,Millas,14,1998-01-15,28,"6' 0""",204,2,Catcher,S,Switch,R,Right,"1-3 | 2 K, RBI, CS",,3,1,0,0,0,1,0,2,0,0,1,0,4,1,,,,,,,,,,
2026-07-06,822712,,/api/v1.1/game/822712/feed/live,R,2026,2026-07-06,,night,P,N,N,Regular Season,1,3,1,Final,Final,3309,Nationals Park,120,Washington Nationals,WSH,12,True,117,Houston Astros,HOU,11,False,683000,Riley Cornelio,Riley,Cornelio,74,2000-06-06,26,"6' 3""",195,1,Pitcher,R,Right,R,Right,,,,,,,,,,,,,,,,,,,,,,,,,,
2026-07-06,822712,,/api/v1.1/game/822712/feed/live,R,2026,2026-07-06,,night,P,N,N,Regular Season,1,3,1,Final,Final,3309,Nationals Park,120,Washington Nationals,WSH,12,True,117,Houston Astros,HOU,11,False,571945,Miles Mikolas,Miles,Mikolas,36,1988-08-23,37,"6' 4""",230,1,Pitcher,R,Right,R,Right,"6.0 IP, 7 ER, 3 K, 2 BB",,,,,,,,,,,,,,,,6.0,7,9,2,3,2,99,1,0,0
2026-07-06,822712,,/api/v1.1/game/822712/feed/live,R,2026,2026-07-06,,night,P,N,N,Regular Season,1,3,1,Final,Final,3309,Nationals Park,120,Washington Nationals,WSH,12,True,117,Houston Astros,HOU,11,False,687223,Carson Palmquist,Carson,Palmquist,51,2000-10-17,25,"6' 3""",206,1,Pitcher,L,Left,L,Left,,,,,,,,,,,,,,,,,,,,,,,,,,
2026-07-06,822712,,/api/v1.1/game/822712/feed/live,R,2026,2026-07-06,,night,P,N,N,Regular Season,1,3,1,Final,Final,3309,Nationals Park,120,Washington Nationals,WSH,12,True,117,Houston Astros,HOU,11,False,678391,Jorbit Vivas,Jorbit,Vivas,84,2001-03-09,25,"5' 9""",171,5,Third Base,L,Left,R,Right,,,,,,,,,,,,,,,,,,,,,,,,,,
2026-07-06,822712,,/api/v1.1/game/822712/feed/live,R,2026,2026-07-06,,night,P,N,N,Regular Season,1,3,1,Final,Final,3309,Nationals Park,120,Washington Nationals,WSH,12,True,117,Houston Astros,HOU,11,False,686611,Dylan Crews,Dylan,Crews,3,2002-02-26,24,"5' 11""",203,9,Outfielder,R,Right,R,Right,"0-4 | K, R",,4,0,0,0,0,0,1,1,0,0,0,0,4,0,,,,,,,,,,
2026-07-06,822712,,/api/v1.1/game/822712/feed/live,R,2026,2026-07-06,,night,P,N,N,Regular Season,1,3,1,Final,Final,3309,Nationals Park,120,Washington Nationals,WSH,12,True,117,Houston Astros,HOU,11,False,676571,PJ Poulin,Peter,Poulin,50,1996-07-25,29,"6' 1""",195,1,Pitcher,R,Right,L,Left,,,,,,,,,,,,,,,,,,,,,,,,,,
2026-07-06,822712,,/api/v1.1/game/822712/feed/live,R,2026,2026-07-06,,night,P,N,N,Regular Season,1,3,1,Final,Final,3309,Nationals Park,120,Washington Nationals,WSH,12,True,117,Houston Astros,HOU,11,False,690925,Clayton Beeter,Clayton,Beeter,39,1998-10-09,27,"6' 2""",220,1,Pitcher,R,Right,R,Right,"1.1 IP, 0 ER, K, 0 BB",,,,,,,,,,,,,,,,1.1,0,0,0,1,0,12,0,0,1
2026-07-06,822712,,/api/v1.1/game/822712/feed/live,R,2026,2026-07-06,,night,P,N,N,Regular Season,1,3,1,Final,Final,3309,Nationals Park,120,Washington Nationals,WSH,12,True,117,Houston Astros,HOU,11,False,669371,Cole Henry,Jeffrey,Henry,99,1999-07-15,26,"6' 4""",200,1,Pitcher,R,Right,R,Right,"1.2 IP, 4 ER, 2 K, BB",,,,,,,,,,,,,,,,1.2,4,3,1,2,1,44,0,0,0
2026-07-06,822712,,/api/v1.1/game/822712/feed/live,R,2026,2026-07-06,,night,P,N,N,Regular Season,1,3,1,Final,Final,3309,Nationals Park,120,Washington Nationals,WSH,12,True,117,Houston Astros,HOU,11,False,695418,Brad Lord,Bradley,Lord,41,2000-02-14,26,"6' 3""",210,1,Pitcher,R,Right,R,Right,,,,,,,,,,,,,,,,,,,,,,,,,,
2026-07-06,822712,,/api/v1.1/game/822712/feed/live,R,2026,2026-07-06,,night,P,N,N,Regular Season,1,3,1,Final,Final,3309,Nationals Park,120,Washington Nationals,WSH,12,True,117,Houston Astros,HOU,11,False,678554,Curtis Mead,Curtis,Mead,45,2000-10-26,25,"6' 1""",225,5,Third Base,R,Right,R,Right,"3-5 | HR, 2B, K",,5,3,1,0,1,3,2,1,0,0,0,0,5,7,,,,,,,,,,
2026-07-06,822712,,/api/v1.1/game/822712/feed/live,R,2026,2026-07-06,,night,P,N,N,Regular Season,1,3,1,Final,Final,3309,Nationals Park,120,Washington Nationals,WSH,12,True,117,Houston Astros,HOU,11,False,695734,Daylen Lile,Daylen,Lile,4,2002-11-30,23,"5' 11""",195,7,Outfielder,L,Left,R,Right,0-4,,4,0,0,0,0,0,0,0,0,0,0,0,4,0,,,,,,,,,,
2026-07-06,822712,,/api/v1.1/game/822712/feed/live,R,2026,2026-07-06,,night,P,N,N,Regular Season,1,3,1,Final,Final,3309,Nationals Park,120,Washington Nationals,WSH,12,True,117,Houston Astros,HOU,11,False,677588,José Tena,José,Tena,8,2001-03-20,25,"5' 10""",195,10,Designated Hitter,L,Left,R,Right,,,,,,,,,,,,,,,,,,,,,,,,,,
2026-07-06,822712,,/api/v1.1/game/822712/feed/live,R,2026,2026-07-06,,night,P,N,N,Regular Season,1,3,1,Final,Final,3309,Nationals Park,120,Washington Nationals,WSH,12,True,117,Houston Astros,HOU,11,False,695578,James Wood,James,Wood,29,2002-09-17,23,"6' 6""",234,9,Outfielder,L,Left,R,Right,"1-2 | HR, 3 BB, 4 RBI",,2,1,0,0,1,4,3,0,3,1,0,0,5,4,,,,,,,,,,
2026-07-06,822712,,/api/v1.1/game/822712/feed/live,R,2026,2026-07-06,,night,P,N,N,Regular Season,1,3,1,Final,Final,3309,Nationals Park,120,Washington Nationals,WSH,12,True,117,Houston Astros,HOU,11,False,696285,Jacob Young,Jacob,Young,30,1999-07-27,26,"5' 11""",192,8,Outfielder,R,Right,R,Right,1-4 | R,,4,1,0,0,0,0,1,0,0,0,0,0,4,1,,,,,,,,,,
2026-07-06,822712,,/api/v1.1/game/822712/feed/live,R,2026,2026-07-06,,night,P,N,N,Regular Season,1,3,1,Final,Final,3309,Nationals Park,120,Washington Nationals,WSH,12,True,117,Houston Astros,HOU,11,False,664875,Justin Lawrence,Justin,Lawrence,44,1994-11-25,31,"6' 3""",211,1,Pitcher,R,Right,R,Right,,,,,,,,,,,,,,,,,,,,,,,,,,
2026-07-06,822712,,/api/v1.1/game/822712/feed/live,R,2026,2026-07-06,,night,P,N,N,Regular Season,1,3,1,Final,Final,3309,Nationals Park,120,Washington Nationals,WSH,12,True,117,Houston Astros,HOU,11,False,687377,Orlando Ribalta,Orlando,Ribalta,64,1998-03-05,28,"6' 7""",245,1,Pitcher,R,Right,R,Right,,,,,,,,,,,,,,,,,,,,,,,,,,
2026-07-06,822712,,/api/v1.1/game/822712/feed/live,R,2026,2026-07-06,,night,P,N,N,Regular Season,1,3,1,Final,Final,3309,Nationals Park,120,Washington Nationals,WSH,12,True,117,Houston Astros,HOU,11,False,641793,Zack Littell,Zack,Littell,18,1995-10-05,30,"6' 4""",250,1,Pitcher,R,Right,R,Right,,,,,,,,,,,,,,,,,,,,,,,,,,
2026-07-06,822712,,/api/v1.1/game/822712/feed/live,R,2026,2026-07-06,,night,P,N,N,Regular Season,1,3,1,Final,Final,3309,Nationals Park,120,Washington Nationals,WSH,12,True,117,Houston Astros,HOU,11,False,660688,Keibert Ruiz,Keibert,Ruiz,20,1998-07-20,27,"5' 11""",238,2,Catcher,S,Switch,R,Right,,,,,,,,,,,,,,,,,,,,,,,,,,
2026-07-06,822712,,/api/v1.1/game/822712/feed/live,R,2026,2026-07-06,,night,P,N,N,Regular Season,1,3,1,Final,Final,3309,Nationals Park,120,Washington Nationals,WSH,12,True,117,Houston Astros,HOU,11,False,656492,Foster Griffin,Fred,Griffin,22,1995-07-27,30,"6' 3""",225,1,Pitcher,R,Right,L,Left,,,,,,,,,,,,,,,,,,,,,,,,,,
2026-07-06,822712,,/api/v1.1/game/822712/feed/live,R,2026,2026-07-06,,night,P,N,N,Regular Season,1,3,1,Final,Final,3309,Nationals Park,120,Washington Nationals,WSH,12,True,117,Houston Astros,HOU,11,False,671277,Luis García Jr.,Luis,García,2,2000-05-16,26,"6' 1""",216,3,First Base,L,Left,R,Right,"1-5 | 2B, 3 K, RBI",,5,1,1,0,0,1,1,3,0,0,0,0,5,2,,,,,,,,,,
2026-07-06,822712,,/api/v1.1/game/822712/feed/live,R,2026,2026-07-06,,night,P,N,N,Regular Season,1,3,1,Final,Final,3309,Nationals Park,120,Washington Nationals,WSH,12,True,117,Houston Astros,HOU,11,False,674841,Andrew Alvarez,Michael,Alvarez,54,1999-06-13,27,"6' 3""",215,1,Pitcher,L,Left,L,Left,,,,,,,,,,,,,,,,,,,,,,,,,,
2026-07-06,822712,,/api/v1.1/game/822712/feed/live,R,2026,2026-07-06,,night,P,N,N,Regular Season,1,3,1,Final,Final,3309,Nationals Park,120,Washington Nationals,WSH,12,True,117,Houston Astros,HOU,11,False,670623,Isaac Paredes,Isaac,Paredes,15,1999-02-18,27,"5' 11""",213,5,Third Base,R,Right,R,Right,"0-4 | BB, K, R",,4,0,0,0,0,0,1,1,1,0,0,0,5,0,,,,,,,,,,
2026-07-06,822712,,/api/v1.1/game/822712/feed/live,R,2026,2026-07-06,,night,P,N,N,Regular Season,1,3,1,Final,Final,3309,Nationals Park,120,Washington Nationals,WSH,12,True,117,Houston Astros,HOU,11,False,650556,Bryan Abreu,Bryan,Abreu,52,1997-04-22,29,"6' 1""",230,1,Pitcher,R,Right,R,Right,,,,,,,,,,,,,,,,,,,,,,,,,,
2026-07-06,822712,,/api/v1.1/game/822712/feed/live,R,2026,2026-07-06,,night,P,N,N,Regular Season,1,3,1,Final,Final,3309,Nationals Park,120,Washington Nationals,WSH,12,True,117,Houston Astros,HOU,11,False,669397,Nick Allen,Nicholas,Allen,20,1998-10-08,27,"5' 7""",166,6,Shortstop,R,Right,R,Right,,,,,,,,,,,,,,,,,,,,,,,,,,
2026-07-06,822712,,/api/v1.1/game/822712/feed/live,R,2026,2026-07-06,,night,P,N,N,Regular Season,1,3,1,Final,Final,3309,Nationals Park,120,Washington Nationals,WSH,12,True,117,Houston Astros,HOU,11,False,701358,Cam Smith,Cameron,Smith,11,2003-02-22,23,"6' 3""",224,9,Outfielder,R,Right,R,Right,"2-3 | BB, 2 R",,3,2,0,0,0,0,2,0,1,0,0,0,4,2,,,,,,,,,,
2026-07-06,822712,,/api/v1.1/game/822712/feed/live,R,2026,2026-07-06,,night,P,N,N,Regular Season,1,3,1,Final,Final,3309,Nationals Park,120,Washington Nationals,WSH,12,True,117,Houston Astros,HOU,11,False,669699,Braden Shewmake,Braden,Shewmake,28,1997-11-19,28,"6' 3""",200,6,Shortstop,L,Left,R,Right,"2-4 | 2B, RBI, 2 R",,4,2,1,0,0,1,2,0,0,0,0,1,4,3,,,,,,,,,,
2026-07-06,822712,,/api/v1.1/game/822712/feed/live,R,2026,2026-07-06,,night,P,N,N,Regular Season,1,3,1,Final,Final,3309,Nationals Park,120,Washington Nationals,WSH,12,True,117,Houston Astros,HOU,11,False,686613,Hunter Brown,Hunter,Brown,58,1998-08-29,27,"6' 2""",220,1,Pitcher,R,Right,R,Right,,,,,,,,,,,,,,,,,,,,,,,,,,
2026-07-06,822712,,/api/v1.1/game/822712/feed/live,R,2026,2026-07-06,,night,P,N,N,Regular Season,1,3,1,Final,Final,3309,Nationals Park,120,Washington Nationals,WSH,12,True,117,Houston Astros,HOU,11,False,623352,Josh Hader,Josh,Hader,71,1994-04-07,32,"6' 3""",188,1,Pitcher,L,Left,L,Left,,,,,,,,,,,,,,,,,,,,,,,,,,
2026-07-06,822712,,/api/v1.1/game/822712/feed/live,R,2026,2026-07-06,,night,P,N,N,Regular Season,1,3,1,Final,Final,3309,Nationals Park,120,Washington Nationals,WSH,12,True,117,Houston Astros,HOU,11,False,660853,Enyel De Los Santos,Enyel,De Los Santos,65,1995-12-25,30,"6' 3""",235,1,Pitcher,R,Right,R,Right,"1.0 IP, 0 ER, 2 K, BB",,,,,,,,,,,,,,,,1.0,0,0,0,2,1,19,0,0,0
2026-07-06,822712,,/api/v1.1/game/822712/feed/live,R,2026,2026-07-06,,night,P,N,N,Regular Season,1,3,1,Final,Final,3309,Nationals Park,120,Washington Nationals,WSH,12,True,117,Houston Astros,HOU,11,False,595345,Steven Okert,Steven,Okert,48,1991-07-09,34,"6' 2""",202,1,Pitcher,L,Left,L,Left,,,,,,,,,,,,,,,,,,,,,,,,,,
2026-07-06,822712,,/api/v1.1/game/822712/feed/live,R,2026,2026-07-06,,night,P,N,N,Regular Season,1,3,1,Final,Final,3309,Nationals Park,120,Washington Nationals,WSH,12,True,117,Houston Astros,HOU,11,False,694728,Brice Matthews,Brice,Matthews,0,2002-03-16,24,"5' 10""",190,8,Outfielder,R,Right,R,Right,"2-4 | HR, K, 3 RBI",,4,2,0,0,1,3,2,1,0,0,0,0,4,5,,,,,,,,,,
2026-07-06,822712,,/api/v1.1/game/822712/feed/live,R,2026,2026-07-06,,night,P,N,N,Regular Season,1,3,1,Final,Final,3309,Nationals Park,120,Washington Nationals,WSH,12,True,117,Houston Astros,HOU,11,False,805123,AJ Blubaugh,Alan,Blubaugh,69,2000-07-04,26,"6' 2""",190,1,Pitcher,R,Right,R,Right,"1.2 IP, 2 ER, 3 K, 0 BB",,,,,,,,,,,,,,,,1.2,2,3,1,3,0,33,0,0,0
2026-07-06,822712,,/api/v1.1/game/822712/feed/live,R,2026,2026-07-06,,night,P,N,N,Regular Season,1,3,1,Final,Final,3309,Nationals Park,120,Washington Nationals,WSH,12,True,117,Houston Astros,HOU,11,False,514888,Jose Altuve,Jose,Altuve,27,1990-05-06,36,"5' 6""",167,4,Second Base,R,Right,R,Right,"1-5 | HR, K, 3 RBI",,5,1,0,0,1,3,1,1,0,0,0,0,5,4,,,,,,,,,,
2026-07-06,822712,,/api/v1.1/game/822712/feed/live,R,2026,2026-07-06,,night,P,N,N,Regular Season,1,3,1,Final,Final,3309,Nationals Park,120,Washington Nationals,WSH,12,True,117,Houston Astros,HOU,11,False,666211,Taylor Trammell,Taylor,Trammell,26,1997-09-13,28,"6' 1""",220,8,Outfielder,L,Left,L,Left,,,,,,,,,,,,,,,,,,,,,,,,,,
2026-07-06,822712,,/api/v1.1/game/822712/feed/live,R,2026,2026-07-06,,night,P,N,N,Regular Season,1,3,1,Final,Final,3309,Nationals Park,120,Washington Nationals,WSH,12,True,117,Houston Astros,HOU,11,False,837227,Tatsuya Imai,Tatsuya,Imai,45,1998-05-09,28,"5' 11""",176,1,Pitcher,R,Right,R,Right,,,,,,,,,,,,,,,,,,,,,,,,,,
2026-07-06,822712,,/api/v1.1/game/822712/feed/live,R,2026,2026-07-06,,night,P,N,N,Regular Season,1,3,1,Final,Final,3309,Nationals Park,120,Washington Nationals,WSH,12,True,117,Houston Astros,HOU,11,False,701305,Zach Dezenzo,Zachary,Dezenzo,9,2000-05-11,26,"6' 5""",220,7,Outfielder,R,Right,R,Right,,,,,,,,,,,,,,,,,,,,,,,,,,
2026-07-06,822712,,/api/v1.1/game/822712/feed/live,R,2026,2026-07-06,,night,P,N,N,Regular Season,1,3,1,Final,Final,3309,Nationals Park,120,Washington Nationals,WSH,12,True,117,Houston Astros,HOU,11,False,663567,Peter Lambert,Peter,Lambert,38,1997-04-18,29,"6' 2""",208,1,Pitcher,R,Right,R,Right,,,,,,,,,,,,,,,,,,,,,,,,,,
2026-07-06,822712,,/api/v1.1/game/822712/feed/live,R,2026,2026-07-06,,night,P,N,N,Regular Season,1,3,1,Final,Final,3309,Nationals Park,120,Washington Nationals,WSH,12,True,117,Houston Astros,HOU,11,False,681347,Mike Burrows,Michael,Burrows,50,1999-11-08,26,"6' 1""",200,1,Pitcher,R,Right,R,Right,"4.1 IP, 7 ER, 3 K, 2 BB",,,,,,,,,,,,,,,,4.1,7,9,2,3,2,83,0,1,0
2026-07-06,822712,,/api/v1.1/game/822712/feed/live,R,2026,2026-07-06,,night,P,N,N,Regular Season,1,3,1,Final,Final,3309,Nationals Park,120,Washington Nationals,WSH,12,True,117,Houston Astros,HOU,11,False,664299,Cristian Javier,Cristian,Javier,53,1997-03-26,29,"6' 1""",210,1,Pitcher,R,Right,R,Right,,,,,,,,,,,,,,,,,,,,,,,,,,
2026-07-06,822712,,/api/v1.1/game/822712/feed/live,R,2026,2026-07-06,,night,P,N,N,Regular Season,1,3,1,Final,Final,3309,Nationals Park,120,Washington Nationals,WSH,12,True,117,Houston Astros,HOU,11,False,687911,Bryan King,Bryan,King,74,1996-11-05,29,"6' 1""",205,1,Pitcher,R,Right,L,Left,,,,,,,,,,,,,,,,,,,,,,,,,,
2026-07-06,822712,,/api/v1.1/game/822712/feed/live,R,2026,2026-07-06,,night,P,N,N,Regular Season,1,3,1,Final,Final,3309,Nationals Park,120,Washington Nationals,WSH,12,True,117,Houston Astros,HOU,11,False,664774,LaMonte Wade Jr.,LaMonte,Wade,31,1994-01-01,32,"5' 11""",215,3,First Base,L,Left,L,Left,"0-3 | BB, K, R",,3,0,0,0,0,0,1,1,1,0,0,0,4,0,,,,,,,,,,
2026-07-06,822712,,/api/v1.1/game/822712/feed/live,R,2026,2026-07-06,,night,P,N,N,Regular Season,1,3,1,Final,Final,3309,Nationals Park,120,Washington Nationals,WSH,12,True,117,Houston Astros,HOU,11,False,572233,Christian Walker,Christian,Walker,8,1991-03-28,35,"5' 11""",208,3,First Base,R,Right,R,Right,"2-5 | 2B, RBI",,5,2,1,0,0,1,0,0,0,0,0,0,5,3,,,,,,,,,,
2026-07-06,822712,,/api/v1.1/game/822712/feed/live,R,2026,2026-07-06,,night,P,N,N,Regular Season,1,3,1,Final,Final,3309,Nationals Park,120,Washington Nationals,WSH,12,True,117,Houston Astros,HOU,11,False,663878,Nate Pearson,Nathan,Pearson,55,1996-08-20,29,"6' 6""",255,1,Pitcher,R,Right,R,Right,"1.0 IP, 0 ER, K, 0 BB",,,,,,,,,,,,,,,,1.0,0,1,0,1,0,13,0,0,0
2026-07-06,822712,,/api/v1.1/game/822712/feed/live,R,2026,2026-07-06,,night,P,N,N,Regular Season,1,3,1,Final,Final,3309,Nationals Park,120,Washington Nationals,WSH,12,True,117,Houston Astros,HOU,11,False,681293,Spencer Arrighetti,Spencer,Arrighetti,41,2000-01-02,26,"6' 2""",186,1,Pitcher,R,Right,R,Right,,,,,,,,,,,,,,,,,,,,,,,,,,
2026-07-06,822712,,/api/v1.1/game/822712/feed/live,R,2026,2026-07-06,,night,P,N,N,Regular Season,1,3,1,Final,Final,3309,Nationals Park,120,Washington Nationals,WSH,12,True,117,Houston Astros,HOU,11,False,543877,Christian Vázquez,Christian,Vázquez,2,1990-08-21,35,"5' 8""",205,2,Catcher,R,Right,R,Right,,,,,,,,,,,,,,,,,,,,,,,,,,
2026-07-06,822712,,/api/v1.1/game/822712/feed/live,R,2026,2026-07-06,,night,P,N,N,Regular Season,1,3,1,Final,Final,3309,Nationals Park,120,Washington Nationals,WSH,12,True,117,Houston Astros,HOU,11,False,673237,Yainer Diaz,Yainer,Diaz,21,1998-09-21,27,"5' 11""",195,2,Catcher,R,Right,R,Right,"2-4 | HR, 2 RBI, 2 R",,4,2,0,0,1,2,2,0,0,0,0,0,4,5,,,,,,,,,,
2026-07-06,822712,,/api/v1.1/game/822712/feed/live,R,2026,2026-07-06,,night,P,N,N,Regular Season,1,3,1,Final,Final,3309,Nationals Park,120,Washington Nationals,WSH,12,True,117,Houston Astros,HOU,11,False,670541,Yordan Alvarez,Yordan,Alvarez,44,1997-06-27,29,"6' 4""",237,10,Designated Hitter,L,Left,R,Right,1-5 | 2 K,,5,1,0,0,0,0,0,2,0,0,0,0,5,1,,,,,,,,,,
2026-07-06,824900,,/api/v1.1/game/824900/feed/live,R,2026,2026-07-06,,night,P,N,N,Regular Season,4,4,1,Final,Final,4705,Truist Park,144,Atlanta Braves,ATL,6,False,121,New York Mets,NYM,7,True,640492,José Azócar,José,Azócar,38,1996-05-11,30,"5' 11""",181,9,Outfielder,R,Right,R,Right,"0-1 | K, R",,1,0,0,0,0,0,1,1,0,0,0,0,1,0,,,,,,,,,,
2026-07-06,824900,,/api/v1.1/game/824900/feed/live,R,2026,2026-07-06,,night,P,N,N,Regular Season,4,4,1,Final,Final,4705,Truist Park,144,Atlanta Braves,ATL,6,False,121,New York Mets,NYM,7,True,702566,Owen Murphy,Owen,Murphy,73,2003-09-27,22,"6' 1""",190,1,Pitcher,R,Right,R,Right,0-0,,0,0,0,0,0,0,0,0,0,0,0,0,0,0,1.0,1,1,0,1,0,20,0,1,0
2026-07-06,824900,,/api/v1.1/game/824900/feed/live,R,2026,2026-07-06,,night,P,N,N,Regular Season,4,4,1,Final,Final,4705,Truist Park,144,Atlanta Braves,ATL,6,False,121,New York Mets,NYM,7,True,689266,Dylan Dodd,Dylan,Dodd,46,1998-06-06,28,"6' 2""",210,1,Pitcher,L,Left,L,Left,,,,,,,,,,,,,,,,,,,,,,,,,,
2026-07-06,824900,,/api/v1.1/game/824900/feed/live,R,2026,2026-07-06,,night,P,N,N,Regular Season,4,4,1,Final,Final,4705,Truist Park,144,Atlanta Braves,ATL,6,False,121,New York Mets,NYM,7,True,669276,Dylan Lee,Dylan,Lee,52,1994-08-01,31,"6' 3""",214,1,Pitcher,L,Left,L,Left,"1.0 IP, 0 ER, 0 K, 2 BB",,,,,,,,,,,,,,,,1.0,0,0,0,0,2,19,0,0,0
2026-07-06,824900,,/api/v1.1/game/824900/feed/live,R,2026,2026-07-06,,night,P,N,N,Regular Season,4,4,1,Final,Final,4705,Truist Park,144,Atlanta Braves,ATL,6,False,121,New York Mets,NYM,7,True,671739,Michael Harris II,Michael,Harris,23,2001-03-07,25,"5' 11""",195,8,Outfielder,L,Left,L,Left,"3-6 | 2B, 3 K, 2 RBI",,6,3,1,0,0,2,0,3,0,0,0,0,6,4,,,,,,,,,,
2026-07-06,824900,,/api/v1.1/game/824900/feed/live,R,2026,2026-07-06,,night,P,N,N,Regular Season,4,4,1,Final,Final,4705,Truist Park,144,Atlanta Braves,ATL,6,False,121,New York Mets,NYM,7,True,663698,Joey Bart,Joseph,Bart,16,1996-12-15,29,"6' 2""",242,2,Catcher,R,Right,R,Right,"0-2 | BB, K",,2,0,0,0,0,0,0,1,1,0,0,0,3,0,,,,,,,,,,
2026-07-06,824900,,/api/v1.1/game/824900/feed/live,R,2026,2026-07-06,,night,P,N,N,Regular Season,4,4,1,Final,Final,4705,Truist Park,144,Atlanta Braves,ATL,6,False,121,New York Mets,NYM,7,True,622761,Jorge Mateo,Jorge,Mateo,2,1995-06-23,31,"6' 0""",200,6,Shortstop,R,Right,R,Right,0-0 | BB,,0,0,0,0,0,0,0,0,1,0,0,0,1,0,,,,,,,,,,
2026-07-06,824900,,/api/v1.1/game/824900/feed/live,R,2026,2026-07-06,,night,P,N,N,Regular Season,4,4,1,Final,Final,4705,Truist Park,144,Atlanta Braves,ATL,6,False,121,New York Mets,NYM,7,True,643289,Mauricio Dubón,Mauricio,Dubón,14,1994-07-19,31,"5' 11""",173,7,Outfielder,R,Right,R,Right,"1-6 | 2B, K",,6,1,1,0,0,0,0,1,0,0,0,0,6,2,,,,,,,,,,
2026-07-06,824900,,/api/v1.1/game/824900/feed/live,R,2026,2026-07-06,,night,P,N,N,Regular Season,4,4,1,Final,Final,4705,Truist Park,144,Atlanta Braves,ATL,6,False,121,New York Mets,NYM,7,True,800311,Didier Fuentes,Didier,Fuentes,72,2005-06-17,21,"6' 0""",170,1,Pitcher,R,Right,R,Right,"1.0 IP, ER, K, 0 BB",,,,,,,,,,,,,,,,1.0,1,4,0,1,0,23,0,0,0
2026-07-06,824900,,/api/v1.1/game/824900/feed/live,R,2026,2026-07-06,,night,P,N,N,Regular Season,4,4,1,Final,Final,4705,Truist Park,144,Atlanta Braves,ATL,6,False,121,New York Mets,NYM,7,True,686948,Drake Baldwin,Drake,Baldwin,30,2001-03-28,25,"6' 0""",225,2,Catcher,L,Left,R,Right,2-4 | HBP,,4,2,0,0,0,0,0,0,0,0,0,0,5,2,,,,,,,,,,
2026-07-06,824900,,/api/v1.1/game/824900/feed/live,R,2026,2026-07-06,,night,P,N,N,Regular Season,4,4,1,Final,Final,4705,Truist Park,144,Atlanta Braves,ATL,6,False,121,New York Mets,NYM,7,True,519242,Chris Sale,Christopher,Sale,51,1989-03-30,37,"6' 6""",180,1,Pitcher,L,Left,L,Left,,,,,,,,,,,,,,,,,,,,,,,,,,
2026-07-06,824900,,/api/v1.1/game/824900/feed/live,R,2026,2026-07-06,,night,P,N,N,Regular Season,4,4,1,Final,Final,4705,Truist Park,144,Atlanta Braves,ATL,6,False,121,New York Mets,NYM,7,True,805347,Jim Jarvis,James,Jarvis,74,2000-11-06,25,"5' 9""",190,6,Shortstop,L,Left,R,Right,"1-4 | BB, K, RBI",,4,1,0,0,0,1,0,1,1,0,0,0,5,1,,,,,,,,,,
2026-07-06,824900,,/api/v1.1/game/824900/feed/live,R,2026,2026-07-06,,night,P,N,N,Regular Season,4,4,1,Final,Final,4705,Truist Park,144,Atlanta Braves,ATL,6,False,121,New York Mets,NYM,7,True,621566,Matt Olson,Matthew,Olson,28,1994-03-29,32,"6' 4""",225,3,First Base,L,Left,R,Right,"2-5 | 2 HR, BB, K",,5,2,0,0,2,3,2,1,1,0,0,0,6,8,,,,,,,,,,
2026-07-06,824900,,/api/v1.1/game/824900/feed/live,R,2026,2026-07-06,,night,P,N,N,Regular Season,4,4,1,Final,Final,4705,Truist Park,144,Atlanta Braves,ATL,6,False,121,New York Mets,NYM,7,True,702275,JR Ritchie,Ian,Ritchie,60,2003-06-26,23,"6' 2""",185,1,Pitcher,R,Right,R,Right,,,,,,,,,,,,,,,,,,,,,,,,,,
2026-07-06,824900,,/api/v1.1/game/824900/feed/live,R,2026,2026-07-06,,night,P,N,N,Regular Season,4,4,1,Final,Final,4705,Truist Park,144,Atlanta Braves,ATL,6,False,121,New York Mets,NYM,7,True,642086,Dominic Smith,Dominic,Smith,8,1995-06-15,31,"5' 11""",224,10,Designated Hitter,L,Left,L,Left,"1-2 | K, R",,2,1,0,0,0,0,1,1,0,0,0,0,2,1,,,,,,,,,,
2026-07-06,824900,,/api/v1.1/game/824900/feed/live,R,2026,2026-07-06,,night,P,N,N,Regular Season,4,4,1,Final,Final,4705,Truist Park,144,Atlanta Braves,ATL,6,False,121,New York Mets,NYM,7,True,694462,Hurston Waldrep,Hurston,Waldrep,64,2002-03-01,24,"6' 2""",210,1,Pitcher,R,Right,R,Right,,,,,,,,,,,,,,,,,,,,,,,,,,
2026-07-06,824900,,/api/v1.1/game/824900/feed/live,R,2026,2026-07-06,,night,P,N,N,Regular Season,4,4,1,Final,Final,4705,Truist Park,144,Atlanta Braves,ATL,6,False,121,New York Mets,NYM,7,True,571657,Kyle Farmer,James,Farmer,15,1990-08-17,35,"5' 11""",205,10,Designated Hitter,R,Right,R,Right,,,,,,,,,,,,,,,,,,,,,,,,,,
2026-07-06,824900,,/api/v1.1/game/824900/feed/live,R,2026,2026-07-06,,night,P,N,N,Regular Season,4,4,1,Final,Final,4705,Truist Park,144,Atlanta Braves,ATL,6,False,121,New York Mets,NYM,7,True,641755,Tyler Kinley,Tyler,Kinley,45,1991-01-31,35,"6' 4""",220,1,Pitcher,R,Right,R,Right,"1.0 IP, 0 ER, K, BB",,,,,,,,,,,,,,,,1.0,0,0,0,1,1,16,0,0,0
2026-07-06,824900,,/api/v1.1/game/824900/feed/live,R,2026,2026-07-06,,night,P,N,N,Regular Season,4,4,1,Final,Final,4705,Truist Park,144,Atlanta Braves,ATL,6,False,121,New York Mets,NYM,7,True,625643,Reynaldo López,Reynaldo,López,40,1994-01-04,32,"6' 1""",225,1,Pitcher,R,Right,R,Right,"5.0 IP, ER, 5 K, 2 BB",,,,,,,,,,,,,,,,5.0,1,3,1,5,2,80,0,0,0
2026-07-06,824900,,/api/v1.1/game/824900/feed/live,R,2026,2026-07-06,,night,P,N,N,Regular Season,4,4,1,Final,Final,4705,Truist Park,144,Atlanta Braves,ATL,6,False,121,New York Mets,NYM,7,True,645277,Ozzie Albies,Ozhaino,Albies,1,1997-01-07,29,"5' 7""",165,4,Second Base,S,Switch,R,Right,"2-6 | 2 2B, 2 K, R",,6,2,2,0,0,0,1,2,0,0,0,0,6,4,,,,,,,,,,
2026-07-06,824900,,/api/v1.1/game/824900/feed/live,R,2026,2026-07-06,,night,P,N,N,Regular Season,4,4,1,Final,Final,4705,Truist Park,144,Atlanta Braves,ATL,6,False,121,New York Mets,NYM,7,True,628452,Raisel Iglesias,Raisel,Iglesias,26,1990-01-04,36,"6' 2""",190,1,Pitcher,R,Right,R,Right,"1.0 IP, 3 ER, K, 0 BB",,,,,,,,,,,,,,,,1.0,3,3,1,1,0,25,0,0,0
2026-07-06,824900,,/api/v1.1/game/824900/feed/live,R,2026,2026-07-06,,night,P,N,N,Regular Season,4,4,1,Final,Final,4705,Truist Park,144,Atlanta Braves,ATL,6,False,121,New York Mets,NYM,7,True,663586,Austin Riley,Michael,Riley,27,1997-04-02,29,"6' 1""",225,5,Third Base,R,Right,R,Right,"0-4 | BB, 2 K, SB",,4,0,0,0,0,0,0,2,1,1,0,0,5,0,,,,,,,,,,
2026-07-06,824900,,/api/v1.1/game/824900/feed/live,R,2026,2026-07-06,,night,P,N,N,Regular Season,4,4,1,Final,Final,4705,Truist Park,144,Atlanta Braves,ATL,6,False,121,New York Mets,NYM,7,True,664849,Danny Young,Daniel,Young,63,1994-05-27,32,"6' 3""",200,1,Pitcher,L,Left,L,Left,,,,,,,,,,,,,,,,,,,,,,,,,,
2026-07-06,824900,,/api/v1.1/game/824900/feed/live,R,2026,2026-07-06,,night,P,N,N,Regular Season,4,4,1,Final,Final,4705,Truist Park,144,Atlanta Braves,ATL,6,False,121,New York Mets,NYM,7,True,656550,Grant Holmes,Harrison,Holmes,66,1996-03-22,30,"6' 0""",226,1,Pitcher,L,Left,R,Right,,,,,,,,,,,,,,,,,,,,,,,,,,
2026-07-06,824900,,/api/v1.1/game/824900/feed/live,R,2026,2026-07-06,,night,P,N,N,Regular Season,4,4,1,Final,Final,4705,Truist Park,144,Atlanta Braves,ATL,6,False,121,New York Mets,NYM,7,True,573262,Mike Yastrzemski,Michael,Yastrzemski,18,1990-08-23,35,"5' 10""",180,7,Outfielder,L,Left,L,Left,1-4 | R,,4,1,0,0,0,0,1,0,0,0,0,0,4,1,,,,,,,,,,
2026-07-06,824900,,/api/v1.1/game/824900/feed/live,R,2026,2026-07-06,,night,P,N,N,Regular Season,4,4,1,Final,Final,4705,Truist Park,144,Atlanta Braves,ATL,6,False,121,New York Mets,NYM,7,True,693821,Bryce Elder,Bryce,Elder,55,1999-05-19,27,"6' 2""",220,1,Pitcher,R,Right,R,Right,,,,,,,,,,,,,,,,,,,,,,,,,,
2026-07-06,824900,,/api/v1.1/game/824900/feed/live,R,2026,2026-07-06,,night,P,N,N,Regular Season,4,4,1,Final,Final,4705,Truist Park,144,Atlanta Braves,ATL,6,False,121,New York Mets,NYM,7,True,620443,Luis Torrens,Luis,Torrens,13,1996-05-02,30,"5' 11""",217,2,Catcher,R,Right,R,Right,"1-1 | 2B, 2 RBI",,1,1,1,0,0,2,0,0,0,0,0,0,1,2,,,,,,,,,,
2026-07-06,824900,,/api/v1.1/game/824900/feed/live,R,2026,2026-07-06,,night,P,N,N,Regular Season,4,4,1,Final,Final,4705,Truist Park,144,Atlanta Braves,ATL,6,False,121,New York Mets,NYM,7,True,666182,Bo Bichette,Bo,Bichette,19,1998-03-05,28,"5' 11""",190,6,Shortstop,R,Right,R,Right,"2-5 | K, R",,5,2,0,0,0,0,1,1,0,0,0,0,5,2,,,,,,,,,,
2026-07-06,824900,,/api/v1.1/game/824900/feed/live,R,2026,2026-07-06,,night,P,N,N,Regular Season,4,4,1,Final,Final,4705,Truist Park,144,Atlanta Braves,ATL,6,False,121,New York Mets,NYM,7,True,621438,Tyrone Taylor,Tyrone,Taylor,28,1994-01-22,32,"6' 0""",218,8,Outfielder,R,Right,R,Right,0-0 | R,,0,0,0,0,0,0,1,0,0,0,0,0,0,0,,,,,,,,,,
2026-07-06,824900,,/api/v1.1/game/824900/feed/live,R,2026,2026-07-06,,night,P,N,N,Regular Season,4,4,1,Final,Final,4705,Truist Park,144,Atlanta Braves,ATL,6,False,121,New York Mets,NYM,7,True,682626,Francisco Alvarez,Francisco,Alvarez,4,2001-11-19,24,"5' 10""",233,2,Catcher,R,Right,R,Right,2-4 | RBI,,4,2,0,0,0,1,0,0,0,0,0,0,4,2,,,,,,,,,,
2026-07-06,824900,,/api/v1.1/game/824900/feed/live,R,2026,2026-07-06,,night,P,N,N,Regular Season,4,4,1,Final,Final,4705,Truist Park,144,Atlanta Braves,ATL,6,False,121,New York Mets,NYM,7,True,640455,Sean Manaea,Sean,Manaea,59,1992-02-01,34,"6' 5""",245,1,Pitcher,R,Right,L,Left,,,,,,,,,,,,,,,,,,,,,,,,,,
2026-07-06,824900,,/api/v1.1/game/824900/feed/live,R,2026,2026-07-06,,night,P,N,N,Regular Season,4,4,1,Final,Final,4705,Truist Park,144,Atlanta Braves,ATL,6,False,121,New York Mets,NYM,7,True,668901,Mark Vientos,Mark,Vientos,27,1999-12-11,26,"6' 3""",185,3,First Base,R,Right,R,Right,,,,,,,,,,,,,,,,,,,,,,,,,,
2026-07-06,824900,,/api/v1.1/game/824900/feed/live,R,2026,2026-07-06,,night,P,N,N,Regular Season,4,4,1,Final,Final,4705,Truist Park,144,Atlanta Braves,ATL,6,False,121,New York Mets,NYM,7,True,681810,Austin Warren,Austin,Warren,44,1996-02-05,30,"6' 0""",170,1,Pitcher,R,Right,R,Right,,,,,,,,,,,,,,,,,,,,,,,,,,
2026-07-06,824900,,/api/v1.1/game/824900/feed/live,R,2026,2026-07-06,,night,P,N,N,Regular Season,4,4,1,Final,Final,4705,Truist Park,144,Atlanta Braves,ATL,6,False,121,New York Mets,NYM,7,True,683146,Brett Baty,Brett,Baty,7,1999-11-13,26,"6' 3""",210,5,Third Base,L,Left,R,Right,1-5 | 3 K,,5,1,0,0,0,0,0,3,0,0,0,0,5,1,,,,,,,,,,
2026-07-06,824900,,/api/v1.1/game/824900/feed/live,R,2026,2026-07-06,,night,P,N,N,Regular Season,4,4,1,Final,Final,4705,Truist Park,144,Atlanta Braves,ATL,6,False,121,New York Mets,NYM,7,True,623211,Huascar Brazobán,Huascar,Brazobán,43,1989-10-15,36,"6' 3""",155,1,Pitcher,R,Right,R,Right,,,,,,,,,,,,,,,,,,,,,,,,,,
2026-07-06,824900,,/api/v1.1/game/824900/feed/live,R,2026,2026-07-06,,night,P,N,N,Regular Season,4,4,1,Final,Final,4705,Truist Park,144,Atlanta Braves,ATL,6,False,121,New York Mets,NYM,7,True,596133,Luke Weaver,Luke,Weaver,30,1993-08-21,32,"6' 2""",180,1,Pitcher,R,Right,R,Right,"1.0 IP, 0 ER, K, 2 BB",,,,,,,,,,,,,,,,1.0,0,1,0,1,2,19,0,0,1
2026-07-06,824900,,/api/v1.1/game/824900/feed/live,R,2026,2026-07-06,,night,P,N,N,Regular Season,4,4,1,Final,Final,4705,Truist Park,144,Atlanta Braves,ATL,6,False,121,New York Mets,NYM,7,True,701807,Carson Benge,Carson,Benge,3,2003-01-20,23,"6' 1""",184,9,Outfielder,L,Left,R,Right,"2-4 | HR, 2B, BB",,4,2,1,0,1,1,2,0,1,0,0,0,5,6,,,,,,,,,,
2026-07-06,824900,,/api/v1.1/game/824900/feed/live,R,2026,2026-07-06,,night,P,N,N,Regular Season,4,4,1,Final,Final,4705,Truist Park,144,Atlanta Braves,ATL,6,False,121,New York Mets,NYM,7,True,676572,Eric Wagaman,Eric,Wagaman,39,1997-08-14,28,"6' 4""",210,3,First Base,R,Right,R,Right,,,,,,,,,,,,,,,,,,,,,,,,,,
2026-07-06,824900,,/api/v1.1/game/824900/feed/live,R,2026,2026-07-06,,night,P,N,N,Regular Season,4,4,1,Final,Final,4705,Truist Park,144,Atlanta Braves,ATL,6,False,121,New York Mets,NYM,7,True,642207,Devin Williams,Devin,Williams,38,1994-09-21,31,"6' 2""",193,1,Pitcher,R,Right,R,Right,"0.2 IP, 2 ER, 0 K, BB",,,,,,,,,,,,,,,,0.2,2,3,1,0,1,30,0,0,0
2026-07-06,824900,,/api/v1.1/game/824900/feed/live,R,2026,2026-07-06,,night,P,N,N,Regular Season,4,4,1,Final,Final,4705,Truist Park,144,Atlanta Braves,ATL,6,False,121,New York Mets,NYM,7,True,673540,Kodai Senga,Kodai,Senga,34,1993-01-30,33,"6' 1""",202,1,Pitcher,L,Left,R,Right,,,,,,,,,,,,,,,,,,,,,,,,,,
2026-07-06,824900,,/api/v1.1/game/824900/feed/live,R,2026,2026-07-06,,night,P,N,N,Regular Season,4,4,1,Final,Final,4705,Truist Park,144,Atlanta Braves,ATL,6,False,121,New York Mets,NYM,7,True,672335,Cionel Pérez,Cionel,Pérez,52,1996-04-21,30,"6' 0""",175,1,Pitcher,R,Right,L,Left,"1.1 IP, 0 ER, 3 K, 0 BB",,,,,,,,,,,,,,,,1.1,0,1,0,3,0,16,0,0,0
2026-07-06,824900,,/api/v1.1/game/824900/feed/live,R,2026,2026-07-06,,night,P,N,N,Regular Season,4,4,1,Final,Final,4705,Truist Park,144,Atlanta Braves,ATL,6,False,121,New York Mets,NYM,7,True,670871,Guillo Zuñiga,Guillermo,Zuñiga,46,1998-10-10,27,"6' 5""",230,1,Pitcher,R,Right,R,Right,"1.0 IP, 0 ER, K, BB",,,,,,,,,,,,,,,,1.0,0,0,0,1,1,18,0,0,0
2026-07-06,824900,,/api/v1.1/game/824900/feed/live,R,2026,2026-07-06,,night,P,N,N,Regular Season,4,4,1,Final,Final,4705,Truist Park,144,Atlanta Braves,ATL,6,False,121,New York Mets,NYM,7,True,621345,A.J. Minter,Alex,Minter,33,1993-09-02,32,"6' 0""",215,1,Pitcher,L,Left,L,Left,"1.0 IP, 0 ER, K, 0 BB",,,,,,,,,,,,,,,,1.0,0,2,0,1,0,16,0,0,0
2026-07-06,824900,,/api/v1.1/game/824900/feed/live,R,2026,2026-07-06,,night,P,N,N,Regular Season,4,4,1,Final,Final,4705,Truist Park,144,Atlanta Braves,ATL,6,False,121,New York Mets,NYM,7,True,642547,Freddy Peralta,Freddy,Peralta,51,1996-06-04,30,"6' 0""",198,1,Pitcher,R,Right,R,Right,"4.2 IP, ER, 6 K, BB",,,,,,,,,,,,,,,,4.2,1,6,1,6,1,103,0,0,0
2026-07-06,824900,,/api/v1.1/game/824900/feed/live,R,2026,2026-07-06,,night,P,N,N,Regular Season,4,4,1,Final,Final,4705,Truist Park,144,Atlanta Braves,ATL,6,False,121,New York Mets,NYM,7,True,596019,Francisco Lindor,Francisco,Lindor,12,1993-11-14,32,"5' 10""",190,6,Shortstop,S,Switch,R,Right,0-5 | K,,5,0,0,0,0,0,0,1,0,0,0,0,5,0,,,,,,,,,,
2026-07-06,824900,,/api/v1.1/game/824900/feed/live,R,2026,2026-07-06,,night,P,N,N,Regular Season,4,4,1,Final,Final,4705,Truist Park,144,Atlanta Braves,ATL,6,False,121,New York Mets,NYM,7,True,665742,Juan Soto,Juan,Soto,22,1998-10-25,27,"6' 1""",224,7,Outfielder,L,Left,L,Left,"1-2 | HR, 3 BB, 3 RBI",,2,1,0,0,1,3,1,0,3,1,0,0,5,4,,,,,,,,,,
2026-07-06,824900,,/api/v1.1/game/824900/feed/live,R,2026,2026-07-06,,night,P,N,N,Regular Season,4,4,1,Final,Final,4705,Truist Park,144,Atlanta Braves,ATL,6,False,121,New York Mets,NYM,7,True,681035,Christian Scott,Christian,Scott,45,1999-06-15,27,"6' 4""",215,1,Pitcher,R,Right,R,Right,,,,,,,,,,,,,,,,,,,,,,,,,,
2026-07-06,824900,,/api/v1.1/game/824900/feed/live,R,2026,2026-07-06,,night,P,N,N,Regular Season,4,4,1,Final,Final,4705,Truist Park,144,Atlanta Braves,ATL,6,False,121,New York Mets,NYM,7,True,677595,Ronny Mauricio,Ronny,Mauricio,0,2001-04-04,25,"6' 3""",166,6,Shortstop,S,Switch,R,Right,1-4 | R,,4,1,0,0,0,0,1,0,0,0,0,0,4,1,,,,,,,,,,
2026-07-06,824900,,/api/v1.1/game/824900/feed/live,R,2026,2026-07-06,,night,P,N,N,Regular Season,4,4,1,Final,Final,4705,Truist Park,144,Atlanta Braves,ATL,6,False,121,New York Mets,NYM,7,True,548384,Brooks Raley,Brooks,Raley,25,1988-06-29,38,"6' 3""",200,1,Pitcher,L,Left,L,Left,"0.1 IP, 0 ER, K, 0 BB",,,,,,,,,,,,,,,,0.1,0,0,0,1,0,3,1,0,0
2026-07-06,824900,,/api/v1.1/game/824900/feed/live,R,2026,2026-07-06,,night,P,N,N,Regular Season,4,4,1,Final,Final,4705,Truist Park,144,Atlanta Braves,ATL,6,False,121,New York Mets,NYM,7,True,690997,Nolan McLean,Nolan,McLean,26,2001-07-24,24,"6' 2""",214,1,Pitcher,R,Right,R,Right,,,,,,,,,,,,,,,,,,,,,,,,,,
2026-07-06,824900,,/api/v1.1/game/824900/feed/live,R,2026,2026-07-06,,night,P,N,N,Regular Season,4,4,1,Final,Final,4705,Truist Park,144,Atlanta Braves,ATL,6,False,121,New York Mets,NYM,7,True,676724,Jared Young,Jared,Young,29,1995-07-09,30,"6' 2""",200,3,First Base,L,Left,R,Right,"1-4 | HBP, K, R",,4,1,0,0,0,0,1,1,0,0,0,1,5,1,,,,,,,,,,
2026-07-06,824900,,/api/v1.1/game/824900/feed/live,R,2026,2026-07-06,,night,P,N,N,Regular Season,4,4,1,Final,Final,4705,Truist Park,144,Atlanta Braves,ATL,6,False,121,New York Mets,NYM,7,True,805999,A.J. Ewing,Andrew,Ewing,9,2004-08-10,21,"5' 10""",160,8,Outfielder,L,Left,R,Right,"0-4 | BB, 3 K",,4,0,0,0,0,0,0,3,1,0,0,0,5,0,,,,,,,,,,
2026-07-06,823036,,/api/v1.1/game/823036/feed/live,R,2026,2026-07-06,,night,P,N,N,Regular Season,1,5,1,Final,Final,2889,Busch Stadium,138,St. Louis Cardinals,STL,3,False,158,Milwaukee Brewers,MIL,4,True,700241,Michael McGreevy,Michael,McGreevy,36,2000-07-08,25,"6' 4""",220,1,Pitcher,L,Left,R,Right,,,,,,,,,,,,,,,,,,,,,,,,,,
2026-07-06,823036,,/api/v1.1/game/823036/feed/live,R,2026,2026-07-06,,night,P,N,N,Regular Season,1,5,1,Final,Final,2889,Busch Stadium,138,St. Louis Cardinals,STL,3,False,158,Milwaukee Brewers,MIL,4,True,694335,Matt Svanson,Matthew,Svanson,49,1999-01-31,27,"6' 5""",235,1,Pitcher,R,Right,R,Right,,,,,,,,,,,,,,,,,,,,,,,,,,
2026-07-06,823036,,/api/v1.1/game/823036/feed/live,R,2026,2026-07-06,,night,P,N,N,Regular Season,1,5,1,Final,Final,2889,Busch Stadium,138,St. Louis Cardinals,STL,3,False,158,Milwaukee Brewers,MIL,4,True,691023,Jordan Walker,Jordan,Walker,18,2002-05-22,24,"6' 6""",250,9,Outfielder,R,Right,R,Right,"0-2 | 2 BB, K",,2,0,0,0,0,0,0,1,2,0,0,0,4,0,,,,,,,,,,
2026-07-06,823036,,/api/v1.1/game/823036/feed/live,R,2026,2026-07-06,,night,P,N,N,Regular Season,1,5,1,Final,Final,2889,Busch Stadium,138,St. Louis Cardinals,STL,3,False,158,Milwaukee Brewers,MIL,4,True,663494,Bryan Torres,Bryan,Torres,39,1997-07-02,29,"5' 7""",165,7,Outfielder,L,Left,R,Right,0-1 | K,,1,0,0,0,0,0,0,1,0,0,0,0,1,0,,,,,,,,,,
2026-07-06,823036,,/api/v1.1/game/823036/feed/live,R,2026,2026-07-06,,night,P,N,N,Regular Season,1,5,1,Final,Final,2889,Busch Stadium,138,St. Louis Cardinals,STL,3,False,158,Milwaukee Brewers,MIL,4,True,701675,Nathan Church,Nathan,Church,27,2000-07-12,25,"5' 10""",180,7,Outfielder,L,Left,L,Left,1-4 | CS,,4,1,0,0,0,0,0,0,0,0,1,0,4,1,,,,,,,,,,
2026-07-06,823036,,/api/v1.1/game/823036/feed/live,R,2026,2026-07-06,,night,P,N,N,Regular Season,1,5,1,Final,Final,2889,Busch Stadium,138,St. Louis Cardinals,STL,3,False,158,Milwaukee Brewers,MIL,4,True,681517,Kyle Leahy,Kyle,Leahy,62,1997-06-04,29,"6' 5""",225,1,Pitcher,S,Switch,R,Right,,,,,,,,,,,,,,,,,,,,,,,,,,
2026-07-06,823036,,/api/v1.1/game/823036/feed/live,R,2026,2026-07-06,,night,P,N,N,Regular Season,1,5,1,Final,Final,2889,Busch Stadium,138,St. Louis Cardinals,STL,3,False,158,Milwaukee Brewers,MIL,4,True,663457,Lars Nootbaar,Lars,Nootbaar,21,1997-09-08,28,"6' 1""",205,7,Outfielder,L,Left,R,Right,0-1,,1,0,0,0,0,0,0,0,0,0,0,0,1,0,,,,,,,,,,
2026-07-06,823036,,/api/v1.1/game/823036/feed/live,R,2026,2026-07-06,,night,P,N,N,Regular Season,1,5,1,Final,Final,2889,Busch Stadium,138,St. Louis Cardinals,STL,3,False,158,Milwaukee Brewers,MIL,4,True,665877,José Fermín,José,Fermín,15,1999-03-29,27,"5' 10""",198,7,Outfielder,R,Right,R,Right,"2-3 | 2B, RBI",,3,2,1,0,0,1,0,0,0,0,0,0,4,3,,,,,,,,,,
2026-07-06,823036,,/api/v1.1/game/823036/feed/live,R,2026,2026-07-06,,night,P,N,N,Regular Season,1,5,1,Final,Final,2889,Busch Stadium,138,St. Louis Cardinals,STL,3,False,158,Milwaukee Brewers,MIL,4,True,681676,Ryan Fernandez,Ryan,Fernandez,64,1998-06-11,28,"6' 0""",200,1,Pitcher,R,Right,R,Right,"0.0 IP, 2 ER, 0 K, 0 BB",,,,,,,,,,,,,,,,0.0,2,2,0,0,0,17,0,1,0
2026-07-06,823036,,/api/v1.1/game/823036/feed/live,R,2026,2026-07-06,,night,P,N,N,Regular Season,1,5,1,Final,Final,2889,Busch Stadium,138,St. Louis Cardinals,STL,3,False,158,Milwaukee Brewers,MIL,4,True,700669,Gordon Graceffo,Gordon,Graceffo,44,2000-03-17,26,"6' 4""",220,1,Pitcher,R,Right,R,Right,"2.0 IP, 0 ER, 2 K, BB",,,,,,,,,,,,,,,,2.0,0,0,0,2,1,25,0,0,0
2026-07-06,823036,,/api/v1.1/game/823036/feed/live,R,2026,2026-07-06,,night,P,N,N,Regular Season,1,5,1,Final,Final,2889,Busch Stadium,138,St. Louis Cardinals,STL,3,False,158,Milwaukee Brewers,MIL,4,True,668941,JoJo Romero,Joseph,Romero,59,1996-09-09,29,"5' 11""",215,1,Pitcher,L,Left,L,Left,,,,,,,,,,,,,,,,,,,,,,,,,,
2026-07-06,823036,,/api/v1.1/game/823036/feed/live,R,2026,2026-07-06,,night,P,N,N,Regular Season,1,5,1,Final,Final,2889,Busch Stadium,138,St. Louis Cardinals,STL,3,False,158,Milwaukee Brewers,MIL,4,True,802139,JJ Wetherholt,Jonathan,Wetherholt,26,2002-09-10,23,"5' 9""",190,4,Second Base,L,Left,R,Right,"0-4 | K, R",,4,0,0,0,0,0,1,1,0,0,0,0,4,0,,,,,,,,,,
2026-07-06,823036,,/api/v1.1/game/823036/feed/live,R,2026,2026-07-06,,night,P,N,N,Regular Season,1,5,1,Final,Final,2889,Busch Stadium,138,St. Louis Cardinals,STL,3,False,158,Milwaukee Brewers,MIL,4,True,677865,Justin Bruihl,Justin,Bruihl,47,1997-06-26,29,"6' 2""",215,1,Pitcher,L,Left,L,Left,"1.1 IP, ER, 0 K, BB",,,,,,,,,,,,,,,,1.1,1,1,0,0,1,23,0,0,0
2026-07-06,823036,,/api/v1.1/game/823036/feed/live,R,2026,2026-07-06,,night,P,N,N,Regular Season,1,5,1,Final,Final,2889,Busch Stadium,138,St. Louis Cardinals,STL,3,False,158,Milwaukee Brewers,MIL,4,True,691458,Blaze Jordan,Blaze,Jordan,33,2002-12-19,23,"6' 1""",220,5,Third Base,R,Right,R,Right,0-3,,3,0,0,0,0,0,0,0,0,0,0,0,3,0,,,,,,,,,,
2026-07-06,823036,,/api/v1.1/game/823036/feed/live,R,2026,2026-07-06,,night,P,N,N,Regular Season,1,5,1,Final,Final,2889,Busch Stadium,138,St. Louis Cardinals,STL,3,False,158,Milwaukee Brewers,MIL,4,True,676475,Alec Burleson,Alec,Burleson,41,1998-11-25,27,"6' 0""",225,3,First Base,L,Left,L,Left,0-1 | K,,1,0,0,0,0,0,0,1,0,0,0,0,1,0,,,,,,,,,,
2026-07-06,823036,,/api/v1.1/game/823036/feed/live,R,2026,2026-07-06,,night,P,N,N,Regular Season,1,5,1,Final,Final,2889,Busch Stadium,138,St. Louis Cardinals,STL,3,False,158,Milwaukee Brewers,MIL,4,True,676617,Riley O'Brien,Riley,O'Brien,61,1995-02-06,31,"6' 4""",180,1,Pitcher,R,Right,R,Right,,,,,,,,,,,,,,,,,,,,,,,,,,
2026-07-06,823036,,/api/v1.1/game/823036/feed/live,R,2026,2026-07-06,,night,P,N,N,Regular Season,1,5,1,Final,Final,2889,Busch Stadium,138,St. Louis Cardinals,STL,3,False,158,Milwaukee Brewers,MIL,4,True,669467,Andre Pallante,Neil,Pallante,53,1998-09-18,27,"6' 0""",215,1,Pitcher,R,Right,R,Right,,,,,,,,,,,,,,,,,,,,,,,,,,
2026-07-06,823036,,/api/v1.1/game/823036/feed/live,R,2026,2026-07-06,,night,P,N,N,Regular Season,1,5,1,Final,Final,2889,Busch Stadium,138,St. Louis Cardinals,STL,3,False,158,Milwaukee Brewers,MIL,4,True,666277,George Soriano,George,Soriano,65,1999-03-24,27,"6' 2""",210,1,Pitcher,R,Right,R,Right,,,,,,,,,,,,,,,,,,,,,,,,,,
2026-07-06,823036,,/api/v1.1/game/823036/feed/live,R,2026,2026-07-06,,night,P,N,N,Regular Season,1,5,1,Final,Final,2889,Busch Stadium,138,St. Louis Cardinals,STL,3,False,158,Milwaukee Brewers,MIL,4,True,686780,Pedro Pagés,Pedro,Pagés,43,1998-09-17,27,"5' 11""",245,2,Catcher,R,Right,R,Right,1-3 | R,,3,1,0,0,0,0,1,0,0,0,0,0,3,1,,,,,,,,,,
2026-07-06,823036,,/api/v1.1/game/823036/feed/live,R,2026,2026-07-06,,night,P,N,N,Regular Season,1,5,1,Final,Final,2889,Busch Stadium,138,St. Louis Cardinals,STL,3,False,158,Milwaukee Brewers,MIL,4,True,669461,Matthew Liberatore,Matthew,Liberatore,32,1999-11-06,26,"6' 4""",215,1,Pitcher,L,Left,L,Left,,,,,,,,,,,,,,,,,,,,,,,,,,
2026-07-06,823036,,/api/v1.1/game/823036/feed/live,R,2026,2026-07-06,,night,P,N,N,Regular Season,1,5,1,Final,Final,2889,Busch Stadium,138,St. Louis Cardinals,STL,3,False,158,Milwaukee Brewers,MIL,4,True,592773,Ryne Stanek,Ryne,Stanek,55,1991-07-26,34,"6' 4""",226,1,Pitcher,R,Right,R,Right,"1.0 IP, 0 ER, 0 K, BB",,,,,,,,,,,,,,,,1.0,0,1,0,0,1,11,0,0,0
2026-07-06,823036,,/api/v1.1/game/823036/feed/live,R,2026,2026-07-06,,night,P,N,N,Regular Season,1,5,1,Final,Final,2889,Busch Stadium,138,St. Louis Cardinals,STL,3,False,158,Milwaukee Brewers,MIL,4,True,669160,Dustin May,Dustin,May,3,1997-09-06,28,"6' 6""",180,1,Pitcher,R,Right,R,Right,"4.2 IP, 0 ER, 7 K, 0 BB",,,,,,,,,,,,,,,,4.2,0,4,0,7,0,81,0,0,0
2026-07-06,823036,,/api/v1.1/game/823036/feed/live,R,2026,2026-07-06,,night,P,N,N,Regular Season,1,5,1,Final,Final,2889,Busch Stadium,138,St. Louis Cardinals,STL,3,False,158,Milwaukee Brewers,MIL,4,True,691026,Masyn Winn,Masyn,Winn,0,2002-03-21,24,"5' 9""",185,6,Shortstop,R,Right,R,Right,"2-4 | K, RBI",,4,2,0,0,0,1,0,1,0,0,0,0,4,2,,,,,,,,,,
2026-07-06,823036,,/api/v1.1/game/823036/feed/live,R,2026,2026-07-06,,night,P,N,N,Regular Season,1,5,1,Final,Final,2889,Busch Stadium,138,St. Louis Cardinals,STL,3,False,158,Milwaukee Brewers,MIL,4,True,671056,Iván Herrera,Ivan,Herrera,48,2000-06-01,26,"5' 11""",220,10,Designated Hitter,R,Right,R,Right,0-4 | K,,4,0,0,0,0,0,0,1,0,0,0,0,4,0,,,,,,,,,,
2026-07-06,823036,,/api/v1.1/game/823036/feed/live,R,2026,2026-07-06,,night,P,N,N,Regular Season,1,5,1,Final,Final,2889,Busch Stadium,138,St. Louis Cardinals,STL,3,False,158,Milwaukee Brewers,MIL,4,True,676369,Nelson Velázquez,Nelson,Velázquez,38,1998-12-26,27,"5' 11""",190,7,Outfielder,R,Right,R,Right,"1-3 | 2B, RBI, R",,3,1,1,0,0,1,1,0,0,0,0,0,3,2,,,,,,,,,,
2026-07-06,823036,,/api/v1.1/game/823036/feed/live,R,2026,2026-07-06,,night,P,N,N,Regular Season,1,5,1,Final,Final,2889,Busch Stadium,138,St. Louis Cardinals,STL,3,False,158,Milwaukee Brewers,MIL,4,True,699625,Jimmy Crooks,James,Crooks,8,2001-07-19,24,"6' 0""",230,2,Catcher,L,Left,R,Right,,,,,,,,,,,,,,,,,,,,,,,,,,
2026-07-06,823036,,/api/v1.1/game/823036/feed/live,R,2026,2026-07-06,,night,P,N,N,Regular Season,1,5,1,Final,Final,2889,Busch Stadium,138,St. Louis Cardinals,STL,3,False,158,Milwaukee Brewers,MIL,4,True,694477,Chad Patrick,Chandler,Patrick,39,1998-08-14,27,"6' 1""",217,1,Pitcher,R,Right,R,Right,"2.0 IP, 0 ER, 2 K, 0 BB",,,,,,,,,,,,,,,,2.0,0,0,0,2,0,20,0,0,0
2026-07-06,823036,,/api/v1.1/game/823036/feed/live,R,2026,2026-07-06,,night,P,N,N,Regular Season,1,5,1,Final,Final,2889,Busch Stadium,138,St. Louis Cardinals,STL,3,False,158,Milwaukee Brewers,MIL,4,True,806198,Cooper Pratt,Cooper,Pratt,12,2004-08-18,21,"6' 4""",210,6,Shortstop,R,Right,R,Right,1-4,,4,1,0,0,0,0,0,0,0,0,0,0,4,1,,,,,,,,,,
2026-07-06,823036,,/api/v1.1/game/823036/feed/live,R,2026,2026-07-06,,night,P,N,N,Regular Season,1,5,1,Final,Final,2889,Busch Stadium,138,St. Louis Cardinals,STL,3,False,158,Milwaukee Brewers,MIL,4,True,687401,Joey Ortiz,Joseph,Ortiz,3,1998-07-14,27,"5' 10""",192,6,Shortstop,R,Right,R,Right,0-1 | R,,1,0,0,0,0,0,1,0,0,0,0,0,1,0,,,,,,,,,,
2026-07-06,823036,,/api/v1.1/game/823036/feed/live,R,2026,2026-07-06,,night,P,N,N,Regular Season,1,5,1,Final,Final,2889,Busch Stadium,138,St. Louis Cardinals,STL,3,False,158,Milwaukee Brewers,MIL,4,True,694192,Jackson Chourio,Jackson,Chourio,11,2004-03-11,22,"6' 1""",199,7,Outfielder,R,Right,R,Right,"0-4 | BB, K",,4,0,0,0,0,0,0,1,1,0,0,0,5,0,,,,,,,,,,
2026-07-06,823036,,/api/v1.1/game/823036/feed/live,R,2026,2026-07-06,,night,P,N,N,Regular Season,1,5,1,Final,Final,2889,Busch Stadium,138,St. Louis Cardinals,STL,3,False,158,Milwaukee Brewers,MIL,4,True,680723,Drew Rom,Drew,Rom,38,1999-12-15,26,"6' 1""",225,1,Pitcher,L,Left,L,Left,,,,,,,,,,,,,,,,,,,,,,,,,,
2026-07-06,823036,,/api/v1.1/game/823036/feed/live,R,2026,2026-07-06,,night,P,N,N,Regular Season,1,5,1,Final,Final,2889,Busch Stadium,138,St. Louis Cardinals,STL,3,False,158,Milwaukee Brewers,MIL,4,True,592885,Christian Yelich,Christian,Yelich,22,1991-12-05,34,"6' 4""",220,10,Designated Hitter,L,Left,R,Right,"0-4 | BB, 2 K, R",,4,0,0,0,0,0,1,2,1,0,0,0,5,0,,,,,,,,,,
2026-07-06,823036,,/api/v1.1/game/823036/feed/live,R,2026,2026-07-06,,night,P,N,N,Regular Season,1,5,1,Final,Final,2889,Busch Stadium,138,St. Louis Cardinals,STL,3,False,158,Milwaukee Brewers,MIL,4,True,641343,Jake Bauers,Jakob,Bauers,9,1995-10-06,30,"6' 0""",216,3,First Base,L,Left,L,Left,1-4 | K,,4,1,0,0,0,0,0,1,0,0,0,0,4,1,,,,,,,,,,
2026-07-06,823036,,/api/v1.1/game/823036/feed/live,R,2026,2026-07-06,,night,P,N,N,Regular Season,1,5,1,Final,Final,2889,Busch Stadium,138,St. Louis Cardinals,STL,3,False,158,Milwaukee Brewers,MIL,4,True,686217,Sal Frelick,Salvatore,Frelick,10,2000-04-19,26,"5' 9""",191,9,Outfielder,L,Left,R,Right,"1-4 | 2B, 2 K, R",,4,1,1,0,0,0,1,2,0,0,0,0,4,2,,,,,,,,,,
2026-07-06,823036,,/api/v1.1/game/823036/feed/live,R,2026,2026-07-06,,night,P,N,N,Regular Season,1,5,1,Final,Final,2889,Busch Stadium,138,St. Louis Cardinals,STL,3,False,158,Milwaukee Brewers,MIL,4,True,682842,Abner Uribe,Abner,Uribe,45,2000-06-20,26,"6' 3""",205,1,Pitcher,R,Right,R,Right,,,,,,,,,,,,,,,,,,,,,,,,,,
2026-07-06,823036,,/api/v1.1/game/823036/feed/live,R,2026,2026-07-06,,night,P,N,N,Regular Season,1,5,1,Final,Final,2889,Busch Stadium,138,St. Louis Cardinals,STL,3,False,158,Milwaukee Brewers,MIL,4,True,684974,Craig Yoho,Craig,Yoho,48,1999-10-23,26,"6' 2""",237,1,Pitcher,R,Right,R,Right,,,,,,,,,,,,,,,,,,,,,,,,,,
2026-07-06,823036,,/api/v1.1/game/823036/feed/live,R,2026,2026-07-06,,night,P,N,N,Regular Season,1,5,1,Final,Final,2889,Busch Stadium,138,St. Louis Cardinals,STL,3,False,158,Milwaukee Brewers,MIL,4,True,681982,Grant Anderson,Grant,Anderson,56,1997-06-21,29,"6' 0""",213,1,Pitcher,R,Right,R,Right,,,,,,,,,,,,,,,,,,,,,,,,,,
2026-07-06,823036,,/api/v1.1/game/823036/feed/live,R,2026,2026-07-06,,night,P,N,N,Regular Season,1,5,1,Final,Final,2889,Busch Stadium,138,St. Louis Cardinals,STL,3,False,158,Milwaukee Brewers,MIL,4,True,683734,Andrew Vaughn,Andrew,Vaughn,28,1998-04-03,28,"5' 10""",215,3,First Base,R,Right,R,Right,,,,,,,,,,,,,,,,,,,,,,,,,,
2026-07-06,823036,,/api/v1.1/game/823036/feed/live,R,2026,2026-07-06,,night,P,N,N,Regular Season,1,5,1,Final,Final,2889,Busch Stadium,138,St. Louis Cardinals,STL,3,False,158,Milwaukee Brewers,MIL,4,True,675660,Shane Drohan,Shane,Drohan,55,1999-01-07,27,"6' 2""",202,1,Pitcher,L,Left,L,Left,"6.0 IP, ER, 2 K, 2 BB",,,,,,,,,,,,,,,,6.0,1,6,0,2,2,85,1,0,0
2026-07-06,823036,,/api/v1.1/game/823036/feed/live,R,2026,2026-07-06,,night,P,N,N,Regular Season,1,5,1,Final,Final,2889,Busch Stadium,138,St. Louis Cardinals,STL,3,False,158,Milwaukee Brewers,MIL,4,True,690986,Kyle Harrison,Kyle,Harrison,52,2001-08-12,24,"6' 2""",216,1,Pitcher,R,Right,L,Left,,,,,,,,,,,,,,,,,,,,,,,,,,
2026-07-06,823036,,/api/v1.1/game/823036/feed/live,R,2026,2026-07-06,,night,P,N,N,Regular Season,1,5,1,Final,Final,2889,Busch Stadium,138,St. Louis Cardinals,STL,3,False,158,Milwaukee Brewers,MIL,4,True,669003,Garrett Mitchell,Garrett,Mitchell,5,1998-09-04,27,"6' 2""",229,8,Outfielder,L,Left,R,Right,"2-3 | BB, K, R",,3,2,0,0,0,0,1,1,1,0,0,0,4,2,,,,,,,,,,
2026-07-06,823036,,/api/v1.1/game/823036/feed/live,R,2026,2026-07-06,,night,P,N,N,Regular Season,1,5,1,Final,Final,2889,Busch Stadium,138,St. Louis Cardinals,STL,3,False,158,Milwaukee Brewers,MIL,4,True,676879,Aaron Ashby,Aaron,Ashby,26,1998-05-24,28,"6' 0""",194,1,Pitcher,R,Right,L,Left,,,,,,,,,,,,,,,,,,,,,,,,,,
2026-07-06,823036,,/api/v1.1/game/823036/feed/live,R,2026,2026-07-06,,night,P,N,N,Regular Season,1,5,1,Final,Final,2889,Busch Stadium,138,St. Louis Cardinals,STL,3,False,158,Milwaukee Brewers,MIL,4,True,666152,David Hamilton,David,Hamilton,6,1997-09-29,28,"5' 10""",192,5,Third Base,L,Left,R,Right,"2-3 | 2B, K, 2 RBI",,3,2,1,0,0,2,0,1,0,0,0,0,3,3,,,,,,,,,,
2026-07-06,823036,,/api/v1.1/game/823036/feed/live,R,2026,2026-07-06,,night,P,N,N,Regular Season,1,5,1,Final,Final,2889,Busch Stadium,138,St. Louis Cardinals,STL,3,False,158,Milwaukee Brewers,MIL,4,True,687075,Brandon Sproat,Brandon,Sproat,23,2000-09-17,25,"6' 3""",205,1,Pitcher,R,Right,R,Right,,,,,,,,,,,,,,,,,,,,,,,,,,
2026-07-06,823036,,/api/v1.1/game/823036/feed/live,R,2026,2026-07-06,,night,P,N,N,Regular Season,1,5,1,Final,Final,2889,Busch Stadium,138,St. Louis Cardinals,STL,3,False,158,Milwaukee Brewers,MIL,4,True,663368,Blake Perkins,Blake,Perkins,16,1996-09-10,29,"6' 0""",185,8,Outfielder,S,Switch,R,Right,,,,,,,,,,,,,,,,,,,,,,,,,,
2026-07-06,823036,,/api/v1.1/game/823036/feed/live,R,2026,2026-07-06,,night,P,N,N,Regular Season,1,5,1,Final,Final,2889,Busch Stadium,138,St. Louis Cardinals,STL,3,False,158,Milwaukee Brewers,MIL,4,True,661388,William Contreras,William,Contreras,24,1997-12-24,28,"5' 10""",217,2,Catcher,R,Right,R,Right,0-4 | K,,4,0,0,0,0,0,0,1,0,0,0,1,4,0,,,,,,,,,,
2026-07-06,823036,,/api/v1.1/game/823036/feed/live,R,2026,2026-07-06,,night,P,N,N,Regular Season,1,5,1,Final,Final,2889,Busch Stadium,138,St. Louis Cardinals,STL,3,False,158,Milwaukee Brewers,MIL,4,True,668930,Brice Turang,Brice,Turang,2,1999-11-21,26,"6' 0""",190,4,Second Base,L,Left,R,Right,1-4 | 2 RBI,,4,1,0,0,0,2,0,0,0,0,0,0,4,1,,,,,,,,,,
2026-07-06,823036,,/api/v1.1/game/823036/feed/live,R,2026,2026-07-06,,night,P,N,N,Regular Season,1,5,1,Final,Final,2889,Busch Stadium,138,St. Louis Cardinals,STL,3,False,158,Milwaukee Brewers,MIL,4,True,668831,Garrett Stallings,Garrett,Stallings,31,1997-08-08,28,"6' 1""",218,1,Pitcher,R,Right,R,Right,,,,,,,,,,,,,,,,,,,,,,,,,,
2026-07-06,823036,,/api/v1.1/game/823036/feed/live,R,2026,2026-07-06,,night,P,N,N,Regular Season,1,5,1,Final,Final,2889,Busch Stadium,138,St. Louis Cardinals,STL,3,False,158,Milwaukee Brewers,MIL,4,True,596142,Gary Sánchez,Gary,Sánchez,99,1992-12-02,33,"6' 2""",251,2,Catcher,R,Right,R,Right,,,,,,,,,,,,,,,,,,,,,,,,,,
2026-07-06,823036,,/api/v1.1/game/823036/feed/live,R,2026,2026-07-06,,night,P,N,N,Regular Season,1,5,1,Final,Final,2889,Busch Stadium,138,St. Louis Cardinals,STL,3,False,158,Milwaukee Brewers,MIL,4,True,694819,Jacob Misiorowski,Jacob,Misiorowski,32,2002-04-03,24,"6' 7""",201,1,Pitcher,R,Right,R,Right,,,,,,,,,,,,,,,,,,,,,,,,,,
2026-07-06,823036,,/api/v1.1/game/823036/feed/live,R,2026,2026-07-06,,night,P,N,N,Regular Season,1,5,1,Final,Final,2889,Busch Stadium,138,St. Louis Cardinals,STL,3,False,158,Milwaukee Brewers,MIL,4,True,657649,Jared Koenig,Jared,Koenig,47,1994-01-24,32,"6' 5""",244,1,Pitcher,R,Right,L,Left,,,,,,,,,,,,,,,,,,,,,,,,,,
2026-07-06,823036,,/api/v1.1/game/823036/feed/live,R,2026,2026-07-06,,night,P,N,N,Regular Season,1,5,1,Final,Final,2889,Busch Stadium,138,St. Louis Cardinals,STL,3,False,158,Milwaukee Brewers,MIL,4,True,656730,Trevor Megill,Trevor,Megill,29,1993-12-05,32,"6' 8""",253,1,Pitcher,L,Left,R,Right,"1.0 IP, 0 ER, 2 K, 0 BB",,,,,,,,,,,,,,,,1.0,0,1,0,2,0,15,0,0,1
2026-07-06,823282,,/api/v1.1/game/823282/feed/live,R,2026,2026-07-06,,night,P,N,N,Regular Season,1,4,1,Final,Final,2680,Petco Park,135,San Diego Padres,SD,0,False,109,Arizona Diamondbacks,AZ,8,True,669134,Luis Campusano,Luis,Campusano,12,1998-09-29,27,"5' 10""",232,2,Catcher,R,Right,R,Right,0-1,,1,0,0,0,0,0,0,0,0,0,0,0,1,0,,,,,,,,,,
2026-07-06,823282,,/api/v1.1/game/823282/feed/live,R,2026,2026-07-06,,night,P,N,N,Regular Season,1,4,1,Final,Final,2680,Petco Park,135,San Diego Padres,SD,0,False,109,Arizona Diamondbacks,AZ,8,True,673513,Yuki Matsui,Yuki,Matsui,1,1995-10-30,30,"5' 8""",165,1,Pitcher,L,Left,L,Left,,,,,,,,,,,,,,,,,,,,,,,,,,
2026-07-06,823282,,/api/v1.1/game/823282/feed/live,R,2026,2026-07-06,,night,P,N,N,Regular Season,1,4,1,Final,Final,2680,Petco Park,135,San Diego Padres,SD,0,False,109,Arizona Diamondbacks,AZ,8,True,650633,Michael King,Michael,King,34,1995-05-25,31,"6' 3""",210,1,Pitcher,R,Right,R,Right,,,,,,,,,,,,,,,,,,,,,,,,,,
2026-07-06,823282,,/api/v1.1/game/823282/feed/live,R,2026,2026-07-06,,night,P,N,N,Regular Season,1,4,1,Final,Final,2680,Petco Park,135,San Diego Padres,SD,0,False,109,Arizona Diamondbacks,AZ,8,True,695243,Mason Miller,Mason,Miller,22,1998-08-24,27,"6' 5""",200,1,Pitcher,R,Right,R,Right,,,,,,,,,,,,,,,,,,,,,,,,,,
2026-07-06,823282,,/api/v1.1/game/823282/feed/live,R,2026,2026-07-06,,night,P,N,N,Regular Season,1,4,1,Final,Final,2680,Petco Park,135,San Diego Padres,SD,0,False,109,Arizona Diamondbacks,AZ,8,True,593974,Wandy Peralta,Wandy,Peralta,58,1991-07-27,34,"6' 0""",227,1,Pitcher,L,Left,L,Left,,,,,,,,,,,,,,,,,,,,,,,,,,
2026-07-06,823282,,/api/v1.1/game/823282/feed/live,R,2026,2026-07-06,,night,P,N,N,Regular Season,1,4,1,Final,Final,2680,Petco Park,135,San Diego Padres,SD,0,False,109,Arizona Diamondbacks,AZ,8,True,621111,Walker Buehler,Walker,Buehler,10,1994-07-28,31,"6' 2""",185,1,Pitcher,R,Right,R,Right,"5.0 IP, 7 ER, 4 K, BB",,,,,,,,,,,,,,,,5.0,7,7,2,4,1,93,0,1,0
2026-07-06,823282,,/api/v1.1/game/823282/feed/live,R,2026,2026-07-06,,night,P,N,N,Regular Season,1,4,1,Final,Final,2680,Petco Park,135,San Diego Padres,SD,0,False,109,Arizona Diamondbacks,AZ,8,True,701538,Jackson Merrill,Jackson,Merrill,3,2003-04-19,23,"6' 2""",195,8,Outfielder,L,Left,R,Right,2-4 | K,,4,2,0,0,0,0,0,1,0,0,0,0,4,2,,,,,,,,,,
2026-07-06,823282,,/api/v1.1/game/823282/feed/live,R,2026,2026-07-06,,night,P,N,N,Regular Season,1,4,1,Final,Final,2680,Petco Park,135,San Diego Padres,SD,0,False,109,Arizona Diamondbacks,AZ,8,True,656288,Griffin Canning,Griffin,Canning,17,1996-05-11,30,"6' 2""",180,1,Pitcher,R,Right,R,Right,,,,,,,,,,,,,,,,,,,,,,,,,,
2026-07-06,823282,,/api/v1.1/game/823282/feed/live,R,2026,2026-07-06,,night,P,N,N,Regular Season,1,4,1,Final,Final,2680,Petco Park,135,San Diego Padres,SD,0,False,109,Arizona Diamondbacks,AZ,8,True,660710,Rodolfo Durán,Rodolfo,Durán,48,1998-02-19,28,"5' 8""",181,2,Catcher,R,Right,R,Right,0-3 | 3 K,,3,0,0,0,0,0,0,3,0,0,0,0,3,0,,,,,,,,,,
2026-07-06,823282,,/api/v1.1/game/823282/feed/live,R,2026,2026-07-06,,night,P,N,N,Regular Season,1,4,1,Final,Final,2680,Petco Park,135,San Diego Padres,SD,0,False,109,Arizona Diamondbacks,AZ,8,True,608566,Germán Márquez,Germán,Márquez,33,1995-02-22,31,"6' 1""",230,1,Pitcher,R,Right,R,Right,,,,,,,,,,,,,,,,,,,,,,,,,,
2026-07-06,823282,,/api/v1.1/game/823282/feed/live,R,2026,2026-07-06,,night,P,N,N,Regular Season,1,4,1,Final,Final,2680,Petco Park,135,San Diego Padres,SD,0,False,109,Arizona Diamondbacks,AZ,8,True,699134,Bradgley Rodriguez,Bradgley,Rodriguez,72,2003-11-16,22,"6' 1""",160,1,Pitcher,R,Right,R,Right,,,,,,,,,,,,,,,,,,,,,,,,,,
2026-07-06,823282,,/api/v1.1/game/823282/feed/live,R,2026,2026-07-06,,night,P,N,N,Regular Season,1,4,1,Final,Final,2680,Petco Park,135,San Diego Padres,SD,0,False,109,Arizona Diamondbacks,AZ,8,True,823550,Sung-Mun Song,Sung-Mun,Song,24,1996-08-29,29,"6' 0""",194,4,Second Base,L,Left,R,Right,0-4,,4,0,0,0,0,0,0,0,0,0,0,0,4,0,,,,,,,,,,
2026-07-06,823282,,/api/v1.1/game/823282/feed/live,R,2026,2026-07-06,,night,P,N,N,Regular Season,1,4,1,Final,Final,2680,Petco Park,135,San Diego Padres,SD,0,False,109,Arizona Diamondbacks,AZ,8,True,669392,Samad Taylor,Samad,Taylor,0,1998-07-11,27,"5' 8""",160,7,Outfielder,R,Right,R,Right,1-4 | 2 K,,4,1,0,0,0,0,0,2,0,0,0,0,4,1,,,,,,,,,,
2026-07-06,823282,,/api/v1.1/game/823282/feed/live,R,2026,2026-07-06,,night,P,N,N,Regular Season,1,4,1,Final,Final,2680,Petco Park,135,San Diego Padres,SD,0,False,109,Arizona Diamondbacks,AZ,8,True,657757,Gavin Sheets,Gavin,Sheets,30,1996-04-23,30,"6' 3""",235,3,First Base,L,Left,L,Left,1-4 | K,,4,1,0,0,0,0,0,1,0,0,0,0,4,1,,,,,,,,,,
2026-07-06,823282,,/api/v1.1/game/823282/feed/live,R,2026,2026-07-06,,night,P,N,N,Regular Season,1,4,1,Final,Final,2680,Petco Park,135,San Diego Padres,SD,0,False,109,Arizona Diamondbacks,AZ,8,True,670970,Adrian Morejon,Adrian,Morejon,50,1999-02-27,27,"5' 11""",224,1,Pitcher,L,Left,L,Left,,,,,,,,,,,,,,,,,,,,,,,,,,
2026-07-06,823282,,/api/v1.1/game/823282/feed/live,R,2026,2026-07-06,,night,P,N,N,Regular Season,1,4,1,Final,Final,2680,Petco Park,135,San Diego Padres,SD,0,False,109,Arizona Diamondbacks,AZ,8,True,592518,Manny Machado,Manuel,Machado,13,1992-07-06,34,"6' 2""",218,5,Third Base,R,Right,R,Right,1-4 | K,,4,1,0,0,0,0,0,1,0,0,0,0,4,1,,,,,,,,,,
2026-07-06,823282,,/api/v1.1/game/823282/feed/live,R,2026,2026-07-06,,night,P,N,N,Regular Season,1,4,1,Final,Final,2680,Petco Park,135,San Diego Padres,SD,0,False,109,Arizona Diamondbacks,AZ,8,True,689690,Alek Jacob,Alek,Jacob,37,1998-06-16,28,"6' 3""",190,1,Pitcher,L,Left,R,Right,"3.0 IP, ER, 3 K, 0 BB",,,,,,,,,,,,,,,,3.0,1,2,1,3,0,42,0,0,0
2026-07-06,823282,,/api/v1.1/game/823282/feed/live,R,2026,2026-07-06,,night,P,N,N,Regular Season,1,4,1,Final,Final,2680,Petco Park,135,San Diego Padres,SD,0,False,109,Arizona Diamondbacks,AZ,8,True,609280,Miguel Andujar,Miguel,Andujar,41,1995-03-02,31,"6' 0""",211,10,Designated Hitter,R,Right,R,Right,,,,,,,,,,,,,,,,,,,,,,,,,,
2026-07-06,823282,,/api/v1.1/game/823282/feed/live,R,2026,2026-07-06,,night,P,N,N,Regular Season,1,4,1,Final,Final,2680,Petco Park,135,San Diego Padres,SD,0,False,109,Arizona Diamondbacks,AZ,8,True,665487,Fernando Tatis Jr.,Fernando,Tatis,23,1999-01-02,27,"6' 3""",217,9,Outfielder,R,Right,R,Right,0-3 | K,,3,0,0,0,0,0,0,1,0,0,0,0,3,0,,,,,,,,,,
2026-07-06,823282,,/api/v1.1/game/823282/feed/live,R,2026,2026-07-06,,night,P,N,N,Regular Season,1,4,1,Final,Final,2680,Petco Park,135,San Diego Padres,SD,0,False,109,Arizona Diamondbacks,AZ,8,True,664034,Ty France,Tyler,France,25,1994-07-13,31,"5' 10""",215,3,First Base,R,Right,R,Right,1-3 | K,,3,1,0,0,0,0,0,1,0,0,0,0,3,1,,,,,,,,,,
2026-07-06,823282,,/api/v1.1/game/823282/feed/live,R,2026,2026-07-06,,night,P,N,N,Regular Season,1,4,1,Final,Final,2680,Petco Park,135,San Diego Padres,SD,0,False,109,Arizona Diamondbacks,AZ,8,True,593428,Xander Bogaerts,Xander,Bogaerts,2,1992-10-01,33,"6' 2""",218,6,Shortstop,R,Right,R,Right,,,,,,,,,,,,,,,,,,,,,,,,,,
2026-07-06,823282,,/api/v1.1/game/823282/feed/live,R,2026,2026-07-06,,night,P,N,N,Regular Season,1,4,1,Final,Final,2680,Petco Park,135,San Diego Padres,SD,0,False,109,Arizona Diamondbacks,AZ,8,True,687749,Jase Bowen,Jase,Bowen,4,2000-09-02,25,"6' 0""",215,9,Outfielder,R,Right,R,Right,0-1,,1,0,0,0,0,0,0,0,0,0,0,0,1,0,,,,,,,,,,
2026-07-06,823282,,/api/v1.1/game/823282/feed/live,R,2026,2026-07-06,,night,P,N,N,Regular Season,1,4,1,Final,Final,2680,Petco Park,135,San Diego Padres,SD,0,False,109,Arizona Diamondbacks,AZ,8,True,606996,Kyle Hart,Kyle,Hart,68,1992-11-23,33,"6' 5""",200,1,Pitcher,L,Left,L,Left,,,,,,,,,,,,,,,,,,,,,,,,,,
2026-07-06,823282,,/api/v1.1/game/823282/feed/live,R,2026,2026-07-06,,night,P,N,N,Regular Season,1,4,1,Final,Final,2680,Petco Park,135,San Diego Padres,SD,0,False,109,Arizona Diamondbacks,AZ,8,True,676760,Ron Marinaccio,Ronald,Marinaccio,97,1995-07-01,31,"6' 2""",205,1,Pitcher,R,Right,R,Right,"1.0 IP, 0 ER, 2 K, 0 BB",,,,,,,,,,,,,,,,1.0,0,2,0,2,0,23,0,0,0
2026-07-06,823282,,/api/v1.1/game/823282/feed/live,R,2026,2026-07-06,,night,P,N,N,Regular Season,1,4,1,Final,Final,2680,Petco Park,135,San Diego Padres,SD,0,False,109,Arizona Diamondbacks,AZ,8,True,630105,Jake Cronenworth,Jacob,Cronenworth,9,1994-01-21,32,"5' 11""",187,4,Second Base,L,Left,R,Right,2-4 | K,,4,2,0,0,0,0,0,1,0,0,0,0,4,2,,,,,,,,,,
2026-07-06,823282,,/api/v1.1/game/823282/feed/live,R,2026,2026-07-06,,night,P,N,N,Regular Season,1,4,1,Final,Final,2680,Petco Park,135,San Diego Padres,SD,0,False,109,Arizona Diamondbacks,AZ,8,True,676664,JP Sears,John,Sears,38,1996-02-19,30,"5' 11""",180,1,Pitcher,R,Right,L,Left,,,,,,,,,,,,,,,,,,,,,,,,,,
2026-07-06,823282,,/api/v1.1/game/823282/feed/live,R,2026,2026-07-06,,night,P,N,N,Regular Season,1,4,1,Final,Final,2680,Petco Park,135,San Diego Padres,SD,0,False,109,Arizona Diamondbacks,AZ,8,True,593958,Eduardo Rodriguez,Eduardo,Rodriguez,57,1993-04-07,33,"6' 2""",231,1,Pitcher,L,Left,L,Left,,,,,,,,,,,,,,,,,,,,,,,,,,
2026-07-06,823282,,/api/v1.1/game/823282/feed/live,R,2026,2026-07-06,,night,P,N,N,Regular Season,1,4,1,Final,Final,2680,Petco Park,135,San Diego Padres,SD,0,False,109,Arizona Diamondbacks,AZ,8,True,666661,Juan Morillo,Juan,Morillo,62,1999-03-19,27,"6' 1""",150,1,Pitcher,R,Right,R,Right,,,,,,,,,,,,,,,,,,,,,,,,,,
2026-07-06,823282,,/api/v1.1/game/823282/feed/live,R,2026,2026-07-06,,night,P,N,N,Regular Season,1,4,1,Final,Final,2680,Petco Park,135,San Diego Padres,SD,0,False,109,Arizona Diamondbacks,AZ,8,True,694297,Brandon Pfaadt,Brandon,Pfaadt,32,1998-10-15,27,"6' 4""",220,1,Pitcher,R,Right,R,Right,"5.0 IP, 0 ER, 6 K, 0 BB",,,,,,,,,,,,,,,,5.0,0,4,0,6,0,72,1,0,0
2026-07-06,823282,,/api/v1.1/game/823282/feed/live,R,2026,2026-07-06,,night,P,N,N,Regular Season,1,4,1,Final,Final,2680,Petco Park,135,San Diego Padres,SD,0,False,109,Arizona Diamondbacks,AZ,8,True,694374,Tim Tawa,Timothy,Tawa,13,1999-04-07,27,"5' 11""",196,7,Outfielder,R,Right,R,Right,,,,,,,,,,,,,,,,,,,,,,,,,,
2026-07-06,823282,,/api/v1.1/game/823282/feed/live,R,2026,2026-07-06,,night,P,N,N,Regular Season,1,4,1,Final,Final,2680,Petco Park,135,San Diego Padres,SD,0,False,109,Arizona Diamondbacks,AZ,8,True,571448,Nolan Arenado,Nolan,Arenado,28,1991-04-16,35,"6' 2""",215,5,Third Base,R,Right,R,Right,"1-4 | HR, K, RBI",,4,1,0,0,1,1,1,1,0,0,0,0,4,4,,,,,,,,,,
2026-07-06,823282,,/api/v1.1/game/823282/feed/live,R,2026,2026-07-06,,night,P,N,N,Regular Season,1,4,1,Final,Final,2680,Petco Park,135,San Diego Padres,SD,0,False,109,Arizona Diamondbacks,AZ,8,True,694371,Tommy Troy,Thomas,Troy,9,2002-01-17,24,"5' 9""",197,7,Outfielder,R,Right,R,Right,1-4 | K,,4,1,0,0,0,0,0,1,0,0,0,0,4,1,,,,,,,,,,
2026-07-06,823282,,/api/v1.1/game/823282/feed/live,R,2026,2026-07-06,,night,P,N,N,Regular Season,1,4,1,Final,Final,2680,Petco Park,135,San Diego Padres,SD,0,False,109,Arizona Diamondbacks,AZ,8,True,686753,Drey Jameson,Drey,Jameson,99,1997-08-17,28,"6' 0""",165,1,Pitcher,R,Right,R,Right,"2.0 IP, 0 ER, K, 0 BB",,,,,,,,,,,,,,,,2.0,0,2,0,1,0,27,0,0,0
2026-07-06,823282,,/api/v1.1/game/823282/feed/live,R,2026,2026-07-06,,night,P,N,N,Regular Season,1,4,1,Final,Final,2680,Petco Park,135,San Diego Padres,SD,0,False,109,Arizona Diamondbacks,AZ,8,True,518876,Merrill Kelly,Kenneth,Kelly,29,1988-10-14,37,"6' 2""",202,1,Pitcher,R,Right,R,Right,,,,,,,,,,,,,,,,,,,,,,,,,,
2026-07-06,823282,,/api/v1.1/game/823282/feed/live,R,2026,2026-07-06,,night,P,N,N,Regular Season,1,4,1,Final,Final,2680,Petco Park,135,San Diego Padres,SD,0,False,109,Arizona Diamondbacks,AZ,8,True,703615,Jose Cabrera,Jose,Cabrera,53,2002-05-30,24,"6' 3""",190,1,Pitcher,R,Right,R,Right,,,,,,,,,,,,,,,,,,,,,,,,,,
2026-07-06,823282,,/api/v1.1/game/823282/feed/live,R,2026,2026-07-06,,night,P,N,N,Regular Season,1,4,1,Final,Final,2680,Petco Park,135,San Diego Padres,SD,0,False,109,Arizona Diamondbacks,AZ,8,True,656464,Kevin Ginkel,Kevin,Ginkel,37,1994-03-24,32,"6' 4""",235,1,Pitcher,L,Left,R,Right,,,,,,,,,,,,,,,,,,,,,,,,,,
2026-07-06,823282,,/api/v1.1/game/823282/feed/live,R,2026,2026-07-06,,night,P,N,N,Regular Season,1,4,1,Final,Final,2680,Petco Park,135,San Diego Padres,SD,0,False,109,Arizona Diamondbacks,AZ,8,True,606466,Ketel Marte,Ketel,Marte,4,1993-10-12,32,"6' 0""",210,4,Second Base,S,Switch,R,Right,"1-4 | 3B, 2 K, R",,4,1,0,1,0,0,1,2,0,0,0,0,4,3,,,,,,,,,,
2026-07-06,823282,,/api/v1.1/game/823282/feed/live,R,2026,2026-07-06,,night,P,N,N,Regular Season,1,4,1,Final,Final,2680,Petco Park,135,San Diego Padres,SD,0,False,109,Arizona Diamondbacks,AZ,8,True,642528,Jonathan Loáisiga,Jonathan,Loáisiga,43,1994-11-02,31,"5' 11""",195,1,Pitcher,R,Right,R,Right,,,,,,,,,,,,,,,,,,,,,,,,,,
2026-07-06,823282,,/api/v1.1/game/823282/feed/live,R,2026,2026-07-06,,night,P,N,N,Regular Season,1,4,1,Final,Final,2680,Petco Park,135,San Diego Padres,SD,0,False,109,Arizona Diamondbacks,AZ,8,True,545121,Ildemaro Vargas,Ildemaro,Vargas,6,1991-07-16,34,"5' 11""",202,3,First Base,S,Switch,R,Right,0-4,,4,0,0,0,0,0,0,0,0,0,0,0,4,0,,,,,,,,,,
2026-07-06,823282,,/api/v1.1/game/823282/feed/live,R,2026,2026-07-06,,night,P,N,N,Regular Season,1,4,1,Final,Final,2680,Petco Park,135,San Diego Padres,SD,0,False,109,Arizona Diamondbacks,AZ,8,True,672695,Geraldo Perdomo,Geraldo,Perdomo,2,1999-10-22,26,"6' 2""",203,6,Shortstop,S,Switch,R,Right,"2-4 | HR, HBP, RBI",,4,2,0,0,1,1,2,0,0,1,0,0,5,5,,,,,,,,,,
2026-07-06,823282,,/api/v1.1/game/823282/feed/live,R,2026,2026-07-06,,night,P,N,N,Regular Season,1,4,1,Final,Final,2680,Petco Park,135,San Diego Padres,SD,0,False,109,Arizona Diamondbacks,AZ,8,True,623149,Paul Sewald,Paul,Sewald,38,1990-05-26,36,"6' 3""",219,1,Pitcher,R,Right,R,Right,,,,,,,,,,,,,,,,,,,,,,,,,,
2026-07-06,823282,,/api/v1.1/game/823282/feed/live,R,2026,2026-07-06,,night,P,N,N,Regular Season,1,4,1,Final,Final,2680,Petco Park,135,San Diego Padres,SD,0,False,109,Arizona Diamondbacks,AZ,8,True,672515,Gabriel Moreno,Gabriel,Moreno,14,2000-02-14,26,"5' 9""",195,2,Catcher,R,Right,R,Right,"2-4 | BB, R",,4,2,0,0,0,0,1,0,1,0,0,0,5,2,,,,,,,,,,
2026-07-06,823282,,/api/v1.1/game/823282/feed/live,R,2026,2026-07-06,,night,P,N,N,Regular Season,1,4,1,Final,Final,2680,Petco Park,135,San Diego Padres,SD,0,False,109,Arizona Diamondbacks,AZ,8,True,682998,Corbin Carroll,Corbin,Carroll,7,2000-08-21,25,"5' 10""",165,9,Outfielder,L,Left,L,Left,"1-4 | 2B, K, R",,4,1,1,0,0,0,1,1,0,0,0,0,4,2,,,,,,,,,,
2026-07-06,823282,,/api/v1.1/game/823282/feed/live,R,2026,2026-07-06,,night,P,N,N,Regular Season,1,4,1,Final,Final,2680,Petco Park,135,San Diego Padres,SD,0,False,109,Arizona Diamondbacks,AZ,8,True,664199,Taylor Clarke,Taylor,Clarke,45,1993-05-13,33,"6' 3""",210,1,Pitcher,R,Right,R,Right,,,,,,,,,,,,,,,,,,,,,,,,,,
2026-07-06,823282,,/api/v1.1/game/823282/feed/live,R,2026,2026-07-06,,night,P,N,N,Regular Season,1,4,1,Final,Final,2680,Petco Park,135,San Diego Padres,SD,0,False,109,Arizona Diamondbacks,AZ,8,True,668678,Zac Gallen,Zachary,Gallen,23,1995-08-03,30,"6' 2""",189,1,Pitcher,R,Right,R,Right,,,,,,,,,,,,,,,,,,,,,,,,,,
2026-07-06,823282,,/api/v1.1/game/823282/feed/live,R,2026,2026-07-06,,night,P,N,N,Regular Season,1,4,1,Final,Final,2680,Petco Park,135,San Diego Padres,SD,0,False,109,Arizona Diamondbacks,AZ,8,True,666971,Lourdes Gurriel Jr.,Lourdes,Gurriel,12,1993-10-10,32,"6' 3""",215,7,Outfielder,R,Right,R,Right,"1-4 | K, RBI, R",,4,1,0,0,0,1,1,1,0,0,0,0,4,1,,,,,,,,,,
2026-07-06,823282,,/api/v1.1/game/823282/feed/live,R,2026,2026-07-06,,night,P,N,N,Regular Season,1,4,1,Final,Final,2680,Petco Park,135,San Diego Padres,SD,0,False,109,Arizona Diamondbacks,AZ,8,True,657044,Ryan Thompson,Ryan,Thompson,81,1992-06-26,34,"6' 5""",210,1,Pitcher,R,Right,R,Right,"2.0 IP, 0 ER, 4 K, 0 BB",,,,,,,,,,,,,,,,2.0,0,2,0,4,0,28,0,0,0
2026-07-06,823282,,/api/v1.1/game/823282/feed/live,R,2026,2026-07-06,,night,P,N,N,Regular Season,1,4,1,Final,Final,2680,Petco Park,135,San Diego Padres,SD,0,False,109,Arizona Diamondbacks,AZ,8,True,596146,Max Kepler,Maximilian,Kepler,22,1993-02-10,33,"6' 4""",225,7,Outfielder,L,Left,L,Left,"2-4 | HR, K, 4 RBI",,4,2,0,0,1,4,1,1,0,0,0,0,4,5,,,,,,,,,,
2026-07-06,823282,,/api/v1.1/game/823282/feed/live,R,2026,2026-07-06,,night,P,N,N,Regular Season,1,4,1,Final,Final,2680,Petco Park,135,San Diego Padres,SD,0,False,109,Arizona Diamondbacks,AZ,8,True,543510,James McCann,James,McCann,8,1990-06-13,36,"6' 2""",235,2,Catcher,R,Right,R,Right,,,,,,,,,,,,,,,,,,,,,,,,,,
2026-07-06,823282,,/api/v1.1/game/823282/feed/live,R,2026,2026-07-06,,night,P,N,N,Regular Season,1,4,1,Final,Final,2680,Petco Park,135,San Diego Padres,SD,0,False,109,Arizona Diamondbacks,AZ,8,True,805299,Brandyn Garcia,Brandyn,Garcia,55,2000-05-27,26,"6' 4""",235,1,Pitcher,L,Left,L,Left,,,,,,,,,,,,,,,,,,,,,,,,,,
2026-07-06,823282,,/api/v1.1/game/823282/feed/live,R,2026,2026-07-06,,night,P,N,N,Regular Season,1,4,1,Final,Final,2680,Petco Park,135,San Diego Padres,SD,0,False,109,Arizona Diamondbacks,AZ,8,True,656976,Pavin Smith,Pavin,Smith,26,1996-02-06,30,"6' 2""",208,10,Designated Hitter,L,Left,L,Left,0-1 | K,,1,0,0,0,0,0,0,1,0,0,0,0,1,0,,,,,,,,,,
2026-07-06,823282,,/api/v1.1/game/823282/feed/live,R,2026,2026-07-06,,night,P,N,N,Regular Season,1,4,1,Final,Final,2680,Petco Park,135,San Diego Padres,SD,0,False,109,Arizona Diamondbacks,AZ,8,True,678489,Jorge Barrosa,Jorge,Barrosa,1,2001-02-17,25,"5' 6""",165,8,Outfielder,S,Switch,L,Left,0-1 | K,,1,0,0,0,0,0,0,1,0,0,0,0,1,0,,,,,,,,,,
2026-07-06,823205,,/api/v1.1/game/823205/feed/live,R,2026,2026-07-06,,night,P,N,N,Regular Season,1,3,1,Final,Final,2395,Oracle Park,137,San Francisco Giants,SF,10,True,141,Toronto Blue Jays,TOR,1,False,669477,Casey Schmitt,Casey,Schmitt,10,1999-03-01,27,"6' 0""",215,7,Outfielder,R,Right,R,Right,0-4 | 3 K,,4,0,0,0,0,0,0,3,0,0,0,0,4,0,,,,,,,,,,
2026-07-06,823205,,/api/v1.1/game/823205/feed/live,R,2026,2026-07-06,,night,P,N,N,Regular Season,1,3,1,Final,Final,2395,Oracle Park,137,San Francisco Giants,SF,10,True,141,Toronto Blue Jays,TOR,1,False,664141,JT Brubaker,Jonathan,Brubaker,34,1993-11-17,32,"6' 4""",197,1,Pitcher,R,Right,R,Right,,,,,,,,,,,,,,,,,,,,,,,,,,
2026-07-06,823205,,/api/v1.1/game/823205/feed/live,R,2026,2026-07-06,,night,P,N,N,Regular Season,1,3,1,Final,Final,2395,Oracle Park,137,San Francisco Giants,SF,10,True,141,Toronto Blue Jays,TOR,1,False,813841,Jonah Cox,Jonah,Cox,53,2001-08-04,24,"6' 2""",204,8,Outfielder,R,Right,R,Right,,,,,,,,,,,,,,,,,,,,,,,,,,
2026-07-06,823205,,/api/v1.1/game/823205/feed/live,R,2026,2026-07-06,,night,P,N,N,Regular Season,1,3,1,Final,Final,2395,Oracle Park,137,San Francisco Giants,SF,10,True,141,Toronto Blue Jays,TOR,1,False,686790,Trevor McDonald,Trevor,McDonald,72,2001-02-26,25,"6' 0""",205,1,Pitcher,R,Right,R,Right,,,,,,,,,,,,,,,,,,,,,,,,,,
2026-07-06,823205,,/api/v1.1/game/823205/feed/live,R,2026,2026-07-06,,night,P,N,N,Regular Season,1,3,1,Final,Final,2395,Oracle Park,137,San Francisco Giants,SF,10,True,141,Toronto Blue Jays,TOR,1,False,671218,Heliot Ramos,Heliot,Ramos,17,1999-09-07,26,"5' 11""",235,7,Outfielder,R,Right,R,Right,"3-5 | 2 HR, 3B, K",,5,3,0,1,2,5,3,1,0,0,0,0,5,11,,,,,,,,,,
2026-07-06,823205,,/api/v1.1/game/823205/feed/live,R,2026,2026-07-06,,night,P,N,N,Regular Season,1,3,1,Final,Final,2395,Oracle Park,137,San Francisco Giants,SF,10,True,141,Toronto Blue Jays,TOR,1,False,681916,Dylan Smith,Dylan,Smith,66,2000-05-28,26,"6' 2""",180,1,Pitcher,R,Right,R,Right,,,,,,,,,,,,,,,,,,,,,,,,,,
2026-07-06,823205,,/api/v1.1/game/823205/feed/live,R,2026,2026-07-06,,night,P,N,N,Regular Season,1,3,1,Final,Final,2395,Oracle Park,137,San Francisco Giants,SF,10,True,141,Toronto Blue Jays,TOR,1,False,701852,Drew Cavanaugh,Drew,Cavanaugh,61,2002-01-27,24,"6' 0""",219,2,Catcher,L,Left,R,Right,,,,,,,,,,,,,,,,,,,,,,,,,,
2026-07-06,823205,,/api/v1.1/game/823205/feed/live,R,2026,2026-07-06,,night,P,N,N,Regular Season,1,3,1,Final,Final,2395,Oracle Park,137,San Francisco Giants,SF,10,True,141,Toronto Blue Jays,TOR,1,False,682674,Victor Bericoto,Victor,Bericoto,78,2001-12-03,24,"6' 1""",210,9,Outfielder,R,Right,R,Right,"2-4 | 2 RBI, 2 R, SB",,4,2,0,0,0,2,2,0,0,1,0,0,4,2,,,,,,,,,,
2026-07-06,823205,,/api/v1.1/game/823205/feed/live,R,2026,2026-07-06,,night,P,N,N,Regular Season,1,3,1,Final,Final,2395,Oracle Park,137,San Francisco Giants,SF,10,True,141,Toronto Blue Jays,TOR,1,False,641816,Tyler Mahle,Tyler,Mahle,54,1994-09-29,31,"6' 3""",212,1,Pitcher,R,Right,R,Right,,,,,,,,,,,,,,,,,,,,,,,,,,
2026-07-06,823205,,/api/v1.1/game/823205/feed/live,R,2026,2026-07-06,,night,P,N,N,Regular Season,1,3,1,Final,Final,2395,Oracle Park,137,San Francisco Giants,SF,10,True,141,Toronto Blue Jays,TOR,1,False,657277,Logan Webb,Logan,Webb,62,1996-11-18,29,"6' 2""",221,1,Pitcher,R,Right,R,Right,,,,,,,,,,,,,,,,,,,,,,,,,,
2026-07-06,823205,,/api/v1.1/game/823205/feed/live,R,2026,2026-07-06,,night,P,N,N,Regular Season,1,3,1,Final,Final,2395,Oracle Park,137,San Francisco Giants,SF,10,True,141,Toronto Blue Jays,TOR,1,False,676254,Ryan Walker,Ryan,Walker,74,1995-11-26,30,"6' 2""",215,1,Pitcher,R,Right,R,Right,,,,,,,,,,,,,,,,,,,,,,,,,,
2026-07-06,823205,,/api/v1.1/game/823205/feed/live,R,2026,2026-07-06,,night,P,N,N,Regular Season,1,3,1,Final,Final,2395,Oracle Park,137,San Francisco Giants,SF,10,True,141,Toronto Blue Jays,TOR,1,False,702352,Spencer Bivens,Spencer,Bivens,76,1994-06-28,32,"6' 4""",220,1,Pitcher,R,Right,R,Right,"1.0 IP, 0 ER, 2 K, 0 BB",,,,,,,,,,,,,,,,1.0,0,0,0,2,0,14,0,0,0
2026-07-06,823205,,/api/v1.1/game/823205/feed/live,R,2026,2026-07-06,,night,P,N,N,Regular Season,1,3,1,Final,Final,2395,Oracle Park,137,San Francisco Giants,SF,10,True,141,Toronto Blue Jays,TOR,1,False,668873,Caleb Kilian,Caleb,Kilian,45,1997-06-02,29,"6' 4""",206,1,Pitcher,R,Right,R,Right,,,,,,,,,,,,,,,,,,,,,,,,,,
2026-07-06,823205,,/api/v1.1/game/823205/feed/live,R,2026,2026-07-06,,night,P,N,N,Regular Season,1,3,1,Final,Final,2395,Oracle Park,137,San Francisco Giants,SF,10,True,141,Toronto Blue Jays,TOR,1,False,808982,Jung Hoo Lee,Jung Hoo,Lee,51,1998-08-20,27,"6' 0""",196,9,Outfielder,L,Left,R,Right,"1-3 | BB, R",,3,1,0,0,0,0,1,0,1,0,0,0,4,1,,,,,,,,,,
2026-07-06,823205,,/api/v1.1/game/823205/feed/live,R,2026,2026-07-06,,night,P,N,N,Regular Season,1,3,1,Final,Final,2395,Oracle Park,137,San Francisco Giants,SF,10,True,141,Toronto Blue Jays,TOR,1,False,687551,Drew Gilbert,Andrew,Gilbert,0,2000-09-27,25,"5' 9""",195,8,Outfielder,L,Left,L,Left,,,,,,,,,,,,,,,,,,,,,,,,,,
2026-07-06,823205,,/api/v1.1/game/823205/feed/live,R,2026,2026-07-06,,night,P,N,N,Regular Season,1,3,1,Final,Final,2395,Oracle Park,137,San Francisco Giants,SF,10,True,141,Toronto Blue Jays,TOR,1,False,656529,Sam Hentges,Sam,Hentges,31,1996-07-18,29,"6' 8""",255,1,Pitcher,L,Left,L,Left,,,,,,,,,,,,,,,,,,,,,,,,,,
2026-07-06,823205,,/api/v1.1/game/823205/feed/live,R,2026,2026-07-06,,night,P,N,N,Regular Season,1,3,1,Final,Final,2395,Oracle Park,137,San Francisco Giants,SF,10,True,141,Toronto Blue Jays,TOR,1,False,646240,Rafael Devers,Rafael,Devers,16,1996-10-24,29,"6' 0""",235,3,First Base,L,Left,R,Right,"0-2 | 2 BB, 2 R",,2,0,0,0,0,0,2,0,2,0,0,0,4,0,,,,,,,,,,
2026-07-06,823205,,/api/v1.1/game/823205/feed/live,R,2026,2026-07-06,,night,P,N,N,Regular Season,1,3,1,Final,Final,2395,Oracle Park,137,San Francisco Giants,SF,10,True,141,Toronto Blue Jays,TOR,1,False,606992,Eric Haase,Eric,Haase,18,1992-12-18,33,"5' 10""",201,2,Catcher,R,Right,R,Right,0-3 | K,,3,0,0,0,0,0,0,1,0,0,0,0,4,0,,,,,,,,,,
2026-07-06,823205,,/api/v1.1/game/823205/feed/live,R,2026,2026-07-06,,night,P,N,N,Regular Season,1,3,1,Final,Final,2395,Oracle Park,137,San Francisco Giants,SF,10,True,141,Toronto Blue Jays,TOR,1,False,683766,Christian Koss,Christian,Koss,50,1998-01-27,28,"6' 1""",185,4,Second Base,R,Right,R,Right,,,,,,,,,,,,,,,,,,,,,,,,,,
2026-07-06,823205,,/api/v1.1/game/823205/feed/live,R,2026,2026-07-06,,night,P,N,N,Regular Season,1,3,1,Final,Final,2395,Oracle Park,137,San Francisco Giants,SF,10,True,141,Toronto Blue Jays,TOR,1,False,605288,Adrian Houser,Adrian,Houser,12,1993-02-02,33,"6' 4""",227,1,Pitcher,R,Right,R,Right,,,,,,,,,,,,,,,,,,,,,,,,,,
2026-07-06,823205,,/api/v1.1/game/823205/feed/live,R,2026,2026-07-06,,night,P,N,N,Regular Season,1,3,1,Final,Final,2395,Oracle Park,137,San Francisco Giants,SF,10,True,141,Toronto Blue Jays,TOR,1,False,642715,Willy Adames,Willy,Adames,2,1995-09-02,30,"6' 0""",216,6,Shortstop,R,Right,R,Right,"0-2 | 2 BB, R",,2,0,0,0,0,0,1,0,2,0,0,1,4,0,,,,,,,,,,
2026-07-06,823205,,/api/v1.1/game/823205/feed/live,R,2026,2026-07-06,,night,P,N,N,Regular Season,1,3,1,Final,Final,2395,Oracle Park,137,San Francisco Giants,SF,10,True,141,Toronto Blue Jays,TOR,1,False,592662,Robbie Ray,Robert,Ray,38,1991-10-01,34,"6' 2""",220,1,Pitcher,L,Left,L,Left,,,,,,,,,,,,,,,,,,,,,,,,,,
2026-07-06,823205,,/api/v1.1/game/823205/feed/live,R,2026,2026-07-06,,night,P,N,N,Regular Season,1,3,1,Final,Final,2395,Oracle Park,137,San Francisco Giants,SF,10,True,141,Toronto Blue Jays,TOR,1,False,669062,Erik Miller,Erik,Miller,68,1998-02-13,28,"6' 5""",269,1,Pitcher,L,Left,L,Left,,,,,,,,,,,,,,,,,,,,,,,,,,
2026-07-06,823205,,/api/v1.1/game/823205/feed/live,R,2026,2026-07-06,,night,P,N,N,Regular Season,1,3,1,Final,Final,2395,Oracle Park,137,San Francisco Giants,SF,10,True,141,Toronto Blue Jays,TOR,1,False,694738,Landen Roupp,Landen,Roupp,65,1998-09-10,27,"6' 2""",220,1,Pitcher,R,Right,R,Right,"8.0 IP, ER, 5 K, 2 BB",,,,,,,,,,,,,,,,8.0,1,3,1,5,2,104,1,0,0
2026-07-06,823205,,/api/v1.1/game/823205/feed/live,R,2026,2026-07-06,,night,P,N,N,Regular Season,1,3,1,Final,Final,2395,Oracle Park,137,San Francisco Giants,SF,10,True,141,Toronto Blue Jays,TOR,1,False,650333,Luis Arraez,Luis,Arraez,1,1997-04-09,29,"5' 10""",186,4,Second Base,L,Left,R,Right,"1-4 | BB, SB",,4,1,0,0,0,0,0,0,1,1,0,0,5,1,,,,,,,,,,
2026-07-06,823205,,/api/v1.1/game/823205/feed/live,R,2026,2026-07-06,,night,P,N,N,Regular Season,1,3,1,Final,Final,2395,Oracle Park,137,San Francisco Giants,SF,10,True,141,Toronto Blue Jays,TOR,1,False,805811,Bryce Eldridge,Bryson,Eldridge,8,2004-10-20,21,"6' 7""",251,10,Designated Hitter,L,Left,R,Right,"1-4 | 3 K, R",,4,1,0,0,0,0,1,3,0,0,0,0,4,1,,,,,,,,,,
2026-07-06,823205,,/api/v1.1/game/823205/feed/live,R,2026,2026-07-06,,night,P,N,N,Regular Season,1,3,1,Final,Final,2395,Oracle Park,137,San Francisco Giants,SF,10,True,141,Toronto Blue Jays,TOR,1,False,669456,Shane Bieber,Shane,Bieber,57,1995-05-31,31,"6' 3""",200,1,Pitcher,R,Right,R,Right,,,,,,,,,,,,,,,,,,,,,,,,,,
2026-07-06,823205,,/api/v1.1/game/823205/feed/live,R,2026,2026-07-06,,night,P,N,N,Regular Season,1,3,1,Final,Final,2395,Oracle Park,137,San Francisco Giants,SF,10,True,141,Toronto Blue Jays,TOR,1,False,693686,Spencer Miles,Spencer,Miles,62,2000-07-26,25,"6' 3""",180,1,Pitcher,L,Left,R,Right,,,,,,,,,,,,,,,,,,,,,,,,,,
2026-07-06,823205,,/api/v1.1/game/823205/feed/live,R,2026,2026-07-06,,night,P,N,N,Regular Season,1,3,1,Final,Final,2395,Oracle Park,137,San Francisco Giants,SF,10,True,141,Toronto Blue Jays,TOR,1,False,667297,Tommy Nance,Thomas,Nance,45,1991-03-19,35,"6' 6""",235,1,Pitcher,R,Right,R,Right,"1.2 IP, ER, 0 K, BB",,,,,,,,,,,,,,,,1.2,1,1,1,0,1,18,0,0,0
2026-07-06,823205,,/api/v1.1/game/823205/feed/live,R,2026,2026-07-06,,night,P,N,N,Regular Season,1,3,1,Final,Final,2395,Oracle Park,137,San Francisco Giants,SF,10,True,141,Toronto Blue Jays,TOR,1,False,649966,Luis Urías,Luis,Urías,48,1997-06-03,29,"5' 9""",202,4,Second Base,R,Right,R,Right,,,,,,,,,,,,,,,,,,,,,,,,,,
2026-07-06,823205,,/api/v1.1/game/823205/feed/live,R,2026,2026-07-06,,night,P,N,N,Regular Season,1,3,1,Final,Final,2395,Oracle Park,137,San Francisco Giants,SF,10,True,141,Toronto Blue Jays,TOR,1,False,682729,Jonatan Clase,Jonatan,Clase,8,2002-05-23,24,"5' 10""",150,7,Outfielder,S,Switch,R,Right,,,,,,,,,,,,,,,,,,,,,,,,,,
2026-07-06,823205,,/api/v1.1/game/823205/feed/live,R,2026,2026-07-06,,night,P,N,N,Regular Season,1,3,1,Final,Final,2395,Oracle Park,137,San Francisco Giants,SF,10,True,141,Toronto Blue Jays,TOR,1,False,671936,Adam Macko,Adam,Macko,64,2000-12-30,25,"6' 0""",170,1,Pitcher,L,Left,L,Left,"1.0 IP, 2 ER, 0 K, 0 BB",,,,,,,,,,,,,,,,1.0,2,2,1,0,0,12,0,0,0
2026-07-06,823205,,/api/v1.1/game/823205/feed/live,R,2026,2026-07-06,,night,P,N,N,Regular Season,1,3,1,Final,Final,2395,Oracle Park,137,San Francisco Giants,SF,10,True,141,Toronto Blue Jays,TOR,1,False,686973,Louis Varland,Louis,Varland,77,1997-12-09,28,"6' 1""",205,1,Pitcher,L,Left,R,Right,,,,,,,,,,,,,,,,,,,,,,,,,,
2026-07-06,823205,,/api/v1.1/game/823205/feed/live,R,2026,2026-07-06,,night,P,N,N,Regular Season,1,3,1,Final,Final,2395,Oracle Park,137,San Francisco Giants,SF,10,True,141,Toronto Blue Jays,TOR,1,False,676391,Ernie Clement,Ernie,Clement,22,1996-03-22,30,"6' 0""",170,4,Second Base,R,Right,R,Right,1-4,,4,1,0,0,0,0,0,0,0,0,0,0,4,1,,,,,,,,,,
2026-07-06,823205,,/api/v1.1/game/823205/feed/live,R,2026,2026-07-06,,night,P,N,N,Regular Season,1,3,1,Final,Final,2395,Oracle Park,137,San Francisco Giants,SF,10,True,141,Toronto Blue Jays,TOR,1,False,662139,Daulton Varsho,Daulton,Varsho,5,1996-07-02,30,"5' 8""",207,8,Outfielder,L,Left,R,Right,0-3 | K,,3,0,0,0,0,0,0,1,0,0,0,0,3,0,,,,,,,,,,
2026-07-06,823205,,/api/v1.1/game/823205/feed/live,R,2026,2026-07-06,,night,P,N,N,Regular Season,1,3,1,Final,Final,2395,Oracle Park,137,San Francisco Giants,SF,10,True,141,Toronto Blue Jays,TOR,1,False,665926,Andrés Giménez,Andrés,Giménez,0,1998-09-04,27,"5' 11""",161,6,Shortstop,L,Left,R,Right,0-3 | K,,3,0,0,0,0,0,0,1,0,0,0,0,3,0,,,,,,,,,,
2026-07-06,823205,,/api/v1.1/game/823205/feed/live,R,2026,2026-07-06,,night,P,N,N,Regular Season,1,3,1,Final,Final,2395,Oracle Park,137,San Francisco Giants,SF,10,True,141,Toronto Blue Jays,TOR,1,False,592332,Kevin Gausman,Kevin,Gausman,34,1991-01-06,35,"6' 2""",205,1,Pitcher,L,Left,R,Right,"5.1 IP, 4 ER, 8 K, 5 BB",,,,,,,,,,,,,,,,5.1,4,5,0,8,5,92,0,1,0
2026-07-06,823205,,/api/v1.1/game/823205/feed/live,R,2026,2026-07-06,,night,P,N,N,Regular Season,1,3,1,Final,Final,2395,Oracle Park,137,San Francisco Giants,SF,10,True,141,Toronto Blue Jays,TOR,1,False,678218,Brandon Valenzuela,Brandon,Valenzuela,59,2000-10-02,25,"6' 0""",225,2,Catcher,S,Switch,R,Right,,,,,,,,,,,,,,,,,,,,,,,,,,
2026-07-06,823205,,/api/v1.1/game/823205/feed/live,R,2026,2026-07-06,,night,P,N,N,Regular Season,1,3,1,Final,Final,2395,Oracle Park,137,San Francisco Giants,SF,10,True,141,Toronto Blue Jays,TOR,1,False,656546,Jeff Hoffman,Jeffrey,Hoffman,23,1993-01-08,33,"6' 5""",235,1,Pitcher,R,Right,R,Right,,,,,,,,,,,,,,,,,,,,,,,,,,
2026-07-06,823205,,/api/v1.1/game/823205/feed/live,R,2026,2026-07-06,,night,P,N,N,Regular Season,1,3,1,Final,Final,2395,Oracle Park,137,San Francisco Giants,SF,10,True,141,Toronto Blue Jays,TOR,1,False,656302,Dylan Cease,Dylan,Cease,84,1995-12-28,30,"6' 2""",200,1,Pitcher,R,Right,R,Right,,,,,,,,,,,,,,,,,,,,,,,,,,
2026-07-06,823205,,/api/v1.1/game/823205/feed/live,R,2026,2026-07-06,,night,P,N,N,Regular Season,1,3,1,Final,Final,2395,Oracle Park,137,San Francisco Giants,SF,10,True,141,Toronto Blue Jays,TOR,1,False,702056,Trey Yesavage,Trey,Yesavage,39,2003-07-28,22,"6' 4""",225,1,Pitcher,R,Right,R,Right,,,,,,,,,,,,,,,,,,,,,,,,,,
2026-07-06,823205,,/api/v1.1/game/823205/feed/live,R,2026,2026-07-06,,night,P,N,N,Regular Season,1,3,1,Final,Final,2395,Oracle Park,137,San Francisco Giants,SF,10,True,141,Toronto Blue Jays,TOR,1,False,664770,Nathan Lukes,Nathan,Lukes,38,1994-07-12,31,"5' 11""",180,9,Outfielder,L,Left,R,Right,1-4,,4,1,0,0,0,0,0,0,0,0,0,0,4,1,,,,,,,,,,
2026-07-06,823205,,/api/v1.1/game/823205/feed/live,R,2026,2026-07-06,,night,P,N,N,Regular Season,1,3,1,Final,Final,2395,Oracle Park,137,San Francisco Giants,SF,10,True,141,Toronto Blue Jays,TOR,1,False,682818,Yohendrick Piñango,Yohendrick,Pinango,24,2002-05-07,24,"5' 10""",170,7,Outfielder,L,Left,L,Left,,,,,,,,,,,,,,,,,,,,,,,,,,
2026-07-06,823205,,/api/v1.1/game/823205/feed/live,R,2026,2026-07-06,,night,P,N,N,Regular Season,1,3,1,Final,Final,2395,Oracle Park,137,San Francisco Giants,SF,10,True,141,Toronto Blue Jays,TOR,1,False,543807,George Springer,George,Springer,4,1989-09-19,36,"6' 1""",220,10,Designated Hitter,R,Right,R,Right,,,,,,,,,,,,,,,,,,,,,,,,,,
2026-07-06,823205,,/api/v1.1/game/823205/feed/live,R,2026,2026-07-06,,night,P,N,N,Regular Season,1,3,1,Final,Final,2395,Oracle Park,137,San Francisco Giants,SF,10,True,141,Toronto Blue Jays,TOR,1,False,689254,Mason Fluharty,Mason,Fluharty,68,2001-08-13,24,"6' 2""",215,1,Pitcher,R,Right,L,Left,,,,,,,,,,,,,,,,,,,,,,,,,,
2026-07-06,823205,,/api/v1.1/game/823205/feed/live,R,2026,2026-07-06,,night,P,N,N,Regular Season,1,3,1,Final,Final,2395,Oracle Park,137,San Francisco Giants,SF,10,True,141,Toronto Blue Jays,TOR,1,False,815873,Sean Keys,Sean,Keys,20,2003-05-26,23,"6' 1""",232,5,Third Base,L,Left,R,Right,0-4 | 3 K,,4,0,0,0,0,0,0,3,0,0,0,0,4,0,,,,,,,,,,
2026-07-06,823205,,/api/v1.1/game/823205/feed/live,R,2026,2026-07-06,,night,P,N,N,Regular Season,1,3,1,Final,Final,2395,Oracle Park,137,San Francisco Giants,SF,10,True,141,Toronto Blue Jays,TOR,1,False,643511,Tyler Rogers,Tyler,Rogers,71,1990-12-17,35,"6' 3""",180,1,Pitcher,R,Right,R,Right,,,,,,,,,,,,,,,,,,,,,,,,,,
2026-07-06,823205,,/api/v1.1/game/823205/feed/live,R,2026,2026-07-06,,night,P,N,N,Regular Season,1,3,1,Final,Final,2395,Oracle Park,137,San Francisco Giants,SF,10,True,141,Toronto Blue Jays,TOR,1,False,665489,Vladimir Guerrero Jr.,Vladimir,Guerrero,27,1999-03-16,27,"6' 0""",245,3,First Base,R,Right,R,Right,"0-3 | BB, K",,3,0,0,0,0,0,0,1,1,0,0,0,4,0,,,,,,,,,,
2026-07-06,823205,,/api/v1.1/game/823205/feed/live,R,2026,2026-07-06,,night,P,N,N,Regular Season,1,3,1,Final,Final,2395,Oracle Park,137,San Francisco Giants,SF,10,True,141,Toronto Blue Jays,TOR,1,False,571578,Patrick Corbin,Patrick,Corbin,46,1989-07-19,36,"6' 4""",225,1,Pitcher,L,Left,L,Left,,,,,,,,,,,,,,,,,,,,,,,,,,
2026-07-06,823205,,/api/v1.1/game/823205/feed/live,R,2026,2026-07-06,,night,P,N,N,Regular Season,1,3,1,Final,Final,2395,Oracle Park,137,San Francisco Giants,SF,10,True,141,Toronto Blue Jays,TOR,1,False,664702,Myles Straw,Myles,Straw,3,1994-10-17,31,"5' 9""",178,9,Outfielder,R,Right,R,Right,0-3,,3,0,0,0,0,0,0,0,0,0,0,0,3,0,,,,,,,,,,
2026-07-06,823205,,/api/v1.1/game/823205/feed/live,R,2026,2026-07-06,,night,P,N,N,Regular Season,1,3,1,Final,Final,2395,Oracle Park,137,San Francisco Giants,SF,10,True,141,Toronto Blue Jays,TOR,1,False,672386,Alejandro Kirk,Alejandro,Kirk,30,1998-11-06,27,"5' 8""",245,2,Catcher,R,Right,R,Right,0-3 | BB,,3,0,0,0,0,0,0,0,1,0,0,0,4,0,,,,,,,,,,
2026-07-06,823205,,/api/v1.1/game/823205/feed/live,R,2026,2026-07-06,,night,P,N,N,Regular Season,1,3,1,Final,Final,2395,Oracle Park,137,San Francisco Giants,SF,10,True,141,Toronto Blue Jays,TOR,1,False,672960,Kazuma Okamoto,Kazuma,Okamoto,7,1996-06-30,30,"6' 1""",220,5,Third Base,R,Right,R,Right,"1-4 | HR, K, RBI",,4,1,0,0,1,1,1,1,0,0,0,0,4,4,,,,,,,,,,
2026-07-06,823930,,/api/v1.1/game/823930/feed/live,R,2026,2026-07-06,,night,P,N,N,Regular Season,1,3,1,Final,Final,22,UNIQLO Field at Dodger Stadium,119,Los Angeles Dodgers,LAD,8,True,115,Colorado Rockies,COL,7,False,687221,Dalton Rushing,Dalton,Rushing,68,2001-02-21,25,"6' 0""",220,2,Catcher,L,Left,R,Right,"3-5 | 2 2B, K, RBI",,5,3,2,0,0,1,2,1,0,0,0,0,5,5,,,,,,,,,,
2026-07-06,823930,,/api/v1.1/game/823930/feed/live,R,2026,2026-07-06,,night,P,N,N,Regular Season,1,3,1,Final,Final,22,UNIQLO Field at Dodger Stadium,119,Los Angeles Dodgers,LAD,8,True,115,Colorado Rockies,COL,7,False,681911,Alex Vesia,Alexander,Vesia,51,1996-04-11,30,"6' 1""",209,1,Pitcher,L,Left,L,Left,"1.0 IP, 0 ER, 0 K, 2 BB",,,,,,,,,,,,,,,,1.0,0,0,0,0,2,23,0,0,0
2026-07-06,823930,,/api/v1.1/game/823930/feed/live,R,2026,2026-07-06,,night,P,N,N,Regular Season,1,3,1,Final,Final,22,UNIQLO Field at Dodger Stadium,119,Los Angeles Dodgers,LAD,8,True,115,Colorado Rockies,COL,7,False,663656,Kyle Tucker,Kyle,Tucker,23,1997-01-17,29,"6' 3""",212,9,Outfielder,L,Left,R,Right,3-5 | R,,5,3,0,0,0,0,1,0,0,0,0,0,5,3,,,,,,,,,,
2026-07-06,823930,,/api/v1.1/game/823930/feed/live,R,2026,2026-07-06,,night,P,N,N,Regular Season,1,3,1,Final,Final,22,UNIQLO Field at Dodger Stadium,119,Los Angeles Dodgers,LAD,8,True,115,Colorado Rockies,COL,7,False,571970,Max Muncy,Maxwell,Muncy,13,1990-08-25,35,"5' 10""",215,5,Third Base,L,Left,R,Right,"2-4 | BB, RBI, R",,4,2,0,0,0,1,1,0,1,0,0,0,5,2,,,,,,,,,,
2026-07-06,823930,,/api/v1.1/game/823930/feed/live,R,2026,2026-07-06,,night,P,N,N,Regular Season,1,3,1,Final,Final,22,UNIQLO Field at Dodger Stadium,119,Los Angeles Dodgers,LAD,8,True,115,Colorado Rockies,COL,7,False,518692,Freddie Freeman,Frederick,Freeman,5,1989-09-12,36,"6' 4""",220,3,First Base,L,Left,R,Right,1-5,,5,1,0,0,0,0,0,0,0,0,0,0,5,1,,,,,,,,,,
2026-07-06,823930,,/api/v1.1/game/823930/feed/live,R,2026,2026-07-06,,night,P,N,N,Regular Season,1,3,1,Final,Final,22,UNIQLO Field at Dodger Stadium,119,Los Angeles Dodgers,LAD,8,True,115,Colorado Rockies,COL,7,False,683618,Edgardo Henriquez,Edgardo,Henriquez,60,2002-06-24,24,"6' 4""",200,1,Pitcher,R,Right,R,Right,"2.0 IP, 0 ER, 0 K, 2 BB",,,,,,,,,,,,,,,,2.0,0,0,0,0,2,28,1,0,0
2026-07-06,823930,,/api/v1.1/game/823930/feed/live,R,2026,2026-07-06,,night,P,N,N,Regular Season,1,3,1,Final,Final,22,UNIQLO Field at Dodger Stadium,119,Los Angeles Dodgers,LAD,8,True,115,Colorado Rockies,COL,7,False,641778,Eric Lauer,Eric,Lauer,33,1995-06-03,31,"6' 3""",209,1,Pitcher,R,Right,L,Left,"6.0 IP, 3 ER, 3 K, 2 BB",,,,,,,,,,,,,,,,6.0,3,6,1,3,2,99,0,0,0
2026-07-06,823930,,/api/v1.1/game/823930/feed/live,R,2026,2026-07-06,,night,P,N,N,Regular Season,1,3,1,Final,Final,22,UNIQLO Field at Dodger Stadium,119,Los Angeles Dodgers,LAD,8,True,115,Colorado Rockies,COL,7,False,656945,Tanner Scott,Tanner,Scott,66,1994-07-22,31,"6' 0""",235,1,Pitcher,R,Right,L,Left,"1.0 IP, 3 ER, 2 K, 2 BB",,,,,,,,,,,,,,,,1.0,3,3,0,2,2,24,0,0,0
2026-07-06,823930,,/api/v1.1/game/823930/feed/live,R,2026,2026-07-06,,night,P,N,N,Regular Season,1,3,1,Final,Final,22,UNIQLO Field at Dodger Stadium,119,Los Angeles Dodgers,LAD,8,True,115,Colorado Rockies,COL,7,False,672613,Eliezer Alfonzo,Eliezer,Alfonzo,64,1999-09-23,26,"5' 10""",155,2,Catcher,S,Switch,R,Right,,,,,,,,,,,,,,,,,,,,,,,,,,
2026-07-06,823930,,/api/v1.1/game/823930/feed/live,R,2026,2026-07-06,,night,P,N,N,Regular Season,1,3,1,Final,Final,22,UNIQLO Field at Dodger Stadium,119,Los Angeles Dodgers,LAD,8,True,115,Colorado Rockies,COL,7,False,669242,Tommy Edman,Thomas,Edman,25,1995-05-09,31,"5' 10""",193,7,Outfielder,S,Switch,R,Right,0-0,,0,0,0,0,0,0,0,0,0,0,0,0,2,0,,,,,,,,,,
2026-07-06,823930,,/api/v1.1/game/823930/feed/live,R,2026,2026-07-06,,night,P,N,N,Regular Season,1,3,1,Final,Final,22,UNIQLO Field at Dodger Stadium,119,Los Angeles Dodgers,LAD,8,True,115,Colorado Rockies,COL,7,False,669165,Kyle Hurt,Kyle,Hurt,63,1998-05-30,28,"6' 3""",240,1,Pitcher,R,Right,R,Right,,,,,,,,,,,,,,,,,,,,,,,,,,
2026-07-06,823930,,/api/v1.1/game/823930/feed/live,R,2026,2026-07-06,,night,P,N,N,Regular Season,1,3,1,Final,Final,22,UNIQLO Field at Dodger Stadium,119,Los Angeles Dodgers,LAD,8,True,115,Colorado Rockies,COL,7,False,660271,Shohei Ohtani,Shohei,Ohtani,17,1994-07-05,32,"6' 4""",210,Y,Two-Way Player,L,Left,R,Right,"3-4 | HR, BB, 4 RBI",,4,3,0,0,1,4,1,0,1,0,0,0,5,6,,,,,,,,,,
2026-07-06,823930,,/api/v1.1/game/823930/feed/live,R,2026,2026-07-06,,night,P,N,N,Regular Season,1,3,1,Final,Final,22,UNIQLO Field at Dodger Stadium,119,Los Angeles Dodgers,LAD,8,True,115,Colorado Rockies,COL,7,False,694361,Will Klein,William,Klein,61,1999-11-28,26,"6' 5""",230,1,Pitcher,R,Right,R,Right,,,,,,,,,,,,,,,,,,,,,,,,,,
2026-07-06,823930,,/api/v1.1/game/823930/feed/live,R,2026,2026-07-06,,night,P,N,N,Regular Season,1,3,1,Final,Final,22,UNIQLO Field at Dodger Stadium,119,Los Angeles Dodgers,LAD,8,True,115,Colorado Rockies,COL,7,False,680736,Justin Wrobleski,Justin,Wrobleski,70,2000-07-14,25,"6' 1""",194,1,Pitcher,L,Left,L,Left,,,,,,,,,,,,,,,,,,,,,,,,,,
2026-07-06,823930,,/api/v1.1/game/823930/feed/live,R,2026,2026-07-06,,night,P,N,N,Regular Season,1,3,1,Final,Final,22,UNIQLO Field at Dodger Stadium,119,Los Angeles Dodgers,LAD,8,True,115,Colorado Rockies,COL,7,False,606192,Teoscar Hernández,Teoscar,Hernández,37,1992-10-15,33,"6' 0""",215,7,Outfielder,R,Right,R,Right,"1-5 | K, 2 R",,5,1,0,0,0,0,2,1,0,0,0,0,5,1,,,,,,,,,,
2026-07-06,823930,,/api/v1.1/game/823930/feed/live,R,2026,2026-07-06,,night,P,N,N,Regular Season,1,3,1,Final,Final,22,UNIQLO Field at Dodger Stadium,119,Los Angeles Dodgers,LAD,8,True,115,Colorado Rockies,COL,7,False,681624,Andy Pages,Andy,Pages,44,2000-12-08,25,"6' 1""",212,8,Outfielder,R,Right,R,Right,"0-5 | 2 K, R",,5,0,0,0,0,0,1,2,0,0,0,1,5,0,,,,,,,,,,
2026-07-06,823930,,/api/v1.1/game/823930/feed/live,R,2026,2026-07-06,,night,P,N,N,Regular Season,1,3,1,Final,Final,22,UNIQLO Field at Dodger Stadium,119,Los Angeles Dodgers,LAD,8,True,115,Colorado Rockies,COL,7,False,623465,Evan Phillips,Evan,Phillips,59,1994-09-11,31,"6' 2""",215,1,Pitcher,R,Right,R,Right,,,,,,,,,,,,,,,,,,,,,,,,,,
2026-07-06,823930,,/api/v1.1/game/823930/feed/live,R,2026,2026-07-06,,night,P,N,N,Regular Season,1,3,1,Final,Final,22,UNIQLO Field at Dodger Stadium,119,Los Angeles Dodgers,LAD,8,True,115,Colorado Rockies,COL,7,False,605141,Mookie Betts,Markus,Betts,50,1992-10-07,33,"5' 9""",180,6,Shortstop,R,Right,R,Right,0-5,,5,0,0,0,0,0,0,0,0,0,0,0,5,0,,,,,,,,,,
2026-07-06,823930,,/api/v1.1/game/823930/feed/live,R,2026,2026-07-06,,night,P,N,N,Regular Season,1,3,1,Final,Final,22,UNIQLO Field at Dodger Stadium,119,Los Angeles Dodgers,LAD,8,True,115,Colorado Rockies,COL,7,False,669743,Alex Call,Alex,Call,12,1994-09-27,31,"5' 11""",189,7,Outfielder,R,Right,R,Right,,,,,,,,,,,,,,,,,,,,,,,,,,
2026-07-06,823930,,/api/v1.1/game/823930/feed/live,R,2026,2026-07-06,,night,P,N,N,Regular Season,1,3,1,Final,Final,22,UNIQLO Field at Dodger Stadium,119,Los Angeles Dodgers,LAD,8,True,115,Colorado Rockies,COL,7,False,592779,Brock Stewart,Brock,Stewart,41,1991-10-03,34,"6' 3""",220,1,Pitcher,L,Left,R,Right,"1.0 IP, 0 ER, 2 K, 0 BB",,,,,,,,,,,,,,,,1.0,0,0,0,2,0,13,0,0,0
2026-07-06,823930,,/api/v1.1/game/823930/feed/live,R,2026,2026-07-06,,night,P,N,N,Regular Season,1,3,1,Final,Final,22,UNIQLO Field at Dodger Stadium,119,Los Angeles Dodgers,LAD,8,True,115,Colorado Rockies,COL,7,False,686218,Emmet Sheehan,George,Sheehan,80,1999-11-15,26,"6' 5""",220,1,Pitcher,R,Right,R,Right,,,,,,,,,,,,,,,,,,,,,,,,,,
2026-07-06,823930,,/api/v1.1/game/823930/feed/live,R,2026,2026-07-06,,night,P,N,N,Regular Season,1,3,1,Final,Final,22,UNIQLO Field at Dodger Stadium,119,Los Angeles Dodgers,LAD,8,True,115,Colorado Rockies,COL,7,False,500743,Miguel Rojas,Miguel,Rojas,72,1989-02-24,37,"5' 10""",188,6,Shortstop,R,Right,R,Right,"0-2 | K, RBI",,2,0,0,0,0,1,0,1,0,0,0,0,3,0,,,,,,,,,,
2026-07-06,823930,,/api/v1.1/game/823930/feed/live,R,2026,2026-07-06,,night,P,N,N,Regular Season,1,3,1,Final,Final,22,UNIQLO Field at Dodger Stadium,119,Los Angeles Dodgers,LAD,8,True,115,Colorado Rockies,COL,7,False,676263,Jack Dreyer,Jacob,Dreyer,86,1999-02-27,27,"6' 2""",205,1,Pitcher,R,Right,L,Left,,,,,,,,,,,,,,,,,,,,,,,,,,
2026-07-06,823930,,/api/v1.1/game/823930/feed/live,R,2026,2026-07-06,,night,P,N,N,Regular Season,1,3,1,Final,Final,22,UNIQLO Field at Dodger Stadium,119,Los Angeles Dodgers,LAD,8,True,115,Colorado Rockies,COL,7,False,808963,Roki Sasaki,Roki,Sasaki,11,2001-11-03,24,"6' 2""",187,1,Pitcher,R,Right,R,Right,,,,,,,,,,,,,,,,,,,,,,,,,,
2026-07-06,823930,,/api/v1.1/game/823930/feed/live,R,2026,2026-07-06,,night,P,N,N,Regular Season,1,3,1,Final,Final,22,UNIQLO Field at Dodger Stadium,119,Los Angeles Dodgers,LAD,8,True,115,Colorado Rockies,COL,7,False,690976,Alex Freeland,Alexander,Freeland,76,2001-08-24,24,"5' 11""",200,4,Second Base,S,Switch,R,Right,,,,,,,,,,,,,,,,,,,,,,,,,,
2026-07-06,823930,,/api/v1.1/game/823930/feed/live,R,2026,2026-07-06,,night,P,N,N,Regular Season,1,3,1,Final,Final,22,UNIQLO Field at Dodger Stadium,119,Los Angeles Dodgers,LAD,8,True,115,Colorado Rockies,COL,7,False,808967,Yoshinobu Yamamoto,Yoshinobu,Yamamoto,18,1998-08-17,27,"5' 10""",176,1,Pitcher,R,Right,R,Right,,,,,,,,,,,,,,,,,,,,,,,,,,
2026-07-06,823930,,/api/v1.1/game/823930/feed/live,R,2026,2026-07-06,,night,P,N,N,Regular Season,1,3,1,Final,Final,22,UNIQLO Field at Dodger Stadium,119,Los Angeles Dodgers,LAD,8,True,115,Colorado Rockies,COL,7,False,663372,Ryan Feltner,Ryan,Feltner,18,1996-09-02,29,"6' 4""",200,1,Pitcher,R,Right,R,Right,,,,,,,,,,,,,,,,,,,,,,,,,,
2026-07-06,823930,,/api/v1.1/game/823930/feed/live,R,2026,2026-07-06,,night,P,N,N,Regular Season,1,3,1,Final,Final,22,UNIQLO Field at Dodger Stadium,119,Los Angeles Dodgers,LAD,8,True,115,Colorado Rockies,COL,7,False,666160,Mickey Moniak,McKenzie,Moniak,22,1998-05-13,28,"6' 1""",209,7,Outfielder,L,Left,R,Right,0-0 | BB,,0,0,0,0,0,0,0,0,1,0,0,0,1,0,,,,,,,,,,
2026-07-06,823930,,/api/v1.1/game/823930/feed/live,R,2026,2026-07-06,,night,P,N,N,Regular Season,1,3,1,Final,Final,22,UNIQLO Field at Dodger Stadium,119,Los Angeles Dodgers,LAD,8,True,115,Colorado Rockies,COL,7,False,669298,TJ Shook,Franklin,Shook,52,1998-05-29,28,"6' 4""",217,1,Pitcher,R,Right,R,Right,,,,,,,,,,,,,,,,,,,,,,,,,,
2026-07-06,823930,,/api/v1.1/game/823930/feed/live,R,2026,2026-07-06,,night,P,N,N,Regular Season,1,3,1,Final,Final,22,UNIQLO Field at Dodger Stadium,119,Los Angeles Dodgers,LAD,8,True,115,Colorado Rockies,COL,7,False,680767,Victor Vodnik,Victor,Vodnik,38,1999-10-09,26,"6' 0""",216,1,Pitcher,R,Right,R,Right,,,,,,,,,,,,,,,,,,,,,,,,,,
2026-07-06,823930,,/api/v1.1/game/823930/feed/live,R,2026,2026-07-06,,night,P,N,N,Regular Season,1,3,1,Final,Final,22,UNIQLO Field at Dodger Stadium,119,Los Angeles Dodgers,LAD,8,True,115,Colorado Rockies,COL,7,False,623474,Jimmy Herget,Jimmy,Herget,44,1993-09-09,32,"6' 3""",183,1,Pitcher,R,Right,R,Right,"1.0 IP, 0 ER, 0 K, BB",,,,,,,,,,,,,,,,1.0,0,1,0,0,1,8,0,1,0
2026-07-06,823930,,/api/v1.1/game/823930/feed/live,R,2026,2026-07-06,,night,P,N,N,Regular Season,1,3,1,Final,Final,22,UNIQLO Field at Dodger Stadium,119,Los Angeles Dodgers,LAD,8,True,115,Colorado Rockies,COL,7,False,664983,Jake McCarthy,Jacob,McCarthy,31,1997-07-30,28,"6' 0""",213,8,Outfielder,L,Left,L,Left,"1-4 | HBP, 2 RBI",,4,1,0,0,0,2,0,0,0,0,0,0,5,1,,,,,,,,,,
2026-07-06,823930,,/api/v1.1/game/823930/feed/live,R,2026,2026-07-06,,night,P,N,N,Regular Season,1,3,1,Final,Final,22,UNIQLO Field at Dodger Stadium,119,Los Angeles Dodgers,LAD,8,True,115,Colorado Rockies,COL,7,False,687859,Troy Johnston,Troy,Johnston,20,1997-06-22,29,"5' 11""",206,9,Outfielder,L,Left,L,Left,0-3,,3,0,0,0,0,0,0,0,0,0,0,0,3,0,,,,,,,,,,
2026-07-06,823930,,/api/v1.1/game/823930/feed/live,R,2026,2026-07-06,,night,P,N,N,Regular Season,1,3,1,Final,Final,22,UNIQLO Field at Dodger Stadium,119,Los Angeles Dodgers,LAD,8,True,115,Colorado Rockies,COL,7,False,690924,Braxton Fulford,Braxton,Fulford,37,1998-12-09,27,"5' 10""",205,10,Designated Hitter,R,Right,R,Right,0-1 | K,,1,0,0,0,0,0,0,1,0,0,0,0,1,0,,,,,,,,,,
2026-07-06,823930,,/api/v1.1/game/823930/feed/live,R,2026,2026-07-06,,night,P,N,N,Regular Season,1,3,1,Final,Final,22,UNIQLO Field at Dodger Stadium,119,Los Angeles Dodgers,LAD,8,True,115,Colorado Rockies,COL,7,False,607536,Kyle Freeland,Kyle,Freeland,21,1993-05-14,33,"6' 4""",202,1,Pitcher,L,Left,L,Left,"5.0 IP, 6 ER, 2 K, 0 BB",,,,,,,,,,,,,,,,5.0,6,9,1,2,0,72,0,0,0
2026-07-06,823930,,/api/v1.1/game/823930/feed/live,R,2026,2026-07-06,,night,P,N,N,Regular Season,1,3,1,Final,Final,22,UNIQLO Field at Dodger Stadium,119,Los Angeles Dodgers,LAD,8,True,115,Colorado Rockies,COL,7,False,650489,Willi Castro,Willi,Castro,3,1997-04-24,29,"6' 0""",209,4,Second Base,S,Switch,R,Right,"1-5 | BB, 2 K, R",,5,1,0,0,0,0,1,2,1,0,0,0,6,1,,,,,,,,,,
2026-07-06,823930,,/api/v1.1/game/823930/feed/live,R,2026,2026-07-06,,night,P,N,N,Regular Season,1,3,1,Final,Final,22,UNIQLO Field at Dodger Stadium,119,Los Angeles Dodgers,LAD,8,True,115,Colorado Rockies,COL,7,False,657514,Brennan Bernardino,Brennan,Bernardino,83,1992-01-15,34,"6' 4""",216,1,Pitcher,L,Left,L,Left,"0.1 IP, 0 ER, 0 K, 0 BB",,,,,,,,,,,,,,,,0.1,0,1,0,0,0,8,0,0,0
2026-07-06,823930,,/api/v1.1/game/823930/feed/live,R,2026,2026-07-06,,night,P,N,N,Regular Season,1,3,1,Final,Final,22,UNIQLO Field at Dodger Stadium,119,Los Angeles Dodgers,LAD,8,True,115,Colorado Rockies,COL,7,False,694249,Cole Carrigg,Cole,Carrigg,16,2002-05-08,24,"6' 2""",204,8,Outfielder,S,Switch,R,Right,"3-5 | 2 2B, 2 RBI, 3 R",,5,3,2,0,0,2,3,0,0,0,0,0,5,5,,,,,,,,,,
2026-07-06,823930,,/api/v1.1/game/823930/feed/live,R,2026,2026-07-06,,night,P,N,N,Regular Season,1,3,1,Final,Final,22,UNIQLO Field at Dodger Stadium,119,Los Angeles Dodgers,LAD,8,True,115,Colorado Rockies,COL,7,False,671289,Tyler Freeman,Tyler,Freeman,2,1999-05-21,27,"5' 11""",200,9,Outfielder,R,Right,R,Right,"2-3 | BB, SB",,3,2,0,0,0,0,0,0,1,1,0,0,5,2,,,,,,,,,,
2026-07-06,823930,,/api/v1.1/game/823930/feed/live,R,2026,2026-07-06,,night,P,N,N,Regular Season,1,3,1,Final,Final,22,UNIQLO Field at Dodger Stadium,119,Los Angeles Dodgers,LAD,8,True,115,Colorado Rockies,COL,7,False,675848,Juan Mejia,Juan,Mejia,47,2000-07-04,26,"6' 3""",210,1,Pitcher,R,Right,R,Right,,,,,,,,,,,,,,,,,,,,,,,,,,
2026-07-06,823930,,/api/v1.1/game/823930/feed/live,R,2026,2026-07-06,,night,P,N,N,Regular Season,1,3,1,Final,Final,22,UNIQLO Field at Dodger Stadium,119,Los Angeles Dodgers,LAD,8,True,115,Colorado Rockies,COL,7,False,666397,Edouard Julien,Edouard,Julien,6,1999-04-30,27,"6' 1""",195,4,Second Base,L,Left,R,Right,0-1,,1,0,0,0,0,0,0,0,0,0,0,0,1,0,,,,,,,,,,
2026-07-06,823930,,/api/v1.1/game/823930/feed/live,R,2026,2026-07-06,,night,P,N,N,Regular Season,1,3,1,Final,Final,22,UNIQLO Field at Dodger Stadium,119,Los Angeles Dodgers,LAD,8,True,115,Colorado Rockies,COL,7,False,696100,Hunter Goodman,Hunter,Goodman,15,1999-10-08,26,"5' 11""",220,2,Catcher,R,Right,R,Right,"0-4 | 2 BB, 2 K",,4,0,0,0,0,0,0,2,2,0,0,1,6,0,,,,,,,,,,
2026-07-06,823930,,/api/v1.1/game/823930/feed/live,R,2026,2026-07-06,,night,P,N,N,Regular Season,1,3,1,Final,Final,22,UNIQLO Field at Dodger Stadium,119,Los Angeles Dodgers,LAD,8,True,115,Colorado Rockies,COL,7,False,687312,Gabriel Hughes,Gabriel,Hughes,43,2001-08-22,24,"6' 4""",238,1,Pitcher,R,Right,R,Right,,,,,,,,,,,,,,,,,,,,,,,,,,
2026-07-06,823930,,/api/v1.1/game/823930/feed/live,R,2026,2026-07-06,,night,P,N,N,Regular Season,1,3,1,Final,Final,22,UNIQLO Field at Dodger Stadium,119,Los Angeles Dodgers,LAD,8,True,115,Colorado Rockies,COL,7,False,664954,Brett Sullivan,Brett,Sullivan,26,1994-02-22,32,"5' 11""",190,2,Catcher,L,Left,R,Right,0-0 | R,,0,0,0,0,0,0,1,0,0,0,0,0,0,0,,,,,,,,,,
2026-07-06,823930,,/api/v1.1/game/823930/feed/live,R,2026,2026-07-06,,night,P,N,N,Regular Season,1,3,1,Final,Final,22,UNIQLO Field at Dodger Stadium,119,Los Angeles Dodgers,LAD,8,True,115,Colorado Rockies,COL,7,False,688642,Zach Agnos,Zachary,Agnos,36,2000-08-15,25,"6' 0""",225,1,Pitcher,R,Right,R,Right,"3.0 IP, 0 ER, K, 0 BB",,,,,,,,,,,,,,,,3.0,0,1,0,1,0,38,0,0,0
2026-07-06,823930,,/api/v1.1/game/823930/feed/live,R,2026,2026-07-06,,night,P,N,N,Regular Season,1,3,1,Final,Final,22,UNIQLO Field at Dodger Stadium,119,Los Angeles Dodgers,LAD,8,True,115,Colorado Rockies,COL,7,False,685299,Tanner Gordon,Tanner,Gordon,29,1997-10-26,28,"6' 5""",220,1,Pitcher,L,Left,R,Right,,,,,,,,,,,,,,,,,,,,,,,,,,
2026-07-06,823930,,/api/v1.1/game/823930/feed/live,R,2026,2026-07-06,,night,P,N,N,Regular Season,1,3,1,Final,Final,22,UNIQLO Field at Dodger Stadium,119,Los Angeles Dodgers,LAD,8,True,115,Colorado Rockies,COL,7,False,678662,Ezequiel Tovar,Ezequiel,Tovar,14,2001-08-01,24,"6' 0""",192,6,Shortstop,R,Right,R,Right,"1-3 | HR, BB, 2 RBI",,3,1,0,0,1,2,2,0,1,0,0,0,5,4,,,,,,,,,,
2026-07-06,823930,,/api/v1.1/game/823930/feed/live,R,2026,2026-07-06,,night,P,N,N,Regular Season,1,3,1,Final,Final,22,UNIQLO Field at Dodger Stadium,119,Los Angeles Dodgers,LAD,8,True,115,Colorado Rockies,COL,7,False,547179,Michael Lorenzen,Michael,Lorenzen,24,1992-01-04,34,"6' 1""",210,1,Pitcher,R,Right,R,Right,,,,,,,,,,,,,,,,,,,,,,,,,,
2026-07-06,823930,,/api/v1.1/game/823930/feed/live,R,2026,2026-07-06,,night,P,N,N,Regular Season,1,3,1,Final,Final,22,UNIQLO Field at Dodger Stadium,119,Los Angeles Dodgers,LAD,8,True,115,Colorado Rockies,COL,7,False,681198,TJ Rumfield,Toby,Rumfield,7,2000-05-17,26,"6' 5""",238,3,First Base,L,Left,R,Right,0-5 | K,,5,0,0,0,0,0,0,1,0,0,0,0,5,0,,,,,,,,,,
2026-07-06,823930,,/api/v1.1/game/823930/feed/live,R,2026,2026-07-06,,night,P,N,N,Regular Season,1,3,1,Final,Final,22,UNIQLO Field at Dodger Stadium,119,Los Angeles Dodgers,LAD,8,True,115,Colorado Rockies,COL,7,False,605447,Jordan Romano,Jordan,Romano,68,1993-04-21,33,"6' 5""",210,1,Pitcher,R,Right,R,Right,,,,,,,,,,,,,,,,,,,,,,,,,,
2026-07-06,823930,,/api/v1.1/game/823930/feed/live,R,2026,2026-07-06,,night,P,N,N,Regular Season,1,3,1,Final,Final,22,UNIQLO Field at Dodger Stadium,119,Los Angeles Dodgers,LAD,8,True,115,Colorado Rockies,COL,7,False,622608,Antonio Senzatela,Antonio,Senzatela,49,1995-01-21,31,"6' 1""",235,1,Pitcher,R,Right,R,Right,"1.0 IP, 0 ER, 2 K, BB",,,,,,,,,,,,,,,,1.0,0,1,0,2,1,11,0,0,0
2026-07-06,823930,,/api/v1.1/game/823930/feed/live,R,2026,2026-07-06,,night,P,N,N,Regular Season,1,3,1,Final,Final,22,UNIQLO Field at Dodger Stadium,119,Los Angeles Dodgers,LAD,8,True,115,Colorado Rockies,COL,7,False,691720,Kyle Karros,Kyle,Karros,12,2002-07-26,23,"6' 5""",225,5,Third Base,R,Right,R,Right,"1-3 | 2B, 2 BB, K",,3,1,1,0,0,1,0,1,2,0,0,0,5,2,,,,,,,,,,
